300 0.219686 0.0466742 4 1 0
300 0.219685 0.219685 2 1 0
300 0.219685 0.219685 2 1 0
299.735 0.219686 0.0466742 4 1 0
299.755 0.219622 0.0468811 3 1 0
299.771 0.219687 0.046953 3 1 0
299.801 0.219615 0.0466838 3 1 0
299.828 0.219618 0.0466787 3 1 0
299.858 0.219622 0.0466736 3 1 0
299.901 0.219629 0.0466473 3 1 0
299.967 0.21964 0.0466407 3 1 0
300.066 0.219656 0.0466307 3 1 0
300.264 0.219687 0.0466369 3 1 0
300.56 0.219736 0.0466087 3 1 0
301.005 0.219809 0.0465662 3 1 0
301.505 0.219891 0.0465125 3 1 0
302.005 0.219971 0.0464612 3 1 0
302.505 0.220051 0.0464103 3 1 0
303.005 0.220127 0.0463351 3 1 0
303.505 0.220206 0.0462867 3 1 0
304.005 0.220284 0.0462387 3 1 0
304.505 0.220363 0.0461952 3 1 0
305.005 0.22044 0.0461478 3 1 0
305.505 0.220517 0.0461007 3 1 0
306.005 0.220594 0.0460457 3 1 0
306.505 0.220669 0.0459987 3 1 0
307.005 0.220744 0.0459519 3 1 0
307.505 0.220818 0.0459066 3 1 0
308.005 0.220893 0.0458607 3 1 0
308.505 0.220968 0.0458151 3 1 0
309.005 0.22104 0.0457753 3 1 0
309.505 0.221114 0.0457295 3 1 0
310.005 0.221187 0.045684 3 1 0
310.505 0.221261 0.0456584 3 1 0
311.005 0.221333 0.0456141 3 1 0
311.505 0.221405 0.0455701 3 1 0
312.005 0.221477 0.0454943 3 1 0
312.505 0.221548 0.0454506 3 1 0
313.005 0.221619 0.0454072 3 1 0
313.505 0.221689 0.0453792 3 1 0
314.005 0.221759 0.0453361 3 1 0
314.505 0.221829 0.0452932 3 1 0
315.005 0.221897 0.0452396 3 1 0
315.505 0.221966 0.0451971 3 1 0
316.005 0.222035 0.0451549 3 1 0
316.505 0.222103 0.0451119 3 1 0
317.005 0.222171 0.0450702 3 1 0
317.505 0.222239 0.0450287 3 1 0
318.005 0.222306 0.0449827 3 1 0
318.505 0.222373 0.0449417 3 1 0
319.005 0.222439 0.0449009 3 1 0
319.505 0.222506 0.0448607 3 1 0
320.005 0.222572 0.0448205 3 1 0
320.505 0.222637 0.0447804 3 1 0
321.005 0.222702 0.0447387 3 1 0
321.505 0.222767 0.0446991 3 1 0
322.005 0.222832 0.0446598 3 1 0
322.505 0.222896 0.0446202 3 1 0
323.005 0.22296 0.0445813 3 1 0
323.505 0.223024 0.0445426 3 1 0
324.005 0.223087 0.0445051 3 1 0
324.505 0.22315 0.0444669 3 1 0
325.005 0.223213 0.0444289 3 1 0
325.505 0.223276 0.0443901 3 1 0
326.005 0.223338 0.0443524 3 1 0
326.505 0.2234 0.044315 3 1 0
327.005 0.22346 0.0442824 3 1 0
327.505 0.223522 0.0442455 3 1 0
328.005 0.223583 0.0442088 3 1 0
328.505 0.223646 0.0441683 3 1 0
329.005 0.223706 0.044132 3 1 0
329.505 0.223766 0.044096 3 1 0
330.005 0.223824 0.0440589 3 1 0
330.505 0.223884 0.044023 3 1 0
331.005 0.223943 0.0439874 3 1 0
331.505 0.224002 0.043952 3 1 0
332.005 0.224061 0.0439167 3 1 0
332.505 0.224119 0.0438817 3 1 0
333.005 0.224176 0.0438588 3 1 0
333.505 0.224234 0.0438244 3 1 0
334.005 0.224292 0.0437901 3 1 0
334.505 0.224352 0.0437479 3 1 0
335.005 0.224408 0.0437133 3 1 0
335.505 0.224465 0.0436789 3 1 0
336.005 0.224521 0.0436417 3 1 0
336.505 0.224577 0.0436081 3 1 0
337.005 0.224633 0.0435746 3 1 0
337.505 0.224688 0.0435426 3 1 0
338.005 0.224744 0.0435095 3 1 0
338.505 0.224799 0.0434765 3 1 0
339.005 0.224852 0.0434702 3 1 0
339.505 0.224907 0.0434382 3 1 0
340.005 0.224962 0.0434064 3 1 0
340.505 0.22502 0.0433567 3 1 0
341.005 0.225073 0.0433231 3 1 0
341.505 0.225127 0.0432897 3 1 0
342.005 0.225182 0.0432892 3 1 0
342.505 0.225236 0.0432571 3 1 0
343.005 0.225289 0.0432252 3 1 0
343.505 0.22534 0.0431599 3 1 0
344.005 0.225393 0.043129 3 1 0
344.505 0.225446 0.0430982 3 1 0
345.005 0.225497 0.0430914 3 1 0
345.505 0.225549 0.0430613 3 1 0
346.005 0.2256 0.0430313 3 1 0
346.505 0.225652 0.0429745 3 1 0
347.005 0.225703 0.0429445 3 1 0
347.505 0.225754 0.0429146 3 1 0
348.005 0.225805 0.0428999 3 1 0
348.505 0.225856 0.0428706 3 1 0
349.005 0.225906 0.0428415 3 1 0
349.505 0.225955 0.0428034 3 1 0
350.005 0.226005 0.0427744 3 1 0
350.505 0.226054 0.0427456 3 1 0
351.005 0.226102 0.0427057 3 1 0
351.505 0.226151 0.0426768 3 1 0
352.005 0.2262 0.0426481 3 1 0
352.505 0.226249 0.0426193 3 1 0
353.005 0.226298 0.0425908 3 1 0
353.505 0.226346 0.0425625 3 1 0
354.005 0.226394 0.0425337 3 1 0
354.505 0.226442 0.0425057 3 1 0
355.005 0.22649 0.0424777 3 1 0
355.505 0.22654 0.0424615 3 1 0
356.005 0.226587 0.0424342 3 1 0
356.505 0.226634 0.042407 3 1 0
357.005 0.226682 0.042378 3 1 0
357.505 0.226728 0.0423513 3 1 0
358.005 0.226775 0.0423247 3 1 0
358.505 0.22682 0.0422903 3 1 0
359.005 0.226866 0.0422637 3 1 0
359.505 0.226912 0.0422371 3 1 0
360.005 0.226956 0.0422054 3 1 0
360.505 0.227002 0.0421789 3 1 0
361.005 0.227047 0.0421525 3 1 0
361.505 0.227092 0.0421256 3 1 0
362.005 0.227138 0.0420994 3 1 0
362.505 0.227182 0.0420733 3 1 0
363.005 0.227226 0.0420559 3 1 0
363.505 0.22727 0.0420301 3 1 0
364.005 0.227315 0.0420044 3 1 0
364.505 0.227358 0.0419952 3 1 0
365.005 0.227402 0.04197 3 1 0
365.505 0.227446 0.0419449 3 1 0
366.005 0.227493 0.0419026 3 1 0
366.505 0.227536 0.0418761 3 1 0
367.005 0.227579 0.0418498 3 1 0
367.505 0.227624 0.0418302 3 1 0
368.005 0.227666 0.0418062 3 1 0
368.505 0.227709 0.0417824 3 1 0
369.005 0.227747 0.0417474 3 1 0
369.505 0.227789 0.0417232 3 1 0
370.005 0.227832 0.041699 3 1 0
370.505 0.227875 0.0416882 3 1 0
371.005 0.227917 0.0416648 3 1 0
371.505 0.227958 0.0416415 3 1 0
372.005 0.228 0.0416076 3 1 0
372.505 0.228041 0.0415837 3 1 0
373.005 0.228082 0.0415599 3 1 0
373.505 0.228124 0.0415391 3 1 0
374.005 0.228165 0.0415154 3 1 0
374.505 0.228206 0.0414918 3 1 0
375.005 0.228246 0.0414897 3 1 0
375.505 0.228286 0.0414656 3 1 0
376.005 0.228326 0.0414418 3 1 0
376.505 0.228365 0.0414032 3 1 0
377.005 0.228405 0.0413799 3 1 0
377.505 0.228445 0.0413568 3 1 0
378.005 0.228485 0.0413231 3 1 0
378.505 0.228525 0.0413004 3 1 0
379.005 0.228564 0.0412779 3 1 0
379.505 0.228603 0.0412618 3 1 0
380.005 0.228643 0.0412388 3 1 0
380.505 0.228683 0.041216 3 1 0
381.005 0.228718 0.0412053 3 1 0
381.505 0.228757 0.0411835 3 1 0
382.005 0.228796 0.0411617 3 1 0
382.505 0.228844 0.0411629 3 1 0
383.005 0.228883 0.0411401 3 1 0
383.505 0.228922 0.0411175 3 1 0
384.005 0.228946 0.0410897 3 1 0
384.505 0.228984 0.0410682 3 1 0
385.005 0.229022 0.0410468 3 1 0
385.505 0.229076 0.041023 3 1 0
386.005 0.229117 0.0410115 3 1 0
386.505 0.229156 0.0410017 3 1 0
387.005 0.229203 0.040943 3 1 0
387.505 0.22924 0.0409224 3 1 0
388.005 0.229276 0.0409019 3 1 0
388.505 0.229305 0.0408677 3 1 0
389.005 0.229343 0.0408466 3 1 0
389.505 0.229381 0.0408257 3 1 0
390.005 0.229425 0.0408227 3 1 0
390.505 0.22946 0.0408043 3 1 0
391.005 0.229495 0.0407858 3 1 0
391.505 0.229527 0.0407668 3 1 0
392.005 0.229562 0.0407488 3 1 0
392.505 0.229597 0.0407308 3 1 0
393.005 0.229628 0.0406968 3 1 0
393.505 0.229663 0.0406783 3 1 0
394.005 0.229697 0.0406599 3 1 0
394.505 0.229725 0.0406234 3 1 0
395.005 0.229759 0.0406037 3 1 0
395.005 0.229759 0.0406037 4 1 0
395.025 0.22976 0.040603 3 1 0
395.055 0.229762 0.0406019 3 1 0
395.1 0.229771 0.0406201 3 1 0
395.167 0.229774 0.0406155 3 1 0
395.269 0.22978 0.0406098 3 1 0
395.421 0.229789 0.0406022 3 1 0
395.648 0.229804 0.0405948 3 1 0
395.99 0.229827 0.0405829 3 1 0
396.49 0.229859 0.0405616 3 1 0
396.99 0.229893 0.0405416 3 1 0
397.49 0.229927 0.0405217 3 1 0
397.99 0.229962 0.0404879 3 1 0
398.49 0.229996 0.0404688 3 1 0
398.99 0.23003 0.0404497 3 1 0
399.49 0.230063 0.0404582 3 1 0
399.99 0.230098 0.0404373 3 1 0
400.49 0.230133 0.0404165 3 1 0
400.99 0.230171 0.0403824 3 1 0
401.49 0.230206 0.0403656 3 1 0
401.99 0.230241 0.0403489 3 1 0
402.49 0.23028 0.0403826 3 1 0
402.99 0.230314 0.0403615 3 1 0
403.49 0.230348 0.0403407 3 1 0
403.99 0.230377 0.0402786 3 1 0
404.49 0.230411 0.0402612 3 1 0
404.99 0.230444 0.0402438 3 1 0
405.49 0.230477 0.0402244 3 1 0
405.99 0.23051 0.0402066 3 1 0
406.49 0.230543 0.0401889 3 1 0
406.99 0.230572 0.0401725 3 1 0
407.49 0.230604 0.0401543 3 1 0
407.99 0.230636 0.0401362 3 1 0
408.49 0.230669 0.0401001 3 1 0
408.99 0.230701 0.0400824 3 1 0
409.49 0.230733 0.0400649 3 1 0
409.99 0.230764 0.0400622 3 1 0
410.49 0.230795 0.0400443 3 1 0
410.99 0.230826 0.0400265 3 1 0
411.49 0.230857 0.0400026 3 1 0
411.99 0.230888 0.0399852 3 1 0
412.49 0.230919 0.0399678 3 1 0
412.99 0.230947 0.0399556 3 1 0
413.49 0.230977 0.0399381 3 1 0
413.99 0.231008 0.0399206 3 1 0
414.49 0.231041 0.0398944 3 1 0
414.99 0.231071 0.0398775 3 1 0
415.49 0.231101 0.0398606 3 1 0
415.99 0.231129 0.0398492 3 1 0
416.49 0.231161 0.0398313 3 1 0
416.99 0.231192 0.0398137 3 1 0
417.49 0.231232 0.0397959 3 1 0
417.99 0.231259 0.0397819 3 1 0
418.49 0.231285 0.0397684 3 1 0
418.99 0.231304 0.0397593 3 1 0
419.49 0.231332 0.0397449 3 1 0
419.99 0.23136 0.0397308 3 1 0
420.49 0.231385 0.0396996 3 1 0
420.99 0.231414 0.0396832 3 1 0
421.49 0.231443 0.0396669 3 1 0
421.99 0.231474 0.0396496 3 1 0
422.49 0.231502 0.0396335 3 1 0
422.99 0.23153 0.0396174 3 1 0
423.49 0.231557 0.0396025 3 1 0
423.99 0.231587 0.0395864 3 1 0
424.49 0.231616 0.0395703 3 1 0
424.99 0.231649 0.0395541 3 1 0
425.49 0.231681 0.0395373 3 1 0
425.99 0.231712 0.0395209 3 1 0
426.49 0.231722 0.0394879 3 1 0
426.99 0.231749 0.0394721 3 1 0
427.49 0.231776 0.0394563 3 1 0
427.99 0.231832 0.0394872 3 1 0
428.49 0.231859 0.0394735 3 1 0
428.99 0.231885 0.0394596 3 1 0
429.49 0.231876 0.0394093 3 1 0
429.99 0.231902 0.0393922 3 1 0
430.49 0.231927 0.0393751 3 1 0
430.99 0.231994 0.0393672 3 1 0
431.49 0.232031 0.0393514 3 1 0
431.99 0.232065 0.039337 3 1 0
432.49 0.232075 0.0393306 3 1 0
432.99 0.232102 0.0393148 3 1 0
433.49 0.232128 0.0392991 3 1 0
433.99 0.232172 0.0392772 3 1 0
434.49 0.232196 0.039264 3 1 0
434.99 0.232218 0.0392519 3 1 0
435.49 0.232228 0.039235 3 1 0
435.99 0.232259 0.0392205 3 1 0
436.49 0.232289 0.0392069 3 1 0
436.99 0.232311 0.0391984 3 1 0
437.49 0.232342 0.039189 3 1 0
437.99 0.232373 0.039181 3 1 0
438.49 0.23238 0.0391432 3 1 0
438.99 0.232405 0.0391266 3 1 0
439.49 0.232429 0.0391101 3 1 0
439.99 0.232508 0.0391056 3 1 0
440.49 0.232526 0.039094 3 1 0
440.99 0.232544 0.0390836 3 1 0
441.49 0.23255 0.0390648 3 1 0
441.99 0.232577 0.0390507 3 1 0
442.49 0.232604 0.0390367 3 1 0
442.99 0.232637 0.0390206 3 1 0
443.49 0.232666 0.0390076 3 1 0
443.99 0.232695 0.0389954 3 1 0
444.49 0.232718 0.0389811 3 1 0
444.99 0.232747 0.0389679 3 1 0
445.49 0.232775 0.0389556 3 1 0
445.99 0.232802 0.0389469 3 1 0
446.49 0.23283 0.0389362 3 1 0
446.99 0.232858 0.0389258 3 1 0
447.49 0.232893 0.0389012 3 1 0
447.99 0.23292 0.0388867 3 1 0
448.49 0.232947 0.0388727 3 1 0
448.99 0.232967 0.0388624 3 1 0
449.49 0.232993 0.03885 3 1 0
449.99 0.233019 0.0388382 3 1 0
450.49 0.233052 0.0388395 3 1 0
450.99 0.233078 0.0388284 3 1 0
451.49 0.233104 0.0388172 3 1 0
451.99 0.233118 0.0388241 3 1 0
452.49 0.233143 0.0388104 3 1 0
452.99 0.233168 0.0387966 3 1 0
453.49 0.233195 0.0387484 3 1 0
453.99 0.23322 0.0387332 3 1 0
454.49 0.233244 0.0387188 3 1 0
454.99 0.233262 0.0387383 3 1 0
455.49 0.233291 0.0387195 3 1 0
455.99 0.233319 0.0387028 3 1 0
456.49 0.233365 0.0386861 3 1 0
456.99 0.233387 0.038676 3 1 0
457.49 0.233409 0.0386655 3 1 0
457.99 0.233429 0.0386686 3 1 0
458.49 0.233452 0.0386539 3 1 0
458.99 0.233475 0.0386396 3 1 0
459.49 0.233492 0.0385943 3 1 0
459.99 0.233516 0.0385823 3 1 0
460.49 0.23354 0.0385703 3 1 0
460.99 0.233555 0.0385566 3 1 0
461.49 0.233578 0.0385442 3 1 0
461.99 0.233602 0.0385318 3 1 0
462.49 0.233625 0.038527 3 1 0
462.99 0.233648 0.0385155 3 1 0
463.49 0.233671 0.038504 3 1 0
463.99 0.233689 0.0384904 3 1 0
464.49 0.233712 0.0384789 3 1 0
464.99 0.233736 0.0384675 3 1 0
465.49 0.233709 0.0384827 3 1 0
465.99 0.233731 0.0384691 3 1 0
466.49 0.233753 0.0384554 3 1 0
466.99 0.233834 0.038426 3 1 0
467.49 0.233858 0.0384168 3 1 0
467.99 0.233882 0.0384073 3 1 0
468.49 0.233919 0.0384107 3 1 0
468.99 0.23394 0.0384017 3 1 0
469.49 0.233962 0.0383924 3 1 0
469.99 0.233979 0.0383678 3 1 0
470.49 0.234 0.0383603 3 1 0
470.99 0.234021 0.0383525 3 1 0
471.49 0.234031 0.0383103 3 1 0
471.99 0.234053 0.0382993 3 1 0
472.49 0.234075 0.0382885 3 1 0
472.99 0.234096 0.0383 3 1 0
473.49 0.234116 0.0382921 3 1 0
473.99 0.234136 0.0382843 3 1 0
474.49 0.234173 0.0382492 3 1 0
474.99 0.234194 0.0382376 3 1 0
475.49 0.234216 0.0382261 3 1 0
475.99 0.234217 0.0382098 3 1 0
476.49 0.234239 0.0381984 3 1 0
476.99 0.23426 0.038187 3 1 0
477.49 0.234295 0.0381854 3 1 0
477.99 0.234316 0.0381765 3 1 0
478.49 0.234336 0.0381678 3 1 0
478.99 0.234353 0.0381591 3 1 0
479.49 0.234373 0.0381465 3 1 0
479.99 0.234393 0.0381339 3 1 0
480.49 0.234408 0.0381099 3 1 0
480.99 0.234429 0.0380986 3 1 0
481.49 0.23445 0.0380874 3 1 0
481.99 0.234485 0.0380772 3 1 0
482.49 0.234507 0.0380656 3 1 0
482.99 0.234529 0.0380542 3 1 0
483.49 0.23454 0.0380451 3 1 0
483.99 0.234562 0.0380341 3 1 0
484.49 0.234582 0.0380236 3 1 0
484.99 0.234597 0.0380115 3 1 0
485.49 0.23462 0.0380006 3 1 0
485.99 0.234643 0.0379901 3 1 0
486.49 0.234668 0.0379925 3 1 0
486.99 0.234689 0.0379832 3 1 0
487.49 0.234711 0.0379738 3 1 0
487.99 0.234734 0.0379468 3 1 0
488.49 0.234756 0.0379375 3 1 0
488.99 0.234777 0.0379284 3 1 0
489.49 0.234801 0.0379256 3 1 0
489.99 0.234822 0.0379194 3 1 0
490.49 0.234843 0.0379133 3 1 0
490.99 0.234867 0.0379182 3 1 0
491.49 0.234886 0.0379069 3 1 0
491.99 0.234905 0.0378959 3 1 0
492.49 0.23492 0.0378583 3 1 0
492.99 0.234941 0.0378484 3 1 0
493.49 0.234962 0.0378387 3 1 0
493.99 0.234954 0.0378369 3 1 0
494.49 0.234974 0.0378266 3 1 0
494.99 0.234994 0.0378162 3 1 0
495.49 0.235034 0.0378026 3 1 0
495.99 0.235053 0.0377936 3 1 0
496.49 0.235072 0.0377846 3 1 0
496.99 0.235087 0.0377711 3 1 0
497.49 0.235106 0.0377618 3 1 0
497.99 0.235125 0.0377526 3 1 0
498.49 0.235136 0.0377442 3 1 0
498.99 0.235156 0.0377348 3 1 0
499.49 0.235176 0.0377256 3 1 0
499.99 0.235155 0.0377307 3 1 0
500.49 0.235178 0.0377173 3 1 0
500.99 0.235202 0.0377041 3 1 0
501.49 0.235219 0.0377206 3 1 0
501.99 0.235231 0.0377066 3 1 0
502.49 0.235258 0.0376774 3 1 0
502.99 0.235423 0.0376481 3 1 0
503.49 0.235419 0.0376409 3 1 0
503.99 0.235411 0.0376373 3 1 0
504.49 0.235399 0.0376485 3 1 0
504.99 0.235416 0.0376374 3 1 0
505.49 0.235433 0.0376267 3 1 0
505.99 0.235447 0.0375953 3 1 0
506.49 0.235467 0.0375866 3 1 0
506.99 0.235486 0.037578 3 1 0
507.49 0.235497 0.037571 3 1 0
507.99 0.235523 0.0375596 3 1 0
508.49 0.235548 0.0375486 3 1 0
508.99 0.235529 0.0375589 3 1 0
509.49 0.235548 0.0375506 3 1 0
509.99 0.235566 0.0375423 3 1 0
510.49 0.235632 0.0375337 3 1 0
510.99 0.235646 0.0375224 3 1 0
511.49 0.235661 0.0375118 3 1 0
511.99 0.235681 0.0375176 3 1 0
512.49 0.235696 0.0375045 3 1 0
512.99 0.235711 0.0374923 3 1 0
513.49 0.235721 0.0374631 3 1 0
513.99 0.235739 0.0374541 3 1 0
514.49 0.235758 0.0374452 3 1 0
514.99 0.235776 0.0374417 3 1 0
515.49 0.235798 0.0374308 3 1 0
515.99 0.23582 0.0374201 3 1 0
516.49 0.235849 0.0374269 3 1 0
516.99 0.235862 0.0374129 3 1 0
517.49 0.235875 0.0373998 3 1 0
517.99 0.235878 0.0373834 3 1 0
518.49 0.235896 0.0373749 3 1 0
518.99 0.235914 0.0373664 3 1 0
519.49 0.235885 0.0373443 3 1 0
519.99 0.235897 0.0373329 3 1 0
520.49 0.235908 0.0373217 3 1 0
520.99 0.235979 0.0373329 3 1 0
521.49 0.236008 0.0373194 3 1 0
521.99 0.236049 0.0373092 3 1 0
522.49 0.236025 0.0373097 3 1 0
522.99 0.236043 0.0373018 3 1 0
523.49 0.236061 0.037294 3 1 0
523.99 0.236094 0.0372882 3 1 0
524.49 0.236111 0.0372802 3 1 0
524.99 0.236128 0.0372721 3 1 0
525.49 0.236142 0.037246 3 1 0
525.99 0.236149 0.0372406 3 1 0
526.49 0.236156 0.0372362 3 1 0
526.99 0.236191 0.0372574 3 1 0
527.49 0.236208 0.0372526 3 1 0
527.99 0.236225 0.0372453 3 1 0
528.49 0.236264 0.0372365 3 1 0
528.99 0.236287 0.037225 3 1 0
529.49 0.23631 0.0372136 3 1 0
529.99 0.236288 0.0371871 3 1 0
530.49 0.236312 0.0371826 3 1 0
530.99 0.236336 0.0371785 3 1 0
531.49 0.236354 0.0371531 3 1 0
531.99 0.236371 0.037145 3 1 0
532.49 0.236389 0.037137 3 1 0
532.99 0.23642 0.0371358 3 1 0
533.49 0.236433 0.0371243 3 1 0
533.99 0.236446 0.0371139 3 1 0
534.49 0.236365 0.0371364 3 1 0
534.99 0.236395 0.0371248 3 1 0
535.49 0.236429 0.0371122 3 1 0
535.99 0.236505 0.0370916 3 1 0
536.49 0.236519 0.0370814 3 1 0
536.99 0.236532 0.0370717 3 1 0
537.49 0.23648 0.0370779 3 1 0
537.99 0.236502 0.0370687 3 1 0
538.49 0.236526 0.0370591 3 1 0
538.99 0.236601 0.0370355 3 1 0
539.49 0.236616 0.0370277 3 1 0
539.99 0.236631 0.0370201 3 1 0
540.49 0.236494 0.0370421 3 1 0
540.99 0.23651 0.0370276 3 1 0
541.49 0.236535 0.0370132 3 1 0
541.99 0.236665 0.0369926 3 1 0
542.49 0.236689 0.0369839 3 1 0
542.99 0.236718 0.0369756 3 1 0
543.49 0.23674 0.0369725 3 1 0
543.99 0.236761 0.0369669 3 1 0
544.49 0.236782 0.0369618 3 1 0
544.99 0.23681 0.0369341 3 1 0
545.49 0.236828 0.0369264 3 1 0
545.99 0.236845 0.036919 3 1 0
546.49 0.236849 0.0369309 3 1 0
546.99 0.236866 0.0369227 3 1 0
547.49 0.236883 0.0369145 3 1 0
547.99 0.236928 0.0368946 3 1 0
548.49 0.236943 0.0368855 3 1 0
548.99 0.236959 0.0368774 3 1 0
549.49 0.236946 0.0368844 3 1 0
549.99 0.236963 0.0368783 3 1 0
550.49 0.236979 0.0368721 3 1 0
550.99 0.236915 0.0368114 3 1 0
551.49 0.236931 0.0368039 3 1 0
551.99 0.236946 0.0367964 3 1 0
552.49 0.237097 0.0368322 3 1 0
552.99 0.237124 0.0368292 3 1 0
553.49 0.237139 0.0368293 3 1 0
553.99 0.237104 0.0368096 3 1 0
554.49 0.237119 0.0368018 3 1 0
554.99 0.237133 0.0367939 3 1 0
555.49 0.237166 0.0368029 3 1 0
555.99 0.237182 0.0367964 3 1 0
556.49 0.237199 0.0367898 3 1 0
556.99 0.237211 0.0367704 3 1 0
557.49 0.237227 0.0367657 3 1 0
557.99 0.237242 0.0367608 3 1 0
558.49 0.237261 0.0367404 3 1 0
558.99 0.237269 0.0367356 3 1 0
559.49 0.237278 0.0367323 3 1 0
559.99 0.237297 0.0367323 3 1 0
560.49 0.237312 0.0367256 3 1 0
560.99 0.237328 0.0367189 3 1 0
561.49 0.237361 0.0367276 3 1 0
561.99 0.237371 0.0367247 3 1 0
562.49 0.237383 0.0367204 3 1 0
562.99 0.237351 0.0366716 3 1 0
563.49 0.237376 0.0366644 3 1 0
563.99 0.2374 0.0366574 3 1 0
564.49 0.237476 0.0366831 3 1 0
564.99 0.237486 0.0366707 3 1 0
565.49 0.237497 0.03666 3 1 0
565.99 0.237494 0.0366416 3 1 0
566.49 0.237509 0.0366352 3 1 0
566.99 0.237524 0.036629 3 1 0
567.49 0.237562 0.0366436 3 1 0
567.99 0.23758 0.0366287 3 1 0
568.49 0.237595 0.0366143 3 1 0
568.99 0.23766 0.0366067 3 1 0
569.49 0.237646 0.0366098 3 1 0
569.99 0.23764 0.0366111 3 1 0
570.49 0.237563 0.0365809 3 1 0
570.99 0.237564 0.0365701 3 1 0
571.49 0.237566 0.0365591 3 1 0
571.99 0.23766 0.0365834 3 1 0
572.49 0.237676 0.0365776 3 1 0
572.99 0.237692 0.0365716 3 1 0
573.49 0.237767 0.0365596 3 1 0
573.99 0.237781 0.0365524 3 1 0
574.49 0.237794 0.0365451 3 1 0
574.99 0.237749 0.0365187 3 1 0
575.49 0.237764 0.0365123 3 1 0
575.99 0.23778 0.0365073 3 1 0
576.49 0.2378 0.0365269 3 1 0
576.99 0.237816 0.0365213 3 1 0
577.49 0.237831 0.0365154 3 1 0
577.99 0.237857 0.0364921 3 1 0
578.49 0.237867 0.036484 3 1 0
578.99 0.237877 0.036476 3 1 0
579.49 0.237892 0.0364651 3 1 0
579.99 0.237909 0.0364599 3 1 0
580.49 0.237925 0.0364546 3 1 0
580.99 0.237946 0.0364346 3 1 0
581.49 0.237949 0.0364325 3 1 0
581.99 0.237953 0.0364326 3 1 0
582.49 0.238041 0.0364289 3 1 0
582.99 0.238016 0.0364281 3 1 0
583.49 0.238016 0.036425 3 1 0
583.99 0.238021 0.0364388 3 1 0
584.49 0.238036 0.0364331 3 1 0
584.99 0.23805 0.0364273 3 1 0
585.49 0.238072 0.0363822 3 1 0
585.99 0.238083 0.0363773 3 1 0
586.49 0.238095 0.0363737 3 1 0
586.99 0.237971 0.0364036 3 1 0
587.49 0.237983 0.036398 3 1 0
587.99 0.237994 0.0363926 3 1 0
588.49 0.238156 0.0363548 3 1 0
588.99 0.238171 0.0363491 3 1 0
589.49 0.238185 0.0363434 3 1 0
589.99 0.238126 0.0363474 3 1 0
590.49 0.238138 0.036342 3 1 0
590.99 0.23815 0.0363367 3 1 0
591.49 0.238241 0.036316 3 1 0
591.99 0.238255 0.0363105 3 1 0
592.49 0.23827 0.0363049 3 1 0
592.99 0.23832 0.0363044 3 1 0
593.49 0.23834 0.0363047 3 1 0
593.99 0.238349 0.0363075 3 1 0
594.49 0.238324 0.0362938 3 1 0
594.99 0.238337 0.0362858 3 1 0
595.49 0.238351 0.0362781 3 1 0
595.99 0.238409 0.0362735 3 1 0
596.49 0.238417 0.0362737 3 1 0
596.99 0.238419 0.0362698 3 1 0
597.49 0.238411 0.0362569 3 1 0
597.99 0.238426 0.0362562 3 1 0
598.49 0.238437 0.0362571 3 1 0
598.99 0.238424 0.0362394 3 1 0
599.49 0.238439 0.0362321 3 1 0
599.99 0.238454 0.0362252 3 1 0
600.49 0.238499 0.0362318 3 1 0
600.99 0.238495 0.0362211 3 1 0
601.49 0.238497 0.0362123 3 1 0
601.99 0.238499 0.0361941 3 1 0
602.49 0.238507 0.0361882 3 1 0
602.99 0.23852 0.0361827 3 1 0
603.49 0.238515 0.0361767 3 1 0
603.99 0.238527 0.0361787 3 1 0
604.49 0.238544 0.0361814 3 1 0
604.99 0.238579 0.0361664 3 1 0
605.49 0.238593 0.0361666 3 1 0
605.99 0.238609 0.0361667 3 1 0
606.49 0.238397 0.0360701 3 1 0
606.99 0.238311 0.0360686 3 1 0
607.49 0.238242 0.0360746 3 1 0
607.99 0.238576 0.0361488 3 1 0
608.49 0.238587 0.0361438 3 1 0
608.99 0.238597 0.036139 3 1 0
609.49 0.238717 0.0361012 3 1 0
609.99 0.238729 0.0360957 3 1 0
610.49 0.238741 0.0360903 3 1 0
610.99 0.238788 0.0361164 3 1 0
611.49 0.238791 0.0361088 3 1 0
611.99 0.238799 0.0361023 3 1 0
612.49 0.238806 0.0361052 3 1 0
612.99 0.238819 0.0360998 3 1 0
613.49 0.238833 0.0360945 3 1 0
613.99 0.238817 0.0360724 3 1 0
614.49 0.238835 0.0360717 3 1 0
614.99 0.238855 0.0360702 3 1 0
615.49 0.238769 0.0360158 3 1 0
615.99 0.23874 0.03601 3 1 0
616.49 0.238713 0.0360044 3 1 0
616.99 0.238984 0.0360436 3 1 0
617.49 0.238978 0.0360335 3 1 0
617.99 0.238979 0.0360266 3 1 0
618.49 0.238971 0.0360219 3 1 0
618.99 0.238984 0.0360169 3 1 0
619.49 0.238998 0.0360118 3 1 0
619.99 0.23892 0.0359949 3 1 0
620.49 0.238922 0.0359788 3 1 0
620.99 0.238931 0.0359679 3 1 0
621.49 0.239078 0.0359991 3 1 0
621.99 0.239073 0.0359886 3 1 0
622.49 0.239076 0.0359805 3 1 0
622.99 0.239069 0.0359742 3 1 0
623.49 0.239084 0.0359702 3 1 0
623.99 0.239098 0.035966 3 1 0
624.49 0.23896 0.0359342 3 1 0
624.99 0.238972 0.0359307 3 1 0
625.49 0.238987 0.0359272 3 1 0
625.99 0.239124 0.0359624 3 1 0
626.49 0.239137 0.0359503 3 1 0
626.99 0.239149 0.0359373 3 1 0
627.49 0.239046 0.0359425 3 1 0
627.99 0.239138 0.0359288 3 1 0
628.49 0.239184 0.0359219 4 1 0
628.99 0.239346 0.0358931 3 1 0
629.49 0.239336 0.0358737 3 1 0
629.99 0.239309 0.0358658 3 1 0
630.49 0.23933 0.0359122 3 1 0
630.99 0.239316 0.0359124 3 1 0
631.49 0.239317 0.0359064 3 1 0
631.99 0.239322 0.0358909 3 1 0
632.49 0.239333 0.0358852 3 1 0
632.99 0.239344 0.0358798 3 1 0
633.49 0.239366 0.0358571 3 1 0
633.99 0.239374 0.0358503 3 1 0
634.49 0.239381 0.0358465 3 1 0
634.99 0.239059 0.0358688 3 1 0
635.49 0.239184 0.035855 4 1 0
635.99 0.239331 0.0358412 4 1 0
636.49 0.239423 0.0358563 3 1 0
636.99 0.239436 0.0358517 3 1 0
637.49 0.23945 0.0358469 3 1 0
637.99 0.239532 0.0358226 3 1 0
638.49 0.239545 0.0358269 3 1 0
638.99 0.239538 0.0358332 3 1 0
639.49 0.239506 0.0358047 3 1 0
639.99 0.239518 0.0357999 3 1 0
640.49 0.239531 0.0357951 3 1 0
640.99 0.239563 0.0357928 3 1 0
641.49 0.23957 0.0357843 3 1 0
641.49 0.23957 0.0357843 4 1 0
641.51 0.239566 0.0357819 3 1 0
641.532 0.239563 0.0357804 3 1 0
641.565 0.23948 0.0357913 3 1 0
641.602 0.239479 0.0357917 3 1 0
641.642 0.239478 0.0357923 3 1 0
641.701 0.239543 0.0357763 3 1 0
641.767 0.239546 0.0357718 3 1 0
641.84 0.23955 0.03577 3 1 0
641.949 0.239634 0.0357975 3 1 0
642.068 0.239596 0.0357991 3 1 0
642.2 0.239583 0.0357942 3 1 0
642.344 0.239583 0.0357742 3 1 0
642.504 0.23958 0.0357697 3 1 0
642.679 0.239577 0.0357673 3 1 0
642.941 0.239609 0.0357903 3 1 0
643.23 0.239592 0.0357904 3 1 0
643.548 0.239593 0.0357881 3 1 0
643.898 0.239587 0.035774 3 1 0
644.398 0.239604 0.0357724 3 1 0
644.898 0.23962 0.03577 3 1 0
645.398 0.239633 0.0357459 3 1 0
645.898 0.239643 0.0357468 3 1 0
646.398 0.239656 0.0357471 3 1 0
646.898 0.239638 0.0357549 3 1 0
647.398 0.239654 0.0357589 3 1 0
647.898 0.23967 0.0357615 3 1 0
648.398 0.239732 0.035725 3 1 0
648.898 0.23979 0.0357183 3 1 0
649.398 0.239824 0.0357142 3 1 0
649.898 0.23978 0.0357193 3 1 0
650.397 0.239785 0.0357104 3 1 0
650.897 0.239788 0.035703 3 1 0
651.397 0.239774 0.0357001 3 1 0
651.897 0.239787 0.0356948 3 1 0
652.397 0.2398 0.0356897 3 1 0
652.898 0.239851 0.0356984 3 1 0
653.397 0.239837 0.0356878 3 1 0
653.897 0.239836 0.0356797 3 1 0
654.397 0.239868 0.0356762 3 1 0
654.897 0.239875 0.0356688 3 1 0
655.397 0.239884 0.0356624 3 1 0
655.897 0.239891 0.0356502 3 1 0
656.397 0.239904 0.0356461 3 1 0
656.897 0.239916 0.0356419 3 1 0
657.397 0.23997 0.0356507 3 1 0
657.897 0.239986 0.035654 3 1 0
658.397 0.239994 0.0356429 3 1 0
658.897 0.239996 0.0356298 3 1 0
659.397 0.240004 0.0356231 3 1 0
659.897 0.240012 0.0356172 3 1 0
660.397 0.240029 0.0356149 3 1 0
660.897 0.240036 0.0356086 3 1 0
661.397 0.240044 0.0356029 3 1 0
661.897 0.240054 0.0355991 3 1 0
662.397 0.240062 0.0355939 3 1 0
662.897 0.240072 0.0355891 3 1 0
663.397 0.240054 0.0355853 3 1 0
663.897 0.240068 0.0355824 3 1 0
664.397 0.240084 0.0355794 3 1 0
664.897 0.240168 0.0355698 3 1 0
665.397 0.240164 0.0355582 3 1 0
665.897 0.240153 0.0355524 3 1 0
666.397 0.240104 0.0355815 3 1 0
666.897 0.240131 0.0355787 3 1 0
667.397 0.24015 0.0355731 3 1 0
667.897 0.23999 0.0355559 4 1 0
668.397 0.239843 0.0355435 4 1 0
668.897 0.23973 0.0355294 3 1 0
669.397 0.240162 0.035546 3 1 0
669.897 0.240186 0.0355476 3 1 0
670.397 0.240212 0.0355465 3 1 0
670.897 0.240429 0.035516 3 1 0
671.397 0.240442 0.0355112 3 1 0
671.897 0.240455 0.0355063 3 1 0
672.397 0.240253 0.0355083 3 1 0
672.897 0.240268 0.035504 3 1 0
673.397 0.240283 0.0355001 3 1 0
673.897 0.240292 0.0354883 3 1 0
674.397 0.240284 0.0354899 3 1 0
674.897 0.240277 0.0354936 3 1 0
675.398 0.240074 0.0354788 4 1 0
675.897 0.239931 0.0354655 4 1 0
676.397 0.239873 0.0354542 3 1 0
676.898 0.240491 0.0354807 3 1 0
677.398 0.240421 0.0354849 3 1 0
677.898 0.240411 0.0354789 3 1 0
678.398 0.240436 0.0354481 3 1 0
678.898 0.240431 0.0354441 3 1 0
679.398 0.240428 0.0354425 3 1 0
679.898 0.240086 0.0354627 4 1 0
679.815 0.240303 0.0354567 4 1 0
680.315 0.240333 0.0354522 4 1 0
680.319 0.239093 0.0355183 3 1 0
680.819 0.2391 0.0355152 3 1 0
681.319 0.239106 0.0355119 3 1 0
681.819 0.240606 0.0354305 3 1 0
682.32 0.240589 0.0354353 3 1 0
682.82 0.240529 0.0354394 3 1 0
683.32 0.240526 0.035418 3 1 0
683.82 0.240528 0.0354122 3 1 0
684.32 0.24053 0.0354074 3 1 0
684.82 0.240478 0.0354187 3 1 0
685.32 0.240454 0.0354036 3 1 0
685.82 0.240463 0.0354016 3 1 0
686.32 0.240655 0.0354091 4 1 0
686.82 0.240598 0.0354137 3 1 0
687.32 0.240596 0.035412 3 1 0
687.82 0.240659 0.0353742 3 1 0
688.32 0.240661 0.0353647 3 1 0
688.82 0.240661 0.0353632 3 1 0
689.32 0.240137 0.0354019 4 1 0
689.088 0.240898 0.0353564 3 1 0
689.589 0.240888 0.0353516 3 1 0
690.089 0.240687 0.0353643 3 1 0
690.589 0.240727 0.0353583 3 1 0
691.089 0.240764 0.0353575 3 1 0
691.589 0.240759 0.0353629 3 1 0
692.089 0.240776 0.0353576 3 1 0
692.589 0.240791 0.0353523 3 1 0
693.089 0.240758 0.0353553 3 1 0
693.589 0.240788 0.0353527 3 1 0
694.089 0.240815 0.0353443 3 1 0
694.589 0.240765 0.0353352 3 1 0
695.089 0.240785 0.0353324 3 1 0
695.589 0.240808 0.0353303 3 1 0
696.089 0.240837 0.0353098 3 1 0
696.589 0.240848 0.0353058 3 1 0
697.089 0.240859 0.0353019 3 1 0
697.589 0.240742 0.0353279 4 1 0
698.089 0.240795 0.0353195 4 1 0
698.589 0.240845 0.0353122 4 1 0
699.089 0.240832 0.0353033 3 1 0
699.589 0.240859 0.0352998 3 1 0
700.089 0.24089 0.0352966 3 1 0
700.589 0.240949 0.0352938 3 1 0
701.089 0.24096 0.0352883 3 1 0
701.589 0.240968 0.0352827 3 1 0
702.089 0.240898 0.0352792 3 1 0
702.589 0.240908 0.0352755 3 1 0
703.089 0.240919 0.035272 3 1 0
703.589 0.240974 0.0352586 4 1 0
704.089 0.240991 0.0352534 4 1 0
704.589 0.241006 0.0352492 4 1 0
705.089 0.241102 0.0352738 3 1 0
705.589 0.241064 0.0352703 3 1 0
706.089 0.241054 0.0352611 3 1 0
706.589 0.241067 0.0352506 3 1 0
707.089 0.241061 0.0352446 3 1 0
707.589 0.241063 0.0352398 3 1 0
708.089 0.240932 0.0352195 3 1 0
708.589 0.240969 0.0352099 3 1 0
709.089 0.240995 0.0352049 3 1 0
709.589 0.241159 0.0352247 3 1 0
710.089 0.241134 0.0352241 3 1 0
710.589 0.241119 0.0352223 3 1 0
711.089 0.241151 0.0352279 3 1 0
711.589 0.24116 0.035226 3 1 0
712.089 0.241167 0.0352241 3 1 0
712.589 0.241102 0.0352313 3 1 0
713.089 0.241112 0.0352293 3 1 0
713.589 0.241127 0.0352256 3 1 0
714.089 0.241186 0.0351705 3 1 0
714.589 0.241168 0.0351708 3 1 0
715.089 0.241153 0.0351787 3 1 0
715.602 0.241321 0.0351339 3 1 0
715.855 0.24113 0.0351254 4 1 0
716.105 0.240864 0.0351088 4 1 0
716.48 0.241337 0.0351718 3 1 0
716.855 0.241344 0.0351934 4 1 0
717.23 0.241303 0.0351882 3 1 0
717.73 0.241115 0.0351822 3 1 0
718.23 0.241154 0.0351802 4 1 0
718.73 0.241208 0.0351713 4 1 0
719.23 0.241018 0.0351725 4 1 0
719.73 0.241147 0.0351594 4 1 0
720.23 0.24127 0.0351486 4 1 0
720.73 0.241462 0.0351371 3 1 0
721.23 0.241431 0.035149 4 1 0
721.73 0.241394 0.0351533 4 1 0
722.23 0.241443 0.0351369 3 1 0
722.73 0.241447 0.035135 4 1 0
723.23 0.241439 0.0351354 4 1 0
723.73 0.241324 0.0351317 3 1 0
724.23 0.241333 0.0351299 3 1 0
724.73 0.24135 0.0351275 3 1 0
725.23 0.241471 0.0351138 3 1 0
725.73 0.24153 0.0351164 3 1 0
726.23 0.241543 0.0351168 3 1 0
726.73 0.241519 0.0351093 3 1 0
727.23 0.241512 0.0351017 3 1 0
727.73 0.241502 0.0350953 3 1 0
728.23 0.241504 0.0350932 3 1 0
728.73 0.241509 0.0350883 3 1 0
729.23 0.241516 0.0350838 3 1 0
729.73 0.241568 0.0350886 3 1 0
730.23 0.241578 0.0350803 3 1 0
730.73 0.241582 0.0350732 3 1 0
731.23 0.241568 0.0350786 3 1 0
731.73 0.241595 0.0350787 3 1 0
732.23 0.241619 0.0350734 3 1 0
732.73 0.241625 0.0350585 3 1 0
733.23 0.241635 0.0350534 3 1 0
733.73 0.241641 0.0350497 3 1 0
734.23 0.241565 0.035054 3 1 0
734.73 0.241572 0.0350508 3 1 0
735.23 0.241578 0.0350477 3 1 0
735.73 0.241699 0.0350415 3 1 0
736.23 0.241712 0.0350375 3 1 0
736.73 0.241709 0.0350363 3 1 0
737.23 0.241659 0.0350425 3 1 0
737.73 0.241669 0.0350366 3 1 0
738.23 0.241681 0.0350305 3 1 0
738.73 0.241683 0.0350341 3 1 0
739.23 0.241678 0.0350303 3 1 0
739.73 0.241669 0.0350223 3 1 0
740.23 0.241555 0.035022 3 1 0
740.73 0.241706 0.0350158 4 1 0
741.23 0.241718 0.0350123 4 1 0
741.73 0.241936 0.0350105 3 1 0
742.23 0.241823 0.0350201 3 1 0
742.73 0.241797 0.0350212 3 1 0
743.23 0.241831 0.0350065 3 1 0
743.73 0.241821 0.0350006 3 1 0
744.23 0.241824 0.0349963 3 1 0
744.73 0.241815 0.0349781 3 1 0
745.23 0.241824 0.0349756 3 1 0
745.73 0.241834 0.0349734 3 1 0
746.23 0.241866 0.0349601 3 1 0
746.73 0.241857 0.0349496 3 1 0
747.23 0.241842 0.0349491 3 1 0
747.73 0.242113 0.0349598 3 1 0
748.23 0.242002 0.0349741 4 1 0
748.73 0.241905 0.0349771 3 1 0
749.23 0.241913 0.0349352 3 1 0
749.73 0.241824 0.0349252 3 1 0
750.23 0.241737 0.0349217 3 1 0
750.73 0.242059 0.0349535 3 1 0
751.23 0.242001 0.0349491 3 1 0
751.73 0.241985 0.0349441 3 1 0
752.23 0.241658 0.0349015 3 1 0
752.73 0.241621 0.0348976 3 1 0
753.23 0.241598 0.0348947 3 1 0
753.73 0.242133 0.0349336 3 1 0
754.23 0.242016 0.0349285 3 1 0
754.731 0.242008 0.0349254 3 1 0
755.231 0.241347 0.0348854 3 1 0
755.731 0.24129 0.0348914 3 1 0
756.231 0.241264 0.0348946 3 1 0
756.731 0.24216 0.0349161 4 1 0
757.231 0.242042 0.0349168 4 1 0
757.731 0.242047 0.034914 4 1 0
758.231 0.241734 0.034844 3 1 0
758.731 0.241528 0.0348471 3 1 0
759.231 0.241347 0.0348615 3 1 0
759.731 0.24234 0.0348882 3 1 0
760.232 0.24221 0.0348985 4 1 0
760.732 0.242138 0.0348954 3 1 0
761.232 0.242136 0.0348635 3 1 0
761.732 0.24202 0.0348462 3 1 0
762.232 0.241885 0.0348313 3 1 0
762.732 0.24233 0.0348795 3 1 0
763.232 0.242223 0.0348773 3 1 0
763.732 0.242198 0.0348736 3 1 0
764.232 0.24201 0.0348293 3 1 0
764.732 0.241902 0.0348198 3 1 0
765.232 0.241805 0.0348151 3 1 0
765.732 0.242414 0.0348592 3 1 0
766.233 0.242282 0.0348567 3 1 0
766.733 0.242241 0.0348542 3 1 0
767.233 0.242162 0.0348185 3 1 0
767.733 0.24204 0.0348035 3 1 0
768.233 0.241914 0.0347938 3 1 0
768.733 0.242453 0.0348422 3 1 0
769.233 0.242308 0.0348406 3 1 0
769.733 0.24229 0.0348381 3 1 0
770.233 0.242503 0.0348244 3 1 0
770.733 0.242447 0.0348278 3 1 0
771.233 0.242359 0.0348117 3 1 0
771.733 0.242329 0.0348172 3 1 0
772.233 0.242315 0.0348095 3 1 0
772.733 0.242291 0.0348181 3 1 0
773.233 0.240986 0.0348962 4 1 0
773.483 0.243158 0.0348008 3 1 0
773.483 0.243158 0.0348008 3 1 0
299.735 0.219686 0.0466742 4 1 0
299.715 0.219615 0.0468857 3 1 0
299.698 0.219675 0.0469602 3 1 0
299.668 0.219593 0.0466983 3 1 0
299.641 0.219588 0.0466986 3 1 0
299.612 0.219582 0.0466992 3 1 0
299.568 0.219574 0.0466783 3 1 0
299.502 0.219563 0.046685 3 1 0
299.403 0.219547 0.046695 3 1 0
299.205 0.219514 0.0467444 3 1 0
298.909 0.219465 0.046775 3 1 0
298.464 0.219392 0.0468207 3 1 0
297.964 0.21931 0.0468807 3 1 0
297.464 0.219226 0.0469317 3 1 0
296.964 0.219142 0.0469831 3 1 0
296.464 0.219054 0.0470087 3 1 0
295.964 0.218968 0.0470636 3 1 0
295.464 0.218882 0.0471189 3 1 0
294.964 0.218796 0.0471697 3 1 0
294.464 0.218709 0.0472235 3 1 0
293.964 0.218621 0.0472778 3 1 0
293.464 0.218534 0.047364 3 1 0
292.964 0.21845 0.0474174 3 1 0
292.464 0.218366 0.0474713 3 1 0
291.964 0.218282 0.0474969 3 1 0
291.464 0.218196 0.0475544 3 1 0
290.964 0.218111 0.0476124 3 1 0
290.464 0.218021 0.0476991 3 1 0
289.964 0.217934 0.0477549 3 1 0
289.464 0.217847 0.0478113 3 1 0
288.964 0.217763 0.0478511 3 1 0
288.464 0.217674 0.0479118 3 1 0
287.964 0.217585 0.0479729 3 1 0
287.464 0.217495 0.0480261 3 1 0
286.964 0.217405 0.0480864 3 1 0
286.464 0.217314 0.0481472 3 1 0
285.964 0.217225 0.0482147 3 1 0
285.464 0.217133 0.0482778 3 1 0
284.964 0.21704 0.0483415 3 1 0
284.464 0.216941 0.0483976 3 1 0
283.964 0.216848 0.0484605 3 1 0
283.464 0.216754 0.048524 3 1 0
282.964 0.216663 0.0486202 3 1 0
282.464 0.216568 0.0486874 3 1 0
281.964 0.216471 0.0487551 3 1 0
281.464 0.216371 0.0487834 3 1 0
280.964 0.216274 0.0488499 3 1 0
280.464 0.216176 0.048917 3 1 0
279.964 0.216082 0.0490077 3 1 0
279.464 0.215982 0.0490738 3 1 0
278.964 0.215882 0.0491405 3 1 0
278.464 0.215779 0.0492036 3 1 0
277.964 0.215678 0.0492739 3 1 0
277.464 0.215575 0.0493448 3 1 0
276.964 0.21547 0.049436 3 1 0
276.464 0.215367 0.0495046 3 1 0
275.964 0.215263 0.0495739 3 1 0
275.464 0.215161 0.0496438 3 1 0
274.964 0.215055 0.0497147 3 1 0
274.464 0.214949 0.0497863 3 1 0
273.964 0.21484 0.0498804 3 1 0
273.464 0.214732 0.049952 3 1 0
272.964 0.214624 0.0500244 3 1 0
272.464 0.214517 0.0501131 3 1 0
271.964 0.214407 0.0501879 3 1 0
271.464 0.214296 0.0502632 3 1 0
270.964 0.214184 0.0503334 3 1 0
270.464 0.214072 0.0504094 3 1 0
269.964 0.213959 0.0504862 3 1 0
269.464 0.213844 0.0505307 3 1 0
268.964 0.21373 0.0506112 3 1 0
268.464 0.213615 0.0506924 3 1 0
267.964 0.213499 0.0508008 3 1 0
267.464 0.213382 0.0508849 3 1 0
266.964 0.213264 0.0509697 3 1 0
266.464 0.213144 0.051032 3 1 0
265.964 0.213024 0.0511155 3 1 0
265.464 0.212903 0.0511997 3 1 0
264.964 0.212786 0.0513835 3 1 0
264.464 0.212664 0.0514696 3 1 0
263.964 0.212542 0.0515565 3 1 0
263.464 0.212422 0.0515491 3 1 0
262.964 0.212297 0.0516392 3 1 0
262.464 0.212172 0.0517302 3 1 0
261.964 0.212044 0.0518113 3 1 0
261.464 0.211916 0.0519025 3 1 0
260.964 0.211788 0.0519945 3 1 0
260.464 0.211656 0.052124 3 1 0
259.964 0.211526 0.0522167 3 1 0
259.464 0.211394 0.0523103 3 1 0
258.964 0.211253 0.052406 3 1 0
258.464 0.21112 0.0525029 3 1 0
257.964 0.210986 0.0526007 3 1 0
257.464 0.21086 0.052775 3 1 0
256.964 0.210723 0.0528682 3 1 0
256.464 0.210584 0.0529627 3 1 0
255.964 0.210458 0.0529706 3 1 0
255.464 0.210319 0.0530731 3 1 0
254.964 0.210178 0.0531767 3 1 0
254.464 0.21002 0.0532846 3 1 0
253.964 0.209876 0.0533918 3 1 0
253.464 0.20973 0.0535003 3 1 0
252.964 0.20959 0.0536404 3 1 0
252.464 0.209442 0.053747 3 1 0
251.964 0.209298 0.0538549 3 1 0
251.464 0.209148 0.053973 3 1 0
250.964 0.209005 0.0540893 3 1 0
250.464 0.208862 0.054207 3 1 0
249.964 0.208711 0.0542996 3 1 0
249.464 0.208566 0.0544148 3 1 0
248.964 0.208419 0.0545315 3 1 0
248.464 0.208293 0.0546455 3 1 0
247.964 0.208142 0.0547649 3 1 0
247.464 0.207989 0.0548859 3 1 0
246.964 0.207817 0.0550416 3 1 0
246.464 0.207663 0.0551639 3 1 0
245.964 0.207508 0.0552878 3 1 0
245.464 0.207345 0.0553863 3 1 0
244.964 0.207187 0.0555159 3 1 0
244.464 0.207027 0.0556472 3 1 0
243.964 0.206881 0.0557807 3 1 0
243.464 0.206715 0.0559156 3 1 0
242.964 0.206548 0.0560524 3 1 0
242.464 0.20636 0.0561936 3 1 0
241.964 0.206192 0.0563353 3 1 0
241.464 0.206023 0.056479 3 1 0
240.964 0.205861 0.0566211 3 1 0
240.464 0.205687 0.0567672 3 1 0
239.964 0.20551 0.0569155 3 1 0
239.464 0.205329 0.0570945 3 1 0
238.964 0.205147 0.0572505 3 1 0
238.464 0.204963 0.057409 3 1 0
237.964 0.204785 0.0575998 3 1 0
237.464 0.204599 0.0577638 3 1 0
236.964 0.20441 0.057922 3 1 0
236.464 0.204213 0.0580224 3 1 0
235.964 0.204019 0.0581898 3 1 0
235.464 0.203821 0.0583602 3 1 0
234.964 0.203627 0.0585514 3 1 0
234.464 0.203425 0.0587261 3 1 0
233.964 0.20322 0.0589041 3 1 0
233.464 0.203012 0.05911 3 1 0
232.964 0.202801 0.0592998 3 1 0
232.464 0.202587 0.0594932 3 1 0
231.964 0.20236 0.0596546 3 1 0
231.464 0.202139 0.0598542 3 1 0
230.964 0.201928 0.060058 3 1 0
230.464 0.201699 0.0602505 3 1 0
229.964 0.201478 0.0604615 3 1 0
229.464 0.201258 0.0606774 3 1 0
228.964 0.20104 0.0609097 3 1 0
228.464 0.200811 0.0611372 3 1 0
227.964 0.200577 0.0613703 3 1 0
227.464 0.20034 0.0616189 3 1 0
226.964 0.200096 0.0618595 3 1 0
226.464 0.199847 0.062107 3 1 0
225.964 0.199589 0.0623692 3 1 0
225.464 0.199329 0.0626366 3 1 0
224.964 0.199062 0.0629125 3 1 0
224.464 0.198788 0.0631728 3 1 0
223.964 0.198507 0.0634632 3 1 0
223.464 0.198217 0.0637642 3 1 0
222.964 0.197917 0.0640762 3 1 0
222.464 0.197608 0.0644022 3 1 0
221.964 0.197288 0.0647424 3 1 0
221.464 0.19695 0.0650985 3 1 0
220.964 0.196603 0.065473 3 1 0
220.464 0.196239 0.0658681 3 1 0
219.964 0.195856 0.0663367 3 1 0
219.464 0.195476 0.066781 3 1 0
218.964 0.195074 0.0672583 3 1 0
218.464 0.194655 0.0677325 3 1 0
217.964 0.194184 0.0683016 3 1 0
217.464 0.193665 0.0689354 3 1 0
216.964 0.193052 0.0696844 3 1 0
216.464 0.192393 0.0705378 3 1 0
215.964 0.191575 0.0716143 3 1 0
215.464 0.190367 0.073231 3 1 0
215.215 0.188761 0.0754341 3 1 0
215.214 0.188694 0.0755273 3 1 0
215.214 0.188647 0.0755947 3 1 0
215.215 0.188597 0.0756664 4 1 0
215.215 0.188567 0.0757087 4 1 0
215.216 0.188528 0.0757744 4 1 0
215.218 0.188477 0.0758468 4 1 0
215.22 0.188418 0.075931 4 1 0
215.224 0.188349 0.076076 4 1 0
215.229 0.188266 0.0761956 4 1 0
215.237 0.188165 0.0763405 4 1 0
215.25 0.18804 0.0765074 4 1 0
215.268 0.187891 0.0767235 4 1 0
215.295 0.187709 0.0769887 4 1 0
215.337 0.187484 0.0772815 4 1 0
215.399 0.18721 0.0776808 4 1 0
215.492 0.186871 0.0781744 4 1 0
215.631 0.186455 0.0787998 4 1 0
215.84 0.18594 0.0795585 4 1 0
216.153 0.185301 0.0805043 4 1 0
216.624 0.184518 0.0816777 4 1 0
217.124 0.183806 0.0827608 4 1 0
217.624 0.183174 0.0837268 4 1 0
218.124 0.182555 0.0846136 4 1 0
218.624 0.182035 0.0854304 4 1 0
219.124 0.181547 0.0861981 4 1 0
219.624 0.181088 0.0869373 4 1 0
220.124 0.180648 0.0876284 4 1 0
220.624 0.180227 0.0882905 4 1 0
221.124 0.179824 0.0889278 4 1 0
221.624 0.179434 0.0895463 4 1 0
222.124 0.179057 0.0901448 4 1 0
222.624 0.178677 0.0907136 4 1 0
223.124 0.178325 0.0912751 4 1 0
223.624 0.177982 0.0918217 4 1 0
224.124 0.177616 0.092357 4 1 0
224.624 0.177293 0.0928736 4 1 0
225.124 0.176977 0.0933784 4 1 0
225.624 0.176665 0.0938799 4 1 0
226.124 0.176356 0.0943665 4 1 0
226.624 0.176054 0.0948431 4 1 0
227.124 0.175713 0.0952958 4 1 0
227.624 0.175422 0.0957525 4 1 0
228.124 0.175145 0.0962009 4 1 0
228.624 0.174948 0.0966349 4 1 0
229.124 0.174677 0.0970664 4 1 0
229.624 0.174412 0.0974907 4 1 0
230.124 0.174152 0.0979071 4 1 0
230.624 0.173894 0.0983157 4 1 0
231.124 0.17364 0.0987181 4 1 0
231.624 0.173381 0.0991215 4 1 0
232.124 0.173134 0.0995102 4 1 0
232.624 0.17289 0.0998932 4 1 0
233.124 0.172648 0.1003 4 1 0
233.624 0.172412 0.100677 4 1 0
234.124 0.172179 0.101049 4 1 0
234.624 0.171942 0.101401 4 1 0
235.124 0.171715 0.101762 4 1 0
235.624 0.171491 0.102119 4 1 0
236.124 0.171243 0.102444 4 1 0
236.624 0.171024 0.102786 4 1 0
237.124 0.170808 0.103123 4 1 0
237.624 0.170614 0.103474 4 1 0
238.124 0.170407 0.103802 4 1 0
238.624 0.170203 0.104126 4 1 0
239.124 0.170012 0.104454 4 1 0
239.624 0.169813 0.104776 4 1 0
240.124 0.169615 0.105094 4 1 0
240.624 0.169417 0.105383 4 1 0
241.124 0.169224 0.10569 4 1 0
241.624 0.169033 0.105993 4 1 0
242.124 0.168854 0.106307 4 1 0
242.624 0.168667 0.106602 4 1 0
243.124 0.168481 0.106893 4 1 0
243.624 0.168295 0.107179 4 1 0
244.124 0.168113 0.107465 4 1 0
244.624 0.167934 0.107749 4 1 0
245.124 0.167757 0.108028 4 1 0
245.624 0.167581 0.108306 4 1 0
246.124 0.167407 0.108581 4 1 0
246.624 0.167239 0.108877 4 1 0
247.124 0.167068 0.109144 4 1 0
247.624 0.166898 0.109408 4 1 0
248.124 0.166727 0.109655 4 1 0
248.624 0.166561 0.109916 4 1 0
249.124 0.166396 0.110175 4 1 0
249.624 0.166235 0.110441 4 1 0
250.124 0.166073 0.110693 4 1 0
250.624 0.165913 0.110943 4 1 0
251.124 0.165754 0.111193 4 1 0
251.624 0.165597 0.111438 4 1 0
252.124 0.165441 0.111682 4 1 0
252.624 0.165286 0.111919 4 1 0
253.124 0.165132 0.112159 4 1 0
253.624 0.16498 0.112397 4 1 0
254.124 0.16483 0.112635 4 1 0
254.624 0.16468 0.112869 4 1 0
255.124 0.164532 0.113101 4 1 0
255.624 0.164385 0.113325 4 1 0
256.124 0.164239 0.113552 4 1 0
256.624 0.164095 0.113778 4 1 0
257.124 0.163949 0.114 4 1 0
257.624 0.163806 0.114222 4 1 0
258.124 0.163665 0.114441 4 1 0
258.624 0.163521 0.114658 4 1 0
259.124 0.163382 0.114874 4 1 0
259.624 0.163244 0.115088 4 1 0
260.124 0.163097 0.115307 4 1 0
260.624 0.162962 0.115516 4 1 0
261.124 0.162827 0.115723 4 1 0
261.624 0.162689 0.115923 4 1 0
262.124 0.162556 0.116127 4 1 0
262.624 0.162425 0.11633 4 1 0
263.124 0.162283 0.116551 4 1 0
263.624 0.162153 0.116748 4 1 0
264.124 0.162024 0.116944 4 1 0
264.624 0.161912 0.117126 4 1 0
265.124 0.161785 0.117321 4 1 0
265.624 0.161659 0.117514 4 1 0
266.124 0.161519 0.117706 4 1 0
266.624 0.161394 0.117896 4 1 0
267.124 0.161271 0.118085 4 1 0
267.624 0.161141 0.118273 4 1 0
268.124 0.16102 0.118458 4 1 0
268.624 0.160899 0.118643 4 1 0
269.124 0.160786 0.118826 4 1 0
269.624 0.160668 0.119007 4 1 0
270.124 0.160551 0.119187 4 1 0
270.624 0.160441 0.119367 4 1 0
271.124 0.160326 0.119544 4 1 0
271.624 0.160211 0.11972 4 1 0
272.124 0.160102 0.119895 4 1 0
272.624 0.159989 0.120069 4 1 0
273.124 0.159876 0.120242 4 1 0
273.624 0.159769 0.120413 4 1 0
274.124 0.159657 0.120583 4 1 0
274.624 0.159547 0.120752 4 1 0
275.124 0.159441 0.120919 4 1 0
275.624 0.159331 0.121085 4 1 0
276.124 0.159223 0.121251 4 1 0
276.624 0.159118 0.121415 4 1 0
277.124 0.159011 0.121578 4 1 0
277.624 0.158904 0.12174 4 1 0
278.124 0.1588 0.1219 4 1 0
278.624 0.158694 0.12206 4 1 0
279.124 0.158589 0.122219 4 1 0
279.624 0.158487 0.122376 4 1 0
280.124 0.158383 0.122533 4 1 0
280.624 0.15828 0.122688 4 1 0
281.124 0.158178 0.122843 4 1 0
281.624 0.158076 0.122996 4 1 0
282.124 0.157974 0.123149 4 1 0
282.624 0.157873 0.123301 4 1 0
283.124 0.157773 0.123452 4 1 0
283.624 0.157673 0.123602 4 1 0
284.124 0.157572 0.123752 4 1 0
284.624 0.157473 0.1239 4 1 0
285.124 0.157375 0.124048 4 1 0
285.624 0.157272 0.124198 4 1 0
286.124 0.157174 0.124344 4 1 0
286.624 0.157077 0.124489 4 1 0
287.124 0.156965 0.124618 4 1 0
287.624 0.15687 0.12476 4 1 0
288.124 0.156775 0.124902 4 1 0
288.624 0.1567 0.125051 4 1 0
289.124 0.156606 0.125192 4 1 0
289.624 0.156512 0.125332 4 1 0
290.124 0.156416 0.125462 4 1 0
290.624 0.156323 0.125598 4 1 0
291.124 0.156231 0.125734 4 1 0
291.624 0.156129 0.125867 4 1 0
292.124 0.156037 0.126001 4 1 0
292.624 0.155946 0.126135 4 1 0
293.124 0.155857 0.126277 4 1 0
293.624 0.155767 0.12641 4 1 0
294.124 0.155677 0.126543 4 1 0
294.624 0.155577 0.126663 4 1 0
295.124 0.155488 0.126794 4 1 0
295.624 0.155399 0.126923 4 1 0
296.124 0.155317 0.127051 4 1 0
296.624 0.155229 0.12718 4 1 0
297.124 0.155142 0.127307 4 1 0
297.624 0.15506 0.127434 4 1 0
298.124 0.154973 0.127561 4 1 0
298.624 0.154887 0.127686 4 1 0
299.124 0.154806 0.127813 4 1 0
299.624 0.15472 0.127938 4 1 0
300.124 0.154635 0.128062 4 1 0
300.624 0.154554 0.128181 4 1 0
301.124 0.154469 0.128304 4 1 0
301.624 0.154385 0.128425 4 1 0
302.124 0.1543 0.128553 4 1 0
302.624 0.154216 0.128672 4 1 0
303.124 0.154133 0.128791 4 1 0
303.624 0.154043 0.128906 4 1 0
304.124 0.15396 0.129025 4 1 0
304.624 0.153878 0.129143 4 1 0
305.124 0.153801 0.129262 4 1 0
305.624 0.153719 0.129379 4 1 0
306.124 0.153637 0.129495 4 1 0
306.624 0.153556 0.129618 4 1 0
307.124 0.153475 0.129732 4 1 0
307.624 0.153393 0.129847 4 1 0
308.124 0.153313 0.12996 4 1 0
308.624 0.153232 0.130074 4 1 0
309.124 0.153152 0.130189 4 1 0
309.624 0.153071 0.130307 4 1 0
310.124 0.152991 0.130421 4 1 0
310.624 0.152911 0.130533 4 1 0
311.124 0.152832 0.130644 4 1 0
311.624 0.152753 0.130755 4 1 0
312.124 0.152674 0.130865 4 1 0
312.624 0.152594 0.130978 4 1 0
313.124 0.152515 0.131088 4 1 0
313.624 0.152437 0.131196 4 1 0
314.124 0.152358 0.131306 4 1 0
314.624 0.152279 0.131416 4 1 0
315.124 0.152201 0.131525 4 1 0
315.624 0.152122 0.131632 4 1 0
316.124 0.152044 0.131739 4 1 0
316.624 0.151966 0.131846 4 1 0
317.124 0.151885 0.131951 4 1 0
317.624 0.151808 0.132057 4 1 0
318.124 0.15173 0.132163 4 1 0
318.624 0.151652 0.132274 4 1 0
319.124 0.151574 0.132381 4 1 0
319.624 0.151497 0.132488 4 1 0
320.124 0.151419 0.13259 4 1 0
320.624 0.151341 0.132696 4 1 0
321.124 0.151264 0.132802 4 1 0
321.624 0.151188 0.132899 4 1 0
322.124 0.151111 0.133004 4 1 0
322.624 0.151034 0.133108 4 1 0
323.124 0.150957 0.13321 4 1 0
323.624 0.15088 0.133314 4 1 0
324.124 0.150803 0.133418 4 1 0
324.624 0.150725 0.133521 4 1 0
325.124 0.150649 0.133624 4 1 0
325.624 0.150573 0.133727 4 1 0
326.124 0.150499 0.133831 4 1 0
326.624 0.150422 0.133934 4 1 0
327.124 0.150346 0.134036 4 1 0
327.624 0.150271 0.13414 4 1 0
328.124 0.150195 0.134242 4 1 0
328.624 0.150118 0.134344 4 1 0
329.124 0.150042 0.13445 4 1 0
329.624 0.149965 0.134553 4 1 0
330.124 0.149888 0.134655 4 1 0
330.624 0.149811 0.13475 4 1 0
331.124 0.149734 0.134852 4 1 0
331.624 0.149656 0.134954 4 1 0
332.124 0.149579 0.135063 4 1 0
332.624 0.149501 0.135164 4 1 0
333.124 0.149423 0.135265 4 1 0
333.624 0.149344 0.135364 4 1 0
334.124 0.149265 0.135466 4 1 0
334.624 0.149186 0.135569 4 1 0
335.124 0.149107 0.135675 4 1 0
335.624 0.149028 0.135778 4 1 0
336.124 0.148948 0.13588 4 1 0
336.624 0.148868 0.13598 4 1 0
337.124 0.148787 0.136084 4 1 0
337.624 0.148706 0.136187 4 1 0
338.124 0.148625 0.13629 4 1 0
338.624 0.148543 0.136394 4 1 0
339.124 0.148461 0.136499 4 1 0
339.624 0.148378 0.136602 4 1 0
340.124 0.148295 0.136707 4 1 0
340.624 0.148211 0.136813 4 1 0
341.124 0.148127 0.136917 4 1 0
341.624 0.148041 0.137024 4 1 0
342.124 0.147956 0.137131 4 1 0
342.624 0.147869 0.137238 4 1 0
343.124 0.147782 0.137347 4 1 0
343.624 0.147694 0.137456 4 1 0
344.124 0.147605 0.137566 4 1 0
344.624 0.147514 0.137675 4 1 0
345.124 0.147423 0.137786 4 1 0
345.624 0.147332 0.137898 4 1 0
346.124 0.147238 0.13801 4 1 0
346.624 0.147144 0.138124 4 1 0
347.124 0.147048 0.138239 4 1 0
347.624 0.146951 0.138355 4 1 0
348.124 0.146851 0.138474 4 1 0
348.624 0.146752 0.138594 4 1 0
349.124 0.146649 0.138715 4 1 0
349.624 0.146544 0.138839 4 1 0
350.124 0.146436 0.138966 4 1 0
350.624 0.146327 0.139094 4 1 0
351.124 0.146215 0.139224 4 1 0
351.624 0.146101 0.13936 4 1 0
352.124 0.145983 0.139498 4 1 0
352.624 0.14586 0.139639 4 1 0
353.124 0.145733 0.13978 4 1 0
353.624 0.145601 0.13993 4 1 0
354.124 0.145464 0.140086 4 1 0
354.624 0.145319 0.140248 4 1 0
355.124 0.145167 0.140418 4 1 0
355.624 0.145004 0.140598 4 1 0
356.124 0.144829 0.140792 4 1 0
356.624 0.144638 0.141 4 1 0
357.124 0.144425 0.141231 4 1 0
357.624 0.144177 0.141494 4 1 0
358.124 0.143872 0.141816 4 1 0
358.624 0.143421 0.142285 4 1 0
359.124 0.142858 0.142857 4 1 0
356.624 0.142718 0.142718 2 1 0
356.584 0.142857 0.142857 1 1 0
356.554 0.142857 0.142857 1 1 0
356.494 0.142857 0.142857 1 1 0
356.374 0.142857 0.142857 1 1 0
356.134 0.142857 0.142857 1 1 0
355.654 0.142857 0.142857 1 1 0
355.154 0.142857 0.142857 1 1 0
354.654 0.142857 0.142857 1 1 0
354.154 0.142857 0.142857 1 1 0
353.654 0.142857 0.142857 1 1 0
353.154 0.142857 0.142857 1 1 0
352.654 0.142857 0.142857 1 1 0
352.154 0.142857 0.142857 1 1 0
351.654 0.142857 0.142857 1 1 0
351.154 0.142857 0.142857 1 1 0
350.654 0.142857 0.142857 1 1 0
350.154 0.142857 0.142857 1 1 0
349.654 0.142857 0.142857 1 1 0
349.154 0.142857 0.142857 1 1 0
348.654 0.142857 0.142857 1 1 0
348.154 0.142857 0.142857 1 1 0
347.654 0.142857 0.142857 1 1 0
347.154 0.142857 0.142857 1 1 0
346.654 0.142857 0.142857 1 1 0
346.154 0.142857 0.142857 1 1 0
345.654 0.142857 0.142857 1 1 0
345.154 0.142857 0.142857 1 1 0
344.654 0.142857 0.142857 1 1 0
344.154 0.142857 0.142857 1 1 0
343.654 0.142857 0.142857 1 1 0
343.154 0.142857 0.142857 1 1 0
342.654 0.142857 0.142857 1 1 0
342.154 0.142857 0.142857 1 1 0
341.654 0.142857 0.142857 1 1 0
341.154 0.142857 0.142857 1 1 0
340.654 0.142857 0.142857 1 1 0
340.154 0.142857 0.142857 1 1 0
339.654 0.142857 0.142857 1 1 0
339.154 0.142857 0.142857 1 1 0
338.654 0.142857 0.142857 1 1 0
338.154 0.142857 0.142857 1 1 0
337.654 0.142857 0.142857 1 1 0
337.154 0.142857 0.142857 1 1 0
336.654 0.142857 0.142857 1 1 0
336.154 0.142857 0.142857 1 1 0
335.654 0.142857 0.142857 1 1 0
335.154 0.142857 0.142857 1 1 0
334.654 0.142857 0.142857 1 1 0
334.154 0.142857 0.142857 1 1 0
333.654 0.142857 0.142857 1 1 0
333.154 0.142857 0.142857 1 1 0
332.654 0.142857 0.142857 1 1 0
332.154 0.142857 0.142857 1 1 0
331.654 0.142857 0.142857 1 1 0
331.154 0.142857 0.142857 1 1 0
330.654 0.142857 0.142857 1 1 0
330.154 0.142857 0.142857 1 1 0
329.654 0.142857 0.142857 1 1 0
329.154 0.142857 0.142857 1 1 0
328.654 0.142857 0.142857 1 1 0
328.154 0.142857 0.142857 1 1 0
327.654 0.142857 0.142857 1 1 0
327.154 0.142857 0.142857 1 1 0
326.654 0.142857 0.142857 1 1 0
326.154 0.142857 0.142857 1 1 0
325.654 0.142857 0.142857 1 1 0
325.154 0.142857 0.142857 1 1 0
324.654 0.142857 0.142857 1 1 0
324.154 0.142857 0.142857 1 1 0
323.654 0.142857 0.142857 1 1 0
323.154 0.142857 0.142857 1 1 0
322.654 0.142857 0.142857 1 1 0
322.154 0.142857 0.142857 1 1 0
321.654 0.142857 0.142857 1 1 0
321.154 0.142857 0.142857 1 1 0
320.654 0.142857 0.142857 1 1 0
320.154 0.142857 0.142857 1 1 0
319.654 0.142857 0.142857 1 1 0
319.154 0.142857 0.142857 1 1 0
318.654 0.142857 0.142857 1 1 0
318.154 0.142857 0.142857 1 1 0
317.654 0.142857 0.142857 1 1 0
317.154 0.142857 0.142857 1 1 0
316.654 0.142857 0.142857 1 1 0
316.154 0.142857 0.142857 1 1 0
315.654 0.142857 0.142857 1 1 0
315.154 0.142857 0.142857 1 1 0
314.654 0.142857 0.142857 1 1 0
314.154 0.142857 0.142857 1 1 0
313.654 0.142857 0.142857 1 1 0
313.154 0.142857 0.142857 1 1 0
312.654 0.142857 0.142857 1 1 0
312.154 0.142857 0.142857 1 1 0
311.654 0.142857 0.142857 1 1 0
311.154 0.142857 0.142857 1 1 0
310.654 0.142857 0.142857 1 1 0
310.154 0.142857 0.142857 1 1 0
309.654 0.142857 0.142857 1 1 0
309.154 0.142857 0.142857 1 1 0
308.654 0.142857 0.142857 1 1 0
308.154 0.142857 0.142857 1 1 0
307.654 0.142857 0.142857 1 1 0
307.154 0.142857 0.142857 1 1 0
306.654 0.142857 0.142857 1 1 0
306.154 0.142857 0.142857 1 1 0
305.654 0.142857 0.142857 1 1 0
305.154 0.142857 0.142857 1 1 0
304.654 0.142857 0.142857 1 1 0
304.154 0.142857 0.142857 1 1 0
303.654 0.142857 0.142857 1 1 0
303.154 0.142857 0.142857 1 1 0
302.654 0.142857 0.142857 1 1 0
302.154 0.142857 0.142857 1 1 0
301.654 0.142857 0.142857 1 1 0
301.154 0.142857 0.142857 1 1 0
300.654 0.142857 0.142857 1 1 0
300.154 0.142857 0.142857 1 1 0
299.654 0.142857 0.142857 1 1 0
299.154 0.142857 0.142857 1 1 0
298.654 0.142857 0.142857 1 1 0
298.154 0.142857 0.142857 1 1 0
297.654 0.142857 0.142857 1 1 0
297.154 0.142857 0.142857 1 1 0
296.654 0.142857 0.142857 1 1 0
296.154 0.142857 0.142857 1 1 0
295.654 0.142857 0.142857 1 1 0
295.154 0.142857 0.142857 1 1 0
294.654 0.142857 0.142857 1 1 0
294.154 0.142857 0.142857 1 1 0
293.654 0.142857 0.142857 1 1 0
293.154 0.142857 0.142857 1 1 0
292.654 0.142857 0.142857 1 1 0
292.154 0.142857 0.142857 1 1 0
291.654 0.142857 0.142857 1 1 0
291.154 0.142857 0.142857 1 1 0
290.654 0.142857 0.142857 1 1 0
290.154 0.142857 0.142857 1 1 0
289.654 0.142857 0.142857 1 1 0
289.154 0.142857 0.142857 1 1 0
288.654 0.142857 0.142857 1 1 0
288.154 0.142857 0.142857 1 1 0
287.654 0.142857 0.142857 1 1 0
287.154 0.142857 0.142857 1 1 0
286.654 0.142857 0.142857 1 1 0
286.154 0.142857 0.142857 1 1 0
285.654 0.142857 0.142857 1 1 0
285.154 0.142857 0.142857 1 1 0
284.654 0.142857 0.142857 1 1 0
284.154 0.142857 0.142857 1 1 0
283.654 0.142857 0.142857 1 1 0
283.154 0.142857 0.142857 1 1 0
282.654 0.142857 0.142857 1 1 0
282.154 0.142857 0.142857 1 1 0
281.654 0.142857 0.142857 1 1 0
281.154 0.142857 0.142857 1 1 0
280.654 0.142857 0.142857 1 1 0
280.154 0.142857 0.142857 1 1 0
279.654 0.142857 0.142857 1 1 0
279.154 0.142857 0.142857 1 1 0
278.654 0.142857 0.142857 1 1 0
278.154 0.142857 0.142857 1 1 0
277.654 0.142857 0.142857 1 1 0
277.154 0.142857 0.142857 1 1 0
276.654 0.142857 0.142857 1 1 0
276.154 0.142857 0.142857 1 1 0
275.654 0.142857 0.142857 1 1 0
275.154 0.142857 0.142857 1 1 0
274.654 0.142857 0.142857 1 1 0
274.154 0.142857 0.142857 1 1 0
273.654 0.142857 0.142857 1 1 0
273.154 0.142857 0.142857 1 1 0
272.654 0.142857 0.142857 1 1 0
272.154 0.142857 0.142857 1 1 0
271.654 0.142857 0.142857 1 1 0
271.154 0.142857 0.142857 1 1 0
270.654 0.142857 0.142857 1 1 0
270.154 0.142857 0.142857 1 1 0
269.654 0.142857 0.142857 1 1 0
269.154 0.142857 0.142857 1 1 0
268.654 0.142857 0.142857 1 1 0
268.154 0.142857 0.142857 1 1 0
267.654 0.142857 0.142857 1 1 0
267.154 0.142857 0.142857 1 1 0
266.654 0.142857 0.142857 1 1 0
266.154 0.142857 0.142857 1 1 0
265.654 0.142857 0.142857 1 1 0
265.154 0.142857 0.142857 1 1 0
264.654 0.142857 0.142857 1 1 0
264.154 0.142857 0.142857 1 1 0
263.654 0.142857 0.142857 1 1 0
263.154 0.142857 0.142857 1 1 0
262.654 0.142857 0.142857 1 1 0
262.154 0.142857 0.142857 1 1 0
261.654 0.142857 0.142857 1 1 0
261.154 0.142857 0.142857 1 1 0
260.654 0.142857 0.142857 1 1 0
260.154 0.142857 0.142857 1 1 0
259.654 0.142857 0.142857 1 1 0
259.154 0.142857 0.142857 1 1 0
258.654 0.142857 0.142857 1 1 0
258.154 0.142857 0.142857 1 1 0
257.654 0.142857 0.142857 1 1 0
257.154 0.142857 0.142857 1 1 0
256.654 0.142857 0.142857 1 1 0
256.154 0.142857 0.142857 1 1 0
255.654 0.142857 0.142857 1 1 0
255.154 0.142857 0.142857 1 1 0
254.654 0.142857 0.142857 1 1 0
254.154 0.142857 0.142857 1 1 0
253.654 0.142857 0.142857 1 1 0
253.154 0.142857 0.142857 1 1 0
252.654 0.142857 0.142857 1 1 0
252.154 0.142857 0.142857 1 1 0
251.654 0.142857 0.142857 1 1 0
251.154 0.142857 0.142857 1 1 0
250.654 0.142857 0.142857 1 1 0
250.154 0.142857 0.142857 1 1 0
249.654 0.142857 0.142857 1 1 0
249.154 0.142857 0.142857 1 1 0
248.654 0.142857 0.142857 1 1 0
248.154 0.142857 0.142857 1 1 0
247.654 0.142857 0.142857 1 1 0
247.154 0.142857 0.142857 1 1 0
246.654 0.142857 0.142857 1 1 0
246.154 0.142857 0.142857 1 1 0
245.654 0.142857 0.142857 1 1 0
245.154 0.142857 0.142857 1 1 0
244.654 0.142857 0.142857 1 1 0
244.154 0.142857 0.142857 1 1 0
243.654 0.142857 0.142857 1 1 0
243.154 0.142857 0.142857 1 1 0
242.654 0.142857 0.142857 1 1 0
242.154 0.142857 0.142857 1 1 0
241.654 0.142857 0.142857 1 1 0
241.154 0.142857 0.142857 1 1 0
240.654 0.142857 0.142857 1 1 0
240.154 0.142857 0.142857 1 1 0
239.654 0.142857 0.142857 1 1 0
239.154 0.142857 0.142857 1 1 0
238.654 0.142857 0.142857 1 1 0
238.154 0.142857 0.142857 1 1 0
237.654 0.142857 0.142857 1 1 0
237.154 0.142857 0.142857 1 1 0
236.654 0.142857 0.142857 1 1 0
236.154 0.142857 0.142857 1 1 0
235.654 0.142857 0.142857 1 1 0
235.154 0.142857 0.142857 1 1 0
234.654 0.142857 0.142857 1 1 0
234.154 0.142857 0.142857 1 1 0
233.654 0.142857 0.142857 1 1 0
233.154 0.142857 0.142857 1 1 0
232.654 0.142857 0.142857 1 1 0
232.154 0.142857 0.142857 1 1 0
231.654 0.142857 0.142857 1 1 0
231.154 0.142857 0.142857 1 1 0
230.654 0.142857 0.142857 1 1 0
230.154 0.142857 0.142857 1 1 0
229.654 0.142857 0.142857 1 1 0
229.154 0.142857 0.142857 1 1 0
228.654 0.142857 0.142857 1 1 0
228.154 0.142857 0.142857 1 1 0
227.654 0.142857 0.142857 1 1 0
227.154 0.142857 0.142857 1 1 0
226.654 0.142857 0.142857 1 1 0
226.154 0.142857 0.142857 1 1 0
225.654 0.142857 0.142857 1 1 0
225.154 0.142857 0.142857 1 1 0
224.654 0.142857 0.142857 1 1 0
224.154 0.142857 0.142857 1 1 0
223.654 0.142857 0.142857 1 1 0
223.154 0.142857 0.142857 1 1 0
222.654 0.142857 0.142857 1 1 0
222.154 0.142857 0.142857 1 1 0
221.654 0.142857 0.142857 1 1 0
221.154 0.142857 0.142857 1 1 0
220.654 0.142857 0.142857 1 1 0
220.154 0.142857 0.142857 1 1 0
219.654 0.142857 0.142857 1 1 0
219.154 0.142857 0.142857 1 1 0
218.654 0.142857 0.142857 1 1 0
218.154 0.142857 0.142857 1 1 0
217.654 0.142857 0.142857 1 1 0
217.154 0.142857 0.142857 1 1 0
216.654 0.142857 0.142857 1 1 0
216.154 0.142857 0.142857 1 1 0
215.654 0.142857 0.142857 1 1 0
215.154 0.142857 0.142857 1 1 0
214.654 0.142857 0.142857 1 1 0
214.154 0.142857 0.142857 1 1 0
213.654 0.142857 0.142857 1 1 0
213.154 0.142857 0.142857 1 1 0
212.654 0.142857 0.142857 1 1 0
212.154 0.142857 0.142857 1 1 0
211.654 0.142857 0.142857 1 1 0
211.154 0.142857 0.142857 1 1 0
210.654 0.142857 0.142857 1 1 0
210.154 0.142857 0.142857 1 1 0
209.654 0.142857 0.142857 1 1 0
209.154 0.142857 0.142857 1 1 0
208.654 0.142857 0.142857 1 1 0
208.154 0.142857 0.142857 1 1 0
207.654 0.142857 0.142857 1 1 0
207.154 0.142857 0.142857 1 1 0
206.654 0.142857 0.142857 1 1 0
206.154 0.142857 0.142857 1 1 0
205.654 0.142857 0.142857 1 1 0
205.154 0.142857 0.142857 1 1 0
204.654 0.142857 0.142857 1 1 0
204.154 0.142857 0.142857 1 1 0
203.654 0.142857 0.142857 1 1 0
203.154 0.142857 0.142857 1 1 0
202.654 0.142857 0.142857 1 1 0
202.154 0.142857 0.142857 1 1 0
201.654 0.142857 0.142857 1 1 0
201.154 0.142857 0.142857 1 1 0
200.654 0.142857 0.142857 1 1 0
200.154 0.142857 0.142857 1 1 0
199.654 0.142857 0.142857 1 1 0
199.154 0.142857 0.142857 1 1 0
198.654 0.142857 0.142857 1 1 0
198.154 0.142857 0.142857 1 1 0
197.654 0.142857 0.142857 1 1 0
197.154 0.142857 0.142857 1 1 0
196.654 0.142857 0.142857 1 1 0
196.154 0.142857 0.142857 1 1 0
195.654 0.142857 0.142857 1 1 0
195.154 0.142857 0.142857 1 1 0
194.654 0.142857 0.142857 1 1 0
194.154 0.142857 0.142857 1 1 0
193.654 0.142857 0.142857 1 1 0
193.154 0.142857 0.142857 1 1 0
192.654 0.142857 0.142857 1 1 0
192.154 0.142857 0.142857 1 1 0
191.654 0.142857 0.142857 1 1 0
191.154 0.142857 0.142857 1 1 0
190.654 0.142857 0.142857 1 1 0
190.154 0.142857 0.142857 1 1 0
189.654 0.142857 0.142857 1 1 0
189.154 0.142857 0.142857 1 1 0
188.654 0.142857 0.142857 1 1 0
188.154 0.142857 0.142857 1 1 0
187.654 0.142857 0.142857 1 1 0
187.154 0.142857 0.142857 1 1 0
186.654 0.142857 0.142857 1 1 0
186.154 0.142857 0.142857 1 1 0
185.654 0.142857 0.142857 1 1 0
185.154 0.142857 0.142857 1 1 0
184.654 0.142857 0.142857 1 1 0
184.154 0.142857 0.142857 1 1 0
183.654 0.142857 0.142857 1 1 0
183.154 0.142857 0.142857 1 1 0
182.654 0.142857 0.142857 1 1 0
182.154 0.142857 0.142857 1 1 0
181.654 0.142857 0.142857 1 1 0
181.154 0.142857 0.142857 1 1 0
180.654 0.142857 0.142857 1 1 0
180.154 0.142857 0.142857 1 1 0
179.654 0.142857 0.142857 1 1 0
179.154 0.142857 0.142857 1 1 0
178.654 0.142857 0.142857 1 1 0
178.154 0.142857 0.142857 1 1 0
177.654 0.142857 0.142857 1 1 0
177.154 0.142857 0.142857 1 1 0
176.654 0.142857 0.142857 1 1 0
176.154 0.142857 0.142857 1 1 0
175.654 0.142857 0.142857 1 1 0
175.154 0.142857 0.142857 1 1 0
174.654 0.142857 0.142857 1 1 0
174.154 0.142857 0.142857 1 1 0
173.654 0.142857 0.142857 1 1 0
173.154 0.142857 0.142857 1 1 0
172.654 0.142857 0.142857 1 1 0
172.154 0.142857 0.142857 1 1 0
171.654 0.142857 0.142857 1 1 0
171.154 0.142857 0.142857 1 1 0
170.654 0.142857 0.142857 1 1 0
170.154 0.142857 0.142857 1 1 0
169.654 0.142857 0.142857 1 1 0
169.154 0.142857 0.142857 1 1 0
168.654 0.142857 0.142857 1 1 0
168.154 0.142857 0.142857 1 1 0
167.654 0.142857 0.142857 1 1 0
167.154 0.142857 0.142857 1 1 0
166.654 0.142857 0.142857 1 1 0
166.154 0.142857 0.142857 1 1 0
165.654 0.142857 0.142857 1 1 0
165.154 0.142857 0.142857 1 1 0
164.654 0.142857 0.142857 1 1 0
164.154 0.142857 0.142857 1 1 0
163.654 0.142857 0.142857 1 1 0
163.154 0.142857 0.142857 1 1 0
162.654 0.142857 0.142857 1 1 0
162.154 0.142857 0.142857 1 1 0
161.654 0.142857 0.142857 1 1 0
161.154 0.142857 0.142857 1 1 0
160.654 0.142857 0.142857 1 1 0
160.154 0.142857 0.142857 1 1 0
159.654 0.142857 0.142857 1 1 0
159.154 0.142857 0.142857 1 1 0
158.654 0.142857 0.142857 1 1 0
158.154 0.142857 0.142857 1 1 0
157.654 0.142857 0.142857 1 1 0
157.154 0.142857 0.142857 1 1 0
156.654 0.142857 0.142857 1 1 0
156.154 0.142857 0.142857 1 1 0
155.654 0.142857 0.142857 1 1 0
155.154 0.142857 0.142857 1 1 0
154.654 0.142857 0.142857 1 1 0
154.154 0.142857 0.142857 1 1 0
153.654 0.142857 0.142857 1 1 0
153.154 0.142857 0.142857 1 1 0
152.654 0.142857 0.142857 1 1 0
152.154 0.142857 0.142857 1 1 0
151.654 0.142857 0.142857 1 1 0
151.154 0.142857 0.142857 1 1 0
150.654 0.142857 0.142857 1 1 0
150.154 0.142857 0.142857 1 1 0
149.654 0.142857 0.142857 1 1 0
149.154 0.142857 0.142857 1 1 0
148.654 0.142857 0.142857 1 1 0
148.154 0.142857 0.142857 1 1 0
147.654 0.142857 0.142857 1 1 0
147.154 0.142857 0.142857 1 1 0
146.654 0.142857 0.142857 1 1 0
146.154 0.142857 0.142857 1 1 0
145.654 0.142857 0.142857 1 1 0
145.154 0.142857 0.142857 1 1 0
144.654 0.142857 0.142857 1 1 0
144.154 0.142857 0.142857 1 1 0
143.654 0.142857 0.142857 1 1 0
143.154 0.142857 0.142857 1 1 0
142.654 0.142857 0.142857 1 1 0
142.154 0.142857 0.142857 1 1 0
141.654 0.142857 0.142857 1 1 0
141.154 0.142857 0.142857 1 1 0
140.654 0.142857 0.142857 1 1 0
140.154 0.142857 0.142857 1 1 0
139.654 0.142857 0.142857 1 1 0
139.154 0.142857 0.142857 1 1 0
138.654 0.142857 0.142857 1 1 0
138.154 0.142857 0.142857 1 1 0
137.654 0.142857 0.142857 1 1 0
137.154 0.142857 0.142857 1 1 0
136.654 0.142857 0.142857 1 1 0
136.154 0.142857 0.142857 1 1 0
135.654 0.142857 0.142857 1 1 0
135.154 0.142857 0.142857 1 1 0
134.654 0.142857 0.142857 1 1 0
134.154 0.142857 0.142857 1 1 0
133.654 0.142857 0.142857 1 1 0
133.154 0.142857 0.142857 1 1 0
132.654 0.142857 0.142857 1 1 0
132.154 0.142857 0.142857 1 1 0
131.654 0.142857 0.142857 1 1 0
131.154 0.142857 0.142857 1 1 0
130.654 0.142857 0.142857 1 1 0
130.154 0.142857 0.142857 1 1 0
129.654 0.142857 0.142857 1 1 0
129.154 0.142857 0.142857 1 1 0
128.654 0.142857 0.142857 1 1 0
128.154 0.142857 0.142857 1 1 0
127.654 0.142857 0.142857 1 1 0
127.154 0.142857 0.142857 1 1 0
126.654 0.142857 0.142857 1 1 0
126.154 0.142857 0.142857 1 1 0
125.654 0.142857 0.142857 1 1 0
125.154 0.142857 0.142857 1 1 0
124.654 0.142857 0.142857 1 1 0
124.154 0.142857 0.142857 1 1 0
123.654 0.142857 0.142857 1 1 0
123.154 0.142857 0.142857 1 1 0
122.654 0.142857 0.142857 1 1 0
122.154 0.142857 0.142857 1 1 0
121.654 0.142857 0.142857 1 1 0
121.154 0.142857 0.142857 1 1 0
120.654 0.142857 0.142857 1 1 0
120.154 0.142857 0.142857 1 1 0
119.654 0.142857 0.142857 1 1 0
119.154 0.142857 0.142857 1 1 0
118.654 0.142857 0.142857 1 1 0
118.154 0.142857 0.142857 1 1 0
117.654 0.142857 0.142857 1 1 0
117.154 0.142857 0.142857 1 1 0
116.654 0.142857 0.142857 1 1 0
116.154 0.142857 0.142857 1 1 0
115.654 0.142857 0.142857 1 1 0
115.154 0.142857 0.142857 1 1 0
114.654 0.142857 0.142857 1 1 0
114.154 0.142857 0.142857 1 1 0
113.654 0.142857 0.142857 1 1 0
113.154 0.142857 0.142857 1 1 0
112.654 0.142857 0.142857 1 1 0
112.154 0.142857 0.142857 1 1 0
111.654 0.142857 0.142857 1 1 0
111.154 0.142857 0.142857 1 1 0
110.654 0.142857 0.142857 1 1 0
110.154 0.142857 0.142857 1 1 0
109.654 0.142857 0.142857 1 1 0
109.154 0.142857 0.142857 1 1 0
109.154 0.142857 0.142857 2 1 0
109.114 0.142857 0.142857 1 1 0
109.074 0.142857 0.142857 1 1 0
108.994 0.142857 0.142857 1 1 0
108.834 0.142857 0.142857 1 1 0
108.514 0.142857 0.142857 1 1 0
108.014 0.142857 0.142857 1 1 0
107.514 0.142857 0.142857 1 1 0
107.014 0.142857 0.142857 1 1 0
106.514 0.142857 0.142857 1 1 0
106.014 0.142857 0.142857 1 1 0
105.514 0.142857 0.142857 1 1 0
105.014 0.142857 0.142857 1 1 0
104.514 0.142857 0.142857 1 1 0
104.014 0.142857 0.142857 1 1 0
103.514 0.142857 0.142857 1 1 0
103.014 0.142857 0.142857 1 1 0
102.514 0.142857 0.142857 1 1 0
102.014 0.142857 0.142857 1 1 0
101.514 0.142857 0.142857 1 1 0
101.014 0.142857 0.142857 1 1 0
100.514 0.142857 0.142857 1 1 0
100.014 0.142857 0.142857 1 1 0
99.5142 0.142857 0.142857 1 1 0
99.0142 0.142857 0.142857 1 1 0
98.5142 0.142857 0.142857 1 1 0
98.0142 0.142857 0.142857 1 1 0
97.5142 0.142857 0.142857 1 1 0
97.0142 0.142857 0.142857 1 1 0
96.5142 0.142857 0.142857 1 1 0
96.0142 0.142857 0.142857 1 1 0
95.5142 0.142857 0.142857 1 1 0
95.0142 0.142857 0.142857 1 1 0
94.5142 0.142857 0.142857 1 1 0
94.0142 0.142857 0.142857 1 1 0
93.9758 0.142857 0.142857 1 1 0
93.4758 0.142857 0.142857 2 1 0
92.9758 0.142857 0.142857 2 1 0
92.4758 0.142857 0.142857 2 1 0
91.9758 0.142857 0.142857 2 1 0
91.4758 0.142857 0.142857 2 1 0
90.9758 0.142857 0.142857 2 1 0
90.4758 0.142857 0.142857 2 1 0
89.9758 0.142857 0.142857 2 1 0
89.4758 0.142857 0.142857 2 1 0
88.9758 0.142857 0.142857 2 1 0
88.4758 0.142857 0.142857 2 1 0
87.9758 0.142857 0.142857 2 1 0
87.4758 0.142857 0.142857 2 1 0
86.9758 0.142857 0.142857 2 1 0
86.4758 0.142857 0.142857 2 1 0
85.9758 0.142857 0.142857 2 1 0
85.4758 0.142857 0.142857 2 1 0
84.9758 0.142857 0.142857 2 1 0
84.4758 0.142857 0.142857 2 1 0
83.9758 0.142857 0.142857 2 1 0
83.4758 0.142857 0.142857 2 1 0
82.9758 0.142857 0.142857 2 1 0
82.4758 0.142857 0.142857 2 1 0
81.9758 0.142857 0.142857 2 1 0
81.4758 0.142857 0.142857 2 1 0
80.9758 0.142857 0.142857 2 1 0
80.4758 0.142857 0.142857 2 1 0
79.9758 0.142857 0.142857 2 1 0
79.4758 0.142857 0.142857 2 1 0
78.9758 0.142857 0.142857 2 1 0
78.4758 0.142857 0.142857 2 1 0
77.9758 0.142857 0.142857 2 1 0
77.4758 0.142857 0.142857 2 1 0
76.9758 0.142857 0.142857 2 1 0
76.4758 0.142857 0.142857 2 1 0
75.9758 0.142857 0.142857 2 1 0
75.4758 0.142857 0.142857 2 1 0
74.9758 0.142857 0.142857 2 1 0
74.4758 0.142857 0.142857 2 1 0
73.9758 0.142857 0.142857 2 1 0
73.4758 0.142857 0.142857 2 1 0
72.9758 0.142857 0.142857 2 1 0
72.4758 0.142857 0.142857 2 1 0
71.9758 0.142857 0.142857 2 1 0
71.4758 0.142857 0.142857 2 1 0
70.9758 0.142857 0.142857 2 1 0
70.4758 0.142857 0.142857 2 1 0
69.9758 0.142857 0.142857 2 1 0
69.4758 0.142857 0.142857 2 1 0
68.9758 0.142857 0.142857 2 1 0
68.4758 0.142857 0.142857 2 1 0
67.9758 0.142857 0.142857 2 1 0
67.4758 0.142857 0.142857 2 1 0
66.9758 0.142857 0.142857 2 1 0
66.4758 0.142857 0.142857 2 1 0
65.9758 0.142857 0.142857 2 1 0
65.4758 0.142857 0.142857 2 1 0
64.9758 0.142857 0.142857 2 1 0
64.4758 0.142857 0.142857 2 1 0
63.9758 0.142857 0.142857 2 1 0
63.4758 0.142857 0.142857 2 1 0
62.9758 0.142857 0.142857 2 1 0
62.4758 0.142857 0.142857 2 1 0
61.9758 0.142857 0.142857 2 1 0
61.4758 0.142857 0.142857 2 1 0
60.9758 0.142857 0.142857 2 1 0
60.4758 0.142857 0.142857 2 1 0
59.9758 0.142857 0.142857 2 1 0
59.4758 0.142857 0.142857 2 1 0
58.9758 0.142857 0.142857 2 1 0
58.4758 0.142857 0.142857 2 1 0
57.9758 0.142857 0.142857 2 1 0
57.4758 0.142857 0.142857 2 1 0
56.9758 0.142857 0.142857 2 1 0
56.4758 0.142857 0.142857 2 1 0
55.9758 0.142857 0.142857 2 1 0
55.4758 0.142857 0.142857 2 1 0
54.9758 0.142857 0.142857 2 1 0
54.4758 0.142857 0.142857 2 1 0
53.9758 0.142857 0.142857 2 1 0
53.4758 0.142857 0.142857 2 1 0
52.9758 0.142857 0.142857 2 1 0
52.4758 0.142857 0.142857 2 1 0
51.9758 0.142857 0.142857 2 1 0
51.4758 0.142857 0.142857 2 1 0
50.9758 0.142857 0.142857 2 1 0
50.4758 0.142857 0.142857 2 1 0
49.9758 0.142857 0.142857 2 1 0
49.4758 0.142857 0.142857 2 1 0
48.9758 0.142857 0.142857 2 1 0
48.4758 0.142857 0.142857 2 1 0
47.9758 0.142857 0.142857 2 1 0
47.4758 0.142857 0.142857 2 1 0
46.9758 0.142857 0.142857 2 1 0
46.4758 0.142857 0.142857 2 1 0
45.9759 0.142857 0.142857 2 1 0
45.4759 0.142857 0.142857 2 1 0
44.9759 0.142857 0.142857 2 1 0
44.4759 0.142857 0.142857 2 1 0
43.9759 0.142857 0.142857 2 1 0
43.4759 0.142857 0.142857 2 1 0
42.9759 0.142857 0.142857 2 1 0
42.4759 0.142857 0.142857 2 1 0
41.9759 0.142857 0.142857 2 1 0
41.4759 0.142857 0.142857 2 1 0
40.9759 0.142857 0.142857 2 1 0
40.4759 0.142857 0.142857 2 1 0
39.9759 0.142857 0.142857 2 1 0
39.4759 0.142857 0.142857 2 1 0
38.9759 0.142857 0.142857 2 1 0
38.4759 0.142857 0.142857 2 1 0
37.9759 0.142857 0.142857 2 1 0
37.4759 0.142857 0.142857 2 1 0
36.9759 0.142857 0.142857 2 1 0
36.4759 0.142857 0.142857 2 1 0
35.9759 0.142857 0.142857 2 1 0
35.4759 0.142857 0.142857 2 1 0
34.9759 0.142857 0.142857 2 1 0
34.4759 0.142857 0.142857 2 1 0
33.9759 0.142857 0.142857 2 1 0
33.4759 0.142857 0.142857 2 1 0
32.9759 0.142857 0.142857 2 1 0
32.4759 0.142857 0.142857 2 1 0
31.9759 0.142857 0.142857 2 1 0
31.4759 0.142857 0.142857 2 1 0
30.9759 0.142857 0.142857 2 1 0
30.4759 0.142857 0.142857 2 1 0
29.9759 0.142857 0.142857 2 1 0
29.4759 0.142857 0.142857 2 1 0
28.9759 0.142857 0.142857 2 1 0
28.4759 0.142857 0.142857 2 1 0
27.9759 0.142857 0.142857 2 1 0
27.4759 0.142857 0.142857 2 1 0
26.9759 0.142857 0.142857 2 1 0
26.4759 0.142857 0.142857 2 1 0
25.9759 0.142857 0.142857 2 1 0
25.476 0.142857 0.142857 2 1 0
24.976 0.142857 0.142857 2 1 0
24.476 0.142857 0.142857 2 1 0
23.976 0.142857 0.142857 2 1 0
23.476 0.142857 0.142857 2 1 0
22.976 0.142857 0.142857 2 1 0
22.476 0.142857 0.142857 2 1 0
21.976 0.142857 0.142857 2 1 0
21.476 0.142857 0.142857 2 1 0
20.976 0.142857 0.142857 2 1 0
20.476 0.142857 0.142857 2 1 0
19.976 0.142857 0.142857 2 1 0
19.476 0.142857 0.142857 2 1 0
18.976 0.142857 0.142857 2 1 0
18.476 0.142857 0.142857 2 1 0
17.976 0.142857 0.142857 2 1 0
17.476 0.142857 0.142857 2 1 0
16.9761 0.142857 0.142857 2 1 0
16.4761 0.142857 0.142857 2 1 0
15.9761 0.142857 0.142857 2 1 0
15.4761 0.142857 0.142857 2 1 0
14.9761 0.142857 0.142857 2 1 0
14.4761 0.142857 0.142857 2 1 0
13.9761 0.142857 0.142857 2 1 0
13.4761 0.142857 0.142857 2 1 0
12.9761 0.142857 0.142857 2 1 0
12.4761 0.142857 0.142857 2 1 0
11.9762 0.142857 0.142857 2 1 0
11.4762 0.142857 0.142857 2 1 0
10.9762 0.142857 0.142857 2 1 0
10.4762 0.142857 0.142857 2 1 0
9.97622 0.142857 0.142857 2 1 0
9.47623 0.142857 0.142857 2 1 0
8.97625 0.142857 0.142857 2 1 0
8.47627 0.142857 0.142857 2 1 0
7.97629 0.142857 0.142857 2 1 0
7.47631 0.142857 0.142857 2 1 0
6.97633 0.142857 0.142857 2 1 0
6.47635 0.142857 0.142857 2 1 0
5.97637 0.142857 0.142857 2 1 0
5.4764 0.142857 0.142857 2 1 0
4.97642 0.142857 0.142857 2 1 0
4.47645 0.142857 0.142857 2 1 0
3.97648 0.142857 0.142857 2 1 0
3.47651 0.142857 0.142857 2 1 0
2.97654 0.142857 0.142857 2 1 0
2.47657 0.142857 0.142857 2 1 0
1.97661 0.142857 0.142857 2 1 0
1.47664 0.142857 0.142857 2 1 0
0.976682 0.142857 0.142857 2 1 0
0.476724 0.142857 0.142857 2 1 0
-0.0232319 0.142857 0.142857 2 1 0
93.9758 0.142857 0.142857 2 2 0
100.724 0.156346 0.156346 2 2 0
100.737 0.15636 0.15636 2 2 0
100.739 0.156365 0.156365 2 2 0
100.741 0.15637 0.15637 2 2 0
100.746 0.156381 0.156381 2 2 0
100.756 0.156402 0.156402 2 2 0
100.776 0.156443 0.156443 2 2 0
100.816 0.156527 0.156527 2 2 0
100.896 0.156694 0.156694 2 2 0
101.056 0.157029 0.157029 2 2 0
101.376 0.1577 0.1577 2 2 0
101.876 0.158754 0.158754 2 2 0
102.376 0.159815 0.159815 2 2 0
102.876 0.160881 0.160881 2 2 0
103.376 0.161954 0.161954 2 2 0
103.876 0.163033 0.163033 2 2 0
104.376 0.164118 0.164118 2 2 0
104.876 0.165209 0.165209 2 2 0
105.376 0.166306 0.166306 2 2 0
105.876 0.167409 0.167409 2 2 0
106.376 0.168517 0.168517 2 2 0
106.876 0.169632 0.169632 2 2 0
107.376 0.170752 0.170752 2 2 0
107.876 0.171878 0.171878 2 2 0
108.376 0.173009 0.173009 2 2 0
108.876 0.174146 0.174146 2 2 0
109.376 0.175288 0.175288 2 2 0
109.876 0.176435 0.176435 2 2 0
110.376 0.177588 0.177588 2 2 0
110.876 0.178746 0.178746 2 2 0
111.376 0.17991 0.17991 2 2 0
111.876 0.181078 0.181078 2 2 0
112.376 0.182252 0.182252 2 2 0
112.876 0.18343 0.18343 2 2 0
113.376 0.184613 0.184613 2 2 0
113.876 0.185801 0.185801 2 2 0
114.376 0.186994 0.186994 2 2 0
114.876 0.188192 0.188192 2 2 0
115.376 0.189394 0.189394 2 2 0
115.876 0.1906 0.1906 2 2 0
116.376 0.191811 0.191811 2 2 0
116.876 0.193027 0.193027 2 2 0
117.376 0.194246 0.194246 2 2 0
117.876 0.19547 0.19547 2 2 0
118.376 0.196698 0.196698 2 2 0
118.876 0.19793 0.19793 2 2 0
119.376 0.199165 0.199165 2 2 0
119.876 0.200405 0.200405 2 2 0
120.376 0.201648 0.201648 2 2 0
120.876 0.202895 0.202895 2 2 0
121.376 0.204146 0.204146 2 2 0
121.876 0.2054 0.2054 2 2 0
122.376 0.206658 0.206658 2 2 0
122.876 0.207919 0.207919 2 2 0
123.376 0.209183 0.209183 2 2 0
123.876 0.21045 0.21045 2 2 0
124.376 0.211721 0.211721 2 2 0
124.876 0.212994 0.212994 2 2 0
125.376 0.21427 0.21427 2 2 0
125.876 0.215549 0.215549 2 2 0
126.376 0.216831 0.216831 2 2 0
126.876 0.218116 0.218116 2 2 0
127.376 0.219402 0.219402 2 2 0
127.876 0.220692 0.220692 2 2 0
128.376 0.221984 0.221984 2 2 0
128.876 0.223278 0.223278 2 2 0
129.376 0.224574 0.224574 2 2 0
129.876 0.225872 0.225872 2 2 0
130.376 0.227172 0.227172 2 2 0
130.876 0.228474 0.228474 2 2 0
131.376 0.229778 0.229778 2 2 0
131.876 0.231084 0.231084 2 2 0
132.376 0.232391 0.232391 2 2 0
132.876 0.2337 0.2337 2 2 0
133.376 0.23501 0.23501 2 2 0
133.876 0.236321 0.236321 2 2 0
134.376 0.237634 0.237634 2 2 0
134.876 0.238948 0.238948 2 2 0
135.376 0.240263 0.240263 2 2 0
135.876 0.241579 0.241579 2 2 0
136.376 0.242896 0.242896 2 2 0
136.876 0.244213 0.244213 2 2 0
137.376 0.245532 0.245532 2 2 0
137.876 0.246851 0.246851 2 2 0
138.376 0.24817 0.24817 2 2 0
138.876 0.24949 0.24949 2 2 0
139.376 0.25081 0.25081 2 2 0
139.876 0.252131 0.252131 2 2 0
140.376 0.253451 0.253451 2 2 0
140.876 0.254772 0.254772 2 2 0
141.376 0.256092 0.256092 2 2 0
141.876 0.257413 0.257413 2 2 0
142.376 0.258733 0.258733 2 2 0
142.876 0.260053 0.260053 2 2 0
143.376 0.261373 0.261373 2 2 0
143.876 0.262692 0.262692 2 2 0
144.376 0.264011 0.264011 2 2 0
144.876 0.265328 0.265328 2 2 0
145.376 0.266646 0.266646 2 2 0
145.876 0.267962 0.267962 2 2 0
146.376 0.269278 0.269278 2 2 0
146.876 0.270592 0.270592 2 2 0
147.376 0.271906 0.271906 2 2 0
147.876 0.273218 0.273218 2 2 0
148.376 0.274529 0.274529 2 2 0
148.876 0.275839 0.275839 2 2 0
149.376 0.277147 0.277147 2 2 0
149.876 0.278454 0.278454 2 2 0
150.376 0.279759 0.279759 2 2 0
150.876 0.281063 0.281063 2 2 0
151.376 0.282365 0.282365 2 2 0
151.876 0.283665 0.283665 2 2 0
152.376 0.284963 0.284963 2 2 0
152.876 0.28626 0.28626 2 2 0
153.376 0.287554 0.287554 2 2 0
153.876 0.288846 0.288846 2 2 0
154.376 0.290136 0.290136 2 2 0
154.876 0.291424 0.291424 2 2 0
155.376 0.292709 0.292709 2 2 0
155.876 0.293992 0.293992 2 2 0
156.376 0.295273 0.295273 2 2 0
156.876 0.296551 0.296551 2 2 0
157.376 0.297826 0.297826 2 2 0
157.876 0.299099 0.299099 2 2 0
158.376 0.300369 0.300369 2 2 0
158.876 0.301636 0.301636 2 2 0
159.376 0.3029 0.3029 2 2 0
159.876 0.304161 0.304161 2 2 0
160.376 0.305419 0.305419 2 2 0
160.876 0.306674 0.306674 2 2 0
161.376 0.307926 0.307926 2 2 0
161.876 0.309175 0.309175 2 2 0
162.376 0.31042 0.31042 2 2 0
162.876 0.311663 0.311663 2 2 0
163.376 0.312901 0.312901 2 2 0
163.876 0.314137 0.314137 2 2 0
164.376 0.315368 0.315368 2 2 0
164.876 0.316596 0.316596 2 2 0
165.376 0.317821 0.317821 2 2 0
165.876 0.319042 0.319042 2 2 0
166.376 0.320259 0.320259 2 2 0
166.876 0.321472 0.321472 2 2 0
167.376 0.322682 0.322682 2 2 0
167.876 0.323887 0.323887 2 2 0
168.376 0.325089 0.325089 2 2 0
168.876 0.326286 0.326286 2 2 0
169.376 0.32748 0.32748 2 2 0
169.876 0.328669 0.328669 2 2 0
170.376 0.329855 0.329855 2 2 0
170.876 0.331036 0.331036 2 2 0
171.376 0.332213 0.332213 2 2 0
171.876 0.333385 0.333385 2 2 0
172.376 0.334553 0.334553 2 2 0
172.876 0.335717 0.335717 2 2 0
173.376 0.336877 0.336877 2 2 0
173.876 0.338032 0.338032 2 2 0
174.376 0.339182 0.339182 2 2 0
174.876 0.340328 0.340328 2 2 0
175.376 0.341469 0.341469 2 2 0
175.876 0.342606 0.342606 2 2 0
176.376 0.343738 0.343738 2 2 0
176.876 0.344866 0.344866 2 2 0
177.376 0.345988 0.345988 2 2 0
177.876 0.347106 0.347106 2 2 0
178.376 0.348219 0.348219 2 2 0
178.876 0.349328 0.349328 2 2 0
179.376 0.350431 0.350431 2 2 0
179.876 0.35153 0.35153 2 2 0
180.376 0.352623 0.352623 2 2 0
180.876 0.353712 0.353712 2 2 0
181.376 0.354796 0.354796 2 2 0
181.876 0.355875 0.355875 2 2 0
182.376 0.356949 0.356949 2 2 0
182.876 0.358017 0.358017 2 2 0
183.376 0.359081 0.359081 2 2 0
183.876 0.36014 0.36014 2 2 0
184.376 0.361193 0.361193 2 2 0
184.876 0.362242 0.362242 2 2 0
185.376 0.363285 0.363285 2 2 0
185.876 0.364323 0.364323 2 2 0
186.376 0.365356 0.365356 2 2 0
186.876 0.366383 0.366383 2 2 0
187.376 0.367406 0.367406 2 2 0
187.876 0.368423 0.368423 2 2 0
188.376 0.369435 0.369435 2 2 0
188.876 0.370442 0.370442 2 2 0
189.376 0.371443 0.371443 2 2 0
189.876 0.372439 0.372439 2 2 0
190.376 0.37343 0.37343 2 2 0
190.876 0.374415 0.374415 2 2 0
191.376 0.375396 0.375396 2 2 0
191.876 0.37637 0.37637 2 2 0
192.376 0.37734 0.37734 2 2 0
192.876 0.378304 0.378304 2 2 0
193.376 0.379263 0.379263 2 2 0
193.876 0.380216 0.380216 2 2 0
194.376 0.381164 0.381164 2 2 0
194.876 0.382106 0.382106 2 2 0
195.376 0.383044 0.383044 2 2 0
195.876 0.383975 0.383975 2 2 0
196.376 0.384902 0.384902 2 2 0
196.876 0.385823 0.385823 2 2 0
197.376 0.386738 0.386738 2 2 0
197.876 0.387648 0.387648 2 2 0
198.376 0.388553 0.388553 2 2 0
198.876 0.389452 0.389452 2 2 0
199.376 0.390346 0.390346 2 2 0
199.876 0.391235 0.391235 2 2 0
200.376 0.392118 0.392118 2 2 0
200.876 0.392996 0.392996 2 2 0
201.376 0.393868 0.393868 2 2 0
201.876 0.394735 0.394735 2 2 0
202.376 0.395596 0.395596 2 2 0
202.876 0.396453 0.396453 2 2 0
203.376 0.397303 0.397303 2 2 0
203.876 0.398149 0.398149 2 2 0
204.376 0.398989 0.398989 2 2 0
204.876 0.399823 0.399823 2 2 0
205.376 0.400653 0.400653 2 2 0
205.876 0.401477 0.401477 2 2 0
206.376 0.402295 0.402295 2 2 0
206.876 0.403108 0.403108 2 2 0
207.376 0.403916 0.403916 2 2 0
207.876 0.404719 0.404719 2 2 0
208.376 0.405516 0.405516 2 2 0
208.876 0.406308 0.406308 2 2 0
209.376 0.407095 0.407095 2 2 0
209.876 0.407876 0.407876 2 2 0
210.376 0.408652 0.408652 2 2 0
210.876 0.409423 0.409423 2 2 0
211.376 0.410189 0.410189 2 2 0
211.876 0.410949 0.410949 2 2 0
212.376 0.411705 0.411705 2 2 0
212.876 0.412455 0.412455 2 2 0
213.376 0.4132 0.4132 2 2 0
213.876 0.413939 0.413939 2 2 0
214.376 0.414674 0.414674 2 2 0
214.876 0.415403 0.415403 2 2 0
215.376 0.416127 0.416127 2 2 0
215.876 0.416847 0.416847 2 2 0
216.376 0.417561 0.417561 2 2 0
216.876 0.41827 0.41827 2 2 0
217.376 0.418974 0.418974 2 2 0
217.876 0.419673 0.419673 2 2 0
218.376 0.420366 0.420366 2 2 0
218.876 0.421055 0.421055 2 2 0
219.376 0.421739 0.421739 2 2 0
219.876 0.422418 0.422418 2 2 0
220.376 0.423092 0.423092 2 2 0
220.876 0.423761 0.423761 2 2 0
221.376 0.424425 0.424425 2 2 0
221.876 0.425085 0.425085 2 2 0
222.376 0.425739 0.425739 2 2 0
222.876 0.426388 0.426388 2 2 0
223.376 0.427033 0.427033 2 2 0
223.876 0.427673 0.427673 2 2 0
224.376 0.428308 0.428308 2 2 0
224.876 0.428938 0.428938 2 2 0
225.376 0.429564 0.429564 2 2 0
225.876 0.430185 0.430185 2 2 0
226.376 0.430801 0.430801 2 2 0
226.876 0.431412 0.431412 2 2 0
227.376 0.432019 0.432019 2 2 0
227.876 0.432621 0.432621 2 2 0
228.376 0.433219 0.433219 2 2 0
228.876 0.433812 0.433812 2 2 0
229.376 0.4344 0.4344 2 2 0
229.876 0.434984 0.434984 2 2 0
230.376 0.435563 0.435563 2 2 0
230.876 0.436138 0.436138 2 2 0
231.376 0.436708 0.436708 2 2 0
231.876 0.437274 0.437274 2 2 0
232.376 0.437835 0.437835 2 2 0
232.876 0.438392 0.438392 2 2 0
233.376 0.438945 0.438945 2 2 0
233.876 0.439493 0.439493 2 2 0
234.376 0.440037 0.440037 2 2 0
234.876 0.440576 0.440576 2 2 0
235.376 0.441112 0.441112 2 2 0
235.876 0.441643 0.441643 2 2 0
236.376 0.442169 0.442169 2 2 0
236.876 0.442692 0.442692 2 2 0
237.376 0.44321 0.44321 2 2 0
237.876 0.443724 0.443724 2 2 0
238.376 0.444234 0.444234 2 2 0
238.876 0.44474 0.44474 2 2 0
239.376 0.445242 0.445242 2 2 0
239.876 0.445739 0.445739 2 2 0
240.376 0.446233 0.446233 2 2 0
240.876 0.446722 0.446722 2 2 0
241.376 0.447208 0.447208 2 2 0
241.876 0.44769 0.44769 2 2 0
242.376 0.448167 0.448167 2 2 0
242.876 0.448641 0.448641 2 2 0
243.376 0.449111 0.449111 2 2 0
243.876 0.449576 0.449576 2 2 0
244.376 0.450038 0.450038 2 2 0
244.876 0.450497 0.450497 2 2 0
245.376 0.450951 0.450951 2 2 0
245.876 0.451401 0.451401 2 2 0
246.376 0.451848 0.451848 2 2 0
246.876 0.452291 0.452291 2 2 0
247.376 0.452731 0.452731 2 2 0
247.876 0.453166 0.453166 2 2 0
248.376 0.453598 0.453598 2 2 0
248.876 0.454026 0.454026 2 2 0
249.376 0.454451 0.454451 2 2 0
249.876 0.454872 0.454872 2 2 0
250.376 0.45529 0.45529 2 2 0
250.876 0.455704 0.455704 2 2 0
251.376 0.456114 0.456114 2 2 0
251.876 0.456521 0.456521 2 2 0
252.376 0.456925 0.456925 2 2 0
252.876 0.457325 0.457325 2 2 0
253.376 0.457721 0.457721 2 2 0
253.876 0.458115 0.458115 2 2 0
254.376 0.458504 0.458504 2 2 0
254.876 0.458891 0.458891 2 2 0
255.376 0.459274 0.459274 2 2 0
255.876 0.459654 0.459654 2 2 0
256.376 0.46003 0.46003 2 2 0
256.876 0.460404 0.460404 2 2 0
257.376 0.460774 0.460774 2 2 0
257.876 0.461141 0.461141 2 2 0
258.376 0.461504 0.461504 2 2 0
258.876 0.461865 0.461865 2 2 0
259.376 0.462222 0.462222 2 2 0
259.876 0.462576 0.462576 2 2 0
260.376 0.462927 0.462927 2 2 0
260.876 0.463275 0.463275 2 2 0
261.376 0.46362 0.46362 2 2 0
261.876 0.463962 0.463962 2 2 0
262.376 0.464301 0.464301 2 2 0
262.876 0.464637 0.464637 2 2 0
263.376 0.46497 0.46497 2 2 0
263.876 0.4653 0.4653 2 2 0
264.376 0.465627 0.465627 2 2 0
264.876 0.465951 0.465951 2 2 0
265.376 0.466273 0.466273 2 2 0
265.876 0.466591 0.466591 2 2 0
266.376 0.466907 0.466907 2 2 0
266.876 0.46722 0.46722 2 2 0
267.376 0.46753 0.46753 2 2 0
267.876 0.467837 0.467837 2 2 0
268.376 0.468141 0.468141 2 2 0
268.876 0.468443 0.468443 2 2 0
269.376 0.468742 0.468742 2 2 0
269.876 0.469039 0.469039 2 2 0
270.376 0.469333 0.469333 2 2 0
270.876 0.469624 0.469624 2 2 0
271.376 0.469912 0.469912 2 2 0
271.876 0.470198 0.470198 2 2 0
272.376 0.470481 0.470481 2 2 0
272.876 0.470762 0.470762 2 2 0
273.376 0.47104 0.47104 2 2 0
273.876 0.471316 0.471316 2 2 0
274.376 0.471589 0.471589 2 2 0
274.876 0.47186 0.47186 2 2 0
275.376 0.472128 0.472128 2 2 0
275.876 0.472394 0.472394 2 2 0
276.376 0.472658 0.472658 2 2 0
276.876 0.472919 0.472919 2 2 0
277.376 0.473177 0.473177 2 2 0
277.876 0.473434 0.473434 2 2 0
278.376 0.473688 0.473688 2 2 0
278.876 0.473939 0.473939 2 2 0
279.376 0.474189 0.474189 2 2 0
279.876 0.474436 0.474436 2 2 0
280.376 0.47468 0.47468 2 2 0
280.876 0.474923 0.474923 2 2 0
281.376 0.475163 0.475163 2 2 0
281.876 0.475401 0.475401 2 2 0
282.376 0.475637 0.475637 2 2 0
282.876 0.475871 0.475871 2 2 0
283.376 0.476103 0.476103 2 2 0
283.876 0.476332 0.476332 2 2 0
284.376 0.476559 0.476559 2 2 0
284.876 0.476785 0.476785 2 2 0
285.376 0.477008 0.477008 2 2 0
285.876 0.477229 0.477229 2 2 0
286.376 0.477448 0.477448 2 2 0
286.876 0.477665 0.477665 2 2 0
287.376 0.47788 0.47788 2 2 0
287.876 0.478093 0.478093 2 2 0
288.376 0.478304 0.478304 2 2 0
288.876 0.478513 0.478513 2 2 0
289.376 0.47872 0.47872 2 2 0
289.876 0.478926 0.478926 2 2 0
290.376 0.479129 0.479129 2 2 0
290.876 0.47933 0.47933 2 2 0
291.376 0.47953 0.47953 2 2 0
291.876 0.479727 0.479727 2 2 0
292.376 0.479923 0.479923 2 2 0
292.876 0.480117 0.480117 2 2 0
293.376 0.480309 0.480309 2 2 0
293.876 0.4805 0.4805 2 2 0
294.376 0.480688 0.480688 2 2 0
294.876 0.480875 0.480875 2 2 0
295.376 0.48106 0.48106 2 2 0
295.876 0.481244 0.481244 2 2 0
296.376 0.481425 0.481425 2 2 0
296.876 0.481605 0.481605 2 2 0
297.376 0.481783 0.481783 2 2 0
297.876 0.48196 0.48196 2 2 0
298.376 0.482135 0.482135 2 2 0
298.876 0.482308 0.482308 2 2 0
299.376 0.48248 0.48248 2 2 0
299.876 0.48265 0.48265 2 2 0
300.376 0.482818 0.482818 2 2 0
300.876 0.482985 0.482985 2 2 0
301.376 0.48315 0.48315 2 2 0
301.876 0.483314 0.483314 2 2 0
302.376 0.483476 0.483476 2 2 0
302.876 0.483637 0.483637 2 2 0
303.376 0.483796 0.483796 2 2 0
303.876 0.483953 0.483953 2 2 0
304.376 0.484109 0.484109 2 2 0
304.876 0.484264 0.484264 2 2 0
305.376 0.484417 0.484417 2 2 0
305.876 0.484569 0.484569 2 2 0
306.376 0.484719 0.484719 2 2 0
306.876 0.484868 0.484868 2 2 0
307.376 0.485015 0.485015 2 2 0
307.876 0.485161 0.485161 2 2 0
308.376 0.485306 0.485306 2 2 0
308.876 0.485449 0.485449 2 2 0
309.376 0.485591 0.485591 2 2 0
309.876 0.485731 0.485731 2 2 0
310.376 0.48587 0.48587 2 2 0
310.876 0.486008 0.486008 2 2 0
311.376 0.486145 0.486145 2 2 0
311.876 0.48628 0.48628 2 2 0
312.376 0.486414 0.486414 2 2 0
312.876 0.486546 0.486546 2 2 0
313.376 0.486678 0.486678 2 2 0
313.876 0.486808 0.486808 2 2 0
314.376 0.486937 0.486937 2 2 0
314.876 0.487064 0.487064 2 2 0
315.376 0.487191 0.487191 2 2 0
315.876 0.487316 0.487316 2 2 0
316.376 0.48744 0.48744 2 2 0
316.876 0.487563 0.487563 2 2 0
317.376 0.487684 0.487684 2 2 0
317.876 0.487805 0.487805 2 2 0
318.376 0.487924 0.487924 2 2 0
318.876 0.488042 0.488042 2 2 0
319.376 0.488159 0.488159 2 2 0
319.876 0.488275 0.488275 2 2 0
320.376 0.48839 0.48839 2 2 0
320.876 0.488504 0.488504 2 2 0
321.376 0.488616 0.488616 2 2 0
321.876 0.488728 0.488728 2 2 0
322.376 0.488838 0.488838 2 2 0
322.876 0.488948 0.488948 2 2 0
323.376 0.489056 0.489056 2 2 0
323.876 0.489163 0.489163 2 2 0
324.376 0.48927 0.48927 2 2 0
324.876 0.489375 0.489375 2 2 0
325.376 0.489479 0.489479 2 2 0
325.876 0.489582 0.489582 2 2 0
326.376 0.489684 0.489684 2 2 0
326.876 0.489786 0.489786 2 2 0
327.376 0.489886 0.489886 2 2 0
327.876 0.489985 0.489985 2 2 0
328.376 0.490083 0.490083 2 2 0
328.876 0.490181 0.490181 2 2 0
329.376 0.490277 0.490277 2 2 0
329.876 0.490373 0.490373 2 2 0
330.376 0.490467 0.490467 2 2 0
330.876 0.490561 0.490561 2 2 0
331.376 0.490654 0.490654 2 2 0
331.876 0.490746 0.490746 2 2 0
332.376 0.490836 0.490836 2 2 0
332.876 0.490927 0.490927 2 2 0
333.376 0.491016 0.491016 2 2 0
333.876 0.491104 0.491104 2 2 0
334.376 0.491192 0.491192 2 2 0
334.876 0.491278 0.491278 2 2 0
335.376 0.491364 0.491364 2 2 0
335.876 0.491449 0.491449 2 2 0
336.376 0.491533 0.491533 2 2 0
336.876 0.491616 0.491616 2 2 0
337.376 0.491699 0.491699 2 2 0
337.876 0.49178 0.49178 2 2 0
338.376 0.491861 0.491861 2 2 0
338.876 0.491942 0.491942 2 2 0
339.376 0.492021 0.492021 2 2 0
339.876 0.492099 0.492099 2 2 0
340.376 0.492177 0.492177 2 2 0
340.876 0.492254 0.492254 2 2 0
341.376 0.492331 0.492331 2 2 0
341.876 0.492406 0.492406 2 2 0
342.376 0.492481 0.492481 2 2 0
342.876 0.492555 0.492555 2 2 0
343.376 0.492628 0.492628 2 2 0
343.876 0.492701 0.492701 2 2 0
344.376 0.492773 0.492773 2 2 0
344.876 0.492844 0.492844 2 2 0
345.376 0.492915 0.492915 2 2 0
93.9758 0.142857 0.142857 2 2 0
87.4247 0.130962 0.130962 2 2 0
87.415 0.13095 0.13095 1 2 0
87.413 0.130947 0.130947 1 2 0
87.4103 0.130942 0.130942 1 2 0
87.4053 0.130934 0.130934 1 2 0
87.3953 0.130916 0.130916 1 2 0
87.3753 0.130882 0.130882 1 2 0
87.3353 0.130813 0.130813 1 2 0
87.2553 0.130676 0.130676 1 2 0
87.0953 0.130401 0.130401 1 2 0
86.7753 0.129854 0.129854 1 2 0
86.2753 0.129006 0.129006 1 2 0
85.7753 0.128164 0.128164 1 2 0
85.2753 0.12733 0.12733 1 2 0
84.7753 0.126502 0.126502 1 2 0
84.2753 0.125682 0.125682 1 2 0
83.7753 0.124869 0.124869 1 2 0
83.2753 0.124063 0.124063 1 2 0
82.7753 0.123264 0.123264 1 2 0
82.2753 0.122473 0.122473 1 2 0
81.7753 0.121688 0.121688 1 2 0
81.2753 0.120911 0.120911 1 2 0
80.7754 0.12014 0.12014 1 2 0
80.2754 0.119377 0.119377 1 2 0
79.7754 0.11862 0.11862 1 2 0
79.2754 0.117871 0.117871 1 2 0
78.7754 0.117129 0.117129 1 2 0
78.2754 0.116393 0.116393 1 2 0
77.7754 0.115665 0.115665 1 2 0
77.2754 0.114944 0.114944 1 2 0
76.7754 0.114229 0.114229 1 2 0
76.2754 0.113522 0.113522 1 2 0
75.7754 0.112821 0.112821 1 2 0
75.2754 0.112127 0.112127 1 2 0
74.7754 0.111441 0.111441 1 2 0
74.2754 0.110761 0.110761 1 2 0
73.7754 0.110087 0.110087 1 2 0
73.2754 0.109421 0.109421 1 2 0
72.7754 0.108761 0.108761 1 2 0
72.2754 0.108108 0.108108 1 2 0
71.7754 0.107462 0.107462 1 2 0
71.2754 0.106822 0.106822 1 2 0
70.7754 0.106189 0.106189 1 2 0
70.2754 0.105562 0.105562 1 2 0
69.7754 0.104942 0.104942 1 2 0
69.2754 0.104329 0.104329 1 2 0
68.7754 0.103722 0.103722 1 2 0
68.2755 0.103121 0.103121 1 2 0
67.7755 0.102527 0.102527 1 2 0
67.2755 0.101939 0.101939 1 2 0
66.7755 0.101357 0.101357 1 2 0
66.2755 0.100781 0.100781 1 2 0
65.7755 0.100212 0.100212 1 2 0
65.2755 0.0996492 0.0996492 1 2 0
64.7755 0.0990923 0.0990923 1 2 0
64.2755 0.0985414 0.0985414 1 2 0
63.7755 0.0979966 0.0979966 1 2 0
63.2755 0.0974577 0.0974577 1 2 0
62.7755 0.0969248 0.0969248 1 2 0
62.2755 0.0963978 0.0963978 1 2 0
61.7755 0.0958766 0.0958766 1 2 0
61.2755 0.0953612 0.0953612 1 2 0
60.7755 0.0948516 0.0948516 1 2 0
60.2755 0.0943476 0.0943476 1 2 0
59.7755 0.0938493 0.0938493 1 2 0
59.2755 0.0933566 0.0933566 1 2 0
58.7755 0.0928694 0.0928694 1 2 0
58.2755 0.0923877 0.0923877 1 2 0
57.7755 0.0919115 0.0919115 1 2 0
57.2755 0.0914407 0.0914407 1 2 0
56.7755 0.0909752 0.0909752 1 2 0
56.2756 0.090515 0.090515 1 2 0
55.7756 0.09006 0.09006 1 2 0
55.2756 0.0896102 0.0896102 1 2 0
54.7756 0.0891656 0.0891656 1 2 0
54.2756 0.0887261 0.0887261 1 2 0
53.7756 0.0882916 0.0882916 1 2 0
53.2756 0.087862 0.087862 1 2 0
52.7756 0.0874374 0.0874374 1 2 0
52.2756 0.0870177 0.0870177 1 2 0
51.7756 0.0866028 0.0866028 1 2 0
51.2756 0.0861927 0.0861927 1 2 0
50.7756 0.0857873 0.0857873 1 2 0
50.2756 0.0853866 0.0853866 1 2 0
49.7756 0.0849905 0.0849905 1 2 0
49.2756 0.084599 0.084599 1 2 0
48.7756 0.084212 0.084212 1 2 0
48.2756 0.0838294 0.0838294 1 2 0
47.7756 0.0834513 0.0834513 1 2 0
47.2756 0.0830776 0.0830776 1 2 0
46.7756 0.0827081 0.0827081 1 2 0
46.2756 0.082343 0.082343 1 2 0
45.7756 0.081982 0.081982 1 2 0
45.2756 0.0816253 0.0816253 1 2 0
44.7756 0.0812726 0.0812726 1 2 0
44.2756 0.080924 0.080924 1 2 0
43.7756 0.0805795 0.0805795 1 2 0
43.2756 0.0802389 0.0802389 1 2 0
42.7757 0.0799022 0.0799022 1 2 0
42.2757 0.0795694 0.0795694 1 2 0
41.7757 0.0792405 0.0792405 1 2 0
41.2757 0.0789153 0.0789153 1 2 0
40.7757 0.0785939 0.0785939 1 2 0
40.2757 0.0782761 0.0782761 1 2 0
39.7757 0.077962 0.077962 1 2 0
39.2757 0.0776515 0.0776515 1 2 0
38.7757 0.0773446 0.0773446 1 2 0
38.2757 0.0770411 0.0770411 1 2 0
37.7757 0.0767412 0.0767412 1 2 0
37.2757 0.0764446 0.0764446 1 2 0
36.7757 0.0761514 0.0761514 1 2 0
36.2757 0.0758616 0.0758616 1 2 0
35.7757 0.0755751 0.0755751 1 2 0
35.2757 0.0752918 0.0752918 1 2 0
34.7757 0.0750117 0.0750117 1 2 0
34.2757 0.0747348 0.0747348 1 2 0
33.7757 0.074461 0.074461 1 2 0
33.2757 0.0741903 0.0741903 1 2 0
32.7757 0.0739226 0.0739226 1 2 0
32.2757 0.073658 0.073658 1 2 0
31.7757 0.0733963 0.0733963 1 2 0
31.2757 0.0731375 0.0731375 1 2 0
30.7757 0.0728816 0.0728816 1 2 0
30.2757 0.0726286 0.0726286 1 2 0
29.7757 0.0723784 0.0723784 1 2 0
29.2757 0.072131 0.072131 1 2 0
28.7757 0.0718863 0.0718863 1 2 0
28.2757 0.0716443 0.0716443 1 2 0
27.7757 0.071405 0.071405 1 2 0
27.2757 0.0711683 0.0711683 1 2 0
26.7757 0.0709342 0.0709342 1 2 0
26.2758 0.0707027 0.0707027 1 2 0
25.7758 0.0704737 0.0704737 1 2 0
25.2758 0.0702472 0.0702472 1 2 0
24.7758 0.0700231 0.0700231 1 2 0
24.2758 0.0698015 0.0698015 1 2 0
23.7758 0.0695823 0.0695823 1 2 0
23.2758 0.0693655 0.0693655 1 2 0
22.7758 0.069151 0.069151 1 2 0
22.2758 0.0689388 0.0689388 1 2 0
21.7758 0.0687289 0.0687289 1 2 0
21.2758 0.0685212 0.0685212 1 2 0
20.7758 0.0683157 0.0683157 1 2 0
20.2758 0.0681124 0.0681124 1 2 0
19.7758 0.0679113 0.0679113 1 2 0
19.2758 0.0677122 0.0677122 1 2 0
18.7758 0.0675153 0.0675153 1 2 0
18.2758 0.0673205 0.0673205 1 2 0
17.7758 0.0671277 0.0671277 1 2 0
17.2758 0.0669369 0.0669369 1 2 0
16.7758 0.0667481 0.0667481 1 2 0
16.2758 0.0665612 0.0665612 1 2 0
15.7758 0.0663763 0.0663763 1 2 0
15.2758 0.0661933 0.0661933 1 2 0
14.7758 0.0660122 0.0660122 1 2 0
14.2758 0.065833 0.065833 1 2 0
13.7758 0.0656556 0.0656556 1 2 0
13.2758 0.06548 0.06548 1 2 0
12.7758 0.0653061 0.0653061 1 2 0
12.2758 0.0651341 0.0651341 1 2 0
11.7758 0.0649638 0.0649638 1 2 0
11.2758 0.0647952 0.0647952 1 2 0
10.7758 0.0646283 0.0646283 1 2 0
10.2758 0.064463 0.064463 1 2 0
9.77583 0.0642994 0.0642994 1 2 0
9.27583 0.0641375 0.0641375 1 2 0
8.77583 0.0639771 0.0639771 1 2 0
8.27583 0.0638184 0.0638184 1 2 0
7.77583 0.0636612 0.0636612 1 2 0
7.27583 0.0635055 0.0635055 1 2 0
6.77584 0.0633514 0.0633514 1 2 0
6.27584 0.0631988 0.0631988 1 2 0
5.77584 0.0630477 0.0630477 1 2 0
5.27584 0.062898 0.062898 1 2 0
4.77584 0.0627498 0.0627498 1 2 0
4.27585 0.062603 0.062603 1 2 0
3.77585 0.0624576 0.0624576 1 2 0
3.27585 0.0623136 0.0623136 1 2 0
2.77585 0.062171 0.062171 1 2 0
2.27585 0.0620298 0.0620298 1 2 0
1.77585 0.0618899 0.0618899 1 2 0
1.27586 0.0617513 0.0617513 1 2 0
0.775857 0.061614 0.061614 1 2 0
0.275858 0.061478 0.061478 1 2 0
-0.22414 0.0613433 0.0613433 1 2 0
356.624 0.142718 0.142718 2 1 0
356.663 0.142857 0.142857 1 1 0
356.693 0.142857 0.142857 1 1 0
356.753 0.142857 0.142857 1 1 0
356.873 0.142857 0.142857 1 1 0
357.113 0.142857 0.142857 1 1 0
357.593 0.142857 0.142857 1 1 0
358.093 0.142857 0.142857 1 1 0
358.593 0.142857 0.142857 1 1 0
358.845 0.142857 0.142857 2 1 0
359.345 0.142857 0.142857 2 1 0
359.845 0.142857 0.142857 2 1 0
360.345 0.142857 0.142857 2 1 0
360.845 0.142857 0.142857 2 1 0
361.345 0.142857 0.142857 2 1 0
361.845 0.142857 0.142857 2 1 0
362.345 0.142857 0.142857 2 1 0
362.845 0.142857 0.142857 2 1 0
363.345 0.142857 0.142857 2 1 0
363.845 0.142857 0.142857 2 1 0
364.345 0.142857 0.142857 2 1 0
364.845 0.142857 0.142857 2 1 0
365.345 0.142857 0.142857 2 1 0
365.845 0.142857 0.142857 2 1 0
366.345 0.142857 0.142857 2 1 0
366.845 0.142857 0.142857 2 1 0
367.345 0.142857 0.142857 2 1 0
367.845 0.142857 0.142857 2 1 0
368.345 0.142857 0.142857 2 1 0
368.845 0.142857 0.142857 2 1 0
369.345 0.142857 0.142857 2 1 0
369.845 0.142857 0.142857 2 1 0
370.345 0.142857 0.142857 2 1 0
370.845 0.142857 0.142857 2 1 0
371.345 0.142857 0.142857 2 1 0
371.845 0.142857 0.142857 2 1 0
372.345 0.142857 0.142857 2 1 0
372.845 0.142857 0.142857 2 1 0
373.345 0.142857 0.142857 2 1 0
373.845 0.142857 0.142857 2 1 0
374.345 0.142857 0.142857 2 1 0
374.845 0.142857 0.142857 2 1 0
375.345 0.142857 0.142857 2 1 0
375.845 0.142857 0.142857 2 1 0
376.345 0.142857 0.142857 2 1 0
376.845 0.142857 0.142857 2 1 0
377.345 0.142857 0.142857 2 1 0
377.845 0.142857 0.142857 2 1 0
378.345 0.142857 0.142857 2 1 0
378.845 0.142857 0.142857 2 1 0
379.345 0.142857 0.142857 2 1 0
379.845 0.142857 0.142857 2 1 0
380.345 0.142857 0.142857 2 1 0
380.845 0.142857 0.142857 2 1 0
381.345 0.142857 0.142857 2 1 0
381.845 0.142857 0.142857 2 1 0
382.345 0.142857 0.142857 2 1 0
382.845 0.142857 0.142857 2 1 0
383.345 0.142857 0.142857 2 1 0
383.845 0.142857 0.142857 2 1 0
384.345 0.142857 0.142857 2 1 0
384.845 0.142857 0.142857 2 1 0
385.345 0.142857 0.142857 2 1 0
385.845 0.142857 0.142857 2 1 0
386.345 0.142857 0.142857 2 1 0
386.845 0.142857 0.142857 2 1 0
387.345 0.142857 0.142857 2 1 0
387.845 0.142857 0.142857 2 1 0
388.345 0.142857 0.142857 2 1 0
388.845 0.142857 0.142857 2 1 0
389.345 0.142857 0.142857 2 1 0
389.845 0.142857 0.142857 2 1 0
390.345 0.142857 0.142857 2 1 0
390.845 0.142857 0.142857 2 1 0
391.345 0.142857 0.142857 2 1 0
391.845 0.142857 0.142857 2 1 0
392.345 0.142857 0.142857 2 1 0
392.845 0.142857 0.142857 2 1 0
393.345 0.142857 0.142857 2 1 0
393.845 0.142857 0.142857 2 1 0
394.345 0.142857 0.142857 2 1 0
394.845 0.142857 0.142857 2 1 0
395.345 0.142857 0.142857 2 1 0
395.845 0.142857 0.142857 2 1 0
396.345 0.142857 0.142857 2 1 0
396.845 0.142857 0.142857 2 1 0
397.345 0.142857 0.142857 2 1 0
397.845 0.142857 0.142857 2 1 0
398.345 0.142857 0.142857 2 1 0
398.845 0.142857 0.142857 2 1 0
399.345 0.142857 0.142857 2 1 0
399.845 0.142857 0.142857 2 1 0
400.345 0.142857 0.142857 2 1 0
400.845 0.142857 0.142857 2 1 0
401.345 0.142857 0.142857 2 1 0
401.845 0.142857 0.142857 2 1 0
402.345 0.142857 0.142857 2 1 0
402.845 0.142857 0.142857 2 1 0
403.345 0.142857 0.142857 2 1 0
403.845 0.142857 0.142857 2 1 0
404.345 0.142857 0.142857 2 1 0
404.845 0.142857 0.142857 2 1 0
405.345 0.142857 0.142857 2 1 0
405.845 0.142857 0.142857 2 1 0
406.345 0.142857 0.142857 2 1 0
406.845 0.142857 0.142857 2 1 0
407.345 0.142857 0.142857 2 1 0
407.845 0.142857 0.142857 2 1 0
408.345 0.142857 0.142857 2 1 0
408.845 0.142857 0.142857 2 1 0
409.345 0.142857 0.142857 2 1 0
409.845 0.142857 0.142857 2 1 0
410.345 0.142857 0.142857 2 1 0
410.845 0.142857 0.142857 2 1 0
411.345 0.142857 0.142857 2 1 0
411.845 0.142857 0.142857 2 1 0
412.345 0.142857 0.142857 2 1 0
412.845 0.142857 0.142857 2 1 0
413.345 0.142857 0.142857 2 1 0
413.845 0.142857 0.142857 2 1 0
414.345 0.142857 0.142857 2 1 0
414.845 0.142857 0.142857 2 1 0
415.345 0.142857 0.142857 2 1 0
415.845 0.142857 0.142857 2 1 0
416.345 0.142857 0.142857 2 1 0
416.845 0.142857 0.142857 2 1 0
417.345 0.142857 0.142857 2 1 0
417.845 0.142857 0.142857 2 1 0
418.345 0.142857 0.142857 2 1 0
418.845 0.142857 0.142857 2 1 0
419.345 0.142857 0.142857 2 1 0
419.845 0.142857 0.142857 2 1 0
420.345 0.142857 0.142857 2 1 0
420.845 0.142857 0.142857 2 1 0
421.345 0.142857 0.142857 2 1 0
421.845 0.142857 0.142857 2 1 0
422.345 0.142857 0.142857 2 1 0
422.845 0.142857 0.142857 2 1 0
423.345 0.142857 0.142857 2 1 0
423.845 0.142857 0.142857 2 1 0
424.345 0.142857 0.142857 2 1 0
424.845 0.142857 0.142857 2 1 0
425.345 0.142857 0.142857 2 1 0
425.845 0.142857 0.142857 2 1 0
426.345 0.142857 0.142857 2 1 0
426.845 0.142857 0.142857 2 1 0
427.345 0.142857 0.142857 2 1 0
427.845 0.142857 0.142857 2 1 0
428.345 0.142857 0.142857 2 1 0
428.845 0.142857 0.142857 2 1 0
429.345 0.142857 0.142857 2 1 0
429.845 0.142857 0.142857 2 1 0
430.345 0.142857 0.142857 2 1 0
430.845 0.142857 0.142857 2 1 0
431.345 0.142857 0.142857 2 1 0
431.845 0.142857 0.142857 2 1 0
432.345 0.142857 0.142857 2 1 0
432.845 0.142857 0.142857 2 1 0
433.345 0.142857 0.142857 2 1 0
433.845 0.142857 0.142857 2 1 0
434.345 0.142857 0.142857 2 1 0
434.845 0.142857 0.142857 2 1 0
435.345 0.142857 0.142857 2 1 0
435.845 0.142857 0.142857 2 1 0
436.345 0.142857 0.142857 2 1 0
436.845 0.142857 0.142857 2 1 0
437.345 0.142857 0.142857 2 1 0
437.845 0.142857 0.142857 2 1 0
438.345 0.142857 0.142857 2 1 0
438.845 0.142857 0.142857 2 1 0
439.345 0.142857 0.142857 2 1 0
439.845 0.142857 0.142857 2 1 0
440.345 0.142857 0.142857 2 1 0
440.845 0.142857 0.142857 2 1 0
441.345 0.142857 0.142857 2 1 0
441.845 0.142857 0.142857 2 1 0
442.345 0.142857 0.142857 2 1 0
442.845 0.142857 0.142857 2 1 0
443.345 0.142857 0.142857 2 1 0
443.845 0.142857 0.142857 2 1 0
444.345 0.142857 0.142857 2 1 0
444.845 0.142857 0.142857 2 1 0
445.345 0.142857 0.142857 2 1 0
445.845 0.142857 0.142857 2 1 0
446.345 0.142857 0.142857 2 1 0
446.845 0.142857 0.142857 2 1 0
447.345 0.142857 0.142857 2 1 0
447.845 0.142857 0.142857 2 1 0
448.345 0.142857 0.142857 2 1 0
448.845 0.142857 0.142857 2 1 0
449.345 0.142857 0.142857 2 1 0
449.845 0.142857 0.142857 2 1 0
450.345 0.142857 0.142857 2 1 0
450.845 0.142857 0.142857 2 1 0
451.345 0.142857 0.142857 2 1 0
451.845 0.142857 0.142857 2 1 0
452.345 0.142857 0.142857 2 1 0
452.845 0.142857 0.142857 2 1 0
453.345 0.142857 0.142857 2 1 0
453.845 0.142857 0.142857 2 1 0
454.345 0.142857 0.142857 2 1 0
454.845 0.142857 0.142857 2 1 0
455.345 0.142857 0.142857 2 1 0
455.845 0.142857 0.142857 2 1 0
456.345 0.142857 0.142857 2 1 0
456.845 0.142857 0.142857 2 1 0
457.345 0.142857 0.142857 2 1 0
457.845 0.142857 0.142857 2 1 0
458.345 0.142857 0.142857 2 1 0
458.845 0.142857 0.142857 2 1 0
459.345 0.142857 0.142857 2 1 0
459.845 0.142857 0.142857 2 1 0
460.345 0.142857 0.142857 2 1 0
460.845 0.142857 0.142857 2 1 0
461.345 0.142857 0.142857 2 1 0
461.845 0.142857 0.142857 2 1 0
462.345 0.142857 0.142857 2 1 0
462.845 0.142857 0.142857 2 1 0
463.345 0.142857 0.142857 2 1 0
463.845 0.142857 0.142857 2 1 0
464.345 0.142857 0.142857 2 1 0
464.845 0.142857 0.142857 2 1 0
465.345 0.142857 0.142857 2 1 0
465.845 0.142857 0.142857 2 1 0
466.345 0.142857 0.142857 2 1 0
466.845 0.142857 0.142857 2 1 0
467.345 0.142857 0.142857 2 1 0
467.845 0.142857 0.142857 2 1 0
468.345 0.142857 0.142857 2 1 0
468.845 0.142857 0.142857 2 1 0
469.345 0.142857 0.142857 2 1 0
469.845 0.142857 0.142857 2 1 0
470.345 0.142857 0.142857 2 1 0
470.845 0.142857 0.142857 2 1 0
471.345 0.142857 0.142857 2 1 0
471.845 0.142857 0.142857 2 1 0
472.345 0.142857 0.142857 2 1 0
472.845 0.142857 0.142857 2 1 0
473.345 0.142857 0.142857 2 1 0
473.845 0.142857 0.142857 2 1 0
474.345 0.142857 0.142857 2 1 0
474.845 0.142857 0.142857 2 1 0
475.345 0.142857 0.142857 2 1 0
475.845 0.142857 0.142857 2 1 0
476.345 0.142857 0.142857 2 1 0
476.845 0.142857 0.142857 2 1 0
477.345 0.142857 0.142857 2 1 0
477.845 0.142857 0.142857 2 1 0
478.345 0.142857 0.142857 2 1 0
478.845 0.142857 0.142857 2 1 0
479.345 0.142857 0.142857 2 1 0
479.845 0.142857 0.142857 2 1 0
480.345 0.142857 0.142857 2 1 0
480.845 0.142857 0.142857 2 1 0
481.345 0.142857 0.142857 2 1 0
481.845 0.142857 0.142857 2 1 0
482.345 0.142857 0.142857 2 1 0
482.845 0.142857 0.142857 2 1 0
483.345 0.142857 0.142857 2 1 0
483.845 0.142857 0.142857 2 1 0
484.345 0.142857 0.142857 2 1 0
484.845 0.142857 0.142857 2 1 0
485.345 0.142857 0.142857 2 1 0
485.845 0.142857 0.142857 2 1 0
486.345 0.142857 0.142857 2 1 0
486.845 0.142857 0.142857 2 1 0
487.345 0.142857 0.142857 2 1 0
487.845 0.142857 0.142857 2 1 0
488.345 0.142857 0.142857 2 1 0
488.845 0.142857 0.142857 2 1 0
489.345 0.142857 0.142857 2 1 0
489.845 0.142857 0.142857 2 1 0
490.345 0.142857 0.142857 2 1 0
490.845 0.142857 0.142857 2 1 0
491.345 0.142857 0.142857 2 1 0
491.845 0.142857 0.142857 2 1 0
492.345 0.142857 0.142857 2 1 0
492.845 0.142857 0.142857 2 1 0
493.345 0.142857 0.142857 2 1 0
493.845 0.142857 0.142857 2 1 0
494.345 0.142857 0.142857 2 1 0
494.845 0.142857 0.142857 2 1 0
495.345 0.142857 0.142857 2 1 0
495.845 0.142857 0.142857 2 1 0
496.345 0.142857 0.142857 2 1 0
496.845 0.142857 0.142857 2 1 0
497.345 0.142857 0.142857 2 1 0
497.845 0.142857 0.142857 2 1 0
498.345 0.142857 0.142857 2 1 0
498.845 0.142857 0.142857 2 1 0
499.345 0.142857 0.142857 2 1 0
499.845 0.142857 0.142857 2 1 0
500.345 0.142857 0.142857 2 1 0
500.845 0.142857 0.142857 2 1 0
501.345 0.142857 0.142857 2 1 0
501.845 0.142857 0.142857 2 1 0
502.345 0.142857 0.142857 2 1 0
502.845 0.142857 0.142857 2 1 0
503.345 0.142857 0.142857 2 1 0
503.845 0.142857 0.142857 2 1 0
504.345 0.142857 0.142857 2 1 0
504.845 0.142857 0.142857 2 1 0
505.345 0.142857 0.142857 2 1 0
505.845 0.142857 0.142857 2 1 0
506.345 0.142857 0.142857 2 1 0
506.845 0.142857 0.142857 2 1 0
507.345 0.142857 0.142857 2 1 0
507.845 0.142857 0.142857 2 1 0
508.345 0.142857 0.142857 2 1 0
508.845 0.142857 0.142857 2 1 0
509.345 0.142857 0.142857 2 1 0
509.845 0.142857 0.142857 2 1 0
510.345 0.142857 0.142857 2 1 0
510.845 0.142857 0.142857 2 1 0
511.345 0.142857 0.142857 2 1 0
511.845 0.142857 0.142857 2 1 0
512.345 0.142857 0.142857 2 1 0
512.845 0.142857 0.142857 2 1 0
513.345 0.142857 0.142857 2 1 0
513.845 0.142857 0.142857 2 1 0
514.345 0.142857 0.142857 2 1 0
514.845 0.142857 0.142857 2 1 0
515.345 0.142857 0.142857 2 1 0
515.845 0.142857 0.142857 2 1 0
516.345 0.142857 0.142857 2 1 0
516.845 0.142857 0.142857 2 1 0
517.345 0.142857 0.142857 2 1 0
517.845 0.142857 0.142857 2 1 0
518.345 0.142857 0.142857 2 1 0
518.845 0.142857 0.142857 2 1 0
519.345 0.142857 0.142857 2 1 0
519.845 0.142857 0.142857 2 1 0
520.345 0.142857 0.142857 2 1 0
520.845 0.142857 0.142857 2 1 0
521.345 0.142857 0.142857 2 1 0
521.845 0.142857 0.142857 2 1 0
522.345 0.142857 0.142857 2 1 0
522.845 0.142857 0.142857 2 1 0
523.345 0.142857 0.142857 2 1 0
523.845 0.142857 0.142857 2 1 0
524.345 0.142857 0.142857 2 1 0
524.845 0.142857 0.142857 2 1 0
525.345 0.142857 0.142857 2 1 0
525.845 0.142857 0.142857 2 1 0
526.345 0.142857 0.142857 2 1 0
526.845 0.142857 0.142857 2 1 0
527.345 0.142857 0.142857 2 1 0
527.845 0.142857 0.142857 2 1 0
528.345 0.142857 0.142857 2 1 0
528.845 0.142857 0.142857 2 1 0
529.345 0.142857 0.142857 2 1 0
529.845 0.142857 0.142857 2 1 0
530.345 0.142857 0.142857 2 1 0
530.845 0.142857 0.142857 2 1 0
531.345 0.142857 0.142857 2 1 0
531.845 0.142857 0.142857 2 1 0
532.345 0.142857 0.142857 2 1 0
532.845 0.142857 0.142857 2 1 0
533.345 0.142857 0.142857 2 1 0
533.845 0.142857 0.142857 2 1 0
534.345 0.142857 0.142857 2 1 0
534.845 0.142857 0.142857 2 1 0
535.345 0.142857 0.142857 2 1 0
535.845 0.142857 0.142857 2 1 0
536.345 0.142857 0.142857 2 1 0
536.845 0.142857 0.142857 2 1 0
537.345 0.142857 0.142857 2 1 0
537.845 0.142857 0.142857 2 1 0
538.345 0.142857 0.142857 2 1 0
538.845 0.142857 0.142857 2 1 0
539.345 0.142857 0.142857 2 1 0
539.845 0.142857 0.142857 2 1 0
540.345 0.142857 0.142857 2 1 0
540.845 0.142857 0.142857 2 1 0
541.345 0.142857 0.142857 2 1 0
541.845 0.142857 0.142857 2 1 0
542.345 0.142857 0.142857 2 1 0
542.845 0.142857 0.142857 2 1 0
543.345 0.142857 0.142857 2 1 0
543.845 0.142857 0.142857 2 1 0
544.345 0.142857 0.142857 2 1 0
544.845 0.142857 0.142857 2 1 0
545.345 0.142857 0.142857 2 1 0
545.845 0.142857 0.142857 2 1 0
546.345 0.142857 0.142857 2 1 0
546.845 0.142857 0.142857 2 1 0
547.345 0.142857 0.142857 2 1 0
547.845 0.142857 0.142857 2 1 0
548.345 0.142857 0.142857 2 1 0
548.845 0.142857 0.142857 2 1 0
549.345 0.142857 0.142857 2 1 0
549.845 0.142857 0.142857 2 1 0
550.345 0.142857 0.142857 2 1 0
550.845 0.142857 0.142857 2 1 0
551.345 0.142857 0.142857 2 1 0
551.845 0.142857 0.142857 2 1 0
552.345 0.142857 0.142857 2 1 0
552.845 0.142857 0.142857 2 1 0
553.345 0.142857 0.142857 2 1 0
553.845 0.142857 0.142857 2 1 0
554.345 0.142857 0.142857 2 1 0
554.845 0.142857 0.142857 2 1 0
555.345 0.142857 0.142857 2 1 0
555.845 0.142857 0.142857 2 1 0
556.345 0.142857 0.142857 2 1 0
556.845 0.142857 0.142857 2 1 0
557.345 0.142857 0.142857 2 1 0
557.845 0.142857 0.142857 2 1 0
558.345 0.142857 0.142857 2 1 0
558.845 0.142857 0.142857 2 1 0
559.345 0.142857 0.142857 2 1 0
559.845 0.142857 0.142857 2 1 0
560.345 0.142857 0.142857 2 1 0
560.845 0.142857 0.142857 2 1 0
561.345 0.142857 0.142857 2 1 0
561.845 0.142857 0.142857 2 1 0
562.345 0.142857 0.142857 2 1 0
562.845 0.142857 0.142857 2 1 0
563.345 0.142857 0.142857 2 1 0
563.845 0.142857 0.142857 2 1 0
564.345 0.142857 0.142857 2 1 0
564.845 0.142857 0.142857 2 1 0
565.345 0.142857 0.142857 2 1 0
565.845 0.142857 0.142857 2 1 0
566.345 0.142857 0.142857 2 1 0
566.845 0.142857 0.142857 2 1 0
567.345 0.142857 0.142857 2 1 0
567.845 0.142857 0.142857 2 1 0
568.345 0.142857 0.142857 2 1 0
568.845 0.142857 0.142857 2 1 0
569.345 0.142857 0.142857 2 1 0
569.845 0.142857 0.142857 2 1 0
570.345 0.142857 0.142857 2 1 0
570.845 0.142857 0.142857 2 1 0
571.345 0.142857 0.142857 2 1 0
571.845 0.142857 0.142857 2 1 0
572.345 0.142857 0.142857 2 1 0
572.845 0.142857 0.142857 2 1 0
573.345 0.142857 0.142857 2 1 0
573.845 0.142857 0.142857 2 1 0
574.345 0.142857 0.142857 2 1 0
574.845 0.142857 0.142857 2 1 0
575.345 0.142857 0.142857 2 1 0
575.845 0.142857 0.142857 2 1 0
576.345 0.142857 0.142857 2 1 0
576.845 0.142857 0.142857 2 1 0
577.345 0.142857 0.142857 2 1 0
577.845 0.142857 0.142857 2 1 0
578.345 0.142857 0.142857 2 1 0
578.845 0.142857 0.142857 2 1 0
579.345 0.142857 0.142857 2 1 0
579.845 0.142857 0.142857 2 1 0
580.345 0.142857 0.142857 2 1 0
580.845 0.142857 0.142857 2 1 0
581.345 0.142857 0.142857 2 1 0
581.845 0.142857 0.142857 2 1 0
582.345 0.142857 0.142857 2 1 0
582.845 0.142857 0.142857 2 1 0
583.345 0.142857 0.142857 2 1 0
583.845 0.142857 0.142857 2 1 0
584.345 0.142857 0.142857 2 1 0
584.845 0.142857 0.142857 2 1 0
585.345 0.142857 0.142857 2 1 0
585.845 0.142857 0.142857 2 1 0
586.345 0.142857 0.142857 2 1 0
586.845 0.142857 0.142857 2 1 0
587.345 0.142857 0.142857 2 1 0
587.845 0.142857 0.142857 2 1 0
588.345 0.142857 0.142857 2 1 0
588.845 0.142857 0.142857 2 1 0
589.345 0.142857 0.142857 2 1 0
589.845 0.142857 0.142857 2 1 0
590.345 0.142857 0.142857 2 1 0
590.845 0.142857 0.142857 2 1 0
591.345 0.142857 0.142857 2 1 0
591.845 0.142857 0.142857 2 1 0
592.345 0.142857 0.142857 2 1 0
592.845 0.142857 0.142857 2 1 0
593.345 0.142857 0.142857 2 1 0
593.845 0.142857 0.142857 2 1 0
594.345 0.142857 0.142857 2 1 0
594.845 0.142857 0.142857 2 1 0
595.345 0.142857 0.142857 2 1 0
595.845 0.142857 0.142857 2 1 0
596.345 0.142857 0.142857 2 1 0
596.845 0.142857 0.142857 2 1 0
597.345 0.142857 0.142857 2 1 0
597.845 0.142857 0.142857 2 1 0
598.345 0.142857 0.142857 2 1 0
598.845 0.142857 0.142857 2 1 0
599.345 0.142857 0.142857 2 1 0
599.845 0.142857 0.142857 2 1 0
600.345 0.142857 0.142857 2 1 0
600.845 0.142857 0.142857 2 1 0
601.345 0.142857 0.142857 2 1 0
601.845 0.142857 0.142857 2 1 0
602.345 0.142857 0.142857 2 1 0
602.845 0.142857 0.142857 2 1 0
603.345 0.142857 0.142857 2 1 0
603.845 0.142857 0.142857 2 1 0
