50 0.127892 0.127892 2 1 0
50.04 0.127942 0.127942 1 1 0
50.08 0.127992 0.127992 1 1 0
50.16 0.128093 0.128093 1 1 0
50.32 0.128294 0.128294 1 1 0
50.64 0.128698 0.128698 1 1 0
51.14 0.129337 0.129337 1 1 0
51.64 0.129983 0.129983 1 1 0
52.14 0.130637 0.130637 1 1 0
52.64 0.131299 0.131299 1 1 0
53.14 0.131969 0.131969 1 1 0
53.64 0.132647 0.132647 1 1 0
54.14 0.133334 0.133334 1 1 0
54.64 0.134028 0.134028 1 1 0
55.14 0.134731 0.134731 1 1 0
55.64 0.135443 0.135443 1 1 0
56.1399 0.136163 0.136163 1 1 0
56.6399 0.136892 0.136892 1 1 0
57.1399 0.13763 0.13763 1 1 0
57.6399 0.138376 0.138376 1 1 0
58.1399 0.139132 0.139132 1 1 0
58.6399 0.139897 0.139897 1 1 0
59.1399 0.140671 0.140671 1 1 0
59.6399 0.141454 0.141454 1 1 0
60.1399 0.142246 0.142246 1 1 0
60.6399 0.143048 0.143048 1 1 0
61.1399 0.14386 0.14386 1 1 0
61.6399 0.144681 0.144681 1 1 0
62.1399 0.145512 0.145512 1 1 0
62.6399 0.146353 0.146353 1 1 0
63.1399 0.147204 0.147204 1 1 0
63.6399 0.148064 0.148064 1 1 0
64.1399 0.148935 0.148935 1 1 0
64.6399 0.149817 0.149817 1 1 0
65.1399 0.150708 0.150708 1 1 0
65.6399 0.15161 0.15161 1 1 0
66.1399 0.152522 0.152522 1 1 0
66.6399 0.153445 0.153445 1 1 0
67.1398 0.154379 0.154379 1 1 0
67.6398 0.155323 0.155323 1 1 0
68.1398 0.156279 0.156279 1 1 0
68.6398 0.157245 0.157245 1 1 0
69.1398 0.158222 0.158222 1 1 0
69.6398 0.159211 0.159211 1 1 0
70.1398 0.160211 0.160211 1 1 0
70.6398 0.161222 0.161222 1 1 0
71.1398 0.162244 0.162244 1 1 0
71.6398 0.163278 0.163278 1 1 0
72.1398 0.164323 0.164323 1 1 0
72.6398 0.16538 0.16538 1 1 0
73.1398 0.166449 0.166449 1 1 0
73.6398 0.16753 0.16753 1 1 0
74.1398 0.168622 0.168622 1 1 0
74.6398 0.169727 0.169727 1 1 0
75.1398 0.170843 0.170843 1 1 0
75.6398 0.171972 0.171972 1 1 0
76.1398 0.173112 0.173112 1 1 0
76.6398 0.174265 0.174265 1 1 0
77.1398 0.175431 0.175431 1 1 0
77.6397 0.176608 0.176608 1 1 0
78.1397 0.177798 0.177798 1 1 0
78.6397 0.179001 0.179001 1 1 0
79.1397 0.180216 0.180216 1 1 0
79.6397 0.181444 0.181444 1 1 0
80.1397 0.182684 0.182684 1 1 0
80.6397 0.183938 0.183938 1 1 0
81.1397 0.185204 0.185204 1 1 0
81.6397 0.186483 0.186483 1 1 0
82.1397 0.187774 0.187774 1 1 0
82.6397 0.189079 0.189079 1 1 0
83.1397 0.190397 0.190397 1 1 0
83.6397 0.191728 0.191728 1 1 0
84.1397 0.193072 0.193072 1 1 0
84.6397 0.194429 0.194429 1 1 0
85.1397 0.195799 0.195799 1 1 0
85.6397 0.197183 0.197183 1 1 0
86.1397 0.198579 0.198579 1 1 0
86.6397 0.199989 0.199989 1 1 0
87.1397 0.201413 0.201413 1 1 0
87.6396 0.20285 0.20285 1 1 0
88.1396 0.2043 0.2043 1 1 0
88.6396 0.205763 0.205763 1 1 0
89.1396 0.20724 0.20724 1 1 0
89.6396 0.208731 0.208731 1 1 0
90.1396 0.210234 0.210234 1 1 0
90.6396 0.211752 0.211752 1 1 0
91.1396 0.213283 0.213283 1 1 0
91.6396 0.214827 0.214827 1 1 0
92.1396 0.216385 0.216385 1 1 0
92.6396 0.217957 0.217957 1 1 0
93.1396 0.219542 0.219542 1 1 0
93.6396 0.22114 0.22114 1 1 0
94.1396 0.222752 0.222752 1 1 0
94.6396 0.224378 0.224378 1 1 0
95.1396 0.226017 0.226017 1 1 0
95.6396 0.22767 0.22767 1 1 0
96.1396 0.229336 0.229336 1 1 0
96.6396 0.231016 0.231016 1 1 0
97.1395 0.23271 0.23271 1 1 0
97.6395 0.234416 0.234416 1 1 0
98.1395 0.236137 0.236137 1 1 0
98.6395 0.237871 0.237871 1 1 0
99.1395 0.239618 0.239618 1 1 0
99.6395 0.241378 0.241378 1 1 0
100.14 0.243152 0.243152 1 1 0
100.64 0.24494 0.24494 1 1 0
101.14 0.24674 0.24674 1 1 0
101.64 0.248554 0.248554 1 1 0
102.139 0.250382 0.250382 1 1 0
102.639 0.252222 0.252222 1 1 0
103.139 0.254076 0.254076 1 1 0
103.639 0.255943 0.255943 1 1 0
104.139 0.257822 0.257822 1 1 0
104.639 0.259715 0.259715 1 1 0
105.139 0.261621 0.261621 1 1 0
105.639 0.26354 0.26354 1 1 0
106.139 0.265472 0.265472 1 1 0
106.639 0.267417 0.267417 1 1 0
107.139 0.269374 0.269374 1 1 0
107.639 0.271344 0.271344 1 1 0
108.139 0.273327 0.273327 1 1 0
108.639 0.275322 0.275322 1 1 0
109.139 0.27733 0.27733 1 1 0
109.639 0.27935 0.27935 1 1 0
110.139 0.281383 0.281383 1 1 0
110.639 0.283428 0.283428 1 1 0
111.139 0.285485 0.285485 1 1 0
111.195 0.285714 0.285714 1 1 0
111.695 0.287785 0.287785 2 1 0
112.195 0.289868 0.289868 2 1 0
112.695 0.291962 0.291962 2 1 0
113.195 0.294069 0.294069 2 1 0
113.695 0.296188 0.296188 2 1 0
114.195 0.298318 0.298318 2 1 0
114.695 0.30046 0.30046 2 1 0
115.195 0.302613 0.302613 2 1 0
115.695 0.304778 0.304778 2 1 0
116.195 0.306954 0.306954 2 1 0
116.695 0.309142 0.309142 2 1 0
117.195 0.311341 0.311341 2 1 0
117.695 0.31355 0.31355 2 1 0
118.195 0.315771 0.315771 2 1 0
118.695 0.318003 0.318003 2 1 0
119.195 0.320245 0.320245 2 1 0
119.695 0.322498 0.322498 2 1 0
120.195 0.324761 0.324761 2 1 0
120.695 0.327035 0.327035 2 1 0
121.195 0.329319 0.329319 2 1 0
121.695 0.331613 0.331613 2 1 0
122.195 0.333918 0.333918 2 1 0
122.695 0.336232 0.336232 2 1 0
123.195 0.338556 0.338556 2 1 0
123.695 0.34089 0.34089 2 1 0
124.195 0.343233 0.343233 2 1 0
124.695 0.345586 0.345586 2 1 0
125.195 0.347948 0.347948 2 1 0
125.695 0.35032 0.35032 2 1 0
126.195 0.3527 0.3527 2 1 0
126.695 0.35509 0.35509 2 1 0
127.195 0.357488 0.357488 2 1 0
127.695 0.359894 0.359894 2 1 0
128.195 0.36231 0.36231 2 1 0
128.695 0.364733 0.364733 2 1 0
129.195 0.367165 0.367165 2 1 0
129.695 0.369605 0.369605 2 1 0
130.195 0.372053 0.372053 2 1 0
130.695 0.374509 0.374509 2 1 0
131.195 0.376973 0.376973 2 1 0
131.695 0.379444 0.379444 2 1 0
132.195 0.381922 0.381922 2 1 0
132.695 0.384408 0.384408 2 1 0
133.195 0.3869 0.3869 2 1 0
133.694 0.3894 0.3894 2 1 0
134.194 0.391906 0.391906 2 1 0
134.694 0.394419 0.394419 2 1 0
135.194 0.396939 0.396939 2 1 0
135.694 0.399465 0.399465 2 1 0
136.194 0.401997 0.401997 2 1 0
136.694 0.404535 0.404535 2 1 0
137.194 0.407078 0.407078 2 1 0
137.694 0.409628 0.409628 2 1 0
138.194 0.412183 0.412183 2 1 0
138.694 0.414743 0.414743 2 1 0
139.194 0.417309 0.417309 2 1 0
139.694 0.41988 0.41988 2 1 0
140.194 0.422455 0.422455 2 1 0
140.694 0.425036 0.425036 2 1 0
141.194 0.427621 0.427621 2 1 0
141.694 0.43021 0.43021 2 1 0
142.194 0.432804 0.432804 2 1 0
142.694 0.435401 0.435401 2 1 0
143.194 0.438003 0.438003 2 1 0
143.694 0.440608 0.440608 2 1 0
144.194 0.443217 0.443217 2 1 0
144.694 0.445829 0.445829 2 1 0
145.194 0.448445 0.448445 2 1 0
145.694 0.451064 0.451064 2 1 0
146.194 0.453685 0.453685 2 1 0
146.694 0.45631 0.45631 2 1 0
147.194 0.458937 0.458937 2 1 0
111.195 0.285714 0.285714 2 2 0
106.79 0.285714 0.285714 2 2 0
106.783 0.285714 0.285714 2 2 0
106.78 0.285714 0.285714 2 2 0
106.775 0.285714 0.285714 2 2 0
106.765 0.285714 0.285714 2 2 0
106.745 0.285714 0.285714 2 2 0
106.705 0.285714 0.285714 2 2 0
106.625 0.285714 0.285714 2 2 0
106.465 0.285714 0.285714 2 2 0
106.145 0.285714 0.285714 2 2 0
105.645 0.285714 0.285714 2 2 0
105.145 0.285714 0.285714 2 2 0
104.645 0.285714 0.285714 2 2 0
104.145 0.285714 0.285714 2 2 0
103.645 0.285714 0.285714 2 2 0
103.145 0.285714 0.285714 2 2 0
102.645 0.285714 0.285714 2 2 0
102.145 0.285714 0.285714 2 2 0
101.645 0.285714 0.285714 2 2 0
101.145 0.285714 0.285714 2 2 0
100.645 0.285714 0.285714 2 2 0
100.145 0.285714 0.285714 2 2 0
99.6448 0.285714 0.285714 2 2 0
99.1448 0.285714 0.285714 2 2 0
98.6448 0.285714 0.285714 2 2 0
98.1448 0.285714 0.285714 2 2 0
97.6448 0.285714 0.285714 2 2 0
97.1448 0.285714 0.285714 2 2 0
96.6448 0.285714 0.285714 2 2 0
96.1448 0.285714 0.285714 2 2 0
95.6448 0.285714 0.285714 2 2 0
95.1448 0.285714 0.285714 2 2 0
94.6448 0.285714 0.285714 2 2 0
94.1448 0.285714 0.285714 2 2 0
93.6448 0.285714 0.285714 2 2 0
93.1448 0.285714 0.285714 2 2 0
92.6448 0.285714 0.285714 2 2 0
92.1448 0.285714 0.285714 2 2 0
91.6448 0.285714 0.285714 2 2 0
91.1448 0.285714 0.285714 2 2 0
90.6448 0.285714 0.285714 2 2 0
90.1448 0.285714 0.285714 2 2 0
89.6448 0.285714 0.285714 2 2 0
89.1448 0.285714 0.285714 2 2 0
88.6448 0.285714 0.285714 2 2 0
88.1448 0.285714 0.285714 2 2 0
87.6448 0.285714 0.285714 2 2 0
87.1448 0.285714 0.285714 2 2 0
86.6448 0.285714 0.285714 2 2 0
86.1448 0.285714 0.285714 2 2 0
85.6448 0.285714 0.285714 2 2 0
85.1448 0.285714 0.285714 2 2 0
84.6448 0.285714 0.285714 2 2 0
84.1448 0.285714 0.285714 2 2 0
83.6448 0.285714 0.285714 2 2 0
83.1448 0.285714 0.285714 2 2 0
82.6448 0.285714 0.285714 2 2 0
82.1448 0.285714 0.285714 2 2 0
81.6448 0.285714 0.285714 2 2 0
81.1448 0.285714 0.285714 2 2 0
80.6448 0.285714 0.285714 2 2 0
80.1448 0.285714 0.285714 2 2 0
79.6448 0.285714 0.285714 2 2 0
79.1448 0.285714 0.285714 2 2 0
78.6448 0.285714 0.285714 2 2 0
78.1448 0.285714 0.285714 2 2 0
77.6448 0.285714 0.285714 2 2 0
77.1448 0.285714 0.285714 2 2 0
76.6448 0.285714 0.285714 2 2 0
76.1448 0.285714 0.285714 2 2 0
75.6448 0.285714 0.285714 2 2 0
75.1448 0.285714 0.285714 2 2 0
74.6448 0.285714 0.285714 2 2 0
74.1448 0.285714 0.285714 2 2 0
73.6448 0.285714 0.285714 2 2 0
73.1448 0.285714 0.285714 2 2 0
72.6448 0.285714 0.285714 2 2 0
72.1448 0.285714 0.285714 2 2 0
71.6448 0.285714 0.285714 2 2 0
71.1448 0.285714 0.285714 2 2 0
70.6448 0.285714 0.285714 2 2 0
70.1448 0.285714 0.285714 2 2 0
69.6448 0.285714 0.285714 2 2 0
69.1448 0.285714 0.285714 2 2 0
68.6448 0.285714 0.285714 2 2 0
68.1448 0.285714 0.285714 2 2 0
67.6448 0.285714 0.285714 2 2 0
67.1448 0.285714 0.285714 2 2 0
66.6448 0.285714 0.285714 2 2 0
66.1448 0.285714 0.285714 2 2 0
65.6448 0.285714 0.285714 2 2 0
65.1448 0.285714 0.285714 2 2 0
64.6448 0.285714 0.285714 2 2 0
64.1448 0.285714 0.285714 2 2 0
63.6448 0.285714 0.285714 2 2 0
63.1448 0.285714 0.285714 2 2 0
62.6448 0.285714 0.285714 2 2 0
62.1448 0.285714 0.285714 2 2 0
61.6448 0.285714 0.285714 2 2 0
61.1448 0.285714 0.285714 2 2 0
60.6448 0.285714 0.285714 2 2 0
60.1448 0.285714 0.285714 2 2 0
59.6448 0.285714 0.285714 2 2 0
59.1448 0.285714 0.285714 2 2 0
58.6448 0.285714 0.285714 2 2 0
58.1448 0.285714 0.285714 2 2 0
57.6448 0.285714 0.285714 2 2 0
57.1448 0.285714 0.285714 2 2 0
56.6448 0.285714 0.285714 2 2 0
56.1448 0.285714 0.285714 2 2 0
55.6448 0.285714 0.285714 2 2 0
55.1448 0.285714 0.285714 2 2 0
54.6448 0.285714 0.285714 2 2 0
54.1448 0.285714 0.285714 2 2 0
53.6448 0.285714 0.285714 2 2 0
53.1448 0.285714 0.285714 2 2 0
52.6448 0.285714 0.285714 2 2 0
52.1448 0.285714 0.285714 2 2 0
51.6448 0.285714 0.285714 2 2 0
51.1448 0.285714 0.285714 2 2 0
50.6448 0.285714 0.285714 2 2 0
50.1448 0.285714 0.285714 2 2 0
49.6448 0.285714 0.285714 2 2 0
49.1448 0.285714 0.285714 2 2 0
48.6448 0.285714 0.285714 2 2 0
48.1448 0.285714 0.285714 2 2 0
47.6448 0.285714 0.285714 2 2 0
47.1448 0.285714 0.285714 2 2 0
46.6448 0.285714 0.285714 2 2 0
46.1448 0.285714 0.285714 2 2 0
45.6448 0.285714 0.285714 2 2 0
45.1448 0.285714 0.285714 2 2 0
44.6448 0.285714 0.285714 2 2 0
44.1448 0.285714 0.285714 2 2 0
43.6448 0.285714 0.285714 2 2 0
43.1448 0.285714 0.285714 2 2 0
42.6448 0.285714 0.285714 2 2 0
42.1448 0.285714 0.285714 2 2 0
41.6448 0.285714 0.285714 2 2 0
41.1448 0.285714 0.285714 2 2 0
40.6448 0.285714 0.285714 2 2 0
40.1448 0.285714 0.285714 2 2 0
39.6448 0.285714 0.285714 2 2 0
39.1448 0.285714 0.285714 2 2 0
38.6448 0.285714 0.285714 2 2 0
38.1448 0.285714 0.285714 2 2 0
37.6448 0.285714 0.285714 2 2 0
37.1448 0.285714 0.285714 2 2 0
36.6448 0.285714 0.285714 2 2 0
36.1448 0.285714 0.285714 2 2 0
35.6448 0.285714 0.285714 2 2 0
35.1448 0.285714 0.285714 2 2 0
34.6448 0.285714 0.285714 2 2 0
34.1449 0.285714 0.285714 2 2 0
33.6449 0.285714 0.285714 2 2 0
33.1449 0.285714 0.285714 2 2 0
32.6449 0.285714 0.285714 2 2 0
32.1449 0.285714 0.285714 2 2 0
31.6449 0.285714 0.285714 2 2 0
31.1449 0.285714 0.285714 2 2 0
30.6449 0.285714 0.285714 2 2 0
30.1449 0.285714 0.285714 2 2 0
29.6449 0.285714 0.285714 2 2 0
29.1449 0.285714 0.285714 2 2 0
28.6449 0.285714 0.285714 2 2 0
28.1449 0.285714 0.285714 2 2 0
27.6449 0.285714 0.285714 2 2 0
27.1449 0.285714 0.285714 2 2 0
26.6449 0.285714 0.285714 2 2 0
26.1449 0.285714 0.285714 2 2 0
25.6449 0.285714 0.285714 2 2 0
25.1449 0.285714 0.285714 2 2 0
24.6449 0.285714 0.285714 2 2 0
24.1449 0.285714 0.285714 2 2 0
23.6449 0.285714 0.285714 2 2 0
23.1449 0.285714 0.285714 2 2 0
22.6449 0.285714 0.285714 2 2 0
22.145 0.285714 0.285714 2 2 0
21.645 0.285714 0.285714 2 2 0
21.145 0.285714 0.285714 2 2 0
20.645 0.285714 0.285714 2 2 0
20.145 0.285714 0.285714 2 2 0
19.645 0.285714 0.285714 2 2 0
19.145 0.285714 0.285714 2 2 0
18.645 0.285714 0.285714 2 2 0
18.145 0.285714 0.285714 2 2 0
17.645 0.285714 0.285714 2 2 0
17.145 0.285714 0.285714 2 2 0
16.6451 0.285714 0.285714 2 2 0
16.1451 0.285714 0.285714 2 2 0
15.6451 0.285714 0.285714 2 2 0
15.1451 0.285714 0.285714 2 2 0
14.6451 0.285714 0.285714 2 2 0
14.1451 0.285714 0.285714 2 2 0
13.6451 0.285714 0.285714 2 2 0
13.1452 0.285714 0.285714 2 2 0
12.6452 0.285714 0.285714 2 2 0
12.1452 0.285714 0.285714 2 2 0
11.6452 0.285714 0.285714 2 2 0
111.195 0.285714 0.285714 2 2 0
115.585 0.285714 0.285714 2 2 0
115.592 0.285714 0.285714 1 2 0
115.595 0.285714 0.285714 1 2 0
115.601 0.285714 0.285714 1 2 0
115.611 0.285714 0.285714 1 2 0
115.631 0.285714 0.285714 1 2 0
115.671 0.285714 0.285714 1 2 0
115.751 0.285714 0.285714 1 2 0
115.911 0.285714 0.285714 1 2 0
116.231 0.285714 0.285714 1 2 0
116.731 0.285714 0.285714 1 2 0
117.231 0.285714 0.285714 1 2 0
117.731 0.285714 0.285714 1 2 0
118.231 0.285714 0.285714 1 2 0
118.731 0.285714 0.285714 1 2 0
119.231 0.285714 0.285714 1 2 0
119.731 0.285714 0.285714 1 2 0
120.231 0.285714 0.285714 1 2 0
120.731 0.285714 0.285714 1 2 0
121.231 0.285714 0.285714 1 2 0
121.731 0.285714 0.285714 1 2 0
122.231 0.285714 0.285714 1 2 0
122.731 0.285714 0.285714 1 2 0
123.231 0.285714 0.285714 1 2 0
123.731 0.285714 0.285714 1 2 0
124.231 0.285714 0.285714 1 2 0
124.731 0.285714 0.285714 1 2 0
125.231 0.285714 0.285714 1 2 0
125.731 0.285714 0.285714 1 2 0
126.231 0.285714 0.285714 1 2 0
126.731 0.285714 0.285714 1 2 0
127.231 0.285714 0.285714 1 2 0
127.731 0.285714 0.285714 1 2 0
128.231 0.285714 0.285714 1 2 0
128.731 0.285714 0.285714 1 2 0
129.231 0.285714 0.285714 1 2 0
129.731 0.285714 0.285714 1 2 0
130.231 0.285714 0.285714 1 2 0
130.731 0.285714 0.285714 1 2 0
131.231 0.285714 0.285714 1 2 0
131.731 0.285714 0.285714 1 2 0
132.231 0.285714 0.285714 1 2 0
132.731 0.285714 0.285714 1 2 0
133.231 0.285714 0.285714 1 2 0
133.731 0.285714 0.285714 1 2 0
134.231 0.285714 0.285714 1 2 0
134.731 0.285714 0.285714 1 2 0
135.231 0.285714 0.285714 1 2 0
135.731 0.285714 0.285714 1 2 0
136.231 0.285714 0.285714 1 2 0
136.731 0.285714 0.285714 1 2 0
137.231 0.285714 0.285714 1 2 0
137.731 0.285714 0.285714 1 2 0
138.231 0.285714 0.285714 1 2 0
138.731 0.285714 0.285714 1 2 0
139.231 0.285714 0.285714 1 2 0
139.731 0.285714 0.285714 1 2 0
140.231 0.285714 0.285714 1 2 0
140.731 0.285714 0.285714 1 2 0
141.231 0.285714 0.285714 1 2 0
141.731 0.285714 0.285714 1 2 0
142.231 0.285714 0.285714 1 2 0
142.731 0.285714 0.285714 1 2 0
143.231 0.285714 0.285714 1 2 0
143.731 0.285714 0.285714 1 2 0
144.231 0.285714 0.285714 1 2 0
144.731 0.285714 0.285714 1 2 0
145.231 0.285714 0.285714 1 2 0
145.731 0.285714 0.285714 1 2 0
146.231 0.285714 0.285714 1 2 0
146.731 0.285714 0.285714 1 2 0
147.231 0.285714 0.285714 1 2 0
147.731 0.285714 0.285714 1 2 0
148.231 0.285714 0.285714 1 2 0
148.731 0.285714 0.285714 1 2 0
149.231 0.285714 0.285714 1 2 0
149.731 0.285714 0.285714 1 2 0
150.231 0.285714 0.285714 1 2 0
150.731 0.285714 0.285714 1 2 0
151.231 0.285714 0.285714 1 2 0
151.731 0.285714 0.285714 1 2 0
152.231 0.285714 0.285714 1 2 0
152.731 0.285714 0.285714 1 2 0
153.231 0.285714 0.285714 1 2 0
153.731 0.285714 0.285714 1 2 0
154.231 0.285714 0.285714 1 2 0
154.731 0.285714 0.285714 1 2 0
155.231 0.285714 0.285714 1 2 0
155.731 0.285714 0.285714 1 2 0
156.231 0.285714 0.285714 1 2 0
156.731 0.285714 0.285714 1 2 0
157.231 0.285714 0.285714 1 2 0
157.731 0.285714 0.285714 1 2 0
158.231 0.285714 0.285714 1 2 0
158.731 0.285714 0.285714 1 2 0
159.231 0.285714 0.285714 1 2 0
159.731 0.285714 0.285714 1 2 0
160.231 0.285714 0.285714 1 2 0
160.731 0.285714 0.285714 1 2 0
161.231 0.285714 0.285714 1 2 0
161.731 0.285714 0.285714 1 2 0
162.231 0.285714 0.285714 1 2 0
162.731 0.285714 0.285714 1 2 0
163.231 0.285714 0.285714 1 2 0
163.731 0.285714 0.285714 1 2 0
164.231 0.285714 0.285714 1 2 0
164.731 0.285714 0.285714 1 2 0
165.231 0.285714 0.285714 1 2 0
165.731 0.285714 0.285714 1 2 0
166.231 0.285714 0.285714 1 2 0
166.731 0.285714 0.285714 1 2 0
167.231 0.285714 0.285714 1 2 0
167.731 0.285714 0.285714 1 2 0
168.231 0.285714 0.285714 1 2 0
168.731 0.285714 0.285714 1 2 0
169.231 0.285714 0.285714 1 2 0
169.731 0.285714 0.285714 1 2 0
170.231 0.285714 0.285714 1 2 0
170.731 0.285714 0.285714 1 2 0
171.231 0.285714 0.285714 1 2 0
171.731 0.285714 0.285714 1 2 0
172.231 0.285714 0.285714 1 2 0
172.731 0.285714 0.285714 1 2 0
173.231 0.285714 0.285714 1 2 0
173.731 0.285714 0.285714 1 2 0
174.231 0.285714 0.285714 1 2 0
174.731 0.285714 0.285714 1 2 0
175.231 0.285714 0.285714 1 2 0
175.731 0.285714 0.285714 1 2 0
176.231 0.285714 0.285714 1 2 0
176.731 0.285714 0.285714 1 2 0
177.231 0.285714 0.285714 1 2 0
177.731 0.285714 0.285714 1 2 0
178.231 0.285714 0.285714 1 2 0
178.731 0.285714 0.285714 1 2 0
179.231 0.285714 0.285714 1 2 0
179.731 0.285714 0.285714 1 2 0
180.231 0.285714 0.285714 1 2 0
180.731 0.285714 0.285714 1 2 0
181.231 0.285714 0.285714 1 2 0
181.731 0.285714 0.285714 1 2 0
182.231 0.285714 0.285714 1 2 0
182.731 0.285714 0.285714 1 2 0
183.231 0.285714 0.285714 1 2 0
183.731 0.285714 0.285714 1 2 0
184.231 0.285714 0.285714 1 2 0
184.731 0.285714 0.285714 1 2 0
185.231 0.285714 0.285714 1 2 0
185.731 0.285714 0.285714 1 2 0
186.231 0.285714 0.285714 1 2 0
186.731 0.285714 0.285714 1 2 0
187.231 0.285714 0.285714 1 2 0
187.731 0.285714 0.285714 1 2 0
188.231 0.285714 0.285714 1 2 0
188.731 0.285714 0.285714 1 2 0
189.231 0.285714 0.285714 1 2 0
189.731 0.285714 0.285714 1 2 0
190.231 0.285714 0.285714 1 2 0
190.731 0.285714 0.285714 1 2 0
191.231 0.285714 0.285714 1 2 0
191.731 0.285714 0.285714 1 2 0
192.231 0.285714 0.285714 1 2 0
192.731 0.285714 0.285714 1 2 0
193.231 0.285714 0.285714 1 2 0
193.731 0.285714 0.285714 1 2 0
194.231 0.285714 0.285714 1 2 0
194.731 0.285714 0.285714 1 2 0
195.231 0.285714 0.285714 1 2 0
195.731 0.285714 0.285714 1 2 0
196.231 0.285714 0.285714 1 2 0
196.731 0.285714 0.285714 1 2 0
197.231 0.285714 0.285714 1 2 0
197.731 0.285714 0.285714 1 2 0
198.231 0.285714 0.285714 1 2 0
198.731 0.285714 0.285714 1 2 0
199.231 0.285714 0.285714 1 2 0
199.731 0.285714 0.285714 1 2 0
200.231 0.285714 0.285714 1 2 0
200.731 0.285714 0.285714 1 2 0
201.231 0.285714 0.285714 1 2 0
201.731 0.285714 0.285714 1 2 0
202.231 0.285714 0.285714 1 2 0
202.731 0.285714 0.285714 1 2 0
203.231 0.285714 0.285714 1 2 0
203.731 0.285714 0.285714 1 2 0
204.231 0.285714 0.285714 1 2 0
204.731 0.285714 0.285714 1 2 0
205.231 0.285714 0.285714 1 2 0
205.731 0.285714 0.285714 1 2 0
206.231 0.285714 0.285714 1 2 0
206.731 0.285714 0.285714 1 2 0
207.231 0.285714 0.285714 1 2 0
207.731 0.285714 0.285714 1 2 0
208.231 0.285714 0.285714 1 2 0
208.731 0.285714 0.285714 1 2 0
209.231 0.285714 0.285714 1 2 0
209.731 0.285714 0.285714 1 2 0
210.231 0.285714 0.285714 1 2 0
210.731 0.285714 0.285714 1 2 0
147.194 0.458937 0.458937 2 1 0
147.234 0.459147 0.459147 2 1 0
147.274 0.459357 0.459357 2 1 0
147.354 0.459778 0.459778 2 1 0
147.514 0.460619 0.460619 2 1 0
147.834 0.462303 0.462303 2 1 0
148.334 0.464935 0.464935 2 1 0
148.834 0.467569 0.467569 2 1 0
149.334 0.470205 0.470205 2 1 0
149.834 0.472843 0.472843 2 1 0
150.334 0.475482 0.475482 2 1 0
150.834 0.478123 0.478123 2 1 0
151.334 0.480765 0.480765 2 1 0
151.834 0.483408 0.483408 2 1 0
152.334 0.486052 0.486052 2 1 0
152.834 0.488697 0.488697 2 1 0
153.334 0.491342 0.491342 2 1 0
153.834 0.493987 0.493987 2 1 0
154.334 0.496633 0.496633 2 1 0
154.834 0.499279 0.499279 2 1 0
155.334 0.501925 0.501925 2 1 0
155.834 0.50457 0.50457 2 1 0
156.334 0.507215 0.507215 2 1 0
156.834 0.509859 0.509859 2 1 0
157.334 0.512503 0.512503 2 1 0
157.834 0.515146 0.515146 2 1 0
158.334 0.517787 0.517787 2 1 0
158.834 0.520427 0.520427 2 1 0
159.334 0.523066 0.523066 2 1 0
159.834 0.525704 0.525704 2 1 0
160.334 0.528339 0.528339 2 1 0
160.834 0.530973 0.530973 2 1 0
161.334 0.533605 0.533605 2 1 0
161.834 0.536234 0.536234 2 1 0
162.334 0.538862 0.538862 2 1 0
162.834 0.541486 0.541486 2 1 0
163.334 0.544108 0.544108 2 1 0
163.834 0.546727 0.546727 2 1 0
164.334 0.549344 0.549344 2 1 0
164.834 0.551957 0.551957 2 1 0
165.334 0.554567 0.554567 2 1 0
165.834 0.557173 0.557173 2 1 0
166.334 0.559776 0.559776 2 1 0
166.834 0.562375 0.562375 2 1 0
167.334 0.564971 0.564971 2 1 0
167.834 0.567562 0.567562 2 1 0
168.334 0.57015 0.57015 2 1 0
168.834 0.572733 0.572733 2 1 0
169.334 0.575311 0.575311 2 1 0
169.834 0.577885 0.577885 2 1 0
170.334 0.580455 0.580455 2 1 0
170.834 0.583019 0.583019 2 1 0
171.334 0.585579 0.585579 2 1 0
171.834 0.588134 0.588134 2 1 0
172.334 0.590683 0.590683 2 1 0
172.834 0.593227 0.593227 2 1 0
173.334 0.595765 0.595765 2 1 0
173.834 0.598298 0.598298 2 1 0
174.334 0.600825 0.600825 2 1 0
174.834 0.603347 0.603347 2 1 0
175.334 0.605862 0.605862 2 1 0
175.834 0.608371 0.608371 2 1 0
176.334 0.610874 0.610874 2 1 0
176.834 0.613371 0.613371 2 1 0
177.334 0.615861 0.615861 2 1 0
177.834 0.618345 0.618345 2 1 0
178.334 0.620822 0.620822 2 1 0
178.834 0.623292 0.623292 2 1 0
179.334 0.625756 0.625756 2 1 0
179.834 0.628212 0.628212 2 1 0
180.334 0.630661 0.630661 2 1 0
180.834 0.633103 0.633103 2 1 0
181.334 0.635537 0.635537 2 1 0
181.834 0.637965 0.637965 2 1 0
182.334 0.640384 0.640384 2 1 0
182.834 0.642796 0.642796 2 1 0
183.334 0.6452 0.6452 2 1 0
183.834 0.647597 0.647597 2 1 0
184.334 0.649985 0.649985 2 1 0
184.834 0.652366 0.652366 2 1 0
185.334 0.654738 0.654738 2 1 0
185.834 0.657102 0.657102 2 1 0
186.334 0.659458 0.659458 2 1 0
186.834 0.661806 0.661806 2 1 0
187.334 0.664145 0.664145 2 1 0
187.834 0.666475 0.666475 2 1 0
188.334 0.668797 0.668797 2 1 0
188.834 0.67111 0.67111 2 1 0
189.334 0.673414 0.673414 2 1 0
189.834 0.67571 0.67571 2 1 0
190.334 0.677996 0.677996 2 1 0
190.834 0.680274 0.680274 2 1 0
191.334 0.682543 0.682543 2 1 0
191.834 0.684802 0.684802 2 1 0
192.334 0.687052 0.687052 2 1 0
192.834 0.689293 0.689293 2 1 0
193.334 0.691524 0.691524 2 1 0
193.834 0.693747 0.693747 2 1 0
194.334 0.695959 0.695959 2 1 0
194.834 0.698162 0.698162 2 1 0
195.334 0.700356 0.700356 2 1 0
195.834 0.70254 0.70254 2 1 0
196.334 0.704714 0.704714 2 1 0
196.834 0.706878 0.706878 2 1 0
197.334 0.709033 0.709033 2 1 0
197.834 0.711178 0.711178 2 1 0
198.334 0.713313 0.713313 2 1 0
198.834 0.715438 0.715438 2 1 0
199.334 0.717553 0.717553 2 1 0
199.834 0.719658 0.719658 2 1 0
200.334 0.721753 0.721753 2 1 0
200.834 0.723838 0.723838 2 1 0
201.334 0.725912 0.725912 2 1 0
201.834 0.727977 0.727977 2 1 0
202.334 0.730031 0.730031 2 1 0
202.834 0.732075 0.732075 2 1 0
203.334 0.734109 0.734109 2 1 0
203.834 0.736132 0.736132 2 1 0
204.334 0.738145 0.738145 2 1 0
204.834 0.740148 0.740148 2 1 0
205.334 0.74214 0.74214 2 1 0
205.834 0.744122 0.744122 2 1 0
206.334 0.746093 0.746093 2 1 0
206.834 0.748054 0.748054 2 1 0
207.334 0.750005 0.750005 2 1 0
207.834 0.751944 0.751944 2 1 0
208.334 0.753874 0.753874 2 1 0
208.834 0.755793 0.755793 2 1 0
209.334 0.757701 0.757701 2 1 0
209.834 0.759599 0.759599 2 1 0
210.334 0.761486 0.761486 2 1 0
210.834 0.763362 0.763362 2 1 0
211.334 0.765228 0.765228 2 1 0
211.834 0.767084 0.767084 2 1 0
212.334 0.768928 0.768928 2 1 0
212.834 0.770762 0.770762 2 1 0
213.334 0.772586 0.772586 2 1 0
213.834 0.774399 0.774399 2 1 0
214.334 0.776201 0.776201 2 1 0
214.834 0.777992 0.777992 2 1 0
215.334 0.779773 0.779773 2 1 0
215.834 0.781543 0.781543 2 1 0
216.334 0.783303 0.783303 2 1 0
216.834 0.785052 0.785052 2 1 0
217.334 0.78679 0.78679 2 1 0
217.834 0.788518 0.788518 2 1 0
218.334 0.790235 0.790235 2 1 0
218.834 0.791942 0.791942 2 1 0
219.334 0.793638 0.793638 2 1 0
219.833 0.795323 0.795323 2 1 0
220.333 0.796998 0.796998 2 1 0
220.833 0.798662 0.798662 2 1 0
221.333 0.800315 0.800315 2 1 0
221.833 0.801959 0.801959 2 1 0
222.333 0.803591 0.803591 2 1 0
222.833 0.805213 0.805213 2 1 0
223.333 0.806825 0.806825 2 1 0
223.833 0.808426 0.808426 2 1 0
224.333 0.810017 0.810017 2 1 0
224.833 0.811597 0.811597 2 1 0
225.333 0.813167 0.813167 2 1 0
225.833 0.814726 0.814726 2 1 0
226.333 0.816275 0.816275 2 1 0
226.833 0.817814 0.817814 2 1 0
227.333 0.819342 0.819342 2 1 0
227.833 0.82086 0.82086 2 1 0
228.333 0.822368 0.822368 2 1 0
228.833 0.823866 0.823866 2 1 0
229.333 0.825353 0.825353 2 1 0
229.833 0.82683 0.82683 2 1 0
230.333 0.828297 0.828297 2 1 0
230.833 0.829754 0.829754 2 1 0
231.333 0.831201 0.831201 2 1 0
231.833 0.832638 0.832638 2 1 0
232.333 0.834064 0.834064 2 1 0
232.833 0.835481 0.835481 2 1 0
233.333 0.836888 0.836888 2 1 0
233.833 0.838285 0.838285 2 1 0
234.333 0.839671 0.839671 2 1 0
234.833 0.841048 0.841048 2 1 0
235.333 0.842415 0.842415 2 1 0
235.833 0.843773 0.843773 2 1 0
236.333 0.84512 0.84512 2 1 0
236.833 0.846458 0.846458 2 1 0
237.333 0.847786 0.847786 2 1 0
237.833 0.849105 0.849105 2 1 0
238.333 0.850413 0.850413 2 1 0
238.833 0.851713 0.851713 2 1 0
239.333 0.853002 0.853002 2 1 0
239.833 0.854283 0.854283 2 1 0
240.333 0.855553 0.855553 2 1 0
240.833 0.856814 0.856814 2 1 0
241.333 0.858066 0.858066 2 1 0
241.833 0.859309 0.859309 2 1 0
242.333 0.860542 0.860542 2 1 0
242.833 0.861766 0.861766 2 1 0
243.333 0.862981 0.862981 2 1 0
243.833 0.864186 0.864186 2 1 0
244.333 0.865383 0.865383 2 1 0
244.833 0.86657 0.86657 2 1 0
244.833 0.86657 0.86657 2 1 0
244.873 0.866665 0.866665 2 1 0
244.913 0.866759 0.866759 2 1 0
244.993 0.866948 0.866948 2 1 0
245.153 0.867325 0.867325 2 1 0
245.473 0.868077 0.868077 2 1 0
245.973 0.869243 0.869243 2 1 0
246.473 0.870401 0.870401 2 1 0
246.973 0.87155 0.87155 2 1 0
247.473 0.87269 0.87269 2 1 0
247.973 0.873821 0.873821 2 1 0
248.473 0.874943 0.874943 2 1 0
248.973 0.876057 0.876057 2 1 0
249.473 0.877162 0.877162 2 1 0
249.973 0.878258 0.878258 2 1 0
250.473 0.879346 0.879346 2 1 0
250.973 0.880425 0.880425 2 1 0
251.473 0.881496 0.881496 2 1 0
251.973 0.882558 0.882558 2 1 0
252.473 0.883612 0.883612 2 1 0
252.973 0.884657 0.884657 2 1 0
253.473 0.885694 0.885694 2 1 0
253.973 0.886723 0.886723 2 1 0
254.473 0.887744 0.887744 2 1 0
254.973 0.888756 0.888756 2 1 0
255.473 0.88976 0.88976 2 1 0
255.973 0.890757 0.890757 2 1 0
256.473 0.891745 0.891745 2 1 0
256.973 0.892725 0.892725 2 1 0
257.473 0.893697 0.893697 2 1 0
257.973 0.894661 0.894661 2 1 0
258.473 0.895618 0.895618 2 1 0
258.973 0.896566 0.896566 2 1 0
259.473 0.897507 0.897507 2 1 0
259.973 0.898441 0.898441 2 1 0
260.473 0.899366 0.899366 2 1 0
260.973 0.900284 0.900284 2 1 0
261.473 0.901194 0.901194 2 1 0
261.973 0.902097 0.902097 2 1 0
262.473 0.902992 0.902992 2 1 0
262.973 0.90388 0.90388 2 1 0
263.473 0.904761 0.904761 2 1 0
263.973 0.905634 0.905634 2 1 0
264.473 0.9065 0.9065 2 1 0
264.973 0.907358 0.907358 2 1 0
265.473 0.90821 0.90821 2 1 0
265.973 0.909054 0.909054 2 1 0
266.473 0.909891 0.909891 2 1 0
266.973 0.910722 0.910722 2 1 0
267.473 0.911545 0.911545 2 1 0
267.973 0.912361 0.912361 2 1 0
268.473 0.91317 0.91317 2 1 0
268.973 0.913973 0.913973 2 1 0
269.473 0.914768 0.914768 2 1 0
269.973 0.915557 0.915557 2 1 0
270.473 0.916339 0.916339 2 1 0
270.973 0.917115 0.917115 2 1 0
271.473 0.917883 0.917883 2 1 0
271.973 0.918646 0.918646 2 1 0
272.473 0.919401 0.919401 2 1 0
272.973 0.920151 0.920151 2 1 0
273.473 0.920893 0.920893 2 1 0
273.973 0.92163 0.92163 2 1 0
274.473 0.92236 0.92236 2 1 0
274.973 0.923083 0.923083 2 1 0
275.473 0.923801 0.923801 2 1 0
275.973 0.924512 0.924512 2 1 0
276.473 0.925217 0.925217 2 1 0
276.973 0.925916 0.925916 2 1 0
277.473 0.926609 0.926609 2 1 0
277.973 0.927295 0.927295 2 1 0
278.473 0.927976 0.927976 2 1 0
278.973 0.928651 0.928651 2 1 0
279.473 0.92932 0.92932 2 1 0
279.973 0.929983 0.929983 2 1 0
280.473 0.93064 0.93064 2 1 0
280.973 0.931292 0.931292 2 1 0
281.473 0.931937 0.931937 2 1 0
281.973 0.932577 0.932577 2 1 0
282.473 0.933212 0.933212 2 1 0
282.973 0.93384 0.93384 2 1 0
283.473 0.934464 0.934464 2 1 0
283.973 0.935081 0.935081 2 1 0
284.473 0.935693 0.935693 2 1 0
284.973 0.9363 0.9363 2 1 0
285.473 0.936902 0.936902 2 1 0
285.973 0.937498 0.937498 2 1 0
286.473 0.938088 0.938088 2 1 0
286.973 0.938674 0.938674 2 1 0
287.473 0.939254 0.939254 2 1 0
287.973 0.939829 0.939829 2 1 0
288.473 0.940399 0.940399 2 1 0
288.973 0.940963 0.940963 2 1 0
289.473 0.941523 0.941523 2 1 0
289.973 0.942078 0.942078 2 1 0
290.473 0.942627 0.942627 2 1 0
290.973 0.943172 0.943172 2 1 0
291.473 0.943712 0.943712 2 1 0
291.973 0.944247 0.944247 2 1 0
292.473 0.944777 0.944777 2 1 0
292.973 0.945302 0.945302 2 1 0
293.473 0.945823 0.945823 2 1 0
293.973 0.946338 0.946338 2 1 0
294.473 0.94685 0.94685 2 1 0
294.973 0.947356 0.947356 2 1 0
295.473 0.947858 0.947858 2 1 0
295.973 0.948355 0.948355 2 1 0
296.473 0.948848 0.948848 2 1 0
296.973 0.949337 0.949337 2 1 0
297.473 0.94982 0.94982 2 1 0
297.973 0.9503 0.9503 2 1 0
298.473 0.950775 0.950775 2 1 0
298.973 0.951246 0.951246 2 1 0
299.473 0.951712 0.951712 2 1 0
299.973 0.952174 0.952174 2 1 0
300.473 0.952632 0.952632 2 1 0
300.973 0.953086 0.953086 2 1 0
301.473 0.953535 0.953535 2 1 0
301.973 0.953981 0.953981 2 1 0
302.473 0.954422 0.954422 2 1 0
302.973 0.954859 0.954859 2 1 0
303.473 0.955292 0.955292 2 1 0
303.973 0.955722 0.955722 2 1 0
304.473 0.956147 0.956147 2 1 0
304.973 0.956568 0.956568 2 1 0
305.473 0.956986 0.956986 2 1 0
305.973 0.957399 0.957399 2 1 0
306.473 0.957809 0.957809 2 1 0
306.973 0.958215 0.958215 2 1 0
307.473 0.958617 0.958617 2 1 0
307.973 0.959015 0.959015 2 1 0
308.473 0.95941 0.95941 2 1 0
308.973 0.959801 0.959801 2 1 0
309.473 0.960189 0.960189 2 1 0
309.973 0.960572 0.960572 2 1 0
310.473 0.960953 0.960953 2 1 0
310.973 0.961329 0.961329 2 1 0
311.473 0.961703 0.961703 2 1 0
311.973 0.962072 0.962072 2 1 0
312.473 0.962439 0.962439 2 1 0
312.973 0.962801 0.962801 2 1 0
313.473 0.963161 0.963161 2 1 0
313.973 0.963517 0.963517 2 1 0
314.473 0.96387 0.96387 2 1 0
314.973 0.964219 0.964219 2 1 0
315.473 0.964565 0.964565 2 1 0
315.973 0.964908 0.964908 2 1 0
316.473 0.965248 0.965248 2 1 0
316.973 0.965584 0.965584 2 1 0
317.473 0.965918 0.965918 2 1 0
317.973 0.966248 0.966248 2 1 0
318.473 0.966575 0.966575 2 1 0
318.973 0.966899 0.966899 2 1 0
319.473 0.96722 0.96722 2 1 0
319.973 0.967538 0.967538 2 1 0
320.473 0.967853 0.967853 2 1 0
320.973 0.968165 0.968165 2 1 0
321.473 0.968474 0.968474 2 1 0
321.973 0.96878 0.96878 2 1 0
322.473 0.969083 0.969083 2 1 0
322.973 0.969383 0.969383 2 1 0
323.473 0.969681 0.969681 2 1 0
323.973 0.969975 0.969975 2 1 0
324.473 0.970267 0.970267 2 1 0
324.973 0.970556 0.970556 2 1 0
325.473 0.970843 0.970843 2 1 0
325.973 0.971126 0.971126 2 1 0
326.473 0.971407 0.971407 2 1 0
326.973 0.971686 0.971686 2 1 0
327.473 0.971961 0.971961 2 1 0
327.973 0.972234 0.972234 2 1 0
328.473 0.972505 0.972505 2 1 0
328.973 0.972773 0.972773 2 1 0
329.473 0.973038 0.973038 2 1 0
329.973 0.973301 0.973301 2 1 0
330.473 0.973561 0.973561 2 1 0
330.973 0.973819 0.973819 2 1 0
331.473 0.974074 0.974074 2 1 0
331.973 0.974327 0.974327 2 1 0
332.473 0.974577 0.974577 2 1 0
332.973 0.974826 0.974826 2 1 0
333.473 0.975071 0.975071 2 1 0
333.973 0.975315 0.975315 2 1 0
334.473 0.975556 0.975556 2 1 0
334.973 0.975794 0.975794 2 1 0
335.473 0.976031 0.976031 2 1 0
335.973 0.976265 0.976265 2 1 0
336.473 0.976497 0.976497 2 1 0
336.973 0.976727 0.976727 2 1 0
337.473 0.976954 0.976954 2 1 0
337.973 0.977179 0.977179 2 1 0
338.473 0.977403 0.977403 2 1 0
338.973 0.977624 0.977624 2 1 0
339.473 0.977843 0.977843 2 1 0
339.973 0.978059 0.978059 2 1 0
340.473 0.978274 0.978274 2 1 0
340.973 0.978487 0.978487 2 1 0
341.473 0.978697 0.978697 2 1 0
341.973 0.978906 0.978906 2 1 0
342.473 0.979112 0.979112 2 1 0
342.473 0.979112 0.979112 2 1 0
342.513 0.979129 0.979129 2 1 0
342.553 0.979145 0.979145 2 1 0
342.633 0.979178 0.979178 2 1 0
342.793 0.979244 0.979244 2 1 0
343.113 0.979374 0.979374 2 1 0
343.613 0.979576 0.979576 2 1 0
344.113 0.979776 0.979776 2 1 0
344.613 0.979974 0.979974 2 1 0
345.113 0.980171 0.980171 2 1 0
345.613 0.980365 0.980365 2 1 0
346.113 0.980558 0.980558 2 1 0
346.613 0.980748 0.980748 2 1 0
347.113 0.980937 0.980937 2 1 0
347.613 0.981124 0.981124 2 1 0
348.113 0.981309 0.981309 2 1 0
348.613 0.981493 0.981493 2 1 0
349.113 0.981674 0.981674 2 1 0
349.613 0.981854 0.981854 2 1 0
350.113 0.982032 0.982032 2 1 0
350.613 0.982209 0.982209 2 1 0
351.113 0.982383 0.982383 2 1 0
351.613 0.982556 0.982556 2 1 0
352.113 0.982728 0.982728 2 1 0
352.613 0.982897 0.982897 2 1 0
353.113 0.983065 0.983065 2 1 0
353.613 0.983232 0.983232 2 1 0
354.113 0.983397 0.983397 2 1 0
354.613 0.98356 0.98356 2 1 0
355.113 0.983721 0.983721 2 1 0
355.613 0.983881 0.983881 2 1 0
356.113 0.98404 0.98404 2 1 0
356.613 0.984197 0.984197 2 1 0
357.113 0.984352 0.984352 2 1 0
357.613 0.984506 0.984506 2 1 0
358.113 0.984659 0.984659 2 1 0
358.613 0.984809 0.984809 2 1 0
359.113 0.984959 0.984959 2 1 0
359.613 0.985107 0.985107 2 1 0
360.113 0.985253 0.985253 2 1 0
360.613 0.985399 0.985399 2 1 0
361.113 0.985542 0.985542 2 1 0
361.613 0.985685 0.985685 2 1 0
362.113 0.985826 0.985826 2 1 0
362.613 0.985965 0.985965 2 1 0
363.113 0.986103 0.986103 2 1 0
363.613 0.98624 0.98624 2 1 0
364.113 0.986376 0.986376 2 1 0
364.613 0.98651 0.98651 2 1 0
365.113 0.986643 0.986643 2 1 0
365.613 0.986775 0.986775 2 1 0
366.113 0.986905 0.986905 2 1 0
366.613 0.987034 0.987034 2 1 0
367.113 0.987162 0.987162 2 1 0
367.613 0.987288 0.987288 2 1 0
368.113 0.987414 0.987414 2 1 0
368.613 0.987538 0.987538 2 1 0
369.113 0.987661 0.987661 2 1 0
369.613 0.987782 0.987782 2 1 0
370.113 0.987903 0.987903 2 1 0
370.613 0.988022 0.988022 2 1 0
371.113 0.98814 0.98814 2 1 0
371.613 0.988257 0.988257 2 1 0
372.113 0.988373 0.988373 2 1 0
372.613 0.988488 0.988488 2 1 0
373.113 0.988601 0.988601 2 1 0
373.613 0.988714 0.988714 2 1 0
374.113 0.988825 0.988825 2 1 0
374.613 0.988936 0.988936 2 1 0
375.113 0.989045 0.989045 2 1 0
375.613 0.989153 0.989153 2 1 0
376.113 0.98926 0.98926 2 1 0
376.613 0.989366 0.989366 2 1 0
377.113 0.989471 0.989471 2 1 0
377.613 0.989575 0.989575 2 1 0
378.113 0.989678 0.989678 2 1 0
378.613 0.98978 0.98978 2 1 0
379.113 0.989881 0.989881 2 1 0
379.613 0.989981 0.989981 2 1 0
380.113 0.99008 0.99008 2 1 0
380.613 0.990178 0.990178 2 1 0
381.113 0.990275 0.990275 2 1 0
381.613 0.990371 0.990371 2 1 0
382.113 0.990466 0.990466 2 1 0
382.613 0.99056 0.99056 2 1 0
383.113 0.990654 0.990654 2 1 0
383.613 0.990746 0.990746 2 1 0
384.113 0.990838 0.990838 2 1 0
384.613 0.990928 0.990928 2 1 0
385.113 0.991018 0.991018 2 1 0
385.613 0.991107 0.991107 2 1 0
386.113 0.991195 0.991195 2 1 0
386.613 0.991282 0.991282 2 1 0
387.113 0.991368 0.991368 2 1 0
387.613 0.991453 0.991453 2 1 0
388.113 0.991538 0.991538 2 1 0
388.613 0.991622 0.991622 2 1 0
389.113 0.991704 0.991704 2 1 0
389.613 0.991786 0.991786 2 1 0
390.113 0.991868 0.991868 2 1 0
390.613 0.991948 0.991948 2 1 0
391.113 0.992028 0.992028 2 1 0
391.613 0.992107 0.992107 2 1 0
392.113 0.992185 0.992185 2 1 0
392.613 0.992262 0.992262 2 1 0
393.113 0.992339 0.992339 2 1 0
393.613 0.992415 0.992415 2 1 0
394.113 0.99249 0.99249 2 1 0
394.613 0.992564 0.992564 2 1 0
395.113 0.992638 0.992638 2 1 0
395.613 0.99271 0.99271 2 1 0
396.113 0.992783 0.992783 2 1 0
396.613 0.992854 0.992854 2 1 0
397.113 0.992925 0.992925 2 1 0
397.613 0.992995 0.992995 2 1 0
398.113 0.993064 0.993064 2 1 0
398.613 0.993133 0.993133 2 1 0
399.113 0.993201 0.993201 2 1 0
399.613 0.993268 0.993268 2 1 0
400.113 0.993335 0.993335 2 1 0
400.613 0.993401 0.993401 2 1 0
401.113 0.993466 0.993466 2 1 0
401.613 0.993531 0.993531 2 1 0
402.113 0.993595 0.993595 2 1 0
402.613 0.993659 0.993659 2 1 0
403.113 0.993721 0.993721 2 1 0
403.613 0.993784 0.993784 2 1 0
404.113 0.993845 0.993845 2 1 0
404.613 0.993906 0.993906 2 1 0
405.113 0.993967 0.993967 2 1 0
405.613 0.994026 0.994026 2 1 0
406.113 0.994085 0.994085 2 1 0
406.613 0.994144 0.994144 2 1 0
407.113 0.994202 0.994202 2 1 0
407.613 0.99426 0.99426 2 1 0
408.113 0.994316 0.994316 2 1 0
408.613 0.994373 0.994373 2 1 0
409.113 0.994429 0.994429 2 1 0
409.613 0.994484 0.994484 2 1 0
410.113 0.994539 0.994539 2 1 0
410.613 0.994593 0.994593 2 1 0
411.113 0.994646 0.994646 2 1 0
411.613 0.994699 0.994699 2 1 0
412.113 0.994752 0.994752 2 1 0
412.613 0.994804 0.994804 2 1 0
413.113 0.994855 0.994855 2 1 0
413.613 0.994906 0.994906 2 1 0
414.113 0.994957 0.994957 2 1 0
414.613 0.995007 0.995007 2 1 0
415.113 0.995056 0.995056 2 1 0
415.613 0.995105 0.995105 2 1 0
416.113 0.995154 0.995154 2 1 0
416.613 0.995202 0.995202 2 1 0
417.113 0.99525 0.99525 2 1 0
417.613 0.995297 0.995297 2 1 0
418.113 0.995343 0.995343 2 1 0
418.613 0.99539 0.99539 2 1 0
419.113 0.995435 0.995435 2 1 0
419.613 0.995481 0.995481 2 1 0
420.113 0.995525 0.995525 2 1 0
420.613 0.99557 0.99557 2 1 0
421.113 0.995614 0.995614 2 1 0
421.613 0.995657 0.995657 2 1 0
422.113 0.9957 0.9957 2 1 0
422.613 0.995743 0.995743 2 1 0
423.113 0.995785 0.995785 2 1 0
423.613 0.995827 0.995827 2 1 0
424.113 0.995869 0.995869 2 1 0
424.613 0.99591 0.99591 2 1 0
425.113 0.99595 0.99595 2 1 0
425.613 0.99599 0.99599 2 1 0
426.113 0.99603 0.99603 2 1 0
426.613 0.996069 0.996069 2 1 0
427.113 0.996108 0.996108 2 1 0
427.613 0.996147 0.996147 2 1 0
428.113 0.996185 0.996185 2 1 0
428.613 0.996223 0.996223 2 1 0
429.113 0.996261 0.996261 2 1 0
429.613 0.996298 0.996298 2 1 0
430.113 0.996335 0.996335 2 1 0
430.613 0.996371 0.996371 2 1 0
431.113 0.996407 0.996407 2 1 0
431.613 0.996443 0.996443 2 1 0
432.113 0.996478 0.996478 2 1 0
432.613 0.996513 0.996513 2 1 0
433.113 0.996548 0.996548 2 1 0
433.613 0.996582 0.996582 2 1 0
434.113 0.996616 0.996616 2 1 0
434.613 0.996649 0.996649 2 1 0
435.113 0.996683 0.996683 2 1 0
435.613 0.996716 0.996716 2 1 0
436.113 0.996748 0.996748 2 1 0
436.613 0.99678 0.99678 2 1 0
437.113 0.996812 0.996812 2 1 0
437.613 0.996844 0.996844 2 1 0
438.113 0.996875 0.996875 2 1 0
438.613 0.996906 0.996906 2 1 0
439.113 0.996937 0.996937 2 1 0
439.613 0.996968 0.996968 2 1 0
440.113 0.996998 0.996998 2 1 0
440.113 0.996998 0.996998 2 1 0
440.153 0.997 0.997 2 1 0
440.193 0.997002 0.997002 2 1 0
440.273 0.997007 0.997007 2 1 0
440.433 0.997017 0.997017 2 1 0
440.753 0.997036 0.997036 2 1 0
441.253 0.997065 0.997065 2 1 0
441.753 0.997094 0.997094 2 1 0
442.253 0.997123 0.997123 2 1 0
442.753 0.997152 0.997152 2 1 0
443.253 0.99718 0.99718 2 1 0
443.753 0.997208 0.997208 2 1 0
444.253 0.997236 0.997236 2 1 0
444.753 0.997263 0.997263 2 1 0
445.253 0.99729 0.99729 2 1 0
445.753 0.997317 0.997317 2 1 0
446.253 0.997344 0.997344 2 1 0
446.753 0.99737 0.99737 2 1 0
447.253 0.997397 0.997397 2 1 0
447.753 0.997422 0.997422 2 1 0
448.253 0.997448 0.997448 2 1 0
448.753 0.997473 0.997473 2 1 0
449.253 0.997498 0.997498 2 1 0
449.753 0.997523 0.997523 2 1 0
450.253 0.997548 0.997548 2 1 0
450.753 0.997572 0.997572 2 1 0
451.253 0.997596 0.997596 2 1 0
451.753 0.99762 0.99762 2 1 0
452.253 0.997644 0.997644 2 1 0
452.753 0.997667 0.997667 2 1 0
453.253 0.99769 0.99769 2 1 0
453.753 0.997713 0.997713 2 1 0
454.253 0.997736 0.997736 2 1 0
454.753 0.997759 0.997759 2 1 0
455.253 0.997781 0.997781 2 1 0
455.753 0.997803 0.997803 2 1 0
456.253 0.997825 0.997825 2 1 0
456.753 0.997846 0.997846 2 1 0
457.253 0.997868 0.997868 2 1 0
457.753 0.997889 0.997889 2 1 0
458.253 0.99791 0.99791 2 1 0
458.753 0.997931 0.997931 2 1 0
459.253 0.997951 0.997951 2 1 0
459.753 0.997972 0.997972 2 1 0
460.253 0.997992 0.997992 2 1 0
460.753 0.998012 0.998012 2 1 0
461.253 0.998032 0.998032 2 1 0
461.753 0.998051 0.998051 2 1 0
462.253 0.99807 0.99807 2 1 0
462.753 0.99809 0.99809 2 1 0
463.253 0.998109 0.998109 2 1 0
463.753 0.998127 0.998127 2 1 0
464.253 0.998146 0.998146 2 1 0
464.753 0.998164 0.998164 2 1 0
465.253 0.998183 0.998183 2 1 0
465.753 0.998201 0.998201 2 1 0
466.253 0.998219 0.998219 2 1 0
466.753 0.998236 0.998236 2 1 0
467.253 0.998254 0.998254 2 1 0
467.753 0.998271 0.998271 2 1 0
468.253 0.998288 0.998288 2 1 0
468.753 0.998305 0.998305 2 1 0
469.253 0.998322 0.998322 2 1 0
469.753 0.998339 0.998339 2 1 0
470.253 0.998355 0.998355 2 1 0
470.753 0.998372 0.998372 2 1 0
471.253 0.998388 0.998388 2 1 0
471.753 0.998404 0.998404 2 1 0
472.253 0.99842 0.99842 2 1 0
472.753 0.998436 0.998436 2 1 0
473.253 0.998451 0.998451 2 1 0
473.753 0.998467 0.998467 2 1 0
474.253 0.998482 0.998482 2 1 0
474.753 0.998497 0.998497 2 1 0
475.253 0.998512 0.998512 2 1 0
475.753 0.998527 0.998527 2 1 0
476.253 0.998541 0.998541 2 1 0
476.753 0.998556 0.998556 2 1 0
477.253 0.99857 0.99857 2 1 0
477.753 0.998584 0.998584 2 1 0
478.253 0.998598 0.998598 2 1 0
478.753 0.998612 0.998612 2 1 0
479.253 0.998626 0.998626 2 1 0
479.753 0.99864 0.99864 2 1 0
480.253 0.998653 0.998653 2 1 0
480.753 0.998667 0.998667 2 1 0
481.253 0.99868 0.99868 2 1 0
481.753 0.998693 0.998693 2 1 0
482.253 0.998706 0.998706 2 1 0
482.753 0.998719 0.998719 2 1 0
483.253 0.998732 0.998732 2 1 0
483.753 0.998744 0.998744 2 1 0
484.253 0.998757 0.998757 2 1 0
484.753 0.998769 0.998769 2 1 0
485.253 0.998781 0.998781 2 1 0
485.753 0.998793 0.998793 2 1 0
486.253 0.998805 0.998805 2 1 0
486.753 0.998817 0.998817 2 1 0
487.253 0.998829 0.998829 2 1 0
487.753 0.998841 0.998841 2 1 0
488.253 0.998852 0.998852 2 1 0
488.753 0.998864 0.998864 2 1 0
489.253 0.998875 0.998875 2 1 0
489.753 0.998886 0.998886 2 1 0
490.253 0.998897 0.998897 2 1 0
490.753 0.998908 0.998908 2 1 0
491.253 0.998919 0.998919 2 1 0
491.753 0.99893 0.99893 2 1 0
492.253 0.99894 0.99894 2 1 0
492.753 0.998951 0.998951 2 1 0
493.253 0.998961 0.998961 2 1 0
493.753 0.998972 0.998972 2 1 0
494.253 0.998982 0.998982 2 1 0
494.753 0.998992 0.998992 2 1 0
495.253 0.999002 0.999002 2 1 0
495.753 0.999012 0.999012 2 1 0
496.253 0.999022 0.999022 2 1 0
496.753 0.999032 0.999032 2 1 0
497.253 0.999041 0.999041 2 1 0
497.753 0.999051 0.999051 2 1 0
498.253 0.99906 0.99906 2 1 0
498.753 0.99907 0.99907 2 1 0
499.253 0.999079 0.999079 2 1 0
499.753 0.999088 0.999088 2 1 0
500.253 0.999097 0.999097 2 1 0
500.753 0.999106 0.999106 2 1 0
501.253 0.999115 0.999115 2 1 0
501.753 0.999124 0.999124 2 1 0
502.253 0.999132 0.999132 2 1 0
502.753 0.999141 0.999141 2 1 0
503.253 0.99915 0.99915 2 1 0
503.753 0.999158 0.999158 2 1 0
504.253 0.999166 0.999166 2 1 0
504.753 0.999175 0.999175 2 1 0
505.253 0.999183 0.999183 2 1 0
505.753 0.999191 0.999191 2 1 0
506.253 0.999199 0.999199 2 1 0
506.753 0.999207 0.999207 2 1 0
507.253 0.999215 0.999215 2 1 0
507.753 0.999223 0.999223 2 1 0
508.253 0.99923 0.99923 2 1 0
508.753 0.999238 0.999238 2 1 0
509.253 0.999246 0.999246 2 1 0
509.753 0.999253 0.999253 2 1 0
510.253 0.999261 0.999261 2 1 0
510.753 0.999268 0.999268 2 1 0
511.253 0.999275 0.999275 2 1 0
511.753 0.999282 0.999282 2 1 0
512.253 0.99929 0.99929 2 1 0
512.753 0.999297 0.999297 2 1 0
513.253 0.999304 0.999304 2 1 0
513.753 0.999311 0.999311 2 1 0
514.253 0.999317 0.999317 2 1 0
514.753 0.999324 0.999324 2 1 0
515.253 0.999331 0.999331 2 1 0
515.753 0.999338 0.999338 2 1 0
516.253 0.999344 0.999344 2 1 0
516.753 0.999351 0.999351 2 1 0
517.253 0.999357 0.999357 2 1 0
517.753 0.999364 0.999364 2 1 0
518.253 0.99937 0.99937 2 1 0
518.753 0.999376 0.999376 2 1 0
519.253 0.999382 0.999382 2 1 0
519.753 0.999389 0.999389 2 1 0
520.253 0.999395 0.999395 2 1 0
520.753 0.999401 0.999401 2 1 0
521.253 0.999407 0.999407 2 1 0
521.753 0.999413 0.999413 2 1 0
522.253 0.999418 0.999418 2 1 0
522.753 0.999424 0.999424 2 1 0
523.253 0.99943 0.99943 2 1 0
523.753 0.999436 0.999436 2 1 0
524.253 0.999441 0.999441 2 1 0
524.753 0.999447 0.999447 2 1 0
525.253 0.999452 0.999452 2 1 0
525.753 0.999458 0.999458 2 1 0
526.253 0.999463 0.999463 2 1 0
526.753 0.999468 0.999468 2 1 0
527.253 0.999474 0.999474 2 1 0
527.753 0.999479 0.999479 2 1 0
528.253 0.999484 0.999484 2 1 0
528.753 0.999489 0.999489 2 1 0
529.253 0.999494 0.999494 2 1 0
529.753 0.999499 0.999499 2 1 0
530.253 0.999504 0.999504 2 1 0
530.753 0.999509 0.999509 2 1 0
531.253 0.999514 0.999514 2 1 0
531.753 0.999519 0.999519 2 1 0
532.253 0.999524 0.999524 2 1 0
532.753 0.999528 0.999528 2 1 0
533.253 0.999533 0.999533 2 1 0
533.753 0.999538 0.999538 2 1 0
534.253 0.999542 0.999542 2 1 0
534.753 0.999547 0.999547 2 1 0
535.253 0.999551 0.999551 2 1 0
535.753 0.999556 0.999556 2 1 0
536.253 0.99956 0.99956 2 1 0
536.753 0.999565 0.999565 2 1 0
537.253 0.999569 0.999569 2 1 0
537.753 0.999573 0.999573 2 1 0
537.753 0.999573 0.999573 2 1 0
537.793 0.999574 0.999574 2 1 0
537.833 0.999574 0.999574 2 1 0
537.913 0.999575 0.999575 2 1 0
538.073 0.999576 0.999576 2 1 0
538.393 0.999579 0.999579 2 1 0
538.893 0.999583 0.999583 2 1 0
539.393 0.999587 0.999587 2 1 0
539.893 0.999591 0.999591 2 1 0
540.393 0.999595 0.999595 2 1 0
540.893 0.999599 0.999599 2 1 0
541.393 0.999603 0.999603 2 1 0
541.893 0.999607 0.999607 2 1 0
542.393 0.999611 0.999611 2 1 0
542.893 0.999615 0.999615 2 1 0
543.393 0.999619 0.999619 2 1 0
543.893 0.999623 0.999623 2 1 0
544.393 0.999626 0.999626 2 1 0
544.893 0.99963 0.99963 2 1 0
545.393 0.999634 0.999634 2 1 0
545.893 0.999637 0.999637 2 1 0
546.393 0.999641 0.999641 2 1 0
546.893 0.999645 0.999645 2 1 0
547.393 0.999648 0.999648 2 1 0
547.893 0.999652 0.999652 2 1 0
548.393 0.999655 0.999655 2 1 0
548.893 0.999659 0.999659 2 1 0
549.393 0.999662 0.999662 2 1 0
549.893 0.999665 0.999665 2 1 0
550.393 0.999669 0.999669 2 1 0
550.893 0.999672 0.999672 2 1 0
551.393 0.999675 0.999675 2 1 0
551.893 0.999678 0.999678 2 1 0
552.393 0.999682 0.999682 2 1 0
552.893 0.999685 0.999685 2 1 0
553.393 0.999688 0.999688 2 1 0
553.893 0.999691 0.999691 2 1 0
554.393 0.999694 0.999694 2 1 0
554.893 0.999697 0.999697 2 1 0
555.393 0.9997 0.9997 2 1 0
555.893 0.999703 0.999703 2 1 0
556.393 0.999706 0.999706 2 1 0
556.893 0.999709 0.999709 2 1 0
557.393 0.999712 0.999712 2 1 0
557.893 0.999715 0.999715 2 1 0
558.393 0.999718 0.999718 2 1 0
558.893 0.99972 0.99972 2 1 0
559.393 0.999723 0.999723 2 1 0
559.893 0.999726 0.999726 2 1 0
560.393 0.999729 0.999729 2 1 0
560.893 0.999731 0.999731 2 1 0
561.393 0.999734 0.999734 2 1 0
561.893 0.999737 0.999737 2 1 0
562.393 0.999739 0.999739 2 1 0
562.893 0.999742 0.999742 2 1 0
563.393 0.999744 0.999744 2 1 0
563.893 0.999747 0.999747 2 1 0
564.393 0.99975 0.99975 2 1 0
564.893 0.999752 0.999752 2 1 0
565.393 0.999755 0.999755 2 1 0
565.893 0.999757 0.999757 2 1 0
566.393 0.999759 0.999759 2 1 0
566.893 0.999762 0.999762 2 1 0
567.393 0.999764 0.999764 2 1 0
567.893 0.999766 0.999766 2 1 0
568.393 0.999769 0.999769 2 1 0
568.893 0.999771 0.999771 2 1 0
569.393 0.999773 0.999773 2 1 0
569.893 0.999776 0.999776 2 1 0
570.393 0.999778 0.999778 2 1 0
570.893 0.99978 0.99978 2 1 0
571.393 0.999782 0.999782 2 1 0
571.893 0.999784 0.999784 2 1 0
572.393 0.999787 0.999787 2 1 0
572.893 0.999789 0.999789 2 1 0
573.393 0.999791 0.999791 2 1 0
573.893 0.999793 0.999793 2 1 0
574.393 0.999795 0.999795 2 1 0
574.893 0.999797 0.999797 2 1 0
575.393 0.999799 0.999799 2 1 0
575.893 0.999801 0.999801 2 1 0
576.393 0.999803 0.999803 2 1 0
576.893 0.999805 0.999805 2 1 0
577.393 0.999807 0.999807 2 1 0
577.893 0.999809 0.999809 2 1 0
578.393 0.999811 0.999811 2 1 0
578.893 0.999813 0.999813 2 1 0
579.393 0.999814 0.999814 2 1 0
579.893 0.999816 0.999816 2 1 0
580.393 0.999818 0.999818 2 1 0
580.893 0.99982 0.99982 2 1 0
581.393 0.999822 0.999822 2 1 0
581.893 0.999824 0.999824 2 1 0
582.393 0.999825 0.999825 2 1 0
582.893 0.999827 0.999827 2 1 0
583.393 0.999829 0.999829 2 1 0
583.893 0.99983 0.99983 2 1 0
584.393 0.999832 0.999832 2 1 0
584.893 0.999834 0.999834 2 1 0
585.393 0.999835 0.999835 2 1 0
585.893 0.999837 0.999837 2 1 0
586.393 0.999839 0.999839 2 1 0
586.893 0.99984 0.99984 2 1 0
587.393 0.999842 0.999842 2 1 0
587.893 0.999843 0.999843 2 1 0
588.393 0.999845 0.999845 2 1 0
588.893 0.999847 0.999847 2 1 0
589.393 0.999848 0.999848 2 1 0
589.893 0.99985 0.99985 2 1 0
590.393 0.999851 0.999851 2 1 0
590.893 0.999853 0.999853 2 1 0
591.393 0.999854 0.999854 2 1 0
591.893 0.999855 0.999855 2 1 0
592.393 0.999857 0.999857 2 1 0
592.893 0.999858 0.999858 2 1 0
593.393 0.99986 0.99986 2 1 0
593.893 0.999861 0.999861 2 1 0
594.393 0.999863 0.999863 2 1 0
594.893 0.999864 0.999864 2 1 0
595.393 0.999865 0.999865 2 1 0
595.893 0.999867 0.999867 2 1 0
596.393 0.999868 0.999868 2 1 0
596.893 0.999869 0.999869 2 1 0
597.393 0.999871 0.999871 2 1 0
597.893 0.999872 0.999872 2 1 0
598.393 0.999873 0.999873 2 1 0
598.893 0.999874 0.999874 2 1 0
599.393 0.999876 0.999876 2 1 0
599.893 0.999877 0.999877 2 1 0
600.393 0.999878 0.999878 2 1 0
600.893 0.999879 0.999879 2 1 0
601.393 0.99988 0.99988 2 1 0
601.893 0.999882 0.999882 2 1 0
602.393 0.999883 0.999883 2 1 0
602.893 0.999884 0.999884 2 1 0
603.393 0.999885 0.999885 2 1 0
603.893 0.999886 0.999886 2 1 0
604.393 0.999887 0.999887 2 1 0
604.893 0.999889 0.999889 2 1 0
605.393 0.99989 0.99989 2 1 0
605.893 0.999891 0.999891 2 1 0
606.393 0.999892 0.999892 2 1 0
606.893 0.999893 0.999893 2 1 0
607.393 0.999894 0.999894 2 1 0
607.893 0.999895 0.999895 2 1 0
608.393 0.999896 0.999896 2 1 0
608.893 0.999897 0.999897 2 1 0
609.393 0.999898 0.999898 2 1 0
609.893 0.999899 0.999899 2 1 0
610.393 0.9999 0.9999 2 1 0
610.893 0.999901 0.999901 2 1 0
611.393 0.999902 0.999902 2 1 0
611.893 0.999903 0.999903 2 1 0
612.393 0.999904 0.999904 2 1 0
612.893 0.999905 0.999905 2 1 0
613.393 0.999906 0.999906 2 1 0
613.893 0.999907 0.999907 2 1 0
614.393 0.999908 0.999908 2 1 0
614.893 0.999909 0.999909 2 1 0
615.393 0.99991 0.99991 2 1 0
615.893 0.999911 0.999911 2 1 0
616.393 0.999911 0.999911 2 1 0
616.893 0.999912 0.999912 2 1 0
617.393 0.999913 0.999913 2 1 0
617.893 0.999914 0.999914 2 1 0
618.393 0.999915 0.999915 2 1 0
618.893 0.999916 0.999916 2 1 0
619.393 0.999917 0.999917 2 1 0
619.893 0.999917 0.999917 2 1 0
620.393 0.999918 0.999918 2 1 0
620.893 0.999919 0.999919 2 1 0
621.393 0.99992 0.99992 2 1 0
621.893 0.999921 0.999921 2 1 0
622.393 0.999921 0.999921 2 1 0
622.893 0.999922 0.999922 2 1 0
623.393 0.999923 0.999923 2 1 0
623.893 0.999924 0.999924 2 1 0
624.393 0.999925 0.999925 2 1 0
624.893 0.999925 0.999925 2 1 0
625.393 0.999926 0.999926 2 1 0
625.893 0.999927 0.999927 2 1 0
626.393 0.999928 0.999928 2 1 0
626.893 0.999928 0.999928 2 1 0
627.393 0.999929 0.999929 2 1 0
627.893 0.99993 0.99993 2 1 0
628.393 0.99993 0.99993 2 1 0
628.893 0.999931 0.999931 2 1 0
629.393 0.999932 0.999932 2 1 0
629.893 0.999932 0.999932 2 1 0
630.393 0.999933 0.999933 2 1 0
630.893 0.999934 0.999934 2 1 0
631.393 0.999934 0.999934 2 1 0
631.893 0.999935 0.999935 2 1 0
632.393 0.999936 0.999936 2 1 0
632.893 0.999936 0.999936 2 1 0
633.393 0.999937 0.999937 2 1 0
633.893 0.999938 0.999938 2 1 0
634.393 0.999938 0.999938 2 1 0
634.893 0.999939 0.999939 2 1 0
635.393 0.999939 0.999939 2 1 0
210.731 0.285714 0.285714 2 2 0
210.771 0.285714 0.285714 1 2 0
210.811 0.285714 0.285714 1 2 0
210.891 0.285714 0.285714 1 2 0
211.051 0.285714 0.285714 1 2 0
211.371 0.285714 0.285714 1 2 0
211.871 0.285714 0.285714 1 2 0
212.371 0.285714 0.285714 1 2 0
212.871 0.285714 0.285714 1 2 0
213.371 0.285714 0.285714 1 2 0
213.871 0.285714 0.285714 1 2 0
214.371 0.285714 0.285714 1 2 0
214.871 0.285714 0.285714 1 2 0
215.371 0.285714 0.285714 1 2 0
215.871 0.285714 0.285714 1 2 0
216.371 0.285714 0.285714 1 2 0
216.871 0.285714 0.285714 1 2 0
217.371 0.285714 0.285714 1 2 0
217.871 0.285714 0.285714 1 2 0
218.371 0.285714 0.285714 1 2 0
218.871 0.285714 0.285714 1 2 0
219.371 0.285714 0.285714 1 2 0
219.871 0.285714 0.285714 1 2 0
220.371 0.285714 0.285714 1 2 0
220.871 0.285714 0.285714 1 2 0
221.371 0.285714 0.285714 1 2 0
221.871 0.285714 0.285714 1 2 0
222.371 0.285714 0.285714 1 2 0
222.871 0.285714 0.285714 1 2 0
223.371 0.285714 0.285714 1 2 0
223.871 0.285714 0.285714 1 2 0
224.371 0.285714 0.285714 1 2 0
224.871 0.285714 0.285714 1 2 0
225.371 0.285714 0.285714 1 2 0
225.871 0.285714 0.285714 1 2 0
226.371 0.285714 0.285714 1 2 0
226.871 0.285714 0.285714 1 2 0
227.371 0.285714 0.285714 1 2 0
227.871 0.285714 0.285714 1 2 0
228.371 0.285714 0.285714 1 2 0
228.871 0.285714 0.285714 1 2 0
229.371 0.285714 0.285714 1 2 0
229.871 0.285714 0.285714 1 2 0
230.371 0.285714 0.285714 1 2 0
230.871 0.285714 0.285714 1 2 0
231.371 0.285714 0.285714 1 2 0
231.871 0.285714 0.285714 1 2 0
232.371 0.285714 0.285714 1 2 0
232.871 0.285714 0.285714 1 2 0
233.371 0.285714 0.285714 1 2 0
233.871 0.285714 0.285714 1 2 0
234.371 0.285714 0.285714 1 2 0
234.871 0.285714 0.285714 1 2 0
235.371 0.285714 0.285714 1 2 0
235.871 0.285714 0.285714 1 2 0
236.371 0.285714 0.285714 1 2 0
236.871 0.285714 0.285714 1 2 0
237.371 0.285714 0.285714 1 2 0
237.871 0.285714 0.285714 1 2 0
238.371 0.285714 0.285714 1 2 0
238.871 0.285714 0.285714 1 2 0
239.371 0.285714 0.285714 1 2 0
239.871 0.285714 0.285714 1 2 0
240.371 0.285714 0.285714 1 2 0
240.871 0.285714 0.285714 1 2 0
241.371 0.285714 0.285714 1 2 0
241.871 0.285714 0.285714 1 2 0
242.371 0.285714 0.285714 1 2 0
242.871 0.285714 0.285714 1 2 0
243.371 0.285714 0.285714 1 2 0
243.871 0.285714 0.285714 1 2 0
244.371 0.285714 0.285714 1 2 0
244.871 0.285714 0.285714 1 2 0
245.371 0.285714 0.285714 1 2 0
245.871 0.285714 0.285714 1 2 0
246.371 0.285714 0.285714 1 2 0
246.871 0.285714 0.285714 1 2 0
247.371 0.285714 0.285714 1 2 0
247.871 0.285714 0.285714 1 2 0
248.371 0.285714 0.285714 1 2 0
248.871 0.285714 0.285714 1 2 0
249.371 0.285714 0.285714 1 2 0
249.871 0.285714 0.285714 1 2 0
250.371 0.285714 0.285714 1 2 0
250.871 0.285714 0.285714 1 2 0
251.371 0.285714 0.285714 1 2 0
251.871 0.285714 0.285714 1 2 0
252.371 0.285714 0.285714 1 2 0
252.871 0.285714 0.285714 1 2 0
253.371 0.285714 0.285714 1 2 0
253.871 0.285714 0.285714 1 2 0
254.371 0.285714 0.285714 1 2 0
254.871 0.285714 0.285714 1 2 0
255.371 0.285714 0.285714 1 2 0
255.871 0.285714 0.285714 1 2 0
256.371 0.285714 0.285714 1 2 0
256.871 0.285714 0.285714 1 2 0
257.371 0.285714 0.285714 1 2 0
257.871 0.285714 0.285714 1 2 0
258.371 0.285714 0.285714 1 2 0
258.871 0.285714 0.285714 1 2 0
259.371 0.285714 0.285714 1 2 0
259.871 0.285714 0.285714 1 2 0
260.371 0.285714 0.285714 1 2 0
260.871 0.285714 0.285714 1 2 0
261.371 0.285714 0.285714 1 2 0
261.871 0.285714 0.285714 1 2 0
262.371 0.285714 0.285714 1 2 0
262.871 0.285714 0.285714 1 2 0
263.371 0.285714 0.285714 1 2 0
263.871 0.285714 0.285714 1 2 0
264.371 0.285714 0.285714 1 2 0
264.871 0.285714 0.285714 1 2 0
265.371 0.285714 0.285714 1 2 0
265.871 0.285714 0.285714 1 2 0
266.371 0.285714 0.285714 1 2 0
266.871 0.285714 0.285714 1 2 0
267.371 0.285714 0.285714 1 2 0
267.871 0.285714 0.285714 1 2 0
268.371 0.285714 0.285714 1 2 0
268.871 0.285714 0.285714 1 2 0
269.371 0.285714 0.285714 1 2 0
269.871 0.285714 0.285714 1 2 0
270.371 0.285714 0.285714 1 2 0
270.871 0.285714 0.285714 1 2 0
271.371 0.285714 0.285714 1 2 0
271.871 0.285714 0.285714 1 2 0
272.371 0.285714 0.285714 1 2 0
272.871 0.285714 0.285714 1 2 0
273.371 0.285714 0.285714 1 2 0
273.871 0.285714 0.285714 1 2 0
274.371 0.285714 0.285714 1 2 0
274.871 0.285714 0.285714 1 2 0
275.371 0.285714 0.285714 1 2 0
275.871 0.285714 0.285714 1 2 0
276.371 0.285714 0.285714 1 2 0
276.871 0.285714 0.285714 1 2 0
277.371 0.285714 0.285714 1 2 0
277.871 0.285714 0.285714 1 2 0
278.371 0.285714 0.285714 1 2 0
278.871 0.285714 0.285714 1 2 0
279.371 0.285714 0.285714 1 2 0
279.871 0.285714 0.285714 1 2 0
280.371 0.285714 0.285714 1 2 0
280.871 0.285714 0.285714 1 2 0
281.371 0.285714 0.285714 1 2 0
281.871 0.285714 0.285714 1 2 0
282.371 0.285714 0.285714 1 2 0
282.871 0.285714 0.285714 1 2 0
283.371 0.285714 0.285714 1 2 0
283.871 0.285714 0.285714 1 2 0
284.371 0.285714 0.285714 1 2 0
284.871 0.285714 0.285714 1 2 0
285.371 0.285714 0.285714 1 2 0
285.871 0.285714 0.285714 1 2 0
286.371 0.285714 0.285714 1 2 0
286.871 0.285714 0.285714 1 2 0
287.371 0.285714 0.285714 1 2 0
287.871 0.285714 0.285714 1 2 0
288.371 0.285714 0.285714 1 2 0
288.871 0.285714 0.285714 1 2 0
289.371 0.285714 0.285714 1 2 0
289.871 0.285714 0.285714 1 2 0
290.371 0.285714 0.285714 1 2 0
290.871 0.285714 0.285714 1 2 0
291.371 0.285714 0.285714 1 2 0
291.871 0.285714 0.285714 1 2 0
292.371 0.285714 0.285714 1 2 0
292.871 0.285714 0.285714 1 2 0
293.371 0.285714 0.285714 1 2 0
293.871 0.285714 0.285714 1 2 0
294.371 0.285714 0.285714 1 2 0
294.871 0.285714 0.285714 1 2 0
295.371 0.285714 0.285714 1 2 0
295.871 0.285714 0.285714 1 2 0
296.371 0.285714 0.285714 1 2 0
296.871 0.285714 0.285714 1 2 0
297.371 0.285714 0.285714 1 2 0
297.871 0.285714 0.285714 1 2 0
298.371 0.285714 0.285714 1 2 0
298.871 0.285714 0.285714 1 2 0
299.371 0.285714 0.285714 1 2 0
299.871 0.285714 0.285714 1 2 0
300.371 0.285714 0.285714 1 2 0
300.871 0.285714 0.285714 1 2 0
301.371 0.285714 0.285714 1 2 0
301.871 0.285714 0.285714 1 2 0
302.371 0.285714 0.285714 1 2 0
302.871 0.285714 0.285714 1 2 0
303.371 0.285714 0.285714 1 2 0
303.871 0.285714 0.285714 1 2 0
304.371 0.285714 0.285714 1 2 0
304.871 0.285714 0.285714 1 2 0
305.371 0.285714 0.285714 1 2 0
305.871 0.285714 0.285714 1 2 0
306.371 0.285714 0.285714 1 2 0
306.871 0.285714 0.285714 1 2 0
307.371 0.285714 0.285714 1 2 0
307.871 0.285714 0.285714 1 2 0
308.371 0.285714 0.285714 1 2 0
308.371 0.285714 0.285714 2 2 0
308.411 0.285714 0.285714 1 2 0
308.451 0.285714 0.285714 1 2 0
308.531 0.285714 0.285714 1 2 0
308.691 0.285714 0.285714 1 2 0
309.011 0.285714 0.285714 1 2 0
309.511 0.285714 0.285714 1 2 0
310.011 0.285714 0.285714 1 2 0
310.511 0.285714 0.285714 1 2 0
311.011 0.285714 0.285714 1 2 0
311.511 0.285714 0.285714 1 2 0
312.011 0.285714 0.285714 1 2 0
312.511 0.285714 0.285714 1 2 0
313.011 0.285714 0.285714 1 2 0
313.511 0.285714 0.285714 1 2 0
314.011 0.285714 0.285714 1 2 0
314.511 0.285714 0.285714 1 2 0
315.011 0.285714 0.285714 1 2 0
315.511 0.285714 0.285714 1 2 0
316.011 0.285714 0.285714 1 2 0
316.511 0.285714 0.285714 1 2 0
317.011 0.285714 0.285714 1 2 0
317.511 0.285714 0.285714 1 2 0
318.011 0.285714 0.285714 1 2 0
318.511 0.285714 0.285714 1 2 0
319.011 0.285714 0.285714 1 2 0
319.511 0.285714 0.285714 1 2 0
320.011 0.285714 0.285714 1 2 0
320.511 0.285714 0.285714 1 2 0
321.011 0.285714 0.285714 1 2 0
321.511 0.285714 0.285714 1 2 0
322.011 0.285714 0.285714 1 2 0
322.511 0.285714 0.285714 1 2 0
323.011 0.285714 0.285714 1 2 0
323.511 0.285714 0.285714 1 2 0
324.011 0.285714 0.285714 1 2 0
324.511 0.285714 0.285714 1 2 0
325.011 0.285714 0.285714 1 2 0
325.511 0.285714 0.285714 1 2 0
326.011 0.285714 0.285714 1 2 0
326.511 0.285714 0.285714 1 2 0
327.011 0.285714 0.285714 1 2 0
327.511 0.285714 0.285714 1 2 0
328.011 0.285714 0.285714 1 2 0
328.511 0.285714 0.285714 1 2 0
329.011 0.285714 0.285714 1 2 0
329.511 0.285714 0.285714 1 2 0
330.011 0.285714 0.285714 1 2 0
330.511 0.285714 0.285714 1 2 0
331.011 0.285714 0.285714 1 2 0
331.511 0.285714 0.285714 1 2 0
332.011 0.285714 0.285714 1 2 0
332.511 0.285714 0.285714 1 2 0
333.011 0.285714 0.285714 1 2 0
333.511 0.285714 0.285714 1 2 0
334.011 0.285714 0.285714 1 2 0
334.511 0.285714 0.285714 1 2 0
335.011 0.285714 0.285714 1 2 0
335.511 0.285714 0.285714 1 2 0
336.011 0.285714 0.285714 1 2 0
336.511 0.285714 0.285714 1 2 0
337.011 0.285714 0.285714 1 2 0
337.511 0.285714 0.285714 1 2 0
338.011 0.285714 0.285714 1 2 0
338.511 0.285714 0.285714 1 2 0
339.011 0.285714 0.285714 1 2 0
339.511 0.285714 0.285714 1 2 0
340.011 0.285714 0.285714 1 2 0
340.511 0.285714 0.285714 1 2 0
341.011 0.285714 0.285714 1 2 0
341.511 0.285714 0.285714 1 2 0
342.011 0.285714 0.285714 1 2 0
342.511 0.285714 0.285714 1 2 0
343.011 0.285714 0.285714 1 2 0
343.511 0.285714 0.285714 1 2 0
344.011 0.285714 0.285714 1 2 0
344.511 0.285714 0.285714 1 2 0
345.011 0.285714 0.285714 1 2 0
345.511 0.285714 0.285714 1 2 0
346.011 0.285714 0.285714 1 2 0
346.511 0.285714 0.285714 1 2 0
347.011 0.285714 0.285714 1 2 0
347.511 0.285714 0.285714 1 2 0
348.011 0.285714 0.285714 1 2 0
348.511 0.285714 0.285714 1 2 0
349.011 0.285714 0.285714 1 2 0
349.511 0.285714 0.285714 1 2 0
350.011 0.285714 0.285714 1 2 0
350.511 0.285714 0.285714 1 2 0
351.011 0.285714 0.285714 1 2 0
351.511 0.285714 0.285714 1 2 0
352.011 0.285714 0.285714 1 2 0
352.511 0.285714 0.285714 1 2 0
353.011 0.285714 0.285714 1 2 0
353.511 0.285714 0.285714 1 2 0
354.011 0.285714 0.285714 1 2 0
354.511 0.285714 0.285714 1 2 0
355.011 0.285714 0.285714 1 2 0
355.511 0.285714 0.285714 1 2 0
356.011 0.285714 0.285714 1 2 0
356.511 0.285714 0.285714 1 2 0
357.011 0.285714 0.285714 1 2 0
357.511 0.285714 0.285714 1 2 0
358.011 0.285714 0.285714 1 2 0
358.511 0.285714 0.285714 1 2 0
359.011 0.285714 0.285714 1 2 0
359.511 0.285714 0.285714 1 2 0
360.011 0.285714 0.285714 1 2 0
360.511 0.285714 0.285714 1 2 0
361.011 0.285714 0.285714 1 2 0
361.511 0.285714 0.285714 1 2 0
362.011 0.285714 0.285714 1 2 0
362.511 0.285714 0.285714 1 2 0
363.011 0.285714 0.285714 1 2 0
363.511 0.285714 0.285714 1 2 0
364.011 0.285714 0.285714 1 2 0
364.511 0.285714 0.285714 1 2 0
365.011 0.285714 0.285714 1 2 0
365.511 0.285714 0.285714 1 2 0
366.011 0.285714 0.285714 1 2 0
366.511 0.285714 0.285714 1 2 0
367.011 0.285714 0.285714 1 2 0
367.511 0.285714 0.285714 1 2 0
368.011 0.285714 0.285714 1 2 0
368.511 0.285714 0.285714 1 2 0
369.011 0.285714 0.285714 1 2 0
369.511 0.285714 0.285714 1 2 0
370.011 0.285714 0.285714 1 2 0
370.511 0.285714 0.285714 1 2 0
371.011 0.285714 0.285714 1 2 0
371.511 0.285714 0.285714 1 2 0
372.011 0.285714 0.285714 1 2 0
372.511 0.285714 0.285714 1 2 0
373.011 0.285714 0.285714 1 2 0
373.511 0.285714 0.285714 1 2 0
374.011 0.285714 0.285714 1 2 0
374.511 0.285714 0.285714 1 2 0
375.011 0.285714 0.285714 1 2 0
375.511 0.285714 0.285714 1 2 0
376.011 0.285714 0.285714 1 2 0
376.511 0.285714 0.285714 1 2 0
377.011 0.285714 0.285714 1 2 0
377.511 0.285714 0.285714 1 2 0
378.011 0.285714 0.285714 1 2 0
378.511 0.285714 0.285714 1 2 0
379.011 0.285714 0.285714 1 2 0
379.511 0.285714 0.285714 1 2 0
380.011 0.285714 0.285714 1 2 0
380.511 0.285714 0.285714 1 2 0
381.011 0.285714 0.285714 1 2 0
381.511 0.285714 0.285714 1 2 0
382.011 0.285714 0.285714 1 2 0
382.511 0.285714 0.285714 1 2 0
383.011 0.285714 0.285714 1 2 0
383.511 0.285714 0.285714 1 2 0
384.011 0.285714 0.285714 1 2 0
384.511 0.285714 0.285714 1 2 0
385.011 0.285714 0.285714 1 2 0
385.511 0.285714 0.285714 1 2 0
386.011 0.285714 0.285714 1 2 0
386.511 0.285714 0.285714 1 2 0
387.011 0.285714 0.285714 1 2 0
387.511 0.285714 0.285714 1 2 0
388.011 0.285714 0.285714 1 2 0
388.511 0.285714 0.285714 1 2 0
389.011 0.285714 0.285714 1 2 0
389.511 0.285714 0.285714 1 2 0
390.011 0.285714 0.285714 1 2 0
390.511 0.285714 0.285714 1 2 0
391.011 0.285714 0.285714 1 2 0
391.511 0.285714 0.285714 1 2 0
392.011 0.285714 0.285714 1 2 0
392.511 0.285714 0.285714 1 2 0
393.011 0.285714 0.285714 1 2 0
393.511 0.285714 0.285714 1 2 0
394.011 0.285714 0.285714 1 2 0
394.511 0.285714 0.285714 1 2 0
395.011 0.285714 0.285714 1 2 0
395.511 0.285714 0.285714 1 2 0
396.011 0.285714 0.285714 1 2 0
396.511 0.285714 0.285714 1 2 0
397.011 0.285714 0.285714 1 2 0
397.511 0.285714 0.285714 1 2 0
398.011 0.285714 0.285714 1 2 0
398.511 0.285714 0.285714 1 2 0
399.011 0.285714 0.285714 1 2 0
399.511 0.285714 0.285714 1 2 0
400.011 0.285714 0.285714 1 2 0
400.511 0.285714 0.285714 1 2 0
401.011 0.285714 0.285714 1 2 0
401.511 0.285714 0.285714 1 2 0
402.011 0.285714 0.285714 1 2 0
402.511 0.285714 0.285714 1 2 0
403.011 0.285714 0.285714 1 2 0
403.511 0.285714 0.285714 1 2 0
404.011 0.285714 0.285714 1 2 0
404.511 0.285714 0.285714 1 2 0
405.011 0.285714 0.285714 1 2 0
405.511 0.285714 0.285714 1 2 0
406.011 0.285714 0.285714 1 2 0
406.011 0.285714 0.285714 2 2 0
406.051 0.285714 0.285714 1 2 0
406.091 0.285714 0.285714 1 2 0
406.171 0.285714 0.285714 1 2 0
406.331 0.285714 0.285714 1 2 0
406.651 0.285714 0.285714 1 2 0
407.151 0.285714 0.285714 1 2 0
407.651 0.285714 0.285714 1 2 0
408.151 0.285714 0.285714 1 2 0
408.651 0.285714 0.285714 1 2 0
409.151 0.285714 0.285714 1 2 0
409.651 0.285714 0.285714 1 2 0
410.151 0.285714 0.285714 1 2 0
410.651 0.285714 0.285714 1 2 0
411.151 0.285714 0.285714 1 2 0
411.651 0.285714 0.285714 1 2 0
412.151 0.285714 0.285714 1 2 0
412.651 0.285714 0.285714 1 2 0
413.151 0.285714 0.285714 1 2 0
413.651 0.285714 0.285714 1 2 0
414.151 0.285714 0.285714 1 2 0
414.651 0.285714 0.285714 1 2 0
415.151 0.285714 0.285714 1 2 0
415.651 0.285714 0.285714 1 2 0
416.151 0.285714 0.285714 1 2 0
416.651 0.285714 0.285714 1 2 0
417.151 0.285714 0.285714 1 2 0
417.651 0.285714 0.285714 1 2 0
418.151 0.285714 0.285714 1 2 0
418.651 0.285714 0.285714 1 2 0
419.151 0.285714 0.285714 1 2 0
419.651 0.285714 0.285714 1 2 0
420.151 0.285714 0.285714 1 2 0
420.651 0.285714 0.285714 1 2 0
421.151 0.285714 0.285714 1 2 0
421.651 0.285714 0.285714 1 2 0
422.151 0.285714 0.285714 1 2 0
422.651 0.285714 0.285714 1 2 0
423.151 0.285714 0.285714 1 2 0
423.651 0.285714 0.285714 1 2 0
424.151 0.285714 0.285714 1 2 0
424.651 0.285714 0.285714 1 2 0
425.151 0.285714 0.285714 1 2 0
425.651 0.285714 0.285714 1 2 0
426.151 0.285714 0.285714 1 2 0
426.651 0.285714 0.285714 1 2 0
427.151 0.285714 0.285714 1 2 0
427.651 0.285714 0.285714 1 2 0
428.151 0.285714 0.285714 1 2 0
428.651 0.285714 0.285714 1 2 0
429.151 0.285714 0.285714 1 2 0
429.651 0.285714 0.285714 1 2 0
430.151 0.285714 0.285714 1 2 0
430.651 0.285714 0.285714 1 2 0
431.151 0.285714 0.285714 1 2 0
431.651 0.285714 0.285714 1 2 0
432.151 0.285714 0.285714 1 2 0
432.651 0.285714 0.285714 1 2 0
433.151 0.285714 0.285714 1 2 0
433.651 0.285714 0.285714 1 2 0
434.151 0.285714 0.285714 1 2 0
434.651 0.285714 0.285714 1 2 0
435.151 0.285714 0.285714 1 2 0
435.651 0.285714 0.285714 1 2 0
436.151 0.285714 0.285714 1 2 0
436.651 0.285714 0.285714 1 2 0
437.151 0.285714 0.285714 1 2 0
437.651 0.285714 0.285714 1 2 0
438.151 0.285714 0.285714 1 2 0
438.651 0.285714 0.285714 1 2 0
439.151 0.285714 0.285714 1 2 0
439.651 0.285714 0.285714 1 2 0
440.151 0.285714 0.285714 1 2 0
440.651 0.285714 0.285714 1 2 0
441.151 0.285714 0.285714 1 2 0
441.651 0.285714 0.285714 1 2 0
442.151 0.285714 0.285714 1 2 0
442.651 0.285714 0.285714 1 2 0
443.151 0.285714 0.285714 1 2 0
443.651 0.285714 0.285714 1 2 0
444.151 0.285714 0.285714 1 2 0
444.651 0.285714 0.285714 1 2 0
445.151 0.285714 0.285714 1 2 0
445.651 0.285714 0.285714 1 2 0
446.151 0.285714 0.285714 1 2 0
446.651 0.285714 0.285714 1 2 0
447.151 0.285714 0.285714 1 2 0
447.651 0.285714 0.285714 1 2 0
448.151 0.285714 0.285714 1 2 0
448.651 0.285714 0.285714 1 2 0
449.151 0.285714 0.285714 1 2 0
449.651 0.285714 0.285714 1 2 0
450.151 0.285714 0.285714 1 2 0
450.651 0.285714 0.285714 1 2 0
451.151 0.285714 0.285714 1 2 0
451.651 0.285714 0.285714 1 2 0
452.151 0.285714 0.285714 1 2 0
452.651 0.285714 0.285714 1 2 0
453.151 0.285714 0.285714 1 2 0
453.651 0.285714 0.285714 1 2 0
454.151 0.285714 0.285714 1 2 0
454.651 0.285714 0.285714 1 2 0
455.151 0.285714 0.285714 1 2 0
455.651 0.285714 0.285714 1 2 0
456.151 0.285714 0.285714 1 2 0
456.651 0.285714 0.285714 1 2 0
457.151 0.285714 0.285714 1 2 0
457.651 0.285714 0.285714 1 2 0
458.151 0.285714 0.285714 1 2 0
458.651 0.285714 0.285714 1 2 0
459.151 0.285714 0.285714 1 2 0
459.651 0.285714 0.285714 1 2 0
460.151 0.285714 0.285714 1 2 0
460.651 0.285714 0.285714 1 2 0
461.151 0.285714 0.285714 1 2 0
461.651 0.285714 0.285714 1 2 0
462.151 0.285714 0.285714 1 2 0
462.651 0.285714 0.285714 1 2 0
463.151 0.285714 0.285714 1 2 0
463.651 0.285714 0.285714 1 2 0
464.151 0.285714 0.285714 1 2 0
464.651 0.285714 0.285714 1 2 0
465.151 0.285714 0.285714 1 2 0
465.651 0.285714 0.285714 1 2 0
466.151 0.285714 0.285714 1 2 0
466.651 0.285714 0.285714 1 2 0
467.151 0.285714 0.285714 1 2 0
467.651 0.285714 0.285714 1 2 0
468.151 0.285714 0.285714 1 2 0
468.651 0.285714 0.285714 1 2 0
469.151 0.285714 0.285714 1 2 0
469.651 0.285714 0.285714 1 2 0
470.151 0.285714 0.285714 1 2 0
470.651 0.285714 0.285714 1 2 0
471.151 0.285714 0.285714 1 2 0
471.651 0.285714 0.285714 1 2 0
472.151 0.285714 0.285714 1 2 0
472.252 0.285714 0.285714 2 2 0
472.752 0.285714 0.285714 2 2 0
473.252 0.285714 0.285714 2 2 0
473.752 0.285714 0.285714 2 2 0
474.252 0.285714 0.285714 2 2 0
474.752 0.285714 0.285714 2 2 0
475.252 0.285714 0.285714 2 2 0
475.752 0.285714 0.285714 2 2 0
476.252 0.285714 0.285714 2 2 0
476.752 0.285714 0.285714 2 2 0
477.252 0.285714 0.285714 2 2 0
477.752 0.285714 0.285714 2 2 0
478.252 0.285714 0.285714 2 2 0
478.752 0.285714 0.285714 2 2 0
479.252 0.285714 0.285714 2 2 0
479.752 0.285714 0.285714 2 2 0
480.252 0.285714 0.285714 2 2 0
480.752 0.285714 0.285714 2 2 0
481.252 0.285714 0.285714 2 2 0
481.752 0.285714 0.285714 2 2 0
482.252 0.285714 0.285714 2 2 0
482.752 0.285714 0.285714 2 2 0
483.252 0.285714 0.285714 2 2 0
483.752 0.285714 0.285714 2 2 0
484.252 0.285714 0.285714 2 2 0
484.752 0.285714 0.285714 2 2 0
485.252 0.285714 0.285714 2 2 0
485.752 0.285714 0.285714 2 2 0
486.252 0.285714 0.285714 2 2 0
486.752 0.285714 0.285714 2 2 0
487.252 0.285714 0.285714 2 2 0
487.752 0.285714 0.285714 2 2 0
488.252 0.285714 0.285714 2 2 0
488.752 0.285714 0.285714 2 2 0
489.252 0.285714 0.285714 2 2 0
489.752 0.285714 0.285714 2 2 0
490.252 0.285714 0.285714 2 2 0
490.752 0.285714 0.285714 2 2 0
491.252 0.285714 0.285714 2 2 0
491.752 0.285714 0.285714 2 2 0
492.252 0.285714 0.285714 2 2 0
492.752 0.285714 0.285714 2 2 0
493.252 0.285714 0.285714 2 2 0
493.752 0.285714 0.285714 2 2 0
494.252 0.285714 0.285714 2 2 0
494.752 0.285714 0.285714 2 2 0
495.252 0.285714 0.285714 2 2 0
495.752 0.285714 0.285714 2 2 0
496.252 0.285714 0.285714 2 2 0
496.752 0.285714 0.285714 2 2 0
497.252 0.285714 0.285714 2 2 0
497.752 0.285714 0.285714 2 2 0
498.252 0.285714 0.285714 2 2 0
498.752 0.285714 0.285714 2 2 0
499.252 0.285714 0.285714 2 2 0
499.752 0.285714 0.285714 2 2 0
500.252 0.285714 0.285714 2 2 0
500.752 0.285714 0.285714 2 2 0
501.252 0.285714 0.285714 2 2 0
501.752 0.285714 0.285714 2 2 0
502.252 0.285714 0.285714 2 2 0
502.752 0.285714 0.285714 2 2 0
503.252 0.285714 0.285714 2 2 0
503.252 0.285714 0.285714 2 2 0
503.292 0.285714 0.285714 2 2 0
503.332 0.285714 0.285714 2 2 0
503.412 0.285714 0.285714 2 2 0
503.572 0.285714 0.285714 2 2 0
503.892 0.285714 0.285714 2 2 0
504.392 0.285714 0.285714 2 2 0
504.892 0.285714 0.285714 2 2 0
505.392 0.285714 0.285714 2 2 0
505.892 0.285714 0.285714 2 2 0
506.392 0.285714 0.285714 2 2 0
506.892 0.285714 0.285714 2 2 0
507.392 0.285714 0.285714 2 2 0
507.892 0.285714 0.285714 2 2 0
508.392 0.285714 0.285714 2 2 0
508.892 0.285714 0.285714 2 2 0
509.392 0.285714 0.285714 2 2 0
509.892 0.285714 0.285714 2 2 0
510.392 0.285714 0.285714 2 2 0
510.892 0.285714 0.285714 2 2 0
511.392 0.285714 0.285714 2 2 0
511.892 0.285714 0.285714 2 2 0
512.392 0.285714 0.285714 2 2 0
512.892 0.285714 0.285714 2 2 0
513.392 0.285714 0.285714 2 2 0
513.892 0.285714 0.285714 2 2 0
514.392 0.285714 0.285714 2 2 0
514.892 0.285714 0.285714 2 2 0
515.392 0.285714 0.285714 2 2 0
515.892 0.285714 0.285714 2 2 0
516.392 0.285714 0.285714 2 2 0
516.892 0.285714 0.285714 2 2 0
517.392 0.285714 0.285714 2 2 0
517.892 0.285714 0.285714 2 2 0
518.392 0.285714 0.285714 2 2 0
518.892 0.285714 0.285714 2 2 0
519.392 0.285714 0.285714 2 2 0
519.892 0.285714 0.285714 2 2 0
520.392 0.285714 0.285714 2 2 0
520.892 0.285714 0.285714 2 2 0
521.392 0.285714 0.285714 2 2 0
521.892 0.285714 0.285714 2 2 0
522.392 0.285714 0.285714 2 2 0
522.892 0.285714 0.285714 2 2 0
523.392 0.285714 0.285714 2 2 0
523.892 0.285714 0.285714 2 2 0
524.392 0.285714 0.285714 2 2 0
524.892 0.285714 0.285714 2 2 0
525.392 0.285714 0.285714 2 2 0
525.892 0.285714 0.285714 2 2 0
526.392 0.285714 0.285714 2 2 0
526.892 0.285714 0.285714 2 2 0
527.392 0.285714 0.285714 2 2 0
527.892 0.285714 0.285714 2 2 0
528.392 0.285714 0.285714 2 2 0
528.892 0.285714 0.285714 2 2 0
529.392 0.285714 0.285714 2 2 0
529.892 0.285714 0.285714 2 2 0
530.392 0.285714 0.285714 2 2 0
530.892 0.285714 0.285714 2 2 0
531.392 0.285714 0.285714 2 2 0
531.892 0.285714 0.285714 2 2 0
532.392 0.285714 0.285714 2 2 0
532.892 0.285714 0.285714 2 2 0
533.392 0.285714 0.285714 2 2 0
533.892 0.285714 0.285714 2 2 0
534.392 0.285714 0.285714 2 2 0
534.892 0.285714 0.285714 2 2 0
535.392 0.285714 0.285714 2 2 0
535.892 0.285714 0.285714 2 2 0
536.392 0.285714 0.285714 2 2 0
536.892 0.285714 0.285714 2 2 0
537.392 0.285714 0.285714 2 2 0
537.892 0.285714 0.285714 2 2 0
538.392 0.285714 0.285714 2 2 0
538.892 0.285714 0.285714 2 2 0
539.392 0.285714 0.285714 2 2 0
539.892 0.285714 0.285714 2 2 0
540.392 0.285714 0.285714 2 2 0
540.892 0.285714 0.285714 2 2 0
541.392 0.285714 0.285714 2 2 0
541.892 0.285714 0.285714 2 2 0
542.392 0.285714 0.285714 2 2 0
542.892 0.285714 0.285714 2 2 0
543.392 0.285714 0.285714 2 2 0
543.892 0.285714 0.285714 2 2 0
544.392 0.285714 0.285714 2 2 0
544.892 0.285714 0.285714 2 2 0
545.392 0.285714 0.285714 2 2 0
545.892 0.285714 0.285714 2 2 0
546.392 0.285714 0.285714 2 2 0
546.892 0.285714 0.285714 2 2 0
547.392 0.285714 0.285714 2 2 0
547.892 0.285714 0.285714 2 2 0
548.392 0.285714 0.285714 2 2 0
548.892 0.285714 0.285714 2 2 0
549.392 0.285714 0.285714 2 2 0
549.892 0.285714 0.285714 2 2 0
550.392 0.285714 0.285714 2 2 0
550.892 0.285714 0.285714 2 2 0
551.392 0.285714 0.285714 2 2 0
551.892 0.285714 0.285714 2 2 0
552.392 0.285714 0.285714 2 2 0
552.892 0.285714 0.285714 2 2 0
553.392 0.285714 0.285714 2 2 0
553.892 0.285714 0.285714 2 2 0
554.392 0.285714 0.285714 2 2 0
554.892 0.285714 0.285714 2 2 0
555.392 0.285714 0.285714 2 2 0
555.892 0.285714 0.285714 2 2 0
556.392 0.285714 0.285714 2 2 0
556.892 0.285714 0.285714 2 2 0
557.392 0.285714 0.285714 2 2 0
557.892 0.285714 0.285714 2 2 0
558.392 0.285714 0.285714 2 2 0
558.892 0.285714 0.285714 2 2 0
559.392 0.285714 0.285714 2 2 0
559.892 0.285714 0.285714 2 2 0
560.392 0.285714 0.285714 2 2 0
560.892 0.285714 0.285714 2 2 0
561.392 0.285714 0.285714 2 2 0
561.892 0.285714 0.285714 2 2 0
562.392 0.285714 0.285714 2 2 0
562.892 0.285714 0.285714 2 2 0
563.392 0.285714 0.285714 2 2 0
563.892 0.285714 0.285714 2 2 0
564.392 0.285714 0.285714 2 2 0
564.892 0.285714 0.285714 2 2 0
565.392 0.285714 0.285714 2 2 0
565.892 0.285714 0.285714 2 2 0
566.392 0.285714 0.285714 2 2 0
566.892 0.285714 0.285714 2 2 0
567.392 0.285714 0.285714 2 2 0
567.892 0.285714 0.285714 2 2 0
568.392 0.285714 0.285714 2 2 0
568.892 0.285714 0.285714 2 2 0
569.392 0.285714 0.285714 2 2 0
569.892 0.285714 0.285714 2 2 0
570.392 0.285714 0.285714 2 2 0
570.892 0.285714 0.285714 2 2 0
571.392 0.285714 0.285714 2 2 0
571.892 0.285714 0.285714 2 2 0
572.392 0.285714 0.285714 2 2 0
572.892 0.285714 0.285714 2 2 0
573.392 0.285714 0.285714 2 2 0
573.892 0.285714 0.285714 2 2 0
574.392 0.285714 0.285714 2 2 0
574.892 0.285714 0.285714 2 2 0
575.392 0.285714 0.285714 2 2 0
575.892 0.285714 0.285714 2 2 0
576.392 0.285714 0.285714 2 2 0
576.892 0.285714 0.285714 2 2 0
577.392 0.285714 0.285714 2 2 0
577.892 0.285714 0.285714 2 2 0
578.392 0.285714 0.285714 2 2 0
578.892 0.285714 0.285714 2 2 0
579.392 0.285714 0.285714 2 2 0
579.892 0.285714 0.285714 2 2 0
580.392 0.285714 0.285714 2 2 0
580.892 0.285714 0.285714 2 2 0
581.392 0.285714 0.285714 2 2 0
581.892 0.285714 0.285714 2 2 0
582.392 0.285714 0.285714 2 2 0
582.892 0.285714 0.285714 2 2 0
583.392 0.285714 0.285714 2 2 0
583.892 0.285714 0.285714 2 2 0
584.392 0.285714 0.285714 2 2 0
584.892 0.285714 0.285714 2 2 0
585.392 0.285714 0.285714 2 2 0
585.892 0.285714 0.285714 2 2 0
586.392 0.285714 0.285714 2 2 0
586.892 0.285714 0.285714 2 2 0
587.392 0.285714 0.285714 2 2 0
587.892 0.285714 0.285714 2 2 0
588.392 0.285714 0.285714 2 2 0
588.892 0.285714 0.285714 2 2 0
589.392 0.285714 0.285714 2 2 0
589.892 0.285714 0.285714 2 2 0
590.392 0.285714 0.285714 2 2 0
590.892 0.285714 0.285714 2 2 0
591.392 0.285714 0.285714 2 2 0
591.892 0.285714 0.285714 2 2 0
592.392 0.285714 0.285714 2 2 0
592.892 0.285714 0.285714 2 2 0
593.392 0.285714 0.285714 2 2 0
593.892 0.285714 0.285714 2 2 0
594.392 0.285714 0.285714 2 2 0
594.892 0.285714 0.285714 2 2 0
595.392 0.285714 0.285714 2 2 0
595.892 0.285714 0.285714 2 2 0
596.392 0.285714 0.285714 2 2 0
596.892 0.285714 0.285714 2 2 0
597.392 0.285714 0.285714 2 2 0
597.892 0.285714 0.285714 2 2 0
598.392 0.285714 0.285714 2 2 0
598.892 0.285714 0.285714 2 2 0
599.392 0.285714 0.285714 2 2 0
599.892 0.285714 0.285714 2 2 0
600.392 0.285714 0.285714 2 2 0
600.892 0.285714 0.285714 2 2 0
600.892 0.285714 0.285714 2 2 0
600.932 0.285714 0.285714 2 2 0
600.972 0.285714 0.285714 2 2 0
601.052 0.285714 0.285714 2 2 0
601.212 0.285714 0.285714 2 2 0
601.532 0.285714 0.285714 2 2 0
602.032 0.285714 0.285714 2 2 0
602.532 0.285714 0.285714 2 2 0
603.032 0.285714 0.285714 2 2 0
603.532 0.285714 0.285714 2 2 0
604.032 0.285714 0.285714 2 2 0
604.532 0.285714 0.285714 2 2 0
605.032 0.285714 0.285714 2 2 0
605.532 0.285714 0.285714 2 2 0
606.032 0.285714 0.285714 2 2 0
606.532 0.285714 0.285714 2 2 0
607.032 0.285714 0.285714 2 2 0
607.532 0.285714 0.285714 2 2 0
608.032 0.285714 0.285714 2 2 0
608.532 0.285714 0.285714 2 2 0
609.032 0.285714 0.285714 2 2 0
609.532 0.285714 0.285714 2 2 0
610.032 0.285714 0.285714 2 2 0
610.532 0.285714 0.285714 2 2 0
611.032 0.285714 0.285714 2 2 0
611.532 0.285714 0.285714 2 2 0
612.032 0.285714 0.285714 2 2 0
612.532 0.285714 0.285714 2 2 0
613.032 0.285714 0.285714 2 2 0
613.532 0.285714 0.285714 2 2 0
614.032 0.285714 0.285714 2 2 0
614.532 0.285714 0.285714 2 2 0
615.032 0.285714 0.285714 2 2 0
615.532 0.285714 0.285714 2 2 0
616.032 0.285714 0.285714 2 2 0
616.532 0.285714 0.285714 2 2 0
617.032 0.285714 0.285714 2 2 0
617.532 0.285714 0.285714 2 2 0
618.032 0.285714 0.285714 2 2 0
618.532 0.285714 0.285714 2 2 0
619.032 0.285714 0.285714 2 2 0
619.532 0.285714 0.285714 2 2 0
620.032 0.285714 0.285714 2 2 0
620.532 0.285714 0.285714 2 2 0
621.032 0.285714 0.285714 2 2 0
621.532 0.285714 0.285714 2 2 0
622.032 0.285714 0.285714 2 2 0
622.532 0.285714 0.285714 2 2 0
623.032 0.285714 0.285714 2 2 0
623.532 0.285714 0.285714 2 2 0
624.032 0.285714 0.285714 2 2 0
624.532 0.285714 0.285714 2 2 0
625.032 0.285714 0.285714 2 2 0
625.532 0.285714 0.285714 2 2 0
626.032 0.285714 0.285714 2 2 0
626.532 0.285714 0.285714 2 2 0
627.032 0.285714 0.285714 2 2 0
627.532 0.285714 0.285714 2 2 0
628.032 0.285714 0.285714 2 2 0
628.532 0.285714 0.285714 2 2 0
629.032 0.285714 0.285714 2 2 0
629.532 0.285714 0.285714 2 2 0
630.032 0.285714 0.285714 2 2 0
630.532 0.285714 0.285714 2 2 0
631.032 0.285714 0.285714 2 2 0
631.532 0.285714 0.285714 2 2 0
632.032 0.285714 0.285714 2 2 0
632.532 0.285714 0.285714 2 2 0
633.032 0.285714 0.285714 2 2 0
633.532 0.285714 0.285714 2 2 0
634.032 0.285714 0.285714 2 2 0
634.532 0.285714 0.285714 2 2 0
635.032 0.285714 0.285714 2 2 0
635.532 0.285714 0.285714 2 2 0
636.032 0.285714 0.285714 2 2 0
636.532 0.285714 0.285714 2 2 0
637.032 0.285714 0.285714 2 2 0
637.532 0.285714 0.285714 2 2 0
638.032 0.285714 0.285714 2 2 0
638.532 0.285714 0.285714 2 2 0
639.032 0.285714 0.285714 2 2 0
639.532 0.285714 0.285714 2 2 0
640.032 0.285714 0.285714 2 2 0
640.532 0.285714 0.285714 2 2 0
641.032 0.285714 0.285714 2 2 0
641.532 0.285714 0.285714 2 2 0
642.032 0.285714 0.285714 2 2 0
642.532 0.285714 0.285714 2 2 0
643.032 0.285714 0.285714 2 2 0
643.532 0.285714 0.285714 2 2 0
644.032 0.285714 0.285714 2 2 0
644.532 0.285714 0.285714 2 2 0
645.032 0.285714 0.285714 2 2 0
645.532 0.285714 0.285714 2 2 0
646.032 0.285714 0.285714 2 2 0
646.532 0.285714 0.285714 2 2 0
647.032 0.285714 0.285714 2 2 0
647.532 0.285714 0.285714 2 2 0
648.032 0.285714 0.285714 2 2 0
648.532 0.285714 0.285714 2 2 0
649.032 0.285714 0.285714 2 2 0
649.532 0.285714 0.285714 2 2 0
650.032 0.285714 0.285714 2 2 0
650.532 0.285714 0.285714 2 2 0
651.032 0.285714 0.285714 2 2 0
651.532 0.285714 0.285714 2 2 0
652.032 0.285714 0.285714 2 2 0
652.532 0.285714 0.285714 2 2 0
653.032 0.285714 0.285714 2 2 0
653.532 0.285714 0.285714 2 2 0
654.032 0.285714 0.285714 2 2 0
654.532 0.285714 0.285714 2 2 0
655.032 0.285714 0.285714 2 2 0
655.532 0.285714 0.285714 2 2 0
656.032 0.285714 0.285714 2 2 0
656.532 0.285714 0.285714 2 2 0
657.032 0.285714 0.285714 2 2 0
657.532 0.285714 0.285714 2 2 0
658.032 0.285714 0.285714 2 2 0
658.532 0.285714 0.285714 2 2 0
659.032 0.285714 0.285714 2 2 0
659.532 0.285714 0.285714 2 2 0
660.032 0.285714 0.285714 2 2 0
660.532 0.285714 0.285714 2 2 0
661.032 0.285714 0.285714 2 2 0
661.532 0.285714 0.285714 2 2 0
662.032 0.285714 0.285714 2 2 0
662.532 0.285714 0.285714 2 2 0
663.032 0.285714 0.285714 2 2 0
663.532 0.285714 0.285714 2 2 0
664.032 0.285714 0.285714 2 2 0
664.532 0.285714 0.285714 2 2 0
665.032 0.285714 0.285714 2 2 0
665.532 0.285714 0.285714 2 2 0
666.032 0.285714 0.285714 2 2 0
666.532 0.285714 0.285714 2 2 0
667.032 0.285714 0.285714 2 2 0
667.532 0.285714 0.285714 2 2 0
668.032 0.285714 0.285714 2 2 0
668.532 0.285714 0.285714 2 2 0
669.032 0.285714 0.285714 2 2 0
669.532 0.285714 0.285714 2 2 0
670.032 0.285714 0.285714 2 2 0
670.532 0.285714 0.285714 2 2 0
671.032 0.285714 0.285714 2 2 0
671.532 0.285714 0.285714 2 2 0
672.032 0.285714 0.285714 2 2 0
672.532 0.285714 0.285714 2 2 0
673.032 0.285714 0.285714 2 2 0
673.532 0.285714 0.285714 2 2 0
674.032 0.285714 0.285714 2 2 0
674.532 0.285714 0.285714 2 2 0
675.032 0.285714 0.285714 2 2 0
675.532 0.285714 0.285714 2 2 0
676.032 0.285714 0.285714 2 2 0
676.532 0.285714 0.285714 2 2 0
677.032 0.285714 0.285714 2 2 0
677.532 0.285714 0.285714 2 2 0
678.032 0.285714 0.285714 2 2 0
678.532 0.285714 0.285714 2 2 0
679.032 0.285714 0.285714 2 2 0
679.532 0.285714 0.285714 2 2 0
680.032 0.285714 0.285714 2 2 0
680.532 0.285714 0.285714 2 2 0
681.032 0.285714 0.285714 2 2 0
681.532 0.285714 0.285714 2 2 0
682.032 0.285714 0.285714 2 2 0
682.532 0.285714 0.285714 2 2 0
683.032 0.285714 0.285714 2 2 0
683.532 0.285714 0.285714 2 2 0
684.032 0.285714 0.285714 2 2 0
684.532 0.285714 0.285714 2 2 0
685.032 0.285714 0.285714 2 2 0
685.532 0.285714 0.285714 2 2 0
686.032 0.285714 0.285714 2 2 0
686.532 0.285714 0.285714 2 2 0
687.032 0.285714 0.285714 2 2 0
687.532 0.285714 0.285714 2 2 0
688.032 0.285714 0.285714 2 2 0
688.532 0.285714 0.285714 2 2 0
689.032 0.285714 0.285714 2 2 0
689.532 0.285714 0.285714 2 2 0
690.032 0.285714 0.285714 2 2 0
690.532 0.285714 0.285714 2 2 0
691.032 0.285714 0.285714 2 2 0
691.532 0.285714 0.285714 2 2 0
692.032 0.285714 0.285714 2 2 0
692.532 0.285714 0.285714 2 2 0
693.032 0.285714 0.285714 2 2 0
693.532 0.285714 0.285714 2 2 0
694.032 0.285714 0.285714 2 2 0
694.532 0.285714 0.285714 2 2 0
695.032 0.285714 0.285714 2 2 0
695.532 0.285714 0.285714 2 2 0
696.032 0.285714 0.285714 2 2 0
696.532 0.285714 0.285714 2 2 0
697.032 0.285714 0.285714 2 2 0
697.532 0.285714 0.285714 2 2 0
698.032 0.285714 0.285714 2 2 0
698.532 0.285714 0.285714 2 2 0
50 0.127892 0.127892 2 1 0
49.96 0.127842 0.127842 1 1 0
49.92 0.127792 0.127792 1 1 0
49.84 0.127693 0.127693 1 1 0
49.68 0.127494 0.127494 1 1 0
49.36 0.127099 0.127099 1 1 0
48.86 0.126487 0.126487 1 1 0
48.36 0.125883 0.125883 1 1 0
47.86 0.125286 0.125286 1 1 0
47.36 0.124696 0.124696 1 1 0
46.86 0.124113 0.124113 1 1 0
46.36 0.123538 0.123538 1 1 0
45.86 0.122969 0.122969 1 1 0
45.36 0.122407 0.122407 1 1 0
44.86 0.121851 0.121851 1 1 0
44.36 0.121303 0.121303 1 1 0
43.86 0.120761 0.120761 1 1 0
43.3601 0.120225 0.120225 1 1 0
42.8601 0.119696 0.119696 1 1 0
42.3601 0.119173 0.119173 1 1 0
41.8601 0.118656 0.118656 1 1 0
41.3601 0.118146 0.118146 1 1 0
40.8601 0.117641 0.117641 1 1 0
40.3601 0.117143 0.117143 1 1 0
39.8601 0.11665 0.11665 1 1 0
39.3601 0.116163 0.116163 1 1 0
38.8601 0.115682 0.115682 1 1 0
38.3601 0.115207 0.115207 1 1 0
37.8601 0.114737 0.114737 1 1 0
37.3601 0.114273 0.114273 1 1 0
36.8601 0.113814 0.113814 1 1 0
36.3601 0.113361 0.113361 1 1 0
35.8601 0.112912 0.112912 1 1 0
35.3601 0.11247 0.11247 1 1 0
34.8601 0.112032 0.112032 1 1 0
34.3601 0.111599 0.111599 1 1 0
33.8601 0.111172 0.111172 1 1 0
33.3601 0.110749 0.110749 1 1 0
32.8601 0.110331 0.110331 1 1 0
32.3601 0.109918 0.109918 1 1 0
31.8601 0.10951 0.10951 1 1 0
31.3601 0.109107 0.109107 1 1 0
30.8601 0.108708 0.108708 1 1 0
30.3601 0.108314 0.108314 1 1 0
29.8601 0.107924 0.107924 1 1 0
29.3601 0.107539 0.107539 1 1 0
28.8601 0.107158 0.107158 1 1 0
28.3601 0.106781 0.106781 1 1 0
27.8601 0.106409 0.106409 1 1 0
27.3602 0.106041 0.106041 1 1 0
26.8602 0.105677 0.105677 1 1 0
26.3602 0.105317 0.105317 1 1 0
25.8602 0.104961 0.104961 1 1 0
25.3602 0.104609 0.104609 1 1 0
24.8602 0.104261 0.104261 1 1 0
24.3602 0.103917 0.103917 1 1 0
23.8602 0.103576 0.103576 1 1 0
23.3602 0.10324 0.10324 1 1 0
22.8602 0.102907 0.102907 1 1 0
22.3602 0.102578 0.102578 1 1 0
21.8602 0.102252 0.102252 1 1 0
21.3602 0.10193 0.10193 1 1 0
20.8602 0.101612 0.101612 1 1 0
20.3602 0.101297 0.101297 1 1 0
19.8602 0.100985 0.100985 1 1 0
19.3602 0.100677 0.100677 1 1 0
18.8602 0.100372 0.100372 1 1 0
18.3602 0.10007 0.10007 1 1 0
17.8602 0.0997719 0.0997719 1 1 0
17.3602 0.0994767 0.0994767 1 1 0
16.8602 0.0991846 0.0991846 1 1 0
16.3602 0.0988956 0.0988956 1 1 0
15.8602 0.0986097 0.0986097 1 1 0
15.3602 0.0983268 0.0983268 1 1 0
14.8602 0.0980468 0.0980468 1 1 0
14.3602 0.0977698 0.0977698 1 1 0
13.8602 0.0974957 0.0974957 1 1 0
13.3602 0.0972245 0.0972245 1 1 0
12.8602 0.096956 0.096956 1 1 0
12.3602 0.0966904 0.0966904 1 1 0
11.8602 0.0964274 0.0964274 1 1 0
11.3602 0.0961672 0.0961672 1 1 0
10.8602 0.0959097 0.0959097 1 1 0
10.3602 0.0956548 0.0956548 1 1 0
9.86023 0.0954025 0.0954025 1 1 0
9.36023 0.0951527 0.0951527 1 1 0
8.86024 0.0949055 0.0949055 1 1 0
8.36024 0.0946607 0.0946607 1 1 0
7.86024 0.0944185 0.0944185 1 1 0
7.36024 0.0941786 0.0941786 1 1 0
6.86024 0.0939412 0.0939412 1 1 0
6.36025 0.0937061 0.0937061 1 1 0
5.86025 0.0934733 0.0934733 1 1 0
5.36025 0.0932429 0.0932429 1 1 0
4.86025 0.0930147 0.0930147 1 1 0
4.36025 0.0927888 0.0927888 1 1 0
3.86025 0.092565 0.092565 1 1 0
3.36026 0.0923435 0.0923435 1 1 0
2.86026 0.0921241 0.0921241 1 1 0
2.36026 0.0919068 0.0919068 1 1 0
1.86026 0.0916917 0.0916917 1 1 0
1.36026 0.0914786 0.0914786 1 1 0
0.860264 0.0912675 0.0912675 1 1 0
0.360266 0.0910585 0.0910585 1 1 0
-0.139733 0.0908514 0.0908514 1 1 0
472.252 0.285714 0.285714 4 45 0
438.455 0.297008 0.27289 4 45 0
438.435 0.297012 0.272885 4 45 0
438.395 0.297028 0.272875 4 45 0
438.315 0.297044 0.272855 4 45 0
438.155 0.297076 0.272815 4 45 0
437.835 0.297139 0.272733 4 45 0
437.335 0.297238 0.272607 4 45 0
436.835 0.297338 0.272482 4 45 0
436.335 0.297436 0.272357 4 45 0
435.835 0.297535 0.272232 4 45 0
435.335 0.297633 0.272108 4 45 0
434.835 0.297732 0.271986 4 45 0
434.335 0.29783 0.271862 4 45 0
433.835 0.297928 0.271738 4 45 0
433.335 0.298025 0.271618 4 45 0
432.835 0.298123 0.271495 4 45 0
432.335 0.29822 0.271371 4 45 0
431.835 0.298317 0.271237 4 45 0
431.335 0.298414 0.271112 4 45 0
430.835 0.29851 0.270987 4 45 0
430.335 0.298607 0.270866 4 45 0
429.835 0.298704 0.27074 4 45 0
429.335 0.2988 0.270615 4 45 0
428.835 0.298896 0.2705 4 45 0
428.335 0.298992 0.270374 4 45 0
427.835 0.299088 0.270249 4 45 0
427.335 0.299184 0.270121 4 45 0
426.835 0.29928 0.269995 4 45 0
426.335 0.299375 0.269869 4 45 0
425.835 0.299471 0.269749 4 45 0
425.335 0.299566 0.269623 4 45 0
424.835 0.299662 0.269497 4 45 0
424.335 0.299756 0.269374 4 45 0
423.835 0.299852 0.269249 4 45 0
423.335 0.299947 0.269125 4 45 0
422.835 0.300042 0.269 4 45 0
422.335 0.300138 0.268874 4 45 0
421.835 0.300233 0.268747 4 45 0
421.335 0.300328 0.268621 4 45 0
420.835 0.300423 0.268496 4 45 0
420.335 0.300518 0.268371 4 45 0
419.835 0.300612 0.268239 4 45 0
419.335 0.300707 0.268113 4 45 0
418.835 0.300802 0.267988 4 45 0
418.335 0.300897 0.26786 4 45 0
417.835 0.300992 0.267734 4 45 0
417.335 0.301088 0.267608 4 45 0
416.835 0.301181 0.267474 4 45 0
416.335 0.301277 0.267348 4 45 0
415.835 0.301372 0.267221 4 45 0
415.335 0.301471 0.267096 4 45 0
414.835 0.301566 0.266967 4 45 0
414.335 0.301661 0.266838 4 45 0
413.835 0.301745 0.266697 4 45 0
413.335 0.30184 0.266568 4 45 0
412.835 0.301935 0.266439 4 45 0
412.335 0.302038 0.266311 4 45 0
411.835 0.302133 0.266181 4 45 0
411.335 0.302229 0.266052 4 45 0
410.835 0.302328 0.265927 4 45 0
410.335 0.302424 0.265798 4 45 0
409.835 0.30252 0.265668 4 45 0
409.335 0.302609 0.265529 4 45 0
408.835 0.302705 0.265398 4 45 0
408.335 0.302801 0.265267 4 45 0
407.835 0.302901 0.26514 4 45 0
407.335 0.302997 0.265008 4 45 0
406.835 0.303094 0.264877 4 45 0
406.335 0.303188 0.264743 4 45 0
405.835 0.303285 0.264611 4 45 0
405.335 0.303382 0.264479 4 45 0
404.835 0.303483 0.264344 4 45 0
404.335 0.303581 0.264209 4 45 0
403.835 0.30368 0.264075 4 45 0
403.335 0.303769 0.263946 4 45 0
402.835 0.303868 0.263812 4 45 0
402.335 0.303967 0.263678 4 45 0
401.835 0.304071 0.263533 4 45 0
401.335 0.30417 0.263397 4 45 0
400.835 0.304269 0.263261 4 45 0
400.335 0.304377 0.263131 4 45 0
399.835 0.304477 0.262993 4 45 0
399.335 0.304576 0.262856 4 45 0
398.835 0.304675 0.262715 4 45 0
398.335 0.304774 0.262577 4 45 0
397.835 0.304875 0.262438 4 45 0
397.335 0.304973 0.2623 4 45 0
396.835 0.305074 0.262161 4 45 0
396.335 0.305174 0.262022 4 45 0
395.835 0.305282 0.261894 4 45 0
395.335 0.305383 0.261753 4 45 0
394.835 0.305484 0.261611 4 45 0
394.335 0.305592 0.261461 4 45 0
393.835 0.305693 0.26132 4 45 0
393.335 0.305795 0.261179 4 45 0
392.835 0.305897 0.261041 4 45 0
392.335 0.305999 0.260898 4 45 0
391.835 0.306101 0.260755 4 45 0
391.335 0.306203 0.260627 4 45 0
390.835 0.306306 0.260482 4 45 0
390.335 0.306408 0.260337 4 45 0
389.835 0.306511 0.26018 4 45 0
389.335 0.306615 0.260036 4 45 0
388.835 0.306718 0.259891 4 45 0
388.335 0.306819 0.259744 4 45 0
387.835 0.306923 0.259599 4 45 0
387.335 0.307027 0.259453 4 45 0
386.835 0.307128 0.259309 4 45 0
386.335 0.307232 0.259163 4 45 0
385.835 0.307337 0.259016 4 45 0
385.335 0.307438 0.258868 4 45 0
384.835 0.307543 0.25872 4 45 0
384.335 0.307649 0.258572 4 45 0
383.835 0.30775 0.258421 4 45 0
383.335 0.307856 0.258272 4 45 0
382.835 0.307962 0.258122 4 45 0
382.335 0.308064 0.257969 4 45 0
381.835 0.308171 0.257818 4 45 0
381.335 0.308278 0.257667 4 45 0
380.835 0.30838 0.25751 4 45 0
380.335 0.308487 0.257358 4 45 0
379.835 0.308595 0.257205 4 45 0
379.335 0.308702 0.257047 4 45 0
378.835 0.308811 0.256893 4 45 0
378.335 0.308921 0.256739 4 45 0
377.835 0.309035 0.256578 4 45 0
377.335 0.309145 0.256423 4 45 0
376.835 0.309256 0.256267 4 45 0
376.335 0.30937 0.256105 4 45 0
375.835 0.309481 0.255947 4 45 0
375.335 0.309593 0.25579 4 45 0
374.835 0.309708 0.255626 4 45 0
374.335 0.30982 0.255467 4 45 0
373.835 0.309932 0.255307 4 45 0
373.335 0.310048 0.255142 4 45 0
372.835 0.310161 0.254981 4 45 0
372.335 0.310274 0.25482 4 45 0
371.835 0.31039 0.254653 4 45 0
371.335 0.310504 0.25449 4 45 0
370.835 0.310619 0.254327 4 45 0
370.335 0.310736 0.254159 4 45 0
369.835 0.310851 0.253994 4 45 0
369.335 0.310966 0.253829 4 45 0
368.835 0.311084 0.253659 4 45 0
368.335 0.3112 0.253492 4 45 0
367.835 0.311317 0.253325 4 45 0
367.335 0.311435 0.253153 4 45 0
366.835 0.311552 0.252984 4 45 0
366.335 0.31167 0.252815 4 45 0
365.835 0.311789 0.25264 4 45 0
365.335 0.311907 0.252469 4 45 0
364.835 0.312026 0.252298 4 45 0
364.335 0.312146 0.252118 4 45 0
363.835 0.312266 0.251945 4 45 0
363.335 0.312386 0.251772 4 45 0
362.835 0.312506 0.251589 4 45 0
362.335 0.312627 0.251414 4 45 0
361.835 0.312748 0.251238 4 45 0
361.335 0.312855 0.251048 4 45 0
360.835 0.312976 0.250869 4 45 0
360.335 0.313098 0.25069 4 45 0
359.835 0.313236 0.250513 4 45 0
359.335 0.313359 0.250333 4 45 0
358.835 0.313482 0.250152 4 45 0
358.335 0.313609 0.249966 4 45 0
357.835 0.313733 0.249782 4 45 0
357.335 0.313858 0.249598 4 45 0
356.835 0.313984 0.249414 4 45 0
356.335 0.31411 0.249229 4 45 0
355.835 0.314236 0.249044 4 45 0
355.335 0.314355 0.248862 4 45 0
354.835 0.314482 0.248675 4 45 0
354.335 0.314609 0.248487 4 45 0
353.835 0.314735 0.248304 4 45 0
353.335 0.314863 0.248115 4 45 0
352.835 0.314992 0.247926 4 45 0
352.335 0.315115 0.247734 4 45 0
351.835 0.315245 0.247543 4 45 0
351.335 0.315375 0.247351 4 45 0
350.835 0.315502 0.247159 4 45 0
350.335 0.315633 0.246962 4 45 0
349.835 0.315765 0.246764 4 45 0
349.335 0.315891 0.246566 4 45 0
348.835 0.316023 0.246366 4 45 0
348.335 0.316157 0.246165 4 45 0
347.835 0.316285 0.245964 4 45 0
347.335 0.316419 0.245761 4 45 0
346.835 0.316554 0.245557 4 45 0
346.335 0.316683 0.245354 4 45 0
345.835 0.316819 0.245149 4 45 0
345.335 0.316955 0.244942 4 45 0
344.835 0.317086 0.244736 4 45 0
344.335 0.317224 0.244528 4 45 0
343.835 0.317361 0.244319 4 45 0
343.335 0.317498 0.24411 4 45 0
342.835 0.317639 0.243899 4 45 0
342.335 0.31778 0.243687 4 45 0
341.835 0.317923 0.243471 4 45 0
341.335 0.318066 0.243258 4 45 0
341.335 0.318066 0.243258 4 45 0
341.315 0.318071 0.243249 4 45 0
341.275 0.318083 0.243232 4 45 0
341.195 0.318121 0.243213 4 45 0
341.035 0.318167 0.243144 4 45 0
340.715 0.318258 0.243006 4 45 0
340.215 0.318404 0.242799 4 45 0
339.715 0.318548 0.242581 4 45 0
339.215 0.318693 0.242362 4 45 0
338.715 0.318846 0.242153 4 45 0
338.215 0.318992 0.241932 4 45 0
337.715 0.319139 0.241709 4 45 0
337.215 0.319291 0.241492 4 45 0
336.715 0.319439 0.24127 4 45 0
336.215 0.319588 0.241044 4 45 0
335.715 0.319741 0.24082 4 45 0
335.215 0.319891 0.240597 4 45 0
334.715 0.320042 0.240368 4 45 0
334.215 0.320197 0.240138 4 45 0
333.715 0.320349 0.239911 4 45 0
333.215 0.320502 0.239681 4 45 0
332.715 0.320658 0.239446 4 45 0
332.215 0.320812 0.239215 4 45 0
331.715 0.320967 0.238984 4 45 0
331.215 0.321125 0.238743 4 45 0
330.715 0.321281 0.238509 4 45 0
330.215 0.321438 0.238273 4 45 0
329.715 0.321597 0.238029 4 45 0
329.215 0.321756 0.237791 4 45 0
328.715 0.321915 0.237552 4 45 0
328.215 0.322076 0.237304 4 45 0
327.715 0.322236 0.237062 4 45 0
327.215 0.322397 0.23682 4 45 0
326.715 0.32256 0.236568 4 45 0
326.215 0.322723 0.236322 4 45 0
325.715 0.322886 0.236075 4 45 0
325.215 0.323051 0.235819 4 45 0
324.715 0.323216 0.23557 4 45 0
324.215 0.323381 0.235319 4 45 0
323.715 0.323548 0.235059 4 45 0
323.215 0.323715 0.234805 4 45 0
322.715 0.323883 0.234551 4 45 0
322.215 0.324051 0.234286 4 45 0
321.715 0.324221 0.234028 4 45 0
321.215 0.324391 0.233769 4 45 0
320.715 0.324561 0.233501 4 45 0
320.215 0.324733 0.233239 4 45 0
319.715 0.324906 0.232975 4 45 0
319.215 0.325077 0.232702 4 45 0
318.715 0.325252 0.232436 4 45 0
318.215 0.325427 0.232168 4 45 0
317.715 0.3256 0.23189 4 45 0
317.215 0.325777 0.231619 4 45 0
316.715 0.325955 0.231346 4 45 0
316.215 0.326129 0.231064 4 45 0
315.715 0.326309 0.230788 4 45 0
315.215 0.32649 0.230511 4 45 0
314.715 0.326665 0.230223 4 45 0
314.215 0.326847 0.229943 4 45 0
313.715 0.327031 0.22966 4 45 0
313.215 0.327207 0.229368 4 45 0
312.715 0.327392 0.229082 4 45 0
312.215 0.327579 0.228795 4 45 0
311.715 0.327755 0.228497 4 45 0
311.215 0.327943 0.228207 4 45 0
310.715 0.328132 0.227914 4 45 0
310.215 0.328308 0.227611 4 45 0
309.715 0.328499 0.227315 4 45 0
309.215 0.328691 0.227017 4 45 0
308.715 0.328864 0.226708 4 45 0
308.215 0.329058 0.226406 4 45 0
307.715 0.329253 0.226103 4 45 0
307.215 0.329422 0.225787 4 45 0
306.715 0.329618 0.22548 4 45 0
306.215 0.329816 0.225171 4 45 0
305.715 0.329999 0.224849 4 45 0
305.215 0.330202 0.224536 4 45 0
304.715 0.330407 0.224221 4 45 0
304.215 0.330648 0.223889 4 45 0
303.715 0.330855 0.223569 4 45 0
303.215 0.331063 0.223248 4 45 0
302.715 0.331278 0.222924 4 45 0
302.215 0.331488 0.222599 4 45 0
301.715 0.3317 0.222272 4 45 0
301.215 0.331909 0.221939 4 45 0
300.715 0.332123 0.221608 4 45 0
300.215 0.332339 0.221275 4 45 0
299.715 0.332542 0.220943 4 45 0
299.215 0.332761 0.220606 4 45 0
298.715 0.33298 0.220262 4 45 0
298.215 0.333203 0.219917 4 45 0
297.715 0.333425 0.219567 4 45 0
297.215 0.333648 0.219215 4 45 0
296.715 0.333874 0.21887 4 45 0
296.215 0.3341 0.218513 4 45 0
295.715 0.334328 0.218153 4 45 0
295.215 0.33455 0.217778 4 45 0
294.715 0.33478 0.217415 4 45 0
294.215 0.335012 0.21705 4 45 0
293.715 0.335268 0.216708 4 45 0
293.215 0.335503 0.216343 4 45 0
292.715 0.335739 0.215973 4 45 0
292.215 0.335959 0.21556 4 45 0
291.715 0.336198 0.215184 4 45 0
291.215 0.336439 0.214805 4 45 0
290.715 0.336716 0.214465 4 45 0
290.215 0.336959 0.214078 4 45 0
289.715 0.337205 0.213688 4 45 0
289.215 0.337408 0.213271 4 45 0
288.715 0.337657 0.212881 4 45 0
288.215 0.337908 0.212488 4 45 0
287.715 0.338186 0.212094 4 45 0
287.215 0.33844 0.211692 4 45 0
286.715 0.338695 0.211287 4 45 0
286.215 0.338954 0.210907 4 45 0
285.715 0.339213 0.210494 4 45 0
285.215 0.339474 0.210079 4 45 0
284.715 0.33974 0.209668 4 45 0
284.215 0.340004 0.209254 4 45 0
283.715 0.34027 0.208837 4 45 0
283.215 0.340552 0.208376 4 45 0
282.715 0.340822 0.20795 4 45 0
282.215 0.341093 0.207521 4 45 0
281.715 0.341367 0.207082 4 45 0
281.215 0.341642 0.206646 4 45 0
280.715 0.34192 0.206206 4 45 0
280.215 0.342198 0.205762 4 45 0
279.715 0.342479 0.205316 4 45 0
279.215 0.342762 0.204867 4 45 0
278.715 0.343049 0.204412 4 45 0
278.215 0.343336 0.203955 4 45 0
277.715 0.343625 0.203496 4 45 0
277.215 0.343918 0.20303 4 45 0
276.715 0.344211 0.202563 4 45 0
276.215 0.344507 0.202092 4 45 0
275.715 0.344806 0.201615 4 45 0
275.215 0.345106 0.201136 4 45 0
274.715 0.345408 0.200655 4 45 0
274.215 0.345713 0.200165 4 45 0
273.715 0.34602 0.199675 4 45 0
273.215 0.346329 0.19918 4 45 0
272.715 0.346644 0.198683 4 45 0
272.215 0.346958 0.198181 4 45 0
271.715 0.347274 0.197676 4 45 0
271.215 0.347595 0.197167 4 45 0
270.715 0.347916 0.196653 4 45 0
270.215 0.34824 0.196136 4 45 0
269.715 0.348569 0.195604 4 45 0
269.215 0.348898 0.195077 4 45 0
268.715 0.349229 0.194546 4 45 0
268.215 0.349564 0.194006 4 45 0
267.715 0.349901 0.193466 4 45 0
267.215 0.35024 0.192921 4 45 0
266.715 0.350581 0.192366 4 45 0
266.215 0.350926 0.191812 4 45 0
265.715 0.351274 0.191253 4 45 0
265.215 0.351621 0.190682 4 45 0
264.715 0.351974 0.190113 4 45 0
264.215 0.352331 0.189538 4 45 0
263.715 0.352681 0.188952 4 45 0
263.215 0.353044 0.188367 4 45 0
262.715 0.35341 0.187777 4 45 0
262.215 0.353761 0.187174 4 45 0
261.715 0.354132 0.186573 4 45 0
261.215 0.354507 0.185966 4 45 0
260.715 0.354845 0.185344 4 45 0
260.215 0.355226 0.184726 4 45 0
259.715 0.35561 0.184102 4 45 0
259.215 0.356 0.183464 4 45 0
258.715 0.356399 0.182827 4 45 0
258.215 0.356802 0.182184 4 45 0
257.715 0.357155 0.181537 4 45 0
257.215 0.357566 0.180882 4 45 0
256.715 0.357982 0.180221 4 45 0
256.215 0.358407 0.179546 4 45 0
255.715 0.358832 0.178865 4 45 0
255.215 0.359261 0.178169 4 45 0
254.715 0.35971 0.177472 4 45 0
254.215 0.360148 0.176761 4 45 0
253.715 0.360591 0.176043 4 45 0
253.215 0.361065 0.17532 4 45 0
252.715 0.361517 0.174586 4 45 0
252.215 0.361974 0.173844 4 45 0
251.715 0.362472 0.173097 4 45 0
251.215 0.362938 0.172338 4 45 0
250.715 0.36341 0.17157 4 45 0
250.215 0.363849 0.170783 4 45 0
249.715 0.364326 0.169998 4 45 0
249.215 0.364809 0.169204 4 45 0
248.715 0.365348 0.168411 4 45 0
248.215 0.36585 0.167595 4 45 0
247.715 0.366358 0.166768 4 45 0
247.215 0.36686 0.165963 4 45 0
246.715 0.367383 0.165111 4 45 0
246.215 0.367914 0.164247 4 45 0
245.715 0.368409 0.163376 4 45 0
245.215 0.368958 0.162487 4 45 0
244.715 0.369514 0.161585 4 45 0
244.215 0.370039 0.160695 4 45 0
243.715 0.370615 0.159763 4 45 0
243.715 0.370615 0.159763 4 45 0
243.695 0.370638 0.159725 4 45 0
243.655 0.370684 0.15965 4 45 0
243.575 0.370741 0.159499 4 45 0
243.415 0.370928 0.159196 4 45 0
243.095 0.371306 0.158586 4 45 0
242.595 0.371886 0.157623 4 45 0
242.095 0.372496 0.15664 4 45 0
241.595 0.373117 0.15564 4 45 0
241.095 0.373714 0.154632 4 45 0
240.595 0.374341 0.153604 4 45 0
240.095 0.374983 0.152556 4 45 0
239.595 0.375686 0.151448 4 45 0
239.095 0.376355 0.150344 4 45 0
238.595 0.377041 0.149215 4 45 0
238.095 0.377766 0.148068 4 45 0
237.595 0.378514 0.146886 4 45 0
237.095 0.379283 0.145673 4 45 0
236.595 0.380038 0.144425 4 45 0
236.095 0.38086 0.143122 4 45 0
235.595 0.381712 0.141775 4 45 0
235.095 0.382601 0.140412 4 45 0
234.595 0.383528 0.13895 4 45 0
234.095 0.384501 0.137418 4 45 0
233.595 0.385563 0.135827 4 45 0
233.095 0.386659 0.134125 4 45 0
232.595 0.387846 0.132288 4 45 0
232.095 0.389044 0.130247 4 45 0
231.595 0.390581 0.127912 4 45 0
231.095 0.39247 0.125073 4 45 0
230.595 0.395293 0.120767 4 45 0
230.47 0.397168 0.118125 4 45 0
230.467 0.39736 0.117858 4 45 0
230.464 0.397442 0.117687 4 45 0
230.464 0.3975 0.117607 4 45 0
230.464 0.397568 0.117514 4 45 0
230.464 0.397671 0.117308 3 45 0
230.464 0.397728 0.117229 3 45 0
230.464 0.397792 0.11714 3 45 0
230.465 0.397821 0.117161 3 45 0
230.465 0.397889 0.117068 3 45 0
230.467 0.397968 0.11696 3 45 0
230.468 0.398077 0.116721 3 45 0
230.471 0.398188 0.116568 3 45 0
230.475 0.398321 0.116385 3 45 0
230.481 0.398464 0.116167 3 45 0
230.489 0.398661 0.1159 3 45 0
230.502 0.3989 0.115575 3 45 0
230.522 0.399175 0.115178 3 45 0
230.551 0.39953 0.1147 3 45 0
230.595 0.399962 0.114122 3 45 0
230.661 0.400463 0.113419 3 45 0
230.761 0.401105 0.112575 3 45 0
230.909 0.401884 0.111559 3 45 0
231.133 0.402795 0.110353 3 45 0
231.468 0.40395 0.1089 3 45 0
231.968 0.405341 0.107182 3 45 0
232.468 0.406478 0.105816 3 45 0
232.968 0.407505 0.104611 3 45 0
233.468 0.408428 0.103546 3 45 0
233.968 0.409254 0.102546 3 45 0
234.467 0.410047 0.101667 3 45 0
234.967 0.41079 0.100856 3 45 0
235.467 0.411477 0.100085 3 45 0
235.967 0.41215 0.0993727 3 45 0
236.467 0.412791 0.0987007 3 45 0
236.967 0.413404 0.098068 3 45 0
237.467 0.41399 0.0974661 3 45 0
237.967 0.414556 0.096892 3 45 0
238.467 0.415097 0.0963948 3 45 0
238.967 0.415624 0.0958593 3 45 0
239.467 0.416134 0.0953442 3 45 0
239.967 0.416603 0.0948201 3 45 0
240.467 0.417118 0.0943504 3 45 0
240.967 0.417621 0.0938966 3 45 0
241.467 0.418105 0.0935534 3 45 0
241.967 0.418584 0.0931221 3 45 0
242.467 0.419053 0.0926974 3 45 0
242.967 0.419501 0.0921724 3 45 0
243.467 0.419951 0.0917771 3 45 0
243.967 0.420392 0.0913923 3 45 0
244.467 0.420827 0.0911351 3 45 0
244.967 0.421251 0.090763 3 45 0
245.467 0.421667 0.0903998 3 45 0
245.967 0.422074 0.0899544 3 45 0
246.467 0.422477 0.0896157 3 45 0
246.967 0.422873 0.0892847 3 45 0
247.467 0.423261 0.0890018 3 45 0
247.967 0.423644 0.0886781 3 45 0
248.467 0.42402 0.0883612 3 45 0
248.967 0.424399 0.0880948 3 45 0
249.467 0.424766 0.0877885 3 45 0
249.967 0.425128 0.0874882 3 45 0
250.467 0.425489 0.0872501 3 45 0
250.967 0.425841 0.0869722 3 45 0
251.467 0.426189 0.0866977 3 45 0
251.967 0.426523 0.0862951 3 45 0
252.467 0.426861 0.0860235 3 45 0
252.967 0.427195 0.0857566 3 45 0
253.467 0.42754 0.0856101 3 45 0
253.967 0.427867 0.0853593 3 45 0
254.467 0.42819 0.0851127 3 45 0
254.967 0.428509 0.0847347 3 45 0
255.467 0.428824 0.0844886 3 45 0
255.967 0.429136 0.0842463 3 45 0
256.467 0.429437 0.0840094 3 45 0
256.967 0.429764 0.0837742 3 45 0
257.467 0.430087 0.0835425 3 45 0
257.967 0.430391 0.0833953 3 45 0
258.467 0.430708 0.0831757 3 45 0
258.967 0.431022 0.0829592 3 45 0
259.467 0.431365 0.0827269 3 45 0
259.967 0.43167 0.0825083 3 45 0
260.467 0.431972 0.0822928 3 45 0
260.967 0.432213 0.0820984 3 45 0
261.467 0.432514 0.0818971 3 45 0
261.967 0.432811 0.0816986 3 45 0
262.467 0.433156 0.0814665 3 45 0
262.967 0.433442 0.081265 3 45 0
263.467 0.433727 0.0810659 3 45 0
263.967 0.433988 0.0808411 3 45 0
264.467 0.43427 0.0806463 3 45 0
264.967 0.434549 0.080454 3 45 0
265.467 0.434837 0.0802937 3 45 0
265.967 0.435109 0.0801052 3 45 0
266.467 0.435378 0.0799189 3 45 0
266.967 0.435623 0.0797071 3 45 0
267.467 0.435892 0.0795257 3 45 0
267.967 0.436158 0.0793465 3 45 0
268.467 0.436428 0.0791851 3 45 0
268.967 0.436685 0.0790104 3 45 0
269.467 0.43694 0.0788376 3 45 0
269.967 0.437205 0.0787707 3 45 0
270.467 0.437458 0.0786074 3 45 0
270.967 0.437709 0.078446 3 45 0
271.467 0.437958 0.0782389 3 45 0
271.967 0.438205 0.0780804 3 45 0
272.467 0.43845 0.0779236 3 45 0
272.967 0.438695 0.077666 3 45 0
273.467 0.438937 0.0775091 3 45 0
273.967 0.439176 0.0773539 3 45 0
274.467 0.439406 0.0772672 3 45 0
274.967 0.439641 0.0771176 3 45 0
275.467 0.439874 0.0769696 3 45 0
275.967 0.440113 0.0767452 3 45 0
276.467 0.440342 0.0765967 3 45 0
276.967 0.44057 0.0764498 3 45 0
277.467 0.440814 0.0763538 3 45 0
277.967 0.44104 0.0762113 3 45 0
278.467 0.441265 0.0760702 3 45 0
278.967 0.441435 0.0759433 3 45 0
279.467 0.441653 0.0758005 3 45 0
279.967 0.441869 0.075659 3 45 0
280.467 0.442123 0.075537 3 45 0
280.967 0.442338 0.0753976 3 45 0
281.467 0.442551 0.0752596 3 45 0
281.967 0.442761 0.0750691 3 45 0
282.467 0.44297 0.0749353 3 45 0
282.967 0.443179 0.0748028 3 45 0
283.467 0.443403 0.0747715 3 45 0
283.967 0.443609 0.0746399 3 45 0
284.467 0.443814 0.0745095 3 45 0
284.967 0.443995 0.0743051 3 45 0
285.467 0.444195 0.0741777 3 45 0
285.967 0.444395 0.0740515 3 45 0
286.467 0.444611 0.0739188 3 45 0
286.967 0.444808 0.0737952 3 45 0
287.467 0.445004 0.0736728 3 45 0
287.967 0.445209 0.0736772 3 45 0
288.467 0.445403 0.0735556 3 45 0
288.967 0.445596 0.073435 3 45 0
289.467 0.445767 0.0732593 3 45 0
289.967 0.445965 0.0731403 3 45 0
290.467 0.446164 0.0730222 3 45 0
290.967 0.446369 0.0728921 3 45 0
291.467 0.446567 0.0727828 3 45 0
291.967 0.446764 0.0726746 3 45 0
292.467 0.446943 0.0725078 3 45 0
292.967 0.447137 0.0723974 3 45 0
293.467 0.447329 0.0722881 3 45 0
293.967 0.447511 0.0722145 3 45 0
294.467 0.4477 0.0721049 3 45 0
294.967 0.447888 0.0719961 3 45 0
295.467 0.448093 0.0718577 3 45 0
295.967 0.448278 0.071752 3 45 0
296.467 0.448463 0.0716472 3 45 0
296.967 0.448629 0.0715763 3 45 0
297.467 0.448812 0.0714774 3 45 0
297.967 0.448995 0.0713796 3 45 0
298.467 0.449179 0.0712828 3 45 0
298.967 0.449359 0.0711875 3 45 0
299.467 0.449538 0.0710933 3 45 0
299.967 0.449706 0.0709481 3 45 0
300.467 0.449882 0.070852 3 45 0
300.967 0.450057 0.070757 3 45 0
301.467 0.450248 0.0708337 3 45 0
301.967 0.450422 0.0707215 3 45 0
302.467 0.450594 0.0706106 3 45 0
302.967 0.450766 0.0704409 3 45 0
303.467 0.450934 0.070341 3 45 0
303.467 0.450934 0.070341 4 45 0
303.487 0.450941 0.0703357 3 45 0
303.517 0.450951 0.0703283 3 45 0
303.562 0.450952 0.0702911 3 45 0
303.63 0.450975 0.0702788 3 45 0
303.731 0.451008 0.0702599 3 45 0
303.934 0.45108 0.070228 3 45 0
304.237 0.451181 0.07017 3 45 0
304.693 0.451331 0.0700832 3 45 0
305.193 0.4515 0.0699943 3 45 0
305.693 0.451663 0.0699074 3 45 0
306.193 0.451826 0.0698214 3 45 0
306.693 0.451985 0.0697115 3 45 0
307.193 0.452146 0.0696262 3 45 0
307.693 0.452305 0.0695417 3 45 0
308.193 0.452467 0.0694111 3 45 0
308.693 0.452624 0.0693225 3 45 0
309.193 0.452779 0.0692345 3 45 0
309.693 0.452933 0.0691549 3 45 0
310.193 0.453087 0.0690678 3 45 0
310.693 0.45324 0.0689814 3 45 0
311.193 0.45339 0.0688983 3 45 0
311.693 0.453541 0.0688158 3 45 0
312.193 0.453692 0.068734 3 45 0
312.693 0.45384 0.0686875 3 45 0
313.193 0.453988 0.0686087 3 45 0
313.693 0.454136 0.0685306 3 45 0
314.193 0.454286 0.0684002 3 45 0
314.693 0.454432 0.0683207 3 45 0
315.193 0.454577 0.0682417 3 45 0
315.693 0.454725 0.0681752 3 45 0
316.193 0.454868 0.0680941 3 45 0
316.693 0.455011 0.0680136 3 45 0
317.193 0.455151 0.0679369 3 45 0
317.693 0.455291 0.0678577 3 45 0
318.193 0.455431 0.0677792 3 45 0
318.693 0.455572 0.0677013 3 45 0
319.193 0.455711 0.067627 3 45 0
319.693 0.455849 0.0675534 3 45 0
320.193 0.455971 0.0674727 3 45 0
320.693 0.456107 0.0673993 3 45 0
321.193 0.456242 0.0673264 3 45 0
321.693 0.456379 0.0673256 3 45 0
322.193 0.456513 0.0672562 3 45 0
322.693 0.456645 0.0671872 3 45 0
323.193 0.456779 0.0670822 3 45 0
323.693 0.45691 0.0670059 3 45 0
324.193 0.45704 0.0669302 3 45 0
324.693 0.457207 0.0668013 3 45 0
325.193 0.457336 0.0667295 3 45 0
325.693 0.457465 0.0666582 3 45 0
326.193 0.457558 0.0665982 3 45 0
326.693 0.457685 0.0665293 3 45 0
327.193 0.457811 0.0664609 3 45 0
327.693 0.457933 0.0664481 3 45 0
328.193 0.458058 0.0663828 3 45 0
328.693 0.458183 0.066318 3 45 0
329.193 0.458314 0.0662293 3 45 0
329.693 0.458436 0.0661595 3 45 0
330.193 0.458558 0.0660902 3 45 0
330.693 0.458705 0.0659836 3 45 0
331.193 0.458829 0.0659175 3 45 0
331.693 0.458952 0.0658517 3 45 0
332.193 0.459036 0.0658278 3 45 0
332.693 0.459156 0.0657644 3 45 0
333.193 0.459275 0.0657015 3 45 0
333.693 0.459399 0.0656867 3 45 0
334.193 0.459516 0.0656259 3 45 0
334.693 0.459633 0.0655655 3 45 0
335.193 0.459763 0.0655216 3 45 0
335.693 0.459879 0.0654564 3 45 0
336.193 0.459994 0.0653915 3 45 0
336.693 0.460096 0.06538 3 45 0
337.193 0.460211 0.0653175 3 45 0
337.693 0.460326 0.0652553 3 45 0
338.193 0.460454 0.0650834 3 45 0
338.693 0.460569 0.0650227 3 45 0
339.193 0.460682 0.0649624 3 45 0
339.693 0.460777 0.0649668 3 45 0
340.193 0.460887 0.0649051 3 45 0
340.693 0.460997 0.0648438 3 45 0
341.193 0.461113 0.064718 3 45 0
341.693 0.461218 0.0646585 3 45 0
342.193 0.461322 0.0645999 3 45 0
342.693 0.46151 0.064389 3 45 0
343.193 0.461589 0.0643382 3 45 0
343.693 0.461669 0.0642892 3 45 0
344.193 0.461745 0.0643787 3 45 0
344.693 0.46186 0.0643251 3 45 0
345.193 0.461975 0.0642724 3 45 0
345.693 0.462054 0.0641814 3 45 0
346.193 0.462161 0.0641229 3 45 0
346.693 0.462267 0.064065 3 45 0
347.193 0.462398 0.0640413 3 45 0
347.693 0.46251 0.0639874 3 45 0
348.193 0.462621 0.0639343 3 45 0
348.693 0.462639 0.0640062 3 45 0
349.193 0.462738 0.0639346 3 45 0
349.693 0.462837 0.0638643 3 45 0
350.193 0.463021 0.0637238 3 45 0
350.693 0.46313 0.0636721 3 45 0
351.193 0.463239 0.0636213 3 45 0
351.693 0.46322 0.0636431 3 45 0
352.193 0.463316 0.0635345 3 45 0
352.693 0.463418 0.0634665 3 45 0
353.193 0.463754 0.0634289 3 45 0
353.693 0.463859 0.0633803 3 45 0
354.193 0.463961 0.0633313 3 45 0
354.693 0.464065 0.0633326 3 45 0
355.193 0.464166 0.0632978 3 45 0
355.693 0.464265 0.0632666 3 45 0
356.193 0.464416 0.0631386 3 45 0
356.693 0.464498 0.0630751 3 45 0
357.193 0.464581 0.0630174 3 45 0
357.693 0.464627 0.0630172 3 45 0
358.193 0.464725 0.0629767 3 45 0
358.693 0.464822 0.0629373 3 45 0
359.193 0.464923 0.0629837 3 45 0
359.693 0.465018 0.0629197 3 45 0
360.193 0.465113 0.0628577 3 45 0
360.693 0.46521 0.0626821 3 45 0
361.193 0.465303 0.0626306 3 45 0
361.693 0.465395 0.0625805 3 45 0
362.193 0.465467 0.0625354 3 45 0
362.693 0.465559 0.0624884 3 45 0
363.193 0.46565 0.0624417 3 45 0
363.693 0.465739 0.0624135 3 45 0
364.193 0.465829 0.0623693 3 45 0
364.693 0.465919 0.0623253 3 45 0
365.193 0.465998 0.0622606 3 45 0
365.693 0.466088 0.0622157 3 45 0
366.193 0.466177 0.0621709 3 45 0
366.693 0.46627 0.0621257 3 45 0
367.193 0.466358 0.0620815 3 45 0
367.693 0.466446 0.0620375 3 45 0
368.193 0.466528 0.0619948 3 45 0
368.693 0.466616 0.0619511 3 45 0
369.193 0.466702 0.0619077 3 45 0
369.693 0.466792 0.0618664 3 45 0
370.193 0.466878 0.061824 3 45 0
370.693 0.466964 0.0617818 3 45 0
371.193 0.467046 0.0617372 3 45 0
371.693 0.467131 0.0616952 3 45 0
372.193 0.467215 0.0616535 3 45 0
372.693 0.467298 0.0616101 3 45 0
373.193 0.467382 0.0615684 3 45 0
373.693 0.467465 0.061527 3 45 0
374.193 0.467548 0.0614864 3 45 0
374.693 0.467631 0.0614455 3 45 0
375.193 0.467713 0.0614049 3 45 0
375.693 0.467793 0.0613635 3 45 0
376.193 0.467875 0.0613231 3 45 0
376.693 0.467956 0.061283 3 45 0
377.193 0.468036 0.0612426 3 45 0
377.693 0.468116 0.0612027 3 45 0
378.193 0.468197 0.061163 3 45 0
378.693 0.468275 0.0611241 3 45 0
379.193 0.468355 0.0610847 3 45 0
379.693 0.468434 0.0610454 3 45 0
380.193 0.468511 0.0610094 3 45 0
380.693 0.46859 0.0609704 3 45 0
381.193 0.468668 0.0609315 3 45 0
381.693 0.468744 0.0609003 3 45 0
382.193 0.468822 0.0608617 3 45 0
382.693 0.468899 0.0608234 3 45 0
383.193 0.468975 0.0607929 3 45 0
383.693 0.469051 0.0607549 3 45 0
384.193 0.469128 0.0607171 3 45 0
384.693 0.469201 0.0606912 3 45 0
385.193 0.469277 0.060654 3 45 0
385.693 0.469353 0.0606169 3 45 0
386.193 0.469424 0.0606 3 45 0
386.693 0.469499 0.060564 3 45 0
387.193 0.469574 0.0605281 3 45 0
387.693 0.469652 0.060487 3 45 0
388.193 0.469725 0.0604496 3 45 0
388.693 0.469799 0.0604123 3 45 0
389.193 0.469888 0.0603346 3 45 0
389.693 0.469961 0.0602986 3 45 0
390.193 0.470033 0.0602629 3 45 0
390.693 0.470091 0.0602354 3 45 0
391.193 0.470163 0.0601996 3 45 0
391.693 0.470234 0.060164 3 45 0
392.193 0.470304 0.0601241 3 45 0
392.693 0.470375 0.0600895 3 45 0
393.193 0.470445 0.060055 3 45 0
393.693 0.470541 0.0600591 3 45 0
394.193 0.47061 0.0600297 3 45 0
394.693 0.470679 0.0600005 3 45 0
395.193 0.470745 0.0599625 3 45 0
395.693 0.470814 0.059926 3 45 0
396.193 0.470882 0.0598898 3 45 0
396.693 0.470945 0.0598822 3 45 0
397.193 0.471012 0.059853 3 45 0
397.693 0.47108 0.0598177 3 45 0
398.193 0.471148 0.0597371 3 45 0
398.693 0.471215 0.059703 3 45 0
399.193 0.471283 0.0596691 3 45 0
399.693 0.471349 0.0596582 3 45 0
400.193 0.471415 0.0596235 3 45 0
400.193 0.471415 0.0596235 4 45 0
400.213 0.471416 0.059619 3 45 0
400.243 0.471418 0.0596142 3 45 0
400.288 0.471424 0.0595909 3 45 0
400.355 0.471432 0.0595855 3 45 0
400.457 0.471444 0.059578 3 45 0
400.609 0.471466 0.0595667 3 45 0
400.836 0.471496 0.0595521 3 45 0
401.178 0.471542 0.0595303 3 45 0
401.678 0.47161 0.0594903 3 45 0
402.178 0.47168 0.0594573 3 45 0
402.678 0.471749 0.0594248 3 45 0
403.178 0.471816 0.059397 3 45 0
403.678 0.471886 0.0593691 3 45 0
404.178 0.471956 0.0593428 3 45 0
404.678 0.472027 0.0593835 3 45 0
405.178 0.472096 0.0593617 3 45 0
405.678 0.472164 0.0593396 3 45 0
406.178 0.472036 0.059457 3 45 0
406.678 0.47206 0.0594248 3 45 0
407.178 0.472081 0.0593535 3 45 0
407.678 0.472416 0.0591446 3 45 0
408.178 0.472483 0.0591269 3 45 0
408.678 0.47255 0.0591113 3 45 0
409.178 0.472614 0.0591483 3 45 0
409.678 0.47268 0.0591045 3 45 0
410.178 0.472746 0.059063 3 45 0
410.678 0.472796 0.0589738 3 45 0
411.178 0.47286 0.0589425 3 45 0
411.678 0.472923 0.0589111 3 45 0
412.178 0.472993 0.0588875 3 45 0
412.678 0.473056 0.0588693 3 45 0
413.178 0.473119 0.0588518 3 45 0
413.678 0.473188 0.05881 3 45 0
414.178 0.473249 0.05879 3 45 0
414.678 0.47331 0.0587702 3 45 0
415.178 0.473427 0.0586632 3 45 0
415.678 0.473484 0.0586432 3 45 0
416.178 0.473537 0.0586275 3 45 0
416.678 0.473621 0.0586215 3 45 0
417.178 0.473694 0.0585695 3 45 0
417.678 0.473749 0.0585274 3 45 0
418.178 0.47372 0.058516 3 45 0
418.678 0.47378 0.0584853 3 45 0
419.178 0.473841 0.0584547 3 45 0
419.678 0.473927 0.0584178 3 45 0
420.178 0.473981 0.0583954 3 45 0
420.678 0.474034 0.0583743 3 45 0
421.178 0.474075 0.058352 3 45 0
421.678 0.474131 0.05833 3 45 0
422.178 0.474186 0.0583084 3 45 0
422.678 0.474229 0.0582898 3 45 0
423.178 0.474284 0.058268 3 45 0
423.678 0.474339 0.0582464 3 45 0
424.178 0.474379 0.058189 3 45 0
424.678 0.474434 0.0581652 3 45 0
425.178 0.474488 0.0581418 3 45 0
425.678 0.474552 0.0581345 3 45 0
426.178 0.474606 0.0581127 3 45 0
426.678 0.47466 0.0580857 3 45 0
427.178 0.4747 0.0580137 3 45 0
427.678 0.474754 0.0579883 3 45 0
428.178 0.474808 0.0579632 3 45 0
428.678 0.474867 0.0579625 3 45 0
429.178 0.474919 0.0579412 3 45 0
429.678 0.474971 0.0579203 3 45 0
430.178 0.475029 0.057877 3 45 0
430.678 0.47508 0.0578492 3 45 0
431.178 0.475132 0.0578218 3 45 0
431.678 0.475182 0.0578299 3 45 0
432.178 0.475232 0.0578003 3 45 0
432.678 0.475282 0.0577713 3 45 0
433.178 0.475331 0.0577338 3 45 0
433.678 0.475381 0.0577062 3 45 0
434.178 0.475431 0.057679 3 45 0
434.678 0.475482 0.0576603 3 45 0
435.178 0.475531 0.0576329 3 45 0
435.678 0.475581 0.057606 3 45 0
436.178 0.47563 0.0575837 3 45 0
436.678 0.475679 0.0575569 3 45 0
437.178 0.475728 0.0575305 3 45 0
437.678 0.475778 0.0575076 3 45 0
438.178 0.475826 0.0574815 3 45 0
438.678 0.475875 0.0574557 3 45 0
439.178 0.475925 0.0574272 3 45 0
439.678 0.475974 0.0574025 3 45 0
440.178 0.476026 0.057378 3 45 0
440.678 0.476081 0.0573516 3 45 0
441.178 0.476132 0.0573284 3 45 0
441.678 0.476183 0.0573053 3 45 0
442.178 0.476231 0.0572704 3 45 0
442.678 0.476285 0.0572486 3 45 0
443.178 0.476341 0.0572274 3 45 0
443.678 0.476403 0.0572107 3 45 0
444.178 0.47646 0.0571824 3 45 0
444.678 0.476517 0.0571553 3 45 0
445.178 0.476545 0.0571413 3 45 0
445.678 0.476602 0.0571299 3 45 0
446.178 0.47666 0.0571222 3 45 0
446.678 0.47675 0.0571412 3 45 0
447.178 0.476804 0.0571119 3 45 0
447.678 0.476858 0.0570844 3 45 0
448.178 0.476936 0.0569901 3 45 0
448.678 0.476985 0.0569749 3 45 0
449.178 0.477034 0.0569626 3 45 0
449.678 0.477144 0.0569308 3 45 0
450.178 0.477163 0.0569163 3 45 0
450.678 0.477186 0.0569038 3 45 0
451.178 0.477187 0.056909 3 45 0
451.678 0.477235 0.056888 3 45 0
452.178 0.477283 0.0568671 3 45 0
452.678 0.477334 0.0568847 3 45 0
453.178 0.477376 0.0568581 3 45 0
453.678 0.477419 0.0568315 3 45 0
454.178 0.477458 0.0567975 3 45 0
454.678 0.477499 0.0567701 3 45 0
455.178 0.477541 0.0567436 3 45 0
455.678 0.477577 0.0566931 3 45 0
456.178 0.47762 0.05667 3 45 0
456.678 0.477664 0.0566472 3 45 0
457.178 0.477707 0.0566368 3 45 0
457.678 0.477749 0.056613 3 45 0
458.178 0.477791 0.0565896 3 45 0
458.678 0.477832 0.0565663 3 45 0
459.178 0.477874 0.0565434 3 45 0
459.678 0.477915 0.0565209 3 45 0
460.178 0.477959 0.056517 3 45 0
460.678 0.478002 0.056493 3 45 0
461.178 0.478052 0.0564695 3 45 0
461.678 0.478103 0.0564502 3 45 0
462.178 0.478152 0.0564268 3 45 0
462.678 0.4782 0.056404 3 45 0
463.178 0.478252 0.0563833 3 45 0
463.678 0.478299 0.0563609 3 45 0
464.178 0.478347 0.0563388 3 45 0
464.678 0.478398 0.0563161 3 45 0
465.178 0.478444 0.0562949 3 45 0
465.678 0.47849 0.0562739 3 45 0
466.178 0.478537 0.0562474 3 45 0
466.678 0.478581 0.0562281 3 45 0
467.178 0.478625 0.0562088 3 45 0
467.678 0.478662 0.0561823 3 45 0
468.178 0.478699 0.0561645 3 45 0
468.678 0.478737 0.0561476 3 45 0
469.178 0.478763 0.0561515 3 45 0
469.678 0.478799 0.0561412 3 45 0
470.178 0.478836 0.0561309 3 45 0
470.678 0.478898 0.0560744 3 45 0
471.178 0.478946 0.0560689 3 45 0
471.678 0.478994 0.0560653 3 45 0
472.178 0.47907 0.055999 3 45 0
472.678 0.479116 0.0559809 3 45 0
473.178 0.479159 0.0559675 3 45 0
473.678 0.479361 0.05596 3 45 0
474.178 0.479339 0.0559338 3 45 0
474.678 0.479338 0.0559221 3 45 0
475.178 0.479222 0.0559202 3 45 0
475.678 0.47926 0.0558938 3 45 0
476.178 0.479299 0.0558672 3 45 0
476.678 0.479411 0.0558887 3 45 0
477.178 0.479451 0.0558664 3 45 0
477.678 0.479491 0.0558436 3 45 0
478.178 0.479391 0.0556889 3 45 0
478.678 0.479428 0.0556708 3 45 0
479.178 0.479466 0.0556528 3 45 0
479.678 0.47968 0.0557543 3 45 0
480.178 0.47972 0.0557379 3 45 0
480.678 0.479761 0.0557217 3 45 0
481.178 0.479468 0.0555878 3 45 0
481.678 0.479516 0.0555671 3 45 0
482.178 0.479563 0.0555471 3 45 0
482.678 0.479918 0.0556332 3 45 0
483.178 0.479946 0.0556209 3 45 0
483.678 0.479976 0.0556109 3 45 0
484.178 0.480199 0.0556179 3 45 0
484.678 0.480218 0.0556104 3 45 0
485.178 0.480234 0.0555718 3 45 0
485.678 0.480138 0.0555722 3 45 0
486.178 0.480179 0.0555612 3 45 0
486.678 0.48022 0.0555371 3 45 0
487.178 0.480274 0.0555243 3 45 0
487.678 0.480311 0.0554991 3 45 0
488.178 0.480346 0.0554739 3 45 0
488.678 0.480335 0.0554714 3 45 0
489.178 0.480375 0.0554681 3 45 0
489.678 0.480419 0.055446 3 45 0
490.178 0.480537 0.0553497 3 45 0
490.678 0.480579 0.0553302 3 45 0
491.178 0.480616 0.0553169 3 45 0
491.678 0.480758 0.0553203 3 45 0
492.178 0.48072 0.0553144 3 45 0
492.678 0.480733 0.0553112 3 45 0
493.178 0.480673 0.0553058 3 45 0
493.678 0.480707 0.0552834 3 45 0
494.178 0.48074 0.0552603 3 45 0
494.678 0.480878 0.0552099 3 45 0
495.178 0.480897 0.055194 3 45 0
495.678 0.480914 0.0551817 3 45 0
496.178 0.481157 0.0551719 3 45 0
496.678 0.48114 0.0551666 3 45 0
496.678 0.48114 0.0551666 4 45 0
496.698 0.4811 0.0551785 3 45 0
496.72 0.481081 0.0551869 3 45 0
496.744 0.480838 0.0551375 3 45 0
496.77 0.480827 0.0551224 3 45 0
496.8 0.480826 0.0551091 3 45 0
496.844 0.481025 0.0551322 3 45 0
496.892 0.481029 0.0551296 3 45 0
496.945 0.481035 0.0551273 3 45 0
497.025 0.48108 0.0551471 3 45 0
497.113 0.481078 0.0551409 3 45 0
497.244 0.481079 0.0551361 3 45 0
497.441 0.481104 0.0551498 3 45 0
497.659 0.481105 0.0551322 3 45 0
497.984 0.481106 0.0551142 3 45 0
498.472 0.481181 0.0551659 3 45 0
498.972 0.481216 0.0551389 3 45 0
499.472 0.48125 0.0551115 3 45 0
499.972 0.481255 0.0550865 3 45 0
500.472 0.481292 0.055071 3 45 0
500.972 0.48133 0.0550557 3 45 0
501.472 0.481585 0.0550133 3 45 0
501.972 0.481614 0.0550041 3 45 0
502.472 0.481636 0.0549962 3 45 0
502.972 0.481421 0.0549764 3 45 0
503.472 0.481456 0.0549635 3 45 0
503.972 0.48149 0.054951 3 45 0
504.472 0.481413 0.0548881 3 45 0
504.972 0.481448 0.0548648 3 45 0
505.472 0.481486 0.0548426 3 45 0
505.972 0.481701 0.0549336 3 45 0
506.472 0.481733 0.0549066 3 45 0
506.972 0.481763 0.0548794 3 45 0
507.472 0.481773 0.0548107 3 45 0
507.972 0.481816 0.0547985 3 45 0
508.472 0.481858 0.0547861 3 45 0
508.972 0.481887 0.0548277 3 45 0
509.472 0.481914 0.0548218 3 45 0
509.972 0.48194 0.0547963 3 45 0
510.472 0.481908 0.0547374 3 45 0
510.972 0.481907 0.0547211 3 45 0
511.472 0.48193 0.0547181 3 45 0
511.972 0.482505 0.054696 4 45 0
512.473 0.482057 0.0546848 4 45 0
512.973 0.482097 0.0546702 4 45 0
513.473 0.48069 0.0547851 4 45 0
513.973 0.480597 0.0547347 3 45 0
514.473 0.480599 0.0546969 3 45 0
514.973 0.482305 0.0545955 3 45 0
515.473 0.482338 0.0545779 3 45 0
515.973 0.48237 0.0545601 3 45 0
516.473 0.482437 0.0545498 3 45 0
516.973 0.482447 0.0545428 3 45 0
517.473 0.482457 0.0545407 3 45 0
517.973 0.482502 0.0545628 3 45 0
518.473 0.48254 0.0545462 3 45 0
518.973 0.482577 0.0545308 3 45 0
519.473 0.482685 0.0544629 3 45 0
519.973 0.482696 0.0544395 3 45 0
520.473 0.482701 0.0544214 3 45 0
520.973 0.482822 0.0544463 3 45 0
521.473 0.482823 0.0544492 3 45 0
521.973 0.482837 0.0544484 3 45 0
522.473 0.482875 0.0544115 3 45 0
522.973 0.4829 0.0543871 3 45 0
523.473 0.482923 0.0543643 3 45 0
523.973 0.482965 0.0543739 3 45 0
524.473 0.483128 0.0543402 3 45 0
524.973 0.483223 0.0543221 3 45 0
525.473 0.483006 0.0542891 3 45 0
525.973 0.483037 0.0542735 3 45 0
526.473 0.483069 0.0542585 3 45 0
526.973 0.48321 0.0543069 3 45 0
527.473 0.483239 0.0542901 3 45 0
527.973 0.48327 0.0542745 3 45 0
528.473 0.483286 0.0542942 3 45 0
528.973 0.483321 0.0542826 3 45 0
529.473 0.483356 0.0542715 3 45 0
529.973 0.48327 0.0541741 3 45 0
530.473 0.483288 0.0541549 3 45 0
530.973 0.483308 0.0541363 3 45 0
531.473 0.483384 0.0541232 3 45 0
531.973 0.483422 0.0541122 3 45 0
532.473 0.483461 0.0541019 3 45 0
532.973 0.483552 0.0540983 3 45 0
533.473 0.483584 0.0540855 3 45 0
533.973 0.483615 0.0540729 3 45 0
534.473 0.483643 0.0540724 3 45 0
534.973 0.483669 0.0540595 3 45 0
535.473 0.483698 0.0540495 3 45 0
535.973 0.483557 0.0540062 3 45 0
536.473 0.483575 0.0539838 3 45 0
536.973 0.4836 0.0539628 3 45 0
537.473 0.483845 0.0539936 3 45 0
537.973 0.483859 0.0539777 3 45 0
538.473 0.48387 0.0539675 3 45 0
538.973 0.483998 0.0539747 3 45 0
539.473 0.483991 0.0539677 3 45 0
539.973 0.484009 0.0539575 3 45 0
540.473 0.483837 0.0538031 3 45 0
540.973 0.48377 0.0537871 3 45 0
541.473 0.483718 0.0537749 3 45 0
541.973 0.484098 0.0538859 3 45 0
542.473 0.484111 0.0538716 3 45 0
542.973 0.484124 0.053861 3 45 0
543.473 0.484065 0.0538354 3 45 0
543.973 0.484072 0.0538141 3 45 0
544.473 0.484084 0.0537938 3 45 0
544.973 0.484367 0.0538415 3 45 0
545.473 0.48439 0.0538287 3 45 0
545.973 0.484413 0.0538122 3 45 0
546.473 0.484409 0.053769 3 45 0
546.973 0.484436 0.0537615 3 45 0
547.473 0.484461 0.053756 3 45 0
547.973 0.484514 0.0537758 3 45 0
548.473 0.484535 0.0537608 3 45 0
548.973 0.484561 0.0537472 3 45 0
549.473 0.484625 0.0537967 3 45 0
549.973 0.484662 0.0537719 3 45 0
550.473 0.484698 0.0537451 3 45 0
550.973 0.484639 0.0536832 3 45 0
551.473 0.484668 0.0536706 3 45 0
551.973 0.484697 0.0536579 3 45 0
552.473 0.48471 0.0536706 3 45 0
552.973 0.484726 0.0536542 3 45 0
553.473 0.484735 0.0536363 3 45 0
553.973 0.484287 0.0535618 3 45 0
554.473 0.484284 0.0535329 3 45 0
554.973 0.48431 0.0535087 3 45 0
555.473 0.484918 0.0535656 3 45 0
555.973 0.484929 0.0535574 3 45 0
556.473 0.484945 0.0535514 3 45 0
556.973 0.485041 0.0535877 3 45 0
557.473 0.485074 0.0535799 3 45 0
557.973 0.485107 0.0535731 3 45 0
558.473 0.485118 0.0535237 3 45 0
558.973 0.485133 0.0534999 3 45 0
559.473 0.485142 0.0534783 3 45 0
559.973 0.485086 0.053478 3 45 0
560.473 0.485116 0.0534764 3 45 0
560.973 0.485153 0.0534731 3 45 0
561.473 0.485049 0.0535117 4 45 0
561.973 0.484923 0.0534821 4 45 0
562.473 0.484702 0.0534469 4 45 0
562.973 0.485336 0.0533748 3 45 0
563.473 0.485323 0.0533706 3 45 0
563.973 0.485307 0.0533728 3 45 0
564.473 0.485202 0.0533721 4 45 0
564.973 0.485317 0.0533583 4 45 0
565.473 0.485339 0.0533479 4 45 0
565.973 0.484637 0.0533958 4 45 0
566.473 0.484263 0.0533566 4 45 0
566.973 0.484136 0.0533177 3 45 0
567.473 0.485523 0.0533123 3 45 0
567.973 0.485542 0.0533085 3 45 0
568.473 0.48557 0.0533037 3 45 0
568.973 0.484758 0.0532421 3 45 0
569.473 0.484743 0.0532115 3 45 0
569.973 0.484769 0.0531866 3 45 0
570.473 0.485659 0.0532416 3 45 0
570.973 0.485685 0.0532392 3 45 0
571.473 0.485735 0.0532367 3 45 0
571.973 0.485946 0.0532316 3 45 0
572.473 0.485986 0.0531932 3 45 0
572.973 0.486008 0.0531585 3 45 0
573.473 0.486103 0.0531842 3 45 0
573.973 0.48602 0.0531991 3 45 0
574.473 0.485973 0.0532101 3 45 0
574.973 0.486015 0.0531526 3 45 0
575.473 0.486027 0.0531337 3 45 0
575.973 0.486038 0.0531169 3 45 0
576.473 0.486173 0.05317 3 45 0
576.973 0.486179 0.0531623 3 45 0
577.473 0.486193 0.0531418 3 45 0
577.973 0.486191 0.0530818 3 45 0
578.473 0.486219 0.053072 3 45 0
578.973 0.486247 0.0530621 3 45 0
579.473 0.486314 0.0530718 3 45 0
579.973 0.486338 0.0530563 3 45 0
580.473 0.486362 0.0530427 3 45 0
580.973 0.48634 0.0530311 3 45 0
581.473 0.486369 0.0530276 3 45 0
581.973 0.486398 0.0530245 3 45 0
582.473 0.486481 0.0530001 3 45 0
582.973 0.4865 0.0529886 3 45 0
583.473 0.486522 0.0529779 3 45 0
583.973 0.486766 0.0529312 3 45 0
584.473 0.486793 0.0529191 3 45 0
584.973 0.486812 0.0529085 3 45 0
585.473 0.486624 0.05294 3 45 0
585.973 0.486648 0.0529292 3 45 0
586.473 0.486672 0.0529187 3 45 0
586.973 0.48641 0.0528733 3 45 0
587.473 0.486401 0.052855 3 45 0
587.973 0.486413 0.0528389 3 45 0
588.473 0.486728 0.0528681 3 45 0
588.973 0.486743 0.0528575 3 45 0
589.473 0.486758 0.0528472 3 45 0
589.973 0.486889 0.0528833 3 45 0
590.473 0.486915 0.0528802 3 45 0
590.473 0.486915 0.0528802 4 45 0
590.493 0.486912 0.0528869 3 45 0
590.515 0.486908 0.052874 3 45 0
590.549 0.486924 0.0528688 3 45 0
590.585 0.486941 0.0528627 3 45 0
590.625 0.486957 0.052857 3 45 0
590.685 0.486951 0.0528444 3 45 0
590.751 0.48694 0.0528413 3 45 0
590.823 0.486936 0.0528389 3 45 0
590.932 0.486672 0.0527784 3 45 0
591.052 0.486685 0.0527769 3 45 0
591.183 0.486696 0.0527751 3 45 0
591.38 0.486946 0.052857 3 45 0
591.597 0.48695 0.0528631 3 45 0
591.836 0.486952 0.0528459 3 45 0
592.194 0.48699 0.0528384 3 45 0
592.588 0.487008 0.0528381 3 45 0
593.088 0.487027 0.0528373 3 45 0
593.588 0.487025 0.0527965 3 45 0
594.088 0.487023 0.0527751 3 45 0
594.588 0.487012 0.0527589 3 45 0
595.088 0.487122 0.0527714 3 45 0
595.588 0.487146 0.05276 3 45 0
596.088 0.487168 0.0527481 3 45 0
596.588 0.487224 0.0527717 3 45 0
597.088 0.487237 0.0527463 3 45 0
597.588 0.487241 0.0527221 3 45 0
598.088 0.487142 0.0526975 3 45 0
598.588 0.487154 0.0526969 3 45 0
599.088 0.487185 0.0526967 3 45 0
599.588 0.487412 0.0526755 3 45 0
600.088 0.487412 0.0526386 3 45 0
600.588 0.487416 0.0526119 3 45 0
601.088 0.487203 0.0526641 3 45 0
601.588 0.48737 0.0526395 3 45 0
602.088 0.487522 0.0526246 3 45 0
602.588 0.487428 0.0526179 3 45 0
603.088 0.487446 0.0526063 3 45 0
603.588 0.487465 0.0525955 3 45 0
604.088 0.487628 0.0526168 3 45 0
604.588 0.487656 0.0526255 3 45 0
605.088 0.487665 0.0526017 3 45 0
605.588 0.487646 0.0525597 3 45 0
606.088 0.487671 0.0525509 3 45 0
606.588 0.487697 0.0525421 3 45 0
607.088 0.487718 0.0525468 3 45 0
607.588 0.487741 0.0525354 3 45 0
608.088 0.487764 0.0525245 3 45 0
608.588 0.487822 0.0525262 3 45 0
609.088 0.48785 0.0525188 3 45 0
609.588 0.487875 0.052512 3 45 0
610.088 0.48805 0.0524936 3 45 0
610.588 0.488049 0.0525102 3 45 0
611.088 0.488009 0.0524898 3 45 0
611.588 0.487855 0.0524748 3 45 0
612.088 0.487884 0.0524694 3 45 0
612.588 0.487913 0.0524641 3 45 0
613.088 0.488021 0.0524479 3 45 0
613.588 0.488043 0.0524377 3 45 0
614.088 0.488064 0.0524277 3 45 0
614.588 0.488101 0.0524161 3 45 0
615.088 0.488131 0.0524088 3 45 0
615.588 0.488159 0.052401 3 45 0
616.088 0.488292 0.0524543 3 45 0
616.588 0.488317 0.0524179 3 45 0
617.088 0.488329 0.0523822 3 45 0
617.588 0.488283 0.0523993 3 45 0
618.088 0.488299 0.0524021 3 45 0
618.588 0.488309 0.0523856 3 45 0
619.088 0.48832 0.0523469 3 45 0
619.588 0.488336 0.0523375 3 45 0
620.088 0.488356 0.0523289 3 45 0
620.588 0.488283 0.0522752 3 45 0
621.088 0.488228 0.0522528 3 45 0
621.588 0.488185 0.052235 3 45 0
622.088 0.488375 0.0522917 3 45 0
622.588 0.488405 0.0522837 3 45 0
623.088 0.488435 0.0522759 3 45 0
623.588 0.487097 0.0521815 3 45 0
624.088 0.487074 0.0521811 3 45 0
624.588 0.487069 0.0521782 3 45 0
625.088 0.488482 0.0522318 3 45 0
625.588 0.488482 0.0522284 3 45 0
626.088 0.488498 0.0522278 3 45 0
626.588 0.488676 0.0522004 3 45 0
627.088 0.488676 0.0521708 3 45 0
627.588 0.488678 0.0521538 3 45 0
628.088 0.488314 0.0522239 4 45 0
628.588 0.488435 0.0522048 4 45 0
629.088 0.488592 0.0521853 3 45 0
629.588 0.488769 0.0521597 3 45 0
630.089 0.488791 0.0521519 3 45 0
630.589 0.488813 0.0521441 3 45 0
631.089 0.488881 0.0521601 3 45 0
631.589 0.488887 0.0521473 3 45 0
632.089 0.488896 0.0521349 3 45 0
632.589 0.488921 0.052122 3 45 0
633.089 0.488957 0.0521112 3 45 0
633.588 0.488988 0.0521023 3 45 0
634.088 0.488998 0.0521054 3 45 0
634.588 0.489023 0.0521004 3 45 0
635.088 0.489047 0.0520951 3 45 0
635.588 0.488971 0.0520743 3 45 0
636.088 0.488992 0.0520665 3 45 0
636.588 0.489013 0.0520586 3 45 0
637.088 0.489246 0.052056 3 45 0
637.588 0.48926 0.0520426 3 45 0
638.088 0.489268 0.0520325 3 45 0
638.588 0.48924 0.0520236 3 45 0
639.088 0.489264 0.0520158 3 45 0
639.588 0.489288 0.0520082 3 45 0
640.088 0.489375 0.0520512 3 45 0
640.588 0.489387 0.0520392 3 45 0
641.088 0.489388 0.0520094 3 45 0
641.588 0.489258 0.0519765 3 45 0
642.088 0.489263 0.0519712 3 45 0
642.588 0.489285 0.0519686 3 45 0
643.088 0.489456 0.0519455 3 45 0
643.588 0.489425 0.0519221 3 45 0
644.088 0.489428 0.0519116 3 45 0
644.588 0.48832 0.0520004 3 45 0
645.088 0.488627 0.0519697 4 45 0
645.583 0.490036 0.0518963 3 45 0
645.66 0.489617 0.0519426 4 45 0
645.722 0.489646 0.0519384 4 45 0
645.791 0.489672 0.0519346 4 45 0
645.894 0.489695 0.0519107 3 45 0
646.008 0.489697 0.0519088 3 45 0
646.132 0.4897 0.0519067 3 45 0
646.32 0.489692 0.0519181 3 45 0
646.6 0.489704 0.051914 3 45 0
646.909 0.489718 0.0519094 3 45 0
647.409 0.489636 0.0518919 3 45 0
647.909 0.489664 0.0518835 3 45 0
648.409 0.489692 0.0518756 3 45 0
648.909 0.489766 0.0518672 3 45 0
649.409 0.489791 0.0518599 3 45 0
649.909 0.489816 0.0518527 3 45 0
650.409 0.489791 0.0518473 3 45 0
650.909 0.489818 0.0518397 3 45 0
651.409 0.489844 0.0518324 3 45 0
651.909 0.489908 0.0518287 3 45 0
652.409 0.489932 0.051822 3 45 0
652.909 0.489956 0.0518154 3 45 0
653.409 0.489916 0.0518053 3 45 0
653.909 0.489943 0.0517981 3 45 0
654.409 0.489968 0.0517909 3 45 0
654.909 0.490067 0.0517904 3 45 0
655.409 0.49009 0.0517839 3 45 0
655.909 0.490112 0.0517773 3 45 0
656.409 0.490062 0.0517627 3 45 0
656.909 0.490086 0.0517558 3 45 0
657.409 0.49011 0.0517489 3 45 0
657.909 0.490213 0.0517561 3 45 0
658.409 0.490235 0.0517488 3 45 0
658.909 0.490258 0.0517414 3 45 0
659.409 0.490148 0.0517216 3 45 0
659.909 0.490174 0.0517142 3 45 0
660.409 0.490199 0.0517069 3 45 0
660.909 0.490282 0.0517332 3 45 0
661.409 0.490311 0.0517251 3 45 0
661.909 0.49034 0.0517172 3 45 0
662.409 0.490372 0.0517107 3 45 0
662.909 0.490407 0.0517017 3 45 0
663.409 0.49044 0.0516929 3 45 0
663.909 0.490486 0.0516752 3 45 0
664.409 0.49051 0.051667 3 45 0
664.909 0.490534 0.051659 3 45 0
665.409 0.490484 0.0516426 3 45 0
665.909 0.490505 0.0516358 3 45 0
666.409 0.490525 0.051629 3 45 0
666.909 0.49051 0.0516222 3 45 0
667.409 0.490533 0.0516157 3 45 0
667.909 0.490556 0.0516093 3 45 0
668.409 0.490523 0.0516017 3 45 0
668.909 0.490549 0.0515946 3 45 0
669.409 0.490574 0.0515879 3 45 0
669.909 0.490647 0.0515814 3 45 0
670.409 0.49067 0.0515752 3 45 0
670.909 0.490693 0.0515689 3 45 0
671.409 0.49067 0.0515612 3 45 0
671.909 0.490694 0.0515548 3 45 0
672.409 0.490717 0.0515484 3 45 0
672.909 0.490807 0.0515489 3 45 0
673.409 0.490828 0.0515423 3 45 0
673.909 0.490848 0.0515356 3 45 0
674.409 0.490774 0.0515222 3 45 0
674.909 0.490797 0.0515159 3 45 0
675.409 0.49082 0.0515096 3 45 0
675.909 0.490924 0.0515096 3 45 0
676.409 0.490945 0.0515042 3 45 0
676.909 0.490966 0.0514988 3 45 0
677.409 0.490904 0.0514829 3 45 0
677.909 0.490926 0.0514767 3 45 0
678.409 0.490948 0.0514706 3 45 0
678.909 0.490959 0.0515018 4 45 0
679.409 0.491013 0.0514947 4 45 0
679.909 0.49106 0.051485 4 45 0
680.409 0.491143 0.0514453 3 45 0
680.909 0.491159 0.0514381 3 45 0
680.909 0.491159 0.0514381 4 45 0
680.929 0.491157 0.0514373 3 45 0
680.959 0.491154 0.0514364 3 45 0
681.004 0.491149 0.0514505 3 45 0
681.054 0.491151 0.0514491 3 45 0
681.108 0.491153 0.0514477 3 45 0
681.19 0.491078 0.0514377 3 45 0
681.28 0.491084 0.0514369 3 45 0
681.379 0.491089 0.051436 3 45 0
681.527 0.49106 0.0514328 3 45 0
681.749 0.491073 0.0514304 3 45 0
681.994 0.491086 0.0514278 3 45 0
682.361 0.491091 0.0514223 3 45 0
682.861 0.491113 0.0514164 3 45 0
683.361 0.491135 0.0514105 3 45 0
683.861 0.491152 0.0514043 3 45 0
684.361 0.491174 0.0513985 3 45 0
684.861 0.491195 0.0513927 3 45 0
685.361 0.491202 0.051386 3 45 0
685.861 0.491223 0.0513802 3 45 0
686.361 0.491245 0.0513745 3 45 0
686.861 0.491276 0.0513692 3 45 0
687.361 0.491296 0.0513636 3 45 0
687.861 0.491317 0.0513579 3 45 0
688.361 0.491323 0.0513511 3 45 0
688.861 0.491343 0.0513454 3 45 0
689.361 0.491365 0.0513397 3 45 0
689.861 0.491478 0.0513471 3 45 0
690.361 0.491499 0.0513402 3 45 0
690.861 0.491519 0.0513333 3 45 0
691.361 0.491517 0.0513315 3 45 0
691.861 0.491539 0.0513258 3 45 0
692.361 0.491561 0.0513202 3 45 0
692.861 0.49137 0.0513095 3 45 0
693.361 0.491425 0.0513048 3 45 0
693.861 0.491483 0.0513 4 45 0
694.361 0.491141 0.0513009 3 45 0
694.861 0.491118 0.0513023 3 45 0
695.361 0.491117 0.0513057 3 45 0
695.861 0.491497 0.0512881 3 45 0
696.361 0.491507 0.05128 3 45 0
696.861 0.491517 0.0512716 3 45 0
697.361 0.491615 0.0512762 3 45 0
697.861 0.491633 0.0512672 3 45 0
698.361 0.491654 0.0512582 3 45 0
698.861 0.491723 0.0512454 3 45 0
699.361 0.491757 0.051242 3 45 0
699.861 0.491794 0.0512398 3 45 0
700.361 0.491814 0.0512156 3 45 0
700.861 0.491863 0.0512096 4 45 0
701.361 0.491911 0.0512037 4 45 0
701.861 0.491937 0.0512022 3 45 0
702.361 0.491968 0.051197 3 45 0
702.861 0.491999 0.0511918 3 45 0
703.361 0.492042 0.051173 3 45 0
703.861 0.492056 0.0511662 3 45 0
704.361 0.49207 0.0511596 3 45 0
704.861 0.492161 0.0511783 3 45 0
705.361 0.49218 0.0511734 3 45 0
705.861 0.492199 0.0511685 3 45 0
706.361 0.492212 0.0511587 3 45 0
706.861 0.492234 0.0511542 3 45 0
707.361 0.492254 0.0511478 3 45 0
707.861 0.492225 0.0511341 3 45 0
708.361 0.492244 0.0511286 3 45 0
708.861 0.492264 0.0511231 3 45 0
709.361 0.492244 0.0511111 3 45 0
709.861 0.492263 0.0511057 3 45 0
710.361 0.492282 0.0511003 3 45 0
710.861 0.492349 0.0511014 3 45 0
711.361 0.492368 0.0510961 3 45 0
711.861 0.492388 0.0510909 3 45 0
712.361 0.492366 0.0510791 3 45 0
712.861 0.492384 0.0510734 3 45 0
713.361 0.492402 0.0510678 3 45 0
713.861 0.492513 0.05108 3 45 0
714.361 0.492532 0.0510745 3 45 0
714.861 0.492551 0.051069 3 45 0
715.361 0.492535 0.0510538 3 45 0
715.861 0.492551 0.0510465 3 45 0
716.361 0.492567 0.0510395 3 45 0
716.861 0.49256 0.0510354 3 45 0
717.361 0.492581 0.0510305 3 45 0
717.861 0.492601 0.0510258 3 45 0
718.361 0.492533 0.0510082 3 45 0
718.861 0.492554 0.0510037 3 45 0
719.361 0.492574 0.0509993 3 45 0
719.861 0.49238 0.0510284 4 45 0
720.361 0.492512 0.051025 4 45 0
720.861 0.49262 0.0510209 4 45 0
721.361 0.492329 0.0509897 4 45 0
721.861 0.492348 0.0509845 4 45 0
722.361 0.492368 0.0509794 4 45 0
722.861 0.492926 0.0509882 3 45 0
723.361 0.492954 0.0509809 3 45 0
723.861 0.49298 0.0509729 3 45 0
724.361 0.49294 0.0509634 3 45 0
724.861 0.492962 0.0509593 3 45 0
725.361 0.492982 0.0509552 3 45 0
725.861 0.492833 0.0509467 4 45 0
726.361 0.49287 0.0509403 4 45 0
726.861 0.492906 0.0509343 4 45 0
727.361 0.492784 0.0509242 3 45 0
727.861 0.492823 0.0509205 3 45 0
728.361 0.49287 0.0509181 3 45 0
728.861 0.492925 0.0509049 4 45 0
729.361 0.492984 0.0508976 4 45 0
729.861 0.493045 0.0508908 4 45 0
730.361 0.493207 0.0509026 3 45 0
730.861 0.493228 0.0508982 3 45 0
731.361 0.493249 0.0508939 3 45 0
731.861 0.493118 0.0508665 3 45 0
732.361 0.493136 0.0508616 3 45 0
732.861 0.493154 0.0508567 3 45 0
733.361 0.493285 0.0508644 3 45 0
733.861 0.493303 0.0508591 3 45 0
734.361 0.493321 0.0508539 3 45 0
734.861 0.493285 0.0508414 3 45 0
735.361 0.493299 0.0508357 3 45 0
735.861 0.493314 0.0508301 3 45 0
736.361 0.493251 0.0508262 3 45 0
736.861 0.493276 0.0508214 3 45 0
737.361 0.493302 0.0508167 3 45 0
737.861 0.493472 0.0508106 3 45 0
738.361 0.493482 0.0508035 3 45 0
738.861 0.493491 0.0507968 3 45 0
739.361 0.49336 0.0507953 3 45 0
739.861 0.493384 0.0507905 3 45 0
740.361 0.493408 0.0507858 3 45 0
740.861 0.493535 0.0507826 3 45 0
741.361 0.493546 0.0507765 3 45 0
741.861 0.493557 0.0507706 3 45 0
742.361 0.49346 0.0507665 3 45 0
742.861 0.493485 0.0507618 3 45 0
743.361 0.49351 0.0507571 3 45 0
743.861 0.49371 0.0507603 3 45 0
744.361 0.49372 0.0507531 3 45 0
744.861 0.493729 0.050746 3 45 0
745.361 0.49363 0.0507392 3 45 0
745.861 0.49365 0.0507345 3 45 0
746.361 0.49367 0.0507298 3 45 0
746.861 0.493809 0.0507342 3 45 0
747.361 0.49382 0.0507257 3 45 0
747.861 0.49383 0.0507176 3 45 0
748.361 0.493758 0.0507126 3 45 0
748.861 0.493781 0.0507084 3 45 0
749.361 0.493803 0.0507041 3 45 0
749.861 0.493793 0.0506908 3 45 0
750.361 0.493813 0.0506865 3 45 0
750.861 0.493832 0.0506822 3 45 0
751.361 0.493801 0.0506823 3 45 0
751.861 0.493826 0.0506779 3 45 0
752.361 0.493851 0.0506736 3 45 0
752.861 0.493983 0.0506632 3 45 0
753.361 0.493995 0.0506574 3 45 0
753.861 0.494006 0.0506518 3 45 0
754.361 0.493899 0.0506531 3 45 0
754.861 0.493924 0.0506486 3 45 0
755.361 0.493949 0.0506442 3 45 0
755.861 0.494062 0.0506343 3 45 0
756.361 0.494074 0.0506289 3 45 0
756.861 0.494087 0.0506237 3 45 0
757.361 0.493982 0.0506258 3 45 0
757.861 0.494008 0.0506211 3 45 0
758.361 0.494034 0.0506166 3 45 0
758.861 0.494206 0.0506076 3 45 0
759.361 0.494215 0.0506019 3 45 0
759.861 0.494225 0.0505964 3 45 0
760.361 0.494078 0.0505979 3 45 0
760.861 0.494104 0.0505933 3 45 0
761.361 0.494129 0.0505888 3 45 0
761.861 0.494265 0.0505815 3 45 0
762.361 0.494273 0.0505761 3 45 0
762.861 0.494282 0.0505708 3 45 0
763.361 0.494157 0.0505718 3 45 0
763.861 0.494181 0.050567 3 45 0
764.361 0.494207 0.0505623 3 45 0
764.861 0.494547 0.0505729 3 45 0
765.361 0.494564 0.0505656 3 45 0
765.861 0.494577 0.0505581 3 45 0
766.361 0.494481 0.0505539 3 45 0
766.861 0.494493 0.0505485 3 45 0
767.361 0.494505 0.0505431 3 45 0
767.861 0.494453 0.0505343 3 45 0
768.361 0.494465 0.050529 3 45 0
768.861 0.494477 0.0505238 3 45 0
769.361 0.494477 0.0505223 3 45 0
769.861 0.4945 0.0505185 3 45 0
770.361 0.494523 0.0505148 3 45 0
770.861 0.494505 0.0505014 3 45 0
771.361 0.494525 0.0504978 3 45 0
771.861 0.494544 0.0504941 3 45 0
772.361 0.494532 0.0504941 3 45 0
772.861 0.494557 0.0504901 3 45 0
773.361 0.494581 0.0504863 3 45 0
773.861 0.494596 0.0504751 3 45 0
774.361 0.494616 0.0504715 3 45 0
774.861 0.494636 0.0504678 3 45 0
775.361 0.494581 0.0504674 3 45 0
775.861 0.494606 0.0504629 3 45 0
