80 0.285714 0.285714 2 1 0
80.04 0.285714 0.285714 1 1 0
80.08 0.285714 0.285714 1 1 0
80.16 0.285714 0.285714 1 1 0
80.32 0.285714 0.285714 1 1 0
80.64 0.285714 0.285714 1 1 0
81.14 0.285714 0.285714 1 1 0
81.64 0.285714 0.285714 1 1 0
82.14 0.285714 0.285714 1 1 0
82.64 0.285714 0.285714 1 1 0
83.14 0.285714 0.285714 1 1 0
83.64 0.285714 0.285714 1 1 0
84.14 0.285714 0.285714 1 1 0
84.64 0.285714 0.285714 1 1 0
85.14 0.285714 0.285714 1 1 0
85.64 0.285714 0.285714 1 1 0
86.14 0.285714 0.285714 1 1 0
86.64 0.285714 0.285714 1 1 0
87.14 0.285714 0.285714 1 1 0
87.64 0.285714 0.285714 1 1 0
88.14 0.285714 0.285714 1 1 0
88.64 0.285714 0.285714 1 1 0
89.14 0.285714 0.285714 1 1 0
89.64 0.285714 0.285714 1 1 0
90.14 0.285714 0.285714 1 1 0
90.64 0.285714 0.285714 1 1 0
91.14 0.285714 0.285714 1 1 0
91.64 0.285714 0.285714 1 1 0
92.14 0.285714 0.285714 1 1 0
92.64 0.285714 0.285714 1 1 0
93.14 0.285714 0.285714 1 1 0
93.64 0.285714 0.285714 1 1 0
94.14 0.285714 0.285714 1 1 0
94.64 0.285714 0.285714 1 1 0
95.14 0.285714 0.285714 1 1 0
95.64 0.285714 0.285714 1 1 0
96.14 0.285714 0.285714 1 1 0
96.64 0.285714 0.285714 1 1 0
97.14 0.285714 0.285714 1 1 0
97.64 0.285714 0.285714 1 1 0
98.14 0.285714 0.285714 1 1 0
98.64 0.285714 0.285714 1 1 0
99.14 0.285714 0.285714 1 1 0
99.64 0.285714 0.285714 1 1 0
100.14 0.285714 0.285714 1 1 0
100.64 0.285714 0.285714 1 1 0
101.14 0.285714 0.285714 1 1 0
101.64 0.285714 0.285714 1 1 0
102.14 0.285714 0.285714 1 1 0
102.64 0.285714 0.285714 1 1 0
103.14 0.285714 0.285714 1 1 0
103.64 0.285714 0.285714 1 1 0
104.14 0.285714 0.285714 1 1 0
104.64 0.285714 0.285714 1 1 0
105.14 0.285714 0.285714 1 1 0
105.64 0.285714 0.285714 1 1 0
106.14 0.285714 0.285714 1 1 0
106.64 0.285714 0.285714 1 1 0
107.14 0.285714 0.285714 1 1 0
107.64 0.285714 0.285714 1 1 0
108.14 0.285714 0.285714 1 1 0
108.64 0.285714 0.285714 1 1 0
109.14 0.285714 0.285714 1 1 0
109.64 0.285714 0.285714 1 1 0
110.14 0.285714 0.285714 1 1 0
110.64 0.285714 0.285714 1 1 0
111.14 0.285714 0.285714 1 1 0
111.64 0.285714 0.285714 1 1 0
112.14 0.285714 0.285714 1 1 0
112.64 0.285714 0.285714 1 1 0
113.14 0.285714 0.285714 1 1 0
113.64 0.285714 0.285714 1 1 0
114.14 0.285714 0.285714 1 1 0
114.64 0.285714 0.285714 1 1 0
115.14 0.285714 0.285714 1 1 0
115.64 0.285714 0.285714 1 1 0
116.14 0.285714 0.285714 1 1 0
116.64 0.285714 0.285714 1 1 0
117.14 0.285714 0.285714 1 1 0
117.64 0.285714 0.285714 1 1 0
118.14 0.285714 0.285714 1 1 0
118.64 0.285714 0.285714 1 1 0
119.14 0.285714 0.285714 1 1 0
119.64 0.285714 0.285714 1 1 0
120.14 0.285714 0.285714 1 1 0
120.64 0.285714 0.285714 1 1 0
121.14 0.285714 0.285714 1 1 0
121.64 0.285714 0.285714 1 1 0
122.14 0.285714 0.285714 1 1 0
122.64 0.285714 0.285714 1 1 0
123.14 0.285714 0.285714 1 1 0
123.64 0.285714 0.285714 1 1 0
124.14 0.285714 0.285714 1 1 0
124.64 0.285714 0.285714 1 1 0
125.14 0.285714 0.285714 1 1 0
125.64 0.285714 0.285714 1 1 0
126.14 0.285714 0.285714 1 1 0
126.64 0.285714 0.285714 1 1 0
127.14 0.285714 0.285714 1 1 0
127.64 0.285714 0.285714 1 1 0
128.14 0.285714 0.285714 1 1 0
128.64 0.285714 0.285714 1 1 0
129.14 0.285714 0.285714 1 1 0
129.64 0.285714 0.285714 1 1 0
130.14 0.285714 0.285714 1 1 0
130.64 0.285714 0.285714 1 1 0
131.14 0.285714 0.285714 1 1 0
131.64 0.285714 0.285714 1 1 0
132.14 0.285714 0.285714 1 1 0
132.64 0.285714 0.285714 1 1 0
133.14 0.285714 0.285714 1 1 0
133.64 0.285714 0.285714 1 1 0
134.14 0.285714 0.285714 1 1 0
134.64 0.285714 0.285714 1 1 0
135.14 0.285714 0.285714 1 1 0
135.64 0.285714 0.285714 1 1 0
136.14 0.285714 0.285714 1 1 0
136.64 0.285714 0.285714 1 1 0
137.14 0.285714 0.285714 1 1 0
137.64 0.285714 0.285714 1 1 0
138.14 0.285714 0.285714 1 1 0
138.64 0.285714 0.285714 1 1 0
139.14 0.285714 0.285714 1 1 0
139.64 0.285714 0.285714 1 1 0
140.14 0.285714 0.285714 1 1 0
140.64 0.285714 0.285714 1 1 0
141.14 0.285714 0.285714 1 1 0
141.64 0.285714 0.285714 1 1 0
142.14 0.285714 0.285714 1 1 0
142.64 0.285714 0.285714 1 1 0
143.14 0.285714 0.285714 1 1 0
143.64 0.285714 0.285714 1 1 0
144.14 0.285714 0.285714 1 1 0
144.64 0.285714 0.285714 1 1 0
145.14 0.285714 0.285714 1 1 0
145.64 0.285714 0.285714 1 1 0
146.14 0.285714 0.285714 1 1 0
146.64 0.285714 0.285714 1 1 0
147.14 0.285714 0.285714 1 1 0
147.64 0.285714 0.285714 1 1 0
148.14 0.285714 0.285714 1 1 0
148.64 0.285714 0.285714 1 1 0
149.14 0.285714 0.285714 1 1 0
149.64 0.285714 0.285714 1 1 0
150.14 0.285714 0.285714 1 1 0
150.64 0.285714 0.285714 1 1 0
151.14 0.285714 0.285714 1 1 0
151.64 0.285714 0.285714 1 1 0
152.14 0.285714 0.285714 1 1 0
152.64 0.285714 0.285714 1 1 0
153.14 0.285714 0.285714 1 1 0
153.64 0.285714 0.285714 1 1 0
154.14 0.285714 0.285714 1 1 0
154.64 0.285714 0.285714 1 1 0
155.14 0.285714 0.285714 1 1 0
155.64 0.285714 0.285714 1 1 0
156.14 0.285714 0.285714 1 1 0
156.64 0.285714 0.285714 1 1 0
157.14 0.285714 0.285714 1 1 0
157.64 0.285714 0.285714 1 1 0
158.14 0.285714 0.285714 1 1 0
158.64 0.285714 0.285714 1 1 0
159.14 0.285714 0.285714 1 1 0
159.64 0.285714 0.285714 1 1 0
160.14 0.285714 0.285714 1 1 0
160.64 0.285714 0.285714 1 1 0
161.14 0.285714 0.285714 1 1 0
161.64 0.285714 0.285714 1 1 0
162.14 0.285714 0.285714 1 1 0
162.64 0.285714 0.285714 1 1 0
163.14 0.285714 0.285714 1 1 0
163.64 0.285714 0.285714 1 1 0
164.14 0.285714 0.285714 1 1 0
164.64 0.285714 0.285714 1 1 0
165.14 0.285714 0.285714 1 1 0
165.64 0.285714 0.285714 1 1 0
166.14 0.285714 0.285714 1 1 0
166.64 0.285714 0.285714 1 1 0
167.14 0.285714 0.285714 1 1 0
167.64 0.285714 0.285714 1 1 0
168.14 0.285714 0.285714 1 1 0
168.64 0.285714 0.285714 1 1 0
169.14 0.285714 0.285714 1 1 0
169.64 0.285714 0.285714 1 1 0
170.14 0.285714 0.285714 1 1 0
170.64 0.285714 0.285714 1 1 0
171.14 0.285714 0.285714 1 1 0
171.64 0.285714 0.285714 1 1 0
172.14 0.285714 0.285714 1 1 0
172.64 0.285714 0.285714 1 1 0
173.14 0.285714 0.285714 1 1 0
173.64 0.285714 0.285714 1 1 0
174.14 0.285714 0.285714 1 1 0
174.64 0.285714 0.285714 1 1 0
175.14 0.285714 0.285714 1 1 0
175.64 0.285714 0.285714 1 1 0
176.14 0.285714 0.285714 1 1 0
176.64 0.285714 0.285714 1 1 0
177.14 0.285714 0.285714 1 1 0
177.64 0.285714 0.285714 1 1 0
177.64 0.285714 0.285714 2 1 0
177.68 0.285714 0.285714 1 1 0
177.72 0.285714 0.285714 1 1 0
177.8 0.285714 0.285714 1 1 0
177.96 0.285714 0.285714 1 1 0
178.28 0.285714 0.285714 1 1 0
178.78 0.285714 0.285714 1 1 0
179.28 0.285714 0.285714 1 1 0
179.78 0.285714 0.285714 1 1 0
180.28 0.285714 0.285714 1 1 0
180.78 0.285714 0.285714 1 1 0
181.28 0.285714 0.285714 1 1 0
181.78 0.285714 0.285714 1 1 0
182.28 0.285714 0.285714 1 1 0
182.78 0.285714 0.285714 1 1 0
183.28 0.285714 0.285714 1 1 0
183.78 0.285714 0.285714 1 1 0
184.28 0.285714 0.285714 1 1 0
184.78 0.285714 0.285714 1 1 0
185.28 0.285714 0.285714 1 1 0
185.78 0.285714 0.285714 1 1 0
186.28 0.285714 0.285714 1 1 0
186.78 0.285714 0.285714 1 1 0
187.28 0.285714 0.285714 1 1 0
187.78 0.285714 0.285714 1 1 0
188.28 0.285714 0.285714 1 1 0
188.78 0.285714 0.285714 1 1 0
189.28 0.285714 0.285714 1 1 0
189.78 0.285714 0.285714 1 1 0
190.28 0.285714 0.285714 1 1 0
190.78 0.285714 0.285714 1 1 0
191.28 0.285714 0.285714 1 1 0
191.78 0.285714 0.285714 1 1 0
192.28 0.285714 0.285714 1 1 0
192.78 0.285714 0.285714 1 1 0
193.28 0.285714 0.285714 1 1 0
193.78 0.285714 0.285714 1 1 0
194.28 0.285714 0.285714 1 1 0
194.78 0.285714 0.285714 1 1 0
195.28 0.285714 0.285714 1 1 0
195.78 0.285714 0.285714 1 1 0
196.28 0.285714 0.285714 1 1 0
196.78 0.285714 0.285714 1 1 0
197.28 0.285714 0.285714 1 1 0
197.78 0.285714 0.285714 1 1 0
198.28 0.285714 0.285714 1 1 0
198.78 0.285714 0.285714 1 1 0
199.28 0.285714 0.285714 1 1 0
199.78 0.285714 0.285714 1 1 0
200.28 0.285714 0.285714 1 1 0
200.78 0.285714 0.285714 1 1 0
201.28 0.285714 0.285714 1 1 0
201.78 0.285714 0.285714 1 1 0
202.28 0.285714 0.285714 1 1 0
202.78 0.285714 0.285714 1 1 0
203.28 0.285714 0.285714 1 1 0
203.78 0.285714 0.285714 1 1 0
204.28 0.285714 0.285714 1 1 0
204.78 0.285714 0.285714 1 1 0
205.28 0.285714 0.285714 1 1 0
205.78 0.285714 0.285714 1 1 0
206.28 0.285714 0.285714 1 1 0
206.78 0.285714 0.285714 1 1 0
207.28 0.285714 0.285714 1 1 0
207.78 0.285714 0.285714 1 1 0
208.28 0.285714 0.285714 1 1 0
208.78 0.285714 0.285714 1 1 0
209.28 0.285714 0.285714 1 1 0
209.78 0.285714 0.285714 1 1 0
210.28 0.285714 0.285714 1 1 0
210.78 0.285714 0.285714 1 1 0
211.28 0.285714 0.285714 1 1 0
211.78 0.285714 0.285714 1 1 0
212.28 0.285714 0.285714 1 1 0
212.78 0.285714 0.285714 1 1 0
213.28 0.285714 0.285714 1 1 0
213.78 0.285714 0.285714 1 1 0
214.28 0.285714 0.285714 1 1 0
214.78 0.285714 0.285714 1 1 0
215.28 0.285714 0.285714 1 1 0
215.78 0.285714 0.285714 1 1 0
216.28 0.285714 0.285714 1 1 0
216.78 0.285714 0.285714 1 1 0
217.28 0.285714 0.285714 1 1 0
217.78 0.285714 0.285714 1 1 0
218.28 0.285714 0.285714 1 1 0
218.78 0.285714 0.285714 1 1 0
219.28 0.285714 0.285714 1 1 0
219.78 0.285714 0.285714 1 1 0
220.28 0.285714 0.285714 1 1 0
220.78 0.285714 0.285714 1 1 0
221.28 0.285714 0.285714 1 1 0
221.78 0.285714 0.285714 1 1 0
222.28 0.285714 0.285714 1 1 0
222.78 0.285714 0.285714 1 1 0
223.28 0.285714 0.285714 1 1 0
223.78 0.285714 0.285714 1 1 0
224.28 0.285714 0.285714 1 1 0
224.78 0.285714 0.285714 1 1 0
225.28 0.285714 0.285714 1 1 0
225.78 0.285714 0.285714 1 1 0
226.28 0.285714 0.285714 1 1 0
226.78 0.285714 0.285714 1 1 0
227.28 0.285714 0.285714 1 1 0
227.78 0.285714 0.285714 1 1 0
228.28 0.285714 0.285714 1 1 0
228.78 0.285714 0.285714 1 1 0
229.28 0.285714 0.285714 1 1 0
229.78 0.285714 0.285714 1 1 0
230.28 0.285714 0.285714 1 1 0
230.78 0.285714 0.285714 1 1 0
231.28 0.285714 0.285714 1 1 0
231.78 0.285714 0.285714 1 1 0
232.28 0.285714 0.285714 1 1 0
232.78 0.285714 0.285714 1 1 0
233.28 0.285714 0.285714 1 1 0
233.78 0.285714 0.285714 1 1 0
234.28 0.285714 0.285714 1 1 0
234.78 0.285714 0.285714 1 1 0
235.28 0.285714 0.285714 1 1 0
235.78 0.285714 0.285714 1 1 0
236.28 0.285714 0.285714 1 1 0
236.78 0.285714 0.285714 1 1 0
237.28 0.285714 0.285714 1 1 0
237.78 0.285714 0.285714 1 1 0
238.28 0.285714 0.285714 1 1 0
238.78 0.285714 0.285714 1 1 0
239.28 0.285714 0.285714 1 1 0
239.78 0.285714 0.285714 1 1 0
240.28 0.285714 0.285714 1 1 0
240.78 0.285714 0.285714 1 1 0
241.28 0.285714 0.285714 1 1 0
241.78 0.285714 0.285714 1 1 0
242.28 0.285714 0.285714 1 1 0
242.78 0.285714 0.285714 1 1 0
243.28 0.285714 0.285714 1 1 0
243.78 0.285714 0.285714 1 1 0
244.28 0.285714 0.285714 1 1 0
244.78 0.285714 0.285714 1 1 0
245.28 0.285714 0.285714 1 1 0
245.78 0.285714 0.285714 1 1 0
246.28 0.285714 0.285714 1 1 0
246.78 0.285714 0.285714 1 1 0
247.28 0.285714 0.285714 1 1 0
247.78 0.285714 0.285714 1 1 0
248.28 0.285714 0.285714 1 1 0
248.78 0.285714 0.285714 1 1 0
249.28 0.285714 0.285714 1 1 0
249.78 0.285714 0.285714 1 1 0
250.28 0.285714 0.285714 1 1 0
250.78 0.285714 0.285714 1 1 0
251.28 0.285714 0.285714 1 1 0
251.78 0.285714 0.285714 1 1 0
252.28 0.285714 0.285714 1 1 0
252.78 0.285714 0.285714 1 1 0
253.28 0.285714 0.285714 1 1 0
253.78 0.285714 0.285714 1 1 0
254.28 0.285714 0.285714 1 1 0
254.78 0.285714 0.285714 1 1 0
255.28 0.285714 0.285714 1 1 0
255.78 0.285714 0.285714 1 1 0
256.28 0.285714 0.285714 1 1 0
256.78 0.285714 0.285714 1 1 0
257.28 0.285714 0.285714 1 1 0
257.78 0.285714 0.285714 1 1 0
258.28 0.285714 0.285714 1 1 0
258.78 0.285714 0.285714 1 1 0
259.28 0.285714 0.285714 1 1 0
259.78 0.285714 0.285714 1 1 0
260.28 0.285714 0.285714 1 1 0
260.78 0.285714 0.285714 1 1 0
261.28 0.285714 0.285714 1 1 0
261.78 0.285714 0.285714 1 1 0
262.28 0.285714 0.285714 1 1 0
262.78 0.285714 0.285714 1 1 0
263.28 0.285714 0.285714 1 1 0
263.78 0.285714 0.285714 1 1 0
264.28 0.285714 0.285714 1 1 0
264.78 0.285714 0.285714 1 1 0
265.28 0.285714 0.285714 1 1 0
265.78 0.285714 0.285714 1 1 0
266.28 0.285714 0.285714 1 1 0
266.78 0.285714 0.285714 1 1 0
267.28 0.285714 0.285714 1 1 0
267.78 0.285714 0.285714 1 1 0
268.28 0.285714 0.285714 1 1 0
268.78 0.285714 0.285714 1 1 0
269.28 0.285714 0.285714 1 1 0
269.78 0.285714 0.285714 1 1 0
270.28 0.285714 0.285714 1 1 0
270.78 0.285714 0.285714 1 1 0
271.28 0.285714 0.285714 1 1 0
271.78 0.285714 0.285714 1 1 0
272.28 0.285714 0.285714 1 1 0
272.78 0.285714 0.285714 1 1 0
273.28 0.285714 0.285714 1 1 0
273.78 0.285714 0.285714 1 1 0
274.28 0.285714 0.285714 1 1 0
274.78 0.285714 0.285714 1 1 0
275.28 0.285714 0.285714 1 1 0
275.28 0.285714 0.285714 2 1 0
275.32 0.285714 0.285714 1 1 0
275.36 0.285714 0.285714 1 1 0
275.44 0.285714 0.285714 1 1 0
275.6 0.285714 0.285714 1 1 0
275.92 0.285714 0.285714 1 1 0
276.42 0.285714 0.285714 1 1 0
276.92 0.285714 0.285714 1 1 0
277.42 0.285714 0.285714 1 1 0
277.92 0.285714 0.285714 1 1 0
278.42 0.285714 0.285714 1 1 0
278.92 0.285714 0.285714 1 1 0
279.42 0.285714 0.285714 1 1 0
279.92 0.285714 0.285714 1 1 0
280.42 0.285714 0.285714 1 1 0
280.92 0.285714 0.285714 1 1 0
281.42 0.285714 0.285714 1 1 0
281.92 0.285714 0.285714 1 1 0
282.42 0.285714 0.285714 1 1 0
282.92 0.285714 0.285714 1 1 0
283.42 0.285714 0.285714 1 1 0
283.92 0.285714 0.285714 1 1 0
284.42 0.285714 0.285714 1 1 0
284.92 0.285714 0.285714 1 1 0
285.42 0.285714 0.285714 1 1 0
285.92 0.285714 0.285714 1 1 0
286.42 0.285714 0.285714 1 1 0
286.92 0.285714 0.285714 1 1 0
287.42 0.285714 0.285714 1 1 0
287.92 0.285714 0.285714 1 1 0
288.42 0.285714 0.285714 1 1 0
288.92 0.285714 0.285714 1 1 0
289.42 0.285714 0.285714 1 1 0
289.92 0.285714 0.285714 1 1 0
290.42 0.285714 0.285714 1 1 0
290.92 0.285714 0.285714 1 1 0
291.42 0.285714 0.285714 1 1 0
291.92 0.285714 0.285714 1 1 0
292.42 0.285714 0.285714 1 1 0
292.92 0.285714 0.285714 1 1 0
293.42 0.285714 0.285714 1 1 0
293.92 0.285714 0.285714 1 1 0
294.42 0.285714 0.285714 1 1 0
294.92 0.285714 0.285714 1 1 0
295.42 0.285714 0.285714 1 1 0
295.92 0.285714 0.285714 1 1 0
296.42 0.285714 0.285714 1 1 0
296.92 0.285714 0.285714 1 1 0
297.42 0.285714 0.285714 1 1 0
297.92 0.285714 0.285714 1 1 0
298.42 0.285714 0.285714 1 1 0
298.92 0.285714 0.285714 1 1 0
299.42 0.285714 0.285714 1 1 0
299.92 0.285714 0.285714 1 1 0
300.42 0.285714 0.285714 1 1 0
300.92 0.285714 0.285714 1 1 0
301.42 0.285714 0.285714 1 1 0
301.92 0.285714 0.285714 1 1 0
302.42 0.285714 0.285714 1 1 0
302.92 0.285714 0.285714 1 1 0
303.42 0.285714 0.285714 1 1 0
303.92 0.285714 0.285714 1 1 0
304.42 0.285714 0.285714 1 1 0
304.92 0.285714 0.285714 1 1 0
305.42 0.285714 0.285714 1 1 0
305.92 0.285714 0.285714 1 1 0
306.42 0.285714 0.285714 1 1 0
306.92 0.285714 0.285714 1 1 0
307.42 0.285714 0.285714 1 1 0
307.92 0.285714 0.285714 1 1 0
308.42 0.285714 0.285714 1 1 0
308.92 0.285714 0.285714 1 1 0
309.42 0.285714 0.285714 1 1 0
309.92 0.285714 0.285714 1 1 0
310.42 0.285714 0.285714 1 1 0
310.92 0.285714 0.285714 1 1 0
311.42 0.285714 0.285714 1 1 0
311.92 0.285714 0.285714 1 1 0
312.42 0.285714 0.285714 1 1 0
312.92 0.285714 0.285714 1 1 0
313.42 0.285714 0.285714 1 1 0
313.92 0.285714 0.285714 1 1 0
314.42 0.285714 0.285714 1 1 0
314.92 0.285714 0.285714 1 1 0
315.42 0.285714 0.285714 1 1 0
315.92 0.285714 0.285714 1 1 0
316.42 0.285714 0.285714 1 1 0
316.92 0.285714 0.285714 1 1 0
317.42 0.285714 0.285714 1 1 0
317.92 0.285714 0.285714 1 1 0
318.42 0.285714 0.285714 1 1 0
318.92 0.285714 0.285714 1 1 0
319.42 0.285714 0.285714 1 1 0
319.92 0.285714 0.285714 1 1 0
320.42 0.285714 0.285714 1 1 0
320.92 0.285714 0.285714 1 1 0
321.42 0.285714 0.285714 1 1 0
321.92 0.285714 0.285714 1 1 0
322.42 0.285714 0.285714 1 1 0
322.92 0.285714 0.285714 1 1 0
323.42 0.285714 0.285714 1 1 0
323.92 0.285714 0.285714 1 1 0
324.42 0.285714 0.285714 1 1 0
324.92 0.285714 0.285714 1 1 0
325.42 0.285714 0.285714 1 1 0
325.92 0.285714 0.285714 1 1 0
326.42 0.285714 0.285714 1 1 0
326.92 0.285714 0.285714 1 1 0
327.42 0.285714 0.285714 1 1 0
327.92 0.285714 0.285714 1 1 0
328.42 0.285714 0.285714 1 1 0
328.92 0.285714 0.285714 1 1 0
329.42 0.285714 0.285714 1 1 0
329.92 0.285714 0.285714 1 1 0
330.42 0.285714 0.285714 1 1 0
330.92 0.285714 0.285714 1 1 0
331.42 0.285714 0.285714 1 1 0
331.92 0.285714 0.285714 1 1 0
332.42 0.285714 0.285714 1 1 0
332.92 0.285714 0.285714 1 1 0
333.42 0.285714 0.285714 1 1 0
333.92 0.285714 0.285714 1 1 0
334.42 0.285714 0.285714 1 1 0
334.92 0.285714 0.285714 1 1 0
335.42 0.285714 0.285714 1 1 0
335.92 0.285714 0.285714 1 1 0
336.42 0.285714 0.285714 1 1 0
336.92 0.285714 0.285714 1 1 0
337.42 0.285714 0.285714 1 1 0
337.92 0.285714 0.285714 1 1 0
338.42 0.285714 0.285714 1 1 0
338.92 0.285714 0.285714 1 1 0
339.42 0.285714 0.285714 1 1 0
339.92 0.285714 0.285714 1 1 0
340.42 0.285714 0.285714 1 1 0
340.92 0.285714 0.285714 1 1 0
341.42 0.285714 0.285714 1 1 0
341.92 0.285714 0.285714 1 1 0
342.42 0.285714 0.285714 1 1 0
342.92 0.285714 0.285714 1 1 0
343.42 0.285714 0.285714 1 1 0
343.92 0.285714 0.285714 1 1 0
344.42 0.285714 0.285714 1 1 0
344.92 0.285714 0.285714 1 1 0
345.42 0.285714 0.285714 1 1 0
345.92 0.285714 0.285714 1 1 0
346.42 0.285714 0.285714 1 1 0
346.92 0.285714 0.285714 1 1 0
347.42 0.285714 0.285714 1 1 0
347.92 0.285714 0.285714 1 1 0
348.42 0.285714 0.285714 1 1 0
348.92 0.285714 0.285714 1 1 0
349.42 0.285714 0.285714 1 1 0
349.92 0.285714 0.285714 1 1 0
350.42 0.285714 0.285714 1 1 0
350.92 0.285714 0.285714 1 1 0
351.42 0.285714 0.285714 1 1 0
351.92 0.285714 0.285714 1 1 0
352.42 0.285714 0.285714 1 1 0
352.92 0.285714 0.285714 1 1 0
353.42 0.285714 0.285714 1 1 0
353.92 0.285714 0.285714 1 1 0
354.42 0.285714 0.285714 1 1 0
354.92 0.285714 0.285714 1 1 0
355.42 0.285714 0.285714 1 1 0
355.92 0.285714 0.285714 1 1 0
356.42 0.285714 0.285714 1 1 0
356.92 0.285714 0.285714 1 1 0
357.42 0.285714 0.285714 1 1 0
357.92 0.285714 0.285714 1 1 0
358.42 0.285714 0.285714 1 1 0
358.92 0.285714 0.285714 1 1 0
359.42 0.285714 0.285714 1 1 0
359.92 0.285714 0.285714 1 1 0
360.42 0.285714 0.285714 1 1 0
360.92 0.285714 0.285714 1 1 0
361.42 0.285714 0.285714 1 1 0
361.92 0.285714 0.285714 1 1 0
362.42 0.285714 0.285714 1 1 0
362.92 0.285714 0.285714 1 1 0
363.42 0.285714 0.285714 1 1 0
363.92 0.285714 0.285714 1 1 0
364.42 0.285714 0.285714 1 1 0
364.92 0.285714 0.285714 1 1 0
365.42 0.285714 0.285714 1 1 0
365.92 0.285714 0.285714 1 1 0
366.42 0.285714 0.285714 1 1 0
366.92 0.285714 0.285714 1 1 0
367.42 0.285714 0.285714 1 1 0
367.92 0.285714 0.285714 1 1 0
368.42 0.285714 0.285714 1 1 0
368.92 0.285714 0.285714 1 1 0
369.42 0.285714 0.285714 1 1 0
369.92 0.285714 0.285714 1 1 0
370.42 0.285714 0.285714 1 1 0
370.92 0.285714 0.285714 1 1 0
371.42 0.285714 0.285714 1 1 0
371.92 0.285714 0.285714 1 1 0
372.42 0.285714 0.285714 1 1 0
372.92 0.285714 0.285714 1 1 0
372.92 0.285714 0.285714 2 1 0
372.96 0.285714 0.285714 1 1 0
373 0.285714 0.285714 1 1 0
373.08 0.285714 0.285714 1 1 0
373.24 0.285714 0.285714 1 1 0
373.56 0.285714 0.285714 1 1 0
374.06 0.285714 0.285714 1 1 0
374.56 0.285714 0.285714 1 1 0
375.06 0.285714 0.285714 1 1 0
375.56 0.285714 0.285714 1 1 0
376.06 0.285714 0.285714 1 1 0
376.56 0.285714 0.285714 1 1 0
377.06 0.285714 0.285714 1 1 0
377.56 0.285714 0.285714 1 1 0
378.06 0.285714 0.285714 1 1 0
378.56 0.285714 0.285714 1 1 0
379.06 0.285714 0.285714 1 1 0
379.56 0.285714 0.285714 1 1 0
380.06 0.285714 0.285714 1 1 0
380.56 0.285714 0.285714 1 1 0
381.06 0.285714 0.285714 1 1 0
381.56 0.285714 0.285714 1 1 0
382.06 0.285714 0.285714 1 1 0
382.56 0.285714 0.285714 1 1 0
383.06 0.285714 0.285714 1 1 0
383.56 0.285714 0.285714 1 1 0
384.06 0.285714 0.285714 1 1 0
384.56 0.285714 0.285714 1 1 0
385.06 0.285714 0.285714 1 1 0
385.56 0.285714 0.285714 1 1 0
386.06 0.285714 0.285714 1 1 0
386.56 0.285714 0.285714 1 1 0
387.06 0.285714 0.285714 1 1 0
387.56 0.285714 0.285714 1 1 0
388.06 0.285714 0.285714 1 1 0
388.56 0.285714 0.285714 1 1 0
389.06 0.285714 0.285714 1 1 0
389.56 0.285714 0.285714 1 1 0
390.06 0.285714 0.285714 1 1 0
390.56 0.285714 0.285714 1 1 0
391.06 0.285714 0.285714 1 1 0
391.56 0.285714 0.285714 1 1 0
392.06 0.285714 0.285714 1 1 0
392.56 0.285714 0.285714 1 1 0
393.06 0.285714 0.285714 1 1 0
393.56 0.285714 0.285714 1 1 0
394.06 0.285714 0.285714 1 1 0
394.56 0.285714 0.285714 1 1 0
395.06 0.285714 0.285714 1 1 0
395.56 0.285714 0.285714 1 1 0
396.06 0.285714 0.285714 1 1 0
396.56 0.285714 0.285714 1 1 0
397.06 0.285714 0.285714 1 1 0
397.56 0.285714 0.285714 1 1 0
398.06 0.285714 0.285714 1 1 0
398.56 0.285714 0.285714 1 1 0
399.06 0.285714 0.285714 1 1 0
399.56 0.285714 0.285714 1 1 0
400.06 0.285714 0.285714 1 1 0
400.56 0.285714 0.285714 1 1 0
401.06 0.285714 0.285714 1 1 0
401.56 0.285714 0.285714 1 1 0
402.06 0.285714 0.285714 1 1 0
402.56 0.285714 0.285714 1 1 0
403.06 0.285714 0.285714 1 1 0
403.56 0.285714 0.285714 1 1 0
404.06 0.285714 0.285714 1 1 0
404.56 0.285714 0.285714 1 1 0
405.06 0.285714 0.285714 1 1 0
405.56 0.285714 0.285714 1 1 0
406.06 0.285714 0.285714 1 1 0
406.56 0.285714 0.285714 1 1 0
407.06 0.285714 0.285714 1 1 0
407.56 0.285714 0.285714 1 1 0
408.06 0.285714 0.285714 1 1 0
408.56 0.285714 0.285714 1 1 0
409.06 0.285714 0.285714 1 1 0
409.56 0.285714 0.285714 1 1 0
410.06 0.285714 0.285714 1 1 0
410.56 0.285714 0.285714 1 1 0
411.06 0.285714 0.285714 1 1 0
411.56 0.285714 0.285714 1 1 0
412.06 0.285714 0.285714 1 1 0
412.56 0.285714 0.285714 1 1 0
413.06 0.285714 0.285714 1 1 0
413.56 0.285714 0.285714 1 1 0
414.06 0.285714 0.285714 1 1 0
414.56 0.285714 0.285714 1 1 0
415.06 0.285714 0.285714 1 1 0
415.56 0.285714 0.285714 1 1 0
416.06 0.285714 0.285714 1 1 0
416.56 0.285714 0.285714 1 1 0
417.06 0.285714 0.285714 1 1 0
417.56 0.285714 0.285714 1 1 0
418.06 0.285714 0.285714 1 1 0
418.56 0.285714 0.285714 1 1 0
419.06 0.285714 0.285714 1 1 0
419.56 0.285714 0.285714 1 1 0
420.06 0.285714 0.285714 1 1 0
420.56 0.285714 0.285714 1 1 0
421.06 0.285714 0.285714 1 1 0
421.56 0.285714 0.285714 1 1 0
422.06 0.285714 0.285714 1 1 0
422.56 0.285714 0.285714 1 1 0
423.06 0.285714 0.285714 1 1 0
423.56 0.285714 0.285714 1 1 0
424.06 0.285714 0.285714 1 1 0
424.56 0.285714 0.285714 1 1 0
425.06 0.285714 0.285714 1 1 0
425.56 0.285714 0.285714 1 1 0
426.06 0.285714 0.285714 1 1 0
426.56 0.285714 0.285714 1 1 0
427.06 0.285714 0.285714 1 1 0
427.56 0.285714 0.285714 1 1 0
428.06 0.285714 0.285714 1 1 0
428.56 0.285714 0.285714 1 1 0
429.06 0.285714 0.285714 1 1 0
429.56 0.285714 0.285714 1 1 0
430.06 0.285714 0.285714 1 1 0
430.56 0.285714 0.285714 1 1 0
431.06 0.285714 0.285714 1 1 0
431.56 0.285714 0.285714 1 1 0
432.06 0.285714 0.285714 1 1 0
432.56 0.285714 0.285714 1 1 0
433.06 0.285714 0.285714 1 1 0
433.56 0.285714 0.285714 1 1 0
434.06 0.285714 0.285714 1 1 0
434.56 0.285714 0.285714 1 1 0
435.06 0.285714 0.285714 1 1 0
435.56 0.285714 0.285714 1 1 0
436.06 0.285714 0.285714 1 1 0
436.56 0.285714 0.285714 1 1 0
437.06 0.285714 0.285714 1 1 0
437.56 0.285714 0.285714 1 1 0
438.06 0.285714 0.285714 1 1 0
438.56 0.285714 0.285714 1 1 0
439.06 0.285714 0.285714 1 1 0
439.56 0.285714 0.285714 1 1 0
440.06 0.285714 0.285714 1 1 0
440.56 0.285714 0.285714 1 1 0
441.06 0.285714 0.285714 1 1 0
441.56 0.285714 0.285714 1 1 0
442.06 0.285714 0.285714 1 1 0
442.56 0.285714 0.285714 1 1 0
443.06 0.285714 0.285714 1 1 0
443.56 0.285714 0.285714 1 1 0
444.06 0.285714 0.285714 1 1 0
444.56 0.285714 0.285714 1 1 0
445.06 0.285714 0.285714 1 1 0
445.56 0.285714 0.285714 1 1 0
446.06 0.285714 0.285714 1 1 0
446.56 0.285714 0.285714 1 1 0
447.06 0.285714 0.285714 1 1 0
447.56 0.285714 0.285714 1 1 0
448.06 0.285714 0.285714 1 1 0
448.56 0.285714 0.285714 1 1 0
449.06 0.285714 0.285714 1 1 0
449.56 0.285714 0.285714 1 1 0
450.06 0.285714 0.285714 1 1 0
450.56 0.285714 0.285714 1 1 0
451.06 0.285714 0.285714 1 1 0
451.56 0.285714 0.285714 1 1 0
452.06 0.285714 0.285714 1 1 0
452.56 0.285714 0.285714 1 1 0
453.06 0.285714 0.285714 1 1 0
453.56 0.285714 0.285714 1 1 0
454.06 0.285714 0.285714 1 1 0
454.56 0.285714 0.285714 1 1 0
455.06 0.285714 0.285714 1 1 0
455.56 0.285714 0.285714 1 1 0
456.06 0.285714 0.285714 1 1 0
456.56 0.285714 0.285714 1 1 0
457.06 0.285714 0.285714 1 1 0
457.56 0.285714 0.285714 1 1 0
458.06 0.285714 0.285714 1 1 0
458.56 0.285714 0.285714 1 1 0
459.06 0.285714 0.285714 1 1 0
459.56 0.285714 0.285714 1 1 0
460.06 0.285714 0.285714 1 1 0
460.56 0.285714 0.285714 1 1 0
461.06 0.285714 0.285714 1 1 0
461.56 0.285714 0.285714 1 1 0
462.06 0.285714 0.285714 1 1 0
462.56 0.285714 0.285714 1 1 0
463.06 0.285714 0.285714 1 1 0
463.56 0.285714 0.285714 1 1 0
464.06 0.285714 0.285714 1 1 0
464.56 0.285714 0.285714 1 1 0
465.06 0.285714 0.285714 1 1 0
465.56 0.285714 0.285714 1 1 0
466.06 0.285714 0.285714 1 1 0
466.56 0.285714 0.285714 1 1 0
467.06 0.285714 0.285714 1 1 0
467.56 0.285714 0.285714 1 1 0
468.06 0.285714 0.285714 1 1 0
468.56 0.285714 0.285714 1 1 0
469.06 0.285714 0.285714 1 1 0
469.56 0.285714 0.285714 1 1 0
470.06 0.285714 0.285714 1 1 0
470.56 0.285714 0.285714 1 1 0
470.56 0.285714 0.285714 2 1 0
470.6 0.285714 0.285714 1 1 0
470.64 0.285714 0.285714 1 1 0
470.72 0.285714 0.285714 1 1 0
470.88 0.285714 0.285714 1 1 0
471.2 0.285714 0.285714 1 1 0
471.7 0.285714 0.285714 1 1 0
472.2 0.285714 0.285714 1 1 0
472.7 0.285714 0.285714 1 1 0
473.2 0.285714 0.285714 1 1 0
473.7 0.285714 0.285714 1 1 0
474.2 0.285714 0.285714 1 1 0
474.7 0.285714 0.285714 1 1 0
475.2 0.285714 0.285714 1 1 0
475.7 0.285714 0.285714 1 1 0
476.2 0.285714 0.285714 1 1 0
476.7 0.285714 0.285714 1 1 0
477.2 0.285714 0.285714 1 1 0
477.7 0.285714 0.285714 1 1 0
478.2 0.285714 0.285714 1 1 0
478.7 0.285714 0.285714 1 1 0
479.2 0.285714 0.285714 1 1 0
479.7 0.285714 0.285714 1 1 0
480.2 0.285714 0.285714 1 1 0
480.7 0.285714 0.285714 1 1 0
481.2 0.285714 0.285714 1 1 0
481.7 0.285714 0.285714 1 1 0
482.2 0.285714 0.285714 1 1 0
482.7 0.285714 0.285714 1 1 0
483.2 0.285714 0.285714 1 1 0
483.7 0.285714 0.285714 1 1 0
484.2 0.285714 0.285714 1 1 0
484.7 0.285714 0.285714 1 1 0
485.2 0.285714 0.285714 1 1 0
485.7 0.285714 0.285714 1 1 0
486.2 0.285714 0.285714 1 1 0
486.7 0.285714 0.285714 1 1 0
487.2 0.285714 0.285714 1 1 0
487.7 0.285714 0.285714 1 1 0
488.2 0.285714 0.285714 1 1 0
488.7 0.285714 0.285714 1 1 0
489.2 0.285714 0.285714 1 1 0
489.7 0.285714 0.285714 1 1 0
490.2 0.285714 0.285714 1 1 0
490.7 0.285714 0.285714 1 1 0
491.2 0.285714 0.285714 1 1 0
491.7 0.285714 0.285714 1 1 0
492.2 0.285714 0.285714 1 1 0
492.7 0.285714 0.285714 1 1 0
493.2 0.285714 0.285714 1 1 0
493.7 0.285714 0.285714 1 1 0
494.2 0.285714 0.285714 1 1 0
494.7 0.285714 0.285714 1 1 0
495.2 0.285714 0.285714 1 1 0
495.7 0.285714 0.285714 1 1 0
496.2 0.285714 0.285714 1 1 0
496.7 0.285714 0.285714 1 1 0
497.2 0.285714 0.285714 1 1 0
497.7 0.285714 0.285714 1 1 0
498.2 0.285714 0.285714 1 1 0
498.7 0.285714 0.285714 1 1 0
499.2 0.285714 0.285714 1 1 0
499.7 0.285714 0.285714 1 1 0
500.2 0.285714 0.285714 1 1 0
500.7 0.285714 0.285714 1 1 0
501.2 0.285714 0.285714 1 1 0
501.7 0.285714 0.285714 1 1 0
502.2 0.285714 0.285714 1 1 0
502.7 0.285714 0.285714 1 1 0
503.2 0.285714 0.285714 1 1 0
503.7 0.285714 0.285714 1 1 0
504.2 0.285714 0.285714 1 1 0
504.7 0.285714 0.285714 1 1 0
505.2 0.285714 0.285714 1 1 0
505.7 0.285714 0.285714 1 1 0
506.2 0.285714 0.285714 1 1 0
506.7 0.285714 0.285714 1 1 0
507.2 0.285714 0.285714 1 1 0
507.7 0.285714 0.285714 1 1 0
508.2 0.285714 0.285714 1 1 0
508.7 0.285714 0.285714 1 1 0
509.2 0.285714 0.285714 1 1 0
509.7 0.285714 0.285714 1 1 0
510.2 0.285714 0.285714 1 1 0
510.7 0.285714 0.285714 1 1 0
511.2 0.285714 0.285714 1 1 0
511.7 0.285714 0.285714 1 1 0
512.2 0.285714 0.285714 1 1 0
512.7 0.285714 0.285714 1 1 0
513.2 0.285714 0.285714 1 1 0
513.7 0.285714 0.285714 1 1 0
514.2 0.285714 0.285714 1 1 0
514.7 0.285714 0.285714 1 1 0
515.2 0.285714 0.285714 1 1 0
515.7 0.285714 0.285714 1 1 0
516.2 0.285714 0.285714 1 1 0
516.7 0.285714 0.285714 1 1 0
517.2 0.285714 0.285714 1 1 0
517.7 0.285714 0.285714 1 1 0
518.2 0.285714 0.285714 1 1 0
518.7 0.285714 0.285714 1 1 0
519.2 0.285714 0.285714 1 1 0
519.7 0.285714 0.285714 1 1 0
520.2 0.285714 0.285714 1 1 0
520.7 0.285714 0.285714 1 1 0
521.2 0.285714 0.285714 1 1 0
521.7 0.285714 0.285714 1 1 0
522.2 0.285714 0.285714 1 1 0
522.7 0.285714 0.285714 1 1 0
523.2 0.285714 0.285714 1 1 0
523.7 0.285714 0.285714 1 1 0
524.2 0.285714 0.285714 1 1 0
524.7 0.285714 0.285714 1 1 0
525.2 0.285714 0.285714 1 1 0
525.7 0.285714 0.285714 1 1 0
526.2 0.285714 0.285714 1 1 0
526.7 0.285714 0.285714 1 1 0
527.2 0.285714 0.285714 1 1 0
527.7 0.285714 0.285714 1 1 0
528.2 0.285714 0.285714 1 1 0
528.7 0.285714 0.285714 1 1 0
529.2 0.285714 0.285714 1 1 0
529.7 0.285714 0.285714 1 1 0
530.2 0.285714 0.285714 1 1 0
530.7 0.285714 0.285714 1 1 0
531.2 0.285714 0.285714 1 1 0
531.7 0.285714 0.285714 1 1 0
532.2 0.285714 0.285714 1 1 0
532.7 0.285714 0.285714 1 1 0
533.2 0.285714 0.285714 1 1 0
533.7 0.285714 0.285714 1 1 0
534.2 0.285714 0.285714 1 1 0
534.7 0.285714 0.285714 1 1 0
535.2 0.285714 0.285714 1 1 0
535.7 0.285714 0.285714 1 1 0
536.2 0.285714 0.285714 1 1 0
536.7 0.285714 0.285714 1 1 0
537.2 0.285714 0.285714 1 1 0
537.7 0.285714 0.285714 1 1 0
538.2 0.285714 0.285714 1 1 0
538.7 0.285714 0.285714 1 1 0
539.2 0.285714 0.285714 1 1 0
539.7 0.285714 0.285714 1 1 0
540.2 0.285714 0.285714 1 1 0
540.7 0.285714 0.285714 1 1 0
541.2 0.285714 0.285714 1 1 0
541.7 0.285714 0.285714 1 1 0
542.2 0.285714 0.285714 1 1 0
542.7 0.285714 0.285714 1 1 0
543.2 0.285714 0.285714 1 1 0
543.7 0.285714 0.285714 1 1 0
544.2 0.285714 0.285714 1 1 0
544.7 0.285714 0.285714 1 1 0
545.2 0.285714 0.285714 1 1 0
545.7 0.285714 0.285714 1 1 0
546.2 0.285714 0.285714 1 1 0
546.7 0.285714 0.285714 1 1 0
547.2 0.285714 0.285714 1 1 0
547.7 0.285714 0.285714 1 1 0
548.2 0.285714 0.285714 1 1 0
548.7 0.285714 0.285714 1 1 0
549.2 0.285714 0.285714 1 1 0
549.7 0.285714 0.285714 1 1 0
550.2 0.285714 0.285714 1 1 0
550.7 0.285714 0.285714 1 1 0
551.2 0.285714 0.285714 1 1 0
551.7 0.285714 0.285714 1 1 0
552.2 0.285714 0.285714 1 1 0
552.7 0.285714 0.285714 1 1 0
553.2 0.285714 0.285714 1 1 0
553.7 0.285714 0.285714 1 1 0
554.2 0.285714 0.285714 1 1 0
554.7 0.285714 0.285714 1 1 0
555.2 0.285714 0.285714 1 1 0
555.7 0.285714 0.285714 1 1 0
556.2 0.285714 0.285714 1 1 0
556.7 0.285714 0.285714 1 1 0
557.2 0.285714 0.285714 1 1 0
557.7 0.285714 0.285714 1 1 0
558.2 0.285714 0.285714 1 1 0
558.7 0.285714 0.285714 1 1 0
559.2 0.285714 0.285714 1 1 0
559.7 0.285714 0.285714 1 1 0
560.2 0.285714 0.285714 1 1 0
560.7 0.285714 0.285714 1 1 0
561.2 0.285714 0.285714 1 1 0
561.7 0.285714 0.285714 1 1 0
562.2 0.285714 0.285714 1 1 0
562.7 0.285714 0.285714 1 1 0
563.2 0.285714 0.285714 1 1 0
563.7 0.285714 0.285714 1 1 0
564.2 0.285714 0.285714 1 1 0
564.7 0.285714 0.285714 1 1 0
565.2 0.285714 0.285714 1 1 0
565.7 0.285714 0.285714 1 1 0
566.2 0.285714 0.285714 1 1 0
566.7 0.285714 0.285714 1 1 0
567.2 0.285714 0.285714 1 1 0
567.7 0.285714 0.285714 1 1 0
568.2 0.285714 0.285714 1 1 0
568.2 0.285714 0.285714 2 1 0
568.24 0.285714 0.285714 1 1 0
568.28 0.285714 0.285714 1 1 0
568.36 0.285714 0.285714 1 1 0
568.52 0.285714 0.285714 1 1 0
568.84 0.285714 0.285714 1 1 0
569.34 0.285714 0.285714 1 1 0
569.84 0.285714 0.285714 1 1 0
570.34 0.285714 0.285714 1 1 0
570.84 0.285714 0.285714 1 1 0
571.34 0.285714 0.285714 1 1 0
571.84 0.285714 0.285714 1 1 0
572.34 0.285714 0.285714 1 1 0
572.84 0.285714 0.285714 1 1 0
573.34 0.285714 0.285714 1 1 0
573.84 0.285714 0.285714 1 1 0
574.34 0.285714 0.285714 1 1 0
574.84 0.285714 0.285714 1 1 0
575.34 0.285714 0.285714 1 1 0
575.84 0.285714 0.285714 1 1 0
576.34 0.285714 0.285714 1 1 0
576.84 0.285714 0.285714 1 1 0
577.34 0.285714 0.285714 1 1 0
577.84 0.285714 0.285714 1 1 0
578.34 0.285714 0.285714 1 1 0
578.84 0.285714 0.285714 1 1 0
579.34 0.285714 0.285714 1 1 0
579.84 0.285714 0.285714 1 1 0
580.34 0.285714 0.285714 1 1 0
580.84 0.285714 0.285714 1 1 0
581.34 0.285714 0.285714 1 1 0
581.84 0.285714 0.285714 1 1 0
582.34 0.285714 0.285714 1 1 0
582.84 0.285714 0.285714 1 1 0
583.34 0.285714 0.285714 1 1 0
583.84 0.285714 0.285714 1 1 0
584.34 0.285714 0.285714 1 1 0
584.84 0.285714 0.285714 1 1 0
585.34 0.285714 0.285714 1 1 0
585.84 0.285714 0.285714 1 1 0
586.34 0.285714 0.285714 1 1 0
586.84 0.285714 0.285714 1 1 0
587.34 0.285714 0.285714 1 1 0
587.84 0.285714 0.285714 1 1 0
588.34 0.285714 0.285714 1 1 0
588.84 0.285714 0.285714 1 1 0
589.34 0.285714 0.285714 1 1 0
589.84 0.285714 0.285714 1 1 0
590.34 0.285714 0.285714 1 1 0
590.84 0.285714 0.285714 1 1 0
591.34 0.285714 0.285714 1 1 0
591.84 0.285714 0.285714 1 1 0
592.34 0.285714 0.285714 1 1 0
592.84 0.285714 0.285714 1 1 0
593.34 0.285714 0.285714 1 1 0
593.84 0.285714 0.285714 1 1 0
594.34 0.285714 0.285714 1 1 0
594.84 0.285714 0.285714 1 1 0
595.34 0.285714 0.285714 1 1 0
595.84 0.285714 0.285714 1 1 0
596.34 0.285714 0.285714 1 1 0
596.84 0.285714 0.285714 1 1 0
597.34 0.285714 0.285714 1 1 0
597.84 0.285714 0.285714 1 1 0
598.34 0.285714 0.285714 1 1 0
598.84 0.285714 0.285714 1 1 0
599.34 0.285714 0.285714 1 1 0
599.84 0.285714 0.285714 1 1 0
600.34 0.285714 0.285714 1 1 0
600.84 0.285714 0.285714 1 1 0
601.34 0.285714 0.285714 1 1 0
601.84 0.285714 0.285714 1 1 0
602.34 0.285714 0.285714 1 1 0
602.84 0.285714 0.285714 1 1 0
603.34 0.285714 0.285714 1 1 0
603.84 0.285714 0.285714 1 1 0
604.34 0.285714 0.285714 1 1 0
604.84 0.285714 0.285714 1 1 0
605.34 0.285714 0.285714 1 1 0
605.84 0.285714 0.285714 1 1 0
606.34 0.285714 0.285714 1 1 0
606.84 0.285714 0.285714 1 1 0
607.34 0.285714 0.285714 1 1 0
607.84 0.285714 0.285714 1 1 0
608.34 0.285714 0.285714 1 1 0
608.84 0.285714 0.285714 1 1 0
609.34 0.285714 0.285714 1 1 0
609.84 0.285714 0.285714 1 1 0
610.34 0.285714 0.285714 1 1 0
610.84 0.285714 0.285714 1 1 0
611.34 0.285714 0.285714 1 1 0
611.84 0.285714 0.285714 1 1 0
612.34 0.285714 0.285714 1 1 0
612.84 0.285714 0.285714 1 1 0
613.34 0.285714 0.285714 1 1 0
613.84 0.285714 0.285714 1 1 0
614.34 0.285714 0.285714 1 1 0
614.84 0.285714 0.285714 1 1 0
615.34 0.285714 0.285714 1 1 0
615.84 0.285714 0.285714 1 1 0
616.34 0.285714 0.285714 1 1 0
616.84 0.285714 0.285714 1 1 0
617.34 0.285714 0.285714 1 1 0
617.84 0.285714 0.285714 1 1 0
618.34 0.285714 0.285714 1 1 0
618.84 0.285714 0.285714 1 1 0
619.34 0.285714 0.285714 1 1 0
619.84 0.285714 0.285714 1 1 0
620.34 0.285714 0.285714 1 1 0
620.84 0.285714 0.285714 1 1 0
621.34 0.285714 0.285714 1 1 0
621.84 0.285714 0.285714 1 1 0
622.34 0.285714 0.285714 1 1 0
622.84 0.285714 0.285714 1 1 0
623.34 0.285714 0.285714 1 1 0
623.84 0.285714 0.285714 1 1 0
624.34 0.285714 0.285714 1 1 0
624.84 0.285714 0.285714 1 1 0
625.34 0.285714 0.285714 1 1 0
625.84 0.285714 0.285714 1 1 0
626.34 0.285714 0.285714 1 1 0
626.84 0.285714 0.285714 1 1 0
627.34 0.285714 0.285714 1 1 0
627.84 0.285714 0.285714 1 1 0
628.34 0.285714 0.285714 1 1 0
628.84 0.285714 0.285714 1 1 0
629.34 0.285714 0.285714 1 1 0
629.84 0.285714 0.285714 1 1 0
630.34 0.285714 0.285714 1 1 0
630.84 0.285714 0.285714 1 1 0
631.34 0.285714 0.285714 1 1 0
631.84 0.285714 0.285714 1 1 0
632.34 0.285714 0.285714 1 1 0
632.84 0.285714 0.285714 1 1 0
633.34 0.285714 0.285714 1 1 0
633.84 0.285714 0.285714 1 1 0
634.34 0.285714 0.285714 1 1 0
634.84 0.285714 0.285714 1 1 0
635.34 0.285714 0.285714 1 1 0
635.84 0.285714 0.285714 1 1 0
636.34 0.285714 0.285714 1 1 0
636.84 0.285714 0.285714 1 1 0
637.34 0.285714 0.285714 1 1 0
637.84 0.285714 0.285714 1 1 0
638.34 0.285714 0.285714 1 1 0
638.84 0.285714 0.285714 1 1 0
639.34 0.285714 0.285714 1 1 0
639.84 0.285714 0.285714 1 1 0
640.34 0.285714 0.285714 1 1 0
640.84 0.285714 0.285714 1 1 0
641.34 0.285714 0.285714 1 1 0
641.84 0.285714 0.285714 1 1 0
642.34 0.285714 0.285714 1 1 0
642.84 0.285714 0.285714 1 1 0
643.34 0.285714 0.285714 1 1 0
643.84 0.285714 0.285714 1 1 0
644.34 0.285714 0.285714 1 1 0
644.84 0.285714 0.285714 1 1 0
645.34 0.285714 0.285714 1 1 0
645.84 0.285714 0.285714 1 1 0
646.34 0.285714 0.285714 1 1 0
646.84 0.285714 0.285714 1 1 0
647.34 0.285714 0.285714 1 1 0
647.84 0.285714 0.285714 1 1 0
648.34 0.285714 0.285714 1 1 0
648.84 0.285714 0.285714 1 1 0
649.34 0.285714 0.285714 1 1 0
649.84 0.285714 0.285714 1 1 0
650.34 0.285714 0.285714 1 1 0
650.84 0.285714 0.285714 1 1 0
651.34 0.285714 0.285714 1 1 0
651.84 0.285714 0.285714 1 1 0
652.34 0.285714 0.285714 1 1 0
652.84 0.285714 0.285714 1 1 0
653.34 0.285714 0.285714 1 1 0
653.84 0.285714 0.285714 1 1 0
654.34 0.285714 0.285714 1 1 0
654.84 0.285714 0.285714 1 1 0
655.34 0.285714 0.285714 1 1 0
655.84 0.285714 0.285714 1 1 0
656.34 0.285714 0.285714 1 1 0
656.84 0.285714 0.285714 1 1 0
657.34 0.285714 0.285714 1 1 0
657.84 0.285714 0.285714 1 1 0
658.34 0.285714 0.285714 1 1 0
658.84 0.285714 0.285714 1 1 0
659.34 0.285714 0.285714 1 1 0
659.84 0.285714 0.285714 1 1 0
660.34 0.285714 0.285714 1 1 0
660.84 0.285714 0.285714 1 1 0
661.34 0.285714 0.285714 1 1 0
661.84 0.285714 0.285714 1 1 0
662.34 0.285714 0.285714 1 1 0
662.84 0.285714 0.285714 1 1 0
663.34 0.285714 0.285714 1 1 0
663.84 0.285714 0.285714 1 1 0
664.34 0.285714 0.285714 1 1 0
664.84 0.285714 0.285714 1 1 0
665.34 0.285714 0.285714 1 1 0
665.84 0.285714 0.285714 1 1 0
80 0.285714 0.285714 2 1 0
79.96 0.285714 0.285714 1 1 0
79.92 0.285714 0.285714 1 1 0
79.84 0.285714 0.285714 1 1 0
79.68 0.285714 0.285714 1 1 0
79.36 0.285714 0.285714 1 1 0
78.86 0.285714 0.285714 1 1 0
78.36 0.285714 0.285714 1 1 0
77.86 0.285714 0.285714 1 1 0
77.36 0.285714 0.285714 1 1 0
76.86 0.285714 0.285714 1 1 0
76.36 0.285714 0.285714 1 1 0
75.86 0.285714 0.285714 1 1 0
75.36 0.285714 0.285714 1 1 0
74.86 0.285714 0.285714 1 1 0
74.36 0.285714 0.285714 1 1 0
73.86 0.285714 0.285714 1 1 0
73.36 0.285714 0.285714 1 1 0
72.86 0.285714 0.285714 1 1 0
72.36 0.285714 0.285714 1 1 0
71.86 0.285714 0.285714 1 1 0
71.36 0.285714 0.285714 1 1 0
70.86 0.285714 0.285714 1 1 0
70.36 0.285714 0.285714 1 1 0
69.86 0.285714 0.285714 1 1 0
69.36 0.285714 0.285714 1 1 0
68.86 0.285714 0.285714 1 1 0
68.36 0.285714 0.285714 1 1 0
67.86 0.285714 0.285714 1 1 0
67.36 0.285714 0.285714 1 1 0
66.86 0.285714 0.285714 1 1 0
66.36 0.285714 0.285714 1 1 0
65.86 0.285714 0.285714 1 1 0
65.36 0.285714 0.285714 1 1 0
64.86 0.285714 0.285714 1 1 0
64.36 0.285714 0.285714 1 1 0
63.86 0.285714 0.285714 1 1 0
63.36 0.285714 0.285714 1 1 0
62.86 0.285714 0.285714 1 1 0
62.36 0.285714 0.285714 1 1 0
61.86 0.285714 0.285714 1 1 0
61.36 0.285714 0.285714 1 1 0
60.86 0.285714 0.285714 1 1 0
60.36 0.285714 0.285714 1 1 0
59.86 0.285714 0.285714 1 1 0
59.36 0.285714 0.285714 1 1 0
58.86 0.285714 0.285714 1 1 0
58.36 0.285714 0.285714 1 1 0
57.86 0.285714 0.285714 1 1 0
57.6435 0.285714 0.285714 1 1 0
57.1435 0.285714 0.285714 2 1 0
56.6435 0.285714 0.285714 2 1 0
56.1435 0.285714 0.285714 2 1 0
55.6435 0.285714 0.285714 2 1 0
55.1435 0.285714 0.285714 2 1 0
54.6435 0.285714 0.285714 2 1 0
54.1435 0.285714 0.285714 2 1 0
53.6435 0.285714 0.285714 2 1 0
53.1436 0.285714 0.285714 2 1 0
52.6436 0.285714 0.285714 2 1 0
52.1436 0.285714 0.285714 2 1 0
51.6436 0.285714 0.285714 2 1 0
51.1436 0.285714 0.285714 2 1 0
50.6436 0.285714 0.285714 2 1 0
50.1436 0.285714 0.285714 2 1 0
49.6436 0.285714 0.285714 2 1 0
49.1436 0.285714 0.285714 2 1 0
48.6436 0.285714 0.285714 2 1 0
48.1436 0.285714 0.285714 2 1 0
47.6436 0.285714 0.285714 2 1 0
47.1436 0.285714 0.285714 2 1 0
46.6436 0.285714 0.285714 2 1 0
46.1436 0.285714 0.285714 2 1 0
45.6436 0.285714 0.285714 2 1 0
45.1436 0.285714 0.285714 2 1 0
44.6436 0.285714 0.285714 2 1 0
44.1436 0.285714 0.285714 2 1 0
43.6436 0.285714 0.285714 2 1 0
43.1436 0.285714 0.285714 2 1 0
42.6436 0.285714 0.285714 2 1 0
42.1436 0.285714 0.285714 2 1 0
41.6436 0.285714 0.285714 2 1 0
41.1436 0.285714 0.285714 2 1 0
40.6436 0.285714 0.285714 2 1 0
40.1436 0.285714 0.285714 2 1 0
39.6436 0.285714 0.285714 2 1 0
39.1436 0.285714 0.285714 2 1 0
38.6436 0.285714 0.285714 2 1 0
38.1436 0.285714 0.285714 2 1 0
37.6436 0.285714 0.285714 2 1 0
37.1436 0.285714 0.285714 2 1 0
36.6436 0.285714 0.285714 2 1 0
36.1436 0.285714 0.285714 2 1 0
35.6436 0.285714 0.285714 2 1 0
35.1436 0.285714 0.285714 2 1 0
34.6436 0.285714 0.285714 2 1 0
34.1437 0.285714 0.285714 2 1 0
33.6437 0.285714 0.285714 2 1 0
33.1437 0.285714 0.285714 2 1 0
32.6437 0.285714 0.285714 2 1 0
32.1437 0.285714 0.285714 2 1 0
31.6437 0.285714 0.285714 2 1 0
31.1437 0.285714 0.285714 2 1 0
30.6437 0.285714 0.285714 2 1 0
30.1437 0.285714 0.285714 2 1 0
29.6437 0.285714 0.285714 2 1 0
29.1437 0.285714 0.285714 2 1 0
28.6437 0.285714 0.285714 2 1 0
28.1437 0.285714 0.285714 2 1 0
27.6437 0.285714 0.285714 2 1 0
27.1437 0.285714 0.285714 2 1 0
26.6437 0.285714 0.285714 2 1 0
26.1437 0.285714 0.285714 2 1 0
25.6437 0.285714 0.285714 2 1 0
25.1438 0.285714 0.285714 2 1 0
24.6438 0.285714 0.285714 2 1 0
24.1438 0.285714 0.285714 2 1 0
23.6438 0.285714 0.285714 2 1 0
23.1438 0.285714 0.285714 2 1 0
22.6438 0.285714 0.285714 2 1 0
22.1438 0.285714 0.285714 2 1 0
21.6438 0.285714 0.285714 2 1 0
21.1438 0.285714 0.285714 2 1 0
20.6438 0.285714 0.285714 2 1 0
20.1438 0.285714 0.285714 2 1 0
19.6438 0.285714 0.285714 2 1 0
19.1439 0.285714 0.285714 2 1 0
18.6439 0.285714 0.285714 2 1 0
18.1439 0.285714 0.285714 2 1 0
17.6439 0.285714 0.285714 2 1 0
17.1439 0.285714 0.285714 2 1 0
16.6439 0.285714 0.285714 2 1 0
16.1439 0.285714 0.285714 2 1 0
15.6439 0.285714 0.285714 2 1 0
15.144 0.285714 0.285714 2 1 0
14.644 0.285714 0.285714 2 1 0
14.144 0.285714 0.285714 2 1 0
13.644 0.285714 0.285714 2 1 0
13.144 0.285714 0.285714 2 1 0
12.644 0.285714 0.285714 2 1 0
12.1441 0.285714 0.285714 2 1 0
11.6441 0.285714 0.285714 2 1 0
11.1441 0.285714 0.285714 2 1 0
10.6441 0.285714 0.285714 2 1 0
10.1441 0.285714 0.285714 2 1 0
9.64415 0.285714 0.285714 2 1 0
9.14417 0.285714 0.285714 2 1 0
8.6442 0.285714 0.285714 2 1 0
8.14422 0.285714 0.285714 2 1 0
7.64425 0.285714 0.285714 2 1 0
7.14427 0.285714 0.285714 2 1 0
6.6443 0.285714 0.285714 2 1 0
6.14433 0.285714 0.285714 2 1 0
5.64436 0.285714 0.285714 2 1 0
5.14439 0.285714 0.285714 2 1 0
4.64442 0.285714 0.285714 2 1 0
4.14445 0.285714 0.285714 2 1 0
3.64449 0.285714 0.285714 2 1 0
3.14452 0.285714 0.285714 2 1 0
2.64456 0.285714 0.285714 2 1 0
2.1446 0.285714 0.285714 2 1 0
1.64464 0.285714 0.285714 2 1 0
1.14468 0.285714 0.285714 2 1 0
0.644726 0.285714 0.285714 2 1 0
0.144772 0.285714 0.285714 2 1 0
-0.35518 0.285714 0.285714 2 1 0
57.6435 0.285714 0.285714 2 2 0
55.4412 0.26869 0.26869 2 2 0
55.435 0.268644 0.268644 1 2 0
55.4324 0.268625 0.268625 1 2 0
55.4274 0.268588 0.268588 1 2 0
55.4174 0.268513 0.268513 1 2 0
55.3974 0.268364 0.268364 1 2 0
55.3574 0.268066 0.268066 1 2 0
55.2775 0.26747 0.26747 1 2 0
55.1175 0.266284 0.266284 1 2 0
54.7975 0.26393 0.26393 1 2 0
54.2975 0.260303 0.260303 1 2 0
53.7975 0.256737 0.256737 1 2 0
53.2976 0.253233 0.253233 1 2 0
52.7976 0.249793 0.249793 1 2 0
52.2976 0.246416 0.246416 1 2 0
51.7976 0.243103 0.243103 1 2 0
51.2977 0.239854 0.239854 1 2 0
50.7977 0.23667 0.23667 1 2 0
50.2977 0.23355 0.23355 1 2 0
49.7977 0.230496 0.230496 1 2 0
49.2978 0.227506 0.227506 1 2 0
48.7978 0.224582 0.224582 1 2 0
48.2978 0.221722 0.221722 1 2 0
47.7978 0.218927 0.218927 1 2 0
47.2979 0.216196 0.216196 1 2 0
46.7979 0.21353 0.21353 1 2 0
46.2979 0.210927 0.210927 1 2 0
45.7979 0.208387 0.208387 1 2 0
45.298 0.205909 0.205909 1 2 0
44.798 0.203494 0.203494 1 2 0
44.298 0.201139 0.201139 1 2 0
43.798 0.198845 0.198845 1 2 0
43.298 0.19661 0.19661 1 2 0
42.7981 0.194434 0.194434 1 2 0
42.2981 0.192316 0.192316 1 2 0
41.7981 0.190255 0.190255 1 2 0
41.2981 0.188249 0.188249 1 2 0
40.7981 0.186298 0.186298 1 2 0
40.2982 0.1844 0.1844 1 2 0
39.7982 0.182555 0.182555 1 2 0
39.2982 0.180761 0.180761 1 2 0
38.7982 0.179017 0.179017 1 2 0
38.2982 0.177322 0.177322 1 2 0
37.7982 0.175674 0.175674 1 2 0
37.2983 0.174073 0.174073 1 2 0
36.7983 0.172518 0.172518 1 2 0
36.2983 0.171006 0.171006 1 2 0
35.7983 0.169537 0.169537 1 2 0
35.2983 0.16811 0.16811 1 2 0
34.7983 0.166724 0.166724 1 2 0
34.2983 0.165376 0.165376 1 2 0
33.7984 0.164067 0.164067 1 2 0
33.2984 0.162795 0.162795 1 2 0
32.7984 0.161559 0.161559 1 2 0
32.2984 0.160358 0.160358 1 2 0
31.7984 0.15919 0.15919 1 2 0
31.2984 0.158055 0.158055 1 2 0
30.7984 0.156952 0.156952 1 2 0
30.2984 0.15588 0.15588 1 2 0
29.7984 0.154837 0.154837 1 2 0
29.2985 0.153822 0.153822 1 2 0
28.7985 0.152836 0.152836 1 2 0
28.2985 0.151876 0.151876 1 2 0
27.7985 0.150943 0.150943 1 2 0
27.2985 0.150034 0.150034 1 2 0
26.7985 0.14915 0.14915 1 2 0
26.2985 0.14829 0.14829 1 2 0
25.7985 0.147452 0.147452 1 2 0
25.2985 0.146636 0.146636 1 2 0
24.7985 0.145842 0.145842 1 2 0
24.2985 0.145068 0.145068 1 2 0
23.7985 0.144314 0.144314 1 2 0
23.2986 0.143579 0.143579 1 2 0
22.7986 0.142863 0.142863 1 2 0
22.2986 0.142164 0.142164 1 2 0
21.7986 0.141484 0.141484 1 2 0
21.2986 0.14082 0.14082 1 2 0
20.7986 0.140172 0.140172 1 2 0
20.2986 0.13954 0.13954 1 2 0
19.7986 0.138924 0.138924 1 2 0
19.2986 0.138322 0.138322 1 2 0
18.7986 0.137735 0.137735 1 2 0
18.2986 0.137161 0.137161 1 2 0
17.7986 0.136601 0.136601 1 2 0
17.2986 0.136054 0.136054 1 2 0
16.7986 0.135519 0.135519 1 2 0
16.2986 0.134997 0.134997 1 2 0
15.7986 0.134486 0.134486 1 2 0
15.2986 0.133987 0.133987 1 2 0
14.7986 0.133499 0.133499 1 2 0
14.2986 0.133022 0.133022 1 2 0
13.7986 0.132555 0.132555 1 2 0
13.2986 0.132098 0.132098 1 2 0
12.7987 0.131651 0.131651 1 2 0
12.2987 0.131214 0.131214 1 2 0
11.7987 0.130786 0.130786 1 2 0
11.2987 0.130367 0.130367 1 2 0
10.7987 0.129956 0.129956 1 2 0
10.2987 0.129554 0.129554 1 2 0
9.79867 0.129161 0.129161 1 2 0
9.29867 0.128775 0.128775 1 2 0
8.79868 0.128397 0.128397 1 2 0
8.29868 0.128026 0.128026 1 2 0
7.79868 0.127663 0.127663 1 2 0
7.29868 0.127307 0.127307 1 2 0
6.79869 0.126958 0.126958 1 2 0
6.29869 0.126615 0.126615 1 2 0
5.79869 0.126279 0.126279 1 2 0
5.29869 0.12595 0.12595 1 2 0
4.79869 0.125626 0.125626 1 2 0
4.2987 0.125309 0.125309 1 2 0
3.7987 0.124997 0.124997 1 2 0
3.2987 0.124692 0.124692 1 2 0
2.7987 0.124391 0.124391 1 2 0
2.2987 0.124097 0.124097 1 2 0
1.79871 0.123807 0.123807 1 2 0
1.29871 0.123523 0.123523 1 2 0
0.79871 0.123243 0.123243 1 2 0
0.298711 0.122969 0.122969 1 2 0
-0.201287 0.122699 0.122699 1 2 0
57.6435 0.285714 0.285714 2 2 0
59.7931 0.303385 0.303385 1 2 0
59.7993 0.303436 0.303436 2 2 0
59.8018 0.303457 0.303457 2 2 0
59.8068 0.3035 0.3035 2 2 0
59.8168 0.303584 0.303584 2 2 0
59.8368 0.303753 0.303753 2 2 0
59.8768 0.304091 0.304091 2 2 0
59.9568 0.304769 0.304769 2 2 0
60.1168 0.306128 0.306128 2 2 0
60.4368 0.308862 0.308862 2 2 0
60.9367 0.313173 0.313173 2 2 0
61.4367 0.317533 0.317533 2 2 0
61.9367 0.321939 0.321939 2 2 0
62.4366 0.326392 0.326392 2 2 0
62.9366 0.330888 0.330888 2 2 0
63.4366 0.335428 0.335428 2 2 0
63.9366 0.340009 0.340009 2 2 0
64.4365 0.34463 0.34463 2 2 0
64.9365 0.349291 0.349291 2 2 0
65.4365 0.353988 0.353988 2 2 0
65.9364 0.358721 0.358721 2 2 0
66.4364 0.363489 0.363489 2 2 0
66.9364 0.36829 0.36829 2 2 0
67.4364 0.373123 0.373123 2 2 0
67.9363 0.377986 0.377986 2 2 0
68.4363 0.382878 0.382878 2 2 0
68.9363 0.387797 0.387797 2 2 0
69.4362 0.392741 0.392741 2 2 0
69.9362 0.39771 0.39771 2 2 0
70.4362 0.402702 0.402702 2 2 0
70.9362 0.407716 0.407716 2 2 0
71.4361 0.412749 0.412749 2 2 0
71.9361 0.417801 0.417801 2 2 0
72.4361 0.422871 0.422871 2 2 0
72.936 0.427955 0.427955 2 2 0
73.436 0.433055 0.433055 2 2 0
73.936 0.438167 0.438167 2 2 0
74.4359 0.44329 0.44329 2 2 0
74.9359 0.448423 0.448423 2 2 0
75.4359 0.453565 0.453565 2 2 0
75.9359 0.458715 0.458715 2 2 0
76.4358 0.46387 0.46387 2 2 0
76.9358 0.46903 0.46903 2 2 0
77.4358 0.474192 0.474192 2 2 0
77.9357 0.479357 0.479357 2 2 0
78.4357 0.484522 0.484522 2 2 0
78.9357 0.489687 0.489687 2 2 0
79.4356 0.49485 0.49485 2 2 0
79.9356 0.500009 0.500009 2 2 0
80.4356 0.505163 0.505163 2 2 0
80.9356 0.510312 0.510312 2 2 0
81.4355 0.515454 0.515454 2 2 0
81.9355 0.520588 0.520588 2 2 0
82.4355 0.525712 0.525712 2 2 0
82.9355 0.530826 0.530826 2 2 0
83.4354 0.535928 0.535928 2 2 0
83.9354 0.541017 0.541017 2 2 0
84.4354 0.546093 0.546093 2 2 0
84.9353 0.551153 0.551153 2 2 0
85.4353 0.556198 0.556198 2 2 0
85.9353 0.561225 0.561225 2 2 0
86.4353 0.566235 0.566235 2 2 0
86.9352 0.571225 0.571225 2 2 0
87.4352 0.576196 0.576196 2 2 0
87.9352 0.581146 0.581146 2 2 0
88.4352 0.586074 0.586074 2 2 0
88.9351 0.590979 0.590979 2 2 0
89.4351 0.595861 0.595861 2 2 0
89.9351 0.600718 0.600718 2 2 0
90.4351 0.60555 0.60555 2 2 0
90.935 0.610356 0.610356 2 2 0
91.435 0.615135 0.615135 2 2 0
91.935 0.619887 0.619887 2 2 0
92.435 0.624611 0.624611 2 2 0
92.9349 0.629306 0.629306 2 2 0
93.4349 0.633971 0.633971 2 2 0
93.9349 0.638606 0.638606 2 2 0
94.4349 0.64321 0.64321 2 2 0
94.9349 0.647783 0.647783 2 2 0
95.4348 0.652323 0.652323 2 2 0
95.9348 0.656832 0.656832 2 2 0
96.4348 0.661307 0.661307 2 2 0
96.9348 0.665748 0.665748 2 2 0
97.4348 0.670156 0.670156 2 2 0
97.9347 0.674529 0.674529 2 2 0
98.4347 0.678867 0.678867 2 2 0
98.9347 0.68317 0.68317 2 2 0
99.4347 0.687437 0.687437 2 2 0
99.9347 0.691669 0.691669 2 2 0
100.435 0.695863 0.695863 2 2 0
100.935 0.700022 0.700022 2 2 0
101.435 0.704143 0.704143 2 2 0
101.935 0.708227 0.708227 2 2 0
102.435 0.712273 0.712273 2 2 0
102.935 0.716282 0.716282 2 2 0
103.435 0.720252 0.720252 2 2 0
103.935 0.724185 0.724185 2 2 0
104.435 0.728079 0.728079 2 2 0
104.934 0.731935 0.731935 2 2 0
105.434 0.735752 0.735752 2 2 0
105.934 0.739531 0.739531 2 2 0
106.434 0.743271 0.743271 2 2 0
106.934 0.746972 0.746972 2 2 0
107.434 0.750634 0.750634 2 2 0
107.934 0.754257 0.754257 2 2 0
108.434 0.757841 0.757841 2 2 0
108.934 0.761386 0.761386 2 2 0
109.434 0.764892 0.764892 2 2 0
109.934 0.768359 0.768359 2 2 0
110.434 0.771787 0.771787 2 2 0
110.934 0.775176 0.775176 2 2 0
111.434 0.778526 0.778526 2 2 0
111.934 0.781838 0.781838 2 2 0
112.434 0.785111 0.785111 2 2 0
112.934 0.788345 0.788345 2 2 0
113.434 0.791541 0.791541 2 2 0
113.934 0.794699 0.794699 2 2 0
114.434 0.797818 0.797818 2 2 0
114.934 0.800899 0.800899 2 2 0
115.434 0.803943 0.803943 2 2 0
115.934 0.806949 0.806949 2 2 0
116.434 0.809917 0.809917 2 2 0
116.934 0.812847 0.812847 2 2 0
117.434 0.815741 0.815741 2 2 0
117.934 0.818598 0.818598 2 2 0
118.434 0.821418 0.821418 2 2 0
118.934 0.824201 0.824201 2 2 0
119.434 0.826948 0.826948 2 2 0
119.934 0.829659 0.829659 2 2 0
120.434 0.832335 0.832335 2 2 0
120.934 0.834974 0.834974 2 2 0
121.434 0.837579 0.837579 2 2 0
121.934 0.840148 0.840148 2 2 0
122.434 0.842683 0.842683 2 2 0
122.934 0.845183 0.845183 2 2 0
123.434 0.847648 0.847648 2 2 0
123.934 0.85008 0.85008 2 2 0
124.434 0.852479 0.852479 2 2 0
124.934 0.854843 0.854843 2 2 0
125.434 0.857175 0.857175 2 2 0
125.934 0.859474 0.859474 2 2 0
126.434 0.861741 0.861741 2 2 0
126.934 0.863975 0.863975 2 2 0
127.434 0.866177 0.866177 2 2 0
127.934 0.868348 0.868348 2 2 0
128.434 0.870488 0.870488 2 2 0
128.934 0.872597 0.872597 2 2 0
129.434 0.874675 0.874675 2 2 0
129.934 0.876723 0.876723 2 2 0
130.434 0.87874 0.87874 2 2 0
130.934 0.880729 0.880729 2 2 0
131.434 0.882687 0.882687 2 2 0
131.934 0.884617 0.884617 2 2 0
132.434 0.886518 0.886518 2 2 0
132.934 0.888391 0.888391 2 2 0
133.434 0.890235 0.890235 2 2 0
133.934 0.892052 0.892052 2 2 0
134.434 0.893842 0.893842 2 2 0
134.934 0.895604 0.895604 2 2 0
135.434 0.897339 0.897339 2 2 0
135.934 0.899048 0.899048 2 2 0
136.434 0.900731 0.900731 2 2 0
136.934 0.902388 0.902388 2 2 0
137.434 0.90402 0.90402 2 2 0
137.934 0.905626 0.905626 2 2 0
138.434 0.907208 0.907208 2 2 0
138.934 0.908765 0.908765 2 2 0
139.434 0.910297 0.910297 2 2 0
139.934 0.911806 0.911806 2 2 0
140.434 0.913291 0.913291 2 2 0
140.934 0.914753 0.914753 2 2 0
141.434 0.916192 0.916192 2 2 0
141.934 0.917608 0.917608 2 2 0
142.434 0.919001 0.919001 2 2 0
142.934 0.920373 0.920373 2 2 0
143.434 0.921723 0.921723 2 2 0
143.934 0.923051 0.923051 2 2 0
144.434 0.924358 0.924358 2 2 0
144.934 0.925644 0.925644 2 2 0
145.434 0.926909 0.926909 2 2 0
145.934 0.928154 0.928154 2 2 0
146.434 0.929379 0.929379 2 2 0
146.934 0.930585 0.930585 2 2 0
147.434 0.93177 0.93177 2 2 0
147.934 0.932937 0.932937 2 2 0
148.434 0.934084 0.934084 2 2 0
148.934 0.935213 0.935213 2 2 0
149.434 0.936323 0.936323 2 2 0
149.934 0.937416 0.937416 2 2 0
150.434 0.93849 0.93849 2 2 0
150.934 0.939547 0.939547 2 2 0
151.434 0.940586 0.940586 2 2 0
151.934 0.941608 0.941608 2 2 0
152.434 0.942614 0.942614 2 2 0
152.934 0.943603 0.943603 2 2 0
153.434 0.944575 0.944575 2 2 0
153.934 0.945532 0.945532 2 2 0
154.434 0.946472 0.946472 2 2 0
154.934 0.947397 0.947397 2 2 0
154.934 0.947397 0.947397 2 2 0
154.894 0.947324 0.947324 2 2 0
154.854 0.94725 0.94725 2 2 0
154.774 0.947103 0.947103 2 2 0
154.614 0.946807 0.946807 2 2 0
154.294 0.94621 0.94621 2 2 0
153.794 0.945265 0.945265 2 2 0
153.294 0.944304 0.944304 2 2 0
152.794 0.943327 0.943327 2 2 0
152.294 0.942334 0.942334 2 2 0
151.794 0.941324 0.941324 2 2 0
151.294 0.940297 0.940297 2 2 0
150.794 0.939253 0.939253 2 2 0
150.294 0.938191 0.938191 2 2 0
149.794 0.937112 0.937112 2 2 0
149.294 0.936014 0.936014 2 2 0
148.794 0.934899 0.934899 2 2 0
148.294 0.933765 0.933765 2 2 0
147.794 0.932612 0.932612 2 2 0
147.294 0.93144 0.93144 2 2 0
146.794 0.930249 0.930249 2 2 0
146.294 0.929038 0.929038 2 2 0
145.794 0.927808 0.927808 2 2 0
145.294 0.926557 0.926557 2 2 0
144.794 0.925286 0.925286 2 2 0
144.294 0.923994 0.923994 2 2 0
143.794 0.922681 0.922681 2 2 0
143.294 0.921347 0.921347 2 2 0
142.794 0.919991 0.919991 2 2 0
142.294 0.918613 0.918613 2 2 0
141.794 0.917214 0.917214 2 2 0
141.294 0.915791 0.915791 2 2 0
140.794 0.914346 0.914346 2 2 0
140.294 0.912878 0.912878 2 2 0
139.794 0.911386 0.911386 2 2 0
139.294 0.909871 0.909871 2 2 0
138.794 0.908331 0.908331 2 2 0
138.294 0.906767 0.906767 2 2 0
137.794 0.905179 0.905179 2 2 0
137.294 0.903566 0.903566 2 2 0
136.794 0.901927 0.901927 2 2 0
136.294 0.900263 0.900263 2 2 0
135.794 0.898573 0.898573 2 2 0
135.294 0.896856 0.896856 2 2 0
134.794 0.895113 0.895113 2 2 0
134.294 0.893343 0.893343 2 2 0
133.794 0.891546 0.891546 2 2 0
133.294 0.889722 0.889722 2 2 0
132.794 0.887869 0.887869 2 2 0
132.294 0.885989 0.885989 2 2 0
131.794 0.88408 0.88408 2 2 0
131.294 0.882142 0.882142 2 2 0
130.794 0.880175 0.880175 2 2 0
130.294 0.878178 0.878178 2 2 0
129.794 0.876152 0.876152 2 2 0
129.294 0.874096 0.874096 2 2 0
128.794 0.872009 0.872009 2 2 0
128.294 0.869892 0.869892 2 2 0
127.794 0.867744 0.867744 2 2 0
127.294 0.865564 0.865564 2 2 0
126.794 0.863353 0.863353 2 2 0
126.294 0.861109 0.861109 2 2 0
125.794 0.858834 0.858834 2 2 0
125.294 0.856526 0.856526 2 2 0
124.794 0.854185 0.854185 2 2 0
124.294 0.85181 0.85181 2 2 0
123.794 0.849403 0.849403 2 2 0
123.294 0.846961 0.846961 2 2 0
122.794 0.844486 0.844486 2 2 0
122.294 0.841976 0.841976 2 2 0
121.794 0.839432 0.839432 2 2 0
121.294 0.836853 0.836853 2 2 0
120.794 0.834239 0.834239 2 2 0
120.294 0.831589 0.831589 2 2 0
119.794 0.828904 0.828904 2 2 0
119.294 0.826183 0.826183 2 2 0
118.794 0.823425 0.823425 2 2 0
118.294 0.820632 0.820632 2 2 0
117.794 0.817802 0.817802 2 2 0
117.294 0.814935 0.814935 2 2 0
116.794 0.812031 0.812031 2 2 0
116.294 0.809089 0.809089 2 2 0
115.794 0.806111 0.806111 2 2 0
115.294 0.803094 0.803094 2 2 0
114.794 0.80004 0.80004 2 2 0
114.294 0.796949 0.796949 2 2 0
113.794 0.793818 0.793818 2 2 0
113.294 0.79065 0.79065 2 2 0
112.794 0.787444 0.787444 2 2 0
112.294 0.784198 0.784198 2 2 0
111.794 0.780915 0.780915 2 2 0
111.294 0.777592 0.777592 2 2 0
110.794 0.774231 0.774231 2 2 0
110.294 0.770831 0.770831 2 2 0
109.794 0.767392 0.767392 2 2 0
109.294 0.763914 0.763914 2 2 0
108.794 0.760397 0.760397 2 2 0
108.294 0.756841 0.756841 2 2 0
107.794 0.753246 0.753246 2 2 0
107.294 0.749612 0.749612 2 2 0
106.794 0.745939 0.745939 2 2 0
106.294 0.742228 0.742228 2 2 0
105.794 0.738477 0.738477 2 2 0
105.294 0.734687 0.734687 2 2 0
104.795 0.730859 0.730859 2 2 0
104.295 0.726993 0.726993 2 2 0
103.795 0.723088 0.723088 2 2 0
103.295 0.719144 0.719144 2 2 0
102.795 0.715163 0.715163 2 2 0
102.295 0.711144 0.711144 2 2 0
101.795 0.707087 0.707087 2 2 0
101.295 0.702993 0.702993 2 2 0
100.795 0.698861 0.698861 2 2 0
100.295 0.694693 0.694693 2 2 0
99.7947 0.690488 0.690488 2 2 0
99.2947 0.686246 0.686246 2 2 0
98.7947 0.681969 0.681969 2 2 0
98.2947 0.677656 0.677656 2 2 0
97.7947 0.673308 0.673308 2 2 0
97.2948 0.668925 0.668925 2 2 0
96.7948 0.664508 0.664508 2 2 0
96.2948 0.660057 0.660057 2 2 0
95.7948 0.655573 0.655573 2 2 0
95.2948 0.651055 0.651055 2 2 0
94.7949 0.646506 0.646506 2 2 0
94.2949 0.641924 0.641924 2 2 0
93.7949 0.637311 0.637311 2 2 0
93.2949 0.632668 0.632668 2 2 0
92.795 0.627994 0.627994 2 2 0
92.295 0.623291 0.623291 2 2 0
91.795 0.61856 0.61856 2 2 0
91.295 0.6138 0.6138 2 2 0
90.795 0.609013 0.609013 2 2 0
90.2951 0.6042 0.6042 2 2 0
89.7951 0.59936 0.59936 2 2 0
89.2951 0.594496 0.594496 2 2 0
88.7951 0.589608 0.589608 2 2 0
88.2952 0.584696 0.584696 2 2 0
87.7952 0.579762 0.579762 2 2 0
87.2952 0.574806 0.574806 2 2 0
86.7952 0.56983 0.56983 2 2 0
86.2953 0.564834 0.564834 2 2 0
85.7953 0.559819 0.559819 2 2 0
85.2953 0.554787 0.554787 2 2 0
84.7954 0.549738 0.549738 2 2 0
84.2954 0.544673 0.544673 2 2 0
83.7954 0.539594 0.539594 2 2 0
83.2954 0.534501 0.534501 2 2 0
82.7955 0.529395 0.529395 2 2 0
82.2955 0.524278 0.524278 2 2 0
81.7955 0.519151 0.519151 2 2 0
81.2955 0.514015 0.514015 2 2 0
80.7956 0.508871 0.508871 2 2 0
80.2956 0.503721 0.503721 2 2 0
79.7956 0.498565 0.498565 2 2 0
79.2957 0.493404 0.493404 2 2 0
78.7957 0.488241 0.488241 2 2 0
78.2957 0.483076 0.483076 2 2 0
77.7957 0.477911 0.477911 2 2 0
77.2958 0.472747 0.472747 2 2 0
76.7958 0.467584 0.467584 2 2 0
76.2958 0.462426 0.462426 2 2 0
75.7959 0.457272 0.457272 2 2 0
75.2959 0.452125 0.452125 2 2 0
74.7959 0.446985 0.446985 2 2 0
74.296 0.441854 0.441854 2 2 0
73.796 0.436734 0.436734 2 2 0
73.296 0.431625 0.431625 2 2 0
72.796 0.42653 0.42653 2 2 0
72.2961 0.42145 0.42145 2 2 0
71.7961 0.416385 0.416385 2 2 0
71.2961 0.411338 0.411338 2 2 0
70.7962 0.40631 0.40631 2 2 0
70.2962 0.401302 0.401302 2 2 0
69.7962 0.396317 0.396317 2 2 0
69.2962 0.391354 0.391354 2 2 0
68.7963 0.386417 0.386417 2 2 0
68.2963 0.381505 0.381505 2 2 0
67.7963 0.376622 0.376622 2 2 0
67.2964 0.371767 0.371767 2 2 0
66.7964 0.366943 0.366943 2 2 0
66.2964 0.362151 0.362151 2 2 0
65.7965 0.357393 0.357393 2 2 0
65.2965 0.352669 0.352669 2 2 0
64.7965 0.347982 0.347982 2 2 0
64.2965 0.343332 0.343332 2 2 0
63.7966 0.338722 0.338722 2 2 0
63.2966 0.334153 0.334153 2 2 0
62.7966 0.329625 0.329625 2 2 0
62.2967 0.325141 0.325141 2 2 0
61.7967 0.320701 0.320701 2 2 0
61.2967 0.316307 0.316307 2 2 0
60.7967 0.311961 0.311961 2 2 0
60.2968 0.307663 0.307663 2 2 0
59.7968 0.303415 0.303415 2 2 0
59.2968 0.299218 0.299218 2 2 0
58.7969 0.295074 0.295074 2 2 0
58.2969 0.290982 0.290982 2 2 0
57.7969 0.286946 0.286946 2 2 0
57.6429 0.285713 0.285713 1 2 0
57.6429 0.285713 0.285713 2 3 0
59.812 0.285714 0.285714 1 3 0
59.8171 0.285714 0.285714 1 3 0
59.8196 0.285714 0.285714 1 3 0
59.8246 0.285714 0.285714 1 3 0
59.8346 0.285714 0.285714 1 3 0
59.8546 0.285714 0.285714 1 3 0
59.8946 0.285714 0.285714 1 3 0
59.9746 0.285714 0.285714 1 3 0
60.1346 0.285714 0.285714 1 3 0
60.4546 0.285714 0.285714 1 3 0
60.9546 0.285714 0.285714 1 3 0
61.4546 0.285714 0.285714 1 3 0
61.9546 0.285714 0.285714 1 3 0
62.4546 0.285714 0.285714 1 3 0
62.9546 0.285714 0.285714 1 3 0
63.4546 0.285714 0.285714 1 3 0
63.9546 0.285714 0.285714 1 3 0
64.4546 0.285714 0.285714 1 3 0
64.9546 0.285714 0.285714 1 3 0
65.4546 0.285714 0.285714 1 3 0
65.9546 0.285714 0.285714 1 3 0
66.4546 0.285714 0.285714 1 3 0
66.9546 0.285714 0.285714 1 3 0
67.4546 0.285714 0.285714 1 3 0
67.9546 0.285714 0.285714 1 3 0
68.4546 0.285714 0.285714 1 3 0
68.9546 0.285714 0.285714 1 3 0
69.4546 0.285714 0.285714 1 3 0
69.9546 0.285714 0.285714 1 3 0
70.4546 0.285714 0.285714 1 3 0
70.9546 0.285714 0.285714 1 3 0
71.4546 0.285714 0.285714 1 3 0
71.9546 0.285714 0.285714 1 3 0
72.4546 0.285714 0.285714 1 3 0
72.9546 0.285714 0.285714 1 3 0
73.4546 0.285714 0.285714 1 3 0
73.9546 0.285714 0.285714 1 3 0
74.4546 0.285714 0.285714 1 3 0
74.9546 0.285714 0.285714 1 3 0
75.4546 0.285714 0.285714 1 3 0
75.9546 0.285714 0.285714 1 3 0
76.4546 0.285714 0.285714 1 3 0
76.9546 0.285714 0.285714 1 3 0
77.4546 0.285714 0.285714 1 3 0
77.9546 0.285714 0.285714 1 3 0
78.4546 0.285714 0.285714 1 3 0
78.9546 0.285714 0.285714 1 3 0
79.4546 0.285714 0.285714 1 3 0
79.9546 0.285714 0.285714 1 3 0
80.4546 0.285714 0.285714 1 3 0
80.9546 0.285714 0.285714 1 3 0
81.4546 0.285714 0.285714 1 3 0
81.9546 0.285714 0.285714 1 3 0
82.4546 0.285714 0.285714 1 3 0
82.9546 0.285714 0.285714 1 3 0
83.4546 0.285714 0.285714 1 3 0
83.9546 0.285714 0.285714 1 3 0
84.4546 0.285714 0.285714 1 3 0
84.9546 0.285714 0.285714 1 3 0
85.4546 0.285714 0.285714 1 3 0
85.9546 0.285714 0.285714 1 3 0
86.4546 0.285714 0.285714 1 3 0
86.9546 0.285714 0.285714 1 3 0
87.4546 0.285714 0.285714 1 3 0
87.9546 0.285714 0.285714 1 3 0
88.4546 0.285714 0.285714 1 3 0
88.9546 0.285714 0.285714 1 3 0
89.4546 0.285714 0.285714 1 3 0
89.9546 0.285714 0.285714 1 3 0
90.4546 0.285714 0.285714 1 3 0
90.9546 0.285714 0.285714 1 3 0
91.4546 0.285714 0.285714 1 3 0
91.9546 0.285714 0.285714 1 3 0
92.4546 0.285714 0.285714 1 3 0
92.9546 0.285714 0.285714 1 3 0
93.4546 0.285714 0.285714 1 3 0
93.9546 0.285714 0.285714 1 3 0
94.4546 0.285714 0.285714 1 3 0
94.9546 0.285714 0.285714 1 3 0
95.4546 0.285714 0.285714 1 3 0
95.9546 0.285714 0.285714 1 3 0
96.4546 0.285714 0.285714 1 3 0
96.9546 0.285714 0.285714 1 3 0
97.4546 0.285714 0.285714 1 3 0
97.9546 0.285714 0.285714 1 3 0
98.4546 0.285714 0.285714 1 3 0
98.9546 0.285714 0.285714 1 3 0
99.4546 0.285714 0.285714 1 3 0
99.9546 0.285714 0.285714 1 3 0
100.455 0.285714 0.285714 1 3 0
100.955 0.285714 0.285714 1 3 0
101.455 0.285714 0.285714 1 3 0
101.955 0.285714 0.285714 1 3 0
102.455 0.285714 0.285714 1 3 0
102.955 0.285714 0.285714 1 3 0
103.455 0.285714 0.285714 1 3 0
103.955 0.285714 0.285714 1 3 0
104.455 0.285714 0.285714 1 3 0
104.955 0.285714 0.285714 1 3 0
105.455 0.285714 0.285714 1 3 0
105.955 0.285714 0.285714 1 3 0
106.455 0.285714 0.285714 1 3 0
106.955 0.285714 0.285714 1 3 0
107.455 0.285714 0.285714 1 3 0
107.955 0.285714 0.285714 1 3 0
108.455 0.285714 0.285714 1 3 0
108.955 0.285714 0.285714 1 3 0
109.455 0.285714 0.285714 1 3 0
109.955 0.285714 0.285714 1 3 0
110.455 0.285714 0.285714 1 3 0
110.955 0.285714 0.285714 1 3 0
111.455 0.285714 0.285714 1 3 0
111.955 0.285714 0.285714 1 3 0
112.455 0.285714 0.285714 1 3 0
112.955 0.285714 0.285714 1 3 0
113.455 0.285714 0.285714 1 3 0
113.955 0.285714 0.285714 1 3 0
114.455 0.285714 0.285714 1 3 0
114.955 0.285714 0.285714 1 3 0
115.455 0.285714 0.285714 1 3 0
115.955 0.285714 0.285714 1 3 0
116.455 0.285714 0.285714 1 3 0
116.955 0.285714 0.285714 1 3 0
117.455 0.285714 0.285714 1 3 0
117.955 0.285714 0.285714 1 3 0
118.455 0.285714 0.285714 1 3 0
118.955 0.285714 0.285714 1 3 0
119.455 0.285714 0.285714 1 3 0
119.955 0.285714 0.285714 1 3 0
120.455 0.285714 0.285714 1 3 0
120.955 0.285714 0.285714 1 3 0
121.455 0.285714 0.285714 1 3 0
121.955 0.285714 0.285714 1 3 0
122.455 0.285714 0.285714 1 3 0
122.955 0.285714 0.285714 1 3 0
123.455 0.285714 0.285714 1 3 0
123.955 0.285714 0.285714 1 3 0
124.455 0.285714 0.285714 1 3 0
124.955 0.285714 0.285714 1 3 0
125.455 0.285714 0.285714 1 3 0
125.955 0.285714 0.285714 1 3 0
126.455 0.285714 0.285714 1 3 0
126.955 0.285714 0.285714 1 3 0
127.455 0.285714 0.285714 1 3 0
127.955 0.285714 0.285714 1 3 0
128.455 0.285714 0.285714 1 3 0
128.955 0.285714 0.285714 1 3 0
129.455 0.285714 0.285714 1 3 0
129.955 0.285714 0.285714 1 3 0
130.455 0.285714 0.285714 1 3 0
130.955 0.285714 0.285714 1 3 0
131.455 0.285714 0.285714 1 3 0
131.955 0.285714 0.285714 1 3 0
132.455 0.285714 0.285714 1 3 0
132.955 0.285714 0.285714 1 3 0
133.455 0.285714 0.285714 1 3 0
133.955 0.285714 0.285714 1 3 0
134.455 0.285714 0.285714 1 3 0
134.955 0.285714 0.285714 1 3 0
135.455 0.285714 0.285714 1 3 0
135.955 0.285714 0.285714 1 3 0
136.455 0.285714 0.285714 1 3 0
136.955 0.285714 0.285714 1 3 0
137.455 0.285714 0.285714 1 3 0
137.955 0.285714 0.285714 1 3 0
138.455 0.285714 0.285714 1 3 0
138.955 0.285714 0.285714 1 3 0
139.455 0.285714 0.285714 1 3 0
139.955 0.285714 0.285714 1 3 0
140.455 0.285714 0.285714 1 3 0
140.955 0.285714 0.285714 1 3 0
141.455 0.285714 0.285714 1 3 0
141.955 0.285714 0.285714 1 3 0
142.455 0.285714 0.285714 1 3 0
142.955 0.285714 0.285714 1 3 0
143.455 0.285714 0.285714 1 3 0
143.955 0.285714 0.285714 1 3 0
144.455 0.285714 0.285714 1 3 0
144.955 0.285714 0.285714 1 3 0
145.455 0.285714 0.285714 1 3 0
145.955 0.285714 0.285714 1 3 0
146.455 0.285714 0.285714 1 3 0
146.955 0.285714 0.285714 1 3 0
147.455 0.285714 0.285714 1 3 0
147.955 0.285714 0.285714 1 3 0
148.455 0.285714 0.285714 1 3 0
148.955 0.285714 0.285714 1 3 0
149.455 0.285714 0.285714 1 3 0
149.955 0.285714 0.285714 1 3 0
150.455 0.285714 0.285714 1 3 0
150.955 0.285714 0.285714 1 3 0
151.455 0.285714 0.285714 1 3 0
151.955 0.285714 0.285714 1 3 0
152.455 0.285714 0.285714 1 3 0
152.955 0.285714 0.285714 1 3 0
153.455 0.285714 0.285714 1 3 0
153.955 0.285714 0.285714 1 3 0
154.455 0.285714 0.285714 1 3 0
154.955 0.285714 0.285714 1 3 0
57.6429 0.285713 0.285713 2 3 0
55.4627 0.285714 0.285714 1 3 0
55.4575 0.285714 0.285714 2 3 0
55.455 0.285714 0.285714 2 3 0
55.45 0.285714 0.285714 2 3 0
55.44 0.285714 0.285714 2 3 0
55.42 0.285714 0.285714 2 3 0
55.38 0.285714 0.285714 2 3 0
55.3 0.285714 0.285714 2 3 0
55.14 0.285714 0.285714 2 3 0
54.82 0.285714 0.285714 2 3 0
54.32 0.285714 0.285714 2 3 0
53.82 0.285714 0.285714 2 3 0
53.32 0.285714 0.285714 2 3 0
52.82 0.285714 0.285714 2 3 0
52.32 0.285714 0.285714 2 3 0
51.82 0.285714 0.285714 2 3 0
51.32 0.285714 0.285714 2 3 0
50.82 0.285714 0.285714 2 3 0
50.32 0.285714 0.285714 2 3 0
49.82 0.285714 0.285714 2 3 0
49.32 0.285714 0.285714 2 3 0
48.82 0.285714 0.285714 2 3 0
48.32 0.285714 0.285714 2 3 0
47.82 0.285714 0.285714 2 3 0
47.32 0.285714 0.285714 2 3 0
46.82 0.285714 0.285714 2 3 0
46.32 0.285714 0.285714 2 3 0
45.82 0.285714 0.285714 2 3 0
45.32 0.285714 0.285714 2 3 0
44.82 0.285714 0.285714 2 3 0
44.32 0.285714 0.285714 2 3 0
43.82 0.285714 0.285714 2 3 0
43.32 0.285714 0.285714 2 3 0
42.82 0.285714 0.285714 2 3 0
42.32 0.285714 0.285714 2 3 0
41.82 0.285714 0.285714 2 3 0
41.32 0.285714 0.285714 2 3 0
40.82 0.285714 0.285714 2 3 0
40.32 0.285714 0.285714 2 3 0
39.8201 0.285714 0.285714 2 3 0
39.3201 0.285714 0.285714 2 3 0
38.8201 0.285714 0.285714 2 3 0
38.3201 0.285714 0.285714 2 3 0
37.8201 0.285714 0.285714 2 3 0
37.3201 0.285714 0.285714 2 3 0
36.8201 0.285714 0.285714 2 3 0
36.3201 0.285714 0.285714 2 3 0
35.8201 0.285714 0.285714 2 3 0
35.3201 0.285714 0.285714 2 3 0
34.8201 0.285714 0.285714 2 3 0
34.3201 0.285714 0.285714 2 3 0
33.8201 0.285714 0.285714 2 3 0
33.3201 0.285714 0.285714 2 3 0
32.8201 0.285714 0.285714 2 3 0
32.3201 0.285714 0.285714 2 3 0
31.8201 0.285714 0.285714 2 3 0
31.3201 0.285714 0.285714 2 3 0
30.8201 0.285714 0.285714 2 3 0
30.3201 0.285714 0.285714 2 3 0
29.8201 0.285714 0.285714 2 3 0
29.3201 0.285714 0.285714 2 3 0
28.8201 0.285714 0.285714 2 3 0
28.3202 0.285714 0.285714 2 3 0
27.8202 0.285714 0.285714 2 3 0
27.3202 0.285714 0.285714 2 3 0
26.8202 0.285714 0.285714 2 3 0
26.3202 0.285714 0.285714 2 3 0
25.8202 0.285714 0.285714 2 3 0
25.3202 0.285714 0.285714 2 3 0
24.8202 0.285714 0.285714 2 3 0
24.3202 0.285714 0.285714 2 3 0
23.8202 0.285714 0.285714 2 3 0
23.3202 0.285714 0.285714 2 3 0
22.8202 0.285714 0.285714 2 3 0
22.3202 0.285714 0.285714 2 3 0
21.8202 0.285714 0.285714 2 3 0
21.3203 0.285714 0.285714 2 3 0
20.8203 0.285714 0.285714 2 3 0
20.3203 0.285714 0.285714 2 3 0
19.8203 0.285714 0.285714 2 3 0
19.3203 0.285714 0.285714 2 3 0
18.8203 0.285714 0.285714 2 3 0
18.3203 0.285714 0.285714 2 3 0
17.8203 0.285714 0.285714 2 3 0
17.3203 0.285714 0.285714 2 3 0
16.8204 0.285714 0.285714 2 3 0
16.3204 0.285714 0.285714 2 3 0
15.8204 0.285714 0.285714 2 3 0
15.3204 0.285714 0.285714 2 3 0
14.8204 0.285714 0.285714 2 3 0
14.3204 0.285714 0.285714 2 3 0
13.8204 0.285714 0.285714 2 3 0
13.3205 0.285714 0.285714 2 3 0
12.8205 0.285714 0.285714 2 3 0
12.3205 0.285714 0.285714 2 3 0
11.8205 0.285714 0.285714 2 3 0
11.3205 0.285714 0.285714 2 3 0
10.8205 0.285714 0.285714 2 3 0
10.3206 0.285714 0.285714 2 3 0
9.82058 0.285714 0.285714 2 3 0
9.32061 0.285714 0.285714 2 3 0
8.82063 0.285714 0.285714 2 3 0
8.32065 0.285714 0.285714 2 3 0
7.82068 0.285714 0.285714 2 3 0
7.3207 0.285714 0.285714 2 3 0
6.82073 0.285714 0.285714 2 3 0
6.32076 0.285714 0.285714 2 3 0
5.82079 0.285714 0.285714 2 3 0
5.32082 0.285714 0.285714 2 3 0
4.82085 0.285714 0.285714 2 3 0
4.32088 0.285714 0.285714 2 3 0
3.82091 0.285714 0.285714 2 3 0
3.32095 0.285714 0.285714 2 3 0
2.82099 0.285714 0.285714 2 3 0
2.32102 0.285714 0.285714 2 3 0
1.82106 0.285714 0.285714 2 3 0
1.32111 0.285714 0.285714 2 3 0
0.82115 0.285714 0.285714 2 3 0
0.321195 0.285714 0.285714 2 3 0
-0.178757 0.285714 0.285714 2 3 0
154.934 0.947397 0.947397 2 2 0
154.974 0.94747 0.94747 2 2 0
155.014 0.947543 0.947543 2 2 0
155.094 0.94769 0.94769 2 2 0
155.254 0.947981 0.947981 2 2 0
155.574 0.948558 0.948558 2 2 0
156.074 0.949448 0.949448 2 2 0
156.574 0.950324 0.950324 2 2 0
157.074 0.951184 0.951184 2 2 0
157.574 0.952031 0.952031 2 2 0
158.074 0.952863 0.952863 2 2 0
158.574 0.953681 0.953681 2 2 0
159.074 0.954485 0.954485 2 2 0
159.574 0.955276 0.955276 2 2 0
160.074 0.956054 0.956054 2 2 0
160.574 0.956818 0.956818 2 2 0
161.074 0.957569 0.957569 2 2 0
161.574 0.958308 0.958308 2 2 0
162.074 0.959034 0.959034 2 2 0
162.574 0.959748 0.959748 2 2 0
163.074 0.96045 0.96045 2 2 0
163.574 0.96114 0.96114 2 2 0
164.074 0.961819 0.961819 2 2 0
164.574 0.962485 0.962485 2 2 0
165.074 0.963141 0.963141 2 2 0
165.574 0.963785 0.963785 2 2 0
166.074 0.964418 0.964418 2 2 0
166.574 0.96504 0.96504 2 2 0
167.074 0.965652 0.965652 2 2 0
167.574 0.966253 0.966253 2 2 0
168.074 0.966844 0.966844 2 2 0
168.574 0.967425 0.967425 2 2 0
169.074 0.967996 0.967996 2 2 0
169.574 0.968557 0.968557 2 2 0
170.074 0.969109 0.969109 2 2 0
170.574 0.969651 0.969651 2 2 0
171.074 0.970183 0.970183 2 2 0
171.574 0.970707 0.970707 2 2 0
172.074 0.971221 0.971221 2 2 0
172.574 0.971727 0.971727 2 2 0
173.074 0.972224 0.972224 2 2 0
173.574 0.972712 0.972712 2 2 0
174.074 0.973192 0.973192 2 2 0
174.574 0.973663 0.973663 2 2 0
175.074 0.974127 0.974127 2 2 0
175.574 0.974582 0.974582 2 2 0
176.074 0.97503 0.97503 2 2 0
176.574 0.975469 0.975469 2 2 0
177.074 0.975902 0.975902 2 2 0
177.574 0.976326 0.976326 2 2 0
178.074 0.976743 0.976743 2 2 0
178.574 0.977153 0.977153 2 2 0
179.074 0.977556 0.977556 2 2 0
179.574 0.977952 0.977952 2 2 0
180.074 0.978341 0.978341 2 2 0
180.574 0.978723 0.978723 2 2 0
181.074 0.979099 0.979099 2 2 0
181.574 0.979468 0.979468 2 2 0
182.074 0.97983 0.97983 2 2 0
182.574 0.980187 0.980187 2 2 0
183.074 0.980537 0.980537 2 2 0
183.574 0.980881 0.980881 2 2 0
184.074 0.981218 0.981218 2 2 0
184.574 0.98155 0.98155 2 2 0
185.074 0.981877 0.981877 2 2 0
185.574 0.982197 0.982197 2 2 0
186.074 0.982512 0.982512 2 2 0
186.574 0.982821 0.982821 2 2 0
187.074 0.983125 0.983125 2 2 0
187.574 0.983424 0.983424 2 2 0
188.074 0.983717 0.983717 2 2 0
188.574 0.984005 0.984005 2 2 0
189.074 0.984289 0.984289 2 2 0
189.574 0.984567 0.984567 2 2 0
190.074 0.98484 0.98484 2 2 0
190.574 0.985109 0.985109 2 2 0
191.074 0.985373 0.985373 2 2 0
191.574 0.985632 0.985632 2 2 0
192.074 0.985886 0.985886 2 2 0
192.574 0.986136 0.986136 2 2 0
193.074 0.986382 0.986382 2 2 0
193.574 0.986624 0.986624 2 2 0
194.074 0.986861 0.986861 2 2 0
194.574 0.987094 0.987094 2 2 0
195.074 0.987323 0.987323 2 2 0
195.574 0.987548 0.987548 2 2 0
196.074 0.987768 0.987768 2 2 0
196.574 0.987985 0.987985 2 2 0
197.074 0.988199 0.988199 2 2 0
197.574 0.988408 0.988408 2 2 0
198.074 0.988614 0.988614 2 2 0
198.574 0.988816 0.988816 2 2 0
199.074 0.989014 0.989014 2 2 0
199.574 0.98921 0.98921 2 2 0
200.074 0.989401 0.989401 2 2 0
200.574 0.989589 0.989589 2 2 0
201.074 0.989774 0.989774 2 2 0
201.574 0.989956 0.989956 2 2 0
202.074 0.990134 0.990134 2 2 0
202.574 0.99031 0.99031 2 2 0
203.074 0.990482 0.990482 2 2 0
203.574 0.990651 0.990651 2 2 0
204.074 0.990817 0.990817 2 2 0
204.574 0.99098 0.99098 2 2 0
205.074 0.99114 0.99114 2 2 0
205.574 0.991298 0.991298 2 2 0
206.074 0.991453 0.991453 2 2 0
206.574 0.991604 0.991604 2 2 0
207.074 0.991754 0.991754 2 2 0
207.574 0.9919 0.9919 2 2 0
208.074 0.992044 0.992044 2 2 0
208.574 0.992186 0.992186 2 2 0
209.074 0.992325 0.992325 2 2 0
209.574 0.992461 0.992461 2 2 0
210.074 0.992595 0.992595 2 2 0
210.574 0.992727 0.992727 2 2 0
211.074 0.992856 0.992856 2 2 0
211.574 0.992984 0.992984 2 2 0
212.074 0.993108 0.993108 2 2 0
212.574 0.993231 0.993231 2 2 0
213.074 0.993351 0.993351 2 2 0
213.574 0.99347 0.99347 2 2 0
214.074 0.993586 0.993586 2 2 0
214.574 0.9937 0.9937 2 2 0
215.074 0.993812 0.993812 2 2 0
215.574 0.993922 0.993922 2 2 0
216.074 0.99403 0.99403 2 2 0
216.574 0.994137 0.994137 2 2 0
217.074 0.994241 0.994241 2 2 0
217.574 0.994344 0.994344 2 2 0
218.074 0.994444 0.994444 2 2 0
218.574 0.994543 0.994543 2 2 0
219.074 0.99464 0.99464 2 2 0
219.574 0.994736 0.994736 2 2 0
220.074 0.99483 0.99483 2 2 0
220.574 0.994922 0.994922 2 2 0
221.074 0.995012 0.995012 2 2 0
221.574 0.995101 0.995101 2 2 0
222.074 0.995188 0.995188 2 2 0
222.574 0.995274 0.995274 2 2 0
223.074 0.995358 0.995358 2 2 0
223.574 0.995441 0.995441 2 2 0
224.074 0.995522 0.995522 2 2 0
224.574 0.995602 0.995602 2 2 0
225.074 0.99568 0.99568 2 2 0
225.574 0.995757 0.995757 2 2 0
226.074 0.995832 0.995832 2 2 0
226.574 0.995907 0.995907 2 2 0
227.074 0.99598 0.99598 2 2 0
227.574 0.996051 0.996051 2 2 0
228.074 0.996122 0.996122 2 2 0
228.574 0.996191 0.996191 2 2 0
229.074 0.996259 0.996259 2 2 0
229.574 0.996325 0.996325 2 2 0
230.074 0.996391 0.996391 2 2 0
230.574 0.996455 0.996455 2 2 0
231.074 0.996518 0.996518 2 2 0
231.574 0.99658 0.99658 2 2 0
232.074 0.996641 0.996641 2 2 0
232.574 0.996701 0.996701 2 2 0
233.074 0.99676 0.99676 2 2 0
233.574 0.996818 0.996818 2 2 0
234.074 0.996874 0.996874 2 2 0
234.574 0.99693 0.99693 2 2 0
235.074 0.996985 0.996985 2 2 0
235.574 0.997038 0.997038 2 2 0
236.074 0.997091 0.997091 2 2 0
236.574 0.997143 0.997143 2 2 0
237.074 0.997194 0.997194 2 2 0
237.574 0.997244 0.997244 2 2 0
238.074 0.997293 0.997293 2 2 0
238.574 0.997341 0.997341 2 2 0
239.074 0.997389 0.997389 2 2 0
239.574 0.997435 0.997435 2 2 0
240.074 0.997481 0.997481 2 2 0
240.574 0.997526 0.997526 2 2 0
241.074 0.99757 0.99757 2 2 0
241.574 0.997613 0.997613 2 2 0
242.074 0.997656 0.997656 2 2 0
242.574 0.997698 0.997698 2 2 0
243.074 0.997739 0.997739 2 2 0
243.574 0.997779 0.997779 2 2 0
244.074 0.997819 0.997819 2 2 0
244.574 0.997858 0.997858 2 2 0
245.074 0.997896 0.997896 2 2 0
245.574 0.997933 0.997933 2 2 0
246.074 0.99797 0.99797 2 2 0
246.574 0.998006 0.998006 2 2 0
247.074 0.998042 0.998042 2 2 0
247.574 0.998077 0.998077 2 2 0
248.074 0.998111 0.998111 2 2 0
248.574 0.998145 0.998145 2 2 0
249.074 0.998178 0.998178 2 2 0
249.574 0.99821 0.99821 2 2 0
250.074 0.998242 0.998242 2 2 0
250.574 0.998274 0.998274 2 2 0
251.074 0.998304 0.998304 2 2 0
251.574 0.998335 0.998335 2 2 0
252.074 0.998364 0.998364 2 2 0
252.574 0.998393 0.998393 2 2 0
252.574 0.998393 0.998393 2 2 0
252.614 0.998396 0.998396 2 2 0
252.654 0.998398 0.998398 2 2 0
252.734 0.998403 0.998403 2 2 0
252.894 0.998412 0.998412 2 2 0
253.214 0.99843 0.99843 2 2 0
253.714 0.998458 0.998458 2 2 0
254.214 0.998485 0.998485 2 2 0
254.714 0.998512 0.998512 2 2 0
255.214 0.998539 0.998539 2 2 0
255.714 0.998565 0.998565 2 2 0
256.214 0.998591 0.998591 2 2 0
256.714 0.998616 0.998616 2 2 0
257.214 0.99864 0.99864 2 2 0
257.714 0.998665 0.998665 2 2 0
258.214 0.998689 0.998689 2 2 0
258.714 0.998712 0.998712 2 2 0
259.214 0.998735 0.998735 2 2 0
259.714 0.998757 0.998757 2 2 0
260.214 0.99878 0.99878 2 2 0
260.714 0.998801 0.998801 2 2 0
261.214 0.998823 0.998823 2 2 0
261.714 0.998844 0.998844 2 2 0
262.214 0.998864 0.998864 2 2 0
262.714 0.998885 0.998885 2 2 0
263.214 0.998905 0.998905 2 2 0
263.714 0.998924 0.998924 2 2 0
264.214 0.998943 0.998943 2 2 0
264.714 0.998962 0.998962 2 2 0
265.214 0.998981 0.998981 2 2 0
265.714 0.998999 0.998999 2 2 0
266.214 0.999017 0.999017 2 2 0
266.714 0.999034 0.999034 2 2 0
267.214 0.999051 0.999051 2 2 0
267.714 0.999068 0.999068 2 2 0
268.214 0.999085 0.999085 2 2 0
268.714 0.999101 0.999101 2 2 0
269.214 0.999117 0.999117 2 2 0
269.714 0.999133 0.999133 2 2 0
270.214 0.999149 0.999149 2 2 0
270.714 0.999164 0.999164 2 2 0
271.214 0.999179 0.999179 2 2 0
271.714 0.999193 0.999193 2 2 0
272.214 0.999208 0.999208 2 2 0
272.714 0.999222 0.999222 2 2 0
273.214 0.999236 0.999236 2 2 0
273.714 0.999249 0.999249 2 2 0
274.214 0.999263 0.999263 2 2 0
274.714 0.999276 0.999276 2 2 0
275.214 0.999289 0.999289 2 2 0
275.714 0.999301 0.999301 2 2 0
276.214 0.999314 0.999314 2 2 0
276.714 0.999326 0.999326 2 2 0
277.214 0.999338 0.999338 2 2 0
277.714 0.99935 0.99935 2 2 0
278.214 0.999362 0.999362 2 2 0
278.714 0.999373 0.999373 2 2 0
279.214 0.999384 0.999384 2 2 0
279.714 0.999395 0.999395 2 2 0
280.214 0.999406 0.999406 2 2 0
280.714 0.999417 0.999417 2 2 0
281.214 0.999427 0.999427 2 2 0
281.714 0.999437 0.999437 2 2 0
282.214 0.999447 0.999447 2 2 0
282.714 0.999457 0.999457 2 2 0
283.214 0.999467 0.999467 2 2 0
283.714 0.999476 0.999476 2 2 0
284.214 0.999486 0.999486 2 2 0
284.714 0.999495 0.999495 2 2 0
285.214 0.999504 0.999504 2 2 0
285.714 0.999513 0.999513 2 2 0
286.214 0.999521 0.999521 2 2 0
286.714 0.99953 0.99953 2 2 0
287.214 0.999538 0.999538 2 2 0
287.714 0.999546 0.999546 2 2 0
288.214 0.999555 0.999555 2 2 0
288.714 0.999563 0.999563 2 2 0
289.214 0.99957 0.99957 2 2 0
289.714 0.999578 0.999578 2 2 0
290.214 0.999586 0.999586 2 2 0
290.714 0.999593 0.999593 2 2 0
291.214 0.9996 0.9996 2 2 0
291.714 0.999607 0.999607 2 2 0
292.214 0.999614 0.999614 2 2 0
292.714 0.999621 0.999621 2 2 0
293.214 0.999628 0.999628 2 2 0
293.714 0.999635 0.999635 2 2 0
294.214 0.999641 0.999641 2 2 0
294.714 0.999647 0.999647 2 2 0
295.214 0.999654 0.999654 2 2 0
295.714 0.99966 0.99966 2 2 0
296.214 0.999666 0.999666 2 2 0
296.714 0.999672 0.999672 2 2 0
297.214 0.999678 0.999678 2 2 0
297.714 0.999684 0.999684 2 2 0
298.214 0.999689 0.999689 2 2 0
298.714 0.999695 0.999695 2 2 0
299.214 0.9997 0.9997 2 2 0
299.714 0.999706 0.999706 2 2 0
300.214 0.999711 0.999711 2 2 0
300.714 0.999716 0.999716 2 2 0
301.214 0.999721 0.999721 2 2 0
301.714 0.999726 0.999726 2 2 0
302.214 0.999731 0.999731 2 2 0
302.714 0.999736 0.999736 2 2 0
303.214 0.99974 0.99974 2 2 0
303.714 0.999745 0.999745 2 2 0
304.214 0.99975 0.99975 2 2 0
304.714 0.999754 0.999754 2 2 0
305.214 0.999758 0.999758 2 2 0
305.714 0.999763 0.999763 2 2 0
306.214 0.999767 0.999767 2 2 0
306.714 0.999771 0.999771 2 2 0
307.214 0.999775 0.999775 2 2 0
307.714 0.999779 0.999779 2 2 0
308.214 0.999783 0.999783 2 2 0
308.714 0.999787 0.999787 2 2 0
309.214 0.999791 0.999791 2 2 0
309.714 0.999795 0.999795 2 2 0
310.214 0.999798 0.999798 2 2 0
310.714 0.999802 0.999802 2 2 0
311.214 0.999805 0.999805 2 2 0
311.714 0.999809 0.999809 2 2 0
312.214 0.999812 0.999812 2 2 0
312.714 0.999816 0.999816 2 2 0
313.214 0.999819 0.999819 2 2 0
313.714 0.999822 0.999822 2 2 0
314.214 0.999825 0.999825 2 2 0
314.714 0.999828 0.999828 2 2 0
315.214 0.999831 0.999831 2 2 0
315.714 0.999834 0.999834 2 2 0
316.214 0.999837 0.999837 2 2 0
316.714 0.99984 0.99984 2 2 0
317.214 0.999843 0.999843 2 2 0
317.714 0.999846 0.999846 2 2 0
318.214 0.999849 0.999849 2 2 0
318.714 0.999851 0.999851 2 2 0
319.214 0.999854 0.999854 2 2 0
319.714 0.999857 0.999857 2 2 0
320.214 0.999859 0.999859 2 2 0
320.714 0.999862 0.999862 2 2 0
321.214 0.999864 0.999864 2 2 0
321.714 0.999867 0.999867 2 2 0
322.214 0.999869 0.999869 2 2 0
322.714 0.999871 0.999871 2 2 0
323.214 0.999874 0.999874 2 2 0
323.714 0.999876 0.999876 2 2 0
324.214 0.999878 0.999878 2 2 0
324.714 0.99988 0.99988 2 2 0
325.214 0.999882 0.999882 2 2 0
325.714 0.999885 0.999885 2 2 0
326.214 0.999887 0.999887 2 2 0
326.714 0.999889 0.999889 2 2 0
327.214 0.999891 0.999891 2 2 0
327.714 0.999893 0.999893 2 2 0
328.214 0.999894 0.999894 2 2 0
328.714 0.999896 0.999896 2 2 0
329.214 0.999898 0.999898 2 2 0
329.714 0.9999 0.9999 2 2 0
330.214 0.999902 0.999902 2 2 0
330.714 0.999904 0.999904 2 2 0
331.214 0.999905 0.999905 2 2 0
331.714 0.999907 0.999907 2 2 0
332.214 0.999909 0.999909 2 2 0
332.714 0.99991 0.99991 2 2 0
333.214 0.999912 0.999912 2 2 0
333.714 0.999913 0.999913 2 2 0
334.214 0.999915 0.999915 2 2 0
334.714 0.999916 0.999916 2 2 0
335.214 0.999918 0.999918 2 2 0
335.714 0.999919 0.999919 2 2 0
336.214 0.999921 0.999921 2 2 0
336.714 0.999922 0.999922 2 2 0
337.214 0.999924 0.999924 2 2 0
337.714 0.999925 0.999925 2 2 0
338.214 0.999926 0.999926 2 2 0
338.714 0.999928 0.999928 2 2 0
339.214 0.999929 0.999929 2 2 0
339.714 0.99993 0.99993 2 2 0
340.214 0.999931 0.999931 2 2 0
340.714 0.999933 0.999933 2 2 0
341.214 0.999934 0.999934 2 2 0
341.714 0.999935 0.999935 2 2 0
342.214 0.999936 0.999936 2 2 0
342.714 0.999937 0.999937 2 2 0
343.214 0.999938 0.999938 2 2 0
343.714 0.99994 0.99994 2 2 0
344.214 0.999941 0.999941 2 2 0
344.714 0.999942 0.999942 2 2 0
345.214 0.999943 0.999943 2 2 0
345.714 0.999944 0.999944 2 2 0
346.214 0.999945 0.999945 2 2 0
346.714 0.999946 0.999946 2 2 0
347.214 0.999947 0.999947 2 2 0
347.714 0.999948 0.999948 2 2 0
348.214 0.999949 0.999949 2 2 0
348.714 0.99995 0.99995 2 2 0
349.214 0.99995 0.99995 2 2 0
349.714 0.999951 0.999951 2 2 0
350.214 0.999952 0.999952 2 2 0
350.214 0.999952 0.999952 2 2 0
350.254 0.999952 0.999952 2 2 0
350.294 0.999952 0.999952 2 2 0
350.374 0.999952 0.999952 2 2 0
350.534 0.999953 0.999953 2 2 0
350.854 0.999953 0.999953 2 2 0
351.354 0.999954 0.999954 2 2 0
351.854 0.999955 0.999955 2 2 0
352.354 0.999956 0.999956 2 2 0
352.854 0.999957 0.999957 2 2 0
353.354 0.999957 0.999957 2 2 0
353.854 0.999958 0.999958 2 2 0
354.354 0.999959 0.999959 2 2 0
354.854 0.99996 0.99996 2 2 0
355.354 0.99996 0.99996 2 2 0
355.854 0.999961 0.999961 2 2 0
356.354 0.999962 0.999962 2 2 0
356.854 0.999962 0.999962 2 2 0
357.354 0.999963 0.999963 2 2 0
357.854 0.999964 0.999964 2 2 0
358.354 0.999964 0.999964 2 2 0
358.854 0.999965 0.999965 2 2 0
359.354 0.999966 0.999966 2 2 0
359.854 0.999966 0.999966 2 2 0
360.354 0.999967 0.999967 2 2 0
360.854 0.999967 0.999967 2 2 0
361.354 0.999968 0.999968 2 2 0
361.854 0.999969 0.999969 2 2 0
362.354 0.999969 0.999969 2 2 0
362.854 0.99997 0.99997 2 2 0
363.354 0.99997 0.99997 2 2 0
363.854 0.999971 0.999971 2 2 0
364.354 0.999971 0.999971 2 2 0
364.854 0.999972 0.999972 2 2 0
365.354 0.999972 0.999972 2 2 0
365.854 0.999973 0.999973 2 2 0
366.354 0.999973 0.999973 2 2 0
366.854 0.999974 0.999974 2 2 0
367.354 0.999974 0.999974 2 2 0
367.854 0.999975 0.999975 2 2 0
368.354 0.999975 0.999975 2 2 0
368.854 0.999976 0.999976 2 2 0
369.354 0.999976 0.999976 2 2 0
369.854 0.999976 0.999976 2 2 0
370.354 0.999977 0.999977 2 2 0
370.854 0.999977 0.999977 2 2 0
371.354 0.999978 0.999978 2 2 0
371.854 0.999978 0.999978 2 2 0
372.354 0.999978 0.999978 2 2 0
372.854 0.999979 0.999979 2 2 0
373.354 0.999979 0.999979 2 2 0
373.854 0.99998 0.99998 2 2 0
374.354 0.99998 0.99998 2 2 0
374.854 0.99998 0.99998 2 2 0
375.354 0.999981 0.999981 2 2 0
375.854 0.999981 0.999981 2 2 0
376.354 0.999981 0.999981 2 2 0
376.854 0.999982 0.999982 2 2 0
377.354 0.999982 0.999982 2 2 0
377.854 0.999982 0.999982 2 2 0
378.354 0.999983 0.999983 2 2 0
378.854 0.999983 0.999983 2 2 0
379.354 0.999983 0.999983 2 2 0
379.854 0.999984 0.999984 2 2 0
380.354 0.999984 0.999984 2 2 0
380.854 0.999984 0.999984 2 2 0
381.354 0.999984 0.999984 2 2 0
381.854 0.999985 0.999985 2 2 0
382.354 0.999985 0.999985 2 2 0
382.854 0.999985 0.999985 2 2 0
383.354 0.999986 0.999986 2 2 0
383.854 0.999986 0.999986 2 2 0
384.354 0.999986 0.999986 2 2 0
384.854 0.999986 0.999986 2 2 0
385.354 0.999987 0.999987 2 2 0
385.854 0.999987 0.999987 2 2 0
386.354 0.999987 0.999987 2 2 0
386.854 0.999987 0.999987 2 2 0
387.354 0.999987 0.999987 2 2 0
387.854 0.999988 0.999988 2 2 0
388.354 0.999988 0.999988 2 2 0
388.854 0.999988 0.999988 2 2 0
389.354 0.999988 0.999988 2 2 0
389.854 0.999989 0.999989 2 2 0
390.354 0.999989 0.999989 2 2 0
390.854 0.999989 0.999989 2 2 0
391.354 0.999989 0.999989 2 2 0
391.854 0.999989 0.999989 2 2 0
392.354 0.99999 0.99999 2 2 0
392.854 0.99999 0.99999 2 2 0
393.354 0.99999 0.99999 2 2 0
393.854 0.99999 0.99999 2 2 0
394.354 0.99999 0.99999 2 2 0
394.854 0.99999 0.99999 2 2 0
395.354 0.999991 0.999991 2 2 0
395.854 0.999991 0.999991 2 2 0
396.354 0.999991 0.999991 2 2 0
396.854 0.999991 0.999991 2 2 0
397.354 0.999991 0.999991 2 2 0
397.854 0.999991 0.999991 2 2 0
398.354 0.999992 0.999992 2 2 0
398.854 0.999992 0.999992 2 2 0
399.354 0.999992 0.999992 2 2 0
399.854 0.999992 0.999992 2 2 0
400.354 0.999992 0.999992 2 2 0
400.854 0.999992 0.999992 2 2 0
401.354 0.999992 0.999992 2 2 0
401.854 0.999993 0.999993 2 2 0
402.354 0.999993 0.999993 2 2 0
402.854 0.999993 0.999993 2 2 0
403.354 0.999993 0.999993 2 2 0
403.854 0.999993 0.999993 2 2 0
404.354 0.999993 0.999993 2 2 0
404.854 0.999993 0.999993 2 2 0
405.354 0.999993 0.999993 2 2 0
405.854 0.999994 0.999994 2 2 0
406.354 0.999994 0.999994 2 2 0
406.854 0.999994 0.999994 2 2 0
407.354 0.999994 0.999994 2 2 0
407.854 0.999994 0.999994 2 2 0
408.354 0.999994 0.999994 2 2 0
408.854 0.999994 0.999994 2 2 0
409.354 0.999994 0.999994 2 2 0
409.854 0.999994 0.999994 2 2 0
410.354 0.999995 0.999995 2 2 0
410.854 0.999995 0.999995 2 2 0
411.354 0.999995 0.999995 2 2 0
411.854 0.999995 0.999995 2 2 0
412.354 0.999995 0.999995 2 2 0
412.854 0.999995 0.999995 2 2 0
413.354 0.999995 0.999995 2 2 0
413.854 0.999995 0.999995 2 2 0
414.354 0.999995 0.999995 2 2 0
414.854 0.999995 0.999995 2 2 0
415.354 0.999995 0.999995 2 2 0
415.854 0.999996 0.999996 2 2 0
416.354 0.999996 0.999996 2 2 0
416.854 0.999996 0.999996 2 2 0
417.354 0.999996 0.999996 2 2 0
417.854 0.999996 0.999996 2 2 0
418.354 0.999996 0.999996 2 2 0
418.854 0.999996 0.999996 2 2 0
419.354 0.999996 0.999996 2 2 0
419.854 0.999996 0.999996 2 2 0
420.354 0.999996 0.999996 2 2 0
420.854 0.999996 0.999996 2 2 0
421.354 0.999996 0.999996 2 2 0
421.854 0.999996 0.999996 2 2 0
422.354 0.999996 0.999996 2 2 0
422.854 0.999997 0.999997 2 2 0
423.354 0.999997 0.999997 2 2 0
423.854 0.999997 0.999997 2 2 0
424.354 0.999997 0.999997 2 2 0
424.854 0.999997 0.999997 2 2 0
425.354 0.999997 0.999997 2 2 0
425.854 0.999997 0.999997 2 2 0
426.354 0.999997 0.999997 2 2 0
426.854 0.999997 0.999997 2 2 0
427.354 0.999997 0.999997 2 2 0
427.854 0.999997 0.999997 2 2 0
428.354 0.999997 0.999997 2 2 0
428.854 0.999997 0.999997 2 2 0
429.354 0.999997 0.999997 2 2 0
429.854 0.999997 0.999997 2 2 0
430.354 0.999997 0.999997 2 2 0
430.854 0.999997 0.999997 2 2 0
431.354 0.999997 0.999997 2 2 0
431.854 0.999997 0.999997 2 2 0
432.354 0.999998 0.999998 2 2 0
432.854 0.999998 0.999998 2 2 0
433.354 0.999998 0.999998 2 2 0
433.854 0.999998 0.999998 2 2 0
434.354 0.999998 0.999998 2 2 0
434.854 0.999998 0.999998 2 2 0
435.354 0.999998 0.999998 2 2 0
435.854 0.999998 0.999998 2 2 0
436.354 0.999998 0.999998 2 2 0
436.854 0.999998 0.999998 2 2 0
437.354 0.999998 0.999998 2 2 0
437.854 0.999998 0.999998 2 2 0
438.354 0.999998 0.999998 2 2 0
438.854 0.999998 0.999998 2 2 0
439.354 0.999998 0.999998 2 2 0
439.854 0.999998 0.999998 2 2 0
440.354 0.999998 0.999998 2 2 0
440.854 0.999998 0.999998 2 2 0
441.354 0.999998 0.999998 2 2 0
441.854 0.999998 0.999998 2 2 0
442.354 0.999998 0.999998 2 2 0
442.854 0.999998 0.999998 2 2 0
443.354 0.999998 0.999998 2 2 0
443.854 0.999998 0.999998 2 2 0
444.354 0.999998 0.999998 2 2 0
444.854 0.999998 0.999998 2 2 0
445.354 0.999998 0.999998 2 2 0
445.854 0.999998 0.999998 2 2 0
446.354 0.999998 0.999998 2 2 0
446.854 0.999999 0.999999 2 2 0
447.354 0.999999 0.999999 2 2 0
447.854 0.999999 0.999999 2 2 0
447.854 0.999999 0.999999 2 2 0
447.894 0.999999 0.999999 2 2 0
447.934 0.999999 0.999999 2 2 0
448.014 0.999999 0.999999 2 2 0
448.174 0.999999 0.999999 2 2 0
448.494 0.999999 0.999999 2 2 0
448.994 0.999999 0.999999 2 2 0
449.494 0.999999 0.999999 2 2 0
449.994 0.999999 0.999999 2 2 0
450.494 0.999999 0.999999 2 2 0
450.994 0.999999 0.999999 2 2 0
451.494 0.999999 0.999999 2 2 0
451.994 0.999999 0.999999 2 2 0
452.494 0.999999 0.999999 2 2 0
452.994 0.999999 0.999999 2 2 0
453.494 0.999999 0.999999 2 2 0
453.994 0.999999 0.999999 2 2 0
454.494 0.999999 0.999999 2 2 0
454.994 0.999999 0.999999 2 2 0
455.494 0.999999 0.999999 2 2 0
455.994 0.999999 0.999999 2 2 0
456.494 0.999999 0.999999 2 2 0
456.994 0.999999 0.999999 2 2 0
457.494 0.999999 0.999999 2 2 0
457.994 0.999999 0.999999 2 2 0
458.494 0.999999 0.999999 2 2 0
458.994 0.999999 0.999999 2 2 0
459.494 0.999999 0.999999 2 2 0
459.994 0.999999 0.999999 2 2 0
460.494 0.999999 0.999999 2 2 0
460.994 0.999999 0.999999 2 2 0
461.494 0.999999 0.999999 2 2 0
461.994 0.999999 0.999999 2 2 0
462.494 0.999999 0.999999 2 2 0
462.994 0.999999 0.999999 2 2 0
463.494 0.999999 0.999999 2 2 0
463.994 0.999999 0.999999 2 2 0
464.494 0.999999 0.999999 2 2 0
464.994 0.999999 0.999999 2 2 0
465.494 0.999999 0.999999 2 2 0
465.994 0.999999 0.999999 2 2 0
466.494 0.999999 0.999999 2 2 0
466.994 0.999999 0.999999 2 2 0
467.494 0.999999 0.999999 2 2 0
467.994 0.999999 0.999999 2 2 0
468.494 0.999999 0.999999 2 2 0
468.994 0.999999 0.999999 2 2 0
469.494 0.999999 0.999999 2 2 0
469.994 0.999999 0.999999 2 2 0
470.494 0.999999 0.999999 2 2 0
470.994 0.999999 0.999999 2 2 0
471.494 0.999999 0.999999 2 2 0
471.994 0.999999 0.999999 2 2 0
472.494 0.999999 0.999999 2 2 0
472.994 0.999999 0.999999 2 2 0
473.494 0.999999 0.999999 2 2 0
473.994 0.999999 0.999999 2 2 0
474.494 0.999999 0.999999 2 2 0
474.994 0.999999 0.999999 2 2 0
475.494 0.999999 0.999999 2 2 0
475.994 0.999999 0.999999 2 2 0
476.494 0.999999 0.999999 2 2 0
476.994 1 1 2 2 0
477.494 1 1 2 2 0
477.994 1 1 2 2 0
478.494 1 1 2 2 0
478.994 1 1 2 2 0
479.494 1 1 2 2 0
479.994 1 1 2 2 0
480.494 1 1 2 2 0
480.994 1 1 2 2 0
481.494 1 1 2 2 0
481.994 1 1 2 2 0
482.494 1 1 2 2 0
482.994 1 1 2 2 0
483.494 1 1 2 2 0
483.994 1 1 2 2 0
484.494 1 1 2 2 0
484.994 1 1 2 2 0
485.494 1 1 2 2 0
485.994 1 1 2 2 0
486.494 1 1 2 2 0
486.994 1 1 2 2 0
487.494 1 1 2 2 0
487.994 1 1 2 2 0
488.494 1 1 2 2 0
488.994 1 1 2 2 0
489.494 1 1 2 2 0
489.994 1 1 2 2 0
490.494 1 1 2 2 0
490.994 1 1 2 2 0
491.494 1 1 2 2 0
491.994 1 1 2 2 0
492.494 1 1 2 2 0
492.994 1 1 2 2 0
493.494 1 1 2 2 0
493.994 1 1 2 2 0
494.494 1 1 2 2 0
494.994 1 1 2 2 0
495.494 1 1 2 2 0
495.994 1 1 2 2 0
496.494 1 1 2 2 0
496.994 1 1 2 2 0
497.494 1 1 2 2 0
497.994 1 1 2 2 0
498.494 1 1 2 2 0
498.994 1 1 2 2 0
499.494 1 1 2 2 0
499.994 1 1 2 2 0
500.494 1 1 2 2 0
500.994 1 1 2 2 0
501.494 1 1 2 2 0
501.994 1 1 2 2 0
502.494 1 1 2 2 0
502.994 1 1 2 2 0
503.494 1 1 2 2 0
503.994 1 1 2 2 0
504.494 1 1 2 2 0
504.994 1 1 2 2 0
505.494 1 1 2 2 0
505.994 1 1 2 2 0
506.494 1 1 2 2 0
506.994 1 1 2 2 0
507.494 1 1 2 2 0
507.994 1 1 2 2 0
508.494 1 1 2 2 0
508.994 1 1 2 2 0
509.494 1 1 2 2 0
509.994 1 1 2 2 0
510.494 1 1 2 2 0
510.994 1 1 2 2 0
511.494 1 1 2 2 0
511.994 1 1 2 2 0
512.494 1 1 2 2 0
512.994 1 1 2 2 0
513.494 1 1 2 2 0
513.994 1 1 2 2 0
514.494 1 1 2 2 0
514.994 1 1 2 2 0
515.494 1 1 2 2 0
515.994 1 1 2 2 0
516.494 1 1 2 2 0
516.994 1 1 2 2 0
517.494 1 1 2 2 0
517.994 1 1 2 2 0
518.494 1 1 2 2 0
518.994 1 1 2 2 0
519.494 1 1 2 2 0
519.994 1 1 2 2 0
520.494 1 1 2 2 0
520.994 1 1 2 2 0
521.494 1 1 2 2 0
521.994 1 1 2 2 0
522.494 1 1 2 2 0
522.994 1 1 2 2 0
523.494 1 1 2 2 0
523.994 1 1 2 2 0
524.494 1 1 2 2 0
524.994 1 1 2 2 0
525.494 1 1 2 2 0
525.994 1 1 2 2 0
526.494 1 1 2 2 0
526.994 1 1 2 2 0
527.494 1 1 2 2 0
527.994 1 1 2 2 0
528.494 1 1 2 2 0
528.994 1 1 2 2 0
529.494 1 1 2 2 0
529.994 1 1 2 2 0
530.494 1 1 2 2 0
530.994 1 1 2 2 0
531.494 1 1 2 2 0
531.994 1 1 2 2 0
532.494 1 1 2 2 0
532.994 1 1 2 2 0
533.494 1 1 2 2 0
533.994 1 1 2 2 0
534.494 1 1 2 2 0
534.994 1 1 2 2 0
535.494 1 1 2 2 0
535.994 1 1 2 2 0
536.494 1 1 2 2 0
536.994 1 1 2 2 0
537.494 1 1 2 2 0
537.994 1 1 2 2 0
538.494 1 1 2 2 0
538.994 1 1 2 2 0
539.494 1 1 2 2 0
539.994 1 1 2 2 0
540.494 1 1 2 2 0
540.994 1 1 2 2 0
541.494 1 1 2 2 0
541.994 1 1 2 2 0
542.494 1 1 2 2 0
542.994 1 1 2 2 0
543.494 1 1 2 2 0
543.994 1 1 2 2 0
544.494 1 1 2 2 0
544.994 1 1 2 2 0
545.494 1 1 2 2 0
545.494 1 1 2 2 0
545.534 1 1 2 2 0
545.574 1 1 2 2 0
545.654 1 1 2 2 0
545.814 1 1 2 2 0
546.134 1 1 2 2 0
546.634 1 1 2 2 0
547.134 1 1 2 2 0
547.634 1 1 2 2 0
548.134 1 1 2 2 0
548.634 1 1 2 2 0
549.134 1 1 2 2 0
549.634 1 1 2 2 0
550.134 1 1 2 2 0
550.634 1 1 2 2 0
551.134 1 1 2 2 0
551.634 1 1 2 2 0
552.134 1 1 2 2 0
552.634 1 1 2 2 0
553.134 1 1 2 2 0
553.634 1 1 2 2 0
554.134 1 1 2 2 0
554.634 1 1 2 2 0
555.134 1 1 2 2 0
555.634 1 1 2 2 0
556.134 1 1 2 2 0
556.634 1 1 2 2 0
557.134 1 1 2 2 0
557.634 1 1 2 2 0
558.134 1 1 2 2 0
558.634 1 1 2 2 0
559.134 1 1 2 2 0
559.634 1 1 2 2 0
560.134 1 1 2 2 0
560.634 1 1 2 2 0
561.134 1 1 2 2 0
561.634 1 1 2 2 0
562.134 1 1 2 2 0
562.634 1 1 2 2 0
563.134 1 1 2 2 0
563.634 1 1 2 2 0
564.134 1 1 2 2 0
564.634 1 1 2 2 0
565.134 1 1 2 2 0
565.634 1 1 2 2 0
566.134 1 1 2 2 0
566.634 1 1 2 2 0
567.134 1 1 2 2 0
567.634 1 1 2 2 0
568.134 1 1 2 2 0
568.634 1 1 2 2 0
569.134 1 1 2 2 0
569.634 1 1 2 2 0
570.134 1 1 2 2 0
570.634 1 1 2 2 0
571.134 1 1 2 2 0
571.634 1 1 2 2 0
572.134 1 1 2 2 0
572.634 1 1 2 2 0
573.134 1 1 2 2 0
573.634 1 1 2 2 0
574.134 1 1 2 2 0
574.634 1 1 2 2 0
575.134 1 1 2 2 0
575.634 1 1 2 2 0
576.134 1 1 2 2 0
576.634 1 1 2 2 0
577.134 1 1 2 2 0
577.634 1 1 2 2 0
578.134 1 1 2 2 0
578.634 1 1 2 2 0
579.134 1 1 2 2 0
579.634 1 1 2 2 0
580.134 1 1 2 2 0
580.634 1 1 2 2 0
581.134 1 1 2 2 0
581.634 1 1 2 2 0
582.134 1 1 2 2 0
582.634 1 1 2 2 0
583.134 1 1 2 2 0
583.634 1 1 2 2 0
584.134 1 1 2 2 0
584.634 1 1 2 2 0
585.134 1 1 2 2 0
585.634 1 1 2 2 0
586.134 1 1 2 2 0
586.634 1 1 2 2 0
587.134 1 1 2 2 0
587.634 1 1 2 2 0
588.134 1 1 2 2 0
588.634 1 1 2 2 0
589.134 1 1 2 2 0
589.634 1 1 2 2 0
590.134 1 1 2 2 0
590.634 1 1 2 2 0
591.134 1 1 2 2 0
591.634 1 1 2 2 0
592.134 1 1 2 2 0
592.634 1 1 2 2 0
593.134 1 1 2 2 0
593.634 1 1 2 2 0
594.134 1 1 2 2 0
594.634 1 1 2 2 0
595.134 1 1 2 2 0
595.634 1 1 2 2 0
596.134 1 1 2 2 0
596.634 1 1 2 2 0
597.134 1 1 2 2 0
597.634 1 1 2 2 0
598.134 1 1 2 2 0
598.634 1 1 2 2 0
599.134 1 1 2 2 0
599.634 1 1 2 2 0
600.134 1 1 2 2 0
600.634 1 1 2 2 0
601.134 1 1 2 2 0
601.634 1 1 2 2 0
602.134 1 1 2 2 0
602.634 1 1 2 2 0
603.134 1 1 2 2 0
603.634 1 1 2 2 0
604.134 1 1 2 2 0
604.634 1 1 2 2 0
605.134 1 1 2 2 0
605.634 1 1 2 2 0
606.134 1 1 2 2 0
606.634 1 1 2 2 0
607.134 1 1 2 2 0
607.634 1 1 2 2 0
608.134 1 1 2 2 0
608.634 1 1 2 2 0
609.134 1 1 2 2 0
609.634 1 1 2 2 0
610.134 1 1 2 2 0
610.634 1 1 2 2 0
611.134 1 1 2 2 0
611.634 1 1 2 2 0
612.134 1 1 2 2 0
612.634 1 1 2 2 0
613.134 1 1 2 2 0
613.634 1 1 2 2 0
614.134 1 1 2 2 0
614.634 1 1 2 2 0
615.134 1 1 2 2 0
615.634 1 1 2 2 0
616.134 1 1 2 2 0
616.634 1 1 2 2 0
617.134 1 1 2 2 0
617.634 1 1 2 2 0
618.134 1 1 2 2 0
618.634 1 1 2 2 0
619.134 1 1 2 2 0
619.634 1 1 2 2 0
620.134 1 1 2 2 0
620.634 1 1 2 2 0
621.134 1 1 2 2 0
621.634 1 1 2 2 0
622.134 1 1 2 2 0
622.634 1 1 2 2 0
623.134 1 1 2 2 0
623.634 1 1 2 2 0
624.134 1 1 2 2 0
624.634 1 1 2 2 0
625.134 1 1 2 2 0
625.634 1 1 2 2 0
626.134 1 1 2 2 0
626.634 1 1 2 2 0
627.134 1 1 2 2 0
627.634 1 1 2 2 0
628.134 1 1 2 2 0
628.634 1 1 2 2 0
629.134 1 1 2 2 0
629.634 1 1 2 2 0
630.134 1 1 2 2 0
630.634 1 1 2 2 0
631.134 1 1 2 2 0
631.634 1 1 2 2 0
632.134 1 1 2 2 0
632.634 1 1 2 2 0
633.134 1 1 2 2 0
633.634 1 1 2 2 0
634.134 1 1 2 2 0
634.634 1 1 2 2 0
635.134 1 1 2 2 0
635.634 1 1 2 2 0
636.134 1 1 2 2 0
636.634 1 1 2 2 0
637.134 1 1 2 2 0
637.634 1 1 2 2 0
638.134 1 1 2 2 0
638.634 1 1 2 2 0
639.134 1 1 2 2 0
639.634 1 1 2 2 0
640.134 1 1 2 2 0
640.634 1 1 2 2 0
641.134 1 1 2 2 0
641.634 1 1 2 2 0
642.134 1 1 2 2 0
642.634 1 1 2 2 0
643.134 1 1 2 2 0
117.434 0.456347 0.077969 4 1 0
117.454 0.4558 0.0779556 3 1 0
117.475 0.455993 0.0780052 3 1 0
117.503 0.456482 0.0778728 3 1 0
117.531 0.45653 0.0778599 3 1 0
117.56 0.456581 0.0778466 3 1 0
117.604 0.456642 0.0778336 3 1 0
117.67 0.456757 0.077801 3 1 0
117.769 0.456929 0.0777524 3 1 0
117.917 0.457191 0.0776972 3 1 0
118.139 0.457577 0.0775877 3 1 0
118.473 0.458153 0.0774267 3 1 0
118.973 0.458995 0.0771808 3 1 0
119.473 0.459842 0.0769544 3 1 0
119.973 0.460681 0.0767335 3 1 0
120.473 0.461518 0.0765196 3 1 0
120.973 0.46234 0.0763093 3 1 0
121.473 0.463154 0.0761035 3 1 0
121.973 0.463959 0.075898 3 1 0
122.473 0.464762 0.0757006 3 1 0
122.973 0.465558 0.0755077 3 1 0
123.473 0.466386 0.0753354 3 1 0
123.973 0.467183 0.0751513 3 1 0
124.473 0.467975 0.0749717 3 1 0
124.973 0.468708 0.0748158 3 1 0
125.473 0.469477 0.0746385 3 1 0
125.973 0.47024 0.0744649 3 1 0
126.473 0.470997 0.0742722 3 1 0
126.973 0.471748 0.0741106 3 1 0
127.473 0.472496 0.0739521 3 1 0
127.973 0.47324 0.0737862 3 1 0
128.473 0.474002 0.0736327 3 1 0
128.973 0.474758 0.0734823 3 1 0
129.473 0.475512 0.0733618 3 1 0
129.973 0.476259 0.0732188 3 1 0
130.473 0.477001 0.0730779 3 1 0
130.973 0.477724 0.0729103 3 1 0
131.473 0.478458 0.0727743 3 1 0
131.973 0.479188 0.072641 3 1 0
132.472 0.479927 0.0725316 3 1 0
132.972 0.48065 0.0724 3 1 0
133.472 0.481367 0.0722709 3 1 0
133.972 0.482076 0.0721458 3 1 0
134.472 0.482787 0.0720226 3 1 0
134.972 0.483495 0.0719022 3 1 0
135.472 0.484209 0.0717755 3 1 0
135.972 0.484908 0.0716592 3 1 0
136.472 0.485603 0.071545 3 1 0
136.972 0.486263 0.071436 3 1 0
137.472 0.486955 0.0713266 3 1 0
137.972 0.487644 0.071219 3 1 0
138.472 0.48833 0.071115 3 1 0
138.972 0.489009 0.0710106 3 1 0
139.472 0.489684 0.0709082 3 1 0
139.972 0.490349 0.0708132 3 1 0
140.472 0.491027 0.0707151 3 1 0
140.972 0.491704 0.0706188 3 1 0
141.472 0.492432 0.0705193 3 1 0
141.972 0.493099 0.0704291 3 1 0
142.472 0.493763 0.0703416 3 1 0
142.972 0.494384 0.0702474 3 1 0
143.472 0.495054 0.0701595 3 1 0
143.972 0.495723 0.0700733 3 1 0
144.472 0.496403 0.0699937 3 1 0
144.972 0.497063 0.0699061 3 1 0
145.472 0.497721 0.0698204 3 1 0
145.972 0.498366 0.0697446 3 1 0
146.472 0.499032 0.069665 3 1 0
146.972 0.499698 0.0695868 3 1 0
147.472 0.500392 0.0695009 3 1 0
147.972 0.501051 0.0694223 3 1 0
148.472 0.501707 0.0693455 3 1 0
148.972 0.50233 0.0693104 3 1 0
149.472 0.502995 0.0692358 3 1 0
149.972 0.50366 0.0691624 3 1 0
150.472 0.504396 0.0690814 3 1 0
150.972 0.505045 0.0690045 3 1 0
151.472 0.50569 0.0689281 3 1 0
151.972 0.506293 0.0688644 3 1 0
152.472 0.506954 0.0688013 3 1 0
152.972 0.507614 0.06874 3 1 0
153.472 0.508244 0.0686536 3 1 0
153.972 0.508916 0.0685901 3 1 0
154.472 0.509591 0.0685275 3 1 0
154.972 0.510297 0.0684657 3 1 0
155.472 0.510953 0.0684075 3 1 0
155.972 0.511606 0.0683517 3 1 0
156.472 0.512256 0.0682903 3 1 0
156.972 0.512938 0.0682305 3 1 0
157.472 0.513622 0.0681715 3 1 0
157.972 0.514295 0.0681197 3 1 0
158.472 0.514991 0.0680643 3 1 0
158.972 0.515692 0.0680102 3 1 0
159.472 0.516495 0.0679662 3 1 0
159.972 0.51717 0.0679019 3 1 0
160.472 0.517895 0.0678415 3 1 0
160.972 0.518495 0.0677886 3 1 0
161.472 0.519213 0.0677351 3 1 0
161.972 0.519933 0.0676833 3 1 0
162.472 0.52056 0.0676659 3 1 0
162.972 0.521271 0.0676126 3 1 0
163.472 0.521994 0.0675591 3 1 0
163.972 0.522807 0.0674874 3 1 0
164.472 0.523547 0.0674417 3 1 0
164.972 0.524289 0.0673983 3 1 0
165.472 0.524937 0.0674029 3 1 0
165.972 0.525686 0.067364 3 1 0
166.472 0.526442 0.0673254 3 1 0
166.972 0.527141 0.0672119 3 1 0
167.472 0.527914 0.0671655 3 1 0
167.972 0.528697 0.0671198 3 1 0
168.472 0.529509 0.0671457 3 1 0
168.972 0.53029 0.0670914 3 1 0
169.472 0.531073 0.0670339 3 1 0
169.972 0.531784 0.0669492 3 1 0
170.472 0.532589 0.0669071 3 1 0
170.972 0.533398 0.0668668 3 1 0
171.472 0.534245 0.0668305 3 1 0
171.972 0.535045 0.0667966 3 1 0
172.472 0.535848 0.0667659 3 1 0
172.972 0.536501 0.066709 3 1 0
173.472 0.537319 0.0666698 3 1 0
173.972 0.538176 0.0666305 3 1 0
174.472 0.539347 0.0665968 3 1 0
174.972 0.540247 0.0665719 3 1 0
175.472 0.541072 0.0665531 3 1 0
175.972 0.541577 0.0665389 3 1 0
176.472 0.542469 0.0664874 3 1 0
176.972 0.54335 0.0664364 3 1 0
177.472 0.54407 0.0664061 3 1 0
177.972 0.545023 0.0663712 3 1 0
178.472 0.546095 0.0663307 3 1 0
178.972 0.547476 0.0662678 3 1 0
179.472 0.548366 0.0662237 4 1 0
179.971 0.549351 0.0661892 4 1 0
180.471 0.550508 0.0661586 3 1 0
180.971 0.55154 0.0661183 3 1 0
181.471 0.552587 0.0660844 3 1 0
181.971 0.553407 0.0661192 3 1 0
182.471 0.554415 0.0660775 3 1 0
182.971 0.555335 0.0660441 3 1 0
183.471 0.556779 0.0659933 3 1 0
183.971 0.557876 0.0659546 3 1 0
184.471 0.558961 0.0659179 3 1 0
184.971 0.560244 0.0658717 3 1 0
185.471 0.561401 0.0658366 3 1 0
185.971 0.562538 0.0658033 3 1 0
186.471 0.564107 0.065749 4 1 0
186.971 0.565544 0.065723 4 1 0
187.471 0.56695 0.0657026 4 1 0
187.971 0.568502 0.0657285 3 1 0
188.471 0.569891 0.0657404 3 1 0
188.97 0.57127 0.0656962 3 1 0
189.471 0.571485 0.0656435 3 1 0
189.971 0.572728 0.0656266 3 1 0
189.972 0.573725 0.0656132 4 1 0
189.896 0.573796 0.0655875 3 1 0
189.864 0.573711 0.0655791 3 1 0
189.831 0.573544 0.0655746 3 1 0
189.865 0.573332 0.0655329 4 1 0
189.798 0.572944 0.065541 4 1 0
189.741 0.572875 0.0655448 4 1 0
189.741 0.573036 0.0655347 4 1 0
117.434 0.456347 0.077969 4 1 0
117.414 0.455737 0.0779761 3 1 0
117.393 0.455863 0.0780479 3 1 0
117.365 0.456239 0.0779412 3 1 0
117.338 0.456192 0.0779554 3 1 0
117.309 0.45614 0.0779708 3 1 0
117.265 0.456047 0.0780015 3 1 0
117.199 0.455931 0.0780343 3 1 0
117.1 0.455757 0.0780839 3 1 0
116.952 0.455501 0.078175 3 1 0
116.729 0.455107 0.0782885 3 1 0
116.396 0.454511 0.0784617 3 1 0
115.896 0.453608 0.0786983 3 1 0
115.396 0.452701 0.0789679 3 1 0
114.896 0.451784 0.0792448 3 1 0
114.396 0.450855 0.0795247 3 1 0
113.896 0.449919 0.0798149 3 1 0
113.396 0.448973 0.0801135 3 1 0
112.896 0.448013 0.0804182 3 1 0
112.396 0.447043 0.0807318 3 1 0
111.896 0.446062 0.0810547 3 1 0
111.396 0.445068 0.0813887 3 1 0
110.896 0.444062 0.0817322 3 1 0
110.396 0.443043 0.0820867 3 1 0
109.896 0.442009 0.0824532 3 1 0
109.396 0.440962 0.0828312 3 1 0
108.896 0.4399 0.0832222 3 1 0
108.396 0.438822 0.0836267 3 1 0
107.896 0.437729 0.0840247 3 1 0
107.396 0.436626 0.0844363 3 1 0
106.896 0.435571 0.084868 3 1 0
106.396 0.434515 0.0853082 3 1 0
105.896 0.433443 0.0857645 3 1 0
105.396 0.432351 0.0862656 3 1 0
104.896 0.431243 0.0867517 3 1 0
104.396 0.430116 0.0872569 3 1 0
103.896 0.42897 0.0877738 3 1 0
103.396 0.427801 0.0883286 3 1 0
102.896 0.42661 0.0889082 3 1 0
102.396 0.425396 0.0895126 3 1 0
101.896 0.424152 0.0901492 3 1 0
101.396 0.422879 0.0908185 3 1 0
100.896 0.421573 0.091464 3 1 0
100.396 0.420235 0.0921798 3 1 0
99.8962 0.41886 0.092937 3 1 0
99.3962 0.417494 0.093798 3 1 0
98.8963 0.416045 0.0946229 3 1 0
98.3963 0.414544 0.0955057 3 1 0
97.8963 0.412991 0.0964493 3 1 0
97.3964 0.41155 0.0975021 3 1 0
96.8964 0.410037 0.0986556 3 1 0
96.3964 0.408401 0.0998779 3 1 0
95.8965 0.406697 0.101303 3 1 0
95.3965 0.404826 0.102963 3 1 0
94.8966 0.402689 0.104938 3 1 0
94.3967 0.40002 0.107682 3 1 0
94.1468 0.398195 0.109729 3 1 0
94.0095 0.396955 0.111441 3 1 0
93.934 0.395863 0.112987 3 1 0
93.9133 0.395366 0.113709 3 1 0
93.902 0.394886 0.114328 3 1 0
93.899 0.394679 0.114638 3 1 0
93.8979 0.394561 0.114816 3 1 0
93.8979 0.394595 0.114821 3 1 0
97.3964 0.41155 0.0975021 4 1 0
97.3864 0.411521 0.0975245 3 1 0
97.3764 0.411492 0.0975469 3 1 0
97.3664 0.411416 0.0975488 3 1 0
97.3564 0.411387 0.0975706 3 1 0
97.3464 0.411358 0.0975924 3 1 0
97.3364 0.41133 0.0976253 3 1 0
97.3264 0.411301 0.0976467 3 1 0
97.3164 0.411272 0.0976682 3 1 0
97.3064 0.411255 0.0976805 3 1 0
97.2964 0.411226 0.0977025 3 1 0
97.2864 0.411197 0.0977246 3 1 0
97.2764 0.411152 0.0977531 3 1 0
97.2664 0.411123 0.0977749 3 1 0
97.2564 0.411094 0.0977968 3 1 0
97.2464 0.411081 0.0978137 3 1 0
97.2364 0.411052 0.0978361 3 1 0
97.2264 0.411022 0.0978585 3 1 0
97.2164 0.410976 0.0978857 3 1 0
97.2064 0.410946 0.0979078 3 1 0
97.1964 0.410917 0.0979299 3 1 0
97.1864 0.410902 0.0979478 3 1 0
97.1764 0.410872 0.0979704 3 1 0
97.1664 0.410843 0.097993 3 1 0
97.1564 0.410801 0.0980183 3 1 0
97.1464 0.410771 0.0980407 3 1 0
97.1364 0.410742 0.0980632 3 1 0
97.1264 0.410725 0.0980848 3 1 0
97.1164 0.410695 0.0981078 3 1 0
97.1064 0.410665 0.0981308 3 1 0
97.0964 0.410624 0.0981527 3 1 0
97.0864 0.410595 0.0981755 3 1 0
97.0764 0.410565 0.0981984 3 1 0
97.0664 0.410544 0.0982227 3 1 0
97.0564 0.410514 0.098246 3 1 0
97.0464 0.410484 0.0982692 3 1 0
97.0364 0.410449 0.0982902 3 1 0
97.0264 0.410419 0.0983134 3 1 0
97.0164 0.410388 0.0983367 3 1 0
97.0064 0.410364 0.0983642 3 1 0
96.9964 0.410334 0.0983878 3 1 0
96.9864 0.410304 0.0984114 3 1 0
96.9764 0.410264 0.0984299 3 1 0
96.9664 0.410233 0.0984533 3 1 0
96.9564 0.410203 0.0984768 3 1 0
96.9464 0.410184 0.09851 3 1 0
96.9364 0.410153 0.098534 3 1 0
96.9264 0.410123 0.0985581 3 1 0
96.9164 0.410074 0.0985738 3 1 0
96.9064 0.410044 0.0985973 3 1 0
96.8964 0.410013 0.0986209 3 1 0
96.8864 0.410003 0.098664 3 1 0
96.8764 0.409972 0.0986884 3 1 0
96.8664 0.409941 0.098713 3 1 0
96.8564 0.409886 0.0987214 3 1 0
96.8464 0.409855 0.098745 3 1 0
96.8364 0.409824 0.0987687 3 1 0
96.8264 0.409817 0.0988082 3 1 0
96.8164 0.409785 0.098833 3 1 0
96.8064 0.409754 0.0988578 3 1 0
96.7964 0.409701 0.0988652 3 1 0
96.7864 0.40967 0.0988891 3 1 0
96.7764 0.409639 0.0989131 3 1 0
96.7664 0.409637 0.0990028 3 1 0
96.7564 0.409606 0.0990282 3 1 0
96.7464 0.409574 0.0990536 3 1 0
96.7364 0.409521 0.0990112 3 1 0
96.7264 0.40949 0.0990354 3 1 0
96.7164 0.409459 0.0990597 3 1 0
96.7064 0.409444 0.0991161 3 1 0
96.6964 0.409412 0.0991417 3 1 0
96.6864 0.409381 0.0991673 3 1 0
96.6764 0.409326 0.0991639 3 1 0
96.6664 0.409295 0.0991883 3 1 0
96.6564 0.409263 0.0992128 3 1 0
96.6464 0.409252 0.099268 3 1 0
96.6364 0.40922 0.0992939 3 1 0
96.6264 0.409188 0.0993198 3 1 0
96.6164 0.409137 0.0993097 3 1 0
96.6064 0.409105 0.0993346 3 1 0
96.5964 0.409073 0.0993596 3 1 0
96.5864 0.409059 0.0994184 3 1 0
96.5764 0.409027 0.0994446 3 1 0
96.5664 0.408995 0.0994709 3 1 0
96.5564 0.408948 0.099459 3 1 0
96.5464 0.408916 0.0994844 3 1 0
96.5364 0.408884 0.0995098 3 1 0
96.5264 0.408866 0.0995797 3 1 0
96.5164 0.408834 0.0996063 3 1 0
96.5064 0.408801 0.099633 3 1 0
96.4964 0.40876 0.0996115 3 1 0
96.4864 0.408728 0.0996375 3 1 0
96.4764 0.408695 0.0996636 3 1 0
96.4664 0.408664 0.099696 3 1 0
96.4564 0.408632 0.0997225 3 1 0
96.4464 0.408599 0.0997491 3 1 0
96.4364 0.408568 0.0997855 3 1 0
96.4264 0.408535 0.0998124 3 1 0
96.4165 0.408502 0.0998393 3 1 0
96.4065 0.408461 0.0998473 3 1 0
96.3965 0.408428 0.0998739 3 1 0
96.3865 0.408396 0.0999005 3 1 0
96.3765 0.40837 0.0999513 3 1 0
96.3665 0.408337 0.0999787 3 1 0
96.3565 0.408303 0.100006 3 1 0
96.3465 0.408263 0.100007 3 1 0
96.3365 0.40823 0.100034 3 1 0
96.3265 0.408197 0.100061 3 1 0
96.3165 0.408169 0.100109 3 1 0
96.3065 0.408136 0.100137 3 1 0
96.2965 0.408103 0.100164 3 1 0
96.2865 0.408065 0.100171 3 1 0
96.2765 0.408032 0.100199 3 1 0
96.2665 0.407998 0.100226 3 1 0
96.2565 0.407967 0.100266 3 1 0
96.2465 0.407933 0.100295 3 1 0
96.2365 0.4079 0.100323 3 1 0
96.2265 0.407864 0.10034 3 1 0
96.2165 0.40783 0.100368 3 1 0
96.2065 0.407796 0.100396 3 1 0
96.1965 0.407763 0.100429 3 1 0
96.1865 0.407729 0.100457 3 1 0
96.1765 0.407695 0.100486 3 1 0
96.1665 0.407661 0.100512 3 1 0
96.1565 0.407626 0.10054 3 1 0
96.1465 0.407592 0.100569 3 1 0
96.1365 0.407558 0.100596 3 1 0
96.1265 0.407523 0.100625 3 1 0
96.1165 0.407489 0.100654 3 1 0
96.1065 0.407455 0.100685 3 1 0
96.0965 0.40742 0.100714 3 1 0
96.0865 0.407386 0.100743 3 1 0
96.0765 0.40735 0.100767 3 1 0
96.0665 0.407316 0.100797 3 1 0
96.0565 0.407281 0.100826 3 1 0
96.0465 0.407247 0.10086 3 1 0
96.0365 0.407212 0.100889 3 1 0
96.0265 0.407177 0.100919 3 1 0
96.0165 0.407141 0.100942 3 1 0
96.0065 0.407106 0.100972 3 1 0
95.9965 0.407071 0.101002 3 1 0
95.9865 0.407036 0.101037 3 1 0
95.9765 0.407001 0.101067 3 1 0
95.9665 0.406966 0.101097 3 1 0
95.9565 0.40693 0.101119 3 1 0
95.9465 0.406895 0.10115 3 1 0
95.9365 0.406859 0.10118 3 1 0
95.9265 0.406824 0.101218 3 1 0
95.9165 0.406788 0.101248 3 1 0
95.9065 0.406752 0.101279 3 1 0
95.8965 0.406716 0.101298 3 1 0
95.8865 0.406681 0.101329 3 1 0
95.8765 0.406645 0.10136 3 1 0
95.8665 0.406609 0.101404 3 1 0
95.8565 0.406573 0.101435 3 1 0
95.8465 0.406537 0.101466 3 1 0
95.8365 0.4065 0.101477 3 1 0
95.8265 0.406463 0.101508 3 1 0
95.8165 0.406427 0.10154 3 1 0
95.8065 0.406391 0.101601 3 1 0
95.7965 0.406354 0.101632 3 1 0
95.7865 0.406318 0.101664 3 1 0
95.7765 0.40628 0.10166 3 1 0
95.7665 0.406243 0.101692 3 1 0
95.7565 0.406206 0.101724 3 1 0
95.7465 0.40617 0.101805 3 1 0
95.7365 0.406133 0.101837 3 1 0
95.7265 0.406095 0.10187 3 1 0
95.7165 0.406058 0.101851 3 1 0
95.7065 0.40602 0.101883 3 1 0
95.6965 0.405983 0.101916 3 1 0
95.6865 0.405946 0.102002 3 1 0
95.6765 0.405908 0.102035 3 1 0
95.6665 0.405871 0.102068 3 1 0
95.6565 0.405833 0.102047 3 1 0
95.6465 0.405795 0.10208 3 1 0
95.6365 0.405757 0.102113 3 1 0
95.6265 0.405719 0.102196 3 1 0
95.6165 0.405681 0.10223 3 1 0
95.6065 0.405643 0.102264 3 1 0
95.5965 0.405605 0.102246 3 1 0
95.5865 0.405567 0.10228 3 1 0
95.5765 0.405528 0.102314 3 1 0
95.5665 0.405489 0.102391 3 1 0
95.5565 0.40545 0.102425 3 1 0
95.5465 0.405412 0.10246 3 1 0
95.5365 0.405373 0.102466 3 1 0
95.5265 0.405334 0.1025 3 1 0
95.5166 0.405296 0.102535 3 1 0
95.5066 0.405258 0.102558 3 1 0
95.4966 0.405218 0.102593 3 1 0
95.4866 0.405179 0.102628 3 1 0
95.4766 0.405138 0.102732 3 1 0
95.4666 0.405099 0.102768 3 1 0
95.4566 0.405059 0.102804 3 1 0
95.4466 0.405023 0.102763 3 1 0
95.4366 0.404983 0.102798 3 1 0
95.4266 0.404943 0.102834 3 1 0
95.4166 0.4049 0.10295 3 1 0
95.4066 0.40486 0.102985 3 1 0
95.4066 0.40486 0.102985 4 1 0
95.3966 0.40482 0.10302 3 1 0
95.3866 0.40478 0.103055 3 1 0
95.3766 0.404743 0.103036 3 1 0
95.3666 0.404703 0.103073 3 1 0
95.3566 0.404662 0.10311 3 1 0
95.3466 0.404619 0.103192 3 1 0
95.3366 0.404578 0.10323 3 1 0
95.3266 0.404537 0.103267 3 1 0
95.3166 0.404497 0.103254 3 1 0
95.3066 0.404456 0.103291 3 1 0
95.2966 0.404415 0.103329 3 1 0
95.2866 0.404373 0.103415 3 1 0
95.2766 0.404331 0.103453 3 1 0
95.2666 0.40429 0.103492 3 1 0
95.2566 0.404251 0.10349 3 1 0
95.2466 0.404209 0.103529 3 1 0
95.2366 0.404168 0.103567 3 1 0
95.2266 0.404123 0.103621 3 1 0
95.2166 0.404081 0.10366 3 1 0
95.2066 0.404039 0.1037 3 1 0
95.1966 0.403999 0.103737 3 1 0
95.1866 0.403957 0.103776 3 1 0
95.1766 0.403914 0.103817 3 1 0
95.1666 0.40387 0.103862 3 1 0
95.1566 0.403827 0.103902 3 1 0
95.1466 0.403784 0.103943 3 1 0
95.1366 0.403744 0.103995 3 1 0
95.1266 0.4037 0.104036 3 1 0
95.1166 0.403657 0.104077 3 1 0
95.1066 0.403614 0.104106 3 1 0
95.0966 0.403571 0.104146 3 1 0
95.0866 0.403527 0.104186 3 1 0
95.0766 0.403485 0.104215 3 1 0
95.0666 0.403441 0.104256 3 1 0
95.0566 0.403396 0.104297 3 1 0
95.0466 0.403353 0.104324 3 1 0
95.0366 0.403309 0.104366 3 1 0
95.0266 0.403264 0.104408 3 1 0
95.0166 0.403221 0.104437 3 1 0
95.0066 0.403176 0.10448 3 1 0
94.9966 0.403131 0.104522 3 1 0
94.9866 0.403086 0.104553 3 1 0
94.9766 0.403041 0.104597 3 1 0
94.9666 0.402995 0.10464 3 1 0
94.9566 0.40295 0.104675 3 1 0
94.9466 0.402904 0.104719 3 1 0
94.9366 0.402858 0.104763 3 1 0
94.9266 0.402811 0.104802 3 1 0
94.9166 0.402765 0.104847 3 1 0
94.9066 0.402718 0.104892 3 1 0
94.8966 0.40267 0.104941 3 1 0
94.8866 0.402623 0.104987 3 1 0
94.8766 0.402575 0.105033 3 1 0
94.8667 0.402519 0.105126 3 1 0
94.8567 0.402471 0.105173 3 1 0
94.8467 0.402423 0.10522 3 1 0
94.8367 0.402361 0.105254 3 1 0
94.8267 0.402312 0.105301 3 1 0
94.8167 0.402263 0.105348 3 1 0
94.8067 0.402206 0.105358 3 1 0
94.7967 0.402157 0.105406 3 1 0
94.7867 0.402108 0.105455 3 1 0
94.7767 0.402106 0.105552 3 1 0
94.7667 0.402057 0.105601 3 1 0
94.7567 0.402007 0.105651 3 1 0
94.7467 0.401974 0.105687 3 1 0
94.7367 0.401924 0.105737 3 1 0
94.7267 0.401874 0.105787 3 1 0
94.7167 0.401817 0.105809 3 1 0
94.7067 0.401766 0.105861 3 1 0
94.6967 0.401715 0.105912 3 1 0
94.6867 0.401664 0.105979 3 1 0
94.6767 0.401613 0.106032 3 1 0
94.6667 0.401561 0.106085 3 1 0
94.6567 0.401518 0.106125 3 1 0
94.6467 0.401466 0.106179 3 1 0
94.6367 0.401413 0.106233 3 1 0
94.6267 0.401374 0.106279 3 1 0
94.6167 0.401321 0.106334 3 1 0
94.6067 0.401268 0.106389 3 1 0
94.5967 0.401224 0.106445 3 1 0
94.5867 0.40117 0.106501 3 1 0
94.5767 0.401116 0.106558 3 1 0
94.5667 0.401075 0.106618 3 1 0
94.5567 0.401021 0.106676 3 1 0
94.5467 0.400966 0.106734 3 1 0
94.5367 0.400924 0.106789 3 1 0
94.5267 0.40087 0.106848 3 1 0
94.5167 0.400815 0.106908 3 1 0
94.5067 0.400749 0.106968 3 1 0
94.4967 0.400693 0.107029 3 1 0
94.4867 0.400636 0.107091 3 1 0
94.4767 0.400558 0.107154 3 1 0
94.4667 0.400499 0.107216 3 1 0
94.4568 0.400441 0.10728 3 1 0
94.4468 0.400358 0.107359 3 1 0
94.4368 0.400298 0.107423 3 1 0
94.4268 0.400237 0.107489 3 1 0
94.4168 0.400161 0.107543 3 1 0
94.4068 0.400099 0.10761 3 1 0
94.3968 0.400037 0.107678 3 1 0
94.3868 0.399967 0.107743 3 1 0
94.3768 0.399903 0.107812 3 1 0
94.3668 0.399839 0.107882 3 1 0
94.3568 0.399766 0.107954 3 1 0
94.3468 0.399701 0.108026 3 1 0
94.3368 0.399634 0.108098 3 1 0
94.3268 0.399548 0.108194 3 1 0
94.3168 0.39948 0.108269 3 1 0
94.3068 0.399412 0.108345 3 1 0
94.2968 0.399324 0.10841 3 1 0
94.2868 0.399253 0.108488 3 1 0
94.2768 0.399182 0.108567 3 1 0
94.2668 0.399102 0.108638 3 1 0
94.2568 0.399029 0.108719 3 1 0
94.2468 0.398955 0.108802 3 1 0
94.2368 0.398876 0.108886 3 1 0
94.2268 0.3988 0.108972 3 1 0
94.2168 0.398722 0.109059 3 1 0
94.2069 0.398629 0.109164 3 1 0
94.1969 0.398549 0.109254 3 1 0
94.1869 0.398468 0.109346 3 1 0
94.1769 0.398426 0.109442 3 1 0
94.1669 0.398353 0.109538 3 1 0
94.1569 0.398279 0.109635 3 1 0
94.1469 0.398224 0.109756 3 1 0
94.1369 0.398146 0.109858 3 1 0
94.1269 0.398067 0.109963 3 1 0
94.1169 0.398033 0.110076 3 1 0
94.1069 0.39795 0.110186 3 1 0
94.0969 0.397864 0.110299 3 1 0
94.0869 0.397781 0.110437 3 1 0
94.0769 0.397691 0.110557 3 1 0
94.067 0.397598 0.11068 3 1 0
94.057 0.397512 0.110798 3 1 0
94.047 0.397413 0.11093 3 1 0
94.037 0.397311 0.111067 3 1 0
94.027 0.39721 0.111209 3 1 0
94.017 0.397101 0.111357 3 1 0
94.007 0.396986 0.111512 3 1 0
93.997 0.396859 0.111657 3 1 0
93.9871 0.396734 0.11183 3 1 0
93.9771 0.396602 0.112014 3 1 0
93.9671 0.396388 0.112219 3 1 0
93.9571 0.396239 0.11243 3 1 0
93.9471 0.396078 0.112661 3 1 0
93.9372 0.395977 0.112892 3 1 0
93.9272 0.395769 0.113186 3 1 0
93.9173 0.395523 0.113536 3 1 0
93.9074 0.395207 0.113991 3 1 0
93.8977 0.394585 0.114895 3 1 0
93.8972 0.394442 0.115105 3 1 0
93.8972 0.394353 0.115233 4 1 0
93.8976 0.394223 0.115428 4 1 0
93.8986 0.394094 0.115625 4 1 0
93.9 0.393981 0.115811 4 1 0
93.9023 0.393839 0.116025 4 1 0
93.9057 0.393674 0.116276 4 1 0
93.9109 0.393477 0.11658 4 1 0
93.9186 0.393241 0.11694 4 1 0
93.9286 0.392995 0.117318 4 1 0
93.9385 0.392784 0.117614 4 1 0
93.9485 0.392595 0.117905 4 1 0
93.9585 0.392424 0.118172 4 1 0
93.9685 0.392269 0.118462 4 1 0
93.9784 0.392121 0.118695 4 1 0
93.9884 0.391982 0.118915 4 1 0
93.9984 0.391846 0.119075 4 1 0
94.0084 0.391719 0.119275 4 1 0
94.0184 0.391597 0.119467 4 1 0
94.0284 0.391483 0.119652 4 1 0
94.0384 0.39137 0.119832 4 1 0
94.0483 0.391261 0.120006 4 1 0
94.0583 0.391154 0.120175 4 1 0
94.0683 0.391051 0.12034 4 1 0
94.0783 0.39095 0.1205 4 1 0
94.0883 0.39085 0.120644 4 1 0
94.0983 0.390754 0.120798 4 1 0
94.1083 0.39066 0.120948 4 1 0
94.1183 0.39057 0.121091 4 1 0
94.1283 0.39048 0.121235 4 1 0
94.1383 0.390391 0.121377 4 1 0
94.1483 0.390307 0.121518 4 1 0
94.1583 0.390221 0.121655 4 1 0
94.1683 0.390137 0.121791 4 1 0
94.1783 0.390052 0.121919 4 1 0
94.1882 0.389971 0.12205 4 1 0
94.1982 0.389891 0.122179 4 1 0
94.2082 0.389812 0.122307 4 1 0
94.2182 0.389734 0.122433 4 1 0
94.2282 0.389657 0.122557 4 1 0
94.2382 0.389582 0.12268 4 1 0
94.2482 0.389508 0.122801 4 1 0
94.2582 0.389433 0.122921 4 1 0
94.2682 0.389358 0.123044 4 1 0
94.2782 0.389285 0.123161 4 1 0
94.2882 0.389214 0.123277 4 1 0
94.2982 0.38914 0.123402 4 1 0
94.3082 0.38907 0.123515 4 1 0
94.3082 0.38907 0.123515 4 1 0
94.3182 0.389001 0.123628 4 1 0
94.3282 0.388932 0.123739 4 1 0
94.3382 0.388856 0.123877 4 1 0
94.3482 0.388789 0.123986 4 1 0
94.3582 0.388722 0.124095 4 1 0
94.3682 0.388653 0.124209 4 1 0
94.3782 0.388587 0.124316 4 1 0
94.3882 0.388522 0.124422 4 1 0
94.3982 0.388464 0.124521 4 1 0
94.4082 0.3884 0.124625 4 1 0
94.4182 0.388336 0.124728 4 1 0
94.4282 0.38827 0.124812 4 1 0
94.4382 0.388207 0.124914 4 1 0
94.4482 0.388145 0.125015 4 1 0
94.4582 0.388092 0.125121 4 1 0
94.4682 0.388031 0.125221 4 1 0
94.4781 0.38797 0.12532 4 1 0
94.4881 0.387917 0.125415 4 1 0
94.4981 0.387857 0.125513 4 1 0
94.5081 0.387797 0.125611 4 1 0
94.5181 0.387737 0.125718 4 1 0
94.5281 0.387678 0.125814 4 1 0
94.5381 0.38762 0.12591 4 1 0
94.5481 0.387566 0.126021 4 1 0
94.5581 0.387508 0.126115 4 1 0
94.5681 0.387451 0.126209 4 1 0
94.5781 0.387392 0.126331 4 1 0
94.5881 0.387335 0.126424 4 1 0
94.5981 0.387279 0.126518 4 1 0
94.6081 0.387216 0.126559 4 1 0
94.6181 0.387161 0.126651 4 1 0
94.6281 0.387105 0.126742 4 1 0
94.6381 0.387026 0.126833 4 1 0
94.6481 0.38697 0.126924 4 1 0
94.6581 0.386916 0.127013 4 1 0
94.6681 0.38689 0.127124 4 1 0
94.6781 0.386836 0.127214 4 1 0
94.6881 0.386782 0.127303 4 1 0
94.6981 0.386729 0.127368 4 1 0
94.7081 0.386676 0.127456 4 1 0
94.7181 0.386622 0.127544 4 1 0
94.7281 0.386555 0.127615 4 1 0
94.7381 0.386502 0.127702 4 1 0
94.7481 0.386449 0.127788 4 1 0
94.7581 0.386406 0.127875 4 1 0
94.7681 0.386354 0.127961 4 1 0
94.7781 0.386302 0.128047 4 1 0
94.7881 0.386262 0.128141 4 1 0
94.7981 0.38621 0.128226 4 1 0
94.8081 0.386159 0.12831 4 1 0
94.8181 0.386099 0.12838 4 1 0
94.8281 0.386048 0.128464 4 1 0
94.8381 0.385997 0.128547 4 1 0
94.8481 0.385963 0.128648 4 1 0
94.8581 0.385913 0.128731 4 1 0
94.8681 0.385863 0.128814 4 1 0
94.8781 0.385798 0.12888 4 1 0
94.8881 0.385748 0.128962 4 1 0
94.8981 0.385699 0.129043 4 1 0
94.9081 0.385665 0.129138 4 1 0
94.9181 0.385616 0.129219 4 1 0
94.9281 0.385567 0.1293 4 1 0
94.9381 0.385507 0.129366 4 1 0
94.9481 0.385458 0.129446 4 1 0
94.9581 0.38541 0.129525 4 1 0
94.9681 0.385376 0.129617 4 1 0
94.9781 0.385328 0.129697 4 1 0
94.9881 0.385281 0.129776 4 1 0
94.9981 0.385224 0.129841 4 1 0
95.0081 0.385176 0.12992 4 1 0
95.0181 0.385129 0.129998 4 1 0
95.0281 0.385095 0.130088 4 1 0
95.038 0.385048 0.130166 4 1 0
95.048 0.385001 0.130244 4 1 0
95.058 0.384946 0.130309 4 1 0
95.068 0.3849 0.130386 4 1 0
95.078 0.384853 0.130463 4 1 0
95.088 0.384818 0.13055 4 1 0
95.098 0.384772 0.130626 4 1 0
95.108 0.384726 0.130703 4 1 0
95.118 0.384673 0.130768 4 1 0
95.128 0.384628 0.130843 4 1 0
95.138 0.384582 0.130919 4 1 0
95.148 0.384546 0.131003 4 1 0
95.158 0.384501 0.131078 4 1 0
95.168 0.384456 0.131153 4 1 0
95.178 0.384405 0.131219 4 1 0
95.188 0.38436 0.131293 4 1 0
95.198 0.384316 0.131368 4 1 0
95.208 0.384279 0.131449 4 1 0
95.218 0.384234 0.131523 4 1 0
95.228 0.38419 0.131597 4 1 0
95.238 0.384142 0.131663 4 1 0
95.248 0.384097 0.131736 4 1 0
95.258 0.384053 0.131809 4 1 0
95.268 0.384015 0.131887 4 1 0
95.278 0.383971 0.13196 4 1 0
95.288 0.383928 0.132033 4 1 0
95.298 0.383882 0.1321 4 1 0
95.308 0.383838 0.132172 4 1 0
95.318 0.383795 0.132245 4 1 0
95.328 0.383756 0.132319 4 1 0
95.338 0.383712 0.132391 4 1 0
95.348 0.383669 0.132463 4 1 0
95.358 0.383625 0.132531 4 1 0
95.368 0.383582 0.132602 4 1 0
95.378 0.383539 0.132673 4 1 0
95.388 0.383499 0.132746 4 1 0
95.398 0.383457 0.132817 4 1 0
95.408 0.383414 0.132887 4 1 0
95.418 0.383371 0.132956 4 1 0
95.428 0.383329 0.133026 4 1 0
95.438 0.383287 0.133096 4 1 0
95.448 0.383246 0.133167 4 1 0
95.458 0.383204 0.133237 4 1 0
95.468 0.383162 0.133307 4 1 0
95.478 0.38312 0.133375 4 1 0
95.488 0.383078 0.133444 4 1 0
95.498 0.383036 0.133513 4 1 0
95.508 0.382995 0.133583 4 1 0
95.518 0.382953 0.133652 4 1 0
95.528 0.382912 0.133721 4 1 0
95.538 0.38287 0.133789 4 1 0
95.548 0.382828 0.133857 4 1 0
95.558 0.382787 0.133925 4 1 0
95.568 0.382745 0.133994 4 1 0
95.578 0.382704 0.134062 4 1 0
95.588 0.382663 0.13413 4 1 0
95.598 0.38262 0.134198 4 1 0
95.608 0.382579 0.134265 4 1 0
95.618 0.382539 0.134333 4 1 0
95.628 0.382492 0.134405 4 1 0
95.638 0.382451 0.134473 4 1 0
95.648 0.382411 0.13454 4 1 0
95.658 0.382368 0.134602 4 1 0
95.668 0.382328 0.134669 4 1 0
95.678 0.382288 0.134736 4 1 0
95.688 0.382257 0.134801 4 1 0
95.698 0.382217 0.134867 4 1 0
95.708 0.382177 0.134933 4 1 0
95.718 0.382139 0.134999 4 1 0
95.728 0.3821 0.135065 4 1 0
95.738 0.38206 0.135131 4 1 0
95.748 0.382023 0.135199 4 1 0
95.758 0.381983 0.135265 4 1 0
95.768 0.381943 0.13533 4 1 0
95.778 0.381903 0.135402 4 1 0
95.788 0.381864 0.135467 4 1 0
95.798 0.381825 0.135532 4 1 0
95.808 0.381787 0.13561 4 1 0
95.818 0.381747 0.135675 4 1 0
95.828 0.381708 0.13574 4 1 0
95.838 0.381668 0.135821 4 1 0
95.848 0.381629 0.135886 4 1 0
95.858 0.381591 0.13595 4 1 0
95.868 0.381546 0.136052 4 1 0
95.878 0.381507 0.136115 4 1 0
95.888 0.381468 0.136179 4 1 0
95.898 0.381403 0.136185 4 1 0
95.908 0.381364 0.136249 4 1 0
95.918 0.381326 0.136313 4 1 0
95.928 0.381282 0.136444 4 1 0
95.938 0.381244 0.136508 4 1 0
95.948 0.381206 0.136572 4 1 0
95.958 0.38118 0.136634 4 1 0
95.968 0.381142 0.136698 4 1 0
95.978 0.381104 0.136762 4 1 0
95.988 0.381111 0.136805 4 1 0
95.998 0.381074 0.136868 4 1 0
96.008 0.381038 0.13693 4 1 0
96.018 0.381 0.136967 4 1 0
96.028 0.380963 0.13703 4 1 0
96.038 0.380925 0.137093 4 1 0
96.048 0.380887 0.137154 4 1 0
96.058 0.380849 0.137216 4 1 0
96.068 0.380812 0.137278 4 1 0
96.078 0.380764 0.137354 4 1 0
96.088 0.380727 0.137416 4 1 0
96.098 0.380689 0.137478 4 1 0
96.108 0.380617 0.137516 4 1 0
96.118 0.38058 0.137578 4 1 0
96.128 0.380542 0.13764 4 1 0
96.138 0.380489 0.137751 4 1 0
96.148 0.380452 0.137812 4 1 0
96.158 0.380416 0.137873 4 1 0
96.1679 0.380417 0.137859 4 1 0
96.1779 0.380382 0.13792 4 1 0
96.1879 0.380346 0.137981 4 1 0
96.1979 0.380317 0.13805 4 1 0
96.2079 0.380281 0.138111 4 1 0
96.2179 0.380244 0.138171 4 1 0
96.2279 0.380222 0.138276 4 1 0
96.2379 0.380186 0.138337 4 1 0
96.2479 0.380149 0.138397 4 1 0
96.2579 0.380071 0.138406 4 1 0
96.2679 0.380035 0.138466 4 1 0
96.2779 0.379998 0.138526 4 1 0
96.2879 0.379984 0.138658 4 1 0
96.2979 0.379948 0.138717 4 1 0
96.2979 0.379948 0.138717 4 1 0
96.3079 0.379912 0.138777 4 1 0
96.3179 0.379875 0.138836 4 1 0
96.3279 0.379841 0.138901 4 1 0
96.3379 0.379805 0.138961 4 1 0
96.3479 0.379769 0.139021 4 1 0
96.3579 0.379708 0.139035 4 1 0
96.3679 0.379672 0.139095 4 1 0
96.3779 0.379636 0.139154 4 1 0
96.3879 0.379608 0.139243 4 1 0
96.3979 0.379572 0.139302 4 1 0
96.4079 0.379537 0.13936 4 1 0
96.4179 0.379515 0.139366 4 1 0
96.4279 0.37948 0.139425 4 1 0
96.4379 0.379446 0.139484 4 1 0
96.4479 0.379438 0.139548 4 1 0
96.4579 0.379403 0.139606 4 1 0
96.4679 0.379368 0.139665 4 1 0
96.4779 0.379335 0.139786 4 1 0
96.4879 0.379299 0.139845 4 1 0
96.4979 0.379264 0.139904 4 1 0
96.5079 0.379212 0.139966 4 1 0
96.5179 0.379177 0.140025 4 1 0
96.5279 0.379142 0.140083 4 1 0
96.5379 0.379095 0.140162 4 1 0
96.5479 0.37906 0.14022 4 1 0
96.5579 0.379025 0.140277 4 1 0
96.5679 0.37898 0.140318 4 1 0
96.5779 0.378945 0.140376 4 1 0
96.5879 0.37891 0.140434 4 1 0
96.5979 0.378892 0.140517 4 1 0
96.6079 0.378858 0.140574 4 1 0
96.6179 0.378825 0.140631 4 1 0
96.6279 0.37886 0.140701 4 1 0
96.6379 0.378827 0.140759 4 1 0
96.6479 0.378793 0.140817 4 1 0
96.6579 0.378696 0.140778 4 1 0
96.6679 0.378662 0.140835 4 1 0
96.6779 0.378629 0.140892 4 1 0
96.6879 0.378571 0.140938 4 1 0
96.6979 0.378537 0.140995 4 1 0
96.7079 0.378503 0.141052 4 1 0
96.7179 0.378507 0.141121 4 1 0
96.7279 0.378473 0.141178 4 1 0
96.7379 0.378439 0.141234 4 1 0
96.7479 0.378376 0.141267 4 1 0
96.7579 0.378342 0.141323 4 1 0
96.7679 0.378308 0.14138 4 1 0
96.7779 0.378314 0.141474 4 1 0
96.7879 0.37828 0.14153 4 1 0
96.7979 0.378247 0.141586 4 1 0
96.8079 0.378197 0.141649 4 1 0
96.8179 0.378163 0.141705 4 1 0
96.8279 0.378129 0.141761 4 1 0
96.8379 0.378074 0.141837 4 1 0
96.8479 0.378041 0.141892 4 1 0
96.8579 0.378007 0.141947 4 1 0
96.8679 0.377967 0.141975 4 1 0
96.8779 0.377934 0.142031 4 1 0
96.8879 0.377902 0.142086 4 1 0
96.8979 0.377895 0.142148 4 1 0
96.9079 0.377861 0.142203 4 1 0
96.9179 0.377828 0.142258 4 1 0
96.9279 0.377796 0.142338 4 1 0
96.9379 0.377762 0.142393 4 1 0
96.9479 0.377729 0.142449 4 1 0
96.9579 0.377662 0.142513 4 1 0
96.9679 0.37763 0.142568 4 1 0
96.9779 0.377598 0.142622 4 1 0
96.9879 0.37763 0.142654 4 1 0
96.9979 0.377598 0.142709 4 1 0
97.0079 0.377566 0.142764 4 1 0
97.0179 0.377475 0.14277 4 1 0
97.0279 0.377443 0.142825 4 1 0
97.0379 0.377412 0.142879 4 1 0
97.0479 0.377407 0.142963 4 1 0
97.0579 0.377374 0.143018 4 1 0
97.0679 0.377341 0.143073 4 1 0
97.0779 0.377319 0.143124 4 1 0
97.0879 0.377286 0.143178 4 1 0
97.0979 0.377253 0.143232 4 1 0
97.1079 0.37721 0.143291 4 1 0
97.1179 0.377177 0.143345 4 1 0
97.1279 0.377144 0.1434 4 1 0
97.1379 0.377132 0.14346 4 1 0
97.1479 0.377099 0.143514 4 1 0
97.1579 0.377067 0.143567 4 1 0
97.1679 0.377025 0.143665 4 1 0
97.1779 0.376992 0.143719 4 1 0
97.1879 0.37696 0.143773 4 1 0
97.1979 0.376899 0.143821 4 1 0
97.2079 0.376867 0.143874 4 1 0
97.2179 0.376835 0.143926 4 1 0
97.2279 0.376818 0.144007 4 1 0
97.2379 0.376786 0.144061 4 1 0
97.2479 0.376755 0.144115 4 1 0
97.2579 0.376715 0.144102 4 1 0
97.2679 0.376682 0.144155 4 1 0
97.2779 0.37665 0.144208 4 1 0
97.2879 0.376639 0.144314 4 1 0
97.2979 0.376607 0.144367 4 1 0
97.3079 0.376575 0.14442 4 1 0
97.3179 0.376543 0.144441 4 1 0
97.3279 0.376512 0.144493 4 1 0
97.3379 0.37648 0.144546 4 1 0
97.3479 0.376435 0.14465 4 1 0
97.3579 0.376403 0.144702 4 1 0
97.3679 0.376371 0.144754 4 1 0
97.3779 0.376351 0.144772 4 1 0
97.3879 0.376319 0.144824 4 1 0
97.3979 0.376287 0.144876 4 1 0
97.4079 0.376231 0.144951 4 1 0
97.4179 0.3762 0.145003 4 1 0
97.4279 0.376168 0.145054 4 1 0
97.4379 0.376136 0.145094 4 1 0
97.4479 0.376104 0.145146 4 1 0
97.4579 0.376073 0.145199 4 1 0
97.4679 0.376085 0.145208 4 1 0
97.4779 0.376054 0.145259 4 1 0
97.4879 0.376023 0.145311 4 1 0
97.4979 0.375989 0.145427 4 1 0
97.5079 0.375958 0.145479 4 1 0
97.5179 0.375926 0.145531 4 1 0
97.5279 0.375901 0.145543 4 1 0
97.5379 0.375869 0.145595 4 1 0
97.5479 0.375838 0.145646 4 1 0
97.5579 0.375775 0.145735 4 1 0
97.5679 0.375744 0.145786 4 1 0
97.5779 0.375713 0.145837 4 1 0
97.5879 0.37569 0.14588 4 1 0
97.5979 0.375659 0.145932 4 1 0
97.6079 0.375628 0.145983 4 1 0
97.6179 0.375629 0.145995 4 1 0
97.6279 0.375598 0.146046 4 1 0
97.6379 0.375567 0.146097 4 1 0
97.6479 0.375518 0.146197 4 1 0
97.6579 0.375487 0.146247 4 1 0
97.6679 0.375456 0.146298 4 1 0
97.6779 0.375439 0.146332 4 1 0
97.6879 0.375408 0.146383 4 1 0
97.6979 0.375377 0.146433 4 1 0
97.7079 0.375355 0.146476 4 1 0
97.7179 0.375324 0.146526 4 1 0
97.7279 0.375293 0.146576 4 1 0
97.7379 0.375258 0.146635 4 1 0
97.7479 0.375227 0.146685 4 1 0
97.7579 0.375197 0.146735 4 1 0
97.7679 0.375172 0.146787 4 1 0
97.7779 0.375141 0.146837 4 1 0
97.7879 0.375111 0.146887 4 1 0
97.7979 0.375086 0.146933 4 1 0
97.8079 0.375056 0.146982 4 1 0
97.8179 0.375025 0.147032 4 1 0
97.8279 0.374994 0.147089 4 1 0
97.8379 0.374964 0.147138 4 1 0
97.8479 0.374934 0.147188 4 1 0
97.8579 0.374909 0.147238 4 1 0
97.8679 0.374878 0.147288 4 1 0
97.8779 0.374848 0.147337 4 1 0
97.8879 0.374821 0.14739 4 1 0
97.8979 0.374791 0.147439 4 1 0
97.9079 0.374761 0.147488 4 1 0
97.9179 0.374733 0.147543 4 1 0
97.9279 0.374703 0.147592 4 1 0
97.9379 0.374673 0.147641 4 1 0
97.9479 0.374645 0.147702 4 1 0
97.9579 0.374615 0.147751 4 1 0
97.9679 0.374585 0.1478 4 1 0
97.9779 0.374561 0.147843 4 1 0
97.9879 0.374531 0.147892 4 1 0
97.9979 0.374501 0.147942 4 1 0
98.0079 0.374482 0.147956 4 1 0
98.0179 0.374452 0.148005 4 1 0
98.0279 0.374422 0.148053 4 1 0
98.0379 0.374354 0.148108 4 1 0
98.0479 0.374324 0.148158 4 1 0
98.0579 0.374294 0.148207 4 1 0
98.0679 0.374292 0.148266 4 1 0
98.0779 0.374262 0.148315 4 1 0
98.0879 0.374233 0.148363 4 1 0
98.0979 0.37423 0.148383 4 1 0
98.1079 0.374201 0.148432 4 1 0
98.1179 0.374172 0.14848 4 1 0
98.1279 0.374081 0.148618 4 1 0
98.1379 0.374052 0.148667 4 1 0
98.1479 0.374022 0.148716 4 1 0
98.1579 0.374026 0.148679 4 1 0
98.1679 0.373997 0.148727 4 1 0
98.1779 0.373967 0.148775 4 1 0
98.1879 0.373946 0.148883 4 1 0
98.1979 0.373917 0.148931 4 1 0
98.2079 0.373887 0.148979 4 1 0
98.2179 0.373871 0.148992 4 1 0
98.2279 0.373841 0.14904 4 1 0
98.2379 0.373812 0.149089 4 1 0
98.2479 0.373806 0.149106 4 1 0
98.2579 0.373777 0.149154 4 1 0
98.2679 0.373748 0.149202 4 1 0
98.2779 0.373694 0.149311 4 1 0
98.2879 0.373665 0.14936 4 1 0
98.2879 0.373665 0.14936 4 1 0
98.2979 0.373636 0.149408 4 1 0
98.3079 0.373607 0.149456 4 1 0
98.3179 0.373589 0.149451 4 1 0
98.3279 0.37356 0.149499 4 1 0
98.3379 0.373531 0.149547 4 1 0
98.3479 0.373534 0.149574 4 1 0
98.3579 0.373506 0.149622 4 1 0
98.3679 0.373477 0.149669 4 1 0
98.3779 0.373426 0.149746 4 1 0
98.3879 0.373397 0.149794 4 1 0
98.3979 0.373368 0.149842 4 1 0
98.4079 0.37336 0.149887 4 1 0
98.4179 0.373332 0.149934 4 1 0
98.4279 0.373303 0.149981 4 1 0
98.4379 0.373263 0.150082 4 1 0
98.4479 0.373235 0.150128 4 1 0
98.4579 0.373206 0.150175 4 1 0
98.4679 0.373176 0.150201 4 1 0
98.4779 0.373148 0.150248 4 1 0
98.4879 0.373119 0.150294 4 1 0
98.4978 0.373104 0.150327 4 1 0
98.5078 0.373076 0.150374 4 1 0
98.5178 0.373048 0.15042 4 1 0
98.5278 0.373016 0.15048 4 1 0
98.5378 0.372987 0.150528 4 1 0
98.5478 0.372959 0.150575 4 1 0
98.5578 0.372941 0.150615 4 1 0
98.5678 0.372912 0.150661 4 1 0
98.5778 0.372884 0.150707 4 1 0
98.5878 0.372856 0.150765 4 1 0
98.5978 0.372828 0.150812 4 1 0
98.6078 0.3728 0.150859 4 1 0
98.6178 0.372776 0.150892 4 1 0
98.6278 0.372748 0.150939 4 1 0
98.6378 0.37272 0.150986 4 1 0
98.6478 0.372696 0.151035 4 1 0
98.6578 0.372668 0.151082 4 1 0
98.6678 0.37264 0.151129 4 1 0
98.6778 0.372613 0.151161 4 1 0
98.6878 0.372585 0.151207 4 1 0
98.6978 0.372557 0.151254 4 1 0
98.7078 0.372533 0.151296 4 1 0
98.7178 0.372505 0.151342 4 1 0
98.7278 0.372477 0.151389 4 1 0
98.7378 0.37245 0.151424 4 1 0
98.7478 0.372422 0.15147 4 1 0
98.7578 0.372395 0.151517 4 1 0
98.7678 0.372368 0.151551 4 1 0
98.7778 0.37234 0.151597 4 1 0
98.7878 0.372312 0.151643 4 1 0
98.7978 0.372284 0.151674 4 1 0
98.8078 0.372257 0.15172 4 1 0
98.8178 0.372229 0.151766 4 1 0
98.8278 0.372195 0.15179 4 1 0
98.8378 0.372167 0.151836 4 1 0
98.8478 0.372139 0.151882 4 1 0
98.8578 0.372117 0.151935 4 1 0
98.8678 0.37209 0.151981 4 1 0
98.8778 0.372062 0.152027 4 1 0
98.8878 0.372038 0.15207 4 1 0
98.8978 0.372011 0.152115 4 1 0
98.9078 0.371983 0.152161 4 1 0
98.9178 0.371959 0.152205 4 1 0
98.9278 0.371931 0.15225 4 1 0
98.9378 0.371904 0.152296 4 1 0
98.9478 0.371881 0.152343 4 1 0
98.9578 0.371853 0.152388 4 1 0
98.9678 0.371826 0.152434 4 1 0
98.9778 0.371801 0.152478 4 1 0
98.9878 0.371774 0.152523 4 1 0
98.9978 0.371746 0.152568 4 1 0
99.0078 0.371722 0.152614 4 1 0
99.0178 0.371695 0.152659 4 1 0
99.0278 0.371668 0.152704 4 1 0
99.0378 0.371643 0.152749 4 1 0
99.0478 0.371616 0.152794 4 1 0
99.0578 0.371589 0.152839 4 1 0
99.0678 0.371564 0.152884 4 1 0
99.0778 0.371537 0.152929 4 1 0
99.0878 0.37151 0.152974 4 1 0
99.0978 0.371485 0.153018 4 1 0
99.1078 0.371458 0.153063 4 1 0
99.1178 0.371431 0.153108 4 1 0
99.1278 0.371407 0.153152 4 1 0
99.1378 0.37138 0.153197 4 1 0
99.1478 0.371353 0.153242 4 1 0
99.1578 0.371328 0.153286 4 1 0
99.1678 0.371302 0.153331 4 1 0
99.1778 0.371275 0.153375 4 1 0
99.1878 0.37125 0.153419 4 1 0
99.1978 0.371223 0.153464 4 1 0
99.2078 0.371196 0.153508 4 1 0
99.2178 0.371172 0.153552 4 1 0
99.2278 0.371145 0.153596 4 1 0
99.2378 0.371118 0.153641 4 1 0
99.2478 0.371094 0.153684 4 1 0
99.2578 0.371067 0.153729 4 1 0
99.2678 0.371041 0.153773 4 1 0
99.2778 0.371016 0.153816 4 1 0
99.2878 0.370989 0.153861 4 1 0
99.2978 0.370963 0.153905 4 1 0
99.3078 0.370938 0.153948 4 1 0
99.3178 0.370912 0.153992 4 1 0
99.3278 0.370885 0.154036 4 1 0
99.3378 0.37086 0.154079 4 1 0
99.3478 0.370834 0.154123 4 1 0
99.3578 0.370807 0.154167 4 1 0
99.3678 0.370783 0.154209 4 1 0
99.3778 0.370756 0.154253 4 1 0
99.3878 0.37073 0.154297 4 1 0
99.3978 0.370705 0.154339 4 1 0
99.4078 0.370679 0.154383 4 1 0
99.4178 0.370652 0.154427 4 1 0
99.4278 0.370627 0.154469 4 1 0
99.4378 0.370601 0.154512 4 1 0
99.4478 0.370575 0.154556 4 1 0
99.4578 0.37055 0.154598 4 1 0
99.4678 0.370523 0.154641 4 1 0
99.4778 0.370497 0.154685 4 1 0
99.4878 0.370472 0.154726 4 1 0
99.4978 0.370445 0.154769 4 1 0
99.5078 0.370419 0.154813 4 1 0
99.5178 0.370393 0.154854 4 1 0
99.5278 0.370367 0.154897 4 1 0
99.5378 0.370341 0.15494 4 1 0
99.5478 0.370313 0.154983 4 1 0
99.5578 0.370287 0.155026 4 1 0
99.5678 0.370261 0.155069 4 1 0
99.5778 0.370225 0.155126 4 1 0
99.5878 0.370199 0.155169 4 1 0
99.5978 0.370173 0.155212 4 1 0
99.6078 0.370154 0.155241 4 1 0
99.6178 0.370128 0.155284 4 1 0
99.6278 0.370102 0.155327 4 1 0
99.6378 0.370074 0.155379 4 1 0
99.6478 0.370048 0.155422 4 1 0
99.6578 0.370022 0.155465 4 1 0
99.6678 0.370006 0.155498 4 1 0
99.6778 0.36998 0.155541 4 1 0
99.6878 0.369954 0.155583 4 1 0
99.6978 0.36993 0.155627 4 1 0
99.7078 0.369904 0.155669 4 1 0
99.7178 0.369878 0.155712 4 1 0
99.7278 0.369849 0.155761 4 1 0
99.7378 0.369823 0.155803 4 1 0
99.7478 0.369798 0.155845 4 1 0
99.7578 0.369786 0.155884 4 1 0
99.7678 0.36976 0.155927 4 1 0
99.7778 0.369735 0.155969 4 1 0
99.7878 0.369713 0.156009 4 1 0
99.7978 0.369687 0.156051 4 1 0
99.8078 0.369662 0.156094 4 1 0
99.8178 0.369634 0.156134 4 1 0
99.8278 0.369608 0.156176 4 1 0
99.8378 0.369583 0.156219 4 1 0
99.8478 0.369548 0.156278 4 1 0
99.8578 0.369522 0.156319 4 1 0
99.8678 0.369497 0.156361 4 1 0
99.8778 0.369492 0.156409 4 1 0
99.8878 0.369466 0.156451 4 1 0
99.8978 0.369441 0.156493 4 1 0
99.9078 0.369421 0.15653 4 1 0
99.9178 0.369395 0.156573 4 1 0
99.9278 0.36937 0.156615 4 1 0
99.9378 0.369345 0.156646 4 1 0
99.9478 0.369319 0.156688 4 1 0
99.9578 0.369294 0.15673 4 1 0
99.9678 0.36927 0.15677 4 1 0
99.9778 0.369245 0.156812 4 1 0
99.9878 0.36922 0.156854 4 1 0
99.9978 0.369195 0.156891 4 1 0
100.008 0.36917 0.156933 4 1 0
100.018 0.369145 0.156975 4 1 0
100.028 0.369118 0.157013 4 1 0
100.038 0.369093 0.157055 4 1 0
100.048 0.369068 0.157096 4 1 0
100.058 0.369033 0.157152 4 1 0
100.068 0.369008 0.157194 4 1 0
100.078 0.368983 0.157235 4 1 0
100.088 0.368978 0.157296 4 1 0
100.098 0.368953 0.157338 4 1 0
100.108 0.368928 0.157379 4 1 0
100.118 0.368907 0.157421 4 1 0
100.128 0.368882 0.157462 4 1 0
100.138 0.368857 0.157504 4 1 0
100.148 0.368832 0.157531 4 1 0
100.158 0.368808 0.157572 4 1 0
100.168 0.368783 0.157614 4 1 0
100.178 0.36876 0.157654 4 1 0
100.188 0.368735 0.157695 4 1 0
100.198 0.36871 0.157737 4 1 0
100.208 0.368686 0.157773 4 1 0
100.218 0.368661 0.157814 4 1 0
100.228 0.368637 0.157855 4 1 0
100.238 0.368613 0.157893 4 1 0
100.248 0.368588 0.157934 4 1 0
100.258 0.368563 0.157975 4 1 0
100.268 0.368539 0.158012 4 1 0
100.278 0.368515 0.158053 4 1 0
100.278 0.368515 0.158053 4 1 0
100.288 0.36849 0.158094 4 1 0
100.298 0.368465 0.158135 4 1 0
100.308 0.368441 0.15817 4 1 0
100.318 0.368417 0.15821 4 1 0
100.328 0.368392 0.158251 4 1 0
100.338 0.368364 0.158285 4 1 0
100.348 0.368339 0.158325 4 1 0
100.358 0.368315 0.158366 4 1 0
100.368 0.368297 0.158419 4 1 0
100.378 0.368273 0.15846 4 1 0
100.388 0.368249 0.158501 4 1 0
100.398 0.368225 0.158537 4 1 0
100.408 0.368201 0.158578 4 1 0
100.418 0.368176 0.158618 4 1 0
100.428 0.368148 0.158649 4 1 0
100.438 0.368123 0.158689 4 1 0
100.448 0.368099 0.158729 4 1 0
100.458 0.368083 0.15879 4 1 0
100.468 0.368059 0.15883 4 1 0
100.478 0.368034 0.15887 4 1 0
100.488 0.368012 0.158911 4 1 0
100.498 0.367988 0.158951 4 1 0
100.508 0.367964 0.158992 4 1 0
100.518 0.367939 0.159021 4 1 0
100.528 0.367914 0.159061 4 1 0
100.538 0.36789 0.159101 4 1 0
100.548 0.367863 0.15913 4 1 0
100.558 0.367839 0.15917 4 1 0
100.568 0.367815 0.15921 4 1 0
100.578 0.367797 0.159271 4 1 0
100.588 0.367773 0.159311 4 1 0
100.598 0.367749 0.159351 4 1 0
100.608 0.367726 0.159385 4 1 0
100.618 0.367702 0.159425 4 1 0
100.628 0.367678 0.159465 4 1 0
100.638 0.367649 0.159488 4 1 0
100.648 0.367625 0.159528 4 1 0
100.658 0.367601 0.159568 4 1 0
100.668 0.367585 0.159638 4 1 0
100.678 0.367561 0.159677 4 1 0
100.688 0.367537 0.159717 4 1 0
100.698 0.367514 0.159756 4 1 0
100.708 0.367491 0.159796 4 1 0
100.718 0.367467 0.159835 4 1 0
100.728 0.367442 0.159861 4 1 0
100.738 0.367418 0.1599 4 1 0
100.748 0.367394 0.15994 4 1 0
100.758 0.367367 0.159963 4 1 0
100.768 0.367344 0.160002 4 1 0
100.778 0.36732 0.160041 4 1 0
100.788 0.367303 0.160119 4 1 0
100.798 0.367279 0.160158 4 1 0
100.808 0.367256 0.160198 4 1 0
100.818 0.367233 0.160237 4 1 0
100.828 0.367209 0.160276 4 1 0
100.838 0.367185 0.160316 4 1 0
100.848 0.367161 0.16034 4 1 0
100.858 0.367138 0.160379 4 1 0
100.868 0.367114 0.160418 4 1 0
100.878 0.367089 0.160439 4 1 0
100.888 0.367066 0.160478 4 1 0
100.898 0.367042 0.160517 4 1 0
100.908 0.367021 0.160572 4 1 0
100.918 0.366998 0.160611 4 1 0
100.928 0.366974 0.16065 4 1 0
100.938 0.366948 0.160666 4 1 0
100.948 0.366924 0.160705 4 1 0
100.958 0.366901 0.160744 4 1 0
100.968 0.366883 0.160839 4 1 0
100.978 0.36686 0.160878 4 1 0
100.988 0.366836 0.160917 4 1 0
100.998 0.366814 0.16096 4 1 0
101.008 0.36679 0.160999 4 1 0
101.018 0.366767 0.161038 4 1 0
101.028 0.366743 0.16106 4 1 0
101.038 0.36672 0.161098 4 1 0
101.048 0.366697 0.161137 4 1 0
101.058 0.366674 0.161164 4 1 0
101.068 0.36665 0.161203 4 1 0
101.078 0.366627 0.161242 4 1 0
101.088 0.366602 0.161252 4 1 0
101.098 0.366579 0.16129 4 1 0
101.108 0.366556 0.161329 4 1 0
101.118 0.366535 0.161402 4 1 0
101.128 0.366512 0.16144 4 1 0
101.138 0.366489 0.161479 4 1 0
101.148 0.366465 0.161489 4 1 0
101.158 0.366442 0.161527 4 1 0
101.168 0.366419 0.161565 4 1 0
101.178 0.366397 0.161621 4 1 0
101.188 0.366374 0.16166 4 1 0
101.198 0.366351 0.161698 4 1 0
101.208 0.366327 0.161715 4 1 0
101.218 0.366304 0.161753 4 1 0
101.228 0.366281 0.161791 4 1 0
101.238 0.36626 0.16187 4 1 0
101.248 0.366237 0.161908 4 1 0
101.258 0.366214 0.161946 4 1 0
101.268 0.36619 0.16196 4 1 0
101.278 0.366168 0.161998 4 1 0
101.288 0.366145 0.162036 4 1 0
101.298 0.366121 0.162062 4 1 0
101.308 0.366099 0.162099 4 1 0
101.318 0.366076 0.162137 4 1 0
101.328 0.366054 0.162214 4 1 0
101.338 0.366031 0.162252 4 1 0
101.348 0.366008 0.16229 4 1 0
101.358 0.365985 0.16229 4 1 0
101.368 0.365962 0.162328 4 1 0
101.378 0.365939 0.162365 4 1 0
101.388 0.365917 0.16243 4 1 0
101.398 0.365894 0.162468 4 1 0
101.408 0.365872 0.162506 4 1 0
101.418 0.365849 0.162508 4 1 0
101.428 0.365826 0.162545 4 1 0
101.438 0.365803 0.162583 4 1 0
101.448 0.365781 0.162667 4 1 0
101.458 0.365758 0.162705 4 1 0
101.468 0.365735 0.162742 4 1 0
101.478 0.365713 0.162775 4 1 0
101.488 0.36569 0.162813 4 1 0
101.498 0.365668 0.162851 4 1 0
101.508 0.365644 0.162836 4 1 0
101.518 0.365622 0.162873 4 1 0
101.528 0.365599 0.16291 4 1 0
101.538 0.365576 0.16297 4 1 0
101.548 0.365553 0.163007 4 1 0
101.558 0.365531 0.163044 4 1 0
101.568 0.365509 0.163108 4 1 0
101.578 0.365486 0.163145 4 1 0
101.588 0.365464 0.163182 4 1 0
101.598 0.365442 0.163231 4 1 0
101.608 0.365419 0.163268 4 1 0
101.618 0.365397 0.163304 4 1 0
101.628 0.365374 0.163351 4 1 0
101.638 0.365352 0.163387 4 1 0
101.648 0.365329 0.163424 4 1 0
101.658 0.365308 0.163419 4 1 0
101.668 0.365285 0.163456 4 1 0
101.678 0.365263 0.163493 4 1 0
101.688 0.365239 0.163563 4 1 0
101.698 0.365217 0.1636 4 1 0
101.708 0.365195 0.163637 4 1 0
101.718 0.365173 0.163645 4 1 0
101.728 0.365151 0.163682 4 1 0
101.738 0.365129 0.163719 4 1 0
101.748 0.365104 0.163783 4 1 0
101.758 0.365082 0.16382 4 1 0
101.768 0.36506 0.163856 4 1 0
101.778 0.365041 0.163836 4 1 0
101.788 0.365019 0.163873 4 1 0
101.798 0.364996 0.16391 4 1 0
101.808 0.364969 0.163967 4 1 0
101.818 0.364947 0.164003 4 1 0
101.828 0.364925 0.16404 4 1 0
101.838 0.364902 0.164106 4 1 0
101.848 0.36488 0.164142 4 1 0
101.858 0.364858 0.164178 4 1 0
101.868 0.364839 0.164226 4 1 0
101.878 0.364817 0.164262 4 1 0
101.888 0.364795 0.164299 4 1 0
101.898 0.364774 0.164275 4 1 0
101.908 0.364752 0.164311 4 1 0
101.918 0.36473 0.164348 4 1 0
101.928 0.3647 0.164399 4 1 0
101.938 0.364678 0.164435 4 1 0
101.948 0.364656 0.164471 4 1 0
101.958 0.364635 0.164538 4 1 0
101.968 0.364613 0.164574 4 1 0
101.978 0.364591 0.16461 4 1 0
101.988 0.364573 0.164665 4 1 0
101.998 0.364551 0.164701 4 1 0
102.008 0.364529 0.164737 4 1 0
102.018 0.364508 0.164722 4 1 0
102.028 0.364486 0.164758 4 1 0
102.038 0.364464 0.164794 4 1 0
102.048 0.364434 0.164837 4 1 0
102.058 0.364412 0.164872 4 1 0
102.068 0.364391 0.164908 4 1 0
102.078 0.364371 0.16499 4 1 0
102.088 0.364349 0.165026 4 1 0
102.098 0.364328 0.165061 4 1 0
102.108 0.364314 0.165032 4 1 0
102.118 0.364292 0.165068 4 1 0
102.128 0.364271 0.165104 4 1 0
102.138 0.364232 0.165147 4 1 0
102.148 0.36421 0.165183 4 1 0
102.158 0.364189 0.165218 4 1 0
102.168 0.364172 0.165285 4 1 0
102.178 0.36415 0.165321 4 1 0
102.188 0.364129 0.165356 4 1 0
102.198 0.36411 0.165415 4 1 0
102.208 0.364089 0.16545 4 1 0
102.218 0.364067 0.165485 4 1 0
102.228 0.364044 0.16549 4 1 0
102.238 0.364023 0.165526 4 1 0
102.248 0.364002 0.165561 4 1 0
102.258 0.363971 0.165585 4 1 0
102.268 0.363949 0.165621 4 1 0
187.471 0.56695 0.0657026 4 1 0
187.481 0.566713 0.0657084 4 1 0
187.492 0.566696 0.0657097 4 1 0
187.503 0.56651 0.0657418 3 1 0
187.512 0.566654 0.0657345 4 1 0
187.523 0.566729 0.0657329 4 1 0
187.534 0.563688 0.0657765 3 1 0
187.553 0.563706 0.0657757 3 1 0
187.563 0.563707 0.0657751 3 1 0
187.573 0.566329 0.0657543 3 1 0
187.593 0.566333 0.065755 3 1 0
187.603 0.566303 0.0657577 3 1 0
187.613 0.566469 0.0657474 3 1 0
187.623 0.566463 0.0657489 3 1 0
187.633 0.56645 0.065751 3 1 0
187.644 0.56703 0.065701 3 1 0
187.66 0.567153 0.0656952 3 1 0
187.668 0.567223 0.0656908 3 1 0
187.674 0.566246 0.065686 3 1 0
187.689 0.567438 0.0656843 3 1 0
187.687 0.568182 0.0656945 3 1 0
187.6 0.566261 0.0657964 3 1 0
187.587 0.566225 0.065799 3 1 0
187.577 0.566197 0.0658009 3 1 0
187.567 0.566814 0.065716 3 1 0
187.557 0.566816 0.0657227 3 1 0
187.547 0.56683 0.065727 3 1 0
187.537 0.566876 0.065775 3 1 0
187.526 0.566847 0.0657766 3 1 0
187.516 0.56682 0.0657781 3 1 0
187.506 0.565332 0.0657081 3 1 0
187.487 0.565276 0.0657085 3 1 0
187.477 0.565244 0.0657087 3 1 0
187.468 0.566577 0.0657515 3 1 0
187.45 0.566531 0.0657523 3 1 0
187.44 0.566505 0.0657527 3 1 0
187.43 0.56643 0.0657569 3 1 0
187.423 0.566316 0.0657434 3 1 0
187.418 0.566227 0.0657368 3 1 0
187.397 0.5667 0.0657053 4 1 0
187.386 0.566398 0.0657073 4 1 0
187.375 0.566336 0.0657084 4 1 0
187.366 0.564946 0.0657085 3 1 0
187.351 0.565358 0.0657013 3 1 0
187.343 0.565858 0.0656957 3 1 0
187.33 0.566056 0.0657514 3 1 0
187.319 0.566151 0.0657565 3 1 0
187.31 0.566266 0.0657639 3 1 0
187.3 0.566253 0.0657138 3 1 0
187.29 0.56631 0.0657182 3 1 0
187.282 0.56634 0.0657242 3 1 0
187.27 0.56607 0.0657797 3 1 0
187.258 0.566037 0.0657772 3 1 0
187.248 0.566005 0.0657737 3 1 0
187.237 0.5629 0.0657329 3 1 0
187.224 0.562499 0.0657434 3 1 0
187.217 0.562518 0.0657478 3 1 0
162.472 0.52056 0.0676659 4 1 0
162.482 0.52057 0.0676668 3 1 0
162.492 0.52058 0.0676675 3 1 0
162.502 0.520552 0.0676426 3 1 0
162.511 0.520532 0.0676392 3 1 0
162.52 0.520532 0.0676363 3 1 0
162.531 0.52063 0.0676899 3 1 0
162.541 0.520637 0.067692 3 1 0
162.551 0.520647 0.067693 3 1 0
162.561 0.520793 0.0676926 3 1 0
162.57 0.520792 0.0676838 3 1 0
162.58 0.520793 0.0676773 3 1 0
162.59 0.520716 0.0676391 3 1 0
162.6 0.520731 0.0676372 3 1 0
162.61 0.520746 0.0676353 3 1 0
162.62 0.520764 0.0676313 3 1 0
162.63 0.520779 0.067629 3 1 0
162.64 0.520794 0.0676271 3 1 0
162.65 0.520779 0.067626 3 1 0
162.66 0.520762 0.0676294 3 1 0
162.669 0.520739 0.0676338 3 1 0
162.681 0.520751 0.0676486 3 1 0
162.69 0.520899 0.0676539 3 1 0
162.699 0.52105 0.0676628 3 1 0
162.711 0.520959 0.0676109 3 1 0
162.721 0.520974 0.0676098 3 1 0
162.731 0.520989 0.0676088 3 1 0
162.742 0.520935 0.0676128 3 1 0
162.751 0.52093 0.0676142 3 1 0
162.761 0.520922 0.0676161 3 1 0
162.773 0.52105 0.0676364 3 1 0
162.781 0.521235 0.0676455 3 1 0
162.787 0.521357 0.0676594 3 1 0
162.807 0.521089 0.0676035 3 1 0
162.817 0.521101 0.0676022 3 1 0
162.827 0.521114 0.0676009 3 1 0
162.837 0.521117 0.0676191 3 1 0
162.846 0.521107 0.0676231 3 1 0
162.855 0.521085 0.0676297 3 1 0
162.867 0.52131 0.0676688 3 1 0
162.877 0.521275 0.0676693 3 1 0
162.887 0.521258 0.0676626 3 1 0
162.897 0.521235 0.0676279 3 1 0
162.907 0.52125 0.0676263 3 1 0
162.917 0.521263 0.0676249 3 1 0
162.927 0.521207 0.0675917 3 1 0
162.937 0.521217 0.0675908 3 1 0
162.947 0.521225 0.06759 3 1 0
162.958 0.521235 0.0676174 3 1 0
162.968 0.52125 0.0676121 3 1 0
162.977 0.521271 0.0676082 3 1 0
162.987 0.521305 0.0676618 3 1 0
162.997 0.521322 0.0676641 3 1 0
163.007 0.521338 0.0676655 3 1 0
163.017 0.521333 0.0675901 3 1 0
163.026 0.521312 0.067587 3 1 0
163.035 0.521278 0.0675846 3 1 0
163.05 0.52159 0.0676416 3 1 0
163.058 0.521691 0.0676496 3 1 0
163.064 0.521699 0.0676323 3 1 0
163.079 0.521478 0.0675761 3 1 0
163.09 0.521492 0.0675749 3 1 0
163.1 0.521505 0.0675737 3 1 0
163.109 0.52149 0.0676186 3 1 0
163.119 0.521474 0.0676257 3 1 0
163.127 0.521443 0.0676193 3 1 0
163.141 0.521782 0.0676205 3 1 0
163.15 0.52172 0.0676309 3 1 0
163.16 0.521679 0.0676381 3 1 0
163.17 0.521643 0.0675921 3 1 0
163.18 0.521654 0.06759 3 1 0
163.19 0.521665 0.0675881 3 1 0
163.2 0.521635 0.0675702 3 1 0
163.21 0.52165 0.0675692 3 1 0
163.22 0.521665 0.0675683 3 1 0
163.23 0.521814 0.0676189 3 1 0
163.24 0.521782 0.0676245 3 1 0
163.25 0.521768 0.067628 3 1 0
163.26 0.521724 0.0675625 3 1 0
163.27 0.521741 0.0675627 3 1 0
163.28 0.521757 0.0675629 3 1 0
163.29 0.521762 0.0675787 3 1 0
163.3 0.521769 0.0675786 3 1 0
163.31 0.521774 0.0675789 3 1 0
163.321 0.521738 0.0676138 3 1 0
163.329 0.521737 0.0676038 3 1 0
163.338 0.521747 0.0675954 3 1 0
163.349 0.521791 0.0675494 3 1 0
163.359 0.521782 0.0675485 4 1 0
163.369 0.521759 0.0675478 4 1 0
163.38 0.521858 0.0675727 3 1 0
163.39 0.52188 0.0675694 3 1 0
163.4 0.521901 0.067567 3 1 0
163.41 0.521908 0.0675529 3 1 0
163.419 0.521902 0.0675501 3 1 0
163.429 0.521897 0.0675478 3 1 0
163.44 0.522113 0.067592 3 1 0
163.45 0.522081 0.0675986 3 1 0
163.46 0.522068 0.0676026 3 1 0
163.47 0.522022 0.0675552 3 1 0
163.481 0.522038 0.0675549 3 1 0
163.491 0.522054 0.0675546 3 1 0
163.5 0.522002 0.0675754 3 1 0
163.509 0.521968 0.0675676 3 1 0
163.517 0.521905 0.0675601 3 1 0
163.537 0.522413 0.0675512 3 1 0
163.544 0.522455 0.0675627 3 1 0
163.548 0.522375 0.067576 3 1 0
163.566 0.522178 0.0675279 3 1 0
163.576 0.522195 0.067527 3 1 0
163.586 0.52221 0.0675262 3 1 0
163.596 0.522215 0.0675412 3 1 0
163.606 0.522225 0.0675423 3 1 0
163.616 0.522232 0.067544 3 1 0
163.626 0.522387 0.0675355 3 1 0
163.637 0.52235 0.0675317 3 1 0
163.646 0.522336 0.0675292 3 1 0
163.657 0.522295 0.0675225 3 1 0
163.667 0.522313 0.0675223 3 1 0
163.677 0.52233 0.067522 3 1 0
163.687 0.522344 0.06755 3 1 0
163.697 0.522359 0.0675492 3 1 0
163.707 0.522375 0.0675486 3 1 0
163.717 0.522411 0.0675252 3 1 0
163.727 0.522421 0.0675237 3 1 0
163.737 0.522433 0.0675223 3 1 0
163.747 0.522462 0.0675348 3 1 0
163.758 0.522473 0.0675331 3 1 0
163.768 0.522485 0.0675315 3 1 0
163.778 0.522456 0.067535 3 1 0
163.788 0.52247 0.0675337 3 1 0
163.798 0.522484 0.0675324 3 1 0
163.808 0.522626 0.0675464 3 1 0
163.818 0.522597 0.0675503 3 1 0
163.828 0.522586 0.0675525 3 1 0
163.837 0.522568 0.0675085 3 1 0
163.848 0.522585 0.0675076 3 1 0
163.858 0.5226 0.0675066 3 1 0
163.868 0.522569 0.0675017 3 1 0
163.878 0.522579 0.0675003 3 1 0
163.888 0.522586 0.0674989 3 1 0
163.898 0.522569 0.067519 3 1 0
163.908 0.522596 0.0675141 3 1 0
163.917 0.522627 0.0675104 3 1 0
163.927 0.522736 0.0674968 3 1 0
163.936 0.522739 0.0674945 3 1 0
163.946 0.522734 0.0674927 3 1 0
163.959 0.522979 0.0674855 3 1 0
163.967 0.522928 0.0674861 3 1 0
163.976 0.522872 0.0674877 3 1 0
163.987 0.522774 0.0674909 3 1 0
163.997 0.522793 0.0674895 3 1 0
164.007 0.52281 0.0674882 3 1 0
164.017 0.522801 0.0674814 3 1 0
164.027 0.522814 0.0674804 3 1 0
164.037 0.522826 0.0674795 3 1 0
164.048 0.522818 0.0675125 3 1 0
164.058 0.52285 0.0675135 3 1 0
164.068 0.522877 0.0675137 3 1 0
164.078 0.522837 0.0674972 3 1 0
164.088 0.522856 0.0675004 3 1 0
164.097 0.52288 0.0675029 3 1 0
164.108 0.522814 0.0675126 3 1 0
164.118 0.522778 0.0675166 3 1 0
164.127 0.522724 0.0675215 3 1 0
164.14 0.522929 0.0674883 3 1 0
164.149 0.52293 0.0674917 3 1 0
164.158 0.522938 0.0674959 3 1 0
164.173 0.523364 0.0674695 3 1 0
164.181 0.52326 0.0674754 3 1 0
164.19 0.523169 0.0674798 3 1 0
164.199 0.523116 0.0674664 3 1 0
164.209 0.523111 0.0674649 3 1 0
164.219 0.523112 0.0674637 3 1 0
164.229 0.523107 0.0674635 3 1 0
164.239 0.523121 0.0674625 3 1 0
164.249 0.523135 0.0674616 3 1 0
164.259 0.523083 0.0674859 3 1 0
164.269 0.52311 0.0674812 3 1 0
164.279 0.523139 0.0674773 3 1 0
164.278 0.520461 0.0674934 3 1 0
164.268 0.520446 0.0674943 3 1 0
164.258 0.520433 0.0674952 3 1 0
164.248 0.52301 0.0674658 3 1 0
164.231 0.523017 0.067466 3 1 0
164.222 0.523035 0.067466 3 1 0
164.211 0.523059 0.067481 3 1 0
164.201 0.523037 0.0674822 3 1 0
164.191 0.523013 0.0674836 3 1 0
164.181 0.523277 0.0674776 3 1 0
164.174 0.523177 0.0674848 3 1 0
164.165 0.523081 0.0674915 3 1 0
164.154 0.52296 0.0674733 3 1 0
164.144 0.52295 0.067474 3 1 0
164.134 0.522939 0.0674747 3 1 0
164.124 0.522888 0.0675118 3 1 0
164.115 0.522871 0.0675192 3 1 0
164.106 0.522846 0.0675286 3 1 0
164.097 0.522843 0.0675086 3 1 0
164.088 0.52283 0.0675157 3 1 0
164.088 0.52283 0.0675157 4 1 0
164.078 0.522821 0.0675243 3 1 0
164.069 0.522823 0.0675329 3 1 0
164.059 0.522843 0.0674809 3 1 0
164.049 0.522828 0.0674831 3 1 0
164.039 0.522817 0.0674852 3 1 0
164.027 0.523073 0.0675135 3 1 0
164.019 0.523047 0.0675243 3 1 0
164.013 0.522961 0.0675233 3 1 0
163.998 0.522781 0.0674866 3 1 0
163.988 0.522771 0.0674871 3 1 0
163.978 0.522761 0.0674876 3 1 0
163.969 0.522503 0.0674956 3 1 0
163.963 0.522473 0.0674932 3 1 0
163.957 0.52251 0.0674922 3 1 0
163.947 0.522891 0.06751 3 1 0
163.939 0.52284 0.0675054 3 1 0
163.931 0.522762 0.0675005 3 1 0
163.913 0.522818 0.0674881 3 1 0
163.905 0.522781 0.0674924 3 1 0
163.896 0.522733 0.0674969 3 1 0
163.885 0.522618 0.0675066 3 1 0
163.875 0.522603 0.0675069 3 1 0
163.865 0.522589 0.0675074 3 1 0
163.855 0.522446 0.0675042 3 1 0
163.846 0.522443 0.0675034 3 1 0
163.836 0.522442 0.0675034 3 1 0
163.826 0.522511 0.0675041 3 1 0
163.816 0.522465 0.067504 3 1 0
163.807 0.522435 0.0675046 3 1 0
163.797 0.521824 0.0675115 3 1 0
163.786 0.521804 0.0675126 3 1 0
163.776 0.521783 0.0675136 3 1 0
163.766 0.522277 0.0675172 3 1 0
163.755 0.522281 0.0675145 3 1 0
163.745 0.522288 0.0675125 3 1 0
163.734 0.522412 0.0675297 3 1 0
163.724 0.522379 0.067529 3 1 0
163.714 0.522355 0.0675291 3 1 0
163.704 0.52243 0.0675421 3 1 0
163.694 0.522401 0.0675395 3 1 0
163.685 0.522376 0.067538 3 1 0
163.674 0.522296 0.067529 3 1 0
163.664 0.522281 0.06753 3 1 0
163.654 0.522267 0.067531 3 1 0
163.644 0.522335 0.067516 3 1 0
163.634 0.522307 0.0675176 3 1 0
163.624 0.522283 0.0675191 3 1 0
163.614 0.5223 0.0675238 3 1 0
163.604 0.522274 0.0675242 3 1 0
163.595 0.522252 0.0675248 3 1 0
163.585 0.522257 0.0675264 3 1 0
163.575 0.522233 0.067528 3 1 0
163.565 0.522212 0.0675295 3 1 0
163.555 0.522151 0.06753 3 1 0
163.545 0.522136 0.0675318 3 1 0
163.535 0.522119 0.0675338 3 1 0
163.524 0.522301 0.067532 3 1 0
163.515 0.522226 0.0675313 3 1 0
163.506 0.522163 0.0675319 3 1 0
163.495 0.522062 0.0675346 3 1 0
163.485 0.522052 0.0675354 3 1 0
163.475 0.522041 0.0675362 3 1 0
163.465 0.521988 0.0675692 3 1 0
163.456 0.52195 0.0675645 3 1 0
163.448 0.521899 0.0675595 3 1 0
163.44 0.521902 0.0675608 3 1 0
163.431 0.521882 0.067557 3 1 0
163.422 0.52187 0.0675549 3 1 0
163.408 0.522136 0.0675535 3 1 0
163.4 0.522055 0.0675603 3 1 0
163.39 0.521996 0.0675652 3 1 0
163.382 0.522081 0.0675711 3 1 0
163.373 0.522048 0.0675647 3 1 0
163.365 0.521995 0.0675606 3 1 0
163.352 0.521849 0.0675948 3 1 0
163.342 0.521836 0.0675921 3 1 0
163.333 0.521824 0.0675894 3 1 0
163.324 0.521691 0.0675513 3 1 0
163.316 0.521646 0.0675573 3 1 0
163.309 0.521615 0.0675649 3 1 0
163.287 0.522135 0.0675487 3 1 0
163.279 0.521979 0.0675504 3 1 0
163.271 0.521844 0.0675535 3 1 0
163.263 0.521882 0.0676013 3 1 0
163.254 0.521806 0.0675942 3 1 0
163.245 0.521736 0.06759 3 1 0
163.234 0.521618 0.067582 3 1 0
163.224 0.521612 0.0675796 3 1 0
163.214 0.521605 0.0675774 3 1 0
163.206 0.521607 0.0675956 4 1 0
163.192 0.521531 0.0675985 4 1 0
163.182 0.521507 0.0675996 4 1 0
163.172 0.521696 0.0675633 4 1 0
163.161 0.521554 0.0675653 3 1 0
163.151 0.521496 0.0675667 3 1 0
163.141 0.520645 0.0675979 3 1 0
163.129 0.52059 0.0675973 3 1 0
163.12 0.520533 0.0675964 3 1 0
163.11 0.521437 0.0675745 3 1 0
163.097 0.521419 0.0675761 3 1 0
163.087 0.521405 0.0675775 3 1 0
163.077 0.52142 0.0675758 3 1 0
163.067 0.521399 0.0675767 3 1 0
163.057 0.521377 0.0675776 3 1 0
163.046 0.521355 0.0676253 3 1 0
163.037 0.521357 0.0676211 3 1 0
163.027 0.521359 0.0676182 3 1 0
163.018 0.521336 0.0676389 3 1 0
163.008 0.521325 0.0676479 3 1 0
162.999 0.521318 0.0676562 3 1 0
162.988 0.52135 0.067583 3 1 0
162.978 0.521337 0.0675839 3 1 0
162.968 0.521324 0.0675848 3 1 0
162.958 0.521368 0.0676581 3 1 0
162.948 0.521329 0.0676558 3 1 0
162.938 0.521302 0.067655 3 1 0
162.928 0.521252 0.0675976 3 1 0
162.918 0.521235 0.0676009 3 1 0
162.908 0.521217 0.0676043 3 1 0
162.899 0.521112 0.0676243 3 1 0
162.891 0.521074 0.0676168 3 1 0
162.883 0.521046 0.0676099 3 1 0
162.863 0.521482 0.0675909 3 1 0
162.857 0.52152 0.0675916 3 1 0
162.853 0.521403 0.0675967 3 1 0
162.842 0.521265 0.0676538 3 1 0
162.833 0.521206 0.0676458 3 1 0
162.824 0.521142 0.0676404 3 1 0
162.813 0.521021 0.0676221 3 1 0
162.803 0.521017 0.0676204 3 1 0
162.793 0.521012 0.067619 3 1 0
162.783 0.521008 0.0676163 3 1 0
162.774 0.520995 0.0676201 3 1 0
162.764 0.520978 0.0676249 3 1 0
162.755 0.521028 0.0676248 3 1 0
162.743 0.520998 0.0676253 3 1 0
162.733 0.520977 0.067626 3 1 0
162.723 0.520929 0.067631 3 1 0
162.713 0.520923 0.0676352 3 1 0
162.703 0.520917 0.0676391 3 1 0
162.692 0.520779 0.0676399 3 1 0
162.682 0.52071 0.0676455 3 1 0
162.673 0.520629 0.0676522 3 1 0
162.66 0.520791 0.067673 3 1 0
162.652 0.520769 0.0676872 3 1 0
162.643 0.520756 0.0676787 3 1 0
162.634 0.520786 0.067689 3 1 0
162.624 0.52078 0.0676838 3 1 0
162.614 0.520776 0.0676803 3 1 0
162.605 0.52079 0.0676215 3 1 0
162.595 0.520759 0.0676228 3 1 0
162.586 0.520725 0.0676251 3 1 0
162.575 0.519767 0.0676427 3 1 0
162.563 0.519719 0.0676435 3 1 0
162.553 0.519662 0.0676442 3 1 0
162.543 0.520657 0.0676328 3 1 0
162.53 0.520638 0.0676341 3 1 0
162.52 0.520624 0.067635 3 1 0
162.51 0.520852 0.0676649 3 1 0
162.502 0.52079 0.0676747 3 1 0
162.493 0.520734 0.0676827 3 1 0
162.482 0.520628 0.0676346 3 1 0
162.471 0.52061 0.0676361 3 1 0
162.462 0.520592 0.0676377 3 1 0
162.452 0.520596 0.0676742 3 1 0
162.442 0.520573 0.0676722 3 1 0
162.432 0.520547 0.0676701 3 1 0
162.423 0.52052 0.0676495 3 1 0
162.412 0.520504 0.0676507 3 1 0
162.402 0.520489 0.0676517 3 1 0
162.392 0.52051 0.0676996 3 1 0
162.382 0.520491 0.0676991 3 1 0
162.372 0.520474 0.0676991 3 1 0
162.362 0.520382 0.0676743 3 1 0
162.352 0.520364 0.0676739 3 1 0
162.342 0.520346 0.0676733 3 1 0
162.332 0.520541 0.0676465 3 1 0
162.323 0.520478 0.0676474 3 1 0
162.313 0.520437 0.0676486 3 1 0
162.303 0.520396 0.0676757 3 1 0
162.293 0.520381 0.0676767 3 1 0
162.283 0.520366 0.0676777 3 1 0
162.273 0.520329 0.0677004 3 1 0
162.263 0.520315 0.0677036 3 1 0
162.253 0.5203 0.0677073 3 1 0
162.242 0.520457 0.0676972 3 1 0
162.233 0.520382 0.0676919 3 1 0
162.223 0.520327 0.0676893 3 1 0
162.213 0.520246 0.0676722 3 1 0
162.203 0.520235 0.0676743 3 1 0
162.193 0.520224 0.0676762 3 1 0
162.183 0.520172 0.0677008 3 1 0
162.172 0.520151 0.0677007 3 1 0
162.163 0.520128 0.0677004 3 1 0
162.152 0.520106 0.0676829 3 1 0
162.143 0.520077 0.0676796 3 1 0
162.135 0.520051 0.0676769 3 1 0
162.125 0.520077 0.0676698 3 1 0
162.116 0.520021 0.0676738 3 1 0
162.116 0.520021 0.0676738 4 1 0
162.106 0.519951 0.067679 3 1 0
162.099 0.519875 0.0676852 3 1 0
162.091 0.519982 0.0676951 3 1 0
162.077 0.519965 0.0676969 3 1 0
162.067 0.519951 0.0676982 3 1 0
162.057 0.51952 0.067688 3 1 0
162.046 0.519537 0.0676881 3 1 0
162.036 0.519566 0.0676878 3 1 0
162.025 0.51989 0.067695 3 1 0
162.011 0.519869 0.0676963 3 1 0
162.001 0.519855 0.0676972 3 1 0
161.991 0.519804 0.0676912 3 1 0
161.981 0.519788 0.0676935 3 1 0
161.971 0.519776 0.0676954 3 1 0
161.961 0.519927 0.0677084 3 1 0
161.951 0.519886 0.0677147 3 1 0
161.942 0.519855 0.0677192 3 1 0
161.931 0.519781 0.067697 3 1 0
161.921 0.519756 0.0676969 3 1 0
161.911 0.519732 0.0676968 3 1 0
161.902 0.519664 0.067697 3 1 0
161.893 0.519635 0.0676964 3 1 0
161.885 0.519627 0.0676963 3 1 0
161.873 0.519818 0.0677508 3 1 0
161.862 0.519719 0.0677465 3 1 0
161.852 0.519661 0.0677445 3 1 0
161.842 0.519594 0.0677153 3 1 0
161.831 0.519594 0.0677186 3 1 0
161.821 0.519594 0.0677216 3 1 0
161.811 0.519601 0.0677269 3 1 0
161.801 0.519593 0.0677268 3 1 0
161.791 0.519587 0.0677265 3 1 0
161.781 0.51976 0.0677015 3 1 0
161.774 0.51975 0.0677046 3 1 0
161.765 0.519705 0.0677088 3 1 0
161.755 0.51962 0.0677211 3 1 0
161.745 0.519605 0.0677206 3 1 0
161.735 0.519589 0.0677204 3 1 0
161.725 0.519522 0.0677084 3 1 0
161.715 0.519507 0.0677093 3 1 0
161.705 0.519492 0.0677103 3 1 0
161.695 0.519677 0.0677306 3 1 0
161.686 0.519632 0.0677375 3 1 0
161.677 0.519587 0.0677436 3 1 0
161.666 0.519482 0.0677177 3 1 0
161.656 0.519467 0.0677192 3 1 0
161.646 0.519452 0.0677208 3 1 0
161.636 0.51945 0.0677484 3 1 0
161.626 0.519435 0.0677473 3 1 0
161.617 0.519417 0.0677461 3 1 0
161.607 0.519383 0.0677749 3 1 0
161.596 0.519367 0.0677763 3 1 0
161.586 0.519353 0.0677776 3 1 0
161.576 0.519319 0.0677675 3 1 0
161.566 0.519302 0.0677718 3 1 0
161.556 0.519288 0.0677757 3 1 0
161.546 0.519212 0.0677546 3 1 0
161.536 0.519188 0.0677581 3 1 0
161.526 0.51916 0.0677623 3 1 0
161.515 0.519138 0.0677492 3 1 0
161.506 0.519103 0.0677562 3 1 0
161.497 0.519085 0.0677626 3 1 0
161.487 0.519128 0.0677334 3 1 0
161.477 0.519111 0.0677335 3 1 0
161.467 0.519096 0.067734 3 1 0
161.456 0.519251 0.0677402 3 1 0
161.447 0.519343 0.0677442 3 1 0
161.44 0.51938 0.0677504 3 1 0
161.428 0.519161 0.0677429 3 1 0
161.417 0.519145 0.0677438 3 1 0
161.407 0.519131 0.0677447 3 1 0
161.397 0.519066 0.0677623 3 1 0
161.388 0.51904 0.0677668 3 1 0
161.378 0.519012 0.0677717 3 1 0
161.368 0.5191 0.0677488 3 1 0
161.357 0.519061 0.0677518 3 1 0
161.347 0.519033 0.0677538 3 1 0
161.337 0.519002 0.0677507 3 1 0
161.327 0.518975 0.0677496 3 1 0
161.317 0.518947 0.0677488 3 1 0
161.304 0.519049 0.0677558 3 1 0
161.297 0.519179 0.067751 3 1 0
161.29 0.519238 0.0677493 3 1 0
161.273 0.518934 0.0677561 3 1 0
161.263 0.51892 0.0677571 3 1 0
161.253 0.518906 0.0677581 3 1 0
161.243 0.518854 0.0677681 3 1 0
161.235 0.518808 0.0677666 3 1 0
161.226 0.518751 0.0677657 3 1 0
161.216 0.518894 0.0678019 3 1 0
161.204 0.518852 0.0678064 3 1 0
161.194 0.518826 0.0678093 3 1 0
161.184 0.518816 0.0678535 3 1 0
161.174 0.518799 0.0678536 3 1 0
161.164 0.518784 0.067854 3 1 0
161.154 0.51871 0.0678242 3 1 0
161.144 0.518693 0.0678253 3 1 0
161.134 0.518676 0.0678248 3 1 0
161.123 0.51865 0.0677812 3 1 0
161.114 0.518637 0.0677799 3 1 0
161.104 0.518627 0.0677792 3 1 0
161.094 0.518635 0.0677949 3 1 0
161.085 0.5186 0.0678006 3 1 0
161.075 0.518566 0.0678075 3 1 0
161.061 0.518883 0.0677869 3 1 0
161.054 0.518864 0.0677956 3 1 0
161.047 0.518786 0.0677962 3 1 0
161.038 0.518713 0.0678517 3 1 0
161.029 0.518675 0.0678528 3 1 0
161.019 0.518639 0.0678477 3 1 0
161.008 0.518542 0.0677973 3 1 0
160.998 0.518528 0.0677961 3 1 0
160.989 0.518513 0.0677951 3 1 0
160.98 0.518225 0.0678294 3 1 0
160.976 0.518224 0.0678177 3 1 0
160.967 0.518289 0.0678125 3 1 0
160.954 0.518385 0.0678226 3 1 0
160.943 0.518373 0.0678278 3 1 0
160.933 0.518364 0.0678291 3 1 0
160.922 0.518609 0.0678008 3 1 0
160.914 0.51855 0.0678058 3 1 0
160.905 0.518494 0.0678103 3 1 0
160.894 0.518423 0.0678662 3 1 0
160.884 0.518408 0.067867 3 1 0
160.874 0.518393 0.0678679 3 1 0
160.864 0.518308 0.0677999 3 1 0
160.855 0.518271 0.0678019 3 1 0
160.846 0.518227 0.0678048 3 1 0
160.837 0.518278 0.0678072 3 1 0
160.825 0.518263 0.067808 3 1 0
160.815 0.518251 0.0678087 3 1 0
160.805 0.518509 0.0678137 3 1 0
160.797 0.518444 0.0678213 3 1 0
160.789 0.518371 0.0678282 3 1 0
160.779 0.518296 0.0678631 3 1 0
160.769 0.518269 0.067861 3 1 0
160.759 0.518246 0.0678598 3 1 0
160.749 0.518169 0.067814 3 1 0
160.739 0.518151 0.0678139 3 1 0
160.73 0.518132 0.067814 3 1 0
160.721 0.517959 0.06784 3 1 0
160.715 0.517894 0.06783 3 1 0
160.709 0.517871 0.0678251 3 1 0
160.694 0.516882 0.0678317 3 1 0
160.684 0.516766 0.0678341 3 1 0
160.674 0.51664 0.0678369 3 1 0
160.667 0.518035 0.0678562 3 1 0
160.64 0.517966 0.0678575 3 1 0
160.63 0.517934 0.0678575 3 1 0
160.62 0.517935 0.0679128 3 1 0
160.61 0.51792 0.0679114 3 1 0
160.6 0.517906 0.0679109 3 1 0
160.59 0.517846 0.0678381 3 1 0
160.58 0.51783 0.067841 3 1 0
160.571 0.51783 0.0678439 3 1 0
160.561 0.517902 0.0678275 3 1 0
160.551 0.517901 0.0678276 3 1 0
160.542 0.517897 0.0678286 3 1 0
160.529 0.517956 0.0678424 3 1 0
160.521 0.517991 0.0678366 3 1 0
160.514 0.518018 0.0678333 3 1 0
160.501 0.517804 0.0678424 3 1 0
160.491 0.51779 0.0678435 3 1 0
160.481 0.517776 0.0678446 3 1 0
160.471 0.517729 0.0678406 3 1 0
160.461 0.51771 0.0678422 3 1 0
160.451 0.517689 0.067844 3 1 0
160.44 0.517902 0.0678623 3 1 0
160.432 0.517876 0.0678702 3 1 0
160.423 0.517837 0.0678775 3 1 0
160.413 0.517763 0.0678828 3 1 0
160.403 0.517746 0.0678821 3 1 0
160.393 0.517731 0.0678817 3 1 0
160.383 0.517643 0.0678501 3 1 0
160.373 0.51763 0.067852 3 1 0
160.363 0.517617 0.0678539 3 1 0
160.352 0.51761 0.067851 3 1 0
160.343 0.517599 0.0678515 3 1 0
160.333 0.517588 0.0678523 3 1 0
160.322 0.517647 0.0678681 3 1 0
160.312 0.517623 0.0678681 3 1 0
160.302 0.517603 0.0678685 3 1 0
160.292 0.517559 0.0678714 3 1 0
160.282 0.517538 0.0678706 3 1 0
160.273 0.517515 0.0678699 3 1 0
160.26 0.517729 0.0679373 3 1 0
160.253 0.517697 0.0679234 3 1 0
160.245 0.517635 0.0679142 3 1 0
160.232 0.517485 0.067867 3 1 0
160.222 0.517471 0.0678688 3 1 0
160.212 0.517457 0.0678707 3 1 0
160.203 0.517299 0.0679118 3 1 0
160.196 0.517222 0.0679024 3 1 0
160.19 0.517135 0.0678938 3 1 0
160.152 0.51778 0.0678701 3 1 0
160.145 0.517864 0.0678791 3 1 0
160.148 0.517638 0.0678931 3 1 0
160.166 0.517302 0.0679052 3 1 0
160.18 0.517312 0.0679027 3 1 0
164.088 0.52283 0.0675157 4 1 0
164.098 0.522851 0.0675221 3 1 0
164.107 0.52288 0.0675285 3 1 0
164.118 0.52296 0.0674773 3 1 0
164.128 0.52298 0.067476 3 1 0
164.138 0.522998 0.0674748 3 1 0
164.148 0.523172 0.0674725 3 1 0
164.157 0.523119 0.0674709 3 1 0
164.167 0.523087 0.0674692 3 1 0
164.177 0.523054 0.0674668 3 1 0
164.187 0.523071 0.0674657 3 1 0
164.197 0.523087 0.0674647 3 1 0
164.207 0.523032 0.067472 3 1 0
164.217 0.52306 0.0674696 3 1 0
164.227 0.523087 0.0674676 3 1 0
164.236 0.523162 0.0674852 3 1 0
164.246 0.523162 0.0674811 3 1 0
164.255 0.523156 0.067477 3 1 0
164.266 0.523302 0.0674643 3 1 0
164.277 0.523272 0.0674668 3 1 0
164.286 0.523258 0.0674685 3 1 0
164.296 0.523236 0.0674735 3 1 0
164.307 0.523253 0.0674726 3 1 0
164.317 0.523268 0.0674717 3 1 0
164.327 0.523316 0.0674563 3 1 0
164.337 0.52332 0.0674561 3 1 0
164.347 0.523326 0.0674557 3 1 0
164.357 0.523306 0.0674712 3 1 0
164.367 0.523317 0.0674732 3 1 0
164.376 0.523324 0.0674759 3 1 0
164.388 0.523569 0.0674475 3 1 0
164.397 0.523503 0.067451 3 1 0
164.406 0.523451 0.067454 3 1 0
164.417 0.523374 0.0674577 3 1 0
164.427 0.523394 0.0674551 3 1 0
164.437 0.523413 0.0674528 3 1 0
164.446 0.523354 0.0674776 3 1 0
164.454 0.52332 0.0674887 3 1 0
164.461 0.523278 0.0675029 3 1 0
164.469 0.52351 0.0675023 4 1 0
164.485 0.52346 0.0674981 4 1 0
164.495 0.523458 0.0674962 4 1 0
164.504 0.52391 0.0674581 3 1 0
164.509 0.523889 0.0674525 3 1 0
164.511 0.523705 0.0674457 3 1 0
164.534 0.523553 0.0674921 3 1 0
164.544 0.523606 0.067501 3 1 0
164.552 0.523626 0.0675034 3 1 0
164.568 0.523481 0.0674436 3 1 0
164.578 0.523505 0.0674461 3 1 0
164.587 0.523526 0.0674494 3 1 0
164.597 0.523519 0.0674666 3 1 0
164.606 0.523518 0.0674601 3 1 0
164.613 0.523503 0.0674479 3 1 0
164.635 0.524016 0.0674508 3 1 0
164.642 0.523988 0.0674668 3 1 0
164.645 0.52379 0.0674826 3 1 0
164.67 0.523614 0.0674201 3 1 0
164.68 0.523613 0.0674194 3 1 0
164.69 0.523615 0.0674187 3 1 0
164.7 0.523566 0.0674778 3 1 0
164.709 0.523589 0.067469 3 1 0
164.717 0.523601 0.0674593 3 1 0
164.725 0.523708 0.0674607 3 1 0
164.737 0.523754 0.0674629 3 1 0
164.747 0.523788 0.0674639 3 1 0
164.757 0.523896 0.0674233 3 1 0
164.767 0.523863 0.0674245 3 1 0
164.777 0.523852 0.0674249 3 1 0
164.787 0.523832 0.0674101 3 1 0
164.797 0.523855 0.0674091 3 1 0
164.807 0.523875 0.0674081 3 1 0
164.817 0.523805 0.0674427 3 1 0
164.825 0.523801 0.0674344 3 1 0
164.832 0.523787 0.0674264 3 1 0
164.846 0.524195 0.0674012 4 1 0
164.858 0.524046 0.0674045 4 1 0
164.868 0.523995 0.0674054 4 1 0
164.877 0.52403 0.0674063 3 1 0
164.886 0.524127 0.0674106 3 1 0
164.892 0.52416 0.0674184 3 1 0
164.91 0.523953 0.0674309 3 1 0
164.921 0.523973 0.0674292 3 1 0
164.93 0.523993 0.0674275 3 1 0
164.94 0.523574 0.0674546 3 1 0
164.939 0.523491 0.0674434 3 1 0
164.987 0.524053 0.0674206 4 1 0
164.997 0.52422 0.0673904 3 1 0
165.009 0.524186 0.0673912 3 1 0
165.016 0.524132 0.0673938 3 1 0
165.032 0.524517 0.0673876 3 1 0
165.042 0.524406 0.0673877 3 1 0
165.051 0.524353 0.067387 3 1 0
165.059 0.524567 0.0674567 3 1 0
165.067 0.524551 0.0674721 3 1 0
165.074 0.524477 0.0674718 3 1 0
165.09 0.524329 0.0673902 3 1 0
165.1 0.524349 0.0673915 3 1 0
165.109 0.524365 0.0673936 3 1 0
165.122 0.52461 0.0674014 3 1 0
165.13 0.524511 0.0674093 3 1 0
165.139 0.524433 0.0674154 3 1 0
165.15 0.524343 0.0674015 3 1 0
165.16 0.524372 0.0673984 3 1 0
165.17 0.524398 0.0673956 3 1 0
165.182 0.523848 0.067379 3 1 0
165.191 0.523801 0.0673807 3 1 0
165.201 0.523795 0.0673822 3 1 0
165.212 0.524387 0.0673736 3 1 0
165.223 0.524413 0.0673732 3 1 0
165.233 0.524437 0.067373 3 1 0
165.242 0.524443 0.0673703 3 1 0
165.251 0.524465 0.0673704 3 1 0
165.26 0.524486 0.0673705 3 1 0
165.277 0.525067 0.0674236 3 1 0
165.283 0.524633 0.0674192 4 1 0
165.293 0.524397 0.067412 4 1 0
165.299 0.524763 0.0674547 3 1 0
165.306 0.524751 0.0674374 3 1 0
165.314 0.52471 0.0674268 3 1 0
165.326 0.524626 0.0673898 3 1 0
165.336 0.524638 0.0673875 3 1 0
165.346 0.524651 0.0673855 3 1 0
165.355 0.524077 0.0673779 3 1 0
165.358 0.524116 0.0673687 4 1 0
165.38 0.524351 0.0673626 4 1 0
165.391 0.524282 0.0674179 3 1 0
165.405 0.524039 0.0674146 3 1 0
165.413 0.523823 0.0674019 3 1 0
165.42 0.524639 0.0673537 3 1 0
165.431 0.524646 0.0673547 3 1 0
165.438 0.524637 0.0673579 3 1 0
165.461 0.525238 0.0673492 3 1 0
165.469 0.524961 0.0673574 4 1 0
165.478 0.524805 0.0673624 3 1 0
165.488 0.524745 0.0673496 3 1 0
165.499 0.524759 0.0673485 3 1 0
165.509 0.524772 0.0673475 3 1 0
165.519 0.524777 0.0673491 3 1 0
165.529 0.524794 0.0673481 3 1 0
165.539 0.524811 0.0673472 3 1 0
165.549 0.524804 0.0673798 3 1 0
165.558 0.524828 0.0673865 3 1 0
165.567 0.524843 0.0673967 3 1 0
165.579 0.52511 0.0673388 3 1 0
165.59 0.525003 0.0673414 3 1 0
165.6 0.524953 0.0673428 3 1 0
165.61 0.524901 0.0673344 3 1 0
165.621 0.524944 0.0673336 3 1 0
165.63 0.524983 0.0673329 3 1 0
165.64 0.525069 0.067376 3 1 0
165.65 0.525093 0.0673718 3 1 0
165.659 0.525115 0.0673674 3 1 0
165.668 0.525055 0.0673682 3 1 0
165.677 0.525083 0.0673769 3 1 0
165.685 0.525121 0.0673862 3 1 0
165.696 0.525262 0.0673292 3 1 0
165.706 0.525265 0.0673288 3 1 0
165.716 0.525272 0.0673283 3 1 0
165.727 0.525265 0.0673294 3 1 0
165.736 0.525274 0.0673324 3 1 0
165.745 0.525278 0.0673368 3 1 0
165.756 0.524524 0.0673645 3 1 0
165.767 0.524508 0.0673626 3 1 0
165.777 0.524483 0.0673604 3 1 0
165.787 0.525357 0.067361 3 1 0
165.8 0.525367 0.0673577 3 1 0
165.81 0.525372 0.0673544 3 1 0
165.82 0.525478 0.0673169 3 1 0
165.83 0.525492 0.0673141 3 1 0
165.839 0.5255 0.0673116 3 1 0
165.853 0.525754 0.0673174 3 1 0
165.86 0.525684 0.0673238 3 1 0
165.868 0.525602 0.0673297 3 1 0
165.881 0.525495 0.0673734 3 1 0
165.891 0.525517 0.0673688 3 1 0
165.901 0.525538 0.0673647 3 1 0
165.91 0.525516 0.0673338 3 1 0
165.919 0.525495 0.0673272 3 1 0
165.926 0.525448 0.0673204 3 1 0
165.944 0.525262 0.0673222 3 1 0
165.953 0.525266 0.0673245 3 1 0
165.963 0.525282 0.0673266 3 1 0
165.973 0.52584 0.0673 3 1 0
165.983 0.525824 0.0672987 3 1 0
165.992 0.525775 0.0672983 3 1 0
166.001 0.525589 0.0673133 3 1 0
166.012 0.525601 0.0673142 3 1 0
166.022 0.525613 0.0673152 3 1 0
166.032 0.525637 0.0672966 3 1 0
166.042 0.525658 0.0672946 3 1 0
166.051 0.52568 0.0672926 3 1 0
166.063 0.525976 0.0672891 3 1 0
166.073 0.525844 0.0672897 3 1 0
166.083 0.525779 0.0672898 3 1 0
166.094 0.525736 0.0673262 3 1 0
166.104 0.525764 0.0673204 3 1 0
166.113 0.525791 0.0673152 3 1 0
166.127 0.526102 0.0673182 3 1 0
166.134 0.525955 0.067308 3 1 0
166.134 0.525955 0.067308 4 1 0
166.144 0.525819 0.0673024 3 1 0
166.153 0.525739 0.067299 3 1 0
166.164 0.525669 0.0672995 3 1 0
166.175 0.525711 0.0672965 3 1 0
166.184 0.525749 0.0672939 3 1 0
166.194 0.525818 0.0673402 3 1 0
166.204 0.525843 0.0673444 3 1 0
166.213 0.525865 0.0673402 3 1 0
166.223 0.525904 0.0672813 3 1 0
166.233 0.525929 0.0672816 3 1 0
166.242 0.52595 0.0672828 3 1 0
166.253 0.526119 0.0672795 3 1 0
166.264 0.526046 0.0672819 3 1 0
166.273 0.52601 0.0672833 3 1 0
166.284 0.52596 0.0672866 3 1 0
166.294 0.525996 0.0672836 3 1 0
166.304 0.526031 0.067281 3 1 0
166.313 0.526027 0.0673023 3 1 0
166.322 0.526028 0.0672949 3 1 0
166.329 0.526015 0.0672876 3 1 0
166.339 0.526221 0.0673113 3 1 0
166.348 0.526227 0.0673033 3 1 0
166.357 0.526224 0.0672962 3 1 0
166.368 0.525655 0.067298 3 1 0
166.379 0.525664 0.067297 3 1 0
166.389 0.52567 0.067296 3 1 0
166.399 0.52629 0.0672988 3 1 0
166.411 0.526307 0.0672985 3 1 0
166.42 0.526322 0.0672986 3 1 0
166.43 0.526427 0.0672616 3 1 0
166.441 0.526411 0.0672622 3 1 0
166.451 0.526408 0.0672624 3 1 0
166.461 0.526464 0.0672566 3 1 0
166.471 0.526454 0.0672564 3 1 0
166.481 0.526453 0.0672561 3 1 0
166.491 0.526399 0.0673252 3 1 0
166.501 0.526408 0.0673229 3 1 0
166.51 0.526415 0.0673151 3 1 0
166.518 0.526294 0.0672517 3 1 0
166.526 0.526351 0.0672535 3 1 0
166.536 0.526412 0.0672547 3 1 0
166.546 0.52508 0.0672748 3 1 0
166.558 0.525079 0.0672776 3 1 0
166.567 0.525273 0.0672775 4 1 0
166.571 0.526035 0.067268 3 1 0
166.583 0.526278 0.0672672 4 1 0
166.593 0.526404 0.067266 4 1 0
166.605 0.526523 0.0672515 4 1 0
166.615 0.526503 0.0672518 4 1 0
166.625 0.526503 0.0672514 3 1 0
166.635 0.526706 0.0673072 3 1 0
166.643 0.526869 0.0672878 3 1 0
166.649 0.52694 0.0672732 3 1 0
166.661 0.526746 0.0672712 3 1 0
166.671 0.526754 0.0672738 3 1 0
166.681 0.526762 0.0672757 3 1 0
166.692 0.526666 0.0672396 3 1 0
166.701 0.526663 0.0672413 3 1 0
166.71 0.526663 0.0672432 3 1 0
166.72 0.52668 0.0672402 3 1 0
166.729 0.526694 0.0672421 3 1 0
166.739 0.526712 0.0672435 3 1 0
166.751 0.526951 0.0672279 3 1 0
166.759 0.527079 0.0672286 3 1 0
166.765 0.527116 0.0672328 3 1 0
166.776 0.526952 0.0672778 3 1 0
166.786 0.52695 0.0672819 3 1 0
166.796 0.526951 0.0672803 3 1 0
166.806 0.526897 0.0672267 3 1 0
166.816 0.526915 0.0672265 3 1 0
166.826 0.526934 0.0672261 3 1 0
166.836 0.526855 0.067285 3 1 0
166.844 0.526839 0.0672764 3 1 0
166.852 0.526834 0.0672671 3 1 0
166.861 0.526978 0.0672515 3 1 0
166.871 0.526944 0.0672463 3 1 0
166.879 0.5269 0.0672417 3 1 0
166.892 0.52644 0.0672321 3 1 0
166.902 0.526534 0.0672321 3 1 0
166.912 0.52665 0.0672328 3 1 0
166.924 0.52698 0.0672128 3 1 0
166.937 0.526995 0.0672116 3 1 0
166.947 0.527006 0.0672107 3 1 0
166.958 0.527249 0.0672339 3 1 0
166.966 0.527328 0.067224 3 1 0
166.973 0.527341 0.0672173 3 1 0
166.984 0.52721 0.0672717 3 1 0
166.994 0.527222 0.0672739 3 1 0
167.004 0.527234 0.0672754 3 1 0
167.015 0.527178 0.0672054 3 1 0
167.024 0.527189 0.0672045 3 1 0
167.034 0.527202 0.0672037 3 1 0
167.044 0.52727 0.0672139 3 1 0
167.054 0.527282 0.0672124 3 1 0
167.064 0.527296 0.0672111 3 1 0
167.074 0.527283 0.0672494 3 1 0
167.084 0.5273 0.0672473 3 1 0
167.094 0.527316 0.0672456 3 1 0
167.104 0.527291 0.0672408 3 1 0
167.114 0.527312 0.0672421 3 1 0
167.124 0.527332 0.0672425 3 1 0
167.135 0.527638 0.0672616 3 1 0
167.143 0.52756 0.0672496 3 1 0
167.152 0.527511 0.0672424 3 1 0
167.161 0.527613 0.0671931 3 1 0
167.169 0.527579 0.0671946 3 1 0
167.178 0.527546 0.0671961 3 1 0
167.19 0.527448 0.0672003 3 1 0
167.2 0.527464 0.0672019 3 1 0
167.209 0.52748 0.0672037 3 1 0
167.219 0.52745 0.0672138 3 1 0
167.227 0.527424 0.0672227 3 1 0
167.235 0.527371 0.0672219 3 1 0
167.255 0.527932 0.0672073 3 1 0
167.264 0.527782 0.0672011 3 1 0
167.272 0.527673 0.0671978 3 1 0
167.283 0.527598 0.067214 3 1 0
167.294 0.527622 0.067212 3 1 0
167.304 0.527642 0.0672103 3 1 0
167.314 0.52767 0.0672024 3 1 0
167.324 0.527677 0.0672024 3 1 0
167.334 0.527686 0.0672021 3 1 0
167.344 0.527639 0.0672161 3 1 0
167.354 0.527663 0.0672106 3 1 0
167.363 0.52769 0.0672062 3 1 0
167.373 0.527815 0.0672212 3 1 0
167.382 0.527817 0.0672285 3 1 0
167.391 0.527809 0.0672367 3 1 0
167.406 0.528129 0.0671667 3 1 0
167.413 0.528042 0.0671682 3 1 0
167.42 0.527927 0.0671709 3 1 0
167.434 0.527822 0.0671857 3 1 0
167.444 0.527843 0.0671876 3 1 0
167.454 0.527861 0.0671901 3 1 0
167.467 0.528167 0.067187 3 1 0
167.474 0.528002 0.0671971 3 1 0
167.482 0.527881 0.0672042 3 1 0
167.494 0.52779 0.0672331 3 1 0
167.505 0.527823 0.067227 3 1 0
167.514 0.527855 0.0672215 3 1 0
167.523 0.527758 0.0671923 3 1 0
167.531 0.527816 0.0671853 3 1 0
167.541 0.527882 0.0671806 3 1 0
167.553 0.527868 0.0671694 4 1 0
167.563 0.527822 0.0671692 4 1 0
167.572 0.527746 0.0671689 4 1 0
167.584 0.527989 0.0671607 3 1 0
167.594 0.527998 0.0671594 3 1 0
167.602 0.528005 0.0671576 3 1 0
167.608 0.52748 0.0671635 3 1 0
167.601 0.527563 0.0671574 4 1 0
167.608 0.527924 0.067154 4 1 0
167.598 0.52798 0.0671698 4 1 0
167.586 0.527975 0.0671712 4 1 0
167.576 0.527965 0.0671723 4 1 0
167.566 0.52849 0.0672055 3 1 0
167.563 0.528462 0.067184 3 1 0
167.567 0.52822 0.0671747 4 1 0
167.605 0.527455 0.0672366 3 1 0
167.614 0.527487 0.0672302 3 1 0
167.624 0.527551 0.0672239 3 1 0
167.637 0.527979 0.0671525 3 1 0
167.646 0.527939 0.0671528 3 1 0
167.655 0.527918 0.0671541 3 1 0
167.668 0.52816 0.0671505 3 1 0
167.678 0.528161 0.0671508 3 1 0
167.687 0.528148 0.0671524 3 1 0
167.696 0.5283 0.0671547 3 1 0
167.709 0.528291 0.0671549 3 1 0
167.719 0.528292 0.0671549 3 1 0
167.729 0.528267 0.0671547 3 1 0
167.739 0.528292 0.0671528 3 1 0
167.749 0.528314 0.0671512 3 1 0
167.759 0.528334 0.0671352 3 1 0
167.768 0.528337 0.0671336 3 1 0
167.778 0.528332 0.0671331 3 1 0
167.791 0.528664 0.0671553 3 1 0
167.799 0.528546 0.0671642 3 1 0
167.808 0.52847 0.0671697 3 1 0
167.819 0.52841 0.0671441 3 1 0
167.83 0.528428 0.0671447 3 1 0
167.839 0.528446 0.0671453 3 1 0
167.849 0.528462 0.0671575 3 1 0
167.86 0.528475 0.0671563 3 1 0
167.869 0.528488 0.067155 3 1 0
167.879 0.528408 0.0671489 3 1 0
167.887 0.528397 0.0671543 3 1 0
167.895 0.528401 0.0671616 3 1 0
167.916 0.528965 0.0671221 3 1 0
167.923 0.528929 0.0671195 3 1 0
167.927 0.528756 0.0671219 3 1 0
167.939 0.528656 0.0671384 3 1 0
167.948 0.528617 0.0671412 3 1 0
167.958 0.528594 0.0671432 3 1 0
167.968 0.528612 0.0671819 3 1 0
167.977 0.528589 0.0671764 3 1 0
167.987 0.528576 0.0671722 3 1 0
167.998 0.528536 0.0671207 3 1 0
168.007 0.528561 0.0671192 3 1 0
168.007 0.528561 0.0671192 4 1 0
168.017 0.528582 0.0671179 3 1 0
168.027 0.528596 0.0671172 3 1 0
168.035 0.528624 0.0671363 3 1 0
168.045 0.528664 0.0671312 3 1 0
168.055 0.528703 0.0671271 3 1 0
168.065 0.528749 0.0671629 3 1 0
168.075 0.528781 0.0671642 3 1 0
168.085 0.528808 0.0671646 3 1 0
168.095 0.529047 0.0671128 3 1 0
168.102 0.529072 0.0671078 3 1 0
168.107 0.528972 0.0671072 3 1 0
168.126 0.528741 0.0671291 3 1 0
168.136 0.528772 0.0671305 3 1 0
168.146 0.5288 0.0671318 3 1 0
168.156 0.528851 0.0671558 3 1 0
168.165 0.528861 0.0671626 3 1 0
168.174 0.528861 0.0671687 3 1 0
168.188 0.528513 0.0671492 3 1 0
168.197 0.5285 0.0671421 3 1 0
168.207 0.528508 0.0671348 3 1 0
168.22 0.528951 0.0671009 3 1 0
168.232 0.528962 0.0671 3 1 0
168.242 0.528973 0.0670993 3 1 0
168.252 0.528962 0.0671027 3 1 0
168.261 0.528977 0.0671018 3 1 0
168.27 0.528987 0.0671017 3 1 0
168.283 0.529289 0.0671067 3 1 0
168.293 0.52914 0.0671126 3 1 0
168.302 0.529066 0.0671154 3 1 0
168.313 0.529035 0.0671203 3 1 0
168.323 0.529053 0.0671194 3 1 0
168.333 0.52907 0.0671185 3 1 0
168.343 0.529136 0.0671217 3 1 0
168.353 0.529101 0.067124 3 1 0
168.363 0.529087 0.0671253 3 1 0
168.372 0.529138 0.0671356 3 1 0
168.382 0.529082 0.0671401 3 1 0
168.392 0.529052 0.067143 3 1 0
168.403 0.529014 0.0670855 3 1 0
168.412 0.529047 0.0670865 3 1 0
168.421 0.529075 0.0670886 3 1 0
168.43 0.529115 0.0671047 3 1 0
168.44 0.529167 0.0671007 3 1 0
168.45 0.529212 0.0670975 3 1 0
168.459 0.529255 0.0670872 3 1 0
168.468 0.529264 0.067082 3 1 0
168.476 0.529263 0.0670782 3 1 0
168.484 0.527292 0.0671109 3 1 0
168.499 0.527511 0.0671108 4 1 0
168.489 0.530048 0.0670803 3 1 0
168.504 0.529249 0.0670797 3 1 0
168.512 0.529117 0.0670832 3 1 0
168.516 0.528892 0.0670979 3 1 0
168.527 0.529372 0.0671021 3 1 0
168.536 0.529371 0.0671105 3 1 0
168.543 0.529362 0.0671217 3 1 0
168.568 0.530035 0.0670612 3 1 0
168.575 0.529854 0.0670674 4 1 0
168.577 0.529667 0.0670758 4 1 0
168.615 0.529559 0.0671153 3 1 0
168.626 0.529562 0.0671201 3 1 0
168.635 0.529568 0.0671247 3 1 0
168.647 0.529712 0.0670893 3 1 0
168.656 0.529847 0.067079 3 1 0
168.663 0.529936 0.0670702 3 1 0
168.677 0.529723 0.0670594 3 1 0
168.687 0.529736 0.0670586 3 1 0
168.697 0.52975 0.0670577 3 1 0
168.706 0.529624 0.0670835 3 1 0
168.714 0.529543 0.0670769 3 1 0
168.72 0.529439 0.0670702 3 1 0
168.734 0.529891 0.0670589 4 1 0
168.747 0.529822 0.0670651 4 1 0
168.757 0.5298 0.0670679 4 1 0
168.765 0.530059 0.0670632 3 1 0
168.774 0.530014 0.0670704 3 1 0
168.783 0.529978 0.0670754 3 1 0
168.793 0.529904 0.0670747 3 1 0
168.804 0.529917 0.0670724 3 1 0
168.814 0.529929 0.06707 3 1 0
168.823 0.529948 0.0670466 3 1 0
168.833 0.529957 0.067046 3 1 0
168.843 0.529961 0.0670455 3 1 0
168.852 0.529868 0.0670805 3 1 0
168.862 0.529892 0.0670833 3 1 0
168.872 0.529921 0.0670852 3 1 0
168.884 0.530011 0.0670512 3 1 0
168.892 0.530205 0.0670541 3 1 0
168.899 0.53036 0.0670603 3 1 0
168.913 0.53015 0.0670492 3 1 0
168.923 0.53016 0.0670471 3 1 0
168.933 0.53017 0.0670452 3 1 0
168.943 0.530121 0.067042 3 1 0
168.953 0.53014 0.0670403 3 1 0
168.963 0.53016 0.067039 3 1 0
168.973 0.530106 0.0670454 3 1 0
168.982 0.530089 0.067051 3 1 0
168.99 0.530081 0.0670569 3 1 0
169.006 0.530509 0.0670646 3 1 0
169.014 0.5304 0.0670733 3 1 0
169.024 0.530345 0.0670783 3 1 0
169.032 0.530501 0.0670392 3 1 0
169.04 0.530448 0.0670439 3 1 0
169.049 0.530396 0.0670479 3 1 0
169.059 0.530323 0.0670496 3 1 0
169.069 0.530336 0.0670482 3 1 0
169.079 0.530349 0.0670469 3 1 0
169.089 0.530273 0.067039 3 1 0
169.098 0.530262 0.0670348 3 1 0
169.106 0.530239 0.0670311 3 1 0
169.122 0.530744 0.0670534 4 1 0
169.132 0.530517 0.0670636 4 1 0
169.142 0.530426 0.0670677 3 1 0
169.149 0.53069 0.0670389 3 1 0
169.156 0.530592 0.0670317 3 1 0
169.162 0.530432 0.0670277 3 1 0
169.178 0.530294 0.0670342 3 1 0
169.188 0.530328 0.0670309 3 1 0
169.198 0.53036 0.0670276 3 1 0
169.211 0.530675 0.0670648 3 1 0
169.216 0.530474 0.0670812 3 1 0
169.223 0.530422 0.067073 3 1 0
169.236 0.530381 0.0670864 3 1 0
169.247 0.530395 0.0670842 3 1 0
169.257 0.53041 0.0670826 3 1 0
169.266 0.530062 0.0670588 3 1 0
169.271 0.530032 0.0670799 3 1 0
169.275 0.530194 0.0670814 3 1 0
169.307 0.530601 0.0670122 4 1 0
169.317 0.530644 0.0670107 4 1 0
169.327 0.530701 0.0670087 4 1 0
169.338 0.530846 0.0670019 3 1 0
169.343 0.530766 0.0670041 3 1 0
169.346 0.530676 0.0670082 3 1 0
169.382 0.530572 0.0670001 3 1 0
169.392 0.530568 0.0669986 3 1 0
169.402 0.530559 0.0669973 3 1 0
169.414 0.530853 0.0669938 3 1 0
169.422 0.530833 0.0669942 3 1 0
169.431 0.530821 0.0669945 3 1 0
169.439 0.530677 0.0670076 3 1 0
169.449 0.5307 0.0670037 3 1 0
169.459 0.53073 0.0670007 3 1 0
169.47 0.530844 0.0670376 3 1 0
169.48 0.530817 0.0670322 3 1 0
169.489 0.530774 0.0670261 3 1 0
169.499 0.5309 0.0670096 3 1 0
169.509 0.530899 0.0670114 3 1 0
169.518 0.530892 0.0670138 3 1 0
169.53 0.531096 0.0670281 3 1 0
169.539 0.531056 0.0670204 3 1 0
169.548 0.531044 0.0670157 3 1 0
169.56 0.530947 0.06701 3 1 0
169.569 0.530916 0.0670154 3 1 0
169.578 0.530891 0.0670217 3 1 0
169.591 0.531221 0.0669891 3 1 0
169.601 0.531156 0.066987 3 1 0
169.611 0.531139 0.0669857 3 1 0
169.62 0.531328 0.0669985 3 1 0
169.629 0.531277 0.0670029 3 1 0
169.639 0.531258 0.0670054 3 1 0
169.65 0.53118 0.0670209 3 1 0
169.66 0.531197 0.0670243 3 1 0
169.67 0.531217 0.0670267 3 1 0
169.679 0.530973 0.0670285 3 1 0
169.684 0.530902 0.0670479 3 1 0
169.69 0.530938 0.067044 3 1 0
169.713 0.53061 0.0669988 3 1 0
169.723 0.530315 0.0669977 3 1 0
169.733 0.530096 0.066998 3 1 0
169.741 0.531019 0.0669717 3 1 0
169.754 0.531056 0.0669737 3 1 0
169.763 0.531079 0.0669779 3 1 0
169.77 0.531137 0.0669956 3 1 0
169.78 0.531209 0.0669997 3 1 0
169.789 0.531279 0.0670027 3 1 0
169.8 0.531429 0.0669834 3 1 0
169.81 0.531395 0.0669808 3 1 0
169.82 0.531386 0.066979 3 1 0
169.829 0.531567 0.0669855 3 1 0
169.837 0.531423 0.066993 3 1 0
169.846 0.53132 0.0669985 3 1 0
169.858 0.531215 0.0669724 3 1 0
169.868 0.531266 0.0669749 3 1 0
169.878 0.531315 0.0669772 3 1 0
169.887 0.531404 0.066957 3 1 0
169.896 0.531425 0.0669581 3 1 0
169.906 0.531437 0.0669605 3 1 0
169.914 0.53148 0.0669626 3 1 0
169.922 0.531489 0.0669671 3 1 0
169.929 0.53149 0.0669754 3 1 0
169.956 0.532195 0.0670096 3 1 0
169.962 0.531862 0.0669931 4 1 0
169.965 0.531512 0.0669872 4 1 0
169.976 0.531744 0.0669705 3 1 0
169.984 0.53172 0.0669782 3 1 0
169.993 0.531704 0.0669834 3 1 0
170.004 0.531638 0.0669718 3 1 0
170.014 0.531639 0.0669688 3 1 0
170.014 0.531639 0.0669688 4 1 0
170.024 0.531642 0.0669659 3 1 0
170.034 0.531646 0.0669632 3 1 0
170.043 0.5315 0.066978 3 1 0
170.051 0.531329 0.0669895 3 1 0
170.053 0.531197 0.0670087 3 1 0
170.055 0.531724 0.0669751 4 1 0
170.147 0.531854 0.0669651 4 1 0
170.157 0.531846 0.0669636 4 1 0
170.167 0.532029 0.0669701 3 1 0
170.176 0.531893 0.0669766 3 1 0
170.186 0.53183 0.0669801 3 1 0
170.194 0.532022 0.0669474 3 1 0
170.201 0.53212 0.0669549 3 1 0
170.207 0.532127 0.0669637 3 1 0
170.226 0.531961 0.0669608 3 1 0
170.236 0.531938 0.0669562 3 1 0
170.245 0.531901 0.0669513 3 1 0
170.26 0.532361 0.0669301 3 1 0
170.267 0.532298 0.0669271 3 1 0
170.275 0.532241 0.0669255 3 1 0
170.289 0.532175 0.0669238 3 1 0
170.298 0.532153 0.0669237 3 1 0
170.307 0.532115 0.0669245 3 1 0
170.319 0.532392 0.0669243 3 1 0
170.33 0.532323 0.0669229 3 1 0
170.34 0.532301 0.0669218 3 1 0
170.351 0.532312 0.0669186 3 1 0
170.36 0.5323 0.0669176 3 1 0
170.37 0.532275 0.066917 3 1 0
170.381 0.532452 0.0669163 3 1 0
170.392 0.532397 0.0669157 3 1 0
170.402 0.532382 0.0669149 3 1 0
170.411 0.532365 0.0669291 3 1 0
170.421 0.532356 0.0669303 3 1 0
170.431 0.532333 0.0669322 3 1 0
170.441 0.532578 0.0669155 3 1 0
170.452 0.532613 0.066915 3 1 0
170.461 0.532641 0.0669151 3 1 0
170.471 0.532491 0.0669221 3 1 0
170.48 0.532471 0.0669248 3 1 0
170.489 0.532441 0.0669284 3 1 0
170.501 0.532693 0.066923 3 1 0
170.512 0.532631 0.0669198 3 1 0
170.522 0.532612 0.0669178 3 1 0
170.532 0.53263 0.0669213 3 1 0
170.542 0.532645 0.0669209 3 1 0
170.552 0.53266 0.0669205 3 1 0
170.562 0.532576 0.0669491 3 1 0
170.571 0.532537 0.0669422 3 1 0
170.579 0.532478 0.0669347 3 1 0
170.588 0.532497 0.0669137 3 1 0
170.596 0.532442 0.0669101 3 1 0
170.603 0.532405 0.0669061 3 1 0
170.613 0.532454 0.0669413 3 1 0
170.622 0.532363 0.0669556 3 1 0
170.629 0.532325 0.0669611 3 1 0
170.636 0.532426 0.06695 3 1 0
170.647 0.532528 0.0669448 3 1 0
170.657 0.532586 0.0669423 3 1 0
170.656 0.533148 0.0668911 4 1 0
170.673 0.533302 0.0668877 4 1 0
170.682 0.533406 0.0668851 3 1 0
170.688 0.532116 0.0669146 3 1 0
170.665 0.531834 0.0669022 3 1 0
170.76 0.532661 0.0668884 4 1 0
170.744 0.532721 0.0668972 3 1 0
170.766 0.532726 0.0668911 3 1 0
170.774 0.532778 0.0668921 3 1 0
170.783 0.53328 0.0668864 4 1 0
170.793 0.533471 0.0668841 4 1 0
170.803 0.533594 0.0668831 4 1 0
170.814 0.532845 0.0669241 3 1 0
170.827 0.532897 0.066911 3 1 0
170.836 0.53296 0.0669042 4 1 0
170.846 0.533481 0.0668778 3 1 0
170.857 0.533345 0.0668823 3 1 0
170.865 0.533141 0.0668893 3 1 0
170.877 0.532786 0.0669139 3 1 0
170.888 0.532862 0.0669154 3 1 0
170.897 0.532955 0.066918 3 1 0
170.908 0.532987 0.0668941 3 1 0
170.919 0.532999 0.066893 3 1 0
170.929 0.533009 0.066892 3 1 0
170.939 0.533246 0.0668948 3 1 0
170.95 0.533269 0.0668965 3 1 0
170.959 0.533288 0.0668985 3 1 0
170.97 0.533169 0.0668783 3 1 0
170.98 0.53319 0.0668767 3 1 0
170.99 0.533212 0.0668752 3 1 0
171 0.533294 0.0669148 3 1 0
171.01 0.533308 0.0669116 3 1 0
171.02 0.533324 0.0669092 3 1 0
171.03 0.533554 0.0668824 3 1 0
171.04 0.533562 0.0668796 3 1 0
171.05 0.533561 0.0668769 3 1 0
171.06 0.53321 0.0668615 3 1 0
171.071 0.533218 0.0668602 3 1 0
171.08 0.533244 0.0668592 3 1 0
171.089 0.533691 0.066853 4 1 0
171.1 0.533932 0.0668492 4 1 0
171.11 0.534089 0.0668467 3 1 0
171.122 0.53368 0.0669202 3 1 0
171.134 0.533704 0.0669159 3 1 0
171.144 0.533718 0.0669119 3 1 0
171.154 0.5335 0.0668545 3 1 0
171.164 0.533531 0.0668528 3 1 0
171.174 0.533561 0.0668511 3 1 0
171.186 0.533529 0.0669024 3 1 0
171.196 0.533555 0.0669025 3 1 0
171.206 0.533581 0.0669028 3 1 0
171.216 0.533613 0.0668501 3 1 0
171.227 0.533629 0.0668492 3 1 0
171.237 0.533645 0.0668483 3 1 0
171.247 0.533758 0.0668486 3 1 0
171.258 0.533782 0.0668475 3 1 0
171.268 0.533803 0.0668465 3 1 0
171.278 0.533814 0.0668588 3 1 0
171.288 0.533806 0.0668564 3 1 0
171.298 0.533804 0.0668543 3 1 0
171.308 0.533861 0.0669359 4 1 0
171.318 0.533949 0.0669315 4 1 0
171.328 0.534027 0.066927 4 1 0
171.34 0.53395 0.0668381 3 1 0
171.349 0.533951 0.0668353 3 1 0
171.357 0.533928 0.066835 3 1 0
171.37 0.533843 0.0668495 3 1 0
171.38 0.533878 0.0668479 3 1 0
171.39 0.533911 0.0668464 3 1 0
171.4 0.533954 0.0668908 3 1 0
171.41 0.533971 0.0668869 3 1 0
171.42 0.533987 0.0668816 3 1 0
171.43 0.533933 0.0668666 3 1 0
171.441 0.533959 0.0668651 3 1 0
171.451 0.533983 0.0668638 3 1 0
171.461 0.534115 0.0668244 3 1 0
171.471 0.534085 0.0668247 3 1 0
171.481 0.534066 0.0668253 3 1 0
171.491 0.533858 0.0668299 3 1 0
171.501 0.533913 0.0668288 3 1 0
171.511 0.533968 0.0668276 3 1 0
171.522 0.534282 0.0668215 3 1 0
171.531 0.534216 0.0668175 3 1 0
171.54 0.534213 0.0668159 3 1 0
171.551 0.534303 0.0669 3 1 0
171.561 0.534316 0.0668963 3 1 0
171.571 0.534325 0.0668926 3 1 0
171.581 0.534107 0.0668197 3 1 0
171.591 0.53415 0.0668186 3 1 0
171.601 0.534194 0.0668177 3 1 0
171.611 0.534265 0.0668234 3 1 0
171.621 0.534289 0.0668228 3 1 0
171.631 0.534312 0.0668222 3 1 0
171.642 0.534382 0.0668381 3 1 0
171.651 0.534335 0.0668362 3 1 0
171.66 0.534328 0.0668335 3 1 0
171.671 0.534168 0.0668431 3 1 0
171.681 0.53417 0.0668413 3 1 0
171.691 0.534171 0.0668394 3 1 0
171.702 0.534541 0.0668214 3 1 0
171.711 0.534577 0.066816 3 1 0
171.72 0.534594 0.0668118 3 1 0
171.732 0.53439 0.0668674 3 1 0
171.742 0.53441 0.0668646 3 1 0
171.752 0.534432 0.0668618 3 1 0
171.763 0.534653 0.0668087 3 1 0
171.772 0.534722 0.0668026 3 1 0
171.781 0.534766 0.0667984 3 1 0
171.794 0.534496 0.0668847 3 1 0
171.804 0.534508 0.0668851 3 1 0
171.814 0.534521 0.0668829 3 1 0
171.824 0.534591 0.0668479 3 1 0
171.834 0.53461 0.0668454 3 1 0
171.844 0.53463 0.0668435 3 1 0
171.853 0.53492 0.0668107 4 1 0
171.864 0.534973 0.0668076 3 1 0
171.873 0.535007 0.0668045 3 1 0
171.884 0.534591 0.06679 3 1 0
171.895 0.534613 0.066789 3 1 0
171.905 0.534634 0.0667881 3 1 0
171.915 0.534741 0.0668127 3 1 0
171.927 0.534762 0.0668111 3 1 0
171.936 0.53478 0.0668097 3 1 0
171.946 0.534795 0.0669069 3 1 0
171.957 0.53481 0.0669064 3 1 0
171.967 0.534825 0.0669058 3 1 0
171.977 0.535104 0.0667967 3 1 0
171.987 0.535152 0.0667968 3 1 0
171.997 0.535187 0.0667972 3 1 0
172.008 0.534899 0.0668285 3 1 0
172.018 0.534884 0.0668313 3 1 0
172.028 0.534893 0.066833 3 1 0
172.038 0.535027 0.0668278 4 1 0
172.048 0.5351 0.0668243 3 1 0
172.058 0.535165 0.0668207 3 1 0
172.07 0.535067 0.0667836 3 1 0
172.078 0.535077 0.0667865 3 1 0
172.087 0.535097 0.066787 3 1 0
172.099 0.534925 0.0668278 3 1 0
172.109 0.534929 0.0668297 3 1 0
172.109 0.534929 0.0668297 4 1 0
172.119 0.534932 0.0668318 3 1 0
172.129 0.534936 0.0668342 3 1 0
172.139 0.535194 0.066792 3 1 0
172.149 0.535207 0.0667922 3 1 0
172.159 0.535216 0.0667924 3 1 0
172.169 0.534982 0.0667942 3 1 0
172.18 0.535 0.0667927 3 1 0
172.189 0.535018 0.0667911 3 1 0
172.2 0.535225 0.0668562 3 1 0
172.21 0.535241 0.066855 3 1 0
172.22 0.535257 0.0668539 3 1 0
172.23 0.535166 0.0667735 3 1 0
172.24 0.535184 0.0667739 3 1 0
172.25 0.535203 0.0667745 3 1 0
172.26 0.535202 0.0667592 3 1 0
172.27 0.535223 0.0667586 3 1 0
172.28 0.535244 0.0667582 3 1 0
172.29 0.535377 0.0668032 3 1 0
172.301 0.535391 0.0668025 3 1 0
172.311 0.535407 0.0668018 3 1 0
172.321 0.535367 0.0668062 3 1 0
172.331 0.535387 0.066803 3 1 0
172.34 0.535406 0.0667985 3 1 0
172.351 0.535338 0.0667652 3 1 0
172.361 0.535361 0.0667656 3 1 0
172.371 0.535386 0.0667661 3 1 0
172.381 0.535553 0.066797 3 1 0
172.392 0.535565 0.066797 3 1 0
172.402 0.535584 0.066797 3 1 0
172.411 0.535423 0.0667619 3 1 0
172.422 0.535452 0.0667623 3 1 0
172.432 0.535483 0.0667632 3 1 0
172.441 0.535833 0.0667487 3 1 0
172.451 0.535869 0.0667484 3 1 0
172.461 0.535895 0.0667484 3 1 0
172.471 0.535772 0.0667396 3 1 0
172.481 0.535797 0.0667386 3 1 0
172.491 0.535821 0.0667377 3 1 0
172.502 0.535727 0.0667494 3 1 0
172.512 0.535741 0.0667483 3 1 0
172.522 0.535755 0.0667472 3 1 0
172.532 0.535895 0.0667566 3 1 0
172.543 0.535916 0.0667554 3 1 0
172.552 0.535936 0.0667542 3 1 0
172.562 0.535885 0.0667349 3 1 0
172.573 0.535906 0.0667341 3 1 0
172.582 0.535927 0.0667333 3 1 0
172.593 0.535889 0.0667428 3 1 0
172.603 0.535902 0.0667425 3 1 0
172.613 0.535915 0.0667422 3 1 0
172.623 0.535942 0.066731 3 1 0
172.633 0.535963 0.06673 3 1 0
172.643 0.535983 0.066729 3 1 0
172.653 0.536043 0.0667356 3 1 0
172.664 0.536064 0.0667346 3 1 0
172.674 0.536084 0.0667338 3 1 0
172.684 0.536069 0.066818 3 1 0
172.694 0.536065 0.0668183 3 1 0
172.704 0.536067 0.0668184 3 1 0
172.715 0.535597 0.0667654 3 1 0
172.725 0.535686 0.0667665 4 1 0
172.734 0.5358 0.0667672 4 1 0
172.747 0.535773 0.0667637 4 1 0
172.757 0.535928 0.0667536 4 1 0
172.765 0.536096 0.0667413 3 1 0
172.782 0.536331 0.0667267 3 1 0
172.794 0.536369 0.0667251 3 1 0
172.804 0.536401 0.0667236 3 1 0
172.813 0.536269 0.0667205 3 1 0
172.824 0.536306 0.0667203 3 1 0
172.833 0.536341 0.06672 3 1 0
172.844 0.536384 0.0667218 3 1 0
172.854 0.5364 0.0667211 3 1 0
172.864 0.536416 0.0667205 3 1 0
172.874 0.536334 0.0667104 3 1 0
172.884 0.536348 0.0667098 3 1 0
172.894 0.536361 0.0667094 3 1 0
172.904 0.536516 0.0667258 3 1 0
172.915 0.536534 0.066725 3 1 0
172.925 0.536551 0.0667242 3 1 0
172.935 0.536593 0.0667822 3 1 0
172.944 0.536571 0.0667917 3 1 0
172.953 0.536551 0.0667987 3 1 0
172.963 0.536504 0.0667069 3 1 0
172.973 0.536523 0.0667048 3 1 0
172.983 0.53654 0.0667027 3 1 0
172.994 0.536557 0.0667494 3 1 0
173.004 0.536576 0.0667484 3 1 0
173.014 0.536595 0.0667474 3 1 0
173.024 0.536669 0.0667099 3 1 0
173.034 0.536656 0.0667101 3 1 0
173.044 0.536649 0.0667103 3 1 0
173.054 0.536396 0.0667239 3 1 0
173.064 0.536438 0.0667216 3 1 0
173.074 0.536484 0.0667193 3 1 0
173.086 0.537141 0.0667384 3 1 0
173.092 0.536865 0.0667497 4 1 0
173.104 0.53677 0.0667548 4 1 0
173.115 0.5371 0.0666932 3 1 0
173.126 0.537098 0.0666913 3 1 0
173.135 0.537061 0.0666901 3 1 0
173.144 0.536886 0.0667348 3 1 0
173.155 0.536899 0.0667325 3 1 0
173.165 0.536909 0.0667304 3 1 0
173.176 0.536937 0.0667394 3 1 0
173.185 0.53693 0.0667441 3 1 0
173.195 0.536934 0.066747 3 1 0
173.206 0.536535 0.0666954 3 1 0
173.216 0.53657 0.0666947 3 1 0
173.226 0.536618 0.0666937 4 1 0
173.238 0.537213 0.066754 3 1 0
173.246 0.537321 0.0667522 3 1 0
173.251 0.537294 0.0667382 3 1 0
173.271 0.536848 0.0667666 3 1 0
173.281 0.536855 0.0667674 3 1 0
173.291 0.53686 0.0667686 3 1 0
173.301 0.537164 0.0666794 3 1 0
173.312 0.537178 0.0666805 3 1 0
173.322 0.53719 0.0666814 3 1 0
173.332 0.537159 0.0666759 3 1 0
173.342 0.537196 0.0666755 3 1 0
173.352 0.537236 0.0666755 3 1 0
173.362 0.537127 0.0666801 3 1 0
173.373 0.537141 0.0666796 3 1 0
173.383 0.537155 0.066679 3 1 0
173.393 0.537403 0.0666733 3 1 0
173.402 0.537468 0.0666721 3 1 0
173.411 0.537501 0.0666721 3 1 0
173.424 0.537235 0.0666812 3 1 0
173.434 0.53725 0.0666805 3 1 0
173.444 0.537264 0.0666799 3 1 0
173.454 0.537382 0.0667198 3 1 0
173.464 0.5374 0.0667181 3 1 0
173.474 0.537418 0.0667167 3 1 0
173.485 0.537642 0.0667031 3 1 0
173.492 0.537704 0.0666963 3 1 0
173.499 0.537686 0.0666902 3 1 0
173.509 0.537573 0.0667229 3 1 0
173.518 0.53756 0.0667146 3 1 0
173.527 0.537543 0.066707 3 1 0
173.537 0.537522 0.0666774 3 1 0
173.547 0.53754 0.0666799 3 1 0
173.556 0.537551 0.0666833 3 1 0
173.566 0.537532 0.0667221 3 1 0
173.576 0.537543 0.0667256 3 1 0
173.586 0.537549 0.0667258 3 1 0
173.595 0.537564 0.0666873 3 1 0
173.605 0.537602 0.066683 3 1 0
173.615 0.537635 0.0666792 3 1 0
173.624 0.537651 0.0666786 3 1 0
173.634 0.537689 0.0666747 3 1 0
173.644 0.537724 0.0666711 3 1 0
173.653 0.537762 0.066658 3 1 0
173.663 0.537781 0.0666559 3 1 0
173.673 0.537797 0.0666543 3 1 0
173.682 0.537861 0.0666802 3 1 0
173.691 0.537876 0.0666754 3 1 0
173.701 0.537887 0.0666716 3 1 0
173.711 0.537881 0.0666556 3 1 0
173.721 0.537892 0.066654 3 1 0
173.731 0.537904 0.0666527 3 1 0
173.74 0.537992 0.0666869 3 1 0
173.75 0.537982 0.0666913 3 1 0
173.759 0.537977 0.0666949 3 1 0
173.769 0.53795 0.0666959 3 1 0
173.779 0.537965 0.0666943 3 1 0
173.789 0.53798 0.0666928 3 1 0
173.799 0.538116 0.0666411 3 1 0
173.808 0.538069 0.0666419 3 1 0
173.818 0.53804 0.0666427 3 1 0
173.828 0.537994 0.066676 3 1 0
173.838 0.538013 0.0666752 3 1 0
173.848 0.538031 0.0666745 3 1 0
173.858 0.538148 0.0666389 3 1 0
173.867 0.53809 0.0666402 3 1 0
173.877 0.53806 0.066641 3 1 0
173.887 0.538017 0.0666547 3 1 0
173.897 0.538041 0.0666536 3 1 0
173.907 0.538062 0.0666526 3 1 0
173.917 0.538143 0.0666334 3 1 0
173.927 0.538099 0.0666336 3 1 0
173.937 0.538083 0.0666335 3 1 0
173.947 0.538078 0.0666363 3 1 0
173.957 0.538084 0.0666359 3 1 0
173.967 0.538094 0.0666354 3 1 0
173.977 0.538187 0.0666304 3 1 0
173.986 0.538109 0.0666316 3 1 0
173.996 0.538071 0.0666322 3 1 0
174.007 0.537999 0.0666428 3 1 0
174.017 0.538053 0.0666403 3 1 0
174.027 0.538098 0.0666385 3 1 0
174.037 0.53817 0.0666238 3 1 0
174.047 0.538141 0.0666232 3 1 0
174.057 0.538137 0.0666225 3 1 0
174.066 0.538479 0.0666805 3 1 0
174.072 0.53848 0.0666672 3 1 0
174.079 0.538427 0.0666595 3 1 0
174.094 0.538309 0.0666246 3 1 0
174.104 0.538284 0.0666246 3 1 0
174.104 0.538284 0.0666246 4 1 0
174.114 0.538253 0.0666251 3 1 0
174.123 0.538219 0.0666266 3 1 0
174.14 0.538688 0.066676 3 1 0
174.145 0.538931 0.0666781 3 1 0
174.142 0.538828 0.0666616 3 1 0
174.175 0.538614 0.0666199 3 1 0
174.361 0.5389 0.0666032 3 1 0
174.371 0.538914 0.0666023 3 1 0
174.381 0.538775 0.066599 3 1 0
174.391 0.538689 0.0666001 3 1 0
174.399 0.538576 0.0666023 3 1 0
174.413 0.535866 0.0666341 3 1 0
174.424 0.53563 0.0666333 3 1 0
174.42 0.539569 0.0665994 4 1 0
174.34 0.538659 0.0666125 3 1 0
174.33 0.538629 0.0666153 3 1 0
174.321 0.53861 0.066618 3 1 0
174.311 0.538704 0.0666513 3 1 0
174.301 0.538668 0.0666552 3 1 0
174.291 0.538636 0.0666594 3 1 0
174.281 0.538619 0.0667186 3 1 0
174.272 0.538574 0.0667145 3 1 0
174.262 0.538528 0.0667104 3 1 0
174.25 0.538609 0.0666413 3 1 0
174.24 0.538641 0.0666425 3 1 0
174.23 0.538664 0.0666435 3 1 0
174.22 0.538674 0.0666342 3 1 0
174.209 0.538658 0.0666355 3 1 0
174.199 0.538642 0.0666367 3 1 0
174.189 0.538623 0.0666506 3 1 0
174.178 0.538605 0.0666512 3 1 0
174.168 0.538587 0.0666518 3 1 0
174.158 0.538525 0.0666625 3 1 0
174.148 0.538509 0.0666628 3 1 0
174.138 0.538493 0.0666632 3 1 0
174.128 0.53847 0.0666232 3 1 0
174.118 0.538457 0.0666245 3 1 0
174.109 0.538444 0.066626 3 1 0
174.098 0.538353 0.066634 3 1 0
174.088 0.538339 0.0666361 3 1 0
174.078 0.538325 0.066638 3 1 0
174.067 0.538439 0.066683 3 1 0
174.056 0.53844 0.0666855 3 1 0
174.046 0.538441 0.0666881 3 1 0
174.036 0.538353 0.0666276 3 1 0
174.026 0.538337 0.0666285 3 1 0
174.016 0.538322 0.0666294 3 1 0
174.006 0.538279 0.066658 3 1 0
173.996 0.53826 0.0666572 3 1 0
173.986 0.538241 0.0666566 3 1 0
173.976 0.538172 0.0666311 3 1 0
173.966 0.53815 0.0666318 3 1 0
173.956 0.538128 0.0666325 3 1 0
173.946 0.538072 0.0666402 3 1 0
173.936 0.538053 0.066641 3 1 0
173.926 0.538034 0.0666418 3 1 0
173.916 0.538022 0.0666331 3 1 0
173.907 0.53802 0.0666339 3 1 0
173.898 0.538019 0.0666357 3 1 0
173.891 0.537772 0.0666393 3 1 0
173.881 0.537922 0.0666398 4 1 0
173.87 0.537942 0.0666406 4 1 0
173.861 0.537953 0.0666627 3 1 0
173.851 0.537853 0.0666557 3 1 0
173.846 0.537695 0.0666499 3 1 0
173.794 0.538594 0.0667079 3 1 0
173.787 0.538298 0.0667185 4 1 0
173.783 0.537986 0.0667108 4 1 0
173.758 0.53776 0.0666745 3 1 0
173.748 0.537752 0.0666818 3 1 0
173.74 0.537751 0.0666895 3 1 0
173.727 0.537977 0.0666996 3 1 0
173.717 0.537812 0.0667072 3 1 0
173.706 0.53774 0.0667107 3 1 0
173.697 0.537766 0.0666677 3 1 0
173.687 0.537671 0.0666672 3 1 0
173.677 0.537619 0.0666674 3 1 0
173.667 0.537554 0.0666623 3 1 0
173.657 0.537541 0.0666627 3 1 0
173.647 0.537528 0.0666633 3 1 0
173.637 0.537813 0.0666721 3 1 0
173.63 0.537707 0.0666675 3 1 0
173.621 0.537621 0.0666662 3 1 0
173.607 0.537386 0.0666828 3 1 0
173.599 0.537228 0.0666761 3 1 0
173.595 0.537087 0.066669 3 1 0
173.582 0.537592 0.0666984 4 1 0
173.566 0.537329 0.0667048 4 1 0
173.556 0.537281 0.0667062 4 1 0
173.545 0.537024 0.0667304 3 1 0
173.538 0.536893 0.0667416 3 1 0
173.543 0.536929 0.0667183 3 1 0
173.545 0.529316 0.0667601 4 1 0
173.52 0.5268 0.0668278 3 1 0
173.51 0.526794 0.0668286 3 1 0
173.51 0.526741 0.0668211 3 1 0
102.268 0.363949 0.165621 4 1 0
102.258 0.363971 0.165585 4 1 0
102.238 0.364014 0.165515 4 1 0
102.198 0.364108 0.16541 4 1 0
102.118 0.364281 0.165123 4 1 0
102.018 0.364498 0.164762 4 1 0
101.918 0.364729 0.16438 4 1 0
101.818 0.364949 0.164014 4 1 0
101.718 0.365171 0.163646 4 1 0
101.618 0.365396 0.163303 4 1 0
101.518 0.36562 0.162929 4 1 0
101.418 0.365846 0.162553 4 1 0
101.318 0.366075 0.162122 4 1 0
101.218 0.366304 0.161742 4 1 0
101.118 0.366535 0.16136 4 1 0
101.018 0.366768 0.161034 4 1 0
100.918 0.367002 0.160644 4 1 0
100.818 0.367237 0.160252 4 1 0
100.718 0.36747 0.159863 4 1 0
100.618 0.367709 0.159465 4 1 0
100.518 0.36795 0.159064 4 1 0
100.418 0.368183 0.158646 4 1 0
100.318 0.368428 0.15824 4 1 0
100.218 0.368674 0.15783 4 1 0
100.118 0.36891 0.157412 4 1 0
100.018 0.36916 0.156997 4 1 0
99.9178 0.369412 0.156578 4 1 0
99.8178 0.369648 0.156143 4 1 0
99.7178 0.369904 0.155719 4 1 0
99.6178 0.370162 0.155291 4 1 0
99.5178 0.370399 0.154854 4 1 0
99.4178 0.370661 0.15442 4 1 0
99.3178 0.370925 0.153983 4 1 0
99.2178 0.371174 0.153546 4 1 0
99.1178 0.371442 0.153101 4 1 0
99.0178 0.371713 0.152652 4 1 0
98.9178 0.371966 0.152204 4 1 0
98.8178 0.372242 0.151747 4 1 0
98.7178 0.372519 0.151287 4 1 0
98.6178 0.372768 0.150818 4 1 0
98.5178 0.373051 0.150351 4 1 0
98.4179 0.373336 0.149879 4 1 0
98.3179 0.373598 0.149403 4 1 0
98.2179 0.373888 0.148922 4 1 0
98.1179 0.374181 0.148437 4 1 0
98.0179 0.374457 0.147951 4 1 0
97.9179 0.374755 0.147456 4 1 0
97.8179 0.375057 0.146956 4 1 0
97.7179 0.375364 0.146524 4 1 0
97.6179 0.375671 0.146015 4 1 0
97.5179 0.375981 0.145497 4 1 0
97.4179 0.376254 0.144972 4 1 0
97.3179 0.376571 0.14445 4 1 0
97.2179 0.376892 0.143922 4 1 0
97.1179 0.37715 0.143433 4 1 0
97.0179 0.377479 0.142894 4 1 0
96.9179 0.377811 0.142349 4 1 0
96.8179 0.378157 0.141707 4 1 0
96.7179 0.378484 0.141141 4 1 0
96.6179 0.378815 0.140567 4 1 0
96.5179 0.379165 0.139961 4 1 0
96.4179 0.379519 0.139376 4 1 0
96.3179 0.379878 0.138784 4 1 0
96.2179 0.380237 0.138207 4 1 0
96.118 0.380607 0.137592 4 1 0
96.018 0.380982 0.136967 4 1 0
95.918 0.381332 0.136371 4 1 0
95.818 0.38172 0.135724 4 1 0
95.718 0.382116 0.135065 4 1 0
95.618 0.382512 0.134402 4 1 0
95.518 0.382923 0.133717 4 1 0
95.418 0.383344 0.133018 4 1 0
95.318 0.383753 0.132287 4 1 0
95.218 0.384194 0.131562 4 1 0
95.118 0.384648 0.130817 4 1 0
95.0181 0.385124 0.129999 4 1 0
94.9181 0.385605 0.129204 4 1 0
94.8181 0.386104 0.128381 4 1 0
94.7181 0.386613 0.127531 4 1 0
94.6181 0.387157 0.126636 4 1 0
94.5181 0.387731 0.125694 4 1 0
94.4182 0.388336 0.124702 4 1 0
94.3182 0.388998 0.123624 4 1 0
94.2182 0.389728 0.122439 4 1 0
94.1183 0.390568 0.121132 4 1 0
94.0184 0.391599 0.119496 4 1 0
93.9186 0.393243 0.116936 4 1 0
93.9062 0.393635 0.11632 4 1 0
93.8995 0.394002 0.115756 4 1 0
93.8977 0.394193 0.115466 4 1 0
93.8973 0.394297 0.115274 4 1 0
93.8972 0.39439 0.115136 4 1 0
93.8973 0.394476 0.115006 3 1 0
93.898 0.394628 0.114867 3 1 0
93.8996 0.394798 0.114616 3 1 0
93.9022 0.394964 0.114373 3 1 0
93.9061 0.39508 0.114052 3 1 0
93.9119 0.395287 0.113746 3 1 0
93.9207 0.39553 0.113387 3 1 0
93.934 0.395889 0.113026 3 1 0
93.9539 0.396245 0.112518 3 1 0
93.9838 0.396677 0.111911 3 1 0
94.0288 0.397228 0.111145 3 1 0
94.0961 0.397873 0.110284 3 1 0
94.1961 0.398656 0.109269 3 1 0
94.296 0.39931 0.108485 3 1 0
94.396 0.399978 0.107752 3 1 0
94.496 0.400588 0.1071 3 1 0
94.5959 0.401216 0.10647 3 1 0
94.6959 0.401737 0.105928 3 1 0
94.7959 0.40223 0.105424 3 1 0
94.8959 0.402695 0.104983 3 1 0
94.9959 0.40315 0.104545 3 1 0
95.0958 0.403587 0.104131 3 1 0
95.1958 0.404009 0.103746 3 1 0
95.2958 0.404422 0.103359 3 1 0
95.3958 0.404823 0.102987 3 1 0
95.4958 0.405217 0.102601 3 1 0
95.5958 0.405602 0.102259 3 1 0
95.6958 0.405978 0.101929 3 1 0
95.7957 0.406349 0.101602 3 1 0
95.8957 0.406712 0.101293 3 1 0
95.9957 0.407068 0.100994 3 1 0
96.0957 0.407418 0.100705 3 1 0
96.1957 0.407762 0.100422 3 1 0
96.2957 0.408101 0.100146 3 1 0
96.3957 0.408435 0.0998763 3 1 0
96.4957 0.408764 0.0996136 3 1 0
96.5957 0.409089 0.099357 3 1 0
96.6957 0.409413 0.0991088 3 1 0
96.7957 0.409731 0.0988626 3 1 0
96.8956 0.410044 0.0986215 3 1 0
96.9956 0.410359 0.0983867 3 1 0
97.0956 0.410666 0.0981548 3 1 0
97.1956 0.41097 0.0979274 3 1 0
97.2956 0.411271 0.0977046 3 1 0
97.3956 0.411569 0.0974862 3 1 0
97.4956 0.411864 0.0972717 3 1 0
97.5956 0.412153 0.0970776 3 1 0
97.6956 0.412443 0.0968717 3 1 0
97.7956 0.41273 0.0966693 3 1 0
97.8956 0.413034 0.0964557 3 1 0
97.9956 0.413317 0.0962589 3 1 0
98.0956 0.413598 0.0960652 3 1 0
98.1956 0.413874 0.0958897 3 1 0
98.2955 0.414165 0.0957024 3 1 0
98.3955 0.414473 0.0955179 3 1 0
98.4955 0.414768 0.0953154 3 1 0
98.5955 0.415072 0.0951353 3 1 0
98.6955 0.415374 0.0949576 3 1 0
98.7955 0.415676 0.0947915 3 1 0
98.8955 0.415974 0.0946189 3 1 0
98.9955 0.416269 0.0944486 3 1 0
99.0955 0.416554 0.0942591 3 1 0
99.1955 0.416846 0.0940924 3 1 0
99.2955 0.417136 0.0939277 3 1 0
99.3955 0.417424 0.0937603 3 1 0
99.4955 0.417711 0.0935995 3 1 0
99.5955 0.417996 0.0934407 3 1 0
99.6955 0.418277 0.0932944 3 1 0
99.7955 0.418559 0.0931396 3 1 0
99.8955 0.418839 0.0929866 3 1 0
99.9955 0.419108 0.0927911 3 1 0
100.095 0.419385 0.0926397 3 1 0
100.195 0.419661 0.0924901 3 1 0
100.295 0.419942 0.0923462 3 1 0
100.395 0.420215 0.0922001 3 1 0
100.495 0.420486 0.0920556 3 1 0
100.595 0.420753 0.0919519 3 1 0
100.695 0.421022 0.0918115 3 1 0
100.795 0.421289 0.0916724 3 1 0
100.895 0.42155 0.0915143 3 1 0
100.995 0.421814 0.0913776 3 1 0
101.095 0.422078 0.0912423 3 1 0
101.195 0.422341 0.0910997 3 1 0
101.295 0.422602 0.0909669 3 1 0
101.395 0.422862 0.0908355 3 1 0
101.495 0.42312 0.090697 3 1 0
101.595 0.423377 0.0905619 3 1 0
101.695 0.423633 0.0904281 3 1 0
101.795 0.423888 0.0902671 3 1 0
101.895 0.424142 0.0901373 3 1 0
101.995 0.424395 0.0900087 3 1 0
102.095 0.424645 0.0898757 3 1 0
102.195 0.424896 0.0897502 3 1 0
102.295 0.425146 0.0896259 3 1 0
102.395 0.425395 0.0895157 3 1 0
102.495 0.425643 0.0893924 3 1 0
102.595 0.425889 0.0892701 3 1 0
102.695 0.426135 0.0891456 3 1 0
102.795 0.42638 0.0890258 3 1 0
102.895 0.426624 0.088907 3 1 0
102.995 0.426867 0.088786 3 1 0
103.095 0.427109 0.0886699 3 1 0
103.195 0.42735 0.0885549 3 1 0
103.295 0.427591 0.0884917 3 1 0
103.395 0.42783 0.0883757 3 1 0
103.495 0.428069 0.0882605 3 1 0
103.595 0.428302 0.0881097 3 1 0
103.695 0.428538 0.087998 3 1 0
102.268 0.363949 0.165621 4 1 0
102.278 0.363928 0.165656 4 1 0
102.298 0.363885 0.165727 4 1 0
102.338 0.363804 0.165902 4 1 0
102.418 0.363634 0.166185 4 1 0
102.518 0.363423 0.166537 4 1 0
102.618 0.36319 0.166849 4 1 0
102.718 0.362981 0.167193 4 1 0
102.818 0.362774 0.167535 4 1 0
102.918 0.362532 0.167882 4 1 0
103.018 0.362328 0.168219 4 1 0
103.118 0.362124 0.168554 4 1 0
103.218 0.361901 0.168879 4 1 0
103.318 0.3617 0.16921 4 1 0
103.418 0.3615 0.16954 4 1 0
103.518 0.36123 0.169863 4 1 0
103.618 0.361034 0.170188 4 1 0
103.718 0.360838 0.170512 4 1 0
103.818 0.360623 0.170834 4 1 0
103.918 0.36043 0.171154 4 1 0
104.018 0.360238 0.171472 4 1 0
104.118 0.359911 0.171785 4 1 0
104.218 0.359722 0.1721 4 1 0
104.318 0.359534 0.172412 4 1 0
104.418 0.359366 0.172723 4 1 0
104.518 0.35918 0.173032 4 1 0
104.618 0.358995 0.173339 4 1 0
104.718 0.358877 0.173661 4 1 0
104.818 0.358691 0.173965 4 1 0
104.918 0.358505 0.174268 4 1 0
105.018 0.358414 0.17457 4 1 0
105.118 0.358234 0.174867 4 1 0
105.218 0.358054 0.175162 4 1 0
105.318 0.35785 0.175448 4 1 0
105.418 0.357672 0.17574 4 1 0
105.518 0.357496 0.176031 4 1 0
105.618 0.357391 0.176313 4 1 0
105.718 0.357216 0.176601 4 1 0
105.818 0.357041 0.176888 4 1 0
105.918 0.356919 0.177174 4 1 0
106.018 0.356746 0.177457 4 1 0
106.118 0.356574 0.177738 4 1 0
106.218 0.3564 0.178021 4 1 0
106.318 0.356229 0.178298 4 1 0
106.418 0.356059 0.178575 4 1 0
106.518 0.355878 0.178847 4 1 0
106.618 0.35571 0.17912 4 1 0
106.718 0.355543 0.179392 4 1 0
106.818 0.355363 0.179664 4 1 0
106.918 0.355197 0.179932 4 1 0
107.018 0.355033 0.1802 4 1 0
107.118 0.354857 0.180467 4 1 0
107.218 0.354694 0.180731 4 1 0
107.318 0.354532 0.180994 4 1 0
107.418 0.35436 0.181257 4 1 0
107.518 0.3542 0.181516 4 1 0
107.618 0.35404 0.181775 4 1 0
107.718 0.353869 0.182039 4 1 0
107.818 0.353711 0.182294 4 1 0
107.918 0.353554 0.182548 4 1 0
108.018 0.353395 0.182795 4 1 0
108.118 0.353239 0.183047 4 1 0
108.218 0.353084 0.183297 4 1 0
108.318 0.352922 0.183547 4 1 0
108.418 0.352769 0.183794 4 1 0
108.518 0.352617 0.18404 4 1 0
108.618 0.352456 0.184288 4 1 0
108.718 0.352305 0.184531 4 1 0
108.818 0.352155 0.184773 4 1 0
108.918 0.352002 0.185013 4 1 0
109.018 0.351854 0.185253 4 1 0
109.118 0.351706 0.185491 4 1 0
109.218 0.351555 0.185728 4 1 0
109.318 0.351408 0.185965 4 1 0
109.418 0.351263 0.1862 4 1 0
109.518 0.351113 0.186434 4 1 0
109.618 0.350969 0.186666 4 1 0
109.718 0.350826 0.186898 4 1 0
109.818 0.350678 0.187129 4 1 0
109.918 0.350536 0.187358 4 1 0
110.018 0.350395 0.187586 4 1 0
110.118 0.35025 0.187813 4 1 0
110.218 0.35011 0.188039 4 1 0
110.318 0.349971 0.188263 4 1 0
110.418 0.349829 0.188487 4 1 0
110.518 0.349691 0.18871 4 1 0
110.618 0.349553 0.188931 4 1 0
110.718 0.349413 0.189151 4 1 0
110.818 0.349277 0.18937 4 1 0
110.918 0.349142 0.189588 4 1 0
111.018 0.349004 0.189806 4 1 0
111.118 0.34887 0.190021 4 1 0
111.218 0.348737 0.190236 4 1 0
111.318 0.348601 0.19045 4 1 0
111.418 0.348469 0.190663 4 1 0
111.518 0.348338 0.190875 4 1 0
111.618 0.348204 0.191085 4 1 0
111.718 0.348074 0.191295 4 1 0
111.818 0.347945 0.191503 4 1 0
111.918 0.347813 0.191711 4 1 0
112.018 0.347685 0.191918 4 1 0
112.118 0.347557 0.192123 4 1 0
112.218 0.347427 0.192328 4 1 0
112.318 0.347301 0.192532 4 1 0
112.418 0.347175 0.192734 4 1 0
112.518 0.347047 0.192936 4 1 0
112.618 0.346923 0.193137 4 1 0
112.718 0.346799 0.193336 4 1 0
112.818 0.346673 0.193535 4 1 0
112.918 0.34655 0.193733 4 1 0
113.018 0.346428 0.19393 4 1 0
113.118 0.346304 0.194126 4 1 0
113.218 0.346182 0.194321 4 1 0
113.318 0.346062 0.194515 4 1 0
113.418 0.34594 0.194708 4 1 0
113.518 0.34582 0.1949 4 1 0
113.618 0.345701 0.195091 4 1 0
113.718 0.345581 0.195282 4 1 0
113.818 0.345463 0.195471 4 1 0
113.918 0.345346 0.19566 4 1 0
114.018 0.345227 0.195848 4 1 0
114.118 0.345111 0.196035 4 1 0
114.218 0.344995 0.19622 4 1 0
114.318 0.344883 0.196406 4 1 0
114.418 0.344769 0.19659 4 1 0
114.518 0.344656 0.196773 4 1 0
114.618 0.344546 0.196956 4 1 0
114.718 0.344433 0.197137 4 1 0
114.818 0.344322 0.197318 4 1 0
114.918 0.344212 0.197498 4 1 0
115.018 0.344102 0.197677 4 1 0
115.118 0.343991 0.197856 4 1 0
115.218 0.343884 0.198033 4 1 0
115.318 0.343774 0.19821 4 1 0
115.418 0.343665 0.198386 4 1 0
115.518 0.343559 0.198561 4 1 0
115.618 0.343451 0.198735 4 1 0
115.718 0.343344 0.198908 4 1 0
115.818 0.343238 0.199082 4 1 0
115.918 0.343132 0.199253 4 1 0
116.018 0.343026 0.199424 4 1 0
116.118 0.342922 0.199595 4 1 0
116.218 0.342817 0.199764 4 1 0
116.318 0.342712 0.199933 4 1 0
116.418 0.34261 0.200101 4 1 0
116.518 0.342506 0.200268 4 1 0
116.618 0.342403 0.200435 4 1 0
116.718 0.342301 0.200601 4 1 0
116.818 0.342199 0.200766 4 1 0
116.918 0.342097 0.20093 4 1 0
117.018 0.341997 0.201094 4 1 0
117.118 0.341896 0.201256 4 1 0
117.218 0.341795 0.201418 4 1 0
117.318 0.341696 0.201578 4 1 0
117.418 0.341596 0.201737 4 1 0
117.518 0.341497 0.201895 4 1 0
117.618 0.341399 0.202051 4 1 0
117.718 0.341301 0.202208 4 1 0
117.818 0.341203 0.202363 4 1 0
117.918 0.341106 0.202518 4 1 0
118.018 0.341009 0.202672 4 1 0
118.118 0.340912 0.202826 4 1 0
118.218 0.340817 0.202979 4 1 0
118.318 0.340721 0.203131 4 1 0
118.418 0.340625 0.203282 4 1 0
118.518 0.340531 0.203433 4 1 0
118.618 0.340436 0.203583 4 1 0
118.718 0.340342 0.203733 4 1 0
118.818 0.340249 0.203882 4 1 0
118.918 0.340155 0.20403 4 1 0
119.018 0.340062 0.204178 4 1 0
119.118 0.33997 0.204324 4 1 0
119.218 0.339877 0.204471 4 1 0
119.318 0.339785 0.204616 4 1 0
119.418 0.339695 0.204761 4 1 0
119.518 0.339603 0.204906 4 1 0
119.618 0.339512 0.205049 4 1 0
119.718 0.339423 0.205192 4 1 0
119.818 0.339332 0.205335 4 1 0
119.918 0.339243 0.205477 4 1 0
120.018 0.339154 0.205618 4 1 0
120.118 0.339065 0.205759 4 1 0
120.218 0.338976 0.205899 4 1 0
120.318 0.338889 0.206038 4 1 0
120.418 0.338801 0.206177 4 1 0
120.518 0.338713 0.206315 4 1 0
120.618 0.338627 0.206453 4 1 0
120.718 0.33854 0.20659 4 1 0
120.818 0.338453 0.206727 4 1 0
120.918 0.338368 0.206862 4 1 0
121.018 0.338282 0.206998 4 1 0
121.118 0.338197 0.207133 4 1 0
121.218 0.338112 0.207267 4 1 0
121.318 0.338028 0.2074 4 1 0
121.418 0.337943 0.207534 4 1 0
121.518 0.33786 0.207666 4 1 0
121.618 0.337776 0.207798 4 1 0
121.718 0.337693 0.207929 4 1 0
121.818 0.33761 0.20806 4 1 0
121.918 0.337528 0.20819 4 1 0
121.918 0.337528 0.20819 4 1 0
121.928 0.337519 0.208203 4 1 0
121.948 0.337503 0.208229 4 1 0
121.988 0.33747 0.208281 4 1 0
122.068 0.337405 0.208385 4 1 0
122.168 0.337323 0.208514 4 1 0
122.268 0.337242 0.208642 4 1 0
122.368 0.337161 0.20877 4 1 0
122.468 0.33708 0.208897 4 1 0
122.568 0.337 0.209023 4 1 0
122.668 0.336919 0.20915 4 1 0
122.768 0.336839 0.209276 4 1 0
122.868 0.336761 0.2094 4 1 0
122.968 0.336681 0.209525 4 1 0
123.068 0.336602 0.209649 4 1 0
123.168 0.336524 0.209773 4 1 0
123.268 0.336446 0.209896 4 1 0
123.368 0.336368 0.210019 4 1 0
123.468 0.336291 0.21014 4 1 0
123.568 0.336214 0.210262 4 1 0
123.668 0.336137 0.210383 4 1 0
123.768 0.33606 0.210504 4 1 0
123.868 0.335984 0.210624 4 1 0
123.968 0.335908 0.210743 4 1 0
124.068 0.335833 0.210862 4 1 0
124.168 0.335757 0.210981 4 1 0
124.268 0.335682 0.211099 4 1 0
124.368 0.335608 0.211217 4 1 0
124.468 0.335533 0.211334 4 1 0
124.568 0.335459 0.211451 4 1 0
124.668 0.335386 0.211566 4 1 0
124.768 0.335312 0.211682 4 1 0
124.868 0.335238 0.211798 4 1 0
124.968 0.335166 0.211912 4 1 0
125.068 0.335093 0.212026 4 1 0
125.168 0.33502 0.21214 4 1 0
125.268 0.33495 0.212254 4 1 0
125.368 0.334877 0.212367 4 1 0
125.468 0.334806 0.212479 4 1 0
125.568 0.334736 0.212591 4 1 0
125.668 0.334665 0.212702 4 1 0
125.768 0.334594 0.212814 4 1 0
125.868 0.334526 0.212924 4 1 0
125.968 0.334455 0.213034 4 1 0
126.068 0.334385 0.213144 4 1 0
126.168 0.334319 0.213253 4 1 0
126.268 0.334249 0.213362 4 1 0
126.368 0.33418 0.213471 4 1 0
126.468 0.334112 0.213578 4 1 0
126.568 0.334044 0.213686 4 1 0
126.668 0.333975 0.213793 4 1 0
126.768 0.333901 0.213901 4 1 0
126.868 0.333833 0.214007 4 1 0
126.968 0.333765 0.214113 4 1 0
127.068 0.333697 0.214219 4 1 0
127.168 0.33363 0.214324 4 1 0
127.268 0.333563 0.214429 4 1 0
127.368 0.333495 0.214534 4 1 0
127.468 0.333428 0.214638 4 1 0
127.568 0.333362 0.214741 4 1 0
127.668 0.333291 0.214843 4 1 0
127.768 0.333225 0.214946 4 1 0
127.868 0.33316 0.215048 4 1 0
127.968 0.333093 0.21515 4 1 0
128.068 0.333028 0.215251 4 1 0
128.168 0.332963 0.215352 4 1 0
128.268 0.332898 0.215453 4 1 0
128.368 0.332834 0.215553 4 1 0
128.468 0.33277 0.215652 4 1 0
128.568 0.332705 0.215752 4 1 0
128.668 0.332641 0.21585 4 1 0
128.768 0.332578 0.215949 4 1 0
128.868 0.332514 0.216047 4 1 0
128.968 0.332451 0.216145 4 1 0
129.068 0.332389 0.216242 4 1 0
129.168 0.332326 0.216339 4 1 0
129.268 0.332264 0.216436 4 1 0
129.368 0.332202 0.216532 4 1 0
129.468 0.33214 0.216628 4 1 0
129.568 0.332078 0.216723 4 1 0
129.668 0.332017 0.216818 4 1 0
129.768 0.331956 0.216913 4 1 0
129.868 0.331895 0.217007 4 1 0
129.968 0.331834 0.217101 4 1 0
130.068 0.331773 0.217194 4 1 0
130.168 0.331713 0.217287 4 1 0
130.268 0.331654 0.21738 4 1 0
130.368 0.331594 0.217473 4 1 0
130.468 0.331534 0.217565 4 1 0
130.568 0.331475 0.217656 4 1 0
130.668 0.331416 0.217748 4 1 0
130.768 0.331357 0.217839 4 1 0
130.868 0.331298 0.217929 4 1 0
130.968 0.33124 0.21802 4 1 0
131.068 0.331182 0.21811 4 1 0
131.168 0.331124 0.218199 4 1 0
131.268 0.331065 0.218288 4 1 0
131.368 0.331008 0.218377 4 1 0
131.468 0.33095 0.218466 4 1 0
131.568 0.330893 0.218554 4 1 0
131.668 0.330836 0.218642 4 1 0
131.768 0.330779 0.218729 4 1 0
131.868 0.330721 0.218816 4 1 0
131.968 0.330664 0.218903 4 1 0
132.068 0.330608 0.218989 4 1 0
132.168 0.330551 0.219076 4 1 0
132.268 0.330495 0.219161 4 1 0
132.368 0.33044 0.219247 4 1 0
132.468 0.330383 0.219332 4 1 0
132.568 0.330328 0.219417 4 1 0
132.668 0.330274 0.219501 4 1 0
132.768 0.330218 0.219586 4 1 0
132.868 0.330164 0.219669 4 1 0
132.968 0.33011 0.219753 4 1 0
133.068 0.330055 0.219836 4 1 0
133.168 0.330001 0.219919 4 1 0
133.268 0.329947 0.220002 4 1 0
133.368 0.329893 0.220084 4 1 0
133.468 0.32984 0.220166 4 1 0
133.568 0.329787 0.220248 4 1 0
133.668 0.329733 0.220329 4 1 0
133.768 0.329681 0.22041 4 1 0
133.868 0.329628 0.220491 4 1 0
133.968 0.329575 0.220571 4 1 0
134.068 0.329523 0.220651 4 1 0
134.168 0.329471 0.220731 4 1 0
134.268 0.329419 0.220811 4 1 0
134.368 0.329367 0.22089 4 1 0
134.468 0.329316 0.220969 4 1 0
134.568 0.329264 0.221047 4 1 0
134.668 0.329213 0.221126 4 1 0
134.768 0.329162 0.221204 4 1 0
134.868 0.329111 0.221281 4 1 0
134.968 0.32906 0.221359 4 1 0
135.068 0.32901 0.221436 4 1 0
135.168 0.328959 0.221513 4 1 0
135.268 0.328909 0.221589 4 1 0
135.368 0.32886 0.221666 4 1 0
135.468 0.328809 0.221742 4 1 0
135.568 0.32876 0.221817 4 1 0
135.668 0.328711 0.221893 4 1 0
135.768 0.328661 0.221968 4 1 0
135.868 0.328612 0.222043 4 1 0
135.968 0.328564 0.222117 4 1 0
136.068 0.328515 0.222192 4 1 0
136.168 0.328466 0.222265 4 1 0
136.268 0.328418 0.222339 4 1 0
136.368 0.328369 0.222413 4 1 0
136.468 0.328322 0.222486 4 1 0
136.568 0.328274 0.222559 4 1 0
136.668 0.328226 0.222631 4 1 0
136.768 0.328179 0.222704 4 1 0
136.868 0.328131 0.222776 4 1 0
136.968 0.328084 0.222848 4 1 0
137.068 0.328037 0.222919 4 1 0
137.168 0.32799 0.22299 4 1 0
137.268 0.327943 0.223061 4 1 0
137.368 0.327897 0.223132 4 1 0
137.468 0.327851 0.223203 4 1 0
137.568 0.327804 0.223273 4 1 0
137.668 0.327758 0.223343 4 1 0
137.768 0.327712 0.223412 4 1 0
137.868 0.327666 0.223482 4 1 0
137.968 0.327621 0.223551 4 1 0
138.068 0.327576 0.22362 4 1 0
138.168 0.32753 0.223689 4 1 0
138.268 0.327485 0.223757 4 1 0
138.368 0.32744 0.223825 4 1 0
138.468 0.327395 0.223893 4 1 0
138.568 0.327351 0.223961 4 1 0
138.668 0.327306 0.224028 4 1 0
138.768 0.327262 0.224096 4 1 0
138.868 0.327218 0.224162 4 1 0
138.968 0.327174 0.224229 4 1 0
139.068 0.32713 0.224296 4 1 0
139.168 0.327086 0.224362 4 1 0
139.268 0.327043 0.224427 4 1 0
139.368 0.326999 0.224493 4 1 0
139.468 0.326956 0.224559 4 1 0
139.568 0.326913 0.224624 4 1 0
139.668 0.326869 0.224689 4 1 0
139.768 0.326827 0.224754 4 1 0
139.868 0.326784 0.224818 4 1 0
139.968 0.326741 0.224882 4 1 0
140.068 0.326699 0.224946 4 1 0
140.168 0.326657 0.22501 4 1 0
140.268 0.326615 0.225074 4 1 0
140.368 0.326573 0.225137 4 1 0
140.468 0.326531 0.2252 4 1 0
140.568 0.326489 0.225263 4 1 0
140.668 0.326448 0.225325 4 1 0
140.768 0.326407 0.225388 4 1 0
140.868 0.326365 0.22545 4 1 0
140.968 0.326324 0.225512 4 1 0
141.068 0.326284 0.225574 4 1 0
141.168 0.326242 0.225635 4 1 0
141.268 0.326202 0.225696 4 1 0
141.368 0.326161 0.225757 4 1 0
141.468 0.326121 0.225818 4 1 0
141.568 0.326081 0.225879 4 1 0
141.568 0.326081 0.225879 4 1 0
141.578 0.326077 0.225885 4 1 0
141.598 0.326069 0.225897 4 1 0
141.638 0.326052 0.225921 4 1 0
141.718 0.32602 0.225969 4 1 0
141.818 0.325981 0.226029 4 1 0
141.918 0.32594 0.226089 4 1 0
142.018 0.325901 0.226149 4 1 0
142.118 0.325862 0.226208 4 1 0
142.218 0.325822 0.226267 4 1 0
142.318 0.325783 0.226326 4 1 0
142.418 0.325744 0.226385 4 1 0
142.518 0.325704 0.226444 4 1 0
142.618 0.325666 0.226502 4 1 0
142.718 0.325627 0.22656 4 1 0
142.818 0.325588 0.226618 4 1 0
142.918 0.32555 0.226676 4 1 0
143.018 0.325512 0.226733 4 1 0
143.118 0.325473 0.22679 4 1 0
143.218 0.325435 0.226847 4 1 0
143.318 0.325398 0.226904 4 1 0
143.418 0.325359 0.226961 4 1 0
143.518 0.325322 0.227017 4 1 0
143.618 0.325284 0.227073 4 1 0
143.718 0.325246 0.22713 4 1 0
143.818 0.325209 0.227185 4 1 0
143.918 0.325172 0.227241 4 1 0
144.018 0.325135 0.227297 4 1 0
144.118 0.325098 0.227352 4 1 0
144.218 0.325062 0.227407 4 1 0
144.318 0.325024 0.227462 4 1 0
144.418 0.324988 0.227516 4 1 0
144.518 0.324952 0.22757 4 1 0
144.618 0.324915 0.227625 4 1 0
144.718 0.324879 0.227679 4 1 0
144.818 0.324843 0.227733 4 1 0
144.918 0.324807 0.227787 4 1 0
145.018 0.324771 0.22784 4 1 0
145.118 0.324736 0.227893 4 1 0
145.218 0.324699 0.227946 4 1 0
145.318 0.324664 0.227999 4 1 0
145.418 0.324629 0.228052 4 1 0
145.518 0.324593 0.228105 4 1 0
145.618 0.324558 0.228157 4 1 0
145.718 0.324524 0.228209 4 1 0
145.818 0.324488 0.228261 4 1 0
145.918 0.324453 0.228312 4 1 0
146.018 0.324419 0.228364 4 1 0
146.118 0.324384 0.228416 4 1 0
146.218 0.32435 0.228467 4 1 0
146.318 0.324316 0.228517 4 1 0
146.418 0.324281 0.228569 4 1 0
146.518 0.324247 0.228619 4 1 0
146.618 0.324213 0.228669 4 1 0
146.718 0.324179 0.22872 4 1 0
146.818 0.324145 0.22877 4 1 0
146.918 0.324112 0.22882 4 1 0
147.018 0.324078 0.22887 4 1 0
147.118 0.324045 0.228919 4 1 0
147.218 0.324011 0.228968 4 1 0
147.318 0.323978 0.229018 4 1 0
147.418 0.323945 0.229067 4 1 0
147.518 0.323912 0.229116 4 1 0
147.618 0.323879 0.229165 4 1 0
147.718 0.323846 0.229213 4 1 0
147.818 0.323814 0.229261 4 1 0
147.918 0.32378 0.22931 4 1 0
148.018 0.323748 0.229358 4 1 0
148.118 0.323716 0.229405 4 1 0
148.218 0.323683 0.229453 4 1 0
148.318 0.323651 0.229501 4 1 0
148.418 0.32362 0.229548 4 1 0
148.518 0.323587 0.229595 4 1 0
148.618 0.323556 0.229642 4 1 0
148.718 0.323524 0.229689 4 1 0
148.818 0.323492 0.229736 4 1 0
148.918 0.323461 0.229782 4 1 0
149.018 0.323429 0.229828 4 1 0
149.118 0.323398 0.229875 4 1 0
149.218 0.323367 0.229921 4 1 0
149.318 0.323336 0.229966 4 1 0
149.418 0.323304 0.230012 4 1 0
149.518 0.323273 0.230058 4 1 0
149.618 0.323243 0.230103 4 1 0
149.718 0.323212 0.230147 4 1 0
149.818 0.323181 0.230191 4 1 0
149.918 0.323151 0.230236 4 1 0
150.018 0.32312 0.230279 4 1 0
150.118 0.32309 0.230323 4 1 0
150.218 0.32306 0.230367 4 1 0
150.318 0.323029 0.23041 4 1 0
150.418 0.322999 0.230454 4 1 0
150.518 0.32297 0.230497 4 1 0
150.618 0.322939 0.23054 4 1 0
150.718 0.32291 0.230583 4 1 0
150.818 0.32288 0.230626 4 1 0
150.918 0.32285 0.230668 4 1 0
151.018 0.322821 0.23071 4 1 0
151.118 0.322792 0.230753 4 1 0
151.218 0.322762 0.230794 4 1 0
151.318 0.322733 0.230837 4 1 0
151.418 0.322705 0.230879 4 1 0
151.518 0.322675 0.23092 4 1 0
151.618 0.322646 0.230962 4 1 0
151.718 0.322618 0.231003 4 1 0
151.818 0.322588 0.231044 4 1 0
151.918 0.32256 0.231085 4 1 0
152.018 0.322532 0.231127 4 1 0
152.118 0.322503 0.231167 4 1 0
152.218 0.322475 0.231208 4 1 0
152.318 0.322447 0.231248 4 1 0
152.418 0.322418 0.231288 4 1 0
152.518 0.32239 0.231329 4 1 0
152.618 0.322363 0.231369 4 1 0
152.718 0.322334 0.231409 4 1 0
152.818 0.322307 0.231449 4 1 0
152.918 0.322279 0.231488 4 1 0
153.018 0.322251 0.231527 4 1 0
153.118 0.322224 0.231567 4 1 0
153.218 0.322196 0.231607 4 1 0
153.318 0.322168 0.231645 4 1 0
153.418 0.322141 0.231684 4 1 0
153.518 0.322115 0.231723 4 1 0
153.618 0.322087 0.231762 4 1 0
153.718 0.32206 0.2318 4 1 0
153.818 0.322034 0.231839 4 1 0
153.918 0.322006 0.231877 4 1 0
154.018 0.32198 0.231915 4 1 0
154.118 0.321953 0.231953 4 1 0
154.218 0.321926 0.231991 4 1 0
154.318 0.3219 0.232029 4 1 0
154.418 0.321874 0.232066 4 1 0
154.518 0.321847 0.232103 4 1 0
154.618 0.321821 0.232141 4 1 0
154.718 0.321795 0.232178 4 1 0
154.818 0.321768 0.232215 4 1 0
154.918 0.321742 0.232252 4 1 0
155.018 0.321717 0.232289 4 1 0
155.118 0.32169 0.232325 4 1 0
155.218 0.321665 0.232362 4 1 0
155.318 0.32164 0.232399 4 1 0
155.418 0.321613 0.232435 4 1 0
155.518 0.321588 0.232471 4 1 0
155.618 0.321563 0.232507 4 1 0
155.718 0.321537 0.232543 4 1 0
155.818 0.321512 0.232579 4 1 0
155.918 0.321487 0.232614 4 1 0
156.018 0.321462 0.232649 4 1 0
156.118 0.321437 0.232685 4 1 0
156.218 0.321412 0.232721 4 1 0
156.318 0.321388 0.232755 4 1 0
156.418 0.321363 0.23279 4 1 0
156.518 0.321339 0.232826 4 1 0
156.618 0.321315 0.23286 4 1 0
156.718 0.32129 0.232895 4 1 0
156.818 0.321266 0.232929 4 1 0
156.918 0.321243 0.232963 4 1 0
157.018 0.321218 0.232998 4 1 0
157.118 0.321194 0.233032 4 1 0
157.218 0.321171 0.233066 4 1 0
157.318 0.321147 0.2331 4 1 0
157.418 0.321123 0.233134 4 1 0
157.518 0.3211 0.233167 4 1 0
157.618 0.321076 0.233201 4 1 0
157.718 0.321053 0.233234 4 1 0
157.818 0.32103 0.233267 4 1 0
157.918 0.321006 0.233301 4 1 0
158.018 0.320983 0.233334 4 1 0
158.118 0.32096 0.233367 4 1 0
158.218 0.320937 0.2334 4 1 0
158.318 0.320914 0.233433 4 1 0
158.418 0.320891 0.233465 4 1 0
158.518 0.320868 0.233497 4 1 0
158.618 0.320845 0.23353 4 1 0
158.718 0.320823 0.233562 4 1 0
158.818 0.3208 0.233594 4 1 0
158.918 0.320777 0.233626 4 1 0
159.018 0.320755 0.233658 4 1 0
159.118 0.320733 0.23369 4 1 0
159.218 0.32071 0.233722 4 1 0
159.318 0.320688 0.233753 4 1 0
159.418 0.320666 0.233785 4 1 0
159.518 0.320643 0.233816 4 1 0
159.618 0.320622 0.233847 4 1 0
159.718 0.3206 0.233878 4 1 0
159.818 0.320577 0.233909 4 1 0
159.918 0.320556 0.23394 4 1 0
160.018 0.320534 0.233971 4 1 0
160.118 0.320512 0.234002 4 1 0
160.218 0.320491 0.234032 4 1 0
160.318 0.320469 0.234063 4 1 0
160.418 0.320447 0.234093 4 1 0
160.518 0.320427 0.234123 4 1 0
160.618 0.320405 0.234153 4 1 0
160.718 0.320383 0.234183 4 1 0
160.818 0.320363 0.234213 4 1 0
160.918 0.320341 0.234243 4 1 0
161.018 0.32032 0.234273 4 1 0
161.118 0.320299 0.234302 4 1 0
161.218 0.320278 0.234332 4 1 0
161.218 0.320278 0.234332 4 1 0
161.228 0.320276 0.234335 4 1 0
161.248 0.320272 0.234341 4 1 0
161.288 0.320264 0.234352 4 1 0
161.368 0.320247 0.234376 4 1 0
161.468 0.320226 0.234405 4 1 0
161.568 0.320205 0.234434 4 1 0
161.668 0.320185 0.234463 4 1 0
161.768 0.320164 0.234492 4 1 0
161.868 0.320144 0.234521 4 1 0
161.968 0.320123 0.23455 4 1 0
162.068 0.320103 0.234578 4 1 0
162.168 0.320083 0.234607 4 1 0
162.268 0.320062 0.234635 4 1 0
162.368 0.320042 0.234664 4 1 0
162.468 0.320022 0.234691 4 1 0
162.568 0.320002 0.23472 4 1 0
162.668 0.319981 0.234748 4 1 0
162.768 0.319962 0.234775 4 1 0
162.868 0.319942 0.234803 4 1 0
162.968 0.319922 0.234831 4 1 0
163.068 0.319903 0.234859 4 1 0
163.168 0.319883 0.234886 4 1 0
163.268 0.319863 0.234914 4 1 0
163.368 0.319844 0.234941 4 1 0
163.468 0.319824 0.234968 4 1 0
163.568 0.319804 0.234995 4 1 0
163.668 0.319785 0.235022 4 1 0
163.768 0.319766 0.235049 4 1 0
163.868 0.319746 0.235076 4 1 0
163.968 0.319727 0.235102 4 1 0
164.068 0.319708 0.235129 4 1 0
164.168 0.319689 0.235156 4 1 0
164.268 0.31967 0.235182 4 1 0
164.368 0.319651 0.235208 4 1 0
164.468 0.319632 0.235235 4 1 0
164.568 0.319614 0.235261 4 1 0
164.668 0.319595 0.235287 4 1 0
164.768 0.319576 0.235313 4 1 0
164.868 0.319557 0.235338 4 1 0
164.968 0.319539 0.235364 4 1 0
165.068 0.31952 0.23539 4 1 0
165.168 0.319502 0.235415 4 1 0
165.268 0.319483 0.235441 4 1 0
165.368 0.319464 0.235466 4 1 0
165.468 0.319447 0.235492 4 1 0
165.568 0.319428 0.235517 4 1 0
165.668 0.31941 0.235542 4 1 0
165.768 0.319392 0.235567 4 1 0
165.868 0.319374 0.235592 4 1 0
165.968 0.319355 0.235617 4 1 0
166.068 0.319338 0.235641 4 1 0
166.168 0.31932 0.235666 4 1 0
166.268 0.319302 0.235691 4 1 0
166.368 0.319284 0.235715 4 1 0
166.468 0.319266 0.23574 4 1 0
166.568 0.319248 0.235764 4 1 0
166.668 0.319231 0.235788 4 1 0
166.768 0.319214 0.235812 4 1 0
166.868 0.319196 0.235836 4 1 0
166.968 0.319179 0.23586 4 1 0
167.068 0.319161 0.235884 4 1 0
167.168 0.319144 0.235908 4 1 0
167.268 0.319127 0.235931 4 1 0
167.368 0.319109 0.235955 4 1 0
167.468 0.319092 0.235979 4 1 0
167.568 0.319075 0.236002 4 1 0
167.668 0.319058 0.236025 4 1 0
167.768 0.319041 0.236049 4 1 0
167.868 0.319024 0.236072 4 1 0
167.968 0.319007 0.236095 4 1 0
168.068 0.31899 0.236118 4 1 0
168.168 0.318973 0.236141 4 1 0
168.268 0.318956 0.236163 4 1 0
168.368 0.31894 0.236186 4 1 0
168.468 0.318923 0.236209 4 1 0
168.568 0.318907 0.236231 4 1 0
168.668 0.31889 0.236254 4 1 0
168.768 0.318874 0.236276 4 1 0
168.868 0.318857 0.236299 4 1 0
168.968 0.31884 0.236321 4 1 0
169.068 0.318825 0.236343 4 1 0
169.168 0.318808 0.236365 4 1 0
169.268 0.318792 0.236387 4 1 0
169.368 0.318776 0.236409 4 1 0
169.468 0.318759 0.236431 4 1 0
169.568 0.318743 0.236453 4 1 0
169.668 0.318728 0.236474 4 1 0
169.768 0.318711 0.236496 4 1 0
169.868 0.318695 0.236517 4 1 0
169.968 0.31868 0.236539 4 1 0
170.068 0.318664 0.23656 4 1 0
170.168 0.318648 0.236581 4 1 0
170.268 0.318632 0.236602 4 1 0
170.368 0.318617 0.236624 4 1 0
170.468 0.318601 0.236645 4 1 0
170.568 0.318586 0.236666 4 1 0
170.668 0.31857 0.236686 4 1 0
170.768 0.318554 0.236707 4 1 0
170.868 0.318539 0.236728 4 1 0
170.968 0.318523 0.236749 4 1 0
171.068 0.318508 0.236769 4 1 0
171.168 0.318493 0.23679 4 1 0
171.268 0.318478 0.23681 4 1 0
171.368 0.318462 0.23683 4 1 0
171.468 0.318448 0.236851 4 1 0
171.568 0.318432 0.236871 4 1 0
171.668 0.318417 0.236891 4 1 0
171.768 0.318402 0.236911 4 1 0
171.868 0.318387 0.236931 4 1 0
171.968 0.318372 0.236951 4 1 0
172.068 0.318358 0.23697 4 1 0
172.168 0.318343 0.23699 4 1 0
172.268 0.318328 0.23701 4 1 0
172.368 0.318313 0.237029 4 1 0
172.468 0.318298 0.237049 4 1 0
172.568 0.318284 0.237068 4 1 0
172.668 0.31827 0.237088 4 1 0
172.768 0.318255 0.237107 4 1 0
172.868 0.31824 0.237126 4 1 0
172.968 0.318226 0.237145 4 1 0
173.068 0.318211 0.237164 4 1 0
173.168 0.318197 0.237183 4 1 0
173.268 0.318183 0.237202 4 1 0
173.368 0.318169 0.237221 4 1 0
173.468 0.318154 0.23724 4 1 0
173.568 0.31814 0.237259 4 1 0
173.668 0.318126 0.237277 4 1 0
173.768 0.318112 0.237296 4 1 0
173.868 0.318098 0.237314 4 1 0
173.968 0.318084 0.237333 4 1 0
174.068 0.31807 0.237351 4 1 0
174.168 0.318056 0.237369 4 1 0
174.268 0.318042 0.237387 4 1 0
174.368 0.318028 0.237406 4 1 0
174.468 0.318015 0.237424 4 1 0
174.568 0.318001 0.237442 4 1 0
174.668 0.317987 0.23746 4 1 0
174.768 0.317974 0.237477 4 1 0
174.868 0.31796 0.237495 4 1 0
174.968 0.317946 0.237513 4 1 0
175.068 0.317933 0.23753 4 1 0
175.168 0.31792 0.237548 4 1 0
175.268 0.317906 0.237566 4 1 0
175.368 0.317893 0.237583 4 1 0
175.468 0.31788 0.2376 4 1 0
175.568 0.317866 0.237618 4 1 0
175.668 0.317853 0.237635 4 1 0
175.768 0.31784 0.237652 4 1 0
175.868 0.317826 0.237669 4 1 0
175.968 0.317814 0.237686 4 1 0
176.068 0.3178 0.237703 4 1 0
176.168 0.317787 0.23772 4 1 0
176.268 0.317775 0.237737 4 1 0
176.368 0.317761 0.237754 4 1 0
176.468 0.317748 0.23777 4 1 0
176.568 0.317736 0.237787 4 1 0
176.668 0.317723 0.237803 4 1 0
176.768 0.31771 0.23782 4 1 0
176.868 0.317698 0.237836 4 1 0
176.968 0.317685 0.237853 4 1 0
177.068 0.317672 0.237869 4 1 0
177.168 0.31766 0.237885 4 1 0
177.268 0.317647 0.237902 4 1 0
177.368 0.317634 0.237918 4 1 0
177.468 0.317622 0.237934 4 1 0
177.568 0.317609 0.23795 4 1 0
177.668 0.317597 0.237966 4 1 0
177.768 0.317585 0.237981 4 1 0
177.868 0.317572 0.237997 4 1 0
177.968 0.31756 0.238013 4 1 0
178.068 0.317548 0.238029 4 1 0
178.168 0.317535 0.238044 4 1 0
178.268 0.317523 0.23806 4 1 0
178.368 0.317512 0.238075 4 1 0
178.468 0.3175 0.238091 4 1 0
178.568 0.317488 0.238106 4 1 0
178.668 0.317476 0.238121 4 1 0
178.768 0.317463 0.238137 4 1 0
178.868 0.317451 0.238152 4 1 0
178.968 0.31744 0.238167 4 1 0
179.068 0.317428 0.238182 4 1 0
179.168 0.317416 0.238197 4 1 0
179.268 0.317403 0.238212 4 1 0
179.368 0.317391 0.238227 4 1 0
179.468 0.317379 0.238242 4 1 0
179.568 0.317368 0.238256 4 1 0
179.668 0.317356 0.238271 4 1 0
179.768 0.317345 0.238285 4 1 0
179.868 0.317335 0.2383 4 1 0
179.968 0.317323 0.238315 4 1 0
180.068 0.317311 0.238329 4 1 0
180.168 0.3173 0.238344 4 1 0
180.268 0.317288 0.238358 4 1 0
180.368 0.317277 0.238372 4 1 0
180.468 0.317265 0.238387 4 1 0
180.568 0.317253 0.238401 4 1 0
180.668 0.317242 0.238415 4 1 0
180.768 0.317231 0.238429 4 1 0
180.868 0.31722 0.238443 4 1 0
180.868 0.31722 0.238443 4 1 0
180.878 0.317219 0.238444 4 1 0
180.898 0.317216 0.238447 4 1 0
180.938 0.317213 0.238452 4 1 0
181.018 0.317204 0.238463 4 1 0
181.118 0.317193 0.238477 4 1 0
181.218 0.317182 0.238491 4 1 0
181.318 0.317171 0.238505 4 1 0
181.418 0.317159 0.238519 4 1 0
181.518 0.317148 0.238532 4 1 0
181.618 0.317137 0.238546 4 1 0
181.718 0.317126 0.238559 4 1 0
181.818 0.317115 0.238573 4 1 0
181.918 0.317104 0.238586 4 1 0
182.018 0.317093 0.238599 4 1 0
182.118 0.317084 0.238612 4 1 0
182.218 0.317073 0.238626 4 1 0
182.318 0.317062 0.238639 4 1 0
182.418 0.317052 0.238652 4 1 0
182.518 0.317041 0.238665 4 1 0
182.618 0.31703 0.238678 4 1 0
182.718 0.31702 0.238691 4 1 0
182.818 0.317009 0.238704 4 1 0
182.918 0.316998 0.238717 4 1 0
183.018 0.316988 0.238729 4 1 0
183.118 0.316977 0.238742 4 1 0
183.218 0.316967 0.238755 4 1 0
183.318 0.316957 0.238767 4 1 0
183.418 0.316947 0.23878 4 1 0
183.518 0.316936 0.238792 4 1 0
183.618 0.316927 0.238805 4 1 0
183.718 0.316917 0.238817 4 1 0
183.818 0.316906 0.23883 4 1 0
183.918 0.316896 0.238842 4 1 0
184.018 0.316886 0.238854 4 1 0
184.118 0.316875 0.238867 4 1 0
184.218 0.316865 0.238878 4 1 0
184.318 0.316855 0.23889 4 1 0
184.418 0.316845 0.238902 4 1 0
184.518 0.316836 0.238914 4 1 0
184.618 0.316826 0.238926 4 1 0
184.718 0.316816 0.238938 4 1 0
184.818 0.316807 0.23895 4 1 0
184.918 0.316797 0.238962 4 1 0
185.018 0.316787 0.238973 4 1 0
185.118 0.316777 0.238986 4 1 0
185.218 0.316767 0.238997 4 1 0
185.318 0.316757 0.239009 4 1 0
185.418 0.316747 0.23902 4 1 0
185.518 0.316738 0.239031 4 1 0
185.618 0.316728 0.239042 4 1 0
185.718 0.31672 0.239053 4 1 0
185.818 0.31671 0.239064 4 1 0
185.918 0.3167 0.239076 4 1 0
186.018 0.316692 0.239088 4 1 0
186.118 0.316683 0.239099 4 1 0
186.218 0.316673 0.23911 4 1 0
186.318 0.316663 0.239122 4 1 0
186.418 0.316653 0.239133 4 1 0
186.518 0.316644 0.239144 4 1 0
186.618 0.316634 0.239154 4 1 0
186.718 0.316624 0.239164 4 1 0
186.818 0.316615 0.239175 4 1 0
186.918 0.316608 0.239184 4 1 0
187.018 0.316599 0.239195 4 1 0
187.118 0.316589 0.239206 4 1 0
187.218 0.316583 0.239219 4 1 0
187.318 0.316574 0.239229 4 1 0
187.418 0.316565 0.239239 4 1 0
187.518 0.316553 0.239254 4 1 0
187.618 0.316544 0.239264 4 1 0
187.718 0.316535 0.239274 4 1 0
187.818 0.316522 0.239279 4 1 0
187.918 0.316513 0.239289 4 1 0
188.018 0.316504 0.239299 4 1 0
188.118 0.316502 0.239308 4 1 0
188.218 0.316493 0.239318 4 1 0
188.318 0.316484 0.239328 4 1 0
188.418 0.316481 0.239344 4 1 0
188.518 0.316472 0.239354 4 1 0
188.618 0.316463 0.239363 4 1 0
188.718 0.316449 0.239379 4 1 0
188.818 0.31644 0.239388 4 1 0
188.918 0.316431 0.239398 4 1 0
189.018 0.316416 0.239397 4 1 0
189.118 0.316407 0.239407 4 1 0
189.218 0.316398 0.239417 4 1 0
189.318 0.316399 0.239426 4 1 0
189.418 0.316391 0.239435 4 1 0
189.518 0.316382 0.239445 4 1 0
189.618 0.316381 0.239462 4 1 0
189.718 0.316372 0.239471 4 1 0
189.818 0.316364 0.239481 4 1 0
189.918 0.31635 0.239491 4 1 0
190.018 0.316342 0.2395 4 1 0
190.118 0.316333 0.239509 4 1 0
190.218 0.316319 0.23951 4 1 0
190.318 0.316311 0.239519 4 1 0
190.418 0.316302 0.239528 4 1 0
190.518 0.3163 0.239537 4 1 0
190.618 0.316292 0.239546 4 1 0
190.718 0.316284 0.239555 4 1 0
190.818 0.31628 0.239573 4 1 0
190.918 0.316272 0.239581 4 1 0
191.018 0.316264 0.23959 4 1 0
191.118 0.316251 0.239597 4 1 0
191.218 0.316243 0.239606 4 1 0
191.318 0.316235 0.239614 4 1 0
191.418 0.31622 0.239622 4 1 0
191.518 0.316212 0.23963 4 1 0
191.618 0.316204 0.239639 4 1 0
191.718 0.316202 0.239642 4 1 0
191.818 0.316194 0.23965 4 1 0
191.918 0.316186 0.239659 4 1 0
192.018 0.31619 0.239672 4 1 0
192.118 0.316182 0.239681 4 1 0
192.218 0.316174 0.239689 4 1 0
192.318 0.316162 0.239711 4 1 0
192.418 0.316154 0.239719 4 1 0
192.518 0.316146 0.239727 4 1 0
192.618 0.316128 0.239719 4 1 0
192.718 0.31612 0.239727 4 1 0
192.818 0.316112 0.239735 4 1 0
192.918 0.316117 0.239739 4 1 0
193.018 0.31611 0.239747 4 1 0
193.118 0.316102 0.239755 4 1 0
193.218 0.316101 0.239783 4 1 0
193.318 0.316093 0.239791 4 1 0
193.418 0.316086 0.239798 4 1 0
193.518 0.316071 0.239789 4 1 0
193.618 0.316063 0.239796 4 1 0
193.718 0.316056 0.239804 4 1 0
193.818 0.31604 0.239824 4 1 0
193.918 0.316033 0.239832 4 1 0
194.018 0.316026 0.239839 4 1 0
194.118 0.316018 0.239833 4 1 0
194.218 0.316011 0.239841 4 1 0
194.318 0.316004 0.239848 4 1 0
194.418 0.316013 0.239856 4 1 0
194.518 0.316005 0.239863 4 1 0
194.618 0.315998 0.23987 4 1 0
194.718 0.31599 0.239907 4 1 0
194.818 0.315983 0.239914 4 1 0
194.918 0.315976 0.239921 4 1 0
195.018 0.315956 0.2399 4 1 0
195.118 0.315949 0.239907 4 1 0
195.218 0.315942 0.239915 4 1 0
195.318 0.315945 0.239918 4 1 0
195.418 0.315938 0.239924 4 1 0
195.518 0.315931 0.239931 4 1 0
195.618 0.315934 0.239964 4 1 0
195.718 0.315927 0.23997 4 1 0
195.818 0.31592 0.239977 4 1 0
195.918 0.315904 0.239962 4 1 0
196.018 0.315897 0.239968 4 1 0
196.118 0.31589 0.239975 4 1 0
196.218 0.315877 0.239985 4 1 0
196.318 0.31587 0.239991 4 1 0
196.418 0.315864 0.239998 4 1 0
196.518 0.315863 0.24 4 1 0
196.618 0.315856 0.240007 4 1 0
196.718 0.315849 0.240013 4 1 0
196.818 0.315848 0.24003 4 1 0
196.918 0.315842 0.240036 4 1 0
197.018 0.315835 0.240042 4 1 0
197.118 0.315824 0.240048 4 1 0
197.218 0.315818 0.240054 4 1 0
197.318 0.315811 0.24006 4 1 0
197.418 0.315798 0.240057 4 1 0
197.518 0.315791 0.240063 4 1 0
197.618 0.315785 0.240069 4 1 0
197.718 0.315788 0.240074 4 1 0
197.818 0.315782 0.24008 4 1 0
197.918 0.315775 0.240085 4 1 0
198.018 0.315777 0.240113 4 1 0
198.118 0.315771 0.240119 4 1 0
198.218 0.315765 0.240124 4 1 0
198.318 0.315751 0.240114 4 1 0
198.418 0.315744 0.24012 4 1 0
198.518 0.315738 0.240125 4 1 0
198.618 0.315725 0.24013 4 1 0
198.718 0.315719 0.240136 4 1 0
198.818 0.315712 0.240141 4 1 0
198.918 0.315716 0.240146 4 1 0
199.018 0.315709 0.240152 4 1 0
199.118 0.315703 0.240157 4 1 0
199.218 0.315701 0.240182 4 1 0
199.318 0.315695 0.240187 4 1 0
199.418 0.315689 0.240192 4 1 0
199.518 0.315675 0.240176 4 1 0
199.618 0.315669 0.240182 4 1 0
199.718 0.315663 0.240187 4 1 0
199.818 0.315658 0.240193 4 1 0
199.918 0.315652 0.240198 4 1 0
200.018 0.315646 0.240203 4 1 0
200.118 0.315652 0.240231 4 1 0
200.218 0.315646 0.240236 4 1 0
200.318 0.31564 0.240241 4 1 0
200.418 0.315627 0.240228 4 1 0
200.518 0.315621 0.240233 4 1 0
200.518 0.315621 0.240233 4 1 0
200.528 0.315621 0.240233 4 1 0
200.548 0.31562 0.240234 4 1 0
200.588 0.315608 0.240234 4 1 0
200.668 0.315604 0.240238 4 1 0
200.768 0.315598 0.240243 4 1 0
200.868 0.315607 0.24025 4 1 0
200.968 0.315601 0.240255 4 1 0
201.068 0.315595 0.24026 4 1 0
201.168 0.31559 0.240296 4 1 0
201.268 0.315585 0.2403 4 1 0
201.368 0.315579 0.240305 4 1 0
201.468 0.315566 0.240273 4 1 0
201.568 0.31556 0.240278 4 1 0
201.668 0.315555 0.240282 4 1 0
201.768 0.315554 0.240296 4 1 0
201.868 0.315549 0.240301 4 1 0
201.968 0.315544 0.240305 4 1 0
202.068 0.315538 0.240343 4 1 0
202.168 0.315533 0.240348 4 1 0
202.268 0.315527 0.240352 4 1 0
202.368 0.315518 0.240314 4 1 0
202.468 0.315513 0.240318 4 1 0
202.568 0.315508 0.240323 4 1 0
202.668 0.315513 0.240352 4 1 0
202.768 0.315507 0.240356 4 1 0
202.868 0.315502 0.24036 4 1 0
202.968 0.31549 0.240346 4 1 0
203.068 0.315485 0.24035 4 1 0
203.168 0.31548 0.240354 4 1 0
203.268 0.315461 0.240351 4 1 0
203.368 0.315456 0.240355 4 1 0
203.468 0.315451 0.240359 4 1 0
203.568 0.315474 0.24038 4 1 0
203.668 0.315469 0.240384 4 1 0
203.768 0.315464 0.240388 4 1 0
203.868 0.315453 0.240406 4 1 0
203.968 0.315448 0.24041 4 1 0
204.068 0.315443 0.240414 4 1 0
204.168 0.315428 0.240389 4 1 0
204.268 0.315423 0.240392 4 1 0
204.368 0.315418 0.240396 4 1 0
204.468 0.315423 0.240417 4 1 0
204.568 0.315418 0.240421 4 1 0
204.668 0.315413 0.240425 4 1 0
204.768 0.315404 0.240416 4 1 0
204.868 0.315399 0.240419 4 1 0
204.968 0.315394 0.240423 4 1 0
205.068 0.315396 0.240441 4 1 0
205.168 0.315392 0.240444 4 1 0
205.268 0.315387 0.240448 4 1 0
205.368 0.315375 0.240444 4 1 0
205.468 0.31537 0.240447 4 1 0
205.568 0.315366 0.240451 4 1 0
205.668 0.315363 0.240469 4 1 0
205.768 0.315358 0.240472 4 1 0
205.868 0.315353 0.240475 4 1 0
205.968 0.315338 0.24045 4 1 0
206.068 0.315333 0.240453 4 1 0
206.168 0.315328 0.240456 4 1 0
206.268 0.315344 0.240478 4 1 0
206.368 0.315339 0.240481 4 1 0
206.468 0.315335 0.240484 4 1 0
206.568 0.315322 0.240493 4 1 0
206.668 0.315318 0.240496 4 1 0
206.768 0.315313 0.240499 4 1 0
206.868 0.315296 0.240481 4 1 0
206.968 0.315292 0.240484 4 1 0
207.068 0.315287 0.240487 4 1 0
207.168 0.315281 0.240493 4 1 0
207.268 0.315276 0.240495 4 1 0
207.368 0.315272 0.240498 4 1 0
207.468 0.315274 0.240525 4 1 0
207.568 0.31527 0.240528 4 1 0
207.668 0.315266 0.24053 4 1 0
207.768 0.31527 0.240514 4 1 0
207.868 0.315266 0.240517 4 1 0
207.968 0.315261 0.240519 4 1 0
208.068 0.315262 0.240511 4 1 0
208.168 0.315257 0.240513 4 1 0
208.268 0.315253 0.240516 4 1 0
208.368 0.315242 0.24052 4 1 0
208.468 0.315238 0.240522 4 1 0
208.568 0.315233 0.240525 4 1 0
208.668 0.315225 0.240526 4 1 0
208.768 0.31522 0.240528 4 1 0
208.868 0.315216 0.24053 4 1 0
208.968 0.315226 0.240541 4 1 0
209.068 0.315221 0.240543 4 1 0
209.168 0.315217 0.240546 4 1 0
209.268 0.315207 0.240552 4 1 0
209.368 0.315203 0.240554 4 1 0
209.468 0.315199 0.240556 4 1 0
209.568 0.315196 0.240548 4 1 0
209.668 0.315192 0.24055 4 1 0
209.768 0.315188 0.240552 4 1 0
209.868 0.315199 0.240551 4 1 0
209.968 0.315195 0.240553 4 1 0
210.068 0.315192 0.240555 4 1 0
210.168 0.315184 0.240558 4 1 0
210.268 0.315181 0.24056 4 1 0
210.368 0.315177 0.240562 4 1 0
210.468 0.315174 0.240565 4 1 0
210.568 0.31517 0.240567 4 1 0
210.668 0.315166 0.240569 4 1 0
210.768 0.315162 0.240576 4 1 0
210.868 0.315159 0.240578 4 1 0
210.968 0.315155 0.24058 4 1 0
211.068 0.315153 0.24059 4 1 0
211.168 0.315149 0.240591 4 1 0
211.268 0.315145 0.240593 4 1 0
211.368 0.315139 0.2406 4 1 0
211.468 0.315135 0.240602 4 1 0
211.568 0.315132 0.240603 4 1 0
211.668 0.315126 0.240592 4 1 0
211.768 0.315123 0.240593 4 1 0
211.868 0.315119 0.240594 4 1 0
211.968 0.315111 0.240596 4 1 0
212.068 0.315108 0.240597 4 1 0
212.168 0.315104 0.240598 4 1 0
212.268 0.315115 0.240612 4 1 0
212.368 0.315112 0.240613 4 1 0
212.468 0.315109 0.240614 4 1 0
212.568 0.315104 0.240624 4 1 0
212.668 0.315101 0.240626 4 1 0
212.768 0.315098 0.240627 4 1 0
212.868 0.31509 0.240606 4 1 0
212.968 0.315087 0.240607 4 1 0
213.068 0.315084 0.240608 4 1 0
213.168 0.315082 0.240638 4 1 0
213.268 0.315079 0.240639 4 1 0
213.368 0.315075 0.24064 4 1 0
213.468 0.315071 0.240616 4 1 0
213.568 0.315068 0.240617 4 1 0
213.668 0.315064 0.240618 4 1 0
213.768 0.315059 0.240615 4 1 0
213.868 0.315056 0.240616 4 1 0
213.968 0.315053 0.240617 4 1 0
214.068 0.315065 0.240647 4 1 0
214.168 0.315061 0.240648 4 1 0
214.268 0.315058 0.240649 4 1 0
214.368 0.31505 0.240638 4 1 0
214.468 0.315047 0.240639 4 1 0
214.568 0.315043 0.24064 4 1 0
214.668 0.315032 0.240619 4 1 0
214.768 0.315029 0.240619 4 1 0
214.868 0.315026 0.24062 4 1 0
214.968 0.315033 0.240626 4 1 0
215.068 0.31503 0.240626 4 1 0
215.168 0.315027 0.240627 4 1 0
215.268 0.315032 0.240643 4 1 0
215.368 0.315029 0.240644 4 1 0
215.468 0.315026 0.240645 4 1 0
215.568 0.315011 0.240625 4 1 0
215.668 0.315008 0.240626 4 1 0
215.768 0.315006 0.240626 4 1 0
215.868 0.315006 0.240632 4 1 0
215.968 0.315003 0.240632 4 1 0
216.068 0.315001 0.240633 4 1 0
216.168 0.315009 0.240645 4 1 0
216.268 0.315006 0.240646 4 1 0
216.368 0.315003 0.240646 4 1 0
216.468 0.314979 0.240637 4 1 0
216.568 0.314976 0.240638 4 1 0
216.668 0.314974 0.240638 4 1 0
216.768 0.314999 0.240654 4 1 0
216.868 0.314996 0.240655 4 1 0
216.968 0.314994 0.240655 4 1 0
217.068 0.314979 0.24065 4 1 0
217.168 0.314977 0.24065 4 1 0
217.268 0.314974 0.24065 4 1 0
217.368 0.314957 0.240634 4 1 0
217.468 0.314955 0.240634 4 1 0
217.568 0.314952 0.240634 4 1 0
217.668 0.314976 0.240662 4 1 0
217.768 0.314973 0.240662 4 1 0
217.868 0.314971 0.240662 4 1 0
217.968 0.31496 0.240661 4 1 0
218.068 0.314958 0.240661 4 1 0
218.168 0.314955 0.240661 4 1 0
218.268 0.314934 0.240645 4 1 0
218.368 0.314932 0.240645 4 1 0
218.468 0.314929 0.240645 4 1 0
218.568 0.314951 0.24064 4 1 0
218.668 0.314949 0.240639 4 1 0
218.768 0.314946 0.240639 4 1 0
218.868 0.314942 0.24065 4 1 0
218.968 0.314939 0.24065 4 1 0
219.068 0.314937 0.24065 4 1 0
219.168 0.314921 0.24063 4 1 0
219.268 0.314919 0.240629 4 1 0
219.368 0.314916 0.240629 4 1 0
219.468 0.314929 0.240637 4 1 0
219.568 0.314927 0.240636 4 1 0
219.668 0.314925 0.240636 4 1 0
219.768 0.314923 0.240644 4 1 0
219.868 0.314921 0.240643 4 1 0
219.968 0.314919 0.240643 4 1 0
220.068 0.314904 0.240624 4 1 0
220.168 0.314902 0.240623 4 1 0
220.168 0.314902 0.240623 4 1 0
220.178 0.314902 0.240623 4 1 0
220.198 0.314901 0.240623 4 1 0
220.238 0.314914 0.240638 4 1 0
220.318 0.314913 0.240638 4 1 0
220.418 0.314911 0.240637 4 1 0
220.518 0.314907 0.24063 4 1 0
220.618 0.314905 0.240629 4 1 0
220.718 0.314903 0.240629 4 1 0
220.818 0.314901 0.240647 4 1 0
220.918 0.314899 0.240646 4 1 0
221.018 0.314897 0.240645 4 1 0
221.118 0.31489 0.240627 4 1 0
221.218 0.314888 0.240626 4 1 0
221.318 0.314886 0.240625 4 1 0
221.418 0.314887 0.240638 4 1 0
221.518 0.314885 0.240637 4 1 0
221.618 0.314883 0.240636 4 1 0
221.718 0.314879 0.24064 4 1 0
221.818 0.314877 0.240639 4 1 0
221.918 0.314876 0.240638 4 1 0
222.018 0.314874 0.240623 4 1 0
222.118 0.314872 0.240622 4 1 0
222.218 0.31487 0.240621 4 1 0
222.318 0.314873 0.240628 4 1 0
222.418 0.314871 0.240627 4 1 0
222.518 0.314869 0.240626 4 1 0
222.618 0.314865 0.240638 4 1 0
222.718 0.314863 0.240636 4 1 0
222.818 0.314862 0.240635 4 1 0
222.918 0.314857 0.240618 4 1 0
223.018 0.314855 0.240617 4 1 0
223.118 0.314854 0.240615 4 1 0
223.218 0.314854 0.240596 4 1 0
223.318 0.314852 0.240595 4 1 0
223.418 0.314851 0.240593 4 1 0
223.518 0.314856 0.240615 4 1 0
223.618 0.314854 0.240613 4 1 0
223.718 0.314853 0.240612 4 1 0
223.818 0.314848 0.240607 4 1 0
223.918 0.314846 0.240606 4 1 0
224.018 0.314844 0.240605 4 1 0
224.118 0.314847 0.240609 4 1 0
224.218 0.314846 0.240607 4 1 0
224.318 0.314844 0.240606 4 1 0
224.418 0.314839 0.240596 4 1 0
224.518 0.314838 0.240594 4 1 0
224.618 0.314836 0.240593 4 1 0
224.718 0.314831 0.240588 4 1 0
224.818 0.314829 0.240586 4 1 0
224.918 0.314828 0.240585 4 1 0
225.018 0.314829 0.24057 4 1 0
225.118 0.314828 0.240569 4 1 0
225.218 0.314826 0.240567 4 1 0
225.318 0.314832 0.240597 4 1 0
225.418 0.31483 0.240595 4 1 0
225.518 0.314829 0.240593 4 1 0
225.618 0.314824 0.240593 4 1 0
225.718 0.314822 0.240591 4 1 0
225.818 0.314821 0.240589 4 1 0
225.918 0.31482 0.240584 4 1 0
226.018 0.314819 0.240582 4 1 0
226.118 0.314818 0.24058 4 1 0
226.218 0.314819 0.240575 4 1 0
226.318 0.314817 0.240573 4 1 0
226.418 0.314816 0.240571 4 1 0
226.518 0.314816 0.240569 4 1 0
226.618 0.314814 0.240567 4 1 0
226.718 0.314813 0.240566 4 1 0
226.818 0.314812 0.240563 4 1 0
226.918 0.314811 0.240562 4 1 0
227.018 0.31481 0.24056 4 1 0
227.118 0.314809 0.240557 4 1 0
227.218 0.314808 0.240555 4 1 0
227.318 0.314807 0.240554 4 1 0
227.418 0.314806 0.24055 4 1 0
227.518 0.314805 0.240548 4 1 0
227.618 0.314804 0.240546 4 1 0
227.718 0.314803 0.240543 4 1 0
227.818 0.314802 0.240541 4 1 0
227.918 0.314801 0.240539 4 1 0
228.018 0.3148 0.240534 4 1 0
228.118 0.314799 0.240532 4 1 0
228.218 0.314798 0.24053 4 1 0
228.318 0.314798 0.240526 4 1 0
228.418 0.314797 0.240524 4 1 0
228.518 0.314796 0.240522 4 1 0
228.618 0.314795 0.240517 4 1 0
228.718 0.314794 0.240515 4 1 0
228.818 0.314793 0.240513 4 1 0
228.918 0.314793 0.240508 4 1 0
229.018 0.314792 0.240506 4 1 0
229.118 0.314791 0.240504 4 1 0
229.218 0.314791 0.240499 4 1 0
229.318 0.31479 0.240497 4 1 0
229.418 0.314789 0.240494 4 1 0
229.518 0.314789 0.240489 4 1 0
229.618 0.314788 0.240487 4 1 0
229.718 0.314787 0.240485 4 1 0
229.818 0.314787 0.24048 4 1 0
229.918 0.314786 0.240477 4 1 0
230.018 0.314785 0.240475 4 1 0
230.118 0.314785 0.24047 4 1 0
230.218 0.314784 0.240468 4 1 0
230.318 0.314783 0.240465 4 1 0
230.418 0.314783 0.24046 4 1 0
230.518 0.314782 0.240458 4 1 0
230.618 0.314781 0.240455 4 1 0
230.718 0.314781 0.24045 4 1 0
230.818 0.31478 0.240448 4 1 0
230.918 0.314779 0.240445 4 1 0
231.018 0.314779 0.240441 4 1 0
231.118 0.314778 0.240438 4 1 0
231.218 0.314778 0.240435 4 1 0
231.318 0.314777 0.240431 4 1 0
231.418 0.314777 0.240428 4 1 0
231.518 0.314776 0.240425 4 1 0
231.618 0.314776 0.240421 4 1 0
231.718 0.314775 0.240418 4 1 0
231.818 0.314775 0.240415 4 1 0
231.918 0.314774 0.240411 4 1 0
232.018 0.314774 0.240408 4 1 0
232.118 0.314773 0.240406 4 1 0
232.218 0.314773 0.240402 4 1 0
232.318 0.314772 0.240399 4 1 0
232.418 0.314772 0.240396 4 1 0
232.518 0.314772 0.240392 4 1 0
232.618 0.314771 0.240389 4 1 0
232.718 0.314771 0.240386 4 1 0
232.818 0.31477 0.240383 4 1 0
232.918 0.31477 0.24038 4 1 0
233.018 0.314769 0.240377 4 1 0
233.118 0.314769 0.240374 4 1 0
233.218 0.314769 0.24037 4 1 0
233.318 0.314768 0.240367 4 1 0
233.418 0.314768 0.240364 4 1 0
233.518 0.314768 0.240361 4 1 0
233.618 0.314767 0.240358 4 1 0
233.718 0.314767 0.240355 4 1 0
233.818 0.314767 0.240352 4 1 0
233.918 0.314766 0.240349 4 1 0
234.018 0.314766 0.240347 4 1 0
234.118 0.314766 0.240343 4 1 0
234.218 0.314766 0.24034 4 1 0
234.318 0.314765 0.240338 4 1 0
234.418 0.314765 0.240334 4 1 0
234.518 0.314765 0.240331 4 1 0
234.618 0.314764 0.240329 4 1 0
234.718 0.314764 0.240326 4 1 0
234.818 0.314764 0.240322 4 1 0
234.918 0.314764 0.240321 4 1 0
235.018 0.314764 0.240317 4 1 0
235.118 0.314763 0.240314 4 1 0
235.218 0.314763 0.240313 4 1 0
235.318 0.314763 0.240309 4 1 0
235.418 0.314763 0.240305 4 1 0
235.518 0.314763 0.240305 4 1 0
235.618 0.314763 0.240301 4 1 0
235.718 0.314763 0.240297 4 1 0
235.818 0.314762 0.240297 4 1 0
235.918 0.314762 0.240293 4 1 0
236.018 0.314762 0.240289 4 1 0
236.118 0.314762 0.240289 4 1 0
236.218 0.314762 0.240286 4 1 0
236.318 0.314762 0.240282 4 1 0
236.418 0.314762 0.240282 4 1 0
236.518 0.314762 0.240278 4 1 0
236.618 0.314762 0.240274 4 1 0
236.718 0.314762 0.24027 4 1 0
236.818 0.314762 0.240266 4 1 0
236.918 0.314762 0.240262 4 1 0
237.018 0.314761 0.240254 4 1 0
237.118 0.314762 0.24025 4 1 0
237.218 0.314762 0.240247 4 1 0
237.318 0.314761 0.240239 4 1 0
237.418 0.314762 0.240235 4 1 0
237.518 0.314762 0.240231 4 1 0
237.618 0.314762 0.240224 4 1 0
237.718 0.314762 0.24022 4 1 0
237.818 0.314762 0.240216 4 1 0
237.918 0.314762 0.240209 4 1 0
238.018 0.314762 0.240205 4 1 0
238.118 0.314762 0.240201 4 1 0
238.218 0.314762 0.240195 4 1 0
238.318 0.314762 0.240191 4 1 0
238.418 0.314763 0.240187 4 1 0
238.518 0.314762 0.240181 4 1 0
238.618 0.314763 0.240177 4 1 0
238.718 0.314763 0.240173 4 1 0
238.818 0.314763 0.240167 4 1 0
238.918 0.314763 0.240163 4 1 0
239.018 0.314764 0.240159 4 1 0
239.118 0.314763 0.240154 4 1 0
239.218 0.314764 0.24015 4 1 0
239.318 0.314764 0.240145 4 1 0
239.418 0.314764 0.240141 4 1 0
239.518 0.314764 0.240136 4 1 0
239.618 0.314765 0.240132 4 1 0
239.718 0.314764 0.240128 4 1 0
239.818 0.314765 0.240123 4 1 0
239.818 0.314765 0.240123 4 1 0
239.828 0.314765 0.240123 4 1 0
239.848 0.314765 0.240122 4 1 0
239.888 0.314765 0.24012 4 1 0
239.968 0.314765 0.240117 4 1 0
240.068 0.314765 0.240112 4 1 0
240.168 0.314766 0.240109 4 1 0
240.268 0.314766 0.240104 4 1 0
240.368 0.314767 0.2401 4 1 0
240.468 0.314767 0.240096 4 1 0
240.568 0.314767 0.240092 4 1 0
240.668 0.314768 0.240087 4 1 0
240.768 0.314766 0.240082 4 1 0
240.868 0.314767 0.240078 4 1 0
240.968 0.314767 0.240073 4 1 0
241.068 0.314763 0.240074 4 1 0
241.168 0.314764 0.24007 4 1 0
241.268 0.314764 0.240066 4 1 0
241.368 0.314765 0.240055 4 1 0
241.468 0.314765 0.240051 4 1 0
241.568 0.314766 0.240046 4 1 0
241.668 0.314765 0.240041 4 1 0
241.768 0.314766 0.240037 4 1 0
241.868 0.314767 0.240032 4 1 0
241.968 0.314765 0.240028 4 1 0
242.068 0.314766 0.240023 4 1 0
242.168 0.314766 0.240019 4 1 0
242.268 0.314764 0.240014 4 1 0
242.368 0.314764 0.240009 4 1 0
242.468 0.314765 0.240005 4 1 0
242.568 0.314763 0.24 4 1 0
242.668 0.314764 0.239995 4 1 0
242.768 0.314765 0.239991 4 1 0
242.868 0.31476 0.239986 4 1 0
242.968 0.314761 0.239981 4 1 0
243.068 0.314762 0.239977 4 1 0
243.168 0.314758 0.239972 4 1 0
243.268 0.314759 0.239967 4 1 0
243.368 0.31476 0.239962 4 1 0
243.468 0.314753 0.239957 4 1 0
243.568 0.314754 0.239953 4 1 0
243.668 0.314754 0.239948 4 1 0
243.768 0.314743 0.239942 4 1 0
243.868 0.314744 0.239937 4 1 0
243.968 0.314745 0.239932 4 1 0
244.068 0.314729 0.239929 4 1 0
244.168 0.31473 0.239924 4 1 0
244.268 0.314731 0.239919 4 1 0
244.368 0.314706 0.239914 4 1 0
244.468 0.314707 0.239909 4 1 0
244.568 0.314708 0.239904 4 1 0
244.668 0.314657 0.239899 4 1 0
244.768 0.314659 0.239894 4 1 0
244.868 0.31466 0.239889 4 1 0
244.968 0.314608 0.239884 4 1 0
245.068 0.31461 0.239879 4 1 0
245.168 0.314611 0.239874 4 1 0
245.268 0.314658 0.239875 4 1 0
245.368 0.31466 0.23987 4 1 0
245.468 0.314661 0.239865 4 1 0
245.568 0.314661 0.239857 4 1 0
245.668 0.314663 0.239852 4 1 0
245.768 0.314664 0.239847 4 1 0
245.868 0.314686 0.239843 4 1 0
245.968 0.314687 0.239838 4 1 0
246.068 0.314688 0.239833 4 1 0
246.168 0.3147 0.239826 4 1 0
246.268 0.314701 0.239821 4 1 0
246.368 0.314702 0.239816 4 1 0
246.468 0.314716 0.239811 4 1 0
246.568 0.314717 0.239805 4 1 0
246.668 0.314718 0.2398 4 1 0
246.768 0.31473 0.239794 4 1 0
246.868 0.314731 0.239789 4 1 0
246.968 0.314732 0.239784 4 1 0
247.068 0.314743 0.239778 4 1 0
247.168 0.314744 0.239772 4 1 0
247.268 0.314746 0.239767 4 1 0
247.368 0.314755 0.239761 4 1 0
247.468 0.314756 0.239756 4 1 0
247.568 0.314758 0.23975 4 1 0
247.668 0.314767 0.239744 4 1 0
247.768 0.314768 0.239739 4 1 0
247.868 0.314769 0.239733 4 1 0
247.968 0.314777 0.239727 4 1 0
248.068 0.314779 0.239722 4 1 0
248.168 0.31478 0.239716 4 1 0
248.268 0.314787 0.23971 4 1 0
248.368 0.314789 0.239705 4 1 0
248.468 0.31479 0.239699 4 1 0
248.568 0.314797 0.239693 4 1 0
248.668 0.314798 0.239688 4 1 0
248.768 0.3148 0.239682 4 1 0
248.868 0.314806 0.239676 4 1 0
248.968 0.314807 0.239671 4 1 0
249.068 0.314809 0.239665 4 1 0
249.168 0.314814 0.239659 4 1 0
249.268 0.314816 0.239653 4 1 0
249.368 0.314817 0.239648 4 1 0
249.468 0.314823 0.239642 4 1 0
249.568 0.314824 0.239636 4 1 0
249.668 0.314825 0.239631 4 1 0
249.768 0.31483 0.239625 4 1 0
249.868 0.314832 0.239619 4 1 0
249.968 0.314833 0.239613 4 1 0
250.068 0.314838 0.239608 4 1 0
250.168 0.314839 0.239602 4 1 0
250.268 0.314841 0.239596 4 1 0
250.368 0.314845 0.23959 4 1 0
250.468 0.314847 0.239585 4 1 0
250.568 0.314848 0.239579 4 1 0
250.668 0.314853 0.239574 4 1 0
250.768 0.314854 0.239568 4 1 0
250.868 0.314856 0.239562 4 1 0
250.968 0.31486 0.239558 4 1 0
251.068 0.314862 0.239552 4 1 0
251.168 0.314863 0.239546 4 1 0
251.268 0.314869 0.23955 4 1 0
251.368 0.31487 0.239544 4 1 0
251.468 0.314872 0.239538 4 1 0
251.568 0.314876 0.239533 4 1 0
251.668 0.314877 0.239527 4 1 0
251.768 0.314879 0.239522 4 1 0
251.868 0.31488 0.23952 4 1 0
251.968 0.314881 0.239514 4 1 0
252.068 0.314883 0.239507 4 1 0
252.168 0.314876 0.239487 4 1 0
252.268 0.314877 0.239481 4 1 0
252.368 0.314879 0.239475 4 1 0
252.468 0.314878 0.239476 4 1 0
252.568 0.31488 0.23947 4 1 0
252.668 0.314881 0.239464 4 1 0
252.768 0.314885 0.239466 4 1 0
252.868 0.314887 0.239459 4 1 0
252.968 0.314889 0.239453 4 1 0
253.068 0.314892 0.239449 4 1 0
253.168 0.314893 0.239443 4 1 0
253.268 0.314895 0.239437 4 1 0
253.368 0.314898 0.239423 4 1 0
253.468 0.3149 0.239417 4 1 0
253.568 0.314902 0.239411 4 1 0
253.668 0.314904 0.239402 4 1 0
253.768 0.314906 0.239396 4 1 0
253.868 0.314907 0.23939 4 1 0
253.968 0.31491 0.239383 4 1 0
254.068 0.314911 0.239377 4 1 0
254.168 0.314913 0.239371 4 1 0
254.268 0.314915 0.239368 4 1 0
254.368 0.314917 0.239362 4 1 0
254.468 0.314918 0.239356 4 1 0
254.568 0.31492 0.239353 4 1 0
254.668 0.314922 0.239347 4 1 0
254.768 0.314924 0.239341 4 1 0
254.868 0.314926 0.239336 4 1 0
254.968 0.314928 0.23933 4 1 0
255.068 0.314929 0.239324 4 1 0
255.168 0.314931 0.239319 4 1 0
255.268 0.314933 0.239313 4 1 0
255.368 0.314935 0.239307 4 1 0
255.468 0.314937 0.239303 4 1 0
255.568 0.314939 0.239297 4 1 0
255.668 0.314941 0.239291 4 1 0
255.768 0.314943 0.239282 4 1 0
255.868 0.314945 0.239275 4 1 0
255.968 0.314947 0.239268 4 1 0
256.068 0.314949 0.23926 4 1 0
256.168 0.31495 0.239253 4 1 0
256.268 0.314952 0.239246 4 1 0
256.368 0.314954 0.239238 4 1 0
256.468 0.314956 0.239231 4 1 0
256.568 0.314958 0.239225 4 1 0
256.668 0.31496 0.239216 4 1 0
256.768 0.314962 0.239209 4 1 0
256.868 0.314964 0.239203 4 1 0
256.968 0.314966 0.239194 4 1 0
257.068 0.314968 0.239188 4 1 0
257.168 0.31497 0.239181 4 1 0
257.268 0.314972 0.239173 4 1 0
257.368 0.314974 0.239166 4 1 0
257.468 0.314976 0.239159 4 1 0
257.568 0.314978 0.239151 4 1 0
257.668 0.31498 0.239145 4 1 0
257.768 0.314982 0.239138 4 1 0
257.868 0.314984 0.23913 4 1 0
257.968 0.314986 0.239123 4 1 0
258.068 0.314988 0.239116 4 1 0
258.168 0.31499 0.239109 4 1 0
258.268 0.314992 0.239102 4 1 0
258.368 0.314994 0.239095 4 1 0
258.468 0.314996 0.239087 4 1 0
258.568 0.314998 0.23908 4 1 0
258.668 0.315 0.239073 4 1 0
258.768 0.315002 0.239066 4 1 0
258.868 0.315004 0.239059 4 1 0
258.968 0.315006 0.239052 4 1 0
259.068 0.315008 0.239045 4 1 0
259.168 0.31501 0.239038 4 1 0
259.268 0.315012 0.239031 4 1 0
259.368 0.315014 0.239023 4 1 0
259.468 0.315016 0.239016 4 1 0
259.468 0.315016 0.239016 4 1 0
259.478 0.315017 0.239016 4 1 0
259.498 0.315017 0.239014 4 1 0
259.538 0.315018 0.239011 4 1 0
259.618 0.315019 0.239005 4 1 0
259.718 0.315022 0.238999 4 1 0
259.818 0.315024 0.238991 4 1 0
259.918 0.315026 0.238984 4 1 0
260.018 0.315028 0.238977 4 1 0
260.118 0.31503 0.23897 4 1 0
260.218 0.315032 0.238963 4 1 0
260.318 0.315034 0.238956 4 1 0
260.418 0.315036 0.238949 4 1 0
260.518 0.315038 0.238942 4 1 0
260.618 0.31504 0.238935 4 1 0
260.718 0.315042 0.238928 4 1 0
260.818 0.315044 0.238921 4 1 0
260.918 0.315046 0.238914 4 1 0
261.018 0.315048 0.238907 4 1 0
261.118 0.31505 0.238899 4 1 0
261.218 0.315053 0.238892 4 1 0
261.318 0.315054 0.238885 4 1 0
261.418 0.315057 0.238878 4 1 0
261.518 0.315059 0.238871 4 1 0
261.618 0.315061 0.238864 4 1 0
261.718 0.315063 0.238857 4 1 0
261.818 0.315065 0.23885 4 1 0
261.918 0.315067 0.238843 4 1 0
262.018 0.315069 0.238836 4 1 0
262.118 0.315071 0.238829 4 1 0
262.218 0.315073 0.238822 4 1 0
262.318 0.315075 0.238815 4 1 0
262.418 0.315077 0.238808 4 1 0
262.518 0.315079 0.238801 4 1 0
262.618 0.315081 0.238794 4 1 0
262.718 0.315083 0.238787 4 1 0
262.818 0.315085 0.238781 4 1 0
262.918 0.315087 0.238774 4 1 0
263.018 0.31509 0.238766 4 1 0
263.118 0.315091 0.23876 4 1 0
263.218 0.315093 0.238753 4 1 0
263.318 0.315095 0.238746 4 1 0
263.418 0.315097 0.23874 4 1 0
263.518 0.315099 0.238732 4 1 0
263.618 0.315101 0.238725 4 1 0
263.718 0.315102 0.238719 4 1 0
263.818 0.315105 0.238712 4 1 0
263.918 0.315107 0.238705 4 1 0
264.018 0.315108 0.238699 4 1 0
264.118 0.31511 0.238692 4 1 0
264.218 0.315113 0.238684 4 1 0
264.318 0.315113 0.238678 4 1 0
264.418 0.315115 0.23867 4 1 0
264.518 0.315118 0.238663 4 1 0
264.618 0.315117 0.238655 4 1 0
264.718 0.315119 0.238647 4 1 0
264.818 0.315122 0.23864 4 1 0
264.918 0.315125 0.238638 4 1 0
265.018 0.315127 0.238631 4 1 0
265.118 0.31513 0.238623 4 1 0
265.218 0.315129 0.238632 4 1 0
265.318 0.315132 0.238625 4 1 0
265.418 0.315134 0.238618 4 1 0
265.518 0.315133 0.238595 4 1 0
265.618 0.315135 0.238587 4 1 0
265.718 0.315138 0.238579 4 1 0
265.818 0.31515 0.23857 4 1 0
265.918 0.315152 0.238563 4 1 0
266.018 0.315155 0.238555 4 1 0
266.118 0.315144 0.238565 4 1 0
266.218 0.315146 0.238557 4 1 0
266.318 0.315149 0.23855 4 1 0
266.418 0.315152 0.238519 4 1 0
266.518 0.315154 0.238511 4 1 0
266.618 0.315156 0.238503 4 1 0
266.718 0.315175 0.238492 4 1 0
266.818 0.315178 0.238485 4 1 0
266.918 0.31518 0.238477 4 1 0
267.018 0.315178 0.238473 4 1 0
267.118 0.31518 0.238465 4 1 0
267.218 0.315183 0.238458 4 1 0
267.318 0.31518 0.238455 4 1 0
267.418 0.315183 0.238447 4 1 0
267.518 0.315185 0.238439 4 1 0
267.618 0.315182 0.238448 4 1 0
267.718 0.315185 0.23844 4 1 0
267.818 0.315187 0.238433 4 1 0
267.918 0.315186 0.238412 4 1 0
268.018 0.315189 0.238404 4 1 0
268.118 0.315191 0.238396 4 1 0
268.218 0.315207 0.238382 4 1 0
268.318 0.31521 0.238374 4 1 0
268.418 0.315212 0.238367 4 1 0
268.518 0.315205 0.238366 4 1 0
268.618 0.315207 0.238358 4 1 0
268.718 0.31521 0.238351 4 1 0
268.818 0.315207 0.238347 4 1 0
268.918 0.31521 0.23834 4 1 0
269.018 0.315212 0.238332 4 1 0
269.118 0.315234 0.238305 4 1 0
269.218 0.315236 0.238297 4 1 0
269.318 0.315239 0.238289 4 1 0
269.418 0.315237 0.238284 4 1 0
269.518 0.31524 0.238276 4 1 0
269.618 0.315243 0.238268 4 1 0
269.718 0.31524 0.238265 4 1 0
269.818 0.315242 0.238257 4 1 0
269.918 0.315245 0.23825 4 1 0
270.018 0.315237 0.238244 4 1 0
270.118 0.31524 0.238236 4 1 0
270.218 0.315242 0.238228 4 1 0
270.318 0.315245 0.238241 4 1 0
270.418 0.315248 0.238233 4 1 0
270.518 0.31525 0.238225 4 1 0
270.618 0.315269 0.238187 4 1 0
270.718 0.315271 0.238179 4 1 0
270.818 0.315274 0.238171 4 1 0
270.918 0.315272 0.238167 4 1 0
271.018 0.315275 0.238159 4 1 0
271.118 0.315277 0.238151 4 1 0
271.218 0.315273 0.238148 4 1 0
271.318 0.315275 0.23814 4 1 0
271.418 0.315278 0.238132 4 1 0
271.518 0.315276 0.238136 4 1 0
271.618 0.315279 0.238128 4 1 0
271.718 0.315282 0.23812 4 1 0
271.818 0.315272 0.238096 4 1 0
271.918 0.315275 0.238088 4 1 0
272.018 0.315278 0.23808 4 1 0
272.118 0.315288 0.238091 4 1 0
272.218 0.315291 0.238082 4 1 0
272.318 0.315293 0.238074 4 1 0
272.418 0.315313 0.238043 4 1 0
272.518 0.315316 0.238035 4 1 0
272.618 0.315319 0.238026 4 1 0
272.718 0.315316 0.238022 4 1 0
272.818 0.315319 0.238014 4 1 0
272.918 0.315321 0.238006 4 1 0
273.018 0.315313 0.238002 4 1 0
273.118 0.315316 0.237994 4 1 0
273.218 0.315319 0.237986 4 1 0
273.318 0.31532 0.237993 4 1 0
273.418 0.315323 0.237985 4 1 0
273.518 0.315326 0.237977 4 1 0
273.618 0.315333 0.237958 4 1 0
273.718 0.315335 0.23795 4 1 0
273.818 0.315338 0.237941 4 1 0
273.918 0.315331 0.237951 4 1 0
274.018 0.315334 0.237942 4 1 0
274.118 0.315336 0.237934 4 1 0
274.218 0.315332 0.237906 4 1 0
274.318 0.315335 0.237897 4 1 0
274.418 0.315337 0.237889 4 1 0
274.518 0.31536 0.237874 4 1 0
274.618 0.315363 0.237866 4 1 0
274.718 0.315366 0.237858 4 1 0
274.818 0.315357 0.237857 4 1 0
274.918 0.31536 0.237849 4 1 0
275.018 0.315363 0.237841 4 1 0
275.118 0.315361 0.237845 4 1 0
275.218 0.315364 0.237837 4 1 0
275.318 0.315367 0.237829 4 1 0
275.418 0.315384 0.237796 4 1 0
275.518 0.315387 0.237788 4 1 0
275.618 0.31539 0.237779 4 1 0
275.718 0.315388 0.237775 4 1 0
275.818 0.315391 0.237767 4 1 0
275.918 0.315394 0.237759 4 1 0
276.018 0.315387 0.237756 4 1 0
276.118 0.31539 0.237748 4 1 0
276.218 0.315393 0.23774 4 1 0
276.318 0.315389 0.237747 4 1 0
276.418 0.315392 0.237739 4 1 0
276.518 0.315395 0.23773 4 1 0
276.618 0.315398 0.237711 4 1 0
276.718 0.315401 0.237703 4 1 0
276.818 0.315404 0.237695 4 1 0
276.918 0.31539 0.237675 4 1 0
277.018 0.315393 0.237667 4 1 0
277.118 0.315396 0.237658 4 1 0
277.218 0.315419 0.237664 4 1 0
277.318 0.315422 0.237655 4 1 0
277.418 0.315425 0.237646 4 1 0
277.518 0.315448 0.237617 4 1 0
277.618 0.315451 0.237608 4 1 0
277.718 0.315454 0.2376 4 1 0
277.818 0.315448 0.237594 4 1 0
277.918 0.315451 0.237585 4 1 0
278.018 0.315454 0.237577 4 1 0
278.118 0.31544 0.237569 4 1 0
278.218 0.315443 0.23756 4 1 0
278.318 0.315446 0.237552 4 1 0
278.418 0.315445 0.237549 4 1 0
278.518 0.315448 0.23754 4 1 0
278.618 0.315451 0.237532 4 1 0
278.718 0.31545 0.237544 4 1 0
278.818 0.315453 0.237536 4 1 0
278.918 0.315456 0.237528 4 1 0
279.018 0.315453 0.237489 4 1 0
279.118 0.315456 0.23748 4 1 0
279.118 0.315456 0.23748 4 1 0
279.128 0.315457 0.237479 4 1 0
279.148 0.315457 0.237477 4 1 0
279.188 0.315488 0.237505 4 1 0
279.268 0.31549 0.237498 4 1 0
279.368 0.315493 0.237489 4 1 0
279.468 0.315514 0.237447 4 1 0
279.568 0.315517 0.237438 4 1 0
279.668 0.31552 0.23743 4 1 0
279.768 0.315503 0.237421 4 1 0
279.868 0.315506 0.237412 4 1 0
279.968 0.315509 0.237404 4 1 0
280.068 0.3155 0.237397 4 1 0
280.168 0.315503 0.237388 4 1 0
280.268 0.315506 0.237379 4 1 0
280.368 0.315503 0.237372 4 1 0
280.468 0.315506 0.237363 4 1 0
280.568 0.315509 0.237355 4 1 0
280.668 0.315511 0.237353 4 1 0
280.768 0.315515 0.237345 4 1 0
280.868 0.315518 0.237336 4 1 0
280.968 0.315531 0.237348 4 1 0
281.068 0.315534 0.23734 4 1 0
281.168 0.315537 0.237331 4 1 0
281.268 0.315541 0.237314 4 1 0
281.368 0.315544 0.237305 4 1 0
281.468 0.315548 0.237296 4 1 0
281.568 0.315566 0.237278 4 1 0
281.668 0.315569 0.237269 4 1 0
281.768 0.315573 0.23726 4 1 0
281.868 0.315569 0.237249 4 1 0
281.968 0.315572 0.23724 4 1 0
282.068 0.315575 0.237232 4 1 0
282.168 0.315556 0.23722 4 1 0
282.268 0.315559 0.237211 4 1 0
282.368 0.315562 0.237201 4 1 0
282.468 0.315578 0.237196 4 1 0
282.568 0.315581 0.237187 4 1 0
282.668 0.315585 0.237178 4 1 0
282.768 0.315622 0.237157 4 1 0
282.868 0.315625 0.237149 4 1 0
282.968 0.315628 0.23714 4 1 0
283.068 0.315598 0.237144 4 1 0
283.168 0.315601 0.237136 4 1 0
283.268 0.315605 0.237127 4 1 0
283.368 0.315599 0.237113 4 1 0
283.468 0.315602 0.237104 4 1 0
283.568 0.315606 0.237095 4 1 0
283.668 0.31564 0.237088 4 1 0
283.768 0.315643 0.237079 4 1 0
283.868 0.315646 0.23707 4 1 0
283.968 0.315641 0.237056 4 1 0
284.068 0.315644 0.237047 4 1 0
284.168 0.315648 0.237038 4 1 0
284.268 0.315628 0.237044 4 1 0
284.368 0.315631 0.237034 4 1 0
284.468 0.315634 0.237025 4 1 0
284.568 0.31565 0.237019 4 1 0
284.668 0.315653 0.237009 4 1 0
284.768 0.315656 0.237 4 1 0
284.868 0.315681 0.236973 4 1 0
284.968 0.315685 0.236964 4 1 0
285.068 0.315688 0.236955 4 1 0
285.168 0.315665 0.236968 4 1 0
285.268 0.315669 0.236959 4 1 0
285.368 0.315672 0.23695 4 1 0
285.468 0.315663 0.236912 4 1 0
285.568 0.315667 0.236902 4 1 0
285.668 0.315672 0.236893 4 1 0
285.768 0.315704 0.236912 4 1 0
285.868 0.315707 0.236903 4 1 0
285.968 0.31571 0.236894 4 1 0
286.068 0.315722 0.236861 4 1 0
286.168 0.315725 0.236852 4 1 0
286.268 0.315728 0.236843 4 1 0
286.368 0.315693 0.236854 4 1 0
286.468 0.315697 0.236845 4 1 0
286.568 0.3157 0.236835 4 1 0
286.668 0.315706 0.236806 4 1 0
286.768 0.31571 0.236797 4 1 0
286.868 0.315713 0.236788 4 1 0
286.968 0.31575 0.236787 4 1 0
287.068 0.315753 0.236778 4 1 0
287.168 0.315757 0.236769 4 1 0
287.268 0.31575 0.236755 4 1 0
287.368 0.315754 0.236746 4 1 0
287.468 0.315757 0.236737 4 1 0
287.568 0.315773 0.236721 4 1 0
287.668 0.315777 0.236712 4 1 0
287.768 0.315782 0.236703 4 1 0
287.868 0.315753 0.236703 4 1 0
287.968 0.315757 0.236694 4 1 0
288.068 0.31576 0.236684 4 1 0
288.168 0.315797 0.236669 4 1 0
288.268 0.3158 0.23666 4 1 0
288.368 0.315804 0.236651 4 1 0
288.468 0.315783 0.236653 4 1 0
288.568 0.315786 0.236643 4 1 0
288.668 0.31579 0.236634 4 1 0
288.768 0.315804 0.236608 4 1 0
288.868 0.315808 0.236598 4 1 0
288.968 0.315812 0.236589 4 1 0
289.068 0.315807 0.236614 4 1 0
289.168 0.31581 0.236604 4 1 0
289.268 0.315814 0.236595 4 1 0
289.368 0.315833 0.236556 4 1 0
289.468 0.315836 0.236547 4 1 0
289.568 0.31584 0.236538 4 1 0
289.668 0.315822 0.236559 4 1 0
289.768 0.315827 0.23655 4 1 0
289.868 0.315831 0.23654 4 1 0
289.968 0.315857 0.236494 4 1 0
290.068 0.315862 0.236485 4 1 0
290.168 0.315866 0.236475 4 1 0
290.268 0.315867 0.236475 4 1 0
290.368 0.315871 0.236465 4 1 0
290.468 0.315874 0.236456 4 1 0
290.568 0.31586 0.23645 4 1 0
290.668 0.315863 0.23644 4 1 0
290.768 0.315867 0.236431 4 1 0
290.868 0.315893 0.236415 4 1 0
290.968 0.315897 0.236405 4 1 0
291.068 0.315902 0.236396 4 1 0
291.168 0.315884 0.236404 4 1 0
291.268 0.315889 0.236394 4 1 0
291.368 0.315893 0.236384 4 1 0
291.468 0.315906 0.236359 4 1 0
291.568 0.315909 0.236349 4 1 0
291.668 0.315913 0.23634 4 1 0
291.768 0.31591 0.23635 4 1 0
291.868 0.315915 0.236341 4 1 0
291.968 0.315919 0.236331 4 1 0
292.068 0.315939 0.236305 4 1 0
292.168 0.315944 0.236296 4 1 0
292.268 0.315948 0.236286 4 1 0
292.368 0.315927 0.236286 4 1 0
292.468 0.315931 0.236277 4 1 0
292.568 0.315934 0.236267 4 1 0
292.668 0.315937 0.236251 4 1 0
292.768 0.315942 0.236241 4 1 0
292.868 0.315946 0.236232 4 1 0
292.968 0.315972 0.236239 4 1 0
293.068 0.315977 0.236229 4 1 0
293.168 0.315981 0.236219 4 1 0
293.268 0.31598 0.236214 4 1 0
293.368 0.315985 0.236204 4 1 0
293.468 0.315989 0.236194 4 1 0
293.568 0.315978 0.236166 4 1 0
293.668 0.315983 0.236157 4 1 0
293.768 0.315987 0.236147 4 1 0
293.868 0.316004 0.236146 4 1 0
293.968 0.316009 0.236136 4 1 0
294.068 0.316014 0.236127 4 1 0
294.168 0.316026 0.236125 4 1 0
294.268 0.316031 0.236115 4 1 0
294.368 0.316035 0.236105 4 1 0
294.468 0.316029 0.236089 4 1 0
294.568 0.316034 0.236079 4 1 0
294.668 0.316038 0.23607 4 1 0
294.768 0.316042 0.236054 4 1 0
294.868 0.316047 0.236045 4 1 0
294.968 0.316052 0.236035 4 1 0
295.068 0.316065 0.236036 4 1 0
295.168 0.31607 0.236027 4 1 0
295.268 0.316074 0.236017 4 1 0
295.368 0.316078 0.236007 4 1 0
295.468 0.316083 0.235998 4 1 0
295.568 0.316087 0.235988 4 1 0
295.668 0.316087 0.235969 4 1 0
295.768 0.316091 0.23596 4 1 0
295.868 0.316096 0.23595 4 1 0
295.968 0.316105 0.235943 4 1 0
296.068 0.31611 0.235933 4 1 0
296.168 0.316114 0.235924 4 1 0
296.268 0.316122 0.235919 4 1 0
296.368 0.316127 0.235909 4 1 0
296.468 0.316131 0.2359 4 1 0
296.568 0.316133 0.235885 4 1 0
296.668 0.316138 0.235876 4 1 0
296.768 0.316143 0.235866 4 1 0
296.868 0.316147 0.235854 4 1 0
296.968 0.316152 0.235844 4 1 0
297.068 0.316157 0.235835 4 1 0
297.168 0.316164 0.235828 4 1 0
297.268 0.316169 0.235818 4 1 0
297.368 0.316174 0.235808 4 1 0
297.468 0.316179 0.235799 4 1 0
297.568 0.316184 0.235789 4 1 0
297.668 0.316188 0.235779 4 1 0
297.768 0.316192 0.235767 4 1 0
297.868 0.316197 0.235757 4 1 0
297.968 0.316201 0.235747 4 1 0
298.068 0.316207 0.235738 4 1 0
298.168 0.316212 0.235728 4 1 0
298.268 0.316217 0.235718 4 1 0
298.368 0.316223 0.235709 4 1 0
298.468 0.316228 0.2357 4 1 0
298.568 0.316232 0.23569 4 1 0
298.668 0.316237 0.235679 4 1 0
298.768 0.316242 0.235669 4 1 0
298.768 0.316242 0.235669 4 1 0
298.778 0.316242 0.235668 4 1 0
298.798 0.316243 0.235666 4 1 0
298.838 0.316245 0.235661 4 1 0
298.918 0.316249 0.235653 4 1 0
299.018 0.316254 0.235644 4 1 0
299.118 0.31626 0.235634 4 1 0
299.218 0.316264 0.235625 4 1 0
299.318 0.316269 0.235615 4 1 0
299.418 0.316275 0.235605 4 1 0
299.518 0.316279 0.235595 4 1 0
299.618 0.316284 0.235585 4 1 0
299.718 0.316289 0.235574 4 1 0
299.818 0.316294 0.235565 4 1 0
299.918 0.316298 0.235555 4 1 0
300.018 0.316304 0.235544 4 1 0
300.118 0.316309 0.235535 4 1 0
300.218 0.316313 0.235525 4 1 0
300.318 0.316319 0.235515 4 1 0
300.418 0.316324 0.235505 4 1 0
300.518 0.316329 0.235495 4 1 0
300.618 0.316334 0.235485 4 1 0
300.718 0.316339 0.235475 4 1 0
300.818 0.316344 0.235465 4 1 0
300.918 0.316349 0.235455 4 1 0
301.018 0.316354 0.235445 4 1 0
301.118 0.316358 0.235435 4 1 0
301.218 0.316364 0.235425 4 1 0
301.318 0.316369 0.235415 4 1 0
301.418 0.316374 0.235405 4 1 0
301.518 0.316379 0.235395 4 1 0
301.618 0.316384 0.235385 4 1 0
301.718 0.316389 0.235375 4 1 0
301.818 0.316394 0.235364 4 1 0
301.918 0.316399 0.235355 4 1 0
302.018 0.316404 0.235345 4 1 0
302.118 0.316409 0.235334 4 1 0
302.218 0.316414 0.235324 4 1 0
302.318 0.316419 0.235314 4 1 0
302.418 0.316424 0.235304 4 1 0
302.518 0.316429 0.235294 4 1 0
302.618 0.316434 0.235284 4 1 0
302.718 0.316439 0.235274 4 1 0
302.818 0.316444 0.235264 4 1 0
302.918 0.316449 0.235254 4 1 0
303.018 0.316454 0.235243 4 1 0
303.118 0.316459 0.235233 4 1 0
303.218 0.316464 0.235224 4 1 0
303.318 0.31647 0.235213 4 1 0
303.418 0.316475 0.235203 4 1 0
303.518 0.316479 0.235193 4 1 0
303.618 0.316485 0.235183 4 1 0
303.718 0.31649 0.235173 4 1 0
303.818 0.316495 0.235163 4 1 0
303.918 0.3165 0.235152 4 1 0
304.018 0.316505 0.235142 4 1 0
304.118 0.31651 0.235132 4 1 0
304.218 0.316515 0.235122 4 1 0
304.318 0.31652 0.235112 4 1 0
304.418 0.316525 0.235102 4 1 0
304.518 0.316531 0.235091 4 1 0
304.618 0.316536 0.235081 4 1 0
304.718 0.316541 0.235071 4 1 0
304.818 0.316546 0.235061 4 1 0
304.918 0.316551 0.235051 4 1 0
305.018 0.316556 0.235041 4 1 0
305.118 0.316561 0.23503 4 1 0
305.218 0.316566 0.23502 4 1 0
305.318 0.316571 0.23501 4 1 0
305.418 0.316577 0.234999 4 1 0
305.518 0.316582 0.234989 4 1 0
305.618 0.316587 0.234979 4 1 0
305.718 0.316592 0.234969 4 1 0
305.818 0.316597 0.234959 4 1 0
305.918 0.316602 0.234949 4 1 0
306.018 0.316607 0.234938 4 1 0
306.118 0.316612 0.234928 4 1 0
306.218 0.316617 0.234918 4 1 0
306.318 0.316623 0.234907 4 1 0
306.418 0.316628 0.234897 4 1 0
306.518 0.316633 0.234887 4 1 0
306.618 0.316638 0.234876 4 1 0
306.718 0.316643 0.234866 4 1 0
306.818 0.316648 0.234856 4 1 0
306.918 0.316654 0.234846 4 1 0
307.018 0.316659 0.234835 4 1 0
307.118 0.316664 0.234825 4 1 0
307.218 0.316669 0.234815 4 1 0
307.318 0.316674 0.234805 4 1 0
307.418 0.316679 0.234794 4 1 0
307.518 0.316685 0.234784 4 1 0
307.618 0.31669 0.234774 4 1 0
307.718 0.316695 0.234764 4 1 0
307.818 0.3167 0.234753 4 1 0
307.918 0.316705 0.234743 4 1 0
308.018 0.31671 0.234733 4 1 0
308.118 0.316716 0.234722 4 1 0
308.218 0.316721 0.234712 4 1 0
308.318 0.316726 0.234702 4 1 0
308.418 0.316731 0.234691 4 1 0
308.518 0.316736 0.234681 4 1 0
308.618 0.316742 0.23467 4 1 0
308.718 0.316747 0.23466 4 1 0
308.818 0.316752 0.23465 4 1 0
308.918 0.316757 0.234639 4 1 0
309.018 0.316763 0.234629 4 1 0
309.118 0.316768 0.234618 4 1 0
309.218 0.316773 0.234608 4 1 0
309.318 0.316778 0.234598 4 1 0
309.418 0.316783 0.234587 4 1 0
309.518 0.316788 0.234577 4 1 0
309.618 0.316794 0.234566 4 1 0
309.718 0.316799 0.234556 4 1 0
309.818 0.316804 0.234546 4 1 0
309.918 0.31681 0.234535 4 1 0
310.018 0.316815 0.234525 4 1 0
310.118 0.31682 0.234515 4 1 0
310.218 0.316825 0.234504 4 1 0
310.318 0.31683 0.234494 4 1 0
310.418 0.316835 0.234483 4 1 0
310.518 0.316841 0.234473 4 1 0
310.618 0.316846 0.234462 4 1 0
310.718 0.316851 0.234452 4 1 0
310.818 0.316857 0.234441 4 1 0
310.918 0.316862 0.234431 4 1 0
311.018 0.316867 0.234421 4 1 0
311.118 0.316872 0.23441 4 1 0
311.218 0.316878 0.2344 4 1 0
311.318 0.316883 0.234389 4 1 0
311.418 0.316888 0.234379 4 1 0
311.518 0.316893 0.234368 4 1 0
311.618 0.316898 0.234358 4 1 0
311.718 0.316904 0.234347 4 1 0
311.818 0.316909 0.234337 4 1 0
311.918 0.316914 0.234326 4 1 0
312.018 0.31692 0.234316 4 1 0
312.118 0.316925 0.234305 4 1 0
312.218 0.31693 0.234295 4 1 0
312.318 0.316936 0.234284 4 1 0
312.418 0.316941 0.234274 4 1 0
312.518 0.316946 0.234263 4 1 0
312.618 0.316951 0.234253 4 1 0
312.718 0.316956 0.234242 4 1 0
312.818 0.316962 0.234232 4 1 0
312.918 0.316967 0.234221 4 1 0
313.018 0.316972 0.234211 4 1 0
313.118 0.316978 0.2342 4 1 0
313.218 0.316983 0.234189 4 1 0
313.318 0.316988 0.234179 4 1 0
313.418 0.316993 0.234169 4 1 0
313.518 0.316999 0.234158 4 1 0
313.618 0.317004 0.234147 4 1 0
313.718 0.317009 0.234137 4 1 0
313.818 0.317015 0.234126 4 1 0
313.918 0.31702 0.234116 4 1 0
314.018 0.317025 0.234105 4 1 0
314.118 0.317031 0.234095 4 1 0
314.218 0.317036 0.234084 4 1 0
314.318 0.317041 0.234074 4 1 0
314.418 0.317047 0.234063 4 1 0
314.518 0.317052 0.234052 4 1 0
314.618 0.317057 0.234042 4 1 0
314.718 0.317063 0.234031 4 1 0
314.818 0.317068 0.234021 4 1 0
314.918 0.317073 0.23401 4 1 0
315.018 0.317078 0.233999 4 1 0
315.118 0.317084 0.233989 4 1 0
315.218 0.317089 0.233978 4 1 0
315.318 0.317094 0.233967 4 1 0
315.418 0.3171 0.233957 4 1 0
315.518 0.317105 0.233947 4 1 0
315.618 0.31711 0.233936 4 1 0
315.718 0.317116 0.233925 4 1 0
315.818 0.317121 0.233915 4 1 0
315.918 0.317126 0.233904 4 1 0
316.018 0.317132 0.233893 4 1 0
316.118 0.317137 0.233883 4 1 0
316.218 0.317142 0.233872 4 1 0
316.318 0.317148 0.233861 4 1 0
316.418 0.317153 0.233851 4 1 0
316.518 0.317158 0.23384 4 1 0
316.618 0.317164 0.233829 4 1 0
316.718 0.317169 0.233819 4 1 0
316.818 0.317174 0.233808 4 1 0
316.918 0.31718 0.233797 4 1 0
317.018 0.317185 0.233787 4 1 0
317.118 0.317191 0.233776 4 1 0
317.218 0.317196 0.233765 4 1 0
317.318 0.317201 0.233755 4 1 0
317.418 0.317207 0.233744 4 1 0
317.518 0.317212 0.233733 4 1 0
317.618 0.317217 0.233723 4 1 0
317.718 0.317223 0.233712 4 1 0
317.818 0.317228 0.233701 4 1 0
317.918 0.317233 0.233691 4 1 0
318.018 0.317239 0.23368 4 1 0
318.118 0.317244 0.233669 4 1 0
318.218 0.317249 0.233659 4 1 0
318.318 0.317255 0.233648 4 1 0
318.418 0.31726 0.233637 4 1 0
318.418 0.31726 0.233637 4 1 0
318.428 0.317261 0.233636 4 1 0
318.448 0.317262 0.233634 4 1 0
318.488 0.317264 0.233629 4 1 0
318.568 0.317268 0.233621 4 1 0
318.668 0.317273 0.23361 4 1 0
318.768 0.317279 0.233599 4 1 0
318.868 0.317284 0.233589 4 1 0
318.968 0.31729 0.233578 4 1 0
319.068 0.317295 0.233567 4 1 0
319.168 0.3173 0.233557 4 1 0
319.268 0.317306 0.233546 4 1 0
319.368 0.317311 0.233535 4 1 0
319.468 0.317317 0.233524 4 1 0
319.568 0.317322 0.233514 4 1 0
319.668 0.317327 0.233503 4 1 0
319.768 0.317333 0.233492 4 1 0
319.868 0.317338 0.233481 4 1 0
319.968 0.317344 0.23347 4 1 0
320.068 0.317349 0.23346 4 1 0
320.168 0.317354 0.233449 4 1 0
320.268 0.31736 0.233438 4 1 0
320.368 0.317365 0.233427 4 1 0
320.468 0.31737 0.233417 4 1 0
320.568 0.317376 0.233406 4 1 0
320.668 0.317381 0.233395 4 1 0
320.768 0.317387 0.233384 4 1 0
320.868 0.317392 0.233373 4 1 0
320.968 0.317397 0.233363 4 1 0
321.068 0.317403 0.233352 4 1 0
321.168 0.317408 0.233341 4 1 0
321.268 0.317414 0.23333 4 1 0
321.368 0.317419 0.23332 4 1 0
321.468 0.317424 0.233309 4 1 0
321.568 0.31743 0.233298 4 1 0
321.668 0.317435 0.233287 4 1 0
321.768 0.317441 0.233276 4 1 0
321.868 0.317446 0.233265 4 1 0
321.968 0.317451 0.233255 4 1 0
322.068 0.317457 0.233244 4 1 0
322.168 0.317462 0.233233 4 1 0
322.268 0.317468 0.233222 4 1 0
322.368 0.317473 0.233211 4 1 0
322.468 0.317478 0.2332 4 1 0
322.568 0.317484 0.23319 4 1 0
322.668 0.317489 0.233179 4 1 0
322.768 0.317495 0.233168 4 1 0
322.868 0.3175 0.233157 4 1 0
322.968 0.317506 0.233146 4 1 0
323.068 0.317511 0.233135 4 1 0
323.168 0.317516 0.233125 4 1 0
323.268 0.317522 0.233113 4 1 0
323.368 0.317527 0.233103 4 1 0
323.468 0.317533 0.233092 4 1 0
323.568 0.317538 0.233081 4 1 0
323.668 0.317544 0.23307 4 1 0
323.768 0.317549 0.233059 4 1 0
323.868 0.317554 0.233048 4 1 0
323.968 0.31756 0.233038 4 1 0
324.068 0.317565 0.233027 4 1 0
324.168 0.317571 0.233016 4 1 0
324.268 0.317576 0.233005 4 1 0
324.368 0.317581 0.232994 4 1 0
324.468 0.317587 0.232983 4 1 0
324.568 0.317592 0.232972 4 1 0
324.668 0.317598 0.232961 4 1 0
324.768 0.317603 0.23295 4 1 0
324.868 0.317609 0.23294 4 1 0
324.968 0.317614 0.232929 4 1 0
325.068 0.31762 0.232918 4 1 0
325.168 0.317625 0.232907 4 1 0
325.268 0.31763 0.232896 4 1 0
325.368 0.317636 0.232885 4 1 0
325.468 0.317641 0.232874 4 1 0
325.568 0.317647 0.232863 4 1 0
325.668 0.317652 0.232852 4 1 0
325.768 0.317658 0.232841 4 1 0
325.868 0.317663 0.23283 4 1 0
325.968 0.317669 0.232819 4 1 0
326.068 0.317674 0.232808 4 1 0
326.168 0.317679 0.232798 4 1 0
326.268 0.317685 0.232786 4 1 0
326.368 0.31769 0.232776 4 1 0
326.468 0.317696 0.232765 4 1 0
326.568 0.317701 0.232754 4 1 0
326.668 0.317707 0.232743 4 1 0
326.768 0.317712 0.232732 4 1 0
326.868 0.317718 0.232721 4 1 0
326.968 0.317723 0.23271 4 1 0
327.068 0.317728 0.232699 4 1 0
327.168 0.317734 0.232688 4 1 0
327.268 0.317739 0.232677 4 1 0
327.368 0.317745 0.232666 4 1 0
327.468 0.31775 0.232655 4 1 0
327.568 0.317756 0.232644 4 1 0
327.668 0.317761 0.232633 4 1 0
327.768 0.317767 0.232622 4 1 0
327.868 0.317772 0.232611 4 1 0
327.968 0.317778 0.2326 4 1 0
328.068 0.317783 0.232589 4 1 0
328.168 0.317788 0.232578 4 1 0
328.268 0.317794 0.232567 4 1 0
328.368 0.317799 0.232556 4 1 0
328.468 0.317805 0.232545 4 1 0
328.568 0.31781 0.232534 4 1 0
328.668 0.317816 0.232523 4 1 0
328.768 0.317821 0.232512 4 1 0
328.868 0.317827 0.232501 4 1 0
328.968 0.317832 0.23249 4 1 0
329.068 0.317838 0.232479 4 1 0
329.168 0.317843 0.232468 4 1 0
329.268 0.317849 0.232457 4 1 0
329.368 0.317854 0.232446 4 1 0
329.468 0.317859 0.232435 4 1 0
329.568 0.317865 0.232424 4 1 0
329.668 0.31787 0.232413 4 1 0
329.768 0.317876 0.232402 4 1 0
329.868 0.317881 0.232391 4 1 0
329.968 0.317887 0.23238 4 1 0
330.068 0.317892 0.232369 4 1 0
330.168 0.317898 0.232358 4 1 0
330.268 0.317903 0.232347 4 1 0
330.368 0.317909 0.232336 4 1 0
330.468 0.317914 0.232325 4 1 0
330.568 0.31792 0.232314 4 1 0
330.668 0.317925 0.232303 4 1 0
330.768 0.317931 0.232291 4 1 0
330.868 0.317936 0.232281 4 1 0
330.968 0.317942 0.23227 4 1 0
331.068 0.317947 0.232258 4 1 0
331.168 0.317952 0.232247 4 1 0
331.268 0.317958 0.232237 4 1 0
331.368 0.317963 0.232225 4 1 0
331.468 0.317969 0.232214 4 1 0
331.568 0.317974 0.232203 4 1 0
331.668 0.31798 0.232192 4 1 0
331.768 0.317985 0.232181 4 1 0
331.868 0.317991 0.23217 4 1 0
331.968 0.317996 0.232159 4 1 0
332.068 0.318002 0.232148 4 1 0
332.168 0.318007 0.232137 4 1 0
332.268 0.318013 0.232125 4 1 0
332.368 0.318018 0.232115 4 1 0
332.468 0.318024 0.232104 4 1 0
332.568 0.318029 0.232092 4 1 0
332.668 0.318035 0.232081 4 1 0
332.768 0.31804 0.23207 4 1 0
332.868 0.318045 0.232059 4 1 0
332.968 0.318051 0.232048 4 1 0
333.068 0.318057 0.232037 4 1 0
333.168 0.318062 0.232026 4 1 0
333.268 0.318067 0.232015 4 1 0
333.368 0.318073 0.232003 4 1 0
333.468 0.318078 0.231992 4 1 0
333.568 0.318084 0.231981 4 1 0
333.668 0.318089 0.23197 4 1 0
333.768 0.318095 0.231959 4 1 0
333.868 0.3181 0.231948 4 1 0
333.968 0.318106 0.231936 4 1 0
334.068 0.318111 0.231925 4 1 0
334.168 0.318117 0.231914 4 1 0
334.268 0.318122 0.231903 4 1 0
334.368 0.318128 0.231892 4 1 0
334.468 0.318133 0.231881 4 1 0
334.568 0.318139 0.231869 4 1 0
334.668 0.318144 0.231858 4 1 0
334.768 0.31815 0.231847 4 1 0
334.868 0.318155 0.231836 4 1 0
334.968 0.318161 0.231825 4 1 0
335.068 0.318166 0.231813 4 1 0
335.168 0.318172 0.231802 4 1 0
335.268 0.318177 0.231791 4 1 0
335.368 0.318183 0.23178 4 1 0
335.468 0.318188 0.231768 4 1 0
335.568 0.318193 0.231758 4 1 0
335.668 0.318199 0.231746 4 1 0
335.768 0.318205 0.231735 4 1 0
335.868 0.31821 0.231724 4 1 0
335.968 0.318215 0.231712 4 1 0
336.068 0.318221 0.231701 4 1 0
336.168 0.318226 0.23169 4 1 0
336.268 0.318232 0.231679 4 1 0
336.368 0.318237 0.231667 4 1 0
336.468 0.318243 0.231657 4 1 0
336.568 0.318248 0.231645 4 1 0
336.668 0.318254 0.231634 4 1 0
336.768 0.318259 0.231623 4 1 0
336.868 0.318265 0.231611 4 1 0
336.968 0.31827 0.2316 4 1 0
337.068 0.318276 0.231589 4 1 0
337.168 0.318281 0.231578 4 1 0
337.268 0.318287 0.231566 4 1 0
337.368 0.318292 0.231555 4 1 0
337.468 0.318298 0.231544 4 1 0
337.568 0.318303 0.231533 4 1 0
337.668 0.318309 0.231522 4 1 0
337.768 0.318314 0.23151 4 1 0
337.868 0.31832 0.231499 4 1 0
337.968 0.318325 0.231488 4 1 0
338.068 0.318331 0.231476 4 1 0
338.068 0.318331 0.231476 4 1 0
338.078 0.318331 0.231475 4 1 0
338.098 0.318332 0.231473 4 1 0
338.138 0.318334 0.231469 4 1 0
338.218 0.318339 0.23146 4 1 0
338.318 0.318344 0.231448 4 1 0
338.418 0.31835 0.231437 4 1 0
338.518 0.318355 0.231426 4 1 0
338.618 0.318361 0.231414 4 1 0
338.718 0.318366 0.231403 4 1 0
338.818 0.318372 0.231392 4 1 0
338.918 0.318377 0.23138 4 1 0
339.018 0.318383 0.23137 4 1 0
339.118 0.318388 0.231358 4 1 0
339.218 0.318394 0.231347 4 1 0
339.318 0.318399 0.231336 4 1 0
339.418 0.318405 0.231324 4 1 0
339.518 0.31841 0.231313 4 1 0
339.618 0.318415 0.231302 4 1 0
339.718 0.318421 0.231291 4 1 0
339.818 0.318427 0.231279 4 1 0
339.918 0.318432 0.231268 4 1 0
340.018 0.318437 0.231257 4 1 0
340.118 0.318443 0.231245 4 1 0
340.218 0.318448 0.231234 4 1 0
340.318 0.318454 0.231223 4 1 0
340.418 0.318459 0.231211 4 1 0
340.518 0.318465 0.2312 4 1 0
340.618 0.31847 0.231189 4 1 0
340.718 0.318476 0.231177 4 1 0
340.818 0.318481 0.231167 4 1 0
340.918 0.318487 0.231155 4 1 0
341.018 0.318492 0.231144 4 1 0
341.118 0.318497 0.231133 4 1 0
341.218 0.318503 0.231121 4 1 0
341.318 0.318509 0.23111 4 1 0
341.418 0.318514 0.231099 4 1 0
341.518 0.31852 0.231087 4 1 0
341.618 0.318525 0.231076 4 1 0
341.718 0.31853 0.231065 4 1 0
341.818 0.318536 0.231053 4 1 0
341.918 0.318542 0.231042 4 1 0
342.018 0.318547 0.231031 4 1 0
342.118 0.318552 0.231019 4 1 0
342.218 0.318558 0.231008 4 1 0
342.318 0.318563 0.230997 4 1 0
342.418 0.318569 0.230985 4 1 0
342.518 0.318574 0.230974 4 1 0
342.618 0.31858 0.230963 4 1 0
342.718 0.318585 0.230951 4 1 0
342.818 0.318591 0.23094 4 1 0
342.918 0.318596 0.230929 4 1 0
343.018 0.318602 0.230917 4 1 0
343.118 0.318607 0.230906 4 1 0
343.218 0.318612 0.230895 4 1 0
343.318 0.318618 0.230883 4 1 0
343.418 0.318624 0.230872 4 1 0
343.518 0.318629 0.230861 4 1 0
343.618 0.318634 0.230849 4 1 0
343.718 0.31864 0.230838 4 1 0
343.818 0.318645 0.230827 4 1 0
343.918 0.318651 0.230815 4 1 0
344.018 0.318656 0.230804 4 1 0
344.118 0.318662 0.230793 4 1 0
344.218 0.318667 0.230781 4 1 0
344.318 0.318673 0.23077 4 1 0
344.418 0.318678 0.230759 4 1 0
344.518 0.318684 0.230747 4 1 0
344.618 0.318689 0.230736 4 1 0
344.718 0.318694 0.230725 4 1 0
344.818 0.3187 0.230713 4 1 0
344.918 0.318706 0.230702 4 1 0
345.018 0.318711 0.230691 4 1 0
345.118 0.318716 0.230679 4 1 0
345.218 0.318722 0.230668 4 1 0
345.318 0.318727 0.230657 4 1 0
345.418 0.318733 0.230645 4 1 0
345.518 0.318738 0.230634 4 1 0
345.618 0.318743 0.230623 4 1 0
345.718 0.318749 0.230611 4 1 0
345.818 0.318755 0.2306 4 1 0
345.918 0.31876 0.230588 4 1 0
346.018 0.318765 0.230577 4 1 0
346.118 0.318771 0.230565 4 1 0
346.218 0.318776 0.230554 4 1 0
346.318 0.318782 0.230543 4 1 0
346.418 0.318787 0.230531 4 1 0
346.518 0.318792 0.23052 4 1 0
346.618 0.318798 0.230509 4 1 0
346.718 0.318804 0.230497 4 1 0
346.818 0.318809 0.230486 4 1 0
346.918 0.318814 0.230475 4 1 0
347.018 0.31882 0.230463 4 1 0
347.118 0.318825 0.230452 4 1 0
347.218 0.318831 0.23044 4 1 0
347.318 0.318836 0.230429 4 1 0
347.418 0.318841 0.230418 4 1 0
347.518 0.318847 0.230406 4 1 0
347.618 0.318853 0.230395 4 1 0
347.718 0.318858 0.230384 4 1 0
347.818 0.318863 0.230372 4 1 0
347.918 0.318869 0.230361 4 1 0
348.018 0.318874 0.23035 4 1 0
348.118 0.31888 0.230338 4 1 0
348.218 0.318885 0.230326 4 1 0
348.318 0.31889 0.230315 4 1 0
348.418 0.318896 0.230304 4 1 0
348.518 0.318902 0.230292 4 1 0
348.618 0.318907 0.230281 4 1 0
348.718 0.318912 0.23027 4 1 0
348.818 0.318918 0.230258 4 1 0
348.918 0.318923 0.230247 4 1 0
349.018 0.318929 0.230235 4 1 0
349.118 0.318934 0.230224 4 1 0
349.218 0.318939 0.230213 4 1 0
349.318 0.318945 0.230201 4 1 0
349.418 0.318951 0.23019 4 1 0
349.518 0.318956 0.230179 4 1 0
349.618 0.318961 0.230167 4 1 0
349.718 0.318967 0.230155 4 1 0
349.818 0.318972 0.230144 4 1 0
349.918 0.318978 0.230133 4 1 0
350.018 0.318983 0.230121 4 1 0
350.118 0.318988 0.23011 4 1 0
350.218 0.318994 0.230099 4 1 0
350.318 0.318999 0.230087 4 1 0
350.418 0.319004 0.230076 4 1 0
350.518 0.31901 0.230064 4 1 0
350.618 0.319016 0.230053 4 1 0
350.718 0.319021 0.230042 4 1 0
350.818 0.319026 0.23003 4 1 0
350.918 0.319032 0.230019 4 1 0
351.018 0.319037 0.230007 4 1 0
351.118 0.319043 0.229996 4 1 0
351.218 0.319048 0.229984 4 1 0
351.318 0.319053 0.229973 4 1 0
351.418 0.319059 0.229962 4 1 0
351.518 0.319064 0.22995 4 1 0
351.618 0.319069 0.229939 4 1 0
351.718 0.319075 0.229927 4 1 0
351.818 0.319081 0.229916 4 1 0
351.918 0.319086 0.229905 4 1 0
352.018 0.319091 0.229893 4 1 0
352.118 0.319097 0.229881 4 1 0
352.218 0.319102 0.22987 4 1 0
352.318 0.319107 0.229859 4 1 0
352.418 0.319113 0.229847 4 1 0
352.518 0.319118 0.229836 4 1 0
352.618 0.319124 0.229824 4 1 0
352.718 0.319129 0.229813 4 1 0
352.818 0.319134 0.229802 4 1 0
352.918 0.31914 0.22979 4 1 0
353.018 0.319145 0.229779 4 1 0
353.118 0.31915 0.229767 4 1 0
353.218 0.319156 0.229756 4 1 0
353.318 0.319162 0.229744 4 1 0
353.418 0.319167 0.229733 4 1 0
353.518 0.319172 0.229722 4 1 0
353.618 0.319178 0.22971 4 1 0
353.718 0.319183 0.229699 4 1 0
353.818 0.319188 0.229687 4 1 0
353.918 0.319194 0.229676 4 1 0
354.018 0.319199 0.229665 4 1 0
354.118 0.319204 0.229653 4 1 0
354.218 0.31921 0.229641 4 1 0
354.318 0.319215 0.22963 4 1 0
354.418 0.319221 0.229619 4 1 0
354.518 0.319226 0.229607 4 1 0
354.618 0.319231 0.229596 4 1 0
354.718 0.319237 0.229584 4 1 0
354.818 0.319242 0.229573 4 1 0
354.918 0.319247 0.229562 4 1 0
355.018 0.319253 0.22955 4 1 0
355.118 0.319259 0.229538 4 1 0
355.218 0.319263 0.229527 4 1 0
355.318 0.319269 0.229516 4 1 0
355.418 0.319275 0.229504 4 1 0
355.518 0.319279 0.229493 4 1 0
355.618 0.319285 0.229481 4 1 0
355.718 0.319291 0.22947 4 1 0
355.818 0.319296 0.229459 4 1 0
355.918 0.319301 0.229447 4 1 0
356.018 0.319307 0.229435 4 1 0
356.118 0.319312 0.229424 4 1 0
356.218 0.319317 0.229413 4 1 0
356.318 0.319323 0.229401 4 1 0
356.418 0.319328 0.22939 4 1 0
356.518 0.319333 0.229378 4 1 0
356.618 0.319339 0.229367 4 1 0
356.718 0.319344 0.229355 4 1 0
356.818 0.319349 0.229344 4 1 0
356.918 0.319355 0.229332 4 1 0
357.018 0.31936 0.229321 4 1 0
357.118 0.319365 0.229309 4 1 0
357.218 0.319371 0.229298 4 1 0
357.318 0.319376 0.229287 4 1 0
357.418 0.319381 0.229275 4 1 0
357.518 0.319387 0.229263 4 1 0
357.618 0.319392 0.229252 4 1 0
357.718 0.319397 0.229241 4 1 0
357.718 0.319397 0.229241 4 1 0
357.728 0.319398 0.22924 4 1 0
357.748 0.319399 0.229237 4 1 0
357.788 0.319401 0.229233 4 1 0
357.868 0.319405 0.229224 4 1 0
357.968 0.319411 0.229212 4 1 0
358.068 0.319416 0.229201 4 1 0
358.168 0.319421 0.229189 4 1 0
358.268 0.319427 0.229177 4 1 0
358.368 0.319432 0.229166 4 1 0
358.468 0.319437 0.229155 4 1 0
358.568 0.319443 0.229143 4 1 0
358.668 0.319448 0.229132 4 1 0
358.768 0.319453 0.22912 4 1 0
358.868 0.319459 0.229109 4 1 0
358.968 0.319464 0.229098 4 1 0
359.068 0.319469 0.229086 4 1 0
359.168 0.319475 0.229074 4 1 0
359.268 0.31948 0.229063 4 1 0
359.368 0.319485 0.229052 4 1 0
359.468 0.319491 0.22904 4 1 0
359.568 0.319495 0.229029 4 1 0
359.668 0.319501 0.229017 4 1 0
359.768 0.319507 0.229005 4 1 0
359.868 0.319511 0.228994 4 1 0
359.968 0.319517 0.228983 4 1 0
360.068 0.319523 0.228971 4 1 0
360.168 0.319527 0.22896 4 1 0
360.268 0.319533 0.228948 4 1 0
360.368 0.319539 0.228937 4 1 0
360.468 0.319543 0.228926 4 1 0
360.568 0.319549 0.228914 4 1 0
360.668 0.319555 0.228902 4 1 0
360.768 0.319559 0.228891 4 1 0
360.868 0.319565 0.228879 4 1 0
360.968 0.31957 0.228868 4 1 0
361.068 0.319575 0.228857 4 1 0
361.168 0.319581 0.228845 4 1 0
361.268 0.319586 0.228833 4 1 0
361.368 0.319591 0.228822 4 1 0
361.468 0.319596 0.22881 4 1 0
361.568 0.319602 0.228799 4 1 0
361.668 0.319607 0.228788 4 1 0
361.768 0.319612 0.228776 4 1 0
361.868 0.319618 0.228765 4 1 0
361.968 0.319622 0.228753 4 1 0
362.068 0.319628 0.228741 4 1 0
362.168 0.319634 0.22873 4 1 0
362.268 0.319638 0.228719 4 1 0
362.368 0.319644 0.228708 4 1 0
362.468 0.31965 0.228696 4 1 0
362.568 0.319653 0.228683 4 1 0
362.668 0.319659 0.228672 4 1 0
362.768 0.319665 0.22866 4 1 0
362.868 0.31967 0.228651 4 1 0
362.968 0.319676 0.22864 4 1 0
363.068 0.319682 0.228628 4 1 0
363.168 0.319684 0.228611 4 1 0
363.268 0.31969 0.2286 4 1 0
363.368 0.319695 0.228588 4 1 0
363.468 0.319704 0.228586 4 1 0
363.568 0.31971 0.228574 4 1 0
363.668 0.319716 0.228562 4 1 0
363.768 0.319722 0.22853 4 1 0
363.868 0.319729 0.228518 4 1 0
363.968 0.319735 0.228507 4 1 0
364.068 0.319743 0.228514 4 1 0
364.168 0.319748 0.228502 4 1 0
364.268 0.319754 0.228491 4 1 0
364.368 0.319753 0.22847 4 1 0
364.468 0.319759 0.228458 4 1 0
364.568 0.319766 0.228446 4 1 0
364.668 0.319774 0.228443 4 1 0
364.768 0.319781 0.228432 4 1 0
364.868 0.319788 0.22842 4 1 0
364.968 0.319808 0.228392 4 1 0
365.068 0.319815 0.22838 4 1 0
365.168 0.319821 0.228369 4 1 0
365.268 0.319808 0.228372 4 1 0
365.368 0.319814 0.228361 4 1 0
365.468 0.31982 0.228349 4 1 0
365.568 0.319835 0.228331 4 1 0
365.668 0.319842 0.228319 4 1 0
365.768 0.319848 0.228307 4 1 0
365.868 0.319855 0.228308 4 1 0
365.968 0.319862 0.228297 4 1 0
366.068 0.319868 0.228285 4 1 0
366.168 0.319877 0.228273 4 1 0
366.268 0.319884 0.228262 4 1 0
366.368 0.319891 0.22825 4 1 0
366.468 0.319899 0.228238 4 1 0
366.568 0.319906 0.228226 4 1 0
366.668 0.319912 0.228215 4 1 0
366.768 0.319921 0.228202 4 1 0
366.868 0.319928 0.22819 4 1 0
366.968 0.319935 0.228179 4 1 0
367.068 0.319948 0.228158 4 1 0
367.168 0.319955 0.228147 4 1 0
367.268 0.319962 0.228135 4 1 0
367.368 0.319951 0.228137 4 1 0
367.468 0.319958 0.228126 4 1 0
367.568 0.319964 0.228115 4 1 0
367.668 0.319979 0.228097 4 1 0
367.768 0.319986 0.228085 4 1 0
367.868 0.319992 0.228074 4 1 0
367.968 0.319999 0.22807 4 1 0
368.068 0.320005 0.228058 4 1 0
368.168 0.320012 0.228046 4 1 0
368.268 0.320019 0.228035 4 1 0
368.368 0.320026 0.228024 4 1 0
368.468 0.320033 0.228012 4 1 0
368.568 0.32004 0.228001 4 1 0
368.668 0.320047 0.22799 4 1 0
368.768 0.320053 0.227978 4 1 0
368.868 0.32006 0.227967 4 1 0
368.968 0.320067 0.227956 4 1 0
369.068 0.320074 0.227944 4 1 0
369.168 0.320081 0.227933 4 1 0
369.268 0.320087 0.227922 4 1 0
369.368 0.320094 0.22791 4 1 0
369.468 0.320101 0.227899 4 1 0
369.568 0.320108 0.227887 4 1 0
369.668 0.320114 0.227876 4 1 0
369.768 0.320121 0.227865 4 1 0
369.868 0.320128 0.227853 4 1 0
369.968 0.320135 0.227842 4 1 0
370.068 0.320142 0.227831 4 1 0
370.168 0.320148 0.227819 4 1 0
370.268 0.320155 0.227808 4 1 0
370.368 0.320162 0.227797 4 1 0
370.468 0.320169 0.227785 4 1 0
370.568 0.320175 0.227773 4 1 0
370.668 0.320182 0.227763 4 1 0
370.768 0.320189 0.227751 4 1 0
370.868 0.320196 0.227739 4 1 0
370.968 0.320203 0.227728 4 1 0
371.068 0.320209 0.227717 4 1 0
371.168 0.320216 0.227705 4 1 0
371.268 0.320223 0.227694 4 1 0
371.368 0.32023 0.227683 4 1 0
371.468 0.320237 0.227671 4 1 0
371.568 0.320243 0.22766 4 1 0
371.668 0.32025 0.227648 4 1 0
371.768 0.320257 0.227637 4 1 0
371.868 0.320264 0.227625 4 1 0
371.968 0.32027 0.227614 4 1 0
372.068 0.320277 0.227602 4 1 0
372.168 0.320284 0.22759 4 1 0
372.268 0.320291 0.227579 4 1 0
372.368 0.320297 0.227568 4 1 0
372.468 0.320304 0.227555 4 1 0
372.568 0.320311 0.227544 4 1 0
372.668 0.320318 0.227533 4 1 0
372.768 0.320324 0.227521 4 1 0
372.868 0.320331 0.227509 4 1 0
372.968 0.320338 0.227498 4 1 0
373.068 0.320344 0.227486 4 1 0
373.168 0.320351 0.227475 4 1 0
373.268 0.320358 0.227463 4 1 0
373.368 0.320365 0.227451 4 1 0
373.468 0.320371 0.22744 4 1 0
373.568 0.320378 0.227429 4 1 0
373.668 0.320385 0.227417 4 1 0
373.768 0.320391 0.227405 4 1 0
373.868 0.320398 0.227394 4 1 0
373.968 0.320405 0.227382 4 1 0
374.068 0.320411 0.227371 4 1 0
374.168 0.320418 0.227359 4 1 0
374.268 0.320425 0.227347 4 1 0
374.368 0.320431 0.227336 4 1 0
374.468 0.320438 0.227325 4 1 0
374.568 0.320445 0.227312 4 1 0
374.668 0.320451 0.227301 4 1 0
374.768 0.320458 0.22729 4 1 0
374.868 0.320464 0.227278 4 1 0
374.968 0.320471 0.227266 4 1 0
375.068 0.320478 0.227255 4 1 0
375.168 0.320484 0.227243 4 1 0
375.268 0.320491 0.227232 4 1 0
375.368 0.320498 0.22722 4 1 0
375.468 0.320504 0.227208 4 1 0
375.568 0.320511 0.227197 4 1 0
375.668 0.320518 0.227185 4 1 0
375.768 0.320524 0.227173 4 1 0
375.868 0.32053 0.227162 4 1 0
375.968 0.320537 0.227151 4 1 0
376.068 0.320543 0.227138 4 1 0
376.168 0.32055 0.227127 4 1 0
376.268 0.320557 0.227116 4 1 0
376.368 0.320563 0.227104 4 1 0
376.468 0.32057 0.227092 4 1 0
376.568 0.320576 0.227081 4 1 0
376.668 0.320582 0.227069 4 1 0
376.768 0.320589 0.227057 4 1 0
376.868 0.320596 0.227046 4 1 0
376.968 0.320602 0.227034 4 1 0
377.068 0.320608 0.227022 4 1 0
377.168 0.320615 0.227011 4 1 0
377.268 0.320621 0.226999 4 1 0
377.368 0.320627 0.226988 4 1 0
377.368 0.320627 0.226988 4 1 0
377.378 0.320628 0.226986 4 1 0
377.398 0.32063 0.226984 4 1 0
377.438 0.320632 0.226979 4 1 0
377.518 0.320637 0.22697 4 1 0
377.618 0.320644 0.226959 4 1 0
377.718 0.320649 0.226946 4 1 0
377.818 0.320656 0.226935 4 1 0
377.918 0.320662 0.226923 4 1 0
378.018 0.320669 0.226912 4 1 0
378.118 0.320676 0.226901 4 1 0
378.218 0.320683 0.22689 4 1 0
378.318 0.320681 0.226872 4 1 0
378.418 0.320688 0.226861 4 1 0
378.518 0.320695 0.22685 4 1 0
378.618 0.320718 0.226842 4 1 0
378.718 0.320725 0.22683 4 1 0
378.818 0.320731 0.226819 4 1 0
378.918 0.320743 0.226815 4 1 0
379.018 0.32075 0.226804 4 1 0
379.118 0.320757 0.226793 4 1 0
379.218 0.320771 0.226784 4 1 0
379.318 0.320778 0.226772 4 1 0
379.418 0.320785 0.226761 4 1 0
379.518 0.320798 0.226749 4 1 0
379.618 0.320805 0.226737 4 1 0
379.718 0.320812 0.226726 4 1 0
379.818 0.320823 0.226715 4 1 0
379.918 0.32083 0.226703 4 1 0
380.018 0.320837 0.226692 4 1 0
380.118 0.320847 0.22668 4 1 0
380.218 0.320853 0.226669 4 1 0
380.318 0.32086 0.226657 4 1 0
380.418 0.32087 0.226646 4 1 0
380.518 0.320876 0.226634 4 1 0
380.618 0.320883 0.226623 4 1 0
380.718 0.320892 0.226612 4 1 0
380.818 0.320899 0.2266 4 1 0
380.918 0.320905 0.226589 4 1 0
381.018 0.320914 0.226577 4 1 0
381.118 0.32092 0.226566 4 1 0
381.218 0.320927 0.226554 4 1 0
381.318 0.320935 0.226543 4 1 0
381.418 0.320942 0.226531 4 1 0
381.518 0.320949 0.22652 4 1 0
381.618 0.320957 0.226509 4 1 0
381.718 0.320964 0.226497 4 1 0
381.818 0.32097 0.226485 4 1 0
381.918 0.320978 0.226474 4 1 0
382.018 0.320985 0.226463 4 1 0
382.118 0.320992 0.226451 4 1 0
382.218 0.321 0.22644 4 1 0
382.318 0.321007 0.226428 4 1 0
382.418 0.321013 0.226417 4 1 0
382.518 0.321021 0.226406 4 1 0
382.618 0.321028 0.226394 4 1 0
382.718 0.321034 0.226383 4 1 0
382.818 0.321042 0.226372 4 1 0
382.918 0.321049 0.22636 4 1 0
383.018 0.321056 0.226348 4 1 0
383.118 0.321064 0.226337 4 1 0
383.218 0.32107 0.226326 4 1 0
383.318 0.321077 0.226314 4 1 0
383.418 0.321085 0.226303 4 1 0
383.518 0.321091 0.226291 4 1 0
383.618 0.321098 0.22628 4 1 0
383.718 0.321106 0.226269 4 1 0
383.818 0.321112 0.226257 4 1 0
383.918 0.321119 0.226246 4 1 0
384.018 0.321127 0.226235 4 1 0
384.118 0.321133 0.226223 4 1 0
384.218 0.32114 0.226211 4 1 0
384.318 0.321148 0.2262 4 1 0
384.418 0.321154 0.226189 4 1 0
384.518 0.321161 0.226177 4 1 0
384.618 0.321169 0.226166 4 1 0
384.718 0.321175 0.226155 4 1 0
384.818 0.321182 0.226143 4 1 0
384.918 0.32119 0.226132 4 1 0
385.018 0.321196 0.22612 4 1 0
385.118 0.321203 0.226109 4 1 0
385.218 0.32121 0.226098 4 1 0
385.318 0.321217 0.226086 4 1 0
385.418 0.321224 0.226075 4 1 0
385.518 0.321231 0.226064 4 1 0
385.618 0.321238 0.226052 4 1 0
385.718 0.321244 0.22604 4 1 0
385.818 0.321252 0.226029 4 1 0
385.918 0.321259 0.226018 4 1 0
386.018 0.321265 0.226006 4 1 0
386.118 0.321273 0.225995 4 1 0
386.218 0.321279 0.225984 4 1 0
386.318 0.321286 0.225972 4 1 0
386.418 0.321293 0.225961 4 1 0
386.518 0.3213 0.22595 4 1 0
386.618 0.321307 0.225938 4 1 0
386.718 0.321314 0.225927 4 1 0
386.818 0.321321 0.225916 4 1 0
386.918 0.321327 0.225904 4 1 0
387.018 0.321335 0.225893 4 1 0
387.118 0.321341 0.225881 4 1 0
387.218 0.321348 0.22587 4 1 0
387.318 0.321355 0.225859 4 1 0
387.418 0.321362 0.225847 4 1 0
387.518 0.321369 0.225836 4 1 0
387.618 0.321376 0.225825 4 1 0
387.718 0.321382 0.225813 4 1 0
387.818 0.321389 0.225802 4 1 0
387.918 0.321396 0.225791 4 1 0
388.018 0.321403 0.225779 4 1 0
388.118 0.32141 0.225768 4 1 0
388.218 0.321417 0.225757 4 1 0
388.318 0.321423 0.225745 4 1 0
388.418 0.32143 0.225734 4 1 0
388.518 0.321437 0.225723 4 1 0
388.618 0.321444 0.225711 4 1 0
388.718 0.321451 0.2257 4 1 0
388.818 0.321458 0.225689 4 1 0
388.918 0.321464 0.225677 4 1 0
389.018 0.321471 0.225665 4 1 0
389.118 0.321478 0.225655 4 1 0
389.218 0.321485 0.225643 4 1 0
389.318 0.321491 0.225631 4 1 0
389.418 0.321498 0.22562 4 1 0
389.518 0.321505 0.225609 4 1 0
389.618 0.321512 0.225597 4 1 0
389.718 0.321519 0.225586 4 1 0
389.818 0.321525 0.225575 4 1 0
389.918 0.321532 0.225563 4 1 0
390.018 0.321539 0.225552 4 1 0
390.118 0.321546 0.225541 4 1 0
390.218 0.321552 0.225529 4 1 0
390.318 0.321559 0.225518 4 1 0
390.418 0.321566 0.225507 4 1 0
390.518 0.321573 0.225495 4 1 0
390.618 0.32158 0.225485 4 1 0
390.718 0.321586 0.225473 4 1 0
390.818 0.321593 0.225461 4 1 0
390.918 0.3216 0.225451 4 1 0
391.018 0.321606 0.225439 4 1 0
391.118 0.321613 0.225428 4 1 0
391.218 0.32162 0.225417 4 1 0
391.318 0.321627 0.225405 4 1 0
391.418 0.321633 0.225394 4 1 0
391.518 0.32164 0.225383 4 1 0
391.618 0.321647 0.225371 4 1 0
391.718 0.321653 0.22536 4 1 0
391.818 0.32166 0.225349 4 1 0
391.918 0.321667 0.225337 4 1 0
392.018 0.321673 0.225326 4 1 0
392.118 0.32168 0.225315 4 1 0
392.218 0.321687 0.225303 4 1 0
392.318 0.321694 0.225292 4 1 0
392.418 0.3217 0.225281 4 1 0
392.518 0.321707 0.225269 4 1 0
392.618 0.321714 0.225258 4 1 0
392.718 0.32172 0.225247 4 1 0
392.818 0.321727 0.225236 4 1 0
392.918 0.321734 0.225224 4 1 0
393.018 0.32174 0.225213 4 1 0
393.118 0.321747 0.225202 4 1 0
393.218 0.321754 0.22519 4 1 0
393.318 0.32176 0.225179 4 1 0
393.418 0.321767 0.225168 4 1 0
393.518 0.321774 0.225156 4 1 0
393.618 0.32178 0.225145 4 1 0
393.718 0.321787 0.225134 4 1 0
393.818 0.321794 0.225122 4 1 0
393.918 0.3218 0.225112 4 1 0
394.018 0.321807 0.2251 4 1 0
394.118 0.321813 0.225089 4 1 0
394.218 0.32182 0.225078 4 1 0
394.318 0.321827 0.225066 4 1 0
394.418 0.321833 0.225055 4 1 0
394.518 0.32184 0.225044 4 1 0
394.618 0.321847 0.225032 4 1 0
394.718 0.321853 0.225021 4 1 0
394.818 0.32186 0.22501 4 1 0
394.918 0.321866 0.224999 4 1 0
395.018 0.321873 0.224987 4 1 0
395.118 0.32188 0.224976 4 1 0
395.218 0.321886 0.224965 4 1 0
395.318 0.321893 0.224953 4 1 0
395.418 0.3219 0.224942 4 1 0
395.518 0.321906 0.224931 4 1 0
395.618 0.321913 0.22492 4 1 0
395.718 0.321919 0.224909 4 1 0
395.818 0.321926 0.224897 4 1 0
395.918 0.321932 0.224886 4 1 0
396.018 0.321939 0.224875 4 1 0
396.118 0.321946 0.224863 4 1 0
396.218 0.321952 0.224852 4 1 0
396.318 0.321959 0.224841 4 1 0
396.418 0.321965 0.22483 4 1 0
396.518 0.321972 0.224818 4 1 0
396.618 0.321978 0.224807 4 1 0
396.718 0.321985 0.224796 4 1 0
396.818 0.321991 0.224785 4 1 0
396.918 0.321998 0.224774 4 1 0
397.018 0.322004 0.224762 4 1 0
397.018 0.322004 0.224762 4 1 0
397.028 0.322005 0.224761 4 1 0
397.048 0.322006 0.224759 4 1 0
397.088 0.322009 0.224755 4 1 0
397.168 0.322014 0.224746 4 1 0
397.268 0.322021 0.224734 4 1 0
397.368 0.322027 0.224723 4 1 0
397.468 0.322034 0.224712 4 1 0
397.568 0.32204 0.2247 4 1 0
397.668 0.322047 0.224689 4 1 0
397.768 0.322053 0.224678 4 1 0
397.868 0.32206 0.224667 4 1 0
397.968 0.322066 0.224656 4 1 0
398.068 0.322073 0.224644 4 1 0
398.168 0.322079 0.224633 4 1 0
398.268 0.322086 0.224622 4 1 0
398.368 0.322092 0.224611 4 1 0
398.468 0.322099 0.224599 4 1 0
398.568 0.322105 0.224588 4 1 0
398.668 0.322112 0.224577 4 1 0
398.768 0.322118 0.224566 4 1 0
398.868 0.322125 0.224555 4 1 0
398.968 0.322131 0.224543 4 1 0
399.068 0.322138 0.224532 4 1 0
399.168 0.322144 0.224521 4 1 0
399.268 0.322151 0.22451 4 1 0
399.368 0.322157 0.224498 4 1 0
399.468 0.322164 0.224487 4 1 0
399.568 0.32217 0.224476 4 1 0
399.668 0.322177 0.224465 4 1 0
399.768 0.322183 0.224453 4 1 0
399.868 0.322189 0.224442 4 1 0
399.968 0.322196 0.224431 4 1 0
400.068 0.322202 0.224419 4 1 0
400.168 0.322209 0.224408 4 1 0
400.268 0.322215 0.224397 4 1 0
400.368 0.322222 0.224385 4 1 0
400.468 0.322228 0.224374 4 1 0
400.568 0.322235 0.224363 4 1 0
400.668 0.322241 0.224351 4 1 0
400.768 0.322247 0.22434 4 1 0
400.868 0.322254 0.224329 4 1 0
400.968 0.32226 0.224317 4 1 0
401.068 0.322267 0.224306 4 1 0
401.168 0.322273 0.224295 4 1 0
401.268 0.322279 0.224283 4 1 0
401.368 0.322286 0.224272 4 1 0
401.468 0.322292 0.224261 4 1 0
401.568 0.322298 0.224249 4 1 0
401.668 0.322305 0.224238 4 1 0
401.768 0.322311 0.224227 4 1 0
401.868 0.322318 0.224215 4 1 0
401.968 0.322324 0.224204 4 1 0
402.068 0.322331 0.224193 4 1 0
402.168 0.322337 0.224181 4 1 0
402.268 0.322343 0.22417 4 1 0
402.368 0.32235 0.224159 4 1 0
402.468 0.322356 0.224147 4 1 0
402.568 0.322362 0.224136 4 1 0
402.668 0.322369 0.224125 4 1 0
402.768 0.322375 0.224113 4 1 0
402.868 0.322381 0.224102 4 1 0
402.968 0.322388 0.224091 4 1 0
403.068 0.322394 0.22408 4 1 0
403.168 0.3224 0.224068 4 1 0
403.268 0.322407 0.224057 4 1 0
403.368 0.322413 0.224046 4 1 0
403.468 0.322419 0.224035 4 1 0
403.568 0.322426 0.224024 4 1 0
403.668 0.322432 0.224012 4 1 0
403.768 0.322438 0.224001 4 1 0
403.868 0.322445 0.22399 4 1 0
403.968 0.322451 0.223978 4 1 0
404.068 0.322457 0.223967 4 1 0
404.168 0.322464 0.223956 4 1 0
404.268 0.32247 0.223944 4 1 0
404.368 0.322476 0.223933 4 1 0
404.468 0.322483 0.223922 4 1 0
404.568 0.322488 0.22391 4 1 0
404.668 0.322495 0.223899 4 1 0
404.768 0.322501 0.223888 4 1 0
404.868 0.322507 0.223876 4 1 0
404.968 0.322514 0.223865 4 1 0
405.068 0.32252 0.223854 4 1 0
405.168 0.322526 0.223842 4 1 0
405.268 0.322533 0.223831 4 1 0
405.368 0.322539 0.22382 4 1 0
405.468 0.322545 0.223808 4 1 0
405.568 0.322551 0.223797 4 1 0
405.668 0.322558 0.223786 4 1 0
405.768 0.322564 0.223774 4 1 0
405.868 0.32257 0.223763 4 1 0
405.968 0.322576 0.223752 4 1 0
406.068 0.322582 0.223741 4 1 0
406.168 0.322589 0.22373 4 1 0
406.268 0.322595 0.223719 4 1 0
406.368 0.322601 0.223707 4 1 0
406.468 0.322607 0.223696 4 1 0
406.568 0.322614 0.223685 4 1 0
406.668 0.32262 0.223673 4 1 0
406.768 0.322626 0.223662 4 1 0
406.868 0.322632 0.223651 4 1 0
406.968 0.322638 0.223639 4 1 0
407.068 0.322645 0.223628 4 1 0
407.168 0.322651 0.223617 4 1 0
407.268 0.322657 0.223605 4 1 0
407.368 0.322663 0.223594 4 1 0
407.468 0.322669 0.223583 4 1 0
407.568 0.322675 0.223571 4 1 0
407.668 0.322682 0.22356 4 1 0
407.768 0.322688 0.223549 4 1 0
407.868 0.322694 0.223537 4 1 0
407.968 0.3227 0.223526 4 1 0
408.068 0.322706 0.223515 4 1 0
408.168 0.322712 0.223503 4 1 0
408.268 0.322718 0.223492 4 1 0
408.368 0.322725 0.223481 4 1 0
408.468 0.32273 0.223469 4 1 0
408.568 0.322737 0.223458 4 1 0
408.668 0.322743 0.223447 4 1 0
408.768 0.322749 0.223436 4 1 0
408.868 0.322755 0.223425 4 1 0
408.968 0.322762 0.223414 4 1 0
409.068 0.322767 0.223402 4 1 0
409.168 0.322774 0.223391 4 1 0
409.268 0.32278 0.22338 4 1 0
409.368 0.322785 0.223368 4 1 0
409.468 0.322792 0.223357 4 1 0
409.568 0.322798 0.223346 4 1 0
409.668 0.322804 0.223334 4 1 0
409.768 0.32281 0.223323 4 1 0
409.868 0.322816 0.223312 4 1 0
409.968 0.322822 0.2233 4 1 0
410.068 0.322828 0.223289 4 1 0
410.168 0.322835 0.223278 4 1 0
410.268 0.32284 0.223266 4 1 0
410.368 0.322846 0.223255 4 1 0
410.468 0.322853 0.223244 4 1 0
410.568 0.322858 0.223232 4 1 0
410.668 0.322864 0.223221 4 1 0
410.768 0.322871 0.22321 4 1 0
410.868 0.322876 0.223198 4 1 0
410.968 0.322882 0.223187 4 1 0
411.068 0.322889 0.223176 4 1 0
411.168 0.322894 0.223164 4 1 0
411.268 0.3229 0.223153 4 1 0
411.368 0.322907 0.223142 4 1 0
411.468 0.322912 0.22313 4 1 0
411.568 0.322918 0.223119 4 1 0
411.668 0.322925 0.223108 4 1 0
411.768 0.32293 0.223096 4 1 0
411.868 0.322936 0.223085 4 1 0
411.968 0.322942 0.223074 4 1 0
412.068 0.322947 0.223062 4 1 0
412.168 0.322954 0.223051 4 1 0
412.268 0.32296 0.22304 4 1 0
412.368 0.322965 0.223028 4 1 0
412.468 0.322971 0.223017 4 1 0
412.568 0.322978 0.223006 4 1 0
412.668 0.322982 0.222994 4 1 0
412.768 0.322989 0.222983 4 1 0
412.868 0.322995 0.222972 4 1 0
412.968 0.323 0.222959 4 1 0
413.068 0.323006 0.222948 4 1 0
413.168 0.323012 0.222937 4 1 0
413.268 0.323017 0.222925 4 1 0
413.368 0.323023 0.222914 4 1 0
413.468 0.32303 0.222903 4 1 0
413.568 0.323034 0.222891 4 1 0
413.668 0.32304 0.22288 4 1 0
413.768 0.323047 0.222869 4 1 0
413.868 0.323051 0.222856 4 1 0
413.968 0.323057 0.222845 4 1 0
414.068 0.323063 0.222834 4 1 0
414.168 0.323067 0.222821 4 1 0
414.268 0.323073 0.22281 4 1 0
414.368 0.32308 0.222799 4 1 0
414.468 0.323083 0.222786 4 1 0
414.568 0.323089 0.222775 4 1 0
414.668 0.323095 0.222764 4 1 0
414.768 0.323097 0.222749 4 1 0
414.868 0.323103 0.222738 4 1 0
414.968 0.32311 0.222728 4 1 0
415.068 0.323105 0.222708 4 1 0
415.168 0.323112 0.222697 4 1 0
415.268 0.323118 0.222686 4 1 0
415.368 0.323121 0.222702 4 1 0
415.468 0.323128 0.222692 4 1 0
415.568 0.323134 0.222681 4 1 0
415.668 0.323162 0.222663 4 1 0
415.768 0.323168 0.222652 4 1 0
415.868 0.323175 0.222641 4 1 0
415.968 0.323181 0.222613 4 1 0
416.068 0.323187 0.222602 4 1 0
416.168 0.323193 0.222591 4 1 0
416.268 0.323182 0.222584 4 1 0
416.368 0.323188 0.222573 4 1 0
416.468 0.323194 0.222562 4 1 0
416.568 0.323205 0.222569 4 1 0
416.668 0.323211 0.222557 4 1 0
416.668 0.323211 0.222557 4 1 0
416.678 0.323212 0.222556 4 1 0
416.698 0.323213 0.222554 4 1 0
416.738 0.323234 0.222544 4 1 0
416.818 0.323239 0.222535 4 1 0
416.918 0.323245 0.222524 4 1 0
417.018 0.323246 0.222506 4 1 0
417.118 0.323252 0.222495 4 1 0
417.218 0.323259 0.222484 4 1 0
417.318 0.323258 0.222493 4 1 0
417.418 0.323264 0.222482 4 1 0
417.518 0.32327 0.222471 4 1 0
417.618 0.323282 0.222448 4 1 0
417.718 0.323288 0.222438 4 1 0
417.818 0.323294 0.222427 4 1 0
417.918 0.3233 0.222416 4 1 0
418.018 0.323306 0.222405 4 1 0
418.118 0.323313 0.222394 4 1 0
418.218 0.323317 0.222387 4 1 0
418.318 0.323323 0.222376 4 1 0
418.418 0.32333 0.222365 4 1 0
418.518 0.323336 0.222354 4 1 0
418.618 0.323343 0.222343 4 1 0
418.718 0.323349 0.222332 4 1 0
418.818 0.323355 0.222322 4 1 0
418.918 0.323361 0.222311 4 1 0
419.018 0.323368 0.2223 4 1 0
419.118 0.323373 0.222291 4 1 0
419.218 0.323379 0.22228 4 1 0
419.318 0.323386 0.222269 4 1 0
419.418 0.323391 0.222259 4 1 0
419.518 0.323397 0.222248 4 1 0
419.618 0.323403 0.222237 4 1 0
419.718 0.323409 0.222227 4 1 0
419.818 0.323415 0.222216 4 1 0
419.918 0.323421 0.222205 4 1 0
420.018 0.323426 0.222195 4 1 0
420.118 0.323433 0.222184 4 1 0
420.218 0.323439 0.222173 4 1 0
420.318 0.323444 0.222163 4 1 0
420.418 0.32345 0.222152 4 1 0
420.518 0.323456 0.222141 4 1 0
420.618 0.323461 0.22213 4 1 0
420.718 0.323467 0.222119 4 1 0
420.818 0.323473 0.222109 4 1 0
420.918 0.323477 0.222097 4 1 0
421.018 0.323483 0.222086 4 1 0
421.118 0.32349 0.222075 4 1 0
421.218 0.323492 0.222061 4 1 0
421.318 0.323498 0.222051 4 1 0
421.418 0.323505 0.22204 4 1 0
421.518 0.323512 0.222035 4 1 0
421.618 0.323518 0.222024 4 1 0
421.718 0.323524 0.222013 4 1 0
421.818 0.323535 0.222006 4 1 0
421.918 0.323541 0.221995 4 1 0
422.018 0.323547 0.221984 4 1 0
422.118 0.32355 0.221972 4 1 0
422.218 0.323556 0.221961 4 1 0
422.318 0.323562 0.22195 4 1 0
422.418 0.323564 0.221942 4 1 0
422.518 0.323571 0.221931 4 1 0
422.618 0.323577 0.22192 4 1 0
422.718 0.323583 0.221913 4 1 0
422.818 0.32359 0.221903 4 1 0
422.918 0.323596 0.221892 4 1 0
423.018 0.323599 0.221883 4 1 0
423.118 0.323606 0.221872 4 1 0
423.218 0.323612 0.221861 4 1 0
423.318 0.323614 0.22185 4 1 0
423.418 0.32362 0.221839 4 1 0
423.518 0.323627 0.221828 4 1 0
423.618 0.32363 0.221818 4 1 0
423.718 0.323636 0.221807 4 1 0
423.818 0.323642 0.221796 4 1 0
423.918 0.323655 0.221789 4 1 0
424.018 0.323662 0.221779 4 1 0
424.118 0.323669 0.221768 4 1 0
424.218 0.323687 0.221758 4 1 0
424.318 0.323694 0.221747 4 1 0
424.418 0.323701 0.221736 4 1 0
424.518 0.323731 0.221746 4 1 0
424.618 0.323738 0.221735 4 1 0
424.718 0.323745 0.221724 4 1 0
424.818 0.32377 0.221645 4 1 0
424.918 0.323777 0.221634 4 1 0
425.018 0.323784 0.221623 4 1 0
425.118 0.32373 0.221599 4 1 0
425.218 0.323737 0.221588 4 1 0
425.318 0.323744 0.221577 4 1 0
425.418 0.323778 0.221612 4 1 0
425.518 0.323785 0.221601 4 1 0
425.618 0.323791 0.22159 4 1 0
425.718 0.323773 0.22158 4 1 0
425.818 0.32378 0.221569 4 1 0
425.918 0.323786 0.221559 4 1 0
426.018 0.323803 0.221526 4 1 0
426.118 0.32381 0.221515 4 1 0
426.218 0.323817 0.221504 4 1 0
426.318 0.323859 0.221523 4 1 0
426.418 0.323865 0.221512 4 1 0
426.518 0.323872 0.221501 4 1 0
426.618 0.323921 0.221435 4 1 0
426.718 0.323928 0.221425 4 1 0
426.818 0.323935 0.221414 4 1 0
426.918 0.323874 0.221398 4 1 0
427.018 0.323881 0.221387 4 1 0
427.118 0.323889 0.221377 4 1 0
427.218 0.32387 0.221402 4 1 0
427.318 0.323876 0.221391 4 1 0
427.418 0.323883 0.22138 4 1 0
427.518 0.323904 0.221358 4 1 0
427.618 0.323911 0.221347 4 1 0
427.718 0.323918 0.221336 4 1 0
427.818 0.323937 0.221371 4 1 0
427.918 0.323944 0.22136 4 1 0
428.018 0.323951 0.221349 4 1 0
428.118 0.323979 0.221336 4 1 0
428.218 0.323986 0.221325 4 1 0
428.318 0.323993 0.221315 4 1 0
428.418 0.324004 0.22125 4 1 0
428.518 0.324011 0.221239 4 1 0
428.618 0.324018 0.221228 4 1 0
428.718 0.323976 0.221227 4 1 0
428.818 0.323983 0.221216 4 1 0
428.918 0.32399 0.221205 4 1 0
429.018 0.324002 0.221228 4 1 0
429.118 0.324009 0.221217 4 1 0
429.218 0.324015 0.221206 4 1 0
429.318 0.324052 0.22116 4 1 0
429.418 0.324059 0.221149 4 1 0
429.518 0.324066 0.221138 4 1 0
429.618 0.324052 0.221139 4 1 0
429.718 0.324059 0.221128 4 1 0
429.818 0.324066 0.221117 4 1 0
429.918 0.324075 0.22114 4 1 0
430.018 0.324082 0.221129 4 1 0
430.118 0.324089 0.221119 4 1 0
430.218 0.324124 0.221091 4 1 0
430.318 0.324131 0.22108 4 1 0
430.418 0.324138 0.22107 4 1 0
430.518 0.324139 0.221027 4 1 0
430.618 0.324146 0.221016 4 1 0
430.718 0.324153 0.221005 4 1 0
430.818 0.324122 0.22101 4 1 0
430.918 0.324129 0.220999 4 1 0
431.018 0.324136 0.220988 4 1 0
431.118 0.324168 0.221006 4 1 0
431.218 0.324175 0.220995 4 1 0
431.318 0.324182 0.220984 4 1 0
431.418 0.324225 0.220921 4 1 0
431.518 0.324232 0.22091 4 1 0
431.618 0.324239 0.220899 4 1 0
431.718 0.324195 0.220883 4 1 0
431.818 0.324202 0.220872 4 1 0
431.918 0.324209 0.220861 4 1 0
432.018 0.324182 0.220886 4 1 0
432.118 0.324189 0.220875 4 1 0
432.218 0.324195 0.220864 4 1 0
432.318 0.324241 0.220873 4 1 0
432.418 0.324248 0.220862 4 1 0
432.518 0.324255 0.220851 4 1 0
432.618 0.324295 0.220795 4 1 0
432.718 0.324302 0.220784 4 1 0
432.818 0.324309 0.220773 4 1 0
432.918 0.324278 0.220765 4 1 0
433.018 0.324285 0.220754 4 1 0
433.118 0.324292 0.220743 4 1 0
433.218 0.324281 0.220771 4 1 0
433.318 0.324288 0.22076 4 1 0
433.418 0.324295 0.220749 4 1 0
433.518 0.324339 0.220758 4 1 0
433.618 0.324346 0.220747 4 1 0
433.718 0.324352 0.220736 4 1 0
433.818 0.324401 0.220744 4 1 0
433.918 0.324408 0.220734 4 1 0
434.018 0.324414 0.220724 4 1 0
434.118 0.324418 0.220628 4 1 0
434.218 0.324425 0.220618 4 1 0
434.318 0.324432 0.220607 4 1 0
434.418 0.324346 0.220589 4 1 0
434.518 0.324353 0.220578 4 1 0
434.618 0.32436 0.220567 4 1 0
434.718 0.324376 0.220608 4 1 0
434.818 0.324383 0.220597 4 1 0
434.918 0.32439 0.220586 4 1 0
435.018 0.324435 0.220593 4 1 0
435.118 0.324442 0.220583 4 1 0
435.218 0.324449 0.220572 4 1 0
435.318 0.32448 0.220567 4 1 0
435.418 0.324487 0.220556 4 1 0
435.518 0.324494 0.220546 4 1 0
435.618 0.324508 0.220467 4 1 0
435.718 0.324515 0.220456 4 1 0
435.818 0.324522 0.220446 4 1 0
435.918 0.324485 0.220442 4 1 0
436.018 0.324492 0.220431 4 1 0
436.118 0.324498 0.22042 4 1 0
436.218 0.324499 0.22045 4 1 0
436.318 0.324506 0.220439 4 1 0
436.318 0.324506 0.220439 4 1 0
436.328 0.324506 0.220438 4 1 0
436.348 0.324508 0.220436 4 1 0
436.388 0.324546 0.220454 4 1 0
436.468 0.324552 0.220446 4 1 0
436.568 0.324559 0.220435 4 1 0
436.668 0.324595 0.220393 4 1 0
436.768 0.324602 0.220383 4 1 0
436.868 0.324608 0.220372 4 1 0
436.968 0.324594 0.220313 4 1 0
437.068 0.324601 0.220303 4 1 0
437.168 0.324608 0.220292 4 1 0
437.268 0.324555 0.220292 4 1 0
437.368 0.324562 0.220281 4 1 0
437.468 0.324569 0.22027 4 1 0
437.568 0.324592 0.220306 4 1 0
437.668 0.324599 0.220295 4 1 0
437.768 0.324606 0.220284 4 1 0
437.868 0.32465 0.220299 4 1 0
437.968 0.324657 0.220289 4 1 0
438.068 0.324664 0.220278 4 1 0
438.168 0.32469 0.220221 4 1 0
438.268 0.324697 0.220211 4 1 0
438.368 0.324704 0.2202 4 1 0
438.468 0.324688 0.220156 4 1 0
438.568 0.324695 0.220146 4 1 0
438.668 0.324702 0.220135 4 1 0
438.768 0.324667 0.220143 4 1 0
438.868 0.324674 0.220133 4 1 0
438.968 0.324681 0.220122 4 1 0
439.068 0.324711 0.220161 4 1 0
439.168 0.324718 0.22015 4 1 0
439.268 0.324725 0.22014 4 1 0
439.368 0.324771 0.220148 4 1 0
439.468 0.324777 0.220137 4 1 0
439.568 0.324784 0.220127 4 1 0
439.668 0.324794 0.220026 4 1 0
439.768 0.324801 0.220016 4 1 0
439.868 0.324808 0.220005 4 1 0
439.968 0.324762 0.219998 4 1 0
440.068 0.324769 0.219988 4 1 0
440.168 0.324776 0.219977 4 1 0
440.268 0.324773 0.219997 4 1 0
440.368 0.32478 0.219986 4 1 0
440.468 0.324787 0.219975 4 1 0
440.568 0.324838 0.220002 4 1 0
440.668 0.324844 0.219991 4 1 0
440.768 0.324851 0.21998 4 1 0
440.868 0.32489 0.219918 4 1 0
440.968 0.324897 0.219907 4 1 0
441.068 0.324903 0.219897 4 1 0
441.168 0.324889 0.219868 4 1 0
441.268 0.324896 0.219858 4 1 0
441.368 0.324903 0.219847 4 1 0
441.468 0.324862 0.219856 4 1 0
441.568 0.324869 0.219846 4 1 0
441.668 0.324876 0.219835 4 1 0
441.768 0.324904 0.219874 4 1 0
441.868 0.324911 0.219863 4 1 0
441.968 0.324918 0.219853 4 1 0
442.068 0.324966 0.219874 4 1 0
442.168 0.324972 0.219863 4 1 0
442.268 0.324979 0.219852 4 1 0
442.368 0.324993 0.219762 4 1 0
442.468 0.325 0.219751 4 1 0
442.568 0.325006 0.21974 4 1 0
442.668 0.324949 0.219709 4 1 0
442.768 0.324956 0.219699 4 1 0
442.868 0.324963 0.219688 4 1 0
442.968 0.324967 0.219709 4 1 0
443.068 0.324974 0.219698 4 1 0
443.168 0.324981 0.219687 4 1 0
443.268 0.325028 0.219719 4 1 0
443.368 0.325034 0.219708 4 1 0
443.468 0.325041 0.219698 4 1 0
443.568 0.325069 0.219621 4 1 0
443.668 0.325076 0.21961 4 1 0
443.768 0.325083 0.219599 4 1 0
443.868 0.325061 0.219584 4 1 0
443.968 0.325068 0.219574 4 1 0
444.068 0.325074 0.219563 4 1 0
444.168 0.32505 0.219571 4 1 0
444.268 0.325057 0.219561 4 1 0
444.368 0.325063 0.21955 4 1 0
444.468 0.32509 0.219576 4 1 0
444.568 0.325097 0.219566 4 1 0
444.668 0.325103 0.219555 4 1 0
444.768 0.325136 0.219562 4 1 0
444.868 0.325143 0.219552 4 1 0
444.968 0.32515 0.219541 4 1 0
445.068 0.325158 0.219458 4 1 0
445.168 0.325165 0.219447 4 1 0
445.268 0.325171 0.219437 4 1 0
445.368 0.325145 0.219433 4 1 0
445.468 0.325152 0.219423 4 1 0
445.568 0.325159 0.219412 4 1 0
445.668 0.325161 0.219426 4 1 0
445.768 0.325168 0.219416 4 1 0
445.868 0.325175 0.219405 4 1 0
445.968 0.325203 0.219427 4 1 0
446.068 0.32521 0.219416 4 1 0
446.168 0.325217 0.219406 4 1 0
446.268 0.325238 0.219363 4 1 0
446.368 0.325244 0.219353 4 1 0
446.468 0.325251 0.219342 4 1 0
446.568 0.325246 0.219309 4 1 0
446.668 0.325253 0.219298 4 1 0
446.768 0.325259 0.219288 4 1 0
446.868 0.325249 0.219291 4 1 0
446.968 0.325256 0.21928 4 1 0
447.068 0.325263 0.21927 4 1 0
447.168 0.325278 0.219282 4 1 0
447.268 0.325285 0.219272 4 1 0
447.368 0.325292 0.219261 4 1 0
447.468 0.325314 0.21926 4 1 0
447.568 0.32532 0.219249 4 1 0
447.668 0.325327 0.219239 4 1 0
447.768 0.325335 0.219192 4 1 0
447.868 0.325342 0.219181 4 1 0
447.968 0.325349 0.219171 4 1 0
448.068 0.325342 0.219163 4 1 0
448.168 0.325349 0.219153 4 1 0
448.268 0.325356 0.219142 4 1 0
448.368 0.32536 0.219148 4 1 0
448.468 0.325366 0.219137 4 1 0
448.568 0.325373 0.219127 4 1 0
448.668 0.32539 0.21913 4 1 0
448.768 0.325397 0.219119 4 1 0
448.868 0.325404 0.219109 4 1 0
448.968 0.325417 0.219079 4 1 0
449.068 0.325423 0.219069 4 1 0
449.168 0.32543 0.219058 4 1 0
449.268 0.32543 0.21904 4 1 0
449.368 0.325437 0.21903 4 1 0
449.468 0.325444 0.219019 4 1 0
449.568 0.325445 0.219018 4 1 0
449.668 0.325452 0.219008 4 1 0
449.768 0.325459 0.218997 4 1 0
449.868 0.325471 0.218998 4 1 0
449.968 0.325477 0.218987 4 1 0
450.068 0.325484 0.218977 4 1 0
450.168 0.325496 0.218964 4 1 0
450.268 0.325503 0.218953 4 1 0
450.368 0.32551 0.218943 4 1 0
450.468 0.325515 0.218919 4 1 0
450.568 0.325522 0.218909 4 1 0
450.668 0.325529 0.218898 4 1 0
450.768 0.325531 0.218891 4 1 0
450.868 0.325538 0.218881 4 1 0
450.968 0.325545 0.21887 4 1 0
451.068 0.325552 0.218867 4 1 0
451.168 0.325559 0.218857 4 1 0
451.268 0.325566 0.218846 4 1 0
451.368 0.325576 0.218839 4 1 0
451.468 0.325583 0.218829 4 1 0
451.568 0.32559 0.218819 4 1 0
451.668 0.325598 0.218799 4 1 0
451.768 0.325604 0.218789 4 1 0
451.868 0.325611 0.218778 4 1 0
451.968 0.325615 0.218768 4 1 0
452.068 0.325622 0.218757 4 1 0
452.168 0.325629 0.218747 4 1 0
452.268 0.325635 0.21874 4 1 0
452.368 0.325642 0.21873 4 1 0
452.468 0.325648 0.21872 4 1 0
452.568 0.325657 0.218712 4 1 0
452.668 0.325664 0.218702 4 1 0
452.768 0.32567 0.218691 4 1 0
452.868 0.325678 0.218677 4 1 0
452.968 0.325685 0.218667 4 1 0
453.068 0.325692 0.218656 4 1 0
453.168 0.325698 0.218644 4 1 0
453.268 0.325704 0.218634 4 1 0
453.368 0.325711 0.218623 4 1 0
453.468 0.325717 0.218615 4 1 0
453.568 0.325724 0.218604 4 1 0
453.668 0.325731 0.218594 4 1 0
453.768 0.325738 0.218585 4 1 0
453.868 0.325745 0.218575 4 1 0
453.968 0.325752 0.218564 4 1 0
454.068 0.325759 0.218554 4 1 0
454.168 0.325766 0.218544 4 1 0
454.268 0.325773 0.218533 4 1 0
454.368 0.325779 0.218521 4 1 0
454.468 0.325786 0.21851 4 1 0
454.568 0.325793 0.2185 4 1 0
454.668 0.325799 0.21849 4 1 0
454.768 0.325806 0.218479 4 1 0
454.868 0.325813 0.218469 4 1 0
454.968 0.325819 0.21846 4 1 0
455.068 0.325826 0.218449 4 1 0
455.168 0.325833 0.218439 4 1 0
455.268 0.32584 0.218429 4 1 0
455.368 0.325847 0.218418 4 1 0
455.468 0.325853 0.218408 4 1 0
455.568 0.32586 0.218397 4 1 0
455.668 0.325867 0.218386 4 1 0
455.895 0.325882 0.218363 4 1 0
455.995 0.325889 0.218352 4 1 0
456.095 0.325895 0.218342 4 1 0
456.095 0.325895 0.218342 4 1 0
456.105 0.325896 0.218341 4 1 0
456.125 0.325897 0.218339 4 1 0
456.165 0.3259 0.218335 4 1 0
456.245 0.325905 0.218327 4 1 0
456.345 0.325912 0.218316 4 1 0
456.445 0.325919 0.218306 4 1 0
456.545 0.325926 0.218296 4 1 0
456.645 0.325932 0.218286 4 1 0
456.745 0.325939 0.218274 4 1 0
456.845 0.325946 0.218264 4 1 0
456.945 0.325953 0.218254 4 1 0
457.045 0.325959 0.218243 4 1 0
457.145 0.325966 0.218233 4 1 0
457.245 0.325973 0.218222 4 1 0
457.345 0.325979 0.218212 4 1 0
457.445 0.325986 0.218202 4 1 0
457.545 0.325993 0.218192 4 1 0
457.645 0.325999 0.218182 4 1 0
457.745 0.326006 0.218171 4 1 0
457.845 0.326013 0.218161 4 1 0
457.945 0.32602 0.21815 4 1 0
458.045 0.326026 0.21814 4 1 0
458.145 0.326033 0.21813 4 1 0
458.245 0.32604 0.218119 4 1 0
458.345 0.326046 0.218109 4 1 0
458.445 0.326053 0.218099 4 1 0
458.545 0.32606 0.218088 4 1 0
458.645 0.326066 0.218078 4 1 0
458.745 0.326073 0.218068 4 1 0
458.845 0.32608 0.218057 4 1 0
458.945 0.326086 0.218047 4 1 0
459.045 0.326093 0.218037 4 1 0
459.145 0.3261 0.218026 4 1 0
459.245 0.326107 0.218016 4 1 0
459.345 0.326113 0.218006 4 1 0
459.445 0.32612 0.217995 4 1 0
459.545 0.326127 0.217985 4 1 0
459.645 0.326133 0.217975 4 1 0
459.745 0.32614 0.217964 4 1 0
459.845 0.326147 0.217954 4 1 0
459.945 0.326153 0.217944 4 1 0
460.045 0.32616 0.217933 4 1 0
460.145 0.326167 0.217923 4 1 0
460.245 0.326173 0.217913 4 1 0
460.345 0.32618 0.217902 4 1 0
460.445 0.326187 0.217892 4 1 0
460.545 0.326193 0.217882 4 1 0
460.645 0.3262 0.217871 4 1 0
460.745 0.326207 0.217861 4 1 0
460.845 0.326213 0.217851 4 1 0
460.945 0.32622 0.21784 4 1 0
461.045 0.326227 0.21783 4 1 0
461.145 0.326233 0.21782 4 1 0
461.245 0.32624 0.21781 4 1 0
461.345 0.326247 0.217799 4 1 0
461.445 0.326253 0.217789 4 1 0
461.545 0.32626 0.217779 4 1 0
461.645 0.326266 0.217768 4 1 0
461.745 0.326273 0.217758 4 1 0
461.845 0.32628 0.217748 4 1 0
461.945 0.326286 0.217738 4 1 0
462.045 0.326293 0.217727 4 1 0
462.145 0.3263 0.217717 4 1 0
462.245 0.326306 0.217707 4 1 0
462.345 0.326313 0.217697 4 1 0
462.445 0.32632 0.217686 4 1 0
462.545 0.326326 0.217676 4 1 0
462.645 0.326333 0.217666 4 1 0
462.745 0.32634 0.217655 4 1 0
462.845 0.326346 0.217645 4 1 0
462.945 0.326353 0.217635 4 1 0
463.045 0.326359 0.217625 4 1 0
463.145 0.326366 0.217614 4 1 0
463.245 0.326373 0.217604 4 1 0
463.345 0.326379 0.217594 4 1 0
463.445 0.326386 0.217584 4 1 0
463.545 0.326392 0.217573 4 1 0
463.645 0.326399 0.217563 4 1 0
463.745 0.326406 0.217553 4 1 0
463.845 0.326412 0.217543 4 1 0
463.945 0.326419 0.217532 4 1 0
464.045 0.326426 0.217522 4 1 0
464.145 0.326432 0.217512 4 1 0
464.245 0.326439 0.217502 4 1 0
464.345 0.326445 0.217491 4 1 0
464.445 0.326452 0.217481 4 1 0
464.545 0.326459 0.217471 4 1 0
464.645 0.326465 0.217461 4 1 0
464.745 0.326472 0.217451 4 1 0
464.845 0.326478 0.21744 4 1 0
464.945 0.326485 0.21743 4 1 0
465.045 0.326492 0.21742 4 1 0
465.145 0.326498 0.21741 4 1 0
465.245 0.326505 0.217399 4 1 0
465.345 0.326511 0.217389 4 1 0
465.445 0.326518 0.217379 4 1 0
465.545 0.326525 0.217369 4 1 0
465.645 0.326531 0.217359 4 1 0
465.745 0.326538 0.217348 4 1 0
465.845 0.326544 0.217338 4 1 0
465.945 0.326551 0.217328 4 1 0
466.045 0.326558 0.217318 4 1 0
466.145 0.326564 0.217307 4 1 0
466.245 0.326571 0.217297 4 1 0
466.345 0.326577 0.217287 4 1 0
466.445 0.326584 0.217277 4 1 0
466.545 0.32659 0.217267 4 1 0
466.645 0.326597 0.217256 4 1 0
466.745 0.326604 0.217246 4 1 0
466.845 0.32661 0.217236 4 1 0
466.945 0.326617 0.217226 4 1 0
467.045 0.326623 0.217216 4 1 0
467.145 0.32663 0.217205 4 1 0
467.245 0.326636 0.217195 4 1 0
467.345 0.326643 0.217185 4 1 0
467.445 0.32665 0.217175 4 1 0
467.545 0.326656 0.217165 4 1 0
467.645 0.326663 0.217154 4 1 0
467.745 0.326669 0.217144 4 1 0
467.845 0.326676 0.217134 4 1 0
467.945 0.326682 0.217124 4 1 0
468.045 0.326689 0.217114 4 1 0
468.145 0.326696 0.217103 4 1 0
468.245 0.326702 0.217093 4 1 0
468.345 0.326709 0.217083 4 1 0
468.445 0.326715 0.217073 4 1 0
468.545 0.326722 0.217063 4 1 0
468.645 0.326728 0.217053 4 1 0
468.745 0.326735 0.217042 4 1 0
468.845 0.326741 0.217032 4 1 0
468.945 0.326748 0.217022 4 1 0
469.045 0.326754 0.217012 4 1 0
469.145 0.326761 0.217001 4 1 0
469.245 0.326767 0.216991 4 1 0
469.345 0.326774 0.216981 4 1 0
469.445 0.326781 0.216971 4 1 0
469.545 0.326787 0.216961 4 1 0
469.645 0.326794 0.21695 4 1 0
469.745 0.3268 0.21694 4 1 0
469.845 0.326807 0.21693 4 1 0
469.945 0.326813 0.216919 4 1 0
470.045 0.32682 0.216909 4 1 0
470.145 0.326826 0.216899 4 1 0
470.245 0.326833 0.216888 4 1 0
470.345 0.326839 0.216878 4 1 0
470.445 0.326846 0.216868 4 1 0
470.545 0.326852 0.216857 4 1 0
470.645 0.326859 0.216847 4 1 0
470.745 0.326865 0.216837 4 1 0
470.845 0.326872 0.216825 4 1 0
470.945 0.326878 0.216815 4 1 0
471.045 0.326885 0.216805 4 1 0
471.145 0.326891 0.216795 4 1 0
471.245 0.326898 0.216785 4 1 0
471.345 0.326904 0.216775 4 1 0
471.445 0.326911 0.216767 4 1 0
471.545 0.326917 0.216757 4 1 0
471.645 0.326924 0.216747 4 1 0
471.745 0.32693 0.216737 4 1 0
471.845 0.326937 0.216727 4 1 0
471.945 0.326943 0.216717 4 1 0
472.045 0.32695 0.216706 4 1 0
472.145 0.326956 0.216696 4 1 0
472.245 0.326963 0.216686 4 1 0
472.345 0.326969 0.216676 4 1 0
472.445 0.326976 0.216666 4 1 0
472.545 0.326982 0.216657 4 1 0
472.645 0.326988 0.216647 4 1 0
472.745 0.326995 0.216637 4 1 0
472.845 0.327001 0.216627 4 1 0
472.945 0.327008 0.216618 4 1 0
473.045 0.327014 0.216608 4 1 0
473.145 0.327021 0.216598 4 1 0
473.245 0.327027 0.216588 4 1 0
473.345 0.327034 0.216578 4 1 0
473.445 0.32704 0.216568 4 1 0
473.545 0.327047 0.216558 4 1 0
473.645 0.327053 0.216548 4 1 0
473.745 0.327059 0.216538 4 1 0
473.845 0.327066 0.216528 4 1 0
473.945 0.327072 0.216518 4 1 0
474.045 0.327079 0.216508 4 1 0
474.145 0.327085 0.216499 4 1 0
474.245 0.327092 0.216489 4 1 0
474.345 0.327098 0.216479 4 1 0
474.445 0.327105 0.21647 4 1 0
474.545 0.327111 0.21646 4 1 0
474.645 0.327118 0.21645 4 1 0
474.745 0.327124 0.216439 4 1 0
474.845 0.32713 0.21643 4 1 0
474.945 0.327137 0.21642 4 1 0
475.045 0.327143 0.21641 4 1 0
475.145 0.32715 0.2164 4 1 0
475.245 0.327156 0.21639 4 1 0
475.345 0.327163 0.216381 4 1 0
475.445 0.327169 0.216371 4 1 0
475.545 0.327176 0.216361 4 1 0
475.645 0.327182 0.216352 4 1 0
475.745 0.327188 0.216342 4 1 0
475.745 0.327188 0.216342 4 1 0
475.755 0.327189 0.216341 4 1 0
475.775 0.32719 0.216339 4 1 0
475.815 0.327193 0.216335 4 1 0
475.895 0.327198 0.216327 4 1 0
475.995 0.327204 0.216317 4 1 0
476.095 0.327211 0.216307 4 1 0
476.195 0.327217 0.216297 4 1 0
476.295 0.327223 0.216287 4 1 0
476.395 0.32723 0.216278 4 1 0
476.495 0.327236 0.216268 4 1 0
476.595 0.327243 0.216258 4 1 0
476.695 0.327249 0.216248 4 1 0
476.795 0.327256 0.216238 4 1 0
476.895 0.327262 0.216229 4 1 0
476.995 0.327268 0.216219 4 1 0
477.095 0.327275 0.216209 4 1 0
477.195 0.327281 0.216199 4 1 0
477.295 0.327287 0.21619 4 1 0
477.395 0.327294 0.21618 4 1 0
477.495 0.3273 0.21617 4 1 0
477.595 0.327307 0.21616 4 1 0
477.695 0.327313 0.21615 4 1 0
477.795 0.327319 0.21614 4 1 0
477.895 0.327326 0.216131 4 1 0
477.995 0.327332 0.216121 4 1 0
478.095 0.327339 0.216111 4 1 0
478.195 0.327345 0.216101 4 1 0
478.295 0.327351 0.216092 4 1 0
478.395 0.327358 0.216082 4 1 0
478.495 0.327364 0.216072 4 1 0
478.595 0.32737 0.216062 4 1 0
478.695 0.327377 0.216052 4 1 0
478.795 0.327383 0.216043 4 1 0
478.895 0.32739 0.216033 4 1 0
478.995 0.327396 0.216023 4 1 0
479.095 0.327402 0.216014 4 1 0
479.195 0.327409 0.216004 4 1 0
479.295 0.327415 0.215994 4 1 0
479.395 0.327421 0.215984 4 1 0
479.495 0.327428 0.215974 4 1 0
479.595 0.327434 0.215965 4 1 0
479.695 0.32744 0.215955 4 1 0
479.795 0.327447 0.215945 4 1 0
479.895 0.327453 0.215935 4 1 0
479.995 0.327459 0.215926 4 1 0
480.095 0.327466 0.215916 4 1 0
480.195 0.327472 0.215906 4 1 0
480.295 0.327478 0.215897 4 1 0
480.395 0.327485 0.215887 4 1 0
480.495 0.327491 0.215877 4 1 0
480.595 0.327497 0.215867 4 1 0
480.695 0.327504 0.215858 4 1 0
480.795 0.32751 0.215848 4 1 0
480.895 0.327516 0.215838 4 1 0
480.995 0.327523 0.215828 4 1 0
481.095 0.327529 0.215819 4 1 0
481.195 0.327535 0.215809 4 1 0
481.295 0.327542 0.215799 4 1 0
481.395 0.327548 0.215789 4 1 0
481.495 0.327554 0.21578 4 1 0
481.595 0.327561 0.21577 4 1 0
481.695 0.327567 0.21576 4 1 0
481.795 0.327573 0.215751 4 1 0
481.895 0.32758 0.215741 4 1 0
481.995 0.327586 0.215731 4 1 0
482.095 0.327592 0.215722 4 1 0
482.195 0.327599 0.215712 4 1 0
482.295 0.327605 0.215702 4 1 0
482.395 0.327611 0.215692 4 1 0
482.495 0.327618 0.215683 4 1 0
482.595 0.327624 0.215673 4 1 0
482.695 0.32763 0.215663 4 1 0
482.795 0.327636 0.215654 4 1 0
482.895 0.327643 0.215644 4 1 0
482.995 0.327649 0.215634 4 1 0
483.095 0.327655 0.215625 4 1 0
483.195 0.327662 0.215615 4 1 0
483.295 0.327668 0.215605 4 1 0
483.395 0.327674 0.215596 4 1 0
483.495 0.327681 0.215586 4 1 0
483.595 0.327687 0.215576 4 1 0
483.695 0.327693 0.215567 4 1 0
483.795 0.327699 0.215557 4 1 0
483.895 0.327706 0.215547 4 1 0
483.995 0.327712 0.215538 4 1 0
484.095 0.327718 0.215528 4 1 0
484.195 0.327724 0.215518 4 1 0
484.295 0.327731 0.215509 4 1 0
484.395 0.327737 0.215499 4 1 0
484.495 0.327743 0.215489 4 1 0
484.595 0.32775 0.21548 4 1 0
484.695 0.327756 0.21547 4 1 0
484.795 0.327762 0.21546 4 1 0
484.895 0.327768 0.215451 4 1 0
484.995 0.327775 0.215441 4 1 0
485.095 0.327781 0.215431 4 1 0
485.195 0.327787 0.215422 4 1 0
485.295 0.327793 0.215412 4 1 0
485.395 0.3278 0.215402 4 1 0
485.495 0.327806 0.215393 4 1 0
485.595 0.327812 0.215383 4 1 0
485.695 0.327818 0.215374 4 1 0
485.795 0.327825 0.215364 4 1 0
485.895 0.327831 0.215354 4 1 0
485.995 0.327837 0.215345 4 1 0
486.095 0.327843 0.215335 4 1 0
486.195 0.327849 0.215325 4 1 0
486.295 0.327856 0.215316 4 1 0
486.395 0.327862 0.215306 4 1 0
486.495 0.327868 0.215297 4 1 0
486.595 0.327874 0.215287 4 1 0
486.695 0.327881 0.215277 4 1 0
486.795 0.327887 0.215268 4 1 0
486.895 0.327893 0.215258 4 1 0
486.995 0.327899 0.215249 4 1 0
487.095 0.327905 0.215239 4 1 0
487.195 0.327911 0.215229 4 1 0
487.295 0.327918 0.21522 4 1 0
487.395 0.327924 0.21521 4 1 0
487.495 0.32793 0.215201 4 1 0
487.595 0.327936 0.215191 4 1 0
487.695 0.327942 0.215181 4 1 0
487.795 0.327948 0.215172 4 1 0
487.895 0.327955 0.215162 4 1 0
487.995 0.327961 0.215153 4 1 0
488.095 0.327966 0.215143 4 1 0
488.195 0.327973 0.215133 4 1 0
488.295 0.327979 0.215124 4 1 0
488.395 0.327983 0.215115 4 1 0
488.495 0.327989 0.215106 4 1 0
488.595 0.327995 0.215096 4 1 0
488.695 0.328009 0.215086 4 1 0
488.795 0.328015 0.215076 4 1 0
488.895 0.328021 0.215067 4 1 0
488.995 0.328023 0.215057 4 1 0
489.095 0.32803 0.215048 4 1 0
489.195 0.328036 0.215038 4 1 0
489.295 0.328042 0.215029 4 1 0
489.395 0.328048 0.215019 4 1 0
489.495 0.328054 0.21501 4 1 0
489.595 0.328064 0.215 4 1 0
489.695 0.32807 0.214991 4 1 0
489.795 0.328076 0.214981 4 1 0
489.895 0.328077 0.214973 4 1 0
489.995 0.328083 0.214963 4 1 0
490.095 0.328089 0.214954 4 1 0
490.195 0.328102 0.214943 4 1 0
490.295 0.328108 0.214934 4 1 0
490.395 0.328114 0.214924 4 1 0
490.495 0.328113 0.214917 4 1 0
490.595 0.328119 0.214908 4 1 0
490.695 0.328126 0.214899 4 1 0
490.795 0.328141 0.214886 4 1 0
490.895 0.328148 0.214877 4 1 0
490.995 0.328154 0.214867 4 1 0
491.095 0.32815 0.214862 4 1 0
491.195 0.328156 0.214853 4 1 0
491.295 0.328162 0.214843 4 1 0
491.395 0.32818 0.21483 4 1 0
491.495 0.328186 0.21482 4 1 0
491.595 0.328192 0.214811 4 1 0
491.695 0.328189 0.214804 4 1 0
491.795 0.328196 0.214794 4 1 0
491.895 0.328202 0.214785 4 1 0
491.995 0.328215 0.214773 4 1 0
492.095 0.328222 0.214763 4 1 0
492.195 0.328228 0.214754 4 1 0
492.295 0.328228 0.214745 4 1 0
492.395 0.328234 0.214736 4 1 0
492.495 0.32824 0.214726 4 1 0
492.595 0.328249 0.214716 4 1 0
492.695 0.328256 0.214707 4 1 0
492.795 0.328262 0.214697 4 1 0
492.895 0.328264 0.214688 4 1 0
492.995 0.328271 0.214679 4 1 0
493.095 0.328277 0.214669 4 1 0
493.195 0.328284 0.214659 4 1 0
493.295 0.32829 0.21465 4 1 0
493.395 0.328296 0.214641 4 1 0
493.495 0.328301 0.214631 4 1 0
493.595 0.328307 0.214622 4 1 0
493.695 0.328313 0.214612 4 1 0
493.795 0.328319 0.214603 4 1 0
493.895 0.328325 0.214594 4 1 0
493.995 0.328331 0.214584 4 1 0
494.095 0.328337 0.214575 4 1 0
494.195 0.328343 0.214565 4 1 0
494.295 0.328349 0.214556 4 1 0
494.395 0.328354 0.214547 4 1 0
494.495 0.32836 0.214537 4 1 0
494.595 0.328366 0.214528 4 1 0
494.695 0.328374 0.214518 4 1 0
494.795 0.32838 0.214509 4 1 0
494.895 0.328386 0.2145 4 1 0
494.995 0.328391 0.21449 4 1 0
495.095 0.328397 0.214481 4 1 0
495.195 0.328403 0.214472 4 1 0
495.295 0.32841 0.214462 4 1 0
495.395 0.328417 0.214453 4 1 0
495.395 0.328417 0.214453 4 1 0
495.405 0.328417 0.214452 4 1 0
495.425 0.328418 0.21445 4 1 0
495.465 0.32842 0.214446 4 1 0
495.545 0.328425 0.214439 4 1 0
495.645 0.328431 0.214429 4 1 0
495.745 0.328437 0.21442 4 1 0
495.845 0.328443 0.214411 4 1 0
495.945 0.328449 0.214401 4 1 0
496.045 0.328455 0.214392 4 1 0
496.145 0.328461 0.214383 4 1 0
496.245 0.328467 0.214373 4 1 0
496.345 0.328473 0.214364 4 1 0
496.445 0.328479 0.214355 4 1 0
496.545 0.328485 0.214345 4 1 0
496.645 0.328491 0.214336 4 1 0
496.745 0.328497 0.214327 4 1 0
496.845 0.328504 0.214317 4 1 0
496.945 0.328509 0.214308 4 1 0
497.045 0.328515 0.214299 4 1 0
497.145 0.328521 0.214289 4 1 0
497.245 0.328528 0.21428 4 1 0
497.345 0.328534 0.214271 4 1 0
497.445 0.32854 0.214261 4 1 0
497.545 0.328546 0.214252 4 1 0
497.645 0.328552 0.214243 4 1 0
497.745 0.328558 0.214233 4 1 0
497.845 0.328564 0.214224 4 1 0
497.945 0.32857 0.214215 4 1 0
498.045 0.328576 0.214206 4 1 0
498.145 0.328582 0.214196 4 1 0
498.245 0.328588 0.214187 4 1 0
498.345 0.328594 0.214178 4 1 0
498.445 0.3286 0.214168 4 1 0
498.545 0.328606 0.214159 4 1 0
498.645 0.328612 0.21415 4 1 0
498.745 0.328618 0.21414 4 1 0
498.845 0.328624 0.214131 4 1 0
498.945 0.32863 0.214122 4 1 0
499.045 0.328636 0.214113 4 1 0
499.145 0.328642 0.214103 4 1 0
499.245 0.328648 0.214094 4 1 0
499.345 0.328654 0.214085 4 1 0
499.445 0.32866 0.214076 4 1 0
499.545 0.328666 0.214066 4 1 0
499.645 0.328672 0.214057 4 1 0
499.745 0.328678 0.214048 4 1 0
499.845 0.328684 0.214039 4 1 0
499.945 0.32869 0.214029 4 1 0
500.045 0.328696 0.21402 4 1 0
500.145 0.328702 0.214011 4 1 0
500.245 0.328708 0.214002 4 1 0
500.345 0.328714 0.213992 4 1 0
500.445 0.32872 0.213983 4 1 0
500.545 0.328726 0.213974 4 1 0
500.645 0.328732 0.213965 4 1 0
500.745 0.328738 0.213955 4 1 0
500.845 0.328744 0.213946 4 1 0
500.945 0.32875 0.213937 4 1 0
501.045 0.328756 0.213928 4 1 0
501.145 0.328762 0.213919 4 1 0
501.245 0.328768 0.213909 4 1 0
501.345 0.328774 0.2139 4 1 0
501.445 0.32878 0.213891 4 1 0
501.545 0.328786 0.213882 4 1 0
501.645 0.328792 0.213872 4 1 0
501.745 0.328798 0.213863 4 1 0
501.845 0.328804 0.213854 4 1 0
501.945 0.32881 0.213845 4 1 0
502.045 0.328816 0.213836 4 1 0
502.145 0.328822 0.213826 4 1 0
502.245 0.328828 0.213817 4 1 0
502.345 0.328834 0.213808 4 1 0
502.445 0.32884 0.213799 4 1 0
502.545 0.328846 0.21379 4 1 0
502.645 0.328852 0.213781 4 1 0
502.745 0.328858 0.213771 4 1 0
502.845 0.328864 0.213762 4 1 0
502.945 0.32887 0.213753 4 1 0
503.045 0.328876 0.213744 4 1 0
503.145 0.328882 0.213735 4 1 0
503.245 0.328888 0.213726 4 1 0
503.345 0.328894 0.213716 4 1 0
503.445 0.3289 0.213707 4 1 0
503.545 0.328906 0.213698 4 1 0
503.645 0.328912 0.213689 4 1 0
503.745 0.328918 0.21368 4 1 0
503.845 0.328923 0.213671 4 1 0
503.945 0.328929 0.213661 4 1 0
504.045 0.328935 0.213652 4 1 0
504.145 0.328941 0.213643 4 1 0
504.245 0.328947 0.213634 4 1 0
504.345 0.328953 0.213625 4 1 0
504.445 0.328959 0.213616 4 1 0
504.545 0.328965 0.213607 4 1 0
504.645 0.328971 0.213598 4 1 0
504.745 0.328977 0.213588 4 1 0
504.845 0.328983 0.213579 4 1 0
504.945 0.328989 0.21357 4 1 0
505.045 0.328995 0.213561 4 1 0
505.145 0.329001 0.213552 4 1 0
505.245 0.329007 0.213543 4 1 0
505.345 0.329012 0.213534 4 1 0
505.445 0.329018 0.213525 4 1 0
505.545 0.329024 0.213515 4 1 0
505.645 0.32903 0.213506 4 1 0
505.745 0.329036 0.213497 4 1 0
505.845 0.329042 0.213488 4 1 0
505.945 0.329048 0.213479 4 1 0
506.045 0.329054 0.21347 4 1 0
506.145 0.32906 0.213461 4 1 0
506.245 0.329065 0.213452 4 1 0
506.345 0.329071 0.213443 4 1 0
506.445 0.329077 0.213434 4 1 0
506.545 0.329083 0.213425 4 1 0
506.645 0.329089 0.213416 4 1 0
506.745 0.329095 0.213406 4 1 0
506.845 0.329101 0.213397 4 1 0
506.945 0.329107 0.213388 4 1 0
507.045 0.329113 0.213379 4 1 0
507.145 0.329118 0.21337 4 1 0
507.245 0.329124 0.213361 4 1 0
507.345 0.32913 0.213352 4 1 0
507.445 0.329136 0.213343 4 1 0
507.545 0.329142 0.213334 4 1 0
507.645 0.329148 0.213325 4 1 0
507.745 0.329154 0.213316 4 1 0
507.845 0.32916 0.213307 4 1 0
507.945 0.329166 0.213298 4 1 0
508.045 0.329171 0.213289 4 1 0
508.145 0.329177 0.21328 4 1 0
508.245 0.329183 0.213271 4 1 0
508.345 0.329189 0.213262 4 1 0
508.445 0.329195 0.213253 4 1 0
508.545 0.329201 0.213244 4 1 0
508.645 0.329206 0.213235 4 1 0
508.745 0.329212 0.213226 4 1 0
508.845 0.329218 0.213217 4 1 0
508.945 0.329224 0.213208 4 1 0
509.045 0.32923 0.213199 4 1 0
509.145 0.329236 0.21319 4 1 0
509.245 0.329242 0.213181 4 1 0
509.345 0.329247 0.213172 4 1 0
509.445 0.329253 0.213163 4 1 0
509.545 0.329259 0.213154 4 1 0
509.645 0.329265 0.213145 4 1 0
509.745 0.329271 0.213136 4 1 0
509.845 0.329277 0.213127 4 1 0
509.945 0.329282 0.213118 4 1 0
510.045 0.329288 0.213109 4 1 0
510.145 0.329294 0.2131 4 1 0
510.245 0.3293 0.213091 4 1 0
510.345 0.329306 0.213082 4 1 0
510.445 0.329312 0.213073 4 1 0
510.545 0.329317 0.213064 4 1 0
510.645 0.329323 0.213055 4 1 0
510.745 0.329329 0.213046 4 1 0
510.845 0.329335 0.213037 4 1 0
510.945 0.329341 0.213028 4 1 0
511.045 0.329346 0.213019 4 1 0
511.145 0.329352 0.21301 4 1 0
511.245 0.329358 0.213001 4 1 0
511.345 0.329364 0.212992 4 1 0
511.445 0.32937 0.212983 4 1 0
511.545 0.329376 0.212974 4 1 0
511.645 0.329381 0.212965 4 1 0
511.745 0.329387 0.212956 4 1 0
511.845 0.329393 0.212947 4 1 0
511.945 0.329399 0.212938 4 1 0
512.045 0.329404 0.21293 4 1 0
512.145 0.32941 0.212921 4 1 0
512.245 0.329416 0.212912 4 1 0
512.345 0.329422 0.212903 4 1 0
512.445 0.329428 0.212894 4 1 0
512.545 0.329433 0.212885 4 1 0
512.645 0.329439 0.212876 4 1 0
512.745 0.329445 0.212867 4 1 0
512.845 0.329451 0.212858 4 1 0
512.945 0.329456 0.212849 4 1 0
513.045 0.329462 0.212841 4 1 0
513.145 0.329468 0.212832 4 1 0
513.245 0.329474 0.212823 4 1 0
513.345 0.32948 0.212814 4 1 0
513.445 0.329485 0.212805 4 1 0
513.545 0.329491 0.212796 4 1 0
513.645 0.329497 0.212787 4 1 0
513.745 0.329503 0.212778 4 1 0
513.845 0.329508 0.212769 4 1 0
513.945 0.329514 0.212761 4 1 0
514.045 0.32952 0.212752 4 1 0
514.145 0.329526 0.212743 4 1 0
514.245 0.329531 0.212734 4 1 0
514.345 0.329537 0.212725 4 1 0
514.445 0.329543 0.212716 4 1 0
514.545 0.329549 0.212707 4 1 0
514.645 0.329554 0.212699 4 1 0
514.745 0.32956 0.21269 4 1 0
514.845 0.329566 0.212681 4 1 0
514.945 0.329571 0.212672 4 1 0
515.045 0.329577 0.212663 4 1 0
515.045 0.329577 0.212663 4 1 0
515.055 0.329578 0.212662 4 1 0
515.075 0.329579 0.212661 4 1 0
515.115 0.329581 0.212657 4 1 0
515.195 0.329586 0.21265 4 1 0
515.295 0.329592 0.212641 4 1 0
515.395 0.329597 0.212632 4 1 0
515.495 0.329603 0.212623 4 1 0
515.595 0.329609 0.212615 4 1 0
515.695 0.329614 0.212606 4 1 0
515.795 0.32962 0.212597 4 1 0
515.895 0.329626 0.212588 4 1 0
515.995 0.329631 0.212579 4 1 0
516.095 0.329637 0.212571 4 1 0
516.195 0.329643 0.212562 4 1 0
516.295 0.329649 0.212553 4 1 0
516.395 0.329654 0.212544 4 1 0
516.495 0.32966 0.212535 4 1 0
516.595 0.329666 0.212527 4 1 0
516.695 0.329671 0.212518 4 1 0
516.795 0.329677 0.212509 4 1 0
516.895 0.329683 0.2125 4 1 0
516.995 0.329689 0.212491 4 1 0
517.095 0.329694 0.212483 4 1 0
517.195 0.3297 0.212474 4 1 0
517.295 0.329706 0.212465 4 1 0
517.395 0.329711 0.212456 4 1 0
517.495 0.329717 0.212448 4 1 0
517.595 0.329723 0.212439 4 1 0
517.695 0.329728 0.21243 4 1 0
517.795 0.329734 0.212421 4 1 0
517.895 0.32974 0.212412 4 1 0
517.995 0.329745 0.212404 4 1 0
518.095 0.329751 0.212395 4 1 0
518.195 0.329757 0.212386 4 1 0
518.295 0.329762 0.212378 4 1 0
518.395 0.329768 0.212369 4 1 0
518.495 0.329774 0.21236 4 1 0
518.595 0.329779 0.212351 4 1 0
518.695 0.329785 0.212343 4 1 0
518.795 0.329791 0.212334 4 1 0
518.895 0.329796 0.212325 4 1 0
518.995 0.329802 0.212316 4 1 0
519.095 0.329808 0.212308 4 1 0
519.195 0.329813 0.212299 4 1 0
519.295 0.329819 0.21229 4 1 0
519.395 0.329825 0.212282 4 1 0
519.495 0.32983 0.212273 4 1 0
519.595 0.329836 0.212264 4 1 0
519.695 0.329842 0.212255 4 1 0
519.795 0.329847 0.212247 4 1 0
519.895 0.329853 0.212238 4 1 0
519.995 0.329858 0.212229 4 1 0
520.095 0.329864 0.212221 4 1 0
520.195 0.32987 0.212212 4 1 0
520.295 0.329875 0.212203 4 1 0
520.395 0.329881 0.212195 4 1 0
520.495 0.329886 0.212186 4 1 0
520.595 0.329892 0.212177 4 1 0
520.695 0.329898 0.212169 4 1 0
520.795 0.329903 0.21216 4 1 0
520.895 0.329909 0.212151 4 1 0
520.995 0.329915 0.212143 4 1 0
521.095 0.32992 0.212134 4 1 0
521.195 0.329926 0.212125 4 1 0
521.295 0.329932 0.212117 4 1 0
521.395 0.329937 0.212108 4 1 0
521.495 0.329943 0.212099 4 1 0
521.595 0.329948 0.212091 4 1 0
521.695 0.329954 0.212082 4 1 0
521.795 0.329959 0.212073 4 1 0
521.895 0.329965 0.212065 4 1 0
521.995 0.329971 0.212056 4 1 0
522.095 0.329976 0.212048 4 1 0
522.195 0.329982 0.212039 4 1 0
522.295 0.329987 0.21203 4 1 0
522.395 0.329993 0.212022 4 1 0
522.495 0.329999 0.212013 4 1 0
522.595 0.330004 0.212004 4 1 0
522.695 0.33001 0.211996 4 1 0
522.795 0.330015 0.211987 4 1 0
522.895 0.330021 0.211979 4 1 0
522.995 0.330026 0.21197 4 1 0
523.095 0.330032 0.211961 4 1 0
523.195 0.330037 0.211953 4 1 0
523.295 0.330043 0.211944 4 1 0
523.395 0.330049 0.211936 4 1 0
523.495 0.330054 0.211927 4 1 0
523.595 0.33006 0.211918 4 1 0
523.695 0.330066 0.211909 4 1 0
523.795 0.330071 0.211901 4 1 0
523.895 0.330076 0.211892 4 1 0
523.995 0.330082 0.211883 4 1 0
524.095 0.330087 0.211874 4 1 0
524.195 0.330093 0.211865 4 1 0
524.295 0.330099 0.211856 4 1 0
524.395 0.330104 0.211847 4 1 0
524.495 0.33011 0.211839 4 1 0
524.595 0.330116 0.21183 4 1 0
524.695 0.330123 0.211821 4 1 0
524.795 0.330129 0.211812 4 1 0
524.895 0.330135 0.211803 4 1 0
524.995 0.330142 0.211794 4 1 0
525.095 0.330149 0.211786 4 1 0
525.195 0.330155 0.211777 4 1 0
525.295 0.330162 0.211768 4 1 0
525.395 0.330169 0.211759 4 1 0
525.495 0.330175 0.21175 4 1 0
525.595 0.330182 0.211741 4 1 0
525.695 0.330188 0.211733 4 1 0
525.795 0.330195 0.211724 4 1 0
525.895 0.330202 0.211715 4 1 0
525.995 0.330208 0.211706 4 1 0
526.095 0.330215 0.211697 4 1 0
526.195 0.330222 0.211689 4 1 0
526.295 0.330228 0.21168 4 1 0
526.395 0.330234 0.211671 4 1 0
526.495 0.330241 0.211662 4 1 0
526.595 0.330248 0.211653 4 1 0
526.695 0.330254 0.211645 4 1 0
526.795 0.330261 0.211636 4 1 0
526.895 0.330267 0.211627 4 1 0
526.995 0.330274 0.211618 4 1 0
527.095 0.330281 0.211609 4 1 0
527.195 0.330287 0.211601 4 1 0
527.295 0.330293 0.211592 4 1 0
527.395 0.3303 0.211583 4 1 0
527.495 0.330307 0.211574 4 1 0
527.595 0.330313 0.211566 4 1 0
527.695 0.33032 0.211557 4 1 0
527.795 0.330326 0.211548 4 1 0
527.895 0.330333 0.211539 4 1 0
527.995 0.33034 0.211531 4 1 0
528.095 0.330346 0.211522 4 1 0
528.195 0.330352 0.211513 4 1 0
528.295 0.330359 0.211504 4 1 0
528.395 0.330366 0.211496 4 1 0
528.495 0.330372 0.211487 4 1 0
528.595 0.330379 0.211478 4 1 0
528.695 0.330385 0.211469 4 1 0
528.795 0.330392 0.211461 4 1 0
528.895 0.330399 0.211452 4 1 0
528.995 0.330405 0.211443 4 1 0
529.095 0.330411 0.211434 4 1 0
529.195 0.330418 0.211426 4 1 0
529.295 0.330425 0.211417 4 1 0
529.395 0.330431 0.211408 4 1 0
529.495 0.330438 0.2114 4 1 0
529.595 0.330444 0.211391 4 1 0
529.695 0.330451 0.211382 4 1 0
529.795 0.330457 0.211373 4 1 0
529.895 0.330464 0.211365 4 1 0
529.995 0.33047 0.211356 4 1 0
530.095 0.330477 0.211347 4 1 0
530.195 0.330483 0.211339 4 1 0
530.295 0.33049 0.21133 4 1 0
530.395 0.330497 0.211321 4 1 0
530.495 0.330503 0.211313 4 1 0
530.595 0.330509 0.211304 4 1 0
530.695 0.330516 0.211295 4 1 0
530.795 0.330522 0.211287 4 1 0
530.895 0.330529 0.211278 4 1 0
530.995 0.330536 0.211269 4 1 0
531.095 0.330542 0.21126 4 1 0
531.195 0.330548 0.211252 4 1 0
531.295 0.330555 0.211243 4 1 0
531.395 0.330561 0.211235 4 1 0
531.495 0.330568 0.211226 4 1 0
531.595 0.330575 0.211217 4 1 0
531.695 0.330581 0.211209 4 1 0
531.795 0.330587 0.2112 4 1 0
531.895 0.330594 0.211191 4 1 0
531.995 0.3306 0.211183 4 1 0
532.095 0.330607 0.211174 4 1 0
532.195 0.330614 0.211165 4 1 0
532.295 0.33062 0.211157 4 1 0
532.395 0.330626 0.211148 4 1 0
532.495 0.330633 0.211139 4 1 0
532.595 0.330639 0.211131 4 1 0
532.695 0.330646 0.211122 4 1 0
532.795 0.330652 0.211113 4 1 0
532.895 0.330659 0.211105 4 1 0
532.995 0.330665 0.211096 4 1 0
533.095 0.330672 0.211088 4 1 0
533.195 0.330678 0.211079 4 1 0
533.295 0.330684 0.21107 4 1 0
533.395 0.330691 0.211062 4 1 0
533.495 0.330698 0.211053 4 1 0
533.595 0.330704 0.211045 4 1 0
533.695 0.330711 0.211036 4 1 0
533.795 0.330717 0.211027 4 1 0
533.895 0.330723 0.211019 4 1 0
533.995 0.33073 0.21101 4 1 0
534.095 0.330736 0.211002 4 1 0
534.195 0.330743 0.210993 4 1 0
534.295 0.330749 0.210984 4 1 0
534.395 0.330756 0.210976 4 1 0
534.495 0.330762 0.210967 4 1 0
534.595 0.330769 0.210959 4 1 0
534.695 0.330775 0.21095 4 1 0
534.695 0.330775 0.21095 4 1 0
534.705 0.330776 0.210949 4 1 0
534.725 0.330777 0.210948 4 1 0
534.765 0.33078 0.210944 4 1 0
534.845 0.330785 0.210937 4 1 0
534.945 0.330791 0.210929 4 1 0
535.045 0.330798 0.21092 4 1 0
535.145 0.330804 0.210912 4 1 0
535.245 0.33081 0.210903 4 1 0
535.345 0.330817 0.210895 4 1 0
535.445 0.330823 0.210886 4 1 0
535.545 0.33083 0.210877 4 1 0
535.645 0.330836 0.210869 4 1 0
535.745 0.330843 0.21086 4 1 0
535.845 0.330849 0.210852 4 1 0
535.945 0.330856 0.210843 4 1 0
536.045 0.330862 0.210835 4 1 0
536.145 0.330868 0.210826 4 1 0
536.245 0.330875 0.210818 4 1 0
536.345 0.330881 0.210809 4 1 0
536.445 0.330887 0.210801 4 1 0
536.545 0.330894 0.210792 4 1 0
536.645 0.330901 0.210784 4 1 0
536.745 0.330907 0.210775 4 1 0
536.845 0.330914 0.210767 4 1 0
536.945 0.33092 0.210758 4 1 0
537.045 0.330926 0.21075 4 1 0
537.145 0.330933 0.210741 4 1 0
537.245 0.330939 0.210733 4 1 0
537.345 0.330945 0.210724 4 1 0
537.445 0.330952 0.210716 4 1 0
537.545 0.330958 0.210707 4 1 0
537.645 0.330964 0.210699 4 1 0
537.745 0.330971 0.21069 4 1 0
537.845 0.330977 0.210682 4 1 0
537.945 0.330984 0.210673 4 1 0
538.045 0.33099 0.210665 4 1 0
538.145 0.330997 0.210656 4 1 0
538.245 0.331003 0.210648 4 1 0
538.345 0.33101 0.210639 4 1 0
538.445 0.331016 0.210631 4 1 0
538.545 0.331022 0.210623 4 1 0
538.645 0.331029 0.210614 4 1 0
538.745 0.331035 0.210606 4 1 0
538.845 0.331041 0.210597 4 1 0
538.945 0.331048 0.210589 4 1 0
539.045 0.331054 0.21058 4 1 0
539.145 0.33106 0.210572 4 1 0
539.245 0.331067 0.210563 4 1 0
539.345 0.331073 0.210555 4 1 0
539.445 0.331079 0.210547 4 1 0
539.545 0.331086 0.210538 4 1 0
539.645 0.331092 0.21053 4 1 0
539.745 0.331098 0.210521 4 1 0
539.845 0.331105 0.210513 4 1 0
539.945 0.331111 0.210504 4 1 0
540.045 0.331117 0.210496 4 1 0
540.145 0.331124 0.210488 4 1 0
540.245 0.33113 0.210479 4 1 0
540.345 0.331137 0.210471 4 1 0
540.445 0.331143 0.210462 4 1 0
540.545 0.33115 0.210454 4 1 0
540.645 0.331156 0.210446 4 1 0
540.745 0.331162 0.210437 4 1 0
540.845 0.331169 0.210429 4 1 0
540.945 0.331175 0.210421 4 1 0
541.045 0.331182 0.210412 4 1 0
541.145 0.331188 0.210404 4 1 0
541.245 0.331194 0.210396 4 1 0
541.345 0.331201 0.210387 4 1 0
541.445 0.331207 0.210379 4 1 0
541.545 0.331213 0.21037 4 1 0
541.645 0.33122 0.210362 4 1 0
541.745 0.331226 0.210354 4 1 0
541.845 0.331232 0.210345 4 1 0
541.945 0.331239 0.210337 4 1 0
542.045 0.331245 0.210329 4 1 0
542.145 0.331251 0.21032 4 1 0
542.245 0.331258 0.210312 4 1 0
542.345 0.331264 0.210304 4 1 0
542.445 0.33127 0.210295 4 1 0
542.545 0.331277 0.210287 4 1 0
542.645 0.331283 0.210279 4 1 0
542.745 0.331289 0.21027 4 1 0
542.845 0.331296 0.210262 4 1 0
542.945 0.331302 0.210254 4 1 0
543.045 0.331308 0.210246 4 1 0
543.145 0.331315 0.210237 4 1 0
543.245 0.331321 0.210229 4 1 0
543.345 0.331327 0.210221 4 1 0
543.445 0.331334 0.210212 4 1 0
543.545 0.33134 0.210204 4 1 0
543.645 0.331346 0.210196 4 1 0
543.745 0.331353 0.210188 4 1 0
543.845 0.331359 0.210179 4 1 0
543.945 0.331365 0.210171 4 1 0
544.045 0.331372 0.210163 4 1 0
544.145 0.331378 0.210155 4 1 0
544.245 0.331384 0.210146 4 1 0
544.345 0.331391 0.210138 4 1 0
544.445 0.331397 0.21013 4 1 0
544.545 0.331403 0.210122 4 1 0
544.645 0.33141 0.210114 4 1 0
544.745 0.331416 0.210105 4 1 0
544.845 0.331422 0.210097 4 1 0
544.945 0.331429 0.210089 4 1 0
545.045 0.331435 0.210081 4 1 0
545.145 0.331441 0.210073 4 1 0
545.245 0.331448 0.210065 4 1 0
545.345 0.331454 0.210056 4 1 0
545.445 0.33146 0.210048 4 1 0
545.545 0.331467 0.21004 4 1 0
545.645 0.331473 0.210032 4 1 0
545.745 0.331479 0.210024 4 1 0
545.845 0.331487 0.210016 4 1 0
545.945 0.331493 0.210008 4 1 0
546.045 0.331499 0.209999 4 1 0
546.145 0.331506 0.209992 4 1 0
546.245 0.331512 0.209984 4 1 0
546.345 0.331518 0.209975 4 1 0
546.445 0.331525 0.209968 4 1 0
546.545 0.331531 0.20996 4 1 0
546.645 0.331538 0.209952 4 1 0
546.745 0.331546 0.209945 4 1 0
546.845 0.331552 0.209936 4 1 0
546.945 0.331558 0.209928 4 1 0
547.045 0.331567 0.209923 4 1 0
547.145 0.331573 0.209915 4 1 0
547.245 0.331579 0.209907 4 1 0
547.345 0.331587 0.2099 4 1 0
547.445 0.331593 0.209892 4 1 0
547.545 0.331599 0.209883 4 1 0
547.645 0.331605 0.209876 4 1 0
547.745 0.331611 0.209867 4 1 0
547.845 0.331617 0.209859 4 1 0
547.945 0.331623 0.209851 4 1 0
548.045 0.331629 0.209843 4 1 0
548.145 0.331635 0.209835 4 1 0
548.245 0.331641 0.209826 4 1 0
548.345 0.331647 0.209818 4 1 0
548.445 0.331653 0.20981 4 1 0
548.545 0.331659 0.209802 4 1 0
548.645 0.331665 0.209794 4 1 0
548.745 0.331671 0.209786 4 1 0
548.845 0.331677 0.209777 4 1 0
548.945 0.331683 0.209769 4 1 0
549.045 0.331688 0.209761 4 1 0
549.145 0.331695 0.209753 4 1 0
549.245 0.331701 0.209745 4 1 0
549.345 0.331707 0.209737 4 1 0
549.445 0.331713 0.209728 4 1 0
549.545 0.331719 0.20972 4 1 0
549.645 0.331725 0.209712 4 1 0
549.745 0.331731 0.209704 4 1 0
549.845 0.331737 0.209696 4 1 0
549.945 0.331743 0.209688 4 1 0
550.045 0.331749 0.209681 4 1 0
550.145 0.331755 0.209672 4 1 0
550.245 0.331761 0.209664 4 1 0
550.345 0.331766 0.209655 4 1 0
550.445 0.331772 0.209647 4 1 0
550.545 0.331778 0.209639 4 1 0
550.645 0.331785 0.209631 4 1 0
550.745 0.331791 0.209623 4 1 0
550.845 0.331797 0.209615 4 1 0
550.945 0.331803 0.209607 4 1 0
551.045 0.331809 0.209599 4 1 0
551.145 0.331815 0.209591 4 1 0
551.245 0.33182 0.209582 4 1 0
551.345 0.331826 0.209574 4 1 0
551.445 0.331832 0.209566 4 1 0
551.545 0.331839 0.209559 4 1 0
551.645 0.331845 0.209551 4 1 0
551.745 0.331851 0.209543 4 1 0
551.845 0.331856 0.209534 4 1 0
551.945 0.331862 0.209526 4 1 0
552.045 0.331868 0.209517 4 1 0
552.145 0.331874 0.20951 4 1 0
552.245 0.33188 0.209502 4 1 0
552.345 0.331886 0.209494 4 1 0
552.445 0.331892 0.209486 4 1 0
552.545 0.331898 0.209478 4 1 0
552.645 0.331904 0.209469 4 1 0
552.745 0.33191 0.209461 4 1 0
552.845 0.331916 0.209453 4 1 0
552.945 0.331922 0.209445 4 1 0
553.045 0.331928 0.209438 4 1 0
553.145 0.331934 0.20943 4 1 0
553.245 0.33194 0.209422 4 1 0
553.345 0.331946 0.209413 4 1 0
553.445 0.331952 0.209405 4 1 0
553.545 0.331958 0.209397 4 1 0
553.645 0.331964 0.209389 4 1 0
553.745 0.33197 0.209381 4 1 0
553.845 0.331975 0.209373 4 1 0
553.945 0.331982 0.209365 4 1 0
554.045 0.331988 0.209357 4 1 0
554.145 0.331993 0.209349 4 1 0
554.245 0.331999 0.209341 4 1 0
554.345 0.332005 0.209332 4 1 0
554.345 0.332005 0.209332 4 1 0
554.355 0.332006 0.209332 4 1 0
554.375 0.332007 0.20933 4 1 0
554.415 0.33201 0.209327 4 1 0
554.495 0.332014 0.209321 4 1 0
554.595 0.33202 0.209313 4 1 0
554.695 0.332026 0.209304 4 1 0
554.795 0.332032 0.209296 4 1 0
554.895 0.332038 0.209288 4 1 0
554.995 0.332044 0.209281 4 1 0
555.095 0.33205 0.209273 4 1 0
555.195 0.332056 0.209265 4 1 0
555.295 0.332062 0.209257 4 1 0
555.395 0.332068 0.209249 4 1 0
555.495 0.332073 0.209241 4 1 0
555.595 0.332079 0.209233 4 1 0
555.695 0.332085 0.209225 4 1 0
555.795 0.332091 0.209216 4 1 0
555.895 0.332097 0.209209 4 1 0
555.995 0.332103 0.209201 4 1 0
556.095 0.332109 0.209193 4 1 0
556.195 0.332115 0.209185 4 1 0
556.295 0.332121 0.209177 4 1 0
556.395 0.332127 0.209169 4 1 0
556.495 0.332133 0.209161 4 1 0
556.595 0.332138 0.209153 4 1 0
556.695 0.332144 0.209145 4 1 0
556.795 0.33215 0.209137 4 1 0
556.895 0.332156 0.209129 4 1 0
556.995 0.332162 0.209121 4 1 0
557.095 0.332168 0.209113 4 1 0
557.195 0.332174 0.209105 4 1 0
557.295 0.33218 0.209097 4 1 0
557.395 0.332186 0.209089 4 1 0
557.495 0.332191 0.209081 4 1 0
557.595 0.332197 0.209073 4 1 0
557.695 0.332203 0.209065 4 1 0
557.795 0.332209 0.209057 4 1 0
557.895 0.332215 0.209049 4 1 0
557.995 0.332221 0.209042 4 1 0
558.095 0.332227 0.209034 4 1 0
558.195 0.332233 0.209026 4 1 0
558.295 0.332239 0.209018 4 1 0
558.395 0.332244 0.20901 4 1 0
558.495 0.33225 0.209002 4 1 0
558.595 0.332256 0.208994 4 1 0
558.695 0.332262 0.208986 4 1 0
558.795 0.332268 0.208978 4 1 0
558.895 0.332274 0.20897 4 1 0
558.995 0.33228 0.208962 4 1 0
559.095 0.332285 0.208954 4 1 0
559.195 0.332291 0.208947 4 1 0
559.295 0.332297 0.208939 4 1 0
559.395 0.332303 0.208931 4 1 0
559.495 0.332309 0.208923 4 1 0
559.595 0.332315 0.208915 4 1 0
559.695 0.332321 0.208907 4 1 0
559.795 0.332327 0.208899 4 1 0
559.895 0.332332 0.208891 4 1 0
559.995 0.332338 0.208883 4 1 0
560.095 0.332344 0.208876 4 1 0
560.195 0.33235 0.208868 4 1 0
560.295 0.332356 0.20886 4 1 0
560.395 0.332362 0.208852 4 1 0
560.495 0.332367 0.208844 4 1 0
560.595 0.332373 0.208836 4 1 0
560.695 0.332379 0.208828 4 1 0
560.795 0.332385 0.20882 4 1 0
560.895 0.332391 0.208812 4 1 0
560.995 0.332397 0.208805 4 1 0
561.095 0.332403 0.208797 4 1 0
561.195 0.332408 0.208789 4 1 0
561.295 0.332414 0.208781 4 1 0
561.395 0.33242 0.208773 4 1 0
561.495 0.332426 0.208765 4 1 0
561.595 0.332432 0.208758 4 1 0
561.695 0.332437 0.20875 4 1 0
561.795 0.332443 0.208742 4 1 0
561.895 0.332449 0.208734 4 1 0
561.995 0.332455 0.208726 4 1 0
562.095 0.332461 0.208718 4 1 0
562.195 0.332467 0.208711 4 1 0
562.295 0.332472 0.208703 4 1 0
562.395 0.332478 0.208695 4 1 0
562.495 0.332484 0.208687 4 1 0
562.595 0.33249 0.208679 4 1 0
562.695 0.332496 0.208671 4 1 0
562.795 0.332502 0.208664 4 1 0
562.895 0.332507 0.208656 4 1 0
562.995 0.332513 0.208648 4 1 0
563.095 0.332519 0.20864 4 1 0
563.195 0.332525 0.208632 4 1 0
563.295 0.33253 0.208624 4 1 0
563.395 0.332536 0.208617 4 1 0
563.495 0.332542 0.208609 4 1 0
563.595 0.332548 0.208601 4 1 0
563.695 0.332554 0.208593 4 1 0
563.795 0.332559 0.208586 4 1 0
563.895 0.332565 0.208578 4 1 0
563.995 0.332571 0.20857 4 1 0
564.095 0.332577 0.208562 4 1 0
564.195 0.332583 0.208554 4 1 0
564.295 0.332588 0.208547 4 1 0
564.395 0.332594 0.208539 4 1 0
564.495 0.3326 0.208531 4 1 0
564.595 0.332606 0.208523 4 1 0
564.695 0.332612 0.208516 4 1 0
564.795 0.332617 0.208508 4 1 0
564.895 0.332623 0.2085 4 1 0
564.995 0.332629 0.208492 4 1 0
565.095 0.332635 0.208484 4 1 0
565.195 0.33264 0.208477 4 1 0
565.295 0.332646 0.208469 4 1 0
565.395 0.332652 0.208461 4 1 0
565.495 0.332658 0.208454 4 1 0
565.595 0.332664 0.208446 4 1 0
565.695 0.332669 0.208438 4 1 0
565.795 0.332675 0.20843 4 1 0
565.895 0.332681 0.208423 4 1 0
565.995 0.332687 0.208415 4 1 0
566.095 0.332692 0.208407 4 1 0
566.195 0.332698 0.208399 4 1 0
566.295 0.332704 0.208391 4 1 0
566.395 0.33271 0.208384 4 1 0
566.495 0.332715 0.208376 4 1 0
566.595 0.332721 0.208368 4 1 0
566.695 0.332727 0.208361 4 1 0
566.795 0.332733 0.208353 4 1 0
566.895 0.332738 0.208345 4 1 0
566.995 0.332744 0.208338 4 1 0
567.095 0.33275 0.20833 4 1 0
567.195 0.332756 0.208322 4 1 0
567.295 0.332761 0.208314 4 1 0
567.395 0.332767 0.208307 4 1 0
567.495 0.332773 0.208299 4 1 0
567.595 0.332779 0.208291 4 1 0
567.695 0.332784 0.208284 4 1 0
567.795 0.33279 0.208276 4 1 0
567.895 0.332796 0.208268 4 1 0
567.995 0.332801 0.20826 4 1 0
568.095 0.332807 0.208253 4 1 0
568.195 0.332813 0.208245 4 1 0
568.295 0.332819 0.208238 4 1 0
568.395 0.332824 0.20823 4 1 0
568.495 0.33283 0.208222 4 1 0
568.595 0.332836 0.208214 4 1 0
568.695 0.332841 0.208207 4 1 0
568.795 0.332847 0.208199 4 1 0
568.895 0.332853 0.208191 4 1 0
568.995 0.332859 0.208184 4 1 0
569.095 0.332864 0.208176 4 1 0
569.195 0.33287 0.208168 4 1 0
569.295 0.332876 0.208161 4 1 0
569.395 0.332881 0.208153 4 1 0
569.495 0.332887 0.208146 4 1 0
569.595 0.332893 0.208138 4 1 0
569.695 0.332899 0.20813 4 1 0
569.795 0.332904 0.208122 4 1 0
569.895 0.33291 0.208115 4 1 0
569.995 0.332916 0.208107 4 1 0
570.095 0.332921 0.2081 4 1 0
570.195 0.332927 0.208092 4 1 0
570.295 0.332933 0.208084 4 1 0
570.395 0.332938 0.208077 4 1 0
570.495 0.332944 0.208069 4 1 0
570.595 0.33295 0.208062 4 1 0
570.695 0.332955 0.208054 4 1 0
570.795 0.332961 0.208046 4 1 0
570.895 0.332967 0.208039 4 1 0
570.995 0.332972 0.208031 4 1 0
571.095 0.332978 0.208023 4 1 0
571.195 0.332984 0.208016 4 1 0
571.295 0.33299 0.208008 4 1 0
571.395 0.332995 0.208 4 1 0
571.495 0.333001 0.207993 4 1 0
571.595 0.333007 0.207985 4 1 0
571.695 0.333012 0.207977 4 1 0
571.795 0.333018 0.20797 4 1 0
571.895 0.333024 0.207963 4 1 0
571.995 0.333029 0.207955 4 1 0
572.095 0.333035 0.207947 4 1 0
572.195 0.333041 0.20794 4 1 0
572.295 0.333046 0.207932 4 1 0
572.395 0.333052 0.207925 4 1 0
572.495 0.333057 0.207917 4 1 0
572.595 0.333063 0.207909 4 1 0
572.695 0.333069 0.207902 4 1 0
572.795 0.333074 0.207894 4 1 0
572.895 0.33308 0.207886 4 1 0
572.995 0.333086 0.207879 4 1 0
573.095 0.333091 0.207872 4 1 0
573.195 0.333097 0.207864 4 1 0
573.295 0.333103 0.207856 4 1 0
573.395 0.333108 0.207849 4 1 0
573.495 0.333114 0.207841 4 1 0
573.595 0.33312 0.207834 4 1 0
573.695 0.333125 0.207826 4 1 0
573.795 0.333131 0.207819 4 1 0
573.895 0.333136 0.207811 4 1 0
573.995 0.333142 0.207803 4 1 0
573.995 0.333142 0.207803 4 1 0
574.005 0.333143 0.207803 4 1 0
574.025 0.333144 0.207801 4 1 0
574.065 0.333146 0.207799 4 1 0
574.145 0.333151 0.207792 4 1 0
574.245 0.333156 0.207785 4 1 0
574.345 0.333162 0.207777 4 1 0
574.445 0.333167 0.207769 4 1 0
574.545 0.333173 0.207762 4 1 0
574.645 0.333179 0.207755 4 1 0
574.745 0.333184 0.207747 4 1 0
574.845 0.33319 0.207739 4 1 0
574.945 0.333196 0.207732 4 1 0
575.045 0.333201 0.207724 4 1 0
575.145 0.333207 0.207717 4 1 0
575.245 0.333212 0.20771 4 1 0
575.345 0.333218 0.207702 4 1 0
575.445 0.333224 0.207694 4 1 0
575.545 0.333229 0.207687 4 1 0
575.645 0.333235 0.207679 4 1 0
575.745 0.33324 0.207671 4 1 0
575.845 0.333246 0.207665 4 1 0
575.945 0.333252 0.207657 4 1 0
576.045 0.333257 0.207649 4 1 0
576.145 0.333263 0.207642 4 1 0
576.245 0.333268 0.207634 4 1 0
576.345 0.333274 0.207626 4 1 0
576.445 0.33328 0.20762 4 1 0
576.545 0.333285 0.207612 4 1 0
576.645 0.333291 0.207604 4 1 0
576.745 0.333296 0.207597 4 1 0
576.845 0.333302 0.207589 4 1 0
576.945 0.333307 0.207582 4 1 0
577.045 0.333313 0.207575 4 1 0
577.145 0.333319 0.207567 4 1 0
577.245 0.333324 0.207559 4 1 0
577.345 0.33333 0.207552 4 1 0
577.445 0.333335 0.207544 4 1 0
577.545 0.333341 0.207537 4 1 0
577.645 0.333346 0.207529 4 1 0
577.745 0.333352 0.207521 4 1 0
577.845 0.333358 0.207514 4 1 0
577.945 0.333363 0.207506 4 1 0
578.045 0.333369 0.207499 4 1 0
578.145 0.333374 0.207491 4 1 0
578.245 0.33338 0.207483 4 1 0
578.345 0.333385 0.207476 4 1 0
578.445 0.333391 0.207468 4 1 0
578.545 0.333397 0.20746 4 1 0
578.645 0.333402 0.207453 4 1 0
578.745 0.333408 0.207446 4 1 0
578.845 0.333413 0.207437 4 1 0
578.945 0.333419 0.20743 4 1 0
579.045 0.333424 0.207422 4 1 0
579.145 0.33343 0.207415 4 1 0
579.245 0.333435 0.207407 4 1 0
579.345 0.333441 0.2074 4 1 0
579.445 0.333446 0.207392 4 1 0
579.545 0.333452 0.207384 4 1 0
579.645 0.333458 0.207377 4 1 0
579.745 0.333463 0.207369 4 1 0
579.845 0.333469 0.207362 4 1 0
579.945 0.333474 0.207354 4 1 0
580.045 0.33348 0.207346 4 1 0
580.145 0.333485 0.207339 4 1 0
580.245 0.333491 0.207331 4 1 0
580.345 0.333496 0.207323 4 1 0
580.445 0.333502 0.207316 4 1 0
580.545 0.333507 0.207309 4 1 0
580.645 0.333513 0.2073 4 1 0
580.745 0.333518 0.207293 4 1 0
580.845 0.333524 0.207286 4 1 0
580.945 0.333529 0.207278 4 1 0
581.045 0.333535 0.207271 4 1 0
581.145 0.33354 0.207263 4 1 0
581.245 0.333546 0.207255 4 1 0
581.345 0.333551 0.207248 4 1 0
581.445 0.333557 0.20724 4 1 0
581.545 0.333562 0.207233 4 1 0
581.645 0.333568 0.207225 4 1 0
581.745 0.333573 0.207218 4 1 0
581.845 0.333579 0.20721 4 1 0
581.945 0.333584 0.207202 4 1 0
582.045 0.33359 0.207195 4 1 0
582.145 0.333595 0.207187 4 1 0
582.245 0.333601 0.20718 4 1 0
582.345 0.333606 0.207172 4 1 0
582.445 0.333612 0.207164 4 1 0
582.545 0.333617 0.207157 4 1 0
582.645 0.333623 0.207149 4 1 0
582.745 0.333628 0.207142 4 1 0
582.845 0.333634 0.207135 4 1 0
582.945 0.333639 0.207127 4 1 0
583.045 0.333645 0.207119 4 1 0
583.145 0.33365 0.207112 4 1 0
583.245 0.333656 0.207104 4 1 0
583.345 0.333661 0.207097 4 1 0
583.445 0.333667 0.207089 4 1 0
583.545 0.333672 0.207082 4 1 0
583.645 0.333678 0.207074 4 1 0
583.745 0.333683 0.207066 4 1 0
583.845 0.333689 0.207059 4 1 0
583.945 0.333694 0.207052 4 1 0
584.045 0.3337 0.207044 4 1 0
584.145 0.333705 0.207037 4 1 0
584.245 0.33371 0.207029 4 1 0
584.345 0.333716 0.207021 4 1 0
584.445 0.333721 0.207014 4 1 0
584.545 0.333727 0.207006 4 1 0
584.645 0.333732 0.206999 4 1 0
584.745 0.333738 0.206992 4 1 0
584.845 0.333743 0.206984 4 1 0
584.945 0.333749 0.206976 4 1 0
585.045 0.333754 0.206969 4 1 0
585.145 0.33376 0.206961 4 1 0
585.245 0.333765 0.206954 4 1 0
585.345 0.33377 0.206947 4 1 0
585.445 0.333776 0.206939 4 1 0
585.545 0.333781 0.206931 4 1 0
585.645 0.333787 0.206924 4 1 0
585.745 0.333792 0.206917 4 1 0
585.845 0.333798 0.206909 4 1 0
585.945 0.333803 0.206902 4 1 0
586.045 0.333808 0.206894 4 1 0
586.145 0.333814 0.206887 4 1 0
586.245 0.333819 0.206879 4 1 0
586.345 0.333825 0.206872 4 1 0
586.445 0.33383 0.206864 4 1 0
586.545 0.333836 0.206857 4 1 0
586.645 0.333841 0.206849 4 1 0
586.745 0.333846 0.206842 4 1 0
586.845 0.333852 0.206834 4 1 0
586.945 0.333857 0.206827 4 1 0
587.045 0.333863 0.20682 4 1 0
587.145 0.333868 0.206812 4 1 0
587.245 0.333873 0.206804 4 1 0
587.345 0.333879 0.206797 4 1 0
587.445 0.333884 0.20679 4 1 0
587.545 0.33389 0.206782 4 1 0
587.645 0.333895 0.206775 4 1 0
587.745 0.333901 0.206768 4 1 0
587.845 0.333906 0.20676 4 1 0
587.945 0.333911 0.206752 4 1 0
588.045 0.333917 0.206745 4 1 0
588.145 0.333922 0.206738 4 1 0
588.245 0.333928 0.20673 4 1 0
588.345 0.333933 0.206723 4 1 0
588.445 0.333938 0.206715 4 1 0
588.545 0.333944 0.206708 4 1 0
588.645 0.333949 0.206701 4 1 0
588.745 0.333954 0.206693 4 1 0
588.845 0.33396 0.206686 4 1 0
588.945 0.333965 0.206679 4 1 0
589.045 0.333971 0.206671 4 1 0
589.145 0.333976 0.206663 4 1 0
589.245 0.333981 0.206656 4 1 0
589.345 0.333987 0.206649 4 1 0
589.445 0.333992 0.206641 4 1 0
589.545 0.333998 0.206634 4 1 0
589.645 0.334003 0.206626 4 1 0
589.745 0.334008 0.206619 4 1 0
589.845 0.334014 0.206612 4 1 0
589.945 0.334019 0.206604 4 1 0
590.045 0.334024 0.206597 4 1 0
590.145 0.33403 0.20659 4 1 0
590.245 0.334035 0.206582 4 1 0
590.345 0.33404 0.206575 4 1 0
590.445 0.334046 0.206567 4 1 0
590.545 0.334051 0.20656 4 1 0
590.645 0.334057 0.206553 4 1 0
590.745 0.334062 0.206546 4 1 0
590.845 0.334067 0.206537 4 1 0
590.945 0.334073 0.20653 4 1 0
591.045 0.334078 0.206523 4 1 0
591.145 0.334083 0.206516 4 1 0
591.245 0.334089 0.206509 4 1 0
591.345 0.334094 0.206501 4 1 0
591.445 0.334099 0.206493 4 1 0
591.545 0.334105 0.206486 4 1 0
591.645 0.33411 0.206479 4 1 0
591.745 0.334115 0.206472 4 1 0
591.845 0.334121 0.206464 4 1 0
591.945 0.334126 0.206457 4 1 0
592.045 0.334131 0.206449 4 1 0
592.145 0.334137 0.206442 4 1 0
592.245 0.334142 0.206435 4 1 0
592.345 0.334147 0.206427 4 1 0
592.445 0.334153 0.20642 4 1 0
592.545 0.334158 0.206413 4 1 0
592.645 0.334163 0.206405 4 1 0
592.745 0.334169 0.206398 4 1 0
592.845 0.334174 0.206391 4 1 0
592.945 0.334179 0.206383 4 1 0
593.045 0.334185 0.206376 4 1 0
593.145 0.33419 0.206369 4 1 0
593.245 0.334195 0.206361 4 1 0
593.345 0.334201 0.206354 4 1 0
593.445 0.334206 0.206347 4 1 0
593.545 0.334211 0.20634 4 1 0
593.645 0.334216 0.206332 4 1 0
593.645 0.334216 0.206332 4 1 0
593.655 0.334217 0.206332 4 1 0
593.675 0.334218 0.206331 4 1 0
593.715 0.33422 0.206326 4 1 0
593.795 0.334224 0.206321 4 1 0
593.895 0.33423 0.206314 4 1 0
593.995 0.334235 0.206307 4 1 0
594.095 0.33424 0.2063 4 1 0
594.195 0.334246 0.206293 4 1 0
594.295 0.334251 0.206284 4 1 0
594.395 0.334256 0.206277 4 1 0
594.495 0.334262 0.20627 4 1 0
594.595 0.334267 0.206263 4 1 0
594.695 0.334272 0.206256 4 1 0
594.795 0.334277 0.206249 4 1 0
594.895 0.334283 0.206241 4 1 0
594.995 0.334288 0.206233 4 1 0
595.095 0.334293 0.206226 4 1 0
595.195 0.334298 0.206219 4 1 0
595.295 0.334304 0.206212 4 1 0
595.395 0.334309 0.206205 4 1 0
595.495 0.334314 0.206197 4 1 0
595.595 0.33432 0.20619 4 1 0
595.695 0.334325 0.206183 4 1 0
595.795 0.33433 0.206175 4 1 0
595.895 0.334335 0.206168 4 1 0
595.995 0.334341 0.206161 4 1 0
596.095 0.334346 0.206153 4 1 0
596.195 0.334351 0.206146 4 1 0
596.295 0.334357 0.206139 4 1 0
596.395 0.334362 0.206132 4 1 0
596.495 0.334367 0.206125 4 1 0
596.595 0.334372 0.206118 4 1 0
596.695 0.334377 0.20611 4 1 0
596.795 0.334383 0.206103 4 1 0
596.895 0.334388 0.206096 4 1 0
596.995 0.334393 0.206088 4 1 0
597.095 0.334399 0.206081 4 1 0
597.195 0.334404 0.206074 4 1 0
597.295 0.334409 0.206066 4 1 0
597.395 0.334414 0.206059 4 1 0
597.495 0.33442 0.206052 4 1 0
597.595 0.334425 0.206045 4 1 0
597.695 0.33443 0.206038 4 1 0
597.795 0.334435 0.206031 4 1 0
597.895 0.33444 0.206023 4 1 0
597.995 0.334446 0.206016 4 1 0
598.095 0.334451 0.206009 4 1 0
598.195 0.334456 0.206002 4 1 0
598.295 0.334461 0.205995 4 1 0
598.395 0.334467 0.205987 4 1 0
598.495 0.334472 0.20598 4 1 0
598.595 0.334477 0.205972 4 1 0
598.695 0.334482 0.205965 4 1 0
598.795 0.334488 0.205958 4 1 0
598.895 0.334493 0.205951 4 1 0
598.995 0.334498 0.205944 4 1 0
599.095 0.334503 0.205936 4 1 0
599.195 0.334508 0.205929 4 1 0
599.295 0.334514 0.205922 4 1 0
599.395 0.334519 0.205915 4 1 0
599.495 0.334524 0.205908 4 1 0
599.595 0.334529 0.205901 4 1 0
599.695 0.334534 0.205893 4 1 0
599.795 0.33454 0.205886 4 1 0
599.895 0.334545 0.205879 4 1 0
599.995 0.33455 0.205872 4 1 0
600.095 0.334555 0.205865 4 1 0
600.195 0.334561 0.205858 4 1 0
600.295 0.334566 0.20585 4 1 0
600.395 0.334571 0.205843 4 1 0
600.495 0.334576 0.205836 4 1 0
600.595 0.334581 0.205829 4 1 0
600.695 0.334587 0.205822 4 1 0
600.795 0.334592 0.205815 4 1 0
600.895 0.334597 0.205807 4 1 0
600.995 0.334602 0.2058 4 1 0
601.095 0.334607 0.205793 4 1 0
601.195 0.334612 0.205786 4 1 0
601.295 0.334618 0.205779 4 1 0
601.395 0.334623 0.205772 4 1 0
601.495 0.334628 0.205764 4 1 0
601.595 0.334633 0.205757 4 1 0
601.695 0.334638 0.20575 4 1 0
601.795 0.334643 0.205743 4 1 0
601.895 0.334649 0.205736 4 1 0
601.995 0.334654 0.205729 4 1 0
602.095 0.334659 0.205721 4 1 0
602.195 0.334664 0.205714 4 1 0
602.295 0.33467 0.205707 4 1 0
602.395 0.334674 0.2057 4 1 0
602.495 0.33468 0.205693 4 1 0
602.595 0.334685 0.205686 4 1 0
602.695 0.33469 0.205678 4 1 0
602.795 0.334695 0.205671 4 1 0
602.895 0.3347 0.205664 4 1 0
602.995 0.334705 0.205657 4 1 0
603.095 0.334711 0.20565 4 1 0
603.195 0.334716 0.205643 4 1 0
603.295 0.334721 0.205636 4 1 0
603.395 0.334726 0.205629 4 1 0
603.495 0.334731 0.205622 4 1 0
603.595 0.334736 0.205615 4 1 0
603.695 0.334742 0.205608 4 1 0
603.795 0.334747 0.205601 4 1 0
603.895 0.334752 0.205593 4 1 0
603.995 0.334757 0.205586 4 1 0
604.095 0.334762 0.205579 4 1 0
604.195 0.334767 0.205572 4 1 0
604.295 0.334772 0.205565 4 1 0
604.395 0.334778 0.205558 4 1 0
604.495 0.334783 0.20555 4 1 0
604.595 0.334788 0.205543 4 1 0
604.695 0.334793 0.205536 4 1 0
604.795 0.334798 0.205529 4 1 0
604.895 0.334803 0.205523 4 1 0
604.995 0.334808 0.205516 4 1 0
605.095 0.334813 0.205508 4 1 0
605.195 0.334819 0.205501 4 1 0
605.295 0.334824 0.205494 4 1 0
605.395 0.334829 0.205487 4 1 0
605.495 0.334834 0.20548 4 1 0
605.595 0.334839 0.205473 4 1 0
605.695 0.334844 0.205465 4 1 0
605.795 0.334849 0.205458 4 1 0
605.895 0.334854 0.205452 4 1 0
605.995 0.334859 0.205445 4 1 0
606.095 0.334865 0.205438 4 1 0
606.195 0.33487 0.205431 4 1 0
606.295 0.334875 0.205423 4 1 0
606.395 0.33488 0.205416 4 1 0
606.495 0.334885 0.205409 4 1 0
606.595 0.33489 0.205402 4 1 0
606.695 0.334895 0.205395 4 1 0
606.795 0.3349 0.205388 4 1 0
606.895 0.334905 0.205381 4 1 0
606.995 0.33491 0.205374 4 1 0
607.095 0.334916 0.205367 4 1 0
607.195 0.33492 0.20536 4 1 0
607.295 0.334926 0.205353 4 1 0
607.395 0.334931 0.205346 4 1 0
607.495 0.334936 0.205338 4 1 0
607.595 0.334941 0.205332 4 1 0
607.695 0.334946 0.205325 4 1 0
607.795 0.334951 0.205318 4 1 0
607.895 0.334956 0.205311 4 1 0
607.995 0.334961 0.205304 4 1 0
608.095 0.334966 0.205296 4 1 0
608.195 0.334971 0.205289 4 1 0
608.295 0.334977 0.205283 4 1 0
608.395 0.334981 0.205276 4 1 0
608.495 0.334987 0.205269 4 1 0
608.595 0.334992 0.205262 4 1 0
608.695 0.334997 0.205254 4 1 0
608.795 0.335002 0.205247 4 1 0
608.895 0.335007 0.205241 4 1 0
608.995 0.335012 0.205234 4 1 0
609.095 0.335017 0.205227 4 1 0
609.195 0.335022 0.20522 4 1 0
609.295 0.335027 0.205212 4 1 0
609.395 0.335032 0.205205 4 1 0
609.495 0.335037 0.205199 4 1 0
609.595 0.335042 0.205192 4 1 0
609.695 0.335047 0.205185 4 1 0
609.795 0.335052 0.205178 4 1 0
609.895 0.335057 0.20517 4 1 0
609.995 0.335062 0.205164 4 1 0
610.095 0.335068 0.205157 4 1 0
610.195 0.335072 0.20515 4 1 0
610.295 0.335077 0.205143 4 1 0
610.395 0.335083 0.205136 4 1 0
610.495 0.335087 0.205128 4 1 0
610.595 0.335093 0.205122 4 1 0
610.695 0.335098 0.205115 4 1 0
610.795 0.335102 0.205108 4 1 0
610.895 0.335108 0.205101 4 1 0
610.995 0.335113 0.205094 4 1 0
611.095 0.335117 0.205087 4 1 0
611.195 0.335123 0.20508 4 1 0
611.295 0.335128 0.205073 4 1 0
611.395 0.335133 0.205066 4 1 0
611.495 0.335138 0.205059 4 1 0
611.595 0.335143 0.205053 4 1 0
611.695 0.335148 0.205045 4 1 0
611.795 0.335153 0.205038 4 1 0
611.895 0.335158 0.205031 4 1 0
611.995 0.335163 0.205025 4 1 0
612.095 0.335168 0.205018 4 1 0
612.195 0.335173 0.205011 4 1 0
612.295 0.335178 0.205003 4 1 0
612.395 0.335183 0.204997 4 1 0
612.495 0.335188 0.20499 4 1 0
612.595 0.335193 0.204983 4 1 0
612.695 0.335198 0.204976 4 1 0
612.795 0.335203 0.204969 4 1 0
612.895 0.335208 0.204962 4 1 0
612.995 0.335213 0.204955 4 1 0
613.095 0.335218 0.204948 4 1 0
613.195 0.335222 0.204941 4 1 0
613.295 0.335228 0.204935 4 1 0
613.295 0.335228 0.204935 4 1 0
613.305 0.335228 0.204934 4 1 0
613.32 0.335229 0.204933 4 1 0
613.35 0.33523 0.20493 4 1 0
613.395 0.335232 0.204927 4 1 0
613.462 0.335236 0.204923 4 1 0
613.562 0.335241 0.204916 4 1 0
613.662 0.335246 0.204909 4 1 0
613.762 0.335251 0.204903 4 1 0
613.862 0.335256 0.204895 4 1 0
613.962 0.335261 0.204888 4 1 0
614.062 0.335266 0.204881 4 1 0
614.162 0.335271 0.204875 4 1 0
614.262 0.335276 0.204868 4 1 0
614.362 0.335281 0.204861 4 1 0
614.462 0.335286 0.204853 4 1 0
614.562 0.335291 0.204847 4 1 0
614.662 0.335296 0.20484 4 1 0
614.762 0.335301 0.204833 4 1 0
614.862 0.335306 0.204827 4 1 0
614.962 0.335311 0.20482 4 1 0
615.062 0.335316 0.204812 4 1 0
615.162 0.335321 0.204805 4 1 0
615.262 0.335326 0.204799 4 1 0
615.362 0.33533 0.204792 4 1 0
615.462 0.335336 0.204785 4 1 0
615.562 0.335341 0.204779 4 1 0
615.662 0.335345 0.204771 4 1 0
615.762 0.33535 0.204764 4 1 0
615.862 0.335356 0.204758 4 1 0
615.962 0.33536 0.204751 4 1 0
616.062 0.335365 0.204744 4 1 0
616.162 0.33537 0.204737 4 1 0
616.262 0.335375 0.20473 4 1 0
616.362 0.33538 0.204723 4 1 0
616.462 0.335385 0.204716 4 1 0
616.562 0.335389 0.20471 4 1 0
616.662 0.335395 0.204703 4 1 0
616.762 0.3354 0.204696 4 1 0
616.862 0.335404 0.204689 4 1 0
616.962 0.335409 0.204682 4 1 0
617.062 0.335415 0.204675 4 1 0
617.162 0.335419 0.204669 4 1 0
617.262 0.335424 0.204662 4 1 0
617.362 0.335429 0.204655 4 1 0
617.462 0.335434 0.204648 4 1 0
617.562 0.335439 0.204641 4 1 0
617.662 0.335444 0.204634 4 1 0
617.762 0.335448 0.204628 4 1 0
617.862 0.335453 0.204621 4 1 0
617.962 0.335459 0.204614 4 1 0
618.062 0.335463 0.204607 4 1 0
618.162 0.335468 0.2046 4 1 0
618.262 0.335473 0.204593 4 1 0
618.362 0.335477 0.204587 4 1 0
618.462 0.335483 0.20458 4 1 0
618.562 0.335488 0.204573 4 1 0
618.662 0.335492 0.204566 4 1 0
618.762 0.335497 0.204559 4 1 0
618.862 0.335502 0.204553 4 1 0
618.962 0.335506 0.204546 4 1 0
619.062 0.335511 0.204539 4 1 0
619.162 0.335517 0.204533 4 1 0
619.262 0.335521 0.204525 4 1 0
619.362 0.335526 0.204518 4 1 0
619.462 0.335531 0.204512 4 1 0
619.562 0.335535 0.204505 4 1 0
619.662 0.33554 0.204499 4 1 0
619.762 0.335545 0.204492 4 1 0
619.862 0.335549 0.204484 4 1 0
619.962 0.335555 0.204478 4 1 0
620.062 0.33556 0.204471 4 1 0
620.162 0.335563 0.204464 4 1 0
620.262 0.335568 0.204458 4 1 0
620.362 0.335573 0.204451 4 1 0
620.462 0.335577 0.204444 4 1 0
620.562 0.335582 0.204437 4 1 0
620.662 0.335587 0.20443 4 1 0
620.762 0.33559 0.204424 4 1 0
620.862 0.335595 0.204417 4 1 0
620.962 0.3356 0.20441 4 1 0
621.062 0.335603 0.204404 4 1 0
621.162 0.335608 0.204397 4 1 0
621.262 0.335614 0.20439 4 1 0
621.362 0.335611 0.204383 4 1 0
621.462 0.335616 0.204376 4 1 0
621.562 0.335621 0.20437 4 1 0
621.662 0.33562 0.204366 4 1 0
621.762 0.335625 0.204359 4 1 0
621.862 0.33563 0.204352 4 1 0
621.962 0.335656 0.204343 4 1 0
622.062 0.335661 0.204336 4 1 0
622.162 0.335666 0.20433 4 1 0
622.262 0.335671 0.204323 4 1 0
622.362 0.335676 0.204317 4 1 0
622.462 0.335682 0.20431 4 1 0
622.562 0.335684 0.204303 4 1 0
622.662 0.335689 0.204296 4 1 0
622.762 0.335694 0.204289 4 1 0
622.862 0.335694 0.204282 4 1 0
622.962 0.335699 0.204276 4 1 0
623.062 0.335704 0.204269 4 1 0
623.162 0.335705 0.204263 4 1 0
623.262 0.33571 0.204256 4 1 0
623.362 0.335716 0.20425 4 1 0
623.462 0.335726 0.204242 4 1 0
623.562 0.335731 0.204236 4 1 0
623.662 0.335736 0.204229 4 1 0
623.762 0.33574 0.204222 4 1 0
623.862 0.335745 0.204216 4 1 0
623.962 0.33575 0.204209 4 1 0
624.062 0.335749 0.204202 4 1 0
624.162 0.335754 0.204195 4 1 0
624.262 0.335759 0.204189 4 1 0
624.362 0.33576 0.204183 4 1 0
624.462 0.335765 0.204176 4 1 0
624.562 0.33577 0.20417 4 1 0
624.662 0.335783 0.204162 4 1 0
624.762 0.335788 0.204155 4 1 0
624.862 0.335793 0.204149 4 1 0
624.962 0.335797 0.204142 4 1 0
625.062 0.335803 0.204135 4 1 0
625.162 0.335808 0.204129 4 1 0
625.262 0.335808 0.204122 4 1 0
625.362 0.335813 0.204115 4 1 0
625.462 0.335818 0.204109 4 1 0
625.562 0.335819 0.204103 4 1 0
625.662 0.335824 0.204096 4 1 0
625.762 0.335829 0.204089 4 1 0
625.862 0.335832 0.204082 4 1 0
625.962 0.335838 0.204075 4 1 0
626.062 0.335843 0.204069 4 1 0
626.162 0.335845 0.204064 4 1 0
626.262 0.33585 0.204057 4 1 0
626.362 0.335855 0.20405 4 1 0
626.462 0.335869 0.204042 4 1 0
626.562 0.335874 0.204036 4 1 0
626.662 0.33588 0.204029 4 1 0
626.762 0.335883 0.204022 4 1 0
626.862 0.335888 0.204016 4 1 0
626.962 0.335893 0.204009 4 1 0
627.062 0.335893 0.204003 4 1 0
627.162 0.335898 0.203996 4 1 0
627.262 0.335903 0.203989 4 1 0
627.362 0.335899 0.203983 4 1 0
627.462 0.335904 0.203977 4 1 0
627.562 0.335909 0.20397 4 1 0
627.662 0.335904 0.203967 4 1 0
627.762 0.335909 0.20396 4 1 0
627.862 0.335915 0.203954 4 1 0
627.962 0.335939 0.203943 4 1 0
628.062 0.335944 0.203937 4 1 0
628.162 0.335949 0.20393 4 1 0
628.262 0.335943 0.203923 4 1 0
628.362 0.335948 0.203917 4 1 0
628.462 0.335954 0.20391 4 1 0
628.562 0.335921 0.203944 4 1 0
628.662 0.335926 0.203937 4 1 0
628.762 0.335932 0.203929 4 1 0
628.862 0.335981 0.203885 4 1 0
628.962 0.335986 0.203878 4 1 0
629.062 0.335991 0.203872 4 1 0
629.162 0.33602 0.203865 4 1 0
629.262 0.336025 0.203858 4 1 0
629.362 0.33603 0.203852 4 1 0
629.462 0.336023 0.203846 4 1 0
629.562 0.336029 0.203839 4 1 0
629.662 0.336034 0.203832 4 1 0
629.762 0.336046 0.203825 4 1 0
629.862 0.336051 0.203818 4 1 0
629.962 0.336056 0.203811 4 1 0
630.062 0.336058 0.203805 4 1 0
630.162 0.336063 0.203798 4 1 0
630.262 0.336068 0.203792 4 1 0
630.362 0.336067 0.203785 4 1 0
630.462 0.336072 0.203778 4 1 0
630.562 0.336077 0.203772 4 1 0
630.662 0.336074 0.203765 4 1 0
630.762 0.336079 0.203758 4 1 0
630.862 0.336084 0.203752 4 1 0
630.962 0.336081 0.203749 4 1 0
631.062 0.336086 0.203742 4 1 0
631.162 0.336091 0.203735 4 1 0
631.262 0.336111 0.203726 4 1 0
631.362 0.336117 0.203719 4 1 0
631.462 0.336122 0.203713 4 1 0
631.562 0.336122 0.203706 4 1 0
631.662 0.336127 0.203699 4 1 0
631.762 0.336132 0.203693 4 1 0
631.862 0.336128 0.203689 4 1 0
631.962 0.336133 0.203682 4 1 0
632.062 0.336138 0.203675 4 1 0
632.162 0.336153 0.203667 4 1 0
632.262 0.336158 0.20366 4 1 0
632.362 0.336163 0.203654 4 1 0
632.462 0.336162 0.203647 4 1 0
632.562 0.336167 0.203641 4 1 0
632.662 0.336172 0.203634 4 1 0
632.762 0.336166 0.20363 4 1 0
632.862 0.336171 0.203623 4 1 0
632.862 0.336171 0.203623 4 1 0
632.872 0.336172 0.203623 4 1 0
632.887 0.336173 0.203621 4 1 0
632.917 0.336181 0.203618 4 1 0
632.962 0.336183 0.203615 4 1 0
633.03 0.336187 0.20361 4 1 0
633.13 0.336185 0.203604 4 1 0
633.23 0.33619 0.203597 4 1 0
633.33 0.336195 0.203591 4 1 0
633.43 0.336183 0.203593 4 1 0
633.53 0.336189 0.203586 4 1 0
633.63 0.336194 0.203579 4 1 0
633.73 0.336228 0.203565 4 1 0
633.83 0.336233 0.203558 4 1 0
633.93 0.336238 0.203552 4 1 0
634.03 0.336241 0.203545 4 1 0
634.13 0.336246 0.203538 4 1 0
634.23 0.336251 0.203532 4 1 0
634.33 0.336245 0.203531 4 1 0
634.43 0.33625 0.203525 4 1 0
634.53 0.336255 0.203518 4 1 0
634.63 0.336281 0.203506 4 1 0
634.73 0.336286 0.203499 4 1 0
634.83 0.336291 0.203493 4 1 0
634.93 0.336289 0.203486 4 1 0
635.03 0.336294 0.20348 4 1 0
635.13 0.336299 0.203473 4 1 0
635.23 0.33629 0.203473 4 1 0
635.33 0.336295 0.203466 4 1 0
635.43 0.3363 0.203459 4 1 0
635.53 0.336325 0.203448 4 1 0
635.63 0.33633 0.203441 4 1 0
635.73 0.336335 0.203435 4 1 0
635.83 0.336332 0.203428 4 1 0
635.93 0.336337 0.203421 4 1 0
636.03 0.336342 0.203415 4 1 0
636.13 0.336332 0.203414 4 1 0
636.23 0.336337 0.203408 4 1 0
636.33 0.336342 0.203401 4 1 0
636.43 0.336367 0.203389 4 1 0
636.53 0.336372 0.203383 4 1 0
636.63 0.336377 0.203376 4 1 0
636.73 0.33637 0.20337 4 1 0
636.83 0.336376 0.203363 4 1 0
636.93 0.336381 0.203357 4 1 0
637.03 0.336364 0.203362 4 1 0
637.13 0.336369 0.203355 4 1 0
637.23 0.336374 0.203348 4 1 0
637.33 0.336411 0.203331 4 1 0
637.43 0.336416 0.203325 4 1 0
637.53 0.336421 0.203318 4 1 0
637.63 0.336419 0.203312 4 1 0
637.73 0.336424 0.203305 4 1 0
637.83 0.336429 0.203299 4 1 0
637.93 0.336417 0.203302 4 1 0
638.03 0.336422 0.203295 4 1 0
638.13 0.336427 0.203288 4 1 0
638.23 0.336457 0.203273 4 1 0
638.33 0.336462 0.203267 4 1 0
638.43 0.336467 0.20326 4 1 0
638.53 0.336448 0.203255 4 1 0
638.63 0.336453 0.203248 4 1 0
638.73 0.336458 0.203241 4 1 0
638.83 0.336433 0.203261 4 1 0
638.93 0.336438 0.203253 4 1 0
639.03 0.336443 0.203246 4 1 0
639.13 0.336505 0.203215 4 1 0
639.23 0.33651 0.203209 4 1 0
639.33 0.336515 0.203203 4 1 0
639.43 0.336512 0.203196 4 1 0
639.53 0.336517 0.203189 4 1 0
639.63 0.336522 0.203183 4 1 0
639.73 0.336507 0.203185 4 1 0
639.83 0.336512 0.203178 4 1 0
639.93 0.336517 0.203172 4 1 0
640.03 0.336544 0.203158 4 1 0
640.13 0.336549 0.203151 4 1 0
640.23 0.336554 0.203145 4 1 0
640.33 0.33655 0.203138 4 1 0
640.43 0.336555 0.203132 4 1 0
640.53 0.33656 0.203125 4 1 0
640.63 0.336541 0.203134 4 1 0
640.73 0.336546 0.203127 4 1 0
640.83 0.336551 0.20312 4 1 0
640.93 0.336587 0.2031 4 1 0
641.03 0.336592 0.203094 4 1 0
641.13 0.336597 0.203087 4 1 0
641.23 0.336597 0.203081 4 1 0
641.33 0.336602 0.203074 4 1 0
641.43 0.336607 0.203068 4 1 0
641.53 0.336594 0.20307 4 1 0
641.63 0.336599 0.203064 4 1 0
641.73 0.336604 0.203057 4 1 0
641.83 0.336631 0.203043 4 1 0
641.93 0.336636 0.203036 4 1 0
642.03 0.336641 0.20303 4 1 0
642.13 0.336634 0.203023 4 1 0
642.23 0.336639 0.203017 4 1 0
642.33 0.336644 0.203011 4 1 0
642.43 0.336623 0.203021 4 1 0
642.53 0.336628 0.203014 4 1 0
642.63 0.336633 0.203007 4 1 0
642.73 0.336671 0.202986 4 1 0
642.83 0.336676 0.202979 4 1 0
642.93 0.336681 0.202973 4 1 0
643.03 0.336685 0.202966 4 1 0
643.13 0.33669 0.20296 4 1 0
643.23 0.336695 0.202953 4 1 0
643.33 0.336685 0.202953 4 1 0
643.43 0.33669 0.202946 4 1 0
643.53 0.336695 0.202939 4 1 0
643.63 0.336714 0.202928 4 1 0
643.73 0.336719 0.202922 4 1 0
643.83 0.336724 0.202915 4 1 0
643.93 0.336722 0.202909 4 1 0
644.03 0.336727 0.202903 4 1 0
644.13 0.336732 0.202896 4 1 0
644.23 0.336714 0.2029 4 1 0
644.33 0.33672 0.202893 4 1 0
644.43 0.336725 0.202887 4 1 0
644.53 0.336751 0.202872 4 1 0
644.63 0.336756 0.202865 4 1 0
644.73 0.336761 0.202859 4 1 0
644.83 0.336767 0.202852 4 1 0
644.93 0.336772 0.202846 4 1 0
645.03 0.336777 0.202839 4 1 0
645.13 0.336764 0.202838 4 1 0
645.23 0.33677 0.202831 4 1 0
645.33 0.336775 0.202825 4 1 0
645.43 0.336783 0.202816 4 1 0
645.53 0.336788 0.20281 4 1 0
645.63 0.336793 0.202803 4 1 0
645.73 0.336813 0.202795 4 1 0
645.83 0.336818 0.202789 4 1 0
645.93 0.336823 0.202783 4 1 0
646.03 0.336813 0.202778 4 1 0
646.13 0.336818 0.202772 4 1 0
646.23 0.336823 0.202765 4 1 0
646.33 0.336813 0.202766 4 1 0
646.43 0.336818 0.202759 4 1 0
646.53 0.336823 0.202752 4 1 0
646.63 0.336859 0.202739 4 1 0
646.73 0.336864 0.202733 4 1 0
646.83 0.336869 0.202726 4 1 0
646.93 0.336873 0.20272 4 1 0
647.03 0.336878 0.202713 4 1 0
647.13 0.336883 0.202707 4 1 0
647.23 0.336868 0.202706 4 1 0
647.33 0.336873 0.202699 4 1 0
647.43 0.336878 0.202693 4 1 0
647.53 0.336887 0.202683 4 1 0
647.63 0.336892 0.202677 4 1 0
647.73 0.336897 0.202671 4 1 0
647.83 0.336912 0.202663 4 1 0
647.93 0.336917 0.202657 4 1 0
648.03 0.336922 0.202651 4 1 0
648.13 0.336911 0.202647 4 1 0
648.23 0.336916 0.202641 4 1 0
648.33 0.336921 0.202634 4 1 0
648.43 0.33692 0.202631 4 1 0
648.53 0.336925 0.202624 4 1 0
648.63 0.33693 0.202618 4 1 0
648.73 0.336961 0.202607 4 1 0
648.83 0.336966 0.202601 4 1 0
648.93 0.336971 0.202594 4 1 0
649.03 0.336971 0.202588 4 1 0
649.13 0.336976 0.202582 4 1 0
649.23 0.336981 0.202575 4 1 0
649.33 0.336956 0.202577 4 1 0
649.43 0.336961 0.20257 4 1 0
649.53 0.336966 0.202563 4 1 0
649.63 0.336969 0.202559 4 1 0
649.73 0.336974 0.202552 4 1 0
649.83 0.336979 0.202546 4 1 0
649.93 0.337023 0.202532 4 1 0
650.03 0.337028 0.202526 4 1 0
650.13 0.337033 0.202519 4 1 0
650.23 0.337028 0.202513 4 1 0
650.33 0.337033 0.202507 4 1 0
650.43 0.337038 0.202501 4 1 0
650.53 0.337012 0.202505 4 1 0
650.63 0.337017 0.202498 4 1 0
650.73 0.337022 0.202491 4 1 0
650.83 0.337039 0.202479 4 1 0
650.93 0.337044 0.202473 4 1 0
651.03 0.337049 0.202466 4 1 0
651.13 0.337076 0.202457 4 1 0
651.23 0.337081 0.202451 4 1 0
651.33 0.337086 0.202445 4 1 0
651.43 0.337077 0.20244 4 1 0
651.53 0.337082 0.202433 4 1 0
651.63 0.337087 0.202427 4 1 0
651.73 0.337079 0.202426 4 1 0
651.83 0.337084 0.20242 4 1 0
651.93 0.337089 0.202413 4 1 0
652.03 0.337119 0.202402 4 1 0
652.13 0.337123 0.202395 4 1 0
652.23 0.337128 0.202389 4 1 0
652.33 0.337132 0.202382 4 1 0
652.43 0.337137 0.202376 4 1 0
652.43 0.337137 0.202376 4 1 0
652.44 0.337138 0.202376 4 1 0
652.455 0.337139 0.202375 4 1 0
652.477 0.337109 0.202381 4 1 0
652.522 0.337111 0.202377 4 1 0
652.59 0.337115 0.202373 4 1 0
652.69 0.33711 0.202372 4 1 0
652.79 0.337115 0.202365 4 1 0
652.89 0.33712 0.202359 4 1 0
652.99 0.33717 0.202342 4 1 0
653.09 0.337175 0.202336 4 1 0
653.19 0.33718 0.202329 4 1 0
653.29 0.33718 0.202323 4 1 0
653.39 0.337185 0.202317 4 1 0
653.49 0.33719 0.202311 4 1 0
653.59 0.337165 0.202313 4 1 0
653.69 0.33717 0.202307 4 1 0
653.79 0.337175 0.2023 4 1 0
653.89 0.337182 0.20229 4 1 0
653.99 0.337187 0.202284 4 1 0
654.09 0.337192 0.202277 4 1 0
654.19 0.337225 0.202267 4 1 0
654.29 0.33723 0.202261 4 1 0
654.39 0.337235 0.202255 4 1 0
654.49 0.337226 0.20225 4 1 0
654.59 0.337231 0.202244 4 1 0
654.69 0.337236 0.202238 4 1 0
654.79 0.337226 0.202237 4 1 0
654.89 0.337231 0.202231 4 1 0
654.99 0.337236 0.202224 4 1 0
655.09 0.337266 0.202213 4 1 0
655.19 0.337271 0.202206 4 1 0
655.29 0.337276 0.2022 4 1 0
655.39 0.33728 0.202193 4 1 0
655.49 0.337285 0.202187 4 1 0
655.59 0.33729 0.202181 4 1 0
655.69 0.337273 0.20218 4 1 0
655.79 0.337278 0.202173 4 1 0
655.89 0.337283 0.202167 4 1 0
655.99 0.337284 0.202161 4 1 0
656.09 0.337289 0.202155 4 1 0
656.19 0.337294 0.202148 4 1 0
656.29 0.337325 0.202138 4 1 0
656.39 0.33733 0.202132 4 1 0
656.49 0.337335 0.202126 4 1 0
656.59 0.337331 0.20212 4 1 0
656.69 0.337336 0.202114 4 1 0
656.79 0.337341 0.202108 4 1 0
656.89 0.33733 0.202107 4 1 0
656.99 0.337335 0.202101 4 1 0
657.09 0.33734 0.202094 4 1 0
657.19 0.33736 0.202084 4 1 0
657.29 0.337365 0.202078 4 1 0
657.39 0.33737 0.202072 4 1 0
657.49 0.337378 0.202065 4 1 0
657.59 0.337383 0.202059 4 1 0
657.69 0.337388 0.202052 4 1 0
657.79 0.337378 0.20205 4 1 0
657.89 0.337383 0.202043 4 1 0
657.99 0.337388 0.202037 4 1 0
658.09 0.337393 0.20203 4 1 0
658.19 0.337398 0.202024 4 1 0
658.29 0.337403 0.202017 4 1 0
658.39 0.337419 0.20201 4 1 0
658.49 0.337424 0.202004 4 1 0
658.59 0.337429 0.201998 4 1 0
658.69 0.337427 0.201993 4 1 0
658.79 0.337432 0.201986 4 1 0
658.89 0.337437 0.20198 4 1 0
658.99 0.337436 0.201976 4 1 0
659.09 0.337441 0.201969 4 1 0
659.19 0.337446 0.201963 4 1 0
659.29 0.337462 0.201955 4 1 0
659.39 0.337466 0.201949 4 1 0
659.49 0.337471 0.201943 4 1 0
659.59 0.337474 0.201937 4 1 0
659.69 0.337479 0.201931 4 1 0
659.79 0.337484 0.201925 4 1 0
659.89 0.337479 0.201922 4 1 0
659.99 0.337484 0.201915 4 1 0
660.09 0.337489 0.201909 4 1 0
660.19 0.337499 0.201901 4 1 0
660.29 0.337504 0.201895 4 1 0
660.39 0.337509 0.201889 4 1 0
660.49 0.337516 0.201882 4 1 0
660.59 0.337521 0.201876 4 1 0
660.69 0.337526 0.20187 4 1 0
660.79 0.337523 0.201866 4 1 0
660.89 0.337528 0.20186 4 1 0
660.99 0.337533 0.201854 4 1 0
661.09 0.33754 0.201847 4 1 0
661.19 0.337545 0.20184 4 1 0
661.29 0.33755 0.201834 4 1 0
661.39 0.337558 0.201828 4 1 0
661.49 0.337562 0.201822 4 1 0
661.59 0.337567 0.201816 4 1 0
661.69 0.337566 0.201811 4 1 0
661.79 0.337571 0.201805 4 1 0
661.89 0.337576 0.201799 4 1 0
661.99 0.337584 0.201792 4 1 0
662.09 0.337588 0.201786 4 1 0
662.19 0.337593 0.20178 4 1 0
662.29 0.3376 0.201773 4 1 0
662.39 0.337605 0.201767 4 1 0
662.49 0.337609 0.201761 4 1 0
662.59 0.337609 0.201757 4 1 0
662.69 0.337614 0.201751 4 1 0
662.79 0.337619 0.201745 4 1 0
662.89 0.337626 0.201738 4 1 0
662.99 0.337631 0.201731 4 1 0
663.09 0.337636 0.201725 4 1 0
663.19 0.337642 0.201719 4 1 0
663.29 0.337647 0.201713 4 1 0
663.39 0.337652 0.201707 4 1 0
663.49 0.337651 0.201703 4 1 0
663.59 0.337656 0.201697 4 1 0
663.69 0.337661 0.20169 4 1 0
663.79 0.337669 0.201683 4 1 0
663.89 0.337674 0.201677 4 1 0
663.99 0.337679 0.201671 4 1 0
664.09 0.337684 0.201665 4 1 0
664.19 0.337689 0.201659 4 1 0
664.29 0.337694 0.201653 4 1 0
664.39 0.337694 0.201649 4 1 0
664.49 0.337698 0.201642 4 1 0
664.59 0.337703 0.201636 4 1 0
664.69 0.337712 0.201629 4 1 0
664.79 0.337717 0.201623 4 1 0
664.89 0.337722 0.201617 4 1 0
664.99 0.337726 0.201611 4 1 0
665.09 0.337731 0.201605 4 1 0
665.19 0.337736 0.201599 4 1 0
665.29 0.337736 0.201595 4 1 0
665.39 0.337741 0.201588 4 1 0
665.49 0.337746 0.201582 4 1 0
665.59 0.337754 0.201575 4 1 0
665.69 0.337759 0.201569 4 1 0
665.79 0.337764 0.201563 4 1 0
665.89 0.337769 0.201557 4 1 0
665.99 0.337774 0.201551 4 1 0
666.09 0.337778 0.201545 4 1 0
666.19 0.337778 0.201541 4 1 0
666.29 0.337783 0.201535 4 1 0
666.39 0.337788 0.201528 4 1 0
666.49 0.337797 0.201521 4 1 0
666.59 0.337802 0.201515 4 1 0
666.69 0.337807 0.201509 4 1 0
666.79 0.337811 0.201503 4 1 0
666.89 0.337816 0.201497 4 1 0
666.99 0.33782 0.201491 4 1 0
667.09 0.33782 0.201487 4 1 0
667.19 0.337825 0.201481 4 1 0
667.29 0.33783 0.201475 4 1 0
667.39 0.337839 0.201468 4 1 0
667.49 0.337844 0.201462 4 1 0
667.59 0.337849 0.201455 4 1 0
667.69 0.337853 0.20145 4 1 0
667.79 0.337858 0.201444 4 1 0
667.89 0.337863 0.201438 4 1 0
667.99 0.337863 0.201433 4 1 0
668.09 0.337867 0.201427 4 1 0
668.19 0.337872 0.201421 4 1 0
668.29 0.337882 0.201414 4 1 0
668.39 0.337886 0.201408 4 1 0
668.49 0.337891 0.201402 4 1 0
668.59 0.337895 0.201396 4 1 0
668.69 0.3379 0.20139 4 1 0
668.79 0.337905 0.201384 4 1 0
668.89 0.337905 0.20138 4 1 0
668.99 0.337909 0.201374 4 1 0
669.09 0.337914 0.201368 4 1 0
669.19 0.337924 0.201361 4 1 0
669.29 0.337929 0.201354 4 1 0
669.39 0.337933 0.201348 4 1 0
669.49 0.337937 0.201343 4 1 0
669.59 0.337942 0.201337 4 1 0
669.69 0.337946 0.201331 4 1 0
669.79 0.337947 0.201326 4 1 0
669.89 0.337952 0.20132 4 1 0
669.99 0.337956 0.201314 4 1 0
670.09 0.337966 0.201307 4 1 0
670.19 0.337971 0.201301 4 1 0
670.29 0.337975 0.201295 4 1 0
670.39 0.337979 0.20129 4 1 0
670.49 0.337983 0.201283 4 1 0
670.59 0.337988 0.201277 4 1 0
670.69 0.337989 0.201273 4 1 0
670.79 0.337994 0.201267 4 1 0
670.89 0.337998 0.201261 4 1 0
670.99 0.338008 0.201254 4 1 0
671.09 0.338013 0.201248 4 1 0
671.19 0.338018 0.201242 4 1 0
671.29 0.33802 0.201236 4 1 0
671.39 0.338025 0.20123 4 1 0
671.49 0.33803 0.201224 4 1 0
671.59 0.338031 0.20122 4 1 0
671.69 0.338036 0.201214 4 1 0
671.79 0.33804 0.201208 4 1 0
671.89 0.33805 0.201201 4 1 0
671.99 0.338055 0.201195 4 1 0
