150 0.515875 0.0681345 4 1 0
150.02 0.51625 0.0689072 4 1 0
150.02 0.51625 0.0689072 4 1 0
150 0.515875 0.0681345 4 1 0
150.02 0.51625 0.0689072 4 1 0
150.02 0.51625 0.0689072 4 1 0
130 0.485669 0.0716025 4 1 0
130.02 0.486012 0.0715104 3 1 0
130.038 0.484688 0.0719801 4 1 0
130.073 0.485758 0.0715335 3 1 0
130.102 0.485804 0.0715255 3 1 0
130.131 0.485852 0.0715174 3 1 0
130.19 0.485919 0.0714962 3 1 0
130.278 0.486043 0.0714753 3 1 0
130.374 0.486181 0.0714524 3 1 0
130.474 0.486317 0.0714364 3 1 0
130.574 0.486475 0.071414 3 1 0
130.674 0.486633 0.0713917 3 1 0
130.774 0.486758 0.0713692 3 1 0
130.874 0.486913 0.0713451 3 1 0
130.974 0.487067 0.0713212 3 1 0
131.074 0.487245 0.0712932 3 1 0
131.174 0.4874 0.0712697 3 1 0
131.274 0.487555 0.0712463 3 1 0
131.374 0.48768 0.0712227 3 1 0
131.474 0.48783 0.0711999 3 1 0
131.574 0.487979 0.0711774 3 1 0
131.674 0.488135 0.0711545 3 1 0
131.774 0.488289 0.0711318 3 1 0
131.874 0.488444 0.0711093 3 1 0
131.974 0.488632 0.0710889 3 1 0
132.074 0.48879 0.0710679 3 1 0
132.174 0.488946 0.0710471 3 1 0
132.274 0.489073 0.0710195 3 1 0
132.374 0.489225 0.0709976 3 1 0
132.474 0.489378 0.0709757 3 1 0
132.574 0.489501 0.0709556 3 1 0
132.674 0.489646 0.0709334 3 1 0
132.774 0.48979 0.0709113 3 1 0
132.874 0.49004 0.0709043 3 1 0
132.974 0.490194 0.0708877 3 1 0
133.074 0.490347 0.0708709 3 1 0
133.174 0.490437 0.0708299 3 1 0
133.274 0.490584 0.0708091 3 1 0
133.374 0.490731 0.0707885 3 1 0
133.474 0.491 0.0707655 3 1 0
133.574 0.491154 0.070749 3 1 0
133.674 0.491305 0.0707328 3 1 0
133.774 0.491381 0.0706985 3 1 0
133.874 0.491529 0.0706779 3 1 0
133.974 0.491676 0.0706574 3 1 0
134.074 0.491832 0.0706571 3 1 0
134.174 0.491984 0.0706365 3 1 0
134.274 0.492135 0.0706157 3 1 0
134.374 0.492286 0.0705763 3 1 0
134.474 0.492437 0.070556 3 1 0
134.574 0.492588 0.0705358 3 1 0
134.674 0.492702 0.0705248 3 1 0
134.774 0.492848 0.0705038 3 1 0
134.874 0.492994 0.0704826 3 1 0
134.974 0.49314 0.070453 3 1 0
135.074 0.493279 0.0704338 3 1 0
135.174 0.493417 0.0704149 3 1 0
135.274 0.493708 0.0703912 3 1 0
135.374 0.493857 0.070371 3 1 0
135.474 0.494004 0.0703517 3 1 0
135.574 0.494069 0.0703466 3 1 0
135.674 0.494217 0.0703266 3 1 0
135.774 0.494365 0.0703065 3 1 0
135.874 0.494639 0.0702929 3 1 0
135.974 0.494777 0.0702688 3 1 0
136.074 0.494917 0.0702463 3 1 0
136.174 0.494999 0.0702191 3 1 0
136.274 0.495144 0.0702006 3 1 0
136.374 0.495289 0.0701824 3 1 0
136.474 0.495487 0.0701602 3 1 0
136.574 0.495637 0.0701421 3 1 0
136.674 0.495787 0.0701241 3 1 0
136.774 0.495886 0.0701082 3 1 0
136.874 0.496034 0.0700896 3 1 0
136.974 0.496183 0.0700712 3 1 0
137.074 0.496382 0.0700473 3 1 0
137.174 0.496532 0.0700286 3 1 0
137.274 0.496682 0.0700101 3 1 0
137.374 0.496795 0.0700109 3 1 0
137.474 0.496942 0.0699914 3 1 0
137.574 0.497088 0.069972 3 1 0
137.674 0.497293 0.0699444 3 1 0
137.774 0.497441 0.0699285 3 1 0
137.874 0.497589 0.0699127 3 1 0
137.974 0.497683 0.069883 3 1 0
138.074 0.497831 0.0698651 3 1 0
138.174 0.49798 0.0698473 3 1 0
138.274 0.49817 0.0698372 3 1 0
138.374 0.49832 0.0698206 3 1 0
138.474 0.49847 0.0698041 3 1 0
138.574 0.498589 0.0697835 3 1 0
138.674 0.498735 0.0697668 3 1 0
138.774 0.498881 0.0697503 3 1 0
138.874 0.499063 0.0697364 3 1 0
138.974 0.499213 0.0697175 3 1 0
139.074 0.499363 0.0696988 3 1 0
139.174 0.49946 0.0696764 3 1 0
139.274 0.499609 0.0696593 3 1 0
139.374 0.499759 0.0696422 3 1 0
139.474 0.499921 0.0696206 3 1 0
139.574 0.50007 0.0696036 3 1 0
139.674 0.50022 0.0695866 3 1 0
139.774 0.500474 0.0695859 3 1 0
139.874 0.500618 0.0695643 3 1 0
139.974 0.50076 0.069544 3 1 0
140.074 0.500835 0.069526 3 1 0
140.174 0.500983 0.0695097 3 1 0
140.274 0.501131 0.0694935 3 1 0
140.374 0.501247 0.0694848 3 1 0
140.474 0.501398 0.0694685 3 1 0
140.574 0.501548 0.069452 3 1 0
140.674 0.501695 0.0694397 3 1 0
140.774 0.50184 0.069426 3 1 0
140.874 0.501987 0.0694119 3 1 0
140.974 0.50217 0.0693706 3 1 0
141.074 0.502303 0.0693541 3 1 0
141.174 0.502434 0.0693381 3 1 0
141.274 0.50272 0.0693306 3 1 0
141.374 0.502851 0.06932 3 1 0
141.474 0.502986 0.069309 3 1 0
141.574 0.503055 0.0692771 3 1 0
141.674 0.503199 0.0692619 3 1 0
141.774 0.503344 0.0692468 3 1 0
141.874 0.503553 0.0692466 3 1 0
141.974 0.503703 0.0692281 3 1 0
142.074 0.503852 0.06921 3 1 0
142.174 0.50395 0.0691997 3 1 0
142.274 0.504095 0.0691827 3 1 0
142.374 0.50424 0.0691655 3 1 0
142.474 0.504584 0.0691462 3 1 0
142.574 0.504774 0.0691224 3 1 0
142.674 0.504915 0.0691021 3 1 0
142.774 0.504871 0.0691048 3 1 0
142.874 0.505021 0.0690887 3 1 0
142.974 0.505171 0.0690726 3 1 0
143.074 0.50527 0.0690457 3 1 0
143.174 0.505417 0.0690304 3 1 0
143.274 0.505562 0.0690152 3 1 0
143.374 0.505648 0.0690474 3 1 0
143.474 0.5058 0.0690293 3 1 0
143.574 0.505951 0.0690113 3 1 0
143.674 0.506201 0.0689613 3 1 0
143.774 0.506352 0.0689464 3 1 0
143.874 0.506502 0.0689315 3 1 0
143.974 0.506786 0.0689059 3 1 0
144.074 0.506927 0.0688903 3 1 0
144.174 0.507051 0.0688766 3 1 0
144.274 0.507074 0.0689113 3 1 0
144.374 0.507229 0.0688986 3 1 0
144.474 0.507384 0.0688862 3 1 0
144.574 0.507574 0.0688842 3 1 0
144.674 0.507717 0.0688658 3 1 0
144.774 0.507862 0.0688479 3 1 0
144.874 0.507942 0.0688188 3 1 0
144.974 0.50809 0.0688021 3 1 0
145.074 0.508237 0.0687855 3 1 0
145.174 0.508409 0.0687421 3 1 0
145.274 0.508564 0.0687276 3 1 0
145.374 0.50872 0.0687133 3 1 0
145.474 0.508882 0.068695 3 1 0
145.574 0.509039 0.068682 3 1 0
145.674 0.509195 0.0686694 3 1 0
145.774 0.509417 0.0686564 3 1 0
145.874 0.509604 0.0686473 3 1 0
145.974 0.509763 0.0686408 3 1 0
146.074 0.509758 0.0686743 3 1 0
146.174 0.509914 0.0686605 3 1 0
146.274 0.51007 0.0686464 3 1 0
146.374 0.510122 0.068613 3 1 0
146.474 0.510258 0.0686004 3 1 0
146.574 0.510395 0.0685804 3 1 0
146.674 0.510536 0.0685367 3 1 0
146.774 0.510673 0.0685203 3 1 0
146.874 0.51081 0.0685046 3 1 0
146.974 0.511003 0.068538 3 1 0
147.074 0.511176 0.0685295 3 1 0
147.174 0.511349 0.0685212 3 1 0
147.274 0.511546 0.0685192 3 1 0
147.374 0.511709 0.068506 3 1 0
147.474 0.511868 0.0684937 3 1 0
147.574 0.511935 0.0684122 3 1 0
147.674 0.512072 0.0683979 3 1 0
147.774 0.512207 0.0683839 3 1 0
147.874 0.512482 0.0683677 3 1 0
147.974 0.512642 0.0683556 3 1 0
148.074 0.512798 0.0683442 3 1 0
148.174 0.512936 0.0683457 3 1 0
148.274 0.513096 0.0683291 3 1 0
148.374 0.51326 0.0683129 3 1 0
148.474 0.513615 0.0682925 3 1 0
148.574 0.513707 0.0682781 3 1 0
148.674 0.51382 0.0682646 3 1 0
148.774 0.51393 0.0682873 3 1 0
148.874 0.514071 0.068278 3 1 0
148.974 0.514215 0.0682685 3 1 0
149.074 0.514324 0.0682317 3 1 0
149.174 0.514492 0.0682209 3 1 0
149.274 0.514659 0.0682098 3 1 0
149.374 0.514647 0.0681795 3 1 0
149.474 0.514739 0.0681672 3 1 0
149.474 0.514739 0.0681672 4 1 0
149.494 0.51468 0.0681658 3 1 0
149.516 0.51461 0.0681648 3 1 0
149.55 0.515032 0.0681583 3 1 0
149.586 0.515097 0.0681525 3 1 0
149.626 0.515163 0.0681469 3 1 0
149.686 0.515316 0.0681383 3 1 0
149.752 0.515423 0.0681292 3 1 0
149.85 0.515577 0.0681164 3 1 0
149.951 0.5158 0.0681053 3 1 0
150.05 0.516014 0.0680909 3 1 0
150.15 0.516195 0.0680792 3 1 0
150.251 0.516166 0.0680693 3 1 0
150.351 0.516329 0.0680572 3 1 0
150.451 0.516491 0.0680451 3 1 0
150.551 0.516594 0.0680521 3 1 0
150.651 0.516739 0.0680376 3 1 0
150.751 0.516883 0.0680232 3 1 0
150.851 0.517105 0.0680265 3 1 0
150.951 0.517275 0.068013 3 1 0
151.051 0.517445 0.0679992 3 1 0
151.151 0.517567 0.0679785 3 1 0
151.251 0.517733 0.0679639 3 1 0
151.35 0.517901 0.0679497 3 1 0
151.45 0.518033 0.0679282 3 1 0
151.55 0.518205 0.0679162 3 1 0
151.65 0.518386 0.0679044 3 1 0
151.75 0.518455 0.0678944 3 1 0
151.85 0.518567 0.0678849 4 1 0
151.95 0.518657 0.0678759 4 1 0
152.05 0.51908 0.0678761 3 1 0
152.15 0.519265 0.0678647 3 1 0
152.25 0.519455 0.0678525 3 1 0
152.35 0.519696 0.0678791 3 1 0
152.45 0.519793 0.0678576 3 1 0
152.55 0.519902 0.0678391 3 1 0
152.65 0.519973 0.0677896 3 1 0
152.75 0.520141 0.0677782 3 1 0
152.85 0.520309 0.0677669 3 1 0
152.95 0.520443 0.067777 3 1 0
153.05 0.520606 0.0677655 3 1 0
153.15 0.520769 0.0677544 3 1 0
153.25 0.52093 0.0677223 3 1 0
153.35 0.521117 0.0677111 3 1 0
153.45 0.521296 0.0676997 3 1 0
153.55 0.521446 0.0676896 3 1 0
153.65 0.521612 0.0676796 3 1 0
153.75 0.52178 0.0676697 3 1 0
153.85 0.522005 0.0676781 3 1 0
153.95 0.52216 0.0676645 3 1 0
154.05 0.522304 0.0676507 3 1 0
154.15 0.522677 0.0676341 3 1 0
154.25 0.522759 0.0676185 3 1 0
154.35 0.522867 0.0676051 3 1 0
154.45 0.522948 0.0675909 3 1 0
154.55 0.523118 0.06758 3 1 0
154.65 0.523287 0.0675692 3 1 0
154.75 0.523421 0.0675553 3 1 0
154.85 0.523588 0.0675446 3 1 0
154.95 0.523756 0.0675339 3 1 0
155.05 0.524003 0.0675246 3 1 0
155.15 0.52414 0.0675152 3 1 0
155.25 0.524287 0.0675059 3 1 0
155.35 0.52441 0.067497 3 1 0
155.45 0.524585 0.0674865 3 1 0
155.55 0.524758 0.0674763 3 1 0
155.65 0.524861 0.0675127 3 1 0
155.75 0.525016 0.0675106 3 1 0
155.85 0.525167 0.0675105 3 1 0
155.95 0.525421 0.0674486 3 1 0
156.05 0.525612 0.0674368 3 1 0
156.15 0.52579 0.0674249 4 1 0
156.25 0.52514 0.0674094 4 1 0
156.35 0.525513 0.0673963 4 1 0
156.45 0.525938 0.0673827 4 1 0
156.55 0.526429 0.0673847 3 1 0
156.65 0.526591 0.0673738 3 1 0
156.75 0.526751 0.0673633 3 1 0
156.85 0.526998 0.0673401 3 1 0
156.95 0.527172 0.0673299 3 1 0
157.05 0.527343 0.0673199 3 1 0
157.15 0.527611 0.0673291 3 1 0
157.25 0.527749 0.0673241 3 1 0
157.35 0.5279 0.0673184 3 1 0
157.45 0.52801 0.0673349 3 1 0
157.55 0.528188 0.0673254 3 1 0
157.65 0.528365 0.0673165 3 1 0
157.75 0.528517 0.0672834 3 1 0
157.85 0.528689 0.0672734 3 1 0
157.95 0.52886 0.067264 3 1 0
158.051 0.5293 0.0672508 3 1 0
158.15 0.529385 0.0672537 3 1 0
158.25 0.529475 0.0672551 3 1 0
158.35 0.529524 0.0671935 3 1 0
158.45 0.529708 0.0671838 3 1 0
158.55 0.529892 0.067174 3 1 0
158.65 0.530104 0.0672274 3 1 0
158.75 0.530261 0.0672226 3 1 0
158.85 0.530425 0.0672172 3 1 0
158.95 0.53075 0.0671378 3 1 0
159.05 0.530828 0.0671336 3 1 0
159.15 0.530927 0.0671291 3 1 0
159.25 0.530987 0.0671033 3 1 0
159.35 0.531178 0.0670947 3 1 0
159.45 0.53137 0.0670864 3 1 0
159.55 0.531304 0.0671192 3 1 0
159.649 0.531503 0.0670962 3 1 0
159.749 0.531842 0.0670812 4 1 0
159.85 0.532643 0.0670421 3 1 0
159.95 0.532593 0.0670418 4 1 0
160.05 0.532579 0.0670406 4 1 0
160.15 0.532701 0.0670701 3 1 0
160.25 0.532899 0.0670543 3 1 0
160.349 0.533048 0.0670312 3 1 0
160.45 0.532966 0.0669871 3 1 0
160.55 0.533128 0.0669775 3 1 0
160.65 0.533291 0.0669683 3 1 0
160.75 0.533582 0.0669798 3 1 0
160.85 0.533788 0.0669677 3 1 0
160.949 0.53399 0.0669559 3 1 0
161.05 0.534423 0.0669325 3 1 0
161.15 0.534524 0.0669211 3 1 0
161.249 0.53468 0.0669121 3 1 0
161.35 0.53476 0.0669082 3 1 0
161.45 0.534941 0.0668987 3 1 0
161.55 0.535126 0.0668896 3 1 0
161.65 0.535482 0.0668906 4 1 0
161.75 0.535605 0.0668789 4 1 0
161.85 0.535774 0.0668681 3 1 0
161.949 0.53638 0.0669137 3 1 0
162.049 0.536494 0.0669231 3 1 0
162.149 0.536589 0.0669142 3 1 0
162.249 0.536622 0.0668603 3 1 0
162.349 0.536822 0.0668514 3 1 0
162.449 0.537021 0.0668433 3 1 0
162.549 0.537093 0.0668198 3 1 0
162.649 0.537343 0.0668103 3 1 0
162.749 0.537561 0.0668027 3 1 0
162.849 0.537971 0.0668145 3 1 0
162.949 0.538046 0.0668154 3 1 0
163.049 0.538189 0.0668132 3 1 0
163.149 0.538306 0.0667989 3 1 0
163.249 0.538511 0.0667921 3 1 0
163.349 0.53871 0.0667822 3 1 0
163.449 0.539208 0.0667315 3 1 0
163.549 0.539369 0.0667131 3 1 0
163.648 0.539417 0.0667005 3 1 0
163.749 0.539255 0.0666924 3 1 0
163.849 0.539465 0.0666836 3 1 0
163.949 0.539675 0.0666754 3 1 0
163.268 0.538175 0.0667377 4 1 0
163.368 0.538488 0.066728 4 1 0
163.468 0.538663 0.06672 4 1 0
163.568 0.538888 0.0667167 4 1 0
163.668 0.538962 0.0667072 4 1 0
163.746 0.53631 0.0667389 3 1 0
163.634 0.538952 0.0667303 4 1 0
163.532 0.538701 0.0667376 3 1 0
163.432 0.5385 0.0667439 3 1 0
163.331 0.539022 0.0667636 3 1 0
163.231 0.538813 0.0667794 3 1 0
163.131 0.538589 0.0667962 3 1 0
163.031 0.538085 0.0667885 3 1 0
162.931 0.537886 0.0667998 3 1 0
162.831 0.537689 0.0668109 3 1 0
162.731 0.537507 0.0667819 3 1 0
162.631 0.537321 0.0667908 3 1 0
162.531 0.537134 0.0667997 3 1 0
162.431 0.536935 0.0668146 3 1 0
162.331 0.536755 0.0668235 3 1 0
162.231 0.536574 0.0668324 3 1 0
162.131 0.536361 0.0668505 3 1 0
162.031 0.536168 0.0668622 3 1 0
161.931 0.535976 0.0668737 3 1 0
161.831 0.535688 0.066864 3 1 0
161.731 0.535469 0.0668753 3 1 0
161.631 0.535245 0.0668879 3 1 0
161.531 0.535366 0.0668949 3 1 0
161.431 0.53507 0.0669038 3 1 0
161.331 0.534837 0.0669133 3 1 0
161.231 0.534701 0.0669596 3 1 0
161.131 0.534511 0.0669726 3 1 0
161.031 0.534321 0.0669859 3 1 0
160.931 0.533633 0.0669574 3 1 0
160.831 0.533437 0.0669686 3 1 0
160.731 0.533273 0.0669797 3 1 0
160.631 0.533447 0.0669807 3 1 0
160.531 0.533272 0.0669893 3 1 0
160.431 0.533106 0.0669978 3 1 0
160.331 0.533015 0.0670579 3 1 0
160.231 0.532853 0.0670688 3 1 0
160.131 0.532691 0.0670793 3 1 0
160.031 0.532592 0.0670885 3 1 0
159.931 0.532414 0.0670963 3 1 0
159.831 0.532236 0.0671041 3 1 0
159.731 0.532012 0.0670923 3 1 0
159.631 0.531835 0.067103 3 1 0
159.531 0.531658 0.0671139 3 1 0
159.431 0.531467 0.0671442 3 1 0
159.331 0.531294 0.067154 3 1 0
159.331 0.531294 0.067154 4 1 0
159.351 0.531332 0.06715 3 1 0
159.381 0.531387 0.067145 3 1 0
159.426 0.531477 0.0670926 3 1 0
159.494 0.531597 0.0670856 3 1 0
159.594 0.531775 0.0670753 3 1 0
159.694 0.53193 0.0670757 3 1 0
159.794 0.532111 0.0670681 3 1 0
159.894 0.532292 0.0670606 3 1 0
159.994 0.532543 0.0670366 3 1 0
160.094 0.53272 0.0670277 3 1 0
160.194 0.532897 0.0670188 3 1 0
160.294 0.533067 0.0670336 3 1 0
160.394 0.533249 0.0670231 3 1 0
160.494 0.533431 0.0670127 3 1 0
160.594 0.533551 0.067031 3 1 0
160.694 0.533732 0.0670177 3 1 0
160.794 0.533913 0.0670046 3 1 0
160.894 0.534086 0.0669825 3 1 0
160.994 0.534267 0.06697 3 1 0
161.094 0.534448 0.0669576 3 1 0
161.194 0.534749 0.0669662 3 1 0
161.294 0.534944 0.0669568 3 1 0
161.394 0.535134 0.0669475 3 1 0
161.494 0.535269 0.0668955 3 1 0
161.594 0.535459 0.0668861 3 1 0
161.694 0.535649 0.0668767 3 1 0
161.794 0.535777 0.0668886 3 1 0
161.894 0.535963 0.0668769 3 1 0
161.994 0.536149 0.0668654 3 1 0
162.094 0.536204 0.066903 3 1 0
162.194 0.536403 0.0668944 3 1 0
162.294 0.536608 0.0668857 3 1 0
162.394 0.537065 0.0668151 3 1 0
162.494 0.53722 0.0668063 3 1 0
162.594 0.537376 0.0667976 3 1 0
162.694 0.53733 0.0668081 3 1 0
162.794 0.537497 0.0667987 3 1 0
162.894 0.53766 0.0667901 3 1 0
162.994 0.538129 0.0668189 3 1 0
163.094 0.538316 0.0668079 3 1 0
163.194 0.538504 0.0667968 3 1 0
163.294 0.5387 0.0667322 3 1 0
163.394 0.53889 0.0667233 3 1 0
163.494 0.53908 0.0667143 3 1 0
163.594 0.539214 0.0667098 3 1 0
163.694 0.539411 0.0667016 3 1 0
163.794 0.539609 0.0666936 3 1 0
163.894 0.539976 0.0667565 3 1 0
163.994 0.540212 0.0667471 3 1 0
164.094 0.540437 0.066738 3 1 0
164.194 0.540344 0.0667179 3 1 0
164.294 0.540559 0.0667092 3 1 0
164.394 0.540782 0.0667006 3 1 0
164.494 0.541019 0.0666362 3 1 0
164.594 0.541218 0.0666267 3 1 0
164.694 0.541419 0.0666174 3 1 0
164.794 0.541712 0.0666358 3 1 0
164.894 0.541915 0.0666275 3 1 0
164.994 0.542114 0.0666191 3 1 0
165.094 0.542168 0.0665981 3 1 0
165.194 0.542379 0.0665922 3 1 0
165.294 0.54259 0.0665865 3 1 0
165.394 0.542451 0.0666068 3 1 0
165.494 0.542608 0.0665982 3 1 0
165.594 0.542774 0.0665888 3 1 0
165.694 0.543489 0.0665443 3 1 0
165.794 0.543684 0.0665368 3 1 0
165.894 0.543879 0.0665296 3 1 0
165.994 0.544249 0.0665053 3 1 0
166.094 0.544431 0.0665071 3 1 0
166.194 0.544617 0.0665096 3 1 0
166.294 0.544903 0.0665252 3 1 0
166.394 0.545124 0.0665172 3 1 0
166.494 0.545339 0.0665092 3 1 0
166.594 0.545345 0.0665014 3 1 0
166.694 0.545563 0.066496 3 1 0
166.794 0.545781 0.0664906 3 1 0
166.894 0.546 0.0664501 3 1 0
166.994 0.546218 0.0664452 3 1 0
167.094 0.546435 0.0664402 3 1 0
167.194 0.546628 0.0664074 3 1 0
167.294 0.546842 0.0663981 3 1 0
167.394 0.547056 0.066389 3 1 0
167.494 0.547385 0.0663777 3 1 0
167.594 0.547594 0.0663696 3 1 0
167.694 0.547804 0.0663617 3 1 0
167.794 0.547848 0.0663939 3 1 0
167.894 0.548055 0.0663834 3 1 0
167.994 0.548262 0.0663733 3 1 0
168.094 0.548703 0.0664288 3 1 0
168.194 0.548926 0.0664171 3 1 0
168.294 0.549148 0.0664034 3 1 0
168.394 0.549294 0.0663198 3 1 0
168.494 0.549515 0.0663089 3 1 0
168.594 0.549735 0.0662981 3 1 0
168.694 0.549907 0.0663599 3 1 0
168.794 0.550124 0.0663579 3 1 0
168.894 0.55034 0.0663564 3 1 0
168.994 0.550044 0.0662567 3 1 0
169.094 0.550199 0.0662504 3 1 0
169.194 0.550414 0.0662445 3 1 0
169.294 0.551567 0.0662391 3 1 0
169.394 0.551751 0.0662319 3 1 0
169.494 0.551934 0.0662247 3 1 0
169.594 0.551624 0.066246 3 1 0
169.694 0.551914 0.0662377 3 1 0
169.794 0.552296 0.0662296 3 1 0
169.894 0.553084 0.0662791 3 1 0
169.994 0.553169 0.066282 3 1 0
170.094 0.553224 0.0662814 3 1 0
170.194 0.553441 0.0661824 3 1 0
170.294 0.553695 0.0661769 3 1 0
170.394 0.553949 0.0661718 3 1 0
170.494 0.554407 0.06616 3 1 0
170.594 0.554528 0.0661511 3 1 0
170.694 0.554656 0.0661428 3 1 0
170.794 0.554993 0.066141 3 1 0
170.894 0.555251 0.0661291 3 1 0
170.994 0.555509 0.0661172 3 1 0
171.094 0.555946 0.0661599 3 1 0
171.194 0.555962 0.0661453 3 1 0
171.294 0.555966 0.0661322 3 1 0
171.394 0.556383 0.0661967 3 1 0
171.494 0.556577 0.0661855 3 1 0
171.594 0.556733 0.0661713 3 1 0
171.694 0.557232 0.0661285 3 1 0
171.794 0.557269 0.0661309 3 1 0
171.894 0.557312 0.0661326 3 1 0
171.993 0.558196 0.066094 3 1 0
172.094 0.55844 0.0660842 3 1 0
172.194 0.558683 0.0660742 3 1 0
172.294 0.559045 0.0660076 3 1 0
172.394 0.559321 0.0660002 3 1 0
172.494 0.559588 0.065993 3 1 0
172.594 0.55976 0.0659758 3 1 0
172.694 0.560024 0.0659677 3 1 0
172.794 0.560289 0.0659595 3 1 0
172.894 0.560485 0.065986 3 1 0
172.994 0.560746 0.0659832 3 1 0
173.094 0.561007 0.0659811 3 1 0
173.194 0.561637 0.0660072 3 1 0
173.294 0.561943 0.0660009 3 1 0
173.394 0.562195 0.0659983 3 1 0
173.494 0.562295 0.0659052 3 1 0
173.594 0.562565 0.0658962 3 1 0
173.694 0.562837 0.0658873 3 1 0
173.794 0.563187 0.0659201 3 1 0
173.894 0.563467 0.0659162 3 1 0
173.994 0.563747 0.0659126 3 1 0
174.094 0.563948 0.065935 3 1 0
174.194 0.564231 0.0659186 3 1 0
174.294 0.564515 0.0659018 3 1 0
174.394 0.564807 0.0658523 3 1 0
174.494 0.565078 0.0658419 3 1 0
174.594 0.565328 0.0658326 3 1 0
174.694 0.566267 0.0659274 4 1 0
174.795 0.566067 0.0659391 4 1 0
174.895 0.56633 0.0659213 4 1 0
174.995 0.564638 0.0658554 3 1 0
175.097 0.564798 0.065848 3 1 0
175.197 0.565031 0.065843 3 1 0
175.297 0.5679 0.0657643 4 1 0
175.398 0.5684 0.0657513 3 1 0
175.498 0.568784 0.0657431 3 1 0
175.598 0.568697 0.0658674 3 1 0
175.699 0.569026 0.0658657 3 1 0
175.799 0.569357 0.0658637 3 1 0
175.899 0.569345 0.0658113 3 1 0
175.999 0.569577 0.065805 3 1 0
176.099 0.56984 0.0657958 3 1 0
176.199 0.570642 0.0657693 3 1 0
176.299 0.570981 0.0657574 3 1 0
176.399 0.571321 0.0657464 3 1 0
176.499 0.571476 0.0657071 3 1 0
176.599 0.571794 0.0657007 3 1 0
176.699 0.572111 0.0656947 3 1 0
176.799 0.572498 0.0657607 3 1 0
176.899 0.57299 0.065755 3 1 0
176.999 0.573412 0.0657378 4 1 0
177.099 0.573809 0.065727 4 1 0
177.199 0.574136 0.0657096 4 1 0
177.299 0.574477 0.0656929 4 1 0
177.399 0.574837 0.065642 4 1 0
177.499 0.575114 0.0656315 4 1 0
177.599 0.57549 0.0656226 4 1 0
177.699 0.575603 0.0656451 3 1 0
177.799 0.575689 0.0656627 3 1 0
177.897 0.575515 0.0657058 3 1 0
177.998 0.576931 0.0655568 3 1 0
178.098 0.577036 0.0655497 3 1 0
178.197 0.577167 0.0655502 3 1 0
178.297 0.577126 0.0656429 3 1 0
178.397 0.577731 0.0656349 4 1 0
178.497 0.57828 0.0656323 4 1 0
178.597 0.579117 0.0656552 3 1 0
178.697 0.57958 0.065653 3 1 0
178.797 0.579963 0.0656418 3 1 0
178.897 0.580056 0.0655418 3 1 0
178.996 0.580308 0.0655419 3 1 0
178.996 0.580308 0.0655419 4 1 0
179.016 0.580728 0.0655454 4 1 0
179.018 0.58099 0.0655456 4 1 0
179.061 0.582069 0.0655506 3 1 0
179.104 0.581276 0.065577 4 1 0
179.177 0.581683 0.0655783 4 1 0
179.174 0.581813 0.0655056 4 1 0
179.274 0.58235 0.0654884 4 1 0
179.374 0.5828 0.0654719 4 1 0
179.473 0.583631 0.0654351 3 1 0
179.573 0.584363 0.0654165 3 1 0
179.671 0.584486 0.0654122 4 1 0
179.773 0.584173 0.0654952 3 1 0
179.873 0.584723 0.0654855 3 1 0
179.973 0.58527 0.0654811 3 1 0
180.073 0.586294 0.0654345 3 1 0
180.173 0.58653 0.0654437 4 1 0
180.273 0.586921 0.0654459 4 1 0
180.373 0.587624 0.0653906 4 1 0
180.472 0.587957 0.0653821 4 1 0
180.572 0.588411 0.0653738 4 1 0
180.672 0.58884 0.0654134 3 1 0
180.772 0.589294 0.0653799 3 1 0
180.872 0.589738 0.065354 3 1 0
180.832 0.58943 0.0653345 4 1 0
180.948 0.589823 0.0653357 4 1 0
181.048 0.590484 0.0653369 4 1 0
181.148 0.591771 0.0652885 4 1 0
181.248 0.591759 0.0652851 4 1 0
181.348 0.592314 0.0652731 4 1 0
181.39 0.592473 0.0652758 3 1 0
181.49 0.593104 0.0652696 3 1 0
181.59 0.593658 0.0652645 3 1 0
181.69 0.594323 0.0653089 3 1 0
181.79 0.59506 0.0652798 3 1 0
181.889 0.595662 0.0652581 3 1 0
181.989 0.595601 0.0652877 3 1 0
182.089 0.59603 0.0653118 3 1 0
182.188 0.596514 0.0653222 3 1 0
182.29 0.595955 0.0652635 3 1 0
182.387 0.593747 0.0653079 3 1 0
182.387 0.593747 0.0653079 3 1 0
130 0.485669 0.0716025 4 1 0
130.02 0.486012 0.0715104 3 1 0
130.038 0.484688 0.0719801 4 1 0
130.073 0.485758 0.0715335 3 1 0
130.102 0.485804 0.0715255 3 1 0
130.131 0.485852 0.0715174 3 1 0
130.19 0.485919 0.0714962 3 1 0
130.278 0.486043 0.0714753 3 1 0
130.374 0.486181 0.0714524 3 1 0
130.474 0.486317 0.0714364 3 1 0
130.574 0.486475 0.071414 3 1 0
130.674 0.486633 0.0713917 3 1 0
130.774 0.486758 0.0713692 3 1 0
130.874 0.486913 0.0713451 3 1 0
130.974 0.487067 0.0713212 3 1 0
131.074 0.487245 0.0712932 3 1 0
131.174 0.4874 0.0712697 3 1 0
131.274 0.487555 0.0712463 3 1 0
131.374 0.48768 0.0712227 3 1 0
131.474 0.48783 0.0711999 3 1 0
131.574 0.487979 0.0711774 3 1 0
131.674 0.488135 0.0711545 3 1 0
131.774 0.488289 0.0711318 3 1 0
131.874 0.488444 0.0711093 3 1 0
131.974 0.488632 0.0710889 3 1 0
132.074 0.48879 0.0710679 3 1 0
132.174 0.488946 0.0710471 3 1 0
132.274 0.489073 0.0710195 3 1 0
132.374 0.489225 0.0709976 3 1 0
132.474 0.489378 0.0709757 3 1 0
132.574 0.489501 0.0709556 3 1 0
132.674 0.489646 0.0709334 3 1 0
132.774 0.48979 0.0709113 3 1 0
132.874 0.49004 0.0709043 3 1 0
132.974 0.490194 0.0708877 3 1 0
133.074 0.490347 0.0708709 3 1 0
133.174 0.490437 0.0708299 3 1 0
133.274 0.490584 0.0708091 3 1 0
133.374 0.490731 0.0707885 3 1 0
133.474 0.491 0.0707655 3 1 0
133.574 0.491154 0.070749 3 1 0
133.674 0.491305 0.0707328 3 1 0
133.774 0.491381 0.0706985 3 1 0
133.874 0.491529 0.0706779 3 1 0
133.974 0.491676 0.0706574 3 1 0
134.074 0.491832 0.0706571 3 1 0
134.174 0.491984 0.0706364 3 1 0
134.274 0.492135 0.0706157 3 1 0
134.374 0.492286 0.0705763 3 1 0
134.474 0.492437 0.070556 3 1 0
134.574 0.492588 0.0705358 3 1 0
134.674 0.492701 0.0705271 3 1 0
134.774 0.492848 0.070506 3 1 0
134.874 0.492994 0.0704849 3 1 0
134.974 0.493143 0.0704532 3 1 0
135.074 0.493286 0.0704338 3 1 0
135.174 0.493426 0.0704148 3 1 0
135.274 0.49372 0.0703913 3 1 0
135.374 0.49387 0.0703709 3 1 0
135.474 0.494017 0.0703516 3 1 0
135.574 0.494071 0.0703467 3 1 0
135.674 0.49422 0.070327 3 1 0
135.774 0.49437 0.0703075 3 1 0
135.874 0.494515 0.0702913 3 1 0
135.974 0.494656 0.0702695 3 1 0
136.074 0.494799 0.0702483 3 1 0
136.174 0.495041 0.0702176 3 1 0
136.274 0.495193 0.0702002 3 1 0
136.374 0.495344 0.070183 3 1 0
136.474 0.495447 0.070168 3 1 0
136.574 0.495597 0.0701489 3 1 0
136.674 0.495747 0.0701297 3 1 0
136.774 0.495862 0.0701124 3 1 0
136.874 0.496012 0.0700941 3 1 0
136.974 0.496162 0.0700758 3 1 0
137.074 0.496314 0.0700602 3 1 0
137.174 0.496457 0.0700397 3 1 0
137.274 0.496603 0.0700198 3 1 0
137.374 0.496813 0.0699959 3 1 0
137.474 0.496965 0.0699761 3 1 0
137.574 0.497117 0.0699568 3 1 0
137.674 0.49724 0.0699372 3 1 0
137.774 0.49739 0.069919 3 1 0
137.874 0.497541 0.069901 3 1 0
137.974 0.497652 0.069932 3 1 0
138.074 0.497803 0.0699117 3 1 0
138.174 0.497954 0.0698914 3 1 0
138.274 0.49817 0.0698551 3 1 0
138.374 0.49832 0.0698381 3 1 0
138.474 0.498469 0.0698177 3 1 0
138.574 0.498584 0.0697783 3 1 0
138.674 0.49873 0.0697611 3 1 0
138.774 0.498876 0.0697441 3 1 0
138.874 0.498981 0.069734 3 1 0
138.974 0.49911 0.069714 3 1 0
139.074 0.499237 0.0696943 3 1 0
139.174 0.499417 0.0696736 3 1 0
139.274 0.49957 0.0696562 3 1 0
139.374 0.499723 0.069639 3 1 0
139.474 0.499854 0.0696231 3 1 0
139.574 0.499998 0.0696064 3 1 0
139.674 0.500143 0.0695898 3 1 0
139.774 0.500266 0.0695736 3 1 0
139.874 0.500404 0.0695559 3 1 0
139.974 0.500553 0.0695385 3 1 0
140.074 0.500748 0.0695299 3 1 0
140.174 0.500911 0.0695105 3 1 0
140.274 0.501072 0.0694914 3 1 0
140.374 0.501192 0.0694842 3 1 0
140.474 0.501358 0.0694659 3 1 0
140.574 0.501522 0.0694483 3 1 0
140.674 0.501686 0.0694216 3 1 0
140.774 0.501843 0.0694047 3 1 0
140.874 0.502 0.069388 3 1 0
140.974 0.502152 0.0693845 3 1 0
141.074 0.502307 0.0693664 3 1 0
141.174 0.502461 0.0693486 3 1 0
141.274 0.502632 0.0693391 3 1 0
141.374 0.502785 0.0693247 3 1 0
141.474 0.502937 0.0693098 3 1 0
141.574 0.502987 0.0692762 3 1 0
141.674 0.503146 0.0692605 3 1 0
141.774 0.503306 0.0692451 3 1 0
141.874 0.503518 0.0692286 3 1 0
141.974 0.503666 0.0692133 3 1 0
142.074 0.503813 0.0691981 3 1 0
142.174 0.503948 0.0691892 3 1 0
142.274 0.504101 0.0691748 3 1 0
142.374 0.504254 0.0691605 3 1 0
142.474 0.504487 0.0691361 3 1 0
142.574 0.504625 0.0691186 3 1 0
142.674 0.504755 0.0691022 3 1 0
142.774 0.504833 0.0691143 3 1 0
142.874 0.504986 0.0690994 3 1 0
142.974 0.505138 0.0690845 3 1 0
143.074 0.505306 0.0690477 3 1 0
143.174 0.505453 0.0690317 3 1 0
143.274 0.505599 0.0690159 3 1 0
143.374 0.505734 0.0690175 3 1 0
143.474 0.505889 0.0690036 3 1 0
143.574 0.506043 0.0689899 3 1 0
143.674 0.506181 0.0689822 3 1 0
143.774 0.50635 0.0689598 3 1 0
143.874 0.506512 0.0689378 3 1 0
143.974 0.506609 0.068943 3 1 0
144.074 0.506766 0.0689293 3 1 0
144.174 0.506921 0.0689157 3 1 0
144.274 0.507034 0.0688881 3 1 0
144.374 0.507187 0.0688695 3 1 0
144.474 0.50734 0.068851 3 1 0
144.574 0.5075 0.0688205 3 1 0
144.674 0.507656 0.068806 3 1 0
144.774 0.507813 0.0687914 3 1 0
144.874 0.507942 0.0687785 3 1 0
144.974 0.508099 0.0687634 3 1 0
145.074 0.508255 0.0687487 3 1 0
145.174 0.508399 0.0687368 3 1 0
145.274 0.508556 0.0687224 3 1 0
145.374 0.508712 0.0687082 3 1 0
145.474 0.508941 0.0687104 3 1 0
145.574 0.509087 0.0686895 3 1 0
145.674 0.509217 0.0686699 3 1 0
145.774 0.50927 0.0686611 3 1 0
145.874 0.509426 0.0686474 3 1 0
145.974 0.509582 0.0686337 3 1 0
146.074 0.509753 0.0686501 3 1 0
146.174 0.509912 0.068642 3 1 0
146.274 0.510069 0.0686345 3 1 0
146.374 0.510315 0.0685752 3 1 0
146.474 0.51043 0.0685643 3 1 0
146.574 0.510559 0.068553 3 1 0
146.674 0.510683 0.0685482 3 1 0
146.774 0.510842 0.0685348 3 1 0
146.874 0.510999 0.0685217 3 1 0
146.974 0.511133 0.0684865 3 1 0
147.074 0.511293 0.0684732 3 1 0
147.174 0.511452 0.06846 3 1 0
147.274 0.511309 0.0684533 3 1 0
147.374 0.511447 0.0684401 3 1 0
147.474 0.511584 0.0684271 3 1 0
147.574 0.512054 0.0684279 3 1 0
147.675 0.51221 0.0684148 3 1 0
147.775 0.512365 0.0684016 3 1 0
147.875 0.512633 0.0684033 3 1 0
147.975 0.512753 0.0683968 3 1 0
148.074 0.512878 0.06839 3 1 0
148.174 0.512993 0.068408 3 1 0
148.274 0.513124 0.0684022 3 1 0
148.374 0.513257 0.068396 3 1 0
148.474 0.513401 0.068309 3 1 0
148.574 0.513562 0.0682959 3 1 0
148.674 0.513722 0.0682829 3 1 0
148.774 0.513917 0.0682513 3 1 0
148.874 0.514072 0.0682387 3 1 0
148.974 0.514234 0.0682264 3 1 0
149.074 0.514321 0.0682583 3 1 0
149.174 0.514469 0.068245 3 1 0
149.274 0.514616 0.0682316 3 1 0
149.374 0.515027 0.0682301 3 1 0
149.474 0.51519 0.0682322 3 1 0
130 0.485669 0.0716025 4 1 0
129.98 0.485963 0.0715221 3 1 0
129.962 0.484609 0.0720024 4 1 0
129.927 0.485531 0.0715684 3 1 0
129.898 0.48549 0.0715742 3 1 0
129.869 0.485447 0.0715801 3 1 0
129.81 0.485317 0.071588 3 1 0
129.746 0.485217 0.0716039 3 1 0
129.649 0.485069 0.0716276 3 1 0
129.549 0.484898 0.0716585 3 1 0
129.449 0.484745 0.0716834 3 1 0
129.349 0.484592 0.0717083 3 1 0
129.249 0.484417 0.0717283 3 1 0
129.149 0.484266 0.0717533 3 1 0
129.049 0.484115 0.0717784 3 1 0
128.949 0.48398 0.0718252 3 1 0
128.849 0.483824 0.0718501 3 1 0
128.749 0.483668 0.0718749 3 1 0
128.649 0.483487 0.0718875 3 1 0
128.549 0.483332 0.0719128 3 1 0
128.449 0.483177 0.0719383 3 1 0
128.349 0.482992 0.0719753 3 1 0
128.249 0.482832 0.0720008 3 1 0
128.149 0.482672 0.0720261 3 1 0
128.049 0.482557 0.0720325 3 1 0
127.949 0.4824 0.0720586 3 1 0
127.849 0.482243 0.0720847 3 1 0
127.749 0.482109 0.07216 3 1 0
127.649 0.481946 0.072182 3 1 0
127.549 0.481783 0.0722045 3 1 0
127.449 0.481658 0.0722472 3 1 0
127.349 0.481488 0.0722816 3 1 0
127.249 0.481318 0.0723157 3 1 0
127.149 0.481141 0.0722694 3 1 0
127.049 0.480983 0.0722964 3 1 0
126.949 0.480826 0.0723234 3 1 0
126.849 0.480664 0.0723507 3 1 0
126.749 0.480507 0.072378 3 1 0
126.649 0.480351 0.0724055 3 1 0
126.549 0.480176 0.0724402 3 1 0
126.449 0.480015 0.0724688 3 1 0
126.349 0.479853 0.0724975 3 1 0
126.249 0.47968 0.0725232 3 1 0
126.149 0.479517 0.0725502 3 1 0
126.049 0.479354 0.0725775 3 1 0
125.949 0.479196 0.0726172 3 1 0
125.849 0.479042 0.072644 3 1 0
125.749 0.478888 0.072671 3 1 0
125.649 0.478745 0.0727229 3 1 0
125.549 0.478585 0.0727525 3 1 0
125.449 0.478425 0.0727823 3 1 0
125.349 0.478299 0.0727741 3 1 0
125.249 0.478148 0.0728049 3 1 0
125.149 0.477995 0.0728359 3 1 0
125.049 0.477798 0.0728902 3 1 0
124.949 0.477636 0.0729186 3 1 0
124.849 0.477474 0.0729473 3 1 0
124.749 0.477299 0.0729553 3 1 0
124.649 0.477135 0.0729843 3 1 0
124.549 0.476971 0.0730135 3 1 0
124.449 0.476806 0.0730399 3 1 0
124.349 0.476644 0.0730698 3 1 0
124.249 0.476481 0.0730999 3 1 0
124.149 0.476318 0.0731316 3 1 0
124.049 0.476154 0.0731625 3 1 0
123.949 0.475991 0.0731935 3 1 0
123.849 0.475831 0.0732353 3 1 0
123.749 0.475669 0.0732643 3 1 0
123.649 0.475513 0.0732936 3 1 0
123.549 0.475381 0.0733464 3 1 0
123.449 0.475226 0.0733747 3 1 0
123.349 0.475071 0.0734034 3 1 0
123.249 0.474891 0.0734339 3 1 0
123.149 0.474718 0.0734636 3 1 0
123.049 0.474545 0.0734939 3 1 0
122.949 0.474371 0.073524 3 1 0
122.849 0.474212 0.0735547 3 1 0
122.749 0.474053 0.0735858 3 1 0
122.649 0.473879 0.0736273 3 1 0
122.549 0.473715 0.0736596 3 1 0
122.449 0.47355 0.073692 3 1 0
122.349 0.473375 0.0737307 3 1 0
122.249 0.473208 0.0737627 3 1 0
122.149 0.473042 0.0737948 3 1 0
122.049 0.472877 0.0737986 3 1 0
121.949 0.47272 0.0738319 3 1 0
121.849 0.472562 0.0738655 3 1 0
121.749 0.472454 0.0739131 3 1 0
121.649 0.472302 0.0739536 3 1 0
121.549 0.472144 0.0739943 3 1 0
121.449 0.471926 0.0740135 3 1 0
121.349 0.471758 0.0740484 3 1 0
121.249 0.471591 0.0740834 3 1 0
121.149 0.471413 0.0741147 3 1 0
121.049 0.471243 0.0741504 3 1 0
120.949 0.471073 0.0741864 3 1 0
120.849 0.470826 0.0742109 3 1 0
120.749 0.470656 0.0742471 3 1 0
120.65 0.470508 0.0742855 3 1 0
120.549 0.470355 0.0743474 3 1 0
120.449 0.470268 0.0743695 3 1 0
120.349 0.47017 0.0743944 3 1 0
120.249 0.469912 0.0744497 3 1 0
120.149 0.469742 0.0744867 3 1 0
120.049 0.469572 0.0745238 3 1 0
119.949 0.469387 0.0745328 3 1 0
119.849 0.469223 0.0745689 3 1 0
119.749 0.46906 0.0746053 3 1 0
119.649 0.468899 0.0746424 3 1 0
119.549 0.468729 0.0746795 3 1 0
119.449 0.468558 0.0747168 3 1 0
119.349 0.46839 0.0747538 3 1 0
119.249 0.468216 0.0747916 3 1 0
119.149 0.468043 0.0748296 3 1 0
119.049 0.467936 0.0748703 3 1 0
118.949 0.467764 0.0749105 3 1 0
118.849 0.467591 0.0749508 3 1 0
118.749 0.467385 0.0749829 3 1 0
118.649 0.467211 0.0750213 3 1 0
118.549 0.467037 0.07506 3 1 0
118.449 0.466857 0.0751008 3 1 0
118.349 0.466683 0.0751404 3 1 0
118.249 0.466508 0.0751802 3 1 0
118.149 0.466312 0.0752414 3 1 0
118.049 0.466132 0.0752771 3 1 0
117.949 0.465952 0.0753135 3 1 0
117.849 0.465801 0.0753439 3 1 0
117.749 0.465624 0.0753841 3 1 0
117.649 0.465446 0.0754245 3 1 0
117.549 0.465264 0.0755113 3 1 0
117.449 0.465086 0.0755544 3 1 0
117.349 0.464909 0.0755978 3 1 0
117.249 0.464733 0.0756323 3 1 0
117.149 0.464555 0.0756723 3 1 0
117.049 0.464377 0.0757125 3 1 0
116.949 0.464193 0.0757158 3 1 0
116.849 0.464015 0.0757585 3 1 0
116.749 0.463837 0.0758014 3 1 0
116.649 0.46366 0.075848 3 1 0
116.549 0.46348 0.0758896 3 1 0
116.449 0.463299 0.0759315 3 1 0
116.349 0.463113 0.07597 3 1 0
116.249 0.462932 0.076014 3 1 0
116.149 0.46275 0.0760583 3 1 0
116.049 0.462568 0.0761358 3 1 0
115.949 0.462387 0.0761781 3 1 0
115.849 0.462206 0.0762208 3 1 0
115.749 0.462045 0.0762402 3 1 0
115.649 0.461867 0.0762843 3 1 0
115.549 0.461688 0.0763287 3 1 0
115.449 0.461491 0.0763583 3 1 0
115.349 0.46131 0.0764035 3 1 0
115.249 0.461129 0.0764489 3 1 0
115.149 0.460946 0.0765129 3 1 0
115.049 0.460764 0.0765593 3 1 0
114.949 0.460582 0.0766058 3 1 0
114.849 0.460379 0.0766845 3 1 0
114.749 0.460198 0.0767325 3 1 0
114.649 0.460017 0.0767811 3 1 0
114.549 0.459854 0.0767807 3 1 0
114.449 0.459669 0.0768279 3 1 0
114.349 0.459484 0.0768753 3 1 0
114.249 0.459291 0.0769518 3 1 0
114.149 0.459107 0.0770002 3 1 0
114.049 0.458923 0.0770491 3 1 0
113.949 0.458746 0.0770724 3 1 0
113.849 0.45856 0.0771209 3 1 0
113.749 0.458375 0.0771698 3 1 0
113.649 0.458172 0.0772651 3 1 0
113.549 0.457992 0.0773092 3 1 0
113.449 0.457811 0.0773535 3 1 0
113.349 0.457659 0.0773775 3 1 0
113.249 0.457471 0.0774267 3 1 0
113.149 0.457282 0.0774762 3 1 0
113.049 0.45707 0.0775843 3 1 0
112.949 0.456885 0.0776359 3 1 0
112.849 0.4567 0.0776823 3 1 0
112.749 0.456534 0.0776881 3 1 0
112.649 0.456345 0.0777395 3 1 0
112.549 0.456155 0.0777912 3 1 0
112.449 0.45595 0.0778233 3 1 0
112.349 0.455759 0.0778757 3 1 0
112.249 0.455568 0.0779284 3 1 0
112.149 0.455376 0.0780371 3 1 0
112.049 0.455189 0.0780848 3 1 0
111.949 0.455002 0.0781329 3 1 0
111.849 0.454833 0.0781661 3 1 0
111.749 0.454641 0.0782197 3 1 0
111.649 0.454448 0.0782736 3 1 0
111.549 0.454245 0.078323 3 1 0
111.449 0.454053 0.0783758 3 1 0
111.349 0.453861 0.0784289 3 1 0
111.249 0.453675 0.0784983 3 1 0
111.149 0.453481 0.0785541 3 1 0
111.049 0.453286 0.0786101 3 1 0
110.949 0.453093 0.0786354 3 1 0
110.849 0.452897 0.078692 3 1 0
110.749 0.4527 0.0787488 3 1 0
110.649 0.452493 0.078844 3 1 0
110.549 0.4523 0.0788973 3 1 0
110.549 0.4523 0.0788973 4 1 0
110.529 0.452262 0.0789056 3 1 0
110.499 0.452205 0.0789197 3 1 0
110.454 0.452124 0.0789285 3 1 0
110.387 0.451991 0.0789679 3 1 0
110.287 0.451793 0.0790263 3 1 0
110.187 0.451595 0.0790898 3 1 0
110.087 0.451396 0.0791488 3 1 0
109.987 0.451197 0.0792082 3 1 0
109.887 0.450998 0.0792521 3 1 0
109.787 0.4508 0.0793117 3 1 0
109.687 0.4506 0.0793717 3 1 0
109.587 0.450398 0.0794375 3 1 0
109.487 0.450196 0.0794985 3 1 0
109.387 0.449995 0.0795598 3 1 0
109.287 0.44979 0.0796564 3 1 0
109.187 0.449587 0.0797182 3 1 0
109.087 0.449384 0.0797803 3 1 0
108.987 0.44918 0.0798129 3 1 0
108.887 0.448977 0.0798757 3 1 0
108.787 0.448772 0.0799389 3 1 0
108.687 0.448573 0.080023 3 1 0
108.587 0.448369 0.0800843 3 1 0
108.487 0.448165 0.0801462 3 1 0
108.387 0.447956 0.0802239 3 1 0
108.287 0.447749 0.0802907 3 1 0
108.187 0.447542 0.080358 3 1 0
108.087 0.447332 0.0803897 3 1 0
107.987 0.447124 0.080456 3 1 0
107.887 0.446915 0.0805226 3 1 0
107.787 0.446705 0.0805983 3 1 0
107.687 0.446495 0.0806652 3 1 0
107.587 0.446285 0.0807325 3 1 0
107.487 0.446075 0.0807923 3 1 0
107.387 0.445864 0.0808616 3 1 0
107.287 0.445652 0.0809314 3 1 0
107.187 0.445437 0.08101 3 1 0
107.087 0.445224 0.0810796 3 1 0
106.987 0.445011 0.0811496 3 1 0
106.887 0.444795 0.0812481 3 1 0
106.787 0.444581 0.0813184 3 1 0
106.687 0.444366 0.0813892 3 1 0
106.587 0.444127 0.0814452 3 1 0
106.487 0.443917 0.0815241 3 1 0
106.387 0.443706 0.0816044 3 1 0
106.287 0.443521 0.0817205 3 1 0
106.187 0.443304 0.0818013 3 1 0
106.087 0.443087 0.0818825 3 1 0
105.987 0.442863 0.0818695 3 1 0
105.887 0.442644 0.0819453 3 1 0
105.787 0.442424 0.0820217 3 1 0
105.687 0.442202 0.0820978 3 1 0
105.587 0.441981 0.0821743 3 1 0
105.487 0.44176 0.0822513 3 1 0
105.387 0.441536 0.0823848 3 1 0
105.287 0.441314 0.0824629 3 1 0
105.187 0.441092 0.0825414 3 1 0
105.087 0.440857 0.0825638 3 1 0
104.987 0.440636 0.0826436 3 1 0
104.887 0.440414 0.0827241 3 1 0
104.787 0.440239 0.0828109 3 1 0
104.687 0.440016 0.0828933 3 1 0
104.587 0.439792 0.0829764 3 1 0
104.487 0.439538 0.0830492 3 1 0
104.387 0.43931 0.0831323 3 1 0
104.287 0.439082 0.0832159 3 1 0
104.187 0.43885 0.0833053 3 1 0
104.087 0.438621 0.0833893 3 1 0
103.987 0.438391 0.0834738 3 1 0
103.887 0.438159 0.0836111 3 1 0
103.787 0.437928 0.0836969 3 1 0
103.687 0.437697 0.0837833 3 1 0
103.587 0.43747 0.0838283 3 1 0
103.487 0.437235 0.0839144 3 1 0
103.387 0.437 0.0840013 3 1 0
103.287 0.436763 0.0840944 3 1 0
103.187 0.436527 0.0841854 3 1 0
103.087 0.43629 0.0842771 3 1 0
102.987 0.436051 0.0843716 3 1 0
102.887 0.435812 0.0844648 3 1 0
102.787 0.435573 0.0845588 3 1 0
102.687 0.435333 0.0846273 3 1 0
102.587 0.435093 0.0847211 3 1 0
102.487 0.434851 0.0848156 3 1 0
102.387 0.434609 0.0849636 3 1 0
102.287 0.434366 0.0850571 3 1 0
102.187 0.434122 0.0851513 3 1 0
102.087 0.433877 0.0851998 3 1 0
101.987 0.433632 0.0852978 3 1 0
101.887 0.433386 0.0853965 3 1 0
101.787 0.433136 0.085495 3 1 0
101.687 0.432891 0.0855947 3 1 0
101.587 0.432645 0.0856952 3 1 0
101.487 0.432397 0.0858396 3 1 0
101.387 0.432145 0.0859459 3 1 0
101.287 0.431892 0.0860534 3 1 0
101.187 0.431642 0.0861329 3 1 0
101.087 0.431389 0.0862395 3 1 0
100.987 0.431134 0.086347 3 1 0
100.887 0.430883 0.0864597 3 1 0
100.787 0.430628 0.0865685 3 1 0
100.687 0.430372 0.0866782 3 1 0
100.587 0.430114 0.0867594 3 1 0
100.487 0.429855 0.0868673 3 1 0
100.387 0.429596 0.0869761 3 1 0
100.287 0.429335 0.0870729 3 1 0
100.187 0.429073 0.0871854 3 1 0
100.087 0.42881 0.0872989 3 1 0
99.9872 0.428621 0.0874275 3 1 0
99.8872 0.428379 0.0875406 3 1 0
99.7872 0.428136 0.0876547 3 1 0
99.6872 0.427826 0.087794 3 1 0
99.5872 0.427582 0.0879142 3 1 0
99.4872 0.427337 0.0880356 3 1 0
99.3872 0.427154 0.0881229 3 1 0
99.2872 0.426906 0.0882452 3 1 0
99.1872 0.426658 0.0883688 3 1 0
99.0872 0.426416 0.0884769 3 1 0
98.9872 0.426166 0.0886015 3 1 0
98.8872 0.425915 0.0887275 3 1 0
98.7872 0.425627 0.0889036 3 1 0
98.6872 0.425374 0.089035 3 1 0
98.5872 0.42512 0.0891679 3 1 0
98.4872 0.424867 0.0892386 3 1 0
98.3872 0.42461 0.0893682 3 1 0
98.2872 0.424352 0.0894991 3 1 0
98.1872 0.424113 0.0896353 3 1 0
98.0872 0.423852 0.0897683 3 1 0
97.9872 0.423591 0.0899027 3 1 0
97.8872 0.423328 0.0901169 3 1 0
97.7872 0.423064 0.0902496 3 1 0
97.6873 0.422799 0.0903837 3 1 0
97.5873 0.422511 0.0904713 3 1 0
97.4873 0.422244 0.0906113 3 1 0
97.3873 0.421976 0.0907529 3 1 0
97.2873 0.421708 0.090911 3 1 0
97.1873 0.421436 0.0910609 3 1 0
97.0873 0.421163 0.0912125 3 1 0
96.9873 0.420902 0.0913303 3 1 0
96.8873 0.420625 0.0914812 3 1 0
96.7873 0.420347 0.091634 3 1 0
96.6873 0.420044 0.0918311 3 1 0
96.5873 0.419765 0.0919921 3 1 0
96.4873 0.419484 0.0921553 3 1 0
96.3873 0.419209 0.0922953 3 1 0
96.2873 0.418924 0.0924611 3 1 0
96.1873 0.418636 0.0926292 3 1 0
96.0873 0.418348 0.0927573 3 1 0
95.9873 0.418056 0.0929244 3 1 0
95.8873 0.417762 0.0930938 3 1 0
95.7874 0.417469 0.0933319 3 1 0
95.6874 0.417173 0.0935015 3 1 0
95.5874 0.416875 0.0936734 3 1 0
95.4874 0.416572 0.0938534 3 1 0
95.3874 0.416269 0.0940302 3 1 0
95.2874 0.415964 0.0942096 3 1 0
95.1874 0.415653 0.0943472 3 1 0
95.0874 0.415342 0.0945363 3 1 0
94.9874 0.415029 0.0947283 3 1 0
94.8874 0.41473 0.0949786 3 1 0
94.7874 0.414413 0.0951715 3 1 0
94.6874 0.414094 0.0953677 3 1 0
94.5874 0.413762 0.0955512 3 1 0
94.4874 0.413437 0.0957551 3 1 0
94.3874 0.413108 0.0959625 3 1 0
94.2875 0.412783 0.0961836 3 1 0
94.1875 0.412449 0.0963981 3 1 0
94.0875 0.412111 0.0966168 3 1 0
93.9875 0.411768 0.0968339 3 1 0
93.8875 0.411422 0.0970619 3 1 0
93.7875 0.411073 0.0972947 3 1 0
93.6875 0.410729 0.097535 3 1 0
93.5875 0.410372 0.0977777 3 1 0
93.4875 0.41001 0.0980259 3 1 0
93.3875 0.409644 0.0982775 3 1 0
93.2875 0.409273 0.0985387 3 1 0
93.1876 0.408896 0.0988066 3 1 0
93.0876 0.408527 0.0990812 3 1 0
92.9876 0.408139 0.0993634 3 1 0
92.8876 0.407792 0.0996537 3 1 0
92.7876 0.407447 0.0999664 3 1 0
92.6876 0.407095 0.100277 3 1 0
92.5876 0.406738 0.100597 3 1 0
92.4876 0.406341 0.10091 3 1 0
92.3876 0.405969 0.101252 3 1 0
92.2877 0.405589 0.101606 3 1 0
92.1877 0.405185 0.101986 3 1 0
92.0877 0.404785 0.102373 3 1 0
91.9877 0.404373 0.102777 3 1 0
91.8877 0.403932 0.103232 3 1 0
91.7877 0.403492 0.103669 3 1 0
91.6878 0.403033 0.104134 3 1 0
91.5878 0.402394 0.104611 3 1 0
91.4878 0.401905 0.105149 3 1 0
91.3878 0.401385 0.105735 3 1 0
91.2879 0.400926 0.106374 3 1 0
91.1879 0.400278 0.107114 3 1 0
91.088 0.399547 0.107974 3 1 0
90.9881 0.398633 0.109068 3 1 0
90.8882 0.397457 0.110537 3 1 0
90.8882 0.397457 0.110537 4 1 0
90.8682 0.397145 0.110937 3 1 0
90.8383 0.396561 0.111698 3 1 0
90.816 0.395963 0.112612 3 1 0
90.8099 0.395679 0.113042 3 1 0
90.8067 0.395395 0.113475 3 1 0
90.8064 0.395334 0.113501 3 1 0
90.8062 0.395264 0.113609 3 1 0
90.8062 0.395187 0.113728 4 1 0
90.8067 0.394936 0.113931 4 1 0
90.8078 0.394805 0.114137 4 1 0
90.8095 0.394677 0.11434 4 1 0
90.8121 0.39459 0.114593 4 1 0
90.8161 0.394421 0.114861 4 1 0
90.822 0.394219 0.115181 4 1 0
90.8309 0.394013 0.115549 4 1 0
90.8443 0.393716 0.116021 4 1 0
90.8645 0.393352 0.116603 4 1 0
90.8948 0.392863 0.117377 4 1 0
90.9403 0.392316 0.118279 4 1 0
91.0085 0.391634 0.119412 4 1 0
91.1085 0.390787 0.120779 4 1 0
91.2084 0.390063 0.121992 4 1 0
91.3084 0.389409 0.123092 4 1 0
91.4084 0.388807 0.12412 4 1 0
91.5083 0.388237 0.125085 4 1 0
91.6083 0.387695 0.126001 4 1 0
91.7083 0.387178 0.12684 4 1 0
91.8083 0.386683 0.127681 4 1 0
91.9083 0.386204 0.128494 4 1 0
92.0083 0.385739 0.12929 4 1 0
92.1083 0.385288 0.130051 4 1 0
92.2082 0.384848 0.130792 4 1 0
92.3082 0.384418 0.131501 4 1 0
92.4082 0.383997 0.13221 4 1 0
92.5082 0.383585 0.132905 4 1 0
92.6082 0.383185 0.133588 4 1 0
92.7082 0.382788 0.134255 4 1 0
92.8082 0.382399 0.13491 4 1 0
92.9082 0.382017 0.135562 4 1 0
93.0082 0.38164 0.136195 4 1 0
93.1082 0.381268 0.136818 4 1 0
93.2082 0.380906 0.137428 4 1 0
93.3082 0.380544 0.138034 4 1 0
93.4082 0.380188 0.138631 4 1 0
93.5081 0.379838 0.13926 4 1 0
93.6081 0.379491 0.139839 4 1 0
93.7081 0.379147 0.140411 4 1 0
93.8081 0.378796 0.140948 4 1 0
93.9081 0.37846 0.14151 4 1 0
94.0081 0.378128 0.142065 4 1 0
94.1081 0.377812 0.142681 4 1 0
94.2081 0.377487 0.143219 4 1 0
94.3081 0.377165 0.143751 4 1 0
94.4081 0.376858 0.144274 4 1 0
94.5081 0.376543 0.144795 4 1 0
94.6081 0.376232 0.145311 4 1 0
94.7081 0.375925 0.145835 4 1 0
94.8081 0.37562 0.146347 4 1 0
94.9081 0.375317 0.146853 4 1 0
95.0081 0.375027 0.147352 4 1 0
95.1081 0.37473 0.147843 4 1 0
95.2081 0.374435 0.148329 4 1 0
95.3081 0.374126 0.148834 4 1 0
95.4081 0.373836 0.149318 4 1 0
95.5081 0.373549 0.149797 4 1 0
95.6081 0.373281 0.150215 4 1 0
95.7081 0.372999 0.150684 4 1 0
95.8081 0.372718 0.15115 4 1 0
95.9081 0.372467 0.151638 4 1 0
96.0081 0.372192 0.152097 4 1 0
96.108 0.371919 0.152552 4 1 0
96.208 0.371657 0.152958 4 1 0
96.308 0.371388 0.153405 4 1 0
96.408 0.371122 0.153848 4 1 0
96.508 0.370871 0.154298 4 1 0
96.608 0.370609 0.154734 4 1 0
96.708 0.370349 0.155167 4 1 0
96.808 0.370098 0.155613 4 1 0
96.908 0.369842 0.156034 4 1 0
97.008 0.369588 0.156451 4 1 0
97.108 0.36934 0.156852 4 1 0
97.208 0.36909 0.157264 4 1 0
97.308 0.368841 0.157673 4 1 0
97.408 0.368596 0.158072 4 1 0
97.508 0.368352 0.158475 4 1 0
97.608 0.368109 0.158875 4 1 0
97.708 0.367867 0.159267 4 1 0
97.808 0.367628 0.159662 4 1 0
97.908 0.36739 0.160054 4 1 0
98.008 0.367152 0.16044 4 1 0
98.108 0.366918 0.160826 4 1 0
98.208 0.366685 0.16121 4 1 0
98.308 0.36645 0.161589 4 1 0
98.408 0.366221 0.161967 4 1 0
98.508 0.365992 0.162343 4 1 0
98.608 0.36576 0.162715 4 1 0
98.708 0.365536 0.163086 4 1 0
98.808 0.365312 0.163454 4 1 0
98.908 0.365083 0.163819 4 1 0
99.008 0.364862 0.164182 4 1 0
99.108 0.364643 0.164543 4 1 0
99.208 0.364416 0.164901 4 1 0
99.308 0.3642 0.165257 4 1 0
99.408 0.363985 0.165611 4 1 0
99.508 0.363759 0.165963 4 1 0
99.608 0.363547 0.166312 4 1 0
99.708 0.363337 0.166659 4 1 0
99.808 0.363112 0.167004 4 1 0
99.908 0.362904 0.167347 4 1 0
100.008 0.362698 0.167687 4 1 0
100.108 0.362474 0.168025 4 1 0
100.208 0.36227 0.168362 4 1 0
100.308 0.362068 0.168696 4 1 0
100.408 0.361844 0.169028 4 1 0
100.508 0.361644 0.169358 4 1 0
100.608 0.361446 0.169686 4 1 0
100.708 0.361222 0.170012 4 1 0
100.808 0.361025 0.170336 4 1 0
100.908 0.360831 0.170658 4 1 0
101.008 0.360605 0.170978 4 1 0
101.108 0.360413 0.171296 4 1 0
101.208 0.360222 0.171612 4 1 0
101.308 0.359994 0.171927 4 1 0
101.408 0.359806 0.172239 4 1 0
101.508 0.359618 0.172549 4 1 0
101.608 0.359387 0.172859 4 1 0
101.708 0.359202 0.173165 4 1 0
101.808 0.359017 0.17347 4 1 0
101.908 0.358782 0.173774 4 1 0
102.008 0.3586 0.174076 4 1 0
102.108 0.358419 0.174375 4 1 0
102.208 0.358175 0.174675 4 1 0
102.308 0.357997 0.174971 4 1 0
102.408 0.357819 0.175265 4 1 0
102.508 0.357643 0.175561 4 1 0
102.608 0.357464 0.175852 4 1 0
102.708 0.357286 0.176141 4 1 0
102.808 0.357164 0.176434 4 1 0
102.908 0.356988 0.17672 4 1 0
103.008 0.356813 0.177004 4 1 0
103.108 0.356693 0.177295 4 1 0
103.208 0.35652 0.177576 4 1 0
103.308 0.356349 0.177855 4 1 0
103.408 0.356225 0.178143 4 1 0
103.508 0.356055 0.178419 4 1 0
103.608 0.355886 0.178694 4 1 0
103.708 0.355764 0.178978 4 1 0
103.808 0.355597 0.179249 4 1 0
103.908 0.355431 0.17952 4 1 0
104.008 0.355265 0.17977 4 1 0
104.108 0.355101 0.180037 4 1 0
104.208 0.354937 0.180303 4 1 0
104.308 0.354652 0.180514 4 1 0
104.408 0.35449 0.180775 4 1 0
104.508 0.354329 0.181036 4 1 0
104.608 0.354153 0.181305 4 1 0
104.708 0.353997 0.181562 4 1 0
104.808 0.353841 0.181819 4 1 0
104.908 0.353663 0.182058 4 1 0
105.008 0.353507 0.182311 4 1 0
105.108 0.353351 0.182562 4 1 0
105.208 0.353201 0.182827 4 1 0
105.308 0.353049 0.183077 4 1 0
105.408 0.352898 0.183325 4 1 0
105.508 0.35281 0.183573 4 1 0
105.608 0.35266 0.183818 4 1 0
105.708 0.352511 0.184062 4 1 0
105.808 0.352455 0.18428 4 1 0
105.908 0.352307 0.184521 4 1 0
106.008 0.35216 0.18476 4 1 0
106.108 0.352056 0.185005 4 1 0
106.208 0.35191 0.185242 4 1 0
106.308 0.351765 0.185478 4 1 0
106.408 0.351648 0.185721 4 1 0
106.508 0.351504 0.185954 4 1 0
106.608 0.351361 0.186187 4 1 0
106.708 0.351233 0.186409 4 1 0
106.808 0.351091 0.186639 4 1 0
106.908 0.35095 0.186867 4 1 0
107.008 0.350814 0.187094 4 1 0
107.108 0.350675 0.18732 4 1 0
107.208 0.350536 0.187545 4 1 0
107.308 0.3504 0.187774 4 1 0
107.408 0.350263 0.187997 4 1 0
107.508 0.350126 0.188218 4 1 0
107.608 0.349991 0.188437 4 1 0
107.708 0.349856 0.188657 4 1 0
107.808 0.349721 0.188875 4 1 0
107.908 0.349588 0.18909 4 1 0
108.008 0.349454 0.189306 4 1 0
108.108 0.349321 0.189521 4 1 0
108.208 0.349189 0.189737 4 1 0
108.308 0.349057 0.189949 4 1 0
108.408 0.348926 0.19016 4 1 0
108.508 0.348796 0.190372 4 1 0
108.608 0.348666 0.190581 4 1 0
108.708 0.348537 0.190789 4 1 0
108.808 0.348409 0.190996 4 1 0
108.908 0.348281 0.191202 4 1 0
108.908 0.348281 0.191202 4 1 0
108.928 0.348255 0.191243 4 1 0
108.968 0.348204 0.191325 4 1 0
109.048 0.348103 0.19149 4 1 0
109.148 0.347976 0.191693 4 1 0
109.248 0.347851 0.191896 4 1 0
109.348 0.347725 0.192099 4 1 0
109.448 0.3476 0.192299 4 1 0
109.548 0.347476 0.192499 4 1 0
109.648 0.347353 0.192698 4 1 0
109.748 0.34723 0.192895 4 1 0
109.848 0.347108 0.193092 4 1 0
109.948 0.346985 0.193288 4 1 0
110.048 0.346864 0.193483 4 1 0
110.148 0.346744 0.193676 4 1 0
110.248 0.346623 0.193868 4 1 0
110.348 0.346504 0.194057 4 1 0
110.448 0.346385 0.194245 4 1 0
110.548 0.346266 0.194433 4 1 0
110.648 0.346149 0.194619 4 1 0
110.748 0.346032 0.194805 4 1 0
110.848 0.345914 0.19499 4 1 0
110.948 0.345798 0.195173 4 1 0
111.048 0.345683 0.195356 4 1 0
111.148 0.345567 0.195538 4 1 0
111.248 0.345453 0.195719 4 1 0
111.348 0.345339 0.1959 4 1 0
111.448 0.345225 0.196079 4 1 0
111.548 0.345112 0.196257 4 1 0
111.648 0.345 0.196435 4 1 0
111.748 0.344888 0.196612 4 1 0
111.848 0.344777 0.196788 4 1 0
111.948 0.344666 0.196963 4 1 0
112.048 0.344555 0.197137 4 1 0
112.148 0.344445 0.197311 4 1 0
112.248 0.344336 0.197483 4 1 0
112.348 0.344227 0.197655 4 1 0
112.448 0.344119 0.197826 4 1 0
112.548 0.344011 0.197996 4 1 0
112.648 0.343903 0.198165 4 1 0
112.748 0.343796 0.198334 4 1 0
112.848 0.34369 0.198502 4 1 0
112.948 0.343584 0.198669 4 1 0
113.048 0.343478 0.198835 4 1 0
113.148 0.343374 0.199 4 1 0
113.248 0.343269 0.199165 4 1 0
113.348 0.343165 0.199329 4 1 0
113.448 0.343062 0.199492 4 1 0
113.548 0.342958 0.199654 4 1 0
113.648 0.342856 0.199816 4 1 0
113.748 0.342754 0.199976 4 1 0
113.848 0.342652 0.200136 4 1 0
113.948 0.342551 0.200296 4 1 0
114.048 0.34245 0.200454 4 1 0
114.148 0.342349 0.200612 4 1 0
114.248 0.34225 0.200769 4 1 0
114.348 0.34215 0.200926 4 1 0
114.448 0.342051 0.201081 4 1 0
114.548 0.341953 0.201236 4 1 0
114.648 0.341855 0.20139 4 1 0
114.748 0.341757 0.201544 4 1 0
114.848 0.34166 0.201697 4 1 0
114.948 0.341563 0.201849 4 1 0
115.048 0.341466 0.202 4 1 0
115.148 0.34137 0.202151 4 1 0
115.248 0.341275 0.202301 4 1 0
115.348 0.34118 0.20245 4 1 0
115.448 0.341085 0.202599 4 1 0
115.548 0.340991 0.202747 4 1 0
115.648 0.340897 0.202894 4 1 0
115.748 0.340804 0.203041 4 1 0
115.848 0.340711 0.203186 4 1 0
115.948 0.340618 0.203332 4 1 0
116.048 0.340526 0.203476 4 1 0
116.148 0.340434 0.20362 4 1 0
116.248 0.340342 0.203764 4 1 0
116.348 0.340251 0.203906 4 1 0
116.448 0.340161 0.204048 4 1 0
116.548 0.34007 0.20419 4 1 0
116.648 0.339981 0.204331 4 1 0
116.748 0.339891 0.204471 4 1 0
116.848 0.339802 0.20461 4 1 0
116.948 0.339713 0.204749 4 1 0
117.048 0.339625 0.204887 4 1 0
117.148 0.339537 0.205025 4 1 0
117.248 0.33945 0.205162 4 1 0
117.348 0.339363 0.205298 4 1 0
117.448 0.339275 0.205434 4 1 0
117.548 0.339189 0.20557 4 1 0
117.648 0.339103 0.205704 4 1 0
117.748 0.339017 0.205838 4 1 0
117.848 0.338932 0.205972 4 1 0
117.948 0.338847 0.206104 4 1 0
118.048 0.338762 0.206237 4 1 0
118.148 0.338678 0.206369 4 1 0
118.248 0.338594 0.2065 4 1 0
118.348 0.33851 0.206631 4 1 0
118.448 0.338427 0.206761 4 1 0
118.548 0.338344 0.20689 4 1 0
118.648 0.338261 0.207019 4 1 0
118.748 0.338179 0.207147 4 1 0
118.848 0.338098 0.207275 4 1 0
118.948 0.338016 0.207401 4 1 0
119.048 0.337935 0.207528 4 1 0
119.148 0.337855 0.207654 4 1 0
119.248 0.337775 0.207776 4 1 0
119.348 0.337696 0.207901 4 1 0
119.448 0.337616 0.208025 4 1 0
119.548 0.337538 0.208147 4 1 0
119.648 0.337459 0.20827 4 1 0
119.748 0.33738 0.208393 4 1 0
119.848 0.337301 0.208514 4 1 0
119.948 0.337223 0.208636 4 1 0
120.048 0.337146 0.208757 4 1 0
120.148 0.337068 0.208877 4 1 0
120.248 0.336991 0.208997 4 1 0
120.348 0.336914 0.209117 4 1 0
120.448 0.336837 0.209236 4 1 0
120.548 0.336761 0.209354 4 1 0
120.648 0.336685 0.209472 4 1 0
120.748 0.336609 0.20959 4 1 0
120.848 0.336534 0.209707 4 1 0
120.948 0.33646 0.209823 4 1 0
121.048 0.336384 0.209939 4 1 0
121.148 0.33631 0.210055 4 1 0
121.248 0.336236 0.21017 4 1 0
121.348 0.33616 0.210285 4 1 0
121.448 0.336087 0.210399 4 1 0
121.548 0.336014 0.210513 4 1 0
121.648 0.33594 0.210625 4 1 0
121.748 0.335867 0.210737 4 1 0
121.848 0.335795 0.210849 4 1 0
121.948 0.335724 0.210961 4 1 0
122.048 0.335653 0.211072 4 1 0
122.148 0.335582 0.211183 4 1 0
122.248 0.335513 0.211292 4 1 0
122.348 0.335443 0.211402 4 1 0
122.448 0.335372 0.211511 4 1 0
122.548 0.335305 0.21162 4 1 0
122.648 0.335235 0.211728 4 1 0
122.748 0.335166 0.211836 4 1 0
122.848 0.335098 0.211943 4 1 0
122.948 0.335029 0.21205 4 1 0
123.048 0.33496 0.212157 4 1 0
123.148 0.334893 0.212262 4 1 0
123.248 0.334825 0.212368 4 1 0
123.348 0.334757 0.212473 4 1 0
123.448 0.33469 0.212578 4 1 0
123.548 0.334623 0.212682 4 1 0
123.648 0.334556 0.212786 4 1 0
123.748 0.33449 0.212889 4 1 0
123.848 0.334423 0.212992 4 1 0
123.948 0.334357 0.213094 4 1 0
124.048 0.334291 0.213196 4 1 0
124.148 0.334226 0.213298 4 1 0
124.248 0.33416 0.213399 4 1 0
124.348 0.334096 0.2135 4 1 0
124.448 0.334031 0.2136 4 1 0
124.548 0.333966 0.2137 4 1 0
124.648 0.333902 0.2138 4 1 0
124.748 0.333838 0.213899 4 1 0
124.848 0.333774 0.213997 4 1 0
124.948 0.333711 0.214096 4 1 0
125.048 0.333648 0.214193 4 1 0
125.148 0.333585 0.214291 4 1 0
125.248 0.333522 0.214388 4 1 0
125.348 0.33346 0.214484 4 1 0
125.448 0.333397 0.214581 4 1 0
125.548 0.333335 0.214676 4 1 0
125.648 0.333274 0.214772 4 1 0
125.748 0.333212 0.214867 4 1 0
125.848 0.333151 0.214962 4 1 0
125.948 0.33309 0.215056 4 1 0
126.048 0.333029 0.215149 4 1 0
126.148 0.332969 0.215243 4 1 0
126.248 0.332908 0.215336 4 1 0
126.348 0.332848 0.215429 4 1 0
126.448 0.332788 0.215521 4 1 0
126.548 0.332729 0.215613 4 1 0
126.648 0.332669 0.215704 4 1 0
126.748 0.33261 0.215796 4 1 0
126.848 0.332551 0.215887 4 1 0
126.948 0.332492 0.215977 4 1 0
127.048 0.332434 0.216067 4 1 0
127.148 0.332376 0.216157 4 1 0
127.248 0.332318 0.216246 4 1 0
127.348 0.33226 0.216335 4 1 0
127.448 0.332203 0.216424 4 1 0
127.548 0.332145 0.216512 4 1 0
127.648 0.332088 0.2166 4 1 0
127.748 0.332031 0.216687 4 1 0
127.848 0.331974 0.216774 4 1 0
127.948 0.331918 0.216861 4 1 0
128.048 0.331862 0.216948 4 1 0
128.148 0.331806 0.217034 4 1 0
128.248 0.33175 0.217119 4 1 0
128.348 0.331694 0.217205 4 1 0
128.448 0.331639 0.21729 4 1 0
128.548 0.331584 0.217375 4 1 0
128.648 0.331529 0.217459 4 1 0
128.648 0.331529 0.217459 4 1 0
128.668 0.331518 0.217476 4 1 0
128.708 0.331496 0.217509 4 1 0
128.788 0.331452 0.217576 4 1 0
128.888 0.331398 0.21766 4 1 0
128.988 0.331343 0.217743 4 1 0
129.088 0.33129 0.217826 4 1 0
129.188 0.331236 0.217908 4 1 0
129.288 0.331182 0.217991 4 1 0
129.388 0.331129 0.218073 4 1 0
129.488 0.331075 0.218154 4 1 0
129.588 0.331022 0.218235 4 1 0
129.688 0.33097 0.218316 4 1 0
129.788 0.330917 0.218397 4 1 0
129.888 0.330864 0.218477 4 1 0
129.988 0.330812 0.218557 4 1 0
130.088 0.33076 0.218636 4 1 0
130.188 0.330708 0.218715 4 1 0
130.288 0.330657 0.218795 4 1 0
130.388 0.330605 0.218873 4 1 0
130.488 0.330554 0.218951 4 1 0
130.588 0.330503 0.21903 4 1 0
130.688 0.330452 0.219107 4 1 0
130.788 0.330402 0.219184 4 1 0
130.888 0.330351 0.219262 4 1 0
130.988 0.330301 0.219338 4 1 0
131.088 0.330251 0.219415 4 1 0
131.188 0.330201 0.219491 4 1 0
131.288 0.330151 0.219567 4 1 0
131.388 0.330102 0.219642 4 1 0
131.488 0.330052 0.219718 4 1 0
131.588 0.330003 0.219792 4 1 0
131.688 0.329954 0.219867 4 1 0
131.788 0.329906 0.219941 4 1 0
131.888 0.329857 0.220015 4 1 0
131.988 0.329808 0.220089 4 1 0
132.088 0.32976 0.220163 4 1 0
132.188 0.329712 0.220236 4 1 0
132.288 0.329664 0.220308 4 1 0
132.388 0.329617 0.220381 4 1 0
132.488 0.329569 0.220453 4 1 0
132.588 0.329522 0.220525 4 1 0
132.688 0.329475 0.220597 4 1 0
132.788 0.329428 0.220668 4 1 0
132.888 0.329381 0.220739 4 1 0
132.988 0.329334 0.220811 4 1 0
133.088 0.329288 0.220881 4 1 0
133.188 0.329241 0.220951 4 1 0
133.288 0.329195 0.221021 4 1 0
133.388 0.329149 0.221091 4 1 0
133.488 0.329103 0.22116 4 1 0
133.588 0.329058 0.22123 4 1 0
133.688 0.329012 0.221299 4 1 0
133.788 0.328967 0.221367 4 1 0
133.888 0.328922 0.221436 4 1 0
133.988 0.328877 0.221504 4 1 0
134.088 0.328832 0.221571 4 1 0
134.188 0.328788 0.221639 4 1 0
134.288 0.328743 0.221706 4 1 0
134.388 0.328699 0.221773 4 1 0
134.488 0.328655 0.22184 4 1 0
134.588 0.328611 0.221907 4 1 0
134.688 0.328567 0.221973 4 1 0
134.788 0.328523 0.222039 4 1 0
134.888 0.32848 0.222105 4 1 0
134.988 0.328436 0.22217 4 1 0
135.088 0.328393 0.222235 4 1 0
135.188 0.32835 0.2223 4 1 0
135.288 0.328307 0.222365 4 1 0
135.388 0.328265 0.22243 4 1 0
135.488 0.328222 0.222494 4 1 0
135.588 0.32818 0.222557 4 1 0
135.688 0.328138 0.222621 4 1 0
135.788 0.328096 0.222685 4 1 0
135.888 0.328054 0.222748 4 1 0
135.988 0.328012 0.222811 4 1 0
136.088 0.32797 0.222873 4 1 0
136.188 0.327929 0.222936 4 1 0
136.288 0.327888 0.222998 4 1 0
136.388 0.327846 0.22306 4 1 0
136.488 0.327805 0.223121 4 1 0
136.588 0.327765 0.223183 4 1 0
136.688 0.327724 0.223244 4 1 0
136.788 0.327683 0.223305 4 1 0
136.888 0.327643 0.223366 4 1 0
136.988 0.327602 0.223427 4 1 0
137.088 0.327562 0.223487 4 1 0
137.188 0.327522 0.223547 4 1 0
137.288 0.327483 0.223607 4 1 0
137.388 0.327443 0.223666 4 1 0
137.488 0.327403 0.223726 4 1 0
137.588 0.327364 0.223785 4 1 0
137.688 0.327325 0.223843 4 1 0
137.788 0.327286 0.223903 4 1 0
137.888 0.327247 0.223961 4 1 0
137.988 0.327208 0.224019 4 1 0
138.088 0.327169 0.224077 4 1 0
138.188 0.32713 0.224135 4 1 0
138.288 0.327092 0.224192 4 1 0
138.388 0.327054 0.22425 4 1 0
138.488 0.327016 0.224307 4 1 0
138.588 0.326977 0.224363 4 1 0
138.688 0.32694 0.22442 4 1 0
138.788 0.326902 0.224476 4 1 0
138.888 0.326864 0.224532 4 1 0
138.988 0.326827 0.224589 4 1 0
139.088 0.32679 0.224644 4 1 0
139.188 0.326752 0.2247 4 1 0
139.288 0.326715 0.224755 4 1 0
139.388 0.326678 0.22481 4 1 0
139.488 0.326641 0.224865 4 1 0
139.588 0.326605 0.22492 4 1 0
139.688 0.326568 0.224974 4 1 0
139.788 0.326532 0.225028 4 1 0
139.888 0.326496 0.225083 4 1 0
139.988 0.326459 0.225136 4 1 0
140.088 0.326423 0.22519 4 1 0
140.188 0.326388 0.225244 4 1 0
140.288 0.326352 0.225297 4 1 0
140.388 0.326316 0.225349 4 1 0
140.488 0.326281 0.225402 4 1 0
140.588 0.326245 0.225454 4 1 0
140.688 0.32621 0.225506 4 1 0
140.788 0.326175 0.225557 4 1 0
140.888 0.32614 0.225608 4 1 0
140.988 0.326105 0.225659 4 1 0
141.088 0.32607 0.22571 4 1 0
141.188 0.326036 0.22576 4 1 0
141.288 0.326001 0.225811 4 1 0
141.388 0.325967 0.225861 4 1 0
141.488 0.325932 0.225911 4 1 0
141.588 0.325898 0.225961 4 1 0
141.688 0.325864 0.22601 4 1 0
141.788 0.32583 0.22606 4 1 0
141.888 0.325796 0.22611 4 1 0
141.988 0.325763 0.226158 4 1 0
142.088 0.325729 0.226207 4 1 0
142.188 0.325696 0.226256 4 1 0
142.288 0.325663 0.226304 4 1 0
142.388 0.325629 0.226353 4 1 0
142.488 0.325596 0.226401 4 1 0
142.588 0.325563 0.226449 4 1 0
142.688 0.32553 0.226497 4 1 0
142.788 0.325498 0.226545 4 1 0
142.888 0.325465 0.226591 4 1 0
142.988 0.325433 0.226639 4 1 0
143.088 0.3254 0.226686 4 1 0
143.188 0.325368 0.226733 4 1 0
143.288 0.325336 0.22678 4 1 0
143.388 0.325304 0.226826 4 1 0
143.488 0.325272 0.226872 4 1 0
143.588 0.32524 0.226918 4 1 0
143.688 0.325208 0.226965 4 1 0
143.788 0.325177 0.22701 4 1 0
143.888 0.325145 0.227056 4 1 0
143.988 0.325114 0.227101 4 1 0
144.088 0.325083 0.227146 4 1 0
144.188 0.325051 0.227192 4 1 0
144.288 0.32502 0.227237 4 1 0
144.388 0.32499 0.227281 4 1 0
144.488 0.324959 0.227326 4 1 0
144.588 0.324928 0.22737 4 1 0
144.688 0.324897 0.227414 4 1 0
144.788 0.324867 0.227458 4 1 0
144.888 0.324836 0.227502 4 1 0
144.988 0.324806 0.227546 4 1 0
145.088 0.324776 0.227589 4 1 0
145.188 0.324746 0.227633 4 1 0
145.288 0.324716 0.227676 4 1 0
145.388 0.324686 0.227719 4 1 0
145.488 0.324656 0.227762 4 1 0
145.588 0.324627 0.227804 4 1 0
145.688 0.324597 0.227847 4 1 0
145.788 0.324567 0.22789 4 1 0
145.888 0.324538 0.227932 4 1 0
145.988 0.324509 0.227974 4 1 0
146.088 0.32448 0.228016 4 1 0
146.188 0.324451 0.228057 4 1 0
146.288 0.324422 0.228099 4 1 0
146.388 0.324393 0.228141 4 1 0
146.488 0.324364 0.228181 4 1 0
146.588 0.324336 0.228223 4 1 0
146.688 0.324307 0.228264 4 1 0
146.788 0.324279 0.228304 4 1 0
146.888 0.32425 0.228345 4 1 0
146.988 0.324222 0.228386 4 1 0
147.088 0.324194 0.228426 4 1 0
147.188 0.324166 0.228466 4 1 0
147.288 0.324138 0.228506 4 1 0
147.388 0.32411 0.228545 4 1 0
147.488 0.324082 0.228585 4 1 0
147.588 0.324054 0.228625 4 1 0
147.688 0.324027 0.228664 4 1 0
147.788 0.323999 0.228703 4 1 0
147.888 0.323972 0.228743 4 1 0
147.988 0.323945 0.228781 4 1 0
148.088 0.323918 0.22882 4 1 0
148.188 0.32389 0.228859 4 1 0
148.288 0.323864 0.228897 4 1 0
148.388 0.323837 0.228936 4 1 0
148.388 0.323837 0.228936 4 1 0
148.408 0.323831 0.228943 4 1 0
148.448 0.32382 0.228959 4 1 0
148.528 0.323799 0.228989 4 1 0
148.628 0.323772 0.229027 4 1 0
148.728 0.323746 0.229065 4 1 0
148.828 0.323719 0.229102 4 1 0
148.928 0.323693 0.22914 4 1 0
149.028 0.323667 0.229178 4 1 0
149.128 0.323641 0.229214 4 1 0
149.228 0.323614 0.229252 4 1 0
149.328 0.323588 0.229289 4 1 0
149.428 0.323562 0.229325 4 1 0
149.528 0.323536 0.229362 4 1 0
149.628 0.323511 0.229399 4 1 0
149.728 0.323485 0.229435 4 1 0
149.828 0.323459 0.229471 4 1 0
149.928 0.323434 0.229508 4 1 0
150.028 0.323409 0.229543 4 1 0
150.128 0.323383 0.229579 4 1 0
150.228 0.323358 0.229615 4 1 0
150.328 0.323333 0.229649 4 1 0
150.428 0.323308 0.229685 4 1 0
150.528 0.323283 0.22972 4 1 0
150.628 0.323258 0.229757 4 1 0
150.728 0.323233 0.229792 4 1 0
150.828 0.323208 0.229827 4 1 0
150.928 0.323183 0.229865 4 1 0
151.028 0.323159 0.229899 4 1 0
151.128 0.323134 0.229934 4 1 0
151.228 0.323112 0.229957 4 1 0
151.328 0.323088 0.229992 4 1 0
151.428 0.323063 0.230026 4 1 0
151.528 0.323036 0.230064 4 1 0
151.628 0.323012 0.230098 4 1 0
151.728 0.322988 0.230132 4 1 0
151.828 0.322966 0.230171 4 1 0
151.928 0.322942 0.230204 4 1 0
152.028 0.322918 0.230238 4 1 0
152.128 0.322895 0.230264 4 1 0
152.228 0.322872 0.230297 4 1 0
152.328 0.322848 0.23033 4 1 0
152.428 0.322824 0.230361 4 1 0
152.528 0.322801 0.230394 4 1 0
152.628 0.322777 0.230427 4 1 0
152.728 0.322754 0.230463 4 1 0
152.828 0.322731 0.230496 4 1 0
152.928 0.322708 0.230528 4 1 0
153.028 0.322685 0.23056 4 1 0
153.128 0.322663 0.230592 4 1 0
153.228 0.32264 0.230624 4 1 0
153.328 0.322618 0.230652 4 1 0
153.428 0.322595 0.230684 4 1 0
153.528 0.322572 0.230715 4 1 0
153.628 0.322549 0.230746 4 1 0
153.728 0.322527 0.230777 4 1 0
153.828 0.322505 0.230808 4 1 0
153.928 0.322482 0.230842 4 1 0
154.028 0.32246 0.230873 4 1 0
154.128 0.322438 0.230904 4 1 0
154.228 0.322417 0.230933 4 1 0
154.328 0.322395 0.230964 4 1 0
154.428 0.322373 0.230994 4 1 0
154.528 0.322351 0.231021 4 1 0
154.628 0.322329 0.231052 4 1 0
154.728 0.322308 0.231082 4 1 0
154.828 0.322286 0.231112 4 1 0
154.928 0.322264 0.231142 4 1 0
155.028 0.322243 0.231171 4 1 0
155.128 0.322221 0.231204 4 1 0
155.228 0.3222 0.231234 4 1 0
155.328 0.322179 0.231263 4 1 0
155.428 0.322159 0.231289 4 1 0
155.528 0.322138 0.231319 4 1 0
155.628 0.322117 0.231348 4 1 0
155.728 0.322096 0.231373 4 1 0
155.828 0.322075 0.231402 4 1 0
155.928 0.322054 0.231431 4 1 0
156.028 0.322033 0.231461 4 1 0
156.128 0.322012 0.23149 4 1 0
156.228 0.321991 0.231518 4 1 0
156.328 0.321971 0.23155 4 1 0
156.428 0.321951 0.231578 4 1 0
156.528 0.32193 0.231606 4 1 0
156.628 0.321911 0.231628 4 1 0
156.728 0.321891 0.231656 4 1 0
156.828 0.321871 0.231684 4 1 0
156.928 0.321851 0.231709 4 1 0
157.028 0.321831 0.231736 4 1 0
157.128 0.321811 0.231763 4 1 0
157.228 0.32179 0.231796 4 1 0
157.328 0.32177 0.231823 4 1 0
157.428 0.32175 0.23185 4 1 0
157.528 0.321732 0.231879 4 1 0
157.628 0.321712 0.231906 4 1 0
157.728 0.321692 0.231933 4 1 0
157.828 0.321675 0.23195 4 1 0
157.928 0.321655 0.231977 4 1 0
158.028 0.321636 0.232003 4 1 0
158.128 0.321615 0.232028 4 1 0
158.228 0.321596 0.232054 4 1 0
158.328 0.321576 0.23208 4 1 0
158.428 0.321555 0.232126 4 1 0
158.528 0.321536 0.232152 4 1 0
158.628 0.321517 0.232178 4 1 0
158.728 0.321502 0.232193 4 1 0
158.828 0.321484 0.232219 4 1 0
158.928 0.321465 0.232244 4 1 0
159.028 0.321448 0.232257 4 1 0
159.128 0.321429 0.232282 4 1 0
159.228 0.32141 0.232307 4 1 0
159.328 0.321389 0.232336 4 1 0
159.428 0.32137 0.23236 4 1 0
159.528 0.321352 0.232385 4 1 0
159.628 0.321332 0.232436 4 1 0
159.728 0.321314 0.232461 4 1 0
159.828 0.321296 0.232486 4 1 0
159.928 0.321283 0.232485 4 1 0
160.028 0.321265 0.232509 4 1 0
160.128 0.321247 0.232533 4 1 0
160.228 0.321228 0.232553 4 1 0
160.328 0.32121 0.232577 4 1 0
160.428 0.321192 0.232601 4 1 0
160.528 0.321165 0.23267 4 1 0
160.628 0.321147 0.232694 4 1 0
160.728 0.32113 0.232717 4 1 0
160.828 0.32112 0.23272 4 1 0
160.928 0.321102 0.232743 4 1 0
161.028 0.321085 0.232766 4 1 0
161.128 0.321073 0.232766 4 1 0
161.228 0.321056 0.232789 4 1 0
161.328 0.321039 0.232812 4 1 0
161.428 0.321017 0.232838 4 1 0
161.528 0.321 0.232861 4 1 0
161.628 0.320983 0.232884 4 1 0
161.728 0.320963 0.232912 4 1 0
161.828 0.320946 0.232935 4 1 0
161.928 0.320929 0.232957 4 1 0
162.028 0.320916 0.232974 4 1 0
162.128 0.320899 0.232996 4 1 0
162.228 0.320883 0.233018 4 1 0
162.328 0.320867 0.233035 4 1 0
162.428 0.32085 0.233057 4 1 0
162.528 0.320833 0.233079 4 1 0
162.628 0.320813 0.23311 4 1 0
162.728 0.320797 0.233131 4 1 0
162.828 0.32078 0.233153 4 1 0
162.928 0.320765 0.233193 4 1 0
163.028 0.320748 0.233215 4 1 0
163.128 0.320732 0.233236 4 1 0
163.228 0.320721 0.233229 4 1 0
163.328 0.320705 0.23325 4 1 0
163.428 0.320689 0.233271 4 1 0
163.528 0.320671 0.233293 4 1 0
163.628 0.320655 0.233313 4 1 0
163.728 0.320639 0.233334 4 1 0
163.828 0.320617 0.233386 4 1 0
163.928 0.320601 0.233407 4 1 0
164.028 0.320586 0.233427 4 1 0
164.128 0.320576 0.233438 4 1 0
164.228 0.32056 0.233458 4 1 0
164.328 0.320544 0.233478 4 1 0
164.428 0.320532 0.233478 4 1 0
164.528 0.320517 0.233498 4 1 0
164.628 0.320501 0.233518 4 1 0
164.728 0.320484 0.233537 4 1 0
164.828 0.320469 0.233557 4 1 0
164.928 0.320453 0.233577 4 1 0
165.028 0.320432 0.233623 4 1 0
165.128 0.320417 0.233643 4 1 0
165.228 0.320402 0.233662 4 1 0
165.328 0.320391 0.233691 4 1 0
165.428 0.320376 0.23371 4 1 0
165.528 0.320361 0.233729 4 1 0
165.628 0.320351 0.233716 4 1 0
165.728 0.320336 0.233735 4 1 0
165.828 0.320322 0.233754 4 1 0
165.928 0.320304 0.233771 4 1 0
166.028 0.32029 0.23379 4 1 0
166.128 0.320275 0.233808 4 1 0
166.228 0.320255 0.233835 4 1 0
166.328 0.320241 0.233853 4 1 0
166.428 0.320226 0.233872 4 1 0
166.528 0.320217 0.233894 4 1 0
166.628 0.320202 0.233912 4 1 0
166.728 0.320188 0.233931 4 1 0
166.828 0.320176 0.233939 4 1 0
166.928 0.320162 0.233957 4 1 0
167.028 0.320148 0.233975 4 1 0
167.128 0.320131 0.233993 4 1 0
167.228 0.320117 0.234011 4 1 0
167.328 0.320103 0.234029 4 1 0
167.428 0.320087 0.234065 4 1 0
167.528 0.320073 0.234083 4 1 0
167.628 0.320059 0.2341 4 1 0
167.728 0.320051 0.234096 4 1 0
167.828 0.320037 0.234113 4 1 0
167.928 0.320023 0.234131 4 1 0
168.028 0.320008 0.234156 4 1 0
168.128 0.319995 0.234173 4 1 0
168.128 0.319995 0.234173 4 1 0
168.148 0.319992 0.234176 4 1 0
168.188 0.319986 0.234183 4 1 0
168.268 0.319974 0.234195 4 1 0
168.368 0.31996 0.234212 4 1 0
168.468 0.319947 0.234229 4 1 0
168.568 0.319936 0.23424 4 1 0
168.668 0.319923 0.234257 4 1 0
168.768 0.319909 0.234274 4 1 0
168.868 0.319894 0.23429 4 1 0
168.968 0.319881 0.234306 4 1 0
169.068 0.319868 0.234322 4 1 0
169.168 0.319851 0.234374 4 1 0
169.268 0.319838 0.23439 4 1 0
169.368 0.319825 0.234407 4 1 0
169.468 0.319818 0.234389 4 1 0
169.568 0.319805 0.234405 4 1 0
169.668 0.319792 0.234421 4 1 0
169.768 0.31978 0.23445 4 1 0
169.868 0.319767 0.234466 4 1 0
169.968 0.319754 0.234481 4 1 0
170.068 0.31974 0.234484 4 1 0
170.168 0.319728 0.234499 4 1 0
170.268 0.319715 0.234515 4 1 0
170.368 0.319702 0.234533 4 1 0
170.468 0.319689 0.234549 4 1 0
170.568 0.319677 0.234564 4 1 0
170.668 0.31966 0.234579 4 1 0
170.768 0.319647 0.234594 4 1 0
170.868 0.319635 0.234609 4 1 0
170.968 0.319627 0.234649 4 1 0
171.068 0.319615 0.234664 4 1 0
171.168 0.319602 0.234679 4 1 0
171.268 0.319594 0.234672 4 1 0
171.368 0.319581 0.234687 4 1 0
171.468 0.319569 0.234701 4 1 0
171.568 0.319556 0.23471 4 1 0
171.668 0.319544 0.234724 4 1 0
171.768 0.319532 0.234739 4 1 0
171.868 0.319512 0.234806 4 1 0
171.968 0.3195 0.23482 4 1 0
172.068 0.319488 0.234834 4 1 0
172.168 0.319485 0.234807 4 1 0
172.268 0.319473 0.234822 4 1 0
172.368 0.319462 0.234836 4 1 0
172.468 0.319451 0.234853 4 1 0
172.568 0.31944 0.234867 4 1 0
172.668 0.319428 0.234881 4 1 0
172.768 0.319415 0.234881 4 1 0
172.868 0.319404 0.234895 4 1 0
172.968 0.319392 0.234908 4 1 0
173.068 0.319378 0.234922 4 1 0
173.168 0.319366 0.234935 4 1 0
173.268 0.319355 0.234949 4 1 0
173.368 0.319346 0.234971 4 1 0
173.468 0.319335 0.234985 4 1 0
173.568 0.319324 0.234998 4 1 0
173.668 0.319315 0.235008 4 1 0
173.768 0.319304 0.235021 4 1 0
173.868 0.319293 0.235034 4 1 0
173.968 0.31928 0.235042 4 1 0
174.068 0.319269 0.235055 4 1 0
174.168 0.319258 0.235068 4 1 0
174.268 0.319244 0.2351 4 1 0
174.368 0.319233 0.235112 4 1 0
174.468 0.319223 0.235125 4 1 0
174.568 0.319216 0.235118 4 1 0
174.668 0.319206 0.235131 4 1 0
174.768 0.319195 0.235143 4 1 0
174.868 0.319184 0.235194 4 1 0
174.968 0.319173 0.235206 4 1 0
175.068 0.319163 0.235218 4 1 0
175.168 0.319151 0.235196 4 1 0
175.268 0.319141 0.235209 4 1 0
175.368 0.31913 0.235221 4 1 0
175.468 0.319121 0.235253 4 1 0
175.568 0.319111 0.235265 4 1 0
175.668 0.319101 0.235277 4 1 0
175.768 0.31909 0.235266 4 1 0
175.868 0.31908 0.235277 4 1 0
175.968 0.319069 0.235289 4 1 0
176.068 0.319058 0.235301 4 1 0
176.168 0.319048 0.235313 4 1 0
176.268 0.319038 0.235324 4 1 0
176.368 0.319025 0.235353 4 1 0
176.468 0.319015 0.235364 4 1 0
176.568 0.319005 0.235376 4 1 0
176.668 0.319 0.23537 4 1 0
176.768 0.31899 0.235381 4 1 0
176.868 0.31898 0.235392 4 1 0
176.968 0.31897 0.235436 4 1 0
177.068 0.31896 0.235447 4 1 0
177.168 0.31895 0.235458 4 1 0
177.268 0.318939 0.235447 4 1 0
177.368 0.318929 0.235458 4 1 0
177.468 0.318919 0.235469 4 1 0
177.568 0.318911 0.235493 4 1 0
177.668 0.318902 0.235504 4 1 0
177.768 0.318892 0.235514 4 1 0
177.868 0.318883 0.235502 4 1 0
177.968 0.318873 0.235513 4 1 0
178.068 0.318864 0.235523 4 1 0
178.168 0.318853 0.235534 4 1 0
178.268 0.318844 0.235544 4 1 0
178.368 0.318834 0.235555 4 1 0
178.468 0.318825 0.235573 4 1 0
178.568 0.318816 0.235583 4 1 0
178.668 0.318806 0.235594 4 1 0
178.768 0.318799 0.23561 4 1 0
178.868 0.31879 0.23562 4 1 0
178.968 0.318781 0.23563 4 1 0
179.068 0.318771 0.235626 4 1 0
179.168 0.318762 0.235636 4 1 0
179.268 0.318753 0.235646 4 1 0
179.368 0.318744 0.235655 4 1 0
179.468 0.318735 0.235665 4 1 0
179.568 0.318726 0.235675 4 1 0
179.668 0.318717 0.235688 4 1 0
179.768 0.318708 0.235697 4 1 0
179.868 0.318699 0.235707 4 1 0
179.968 0.318692 0.235733 4 1 0
180.068 0.318683 0.235742 4 1 0
180.168 0.318674 0.235751 4 1 0
180.268 0.318665 0.235741 4 1 0
180.368 0.318657 0.23575 4 1 0
180.468 0.318648 0.235759 4 1 0
180.568 0.318637 0.235771 4 1 0
180.668 0.318629 0.23578 4 1 0
180.768 0.31862 0.235789 4 1 0
180.868 0.318614 0.235796 4 1 0
180.968 0.318606 0.235805 4 1 0
181.068 0.318598 0.235813 4 1 0
181.168 0.318589 0.235852 4 1 0
181.268 0.318581 0.23586 4 1 0
181.368 0.318573 0.235869 4 1 0
181.468 0.318564 0.23585 4 1 0
181.568 0.318556 0.235859 4 1 0
181.668 0.318547 0.235868 4 1 0
181.768 0.31854 0.235902 4 1 0
181.868 0.318531 0.235911 4 1 0
181.968 0.318523 0.235919 4 1 0
182.068 0.318515 0.2359 4 1 0
182.168 0.318507 0.235908 4 1 0
182.268 0.318499 0.235916 4 1 0
182.368 0.318491 0.235936 4 1 0
182.468 0.318483 0.235944 4 1 0
182.568 0.318476 0.235952 4 1 0
182.668 0.318466 0.235957 4 1 0
182.768 0.318458 0.235965 4 1 0
182.868 0.31845 0.235973 4 1 0
182.968 0.318445 0.235973 4 1 0
183.068 0.318437 0.235981 4 1 0
183.168 0.318429 0.235989 4 1 0
183.268 0.318421 0.236041 4 1 0
183.368 0.318414 0.236049 4 1 0
183.468 0.318406 0.236056 4 1 0
183.568 0.318399 0.236025 4 1 0
183.668 0.318391 0.236032 4 1 0
183.768 0.318384 0.23604 4 1 0
183.868 0.318376 0.236045 4 1 0
183.968 0.318369 0.236052 4 1 0
184.068 0.318361 0.23606 4 1 0
184.168 0.318351 0.236077 4 1 0
184.268 0.318344 0.236084 4 1 0
184.368 0.318336 0.236091 4 1 0
184.468 0.318332 0.236087 4 1 0
184.568 0.318324 0.236094 4 1 0
184.668 0.318317 0.236101 4 1 0
184.768 0.31831 0.236144 4 1 0
184.868 0.318303 0.236151 4 1 0
184.968 0.318296 0.236159 4 1 0
185.068 0.318289 0.236141 4 1 0
185.168 0.318281 0.236148 4 1 0
185.268 0.318274 0.236154 4 1 0
185.368 0.318266 0.236154 4 1 0
185.468 0.318259 0.236161 4 1 0
185.568 0.318252 0.236168 4 1 0
185.668 0.318247 0.236169 4 1 0
185.768 0.31824 0.236175 4 1 0
185.868 0.318233 0.236182 4 1 0
185.968 0.318226 0.236217 4 1 0
186.068 0.318219 0.236223 4 1 0
186.168 0.318212 0.236229 4 1 0
186.268 0.318205 0.236217 4 1 0
186.368 0.318198 0.236223 4 1 0
186.468 0.318191 0.23623 4 1 0
186.568 0.318183 0.236257 4 1 0
186.668 0.318177 0.236263 4 1 0
186.768 0.31817 0.236269 4 1 0
186.868 0.318166 0.236244 4 1 0
186.968 0.318159 0.23625 4 1 0
187.068 0.318153 0.236256 4 1 0
187.168 0.318146 0.236281 4 1 0
187.268 0.31814 0.236287 4 1 0
187.368 0.318133 0.236293 4 1 0
187.468 0.318126 0.236281 4 1 0
187.568 0.31812 0.236287 4 1 0
187.668 0.318113 0.236293 4 1 0
187.768 0.318108 0.236297 4 1 0
187.868 0.318101 0.236302 4 1 0
187.868 0.318101 0.236302 4 1 0
187.888 0.3181 0.236304 4 1 0
187.928 0.318098 0.236306 4 1 0
188.008 0.318091 0.236349 4 1 0
188.108 0.318085 0.236354 4 1 0
188.208 0.318079 0.23636 4 1 0
188.308 0.318074 0.236331 4 1 0
188.408 0.318068 0.236336 4 1 0
188.508 0.318062 0.236342 4 1 0
188.608 0.318056 0.236344 4 1 0
188.708 0.318049 0.23635 4 1 0
188.808 0.318043 0.236355 4 1 0
188.908 0.318037 0.236358 4 1 0
189.008 0.318031 0.236363 4 1 0
189.108 0.318025 0.236369 4 1 0
189.208 0.318019 0.236394 4 1 0
189.308 0.318013 0.236399 4 1 0
189.408 0.318007 0.236404 4 1 0
189.508 0.318001 0.236405 4 1 0
189.608 0.317995 0.236411 4 1 0
189.708 0.317989 0.236416 4 1 0
189.808 0.317983 0.236409 4 1 0
189.908 0.317978 0.236414 4 1 0
190.008 0.317972 0.236419 4 1 0
190.108 0.317967 0.236425 4 1 0
190.208 0.317962 0.23643 4 1 0
190.308 0.317956 0.236434 4 1 0
190.408 0.317951 0.236446 4 1 0
190.508 0.317945 0.236451 4 1 0
190.608 0.317939 0.236455 4 1 0
190.708 0.317933 0.236444 4 1 0
190.808 0.317928 0.236449 4 1 0
190.908 0.317922 0.236453 4 1 0
191.008 0.317917 0.236459 4 1 0
191.108 0.317912 0.236463 4 1 0
191.208 0.317906 0.236467 4 1 0
191.308 0.317901 0.236476 4 1 0
191.408 0.317896 0.23648 4 1 0
191.508 0.317891 0.236484 4 1 0
191.608 0.317885 0.236525 4 1 0
191.708 0.31788 0.236529 4 1 0
191.808 0.317874 0.236533 4 1 0
191.908 0.317867 0.236519 4 1 0
192.008 0.317862 0.236523 4 1 0
192.108 0.317857 0.236527 4 1 0
192.208 0.317851 0.236519 4 1 0
192.308 0.317846 0.236522 4 1 0
192.408 0.317841 0.236526 4 1 0
192.508 0.317836 0.236523 4 1 0
192.608 0.317831 0.236527 4 1 0
192.708 0.317826 0.236531 4 1 0
192.808 0.317821 0.236531 4 1 0
192.908 0.317816 0.236534 4 1 0
193.008 0.317811 0.236538 4 1 0
193.108 0.317806 0.236539 4 1 0
193.208 0.317801 0.236543 4 1 0
193.308 0.317797 0.236546 4 1 0
193.408 0.317792 0.236549 4 1 0
193.508 0.317787 0.236552 4 1 0
193.608 0.317782 0.236555 4 1 0
193.708 0.317777 0.236559 4 1 0
193.808 0.317773 0.236562 4 1 0
193.908 0.317768 0.236565 4 1 0
194.008 0.317763 0.236569 4 1 0
194.108 0.317758 0.236572 4 1 0
194.208 0.317754 0.236575 4 1 0
194.308 0.317749 0.236579 4 1 0
194.408 0.317744 0.236582 4 1 0
194.508 0.31774 0.236585 4 1 0
194.608 0.317735 0.236591 4 1 0
194.708 0.317731 0.236594 4 1 0
194.808 0.317726 0.236597 4 1 0
194.908 0.317722 0.236606 4 1 0
195.008 0.317717 0.236608 4 1 0
195.108 0.317713 0.236611 4 1 0
195.208 0.317708 0.236624 4 1 0
195.308 0.317704 0.236626 4 1 0
195.408 0.3177 0.236629 4 1 0
195.508 0.317696 0.236626 4 1 0
195.608 0.317692 0.236629 4 1 0
195.708 0.317687 0.236632 4 1 0
195.808 0.317684 0.23662 4 1 0
195.908 0.31768 0.236622 4 1 0
196.008 0.317675 0.236625 4 1 0
196.108 0.317672 0.236626 4 1 0
196.208 0.317668 0.236628 4 1 0
196.308 0.317664 0.236631 4 1 0
196.408 0.31766 0.236632 4 1 0
196.508 0.317656 0.236634 4 1 0
196.608 0.317651 0.236636 4 1 0
196.708 0.317644 0.236653 4 1 0
196.808 0.31764 0.236655 4 1 0
196.908 0.317636 0.236657 4 1 0
197.008 0.317629 0.236657 4 1 0
197.108 0.317625 0.236659 4 1 0
197.208 0.317621 0.236661 4 1 0
197.308 0.31762 0.236666 4 1 0
197.408 0.317617 0.236668 4 1 0
197.508 0.317613 0.23667 4 1 0
197.608 0.31761 0.236661 4 1 0
197.708 0.317606 0.236663 4 1 0
197.808 0.317602 0.236665 4 1 0
197.908 0.317599 0.236662 4 1 0
198.008 0.317595 0.236663 4 1 0
198.108 0.317592 0.236665 4 1 0
198.208 0.317589 0.23667 4 1 0
198.308 0.317585 0.236671 4 1 0
198.408 0.317581 0.236673 4 1 0
198.508 0.317578 0.23668 4 1 0
198.608 0.317574 0.236681 4 1 0
198.708 0.317571 0.236683 4 1 0
198.808 0.317566 0.236689 4 1 0
198.908 0.317563 0.23669 4 1 0
199.008 0.317559 0.236691 4 1 0
199.108 0.317546 0.236684 4 1 0
199.208 0.317543 0.236685 4 1 0
199.308 0.317539 0.236686 4 1 0
199.408 0.317542 0.236697 4 1 0
199.508 0.317538 0.236699 4 1 0
199.608 0.317535 0.2367 4 1 0
199.708 0.317532 0.236693 4 1 0
199.808 0.317529 0.236694 4 1 0
199.908 0.317526 0.236695 4 1 0
200.008 0.317522 0.236694 4 1 0
200.108 0.317518 0.236695 4 1 0
200.208 0.317515 0.236696 4 1 0
200.308 0.317513 0.236693 4 1 0
200.408 0.31751 0.236694 4 1 0
200.508 0.317507 0.236695 4 1 0
200.608 0.317504 0.236696 4 1 0
200.708 0.317501 0.236697 4 1 0
200.808 0.317498 0.236697 4 1 0
200.908 0.317494 0.236705 4 1 0
201.008 0.31749 0.236706 4 1 0
201.108 0.317487 0.236706 4 1 0
201.208 0.317481 0.236712 4 1 0
201.308 0.317478 0.236713 4 1 0
201.408 0.317475 0.236713 4 1 0
201.508 0.317472 0.236707 4 1 0
201.608 0.317469 0.236708 4 1 0
201.708 0.317466 0.236708 4 1 0
201.808 0.317464 0.236705 4 1 0
201.908 0.317461 0.236706 4 1 0
202.008 0.317458 0.236706 4 1 0
202.108 0.317456 0.236704 4 1 0
202.208 0.317453 0.236705 4 1 0
202.308 0.31745 0.236705 4 1 0
202.408 0.317448 0.236705 4 1 0
202.508 0.317445 0.236705 4 1 0
202.608 0.317443 0.236705 4 1 0
202.708 0.317441 0.236706 4 1 0
202.808 0.317438 0.236706 4 1 0
202.908 0.317435 0.236706 4 1 0
203.008 0.317433 0.236708 4 1 0
203.108 0.317431 0.236708 4 1 0
203.208 0.317428 0.236708 4 1 0
203.308 0.317424 0.236711 4 1 0
203.408 0.317421 0.236711 4 1 0
203.508 0.317418 0.236711 4 1 0
203.608 0.317412 0.236712 4 1 0
203.708 0.317409 0.236711 4 1 0
203.808 0.317407 0.236711 4 1 0
203.908 0.317404 0.236709 4 1 0
204.008 0.317401 0.236709 4 1 0
204.108 0.317399 0.236708 4 1 0
204.208 0.317397 0.236706 4 1 0
204.308 0.317394 0.236705 4 1 0
204.408 0.317392 0.236705 4 1 0
204.508 0.31739 0.236704 4 1 0
204.608 0.317388 0.236704 4 1 0
204.708 0.317385 0.236703 4 1 0
204.808 0.317383 0.236702 4 1 0
204.908 0.317381 0.236702 4 1 0
205.008 0.317378 0.236701 4 1 0
205.108 0.317376 0.236701 4 1 0
205.208 0.317374 0.2367 4 1 0
205.308 0.317372 0.236699 4 1 0
205.408 0.317369 0.236699 4 1 0
205.508 0.317367 0.236698 4 1 0
205.608 0.317365 0.236697 4 1 0
205.708 0.317362 0.236697 4 1 0
205.808 0.31736 0.236696 4 1 0
205.908 0.317358 0.236695 4 1 0
206.008 0.317355 0.236694 4 1 0
206.108 0.317353 0.236693 4 1 0
206.208 0.317351 0.236693 4 1 0
206.308 0.317348 0.236692 4 1 0
206.408 0.317346 0.236691 4 1 0
206.508 0.317344 0.23669 4 1 0
206.608 0.317342 0.236689 4 1 0
206.708 0.31734 0.236688 4 1 0
206.808 0.317338 0.236687 4 1 0
206.908 0.317335 0.236686 4 1 0
207.008 0.317333 0.236685 4 1 0
207.108 0.317331 0.236684 4 1 0
207.208 0.317329 0.236683 4 1 0
207.308 0.317327 0.236682 4 1 0
207.408 0.317325 0.23668 4 1 0
207.508 0.317322 0.236679 4 1 0
207.608 0.317321 0.236678 4 1 0
207.608 0.317321 0.236678 4 1 0
207.628 0.31732 0.236678 4 1 0
207.668 0.31732 0.236677 4 1 0
207.748 0.317317 0.236676 4 1 0
207.848 0.317316 0.236675 4 1 0
207.948 0.317314 0.236674 4 1 0
208.048 0.317311 0.236672 4 1 0
208.148 0.31731 0.236671 4 1 0
208.248 0.317308 0.23667 4 1 0
208.348 0.317306 0.236668 4 1 0
208.448 0.317304 0.236667 4 1 0
208.548 0.317302 0.236665 4 1 0
208.648 0.3173 0.236664 4 1 0
208.748 0.317298 0.236662 4 1 0
208.848 0.317297 0.236661 4 1 0
208.948 0.317294 0.236659 4 1 0
209.048 0.317293 0.236657 4 1 0
209.148 0.317291 0.236656 4 1 0
209.248 0.317289 0.236654 4 1 0
209.348 0.317287 0.236652 4 1 0
209.448 0.317286 0.236651 4 1 0
209.548 0.317284 0.236649 4 1 0
209.648 0.317282 0.236647 4 1 0
209.748 0.317281 0.236645 4 1 0
209.848 0.317279 0.236644 4 1 0
209.948 0.317277 0.236642 4 1 0
210.048 0.317276 0.23664 4 1 0
210.148 0.317274 0.236638 4 1 0
210.248 0.317272 0.236636 4 1 0
210.348 0.317271 0.236634 4 1 0
210.448 0.317269 0.236632 4 1 0
210.548 0.317268 0.23663 4 1 0
210.648 0.317266 0.236628 4 1 0
210.748 0.317264 0.236626 4 1 0
210.848 0.317263 0.236624 4 1 0
210.948 0.317262 0.236622 4 1 0
211.048 0.31726 0.236619 4 1 0
211.148 0.317259 0.236617 4 1 0
211.248 0.317258 0.236615 4 1 0
211.348 0.317255 0.236613 4 1 0
211.448 0.317254 0.236611 4 1 0
211.548 0.317253 0.236608 4 1 0
211.648 0.317251 0.236606 4 1 0
211.748 0.31725 0.236604 4 1 0
211.848 0.317249 0.236601 4 1 0
211.948 0.317247 0.236599 4 1 0
212.048 0.317246 0.236596 4 1 0
212.148 0.317245 0.236594 4 1 0
212.248 0.317243 0.236591 4 1 0
212.348 0.317242 0.236589 4 1 0
212.448 0.317241 0.236586 4 1 0
212.548 0.317239 0.236584 4 1 0
212.648 0.317239 0.236581 4 1 0
212.748 0.317238 0.236579 4 1 0
212.848 0.317236 0.236576 4 1 0
212.948 0.317235 0.236573 4 1 0
213.048 0.317234 0.236571 4 1 0
213.148 0.317232 0.236568 4 1 0
213.248 0.317231 0.236565 4 1 0
213.348 0.317231 0.236563 4 1 0
213.448 0.317229 0.23656 4 1 0
213.548 0.317228 0.236557 4 1 0
213.648 0.317227 0.236554 4 1 0
213.748 0.317226 0.236551 4 1 0
213.848 0.317225 0.236548 4 1 0
213.948 0.317224 0.236546 4 1 0
214.048 0.317222 0.236542 4 1 0
214.148 0.317222 0.23654 4 1 0
214.248 0.317221 0.236537 4 1 0
214.348 0.317219 0.236534 4 1 0
214.448 0.317219 0.236531 4 1 0
214.548 0.317218 0.236528 4 1 0
214.648 0.317217 0.236524 4 1 0
214.748 0.317216 0.236521 4 1 0
214.848 0.317215 0.236518 4 1 0
214.948 0.317214 0.236515 4 1 0
215.048 0.317213 0.236512 4 1 0
215.148 0.317213 0.236509 4 1 0
215.248 0.317211 0.236505 4 1 0
215.348 0.317211 0.236502 4 1 0
215.448 0.31721 0.236499 4 1 0
215.548 0.317209 0.236496 4 1 0
215.648 0.317208 0.236492 4 1 0
215.748 0.317208 0.236489 4 1 0
215.848 0.317206 0.236486 4 1 0
215.948 0.317206 0.236482 4 1 0
216.048 0.317206 0.236479 4 1 0
216.148 0.317204 0.236475 4 1 0
216.248 0.317204 0.236472 4 1 0
216.348 0.317203 0.236469 4 1 0
216.448 0.317202 0.236465 4 1 0
216.548 0.317202 0.236461 4 1 0
216.648 0.317201 0.236458 4 1 0
216.748 0.3172 0.236454 4 1 0
216.848 0.3172 0.236451 4 1 0
216.948 0.317199 0.236447 4 1 0
217.048 0.317198 0.236443 4 1 0
217.148 0.317198 0.23644 4 1 0
217.248 0.317198 0.236436 4 1 0
217.348 0.317196 0.236432 4 1 0
217.448 0.317196 0.236429 4 1 0
217.548 0.317196 0.236425 4 1 0
217.648 0.317195 0.236421 4 1 0
217.748 0.317195 0.236417 4 1 0
217.848 0.317195 0.236414 4 1 0
217.948 0.317193 0.23641 4 1 0
218.048 0.317193 0.236406 4 1 0
218.148 0.317193 0.236402 4 1 0
218.248 0.317192 0.236398 4 1 0
218.348 0.317192 0.236394 4 1 0
218.448 0.317192 0.23639 4 1 0
218.548 0.317191 0.236386 4 1 0
218.648 0.317191 0.236382 4 1 0
218.748 0.317191 0.236378 4 1 0
218.848 0.317191 0.236374 4 1 0
218.948 0.317191 0.23637 4 1 0
219.048 0.317191 0.236366 4 1 0
219.148 0.317191 0.236362 4 1 0
219.248 0.317191 0.236358 4 1 0
219.348 0.317191 0.236354 4 1 0
219.448 0.317192 0.236351 4 1 0
219.548 0.317193 0.236347 4 1 0
219.648 0.317193 0.236343 4 1 0
219.748 0.317195 0.236339 4 1 0
219.848 0.317195 0.236335 4 1 0
219.948 0.317196 0.236331 4 1 0
220.048 0.317191 0.236325 4 1 0
220.148 0.317191 0.236321 4 1 0
220.248 0.317191 0.236316 4 1 0
220.348 0.31718 0.236312 4 1 0
220.448 0.31718 0.236308 4 1 0
220.548 0.31718 0.236303 4 1 0
220.648 0.317181 0.236299 4 1 0
220.748 0.317182 0.236295 4 1 0
220.848 0.317182 0.23629 4 1 0
220.948 0.317182 0.236286 4 1 0
221.048 0.317182 0.236282 4 1 0
221.148 0.317183 0.236278 4 1 0
221.248 0.31717 0.236273 4 1 0
221.348 0.31717 0.236268 4 1 0
221.448 0.317171 0.236264 4 1 0
221.548 0.317171 0.236258 4 1 0
221.648 0.317172 0.236254 4 1 0
221.748 0.317173 0.236249 4 1 0
221.848 0.317173 0.236245 4 1 0
221.948 0.317174 0.23624 4 1 0
222.048 0.317174 0.236236 4 1 0
222.148 0.317167 0.236231 4 1 0
222.248 0.317168 0.236226 4 1 0
222.348 0.317168 0.236221 4 1 0
222.448 0.317168 0.236216 4 1 0
222.548 0.317169 0.236212 4 1 0
222.648 0.31717 0.236207 4 1 0
222.748 0.317169 0.236202 4 1 0
222.848 0.31717 0.236197 4 1 0
222.948 0.317171 0.236192 4 1 0
223.048 0.317166 0.236187 4 1 0
223.148 0.317166 0.236183 4 1 0
223.248 0.317167 0.236178 4 1 0
223.348 0.317164 0.236173 4 1 0
223.448 0.317165 0.236168 4 1 0
223.548 0.317166 0.236163 4 1 0
223.648 0.317166 0.236158 4 1 0
223.748 0.317167 0.236153 4 1 0
223.848 0.317168 0.236148 4 1 0
223.948 0.317164 0.236143 4 1 0
224.048 0.317165 0.236138 4 1 0
224.148 0.317166 0.236133 4 1 0
224.248 0.317153 0.236128 4 1 0
224.348 0.317154 0.236123 4 1 0
224.448 0.317155 0.236118 4 1 0
224.548 0.317147 0.236112 4 1 0
224.648 0.317148 0.236107 4 1 0
224.748 0.317149 0.236102 4 1 0
224.848 0.317148 0.236096 4 1 0
224.948 0.317149 0.236091 4 1 0
225.048 0.31715 0.236086 4 1 0
225.148 0.317139 0.236081 4 1 0
225.248 0.31714 0.236075 4 1 0
225.348 0.317141 0.23607 4 1 0
225.448 0.317134 0.236065 4 1 0
225.548 0.317136 0.236059 4 1 0
225.648 0.317137 0.236054 4 1 0
225.748 0.317128 0.236049 4 1 0
225.848 0.317129 0.236043 4 1 0
225.948 0.31713 0.236038 4 1 0
226.048 0.317116 0.236032 4 1 0
226.148 0.317118 0.236027 4 1 0
226.248 0.317119 0.236021 4 1 0
226.348 0.317105 0.236016 4 1 0
226.448 0.317106 0.23601 4 1 0
226.548 0.317107 0.236005 4 1 0
226.648 0.317087 0.235999 4 1 0
226.748 0.317089 0.235994 4 1 0
226.848 0.31709 0.235988 4 1 0
226.948 0.317067 0.235983 4 1 0
227.048 0.317069 0.235977 4 1 0
227.148 0.31707 0.235971 4 1 0
227.248 0.317077 0.235967 4 1 0
227.348 0.317078 0.235961 4 1 0
227.348 0.317078 0.235961 4 1 0
227.368 0.317078 0.23596 4 1 0
227.408 0.317078 0.235958 4 1 0
227.488 0.317106 0.235953 4 1 0
227.588 0.317107 0.235947 4 1 0
227.688 0.317107 0.235941 4 1 0
227.788 0.317162 0.235935 4 1 0
227.888 0.317163 0.235929 4 1 0
227.988 0.317164 0.235923 4 1 0
228.088 0.317242 0.235919 4 1 0
228.188 0.317243 0.235913 4 1 0
228.288 0.317244 0.235907 4 1 0
228.388 0.317176 0.235907 4 1 0
228.488 0.317176 0.235902 4 1 0
228.588 0.317177 0.235896 4 1 0
228.688 0.317182 0.235882 4 1 0
228.788 0.317182 0.235876 4 1 0
228.888 0.317183 0.23587 4 1 0
228.988 0.317168 0.235865 4 1 0
229.088 0.317169 0.235859 4 1 0
229.188 0.317169 0.235853 4 1 0
229.288 0.317158 0.235846 4 1 0
229.388 0.317159 0.23584 4 1 0
229.488 0.31716 0.235834 4 1 0
229.588 0.317148 0.235828 4 1 0
229.688 0.317149 0.235822 4 1 0
229.788 0.31715 0.235816 4 1 0
229.888 0.317136 0.23581 4 1 0
229.988 0.317137 0.235803 4 1 0
230.088 0.317138 0.235797 4 1 0
230.188 0.317124 0.235791 4 1 0
230.288 0.317125 0.235785 4 1 0
230.388 0.317126 0.235779 4 1 0
230.488 0.317113 0.235773 4 1 0
230.588 0.317114 0.235767 4 1 0
230.688 0.317115 0.23576 4 1 0
230.788 0.317114 0.235754 4 1 0
230.888 0.317115 0.235748 4 1 0
230.988 0.317116 0.235742 4 1 0
231.088 0.31711 0.235735 4 1 0
231.188 0.317112 0.235729 4 1 0
231.288 0.317114 0.235722 4 1 0
231.388 0.317132 0.235716 4 1 0
231.488 0.317134 0.23571 4 1 0
231.588 0.317136 0.235703 4 1 0
231.688 0.317151 0.235697 4 1 0
231.788 0.317153 0.23569 4 1 0
231.888 0.317155 0.235684 4 1 0
231.988 0.317173 0.235677 4 1 0
232.088 0.317175 0.235671 4 1 0
232.188 0.317177 0.235664 4 1 0
232.288 0.317194 0.235657 4 1 0
232.388 0.317196 0.235651 4 1 0
232.488 0.317198 0.235644 4 1 0
232.588 0.317212 0.235638 4 1 0
232.688 0.317214 0.235632 4 1 0
232.788 0.317216 0.235625 4 1 0
232.888 0.317218 0.235619 4 1 0
232.988 0.31722 0.235613 4 1 0
233.088 0.317222 0.235606 4 1 0
233.188 0.317228 0.235599 4 1 0
233.288 0.31723 0.235592 4 1 0
233.388 0.317232 0.235585 4 1 0
233.488 0.317243 0.235579 4 1 0
233.588 0.317245 0.235572 4 1 0
233.688 0.317247 0.235565 4 1 0
233.788 0.317255 0.235559 4 1 0
233.888 0.317257 0.235552 4 1 0
233.988 0.317259 0.235545 4 1 0
234.088 0.317266 0.235538 4 1 0
234.188 0.317268 0.235532 4 1 0
234.288 0.31727 0.235525 4 1 0
234.388 0.317277 0.235518 4 1 0
234.488 0.317279 0.235511 4 1 0
234.588 0.317282 0.235504 4 1 0
234.688 0.317289 0.235497 4 1 0
234.788 0.317291 0.235491 4 1 0
234.888 0.317293 0.235484 4 1 0
234.988 0.3173 0.235477 4 1 0
235.088 0.317302 0.23547 4 1 0
235.188 0.317304 0.235463 4 1 0
235.288 0.317311 0.235456 4 1 0
235.388 0.317313 0.235449 4 1 0
235.488 0.317316 0.235442 4 1 0
235.588 0.317322 0.235435 4 1 0
235.688 0.317324 0.235428 4 1 0
235.788 0.317327 0.235421 4 1 0
235.888 0.317333 0.235414 4 1 0
235.988 0.317335 0.235407 4 1 0
236.088 0.317337 0.2354 4 1 0
236.188 0.317344 0.235392 4 1 0
236.288 0.317346 0.235385 4 1 0
236.388 0.317348 0.235378 4 1 0
236.488 0.317354 0.235371 4 1 0
236.588 0.317357 0.235364 4 1 0
236.688 0.317359 0.235356 4 1 0
236.788 0.317365 0.235349 4 1 0
236.888 0.317367 0.235342 4 1 0
236.988 0.31737 0.235335 4 1 0
237.088 0.317375 0.235327 4 1 0
237.188 0.317378 0.23532 4 1 0
237.288 0.31738 0.235313 4 1 0
237.388 0.317386 0.235305 4 1 0
237.488 0.317388 0.235298 4 1 0
237.588 0.317391 0.235291 4 1 0
237.688 0.317397 0.235283 4 1 0
237.788 0.317399 0.235276 4 1 0
237.888 0.317401 0.235268 4 1 0
237.988 0.317407 0.23526 4 1 0
238.088 0.31741 0.235253 4 1 0
238.188 0.317412 0.235246 4 1 0
238.288 0.317418 0.235238 4 1 0
238.388 0.31742 0.235231 4 1 0
238.488 0.317423 0.235223 4 1 0
238.588 0.317428 0.235215 4 1 0
238.688 0.317431 0.235208 4 1 0
238.788 0.317433 0.2352 4 1 0
238.888 0.317439 0.235192 4 1 0
238.988 0.317441 0.235185 4 1 0
239.088 0.317444 0.235177 4 1 0
239.188 0.317449 0.235169 4 1 0
239.288 0.317452 0.235162 4 1 0
239.388 0.317454 0.235154 4 1 0
239.488 0.31746 0.235146 4 1 0
239.588 0.317463 0.235138 4 1 0
239.688 0.317465 0.235131 4 1 0
239.788 0.317471 0.235123 4 1 0
239.888 0.317474 0.235115 4 1 0
239.988 0.317476 0.235107 4 1 0
240.088 0.317483 0.235099 4 1 0
240.188 0.317486 0.235092 4 1 0
240.288 0.317488 0.235084 4 1 0
240.388 0.317496 0.235077 4 1 0
240.488 0.317499 0.235069 4 1 0
240.588 0.317502 0.235061 4 1 0
240.688 0.317506 0.235055 4 1 0
240.788 0.317508 0.235047 4 1 0
240.888 0.317511 0.235039 4 1 0
240.988 0.317513 0.235031 4 1 0
241.088 0.317516 0.235024 4 1 0
241.188 0.317518 0.235016 4 1 0
241.288 0.317514 0.235029 4 1 0
241.388 0.317517 0.235021 4 1 0
241.488 0.31752 0.235013 4 1 0
241.588 0.317515 0.234987 4 1 0
241.688 0.317518 0.234979 4 1 0
241.788 0.31752 0.234972 4 1 0
241.888 0.317534 0.234968 4 1 0
241.988 0.317537 0.23496 4 1 0
242.088 0.31754 0.234952 4 1 0
242.188 0.317539 0.234935 4 1 0
242.288 0.317542 0.234927 4 1 0
242.388 0.317544 0.234919 4 1 0
242.488 0.317555 0.23491 4 1 0
242.588 0.317558 0.234902 4 1 0
242.688 0.317561 0.234894 4 1 0
242.788 0.317563 0.234889 4 1 0
242.888 0.317566 0.234881 4 1 0
242.988 0.317568 0.234872 4 1 0
243.088 0.317566 0.234869 4 1 0
243.188 0.317568 0.234861 4 1 0
243.288 0.317571 0.234853 4 1 0
243.388 0.317573 0.234843 4 1 0
243.488 0.317576 0.234835 4 1 0
243.588 0.317579 0.234827 4 1 0
243.688 0.317585 0.234817 4 1 0
243.788 0.317588 0.234809 4 1 0
243.888 0.317591 0.234801 4 1 0
243.988 0.317594 0.234793 4 1 0
244.088 0.317597 0.234784 4 1 0
244.188 0.3176 0.234776 4 1 0
244.288 0.317603 0.234768 4 1 0
244.388 0.317606 0.23476 4 1 0
244.488 0.317609 0.234752 4 1 0
244.588 0.317612 0.234746 4 1 0
244.688 0.317615 0.234737 4 1 0
244.788 0.317618 0.234729 4 1 0
244.888 0.317621 0.234721 4 1 0
244.988 0.317624 0.234713 4 1 0
245.088 0.317627 0.234705 4 1 0
245.188 0.31763 0.234697 4 1 0
245.288 0.317633 0.234688 4 1 0
245.388 0.317636 0.23468 4 1 0
245.488 0.31764 0.234673 4 1 0
245.588 0.317643 0.234664 4 1 0
245.688 0.317646 0.234656 4 1 0
245.788 0.317649 0.234649 4 1 0
245.888 0.317652 0.23464 4 1 0
245.988 0.317655 0.234632 4 1 0
246.088 0.317658 0.234624 4 1 0
246.188 0.317662 0.234616 4 1 0
246.288 0.317665 0.234608 4 1 0
246.388 0.317668 0.2346 4 1 0
246.488 0.317671 0.234591 4 1 0
246.588 0.317674 0.234583 4 1 0
246.688 0.317678 0.234575 4 1 0
246.788 0.317681 0.234567 4 1 0
246.888 0.317684 0.234558 4 1 0
246.988 0.317687 0.234551 4 1 0
247.088 0.31769 0.234542 4 1 0
247.088 0.31769 0.234542 4 1 0
247.108 0.317691 0.234541 4 1 0
247.148 0.317692 0.234537 4 1 0
247.228 0.317695 0.234531 4 1 0
247.328 0.317698 0.234523 4 1 0
247.428 0.317701 0.234514 4 1 0
247.528 0.317705 0.234506 4 1 0
247.628 0.317708 0.234498 4 1 0
247.728 0.317711 0.234489 4 1 0
247.828 0.317715 0.234482 4 1 0
247.928 0.317718 0.234473 4 1 0
248.028 0.317721 0.234465 4 1 0
248.128 0.317724 0.234457 4 1 0
248.228 0.317728 0.234448 4 1 0
248.328 0.317731 0.23444 4 1 0
248.428 0.317734 0.234432 4 1 0
248.528 0.317738 0.234423 4 1 0
248.628 0.317741 0.234415 4 1 0
248.728 0.317744 0.234407 4 1 0
248.828 0.317748 0.234398 4 1 0
248.928 0.317751 0.234389 4 1 0
249.028 0.317754 0.23438 4 1 0
249.128 0.317758 0.234371 4 1 0
249.228 0.317761 0.234362 4 1 0
249.328 0.317764 0.234352 4 1 0
249.428 0.317768 0.234343 4 1 0
249.528 0.317771 0.234334 4 1 0
249.628 0.317775 0.234324 4 1 0
249.728 0.317778 0.234315 4 1 0
249.828 0.317781 0.234306 4 1 0
249.928 0.317785 0.234296 4 1 0
250.028 0.317788 0.234287 4 1 0
250.128 0.317792 0.234277 4 1 0
250.228 0.317795 0.234268 4 1 0
250.328 0.317798 0.234259 4 1 0
250.428 0.317802 0.234249 4 1 0
250.528 0.317805 0.23424 4 1 0
250.628 0.317809 0.23423 4 1 0
250.728 0.317812 0.234221 4 1 0
250.828 0.317816 0.234212 4 1 0
250.928 0.317819 0.234202 4 1 0
251.028 0.317823 0.234193 4 1 0
251.128 0.317826 0.234183 4 1 0
251.228 0.317829 0.234174 4 1 0
251.328 0.317833 0.234165 4 1 0
251.428 0.317836 0.234155 4 1 0
251.528 0.31784 0.234146 4 1 0
251.628 0.317843 0.234136 4 1 0
251.728 0.317847 0.234127 4 1 0
251.828 0.31785 0.234117 4 1 0
251.928 0.317854 0.234108 4 1 0
252.028 0.317857 0.234098 4 1 0
252.128 0.317861 0.234089 4 1 0
252.228 0.317864 0.23408 4 1 0
252.328 0.317868 0.23407 4 1 0
252.428 0.317871 0.234061 4 1 0
252.528 0.317875 0.234051 4 1 0
252.628 0.317878 0.234041 4 1 0
252.728 0.317882 0.234032 4 1 0
252.828 0.317885 0.234023 4 1 0
252.928 0.317889 0.234013 4 1 0
253.028 0.317892 0.234004 4 1 0
253.128 0.317896 0.233994 4 1 0
253.228 0.3179 0.233984 4 1 0
253.328 0.317903 0.233975 4 1 0
253.428 0.317907 0.233965 4 1 0
253.528 0.31791 0.233956 4 1 0
253.628 0.317914 0.233946 4 1 0
253.728 0.317917 0.233937 4 1 0
253.828 0.317921 0.233927 4 1 0
253.928 0.317924 0.233917 4 1 0
254.028 0.317928 0.233908 4 1 0
254.128 0.317931 0.233898 4 1 0
254.228 0.317935 0.233889 4 1 0
254.328 0.317939 0.233879 4 1 0
254.428 0.317942 0.233869 4 1 0
254.528 0.317946 0.23386 4 1 0
254.628 0.31795 0.23385 4 1 0
254.728 0.317953 0.233841 4 1 0
254.828 0.317957 0.233831 4 1 0
254.928 0.31796 0.233821 4 1 0
255.028 0.317964 0.233812 4 1 0
255.128 0.317967 0.233802 4 1 0
255.228 0.317971 0.233792 4 1 0
255.328 0.317974 0.233783 4 1 0
255.428 0.317978 0.233773 4 1 0
255.528 0.317982 0.233763 4 1 0
255.628 0.317985 0.233754 4 1 0
255.728 0.317989 0.233744 4 1 0
255.828 0.317993 0.233734 4 1 0
255.928 0.317996 0.233725 4 1 0
256.028 0.318 0.233715 4 1 0
256.128 0.318004 0.233705 4 1 0
256.228 0.318007 0.233696 4 1 0
256.328 0.318011 0.233686 4 1 0
256.428 0.318014 0.233676 4 1 0
256.528 0.318018 0.233666 4 1 0
256.628 0.318021 0.233657 4 1 0
256.728 0.318025 0.233647 4 1 0
256.828 0.318028 0.233637 4 1 0
256.928 0.318032 0.233627 4 1 0
257.028 0.318036 0.233618 4 1 0
257.128 0.318039 0.233608 4 1 0
257.228 0.318043 0.233598 4 1 0
257.328 0.318047 0.233588 4 1 0
257.428 0.31805 0.233579 4 1 0
257.528 0.318054 0.233569 4 1 0
257.628 0.318058 0.233559 4 1 0
257.728 0.318061 0.23355 4 1 0
257.828 0.318064 0.23354 4 1 0
257.928 0.318068 0.23353 4 1 0
258.028 0.318071 0.233521 4 1 0
258.128 0.318075 0.233511 4 1 0
258.228 0.318079 0.233501 4 1 0
258.328 0.318082 0.233492 4 1 0
258.428 0.318085 0.233482 4 1 0
258.528 0.318089 0.233472 4 1 0
258.628 0.318092 0.233463 4 1 0
258.728 0.318096 0.233453 4 1 0
258.828 0.3181 0.233443 4 1 0
258.928 0.318101 0.233432 4 1 0
259.028 0.318105 0.233422 4 1 0
259.128 0.318109 0.233412 4 1 0
259.228 0.318112 0.233418 4 1 0
259.328 0.318116 0.233408 4 1 0
259.428 0.31812 0.233398 4 1 0
259.528 0.318127 0.233381 4 1 0
259.628 0.318131 0.233371 4 1 0
259.728 0.318134 0.23336 4 1 0
259.828 0.318139 0.233347 4 1 0
259.928 0.318143 0.233337 4 1 0
260.028 0.318147 0.233327 4 1 0
260.128 0.31815 0.233313 4 1 0
260.228 0.318154 0.233303 4 1 0
260.328 0.318158 0.233293 4 1 0
260.428 0.318161 0.233277 4 1 0
260.528 0.318165 0.233266 4 1 0
260.628 0.318169 0.233256 4 1 0
260.728 0.318176 0.233246 4 1 0
260.828 0.31818 0.233235 4 1 0
260.928 0.318185 0.233225 4 1 0
261.028 0.318187 0.233212 4 1 0
261.128 0.318191 0.233202 4 1 0
261.228 0.318195 0.233192 4 1 0
261.328 0.3182 0.233182 4 1 0
261.428 0.318204 0.233171 4 1 0
261.528 0.318208 0.233161 4 1 0
261.628 0.318211 0.233152 4 1 0
261.728 0.318215 0.233141 4 1 0
261.828 0.31822 0.233131 4 1 0
261.928 0.318219 0.233129 4 1 0
262.028 0.318223 0.233119 4 1 0
262.128 0.318227 0.233109 4 1 0
262.228 0.318226 0.233103 4 1 0
262.328 0.31823 0.233093 4 1 0
262.428 0.318234 0.233083 4 1 0
262.528 0.318244 0.233078 4 1 0
262.628 0.318248 0.233068 4 1 0
262.728 0.318252 0.233058 4 1 0
262.828 0.318242 0.233035 4 1 0
262.928 0.318246 0.233025 4 1 0
263.028 0.31825 0.233015 4 1 0
263.128 0.318259 0.233002 4 1 0
263.228 0.318263 0.232992 4 1 0
263.328 0.318267 0.232981 4 1 0
263.428 0.318286 0.232988 4 1 0
263.528 0.31829 0.232978 4 1 0
263.628 0.318294 0.232968 4 1 0
263.728 0.318287 0.232968 4 1 0
263.828 0.318291 0.232958 4 1 0
263.928 0.318295 0.232947 4 1 0
264.028 0.318293 0.232909 4 1 0
264.128 0.318297 0.232899 4 1 0
264.228 0.318301 0.232888 4 1 0
264.328 0.318315 0.232898 4 1 0
264.428 0.318319 0.232887 4 1 0
264.528 0.318323 0.232876 4 1 0
264.628 0.318333 0.232864 4 1 0
264.728 0.318337 0.232853 4 1 0
264.828 0.318341 0.232843 4 1 0
264.928 0.318323 0.232812 4 1 0
265.028 0.318327 0.232801 4 1 0
265.128 0.318331 0.232791 4 1 0
265.228 0.31835 0.232797 4 1 0
265.328 0.318355 0.232786 4 1 0
265.428 0.318359 0.232775 4 1 0
265.528 0.318372 0.232768 4 1 0
265.628 0.318376 0.232758 4 1 0
265.728 0.318381 0.232748 4 1 0
265.828 0.318376 0.232748 4 1 0
265.928 0.31838 0.232737 4 1 0
266.028 0.318384 0.232727 4 1 0
266.128 0.318383 0.232703 4 1 0
266.228 0.318388 0.232692 4 1 0
266.328 0.318392 0.232681 4 1 0
266.428 0.318402 0.232685 4 1 0
266.528 0.318407 0.232675 4 1 0
266.628 0.318411 0.232664 4 1 0
266.728 0.318415 0.232656 4 1 0
266.828 0.318419 0.232645 4 1 0
247.088 0.31769 0.234542 4 1 0
247.108 0.317691 0.234541 4 1 0
247.148 0.317692 0.234537 4 1 0
247.228 0.317695 0.234531 4 1 0
247.328 0.317698 0.234523 4 1 0
247.428 0.317701 0.234514 4 1 0
247.528 0.317705 0.234506 4 1 0
247.628 0.317708 0.234498 4 1 0
247.728 0.317711 0.234489 4 1 0
247.828 0.317715 0.234482 4 1 0
247.928 0.317718 0.234473 4 1 0
248.028 0.317721 0.234465 4 1 0
248.128 0.317724 0.234457 4 1 0
248.228 0.317728 0.234448 4 1 0
248.328 0.317731 0.23444 4 1 0
248.428 0.317734 0.234432 4 1 0
248.528 0.317738 0.234423 4 1 0
248.628 0.317741 0.234415 4 1 0
248.728 0.317744 0.234407 4 1 0
248.828 0.317748 0.234398 4 1 0
248.928 0.317751 0.234389 4 1 0
249.028 0.317754 0.23438 4 1 0
249.128 0.317758 0.234371 4 1 0
249.228 0.317761 0.234362 4 1 0
249.328 0.317764 0.234352 4 1 0
249.428 0.317768 0.234343 4 1 0
249.528 0.317771 0.234334 4 1 0
249.628 0.317775 0.234324 4 1 0
249.728 0.317778 0.234315 4 1 0
249.828 0.317781 0.234306 4 1 0
249.928 0.317785 0.234296 4 1 0
250.028 0.317788 0.234287 4 1 0
250.128 0.317792 0.234277 4 1 0
250.228 0.317795 0.234268 4 1 0
250.328 0.317798 0.234259 4 1 0
250.428 0.317802 0.234249 4 1 0
250.528 0.317805 0.23424 4 1 0
250.628 0.317809 0.23423 4 1 0
250.728 0.317812 0.234221 4 1 0
250.828 0.317816 0.234212 4 1 0
250.928 0.317819 0.234202 4 1 0
251.028 0.317823 0.234193 4 1 0
251.128 0.317826 0.234183 4 1 0
251.228 0.317829 0.234174 4 1 0
251.328 0.317833 0.234165 4 1 0
251.428 0.317836 0.234155 4 1 0
251.528 0.31784 0.234146 4 1 0
251.628 0.317843 0.234136 4 1 0
251.728 0.317847 0.234127 4 1 0
251.828 0.31785 0.234117 4 1 0
251.928 0.317854 0.234108 4 1 0
252.028 0.317857 0.234098 4 1 0
252.128 0.317861 0.234089 4 1 0
252.228 0.317864 0.23408 4 1 0
252.328 0.317868 0.23407 4 1 0
252.428 0.317871 0.234061 4 1 0
252.528 0.317875 0.234051 4 1 0
252.628 0.317878 0.234041 4 1 0
252.728 0.317882 0.234032 4 1 0
252.828 0.317885 0.234023 4 1 0
252.928 0.317889 0.234013 4 1 0
253.028 0.317892 0.234004 4 1 0
253.128 0.317896 0.233994 4 1 0
253.228 0.3179 0.233984 4 1 0
253.328 0.317903 0.233975 4 1 0
253.428 0.317907 0.233965 4 1 0
253.528 0.31791 0.233956 4 1 0
253.628 0.317914 0.233946 4 1 0
253.728 0.317917 0.233937 4 1 0
253.828 0.317921 0.233927 4 1 0
253.928 0.317924 0.233917 4 1 0
254.028 0.317928 0.233908 4 1 0
254.128 0.317931 0.233898 4 1 0
254.228 0.317935 0.233889 4 1 0
254.328 0.317939 0.233879 4 1 0
254.428 0.317942 0.233869 4 1 0
254.528 0.317946 0.23386 4 1 0
254.628 0.31795 0.23385 4 1 0
254.728 0.317953 0.233841 4 1 0
254.828 0.317957 0.233831 4 1 0
254.928 0.31796 0.233821 4 1 0
255.028 0.317964 0.233812 4 1 0
255.128 0.317967 0.233802 4 1 0
255.228 0.317971 0.233792 4 1 0
255.328 0.317974 0.233783 4 1 0
255.428 0.317978 0.233773 4 1 0
255.528 0.317982 0.233763 4 1 0
255.628 0.317985 0.233754 4 1 0
255.728 0.317989 0.233744 4 1 0
255.828 0.317993 0.233734 4 1 0
255.928 0.317996 0.233725 4 1 0
256.028 0.318 0.233715 4 1 0
256.128 0.318004 0.233705 4 1 0
256.228 0.318007 0.233696 4 1 0
256.328 0.318011 0.233686 4 1 0
256.428 0.318014 0.233676 4 1 0
256.528 0.318018 0.233666 4 1 0
256.628 0.318021 0.233657 4 1 0
256.728 0.318025 0.233647 4 1 0
256.828 0.318028 0.233637 4 1 0
256.928 0.318032 0.233627 4 1 0
257.028 0.318036 0.233618 4 1 0
257.128 0.318039 0.233608 4 1 0
257.228 0.318043 0.233598 4 1 0
257.328 0.318047 0.233588 4 1 0
257.428 0.31805 0.233579 4 1 0
257.528 0.318054 0.233569 4 1 0
257.628 0.318058 0.233559 4 1 0
257.728 0.318061 0.23355 4 1 0
257.828 0.318064 0.23354 4 1 0
257.928 0.318068 0.23353 4 1 0
258.028 0.318071 0.233521 4 1 0
258.128 0.318075 0.233511 4 1 0
258.228 0.318079 0.233501 4 1 0
258.328 0.318082 0.233492 4 1 0
258.428 0.318085 0.233482 4 1 0
258.528 0.318089 0.233472 4 1 0
258.628 0.318092 0.233463 4 1 0
258.728 0.318096 0.233453 4 1 0
258.828 0.3181 0.233443 4 1 0
258.928 0.318101 0.233432 4 1 0
259.028 0.318105 0.233422 4 1 0
259.128 0.318109 0.233412 4 1 0
259.228 0.318112 0.233418 4 1 0
259.328 0.318116 0.233408 4 1 0
259.428 0.31812 0.233398 4 1 0
259.528 0.318127 0.233381 4 1 0
259.628 0.318131 0.233371 4 1 0
259.728 0.318134 0.23336 4 1 0
259.828 0.318139 0.233347 4 1 0
259.928 0.318143 0.233337 4 1 0
260.028 0.318147 0.233327 4 1 0
260.128 0.31815 0.233313 4 1 0
260.228 0.318154 0.233303 4 1 0
260.328 0.318158 0.233293 4 1 0
260.428 0.318161 0.233277 4 1 0
260.528 0.318165 0.233266 4 1 0
260.628 0.318169 0.233256 4 1 0
260.728 0.318176 0.233246 4 1 0
260.828 0.31818 0.233235 4 1 0
260.928 0.318185 0.233225 4 1 0
261.028 0.318187 0.233212 4 1 0
261.128 0.318191 0.233202 4 1 0
261.228 0.318195 0.233192 4 1 0
261.328 0.3182 0.233182 4 1 0
261.428 0.318204 0.233171 4 1 0
261.528 0.318208 0.233161 4 1 0
261.628 0.318211 0.233152 4 1 0
261.728 0.318215 0.233141 4 1 0
261.828 0.31822 0.233131 4 1 0
261.928 0.318219 0.233129 4 1 0
262.028 0.318223 0.233119 4 1 0
262.128 0.318227 0.233109 4 1 0
262.228 0.318226 0.233103 4 1 0
262.328 0.31823 0.233093 4 1 0
262.428 0.318234 0.233083 4 1 0
262.528 0.318244 0.233078 4 1 0
262.628 0.318248 0.233068 4 1 0
262.728 0.318252 0.233058 4 1 0
262.828 0.318242 0.233035 4 1 0
262.928 0.318246 0.233025 4 1 0
263.028 0.31825 0.233015 4 1 0
263.128 0.318259 0.233002 4 1 0
263.228 0.318263 0.232992 4 1 0
263.328 0.318267 0.232981 4 1 0
263.428 0.318286 0.232988 4 1 0
263.528 0.31829 0.232978 4 1 0
263.628 0.318294 0.232968 4 1 0
263.728 0.318287 0.232968 4 1 0
263.828 0.318291 0.232958 4 1 0
263.928 0.318295 0.232947 4 1 0
264.028 0.318293 0.232909 4 1 0
264.128 0.318297 0.232899 4 1 0
264.228 0.318301 0.232888 4 1 0
264.328 0.318315 0.232898 4 1 0
264.428 0.318319 0.232887 4 1 0
264.528 0.318323 0.232876 4 1 0
264.628 0.318333 0.232864 4 1 0
264.728 0.318337 0.232853 4 1 0
264.828 0.318341 0.232843 4 1 0
264.928 0.318323 0.232812 4 1 0
265.028 0.318327 0.232801 4 1 0
265.128 0.318331 0.232791 4 1 0
265.228 0.31835 0.232797 4 1 0
265.328 0.318355 0.232786 4 1 0
265.428 0.318359 0.232775 4 1 0
265.528 0.318372 0.232768 4 1 0
265.628 0.318376 0.232758 4 1 0
265.728 0.318381 0.232748 4 1 0
265.828 0.318376 0.232748 4 1 0
265.928 0.31838 0.232737 4 1 0
266.028 0.318384 0.232727 4 1 0
266.128 0.318383 0.232703 4 1 0
266.228 0.318388 0.232692 4 1 0
266.328 0.318392 0.232681 4 1 0
266.428 0.318402 0.232685 4 1 0
266.528 0.318407 0.232675 4 1 0
266.628 0.318411 0.232664 4 1 0
266.728 0.318415 0.232656 4 1 0
266.828 0.318419 0.232645 4 1 0
266.828 0.318419 0.232645 4 1 0
266.848 0.31842 0.232643 4 1 0
266.888 0.318422 0.232639 4 1 0
266.968 0.318418 0.232614 4 1 0
267.068 0.318423 0.232603 4 1 0
267.168 0.318427 0.232592 4 1 0
267.268 0.318434 0.232586 4 1 0
267.368 0.318439 0.232575 4 1 0
267.468 0.318443 0.232564 4 1 0
267.568 0.318453 0.232564 4 1 0
267.668 0.318457 0.232554 4 1 0
267.768 0.318461 0.232543 4 1 0
267.868 0.318459 0.232527 4 1 0
267.968 0.318464 0.232517 4 1 0
268.068 0.318468 0.232506 4 1 0
268.168 0.318472 0.23249 4 1 0
268.268 0.318476 0.232479 4 1 0
268.368 0.31848 0.232468 4 1 0
268.468 0.318488 0.232468 4 1 0
268.568 0.318492 0.232457 4 1 0
268.668 0.318497 0.232446 4 1 0
268.768 0.3185 0.232438 4 1 0
268.868 0.318505 0.232427 4 1 0
268.968 0.318509 0.232416 4 1 0
269.068 0.31851 0.232397 4 1 0
269.168 0.318515 0.232386 4 1 0
269.268 0.318519 0.232375 4 1 0
269.368 0.318525 0.232366 4 1 0
269.468 0.318529 0.232355 4 1 0
269.568 0.318534 0.232344 4 1 0
269.668 0.31854 0.232341 4 1 0
269.768 0.318544 0.232329 4 1 0
269.868 0.318548 0.232318 4 1 0
269.968 0.318551 0.232304 4 1 0
270.068 0.318555 0.232293 4 1 0
270.168 0.31856 0.232282 4 1 0
270.268 0.318563 0.232269 4 1 0
270.368 0.318568 0.232258 4 1 0
270.468 0.318572 0.232247 4 1 0
270.568 0.318577 0.232239 4 1 0
270.668 0.318582 0.232228 4 1 0
270.768 0.318586 0.232217 4 1 0
270.868 0.318591 0.232208 4 1 0
270.968 0.318595 0.232197 4 1 0
271.068 0.3186 0.232186 4 1 0
271.168 0.318603 0.232173 4 1 0
271.268 0.318607 0.232162 4 1 0
271.368 0.318612 0.232151 4 1 0
271.468 0.318616 0.232141 4 1 0
271.568 0.318621 0.232129 4 1 0
271.668 0.318625 0.232118 4 1 0
271.768 0.31863 0.232109 4 1 0
271.868 0.318634 0.232098 4 1 0
271.968 0.318639 0.232087 4 1 0
272.068 0.318643 0.232076 4 1 0
272.168 0.318648 0.232065 4 1 0
272.268 0.318652 0.232054 4 1 0
272.368 0.318656 0.232043 4 1 0
272.468 0.318661 0.232031 4 1 0
272.568 0.318665 0.23202 4 1 0
272.668 0.318669 0.23201 4 1 0
272.768 0.318674 0.231998 4 1 0
272.868 0.318679 0.231987 4 1 0
272.968 0.318683 0.231977 4 1 0
273.068 0.318688 0.231966 4 1 0
273.168 0.318692 0.231955 4 1 0
273.268 0.318696 0.231944 4 1 0
273.368 0.318701 0.231933 4 1 0
273.468 0.318706 0.231921 4 1 0
273.568 0.31871 0.231911 4 1 0
273.668 0.318714 0.231899 4 1 0
273.768 0.318719 0.231888 4 1 0
273.868 0.318723 0.231877 4 1 0
273.968 0.318728 0.231866 4 1 0
274.068 0.318732 0.231855 4 1 0
274.168 0.318737 0.231844 4 1 0
274.268 0.318741 0.231833 4 1 0
274.368 0.318746 0.231821 4 1 0
274.468 0.31875 0.231811 4 1 0
274.568 0.318755 0.231799 4 1 0
274.668 0.318759 0.231788 4 1 0
274.768 0.318764 0.231777 4 1 0
274.868 0.318768 0.231766 4 1 0
274.968 0.318773 0.231755 4 1 0
275.068 0.318777 0.231744 4 1 0
275.168 0.318782 0.231733 4 1 0
275.268 0.318787 0.231721 4 1 0
275.368 0.318791 0.23171 4 1 0
275.468 0.318795 0.231699 4 1 0
275.568 0.3188 0.231687 4 1 0
275.668 0.318804 0.231677 4 1 0
275.768 0.318809 0.231665 4 1 0
275.868 0.318814 0.231654 4 1 0
275.968 0.318818 0.231643 4 1 0
276.068 0.318823 0.231632 4 1 0
276.168 0.318827 0.23162 4 1 0
276.268 0.318832 0.231609 4 1 0
276.368 0.318836 0.231598 4 1 0
276.468 0.318841 0.231586 4 1 0
276.568 0.318845 0.231576 4 1 0
276.668 0.31885 0.231564 4 1 0
276.768 0.318855 0.231552 4 1 0
276.868 0.318859 0.231542 4 1 0
276.968 0.318864 0.23153 4 1 0
277.068 0.318869 0.231519 4 1 0
277.168 0.318873 0.231508 4 1 0
277.268 0.318878 0.231496 4 1 0
277.368 0.318882 0.231485 4 1 0
277.468 0.318887 0.231474 4 1 0
277.568 0.318891 0.231462 4 1 0
277.668 0.318896 0.231451 4 1 0
277.768 0.3189 0.23144 4 1 0
277.868 0.318905 0.231428 4 1 0
277.968 0.31891 0.231416 4 1 0
278.068 0.318914 0.231406 4 1 0
278.168 0.318919 0.231394 4 1 0
278.268 0.318924 0.231382 4 1 0
278.368 0.318928 0.231371 4 1 0
278.468 0.318933 0.23136 4 1 0
278.568 0.318938 0.231348 4 1 0
278.668 0.318942 0.231337 4 1 0
278.768 0.318947 0.231325 4 1 0
278.868 0.318952 0.231314 4 1 0
278.968 0.318956 0.231303 4 1 0
279.068 0.318961 0.231291 4 1 0
279.168 0.318966 0.231279 4 1 0
279.268 0.31897 0.231268 4 1 0
279.368 0.318975 0.231257 4 1 0
279.468 0.318979 0.231245 4 1 0
279.568 0.318984 0.231234 4 1 0
279.668 0.318989 0.231222 4 1 0
279.768 0.318993 0.231211 4 1 0
279.868 0.318998 0.2312 4 1 0
279.968 0.319003 0.231188 4 1 0
280.068 0.319007 0.231176 4 1 0
280.168 0.319012 0.231165 4 1 0
280.268 0.319017 0.231153 4 1 0
280.368 0.319021 0.231141 4 1 0
280.468 0.319026 0.23113 4 1 0
280.568 0.319031 0.231119 4 1 0
280.668 0.319035 0.231107 4 1 0
280.768 0.31904 0.231096 4 1 0
280.868 0.319045 0.231084 4 1 0
280.968 0.319049 0.231072 4 1 0
281.068 0.319054 0.231061 4 1 0
281.168 0.319059 0.231049 4 1 0
281.268 0.319064 0.231037 4 1 0
281.368 0.319068 0.231026 4 1 0
281.468 0.319073 0.231014 4 1 0
281.568 0.319078 0.231003 4 1 0
281.668 0.319082 0.230991 4 1 0
281.768 0.319087 0.23098 4 1 0
281.868 0.319092 0.230968 4 1 0
281.968 0.319096 0.230957 4 1 0
282.068 0.319101 0.230945 4 1 0
282.168 0.319106 0.230933 4 1 0
282.268 0.31911 0.230922 4 1 0
282.368 0.319115 0.23091 4 1 0
282.468 0.31912 0.230898 4 1 0
282.568 0.319124 0.230887 4 1 0
282.668 0.319129 0.230875 4 1 0
282.768 0.319134 0.230863 4 1 0
282.868 0.319138 0.230852 4 1 0
282.968 0.319143 0.23084 4 1 0
283.068 0.319148 0.230828 4 1 0
283.168 0.319153 0.230816 4 1 0
283.268 0.319158 0.230805 4 1 0
283.368 0.319163 0.230793 4 1 0
283.468 0.319167 0.230781 4 1 0
283.568 0.319172 0.230769 4 1 0
283.668 0.319177 0.230757 4 1 0
283.768 0.319181 0.230746 4 1 0
283.868 0.319187 0.230734 4 1 0
283.968 0.319193 0.230722 4 1 0
284.068 0.3192 0.230711 4 1 0
284.168 0.319206 0.230699 4 1 0
284.268 0.319212 0.230687 4 1 0
284.368 0.319219 0.230676 4 1 0
284.468 0.319225 0.230664 4 1 0
284.568 0.319231 0.230652 4 1 0
284.668 0.319239 0.23064 4 1 0
284.768 0.319245 0.230628 4 1 0
284.868 0.319251 0.230616 4 1 0
284.968 0.319258 0.230605 4 1 0
285.068 0.319264 0.230593 4 1 0
285.168 0.31927 0.230581 4 1 0
285.268 0.319277 0.230569 4 1 0
285.368 0.319283 0.230557 4 1 0
285.468 0.319289 0.230545 4 1 0
285.568 0.319297 0.230534 4 1 0
285.668 0.319303 0.230522 4 1 0
285.768 0.319309 0.230509 4 1 0
285.868 0.319316 0.230498 4 1 0
285.968 0.319322 0.230486 4 1 0
286.068 0.319328 0.230474 4 1 0
286.168 0.319336 0.230462 4 1 0
286.268 0.319342 0.23045 4 1 0
286.368 0.319348 0.230438 4 1 0
286.468 0.319355 0.230426 4 1 0
286.568 0.319362 0.230414 4 1 0
286.568 0.319362 0.230414 4 1 0
286.588 0.319363 0.230411 4 1 0
286.628 0.319365 0.230406 4 1 0
286.708 0.319373 0.230394 4 1 0
286.808 0.319379 0.230382 4 1 0
286.908 0.319385 0.23037 4 1 0
287.008 0.319388 0.230364 4 1 0
287.108 0.319394 0.230352 4 1 0
287.208 0.319401 0.23034 4 1 0
287.308 0.319408 0.230329 4 1 0
287.408 0.319414 0.230317 4 1 0
287.508 0.31942 0.230305 4 1 0
287.608 0.319433 0.230282 4 1 0
287.708 0.31944 0.23027 4 1 0
287.808 0.319446 0.230257 4 1 0
287.908 0.319444 0.230256 4 1 0
288.008 0.31945 0.230244 4 1 0
288.108 0.319456 0.230232 4 1 0
288.208 0.319467 0.230221 4 1 0
288.308 0.319473 0.230209 4 1 0
288.408 0.319479 0.230196 4 1 0
288.508 0.319489 0.23018 4 1 0
288.608 0.319495 0.230168 4 1 0
288.708 0.319501 0.230155 4 1 0
288.808 0.319508 0.230145 4 1 0
288.908 0.319514 0.230132 4 1 0
289.008 0.319521 0.23012 4 1 0
289.108 0.319526 0.230112 4 1 0
289.208 0.319532 0.2301 4 1 0
289.308 0.319538 0.230088 4 1 0
289.408 0.319546 0.230075 4 1 0
289.508 0.319553 0.230063 4 1 0
289.608 0.319559 0.23005 4 1 0
289.708 0.319572 0.230027 4 1 0
289.808 0.319578 0.230015 4 1 0
289.908 0.319584 0.230003 4 1 0
290.008 0.319575 0.229994 4 1 0
290.108 0.319581 0.229983 4 1 0
290.208 0.319587 0.229971 4 1 0
290.308 0.31961 0.229955 4 1 0
290.408 0.319616 0.229943 4 1 0
290.508 0.319622 0.229931 4 1 0
290.608 0.319622 0.229932 4 1 0
290.708 0.319628 0.22992 4 1 0
290.808 0.319635 0.229908 4 1 0
290.908 0.319645 0.229892 4 1 0
291.008 0.319652 0.22988 4 1 0
291.108 0.319658 0.229868 4 1 0
291.208 0.319665 0.229856 4 1 0
291.308 0.319672 0.229844 4 1 0
291.408 0.319678 0.229831 4 1 0
291.508 0.319689 0.22981 4 1 0
291.608 0.319696 0.229798 4 1 0
291.708 0.319702 0.229786 4 1 0
291.808 0.319694 0.229777 4 1 0
291.908 0.3197 0.229765 4 1 0
292.008 0.319707 0.229753 4 1 0
292.108 0.319727 0.229739 4 1 0
292.208 0.319734 0.229727 4 1 0
292.308 0.31974 0.229714 4 1 0
292.408 0.319741 0.229714 4 1 0
292.508 0.319748 0.229702 4 1 0
292.608 0.319754 0.22969 4 1 0
292.708 0.319763 0.229677 4 1 0
292.808 0.319769 0.229664 4 1 0
292.908 0.319776 0.229652 4 1 0
293.008 0.319783 0.22964 4 1 0
293.108 0.319789 0.229628 4 1 0
293.208 0.319796 0.229615 4 1 0
293.308 0.319803 0.229604 4 1 0
293.408 0.319809 0.229591 4 1 0
293.508 0.319816 0.229579 4 1 0
293.608 0.319823 0.229567 4 1 0
293.708 0.319829 0.229555 4 1 0
293.808 0.319836 0.229542 4 1 0
293.908 0.319843 0.22953 4 1 0
294.008 0.319849 0.229518 4 1 0
294.108 0.319856 0.229506 4 1 0
294.208 0.319863 0.229494 4 1 0
294.308 0.319869 0.229481 4 1 0
294.408 0.319875 0.229469 4 1 0
294.508 0.319883 0.229457 4 1 0
294.608 0.319889 0.229445 4 1 0
294.708 0.319895 0.229432 4 1 0
294.808 0.319903 0.22942 4 1 0
294.908 0.319909 0.229408 4 1 0
295.008 0.319915 0.229395 4 1 0
295.108 0.319923 0.229383 4 1 0
295.208 0.319929 0.229371 4 1 0
295.308 0.319935 0.229358 4 1 0
295.408 0.319943 0.229347 4 1 0
295.508 0.319949 0.229334 4 1 0
295.608 0.319955 0.229322 4 1 0
295.708 0.319963 0.22931 4 1 0
295.808 0.319969 0.229297 4 1 0
295.908 0.319975 0.229285 4 1 0
296.008 0.319983 0.229273 4 1 0
296.108 0.319989 0.22926 4 1 0
296.208 0.319996 0.229248 4 1 0
296.308 0.320003 0.229236 4 1 0
296.408 0.320009 0.229223 4 1 0
296.508 0.320016 0.229211 4 1 0
296.608 0.320023 0.229199 4 1 0
296.708 0.320029 0.229186 4 1 0
296.808 0.320036 0.229174 4 1 0
296.908 0.320043 0.229162 4 1 0
297.008 0.320049 0.229149 4 1 0
297.108 0.320056 0.229137 4 1 0
297.208 0.320063 0.229125 4 1 0
297.308 0.320069 0.229112 4 1 0
297.408 0.320076 0.2291 4 1 0
297.508 0.320083 0.229088 4 1 0
297.608 0.320089 0.229075 4 1 0
297.708 0.320096 0.229063 4 1 0
297.808 0.320103 0.229051 4 1 0
297.908 0.32011 0.229038 4 1 0
298.008 0.320116 0.229026 4 1 0
298.108 0.320123 0.229014 4 1 0
298.208 0.32013 0.229001 4 1 0
298.308 0.320136 0.228988 4 1 0
298.408 0.320143 0.228976 4 1 0
298.508 0.32015 0.228964 4 1 0
298.608 0.320156 0.228951 4 1 0
298.708 0.320163 0.228939 4 1 0
298.808 0.32017 0.228927 4 1 0
298.908 0.320176 0.228914 4 1 0
299.008 0.320184 0.228902 4 1 0
299.108 0.32019 0.228889 4 1 0
299.208 0.320197 0.228877 4 1 0
299.308 0.320204 0.228865 4 1 0
299.408 0.32021 0.228852 4 1 0
299.508 0.320217 0.22884 4 1 0
299.608 0.320224 0.228828 4 1 0
299.708 0.32023 0.228815 4 1 0
299.808 0.320237 0.228802 4 1 0
299.908 0.320244 0.22879 4 1 0
300.008 0.320251 0.228778 4 1 0
300.108 0.320257 0.228765 4 1 0
300.208 0.320264 0.228753 4 1 0
300.308 0.320271 0.22874 4 1 0
300.408 0.320277 0.228728 4 1 0
300.508 0.320284 0.228716 4 1 0
300.608 0.320291 0.228703 4 1 0
300.708 0.320298 0.22869 4 1 0
300.808 0.320305 0.228678 4 1 0
300.908 0.320311 0.228665 4 1 0
301.008 0.320318 0.228653 4 1 0
301.108 0.320325 0.228641 4 1 0
301.208 0.320331 0.228628 4 1 0
301.308 0.320338 0.228615 4 1 0
301.408 0.320345 0.228603 4 1 0
301.508 0.320352 0.228591 4 1 0
301.608 0.320358 0.228578 4 1 0
301.708 0.320365 0.228566 4 1 0
301.808 0.320372 0.228553 4 1 0
301.908 0.320379 0.22854 4 1 0
302.008 0.320386 0.228528 4 1 0
302.108 0.320392 0.228516 4 1 0
302.208 0.320399 0.228503 4 1 0
302.308 0.320406 0.228491 4 1 0
302.408 0.320412 0.228478 4 1 0
302.508 0.320419 0.228465 4 1 0
302.608 0.320426 0.228453 4 1 0
302.708 0.320433 0.22844 4 1 0
302.808 0.320439 0.228428 4 1 0
302.908 0.320446 0.228416 4 1 0
303.008 0.320453 0.228403 4 1 0
303.108 0.32046 0.22839 4 1 0
303.208 0.320467 0.228378 4 1 0
303.308 0.320473 0.228365 4 1 0
303.408 0.32048 0.228352 4 1 0
303.508 0.320487 0.22834 4 1 0
303.608 0.320494 0.228328 4 1 0
303.708 0.3205 0.228315 4 1 0
303.808 0.320507 0.228303 4 1 0
303.908 0.320514 0.22829 4 1 0
304.008 0.32052 0.228277 4 1 0
304.108 0.320528 0.228265 4 1 0
304.208 0.320534 0.228252 4 1 0
304.308 0.320541 0.228239 4 1 0
304.408 0.320548 0.228227 4 1 0
304.508 0.320555 0.228214 4 1 0
304.608 0.320561 0.228202 4 1 0
304.708 0.320568 0.228189 4 1 0
304.808 0.320575 0.228177 4 1 0
304.908 0.320581 0.228164 4 1 0
305.008 0.320589 0.228152 4 1 0
305.108 0.320595 0.228139 4 1 0
305.208 0.320602 0.228126 4 1 0
305.308 0.320609 0.228114 4 1 0
305.408 0.320615 0.228101 4 1 0
305.508 0.320622 0.228088 4 1 0
305.608 0.320629 0.228076 4 1 0
305.708 0.320636 0.228063 4 1 0
305.808 0.320642 0.22805 4 1 0
305.908 0.320649 0.228038 4 1 0
306.008 0.320656 0.228025 4 1 0
306.108 0.320663 0.228013 4 1 0
306.208 0.32067 0.228 4 1 0
306.308 0.320676 0.227988 4 1 0
306.308 0.320676 0.227988 4 1 0
306.328 0.320678 0.227985 4 1 0
306.368 0.32068 0.22798 4 1 0
306.448 0.320686 0.22797 4 1 0
306.548 0.320693 0.227957 4 1 0
306.648 0.320699 0.227944 4 1 0
306.748 0.320706 0.227932 4 1 0
306.848 0.320713 0.227919 4 1 0
306.948 0.32072 0.227906 4 1 0
307.048 0.320727 0.227894 4 1 0
307.148 0.320733 0.227881 4 1 0
307.248 0.32074 0.227868 4 1 0
307.348 0.320747 0.227856 4 1 0
307.448 0.320754 0.227843 4 1 0
307.548 0.320761 0.22783 4 1 0
307.648 0.320768 0.227818 4 1 0
307.748 0.320774 0.227805 4 1 0
307.848 0.320781 0.227792 4 1 0
307.948 0.320788 0.22778 4 1 0
308.048 0.320795 0.227767 4 1 0
308.148 0.320801 0.227754 4 1 0
308.248 0.320808 0.227742 4 1 0
308.348 0.320815 0.227729 4 1 0
308.448 0.320822 0.227716 4 1 0
308.548 0.320829 0.227704 4 1 0
308.648 0.320835 0.227691 4 1 0
308.748 0.320842 0.227678 4 1 0
308.848 0.320849 0.227666 4 1 0
308.948 0.320856 0.227653 4 1 0
309.048 0.320862 0.22764 4 1 0
309.148 0.320869 0.227628 4 1 0
309.248 0.320876 0.227615 4 1 0
309.348 0.320883 0.227602 4 1 0
309.448 0.32089 0.22759 4 1 0
309.548 0.320896 0.227577 4 1 0
309.648 0.320903 0.227564 4 1 0
309.748 0.32091 0.227552 4 1 0
309.848 0.320917 0.227539 4 1 0
309.948 0.320924 0.227526 4 1 0
310.048 0.320931 0.227514 4 1 0
310.148 0.320937 0.227501 4 1 0
310.248 0.320944 0.227488 4 1 0
310.348 0.320951 0.227475 4 1 0
310.448 0.320958 0.227462 4 1 0
310.548 0.320964 0.22745 4 1 0
310.648 0.320971 0.227437 4 1 0
310.748 0.320978 0.227424 4 1 0
310.848 0.320985 0.227411 4 1 0
310.948 0.320992 0.227399 4 1 0
311.048 0.320998 0.227386 4 1 0
311.148 0.321005 0.227373 4 1 0
311.248 0.321012 0.227361 4 1 0
311.348 0.321019 0.227348 4 1 0
311.448 0.321026 0.227335 4 1 0
311.548 0.321032 0.227323 4 1 0
311.648 0.321039 0.22731 4 1 0
311.748 0.321046 0.227297 4 1 0
311.848 0.321053 0.227284 4 1 0
311.948 0.32106 0.227271 4 1 0
312.048 0.321066 0.227258 4 1 0
312.148 0.321073 0.227246 4 1 0
312.248 0.32108 0.227233 4 1 0
312.348 0.321087 0.22722 4 1 0
312.448 0.321094 0.227208 4 1 0
312.548 0.3211 0.227195 4 1 0
312.648 0.321107 0.227182 4 1 0
312.748 0.321114 0.227169 4 1 0
312.848 0.321121 0.227156 4 1 0
312.948 0.321128 0.227143 4 1 0
313.048 0.321134 0.227131 4 1 0
313.148 0.321141 0.227118 4 1 0
313.248 0.321148 0.227105 4 1 0
313.348 0.321155 0.227093 4 1 0
313.448 0.321162 0.22708 4 1 0
313.548 0.321168 0.227067 4 1 0
313.648 0.321175 0.227054 4 1 0
313.748 0.321182 0.227041 4 1 0
313.848 0.321189 0.227028 4 1 0
313.948 0.321196 0.227016 4 1 0
314.048 0.321202 0.227003 4 1 0
314.148 0.321209 0.22699 4 1 0
314.248 0.321216 0.226977 4 1 0
314.348 0.321223 0.226964 4 1 0
314.448 0.321229 0.226951 4 1 0
314.548 0.321236 0.226939 4 1 0
314.648 0.321243 0.226926 4 1 0
314.748 0.32125 0.226913 4 1 0
314.848 0.321257 0.226901 4 1 0
314.948 0.321263 0.226888 4 1 0
315.048 0.32127 0.226875 4 1 0
315.148 0.321277 0.226862 4 1 0
315.248 0.321284 0.226849 4 1 0
315.348 0.321291 0.226836 4 1 0
315.448 0.321297 0.226824 4 1 0
315.548 0.321304 0.226811 4 1 0
315.648 0.321311 0.226798 4 1 0
315.748 0.321318 0.226785 4 1 0
315.848 0.321325 0.226772 4 1 0
315.948 0.321331 0.226759 4 1 0
316.048 0.321338 0.226747 4 1 0
316.148 0.321345 0.226734 4 1 0
316.248 0.321352 0.226721 4 1 0
316.348 0.321359 0.226708 4 1 0
316.448 0.321365 0.226695 4 1 0
316.548 0.321372 0.226682 4 1 0
316.648 0.321379 0.22667 4 1 0
316.748 0.321386 0.226657 4 1 0
316.848 0.321393 0.226644 4 1 0
316.948 0.321399 0.226631 4 1 0
317.048 0.321406 0.226618 4 1 0
317.148 0.321413 0.226605 4 1 0
317.248 0.32142 0.226593 4 1 0
317.348 0.321426 0.22658 4 1 0
317.448 0.321433 0.226566 4 1 0
317.548 0.32144 0.226554 4 1 0
317.648 0.321447 0.226541 4 1 0
317.748 0.321454 0.226528 4 1 0
317.848 0.32146 0.226515 4 1 0
317.948 0.321467 0.226502 4 1 0
318.048 0.321474 0.226489 4 1 0
318.148 0.321481 0.226477 4 1 0
318.248 0.321488 0.226464 4 1 0
318.348 0.321494 0.226451 4 1 0
318.448 0.321501 0.226438 4 1 0
318.548 0.321508 0.226425 4 1 0
318.648 0.321515 0.226412 4 1 0
318.748 0.321521 0.2264 4 1 0
318.848 0.321528 0.226386 4 1 0
318.948 0.321535 0.226373 4 1 0
319.048 0.321542 0.226361 4 1 0
319.148 0.321549 0.226348 4 1 0
319.248 0.321555 0.226335 4 1 0
319.348 0.321562 0.226322 4 1 0
319.448 0.321569 0.226309 4 1 0
319.548 0.321576 0.226296 4 1 0
319.648 0.321582 0.226284 4 1 0
319.748 0.321589 0.226271 4 1 0
319.848 0.321596 0.226257 4 1 0
319.948 0.321603 0.226245 4 1 0
320.048 0.32161 0.226232 4 1 0
320.148 0.321616 0.226219 4 1 0
320.248 0.321623 0.226206 4 1 0
320.348 0.32163 0.226193 4 1 0
320.448 0.321637 0.22618 4 1 0
320.548 0.321643 0.226168 4 1 0
320.648 0.32165 0.226154 4 1 0
320.748 0.321657 0.226141 4 1 0
320.848 0.321664 0.226129 4 1 0
320.948 0.32167 0.226116 4 1 0
321.048 0.321677 0.226103 4 1 0
321.148 0.321684 0.22609 4 1 0
321.248 0.321691 0.226077 4 1 0
321.348 0.321698 0.226064 4 1 0
321.448 0.321704 0.226051 4 1 0
321.548 0.321711 0.226038 4 1 0
321.648 0.321718 0.226025 4 1 0
321.748 0.321724 0.226013 4 1 0
321.848 0.321731 0.226 4 1 0
321.948 0.321738 0.225986 4 1 0
322.048 0.321745 0.225974 4 1 0
322.148 0.321752 0.225961 4 1 0
322.248 0.321758 0.225948 4 1 0
322.348 0.321765 0.225935 4 1 0
322.448 0.321772 0.225922 4 1 0
322.548 0.321779 0.225909 4 1 0
322.648 0.321785 0.225896 4 1 0
322.748 0.321792 0.225883 4 1 0
322.848 0.321799 0.22587 4 1 0
322.948 0.321806 0.225858 4 1 0
323.048 0.321812 0.225844 4 1 0
323.148 0.321819 0.225831 4 1 0
323.248 0.321826 0.225819 4 1 0
323.348 0.321833 0.225806 4 1 0
323.448 0.321839 0.225793 4 1 0
323.548 0.321846 0.22578 4 1 0
323.648 0.321853 0.225767 4 1 0
323.748 0.32186 0.225754 4 1 0
323.848 0.321866 0.225741 4 1 0
323.948 0.321873 0.225728 4 1 0
324.048 0.32188 0.225715 4 1 0
324.148 0.321886 0.225702 4 1 0
324.248 0.321893 0.225689 4 1 0
324.348 0.3219 0.225676 4 1 0
324.448 0.321907 0.225664 4 1 0
324.548 0.321914 0.22565 4 1 0
324.648 0.32192 0.225637 4 1 0
324.748 0.321927 0.225625 4 1 0
324.848 0.321934 0.225612 4 1 0
324.948 0.321941 0.225598 4 1 0
325.048 0.321947 0.225586 4 1 0
325.148 0.321954 0.225573 4 1 0
325.248 0.321961 0.22556 4 1 0
325.348 0.321967 0.225547 4 1 0
325.448 0.321974 0.225534 4 1 0
325.548 0.321981 0.225521 4 1 0
325.648 0.321987 0.225508 4 1 0
325.748 0.321994 0.225495 4 1 0
325.848 0.322001 0.225482 4 1 0
325.948 0.322008 0.225469 4 1 0
326.048 0.322014 0.225456 4 1 0
326.048 0.322014 0.225456 4 1 0
326.068 0.322016 0.225454 4 1 0
326.108 0.322019 0.225448 4 1 0
326.188 0.322024 0.225438 4 1 0
326.288 0.322031 0.225425 4 1 0
326.388 0.322037 0.225412 4 1 0
326.488 0.322044 0.225399 4 1 0
326.588 0.322051 0.225386 4 1 0
326.688 0.322058 0.225373 4 1 0
326.788 0.322064 0.22536 4 1 0
326.888 0.322071 0.225347 4 1 0
326.988 0.322078 0.225334 4 1 0
327.088 0.322084 0.225322 4 1 0
327.188 0.322091 0.225308 4 1 0
327.288 0.322098 0.225295 4 1 0
327.388 0.322104 0.225283 4 1 0
327.488 0.322111 0.22527 4 1 0
327.588 0.322118 0.225256 4 1 0
327.688 0.322124 0.225244 4 1 0
327.788 0.322131 0.225231 4 1 0
327.888 0.322138 0.225218 4 1 0
327.988 0.322145 0.225205 4 1 0
328.088 0.322151 0.225192 4 1 0
328.188 0.322158 0.225179 4 1 0
328.288 0.322165 0.225166 4 1 0
328.388 0.322171 0.225153 4 1 0
328.488 0.322178 0.22514 4 1 0
328.588 0.322185 0.225127 4 1 0
328.688 0.322192 0.225114 4 1 0
328.788 0.322198 0.225101 4 1 0
328.888 0.322205 0.225088 4 1 0
328.988 0.322212 0.225075 4 1 0
329.088 0.322219 0.225062 4 1 0
329.188 0.322225 0.225049 4 1 0
329.288 0.322232 0.225036 4 1 0
329.388 0.322239 0.225023 4 1 0
329.488 0.322245 0.22501 4 1 0
329.588 0.322252 0.224997 4 1 0
329.688 0.322259 0.224984 4 1 0
329.788 0.322265 0.224971 4 1 0
329.888 0.322272 0.224958 4 1 0
329.988 0.322279 0.224945 4 1 0
330.088 0.322285 0.224932 4 1 0
330.188 0.322292 0.224919 4 1 0
330.288 0.322299 0.224906 4 1 0
330.388 0.322305 0.224894 4 1 0
330.488 0.322312 0.22488 4 1 0
330.588 0.322319 0.224867 4 1 0
330.688 0.322325 0.224855 4 1 0
330.788 0.322332 0.224841 4 1 0
330.888 0.322339 0.224828 4 1 0
330.988 0.322345 0.224816 4 1 0
331.088 0.322352 0.224802 4 1 0
331.188 0.322359 0.224789 4 1 0
331.288 0.322365 0.224777 4 1 0
331.388 0.322372 0.224763 4 1 0
331.488 0.322379 0.22475 4 1 0
331.588 0.322385 0.224738 4 1 0
331.688 0.322392 0.224725 4 1 0
331.788 0.322399 0.224711 4 1 0
331.888 0.322405 0.224699 4 1 0
331.988 0.322412 0.224686 4 1 0
332.088 0.322419 0.224672 4 1 0
332.188 0.322425 0.22466 4 1 0
332.288 0.322432 0.224647 4 1 0
332.388 0.322439 0.224633 4 1 0
332.488 0.322445 0.224621 4 1 0
332.588 0.322452 0.224608 4 1 0
332.688 0.322458 0.224594 4 1 0
332.788 0.322465 0.224582 4 1 0
332.888 0.322472 0.224569 4 1 0
332.988 0.322478 0.224556 4 1 0
333.088 0.322485 0.224543 4 1 0
333.188 0.322491 0.22453 4 1 0
333.288 0.322498 0.224517 4 1 0
333.388 0.322504 0.224504 4 1 0
333.488 0.322511 0.224491 4 1 0
333.588 0.322518 0.224478 4 1 0
333.688 0.322524 0.224465 4 1 0
333.788 0.322531 0.224452 4 1 0
333.888 0.322538 0.224439 4 1 0
333.988 0.322544 0.224426 4 1 0
334.088 0.322551 0.224413 4 1 0
334.188 0.322558 0.2244 4 1 0
334.288 0.322564 0.224387 4 1 0
334.388 0.322571 0.224374 4 1 0
334.488 0.322578 0.224361 4 1 0
334.588 0.322584 0.224348 4 1 0
334.688 0.322591 0.224335 4 1 0
334.788 0.322598 0.224322 4 1 0
334.888 0.322604 0.224309 4 1 0
334.988 0.322611 0.224296 4 1 0
335.088 0.322617 0.224283 4 1 0
335.188 0.322623 0.22427 4 1 0
335.288 0.32263 0.224257 4 1 0
335.388 0.322637 0.224244 4 1 0
335.488 0.322643 0.224231 4 1 0
335.588 0.32265 0.224218 4 1 0
335.688 0.322657 0.224205 4 1 0
335.788 0.322663 0.224192 4 1 0
335.888 0.32267 0.224179 4 1 0
335.988 0.322677 0.224166 4 1 0
336.088 0.322683 0.224153 4 1 0
336.188 0.32269 0.22414 4 1 0
336.288 0.322697 0.224127 4 1 0
336.388 0.322703 0.224114 4 1 0
336.488 0.322709 0.224101 4 1 0
336.588 0.322716 0.224088 4 1 0
336.688 0.322722 0.224075 4 1 0
336.788 0.322729 0.224062 4 1 0
336.888 0.322736 0.224049 4 1 0
336.988 0.322742 0.224036 4 1 0
337.088 0.322749 0.224023 4 1 0
337.188 0.322756 0.22401 4 1 0
337.288 0.322762 0.223997 4 1 0
337.388 0.322769 0.223984 4 1 0
337.488 0.322775 0.223971 4 1 0
337.588 0.322781 0.223958 4 1 0
337.688 0.322788 0.223945 4 1 0
337.788 0.322795 0.223932 4 1 0
337.888 0.322801 0.223919 4 1 0
337.988 0.322808 0.223906 4 1 0
338.088 0.322815 0.223893 4 1 0
338.188 0.322821 0.22388 4 1 0
338.288 0.322828 0.223867 4 1 0
338.388 0.322834 0.223854 4 1 0
338.488 0.32284 0.223841 4 1 0
338.588 0.322847 0.223828 4 1 0
338.688 0.322854 0.223815 4 1 0
338.788 0.32286 0.223802 4 1 0
338.888 0.322867 0.223789 4 1 0
338.988 0.322874 0.223776 4 1 0
339.088 0.32288 0.223763 4 1 0
339.188 0.322886 0.22375 4 1 0
339.288 0.322893 0.223737 4 1 0
339.388 0.322899 0.223724 4 1 0
339.488 0.322906 0.223711 4 1 0
339.588 0.322913 0.223698 4 1 0
339.688 0.322919 0.223685 4 1 0
339.788 0.322926 0.223672 4 1 0
339.888 0.322932 0.223659 4 1 0
339.988 0.322938 0.223646 4 1 0
340.088 0.322945 0.223633 4 1 0
340.188 0.322952 0.22362 4 1 0
340.288 0.322958 0.223607 4 1 0
340.388 0.322965 0.223594 4 1 0
340.488 0.322972 0.223581 4 1 0
340.588 0.322977 0.223568 4 1 0
340.688 0.322984 0.223555 4 1 0
340.788 0.322991 0.223542 4 1 0
340.888 0.322997 0.22353 4 1 0
340.988 0.323004 0.223516 4 1 0
341.088 0.323011 0.223503 4 1 0
341.188 0.323016 0.223491 4 1 0
341.288 0.323023 0.223477 4 1 0
341.388 0.32303 0.223464 4 1 0
341.488 0.323036 0.223452 4 1 0
341.588 0.323043 0.223438 4 1 0
341.688 0.323049 0.223425 4 1 0
341.788 0.323055 0.223413 4 1 0
341.888 0.323062 0.223399 4 1 0
341.988 0.323069 0.223386 4 1 0
342.088 0.323075 0.223374 4 1 0
342.188 0.323081 0.223361 4 1 0
342.288 0.323088 0.223347 4 1 0
342.388 0.323094 0.223335 4 1 0
342.488 0.323101 0.223322 4 1 0
342.588 0.323108 0.223308 4 1 0
342.688 0.323113 0.223296 4 1 0
342.788 0.32312 0.223283 4 1 0
342.888 0.323127 0.223269 4 1 0
342.988 0.323133 0.223257 4 1 0
343.088 0.32314 0.223244 4 1 0
343.188 0.323147 0.223231 4 1 0
343.288 0.323152 0.223218 4 1 0
343.388 0.323159 0.223205 4 1 0
343.488 0.323166 0.223192 4 1 0
343.588 0.323171 0.223179 4 1 0
343.688 0.323178 0.223166 4 1 0
343.788 0.323185 0.223153 4 1 0
343.888 0.323191 0.22314 4 1 0
343.988 0.323198 0.223127 4 1 0
344.088 0.323205 0.223114 4 1 0
344.188 0.32321 0.223101 4 1 0
344.288 0.323217 0.223088 4 1 0
344.388 0.323224 0.223075 4 1 0
344.488 0.323229 0.223062 4 1 0
344.588 0.323236 0.223049 4 1 0
344.688 0.323243 0.223036 4 1 0
344.788 0.323249 0.223023 4 1 0
344.888 0.323255 0.22301 4 1 0
344.988 0.323262 0.222997 4 1 0
345.088 0.323268 0.222984 4 1 0
345.188 0.323275 0.222971 4 1 0
345.288 0.323282 0.222958 4 1 0
345.388 0.323287 0.222946 4 1 0
345.488 0.323294 0.222932 4 1 0
345.588 0.323301 0.222919 4 1 0
345.688 0.323306 0.222907 4 1 0
345.788 0.323313 0.222893 4 1 0
345.788 0.323313 0.222893 4 1 0
345.808 0.323314 0.222891 4 1 0
345.848 0.323317 0.222886 4 1 0
345.928 0.323322 0.222876 4 1 0
346.028 0.323328 0.222862 4 1 0
346.128 0.323335 0.222849 4 1 0
346.228 0.323341 0.222837 4 1 0
346.328 0.323348 0.222823 4 1 0
346.428 0.323354 0.22281 4 1 0
346.528 0.32336 0.222798 4 1 0
346.628 0.323367 0.222785 4 1 0
346.728 0.323374 0.222771 4 1 0
346.828 0.323379 0.222759 4 1 0
346.928 0.323386 0.222746 4 1 0
347.028 0.323393 0.222733 4 1 0
347.128 0.323398 0.22272 4 1 0
347.228 0.323405 0.222707 4 1 0
347.328 0.323412 0.222694 4 1 0
347.428 0.323417 0.222681 4 1 0
347.528 0.323424 0.222668 4 1 0
347.628 0.323431 0.222655 4 1 0
347.728 0.323436 0.222642 4 1 0
347.828 0.323443 0.222629 4 1 0
347.928 0.32345 0.222616 4 1 0
348.028 0.323455 0.222603 4 1 0
348.128 0.323462 0.22259 4 1 0
348.228 0.323469 0.222577 4 1 0
348.328 0.323474 0.222565 4 1 0
348.428 0.323481 0.222551 4 1 0
348.528 0.323488 0.222538 4 1 0
348.628 0.323493 0.222526 4 1 0
348.728 0.3235 0.222513 4 1 0
348.828 0.323507 0.222499 4 1 0
348.928 0.323512 0.222487 4 1 0
349.028 0.323519 0.222474 4 1 0
349.128 0.323526 0.222461 4 1 0
349.228 0.323534 0.222448 4 1 0
349.328 0.323542 0.222435 4 1 0
349.428 0.32355 0.222422 4 1 0
349.528 0.323559 0.222409 4 1 0
349.628 0.323567 0.222396 4 1 0
349.728 0.323575 0.222383 4 1 0
349.828 0.323584 0.22237 4 1 0
349.928 0.323592 0.222357 4 1 0
350.028 0.3236 0.222344 4 1 0
350.128 0.323609 0.222332 4 1 0
350.228 0.323617 0.222319 4 1 0
350.328 0.323625 0.222305 4 1 0
350.428 0.323634 0.222293 4 1 0
350.528 0.323642 0.22228 4 1 0
350.628 0.32365 0.222267 4 1 0
350.728 0.323659 0.222254 4 1 0
350.828 0.323667 0.222241 4 1 0
350.928 0.323675 0.222228 4 1 0
351.028 0.323684 0.222215 4 1 0
351.128 0.323692 0.222202 4 1 0
351.228 0.3237 0.222189 4 1 0
351.328 0.323709 0.222177 4 1 0
351.428 0.323717 0.222163 4 1 0
351.528 0.323725 0.22215 4 1 0
351.628 0.323734 0.222138 4 1 0
351.728 0.323742 0.222125 4 1 0
351.828 0.32375 0.222112 4 1 0
351.928 0.323759 0.222099 4 1 0
352.028 0.323767 0.222086 4 1 0
352.128 0.323775 0.222073 4 1 0
352.228 0.323784 0.22206 4 1 0
352.328 0.323791 0.222047 4 1 0
352.428 0.323799 0.222034 4 1 0
352.528 0.323808 0.222022 4 1 0
352.628 0.323816 0.222009 4 1 0
352.728 0.323824 0.221995 4 1 0
352.828 0.323833 0.221983 4 1 0
352.928 0.323841 0.22197 4 1 0
353.028 0.323849 0.221957 4 1 0
353.128 0.323858 0.221944 4 1 0
353.228 0.323866 0.221931 4 1 0
353.328 0.323874 0.221918 4 1 0
353.428 0.323883 0.221906 4 1 0
353.528 0.323891 0.221892 4 1 0
353.628 0.323899 0.221879 4 1 0
353.728 0.323907 0.221867 4 1 0
353.828 0.323915 0.221854 4 1 0
353.928 0.323923 0.221841 4 1 0
354.028 0.323932 0.221828 4 1 0
354.128 0.32394 0.221815 4 1 0
354.228 0.323948 0.221802 4 1 0
354.328 0.323957 0.22179 4 1 0
354.428 0.323965 0.221776 4 1 0
354.528 0.323973 0.221763 4 1 0
354.628 0.323981 0.221751 4 1 0
354.728 0.323989 0.221738 4 1 0
354.828 0.323997 0.221725 4 1 0
354.928 0.324006 0.221712 4 1 0
355.028 0.324014 0.221699 4 1 0
355.128 0.324022 0.221686 4 1 0
355.228 0.32403 0.221674 4 1 0
355.328 0.324038 0.221661 4 1 0
355.428 0.324046 0.221647 4 1 0
355.528 0.324055 0.221635 4 1 0
355.628 0.324063 0.221622 4 1 0
355.728 0.324071 0.221609 4 1 0
355.828 0.324079 0.221596 4 1 0
355.928 0.324087 0.221583 4 1 0
356.028 0.324095 0.22157 4 1 0
356.128 0.324104 0.221558 4 1 0
356.228 0.324112 0.221545 4 1 0
356.328 0.32412 0.221532 4 1 0
356.428 0.324128 0.221519 4 1 0
356.528 0.324136 0.221506 4 1 0
356.628 0.324144 0.221493 4 1 0
356.728 0.324153 0.221481 4 1 0
356.828 0.324161 0.221468 4 1 0
356.928 0.324169 0.221455 4 1 0
357.028 0.324177 0.221442 4 1 0
357.128 0.324185 0.221429 4 1 0
357.228 0.324193 0.221416 4 1 0
357.328 0.324201 0.221404 4 1 0
357.428 0.324209 0.221391 4 1 0
357.528 0.324217 0.221377 4 1 0
357.628 0.324226 0.221365 4 1 0
357.728 0.324234 0.221352 4 1 0
357.828 0.324242 0.221339 4 1 0
357.928 0.32425 0.221327 4 1 0
358.028 0.324258 0.221313 4 1 0
358.128 0.324266 0.2213 4 1 0
358.228 0.324274 0.221288 4 1 0
358.328 0.324282 0.221275 4 1 0
358.428 0.32429 0.221262 4 1 0
358.528 0.324298 0.22125 4 1 0
358.628 0.324306 0.221237 4 1 0
358.728 0.324314 0.221223 4 1 0
358.828 0.324322 0.221211 4 1 0
358.928 0.32433 0.221198 4 1 0
359.028 0.324338 0.221185 4 1 0
359.128 0.324346 0.221173 4 1 0
359.228 0.324354 0.22116 4 1 0
359.328 0.324362 0.221147 4 1 0
359.428 0.32437 0.221134 4 1 0
359.528 0.324378 0.221121 4 1 0
359.628 0.324386 0.221108 4 1 0
359.728 0.324394 0.221096 4 1 0
359.828 0.324402 0.221083 4 1 0
359.928 0.32441 0.22107 4 1 0
360.028 0.324418 0.221057 4 1 0
360.128 0.324426 0.221044 4 1 0
360.228 0.324434 0.221031 4 1 0
360.328 0.324441 0.221019 4 1 0
360.428 0.324449 0.221006 4 1 0
360.528 0.324457 0.220993 4 1 0
360.628 0.324465 0.220981 4 1 0
360.728 0.324473 0.220968 4 1 0
360.828 0.324481 0.220955 4 1 0
360.928 0.324488 0.220942 4 1 0
361.028 0.324496 0.220929 4 1 0
361.128 0.324504 0.220916 4 1 0
361.228 0.324512 0.220904 4 1 0
361.328 0.32452 0.220891 4 1 0
361.428 0.324528 0.220878 4 1 0
361.528 0.324535 0.220866 4 1 0
361.628 0.324543 0.220853 4 1 0
361.728 0.324551 0.22084 4 1 0
361.828 0.324559 0.220828 4 1 0
361.928 0.324567 0.220815 4 1 0
362.028 0.324574 0.220802 4 1 0
362.128 0.324582 0.220789 4 1 0
362.228 0.32459 0.220776 4 1 0
362.328 0.324598 0.220763 4 1 0
362.428 0.324605 0.220751 4 1 0
362.528 0.324613 0.220738 4 1 0
362.628 0.324621 0.220725 4 1 0
362.728 0.324628 0.220713 4 1 0
362.828 0.324636 0.2207 4 1 0
362.928 0.324644 0.220687 4 1 0
363.028 0.324651 0.220675 4 1 0
363.128 0.324659 0.220662 4 1 0
363.228 0.324667 0.220649 4 1 0
363.328 0.324673 0.220637 4 1 0
363.428 0.324681 0.220624 4 1 0
363.528 0.324689 0.220611 4 1 0
363.628 0.324696 0.220599 4 1 0
363.728 0.324704 0.220586 4 1 0
363.828 0.324712 0.220573 4 1 0
363.928 0.324719 0.22056 4 1 0
364.028 0.324727 0.220547 4 1 0
364.128 0.324735 0.220535 4 1 0
364.228 0.324741 0.220521 4 1 0
364.328 0.324749 0.220509 4 1 0
364.428 0.324757 0.220496 4 1 0
364.528 0.324763 0.220482 4 1 0
364.628 0.324771 0.22047 4 1 0
364.728 0.324779 0.220457 4 1 0
364.828 0.324786 0.220443 4 1 0
364.928 0.324794 0.220431 4 1 0
365.028 0.324802 0.220418 4 1 0
365.128 0.324808 0.220404 4 1 0
365.228 0.324816 0.220391 4 1 0
365.328 0.324824 0.220379 4 1 0
365.428 0.324837 0.220363 4 1 0
365.528 0.324845 0.22035 4 1 0
365.528 0.324845 0.22035 4 1 0
365.548 0.324847 0.220348 4 1 0
365.588 0.32485 0.220342 4 1 0
365.668 0.32487 0.220329 4 1 0
365.768 0.324878 0.220316 4 1 0
365.868 0.324886 0.220303 4 1 0
365.968 0.324909 0.220294 4 1 0
366.068 0.324917 0.220281 4 1 0
366.168 0.324924 0.220268 4 1 0
366.268 0.324944 0.220256 4 1 0
366.368 0.324952 0.220243 4 1 0
366.468 0.32496 0.22023 4 1 0
366.568 0.324976 0.220217 4 1 0
366.668 0.324983 0.220204 4 1 0
366.768 0.324991 0.220191 4 1 0
366.868 0.325004 0.220179 4 1 0
366.968 0.325012 0.220166 4 1 0
367.068 0.32502 0.220153 4 1 0
367.168 0.325031 0.220141 4 1 0
367.268 0.325038 0.220128 4 1 0
367.368 0.325046 0.220115 4 1 0
367.468 0.325056 0.220103 4 1 0
367.568 0.325064 0.22009 4 1 0
367.668 0.325072 0.220077 4 1 0
367.768 0.325082 0.220065 4 1 0
367.868 0.32509 0.220052 4 1 0
367.968 0.325097 0.220039 4 1 0
368.068 0.325107 0.220026 4 1 0
368.168 0.325114 0.220013 4 1 0
368.268 0.325122 0.220001 4 1 0
368.368 0.325131 0.219988 4 1 0
368.468 0.325139 0.219975 4 1 0
368.568 0.325147 0.219962 4 1 0
368.668 0.325156 0.21995 4 1 0
368.768 0.325164 0.219937 4 1 0
368.868 0.325172 0.219924 4 1 0
368.968 0.325181 0.219912 4 1 0
369.068 0.325189 0.219899 4 1 0
369.168 0.325196 0.219886 4 1 0
369.268 0.325205 0.219874 4 1 0
369.368 0.325213 0.219861 4 1 0
369.468 0.325221 0.219848 4 1 0
369.568 0.32523 0.219836 4 1 0
369.668 0.325238 0.219823 4 1 0
369.768 0.325245 0.21981 4 1 0
369.868 0.325254 0.219798 4 1 0
369.968 0.325262 0.219785 4 1 0
370.068 0.32527 0.219772 4 1 0
370.168 0.325279 0.21976 4 1 0
370.268 0.325286 0.219747 4 1 0
370.368 0.325294 0.219734 4 1 0
370.468 0.325303 0.219722 4 1 0
370.568 0.325311 0.219709 4 1 0
370.668 0.325319 0.219696 4 1 0
370.768 0.325327 0.219684 4 1 0
370.868 0.325335 0.219671 4 1 0
370.968 0.325343 0.219658 4 1 0
371.068 0.325351 0.219646 4 1 0
371.168 0.325359 0.219633 4 1 0
371.268 0.325367 0.21962 4 1 0
371.368 0.325376 0.219608 4 1 0
371.468 0.325383 0.219595 4 1 0
371.568 0.325391 0.219582 4 1 0
371.668 0.3254 0.21957 4 1 0
371.768 0.325407 0.219557 4 1 0
371.868 0.325415 0.219544 4 1 0
371.968 0.325424 0.219532 4 1 0
372.068 0.325431 0.219519 4 1 0
372.168 0.325439 0.219506 4 1 0
372.268 0.325448 0.219494 4 1 0
372.368 0.325455 0.219481 4 1 0
372.468 0.325463 0.219468 4 1 0
372.568 0.325472 0.219456 4 1 0
372.668 0.325479 0.219443 4 1 0
372.768 0.325487 0.21943 4 1 0
372.868 0.325495 0.219418 4 1 0
372.968 0.325503 0.219405 4 1 0
373.068 0.325511 0.219393 4 1 0
373.168 0.325519 0.21938 4 1 0
373.268 0.325527 0.219368 4 1 0
373.368 0.325535 0.219355 4 1 0
373.468 0.325543 0.219343 4 1 0
373.568 0.325551 0.21933 4 1 0
373.668 0.325559 0.219317 4 1 0
373.768 0.325567 0.219305 4 1 0
373.868 0.325575 0.219292 4 1 0
373.968 0.325582 0.219279 4 1 0
374.068 0.32559 0.219267 4 1 0
374.168 0.325598 0.219254 4 1 0
374.268 0.325606 0.219242 4 1 0
374.368 0.325614 0.219229 4 1 0
374.468 0.325622 0.219217 4 1 0
374.568 0.325629 0.219204 4 1 0
374.668 0.325638 0.219192 4 1 0
374.768 0.325645 0.219179 4 1 0
374.868 0.325653 0.219166 4 1 0
374.968 0.325661 0.219154 4 1 0
375.068 0.325669 0.219141 4 1 0
375.168 0.325676 0.219128 4 1 0
375.268 0.325684 0.219116 4 1 0
375.368 0.325692 0.219103 4 1 0
375.468 0.3257 0.219091 4 1 0
375.568 0.325708 0.219079 4 1 0
375.668 0.325716 0.219066 4 1 0
375.768 0.325723 0.219053 4 1 0
375.868 0.325731 0.219041 4 1 0
375.968 0.325739 0.219028 4 1 0
376.068 0.325747 0.219015 4 1 0
376.168 0.325754 0.219003 4 1 0
376.268 0.325762 0.218991 4 1 0
376.368 0.32577 0.218978 4 1 0
376.468 0.325778 0.218966 4 1 0
376.568 0.325785 0.218953 4 1 0
376.668 0.325793 0.21894 4 1 0
376.768 0.325801 0.218928 4 1 0
376.868 0.325809 0.218916 4 1 0
376.968 0.325816 0.218903 4 1 0
377.068 0.325824 0.218891 4 1 0
377.168 0.325832 0.218878 4 1 0
377.268 0.325839 0.218865 4 1 0
377.368 0.325847 0.218853 4 1 0
377.468 0.325855 0.218841 4 1 0
377.568 0.325862 0.218828 4 1 0
377.668 0.32587 0.218816 4 1 0
377.768 0.325878 0.218803 4 1 0
377.868 0.325885 0.21879 4 1 0
377.968 0.325893 0.218778 4 1 0
378.068 0.325901 0.218766 4 1 0
378.168 0.325908 0.218753 4 1 0
378.268 0.325916 0.218741 4 1 0
378.368 0.325924 0.218728 4 1 0
378.468 0.325931 0.218715 4 1 0
378.568 0.325939 0.218703 4 1 0
378.668 0.325946 0.218691 4 1 0
378.768 0.325954 0.218678 4 1 0
378.868 0.325962 0.218666 4 1 0
378.968 0.325969 0.218653 4 1 0
379.068 0.325977 0.218641 4 1 0
379.168 0.325984 0.218629 4 1 0
379.268 0.325992 0.218616 4 1 0
379.368 0.325999 0.218603 4 1 0
379.468 0.326007 0.218591 4 1 0
379.568 0.326015 0.218579 4 1 0
379.668 0.326022 0.218566 4 1 0
379.768 0.326029 0.218554 4 1 0
379.868 0.326037 0.218541 4 1 0
379.968 0.326045 0.218529 4 1 0
380.068 0.326052 0.218517 4 1 0
380.168 0.32606 0.218504 4 1 0
380.268 0.326067 0.218491 4 1 0
380.368 0.326075 0.21848 4 1 0
380.468 0.326082 0.218467 4 1 0
380.568 0.32609 0.218454 4 1 0
380.668 0.326097 0.218442 4 1 0
380.768 0.326105 0.21843 4 1 0
380.868 0.326112 0.218417 4 1 0
380.968 0.326119 0.218405 4 1 0
381.068 0.326127 0.218392 4 1 0
381.168 0.326135 0.21838 4 1 0
381.268 0.326142 0.218368 4 1 0
381.368 0.326149 0.218355 4 1 0
381.468 0.326157 0.218343 4 1 0
381.568 0.326164 0.218331 4 1 0
381.668 0.326172 0.218318 4 1 0
381.768 0.326179 0.218305 4 1 0
381.868 0.326186 0.218293 4 1 0
381.968 0.326194 0.218281 4 1 0
382.068 0.326201 0.218268 4 1 0
382.168 0.326208 0.218255 4 1 0
382.268 0.326216 0.218243 4 1 0
382.368 0.326224 0.218231 4 1 0
382.468 0.326231 0.218217 4 1 0
382.568 0.326238 0.218205 4 1 0
382.668 0.326246 0.218193 4 1 0
382.768 0.326253 0.21818 4 1 0
382.868 0.32626 0.218167 4 1 0
382.968 0.326268 0.218155 4 1 0
383.068 0.326275 0.218142 4 1 0
383.168 0.326282 0.21813 4 1 0
383.268 0.32629 0.218117 4 1 0
383.368 0.326297 0.218104 4 1 0
383.468 0.326304 0.218092 4 1 0
383.568 0.326312 0.21808 4 1 0
383.668 0.326319 0.218067 4 1 0
383.768 0.326326 0.218054 4 1 0
383.868 0.326334 0.218042 4 1 0
383.968 0.326341 0.218029 4 1 0
384.068 0.326348 0.218017 4 1 0
384.168 0.326356 0.218005 4 1 0
384.268 0.326363 0.217992 4 1 0
384.368 0.32637 0.217979 4 1 0
384.468 0.326378 0.217967 4 1 0
384.568 0.326385 0.217954 4 1 0
384.668 0.326392 0.217942 4 1 0
384.768 0.3264 0.21793 4 1 0
384.868 0.326407 0.217917 4 1 0
384.968 0.326414 0.217904 4 1 0
385.068 0.326422 0.217892 4 1 0
385.168 0.326428 0.217879 4 1 0
385.268 0.326436 0.217867 4 1 0
385.268 0.326436 0.217867 4 1 0
385.288 0.326437 0.217864 4 1 0
385.328 0.32644 0.21786 4 1 0
385.408 0.326446 0.217849 4 1 0
385.508 0.326453 0.217837 4 1 0
385.608 0.326461 0.217825 4 1 0
385.708 0.326468 0.217812 4 1 0
385.808 0.326475 0.2178 4 1 0
385.908 0.326483 0.217788 4 1 0
386.008 0.326489 0.217774 4 1 0
386.108 0.326497 0.217762 4 1 0
386.208 0.326504 0.21775 4 1 0
386.308 0.326511 0.217737 4 1 0
386.408 0.326518 0.217725 4 1 0
386.508 0.326526 0.217713 4 1 0
386.608 0.326533 0.2177 4 1 0
386.708 0.32654 0.217687 4 1 0
386.808 0.326548 0.217675 4 1 0
386.908 0.326554 0.217662 4 1 0
387.008 0.326562 0.21765 4 1 0
387.108 0.326569 0.217638 4 1 0
387.208 0.326575 0.217625 4 1 0
387.308 0.326583 0.217613 4 1 0
387.408 0.32659 0.2176 4 1 0
387.508 0.326597 0.217588 4 1 0
387.608 0.326604 0.217575 4 1 0
387.708 0.326612 0.217563 4 1 0
387.808 0.326618 0.21755 4 1 0
387.908 0.326626 0.217538 4 1 0
388.008 0.326633 0.217526 4 1 0
388.108 0.32664 0.217513 4 1 0
388.208 0.326647 0.2175 4 1 0
388.308 0.326654 0.217488 4 1 0
388.408 0.326661 0.217475 4 1 0
388.508 0.326668 0.217463 4 1 0
388.608 0.326676 0.217451 4 1 0
388.708 0.326682 0.217438 4 1 0
388.808 0.326689 0.217425 4 1 0
388.908 0.326697 0.217413 4 1 0
389.008 0.326703 0.2174 4 1 0
389.108 0.32671 0.217388 4 1 0
389.208 0.326718 0.217376 4 1 0
389.308 0.326724 0.217362 4 1 0
389.408 0.326731 0.21735 4 1 0
389.508 0.326739 0.217338 4 1 0
389.608 0.326745 0.217325 4 1 0
389.708 0.326752 0.217313 4 1 0
389.808 0.32676 0.2173 4 1 0
389.908 0.326765 0.217287 4 1 0
390.008 0.326773 0.217275 4 1 0
390.108 0.32678 0.217263 4 1 0
390.208 0.326786 0.217249 4 1 0
390.308 0.326793 0.217237 4 1 0
390.408 0.3268 0.217225 4 1 0
390.508 0.326806 0.217211 4 1 0
390.608 0.326813 0.217199 4 1 0
390.708 0.326821 0.217187 4 1 0
390.808 0.326826 0.217172 4 1 0
390.908 0.326833 0.21716 4 1 0
391.008 0.32684 0.217148 4 1 0
391.108 0.326845 0.217134 4 1 0
391.208 0.326852 0.217121 4 1 0
391.308 0.326859 0.217109 4 1 0
391.408 0.326862 0.217093 4 1 0
391.508 0.32687 0.217081 4 1 0
391.608 0.326877 0.217069 4 1 0
391.708 0.326874 0.217046 4 1 0
391.808 0.326881 0.217034 4 1 0
391.908 0.326889 0.217021 4 1 0
392.008 0.326893 0.217009 4 1 0
392.108 0.3269 0.216997 4 1 0
392.208 0.326907 0.216984 4 1 0
392.308 0.32694 0.216988 4 1 0
392.408 0.326947 0.216976 4 1 0
392.508 0.326954 0.216964 4 1 0
392.608 0.326958 0.216941 4 1 0
392.708 0.326965 0.216928 4 1 0
392.808 0.326973 0.216916 4 1 0
392.908 0.32695 0.2169 4 1 0
393.008 0.326957 0.216888 4 1 0
393.108 0.326965 0.216876 4 1 0
393.208 0.326979 0.216842 4 1 0
393.308 0.326986 0.21683 4 1 0
393.408 0.326993 0.216817 4 1 0
393.508 0.327035 0.21685 4 1 0
393.608 0.327042 0.216838 4 1 0
393.708 0.32705 0.216825 4 1 0
393.808 0.327043 0.216811 4 1 0
393.908 0.32705 0.216798 4 1 0
394.008 0.327058 0.216786 4 1 0
394.108 0.327055 0.216769 4 1 0
394.208 0.327063 0.216757 4 1 0
394.308 0.32707 0.216745 4 1 0
394.408 0.327092 0.216749 4 1 0
394.508 0.327099 0.216737 4 1 0
394.608 0.327106 0.216725 4 1 0
394.708 0.327108 0.216703 4 1 0
394.808 0.327115 0.21669 4 1 0
394.908 0.327123 0.216678 4 1 0
395.008 0.327126 0.216668 4 1 0
395.108 0.327133 0.216656 4 1 0
395.208 0.327141 0.216643 4 1 0
395.308 0.327152 0.216636 4 1 0
395.408 0.327159 0.216624 4 1 0
395.508 0.327166 0.216612 4 1 0
395.608 0.327171 0.216594 4 1 0
395.708 0.327178 0.216581 4 1 0
395.808 0.327186 0.216569 4 1 0
395.908 0.327191 0.21656 4 1 0
396.008 0.327198 0.216548 4 1 0
396.108 0.327206 0.216535 4 1 0
396.208 0.327213 0.216523 4 1 0
396.308 0.32722 0.216511 4 1 0
396.408 0.327227 0.216498 4 1 0
396.508 0.327232 0.216487 4 1 0
396.608 0.32724 0.216475 4 1 0
396.708 0.327247 0.216463 4 1 0
396.808 0.32725 0.21645 4 1 0
396.908 0.327258 0.216437 4 1 0
397.008 0.327265 0.216425 4 1 0
397.108 0.327267 0.216417 4 1 0
397.208 0.327274 0.216405 4 1 0
397.308 0.327281 0.216393 4 1 0
397.408 0.327275 0.216387 4 1 0
397.508 0.327283 0.216375 4 1 0
397.608 0.32729 0.216363 4 1 0
397.708 0.327272 0.216355 4 1 0
397.808 0.327279 0.216344 4 1 0
397.908 0.327286 0.216332 4 1 0
398.008 0.327304 0.216252 4 1 0
398.108 0.327311 0.21624 4 1 0
398.208 0.327318 0.216228 4 1 0
398.308 0.327404 0.216219 4 1 0
398.408 0.327411 0.216207 4 1 0
398.508 0.327418 0.216194 4 1 0
398.608 0.3274 0.216203 4 1 0
398.708 0.327407 0.216191 4 1 0
398.808 0.327415 0.216179 4 1 0
398.908 0.327362 0.216151 4 1 0
399.008 0.327369 0.216139 4 1 0
399.108 0.327377 0.216127 4 1 0
399.208 0.327465 0.216108 4 1 0
399.308 0.327473 0.216096 4 1 0
399.408 0.32748 0.216084 4 1 0
399.508 0.32747 0.21611 4 1 0
399.608 0.327478 0.216098 4 1 0
399.708 0.327485 0.216085 4 1 0
399.808 0.327449 0.216031 4 1 0
399.908 0.327456 0.216019 4 1 0
400.008 0.327463 0.216007 4 1 0
400.108 0.327522 0.216016 4 1 0
400.208 0.32753 0.216004 4 1 0
400.308 0.327537 0.215991 4 1 0
400.408 0.327522 0.216008 4 1 0
400.508 0.327529 0.215996 4 1 0
400.608 0.327537 0.215984 4 1 0
400.708 0.327499 0.215925 4 1 0
400.808 0.327506 0.215914 4 1 0
400.908 0.327514 0.215902 4 1 0
401.008 0.327594 0.215892 4 1 0
401.108 0.327601 0.21588 4 1 0
401.208 0.327609 0.215868 4 1 0
401.308 0.327605 0.215896 4 1 0
401.408 0.327612 0.215884 4 1 0
401.508 0.32762 0.215872 4 1 0
401.608 0.32758 0.215814 4 1 0
401.708 0.327587 0.215802 4 1 0
401.808 0.327594 0.21579 4 1 0
401.908 0.327639 0.215797 4 1 0
402.008 0.327646 0.215785 4 1 0
402.108 0.327654 0.215773 4 1 0
402.208 0.327643 0.215789 4 1 0
402.308 0.32765 0.215777 4 1 0
402.408 0.327658 0.215764 4 1 0
402.508 0.327692 0.215709 4 1 0
402.608 0.3277 0.215696 4 1 0
402.708 0.327709 0.215684 4 1 0
402.808 0.327736 0.215671 4 1 0
402.908 0.327743 0.215659 4 1 0
403.008 0.327751 0.215648 4 1 0
403.108 0.327758 0.21568 4 1 0
403.208 0.327766 0.215668 4 1 0
403.308 0.327773 0.215657 4 1 0
403.408 0.32773 0.215651 4 1 0
403.508 0.327737 0.215639 4 1 0
403.608 0.327744 0.215627 4 1 0
403.708 0.327734 0.215592 4 1 0
403.808 0.327741 0.21558 4 1 0
403.908 0.327748 0.215568 4 1 0
404.008 0.327761 0.215582 4 1 0
404.108 0.327768 0.21557 4 1 0
404.208 0.327775 0.215558 4 1 0
404.308 0.327796 0.215581 4 1 0
404.408 0.327804 0.215569 4 1 0
404.508 0.327812 0.215558 4 1 0
404.608 0.327867 0.215468 4 1 0
404.708 0.327875 0.215456 4 1 0
404.808 0.327883 0.215444 4 1 0
404.908 0.32786 0.215417 4 1 0
405.008 0.327867 0.215405 4 1 0
405.008 0.327867 0.215405 4 1 0
405.028 0.327868 0.215403 4 1 0
405.068 0.327871 0.215398 4 1 0
405.148 0.327906 0.215431 4 1 0
405.248 0.327914 0.215419 4 1 0
405.348 0.327921 0.215407 4 1 0
405.448 0.327873 0.215421 4 1 0
405.548 0.327881 0.215409 4 1 0
405.648 0.327888 0.215397 4 1 0
405.748 0.3279 0.215336 4 1 0
405.848 0.327908 0.215324 4 1 0
405.948 0.327916 0.215312 4 1 0
406.048 0.327913 0.215317 4 1 0
406.148 0.32792 0.215305 4 1 0
406.248 0.327927 0.215293 4 1 0
406.348 0.327931 0.215311 4 1 0
406.448 0.327938 0.215299 4 1 0
406.548 0.327946 0.215288 4 1 0
406.648 0.328023 0.215322 4 1 0
406.748 0.328031 0.215311 4 1 0
406.848 0.328038 0.2153 4 1 0
406.948 0.328084 0.215185 4 1 0
407.048 0.328092 0.215174 4 1 0
407.148 0.3281 0.215162 4 1 0
407.248 0.328056 0.215157 4 1 0
407.348 0.328063 0.215146 4 1 0
407.448 0.32807 0.215134 4 1 0
407.548 0.328084 0.215129 4 1 0
407.648 0.328091 0.215117 4 1 0
407.748 0.328098 0.215105 4 1 0
407.848 0.328047 0.215088 4 1 0
407.948 0.328054 0.215077 4 1 0
408.048 0.328061 0.215065 4 1 0
408.148 0.328123 0.215032 4 1 0
408.248 0.328131 0.21502 4 1 0
408.348 0.328139 0.215008 4 1 0
408.448 0.328097 0.215005 4 1 0
408.548 0.328104 0.214993 4 1 0
408.648 0.328111 0.214981 4 1 0
408.748 0.328156 0.215004 4 1 0
408.848 0.328163 0.214992 4 1 0
408.948 0.32817 0.21498 4 1 0
409.048 0.328148 0.215011 4 1 0
409.148 0.328156 0.215 4 1 0
409.248 0.328164 0.214988 4 1 0
409.348 0.328254 0.214908 4 1 0
409.448 0.328262 0.214896 4 1 0
409.548 0.32827 0.214884 4 1 0
409.648 0.328229 0.214875 4 1 0
409.748 0.328237 0.214863 4 1 0
409.848 0.328245 0.214851 4 1 0
409.948 0.328264 0.214823 4 1 0
410.048 0.328271 0.214811 4 1 0
410.148 0.328278 0.214799 4 1 0
410.248 0.328237 0.214822 4 1 0
410.348 0.328244 0.21481 4 1 0
410.448 0.328252 0.214798 4 1 0
410.548 0.328308 0.214749 4 1 0
410.648 0.328317 0.214737 4 1 0
410.748 0.328325 0.214726 4 1 0
410.848 0.328287 0.214713 4 1 0
410.948 0.328294 0.214702 4 1 0
411.048 0.328301 0.21469 4 1 0
411.148 0.328321 0.214721 4 1 0
411.248 0.328329 0.21471 4 1 0
411.348 0.328336 0.214698 4 1 0
411.448 0.328345 0.214707 4 1 0
411.548 0.328353 0.214695 4 1 0
411.648 0.328361 0.214683 4 1 0
411.748 0.32843 0.214684 4 1 0
411.848 0.328437 0.214672 4 1 0
411.948 0.328445 0.214661 4 1 0
412.048 0.328455 0.214578 4 1 0
412.148 0.328464 0.214566 4 1 0
412.248 0.328472 0.214554 4 1 0
412.348 0.328417 0.214534 4 1 0
412.448 0.328424 0.214522 4 1 0
412.548 0.328431 0.21451 4 1 0
412.648 0.328426 0.214552 4 1 0
412.748 0.328433 0.21454 4 1 0
412.848 0.328441 0.214528 4 1 0
412.948 0.328471 0.214511 4 1 0
413.048 0.328479 0.2145 4 1 0
413.148 0.328487 0.214488 4 1 0
413.248 0.32853 0.214502 4 1 0
413.348 0.328538 0.21449 4 1 0
413.448 0.328546 0.214479 4 1 0
413.548 0.328561 0.214399 4 1 0
413.648 0.328569 0.214387 4 1 0
413.748 0.328577 0.214375 4 1 0
413.848 0.328497 0.214359 4 1 0
413.948 0.328505 0.214347 4 1 0
414.048 0.328513 0.214335 4 1 0
414.148 0.328528 0.214361 4 1 0
414.248 0.328535 0.214349 4 1 0
414.348 0.328542 0.214337 4 1 0
414.448 0.328599 0.214365 4 1 0
414.548 0.328607 0.214354 4 1 0
414.648 0.328615 0.214342 4 1 0
414.748 0.328674 0.21427 4 1 0
414.848 0.328681 0.214259 4 1 0
414.948 0.328689 0.214247 4 1 0
415.048 0.328657 0.214225 4 1 0
415.148 0.328665 0.214213 4 1 0
415.248 0.328673 0.214202 4 1 0
415.348 0.328632 0.21419 4 1 0
415.448 0.328639 0.214178 4 1 0
415.548 0.328646 0.214166 4 1 0
415.648 0.328649 0.214213 4 1 0
415.748 0.328657 0.214201 4 1 0
415.848 0.328665 0.214189 4 1 0
415.948 0.328739 0.214139 4 1 0
416.048 0.328747 0.214127 4 1 0
416.148 0.328755 0.214115 4 1 0
416.248 0.328744 0.214079 4 1 0
416.348 0.328752 0.214067 4 1 0
416.448 0.32876 0.214056 4 1 0
416.548 0.328715 0.21406 4 1 0
416.648 0.328723 0.214048 4 1 0
416.748 0.328731 0.214036 4 1 0
416.848 0.328766 0.214061 4 1 0
416.948 0.328774 0.21405 4 1 0
417.048 0.328781 0.214038 4 1 0
417.148 0.328849 0.214047 4 1 0
417.248 0.328857 0.214036 4 1 0
417.348 0.328865 0.214025 4 1 0
417.448 0.32888 0.213961 4 1 0
417.548 0.328888 0.213949 4 1 0
417.648 0.328896 0.213937 4 1 0
417.748 0.328801 0.213902 4 1 0
417.848 0.328809 0.213891 4 1 0
417.948 0.328817 0.213879 4 1 0
418.048 0.328824 0.2139 4 1 0
418.148 0.328832 0.213889 4 1 0
418.248 0.32884 0.213877 4 1 0
418.348 0.328926 0.213922 4 1 0
418.448 0.328933 0.213911 4 1 0
418.548 0.328941 0.2139 4 1 0
418.648 0.328984 0.213804 4 1 0
418.748 0.328992 0.213793 4 1 0
418.848 0.329 0.213781 4 1 0
418.948 0.328937 0.213763 4 1 0
419.048 0.328945 0.213751 4 1 0
419.148 0.328953 0.21374 4 1 0
419.248 0.328919 0.213747 4 1 0
419.348 0.328927 0.213735 4 1 0
419.448 0.328935 0.213723 4 1 0
419.548 0.328997 0.213756 4 1 0
419.648 0.329005 0.213744 4 1 0
419.748 0.329013 0.213733 4 1 0
419.848 0.329067 0.213691 4 1 0
419.948 0.329074 0.213679 4 1 0
420.048 0.329082 0.213668 4 1 0
420.148 0.329069 0.213627 4 1 0
420.248 0.329077 0.213616 4 1 0
420.348 0.329085 0.213604 4 1 0
420.448 0.329023 0.213594 4 1 0
420.548 0.329031 0.213582 4 1 0
420.648 0.329039 0.213571 4 1 0
420.748 0.329064 0.213592 4 1 0
420.848 0.329072 0.21358 4 1 0
420.948 0.32908 0.213569 4 1 0
421.048 0.329145 0.213593 4 1 0
421.148 0.329153 0.213582 4 1 0
421.248 0.329161 0.21357 4 1 0
421.348 0.329185 0.213491 4 1 0
421.448 0.329193 0.21348 4 1 0
421.548 0.329201 0.213469 4 1 0
421.648 0.329144 0.213451 4 1 0
421.748 0.329152 0.213439 4 1 0
421.848 0.32916 0.213428 4 1 0
421.948 0.329151 0.213439 4 1 0
422.048 0.329159 0.213427 4 1 0
422.148 0.329167 0.213415 4 1 0
422.248 0.329222 0.213439 4 1 0
422.348 0.32923 0.213428 4 1 0
422.448 0.329238 0.213416 4 1 0
422.548 0.329272 0.213355 4 1 0
422.648 0.32928 0.213344 4 1 0
422.748 0.329288 0.213332 4 1 0
422.848 0.329263 0.213315 4 1 0
422.948 0.329271 0.213304 4 1 0
423.048 0.329279 0.213292 4 1 0
423.148 0.329258 0.213297 4 1 0
423.248 0.329266 0.213286 4 1 0
423.348 0.329274 0.213274 4 1 0
423.448 0.329308 0.213287 4 1 0
423.548 0.329316 0.213275 4 1 0
423.648 0.329324 0.213264 4 1 0
423.748 0.329358 0.213239 4 1 0
423.848 0.329366 0.213227 4 1 0
423.948 0.329374 0.213215 4 1 0
424.048 0.329372 0.213179 4 1 0
424.148 0.32938 0.213168 4 1 0
424.248 0.329387 0.213156 4 1 0
424.348 0.329368 0.213154 4 1 0
424.448 0.329376 0.213143 4 1 0
424.548 0.329384 0.213131 4 1 0
424.648 0.329399 0.213139 4 1 0
424.748 0.329407 0.213127 4 1 0
424.748 0.329407 0.213127 4 1 0
424.768 0.329409 0.213125 4 1 0
424.808 0.329412 0.21312 4 1 0
424.888 0.329441 0.213118 4 1 0
424.988 0.329449 0.213107 4 1 0
425.088 0.329456 0.213095 4 1 0
425.188 0.329468 0.213052 4 1 0
425.288 0.329476 0.213041 4 1 0
425.388 0.329484 0.213029 4 1 0
425.488 0.329471 0.213023 4 1 0
425.588 0.329479 0.213011 4 1 0
425.688 0.329486 0.213 4 1 0
425.788 0.329491 0.213004 4 1 0
425.888 0.329498 0.212993 4 1 0
425.988 0.329506 0.212981 4 1 0
426.088 0.329532 0.212979 4 1 0
426.188 0.32954 0.212968 4 1 0
426.288 0.329547 0.212956 4 1 0
426.388 0.329563 0.21292 4 1 0
426.488 0.329571 0.212908 4 1 0
426.588 0.329579 0.212897 4 1 0
426.688 0.329571 0.212887 4 1 0
426.788 0.329578 0.212876 4 1 0
426.888 0.329586 0.212864 4 1 0
426.988 0.329589 0.212866 4 1 0
427.088 0.329597 0.212854 4 1 0
427.188 0.329605 0.212843 4 1 0
427.288 0.329625 0.212839 4 1 0
427.388 0.329633 0.212827 4 1 0
427.488 0.329641 0.212816 4 1 0
427.588 0.329656 0.212787 4 1 0
427.688 0.329664 0.212775 4 1 0
427.788 0.329671 0.212764 4 1 0
427.888 0.329668 0.212753 4 1 0
427.988 0.329676 0.212742 4 1 0
428.088 0.329684 0.21273 4 1 0
428.188 0.329688 0.212728 4 1 0
428.288 0.329696 0.212716 4 1 0
428.388 0.329704 0.212705 4 1 0
428.488 0.32972 0.212699 4 1 0
428.588 0.329728 0.212687 4 1 0
428.688 0.329736 0.212676 4 1 0
428.788 0.329748 0.212653 4 1 0
428.888 0.329756 0.212642 4 1 0
428.988 0.329764 0.21263 4 1 0
429.088 0.329765 0.212619 4 1 0
429.188 0.329773 0.212608 4 1 0
429.288 0.329781 0.212596 4 1 0
429.388 0.329786 0.212591 4 1 0
429.488 0.329794 0.21258 4 1 0
429.588 0.329802 0.212568 4 1 0
429.688 0.329815 0.21256 4 1 0
429.788 0.329823 0.212549 4 1 0
429.888 0.32983 0.212537 4 1 0
429.988 0.329841 0.212519 4 1 0
430.088 0.329849 0.212508 4 1 0
430.188 0.329857 0.212496 4 1 0
430.288 0.329861 0.212485 4 1 0
430.388 0.329869 0.212474 4 1 0
430.488 0.329877 0.212462 4 1 0
430.588 0.329883 0.212455 4 1 0
430.688 0.329891 0.212443 4 1 0
430.788 0.329899 0.212432 4 1 0
430.888 0.329909 0.212422 4 1 0
430.988 0.329917 0.212411 4 1 0
431.088 0.329925 0.212399 4 1 0
431.188 0.329934 0.212385 4 1 0
431.288 0.329942 0.212373 4 1 0
431.388 0.32995 0.212362 4 1 0
431.488 0.329956 0.212351 4 1 0
431.588 0.329964 0.212339 4 1 0
431.688 0.329971 0.212328 4 1 0
431.788 0.329979 0.212319 4 1 0
431.888 0.329986 0.212307 4 1 0
431.988 0.329994 0.212296 4 1 0
432.088 0.330003 0.212285 4 1 0
432.188 0.330011 0.212274 4 1 0
432.288 0.330019 0.212263 4 1 0
432.388 0.330028 0.21225 4 1 0
432.488 0.330035 0.212238 4 1 0
432.588 0.330043 0.212227 4 1 0
432.688 0.33005 0.212216 4 1 0
432.788 0.330058 0.212204 4 1 0
432.888 0.330066 0.212193 4 1 0
432.988 0.330073 0.212183 4 1 0
433.088 0.330081 0.212171 4 1 0
433.188 0.330089 0.21216 4 1 0
433.288 0.330097 0.212149 4 1 0
433.388 0.330105 0.212138 4 1 0
433.488 0.330112 0.212127 4 1 0
433.588 0.330121 0.212115 4 1 0
433.688 0.330128 0.212103 4 1 0
433.788 0.330136 0.212092 4 1 0
433.888 0.330144 0.212081 4 1 0
433.988 0.330151 0.21207 4 1 0
434.088 0.330159 0.212058 4 1 0
434.188 0.330167 0.212047 4 1 0
434.288 0.330174 0.212036 4 1 0
434.388 0.330182 0.212025 4 1 0
434.488 0.33019 0.212014 4 1 0
434.588 0.330198 0.212002 4 1 0
434.688 0.330206 0.211991 4 1 0
434.788 0.330214 0.21198 4 1 0
434.888 0.330221 0.211969 4 1 0
434.988 0.330229 0.211957 4 1 0
435.088 0.330237 0.211946 4 1 0
435.188 0.330244 0.211935 4 1 0
435.591 0.330276 0.211888 4 1 0
435.691 0.330283 0.211878 4 1 0
435.791 0.33029 0.211867 4 1 0
435.891 0.330298 0.211855 4 1 0
435.991 0.330306 0.211845 4 1 0
436.091 0.330314 0.211834 4 1 0
436.191 0.330322 0.211822 4 1 0
436.291 0.33033 0.21181 4 1 0
436.391 0.330338 0.211799 4 1 0
436.491 0.330345 0.211788 4 1 0
436.591 0.330353 0.211777 4 1 0
436.691 0.33036 0.211766 4 1 0
436.791 0.330368 0.211754 4 1 0
436.891 0.330376 0.211743 4 1 0
436.991 0.330383 0.211732 4 1 0
437.091 0.330391 0.211721 4 1 0
437.191 0.330399 0.21171 4 1 0
437.291 0.330407 0.211699 4 1 0
437.391 0.330414 0.211688 4 1 0
437.491 0.330422 0.211676 4 1 0
437.591 0.33043 0.211665 4 1 0
437.691 0.330437 0.211654 4 1 0
437.791 0.330445 0.211643 4 1 0
437.891 0.330453 0.211632 4 1 0
437.991 0.33046 0.211621 4 1 0
438.091 0.330468 0.211609 4 1 0
438.191 0.330476 0.211598 4 1 0
438.291 0.330483 0.211587 4 1 0
438.391 0.330491 0.211576 4 1 0
438.491 0.330499 0.211565 4 1 0
438.591 0.330507 0.211554 4 1 0
438.691 0.330514 0.211543 4 1 0
438.791 0.330522 0.211531 4 1 0
438.891 0.33053 0.21152 4 1 0
438.991 0.330537 0.211509 4 1 0
439.091 0.330545 0.211498 4 1 0
439.191 0.330552 0.211487 4 1 0
439.291 0.33056 0.211476 4 1 0
439.391 0.330568 0.211465 4 1 0
439.491 0.330575 0.211453 4 1 0
439.591 0.330583 0.211442 4 1 0
439.691 0.330591 0.211431 4 1 0
439.791 0.330598 0.21142 4 1 0
439.891 0.330606 0.211409 4 1 0
439.991 0.330614 0.211398 4 1 0
440.091 0.330621 0.211387 4 1 0
440.191 0.330629 0.211376 4 1 0
440.291 0.330637 0.211365 4 1 0
440.391 0.330644 0.211353 4 1 0
440.491 0.330652 0.211342 4 1 0
440.591 0.330659 0.211331 4 1 0
440.691 0.330667 0.21132 4 1 0
440.791 0.330675 0.211309 4 1 0
440.891 0.330682 0.211298 4 1 0
440.991 0.33069 0.211287 4 1 0
441.091 0.330698 0.211276 4 1 0
441.191 0.330705 0.211265 4 1 0
441.291 0.330713 0.211254 4 1 0
441.391 0.33072 0.211243 4 1 0
441.491 0.330728 0.211232 4 1 0
441.591 0.330736 0.211221 4 1 0
441.691 0.330743 0.211209 4 1 0
441.791 0.330751 0.211198 4 1 0
441.891 0.330758 0.211187 4 1 0
441.991 0.330766 0.211176 4 1 0
442.091 0.330774 0.211165 4 1 0
442.191 0.330781 0.211154 4 1 0
442.291 0.330789 0.211143 4 1 0
442.391 0.330796 0.211132 4 1 0
442.491 0.330804 0.211121 4 1 0
442.591 0.330812 0.21111 4 1 0
442.691 0.330819 0.211099 4 1 0
442.791 0.330827 0.211088 4 1 0
442.891 0.330834 0.211077 4 1 0
442.991 0.330842 0.211066 4 1 0
443.091 0.33085 0.211055 4 1 0
443.191 0.330857 0.211044 4 1 0
443.291 0.330865 0.211033 4 1 0
443.391 0.330872 0.211022 4 1 0
443.491 0.33088 0.211011 4 1 0
443.591 0.330887 0.211 4 1 0
443.691 0.330895 0.210989 4 1 0
443.791 0.330903 0.210978 4 1 0
443.891 0.33091 0.210967 4 1 0
443.991 0.330918 0.210956 4 1 0
444.091 0.330925 0.210945 4 1 0
444.191 0.330933 0.210934 4 1 0
444.291 0.33094 0.210923 4 1 0
444.391 0.330948 0.210912 4 1 0
444.491 0.330955 0.210901 4 1 0
444.591 0.330963 0.21089 4 1 0
444.691 0.330971 0.210879 4 1 0
444.791 0.330978 0.210868 4 1 0
444.791 0.330978 0.210868 4 1 0
444.811 0.33098 0.210866 4 1 0
444.851 0.330983 0.210861 4 1 0
444.931 0.330989 0.210853 4 1 0
445.031 0.330996 0.210842 4 1 0
445.131 0.331004 0.210831 4 1 0
445.231 0.331011 0.21082 4 1 0
445.331 0.331019 0.210809 4 1 0
445.431 0.331026 0.210798 4 1 0
445.531 0.331034 0.210787 4 1 0
445.631 0.331041 0.210776 4 1 0
445.731 0.331049 0.210765 4 1 0
445.831 0.331056 0.210754 4 1 0
445.931 0.331064 0.210743 4 1 0
446.031 0.331071 0.210732 4 1 0
446.131 0.331079 0.210721 4 1 0
446.231 0.331086 0.21071 4 1 0
446.331 0.331094 0.210699 4 1 0
446.431 0.331102 0.210689 4 1 0
446.531 0.331109 0.210678 4 1 0
446.631 0.331117 0.210667 4 1 0
446.731 0.331124 0.210656 4 1 0
446.831 0.331132 0.210645 4 1 0
446.931 0.331139 0.210634 4 1 0
447.031 0.331147 0.210623 4 1 0
447.131 0.331154 0.210612 4 1 0
447.231 0.331161 0.210601 4 1 0
447.331 0.331169 0.21059 4 1 0
447.431 0.331176 0.21058 4 1 0
447.531 0.331184 0.210569 4 1 0
447.631 0.331191 0.210558 4 1 0
447.731 0.331199 0.210547 4 1 0
447.831 0.331206 0.210536 4 1 0
447.931 0.331214 0.210525 4 1 0
448.031 0.331221 0.210514 4 1 0
448.131 0.331229 0.210503 4 1 0
448.231 0.331236 0.210493 4 1 0
448.331 0.331244 0.210482 4 1 0
448.431 0.331251 0.210471 4 1 0
448.531 0.331259 0.21046 4 1 0
448.631 0.331266 0.210449 4 1 0
448.731 0.331274 0.210438 4 1 0
448.831 0.331281 0.210427 4 1 0
448.931 0.331289 0.210417 4 1 0
449.031 0.331296 0.210406 4 1 0
449.131 0.331303 0.210395 4 1 0
449.231 0.331311 0.210384 4 1 0
449.331 0.331318 0.210373 4 1 0
449.431 0.331326 0.210362 4 1 0
449.531 0.331333 0.210352 4 1 0
449.631 0.331341 0.210341 4 1 0
449.731 0.331348 0.21033 4 1 0
449.831 0.331356 0.210319 4 1 0
449.931 0.331363 0.210308 4 1 0
450.031 0.33137 0.210297 4 1 0
450.131 0.331378 0.210287 4 1 0
450.231 0.331385 0.210276 4 1 0
450.331 0.331393 0.210265 4 1 0
450.431 0.3314 0.210254 4 1 0
450.531 0.331408 0.210243 4 1 0
450.631 0.331415 0.210233 4 1 0
450.731 0.331422 0.210222 4 1 0
450.831 0.33143 0.210211 4 1 0
450.931 0.331437 0.2102 4 1 0
451.031 0.331445 0.210189 4 1 0
451.131 0.331452 0.210179 4 1 0
451.231 0.331459 0.210168 4 1 0
451.331 0.331467 0.210157 4 1 0
451.431 0.331474 0.210146 4 1 0
451.531 0.331482 0.210136 4 1 0
451.631 0.331489 0.210125 4 1 0
451.731 0.331496 0.210114 4 1 0
451.831 0.331504 0.210103 4 1 0
451.931 0.331511 0.210092 4 1 0
452.031 0.331519 0.210082 4 1 0
452.131 0.331526 0.210071 4 1 0
452.231 0.331533 0.21006 4 1 0
452.331 0.331541 0.210049 4 1 0
452.431 0.331548 0.210039 4 1 0
452.531 0.331555 0.210028 4 1 0
452.631 0.331563 0.210017 4 1 0
452.731 0.33157 0.210006 4 1 0
452.831 0.331578 0.209996 4 1 0
452.931 0.331585 0.209985 4 1 0
453.031 0.331592 0.209974 4 1 0
453.131 0.3316 0.209963 4 1 0
453.231 0.331607 0.209953 4 1 0
453.331 0.331614 0.209942 4 1 0
453.431 0.331622 0.209931 4 1 0
453.531 0.331629 0.209921 4 1 0
453.631 0.331636 0.20991 4 1 0
453.731 0.331644 0.209899 4 1 0
453.831 0.331651 0.209888 4 1 0
453.931 0.331658 0.209877 4 1 0
454.031 0.331666 0.209867 4 1 0
454.131 0.331673 0.209856 4 1 0
454.231 0.33168 0.209845 4 1 0
454.331 0.331688 0.209835 4 1 0
454.431 0.331695 0.209824 4 1 0
454.531 0.331702 0.209814 4 1 0
454.631 0.33171 0.209803 4 1 0
454.731 0.331717 0.209792 4 1 0
454.831 0.331724 0.209782 4 1 0
454.931 0.331732 0.209772 4 1 0
455.031 0.331739 0.209761 4 1 0
455.131 0.331746 0.20975 4 1 0
455.231 0.331754 0.20974 4 1 0
455.331 0.331761 0.209729 4 1 0
455.431 0.331768 0.209718 4 1 0
455.531 0.331775 0.209708 4 1 0
455.631 0.331783 0.209697 4 1 0
455.731 0.33179 0.209687 4 1 0
455.831 0.331797 0.209676 4 1 0
455.931 0.331805 0.209666 4 1 0
456.031 0.331812 0.209655 4 1 0
456.131 0.331819 0.209645 4 1 0
456.231 0.331827 0.209634 4 1 0
456.331 0.331834 0.209624 4 1 0
456.431 0.331841 0.209613 4 1 0
456.531 0.331848 0.209602 4 1 0
456.631 0.331856 0.209592 4 1 0
456.731 0.331863 0.209581 4 1 0
456.831 0.33187 0.209571 4 1 0
456.931 0.331877 0.20956 4 1 0
457.031 0.331885 0.20955 4 1 0
457.131 0.331892 0.209539 4 1 0
457.231 0.331899 0.209529 4 1 0
457.331 0.331907 0.209518 4 1 0
457.431 0.331914 0.209508 4 1 0
457.531 0.331921 0.209497 4 1 0
457.631 0.331928 0.209487 4 1 0
457.731 0.331935 0.209476 4 1 0
457.831 0.331943 0.209466 4 1 0
457.931 0.33195 0.209455 4 1 0
458.031 0.331957 0.209445 4 1 0
458.131 0.331964 0.209434 4 1 0
458.231 0.331972 0.209424 4 1 0
458.331 0.331979 0.209413 4 1 0
458.431 0.331986 0.209403 4 1 0
458.531 0.331993 0.209392 4 1 0
458.631 0.332001 0.209382 4 1 0
458.731 0.332008 0.209371 4 1 0
458.831 0.332015 0.209361 4 1 0
458.931 0.332022 0.20935 4 1 0
459.031 0.332029 0.20934 4 1 0
459.131 0.332037 0.209329 4 1 0
459.231 0.332044 0.209319 4 1 0
459.331 0.332051 0.209308 4 1 0
459.431 0.332058 0.209298 4 1 0
459.531 0.332066 0.209287 4 1 0
459.631 0.332073 0.209277 4 1 0
459.731 0.33208 0.209266 4 1 0
459.831 0.332087 0.209256 4 1 0
459.931 0.332094 0.209246 4 1 0
460.031 0.332102 0.209235 4 1 0
460.131 0.332109 0.209225 4 1 0
460.231 0.332116 0.209214 4 1 0
460.331 0.332123 0.209204 4 1 0
460.431 0.33213 0.209193 4 1 0
460.531 0.332137 0.209183 4 1 0
460.631 0.332145 0.209173 4 1 0
460.731 0.332152 0.209162 4 1 0
460.831 0.332159 0.209152 4 1 0
460.931 0.332166 0.209141 4 1 0
461.031 0.332173 0.209131 4 1 0
461.131 0.332181 0.20912 4 1 0
461.231 0.332188 0.20911 4 1 0
461.331 0.332195 0.2091 4 1 0
461.431 0.332202 0.209089 4 1 0
461.531 0.332209 0.209079 4 1 0
461.631 0.332216 0.209068 4 1 0
461.731 0.332224 0.209058 4 1 0
461.831 0.332231 0.209048 4 1 0
461.931 0.332238 0.209037 4 1 0
462.031 0.332245 0.209027 4 1 0
462.131 0.332252 0.209016 4 1 0
462.231 0.332259 0.209006 4 1 0
462.331 0.332266 0.208996 4 1 0
462.431 0.332274 0.208985 4 1 0
462.531 0.332281 0.208975 4 1 0
462.631 0.332288 0.208965 4 1 0
462.731 0.332295 0.208954 4 1 0
462.831 0.332302 0.208944 4 1 0
462.931 0.332309 0.208934 4 1 0
463.031 0.332316 0.208923 4 1 0
463.131 0.332324 0.208913 4 1 0
463.231 0.332331 0.208902 4 1 0
463.331 0.332338 0.208892 4 1 0
463.431 0.332345 0.208882 4 1 0
463.531 0.332352 0.208871 4 1 0
463.631 0.332359 0.208861 4 1 0
463.731 0.332366 0.208851 4 1 0
463.831 0.332373 0.20884 4 1 0
463.931 0.33238 0.20883 4 1 0
464.031 0.332388 0.20882 4 1 0
464.131 0.332395 0.20881 4 1 0
464.231 0.332402 0.208799 4 1 0
464.331 0.332409 0.208789 4 1 0
464.431 0.332416 0.208779 4 1 0
464.531 0.332423 0.208768 4 1 0
464.531 0.332423 0.208768 4 1 0
464.551 0.332424 0.208766 4 1 0
464.591 0.332427 0.208762 4 1 0
464.671 0.332433 0.208754 4 1 0
464.771 0.33244 0.208744 4 1 0
464.871 0.332447 0.208733 4 1 0
464.971 0.332454 0.208723 4 1 0
465.071 0.332461 0.208713 4 1 0
465.171 0.332468 0.208702 4 1 0
465.271 0.332475 0.208692 4 1 0
465.371 0.332482 0.208682 4 1 0
465.471 0.33249 0.208672 4 1 0
465.571 0.332497 0.208661 4 1 0
465.671 0.332504 0.208651 4 1 0
465.771 0.332511 0.208641 4 1 0
465.871 0.332518 0.208631 4 1 0
465.971 0.332525 0.20862 4 1 0
466.071 0.332532 0.20861 4 1 0
466.171 0.332539 0.2086 4 1 0
466.271 0.332546 0.20859 4 1 0
466.371 0.332553 0.208579 4 1 0
466.471 0.33256 0.208569 4 1 0
466.571 0.332567 0.208559 4 1 0
466.671 0.332574 0.208549 4 1 0
466.771 0.332581 0.208538 4 1 0
466.871 0.332588 0.208528 4 1 0
466.971 0.332595 0.208518 4 1 0
467.071 0.332602 0.208508 4 1 0
467.171 0.332609 0.208497 4 1 0
467.271 0.332616 0.208487 4 1 0
467.371 0.332623 0.208477 4 1 0
467.471 0.33263 0.208467 4 1 0
467.571 0.332637 0.208457 4 1 0
467.671 0.332644 0.208446 4 1 0
467.771 0.332651 0.208436 4 1 0
467.871 0.332658 0.208426 4 1 0
467.971 0.332665 0.208416 4 1 0
468.071 0.332672 0.208406 4 1 0
468.171 0.332679 0.208396 4 1 0
468.271 0.332686 0.208385 4 1 0
468.371 0.332693 0.208375 4 1 0
468.471 0.3327 0.208365 4 1 0
468.571 0.332707 0.208355 4 1 0
468.671 0.332714 0.208345 4 1 0
468.771 0.332721 0.208335 4 1 0
468.871 0.332728 0.208324 4 1 0
468.971 0.332735 0.208314 4 1 0
469.071 0.332742 0.208304 4 1 0
469.171 0.332749 0.208294 4 1 0
469.271 0.332756 0.208284 4 1 0
469.371 0.332763 0.208274 4 1 0
469.471 0.33277 0.208263 4 1 0
469.571 0.332777 0.208253 4 1 0
469.671 0.332784 0.208243 4 1 0
469.771 0.332791 0.208233 4 1 0
469.871 0.332798 0.208223 4 1 0
469.971 0.332805 0.208213 4 1 0
470.071 0.332812 0.208203 4 1 0
470.171 0.332819 0.208193 4 1 0
470.271 0.332826 0.208183 4 1 0
470.371 0.332833 0.208172 4 1 0
470.471 0.33284 0.208162 4 1 0
470.571 0.332847 0.208152 4 1 0
470.671 0.332853 0.208142 4 1 0
470.771 0.33286 0.208132 4 1 0
470.871 0.332867 0.208122 4 1 0
470.971 0.332874 0.208112 4 1 0
471.071 0.332881 0.208102 4 1 0
471.171 0.332888 0.208092 4 1 0
471.271 0.332895 0.208082 4 1 0
471.371 0.332902 0.208072 4 1 0
471.471 0.332909 0.208062 4 1 0
471.571 0.332916 0.208052 4 1 0
471.671 0.332923 0.208042 4 1 0
471.771 0.33293 0.208032 4 1 0
471.871 0.332936 0.208022 4 1 0
471.971 0.332943 0.208012 4 1 0
472.071 0.33295 0.208002 4 1 0
472.171 0.332957 0.207992 4 1 0
472.271 0.332964 0.207981 4 1 0
472.371 0.332971 0.207971 4 1 0
472.471 0.332978 0.207961 4 1 0
472.571 0.332985 0.207951 4 1 0
472.671 0.332992 0.207941 4 1 0
472.771 0.332998 0.207932 4 1 0
472.871 0.333005 0.207922 4 1 0
472.971 0.333012 0.207912 4 1 0
473.071 0.333019 0.207902 4 1 0
473.171 0.333026 0.207892 4 1 0
473.271 0.333033 0.207882 4 1 0
473.371 0.333039 0.207872 4 1 0
473.471 0.333046 0.207862 4 1 0
473.571 0.333053 0.207852 4 1 0
473.671 0.33306 0.207842 4 1 0
473.771 0.333067 0.207832 4 1 0
473.871 0.333074 0.207822 4 1 0
473.971 0.33308 0.207812 4 1 0
474.071 0.333087 0.207802 4 1 0
474.171 0.333094 0.207792 4 1 0
474.271 0.333101 0.207782 4 1 0
474.371 0.333108 0.207773 4 1 0
474.471 0.333115 0.207763 4 1 0
474.571 0.333121 0.207753 4 1 0
474.671 0.333128 0.207743 4 1 0
474.771 0.333135 0.207733 4 1 0
474.871 0.333141 0.207723 4 1 0
474.971 0.333148 0.207713 4 1 0
475.071 0.333155 0.207704 4 1 0
475.171 0.333162 0.207694 4 1 0
475.271 0.333169 0.207684 4 1 0
475.371 0.333175 0.207674 4 1 0
475.471 0.333182 0.207665 4 1 0
475.571 0.333189 0.207655 4 1 0
475.671 0.333196 0.207645 4 1 0
475.771 0.333202 0.207636 4 1 0
475.871 0.333209 0.207626 4 1 0
475.971 0.333215 0.207616 4 1 0
476.071 0.333221 0.207609 4 1 0
476.171 0.333228 0.207599 4 1 0
476.271 0.333235 0.207589 4 1 0
476.371 0.333234 0.20758 4 1 0
476.471 0.333241 0.20757 4 1 0
476.571 0.333248 0.20756 4 1 0
476.671 0.333271 0.20755 4 1 0
476.771 0.333278 0.20754 4 1 0
476.871 0.333285 0.20753 4 1 0
476.971 0.333286 0.20752 4 1 0
477.071 0.333293 0.20751 4 1 0
477.171 0.3333 0.2075 4 1 0
477.271 0.333294 0.207485 4 1 0
477.371 0.333301 0.207475 4 1 0
477.471 0.333308 0.207465 4 1 0
477.571 0.333335 0.207463 4 1 0
477.671 0.333342 0.207453 4 1 0
477.771 0.333349 0.207444 4 1 0
477.871 0.333348 0.207433 4 1 0
477.971 0.333355 0.207423 4 1 0
478.071 0.333362 0.207413 4 1 0
478.171 0.333363 0.207406 4 1 0
478.271 0.33337 0.207396 4 1 0
478.371 0.333377 0.207386 4 1 0
478.471 0.333389 0.207373 4 1 0
478.571 0.333396 0.207363 4 1 0
478.671 0.333403 0.207353 4 1 0
478.771 0.333401 0.207343 4 1 0
478.871 0.333408 0.207333 4 1 0
478.971 0.333414 0.207323 4 1 0
479.071 0.333431 0.207315 4 1 0
479.171 0.333438 0.207305 4 1 0
479.271 0.333445 0.207296 4 1 0
479.371 0.333441 0.207282 4 1 0
479.471 0.333448 0.207272 4 1 0
479.571 0.333455 0.207262 4 1 0
479.671 0.333472 0.207257 4 1 0
479.771 0.333479 0.207248 4 1 0
479.871 0.333486 0.207238 4 1 0
479.971 0.333478 0.207218 4 1 0
480.071 0.333485 0.207208 4 1 0
480.171 0.333492 0.207198 4 1 0
480.271 0.333515 0.207199 4 1 0
480.371 0.333522 0.207189 4 1 0
480.471 0.333529 0.207179 4 1 0
480.571 0.333523 0.207162 4 1 0
480.671 0.33353 0.207152 4 1 0
480.771 0.333537 0.207142 4 1 0
480.871 0.333553 0.20714 4 1 0
480.971 0.33356 0.20713 4 1 0
481.071 0.333566 0.20712 4 1 0
481.171 0.333564 0.207105 4 1 0
481.271 0.333571 0.207095 4 1 0
481.371 0.333578 0.207085 4 1 0
481.471 0.333591 0.207081 4 1 0
481.571 0.333598 0.207071 4 1 0
481.671 0.333605 0.207061 4 1 0
481.771 0.333605 0.207048 4 1 0
481.871 0.333612 0.207038 4 1 0
481.971 0.333619 0.207028 4 1 0
482.071 0.333629 0.207022 4 1 0
482.171 0.333635 0.207012 4 1 0
482.271 0.333642 0.207002 4 1 0
482.371 0.333645 0.206991 4 1 0
482.471 0.333652 0.206981 4 1 0
482.571 0.333659 0.206971 4 1 0
482.671 0.333666 0.206963 4 1 0
482.771 0.333673 0.206953 4 1 0
482.871 0.33368 0.206943 4 1 0
482.971 0.333686 0.206933 4 1 0
483.071 0.333692 0.206923 4 1 0
483.171 0.333699 0.206913 4 1 0
483.271 0.333705 0.206903 4 1 0
483.371 0.333711 0.206893 4 1 0
483.471 0.333718 0.206884 4 1 0
483.571 0.333725 0.206874 4 1 0
483.671 0.333732 0.206864 4 1 0
483.771 0.333739 0.206855 4 1 0
483.871 0.333744 0.206844 4 1 0
483.971 0.333751 0.206834 4 1 0
484.071 0.333758 0.206824 4 1 0
484.171 0.333765 0.206815 4 1 0
484.271 0.333772 0.206805 4 1 0
484.271 0.333772 0.206805 4 1 0
484.291 0.333773 0.206803 4 1 0
484.331 0.333776 0.206799 4 1 0
484.411 0.33378 0.206791 4 1 0
484.511 0.333787 0.206781 4 1 0
484.611 0.333794 0.206771 4 1 0
484.711 0.3338 0.206762 4 1 0
484.811 0.333807 0.206752 4 1 0
484.911 0.333813 0.206742 4 1 0
485.011 0.33382 0.206732 4 1 0
485.111 0.333827 0.206722 4 1 0
485.211 0.333833 0.206712 4 1 0
485.311 0.333839 0.206702 4 1 0
485.411 0.333846 0.206693 4 1 0
485.511 0.333853 0.206683 4 1 0
485.611 0.333859 0.206673 4 1 0
485.711 0.333866 0.206663 4 1 0
485.811 0.333873 0.206653 4 1 0
485.911 0.333879 0.206644 4 1 0
486.011 0.333885 0.206634 4 1 0
486.111 0.333892 0.206624 4 1 0
486.211 0.333898 0.206614 4 1 0
486.311 0.333905 0.206604 4 1 0
486.411 0.333912 0.206594 4 1 0
486.511 0.333918 0.206585 4 1 0
486.611 0.333925 0.206575 4 1 0
486.711 0.333931 0.206565 4 1 0
486.811 0.333938 0.206555 4 1 0
486.911 0.333944 0.206545 4 1 0
487.011 0.333951 0.206536 4 1 0
487.111 0.333957 0.206526 4 1 0
487.211 0.333964 0.206516 4 1 0
487.311 0.333971 0.206506 4 1 0
487.411 0.333977 0.206497 4 1 0
487.511 0.333983 0.206487 4 1 0
487.611 0.33399 0.206477 4 1 0
487.711 0.333996 0.206467 4 1 0
487.811 0.334003 0.206457 4 1 0
487.911 0.33401 0.206448 4 1 0
488.011 0.334016 0.206438 4 1 0
488.111 0.334023 0.206428 4 1 0
488.211 0.334029 0.206418 4 1 0
488.311 0.334035 0.206409 4 1 0
488.411 0.334042 0.206399 4 1 0
488.511 0.334049 0.206389 4 1 0
488.611 0.334055 0.206379 4 1 0
488.711 0.334061 0.20637 4 1 0
488.811 0.334068 0.20636 4 1 0
488.911 0.334074 0.20635 4 1 0
489.011 0.334081 0.20634 4 1 0
489.111 0.334087 0.206331 4 1 0
489.211 0.334094 0.206321 4 1 0
489.311 0.3341 0.206311 4 1 0
489.411 0.334107 0.206302 4 1 0
489.511 0.334113 0.206292 4 1 0
489.611 0.33412 0.206282 4 1 0
489.711 0.334126 0.206272 4 1 0
489.811 0.334132 0.206263 4 1 0
489.911 0.334139 0.206253 4 1 0
490.011 0.334146 0.206243 4 1 0
490.111 0.334152 0.206234 4 1 0
490.211 0.334158 0.206224 4 1 0
490.311 0.334165 0.206214 4 1 0
490.411 0.334171 0.206205 4 1 0
490.511 0.334178 0.206195 4 1 0
490.611 0.334184 0.206185 4 1 0
490.711 0.33419 0.206175 4 1 0
490.811 0.334197 0.206166 4 1 0
490.911 0.334203 0.206156 4 1 0
491.011 0.33421 0.206146 4 1 0
491.111 0.334216 0.206137 4 1 0
491.211 0.334223 0.206127 4 1 0
491.311 0.334229 0.206117 4 1 0
491.411 0.334235 0.206108 4 1 0
491.511 0.334242 0.206098 4 1 0
491.611 0.334248 0.206088 4 1 0
491.711 0.334255 0.206079 4 1 0
491.811 0.334261 0.206069 4 1 0
491.911 0.334267 0.20606 4 1 0
492.011 0.334274 0.20605 4 1 0
492.111 0.33428 0.20604 4 1 0
492.211 0.334286 0.206031 4 1 0
492.311 0.334293 0.206021 4 1 0
492.411 0.334299 0.206011 4 1 0
492.511 0.334305 0.206002 4 1 0
492.611 0.334312 0.205992 4 1 0
492.711 0.334318 0.205983 4 1 0
492.811 0.334324 0.205973 4 1 0
492.911 0.334331 0.205963 4 1 0
493.011 0.334338 0.205954 4 1 0
493.111 0.334344 0.205944 4 1 0
493.211 0.33435 0.205935 4 1 0
493.311 0.334357 0.205925 4 1 0
493.411 0.334363 0.205915 4 1 0
493.511 0.334369 0.205906 4 1 0
493.611 0.334376 0.205896 4 1 0
493.711 0.334382 0.205887 4 1 0
493.811 0.334388 0.205877 4 1 0
493.911 0.334395 0.205867 4 1 0
494.011 0.334401 0.205858 4 1 0
494.111 0.334407 0.205848 4 1 0
494.211 0.334414 0.205839 4 1 0
494.311 0.334419 0.205829 4 1 0
494.411 0.334426 0.20582 4 1 0
494.511 0.334433 0.20581 4 1 0
494.611 0.334438 0.2058 4 1 0
494.711 0.334445 0.205791 4 1 0
494.811 0.334451 0.205781 4 1 0
494.911 0.334457 0.205772 4 1 0
495.011 0.334464 0.205762 4 1 0
495.111 0.33447 0.205753 4 1 0
495.211 0.334476 0.205743 4 1 0
495.311 0.334483 0.205734 4 1 0
495.411 0.334489 0.205724 4 1 0
495.511 0.334495 0.205715 4 1 0
495.611 0.334501 0.205705 4 1 0
495.711 0.334508 0.205696 4 1 0
495.811 0.334514 0.205686 4 1 0
495.911 0.33452 0.205677 4 1 0
496.011 0.334527 0.205667 4 1 0
496.111 0.334532 0.205658 4 1 0
496.211 0.334539 0.205648 4 1 0
496.311 0.334545 0.205639 4 1 0
496.411 0.334551 0.205629 4 1 0
496.511 0.334558 0.20562 4 1 0
496.611 0.334564 0.20561 4 1 0
496.711 0.33457 0.205601 4 1 0
496.811 0.334576 0.205591 4 1 0
496.911 0.334583 0.205582 4 1 0
497.011 0.334589 0.205572 4 1 0
497.111 0.334595 0.205563 4 1 0
497.211 0.334602 0.205553 4 1 0
497.311 0.334607 0.205544 4 1 0
497.411 0.334614 0.205534 4 1 0
497.511 0.33462 0.205525 4 1 0
497.611 0.334626 0.205516 4 1 0
497.711 0.334632 0.205506 4 1 0
497.811 0.334639 0.205497 4 1 0
497.911 0.334644 0.205487 4 1 0
498.011 0.334651 0.205478 4 1 0
498.111 0.334657 0.205468 4 1 0
498.211 0.334663 0.205459 4 1 0
498.311 0.334669 0.20545 4 1 0
498.411 0.334676 0.20544 4 1 0
498.511 0.334681 0.205431 4 1 0
498.611 0.334688 0.205421 4 1 0
498.711 0.334694 0.205412 4 1 0
498.811 0.3347 0.205403 4 1 0
498.911 0.334706 0.205393 4 1 0
499.011 0.334713 0.205384 4 1 0
499.111 0.334718 0.205374 4 1 0
499.211 0.334725 0.205365 4 1 0
499.311 0.334731 0.205356 4 1 0
499.411 0.334737 0.205346 4 1 0
499.511 0.334743 0.205337 4 1 0
499.611 0.33475 0.205328 4 1 0
499.711 0.334755 0.205318 4 1 0
499.811 0.334762 0.205309 4 1 0
499.911 0.334768 0.205299 4 1 0
500.011 0.334774 0.20529 4 1 0
500.111 0.33478 0.205281 4 1 0
500.211 0.334786 0.205271 4 1 0
500.311 0.334792 0.205262 4 1 0
500.411 0.334798 0.205253 4 1 0
500.511 0.334805 0.205243 4 1 0
500.611 0.334811 0.205234 4 1 0
500.711 0.334819 0.205225 4 1 0
500.811 0.334826 0.205215 4 1 0
500.911 0.334834 0.205206 4 1 0
501.011 0.334841 0.205197 4 1 0
501.111 0.334848 0.205188 4 1 0
501.211 0.334857 0.205178 4 1 0
501.311 0.334864 0.205169 4 1 0
501.411 0.334871 0.20516 4 1 0
501.511 0.334879 0.20515 4 1 0
501.611 0.334887 0.205141 4 1 0
501.711 0.334894 0.205132 4 1 0
501.811 0.334902 0.205123 4 1 0
501.911 0.334909 0.205113 4 1 0
502.011 0.334916 0.205104 4 1 0
502.111 0.334925 0.205095 4 1 0
502.211 0.334932 0.205086 4 1 0
502.311 0.334939 0.205076 4 1 0
502.411 0.334947 0.205067 4 1 0
502.511 0.334954 0.205058 4 1 0
502.611 0.334962 0.205049 4 1 0
502.711 0.33497 0.205039 4 1 0
502.811 0.334977 0.20503 4 1 0
502.911 0.334984 0.205021 4 1 0
503.011 0.334992 0.205012 4 1 0
503.111 0.335 0.205002 4 1 0
503.211 0.335007 0.204993 4 1 0
503.311 0.335015 0.204984 4 1 0
503.411 0.335022 0.204975 4 1 0
503.511 0.335029 0.204966 4 1 0
503.611 0.335038 0.204957 4 1 0
503.711 0.335045 0.204947 4 1 0
503.811 0.335052 0.204938 4 1 0
503.911 0.33506 0.204929 4 1 0
504.011 0.335067 0.20492 4 1 0
504.011 0.335067 0.20492 4 1 0
504.031 0.335069 0.204918 4 1 0
504.071 0.335072 0.204914 4 1 0
504.151 0.335078 0.204907 4 1 0
504.251 0.335085 0.204898 4 1 0
504.351 0.335092 0.204889 4 1 0
504.451 0.335101 0.20488 4 1 0
504.551 0.335108 0.20487 4 1 0
504.651 0.335115 0.204861 4 1 0
504.751 0.335123 0.204852 4 1 0
504.851 0.33513 0.204843 4 1 0
504.951 0.335138 0.204834 4 1 0
505.051 0.335146 0.204825 4 1 0
505.151 0.335153 0.204816 4 1 0
505.251 0.33516 0.204807 4 1 0
505.351 0.335168 0.204798 4 1 0
505.451 0.335176 0.204788 4 1 0
505.551 0.335183 0.204779 4 1 0
505.651 0.335191 0.20477 4 1 0
505.751 0.335198 0.204761 4 1 0
505.851 0.335205 0.204752 4 1 0
505.951 0.335214 0.204743 4 1 0
506.051 0.335221 0.204734 4 1 0
506.151 0.335228 0.204725 4 1 0
506.251 0.335236 0.204716 4 1 0
506.351 0.335243 0.204707 4 1 0
506.451 0.33525 0.204698 4 1 0
506.551 0.335259 0.204689 4 1 0
506.651 0.335266 0.20468 4 1 0
506.751 0.335273 0.204671 4 1 0
506.851 0.335281 0.204662 4 1 0
506.951 0.335288 0.204653 4 1 0
507.051 0.335295 0.204644 4 1 0
507.151 0.335304 0.204635 4 1 0
507.251 0.335311 0.204626 4 1 0
507.351 0.335318 0.204617 4 1 0
507.451 0.335326 0.204609 4 1 0
507.551 0.335333 0.2046 4 1 0
507.651 0.33534 0.20459 4 1 0
507.751 0.335349 0.204582 4 1 0
507.851 0.335356 0.204573 4 1 0
507.951 0.335363 0.204564 4 1 0
508.051 0.335371 0.204555 4 1 0
508.151 0.335378 0.204546 4 1 0
508.251 0.335385 0.204537 4 1 0
508.351 0.335394 0.204529 4 1 0
508.451 0.335401 0.20452 4 1 0
508.551 0.335408 0.204511 4 1 0
508.651 0.335417 0.204503 4 1 0
508.751 0.335424 0.204494 4 1 0
508.851 0.335431 0.204484 4 1 0
508.951 0.33544 0.204476 4 1 0
509.051 0.335446 0.204467 4 1 0
509.151 0.335453 0.204458 4 1 0
509.251 0.335462 0.20445 4 1 0
509.351 0.335469 0.204441 4 1 0
509.451 0.335476 0.204432 4 1 0
509.551 0.335486 0.204425 4 1 0
509.651 0.335492 0.204416 4 1 0
509.751 0.335499 0.204407 4 1 0
509.851 0.335509 0.2044 4 1 0
509.951 0.335516 0.204391 4 1 0
510.051 0.335523 0.204382 4 1 0
510.151 0.335533 0.204375 4 1 0
510.251 0.33554 0.204366 4 1 0
510.351 0.335547 0.204357 4 1 0
510.451 0.335557 0.204352 4 1 0
510.551 0.335564 0.204343 4 1 0
510.651 0.335571 0.204334 4 1 0
510.751 0.335587 0.204324 4 1 0
510.851 0.335594 0.204315 4 1 0
510.951 0.335601 0.204306 4 1 0
511.051 0.335604 0.204303 4 1 0
511.151 0.335611 0.204294 4 1 0
511.251 0.335617 0.204285 4 1 0
511.351 0.335633 0.204265 4 1 0
511.451 0.33564 0.204256 4 1 0
511.551 0.335646 0.204247 4 1 0
511.651 0.335647 0.204247 4 1 0
511.751 0.335654 0.204238 4 1 0
511.851 0.335661 0.204229 4 1 0
511.951 0.335665 0.204222 4 1 0
512.051 0.335672 0.204213 4 1 0
512.151 0.335679 0.204204 4 1 0
512.251 0.335694 0.204186 4 1 0
512.351 0.3357 0.204177 4 1 0
512.451 0.335707 0.204168 4 1 0
512.551 0.335705 0.204168 4 1 0
512.651 0.335712 0.204159 4 1 0
512.751 0.335719 0.20415 4 1 0
512.851 0.33573 0.204138 4 1 0
512.951 0.335737 0.204129 4 1 0
513.051 0.335743 0.20412 4 1 0
513.151 0.335751 0.204113 4 1 0
513.251 0.335758 0.204104 4 1 0
513.351 0.335765 0.204095 4 1 0
513.451 0.335771 0.204087 4 1 0
513.551 0.335778 0.204078 4 1 0
513.651 0.335785 0.204069 4 1 0
513.751 0.335797 0.204052 4 1 0
513.851 0.335804 0.204043 4 1 0
513.951 0.335811 0.204034 4 1 0
514.051 0.335813 0.204033 4 1 0
514.151 0.335819 0.204024 4 1 0
514.251 0.335826 0.204015 4 1 0
514.351 0.335836 0.204002 4 1 0
514.451 0.335843 0.203993 4 1 0
514.551 0.33585 0.203984 4 1 0
514.651 0.335856 0.203977 4 1 0
514.751 0.335863 0.203968 4 1 0
514.851 0.33587 0.203959 4 1 0
514.951 0.335874 0.203953 4 1 0
515.051 0.335881 0.203944 4 1 0
515.151 0.335888 0.203935 4 1 0
515.251 0.3359 0.203918 4 1 0
515.351 0.335907 0.203909 4 1 0
515.451 0.335914 0.203901 4 1 0
515.551 0.335917 0.203898 4 1 0
515.651 0.335924 0.203889 4 1 0
515.751 0.335931 0.20388 4 1 0
515.851 0.335939 0.20387 4 1 0
515.951 0.335945 0.203861 4 1 0
516.051 0.335952 0.203852 4 1 0
516.151 0.33596 0.203843 4 1 0
516.251 0.335967 0.203834 4 1 0
516.351 0.335974 0.203825 4 1 0
516.451 0.335979 0.203818 4 1 0
516.551 0.335986 0.203809 4 1 0
516.651 0.335993 0.2038 4 1 0
516.751 0.336002 0.203788 4 1 0
516.851 0.336008 0.203779 4 1 0
516.951 0.336015 0.20377 4 1 0
517.051 0.336021 0.203764 4 1 0
517.151 0.336028 0.203755 4 1 0
517.251 0.336035 0.203746 4 1 0
517.351 0.336042 0.203736 4 1 0
517.451 0.336049 0.203728 4 1 0
517.551 0.336056 0.203719 4 1 0
517.651 0.336063 0.20371 4 1 0
517.751 0.33607 0.203701 4 1 0
517.851 0.336077 0.203692 4 1 0
517.951 0.336083 0.203684 4 1 0
518.051 0.33609 0.203675 4 1 0
518.151 0.336097 0.203666 4 1 0
518.251 0.336104 0.203656 4 1 0
518.351 0.336111 0.203647 4 1 0
518.451 0.336118 0.203638 4 1 0
518.551 0.336125 0.20363 4 1 0
518.651 0.336131 0.203621 4 1 0
518.751 0.336138 0.203612 4 1 0
518.851 0.336145 0.203603 4 1 0
518.951 0.336152 0.203594 4 1 0
519.051 0.336159 0.203586 4 1 0
519.151 0.336166 0.203576 4 1 0
519.251 0.336173 0.203568 4 1 0
519.351 0.33618 0.203559 4 1 0
519.451 0.336187 0.20355 4 1 0
519.551 0.336193 0.203541 4 1 0
519.651 0.3362 0.203532 4 1 0
519.751 0.336207 0.203523 4 1 0
519.851 0.336214 0.203514 4 1 0
519.951 0.336221 0.203506 4 1 0
520.051 0.336228 0.203497 4 1 0
520.151 0.336234 0.203488 4 1 0
520.251 0.336241 0.203479 4 1 0
520.351 0.336248 0.20347 4 1 0
520.451 0.336255 0.203461 4 1 0
520.551 0.336262 0.203452 4 1 0
520.651 0.336269 0.203443 4 1 0
520.751 0.336276 0.203435 4 1 0
520.851 0.336282 0.203426 4 1 0
520.951 0.33629 0.203417 4 1 0
521.051 0.336296 0.203408 4 1 0
521.151 0.336303 0.203399 4 1 0
521.251 0.33631 0.20339 4 1 0
521.351 0.336317 0.203382 4 1 0
521.451 0.336323 0.203373 4 1 0
521.551 0.336331 0.203363 4 1 0
521.651 0.336337 0.203355 4 1 0
521.751 0.336344 0.203346 4 1 0
521.851 0.336351 0.203337 4 1 0
521.951 0.336358 0.203328 4 1 0
522.051 0.336364 0.20332 4 1 0
522.151 0.336372 0.20331 4 1 0
522.251 0.336378 0.203302 4 1 0
522.351 0.336385 0.203293 4 1 0
522.451 0.336392 0.203284 4 1 0
522.551 0.336399 0.203275 4 1 0
522.651 0.336406 0.203267 4 1 0
522.751 0.336413 0.203257 4 1 0
522.851 0.336419 0.203248 4 1 0
522.951 0.336426 0.20324 4 1 0
523.051 0.336433 0.203231 4 1 0
523.151 0.33644 0.203222 4 1 0
523.251 0.336447 0.203213 4 1 0
523.351 0.336454 0.203204 4 1 0
523.451 0.33646 0.203195 4 1 0
523.551 0.336467 0.203187 4 1 0
523.651 0.336474 0.203178 4 1 0
523.751 0.336481 0.203169 4 1 0
523.751 0.336481 0.203169 4 1 0
523.771 0.336482 0.203167 4 1 0
523.811 0.336485 0.203164 4 1 0
523.891 0.336491 0.203156 4 1 0
523.991 0.336497 0.203147 4 1 0
524.091 0.336504 0.203139 4 1 0
524.191 0.336511 0.20313 4 1 0
524.291 0.336518 0.203121 4 1 0
524.391 0.336524 0.203113 4 1 0
524.491 0.336532 0.203103 4 1 0
524.591 0.336538 0.203094 4 1 0
524.691 0.336545 0.203086 4 1 0
524.791 0.336552 0.203077 4 1 0
524.891 0.336559 0.203068 4 1 0
524.991 0.336565 0.20306 4 1 0
525.091 0.336573 0.20305 4 1 0
525.191 0.336579 0.203041 4 1 0
525.291 0.336586 0.203033 4 1 0
525.391 0.336593 0.203024 4 1 0
525.491 0.3366 0.203015 4 1 0
525.591 0.336606 0.203006 4 1 0
525.691 0.336614 0.202997 4 1 0
525.791 0.33662 0.202988 4 1 0
525.891 0.336627 0.20298 4 1 0
525.991 0.336634 0.202971 4 1 0
526.091 0.336641 0.202962 4 1 0
526.191 0.336648 0.202953 4 1 0
526.291 0.336655 0.202944 4 1 0
526.391 0.336661 0.202935 4 1 0
526.491 0.336668 0.202926 4 1 0
526.591 0.336676 0.202917 4 1 0
526.691 0.336682 0.202909 4 1 0
526.791 0.336689 0.2029 4 1 0
526.891 0.336696 0.20289 4 1 0
526.991 0.336703 0.202882 4 1 0
527.091 0.336709 0.202873 4 1 0
527.191 0.336717 0.202864 4 1 0
527.291 0.336723 0.202856 4 1 0
527.391 0.33673 0.202847 4 1 0
527.491 0.336737 0.202837 4 1 0
527.591 0.336744 0.202829 4 1 0
527.691 0.33675 0.20282 4 1 0
527.791 0.336758 0.202811 4 1 0
527.891 0.336765 0.202802 4 1 0
527.991 0.336771 0.202794 4 1 0
528.091 0.336779 0.202784 4 1 0
528.191 0.336785 0.202775 4 1 0
528.291 0.336792 0.202767 4 1 0
528.391 0.336799 0.202758 4 1 0
528.491 0.336806 0.202749 4 1 0
528.591 0.336813 0.202741 4 1 0
528.691 0.33682 0.202731 4 1 0
528.791 0.336827 0.202722 4 1 0
528.891 0.336833 0.202714 4 1 0
528.991 0.336841 0.202705 4 1 0
529.091 0.336848 0.202696 4 1 0
529.191 0.336854 0.202688 4 1 0
529.291 0.336862 0.202678 4 1 0
529.391 0.336868 0.202669 4 1 0
529.491 0.336875 0.202661 4 1 0
529.591 0.336883 0.202652 4 1 0
529.691 0.33689 0.202643 4 1 0
529.791 0.336896 0.202635 4 1 0
529.891 0.336904 0.202626 4 1 0
529.991 0.33691 0.202617 4 1 0
530.091 0.336917 0.202609 4 1 0
530.191 0.336925 0.2026 4 1 0
530.291 0.336932 0.202592 4 1 0
530.391 0.336938 0.202583 4 1 0
530.491 0.336946 0.202576 4 1 0
530.591 0.336952 0.202568 4 1 0
530.691 0.336959 0.202559 4 1 0
530.791 0.336967 0.202553 4 1 0
530.891 0.336973 0.202545 4 1 0
530.991 0.33698 0.202536 4 1 0
531.091 0.336986 0.202539 4 1 0
531.191 0.336992 0.20253 4 1 0
531.291 0.336998 0.202521 4 1 0
531.391 0.337003 0.202514 4 1 0
531.491 0.33701 0.202505 4 1 0
531.591 0.337016 0.202496 4 1 0
531.691 0.337023 0.202487 4 1 0
531.791 0.337029 0.202478 4 1 0
531.891 0.337036 0.202469 4 1 0
531.991 0.337042 0.202463 4 1 0
532.091 0.337048 0.202454 4 1 0
532.191 0.337055 0.202445 4 1 0
532.291 0.337061 0.202437 4 1 0
532.391 0.337068 0.202429 4 1 0
532.491 0.337074 0.20242 4 1 0
532.591 0.33708 0.202412 4 1 0
532.691 0.337087 0.202403 4 1 0
532.791 0.337093 0.202394 4 1 0
532.891 0.3371 0.202387 4 1 0
532.991 0.337106 0.202378 4 1 0
533.091 0.337113 0.202369 4 1 0
533.191 0.337119 0.202361 4 1 0
533.291 0.337125 0.202353 4 1 0
533.391 0.337132 0.202344 4 1 0
533.491 0.337138 0.202336 4 1 0
533.591 0.337144 0.202328 4 1 0
533.691 0.337151 0.202319 4 1 0
533.791 0.337157 0.202311 4 1 0
533.891 0.337163 0.202302 4 1 0
533.991 0.33717 0.202293 4 1 0
534.091 0.337176 0.202286 4 1 0
534.191 0.337183 0.202277 4 1 0
534.291 0.337189 0.202268 4 1 0
534.391 0.337195 0.202261 4 1 0
534.491 0.337202 0.202252 4 1 0
534.591 0.337208 0.202243 4 1 0
534.691 0.337214 0.202236 4 1 0
534.791 0.337221 0.202227 4 1 0
534.891 0.337227 0.202218 4 1 0
534.991 0.337233 0.202211 4 1 0
535.091 0.33724 0.202202 4 1 0
535.191 0.337246 0.202193 4 1 0
535.291 0.337252 0.202186 4 1 0
535.391 0.337259 0.202177 4 1 0
535.491 0.337265 0.202168 4 1 0
535.591 0.337271 0.20216 4 1 0
535.691 0.337278 0.202152 4 1 0
535.791 0.337284 0.202143 4 1 0
535.891 0.337291 0.202136 4 1 0
535.991 0.337297 0.202127 4 1 0
536.091 0.337303 0.202118 4 1 0
536.191 0.337309 0.202111 4 1 0
536.291 0.337316 0.202102 4 1 0
536.391 0.337322 0.202093 4 1 0
536.491 0.337328 0.202086 4 1 0
536.591 0.337335 0.202077 4 1 0
536.691 0.337341 0.202068 4 1 0
536.791 0.337347 0.202061 4 1 0
536.891 0.337354 0.202052 4 1 0
536.991 0.33736 0.202043 4 1 0
537.091 0.337366 0.202036 4 1 0
537.191 0.337373 0.202027 4 1 0
537.291 0.337379 0.202019 4 1 0
537.391 0.337385 0.202011 4 1 0
537.491 0.337392 0.202002 4 1 0
537.591 0.337398 0.201994 4 1 0
537.691 0.337404 0.201986 4 1 0
537.791 0.337411 0.201978 4 1 0
537.891 0.337417 0.201969 4 1 0
537.991 0.337423 0.201962 4 1 0
538.091 0.337429 0.201953 4 1 0
538.191 0.337436 0.201944 4 1 0
538.291 0.337442 0.201937 4 1 0
538.391 0.337448 0.201928 4 1 0
538.491 0.337455 0.20192 4 1 0
538.591 0.337461 0.201912 4 1 0
538.691 0.337467 0.201903 4 1 0
538.791 0.337474 0.201895 4 1 0
538.891 0.33748 0.201888 4 1 0
538.991 0.337486 0.201879 4 1 0
539.091 0.337492 0.20187 4 1 0
539.191 0.337499 0.201863 4 1 0
539.291 0.337505 0.201854 4 1 0
539.391 0.337511 0.201846 4 1 0
539.491 0.337517 0.201838 4 1 0
539.591 0.337524 0.20183 4 1 0
539.691 0.33753 0.201821 4 1 0
539.791 0.337536 0.201814 4 1 0
539.891 0.337542 0.201805 4 1 0
539.991 0.337549 0.201796 4 1 0
540.091 0.337555 0.201789 4 1 0
540.191 0.337561 0.201781 4 1 0
540.291 0.337568 0.201772 4 1 0
540.391 0.337574 0.201765 4 1 0
540.491 0.33758 0.201756 4 1 0
540.591 0.337586 0.201748 4 1 0
540.691 0.337592 0.201741 4 1 0
540.791 0.337599 0.201732 4 1 0
540.891 0.337605 0.201723 4 1 0
540.991 0.337611 0.201716 4 1 0
541.091 0.337617 0.201707 4 1 0
541.191 0.337624 0.201699 4 1 0
541.291 0.33763 0.201692 4 1 0
541.391 0.337636 0.201683 4 1 0
541.491 0.337642 0.201675 4 1 0
541.591 0.337648 0.201667 4 1 0
541.691 0.337655 0.201659 4 1 0
541.791 0.337661 0.20165 4 1 0
541.891 0.337667 0.201643 4 1 0
541.991 0.337673 0.201635 4 1 0
542.091 0.33768 0.201626 4 1 0
542.191 0.337686 0.201619 4 1 0
542.291 0.337692 0.20161 4 1 0
542.391 0.337698 0.201602 4 1 0
542.491 0.337704 0.201595 4 1 0
542.591 0.337711 0.201586 4 1 0
542.691 0.337717 0.201578 4 1 0
542.791 0.337723 0.201571 4 1 0
542.891 0.337729 0.201562 4 1 0
542.991 0.337735 0.201553 4 1 0
543.091 0.337742 0.201547 4 1 0
543.191 0.337748 0.201538 4 1 0
543.291 0.337754 0.20153 4 1 0
543.391 0.33776 0.201523 4 1 0
543.491 0.337766 0.201514 4 1 0
543.491 0.337766 0.201514 4 1 0
543.511 0.337768 0.201512 4 1 0
543.541 0.33777 0.201509 4 1 0
543.601 0.337773 0.201506 4 1 0
543.691 0.337779 0.201499 4 1 0
543.791 0.337785 0.20149 4 1 0
543.891 0.337791 0.201482 4 1 0
543.991 0.337797 0.201474 4 1 0
544.091 0.337803 0.201465 4 1 0
544.191 0.337809 0.201459 4 1 0
544.291 0.337816 0.20145 4 1 0
544.391 0.337822 0.201442 4 1 0
544.491 0.337828 0.201435 4 1 0
544.591 0.337834 0.201426 4 1 0
544.691 0.33784 0.201417 4 1 0
544.791 0.337846 0.201411 4 1 0
544.891 0.337853 0.201403 4 1 0
544.991 0.337859 0.201394 4 1 0
545.091 0.337865 0.201387 4 1 0
545.191 0.337871 0.201378 4 1 0
545.291 0.337877 0.20137 4 1 0
545.391 0.337883 0.201364 4 1 0
545.491 0.337889 0.201355 4 1 0
545.591 0.337896 0.201346 4 1 0
545.691 0.337901 0.20134 4 1 0
545.791 0.337908 0.201331 4 1 0
545.891 0.337914 0.201323 4 1 0
545.991 0.33792 0.201317 4 1 0
546.091 0.337926 0.201308 4 1 0
546.191 0.337932 0.201299 4 1 0
546.291 0.337938 0.201293 4 1 0
546.391 0.337944 0.201284 4 1 0
546.491 0.33795 0.201275 4 1 0
546.591 0.337956 0.20127 4 1 0
546.691 0.337962 0.201261 4 1 0
546.791 0.337969 0.201252 4 1 0
546.891 0.337974 0.201246 4 1 0
546.991 0.33798 0.201237 4 1 0
547.091 0.337987 0.201229 4 1 0
547.191 0.337992 0.201223 4 1 0
547.291 0.337999 0.201214 4 1 0
547.391 0.338005 0.201206 4 1 0
547.491 0.33801 0.201199 4 1 0
547.591 0.338017 0.201191 4 1 0
547.691 0.338023 0.201182 4 1 0
547.791 0.338029 0.201176 4 1 0
547.891 0.338035 0.201168 4 1 0
547.991 0.338041 0.201159 4 1 0
548.091 0.338047 0.201153 4 1 0
548.191 0.338053 0.201144 4 1 0
548.291 0.338059 0.201136 4 1 0
548.391 0.338065 0.20113 4 1 0
548.491 0.338071 0.201122 4 1 0
548.591 0.338077 0.201113 4 1 0
548.691 0.338082 0.201107 4 1 0
548.791 0.338089 0.201098 4 1 0
548.891 0.338095 0.20109 4 1 0
548.991 0.3381 0.201085 4 1 0
549.091 0.338107 0.201076 4 1 0
549.191 0.338113 0.201067 4 1 0
549.291 0.338118 0.20106 4 1 0
549.391 0.338124 0.201053 4 1 0
549.491 0.338131 0.201044 4 1 0
549.591 0.338136 0.201034 4 1 0
549.691 0.338142 0.201027 4 1 0
549.791 0.338148 0.20102 4 1 0
549.891 0.338154 0.20101 4 1 0
549.991 0.33816 0.201002 4 1 0
550.091 0.338166 0.200995 4 1 0
550.191 0.338172 0.200984 4 1 0
550.291 0.338178 0.200976 4 1 0
550.391 0.338184 0.200969 4 1 0
550.491 0.338189 0.200959 4 1 0
550.591 0.338195 0.200952 4 1 0
550.691 0.338201 0.200944 4 1 0
550.791 0.338207 0.200933 4 1 0
550.891 0.338213 0.200926 4 1 0
550.991 0.338219 0.200918 4 1 0
551.091 0.338224 0.200909 4 1 0
551.191 0.33823 0.200901 4 1 0
551.291 0.338237 0.200894 4 1 0
551.391 0.338242 0.200882 4 1 0
551.491 0.338248 0.200875 4 1 0
551.591 0.338254 0.200868 4 1 0
551.691 0.338259 0.200858 4 1 0
551.791 0.338265 0.200851 4 1 0
551.891 0.338271 0.200843 4 1 0
551.991 0.338276 0.200832 4 1 0
552.091 0.338283 0.200825 4 1 0
552.191 0.338289 0.200817 4 1 0
552.291 0.338294 0.200808 4 1 0
552.391 0.3383 0.2008 4 1 0
552.491 0.338306 0.200793 4 1 0
552.591 0.338311 0.200781 4 1 0
552.691 0.338317 0.200774 4 1 0
552.791 0.338323 0.200767 4 1 0
552.891 0.338328 0.200757 4 1 0
552.991 0.338334 0.20075 4 1 0
553.091 0.33834 0.200742 4 1 0
553.191 0.338345 0.200731 4 1 0
553.291 0.338351 0.200723 4 1 0
553.391 0.338357 0.200716 4 1 0
553.491 0.338362 0.200707 4 1 0
553.591 0.338368 0.2007 4 1 0
553.691 0.338374 0.200692 4 1 0
553.791 0.338379 0.20068 4 1 0
553.891 0.338385 0.200673 4 1 0
553.991 0.338391 0.200666 4 1 0
554.091 0.338395 0.200657 4 1 0
554.191 0.338401 0.20065 4 1 0
554.291 0.338408 0.200642 4 1 0
554.391 0.338412 0.20063 4 1 0
554.491 0.338418 0.200623 4 1 0
554.591 0.338424 0.200615 4 1 0
554.691 0.338429 0.200607 4 1 0
554.791 0.338435 0.2006 4 1 0
554.891 0.338441 0.200592 4 1 0
554.991 0.338445 0.200579 4 1 0
555.091 0.338451 0.200572 4 1 0
555.191 0.338457 0.200564 4 1 0
555.291 0.338461 0.200557 4 1 0
555.391 0.338467 0.20055 4 1 0
555.491 0.338473 0.200543 4 1 0
555.591 0.338475 0.200527 4 1 0
555.691 0.338481 0.200519 4 1 0
555.791 0.338487 0.200511 4 1 0
555.891 0.338491 0.200507 4 1 0
555.991 0.338497 0.2005 4 1 0
556.091 0.338503 0.200492 4 1 0
556.191 0.338492 0.200468 4 1 0
556.291 0.338498 0.20046 4 1 0
556.391 0.338504 0.200452 4 1 0
556.491 0.338484 0.200447 4 1 0
556.591 0.33849 0.20044 4 1 0
556.691 0.338496 0.200432 4 1 0
556.791 0.33858 0.200437 4 1 0
556.891 0.338586 0.200429 4 1 0
556.991 0.338592 0.20042 4 1 0
557.091 0.3386 0.20043 4 1 0
557.191 0.338606 0.200421 4 1 0
557.291 0.338612 0.200413 4 1 0
557.391 0.338616 0.200409 4 1 0
557.491 0.338622 0.2004 4 1 0
557.591 0.338628 0.200392 4 1 0
557.691 0.338624 0.20037 4 1 0
557.791 0.33863 0.200362 4 1 0
557.891 0.338636 0.200355 4 1 0
557.991 0.338622 0.200337 4 1 0
558.091 0.338628 0.200329 4 1 0
558.191 0.338634 0.200322 4 1 0
558.291 0.338628 0.20031 4 1 0
558.391 0.338634 0.200302 4 1 0
558.491 0.33864 0.200295 4 1 0
558.591 0.338625 0.20028 4 1 0
558.691 0.338632 0.200273 4 1 0
558.791 0.338638 0.200265 4 1 0
558.891 0.338634 0.20026 4 1 0
558.991 0.33864 0.200252 4 1 0
559.091 0.338646 0.200245 4 1 0
559.191 0.338684 0.200253 4 1 0
559.291 0.33869 0.200245 4 1 0
559.391 0.338696 0.200238 4 1 0
559.491 0.338723 0.200239 4 1 0
559.591 0.338729 0.200232 4 1 0
559.691 0.338735 0.200225 4 1 0
559.791 0.338744 0.200213 4 1 0
559.891 0.33875 0.200206 4 1 0
559.991 0.338756 0.200199 4 1 0
560.091 0.338757 0.200179 4 1 0
560.191 0.338763 0.200172 4 1 0
560.291 0.338769 0.200165 4 1 0
560.391 0.33875 0.200139 4 1 0
560.491 0.338756 0.200131 4 1 0
560.591 0.338762 0.200124 4 1 0
560.691 0.338733 0.200117 4 1 0
560.791 0.33874 0.200109 4 1 0
560.891 0.338746 0.200102 4 1 0
560.991 0.338793 0.20012 4 1 0
561.091 0.338799 0.200113 4 1 0
561.191 0.338805 0.200106 4 1 0
561.291 0.338834 0.200102 4 1 0
561.391 0.33884 0.200095 4 1 0
561.491 0.338846 0.200088 4 1 0
561.591 0.338859 0.200086 4 1 0
561.691 0.338866 0.200079 4 1 0
561.791 0.338872 0.200072 4 1 0
561.891 0.33888 0.200063 4 1 0
561.991 0.338886 0.200056 4 1 0
562.091 0.338892 0.200049 4 1 0
562.191 0.338898 0.200039 4 1 0
562.291 0.338904 0.200032 4 1 0
562.391 0.33891 0.200025 4 1 0
562.491 0.338915 0.200015 4 1 0
562.591 0.338921 0.200008 4 1 0
562.691 0.338927 0.200001 4 1 0
562.791 0.338933 0.199993 4 1 0
562.891 0.338939 0.199986 4 1 0
562.991 0.338945 0.199979 4 1 0
563.091 0.338952 0.199971 4 1 0
563.191 0.338958 0.199964 4 1 0
563.191 0.338958 0.199964 4 1 0
563.211 0.338959 0.199964 4 1 0
563.241 0.338961 0.199961 4 1 0
563.301 0.338967 0.199954 4 1 0
563.391 0.338972 0.199947 4 1 0
563.491 0.338978 0.199938 4 1 0
563.591 0.338986 0.199929 4 1 0
563.691 0.338992 0.199921 4 1 0
563.791 0.338998 0.199912 4 1 0
563.891 0.339005 0.199904 4 1 0
563.991 0.339011 0.199896 4 1 0
564.091 0.339017 0.199888 4 1 0
564.191 0.339024 0.199878 4 1 0
564.291 0.33903 0.19987 4 1 0
564.391 0.339036 0.199861 4 1 0
564.491 0.339043 0.199854 4 1 0
564.591 0.339049 0.199846 4 1 0
564.691 0.339055 0.199838 4 1 0
564.791 0.339061 0.19983 4 1 0
564.891 0.339067 0.199821 4 1 0
564.991 0.339073 0.199813 4 1 0
565.091 0.33908 0.199804 4 1 0
565.191 0.339086 0.199796 4 1 0
565.291 0.339092 0.199788 4 1 0
565.391 0.339098 0.199781 4 1 0
565.491 0.339104 0.199773 4 1 0
565.591 0.33911 0.199765 4 1 0
565.691 0.339117 0.199757 4 1 0
565.791 0.339123 0.199749 4 1 0
565.891 0.339129 0.199741 4 1 0
565.991 0.339135 0.199732 4 1 0
566.091 0.339141 0.199724 4 1 0
566.191 0.339147 0.199716 4 1 0
566.291 0.339153 0.199709 4 1 0
566.391 0.339159 0.199701 4 1 0
566.491 0.339165 0.199693 4 1 0
566.591 0.339172 0.199685 4 1 0
566.691 0.339178 0.199677 4 1 0
566.791 0.339184 0.199669 4 1 0
566.891 0.33919 0.199662 4 1 0
566.991 0.339196 0.199654 4 1 0
567.091 0.339202 0.199646 4 1 0
567.191 0.339208 0.199638 4 1 0
567.291 0.339214 0.19963 4 1 0
567.391 0.33922 0.199622 4 1 0
567.491 0.339226 0.199615 4 1 0
567.591 0.339232 0.199607 4 1 0
567.691 0.339238 0.199599 4 1 0
567.791 0.339244 0.199591 4 1 0
567.891 0.33925 0.199583 4 1 0
567.991 0.339256 0.199575 4 1 0
568.091 0.339262 0.199569 4 1 0
568.191 0.339268 0.19956 4 1 0
568.291 0.339274 0.199552 4 1 0
568.391 0.33928 0.199545 4 1 0
568.491 0.339286 0.199537 4 1 0
568.591 0.339292 0.199529 4 1 0
568.691 0.339298 0.199522 4 1 0
568.791 0.339304 0.199514 4 1 0
568.891 0.33931 0.199506 4 1 0
568.991 0.339316 0.199499 4 1 0
569.091 0.339322 0.19949 4 1 0
569.191 0.339328 0.199482 4 1 0
569.291 0.339334 0.199476 4 1 0
569.391 0.33934 0.199468 4 1 0
569.491 0.339346 0.19946 4 1 0
569.591 0.339352 0.199452 4 1 0
569.691 0.339358 0.199444 4 1 0
569.791 0.339364 0.199436 4 1 0
569.891 0.339369 0.19943 4 1 0
569.991 0.339375 0.199422 4 1 0
570.091 0.339381 0.199413 4 1 0
570.191 0.339387 0.199406 4 1 0
570.291 0.339393 0.199398 4 1 0
570.391 0.339399 0.19939 4 1 0
570.491 0.339405 0.199384 4 1 0
570.591 0.339411 0.199376 4 1 0
570.691 0.339417 0.199368 4 1 0
570.791 0.339423 0.19936 4 1 0
570.891 0.339429 0.199352 4 1 0
570.991 0.339435 0.199344 4 1 0
571.091 0.339441 0.199338 4 1 0
571.191 0.339447 0.19933 4 1 0
571.291 0.339453 0.199322 4 1 0
571.391 0.339459 0.199315 4 1 0
571.491 0.339464 0.199307 4 1 0
571.591 0.33947 0.199299 4 1 0
571.691 0.339476 0.199292 4 1 0
571.791 0.339482 0.199284 4 1 0
571.891 0.339488 0.199276 4 1 0
571.991 0.339494 0.199269 4 1 0
572.091 0.3395 0.199261 4 1 0
572.191 0.339506 0.199253 4 1 0
572.291 0.339512 0.199246 4 1 0
572.391 0.339518 0.199238 4 1 0
572.491 0.339524 0.19923 4 1 0
572.591 0.33953 0.199223 4 1 0
572.691 0.339535 0.199215 4 1 0
572.791 0.339541 0.199207 4 1 0
572.891 0.339547 0.199201 4 1 0
572.991 0.339553 0.199193 4 1 0
573.091 0.339559 0.199185 4 1 0
573.191 0.339565 0.199178 4 1 0
573.291 0.339571 0.19917 4 1 0
573.391 0.339577 0.199162 4 1 0
573.491 0.339583 0.199155 4 1 0
573.591 0.339589 0.199148 4 1 0
573.691 0.339594 0.19914 4 1 0
573.791 0.3396 0.199133 4 1 0
573.891 0.339606 0.199125 4 1 0
573.991 0.339612 0.199117 4 1 0
574.091 0.339618 0.19911 4 1 0
574.191 0.339624 0.199102 4 1 0
574.291 0.33963 0.199094 4 1 0
574.391 0.339636 0.199087 4 1 0
574.491 0.339642 0.199079 4 1 0
574.591 0.339647 0.199071 4 1 0
574.691 0.339653 0.199065 4 1 0
574.791 0.339659 0.199057 4 1 0
574.891 0.339665 0.199049 4 1 0
574.991 0.339671 0.199042 4 1 0
575.091 0.339677 0.199034 4 1 0
575.191 0.339683 0.199026 4 1 0
575.291 0.339688 0.19902 4 1 0
575.391 0.339694 0.199012 4 1 0
575.491 0.3397 0.199004 4 1 0
575.591 0.339706 0.198997 4 1 0
575.691 0.339712 0.198989 4 1 0
575.791 0.339718 0.198981 4 1 0
575.891 0.339724 0.198975 4 1 0
575.991 0.33973 0.198967 4 1 0
576.091 0.339735 0.198959 4 1 0
576.191 0.339741 0.198952 4 1 0
576.291 0.339747 0.198944 4 1 0
576.391 0.339753 0.198936 4 1 0
576.491 0.339759 0.19893 4 1 0
576.591 0.339765 0.198922 4 1 0
576.691 0.339771 0.198914 4 1 0
576.791 0.339776 0.198907 4 1 0
576.891 0.339782 0.198899 4 1 0
576.991 0.339788 0.198892 4 1 0
577.091 0.339794 0.198885 4 1 0
577.191 0.3398 0.198877 4 1 0
577.291 0.339806 0.198869 4 1 0
577.391 0.339811 0.198863 4 1 0
577.491 0.339817 0.198855 4 1 0
577.591 0.339823 0.198847 4 1 0
577.691 0.339829 0.19884 4 1 0
577.791 0.339835 0.198833 4 1 0
577.891 0.339841 0.198825 4 1 0
577.991 0.339846 0.198818 4 1 0
578.091 0.339852 0.19881 4 1 0
578.191 0.339858 0.198802 4 1 0
578.291 0.339864 0.198796 4 1 0
578.391 0.33987 0.198788 4 1 0
578.491 0.339876 0.19878 4 1 0
578.591 0.339881 0.198773 4 1 0
578.691 0.339887 0.198766 4 1 0
578.791 0.339893 0.198758 4 1 0
578.891 0.339899 0.198751 4 1 0
578.991 0.339905 0.198743 4 1 0
579.091 0.33991 0.198736 4 1 0
579.191 0.339916 0.198729 4 1 0
579.291 0.339922 0.198721 4 1 0
579.391 0.339928 0.198713 4 1 0
579.491 0.339934 0.198707 4 1 0
579.591 0.339939 0.198699 4 1 0
579.691 0.339945 0.198691 4 1 0
579.791 0.339951 0.198684 4 1 0
579.891 0.339957 0.198677 4 1 0
579.991 0.339963 0.198669 4 1 0
580.091 0.339968 0.198663 4 1 0
580.191 0.339974 0.198655 4 1 0
580.291 0.33998 0.198647 4 1 0
580.391 0.339986 0.19864 4 1 0
580.491 0.339992 0.198632 4 1 0
580.591 0.339998 0.198625 4 1 0
580.691 0.340003 0.198618 4 1 0
580.791 0.340009 0.19861 4 1 0
580.891 0.340015 0.198603 4 1 0
580.991 0.340021 0.198596 4 1 0
581.091 0.340027 0.198588 4 1 0
581.191 0.340032 0.19858 4 1 0
581.291 0.340038 0.198574 4 1 0
581.391 0.340044 0.198566 4 1 0
581.491 0.34005 0.198558 4 1 0
581.591 0.340055 0.198552 4 1 0
581.691 0.340061 0.198544 4 1 0
581.791 0.340067 0.198536 4 1 0
581.891 0.340073 0.19853 4 1 0
581.991 0.340079 0.198522 4 1 0
582.091 0.340084 0.198514 4 1 0
582.191 0.34009 0.198508 4 1 0
582.291 0.340096 0.1985 4 1 0
582.391 0.340102 0.198492 4 1 0
582.491 0.340107 0.198486 4 1 0
582.591 0.340113 0.198478 4 1 0
582.691 0.340119 0.19847 4 1 0
582.791 0.340125 0.198464 4 1 0
582.891 0.340131 0.198456 4 1 0
582.891 0.340131 0.198456 4 1 0
582.911 0.340132 0.198454 4 1 0
582.941 0.340134 0.198451 4 1 0
582.986 0.340136 0.198451 4 1 0
583.076 0.340141 0.198443 4 1 0
583.176 0.340147 0.198436 4 1 0
583.276 0.340153 0.198428 4 1 0
583.376 0.340159 0.19842 4 1 0
583.476 0.340165 0.198412 4 1 0
583.576 0.34017 0.198407 4 1 0
583.676 0.340176 0.198399 4 1 0
583.776 0.340182 0.198391 4 1 0
583.876 0.340187 0.198385 4 1 0
583.976 0.340193 0.198377 4 1 0
584.076 0.340199 0.198369 4 1 0
584.176 0.340205 0.198363 4 1 0
584.276 0.340211 0.198355 4 1 0
584.376 0.340216 0.198347 4 1 0
584.476 0.340222 0.198341 4 1 0
584.576 0.340228 0.198333 4 1 0
584.676 0.340234 0.198325 4 1 0
584.776 0.340239 0.198319 4 1 0
584.876 0.340245 0.198311 4 1 0
584.976 0.340251 0.198304 4 1 0
585.076 0.340257 0.198297 4 1 0
585.176 0.340262 0.198289 4 1 0
585.276 0.340268 0.198282 4 1 0
585.376 0.340274 0.198275 4 1 0
585.476 0.34028 0.198268 4 1 0
585.576 0.340285 0.19826 4 1 0
585.676 0.340291 0.198253 4 1 0
585.776 0.340297 0.198246 4 1 0
585.876 0.340302 0.198238 4 1 0
585.976 0.340308 0.198232 4 1 0
586.076 0.340314 0.198224 4 1 0
586.176 0.34032 0.198217 4 1 0
586.276 0.340325 0.19821 4 1 0
586.376 0.340331 0.198202 4 1 0
586.476 0.340337 0.198195 4 1 0
586.576 0.340342 0.198188 4 1 0
586.676 0.340348 0.198181 4 1 0
586.776 0.340354 0.198173 4 1 0
586.876 0.34036 0.198167 4 1 0
586.976 0.340365 0.198159 4 1 0
587.076 0.340371 0.198151 4 1 0
587.176 0.340377 0.198145 4 1 0
587.276 0.340383 0.198137 4 1 0
587.376 0.340388 0.19813 4 1 0
587.476 0.340394 0.198123 4 1 0
587.576 0.3404 0.198116 4 1 0
587.676 0.340405 0.198108 4 1 0
587.776 0.340411 0.198102 4 1 0
587.876 0.340417 0.198094 4 1 0
587.976 0.340423 0.198086 4 1 0
588.076 0.340428 0.19808 4 1 0
588.176 0.340434 0.198072 4 1 0
588.276 0.34044 0.198065 4 1 0
588.376 0.340445 0.198059 4 1 0
588.476 0.340451 0.198051 4 1 0
588.576 0.340457 0.198043 4 1 0
588.676 0.340462 0.198037 4 1 0
588.776 0.340468 0.198029 4 1 0
588.876 0.340474 0.198022 4 1 0
588.976 0.34048 0.198015 4 1 0
589.076 0.340485 0.198008 4 1 0
589.176 0.340491 0.198 4 1 0
589.276 0.340497 0.197994 4 1 0
589.376 0.340502 0.197986 4 1 0
589.476 0.340508 0.197978 4 1 0
589.576 0.340514 0.197972 4 1 0
589.676 0.340519 0.197965 4 1 0
589.776 0.340525 0.197957 4 1 0
589.876 0.340531 0.197951 4 1 0
589.976 0.340536 0.197943 4 1 0
590.076 0.340542 0.197935 4 1 0
590.176 0.340548 0.197929 4 1 0
590.276 0.340554 0.197922 4 1 0
590.376 0.340559 0.197914 4 1 0
590.476 0.340565 0.197908 4 1 0
590.576 0.340571 0.1979 4 1 0
590.676 0.340576 0.197893 4 1 0
590.776 0.340582 0.197886 4 1 0
590.876 0.340588 0.197879 4 1 0
590.976 0.340593 0.197871 4 1 0
591.076 0.340599 0.197865 4 1 0
591.176 0.340605 0.197857 4 1 0
591.276 0.34061 0.19785 4 1 0
591.376 0.340616 0.197844 4 1 0
591.476 0.340622 0.197836 4 1 0
591.576 0.340627 0.197828 4 1 0
591.676 0.340633 0.197822 4 1 0
591.776 0.340639 0.197815 4 1 0
591.876 0.340644 0.197807 4 1 0
591.976 0.34065 0.197801 4 1 0
592.076 0.340656 0.197793 4 1 0
592.176 0.340661 0.197786 4 1 0
592.276 0.340667 0.197779 4 1 0
592.376 0.340673 0.197772 4 1 0
592.476 0.340678 0.197764 4 1 0
592.576 0.340684 0.197758 4 1 0
592.676 0.34069 0.197751 4 1 0
592.776 0.340695 0.197743 4 1 0
592.876 0.340701 0.197737 4 1 0
592.976 0.340706 0.197729 4 1 0
593.076 0.340712 0.197722 4 1 0
593.176 0.340718 0.197716 4 1 0
593.276 0.340723 0.197708 4 1 0
593.376 0.340729 0.197701 4 1 0
593.476 0.340735 0.197694 4 1 0
593.576 0.34074 0.197687 4 1 0
593.676 0.340746 0.197679 4 1 0
593.776 0.340752 0.197673 4 1 0
593.876 0.340757 0.197666 4 1 0
593.976 0.340763 0.197658 4 1 0
594.076 0.340769 0.197652 4 1 0
594.176 0.340774 0.197644 4 1 0
594.276 0.34078 0.197637 4 1 0
594.376 0.340785 0.197631 4 1 0
594.476 0.340791 0.197623 4 1 0
594.576 0.340797 0.197616 4 1 0
594.676 0.340802 0.197609 4 1 0
594.776 0.340808 0.197602 4 1 0
594.876 0.340814 0.197594 4 1 0
594.976 0.340819 0.197588 4 1 0
595.076 0.340825 0.197581 4 1 0
595.176 0.340831 0.197573 4 1 0
595.276 0.340836 0.197567 4 1 0
595.376 0.340842 0.197559 4 1 0
595.476 0.340847 0.197552 4 1 0
595.576 0.340853 0.197546 4 1 0
595.676 0.340859 0.197539 4 1 0
595.776 0.340864 0.197531 4 1 0
595.876 0.34087 0.197525 4 1 0
595.976 0.340875 0.197517 4 1 0
596.076 0.340881 0.19751 4 1 0
596.176 0.340887 0.197504 4 1 0
596.276 0.340892 0.197496 4 1 0
596.376 0.340898 0.197489 4 1 0
596.476 0.340903 0.197483 4 1 0
596.576 0.340909 0.197475 4 1 0
596.676 0.340915 0.197468 4 1 0
596.776 0.34092 0.197462 4 1 0
596.876 0.340926 0.197454 4 1 0
596.976 0.340932 0.197447 4 1 0
597.076 0.340937 0.19744 4 1 0
597.176 0.340943 0.197433 4 1 0
597.276 0.340948 0.197426 4 1 0
597.376 0.340954 0.19742 4 1 0
597.476 0.34096 0.197412 4 1 0
597.576 0.340965 0.197405 4 1 0
597.676 0.340971 0.197398 4 1 0
597.776 0.340976 0.197391 4 1 0
597.876 0.340982 0.197384 4 1 0
597.976 0.340987 0.197378 4 1 0
598.076 0.340993 0.19737 4 1 0
598.176 0.340999 0.197363 4 1 0
598.276 0.341004 0.197356 4 1 0
598.376 0.34101 0.197349 4 1 0
598.476 0.341016 0.197342 4 1 0
598.576 0.341021 0.197336 4 1 0
598.676 0.341027 0.197328 4 1 0
598.776 0.341032 0.197321 4 1 0
598.876 0.341038 0.197315 4 1 0
598.976 0.341043 0.197307 4 1 0
599.076 0.341049 0.1973 4 1 0
599.176 0.341055 0.197294 4 1 0
599.276 0.34106 0.197286 4 1 0
599.376 0.341066 0.197279 4 1 0
599.476 0.341071 0.197273 4 1 0
599.576 0.341077 0.197265 4 1 0
599.676 0.341083 0.197258 4 1 0
599.776 0.341088 0.197252 4 1 0
599.876 0.341094 0.197245 4 1 0
599.976 0.341099 0.197237 4 1 0
600.076 0.341105 0.197231 4 1 0
600.176 0.34111 0.197224 4 1 0
600.276 0.341116 0.197216 4 1 0
600.376 0.341121 0.19721 4 1 0
600.476 0.341127 0.197203 4 1 0
600.576 0.341133 0.197196 4 1 0
600.676 0.341138 0.197189 4 1 0
600.776 0.341144 0.197182 4 1 0
600.876 0.341149 0.197175 4 1 0
600.976 0.341155 0.197169 4 1 0
601.076 0.34116 0.197161 4 1 0
601.176 0.341166 0.197154 4 1 0
601.276 0.341171 0.197148 4 1 0
601.376 0.341177 0.19714 4 1 0
601.476 0.341183 0.197133 4 1 0
601.576 0.341188 0.197127 4 1 0
601.676 0.341194 0.19712 4 1 0
601.776 0.341199 0.197112 4 1 0
601.876 0.341205 0.197106 4 1 0
601.976 0.34121 0.197099 4 1 0
602.076 0.341216 0.197092 4 1 0
602.176 0.341221 0.197086 4 1 0
602.276 0.341227 0.197078 4 1 0
602.376 0.341233 0.197071 4 1 0
602.476 0.341238 0.197065 4 1 0
602.576 0.341244 0.197058 4 1 0
