50 0.147141 0.147141 2 1 0
50.04 0.147197 0.147197 1 1 0
50.08 0.147253 0.147253 1 1 0
50.16 0.147366 0.147366 1 1 0
50.32 0.147592 0.147592 1 1 0
50.64 0.148047 0.148047 1 1 0
51.14 0.148765 0.148765 1 1 0
51.64 0.149492 0.149492 1 1 0
52.14 0.150227 0.150227 1 1 0
52.64 0.150971 0.150971 1 1 0
53.14 0.151724 0.151724 1 1 0
53.64 0.152486 0.152486 1 1 0
54.14 0.153257 0.153257 1 1 0
54.64 0.154037 0.154037 1 1 0
55.14 0.154826 0.154826 1 1 0
55.64 0.155625 0.155625 1 1 0
56.1399 0.156433 0.156433 1 1 0
56.6399 0.157251 0.157251 1 1 0
57.1399 0.158078 0.158078 1 1 0
57.6399 0.158915 0.158915 1 1 0
58.1399 0.159762 0.159762 1 1 0
58.6399 0.160619 0.160619 1 1 0
59.1399 0.161486 0.161486 1 1 0
59.6399 0.162363 0.162363 1 1 0
60.1399 0.163251 0.163251 1 1 0
60.6399 0.164148 0.164148 1 1 0
61.1399 0.165057 0.165057 1 1 0
61.6399 0.165975 0.165975 1 1 0
62.1399 0.166905 0.166905 1 1 0
62.6399 0.167845 0.167845 1 1 0
63.1399 0.168796 0.168796 1 1 0
63.6399 0.169758 0.169758 1 1 0
64.1399 0.170731 0.170731 1 1 0
64.6399 0.171715 0.171715 1 1 0
65.1399 0.17271 0.17271 1 1 0
65.6399 0.173717 0.173717 1 1 0
66.1399 0.174735 0.174735 1 1 0
66.6398 0.175764 0.175764 1 1 0
67.1398 0.176806 0.176806 1 1 0
67.6398 0.177858 0.177858 1 1 0
68.1398 0.178923 0.178923 1 1 0
68.6398 0.179999 0.179999 1 1 0
69.1398 0.181088 0.181088 1 1 0
69.6398 0.182188 0.182188 1 1 0
70.1398 0.183301 0.183301 1 1 0
70.6398 0.184426 0.184426 1 1 0
71.1398 0.185563 0.185563 1 1 0
71.6398 0.186712 0.186712 1 1 0
72.1398 0.187874 0.187874 1 1 0
72.6398 0.189048 0.189048 1 1 0
73.1398 0.190235 0.190235 1 1 0
73.6398 0.191434 0.191434 1 1 0
74.1398 0.192647 0.192647 1 1 0
74.6398 0.193872 0.193872 1 1 0
75.1398 0.19511 0.19511 1 1 0
75.6398 0.19636 0.19636 1 1 0
76.1398 0.197624 0.197624 1 1 0
76.6397 0.198901 0.198901 1 1 0
77.1397 0.200191 0.200191 1 1 0
77.6397 0.201495 0.201495 1 1 0
78.1397 0.202811 0.202811 1 1 0
78.6397 0.204141 0.204141 1 1 0
79.1397 0.205484 0.205484 1 1 0
79.6397 0.20684 0.20684 1 1 0
80.1397 0.20821 0.20821 1 1 0
80.6397 0.209594 0.209594 1 1 0
81.1397 0.210991 0.210991 1 1 0
81.6397 0.212401 0.212401 1 1 0
82.1397 0.213826 0.213826 1 1 0
82.6397 0.215263 0.215263 1 1 0
83.1397 0.216715 0.216715 1 1 0
83.6397 0.21818 0.21818 1 1 0
84.1397 0.219659 0.219659 1 1 0
84.6397 0.221152 0.221152 1 1 0
85.1397 0.222658 0.222658 1 1 0
85.6397 0.224179 0.224179 1 1 0
86.1396 0.225713 0.225713 1 1 0
86.6396 0.227261 0.227261 1 1 0
87.1396 0.228823 0.228823 1 1 0
87.6396 0.230399 0.230399 1 1 0
88.1396 0.231989 0.231989 1 1 0
88.6396 0.233592 0.233592 1 1 0
89.1396 0.23521 0.23521 1 1 0
89.6396 0.236841 0.236841 1 1 0
90.1396 0.238487 0.238487 1 1 0
90.6396 0.240146 0.240146 1 1 0
91.1396 0.241819 0.241819 1 1 0
91.6396 0.243506 0.243506 1 1 0
92.1396 0.245207 0.245207 1 1 0
92.6396 0.246922 0.246922 1 1 0
93.1396 0.248651 0.248651 1 1 0
93.6396 0.250393 0.250393 1 1 0
94.1396 0.25215 0.25215 1 1 0
94.6396 0.25392 0.25392 1 1 0
95.1395 0.255704 0.255704 1 1 0
95.6395 0.257501 0.257501 1 1 0
96.1395 0.259313 0.259313 1 1 0
96.6395 0.261138 0.261138 1 1 0
97.1395 0.262976 0.262976 1 1 0
97.6395 0.264829 0.264829 1 1 0
98.1395 0.266694 0.266694 1 1 0
98.6395 0.268574 0.268574 1 1 0
99.1395 0.270466 0.270466 1 1 0
99.6395 0.272372 0.272372 1 1 0
100.139 0.274292 0.274292 1 1 0
100.639 0.276225 0.276225 1 1 0
101.139 0.278171 0.278171 1 1 0
101.639 0.28013 0.28013 1 1 0
102.139 0.282102 0.282102 1 1 0
102.639 0.284087 0.284087 1 1 0
103.047 0.285714 0.285714 1 1 0
103.547 0.287722 0.287722 2 1 0
104.047 0.289744 0.289744 2 1 0
104.547 0.291778 0.291778 2 1 0
105.047 0.293825 0.293825 2 1 0
105.547 0.295885 0.295885 2 1 0
106.047 0.297957 0.297957 2 1 0
106.547 0.300042 0.300042 2 1 0
107.047 0.302139 0.302139 2 1 0
107.547 0.304248 0.304248 2 1 0
108.047 0.306369 0.306369 2 1 0
108.547 0.308503 0.308503 2 1 0
109.047 0.310648 0.310648 2 1 0
109.547 0.312806 0.312806 2 1 0
110.047 0.314975 0.314975 2 1 0
110.547 0.317155 0.317155 2 1 0
111.047 0.319348 0.319348 2 1 0
111.547 0.321551 0.321551 2 1 0
112.047 0.323767 0.323767 2 1 0
112.547 0.325993 0.325993 2 1 0
113.047 0.32823 0.32823 2 1 0
113.547 0.330479 0.330479 2 1 0
114.047 0.332738 0.332738 2 1 0
114.547 0.335008 0.335008 2 1 0
115.047 0.337289 0.337289 2 1 0
115.547 0.339581 0.339581 2 1 0
116.047 0.341882 0.341882 2 1 0
116.547 0.344194 0.344194 2 1 0
117.047 0.346516 0.346516 2 1 0
117.547 0.348849 0.348849 2 1 0
118.047 0.351191 0.351191 2 1 0
118.546 0.353542 0.353542 2 1 0
119.046 0.355904 0.355904 2 1 0
119.546 0.358275 0.358275 2 1 0
120.046 0.360655 0.360655 2 1 0
120.546 0.363044 0.363044 2 1 0
121.046 0.365443 0.365443 2 1 0
121.546 0.36785 0.36785 2 1 0
122.046 0.370266 0.370266 2 1 0
122.546 0.372691 0.372691 2 1 0
123.046 0.375124 0.375124 2 1 0
123.546 0.377565 0.377565 2 1 0
124.046 0.380015 0.380015 2 1 0
124.546 0.382472 0.382472 2 1 0
125.046 0.384938 0.384938 2 1 0
125.546 0.387411 0.387411 2 1 0
126.046 0.389892 0.389892 2 1 0
126.546 0.39238 0.39238 2 1 0
127.046 0.394875 0.394875 2 1 0
127.546 0.397377 0.397377 2 1 0
128.046 0.399887 0.399887 2 1 0
128.546 0.402403 0.402403 2 1 0
129.046 0.404925 0.404925 2 1 0
129.546 0.407454 0.407454 2 1 0
130.046 0.409989 0.409989 2 1 0
130.546 0.412531 0.412531 2 1 0
131.046 0.415078 0.415078 2 1 0
131.546 0.417631 0.417631 2 1 0
132.046 0.420189 0.420189 2 1 0
132.546 0.422753 0.422753 2 1 0
133.046 0.425323 0.425323 2 1 0
133.546 0.427897 0.427897 2 1 0
134.046 0.430476 0.430476 2 1 0
134.546 0.43306 0.43306 2 1 0
135.046 0.435648 0.435648 2 1 0
135.546 0.438241 0.438241 2 1 0
136.046 0.440838 0.440838 2 1 0
136.546 0.44344 0.44344 2 1 0
137.046 0.446045 0.446045 2 1 0
137.546 0.448653 0.448653 2 1 0
138.046 0.451266 0.451266 2 1 0
138.546 0.453881 0.453881 2 1 0
139.046 0.4565 0.4565 2 1 0
139.546 0.459122 0.459122 2 1 0
140.046 0.461746 0.461746 2 1 0
140.546 0.464373 0.464373 2 1 0
141.046 0.467003 0.467003 2 1 0
141.546 0.469635 0.469635 2 1 0
142.046 0.472269 0.472269 2 1 0
142.546 0.474905 0.474905 2 1 0
143.046 0.477543 0.477543 2 1 0
143.546 0.480183 0.480183 2 1 0
144.046 0.482824 0.482824 2 1 0
144.546 0.485466 0.485466 2 1 0
145.046 0.488109 0.488109 2 1 0
145.546 0.490753 0.490753 2 1 0
146.046 0.493398 0.493398 2 1 0
146.546 0.496043 0.496043 2 1 0
147.046 0.498689 0.498689 2 1 0
147.546 0.501335 0.501335 2 1 0
103.047 0.285714 0.285714 2 2 0
98.6261 0.285714 0.285714 2 2 0
98.6191 0.285714 0.285714 2 2 0
98.616 0.285714 0.285714 2 2 0
98.6109 0.285714 0.285714 2 2 0
98.6009 0.285714 0.285714 2 2 0
98.5809 0.285714 0.285714 2 2 0
98.5409 0.285714 0.285714 2 2 0
98.4609 0.285714 0.285714 2 2 0
98.3009 0.285714 0.285714 2 2 0
97.9809 0.285714 0.285714 2 2 0
97.4809 0.285714 0.285714 2 2 0
96.9809 0.285714 0.285714 2 2 0
96.4809 0.285714 0.285714 2 2 0
95.9809 0.285714 0.285714 2 2 0
95.4809 0.285714 0.285714 2 2 0
94.9809 0.285714 0.285714 2 2 0
94.4809 0.285714 0.285714 2 2 0
93.9809 0.285714 0.285714 2 2 0
93.4809 0.285714 0.285714 2 2 0
92.9809 0.285714 0.285714 2 2 0
92.4809 0.285714 0.285714 2 2 0
91.9809 0.285714 0.285714 2 2 0
91.4809 0.285714 0.285714 2 2 0
90.9809 0.285714 0.285714 2 2 0
90.4809 0.285714 0.285714 2 2 0
89.9809 0.285714 0.285714 2 2 0
89.4809 0.285714 0.285714 2 2 0
88.9809 0.285714 0.285714 2 2 0
88.4809 0.285714 0.285714 2 2 0
87.9809 0.285714 0.285714 2 2 0
87.4809 0.285714 0.285714 2 2 0
86.9809 0.285714 0.285714 2 2 0
86.4809 0.285714 0.285714 2 2 0
85.9809 0.285714 0.285714 2 2 0
85.4809 0.285714 0.285714 2 2 0
84.9809 0.285714 0.285714 2 2 0
84.4809 0.285714 0.285714 2 2 0
83.9809 0.285714 0.285714 2 2 0
83.4809 0.285714 0.285714 2 2 0
82.9809 0.285714 0.285714 2 2 0
82.4809 0.285714 0.285714 2 2 0
81.9809 0.285714 0.285714 2 2 0
81.4809 0.285714 0.285714 2 2 0
80.9809 0.285714 0.285714 2 2 0
80.4809 0.285714 0.285714 2 2 0
79.9809 0.285714 0.285714 2 2 0
79.4809 0.285714 0.285714 2 2 0
78.9809 0.285714 0.285714 2 2 0
78.4809 0.285714 0.285714 2 2 0
77.9809 0.285714 0.285714 2 2 0
77.4809 0.285714 0.285714 2 2 0
76.9809 0.285714 0.285714 2 2 0
76.4809 0.285714 0.285714 2 2 0
75.9809 0.285714 0.285714 2 2 0
75.4809 0.285714 0.285714 2 2 0
74.9809 0.285714 0.285714 2 2 0
74.4809 0.285714 0.285714 2 2 0
73.9809 0.285714 0.285714 2 2 0
73.4809 0.285714 0.285714 2 2 0
72.9809 0.285714 0.285714 2 2 0
72.4809 0.285714 0.285714 2 2 0
71.9809 0.285714 0.285714 2 2 0
71.4809 0.285714 0.285714 2 2 0
70.9809 0.285714 0.285714 2 2 0
70.4809 0.285714 0.285714 2 2 0
69.9809 0.285714 0.285714 2 2 0
69.4809 0.285714 0.285714 2 2 0
68.9809 0.285714 0.285714 2 2 0
68.4809 0.285714 0.285714 2 2 0
67.9809 0.285714 0.285714 2 2 0
67.4809 0.285714 0.285714 2 2 0
66.9809 0.285714 0.285714 2 2 0
66.4809 0.285714 0.285714 2 2 0
65.9809 0.285714 0.285714 2 2 0
65.4809 0.285714 0.285714 2 2 0
64.9809 0.285714 0.285714 2 2 0
64.4809 0.285714 0.285714 2 2 0
63.9809 0.285714 0.285714 2 2 0
63.4809 0.285714 0.285714 2 2 0
62.9809 0.285714 0.285714 2 2 0
62.4809 0.285714 0.285714 2 2 0
61.9809 0.285714 0.285714 2 2 0
61.4809 0.285714 0.285714 2 2 0
60.9809 0.285714 0.285714 2 2 0
60.4809 0.285714 0.285714 2 2 0
59.9809 0.285714 0.285714 2 2 0
59.4809 0.285714 0.285714 2 2 0
58.9809 0.285714 0.285714 2 2 0
58.4809 0.285714 0.285714 2 2 0
57.9809 0.285714 0.285714 2 2 0
57.4809 0.285714 0.285714 2 2 0
56.9809 0.285714 0.285714 2 2 0
56.4809 0.285714 0.285714 2 2 0
55.9809 0.285714 0.285714 2 2 0
55.4809 0.285714 0.285714 2 2 0
54.9809 0.285714 0.285714 2 2 0
54.4809 0.285714 0.285714 2 2 0
53.9809 0.285714 0.285714 2 2 0
53.4809 0.285714 0.285714 2 2 0
52.981 0.285714 0.285714 2 2 0
52.481 0.285714 0.285714 2 2 0
51.981 0.285714 0.285714 2 2 0
51.481 0.285714 0.285714 2 2 0
50.981 0.285714 0.285714 2 2 0
50.481 0.285714 0.285714 2 2 0
49.981 0.285714 0.285714 2 2 0
49.481 0.285714 0.285714 2 2 0
48.981 0.285714 0.285714 2 2 0
48.481 0.285714 0.285714 2 2 0
47.981 0.285714 0.285714 2 2 0
47.481 0.285714 0.285714 2 2 0
46.981 0.285714 0.285714 2 2 0
46.481 0.285714 0.285714 2 2 0
45.981 0.285714 0.285714 2 2 0
45.481 0.285714 0.285714 2 2 0
44.981 0.285714 0.285714 2 2 0
44.481 0.285714 0.285714 2 2 0
43.981 0.285714 0.285714 2 2 0
43.481 0.285714 0.285714 2 2 0
42.981 0.285714 0.285714 2 2 0
42.481 0.285714 0.285714 2 2 0
41.981 0.285714 0.285714 2 2 0
41.481 0.285714 0.285714 2 2 0
40.981 0.285714 0.285714 2 2 0
40.481 0.285714 0.285714 2 2 0
39.981 0.285714 0.285714 2 2 0
39.481 0.285714 0.285714 2 2 0
38.981 0.285714 0.285714 2 2 0
38.481 0.285714 0.285714 2 2 0
37.981 0.285714 0.285714 2 2 0
37.481 0.285714 0.285714 2 2 0
36.981 0.285714 0.285714 2 2 0
36.481 0.285714 0.285714 2 2 0
35.981 0.285714 0.285714 2 2 0
35.481 0.285714 0.285714 2 2 0
34.981 0.285714 0.285714 2 2 0
34.481 0.285714 0.285714 2 2 0
33.981 0.285714 0.285714 2 2 0
33.481 0.285714 0.285714 2 2 0
32.981 0.285714 0.285714 2 2 0
32.481 0.285714 0.285714 2 2 0
31.981 0.285714 0.285714 2 2 0
31.481 0.285714 0.285714 2 2 0
30.981 0.285714 0.285714 2 2 0
30.481 0.285714 0.285714 2 2 0
29.981 0.285714 0.285714 2 2 0
29.481 0.285714 0.285714 2 2 0
28.981 0.285714 0.285714 2 2 0
28.481 0.285714 0.285714 2 2 0
27.9811 0.285714 0.285714 2 2 0
27.4811 0.285714 0.285714 2 2 0
26.9811 0.285714 0.285714 2 2 0
26.4811 0.285714 0.285714 2 2 0
25.9811 0.285714 0.285714 2 2 0
25.4811 0.285714 0.285714 2 2 0
24.9811 0.285714 0.285714 2 2 0
24.4811 0.285714 0.285714 2 2 0
23.9811 0.285714 0.285714 2 2 0
23.4811 0.285714 0.285714 2 2 0
22.9811 0.285714 0.285714 2 2 0
22.4811 0.285714 0.285714 2 2 0
21.9811 0.285714 0.285714 2 2 0
21.4811 0.285714 0.285714 2 2 0
20.9811 0.285714 0.285714 2 2 0
20.4811 0.285714 0.285714 2 2 0
19.9811 0.285714 0.285714 2 2 0
19.4812 0.285714 0.285714 2 2 0
18.9812 0.285714 0.285714 2 2 0
18.4812 0.285714 0.285714 2 2 0
17.9812 0.285714 0.285714 2 2 0
17.4812 0.285714 0.285714 2 2 0
16.9812 0.285714 0.285714 2 2 0
16.4812 0.285714 0.285714 2 2 0
15.9812 0.285714 0.285714 2 2 0
15.4812 0.285714 0.285714 2 2 0
14.9812 0.285714 0.285714 2 2 0
14.4813 0.285714 0.285714 2 2 0
13.9813 0.285714 0.285714 2 2 0
13.4813 0.285714 0.285714 2 2 0
12.9813 0.285714 0.285714 2 2 0
12.4813 0.285714 0.285714 2 2 0
11.9813 0.285714 0.285714 2 2 0
11.4813 0.285714 0.285714 2 2 0
10.9814 0.285714 0.285714 2 2 0
10.4814 0.285714 0.285714 2 2 0
9.98141 0.285714 0.285714 2 2 0
9.48143 0.285714 0.285714 2 2 0
8.98145 0.285714 0.285714 2 2 0
8.48147 0.285714 0.285714 2 2 0
7.9815 0.285714 0.285714 2 2 0
7.48153 0.285714 0.285714 2 2 0
6.98156 0.285714 0.285714 2 2 0
6.48159 0.285714 0.285714 2 2 0
5.98162 0.285714 0.285714 2 2 0
5.48166 0.285714 0.285714 2 2 0
4.98169 0.285714 0.285714 2 2 0
4.48173 0.285714 0.285714 2 2 0
3.98177 0.285714 0.285714 2 2 0
3.48182 0.285714 0.285714 2 2 0
103.047 0.285714 0.285714 2 2 0
107.447 0.285714 0.285714 2 2 0
107.454 0.285714 0.285714 1 2 0
107.457 0.285714 0.285714 1 2 0
107.462 0.285714 0.285714 1 2 0
107.472 0.285714 0.285714 1 2 0
107.492 0.285714 0.285714 1 2 0
107.532 0.285714 0.285714 1 2 0
107.612 0.285714 0.285714 1 2 0
107.772 0.285714 0.285714 1 2 0
108.092 0.285714 0.285714 1 2 0
108.592 0.285714 0.285714 1 2 0
109.092 0.285714 0.285714 1 2 0
109.592 0.285714 0.285714 1 2 0
110.092 0.285714 0.285714 1 2 0
110.592 0.285714 0.285714 1 2 0
111.092 0.285714 0.285714 1 2 0
111.592 0.285714 0.285714 1 2 0
112.092 0.285714 0.285714 1 2 0
112.592 0.285714 0.285714 1 2 0
113.092 0.285714 0.285714 1 2 0
113.592 0.285714 0.285714 1 2 0
114.092 0.285714 0.285714 1 2 0
114.592 0.285714 0.285714 1 2 0
115.092 0.285714 0.285714 1 2 0
115.592 0.285714 0.285714 1 2 0
116.092 0.285714 0.285714 1 2 0
116.592 0.285714 0.285714 1 2 0
117.092 0.285714 0.285714 1 2 0
117.592 0.285714 0.285714 1 2 0
118.092 0.285714 0.285714 1 2 0
118.592 0.285714 0.285714 1 2 0
119.092 0.285714 0.285714 1 2 0
119.592 0.285714 0.285714 1 2 0
120.092 0.285714 0.285714 1 2 0
120.592 0.285714 0.285714 1 2 0
121.092 0.285714 0.285714 1 2 0
121.592 0.285714 0.285714 1 2 0
122.092 0.285714 0.285714 1 2 0
122.592 0.285714 0.285714 1 2 0
123.092 0.285714 0.285714 1 2 0
123.592 0.285714 0.285714 1 2 0
124.092 0.285714 0.285714 1 2 0
124.592 0.285714 0.285714 1 2 0
125.092 0.285714 0.285714 1 2 0
125.592 0.285714 0.285714 1 2 0
126.092 0.285714 0.285714 1 2 0
126.592 0.285714 0.285714 1 2 0
127.092 0.285714 0.285714 1 2 0
127.592 0.285714 0.285714 1 2 0
128.092 0.285714 0.285714 1 2 0
128.592 0.285714 0.285714 1 2 0
129.092 0.285714 0.285714 1 2 0
129.592 0.285714 0.285714 1 2 0
130.092 0.285714 0.285714 1 2 0
130.592 0.285714 0.285714 1 2 0
131.092 0.285714 0.285714 1 2 0
131.592 0.285714 0.285714 1 2 0
132.092 0.285714 0.285714 1 2 0
132.592 0.285714 0.285714 1 2 0
133.092 0.285714 0.285714 1 2 0
133.592 0.285714 0.285714 1 2 0
134.092 0.285714 0.285714 1 2 0
134.592 0.285714 0.285714 1 2 0
135.092 0.285714 0.285714 1 2 0
135.592 0.285714 0.285714 1 2 0
136.092 0.285714 0.285714 1 2 0
136.592 0.285714 0.285714 1 2 0
137.092 0.285714 0.285714 1 2 0
137.592 0.285714 0.285714 1 2 0
138.092 0.285714 0.285714 1 2 0
138.592 0.285714 0.285714 1 2 0
139.092 0.285714 0.285714 1 2 0
139.592 0.285714 0.285714 1 2 0
140.092 0.285714 0.285714 1 2 0
140.592 0.285714 0.285714 1 2 0
141.092 0.285714 0.285714 1 2 0
141.592 0.285714 0.285714 1 2 0
142.092 0.285714 0.285714 1 2 0
142.592 0.285714 0.285714 1 2 0
143.092 0.285714 0.285714 1 2 0
143.592 0.285714 0.285714 1 2 0
144.092 0.285714 0.285714 1 2 0
144.592 0.285714 0.285714 1 2 0
145.092 0.285714 0.285714 1 2 0
145.592 0.285714 0.285714 1 2 0
146.092 0.285714 0.285714 1 2 0
146.592 0.285714 0.285714 1 2 0
147.092 0.285714 0.285714 1 2 0
147.592 0.285714 0.285714 1 2 0
148.092 0.285714 0.285714 1 2 0
148.592 0.285714 0.285714 1 2 0
149.092 0.285714 0.285714 1 2 0
149.592 0.285714 0.285714 1 2 0
150.092 0.285714 0.285714 1 2 0
150.592 0.285714 0.285714 1 2 0
151.092 0.285714 0.285714 1 2 0
151.592 0.285714 0.285714 1 2 0
152.092 0.285714 0.285714 1 2 0
152.592 0.285714 0.285714 1 2 0
153.092 0.285714 0.285714 1 2 0
153.592 0.285714 0.285714 1 2 0
154.092 0.285714 0.285714 1 2 0
154.592 0.285714 0.285714 1 2 0
155.092 0.285714 0.285714 1 2 0
155.592 0.285714 0.285714 1 2 0
156.092 0.285714 0.285714 1 2 0
156.592 0.285714 0.285714 1 2 0
157.092 0.285714 0.285714 1 2 0
157.592 0.285714 0.285714 1 2 0
158.092 0.285714 0.285714 1 2 0
158.592 0.285714 0.285714 1 2 0
159.092 0.285714 0.285714 1 2 0
159.592 0.285714 0.285714 1 2 0
160.092 0.285714 0.285714 1 2 0
160.592 0.285714 0.285714 1 2 0
161.092 0.285714 0.285714 1 2 0
161.592 0.285714 0.285714 1 2 0
162.092 0.285714 0.285714 1 2 0
162.592 0.285714 0.285714 1 2 0
163.092 0.285714 0.285714 1 2 0
163.592 0.285714 0.285714 1 2 0
164.092 0.285714 0.285714 1 2 0
164.592 0.285714 0.285714 1 2 0
165.092 0.285714 0.285714 1 2 0
165.592 0.285714 0.285714 1 2 0
166.092 0.285714 0.285714 1 2 0
166.592 0.285714 0.285714 1 2 0
167.092 0.285714 0.285714 1 2 0
167.592 0.285714 0.285714 1 2 0
168.092 0.285714 0.285714 1 2 0
168.592 0.285714 0.285714 1 2 0
169.092 0.285714 0.285714 1 2 0
169.592 0.285714 0.285714 1 2 0
170.092 0.285714 0.285714 1 2 0
170.592 0.285714 0.285714 1 2 0
171.092 0.285714 0.285714 1 2 0
171.592 0.285714 0.285714 1 2 0
172.092 0.285714 0.285714 1 2 0
172.592 0.285714 0.285714 1 2 0
173.092 0.285714 0.285714 1 2 0
173.592 0.285714 0.285714 1 2 0
174.092 0.285714 0.285714 1 2 0
174.592 0.285714 0.285714 1 2 0
175.092 0.285714 0.285714 1 2 0
175.592 0.285714 0.285714 1 2 0
176.092 0.285714 0.285714 1 2 0
176.592 0.285714 0.285714 1 2 0
177.092 0.285714 0.285714 1 2 0
177.592 0.285714 0.285714 1 2 0
178.092 0.285714 0.285714 1 2 0
178.592 0.285714 0.285714 1 2 0
179.092 0.285714 0.285714 1 2 0
179.592 0.285714 0.285714 1 2 0
180.092 0.285714 0.285714 1 2 0
180.592 0.285714 0.285714 1 2 0
181.092 0.285714 0.285714 1 2 0
181.592 0.285714 0.285714 1 2 0
182.092 0.285714 0.285714 1 2 0
182.592 0.285714 0.285714 1 2 0
183.092 0.285714 0.285714 1 2 0
183.592 0.285714 0.285714 1 2 0
184.092 0.285714 0.285714 1 2 0
184.592 0.285714 0.285714 1 2 0
185.092 0.285714 0.285714 1 2 0
185.592 0.285714 0.285714 1 2 0
186.092 0.285714 0.285714 1 2 0
186.592 0.285714 0.285714 1 2 0
187.092 0.285714 0.285714 1 2 0
187.592 0.285714 0.285714 1 2 0
188.092 0.285714 0.285714 1 2 0
188.592 0.285714 0.285714 1 2 0
189.092 0.285714 0.285714 1 2 0
189.592 0.285714 0.285714 1 2 0
190.092 0.285714 0.285714 1 2 0
190.592 0.285714 0.285714 1 2 0
191.092 0.285714 0.285714 1 2 0
191.592 0.285714 0.285714 1 2 0
192.092 0.285714 0.285714 1 2 0
192.592 0.285714 0.285714 1 2 0
193.092 0.285714 0.285714 1 2 0
193.592 0.285714 0.285714 1 2 0
194.092 0.285714 0.285714 1 2 0
194.592 0.285714 0.285714 1 2 0
195.092 0.285714 0.285714 1 2 0
195.592 0.285714 0.285714 1 2 0
196.092 0.285714 0.285714 1 2 0
196.592 0.285714 0.285714 1 2 0
197.092 0.285714 0.285714 1 2 0
197.592 0.285714 0.285714 1 2 0
198.092 0.285714 0.285714 1 2 0
198.592 0.285714 0.285714 1 2 0
199.092 0.285714 0.285714 1 2 0
199.592 0.285714 0.285714 1 2 0
200.092 0.285714 0.285714 1 2 0
200.592 0.285714 0.285714 1 2 0
201.092 0.285714 0.285714 1 2 0
201.592 0.285714 0.285714 1 2 0
202.092 0.285714 0.285714 1 2 0
202.592 0.285714 0.285714 1 2 0
202.592 0.285714 0.285714 2 2 0
202.632 0.285714 0.285714 1 2 0
202.672 0.285714 0.285714 1 2 0
202.752 0.285714 0.285714 1 2 0
202.912 0.285714 0.285714 1 2 0
203.232 0.285714 0.285714 1 2 0
203.732 0.285714 0.285714 1 2 0
204.232 0.285714 0.285714 1 2 0
204.732 0.285714 0.285714 1 2 0
205.232 0.285714 0.285714 1 2 0
205.732 0.285714 0.285714 1 2 0
206.232 0.285714 0.285714 1 2 0
206.732 0.285714 0.285714 1 2 0
207.232 0.285714 0.285714 1 2 0
207.732 0.285714 0.285714 1 2 0
208.232 0.285714 0.285714 1 2 0
208.732 0.285714 0.285714 1 2 0
209.232 0.285714 0.285714 1 2 0
209.732 0.285714 0.285714 1 2 0
210.232 0.285714 0.285714 1 2 0
210.732 0.285714 0.285714 1 2 0
211.232 0.285714 0.285714 1 2 0
211.732 0.285714 0.285714 1 2 0
212.232 0.285714 0.285714 1 2 0
212.732 0.285714 0.285714 1 2 0
213.232 0.285714 0.285714 1 2 0
213.732 0.285714 0.285714 1 2 0
214.232 0.285714 0.285714 1 2 0
214.732 0.285714 0.285714 1 2 0
215.232 0.285714 0.285714 1 2 0
215.732 0.285714 0.285714 1 2 0
216.232 0.285714 0.285714 1 2 0
216.732 0.285714 0.285714 1 2 0
217.232 0.285714 0.285714 1 2 0
217.732 0.285714 0.285714 1 2 0
218.232 0.285714 0.285714 1 2 0
218.732 0.285714 0.285714 1 2 0
219.232 0.285714 0.285714 1 2 0
219.732 0.285714 0.285714 1 2 0
220.232 0.285714 0.285714 1 2 0
220.732 0.285714 0.285714 1 2 0
221.232 0.285714 0.285714 1 2 0
221.732 0.285714 0.285714 1 2 0
222.232 0.285714 0.285714 1 2 0
222.732 0.285714 0.285714 1 2 0
223.232 0.285714 0.285714 1 2 0
223.732 0.285714 0.285714 1 2 0
224.232 0.285714 0.285714 1 2 0
224.732 0.285714 0.285714 1 2 0
225.232 0.285714 0.285714 1 2 0
225.732 0.285714 0.285714 1 2 0
226.232 0.285714 0.285714 1 2 0
226.732 0.285714 0.285714 1 2 0
227.232 0.285714 0.285714 1 2 0
227.732 0.285714 0.285714 1 2 0
228.232 0.285714 0.285714 1 2 0
228.732 0.285714 0.285714 1 2 0
229.232 0.285714 0.285714 1 2 0
229.732 0.285714 0.285714 1 2 0
230.232 0.285714 0.285714 1 2 0
230.732 0.285714 0.285714 1 2 0
231.232 0.285714 0.285714 1 2 0
231.732 0.285714 0.285714 1 2 0
232.232 0.285714 0.285714 1 2 0
232.732 0.285714 0.285714 1 2 0
233.232 0.285714 0.285714 1 2 0
233.732 0.285714 0.285714 1 2 0
234.232 0.285714 0.285714 1 2 0
234.732 0.285714 0.285714 1 2 0
235.232 0.285714 0.285714 1 2 0
235.732 0.285714 0.285714 1 2 0
236.232 0.285714 0.285714 1 2 0
236.732 0.285714 0.285714 1 2 0
237.232 0.285714 0.285714 1 2 0
237.732 0.285714 0.285714 1 2 0
238.232 0.285714 0.285714 1 2 0
238.732 0.285714 0.285714 1 2 0
239.232 0.285714 0.285714 1 2 0
239.732 0.285714 0.285714 1 2 0
240.232 0.285714 0.285714 1 2 0
240.732 0.285714 0.285714 1 2 0
241.232 0.285714 0.285714 1 2 0
241.732 0.285714 0.285714 1 2 0
242.232 0.285714 0.285714 1 2 0
242.732 0.285714 0.285714 1 2 0
243.232 0.285714 0.285714 1 2 0
243.732 0.285714 0.285714 1 2 0
244.232 0.285714 0.285714 1 2 0
244.732 0.285714 0.285714 1 2 0
245.232 0.285714 0.285714 1 2 0
245.732 0.285714 0.285714 1 2 0
246.232 0.285714 0.285714 1 2 0
246.732 0.285714 0.285714 1 2 0
247.232 0.285714 0.285714 1 2 0
247.732 0.285714 0.285714 1 2 0
248.232 0.285714 0.285714 1 2 0
248.732 0.285714 0.285714 1 2 0
249.232 0.285714 0.285714 1 2 0
249.732 0.285714 0.285714 1 2 0
250.232 0.285714 0.285714 1 2 0
250.732 0.285714 0.285714 1 2 0
251.232 0.285714 0.285714 1 2 0
251.732 0.285714 0.285714 1 2 0
252.232 0.285714 0.285714 1 2 0
252.732 0.285714 0.285714 1 2 0
253.232 0.285714 0.285714 1 2 0
253.732 0.285714 0.285714 1 2 0
254.232 0.285714 0.285714 1 2 0
254.732 0.285714 0.285714 1 2 0
255.232 0.285714 0.285714 1 2 0
255.732 0.285714 0.285714 1 2 0
256.232 0.285714 0.285714 1 2 0
256.732 0.285714 0.285714 1 2 0
257.232 0.285714 0.285714 1 2 0
257.732 0.285714 0.285714 1 2 0
258.232 0.285714 0.285714 1 2 0
258.732 0.285714 0.285714 1 2 0
259.232 0.285714 0.285714 1 2 0
259.732 0.285714 0.285714 1 2 0
260.232 0.285714 0.285714 1 2 0
260.732 0.285714 0.285714 1 2 0
261.232 0.285714 0.285714 1 2 0
261.732 0.285714 0.285714 1 2 0
262.232 0.285714 0.285714 1 2 0
262.732 0.285714 0.285714 1 2 0
263.232 0.285714 0.285714 1 2 0
263.732 0.285714 0.285714 1 2 0
264.232 0.285714 0.285714 1 2 0
264.732 0.285714 0.285714 1 2 0
265.232 0.285714 0.285714 1 2 0
265.732 0.285714 0.285714 1 2 0
266.232 0.285714 0.285714 1 2 0
266.732 0.285714 0.285714 1 2 0
267.232 0.285714 0.285714 1 2 0
267.732 0.285714 0.285714 1 2 0
268.232 0.285714 0.285714 1 2 0
268.732 0.285714 0.285714 1 2 0
269.232 0.285714 0.285714 1 2 0
269.732 0.285714 0.285714 1 2 0
270.232 0.285714 0.285714 1 2 0
270.732 0.285714 0.285714 1 2 0
271.232 0.285714 0.285714 1 2 0
271.732 0.285714 0.285714 1 2 0
272.232 0.285714 0.285714 1 2 0
272.732 0.285714 0.285714 1 2 0
273.232 0.285714 0.285714 1 2 0
273.732 0.285714 0.285714 1 2 0
274.232 0.285714 0.285714 1 2 0
274.732 0.285714 0.285714 1 2 0
275.232 0.285714 0.285714 1 2 0
275.732 0.285714 0.285714 1 2 0
276.232 0.285714 0.285714 1 2 0
276.732 0.285714 0.285714 1 2 0
277.232 0.285714 0.285714 1 2 0
277.732 0.285714 0.285714 1 2 0
278.232 0.285714 0.285714 1 2 0
278.732 0.285714 0.285714 1 2 0
279.232 0.285714 0.285714 1 2 0
279.732 0.285714 0.285714 1 2 0
280.232 0.285714 0.285714 1 2 0
280.732 0.285714 0.285714 1 2 0
281.232 0.285714 0.285714 1 2 0
281.732 0.285714 0.285714 1 2 0
282.232 0.285714 0.285714 1 2 0
282.732 0.285714 0.285714 1 2 0
283.232 0.285714 0.285714 1 2 0
283.732 0.285714 0.285714 1 2 0
284.232 0.285714 0.285714 1 2 0
284.732 0.285714 0.285714 1 2 0
285.232 0.285714 0.285714 1 2 0
285.732 0.285714 0.285714 1 2 0
286.232 0.285714 0.285714 1 2 0
286.732 0.285714 0.285714 1 2 0
287.232 0.285714 0.285714 1 2 0
287.732 0.285714 0.285714 1 2 0
288.232 0.285714 0.285714 1 2 0
288.732 0.285714 0.285714 1 2 0
289.232 0.285714 0.285714 1 2 0
289.732 0.285714 0.285714 1 2 0
290.232 0.285714 0.285714 1 2 0
290.732 0.285714 0.285714 1 2 0
291.232 0.285714 0.285714 1 2 0
291.732 0.285714 0.285714 1 2 0
292.232 0.285714 0.285714 1 2 0
292.732 0.285714 0.285714 1 2 0
293.232 0.285714 0.285714 1 2 0
293.732 0.285714 0.285714 1 2 0
294.232 0.285714 0.285714 1 2 0
294.732 0.285714 0.285714 1 2 0
295.232 0.285714 0.285714 1 2 0
295.732 0.285714 0.285714 1 2 0
296.232 0.285714 0.285714 1 2 0
296.732 0.285714 0.285714 1 2 0
297.232 0.285714 0.285714 1 2 0
297.732 0.285714 0.285714 1 2 0
298.232 0.285714 0.285714 1 2 0
298.732 0.285714 0.285714 1 2 0
299.232 0.285714 0.285714 1 2 0
299.732 0.285714 0.285714 1 2 0
300.232 0.285714 0.285714 1 2 0
300.232 0.285714 0.285714 2 2 0
300.272 0.285714 0.285714 1 2 0
300.312 0.285714 0.285714 1 2 0
300.392 0.285714 0.285714 1 2 0
300.552 0.285714 0.285714 1 2 0
300.872 0.285714 0.285714 1 2 0
301.372 0.285714 0.285714 1 2 0
301.872 0.285714 0.285714 1 2 0
302.372 0.285714 0.285714 1 2 0
302.872 0.285714 0.285714 1 2 0
303.372 0.285714 0.285714 1 2 0
303.872 0.285714 0.285714 1 2 0
304.372 0.285714 0.285714 1 2 0
304.872 0.285714 0.285714 1 2 0
305.372 0.285714 0.285714 1 2 0
305.872 0.285714 0.285714 1 2 0
306.372 0.285714 0.285714 1 2 0
306.872 0.285714 0.285714 1 2 0
307.372 0.285714 0.285714 1 2 0
307.872 0.285714 0.285714 1 2 0
308.372 0.285714 0.285714 1 2 0
308.872 0.285714 0.285714 1 2 0
309.372 0.285714 0.285714 1 2 0
309.872 0.285714 0.285714 1 2 0
310.372 0.285714 0.285714 1 2 0
310.872 0.285714 0.285714 1 2 0
311.372 0.285714 0.285714 1 2 0
311.872 0.285714 0.285714 1 2 0
312.372 0.285714 0.285714 1 2 0
312.872 0.285714 0.285714 1 2 0
313.372 0.285714 0.285714 1 2 0
313.872 0.285714 0.285714 1 2 0
314.372 0.285714 0.285714 1 2 0
314.872 0.285714 0.285714 1 2 0
315.372 0.285714 0.285714 1 2 0
315.872 0.285714 0.285714 1 2 0
316.372 0.285714 0.285714 1 2 0
316.872 0.285714 0.285714 1 2 0
317.372 0.285714 0.285714 1 2 0
317.872 0.285714 0.285714 1 2 0
318.372 0.285714 0.285714 1 2 0
318.872 0.285714 0.285714 1 2 0
319.372 0.285714 0.285714 1 2 0
319.872 0.285714 0.285714 1 2 0
320.372 0.285714 0.285714 1 2 0
320.872 0.285714 0.285714 1 2 0
321.372 0.285714 0.285714 1 2 0
321.872 0.285714 0.285714 1 2 0
322.372 0.285714 0.285714 1 2 0
322.872 0.285714 0.285714 1 2 0
323.372 0.285714 0.285714 1 2 0
323.872 0.285714 0.285714 1 2 0
324.372 0.285714 0.285714 1 2 0
324.872 0.285714 0.285714 1 2 0
325.372 0.285714 0.285714 1 2 0
325.872 0.285714 0.285714 1 2 0
326.372 0.285714 0.285714 1 2 0
326.872 0.285714 0.285714 1 2 0
327.372 0.285714 0.285714 1 2 0
327.872 0.285714 0.285714 1 2 0
328.372 0.285714 0.285714 1 2 0
328.872 0.285714 0.285714 1 2 0
329.372 0.285714 0.285714 1 2 0
329.872 0.285714 0.285714 1 2 0
330.372 0.285714 0.285714 1 2 0
330.872 0.285714 0.285714 1 2 0
331.372 0.285714 0.285714 1 2 0
331.872 0.285714 0.285714 1 2 0
332.372 0.285714 0.285714 1 2 0
332.872 0.285714 0.285714 1 2 0
333.372 0.285714 0.285714 1 2 0
333.872 0.285714 0.285714 1 2 0
334.372 0.285714 0.285714 1 2 0
334.872 0.285714 0.285714 1 2 0
335.372 0.285714 0.285714 1 2 0
335.872 0.285714 0.285714 1 2 0
336.372 0.285714 0.285714 1 2 0
336.872 0.285714 0.285714 1 2 0
337.372 0.285714 0.285714 1 2 0
337.872 0.285714 0.285714 1 2 0
338.372 0.285714 0.285714 1 2 0
338.872 0.285714 0.285714 1 2 0
339.372 0.285714 0.285714 1 2 0
339.872 0.285714 0.285714 1 2 0
340.372 0.285714 0.285714 1 2 0
340.872 0.285714 0.285714 1 2 0
341.372 0.285714 0.285714 1 2 0
341.872 0.285714 0.285714 1 2 0
342.372 0.285714 0.285714 1 2 0
342.872 0.285714 0.285714 1 2 0
343.372 0.285714 0.285714 1 2 0
343.872 0.285714 0.285714 1 2 0
344.372 0.285714 0.285714 1 2 0
344.872 0.285714 0.285714 1 2 0
345.372 0.285714 0.285714 1 2 0
345.872 0.285714 0.285714 1 2 0
346.372 0.285714 0.285714 1 2 0
346.872 0.285714 0.285714 1 2 0
347.372 0.285714 0.285714 1 2 0
347.872 0.285714 0.285714 1 2 0
348.372 0.285714 0.285714 1 2 0
348.872 0.285714 0.285714 1 2 0
349.372 0.285714 0.285714 1 2 0
349.872 0.285714 0.285714 1 2 0
350.372 0.285714 0.285714 1 2 0
350.872 0.285714 0.285714 1 2 0
351.372 0.285714 0.285714 1 2 0
351.872 0.285714 0.285714 1 2 0
352.372 0.285714 0.285714 1 2 0
352.872 0.285714 0.285714 1 2 0
353.372 0.285714 0.285714 1 2 0
353.872 0.285714 0.285714 1 2 0
354.372 0.285714 0.285714 1 2 0
354.872 0.285714 0.285714 1 2 0
355.372 0.285714 0.285714 1 2 0
355.872 0.285714 0.285714 1 2 0
356.372 0.285714 0.285714 1 2 0
356.872 0.285714 0.285714 1 2 0
357.372 0.285714 0.285714 1 2 0
357.872 0.285714 0.285714 1 2 0
358.372 0.285714 0.285714 1 2 0
358.872 0.285714 0.285714 1 2 0
359.372 0.285714 0.285714 1 2 0
359.872 0.285714 0.285714 1 2 0
360.372 0.285714 0.285714 1 2 0
360.872 0.285714 0.285714 1 2 0
361.372 0.285714 0.285714 1 2 0
361.872 0.285714 0.285714 1 2 0
362.372 0.285714 0.285714 1 2 0
362.872 0.285714 0.285714 1 2 0
363.372 0.285714 0.285714 1 2 0
363.872 0.285714 0.285714 1 2 0
364.372 0.285714 0.285714 1 2 0
364.872 0.285714 0.285714 1 2 0
365.372 0.285714 0.285714 1 2 0
365.872 0.285714 0.285714 1 2 0
366.372 0.285714 0.285714 1 2 0
366.872 0.285714 0.285714 1 2 0
367.372 0.285714 0.285714 1 2 0
367.872 0.285714 0.285714 1 2 0
368.372 0.285714 0.285714 1 2 0
368.872 0.285714 0.285714 1 2 0
369.372 0.285714 0.285714 1 2 0
369.872 0.285714 0.285714 1 2 0
370.372 0.285714 0.285714 1 2 0
370.872 0.285714 0.285714 1 2 0
371.372 0.285714 0.285714 1 2 0
371.872 0.285714 0.285714 1 2 0
372.372 0.285714 0.285714 1 2 0
372.872 0.285714 0.285714 1 2 0
373.372 0.285714 0.285714 1 2 0
373.872 0.285714 0.285714 1 2 0
374.372 0.285714 0.285714 1 2 0
374.872 0.285714 0.285714 1 2 0
375.372 0.285714 0.285714 1 2 0
375.872 0.285714 0.285714 1 2 0
376.372 0.285714 0.285714 1 2 0
376.872 0.285714 0.285714 1 2 0
377.372 0.285714 0.285714 1 2 0
377.872 0.285714 0.285714 1 2 0
378.372 0.285714 0.285714 1 2 0
378.872 0.285714 0.285714 1 2 0
379.372 0.285714 0.285714 1 2 0
379.872 0.285714 0.285714 1 2 0
380.372 0.285714 0.285714 1 2 0
380.872 0.285714 0.285714 1 2 0
381.372 0.285714 0.285714 1 2 0
381.872 0.285714 0.285714 1 2 0
382.372 0.285714 0.285714 1 2 0
382.872 0.285714 0.285714 1 2 0
383.372 0.285714 0.285714 1 2 0
383.872 0.285714 0.285714 1 2 0
384.372 0.285714 0.285714 1 2 0
384.872 0.285714 0.285714 1 2 0
385.372 0.285714 0.285714 1 2 0
385.872 0.285714 0.285714 1 2 0
386.372 0.285714 0.285714 1 2 0
386.872 0.285714 0.285714 1 2 0
387.372 0.285714 0.285714 1 2 0
387.872 0.285714 0.285714 1 2 0
388.372 0.285714 0.285714 1 2 0
388.872 0.285714 0.285714 1 2 0
389.372 0.285714 0.285714 1 2 0
389.872 0.285714 0.285714 1 2 0
390.372 0.285714 0.285714 1 2 0
390.872 0.285714 0.285714 1 2 0
391.372 0.285714 0.285714 1 2 0
391.872 0.285714 0.285714 1 2 0
392.372 0.285714 0.285714 1 2 0
392.872 0.285714 0.285714 1 2 0
393.372 0.285714 0.285714 1 2 0
393.872 0.285714 0.285714 1 2 0
394.372 0.285714 0.285714 1 2 0
394.872 0.285714 0.285714 1 2 0
395.372 0.285714 0.285714 1 2 0
395.872 0.285714 0.285714 1 2 0
396.372 0.285714 0.285714 1 2 0
396.872 0.285714 0.285714 1 2 0
397.372 0.285714 0.285714 1 2 0
397.872 0.285714 0.285714 1 2 0
397.872 0.285714 0.285714 2 2 0
397.912 0.285714 0.285714 1 2 0
397.952 0.285714 0.285714 1 2 0
398.032 0.285714 0.285714 1 2 0
398.192 0.285714 0.285714 1 2 0
398.512 0.285714 0.285714 1 2 0
399.012 0.285714 0.285714 1 2 0
399.512 0.285714 0.285714 1 2 0
400.012 0.285714 0.285714 1 2 0
400.512 0.285714 0.285714 1 2 0
401.012 0.285714 0.285714 1 2 0
401.512 0.285714 0.285714 1 2 0
402.012 0.285714 0.285714 1 2 0
402.512 0.285714 0.285714 1 2 0
403.012 0.285714 0.285714 1 2 0
403.512 0.285714 0.285714 1 2 0
404.012 0.285714 0.285714 1 2 0
404.512 0.285714 0.285714 1 2 0
405.012 0.285714 0.285714 1 2 0
405.512 0.285714 0.285714 1 2 0
406.012 0.285714 0.285714 1 2 0
406.512 0.285714 0.285714 1 2 0
407.012 0.285714 0.285714 1 2 0
407.512 0.285714 0.285714 1 2 0
408.012 0.285714 0.285714 1 2 0
408.512 0.285714 0.285714 1 2 0
409.012 0.285714 0.285714 1 2 0
409.512 0.285714 0.285714 1 2 0
410.012 0.285714 0.285714 1 2 0
410.512 0.285714 0.285714 1 2 0
411.012 0.285714 0.285714 1 2 0
411.512 0.285714 0.285714 1 2 0
412.012 0.285714 0.285714 1 2 0
412.512 0.285714 0.285714 1 2 0
413.012 0.285714 0.285714 1 2 0
413.512 0.285714 0.285714 1 2 0
413.715 0.285714 0.285714 2 2 0
414.215 0.285714 0.285714 2 2 0
414.715 0.285714 0.285714 2 2 0
415.215 0.285714 0.285714 2 2 0
415.715 0.285714 0.285714 2 2 0
416.215 0.285714 0.285714 2 2 0
416.715 0.285714 0.285714 2 2 0
417.215 0.285714 0.285714 2 2 0
417.715 0.285714 0.285714 2 2 0
418.215 0.285714 0.285714 2 2 0
418.715 0.285714 0.285714 2 2 0
419.215 0.285714 0.285714 2 2 0
419.715 0.285714 0.285714 2 2 0
420.215 0.285714 0.285714 2 2 0
420.715 0.285714 0.285714 2 2 0
421.215 0.285714 0.285714 2 2 0
421.715 0.285714 0.285714 2 2 0
422.215 0.285714 0.285714 2 2 0
422.715 0.285714 0.285714 2 2 0
423.215 0.285714 0.285714 2 2 0
423.715 0.285714 0.285714 2 2 0
424.215 0.285714 0.285714 2 2 0
424.715 0.285714 0.285714 2 2 0
425.215 0.285714 0.285714 2 2 0
425.715 0.285714 0.285714 2 2 0
426.215 0.285714 0.285714 2 2 0
426.715 0.285714 0.285714 2 2 0
427.215 0.285714 0.285714 2 2 0
427.715 0.285714 0.285714 2 2 0
428.215 0.285714 0.285714 2 2 0
428.715 0.285714 0.285714 2 2 0
429.215 0.285714 0.285714 2 2 0
429.715 0.285714 0.285714 2 2 0
430.215 0.285714 0.285714 2 2 0
430.715 0.285714 0.285714 2 2 0
431.215 0.285714 0.285714 2 2 0
431.715 0.285714 0.285714 2 2 0
432.215 0.285714 0.285714 2 2 0
432.715 0.285714 0.285714 2 2 0
433.215 0.285714 0.285714 2 2 0
433.715 0.285714 0.285714 2 2 0
434.215 0.285714 0.285714 2 2 0
434.715 0.285714 0.285714 2 2 0
435.215 0.285714 0.285714 2 2 0
435.715 0.285714 0.285714 2 2 0
436.215 0.285714 0.285714 2 2 0
436.715 0.285714 0.285714 2 2 0
437.215 0.285714 0.285714 2 2 0
437.715 0.285714 0.285714 2 2 0
438.215 0.285714 0.285714 2 2 0
438.715 0.285714 0.285714 2 2 0
439.215 0.285714 0.285714 2 2 0
439.715 0.285714 0.285714 2 2 0
440.215 0.285714 0.285714 2 2 0
440.715 0.285714 0.285714 2 2 0
441.215 0.285714 0.285714 2 2 0
441.715 0.285714 0.285714 2 2 0
442.215 0.285714 0.285714 2 2 0
442.715 0.285714 0.285714 2 2 0
443.215 0.285714 0.285714 2 2 0
443.715 0.285714 0.285714 2 2 0
444.215 0.285714 0.285714 2 2 0
444.715 0.285714 0.285714 2 2 0
445.215 0.285714 0.285714 2 2 0
445.715 0.285714 0.285714 2 2 0
446.215 0.285714 0.285714 2 2 0
446.715 0.285714 0.285714 2 2 0
447.215 0.285714 0.285714 2 2 0
447.715 0.285714 0.285714 2 2 0
448.215 0.285714 0.285714 2 2 0
448.715 0.285714 0.285714 2 2 0
449.215 0.285714 0.285714 2 2 0
449.715 0.285714 0.285714 2 2 0
450.215 0.285714 0.285714 2 2 0
450.715 0.285714 0.285714 2 2 0
451.215 0.285714 0.285714 2 2 0
451.715 0.285714 0.285714 2 2 0
452.215 0.285714 0.285714 2 2 0
452.715 0.285714 0.285714 2 2 0
453.215 0.285714 0.285714 2 2 0
453.715 0.285714 0.285714 2 2 0
454.215 0.285714 0.285714 2 2 0
454.715 0.285714 0.285714 2 2 0
455.215 0.285714 0.285714 2 2 0
455.715 0.285714 0.285714 2 2 0
456.215 0.285714 0.285714 2 2 0
456.715 0.285714 0.285714 2 2 0
457.215 0.285714 0.285714 2 2 0
457.715 0.285714 0.285714 2 2 0
458.215 0.285714 0.285714 2 2 0
458.715 0.285714 0.285714 2 2 0
459.215 0.285714 0.285714 2 2 0
459.715 0.285714 0.285714 2 2 0
460.215 0.285714 0.285714 2 2 0
460.715 0.285714 0.285714 2 2 0
461.215 0.285714 0.285714 2 2 0
461.715 0.285714 0.285714 2 2 0
462.215 0.285714 0.285714 2 2 0
462.715 0.285714 0.285714 2 2 0
463.215 0.285714 0.285714 2 2 0
463.715 0.285714 0.285714 2 2 0
464.215 0.285714 0.285714 2 2 0
464.715 0.285714 0.285714 2 2 0
465.215 0.285714 0.285714 2 2 0
465.715 0.285714 0.285714 2 2 0
466.215 0.285714 0.285714 2 2 0
466.715 0.285714 0.285714 2 2 0
467.215 0.285714 0.285714 2 2 0
467.715 0.285714 0.285714 2 2 0
468.215 0.285714 0.285714 2 2 0
468.715 0.285714 0.285714 2 2 0
469.215 0.285714 0.285714 2 2 0
469.715 0.285714 0.285714 2 2 0
470.215 0.285714 0.285714 2 2 0
470.715 0.285714 0.285714 2 2 0
471.215 0.285714 0.285714 2 2 0
471.715 0.285714 0.285714 2 2 0
472.215 0.285714 0.285714 2 2 0
472.715 0.285714 0.285714 2 2 0
473.215 0.285714 0.285714 2 2 0
473.715 0.285714 0.285714 2 2 0
474.215 0.285714 0.285714 2 2 0
474.715 0.285714 0.285714 2 2 0
475.215 0.285714 0.285714 2 2 0
475.715 0.285714 0.285714 2 2 0
476.215 0.285714 0.285714 2 2 0
476.715 0.285714 0.285714 2 2 0
477.215 0.285714 0.285714 2 2 0
477.715 0.285714 0.285714 2 2 0
478.215 0.285714 0.285714 2 2 0
478.715 0.285714 0.285714 2 2 0
479.215 0.285714 0.285714 2 2 0
479.715 0.285714 0.285714 2 2 0
480.215 0.285714 0.285714 2 2 0
480.715 0.285714 0.285714 2 2 0
481.215 0.285714 0.285714 2 2 0
481.715 0.285714 0.285714 2 2 0
482.215 0.285714 0.285714 2 2 0
482.715 0.285714 0.285714 2 2 0
483.215 0.285714 0.285714 2 2 0
483.715 0.285714 0.285714 2 2 0
484.215 0.285714 0.285714 2 2 0
484.715 0.285714 0.285714 2 2 0
485.215 0.285714 0.285714 2 2 0
485.715 0.285714 0.285714 2 2 0
486.215 0.285714 0.285714 2 2 0
486.715 0.285714 0.285714 2 2 0
487.215 0.285714 0.285714 2 2 0
487.715 0.285714 0.285714 2 2 0
488.215 0.285714 0.285714 2 2 0
488.715 0.285714 0.285714 2 2 0
489.215 0.285714 0.285714 2 2 0
489.715 0.285714 0.285714 2 2 0
490.215 0.285714 0.285714 2 2 0
490.715 0.285714 0.285714 2 2 0
491.215 0.285714 0.285714 2 2 0
491.715 0.285714 0.285714 2 2 0
492.215 0.285714 0.285714 2 2 0
492.715 0.285714 0.285714 2 2 0
493.215 0.285714 0.285714 2 2 0
493.715 0.285714 0.285714 2 2 0
494.215 0.285714 0.285714 2 2 0
494.715 0.285714 0.285714 2 2 0
495.215 0.285714 0.285714 2 2 0
495.215 0.285714 0.285714 2 2 0
495.255 0.285714 0.285714 2 2 0
495.295 0.285714 0.285714 2 2 0
495.375 0.285714 0.285714 2 2 0
495.535 0.285714 0.285714 2 2 0
495.855 0.285714 0.285714 2 2 0
496.355 0.285714 0.285714 2 2 0
496.855 0.285714 0.285714 2 2 0
497.355 0.285714 0.285714 2 2 0
497.855 0.285714 0.285714 2 2 0
498.355 0.285714 0.285714 2 2 0
498.855 0.285714 0.285714 2 2 0
499.355 0.285714 0.285714 2 2 0
499.855 0.285714 0.285714 2 2 0
500.355 0.285714 0.285714 2 2 0
500.855 0.285714 0.285714 2 2 0
501.355 0.285714 0.285714 2 2 0
501.855 0.285714 0.285714 2 2 0
502.355 0.285714 0.285714 2 2 0
502.855 0.285714 0.285714 2 2 0
503.355 0.285714 0.285714 2 2 0
503.855 0.285714 0.285714 2 2 0
504.355 0.285714 0.285714 2 2 0
504.855 0.285714 0.285714 2 2 0
505.355 0.285714 0.285714 2 2 0
505.855 0.285714 0.285714 2 2 0
506.355 0.285714 0.285714 2 2 0
506.855 0.285714 0.285714 2 2 0
507.355 0.285714 0.285714 2 2 0
507.855 0.285714 0.285714 2 2 0
508.355 0.285714 0.285714 2 2 0
508.855 0.285714 0.285714 2 2 0
509.355 0.285714 0.285714 2 2 0
509.855 0.285714 0.285714 2 2 0
510.355 0.285714 0.285714 2 2 0
510.855 0.285714 0.285714 2 2 0
511.355 0.285714 0.285714 2 2 0
511.855 0.285714 0.285714 2 2 0
512.355 0.285714 0.285714 2 2 0
512.855 0.285714 0.285714 2 2 0
513.355 0.285714 0.285714 2 2 0
513.855 0.285714 0.285714 2 2 0
514.355 0.285714 0.285714 2 2 0
514.855 0.285714 0.285714 2 2 0
515.355 0.285714 0.285714 2 2 0
515.855 0.285714 0.285714 2 2 0
516.355 0.285714 0.285714 2 2 0
516.855 0.285714 0.285714 2 2 0
517.355 0.285714 0.285714 2 2 0
517.855 0.285714 0.285714 2 2 0
518.355 0.285714 0.285714 2 2 0
518.855 0.285714 0.285714 2 2 0
519.355 0.285714 0.285714 2 2 0
519.855 0.285714 0.285714 2 2 0
520.355 0.285714 0.285714 2 2 0
520.855 0.285714 0.285714 2 2 0
521.355 0.285714 0.285714 2 2 0
521.855 0.285714 0.285714 2 2 0
522.355 0.285714 0.285714 2 2 0
522.855 0.285714 0.285714 2 2 0
523.355 0.285714 0.285714 2 2 0
523.855 0.285714 0.285714 2 2 0
524.355 0.285714 0.285714 2 2 0
524.855 0.285714 0.285714 2 2 0
525.355 0.285714 0.285714 2 2 0
525.855 0.285714 0.285714 2 2 0
526.355 0.285714 0.285714 2 2 0
526.855 0.285714 0.285714 2 2 0
527.355 0.285714 0.285714 2 2 0
527.855 0.285714 0.285714 2 2 0
528.355 0.285714 0.285714 2 2 0
528.855 0.285714 0.285714 2 2 0
529.355 0.285714 0.285714 2 2 0
529.855 0.285714 0.285714 2 2 0
530.355 0.285714 0.285714 2 2 0
530.855 0.285714 0.285714 2 2 0
531.355 0.285714 0.285714 2 2 0
531.855 0.285714 0.285714 2 2 0
532.355 0.285714 0.285714 2 2 0
532.855 0.285714 0.285714 2 2 0
533.355 0.285714 0.285714 2 2 0
533.855 0.285714 0.285714 2 2 0
534.355 0.285714 0.285714 2 2 0
534.855 0.285714 0.285714 2 2 0
535.355 0.285714 0.285714 2 2 0
535.855 0.285714 0.285714 2 2 0
536.355 0.285714 0.285714 2 2 0
536.855 0.285714 0.285714 2 2 0
537.355 0.285714 0.285714 2 2 0
537.855 0.285714 0.285714 2 2 0
538.355 0.285714 0.285714 2 2 0
538.855 0.285714 0.285714 2 2 0
539.355 0.285714 0.285714 2 2 0
539.855 0.285714 0.285714 2 2 0
540.355 0.285714 0.285714 2 2 0
540.855 0.285714 0.285714 2 2 0
541.355 0.285714 0.285714 2 2 0
541.855 0.285714 0.285714 2 2 0
542.355 0.285714 0.285714 2 2 0
542.855 0.285714 0.285714 2 2 0
543.355 0.285714 0.285714 2 2 0
543.855 0.285714 0.285714 2 2 0
544.355 0.285714 0.285714 2 2 0
544.855 0.285714 0.285714 2 2 0
545.355 0.285714 0.285714 2 2 0
545.855 0.285714 0.285714 2 2 0
546.355 0.285714 0.285714 2 2 0
546.855 0.285714 0.285714 2 2 0
547.355 0.285714 0.285714 2 2 0
547.855 0.285714 0.285714 2 2 0
548.355 0.285714 0.285714 2 2 0
548.855 0.285714 0.285714 2 2 0
549.355 0.285714 0.285714 2 2 0
549.855 0.285714 0.285714 2 2 0
550.355 0.285714 0.285714 2 2 0
550.855 0.285714 0.285714 2 2 0
551.355 0.285714 0.285714 2 2 0
551.855 0.285714 0.285714 2 2 0
552.355 0.285714 0.285714 2 2 0
552.855 0.285714 0.285714 2 2 0
553.355 0.285714 0.285714 2 2 0
553.855 0.285714 0.285714 2 2 0
554.355 0.285714 0.285714 2 2 0
554.855 0.285714 0.285714 2 2 0
555.355 0.285714 0.285714 2 2 0
555.855 0.285714 0.285714 2 2 0
556.355 0.285714 0.285714 2 2 0
556.855 0.285714 0.285714 2 2 0
557.355 0.285714 0.285714 2 2 0
557.855 0.285714 0.285714 2 2 0
558.355 0.285714 0.285714 2 2 0
558.855 0.285714 0.285714 2 2 0
559.355 0.285714 0.285714 2 2 0
559.855 0.285714 0.285714 2 2 0
560.355 0.285714 0.285714 2 2 0
560.855 0.285714 0.285714 2 2 0
561.355 0.285714 0.285714 2 2 0
561.855 0.285714 0.285714 2 2 0
562.355 0.285714 0.285714 2 2 0
562.855 0.285714 0.285714 2 2 0
563.355 0.285714 0.285714 2 2 0
563.855 0.285714 0.285714 2 2 0
564.355 0.285714 0.285714 2 2 0
564.855 0.285714 0.285714 2 2 0
565.355 0.285714 0.285714 2 2 0
565.855 0.285714 0.285714 2 2 0
566.355 0.285714 0.285714 2 2 0
566.855 0.285714 0.285714 2 2 0
567.355 0.285714 0.285714 2 2 0
567.855 0.285714 0.285714 2 2 0
568.355 0.285714 0.285714 2 2 0
568.855 0.285714 0.285714 2 2 0
569.355 0.285714 0.285714 2 2 0
569.855 0.285714 0.285714 2 2 0
570.355 0.285714 0.285714 2 2 0
570.855 0.285714 0.285714 2 2 0
571.355 0.285714 0.285714 2 2 0
571.855 0.285714 0.285714 2 2 0
572.355 0.285714 0.285714 2 2 0
572.855 0.285714 0.285714 2 2 0
573.355 0.285714 0.285714 2 2 0
573.855 0.285714 0.285714 2 2 0
574.355 0.285714 0.285714 2 2 0
574.855 0.285714 0.285714 2 2 0
575.355 0.285714 0.285714 2 2 0
575.855 0.285714 0.285714 2 2 0
576.355 0.285714 0.285714 2 2 0
576.855 0.285714 0.285714 2 2 0
577.355 0.285714 0.285714 2 2 0
577.855 0.285714 0.285714 2 2 0
578.355 0.285714 0.285714 2 2 0
578.855 0.285714 0.285714 2 2 0
579.355 0.285714 0.285714 2 2 0
579.855 0.285714 0.285714 2 2 0
580.355 0.285714 0.285714 2 2 0
580.855 0.285714 0.285714 2 2 0
581.355 0.285714 0.285714 2 2 0
581.855 0.285714 0.285714 2 2 0
582.355 0.285714 0.285714 2 2 0
582.855 0.285714 0.285714 2 2 0
583.355 0.285714 0.285714 2 2 0
583.855 0.285714 0.285714 2 2 0
584.355 0.285714 0.285714 2 2 0
584.855 0.285714 0.285714 2 2 0
585.355 0.285714 0.285714 2 2 0
585.855 0.285714 0.285714 2 2 0
586.355 0.285714 0.285714 2 2 0
586.855 0.285714 0.285714 2 2 0
587.355 0.285714 0.285714 2 2 0
587.855 0.285714 0.285714 2 2 0
588.355 0.285714 0.285714 2 2 0
588.855 0.285714 0.285714 2 2 0
589.355 0.285714 0.285714 2 2 0
589.855 0.285714 0.285714 2 2 0
590.355 0.285714 0.285714 2 2 0
590.855 0.285714 0.285714 2 2 0
591.355 0.285714 0.285714 2 2 0
591.855 0.285714 0.285714 2 2 0
592.355 0.285714 0.285714 2 2 0
592.855 0.285714 0.285714 2 2 0
592.855 0.285714 0.285714 2 2 0
592.895 0.285714 0.285714 2 2 0
592.935 0.285714 0.285714 2 2 0
593.015 0.285714 0.285714 2 2 0
593.175 0.285714 0.285714 2 2 0
593.495 0.285714 0.285714 2 2 0
593.995 0.285714 0.285714 2 2 0
594.495 0.285714 0.285714 2 2 0
594.995 0.285714 0.285714 2 2 0
595.495 0.285714 0.285714 2 2 0
595.995 0.285714 0.285714 2 2 0
596.495 0.285714 0.285714 2 2 0
596.995 0.285714 0.285714 2 2 0
597.495 0.285714 0.285714 2 2 0
597.995 0.285714 0.285714 2 2 0
598.495 0.285714 0.285714 2 2 0
598.995 0.285714 0.285714 2 2 0
599.495 0.285714 0.285714 2 2 0
599.995 0.285714 0.285714 2 2 0
600.495 0.285714 0.285714 2 2 0
600.995 0.285714 0.285714 2 2 0
601.495 0.285714 0.285714 2 2 0
601.995 0.285714 0.285714 2 2 0
602.495 0.285714 0.285714 2 2 0
602.995 0.285714 0.285714 2 2 0
603.495 0.285714 0.285714 2 2 0
603.995 0.285714 0.285714 2 2 0
604.495 0.285714 0.285714 2 2 0
604.995 0.285714 0.285714 2 2 0
605.495 0.285714 0.285714 2 2 0
605.995 0.285714 0.285714 2 2 0
606.495 0.285714 0.285714 2 2 0
606.995 0.285714 0.285714 2 2 0
607.495 0.285714 0.285714 2 2 0
607.995 0.285714 0.285714 2 2 0
608.495 0.285714 0.285714 2 2 0
608.995 0.285714 0.285714 2 2 0
609.495 0.285714 0.285714 2 2 0
609.995 0.285714 0.285714 2 2 0
610.495 0.285714 0.285714 2 2 0
610.995 0.285714 0.285714 2 2 0
611.495 0.285714 0.285714 2 2 0
611.995 0.285714 0.285714 2 2 0
612.495 0.285714 0.285714 2 2 0
612.995 0.285714 0.285714 2 2 0
613.495 0.285714 0.285714 2 2 0
613.995 0.285714 0.285714 2 2 0
614.495 0.285714 0.285714 2 2 0
614.995 0.285714 0.285714 2 2 0
615.495 0.285714 0.285714 2 2 0
615.995 0.285714 0.285714 2 2 0
616.495 0.285714 0.285714 2 2 0
616.995 0.285714 0.285714 2 2 0
617.495 0.285714 0.285714 2 2 0
617.995 0.285714 0.285714 2 2 0
618.495 0.285714 0.285714 2 2 0
618.995 0.285714 0.285714 2 2 0
619.495 0.285714 0.285714 2 2 0
619.995 0.285714 0.285714 2 2 0
620.495 0.285714 0.285714 2 2 0
620.995 0.285714 0.285714 2 2 0
621.495 0.285714 0.285714 2 2 0
621.995 0.285714 0.285714 2 2 0
622.495 0.285714 0.285714 2 2 0
622.995 0.285714 0.285714 2 2 0
623.495 0.285714 0.285714 2 2 0
623.995 0.285714 0.285714 2 2 0
624.495 0.285714 0.285714 2 2 0
624.995 0.285714 0.285714 2 2 0
625.495 0.285714 0.285714 2 2 0
625.995 0.285714 0.285714 2 2 0
626.495 0.285714 0.285714 2 2 0
626.995 0.285714 0.285714 2 2 0
627.495 0.285714 0.285714 2 2 0
627.995 0.285714 0.285714 2 2 0
628.495 0.285714 0.285714 2 2 0
628.995 0.285714 0.285714 2 2 0
629.495 0.285714 0.285714 2 2 0
629.995 0.285714 0.285714 2 2 0
630.495 0.285714 0.285714 2 2 0
630.995 0.285714 0.285714 2 2 0
631.495 0.285714 0.285714 2 2 0
631.995 0.285714 0.285714 2 2 0
632.495 0.285714 0.285714 2 2 0
632.995 0.285714 0.285714 2 2 0
633.495 0.285714 0.285714 2 2 0
633.995 0.285714 0.285714 2 2 0
634.495 0.285714 0.285714 2 2 0
634.995 0.285714 0.285714 2 2 0
635.495 0.285714 0.285714 2 2 0
635.995 0.285714 0.285714 2 2 0
636.495 0.285714 0.285714 2 2 0
636.995 0.285714 0.285714 2 2 0
637.495 0.285714 0.285714 2 2 0
637.995 0.285714 0.285714 2 2 0
638.495 0.285714 0.285714 2 2 0
638.995 0.285714 0.285714 2 2 0
639.495 0.285714 0.285714 2 2 0
639.995 0.285714 0.285714 2 2 0
640.495 0.285714 0.285714 2 2 0
640.995 0.285714 0.285714 2 2 0
641.495 0.285714 0.285714 2 2 0
641.995 0.285714 0.285714 2 2 0
642.495 0.285714 0.285714 2 2 0
642.995 0.285714 0.285714 2 2 0
643.495 0.285714 0.285714 2 2 0
643.995 0.285714 0.285714 2 2 0
644.495 0.285714 0.285714 2 2 0
644.995 0.285714 0.285714 2 2 0
645.495 0.285714 0.285714 2 2 0
645.995 0.285714 0.285714 2 2 0
646.495 0.285714 0.285714 2 2 0
646.995 0.285714 0.285714 2 2 0
647.495 0.285714 0.285714 2 2 0
647.995 0.285714 0.285714 2 2 0
648.495 0.285714 0.285714 2 2 0
648.995 0.285714 0.285714 2 2 0
649.495 0.285714 0.285714 2 2 0
649.995 0.285714 0.285714 2 2 0
650.495 0.285714 0.285714 2 2 0
650.995 0.285714 0.285714 2 2 0
651.495 0.285714 0.285714 2 2 0
651.995 0.285714 0.285714 2 2 0
652.495 0.285714 0.285714 2 2 0
652.995 0.285714 0.285714 2 2 0
653.495 0.285714 0.285714 2 2 0
653.995 0.285714 0.285714 2 2 0
654.495 0.285714 0.285714 2 2 0
654.995 0.285714 0.285714 2 2 0
655.495 0.285714 0.285714 2 2 0
655.995 0.285714 0.285714 2 2 0
656.495 0.285714 0.285714 2 2 0
656.995 0.285714 0.285714 2 2 0
657.495 0.285714 0.285714 2 2 0
657.995 0.285714 0.285714 2 2 0
658.495 0.285714 0.285714 2 2 0
658.995 0.285714 0.285714 2 2 0
659.495 0.285714 0.285714 2 2 0
659.995 0.285714 0.285714 2 2 0
660.495 0.285714 0.285714 2 2 0
660.995 0.285714 0.285714 2 2 0
661.495 0.285714 0.285714 2 2 0
661.995 0.285714 0.285714 2 2 0
662.495 0.285714 0.285714 2 2 0
662.995 0.285714 0.285714 2 2 0
663.495 0.285714 0.285714 2 2 0
663.995 0.285714 0.285714 2 2 0
664.495 0.285714 0.285714 2 2 0
664.995 0.285714 0.285714 2 2 0
665.495 0.285714 0.285714 2 2 0
665.995 0.285714 0.285714 2 2 0
666.495 0.285714 0.285714 2 2 0
666.995 0.285714 0.285714 2 2 0
667.495 0.285714 0.285714 2 2 0
667.995 0.285714 0.285714 2 2 0
668.495 0.285714 0.285714 2 2 0
668.995 0.285714 0.285714 2 2 0
669.495 0.285714 0.285714 2 2 0
669.995 0.285714 0.285714 2 2 0
670.495 0.285714 0.285714 2 2 0
670.995 0.285714 0.285714 2 2 0
671.495 0.285714 0.285714 2 2 0
671.995 0.285714 0.285714 2 2 0
672.495 0.285714 0.285714 2 2 0
672.995 0.285714 0.285714 2 2 0
673.495 0.285714 0.285714 2 2 0
673.995 0.285714 0.285714 2 2 0
674.495 0.285714 0.285714 2 2 0
674.995 0.285714 0.285714 2 2 0
675.495 0.285714 0.285714 2 2 0
675.995 0.285714 0.285714 2 2 0
676.495 0.285714 0.285714 2 2 0
676.995 0.285714 0.285714 2 2 0
677.495 0.285714 0.285714 2 2 0
677.995 0.285714 0.285714 2 2 0
678.495 0.285714 0.285714 2 2 0
678.995 0.285714 0.285714 2 2 0
679.495 0.285714 0.285714 2 2 0
679.995 0.285714 0.285714 2 2 0
680.495 0.285714 0.285714 2 2 0
680.995 0.285714 0.285714 2 2 0
681.495 0.285714 0.285714 2 2 0
681.995 0.285714 0.285714 2 2 0
682.495 0.285714 0.285714 2 2 0
682.995 0.285714 0.285714 2 2 0
683.495 0.285714 0.285714 2 2 0
683.995 0.285714 0.285714 2 2 0
684.495 0.285714 0.285714 2 2 0
684.995 0.285714 0.285714 2 2 0
685.495 0.285714 0.285714 2 2 0
685.995 0.285714 0.285714 2 2 0
686.495 0.285714 0.285714 2 2 0
686.995 0.285714 0.285714 2 2 0
687.495 0.285714 0.285714 2 2 0
687.995 0.285714 0.285714 2 2 0
688.495 0.285714 0.285714 2 2 0
688.995 0.285714 0.285714 2 2 0
689.495 0.285714 0.285714 2 2 0
689.995 0.285714 0.285714 2 2 0
690.495 0.285714 0.285714 2 2 0
147.546 0.501335 0.501335 2 1 0
147.586 0.501547 0.501547 2 1 0
147.626 0.501759 0.501759 2 1 0
147.706 0.502182 0.502182 2 1 0
147.866 0.503029 0.503029 2 1 0
148.186 0.504722 0.504722 2 1 0
148.686 0.507368 0.507368 2 1 0
149.186 0.510014 0.510014 2 1 0
149.686 0.512659 0.512659 2 1 0
150.186 0.515303 0.515303 2 1 0
150.686 0.517947 0.517947 2 1 0
151.186 0.520589 0.520589 2 1 0
151.686 0.523231 0.523231 2 1 0
152.186 0.525871 0.525871 2 1 0
152.686 0.528509 0.528509 2 1 0
153.186 0.531146 0.531146 2 1 0
153.686 0.533781 0.533781 2 1 0
154.186 0.536414 0.536414 2 1 0
154.686 0.539045 0.539045 2 1 0
155.186 0.541673 0.541673 2 1 0
155.686 0.544299 0.544299 2 1 0
156.186 0.546923 0.546923 2 1 0
156.686 0.549543 0.549543 2 1 0
157.186 0.552161 0.552161 2 1 0
157.686 0.554775 0.554775 2 1 0
158.186 0.557386 0.557386 2 1 0
158.686 0.559994 0.559994 2 1 0
159.186 0.562599 0.562599 2 1 0
159.686 0.565199 0.565199 2 1 0
160.186 0.567796 0.567796 2 1 0
160.686 0.570389 0.570389 2 1 0
161.186 0.572977 0.572977 2 1 0
161.686 0.575561 0.575561 2 1 0
162.186 0.578141 0.578141 2 1 0
162.686 0.580716 0.580716 2 1 0
163.186 0.583287 0.583287 2 1 0
163.686 0.585852 0.585852 2 1 0
164.186 0.588413 0.588413 2 1 0
164.686 0.590968 0.590968 2 1 0
165.186 0.593518 0.593518 2 1 0
165.686 0.596063 0.596063 2 1 0
166.186 0.598602 0.598602 2 1 0
166.686 0.601136 0.601136 2 1 0
167.186 0.603663 0.603663 2 1 0
167.686 0.606185 0.606185 2 1 0
168.186 0.608701 0.608701 2 1 0
168.686 0.61121 0.61121 2 1 0
169.186 0.613713 0.613713 2 1 0
169.686 0.61621 0.61621 2 1 0
170.186 0.6187 0.6187 2 1 0
170.686 0.621184 0.621184 2 1 0
171.186 0.62366 0.62366 2 1 0
171.686 0.62613 0.62613 2 1 0
172.186 0.628593 0.628593 2 1 0
172.686 0.631049 0.631049 2 1 0
173.186 0.633497 0.633497 2 1 0
173.686 0.635938 0.635938 2 1 0
174.186 0.638372 0.638372 2 1 0
174.686 0.640798 0.640798 2 1 0
175.186 0.643217 0.643217 2 1 0
175.686 0.645627 0.645627 2 1 0
176.186 0.64803 0.64803 2 1 0
176.686 0.650425 0.650425 2 1 0
177.186 0.652812 0.652812 2 1 0
177.686 0.65519 0.65519 2 1 0
178.186 0.657561 0.657561 2 1 0
178.686 0.659923 0.659923 2 1 0
179.186 0.662277 0.662277 2 1 0
179.686 0.664622 0.664622 2 1 0
180.186 0.666958 0.666958 2 1 0
180.686 0.669286 0.669286 2 1 0
181.186 0.671606 0.671606 2 1 0
181.686 0.673916 0.673916 2 1 0
182.186 0.676217 0.676217 2 1 0
182.686 0.67851 0.67851 2 1 0
183.186 0.680793 0.680793 2 1 0
183.686 0.683067 0.683067 2 1 0
184.186 0.685332 0.685332 2 1 0
184.686 0.687588 0.687588 2 1 0
185.186 0.689835 0.689835 2 1 0
185.686 0.692072 0.692072 2 1 0
186.186 0.694299 0.694299 2 1 0
186.686 0.696517 0.696517 2 1 0
187.186 0.698725 0.698725 2 1 0
187.686 0.700924 0.700924 2 1 0
188.186 0.703113 0.703113 2 1 0
188.686 0.705292 0.705292 2 1 0
189.186 0.707462 0.707462 2 1 0
189.686 0.709621 0.709621 2 1 0
190.186 0.711771 0.711771 2 1 0
190.686 0.713911 0.713911 2 1 0
191.186 0.71604 0.71604 2 1 0
191.686 0.71816 0.71816 2 1 0
192.186 0.720269 0.720269 2 1 0
192.686 0.722368 0.722368 2 1 0
193.186 0.724457 0.724457 2 1 0
193.686 0.726536 0.726536 2 1 0
194.186 0.728605 0.728605 2 1 0
194.686 0.730663 0.730663 2 1 0
195.186 0.732711 0.732711 2 1 0
195.686 0.734749 0.734749 2 1 0
196.185 0.736776 0.736776 2 1 0
196.685 0.738792 0.738792 2 1 0
197.185 0.740799 0.740799 2 1 0
197.685 0.742794 0.742794 2 1 0
198.185 0.74478 0.74478 2 1 0
198.685 0.746754 0.746754 2 1 0
199.185 0.748718 0.748718 2 1 0
199.685 0.750672 0.750672 2 1 0
200.185 0.752615 0.752615 2 1 0
200.685 0.754547 0.754547 2 1 0
201.185 0.756469 0.756469 2 1 0
201.685 0.75838 0.75838 2 1 0
202.185 0.76028 0.76028 2 1 0
202.685 0.76217 0.76217 2 1 0
203.185 0.764049 0.764049 2 1 0
203.685 0.765917 0.765917 2 1 0
204.185 0.767775 0.767775 2 1 0
204.685 0.769622 0.769622 2 1 0
205.185 0.771458 0.771458 2 1 0
205.685 0.773284 0.773284 2 1 0
206.185 0.775098 0.775098 2 1 0
206.685 0.776902 0.776902 2 1 0
207.185 0.778696 0.778696 2 1 0
207.685 0.780478 0.780478 2 1 0
208.185 0.78225 0.78225 2 1 0
208.685 0.784011 0.784011 2 1 0
209.185 0.785762 0.785762 2 1 0
209.685 0.787501 0.787501 2 1 0
210.185 0.78923 0.78923 2 1 0
210.685 0.790948 0.790948 2 1 0
211.185 0.792656 0.792656 2 1 0
211.685 0.794353 0.794353 2 1 0
212.185 0.796039 0.796039 2 1 0
212.685 0.797715 0.797715 2 1 0
213.185 0.79938 0.79938 2 1 0
213.685 0.801034 0.801034 2 1 0
214.185 0.802678 0.802678 2 1 0
214.685 0.804311 0.804311 2 1 0
215.185 0.805933 0.805933 2 1 0
215.685 0.807545 0.807545 2 1 0
216.185 0.809147 0.809147 2 1 0
216.685 0.810738 0.810738 2 1 0
217.185 0.812318 0.812318 2 1 0
217.685 0.813888 0.813888 2 1 0
218.185 0.815447 0.815447 2 1 0
218.685 0.816996 0.816996 2 1 0
219.185 0.818535 0.818535 2 1 0
219.685 0.820063 0.820063 2 1 0
220.185 0.821581 0.821581 2 1 0
220.685 0.823088 0.823088 2 1 0
221.185 0.824586 0.824586 2 1 0
221.685 0.826072 0.826072 2 1 0
222.185 0.827549 0.827549 2 1 0
222.685 0.829016 0.829016 2 1 0
223.185 0.830472 0.830472 2 1 0
223.685 0.831918 0.831918 2 1 0
224.185 0.833354 0.833354 2 1 0
224.685 0.834779 0.834779 2 1 0
225.185 0.836195 0.836195 2 1 0
225.685 0.837601 0.837601 2 1 0
226.185 0.838997 0.838997 2 1 0
226.685 0.840382 0.840382 2 1 0
227.185 0.841758 0.841758 2 1 0
227.685 0.843124 0.843124 2 1 0
228.185 0.84448 0.84448 2 1 0
228.685 0.845826 0.845826 2 1 0
229.185 0.847163 0.847163 2 1 0
229.685 0.848489 0.848489 2 1 0
230.185 0.849806 0.849806 2 1 0
230.685 0.851113 0.851113 2 1 0
231.185 0.852411 0.852411 2 1 0
231.685 0.853699 0.853699 2 1 0
232.185 0.854978 0.854978 2 1 0
232.685 0.856247 0.856247 2 1 0
233.185 0.857506 0.857506 2 1 0
233.685 0.858756 0.858756 2 1 0
234.185 0.859997 0.859997 2 1 0
234.685 0.861228 0.861228 2 1 0
235.185 0.86245 0.86245 2 1 0
235.685 0.863663 0.863663 2 1 0
236.185 0.864866 0.864866 2 1 0
236.685 0.866061 0.866061 2 1 0
237.185 0.867246 0.867246 2 1 0
237.685 0.868422 0.868422 2 1 0
238.185 0.869589 0.869589 2 1 0
238.685 0.870747 0.870747 2 1 0
239.185 0.871896 0.871896 2 1 0
239.685 0.873036 0.873036 2 1 0
240.185 0.874168 0.874168 2 1 0
240.685 0.87529 0.87529 2 1 0
241.185 0.876404 0.876404 2 1 0
241.685 0.877509 0.877509 2 1 0
242.185 0.878605 0.878605 2 1 0
242.685 0.879693 0.879693 2 1 0
243.185 0.880772 0.880772 2 1 0
243.685 0.881842 0.881842 2 1 0
244.185 0.882904 0.882904 2 1 0
244.685 0.883958 0.883958 2 1 0
245.185 0.885003 0.885003 2 1 0
245.185 0.885003 0.885003 2 1 0
245.225 0.885086 0.885086 2 1 0
245.265 0.885169 0.885169 2 1 0
245.345 0.885336 0.885336 2 1 0
245.505 0.885667 0.885667 2 1 0
245.825 0.886328 0.886328 2 1 0
246.325 0.887355 0.887355 2 1 0
246.825 0.888372 0.888372 2 1 0
247.325 0.889382 0.889382 2 1 0
247.825 0.890384 0.890384 2 1 0
248.325 0.891377 0.891377 2 1 0
248.825 0.892362 0.892362 2 1 0
249.325 0.89334 0.89334 2 1 0
249.825 0.894309 0.894309 2 1 0
250.325 0.895271 0.895271 2 1 0
250.825 0.896224 0.896224 2 1 0
251.325 0.89717 0.89717 2 1 0
251.825 0.898108 0.898108 2 1 0
252.325 0.899038 0.899038 2 1 0
252.825 0.899961 0.899961 2 1 0
253.325 0.900876 0.900876 2 1 0
253.825 0.901783 0.901783 2 1 0
254.325 0.902683 0.902683 2 1 0
254.825 0.903575 0.903575 2 1 0
255.325 0.90446 0.90446 2 1 0
255.825 0.905338 0.905338 2 1 0
256.325 0.906208 0.906208 2 1 0
256.825 0.907071 0.907071 2 1 0
257.325 0.907926 0.907926 2 1 0
257.825 0.908775 0.908775 2 1 0
258.325 0.909616 0.909616 2 1 0
258.825 0.91045 0.91045 2 1 0
259.325 0.911277 0.911277 2 1 0
259.825 0.912097 0.912097 2 1 0
260.325 0.912911 0.912911 2 1 0
260.825 0.913717 0.913717 2 1 0
261.325 0.914516 0.914516 2 1 0
261.825 0.915309 0.915309 2 1 0
262.325 0.916094 0.916094 2 1 0
262.825 0.916873 0.916873 2 1 0
263.325 0.917646 0.917646 2 1 0
263.825 0.918412 0.918412 2 1 0
264.325 0.919171 0.919171 2 1 0
264.825 0.919923 0.919923 2 1 0
265.325 0.920669 0.920669 2 1 0
265.825 0.921409 0.921409 2 1 0
266.325 0.922142 0.922142 2 1 0
266.825 0.922869 0.922869 2 1 0
267.325 0.92359 0.92359 2 1 0
267.825 0.924304 0.924304 2 1 0
268.325 0.925012 0.925012 2 1 0
268.825 0.925714 0.925714 2 1 0
269.325 0.92641 0.92641 2 1 0
269.825 0.9271 0.9271 2 1 0
270.325 0.927783 0.927783 2 1 0
270.825 0.928461 0.928461 2 1 0
271.325 0.929133 0.929133 2 1 0
271.825 0.929798 0.929798 2 1 0
272.325 0.930458 0.930458 2 1 0
272.825 0.931113 0.931113 2 1 0
273.325 0.931761 0.931761 2 1 0
273.825 0.932404 0.932404 2 1 0
274.325 0.93304 0.93304 2 1 0
274.825 0.933672 0.933672 2 1 0
275.325 0.934298 0.934298 2 1 0
275.825 0.934918 0.934918 2 1 0
276.325 0.935532 0.935532 2 1 0
276.825 0.936141 0.936141 2 1 0
277.325 0.936745 0.936745 2 1 0
277.825 0.937344 0.937344 2 1 0
278.325 0.937937 0.937937 2 1 0
278.825 0.938524 0.938524 2 1 0
279.325 0.939107 0.939107 2 1 0
279.825 0.939684 0.939684 2 1 0
280.325 0.940256 0.940256 2 1 0
280.825 0.940823 0.940823 2 1 0
281.325 0.941385 0.941385 2 1 0
281.825 0.941941 0.941941 2 1 0
282.325 0.942493 0.942493 2 1 0
282.825 0.94304 0.94304 2 1 0
283.325 0.943581 0.943581 2 1 0
283.825 0.944118 0.944118 2 1 0
284.325 0.94465 0.94465 2 1 0
284.825 0.945178 0.945178 2 1 0
285.325 0.9457 0.9457 2 1 0
285.825 0.946218 0.946218 2 1 0
286.325 0.946731 0.946731 2 1 0
286.825 0.947239 0.947239 2 1 0
287.325 0.947743 0.947743 2 1 0
287.825 0.948242 0.948242 2 1 0
288.325 0.948736 0.948736 2 1 0
288.825 0.949226 0.949226 2 1 0
289.325 0.949712 0.949712 2 1 0
289.825 0.950193 0.950193 2 1 0
290.325 0.95067 0.95067 2 1 0
290.825 0.951142 0.951142 2 1 0
291.325 0.95161 0.95161 2 1 0
291.825 0.952074 0.952074 2 1 0
292.325 0.952533 0.952533 2 1 0
292.825 0.952988 0.952988 2 1 0
293.325 0.953439 0.953439 2 1 0
293.825 0.953886 0.953886 2 1 0
294.325 0.954329 0.954329 2 1 0
294.825 0.954767 0.954767 2 1 0
295.325 0.955202 0.955202 2 1 0
295.825 0.955633 0.955633 2 1 0
296.325 0.956059 0.956059 2 1 0
296.825 0.956482 0.956482 2 1 0
297.325 0.956901 0.956901 2 1 0
297.825 0.957315 0.957315 2 1 0
298.325 0.957726 0.957726 2 1 0
298.825 0.958134 0.958134 2 1 0
299.325 0.958537 0.958537 2 1 0
299.825 0.958937 0.958937 2 1 0
300.325 0.959333 0.959333 2 1 0
300.825 0.959725 0.959725 2 1 0
301.325 0.960113 0.960113 2 1 0
301.825 0.960498 0.960498 2 1 0
302.325 0.96088 0.96088 2 1 0
302.825 0.961258 0.961258 2 1 0
303.325 0.961632 0.961632 2 1 0
303.825 0.962003 0.962003 2 1 0
304.325 0.96237 0.96237 2 1 0
304.825 0.962734 0.962734 2 1 0
305.325 0.963094 0.963094 2 1 0
305.825 0.963451 0.963451 2 1 0
306.325 0.963805 0.963805 2 1 0
306.825 0.964155 0.964155 2 1 0
307.325 0.964503 0.964503 2 1 0
307.825 0.964846 0.964846 2 1 0
308.325 0.965187 0.965187 2 1 0
308.825 0.965524 0.965524 2 1 0
309.325 0.965859 0.965859 2 1 0
309.825 0.96619 0.96619 2 1 0
310.325 0.966518 0.966518 2 1 0
310.825 0.966843 0.966843 2 1 0
311.325 0.967164 0.967164 2 1 0
311.825 0.967483 0.967483 2 1 0
312.325 0.967799 0.967799 2 1 0
312.825 0.968112 0.968112 2 1 0
313.325 0.968422 0.968422 2 1 0
313.825 0.968728 0.968728 2 1 0
314.325 0.969032 0.969032 2 1 0
314.825 0.969333 0.969333 2 1 0
315.325 0.969632 0.969632 2 1 0
315.825 0.969927 0.969927 2 1 0
316.325 0.97022 0.97022 2 1 0
316.825 0.97051 0.97051 2 1 0
317.325 0.970797 0.970797 2 1 0
317.825 0.971081 0.971081 2 1 0
318.325 0.971363 0.971363 2 1 0
318.825 0.971642 0.971642 2 1 0
319.325 0.971918 0.971918 2 1 0
319.825 0.972192 0.972192 2 1 0
320.325 0.972463 0.972463 2 1 0
320.825 0.972731 0.972731 2 1 0
321.325 0.972997 0.972997 2 1 0
321.825 0.97326 0.97326 2 1 0
322.325 0.973521 0.973521 2 1 0
322.825 0.97378 0.97378 2 1 0
323.325 0.974036 0.974036 2 1 0
323.825 0.974289 0.974289 2 1 0
324.325 0.97454 0.97454 2 1 0
324.825 0.974789 0.974789 2 1 0
325.325 0.975035 0.975035 2 1 0
325.825 0.975279 0.975279 2 1 0
326.325 0.97552 0.97552 2 1 0
326.825 0.97576 0.97576 2 1 0
327.325 0.975997 0.975997 2 1 0
327.825 0.976231 0.976231 2 1 0
328.325 0.976464 0.976464 2 1 0
328.825 0.976694 0.976694 2 1 0
329.325 0.976922 0.976922 2 1 0
329.825 0.977148 0.977148 2 1 0
330.325 0.977371 0.977371 2 1 0
330.825 0.977593 0.977593 2 1 0
331.325 0.977812 0.977812 2 1 0
331.825 0.97803 0.97803 2 1 0
332.325 0.978245 0.978245 2 1 0
332.825 0.978458 0.978458 2 1 0
333.325 0.978669 0.978669 2 1 0
333.825 0.978878 0.978878 2 1 0
334.325 0.979085 0.979085 2 1 0
334.825 0.97929 0.97929 2 1 0
335.325 0.979493 0.979493 2 1 0
335.825 0.979694 0.979694 2 1 0
336.325 0.979893 0.979893 2 1 0
336.825 0.98009 0.98009 2 1 0
337.325 0.980286 0.980286 2 1 0
337.825 0.980479 0.980479 2 1 0
338.325 0.980671 0.980671 2 1 0
338.825 0.98086 0.98086 2 1 0
339.325 0.981048 0.981048 2 1 0
339.825 0.981234 0.981234 2 1 0
340.325 0.981418 0.981418 2 1 0
340.825 0.981601 0.981601 2 1 0
341.325 0.981782 0.981782 2 1 0
341.825 0.98196 0.98196 2 1 0
342.325 0.982138 0.982138 2 1 0
342.825 0.982313 0.982313 2 1 0
342.825 0.982313 0.982313 2 1 0
342.865 0.982327 0.982327 2 1 0
342.905 0.982341 0.982341 2 1 0
342.985 0.982369 0.982369 2 1 0
343.145 0.982425 0.982425 2 1 0
343.465 0.982535 0.982535 2 1 0
343.965 0.982707 0.982707 2 1 0
344.465 0.982877 0.982877 2 1 0
344.965 0.983045 0.983045 2 1 0
345.465 0.983212 0.983212 2 1 0
345.965 0.983377 0.983377 2 1 0
346.465 0.98354 0.98354 2 1 0
346.965 0.983702 0.983702 2 1 0
347.465 0.983863 0.983863 2 1 0
347.965 0.984021 0.984021 2 1 0
348.465 0.984179 0.984179 2 1 0
348.965 0.984334 0.984334 2 1 0
349.465 0.984488 0.984488 2 1 0
349.965 0.984641 0.984641 2 1 0
350.465 0.984792 0.984792 2 1 0
350.965 0.984942 0.984942 2 1 0
351.465 0.98509 0.98509 2 1 0
351.965 0.985237 0.985237 2 1 0
352.465 0.985383 0.985383 2 1 0
352.965 0.985527 0.985527 2 1 0
353.465 0.985669 0.985669 2 1 0
353.965 0.98581 0.98581 2 1 0
354.465 0.98595 0.98595 2 1 0
354.965 0.986088 0.986088 2 1 0
355.465 0.986226 0.986226 2 1 0
355.965 0.986361 0.986361 2 1 0
356.465 0.986496 0.986496 2 1 0
356.965 0.986629 0.986629 2 1 0
357.465 0.986761 0.986761 2 1 0
357.965 0.986891 0.986891 2 1 0
358.465 0.98702 0.98702 2 1 0
358.965 0.987148 0.987148 2 1 0
359.465 0.987275 0.987275 2 1 0
359.965 0.987401 0.987401 2 1 0
360.465 0.987525 0.987525 2 1 0
360.965 0.987648 0.987648 2 1 0
361.465 0.98777 0.98777 2 1 0
361.965 0.987891 0.987891 2 1 0
362.465 0.98801 0.98801 2 1 0
362.965 0.988128 0.988128 2 1 0
363.465 0.988246 0.988246 2 1 0
363.965 0.988362 0.988362 2 1 0
364.465 0.988477 0.988477 2 1 0
364.965 0.98859 0.98859 2 1 0
365.465 0.988703 0.988703 2 1 0
365.965 0.988814 0.988814 2 1 0
366.465 0.988925 0.988925 2 1 0
366.965 0.989034 0.989034 2 1 0
367.465 0.989143 0.989143 2 1 0
367.965 0.98925 0.98925 2 1 0
368.465 0.989356 0.989356 2 1 0
368.965 0.989461 0.989461 2 1 0
369.465 0.989565 0.989565 2 1 0
369.965 0.989668 0.989668 2 1 0
370.465 0.98977 0.98977 2 1 0
370.965 0.989872 0.989872 2 1 0
371.465 0.989972 0.989972 2 1 0
371.965 0.990071 0.990071 2 1 0
372.465 0.990169 0.990169 2 1 0
372.965 0.990266 0.990266 2 1 0
373.465 0.990362 0.990362 2 1 0
373.965 0.990458 0.990458 2 1 0
374.465 0.990552 0.990552 2 1 0
374.965 0.990645 0.990645 2 1 0
375.465 0.990738 0.990738 2 1 0
375.965 0.990829 0.990829 2 1 0
376.465 0.99092 0.99092 2 1 0
376.965 0.99101 0.99101 2 1 0
377.465 0.991099 0.991099 2 1 0
377.965 0.991187 0.991187 2 1 0
378.465 0.991274 0.991274 2 1 0
378.965 0.99136 0.99136 2 1 0
379.465 0.991446 0.991446 2 1 0
379.965 0.99153 0.99153 2 1 0
380.465 0.991614 0.991614 2 1 0
380.965 0.991697 0.991697 2 1 0
381.465 0.991779 0.991779 2 1 0
381.965 0.991861 0.991861 2 1 0
382.465 0.991941 0.991941 2 1 0
382.965 0.992021 0.992021 2 1 0
383.465 0.9921 0.9921 2 1 0
383.965 0.992178 0.992178 2 1 0
384.465 0.992256 0.992256 2 1 0
384.965 0.992332 0.992332 2 1 0
385.465 0.992408 0.992408 2 1 0
385.965 0.992483 0.992483 2 1 0
386.465 0.992558 0.992558 2 1 0
386.965 0.992632 0.992632 2 1 0
387.465 0.992704 0.992704 2 1 0
387.965 0.992777 0.992777 2 1 0
388.465 0.992848 0.992848 2 1 0
388.965 0.992919 0.992919 2 1 0
389.465 0.992989 0.992989 2 1 0
389.965 0.993059 0.993059 2 1 0
390.465 0.993127 0.993127 2 1 0
390.965 0.993195 0.993195 2 1 0
391.465 0.993263 0.993263 2 1 0
391.965 0.99333 0.99333 2 1 0
392.465 0.993396 0.993396 2 1 0
392.965 0.993461 0.993461 2 1 0
393.465 0.993526 0.993526 2 1 0
393.965 0.99359 0.99359 2 1 0
394.465 0.993654 0.993654 2 1 0
394.965 0.993717 0.993717 2 1 0
395.465 0.993779 0.993779 2 1 0
395.965 0.99384 0.99384 2 1 0
396.465 0.993901 0.993901 2 1 0
396.965 0.993962 0.993962 2 1 0
397.465 0.994022 0.994022 2 1 0
397.965 0.994081 0.994081 2 1 0
398.465 0.99414 0.99414 2 1 0
398.965 0.994198 0.994198 2 1 0
399.465 0.994255 0.994255 2 1 0
399.965 0.994312 0.994312 2 1 0
400.465 0.994369 0.994369 2 1 0
400.965 0.994424 0.994424 2 1 0
401.465 0.99448 0.99448 2 1 0
401.965 0.994534 0.994534 2 1 0
402.465 0.994589 0.994589 2 1 0
402.965 0.994642 0.994642 2 1 0
403.465 0.994695 0.994695 2 1 0
403.965 0.994748 0.994748 2 1 0
404.465 0.9948 0.9948 2 1 0
404.965 0.994852 0.994852 2 1 0
405.465 0.994903 0.994903 2 1 0
405.965 0.994953 0.994953 2 1 0
406.465 0.995003 0.995003 2 1 0
406.965 0.995053 0.995053 2 1 0
407.465 0.995102 0.995102 2 1 0
407.965 0.995151 0.995151 2 1 0
408.465 0.995199 0.995199 2 1 0
408.965 0.995246 0.995246 2 1 0
409.465 0.995293 0.995293 2 1 0
409.965 0.99534 0.99534 2 1 0
410.465 0.995386 0.995386 2 1 0
410.965 0.995432 0.995432 2 1 0
411.465 0.995478 0.995478 2 1 0
411.965 0.995522 0.995522 2 1 0
412.465 0.995567 0.995567 2 1 0
412.965 0.995611 0.995611 2 1 0
413.465 0.995654 0.995654 2 1 0
413.965 0.995697 0.995697 2 1 0
414.465 0.99574 0.99574 2 1 0
414.965 0.995782 0.995782 2 1 0
415.465 0.995824 0.995824 2 1 0
415.965 0.995866 0.995866 2 1 0
416.465 0.995907 0.995907 2 1 0
416.965 0.995947 0.995947 2 1 0
417.465 0.995988 0.995988 2 1 0
417.965 0.996027 0.996027 2 1 0
418.465 0.996067 0.996067 2 1 0
418.965 0.996106 0.996106 2 1 0
419.465 0.996145 0.996145 2 1 0
419.965 0.996183 0.996183 2 1 0
420.465 0.996221 0.996221 2 1 0
420.965 0.996258 0.996258 2 1 0
421.465 0.996295 0.996295 2 1 0
421.965 0.996332 0.996332 2 1 0
422.465 0.996369 0.996369 2 1 0
422.965 0.996405 0.996405 2 1 0
423.465 0.99644 0.99644 2 1 0
423.965 0.996476 0.996476 2 1 0
424.465 0.996511 0.996511 2 1 0
424.965 0.996545 0.996545 2 1 0
425.465 0.99658 0.99658 2 1 0
425.965 0.996614 0.996614 2 1 0
426.465 0.996647 0.996647 2 1 0
426.965 0.99668 0.99668 2 1 0
427.465 0.996713 0.996713 2 1 0
427.965 0.996746 0.996746 2 1 0
428.465 0.996778 0.996778 2 1 0
428.965 0.99681 0.99681 2 1 0
429.465 0.996842 0.996842 2 1 0
429.965 0.996873 0.996873 2 1 0
430.465 0.996904 0.996904 2 1 0
430.965 0.996935 0.996935 2 1 0
431.465 0.996966 0.996966 2 1 0
431.965 0.996996 0.996996 2 1 0
432.465 0.997026 0.997026 2 1 0
432.965 0.997055 0.997055 2 1 0
433.465 0.997084 0.997084 2 1 0
433.965 0.997113 0.997113 2 1 0
434.465 0.997142 0.997142 2 1 0
434.965 0.99717 0.99717 2 1 0
435.465 0.997199 0.997199 2 1 0
435.965 0.997226 0.997226 2 1 0
436.465 0.997254 0.997254 2 1 0
436.965 0.997281 0.997281 2 1 0
437.465 0.997308 0.997308 2 1 0
437.965 0.997335 0.997335 2 1 0
438.465 0.997361 0.997361 2 1 0
438.965 0.997388 0.997388 2 1 0
439.465 0.997414 0.997414 2 1 0
439.965 0.997439 0.997439 2 1 0
440.465 0.997465 0.997465 2 1 0
440.465 0.997465 0.997465 2 1 0
440.505 0.997467 0.997467 2 1 0
440.545 0.997469 0.997469 2 1 0
440.625 0.997473 0.997473 2 1 0
440.785 0.997481 0.997481 2 1 0
441.105 0.997497 0.997497 2 1 0
441.605 0.997522 0.997522 2 1 0
442.105 0.997546 0.997546 2 1 0
442.605 0.997571 0.997571 2 1 0
443.105 0.997595 0.997595 2 1 0
443.605 0.997619 0.997619 2 1 0
444.105 0.997643 0.997643 2 1 0
444.605 0.997666 0.997666 2 1 0
445.105 0.997689 0.997689 2 1 0
445.605 0.997712 0.997712 2 1 0
446.105 0.997735 0.997735 2 1 0
446.605 0.997757 0.997757 2 1 0
447.105 0.99778 0.99778 2 1 0
447.605 0.997802 0.997802 2 1 0
448.105 0.997824 0.997824 2 1 0
448.605 0.997845 0.997845 2 1 0
449.105 0.997867 0.997867 2 1 0
449.605 0.997888 0.997888 2 1 0
450.105 0.997909 0.997909 2 1 0
450.605 0.99793 0.99793 2 1 0
451.105 0.99795 0.99795 2 1 0
451.605 0.99797 0.99797 2 1 0
452.105 0.997991 0.997991 2 1 0
452.605 0.998011 0.998011 2 1 0
453.105 0.99803 0.99803 2 1 0
453.605 0.99805 0.99805 2 1 0
454.105 0.998069 0.998069 2 1 0
454.605 0.998089 0.998089 2 1 0
455.105 0.998108 0.998108 2 1 0
455.605 0.998126 0.998126 2 1 0
456.105 0.998145 0.998145 2 1 0
456.605 0.998163 0.998163 2 1 0
457.105 0.998182 0.998182 2 1 0
457.605 0.9982 0.9982 2 1 0
458.105 0.998218 0.998218 2 1 0
458.605 0.998235 0.998235 2 1 0
459.105 0.998253 0.998253 2 1 0
459.605 0.99827 0.99827 2 1 0
460.105 0.998287 0.998287 2 1 0
460.605 0.998304 0.998304 2 1 0
461.105 0.998321 0.998321 2 1 0
461.605 0.998338 0.998338 2 1 0
462.105 0.998355 0.998355 2 1 0
462.605 0.998371 0.998371 2 1 0
463.105 0.998387 0.998387 2 1 0
463.605 0.998403 0.998403 2 1 0
464.105 0.998419 0.998419 2 1 0
464.605 0.998435 0.998435 2 1 0
465.105 0.99845 0.99845 2 1 0
465.605 0.998466 0.998466 2 1 0
466.105 0.998481 0.998481 2 1 0
466.605 0.998496 0.998496 2 1 0
467.105 0.998511 0.998511 2 1 0
467.605 0.998526 0.998526 2 1 0
468.105 0.99854 0.99854 2 1 0
468.605 0.998555 0.998555 2 1 0
469.105 0.998569 0.998569 2 1 0
469.605 0.998584 0.998584 2 1 0
470.105 0.998598 0.998598 2 1 0
470.605 0.998612 0.998612 2 1 0
471.105 0.998625 0.998625 2 1 0
471.605 0.998639 0.998639 2 1 0
472.105 0.998653 0.998653 2 1 0
472.605 0.998666 0.998666 2 1 0
473.105 0.998679 0.998679 2 1 0
473.605 0.998692 0.998692 2 1 0
474.105 0.998705 0.998705 2 1 0
474.605 0.998718 0.998718 2 1 0
475.105 0.998731 0.998731 2 1 0
475.605 0.998744 0.998744 2 1 0
476.105 0.998756 0.998756 2 1 0
476.605 0.998768 0.998768 2 1 0
477.105 0.998781 0.998781 2 1 0
477.605 0.998793 0.998793 2 1 0
478.105 0.998805 0.998805 2 1 0
478.605 0.998817 0.998817 2 1 0
479.105 0.998829 0.998829 2 1 0
479.605 0.99884 0.99884 2 1 0
480.105 0.998852 0.998852 2 1 0
480.605 0.998863 0.998863 2 1 0
481.105 0.998874 0.998874 2 1 0
481.605 0.998886 0.998886 2 1 0
482.105 0.998897 0.998897 2 1 0
482.605 0.998908 0.998908 2 1 0
483.105 0.998919 0.998919 2 1 0
483.605 0.998929 0.998929 2 1 0
484.105 0.99894 0.99894 2 1 0
484.605 0.99895 0.99895 2 1 0
485.105 0.998961 0.998961 2 1 0
485.605 0.998971 0.998971 2 1 0
486.105 0.998981 0.998981 2 1 0
486.605 0.998992 0.998992 2 1 0
487.105 0.999002 0.999002 2 1 0
487.605 0.999012 0.999012 2 1 0
488.105 0.999021 0.999021 2 1 0
488.605 0.999031 0.999031 2 1 0
489.105 0.999041 0.999041 2 1 0
489.605 0.99905 0.99905 2 1 0
490.105 0.99906 0.99906 2 1 0
490.605 0.999069 0.999069 2 1 0
491.105 0.999078 0.999078 2 1 0
491.605 0.999088 0.999088 2 1 0
492.105 0.999097 0.999097 2 1 0
492.605 0.999106 0.999106 2 1 0
493.105 0.999114 0.999114 2 1 0
493.605 0.999123 0.999123 2 1 0
494.105 0.999132 0.999132 2 1 0
494.605 0.999141 0.999141 2 1 0
495.105 0.999149 0.999149 2 1 0
495.605 0.999158 0.999158 2 1 0
496.105 0.999166 0.999166 2 1 0
496.605 0.999174 0.999174 2 1 0
497.105 0.999183 0.999183 2 1 0
497.605 0.999191 0.999191 2 1 0
498.105 0.999199 0.999199 2 1 0
498.605 0.999207 0.999207 2 1 0
499.105 0.999215 0.999215 2 1 0
499.605 0.999222 0.999222 2 1 0
500.105 0.99923 0.99923 2 1 0
500.605 0.999238 0.999238 2 1 0
501.105 0.999245 0.999245 2 1 0
501.605 0.999253 0.999253 2 1 0
502.105 0.99926 0.99926 2 1 0
502.605 0.999268 0.999268 2 1 0
503.105 0.999275 0.999275 2 1 0
503.605 0.999282 0.999282 2 1 0
504.105 0.999289 0.999289 2 1 0
504.605 0.999296 0.999296 2 1 0
505.105 0.999303 0.999303 2 1 0
505.605 0.99931 0.99931 2 1 0
506.105 0.999317 0.999317 2 1 0
506.605 0.999324 0.999324 2 1 0
507.105 0.999331 0.999331 2 1 0
507.605 0.999337 0.999337 2 1 0
508.105 0.999344 0.999344 2 1 0
508.605 0.99935 0.99935 2 1 0
509.105 0.999357 0.999357 2 1 0
509.605 0.999363 0.999363 2 1 0
510.105 0.99937 0.99937 2 1 0
510.605 0.999376 0.999376 2 1 0
511.105 0.999382 0.999382 2 1 0
511.605 0.999388 0.999388 2 1 0
512.105 0.999394 0.999394 2 1 0
512.605 0.9994 0.9994 2 1 0
513.105 0.999406 0.999406 2 1 0
513.605 0.999412 0.999412 2 1 0
514.105 0.999418 0.999418 2 1 0
514.605 0.999424 0.999424 2 1 0
515.105 0.99943 0.99943 2 1 0
515.605 0.999435 0.999435 2 1 0
516.105 0.999441 0.999441 2 1 0
516.605 0.999446 0.999446 2 1 0
517.105 0.999452 0.999452 2 1 0
517.605 0.999457 0.999457 2 1 0
518.105 0.999463 0.999463 2 1 0
518.605 0.999468 0.999468 2 1 0
519.105 0.999473 0.999473 2 1 0
519.605 0.999479 0.999479 2 1 0
520.105 0.999484 0.999484 2 1 0
520.605 0.999489 0.999489 2 1 0
521.105 0.999494 0.999494 2 1 0
521.605 0.999499 0.999499 2 1 0
522.105 0.999504 0.999504 2 1 0
522.605 0.999509 0.999509 2 1 0
523.105 0.999514 0.999514 2 1 0
523.605 0.999519 0.999519 2 1 0
524.105 0.999524 0.999524 2 1 0
524.605 0.999528 0.999528 2 1 0
525.105 0.999533 0.999533 2 1 0
525.605 0.999538 0.999538 2 1 0
526.105 0.999542 0.999542 2 1 0
526.605 0.999547 0.999547 2 1 0
527.105 0.999551 0.999551 2 1 0
527.605 0.999556 0.999556 2 1 0
528.105 0.99956 0.99956 2 1 0
528.605 0.999565 0.999565 2 1 0
529.105 0.999569 0.999569 2 1 0
529.605 0.999573 0.999573 2 1 0
530.105 0.999577 0.999577 2 1 0
530.605 0.999582 0.999582 2 1 0
531.105 0.999586 0.999586 2 1 0
531.605 0.99959 0.99959 2 1 0
532.105 0.999594 0.999594 2 1 0
532.605 0.999598 0.999598 2 1 0
533.105 0.999602 0.999602 2 1 0
533.605 0.999606 0.999606 2 1 0
534.105 0.99961 0.99961 2 1 0
534.605 0.999614 0.999614 2 1 0
535.105 0.999618 0.999618 2 1 0
535.605 0.999621 0.999621 2 1 0
536.105 0.999625 0.999625 2 1 0
536.605 0.999629 0.999629 2 1 0
537.105 0.999633 0.999633 2 1 0
537.605 0.999636 0.999636 2 1 0
538.105 0.99964 0.99964 2 1 0
538.105 0.99964 0.99964 2 1 0
538.145 0.99964 0.99964 2 1 0
538.185 0.99964 0.99964 2 1 0
538.265 0.999641 0.999641 2 1 0
538.425 0.999642 0.999642 2 1 0
538.745 0.999644 0.999644 2 1 0
539.245 0.999648 0.999648 2 1 0
539.745 0.999651 0.999651 2 1 0
540.245 0.999655 0.999655 2 1 0
540.745 0.999658 0.999658 2 1 0
541.245 0.999662 0.999662 2 1 0
541.745 0.999665 0.999665 2 1 0
542.245 0.999668 0.999668 2 1 0
542.745 0.999672 0.999672 2 1 0
543.245 0.999675 0.999675 2 1 0
543.745 0.999678 0.999678 2 1 0
544.245 0.999681 0.999681 2 1 0
544.745 0.999685 0.999685 2 1 0
545.245 0.999688 0.999688 2 1 0
545.745 0.999691 0.999691 2 1 0
546.245 0.999694 0.999694 2 1 0
546.745 0.999697 0.999697 2 1 0
547.245 0.9997 0.9997 2 1 0
547.745 0.999703 0.999703 2 1 0
548.245 0.999706 0.999706 2 1 0
548.745 0.999709 0.999709 2 1 0
549.245 0.999712 0.999712 2 1 0
549.745 0.999715 0.999715 2 1 0
550.245 0.999717 0.999717 2 1 0
550.745 0.99972 0.99972 2 1 0
551.245 0.999723 0.999723 2 1 0
551.745 0.999726 0.999726 2 1 0
552.245 0.999729 0.999729 2 1 0
552.745 0.999731 0.999731 2 1 0
553.245 0.999734 0.999734 2 1 0
553.745 0.999737 0.999737 2 1 0
554.245 0.999739 0.999739 2 1 0
554.745 0.999742 0.999742 2 1 0
555.245 0.999744 0.999744 2 1 0
555.745 0.999747 0.999747 2 1 0
556.245 0.999749 0.999749 2 1 0
556.745 0.999752 0.999752 2 1 0
557.245 0.999754 0.999754 2 1 0
557.745 0.999757 0.999757 2 1 0
558.245 0.999759 0.999759 2 1 0
558.745 0.999762 0.999762 2 1 0
559.245 0.999764 0.999764 2 1 0
559.745 0.999766 0.999766 2 1 0
560.245 0.999769 0.999769 2 1 0
560.745 0.999771 0.999771 2 1 0
561.245 0.999773 0.999773 2 1 0
561.745 0.999776 0.999776 2 1 0
562.245 0.999778 0.999778 2 1 0
562.745 0.99978 0.99978 2 1 0
563.245 0.999782 0.999782 2 1 0
563.745 0.999784 0.999784 2 1 0
564.245 0.999786 0.999786 2 1 0
564.745 0.999789 0.999789 2 1 0
565.245 0.999791 0.999791 2 1 0
565.745 0.999793 0.999793 2 1 0
566.245 0.999795 0.999795 2 1 0
566.745 0.999797 0.999797 2 1 0
567.245 0.999799 0.999799 2 1 0
567.745 0.999801 0.999801 2 1 0
568.245 0.999803 0.999803 2 1 0
568.745 0.999805 0.999805 2 1 0
569.245 0.999807 0.999807 2 1 0
569.745 0.999809 0.999809 2 1 0
570.245 0.999811 0.999811 2 1 0
570.745 0.999813 0.999813 2 1 0
571.245 0.999814 0.999814 2 1 0
571.745 0.999816 0.999816 2 1 0
572.245 0.999818 0.999818 2 1 0
572.745 0.99982 0.99982 2 1 0
573.245 0.999822 0.999822 2 1 0
573.745 0.999823 0.999823 2 1 0
574.245 0.999825 0.999825 2 1 0
574.745 0.999827 0.999827 2 1 0
575.245 0.999829 0.999829 2 1 0
575.745 0.99983 0.99983 2 1 0
576.245 0.999832 0.999832 2 1 0
576.745 0.999834 0.999834 2 1 0
577.245 0.999835 0.999835 2 1 0
577.745 0.999837 0.999837 2 1 0
578.245 0.999839 0.999839 2 1 0
578.745 0.99984 0.99984 2 1 0
579.245 0.999842 0.999842 2 1 0
579.745 0.999843 0.999843 2 1 0
580.245 0.999845 0.999845 2 1 0
580.745 0.999846 0.999846 2 1 0
581.245 0.999848 0.999848 2 1 0
581.745 0.99985 0.99985 2 1 0
582.245 0.999851 0.999851 2 1 0
582.745 0.999853 0.999853 2 1 0
583.245 0.999854 0.999854 2 1 0
583.745 0.999855 0.999855 2 1 0
584.245 0.999857 0.999857 2 1 0
584.745 0.999858 0.999858 2 1 0
585.245 0.99986 0.99986 2 1 0
585.745 0.999861 0.999861 2 1 0
586.245 0.999862 0.999862 2 1 0
586.745 0.999864 0.999864 2 1 0
587.245 0.999865 0.999865 2 1 0
587.745 0.999867 0.999867 2 1 0
588.245 0.999868 0.999868 2 1 0
588.745 0.999869 0.999869 2 1 0
589.245 0.99987 0.99987 2 1 0
589.745 0.999872 0.999872 2 1 0
590.245 0.999873 0.999873 2 1 0
590.745 0.999874 0.999874 2 1 0
591.245 0.999876 0.999876 2 1 0
591.745 0.999877 0.999877 2 1 0
592.245 0.999878 0.999878 2 1 0
592.745 0.999879 0.999879 2 1 0
593.245 0.99988 0.99988 2 1 0
593.745 0.999882 0.999882 2 1 0
594.245 0.999883 0.999883 2 1 0
594.745 0.999884 0.999884 2 1 0
595.245 0.999885 0.999885 2 1 0
595.745 0.999886 0.999886 2 1 0
596.245 0.999887 0.999887 2 1 0
596.745 0.999889 0.999889 2 1 0
597.245 0.99989 0.99989 2 1 0
597.745 0.999891 0.999891 2 1 0
598.245 0.999892 0.999892 2 1 0
598.745 0.999893 0.999893 2 1 0
599.245 0.999894 0.999894 2 1 0
599.745 0.999895 0.999895 2 1 0
600.245 0.999896 0.999896 2 1 0
600.745 0.999897 0.999897 2 1 0
601.245 0.999898 0.999898 2 1 0
601.745 0.999899 0.999899 2 1 0
602.245 0.9999 0.9999 2 1 0
602.745 0.999901 0.999901 2 1 0
603.245 0.999902 0.999902 2 1 0
603.745 0.999903 0.999903 2 1 0
604.245 0.999904 0.999904 2 1 0
604.745 0.999905 0.999905 2 1 0
605.245 0.999906 0.999906 2 1 0
605.745 0.999907 0.999907 2 1 0
606.245 0.999908 0.999908 2 1 0
606.745 0.999909 0.999909 2 1 0
607.245 0.99991 0.99991 2 1 0
607.745 0.999911 0.999911 2 1 0
608.245 0.999911 0.999911 2 1 0
608.745 0.999912 0.999912 2 1 0
609.245 0.999913 0.999913 2 1 0
609.745 0.999914 0.999914 2 1 0
610.245 0.999915 0.999915 2 1 0
610.745 0.999916 0.999916 2 1 0
611.245 0.999917 0.999917 2 1 0
611.745 0.999917 0.999917 2 1 0
612.245 0.999918 0.999918 2 1 0
612.745 0.999919 0.999919 2 1 0
613.245 0.99992 0.99992 2 1 0
613.745 0.999921 0.999921 2 1 0
614.245 0.999921 0.999921 2 1 0
614.745 0.999922 0.999922 2 1 0
615.245 0.999923 0.999923 2 1 0
615.745 0.999924 0.999924 2 1 0
616.245 0.999925 0.999925 2 1 0
616.745 0.999925 0.999925 2 1 0
617.245 0.999926 0.999926 2 1 0
617.745 0.999927 0.999927 2 1 0
618.245 0.999927 0.999927 2 1 0
618.745 0.999928 0.999928 2 1 0
619.245 0.999929 0.999929 2 1 0
619.745 0.99993 0.99993 2 1 0
620.245 0.99993 0.99993 2 1 0
620.745 0.999931 0.999931 2 1 0
621.245 0.999932 0.999932 2 1 0
621.745 0.999932 0.999932 2 1 0
622.245 0.999933 0.999933 2 1 0
622.745 0.999934 0.999934 2 1 0
623.245 0.999934 0.999934 2 1 0
623.745 0.999935 0.999935 2 1 0
624.245 0.999936 0.999936 2 1 0
624.745 0.999936 0.999936 2 1 0
625.245 0.999937 0.999937 2 1 0
625.745 0.999938 0.999938 2 1 0
626.245 0.999938 0.999938 2 1 0
626.745 0.999939 0.999939 2 1 0
627.245 0.999939 0.999939 2 1 0
627.745 0.99994 0.99994 2 1 0
628.245 0.999941 0.999941 2 1 0
628.745 0.999941 0.999941 2 1 0
629.245 0.999942 0.999942 2 1 0
629.745 0.999942 0.999942 2 1 0
630.245 0.999943 0.999943 2 1 0
630.745 0.999944 0.999944 2 1 0
631.245 0.999944 0.999944 2 1 0
631.745 0.999945 0.999945 2 1 0
632.245 0.999945 0.999945 2 1 0
632.745 0.999946 0.999946 2 1 0
633.245 0.999946 0.999946 2 1 0
633.745 0.999947 0.999947 2 1 0
634.245 0.999947 0.999947 2 1 0
634.745 0.999948 0.999948 2 1 0
635.245 0.999948 0.999948 2 1 0
635.745 0.999949 0.999949 2 1 0
50 0.147141 0.147141 2 1 0
49.96 0.147084 0.147084 1 1 0
49.92 0.147028 0.147028 1 1 0
49.84 0.146916 0.146916 1 1 0
49.68 0.146692 0.146692 1 1 0
49.36 0.146248 0.146248 1 1 0
48.86 0.145559 0.145559 1 1 0
48.36 0.144879 0.144879 1 1 0
47.86 0.144207 0.144207 1 1 0
47.36 0.143543 0.143543 1 1 0
46.86 0.142886 0.142886 1 1 0
46.36 0.142237 0.142237 1 1 0
45.86 0.141596 0.141596 1 1 0
45.36 0.140963 0.140963 1 1 0
44.86 0.140337 0.140337 1 1 0
44.36 0.139718 0.139718 1 1 0
43.86 0.139107 0.139107 1 1 0
43.3601 0.138503 0.138503 1 1 0
42.8601 0.137906 0.137906 1 1 0
42.3601 0.137316 0.137316 1 1 0
41.8601 0.136732 0.136732 1 1 0
41.3601 0.136156 0.136156 1 1 0
40.8601 0.135586 0.135586 1 1 0
40.3601 0.135024 0.135024 1 1 0
39.8601 0.134467 0.134467 1 1 0
39.3601 0.133917 0.133917 1 1 0
38.8601 0.133374 0.133374 1 1 0
38.3601 0.132837 0.132837 1 1 0
37.8601 0.132306 0.132306 1 1 0
37.3601 0.131781 0.131781 1 1 0
36.8601 0.131262 0.131262 1 1 0
36.3601 0.13075 0.13075 1 1 0
35.8601 0.130243 0.130243 1 1 0
35.3601 0.129742 0.129742 1 1 0
34.8601 0.129247 0.129247 1 1 0
34.3601 0.128758 0.128758 1 1 0
33.8601 0.128274 0.128274 1 1 0
33.3601 0.127795 0.127795 1 1 0
32.8601 0.127323 0.127323 1 1 0
32.3601 0.126855 0.126855 1 1 0
31.8601 0.126393 0.126393 1 1 0
31.3601 0.125936 0.125936 1 1 0
30.8601 0.125485 0.125485 1 1 0
30.3601 0.125038 0.125038 1 1 0
29.8601 0.124596 0.124596 1 1 0
29.3601 0.12416 0.12416 1 1 0
28.8601 0.123728 0.123728 1 1 0
28.3601 0.123301 0.123301 1 1 0
27.8602 0.122879 0.122879 1 1 0
27.3602 0.122462 0.122462 1 1 0
26.8602 0.122049 0.122049 1 1 0
26.3602 0.121641 0.121641 1 1 0
25.8602 0.121238 0.121238 1 1 0
25.3602 0.120839 0.120839 1 1 0
24.8602 0.120444 0.120444 1 1 0
24.3602 0.120053 0.120053 1 1 0
23.8602 0.119667 0.119667 1 1 0
23.3602 0.119286 0.119286 1 1 0
22.8602 0.118908 0.118908 1 1 0
22.3602 0.118534 0.118534 1 1 0
21.8602 0.118165 0.118165 1 1 0
21.3602 0.117799 0.117799 1 1 0
20.8602 0.117438 0.117438 1 1 0
20.3602 0.11708 0.11708 1 1 0
19.8602 0.116726 0.116726 1 1 0
19.3602 0.116376 0.116376 1 1 0
18.8602 0.11603 0.11603 1 1 0
18.3602 0.115687 0.115687 1 1 0
17.8602 0.115348 0.115348 1 1 0
17.3602 0.115012 0.115012 1 1 0
16.8602 0.114681 0.114681 1 1 0
16.3602 0.114352 0.114352 1 1 0
15.8602 0.114027 0.114027 1 1 0
15.3602 0.113706 0.113706 1 1 0
14.8602 0.113387 0.113387 1 1 0
14.3602 0.113072 0.113072 1 1 0
13.8602 0.112761 0.112761 1 1 0
13.3602 0.112452 0.112452 1 1 0
12.8602 0.112147 0.112147 1 1 0
12.3602 0.111845 0.111845 1 1 0
11.8602 0.111546 0.111546 1 1 0
11.3602 0.11125 0.11125 1 1 0
10.8602 0.110957 0.110957 1 1 0
10.3602 0.110667 0.110667 1 1 0
9.86024 0.11038 0.11038 1 1 0
9.36024 0.110096 0.110096 1 1 0
8.86024 0.109814 0.109814 1 1 0
8.36024 0.109536 0.109536 1 1 0
7.86024 0.10926 0.10926 1 1 0
7.36025 0.108987 0.108987 1 1 0
6.86025 0.108717 0.108717 1 1 0
6.36025 0.108449 0.108449 1 1 0
5.86025 0.108184 0.108184 1 1 0
5.36025 0.107922 0.107922 1 1 0
4.86026 0.107662 0.107662 1 1 0
4.36026 0.107405 0.107405 1 1 0
3.86026 0.10715 0.10715 1 1 0
3.36026 0.106897 0.106897 1 1 0
2.86026 0.106648 0.106648 1 1 0
2.36026 0.1064 0.1064 1 1 0
1.86027 0.106155 0.106155 1 1 0
1.36027 0.105912 0.105912 1 1 0
0.860268 0.105672 0.105672 1 1 0
0.36027 0.105433 0.105433 1 1 0
-0.139728 0.105197 0.105197 1 1 0
413.715 0.285714 0.285714 4 23 0
391.822 0.295817 0.274385 4 23 0
391.802 0.295822 0.274378 4 23 0
391.762 0.295832 0.274367 4 23 0
391.682 0.295853 0.27434 4 23 0
391.522 0.295895 0.274288 4 23 0
391.202 0.295978 0.274185 4 23 0
390.702 0.296108 0.274024 4 23 0
390.202 0.296238 0.273864 4 23 0
389.702 0.296365 0.273699 4 23 0
389.202 0.296494 0.273539 4 23 0
388.702 0.296621 0.27338 4 23 0
388.202 0.296746 0.273214 4 23 0
387.702 0.296873 0.273055 4 23 0
387.202 0.296999 0.272897 4 23 0
386.702 0.297123 0.272736 4 23 0
386.202 0.297248 0.272578 4 23 0
385.702 0.297373 0.272421 4 23 0
385.202 0.297498 0.272264 4 23 0
384.702 0.297621 0.272107 4 23 0
384.202 0.297745 0.27195 4 23 0
383.702 0.297868 0.271792 4 23 0
383.202 0.29799 0.271635 4 23 0
382.702 0.298113 0.271479 4 23 0
382.202 0.298236 0.271329 4 23 0
381.702 0.298357 0.271173 4 23 0
381.202 0.298479 0.271018 4 23 0
380.702 0.2986 0.270863 4 23 0
380.202 0.298721 0.270705 4 23 0
379.702 0.298842 0.270548 4 23 0
379.202 0.298962 0.270386 4 23 0
378.702 0.299082 0.270229 4 23 0
378.202 0.299202 0.270072 4 23 0
377.702 0.299322 0.26991 4 23 0
377.202 0.299442 0.269753 4 23 0
376.702 0.299561 0.269597 4 23 0
376.202 0.299681 0.269441 4 23 0
375.702 0.2998 0.269283 4 23 0
375.202 0.299919 0.269126 4 23 0
374.702 0.300038 0.268974 4 23 0
374.202 0.300157 0.268816 4 23 0
373.702 0.300276 0.268658 4 23 0
373.202 0.300395 0.268499 4 23 0
372.702 0.300514 0.268341 4 23 0
372.202 0.300632 0.268183 4 23 0
371.702 0.300751 0.268026 4 23 0
371.202 0.300869 0.267867 4 23 0
370.702 0.300988 0.267708 4 23 0
370.202 0.301105 0.267556 4 23 0
369.702 0.301224 0.267396 4 23 0
369.202 0.301343 0.267236 4 23 0
368.702 0.301463 0.267071 4 23 0
368.202 0.301582 0.266911 4 23 0
367.702 0.301701 0.266751 4 23 0
367.202 0.301806 0.266592 4 23 0
366.702 0.301924 0.266432 4 23 0
366.202 0.302043 0.266272 4 23 0
365.702 0.302169 0.266119 4 23 0
365.202 0.302288 0.265959 4 23 0
364.702 0.302407 0.265798 4 23 0
364.202 0.302533 0.265622 4 23 0
363.702 0.302652 0.265459 4 23 0
363.202 0.302772 0.265296 4 23 0
362.702 0.30288 0.26515 4 23 0
362.202 0.303 0.264988 4 23 0
361.702 0.303119 0.264825 4 23 0
361.202 0.303232 0.264641 4 23 0
360.702 0.303352 0.264476 4 23 0
360.202 0.303472 0.264311 4 23 0
359.702 0.303602 0.264149 4 23 0
359.202 0.303722 0.263984 4 23 0
358.702 0.303843 0.263818 4 23 0
358.202 0.303971 0.26365 4 23 0
357.702 0.304092 0.263483 4 23 0
357.202 0.304214 0.263316 4 23 0
356.702 0.304315 0.263142 4 23 0
356.202 0.304438 0.262973 4 23 0
355.702 0.304561 0.262803 4 23 0
355.202 0.3047 0.262649 4 23 0
354.702 0.304823 0.26248 4 23 0
354.202 0.304947 0.262309 4 23 0
353.702 0.305073 0.262125 4 23 0
353.202 0.305197 0.261954 4 23 0
352.702 0.305321 0.261783 4 23 0
352.202 0.305448 0.261602 4 23 0
351.702 0.305573 0.261429 4 23 0
351.202 0.305698 0.261255 4 23 0
350.702 0.305826 0.261075 4 23 0
350.202 0.305951 0.2609 4 23 0
349.702 0.306077 0.260724 4 23 0
349.202 0.306205 0.260546 4 23 0
348.702 0.306331 0.260369 4 23 0
348.202 0.306458 0.26019 4 23 0
347.702 0.306585 0.260015 4 23 0
347.202 0.306713 0.259835 4 23 0
346.702 0.30684 0.259654 4 23 0
346.202 0.306968 0.259482 4 23 0
345.702 0.307096 0.259299 4 23 0
345.202 0.307225 0.259116 4 23 0
344.702 0.307354 0.258946 4 23 0
344.202 0.307483 0.258764 4 23 0
343.702 0.307612 0.258578 4 23 0
343.202 0.307742 0.258377 4 23 0
342.702 0.307873 0.258192 4 23 0
342.202 0.308003 0.258007 4 23 0
341.702 0.308133 0.257821 4 23 0
341.202 0.308264 0.257634 4 23 0
340.702 0.308396 0.257447 4 23 0
340.202 0.308524 0.257265 4 23 0
339.702 0.308656 0.257076 4 23 0
339.202 0.308789 0.256887 4 23 0
338.702 0.308918 0.256698 4 23 0
338.202 0.309052 0.256507 4 23 0
337.702 0.309186 0.256312 4 23 0
337.202 0.309316 0.256118 4 23 0
336.702 0.309451 0.255921 4 23 0
336.202 0.309586 0.255724 4 23 0
335.702 0.309716 0.255528 4 23 0
335.202 0.309852 0.255329 4 23 0
334.702 0.309989 0.25513 4 23 0
334.202 0.31012 0.254932 4 23 0
333.702 0.310258 0.254731 4 23 0
333.202 0.310395 0.254528 4 23 0
332.702 0.310528 0.254328 4 23 0
332.202 0.310667 0.254124 4 23 0
331.702 0.310807 0.253919 4 23 0
331.202 0.310952 0.253715 4 23 0
330.702 0.311094 0.253508 4 23 0
330.202 0.311236 0.253301 4 23 0
329.702 0.311382 0.253094 4 23 0
329.202 0.311525 0.252884 4 23 0
328.702 0.311669 0.252674 4 23 0
328.202 0.311816 0.252464 4 23 0
327.702 0.311961 0.252251 4 23 0
327.202 0.312106 0.252038 4 23 0
326.702 0.312255 0.251825 4 23 0
326.202 0.312401 0.251609 4 23 0
325.702 0.312548 0.251393 4 23 0
325.202 0.312698 0.251177 4 23 0
324.702 0.312847 0.250959 4 23 0
324.202 0.312996 0.25074 4 23 0
323.702 0.313143 0.250517 4 23 0
323.202 0.313293 0.250296 4 23 0
322.702 0.313444 0.250075 4 23 0
322.202 0.31361 0.249876 4 23 0
321.702 0.313762 0.249654 4 23 0
321.202 0.313914 0.249429 4 23 0
320.702 0.314069 0.249186 4 23 0
320.202 0.314222 0.248957 4 23 0
319.702 0.314376 0.248728 4 23 0
319.202 0.314532 0.248495 4 23 0
318.702 0.314687 0.248265 4 23 0
318.202 0.314844 0.248034 4 23 0
317.702 0.315 0.247797 4 23 0
317.202 0.315157 0.247562 4 23 0
316.702 0.315316 0.247326 4 23 0
316.202 0.315476 0.24709 4 23 0
315.702 0.315635 0.246853 4 23 0
315.202 0.315796 0.246614 4 23 0
314.702 0.315953 0.24639 4 23 0
314.202 0.316115 0.24615 4 23 0
313.702 0.316278 0.245909 4 23 0
313.202 0.316438 0.245664 4 23 0
312.702 0.316602 0.245416 4 23 0
312.202 0.316767 0.245167 4 23 0
311.702 0.316929 0.244914 4 23 0
311.202 0.317095 0.244662 4 23 0
310.702 0.317262 0.244409 4 23 0
310.202 0.317426 0.244153 4 23 0
309.702 0.317594 0.243897 4 23 0
309.202 0.317763 0.24364 4 23 0
308.702 0.317928 0.243382 4 23 0
308.202 0.318099 0.243122 4 23 0
307.702 0.31827 0.242861 4 23 0
307.202 0.318435 0.242601 4 23 0
306.702 0.318609 0.242337 4 23 0
306.202 0.318783 0.242071 4 23 0
305.702 0.318949 0.241809 4 23 0
305.202 0.319125 0.241539 4 23 0
304.702 0.319301 0.241269 4 23 0
304.202 0.31947 0.241002 4 23 0
303.702 0.319648 0.240727 4 23 0
303.202 0.319828 0.240452 4 23 0
302.702 0.319998 0.240179 4 23 0
302.202 0.32018 0.2399 4 23 0
301.702 0.320365 0.239619 4 23 0
301.202 0.320558 0.239341 4 23 0
300.702 0.320744 0.239057 4 23 0
300.202 0.320932 0.238771 4 23 0
299.702 0.321128 0.238488 4 23 0
299.202 0.321317 0.238199 4 23 0
298.702 0.321507 0.237908 4 23 0
298.202 0.321706 0.237619 4 23 0
297.702 0.321898 0.237324 4 23 0
297.202 0.322092 0.237028 4 23 0
296.702 0.322293 0.236733 4 23 0
296.202 0.322489 0.236433 4 23 0
295.702 0.322685 0.236131 4 23 0
295.202 0.322889 0.235831 4 23 0
294.702 0.323088 0.235525 4 23 0
294.702 0.323088 0.235525 4 23 0
294.682 0.323096 0.235512 4 23 0
294.642 0.323112 0.235488 4 23 0
294.562 0.323147 0.235442 4 23 0
294.402 0.323211 0.235343 4 23 0
294.082 0.32334 0.235145 4 23 0
293.582 0.323543 0.234836 4 23 0
293.082 0.323746 0.234524 4 23 0
292.582 0.32395 0.23421 4 23 0
292.082 0.32416 0.233897 4 23 0
291.582 0.324367 0.233579 4 23 0
291.082 0.324574 0.233258 4 23 0
290.582 0.324787 0.232939 4 23 0
290.082 0.324997 0.232614 4 23 0
289.582 0.325208 0.232287 4 23 0
289.082 0.325424 0.231962 4 23 0
288.582 0.325638 0.23163 4 23 0
288.082 0.325853 0.231297 4 23 0
287.582 0.326072 0.230965 4 23 0
287.082 0.326289 0.230626 4 23 0
286.582 0.326508 0.230286 4 23 0
286.082 0.326731 0.229947 4 23 0
285.582 0.326952 0.229602 4 23 0
285.082 0.327176 0.229254 4 23 0
284.582 0.327401 0.228908 4 23 0
284.082 0.327627 0.228555 4 23 0
283.582 0.327854 0.228201 4 23 0
283.082 0.328083 0.227846 4 23 0
282.582 0.328313 0.227487 4 23 0
282.082 0.328545 0.227124 4 23 0
281.582 0.328776 0.226762 4 23 0
281.082 0.329011 0.226395 4 23 0
280.582 0.329247 0.226025 4 23 0
280.082 0.329482 0.225655 4 23 0
279.582 0.329721 0.225279 4 23 0
279.082 0.329962 0.224901 4 23 0
278.582 0.330199 0.224523 4 23 0
278.082 0.330443 0.224139 4 23 0
277.582 0.330688 0.223753 4 23 0
277.082 0.330927 0.223366 4 23 0
276.582 0.331176 0.222973 4 23 0
276.082 0.331426 0.222578 4 23 0
275.582 0.331664 0.222182 4 23 0
275.082 0.331918 0.221781 4 23 0
274.582 0.332173 0.221377 4 23 0
274.082 0.332406 0.220972 4 23 0
273.582 0.332664 0.220561 4 23 0
273.082 0.332925 0.220148 4 23 0
272.582 0.33313 0.219735 4 23 0
272.082 0.333394 0.219314 4 23 0
271.582 0.333659 0.21889 4 23 0
271.082 0.333898 0.218462 4 23 0
270.582 0.334167 0.218032 4 23 0
270.082 0.334438 0.2176 4 23 0
269.582 0.33475 0.217163 4 23 0
269.082 0.335025 0.216723 4 23 0
268.582 0.335303 0.216279 4 23 0
268.082 0.33561 0.215832 4 23 0
267.582 0.335893 0.215381 4 23 0
267.082 0.336177 0.214926 4 23 0
266.582 0.336521 0.214492 4 23 0
266.082 0.33681 0.214026 4 23 0
265.582 0.337102 0.213557 4 23 0
265.082 0.337337 0.213078 4 23 0
264.582 0.337632 0.212602 4 23 0
264.082 0.33793 0.212122 4 23 0
263.582 0.338247 0.211638 4 23 0
263.082 0.33855 0.21115 4 23 0
262.582 0.338855 0.210658 4 23 0
262.082 0.339164 0.210162 4 23 0
261.582 0.339474 0.209662 4 23 0
261.082 0.339787 0.209157 4 23 0
260.582 0.340097 0.208649 4 23 0
260.082 0.340415 0.208135 4 23 0
259.582 0.340736 0.207617 4 23 0
259.082 0.341076 0.207095 4 23 0
258.582 0.34141 0.206567 4 23 0
258.082 0.341747 0.206034 4 23 0
257.582 0.342114 0.205505 4 23 0
257.082 0.342456 0.20496 4 23 0
256.582 0.342802 0.20441 4 23 0
256.082 0.343149 0.203857 4 23 0
255.582 0.343501 0.203297 4 23 0
255.082 0.343857 0.202732 4 23 0
254.582 0.344213 0.202168 4 23 0
254.082 0.344576 0.201591 4 23 0
253.582 0.344941 0.201008 4 23 0
253.082 0.345304 0.200417 4 23 0
252.582 0.345677 0.199824 4 23 0
252.082 0.346054 0.199226 4 23 0
251.582 0.346447 0.198622 4 23 0
251.082 0.346831 0.198009 4 23 0
250.582 0.34722 0.197391 4 23 0
250.082 0.347611 0.196766 4 23 0
249.582 0.348008 0.196135 4 23 0
249.082 0.348408 0.195498 4 23 0
248.582 0.348822 0.194852 4 23 0
248.082 0.349231 0.1942 4 23 0
247.582 0.349645 0.193541 4 23 0
247.082 0.350069 0.192873 4 23 0
246.582 0.350492 0.192199 4 23 0
246.082 0.35092 0.191517 4 23 0
245.582 0.351356 0.190831 4 23 0
245.082 0.351794 0.190134 4 23 0
244.582 0.352236 0.189429 4 23 0
244.082 0.352701 0.1887 4 23 0
243.582 0.353154 0.187975 4 23 0
243.082 0.353612 0.187241 4 23 0
242.582 0.354085 0.186496 4 23 0
242.082 0.354555 0.185742 4 23 0
241.582 0.355031 0.184978 4 23 0
241.082 0.355515 0.184207 4 23 0
240.582 0.356002 0.18342 4 23 0
240.082 0.356496 0.182623 4 23 0
239.582 0.356984 0.181819 4 23 0
239.082 0.35749 0.180998 4 23 0
238.582 0.358004 0.180165 4 23 0
238.082 0.358461 0.17933 4 23 0
237.582 0.358987 0.17847 4 23 0
237.082 0.359521 0.177596 4 23 0
236.582 0.36008 0.176744 4 23 0
236.082 0.360646 0.175838 4 23 0
235.582 0.361221 0.174917 4 23 0
235.082 0.361857 0.174016 4 23 0
234.582 0.362451 0.173059 4 23 0
234.082 0.363057 0.172085 4 23 0
233.582 0.363656 0.171121 4 23 0
233.082 0.364278 0.170125 4 23 0
232.582 0.364914 0.169088 4 23 0
232.082 0.365519 0.167999 4 23 0
231.582 0.366199 0.166931 4 23 0
231.082 0.366896 0.165837 4 23 0
230.582 0.367546 0.164665 4 23 0
230.082 0.368285 0.163504 4 23 0
229.582 0.369046 0.16231 4 23 0
229.082 0.369777 0.161144 4 23 0
228.582 0.370592 0.159862 4 23 0
228.082 0.371438 0.158534 4 23 0
227.582 0.372281 0.157206 4 23 0
227.082 0.373185 0.15579 4 23 0
226.582 0.374159 0.154276 4 23 0
226.082 0.375146 0.152653 4 23 0
225.582 0.37625 0.150951 4 23 0
225.082 0.377449 0.149116 4 23 0
224.582 0.378851 0.147106 4 23 0
224.082 0.380323 0.144847 4 23 0
223.582 0.382099 0.142138 4 23 0
223.082 0.384563 0.138317 4 23 0
222.957 0.385603 0.136803 4 23 0
222.888 0.386492 0.135557 4 23 0
222.85 0.387471 0.134128 4 23 0
222.848 0.387649 0.133866 4 23 0
222.847 0.387731 0.133745 4 23 0
222.847 0.387886 0.133531 3 23 0
222.847 0.387917 0.133487 3 23 0
222.847 0.38793 0.133468 3 23 0
222.847 0.387951 0.13342 3 23 0
222.847 0.387988 0.133366 3 23 0
222.848 0.388043 0.133285 3 23 0
222.848 0.38811 0.133187 3 23 0
222.849 0.388182 0.133082 3 23 0
222.851 0.388267 0.132959 3 23 0
222.853 0.388376 0.132806 3 23 0
222.856 0.388498 0.132629 3 23 0
222.861 0.388645 0.132415 3 23 0
222.869 0.388836 0.132152 3 23 0
222.88 0.389053 0.131838 3 23 0
222.897 0.389318 0.131456 3 23 0
222.923 0.389662 0.130988 3 23 0
222.961 0.390055 0.130426 3 23 0
223.018 0.390533 0.129746 3 23 0
223.104 0.391162 0.128926 3 23 0
223.233 0.391873 0.127932 3 23 0
223.427 0.392745 0.126736 3 23 0
223.718 0.393844 0.125284 3 23 0
224.153 0.395213 0.123571 3 23 0
224.653 0.396532 0.121974 3 23 0
225.153 0.397586 0.120642 3 23 0
225.653 0.398614 0.119454 3 23 0
226.153 0.399551 0.118388 3 23 0
226.653 0.400346 0.117461 3 23 0
227.153 0.401164 0.116567 3 23 0
227.653 0.401933 0.115735 3 23 0
228.153 0.402617 0.114956 3 23 0
228.653 0.403317 0.114223 3 23 0
229.153 0.403987 0.113528 3 23 0
229.653 0.404593 0.112792 3 23 0
230.153 0.405217 0.112153 3 23 0
230.653 0.40582 0.111542 3 23 0
231.153 0.406369 0.111035 3 23 0
231.653 0.406939 0.110479 3 23 0
232.153 0.407492 0.109944 3 23 0
232.653 0.408046 0.109331 3 23 0
233.153 0.408567 0.108822 3 23 0
233.653 0.409075 0.108329 3 23 0
234.153 0.409558 0.107841 3 23 0
234.653 0.410048 0.107378 3 23 0
235.153 0.410527 0.106928 3 23 0
235.653 0.410971 0.106489 3 23 0
236.153 0.411421 0.106063 3 23 0
236.153 0.411421 0.106063 4 23 0
236.173 0.411438 0.106046 3 23 0
236.213 0.411474 0.106012 3 23 0
236.293 0.411576 0.105987 3 23 0
236.413 0.411683 0.105889 3 23 0
236.593 0.411843 0.105743 3 23 0
236.953 0.412131 0.105402 3 23 0
237.453 0.41256 0.105002 3 23 0
237.953 0.41298 0.104611 3 23 0
238.453 0.413396 0.10428 3 23 0
238.953 0.413803 0.103911 3 23 0
239.453 0.414203 0.103551 3 23 0
239.953 0.41463 0.103236 3 23 0
240.453 0.415044 0.102892 3 23 0
240.953 0.415453 0.102554 3 23 0
241.453 0.415853 0.102178 3 23 0
241.953 0.41625 0.101841 3 23 0
242.453 0.416641 0.10151 3 23 0
242.953 0.417021 0.101153 3 23 0
243.453 0.417402 0.100836 3 23 0
243.953 0.417778 0.100524 3 23 0
244.453 0.418142 0.100315 3 23 0
244.953 0.418509 0.10001 3 23 0
245.453 0.418872 0.09971 3 23 0
245.953 0.419229 0.0993722 3 23 0
246.453 0.419583 0.0990829 3 23 0
246.953 0.419932 0.0987982 3 23 0
247.453 0.420277 0.0985068 3 23 0
247.953 0.420618 0.0982312 3 23 0
248.453 0.420956 0.0979598 3 23 0
248.953 0.42129 0.0977909 3 23 0
249.453 0.421621 0.097524 3 23 0
249.953 0.421949 0.0972609 3 23 0
250.453 0.422273 0.0969046 3 23 0
250.953 0.422594 0.0966528 3 23 0
251.453 0.422911 0.0964044 3 23 0
251.953 0.423224 0.0961928 3 23 0
252.453 0.423534 0.0959492 3 23 0
252.953 0.423842 0.0957088 3 23 0
253.453 0.424143 0.0954383 3 23 0
253.953 0.424444 0.0952069 3 23 0
254.453 0.424742 0.0949784 3 23 0
254.953 0.425037 0.0947552 3 23 0
255.453 0.425329 0.0945331 3 23 0
255.953 0.425619 0.0943137 3 23 0
256.453 0.425907 0.0941098 3 23 0
256.953 0.426191 0.0938967 3 23 0
257.453 0.426473 0.0936862 3 23 0
257.953 0.426756 0.0934842 3 23 0
258.453 0.427033 0.093279 3 23 0
258.953 0.427308 0.0930762 3 23 0
259.453 0.427585 0.0928815 3 23 0
259.953 0.427855 0.0926836 3 23 0
260.453 0.428123 0.092488 3 23 0
260.953 0.428395 0.0922884 3 23 0
261.453 0.428659 0.092097 3 23 0
261.953 0.428925 0.0919077 3 23 0
262.453 0.429196 0.0917092 3 23 0
262.953 0.429468 0.0915237 3 23 0
263.453 0.429738 0.0913402 3 23 0
263.953 0.430003 0.0911489 3 23 0
264.453 0.430269 0.0909691 3 23 0
264.953 0.430532 0.0907912 3 23 0
265.453 0.43079 0.0906069 3 23 0
265.953 0.43105 0.0904325 3 23 0
266.453 0.431307 0.0902599 3 23 0
266.953 0.431559 0.0900723 3 23 0
267.453 0.431812 0.0899027 3 23 0
267.953 0.432064 0.0897349 3 23 0
268.453 0.432312 0.0895574 3 23 0
268.953 0.432559 0.0893926 3 23 0
269.453 0.432805 0.0892294 3 23 0
269.953 0.433047 0.0890642 3 23 0
270.453 0.433289 0.0889041 3 23 0
270.953 0.43353 0.0887456 3 23 0
271.453 0.433764 0.0885521 3 23 0
271.953 0.434001 0.088395 3 23 0
272.453 0.434236 0.0882393 3 23 0
272.953 0.434476 0.088131 3 23 0
273.453 0.434707 0.08798 3 23 0
273.953 0.434937 0.0878304 3 23 0
274.453 0.435163 0.0876927 3 23 0
274.953 0.435389 0.0875397 3 23 0
275.453 0.435614 0.087388 3 23 0
275.953 0.435835 0.0872989 3 23 0
276.453 0.436057 0.0871567 3 23 0
276.953 0.436278 0.0870158 3 23 0
277.453 0.436499 0.0867664 3 23 0
277.953 0.436716 0.0866224 3 23 0
278.453 0.436932 0.0864796 3 23 0
278.953 0.437143 0.0864112 3 23 0
279.453 0.437356 0.0862697 3 23 0
279.953 0.437568 0.0861294 3 23 0
280.453 0.437779 0.0859163 3 23 0
280.953 0.437987 0.0857801 3 23 0
281.453 0.438194 0.085645 3 23 0
281.953 0.4384 0.085617 3 23 0
282.453 0.438604 0.0854829 3 23 0
282.953 0.438808 0.0853498 3 23 0
283.453 0.439008 0.0851472 3 23 0
283.953 0.439208 0.0850163 3 23 0
284.453 0.439407 0.0848865 3 23 0
284.953 0.439607 0.0847432 3 23 0
285.453 0.439804 0.0846162 3 23 0
285.953 0.439999 0.0844902 3 23 0
286.453 0.440193 0.0843726 3 23 0
286.953 0.440386 0.0842484 3 23 0
287.453 0.440577 0.0841253 3 23 0
287.953 0.44077 0.084041 3 23 0
288.453 0.44096 0.0839187 3 23 0
288.953 0.441148 0.0837974 3 23 0
289.453 0.441333 0.0836397 3 23 0
289.953 0.441518 0.0835218 3 23 0
290.453 0.441702 0.0834049 3 23 0
290.953 0.441894 0.0834487 3 23 0
291.453 0.442077 0.0833339 3 23 0
291.953 0.442259 0.0832199 3 23 0
292.453 0.442414 0.0829489 3 23 0
292.953 0.442591 0.0828362 3 23 0
293.453 0.442768 0.0827245 3 23 0
293.953 0.442969 0.082617 3 23 0
294.453 0.443145 0.0825066 3 23 0
294.953 0.443319 0.082397 3 23 0
295.453 0.443479 0.0822895 3 23 0
295.953 0.44365 0.0821833 3 23 0
296.453 0.44382 0.0820782 3 23 0
296.953 0.44397 0.0820246 3 23 0
297.453 0.444139 0.0819273 3 23 0
297.953 0.444306 0.0818317 3 23 0
298.453 0.444512 0.0818116 3 23 0
298.953 0.444679 0.0817101 3 23 0
299.453 0.444846 0.0816093 3 23 0
299.953 0.444969 0.0813745 3 23 0
300.453 0.445131 0.0812772 3 23 0
300.953 0.445291 0.0811807 3 23 0
301.453 0.445478 0.0811217 3 23 0
301.953 0.445637 0.0810288 3 23 0
302.453 0.445795 0.0809368 3 23 0
302.953 0.445954 0.080857 3 23 0
303.453 0.44611 0.0807666 3 23 0
303.953 0.446265 0.080677 3 23 0
304.453 0.446418 0.080549 3 23 0
304.953 0.446572 0.0804487 3 23 0
305.453 0.446724 0.0803493 3 23 0
305.953 0.446879 0.0802433 3 23 0
306.453 0.44704 0.0801459 3 23 0
306.953 0.447199 0.0800494 3 23 0
307.453 0.447357 0.0799512 3 23 0
307.953 0.447514 0.0798565 3 23 0
308.453 0.447671 0.0797626 3 23 0
308.953 0.447826 0.0796659 3 23 0
309.453 0.44798 0.0795737 3 23 0
309.953 0.448134 0.0794823 3 23 0
310.453 0.448286 0.0793901 3 23 0
310.953 0.448437 0.0793003 3 23 0
311.453 0.448588 0.0792112 3 23 0
311.953 0.448737 0.0791238 3 23 0
312.453 0.448886 0.079036 3 23 0
312.953 0.449034 0.078949 3 23 0
313.453 0.449181 0.078865 3 23 0
313.953 0.449327 0.0787791 3 23 0
314.453 0.449473 0.0786939 3 23 0
314.953 0.449617 0.0786128 3 23 0
315.453 0.449761 0.0785286 3 23 0
315.953 0.449904 0.078445 3 23 0
316.453 0.450046 0.0783649 3 23 0
316.953 0.450188 0.0782823 3 23 0
317.453 0.450328 0.0782004 3 23 0
317.953 0.450468 0.0781216 3 23 0
318.453 0.450607 0.0780407 3 23 0
318.953 0.450745 0.0779604 3 23 0
319.453 0.450883 0.0778835 3 23 0
319.953 0.451019 0.0778041 3 23 0
320.453 0.451155 0.0777252 3 23 0
320.953 0.45129 0.0776501 3 23 0
321.453 0.451425 0.0775721 3 23 0
321.953 0.451559 0.0774947 3 23 0
322.453 0.451692 0.0774209 3 23 0
322.953 0.451824 0.0773443 3 23 0
323.453 0.451955 0.0772682 3 23 0
323.953 0.452086 0.0771966 3 23 0
324.453 0.452216 0.0771213 3 23 0
324.953 0.452346 0.0770464 3 23 0
325.453 0.452475 0.0769778 3 23 0
325.953 0.452603 0.0769036 3 23 0
326.453 0.45273 0.0768299 3 23 0
326.953 0.452857 0.076767 3 23 0
327.453 0.452983 0.0766936 3 23 0
327.953 0.453109 0.0766207 3 23 0
328.453 0.453234 0.0765606 3 23 0
328.953 0.453358 0.076488 3 23 0
329.453 0.453481 0.076416 3 23 0
329.953 0.453604 0.0763343 3 23 0
330.453 0.453726 0.076264 3 23 0
330.953 0.453847 0.0761942 3 23 0
331.453 0.453966 0.0761234 3 23 0
331.953 0.454086 0.0760561 3 23 0
332.453 0.454206 0.0759892 3 23 0
332.953 0.454325 0.0759166 3 23 0
333.453 0.454444 0.0758498 3 23 0
333.453 0.454444 0.0758498 4 23 0
333.473 0.454448 0.0758471 3 23 0
333.513 0.454458 0.0758418 3 23 0
333.593 0.454481 0.0758517 3 23 0
333.713 0.454509 0.075835 3 23 0
333.893 0.454552 0.0758102 3 23 0
334.253 0.454634 0.0757481 3 23 0
334.753 0.454751 0.0756815 3 23 0
335.253 0.454867 0.0756152 3 23 0
335.753 0.454979 0.0755641 3 23 0
336.253 0.455094 0.0755009 3 23 0
336.753 0.455208 0.0754382 3 23 0
337.253 0.455327 0.0753515 3 23 0
337.753 0.45544 0.0752874 3 23 0
338.253 0.455553 0.0752237 3 23 0
338.753 0.455671 0.0752299 3 23 0
339.253 0.455782 0.0751629 3 23 0
339.753 0.455894 0.0750965 3 23 0
340.253 0.455995 0.0749791 3 23 0
340.753 0.456105 0.0749179 3 23 0
341.253 0.456214 0.0748571 3 23 0
341.753 0.45632 0.0748734 3 23 0
342.253 0.456428 0.0748172 3 23 0
342.753 0.456536 0.0747615 3 23 0
343.253 0.456671 0.0746078 3 23 0
343.753 0.456778 0.0745467 3 23 0
344.253 0.456885 0.074486 3 23 0
344.753 0.456978 0.0745278 3 23 0
345.253 0.457083 0.0744636 3 23 0
345.753 0.457188 0.0744 3 23 0
346.253 0.457273 0.0743019 3 23 0
346.753 0.457377 0.074247 3 23 0
347.253 0.457479 0.0741926 3 23 0
347.753 0.457611 0.0741007 3 23 0
348.253 0.457713 0.0740415 3 23 0
348.753 0.457815 0.0739826 3 23 0
349.253 0.457898 0.0739106 3 23 0
349.753 0.457999 0.0738541 3 23 0
350.253 0.458099 0.073798 3 23 0
350.753 0.458199 0.0737453 3 23 0
351.253 0.458299 0.0736902 3 23 0
351.753 0.458397 0.0736355 3 23 0
352.253 0.458491 0.0736237 3 23 0
352.753 0.458589 0.073572 3 23 0
353.253 0.458687 0.0735207 3 23 0
353.753 0.458798 0.0734042 3 23 0
354.253 0.458895 0.0733504 3 23 0
354.753 0.458992 0.0732968 3 23 0
355.253 0.459081 0.0732538 3 23 0
355.753 0.459176 0.0732007 3 23 0
356.253 0.459272 0.0731479 3 23 0
356.753 0.459363 0.0731229 3 23 0
357.253 0.459457 0.0730725 3 23 0
357.753 0.459551 0.0730224 3 23 0
358.253 0.459648 0.0729448 3 23 0
358.753 0.459742 0.0728936 3 23 0
359.253 0.459835 0.0728426 3 23 0
359.753 0.45994 0.0728047 3 23 0
360.253 0.460032 0.0727526 3 23 0
360.753 0.460123 0.0727009 3 23 0
361.253 0.460194 0.0726596 3 23 0
361.753 0.460285 0.0726112 3 23 0
362.253 0.460374 0.0725632 3 23 0
362.753 0.460465 0.0725492 3 23 0
363.253 0.460555 0.0725025 3 23 0
363.753 0.460644 0.0724562 3 23 0
364.253 0.460743 0.0723244 3 23 0
364.753 0.460833 0.0722754 3 23 0
365.253 0.460922 0.0722266 3 23 0
365.753 0.461002 0.0722091 3 23 0
366.253 0.461089 0.0721617 3 23 0
366.753 0.461177 0.0721145 3 23 0
367.253 0.461285 0.0720638 3 23 0
367.753 0.461372 0.0720159 3 23 0
368.253 0.461458 0.0719682 3 23 0
368.753 0.461513 0.0719526 3 23 0
369.253 0.461597 0.0719083 3 23 0
369.753 0.461681 0.0718643 3 23 0
370.253 0.461785 0.0717607 3 23 0
370.753 0.461871 0.0717145 3 23 0
371.253 0.461956 0.0716684 3 23 0
371.753 0.462028 0.0716792 3 23 0
372.253 0.462112 0.071635 3 23 0
372.753 0.462194 0.071591 3 23 0
373.253 0.462342 0.0715846 3 23 0
373.753 0.462423 0.0715301 3 23 0
374.253 0.462504 0.0714767 3 23 0
374.753 0.462531 0.0713824 3 23 0
375.253 0.462613 0.0713378 3 23 0
375.753 0.462694 0.0712934 3 23 0
376.253 0.46276 0.0712894 3 23 0
376.753 0.462839 0.0712494 3 23 0
377.253 0.462917 0.0712098 3 23 0
377.753 0.462996 0.0711542 3 23 0
378.253 0.463072 0.071105 3 23 0
378.753 0.463147 0.0710562 3 23 0
379.253 0.463347 0.0709656 3 23 0
379.753 0.463417 0.0709109 3 23 0
380.253 0.463485 0.0708583 3 23 0
380.753 0.463401 0.0709187 3 23 0
381.253 0.463474 0.0708838 3 23 0
381.753 0.463547 0.0708491 3 23 0
382.253 0.463743 0.0706697 3 23 0
382.753 0.463809 0.0706231 3 23 0
383.253 0.463875 0.0705777 3 23 0
383.753 0.463863 0.0706259 3 23 0
384.253 0.463945 0.0705828 3 23 0
384.753 0.464028 0.0705405 3 23 0
385.253 0.464084 0.0705597 3 23 0
385.753 0.464161 0.0705175 3 23 0
386.253 0.464238 0.0704753 3 23 0
386.753 0.464121 0.0706387 3 23 0
387.253 0.464187 0.0705585 3 23 0
387.753 0.464258 0.0704793 3 23 0
388.253 0.464558 0.0702647 3 23 0
388.753 0.464627 0.0702244 3 23 0
389.253 0.464695 0.0701848 3 23 0
389.753 0.464721 0.0702646 3 23 0
390.253 0.464811 0.0701957 3 23 0
390.753 0.464901 0.0701187 3 23 0
391.253 0.464974 0.0701907 3 23 0
391.753 0.465037 0.0701658 3 23 0
392.253 0.4651 0.0701291 3 23 0
392.753 0.465232 0.0699483 3 23 0
393.253 0.465306 0.0699086 3 23 0
393.753 0.46538 0.0698688 3 23 0
394.253 0.465468 0.0698056 3 23 0
394.753 0.465545 0.0697697 3 23 0
395.253 0.465621 0.0697352 3 23 0
395.753 0.465718 0.069688 3 23 0
396.253 0.465781 0.0696514 3 23 0
396.753 0.465845 0.0696151 3 23 0
397.253 0.465924 0.069585 3 23 0
397.753 0.466001 0.0695497 3 23 0
398.253 0.466077 0.0695163 3 23 0
398.753 0.466115 0.0695446 3 23 0
399.253 0.46619 0.0694969 3 23 0
399.753 0.466263 0.069452 3 23 0
400.253 0.466371 0.06939 3 23 0
400.753 0.466441 0.0693656 3 23 0
401.253 0.46651 0.0693438 3 23 0
401.753 0.46655 0.0693097 3 23 0
402.253 0.466619 0.0692887 3 23 0
402.753 0.466688 0.0692691 3 23 0
403.253 0.466768 0.0692507 3 23 0
403.753 0.466835 0.0692114 3 23 0
404.253 0.466901 0.0691729 3 23 0
404.753 0.466968 0.0691555 3 23 0
405.253 0.467033 0.0691201 3 23 0
405.753 0.467098 0.0690849 3 23 0
406.253 0.467166 0.0689794 3 23 0
406.753 0.467229 0.0689513 3 23 0
407.253 0.467291 0.0689233 3 23 0
407.753 0.467346 0.0688722 3 23 0
408.253 0.467409 0.0688429 3 23 0
408.753 0.467471 0.0688139 3 23 0
409.253 0.467511 0.0687575 3 23 0
409.753 0.467574 0.068724 3 23 0
410.253 0.467637 0.0686906 3 23 0
410.753 0.467691 0.0686886 3 23 0
411.253 0.467753 0.0686565 3 23 0
411.753 0.467815 0.0686247 3 23 0
412.253 0.467871 0.0686135 3 23 0
412.753 0.467932 0.0685794 3 23 0
413.253 0.467993 0.0685453 3 23 0
413.753 0.468098 0.0684811 3 23 0
414.253 0.468156 0.0684549 3 23 0
414.753 0.468213 0.068429 3 23 0
415.253 0.468249 0.0683676 3 23 0
415.753 0.468308 0.0683362 3 23 0
416.253 0.468367 0.0683053 3 23 0
416.753 0.468424 0.0682761 3 23 0
417.253 0.468482 0.0682458 3 23 0
417.753 0.468541 0.0682158 3 23 0
418.253 0.468589 0.0681839 3 23 0
418.753 0.468648 0.068153 3 23 0
419.253 0.468706 0.0681222 3 23 0
419.753 0.468788 0.0681148 3 23 0
420.253 0.468843 0.0680901 3 23 0
420.753 0.468898 0.0680658 3 23 0
421.253 0.468952 0.0680196 3 23 0
421.753 0.469009 0.0679886 3 23 0
422.253 0.469065 0.0679579 3 23 0
422.753 0.469121 0.0679763 3 23 0
423.253 0.469176 0.067952 3 23 0
423.753 0.46923 0.0679242 3 23 0
424.253 0.469283 0.0678861 3 23 0
424.753 0.469337 0.0678529 3 23 0
425.253 0.469391 0.0678201 3 23 0
425.753 0.469441 0.0677794 3 23 0
426.253 0.469494 0.067755 3 23 0
426.753 0.469547 0.0677308 3 23 0
427.253 0.469599 0.067699 3 23 0
427.753 0.469652 0.0676672 3 23 0
428.253 0.469705 0.0676357 3 23 0
428.753 0.469758 0.0675978 3 23 0
429.253 0.469811 0.0675672 3 23 0
429.753 0.469863 0.0675369 3 23 0
430.253 0.469919 0.0674787 3 23 0
430.753 0.469975 0.0674508 3 23 0
430.753 0.469975 0.0674508 4 23 0
430.773 0.469978 0.0674496 3 23 0
430.803 0.469982 0.067448 3 23 0
430.848 0.469958 0.0675396 3 23 0
430.916 0.469963 0.0675331 3 23 0
431.017 0.469971 0.0675245 3 23 0
431.169 0.470055 0.0673507 3 23 0
431.336 0.470062 0.0673385 3 23 0
431.52 0.470076 0.0673259 3 23 0
431.795 0.470098 0.0674064 3 23 0
432.098 0.470136 0.0673855 3 23 0
432.432 0.470177 0.0673635 3 23 0
432.932 0.470279 0.0673231 3 23 0
433.432 0.470332 0.0672924 3 23 0
433.932 0.470385 0.0672621 3 23 0
434.432 0.470442 0.06725 3 23 0
434.932 0.470478 0.0672291 3 23 0
435.432 0.470514 0.0672097 3 23 0
435.932 0.470522 0.0672192 3 23 0
436.432 0.470578 0.0671888 3 23 0
436.932 0.470633 0.0671584 3 23 0
437.432 0.47066 0.067108 3 23 0
437.932 0.470721 0.0671019 3 23 0
438.432 0.470782 0.0671031 3 23 0
438.932 0.470929 0.0670186 3 23 0
439.432 0.470972 0.0669954 3 23 0
439.932 0.471017 0.0669716 3 23 0
440.432 0.471076 0.0669216 3 23 0
440.932 0.471133 0.0668962 3 23 0
441.432 0.471189 0.0668728 3 23 0
441.932 0.471289 0.0668484 3 23 0
442.432 0.471308 0.0668283 3 23 0
442.932 0.471334 0.0668096 3 23 0
443.432 0.47134 0.0668141 3 23 0
443.932 0.471393 0.0667928 3 23 0
444.432 0.471447 0.0667714 3 23 0
444.932 0.471504 0.0667871 3 23 0
445.432 0.471552 0.0667644 3 23 0
445.932 0.4716 0.0667415 3 23 0
446.432 0.471643 0.0666589 3 23 0
446.932 0.471694 0.0666353 3 23 0
447.432 0.471744 0.0666117 3 23 0
447.932 0.471795 0.0666193 3 23 0
448.432 0.471841 0.0665917 3 23 0
448.932 0.471888 0.0665646 3 23 0
449.432 0.47193 0.0664875 3 23 0
449.932 0.47198 0.0664638 3 23 0
450.432 0.472029 0.0664402 3 23 0
450.932 0.472083 0.0664722 3 23 0
451.432 0.472126 0.0664549 3 23 0
451.932 0.472169 0.0664275 3 23 0
452.432 0.472209 0.0663605 3 23 0
452.932 0.472255 0.0663351 3 23 0
453.432 0.4723 0.06631 3 23 0
453.932 0.472348 0.066309 3 23 0
454.432 0.4724 0.0662816 3 23 0
454.932 0.472451 0.0662546 3 23 0
455.432 0.472498 0.0661885 3 23 0
455.932 0.472545 0.0661653 3 23 0
456.432 0.472592 0.0661421 3 23 0
456.932 0.472627 0.066175 3 23 0
457.432 0.472675 0.066152 3 23 0
457.932 0.472722 0.0661291 3 23 0
458.432 0.472562 0.0659245 3 23 0
458.932 0.472594 0.0659039 3 23 0
459.432 0.472628 0.0658831 3 23 0
459.932 0.472894 0.0659997 3 23 0
460.432 0.472948 0.0659706 3 23 0
460.932 0.473002 0.0659427 3 23 0
461.432 0.473029 0.065961 3 23 0
461.932 0.47308 0.0659279 3 23 0
462.432 0.473129 0.0658943 3 23 0
462.932 0.4732 0.0659397 3 23 0
463.432 0.473247 0.0659143 3 23 0
463.932 0.473294 0.0658885 3 23 0
464.432 0.473472 0.0658474 3 23 0
464.932 0.473515 0.0658082 3 23 0
465.432 0.473556 0.0657711 3 23 0
465.932 0.473504 0.0657349 3 23 0
466.432 0.473552 0.0657081 3 23 0
466.932 0.4736 0.0656821 3 23 0
467.432 0.4736 0.0656514 3 23 0
467.932 0.473639 0.0656265 3 23 0
468.432 0.473678 0.0656017 3 23 0
468.932 0.473773 0.0656011 3 23 0
469.432 0.473822 0.0655729 3 23 0
469.932 0.47387 0.0655457 3 23 0
470.432 0.473881 0.065523 3 23 0
470.932 0.473922 0.0655087 3 23 0
471.432 0.473964 0.0655012 3 23 0
471.932 0.47405 0.0654586 3 23 0
472.432 0.474091 0.0654461 3 23 0
472.932 0.474131 0.0654382 3 23 0
473.432 0.474202 0.0653969 3 23 0
473.932 0.474243 0.0653821 3 23 0
474.432 0.474284 0.0653696 3 23 0
474.932 0.474344 0.06533 3 23 0
475.432 0.474384 0.0653125 3 23 0
475.932 0.474424 0.0652966 3 23 0
476.432 0.47447 0.0653004 3 23 0
476.932 0.474513 0.0652851 3 23 0
477.432 0.474556 0.0652697 3 23 0
477.932 0.474656 0.0651816 3 23 0
478.432 0.474683 0.0651672 3 23 0
478.932 0.474706 0.065158 3 23 0
479.432 0.474515 0.0651624 4 23 0
479.932 0.474633 0.0651406 4 23 0
480.432 0.474747 0.0651197 4 23 0
480.932 0.474893 0.0650925 3 23 0
481.432 0.474936 0.0650816 3 23 0
481.932 0.474975 0.0650725 3 23 0
482.432 0.474964 0.065029 3 23 0
482.932 0.47501 0.0650095 3 23 0
483.432 0.475057 0.0649905 3 23 0
483.932 0.475091 0.0649774 3 23 0
484.432 0.475134 0.0649594 3 23 0
484.932 0.475177 0.0649417 3 23 0
485.432 0.475219 0.0649307 3 23 0
485.932 0.475261 0.0649146 3 23 0
486.432 0.475303 0.0648992 3 23 0
486.932 0.475346 0.0648856 3 23 0
487.432 0.475387 0.0648632 3 23 0
487.932 0.475428 0.0648412 3 23 0
488.432 0.475475 0.0647859 3 23 0
488.932 0.475515 0.0647666 3 23 0
489.432 0.475555 0.0647474 3 23 0
489.932 0.475619 0.0647386 3 23 0
490.432 0.47566 0.0647196 3 23 0
490.932 0.475701 0.0647007 3 23 0
491.432 0.47568 0.0646931 3 23 0
491.932 0.475728 0.064672 3 23 0
492.432 0.475776 0.0646513 3 23 0
492.932 0.47583 0.0646345 3 23 0
493.432 0.475869 0.0646167 3 23 0
493.932 0.475909 0.0645988 3 23 0
494.432 0.475946 0.0645903 3 23 0
494.932 0.475985 0.0645757 3 23 0
495.432 0.476024 0.0645611 3 23 0
495.932 0.476063 0.0645431 3 23 0
496.432 0.476101 0.0645251 3 23 0
496.932 0.47614 0.0645071 3 23 0
497.432 0.476191 0.0644781 3 23 0
497.932 0.476232 0.0644666 3 23 0
498.432 0.476271 0.0644569 3 23 0
498.932 0.476279 0.0644259 3 23 0
499.432 0.476319 0.0644116 3 23 0
499.932 0.476358 0.0643981 3 23 0
500.432 0.47639 0.0643802 3 23 0
500.932 0.476428 0.0643623 3 23 0
501.432 0.476466 0.0643445 3 23 0
501.932 0.476523 0.0643219 3 23 0
502.432 0.476562 0.0643019 3 23 0
502.932 0.476601 0.0642822 3 23 0
503.432 0.476564 0.064279 3 23 0
503.932 0.476602 0.0642603 3 23 0
504.432 0.476641 0.0642415 3 23 0
504.932 0.476715 0.0642126 3 23 0
505.432 0.476756 0.0641997 3 23 0
505.932 0.476798 0.0641867 3 23 0
506.432 0.476931 0.0641625 3 23 0
506.932 0.476945 0.0641589 3 23 0
507.432 0.476961 0.0641558 3 23 0
507.932 0.47695 0.0641011 3 23 0
508.432 0.476987 0.0640851 3 23 0
508.932 0.477024 0.0640691 3 23 0
509.432 0.477072 0.0640552 3 23 0
509.932 0.47711 0.0640436 3 23 0
510.432 0.477145 0.0640351 3 23 0
510.932 0.477156 0.0640116 3 23 0
511.432 0.477194 0.0639937 3 23 0
511.932 0.477231 0.0639762 3 23 0
512.432 0.477215 0.0639761 3 23 0
512.932 0.477262 0.0639546 3 23 0
513.432 0.47731 0.0639338 3 23 0
513.932 0.477282 0.0639388 3 23 0
514.432 0.477325 0.0639186 3 23 0
514.932 0.477369 0.063898 3 23 0
515.432 0.477465 0.0638557 3 23 0
515.932 0.477503 0.0638398 3 23 0
516.432 0.47754 0.0638244 3 23 0
516.932 0.477552 0.0638082 3 23 0
517.432 0.477587 0.0637923 3 23 0
517.932 0.477622 0.0637765 3 23 0
518.432 0.47764 0.0637682 3 23 0
518.932 0.477675 0.0637532 3 23 0
519.432 0.47771 0.0637384 3 23 0
519.932 0.477706 0.0637399 3 23 0
520.432 0.47774 0.0637268 3 23 0
520.932 0.477775 0.0637141 3 23 0
521.432 0.477822 0.0636894 3 23 0
521.932 0.477856 0.0636762 3 23 0
522.432 0.477891 0.0636633 3 23 0
522.932 0.477941 0.0636708 3 23 0
523.432 0.477982 0.0636487 3 23 0
523.932 0.478023 0.063627 3 23 0
524.432 0.478073 0.0635886 3 23 0
524.932 0.478121 0.0635685 3 23 0
525.432 0.478169 0.0635491 3 23 0
525.932 0.478269 0.0635199 3 23 0
526.432 0.478307 0.0635042 3 23 0
526.432 0.478307 0.0635042 4 23 0
526.452 0.478312 0.0635033 3 23 0
526.482 0.478316 0.0635023 3 23 0
526.527 0.478276 0.0635147 3 23 0
526.576 0.478281 0.0635121 3 23 0
526.631 0.478285 0.0635096 3 23 0
526.713 0.478297 0.0635076 3 23 0
526.835 0.478303 0.0635046 3 23 0
526.97 0.478311 0.0635013 3 23 0
527.172 0.478174 0.0635296 3 23 0
527.394 0.478192 0.0635212 3 23 0
527.639 0.478212 0.0635119 3 23 0
528.128 0.47832 0.0634652 3 23 0
528.628 0.478354 0.0634497 3 23 0
529.128 0.478388 0.0634342 3 23 0
529.628 0.47842 0.0634466 3 23 0
530.128 0.478456 0.0634344 3 23 0
530.628 0.478492 0.0634223 3 23 0
531.128 0.478231 0.063425 3 23 0
531.628 0.478264 0.0634002 3 23 0
532.128 0.47831 0.0633759 3 23 0
532.628 0.478782 0.0633309 3 23 0
533.128 0.478787 0.0633303 3 23 0
533.628 0.478789 0.0633311 3 23 0
534.128 0.478789 0.0633227 3 23 0
534.628 0.478811 0.0633232 3 23 0
535.128 0.478833 0.0633029 3 23 0
535.628 0.47884 0.0632459 3 23 0
536.128 0.478874 0.0632296 3 23 0
536.628 0.478909 0.0632139 3 23 0
537.128 0.478948 0.0631951 4 23 0
537.628 0.47903 0.0631789 3 23 0
538.128 0.479104 0.0631634 3 23 0
538.628 0.478935 0.0632146 3 23 0
539.128 0.478977 0.0631909 3 23 0
539.628 0.479021 0.063168 3 23 0
540.128 0.479363 0.0631214 3 23 0
540.628 0.479387 0.0631138 3 23 0
541.128 0.479405 0.0631074 3 23 0
541.628 0.479229 0.0630862 3 23 0
542.128 0.479263 0.0630752 3 23 0
542.628 0.479297 0.0630642 3 23 0
543.128 0.479184 0.063076 3 23 0
543.628 0.479213 0.0630629 3 23 0
544.128 0.479242 0.06305 3 23 0
544.628 0.479421 0.0630618 3 23 0
545.128 0.479452 0.0630547 3 23 0
545.628 0.479482 0.0630213 3 23 0
546.128 0.479638 0.0629743 3 23 0
546.628 0.47963 0.0629784 3 23 0
547.128 0.479636 0.0629756 3 23 0
547.628 0.479666 0.062949 3 23 0
548.128 0.479686 0.062949 3 23 0
548.628 0.479705 0.0629311 3 23 0
549.128 0.479698 0.0628743 3 23 0
549.628 0.479731 0.0628653 3 23 0
550.128 0.479762 0.0628584 3 23 0
550.628 0.479775 0.0628436 3 23 0
551.128 0.479803 0.0628288 3 23 0
551.628 0.47983 0.0628141 3 23 0
552.128 0.479835 0.0628064 3 23 0
552.628 0.479869 0.0627948 3 23 0
553.128 0.479903 0.0627833 3 23 0
553.628 0.479917 0.0627507 3 23 0
554.128 0.479957 0.0627365 3 23 0
554.628 0.479997 0.0627242 3 23 0
555.128 0.480009 0.0627145 3 23 0
555.628 0.480045 0.0626989 3 23 0
556.128 0.480081 0.0626846 3 23 0
556.628 0.480024 0.0626685 3 23 0
557.128 0.480036 0.0626594 3 23 0
557.628 0.480048 0.0626505 3 23 0
558.128 0.480175 0.0626116 3 23 0
558.628 0.480206 0.0625995 3 23 0
559.128 0.480236 0.0625875 3 23 0
559.628 0.480257 0.0626694 3 23 0
560.128 0.4803 0.0626634 3 23 0
560.628 0.480338 0.0626439 3 23 0
561.128 0.480499 0.0625528 3 23 0
561.628 0.480535 0.062549 3 23 0
562.128 0.480545 0.0625542 3 23 0
562.628 0.480498 0.0625145 3 23 0
563.128 0.480525 0.0625036 3 23 0
563.628 0.480553 0.0624928 3 23 0
564.128 0.480582 0.0625209 3 23 0
564.628 0.480613 0.0625106 3 23 0
565.128 0.480643 0.0624999 3 23 0
565.628 0.480685 0.0624638 3 23 0
566.128 0.480715 0.0624516 3 23 0
566.628 0.480745 0.0624395 3 23 0
567.128 0.480765 0.0624107 3 23 0
567.628 0.480794 0.0623996 3 23 0
568.128 0.480823 0.0623884 3 23 0
568.628 0.480795 0.0623347 3 23 0
569.128 0.480818 0.06232 3 23 0
569.628 0.480839 0.062306 3 23 0
570.128 0.481057 0.0623574 3 23 0
570.628 0.481052 0.0623644 3 23 0
571.128 0.48106 0.0623584 3 23 0
571.628 0.480866 0.0622401 3 23 0
572.128 0.480901 0.0622271 3 23 0
572.628 0.480937 0.0622156 3 23 0
573.128 0.481213 0.062308 3 23 0
573.628 0.481221 0.0622881 3 23 0
574.128 0.481238 0.0622719 3 23 0
574.628 0.481337 0.0622331 3 23 0
575.128 0.481334 0.0622042 3 23 0
575.628 0.48133 0.0621789 3 23 0
576.128 0.481401 0.0622321 3 23 0
576.628 0.481405 0.0622108 3 23 0
577.128 0.481419 0.0621939 3 23 0
577.628 0.481485 0.0621851 3 23 0
578.128 0.481493 0.0621659 3 23 0
578.628 0.481501 0.0621445 3 23 0
579.128 0.481453 0.0621273 3 23 0
579.628 0.481472 0.0621197 3 23 0
580.128 0.481497 0.0621131 3 23 0
580.628 0.481557 0.0621332 3 23 0
581.128 0.481578 0.0621191 3 23 0
581.628 0.481597 0.0621043 3 23 0
582.128 0.481565 0.0620752 3 23 0
582.628 0.481556 0.0620555 3 23 0
583.128 0.481538 0.0620342 3 23 0
583.628 0.481798 0.0620717 3 23 0
584.128 0.481826 0.0620451 3 23 0
584.628 0.48185 0.0620189 3 23 0
585.128 0.481822 0.0620344 3 23 0
585.628 0.481865 0.0620278 3 23 0
586.128 0.481907 0.0620208 3 23 0
586.628 0.481947 0.061975 3 23 0
587.128 0.481968 0.061961 3 23 0
587.628 0.481991 0.061948 3 23 0
588.128 0.482033 0.0619254 3 23 0
588.628 0.482048 0.061906 3 23 0
589.128 0.482059 0.0618899 3 23 0
589.628 0.481991 0.06193 3 23 0
590.128 0.48204 0.0619285 3 23 0
590.628 0.482084 0.0619147 3 23 0
591.128 0.481287 0.0617978 3 23 0
591.628 0.481325 0.0617793 3 23 0
592.128 0.481361 0.0617637 3 23 0
592.628 0.482258 0.0618356 3 23 0
593.128 0.482285 0.0618328 3 23 0
593.628 0.482309 0.0618329 3 23 0
594.128 0.482473 0.0618115 3 23 0
594.628 0.482434 0.0618229 3 23 0
595.128 0.482422 0.0618068 3 23 0
595.628 0.482175 0.0617018 3 23 0
596.128 0.482204 0.0616905 3 23 0
596.628 0.482232 0.0616793 3 23 0
597.128 0.48258 0.0617702 3 23 0
597.628 0.482564 0.0617495 3 23 0
598.128 0.482569 0.061734 3 23 0
598.628 0.482697 0.0617047 3 23 0
599.128 0.482689 0.0617044 3 23 0
599.628 0.482677 0.0616898 3 23 0
600.128 0.482621 0.0616818 3 23 0
600.628 0.482655 0.0616737 3 23 0
601.128 0.482687 0.0616649 3 23 0
601.628 0.482057 0.0615043 3 23 0
602.128 0.48189 0.0615077 3 23 0
602.628 0.481773 0.0615127 3 23 0
603.128 0.48281 0.061624 3 23 0
603.628 0.48284 0.061615 3 23 0
604.128 0.482871 0.0616062 3 23 0
604.628 0.482797 0.0615796 3 23 0
605.128 0.482812 0.0615781 3 23 0
605.628 0.482842 0.0615785 3 23 0
606.128 0.48276 0.0615818 4 23 0
606.628 0.482637 0.061555 4 23 0
607.128 0.482463 0.0615246 4 23 0
607.628 0.482709 0.0614661 3 23 0
608.128 0.482739 0.0614493 3 23 0
608.628 0.482771 0.0614343 3 23 0
609.128 0.483272 0.0615063 3 23 0
609.628 0.483237 0.0615148 3 23 0
610.128 0.483221 0.0614951 3 23 0
610.628 0.482919 0.0614145 3 23 0
611.128 0.482951 0.0614029 3 23 0
611.628 0.482983 0.0613919 3 23 0
612.128 0.483204 0.0614361 3 23 0
612.628 0.483243 0.0614311 3 23 0
613.128 0.483282 0.061425 3 23 0
613.628 0.483807 0.0613633 3 23 0
614.128 0.483798 0.0613564 3 23 0
614.628 0.483744 0.0613574 3 23 0
615.128 0.483465 0.0614013 3 23 0
615.628 0.483472 0.0613872 3 23 0
616.128 0.483487 0.0613754 3 23 0
616.628 0.483205 0.0612826 3 23 0
617.129 0.483229 0.0612724 3 23 0
617.629 0.483253 0.0612623 3 23 0
618.129 0.483659 0.0613434 3 23 0
618.629 0.483637 0.0613263 3 23 0
619.129 0.48364 0.0613134 3 23 0
619.629 0.483454 0.0612255 3 23 0
620.129 0.483433 0.0612119 3 23 0
620.629 0.483421 0.0611999 3 23 0
621.129 0.483642 0.0612656 3 23 0
621.629 0.483682 0.0612635 3 23 0
621.629 0.483682 0.0612635 4 23 0
621.649 0.483702 0.0612678 3 23 0
621.671 0.483718 0.0612702 3 23 0
621.704 0.48273 0.061124 3 23 0
621.739 0.482497 0.0611479 3 23 0
621.772 0.482342 0.0611699 3 23 0
621.822 0.483773 0.0612801 3 23 0
621.872 0.483778 0.0612796 3 23 0
621.922 0.483782 0.0612793 3 23 0
621.996 0.483688 0.0612579 3 23 0
622.078 0.483709 0.0612612 3 23 0
622.167 0.483726 0.0612625 3 23 0
622.302 0.483417 0.0611211 3 23 0
622.451 0.483215 0.0611178 4 23 0
622.614 0.483052 0.0611186 4 23 0
622.858 0.483801 0.0612713 3 23 0
623.103 0.483785 0.0612608 3 23 0
623.348 0.483787 0.0612534 3 23 0
623.715 0.483835 0.0611918 3 23 0
624.118 0.483832 0.061182 3 23 0
624.562 0.48383 0.0611747 3 23 0
625.062 0.484137 0.0611793 3 23 0
625.562 0.484134 0.0611905 3 23 0
626.062 0.484051 0.0612056 3 23 0
626.562 0.484029 0.0611644 3 23 0
627.062 0.484044 0.0611469 3 23 0
627.562 0.484057 0.0611318 3 23 0
628.062 0.484135 0.0611294 3 23 0
628.562 0.484283 0.0611215 3 23 0
629.062 0.484307 0.0611274 3 23 0
629.562 0.484151 0.0611169 3 23 0
630.062 0.484173 0.0611018 3 23 0
630.562 0.484195 0.0610879 3 23 0
631.062 0.48432 0.0611102 3 23 0
631.562 0.484297 0.0610919 3 23 0
632.062 0.484285 0.0610741 3 23 0
632.562 0.484253 0.0610414 3 23 0
633.062 0.484279 0.0610324 3 23 0
633.562 0.484305 0.0610237 3 23 0
634.062 0.484529 0.061025 3 23 0
634.562 0.484538 0.0609814 3 23 0
635.062 0.484512 0.0609505 3 23 0
635.562 0.484464 0.0610248 3 23 0
636.062 0.48447 0.0610038 3 23 0
636.562 0.48447 0.0609846 3 23 0
637.062 0.484385 0.0609927 3 23 0
637.562 0.484434 0.0609917 3 23 0
638.062 0.484483 0.0609873 3 23 0
638.562 0.484531 0.0608482 4 23 0
639.062 0.484343 0.0608049 4 23 0
639.562 0.48414 0.0607867 3 23 0
640.062 0.484204 0.0609518 4 23 0
640.562 0.484314 0.0609291 4 23 0
641.062 0.484454 0.0609092 4 23 0
641.562 0.484821 0.0609184 3 23 0
642.062 0.484763 0.0609205 3 23 0
642.562 0.484753 0.0609049 3 23 0
643.062 0.484841 0.0609044 3 23 0
643.562 0.48484 0.0608864 3 23 0
644.062 0.484849 0.0608727 3 23 0
644.562 0.484884 0.0608716 3 23 0
645.062 0.484904 0.0608756 3 23 0
645.562 0.484919 0.0608806 3 23 0
646.062 0.484349 0.060882 3 23 0
646.562 0.484301 0.0608874 3 23 0
647.062 0.484235 0.0608735 3 23 0
647.562 0.485 0.0607993 3 23 0
648.062 0.485011 0.0607893 3 23 0
648.562 0.485028 0.0607805 3 23 0
649.062 0.485073 0.0607836 3 23 0
649.562 0.485093 0.0607724 3 23 0
650.062 0.485115 0.0607619 3 23 0
650.562 0.484989 0.060744 3 23 0
651.062 0.485011 0.0607359 3 23 0
651.562 0.485033 0.0607277 3 23 0
652.062 0.485124 0.0607206 3 23 0
652.562 0.485151 0.060713 3 23 0
653.062 0.485179 0.0607057 3 23 0
653.562 0.485281 0.0607079 3 23 0
654.062 0.485312 0.0606974 3 23 0
654.562 0.485341 0.0606866 3 23 0
655.062 0.485277 0.0606721 3 23 0
655.562 0.485303 0.0606645 3 23 0
656.062 0.485329 0.0606569 3 23 0
656.562 0.485306 0.0606533 3 23 0
657.062 0.485352 0.0606478 3 23 0
657.562 0.485396 0.0606416 3 23 0
654.997 0.48373 0.0606534 3 23 0
655.497 0.483745 0.0606471 3 23 0
655.997 0.483759 0.0606402 3 23 0
656.497 0.485665 0.0606568 3 23 0
656.998 0.48551 0.0606745 4 23 0
657.498 0.48547 0.0606632 3 23 0
657.998 0.485548 0.0606166 3 23 0
658.498 0.485489 0.0605715 3 23 0
658.998 0.485424 0.0605348 3 23 0
659.498 0.485675 0.0606219 3 23 0
659.998 0.485693 0.0606148 3 23 0
660.498 0.485687 0.0605928 3 23 0
660.998 0.485618 0.0605672 3 23 0
661.498 0.485642 0.0605596 3 23 0
661.998 0.485666 0.0605521 3 23 0
662.498 0.485641 0.060537 3 23 0
662.998 0.485646 0.0605351 3 23 0
663.498 0.485656 0.0605372 3 23 0
663.998 0.485759 0.0605057 3 23 0
664.498 0.485741 0.0604995 3 23 0
664.998 0.485716 0.0604972 3 23 0
665.498 0.485891 0.060549 4 23 0
665.998 0.485836 0.0605508 4 23 0
666.498 0.485843 0.060545 3 23 0
666.998 0.485837 0.0604778 3 23 0
667.498 0.485856 0.0604788 3 23 0
667.998 0.485882 0.0604788 3 23 0
668.498 0.48618 0.060478 3 23 0
668.998 0.486081 0.0605006 3 23 0
669.498 0.486039 0.0604996 3 23 0
669.998 0.486023 0.0604396 3 23 0
670.498 0.486045 0.0604321 3 23 0
670.998 0.486067 0.0604247 3 23 0
671.498 0.486079 0.060412 3 23 0
671.998 0.486095 0.0604013 3 23 0
672.498 0.486113 0.0603921 3 23 0
672.998 0.486134 0.0603874 3 23 0
673.498 0.486169 0.0603862 3 23 0
673.998 0.486199 0.0603822 3 23 0
674.498 0.486182 0.0603682 3 23 0
674.998 0.486304 0.0603597 3 23 0
675.498 0.486413 0.0603597 3 23 0
675.998 0.48632 0.0603303 3 23 0
676.498 0.486335 0.060321 3 23 0
676.998 0.486352 0.0603128 3 23 0
677.498 0.486175 0.0603279 3 23 0
677.998 0.486188 0.0603214 3 23 0
678.498 0.486199 0.0603152 3 23 0
678.998 0.48648 0.0603097 3 23 0
679.498 0.486477 0.0602996 3 23 0
679.998 0.48648 0.06029 3 23 0
680.498 0.486502 0.0602846 3 23 0
680.998 0.486505 0.060275 3 23 0
681.498 0.486514 0.0602661 3 23 0
681.998 0.486477 0.0602585 3 23 0
682.498 0.4865 0.0602491 3 23 0
682.998 0.486527 0.060241 3 23 0
683.498 0.486577 0.0602255 3 23 0
683.998 0.486566 0.060228 3 23 0
684.498 0.486545 0.0602324 3 23 0
684.998 0.486825 0.0602404 4 23 0
685.498 0.486673 0.0602442 4 23 0
685.998 0.486677 0.0602382 4 23 0
686.498 0.486647 0.0601916 3 23 0
686.998 0.486668 0.0601983 3 23 0
687.498 0.486704 0.0602032 3 23 0
687.998 0.486696 0.0601855 3 23 0
688.498 0.486696 0.0602036 3 23 0
688.998 0.486728 0.0602128 3 23 0
689.498 0.486802 0.060135 3 23 0
689.998 0.486806 0.0601417 3 23 0
690.498 0.486817 0.0601509 3 23 0
690.998 0.486869 0.0602132 3 23 0
691.498 0.486905 0.0602001 3 23 0
691.998 0.486934 0.0601903 3 23 0
692.498 0.487143 0.0601615 3 23 0
692.998 0.487113 0.0601324 3 23 0
693.498 0.4871 0.06011 3 23 0
693.998 0.486943 0.0600925 3 23 0
694.498 0.487001 0.0600849 3 23 0
694.998 0.487073 0.060078 3 23 0
695.498 0.487123 0.0600897 3 23 0
695.998 0.487162 0.0600903 3 23 0
696.498 0.487199 0.060079 3 23 0
696.998 0.48719 0.0600658 3 23 0
697.498 0.487218 0.0600563 3 23 0
697.998 0.487245 0.0600464 3 23 0
698.498 0.487163 0.0600384 3 23 0
698.998 0.487182 0.0600309 3 23 0
699.498 0.487201 0.0600235 3 23 0
699.998 0.487312 0.0600248 3 23 0
700.498 0.487366 0.0600263 3 23 0
700.998 0.487406 0.0600099 3 23 0
701.498 0.487403 0.0599921 3 23 0
701.998 0.487406 0.059983 3 23 0
702.498 0.48741 0.0599745 3 23 0
702.998 0.487442 0.0599744 3 23 0
703.498 0.487436 0.0599646 3 23 0
703.998 0.487452 0.0599561 3 23 0
704.498 0.487441 0.059956 3 23 0
704.998 0.487457 0.0599491 3 23 0
705.498 0.487476 0.0599423 3 23 0
705.998 0.487389 0.0599287 3 23 0
706.498 0.487363 0.0599352 3 23 0
706.998 0.487407 0.059943 3 23 0
707.498 0.487928 0.0598553 3 23 0
707.997 0.48778 0.0598143 3 23 0
708.497 0.487611 0.0598118 3 23 0
708.998 0.48802 0.0598862 4 23 0
709.498 0.487809 0.0599209 4 23 0
709.998 0.487738 0.059918 4 23 0
710.498 0.487762 0.0598623 3 23 0
710.998 0.487764 0.0598488 3 23 0
