6.502649999999999864e+02 4.467289999999999872e-01
6.497649999999999864e+02 4.467590000000000172e-01
6.492649999999999864e+02 4.467900000000000205e-01
6.487649999999999864e+02 4.468199999999999950e-01
6.482649999999999864e+02 4.468509999999999982e-01
6.477649999999999864e+02 4.468820000000000014e-01
6.472649999999999864e+02 4.469130000000000047e-01
6.467649999999999864e+02 4.469429999999999792e-01
6.462649999999999864e+02 4.469739999999999824e-01
6.457649999999999864e+02 4.470060000000000144e-01
6.452649999999999864e+02 4.470370000000000177e-01
6.447649999999999864e+02 4.470680000000000209e-01
6.442649999999999864e+02 4.470990000000000242e-01
6.437649999999999864e+02 4.471310000000000007e-01
6.432649999999999864e+02 4.471620000000000039e-01
6.427649999999999864e+02 4.471939999999999804e-01
6.422649999999999864e+02 4.472260000000000124e-01
6.417649999999999864e+02 4.472570000000000157e-01
6.412649999999999864e+02 4.472889999999999922e-01
6.407649999999999864e+02 4.473210000000000242e-01
6.402649999999999864e+02 4.473530000000000006e-01
6.397649999999999864e+02 4.473849999999999771e-01
6.392649999999999864e+02 4.474179999999999824e-01
6.387649999999999864e+02 4.474500000000000144e-01
6.382649999999999864e+02 4.474819999999999909e-01
6.377649999999999864e+02 4.475149999999999961e-01
6.372649999999999864e+02 4.475480000000000014e-01
6.367649999999999864e+02 4.475799999999999779e-01
6.362649999999999864e+02 4.476129999999999831e-01
6.357649999999999864e+02 4.476459999999999884e-01
6.352649999999999864e+02 4.476789999999999936e-01
6.347649999999999864e+02 4.477119999999999989e-01
6.342649999999999864e+02 4.477450000000000041e-01
6.337649999999999864e+02 4.477780000000000094e-01
6.332649999999999864e+02 4.478119999999999878e-01
6.327649999999999864e+02 4.478449999999999931e-01
6.322649999999999864e+02 4.478790000000000271e-01
6.317649999999999864e+02 4.479119999999999768e-01
6.312649999999999864e+02 4.479460000000000108e-01
6.307649999999999864e+02 4.479799999999999893e-01
6.302649999999999864e+02 4.480140000000000233e-01
6.297649999999999864e+02 4.480480000000000018e-01
6.292649999999999864e+02 4.480819999999999803e-01
6.287649999999999864e+02 4.481160000000000143e-01
6.282649999999999864e+02 4.481510000000000216e-01
6.277649999999999864e+02 4.481850000000000001e-01
6.272649999999999864e+02 4.482189999999999785e-01
6.267649999999999864e+02 4.482539999999999858e-01
6.262649999999999864e+02 4.482889999999999930e-01
6.257649999999999864e+02 4.483240000000000003e-01
6.252649999999999864e+02 4.483590000000000075e-01
6.247649999999999864e+02 4.483940000000000148e-01
6.242649999999999864e+02 4.484290000000000220e-01
6.237649999999999864e+02 4.484639999999999738e-01
6.232649999999999864e+02 4.484989999999999810e-01
6.227649999999999864e+02 4.485350000000000170e-01
6.222649999999999864e+02 4.485700000000000243e-01
6.217649999999999864e+02 4.486060000000000048e-01
6.212649999999999864e+02 4.486410000000000120e-01
6.207649999999999864e+02 4.486769999999999925e-01
6.202649999999999864e+02 4.487129999999999730e-01
6.197649999999999864e+02 4.487490000000000090e-01
6.192649999999999864e+02 4.487849999999999895e-01
6.187649999999999864e+02 4.488219999999999987e-01
6.182649999999999864e+02 4.488579999999999792e-01
6.177649999999999864e+02 4.488940000000000152e-01
6.172649999999999864e+02 4.489310000000000245e-01
6.167649999999999864e+02 4.489679999999999782e-01
6.162649999999999864e+02 4.490040000000000142e-01
6.157649999999999864e+02 4.490410000000000235e-01
6.152649999999999864e+02 4.490779999999999772e-01
6.147649999999999864e+02 4.491149999999999864e-01
6.142649999999999864e+02 4.491530000000000244e-01
6.137649999999999864e+02 4.491899999999999782e-01
6.132649999999999864e+02 4.492269999999999874e-01
6.127649999999999864e+02 4.492650000000000254e-01
6.122649999999999864e+02 4.493019999999999792e-01
6.117649999999999864e+02 4.493400000000000172e-01
6.112649999999999864e+02 4.493779999999999997e-01
6.107649999999999864e+02 4.494159999999999822e-01
6.102649999999999864e+02 4.494540000000000202e-01
6.097649999999999864e+02 4.494920000000000027e-01
6.092649999999999864e+02 4.495310000000000139e-01
6.087649999999999864e+02 4.495689999999999964e-01
6.082649999999999864e+02 4.496080000000000076e-01
6.077649999999999864e+02 4.496459999999999901e-01
6.072649999999999864e+02 4.496850000000000014e-01
6.067649999999999864e+02 4.497240000000000126e-01
6.062649999999999864e+02 4.497630000000000239e-01
6.057649999999999864e+02 4.498019999999999796e-01
6.052649999999999864e+02 4.498409999999999909e-01
6.047649999999999864e+02 4.498800000000000021e-01
6.042649999999999864e+02 4.499199999999999866e-01
6.037649999999999864e+02 4.499589999999999979e-01
6.032649999999999864e+02 4.499989999999999823e-01
6.027649999999999864e+02 4.500390000000000224e-01
6.022649999999999864e+02 4.500790000000000068e-01
6.017649999999999864e+02 4.501189999999999913e-01
6.012649999999999864e+02 4.501589999999999758e-01
6.007649999999999864e+02 4.501990000000000158e-01
6.002649999999999864e+02 4.502390000000000003e-01
5.997649999999999864e+02 4.502800000000000136e-01
5.992649999999999864e+02 4.503210000000000268e-01
5.987649999999999864e+02 4.503610000000000113e-01
5.982649999999999864e+02 4.504020000000000246e-01
5.977649999999999864e+02 4.504429999999999823e-01
5.972649999999999864e+02 4.504839999999999955e-01
5.967649999999999864e+02 4.505250000000000088e-01
5.962649999999999864e+02 4.505669999999999953e-01
5.957649999999999864e+02 4.506080000000000085e-01
5.952649999999999864e+02 4.506499999999999950e-01
5.947649999999999864e+02 4.506919999999999815e-01
5.942649999999999864e+02 4.507329999999999948e-01
5.937649999999999864e+02 4.507749999999999813e-01
5.932649999999999864e+02 4.508170000000000233e-01
5.927649999999999864e+02 4.508599999999999830e-01
5.922649999999999864e+02 4.509020000000000250e-01
5.917649999999999864e+02 4.509440000000000115e-01
5.912649999999999864e+02 4.509870000000000267e-01
5.907649999999999864e+02 4.510299999999999865e-01
5.902649999999999864e+02 4.510730000000000017e-01
5.897649999999999864e+02 4.511160000000000170e-01
5.892649999999999864e+02 4.511589999999999767e-01
5.887649999999999864e+02 4.512019999999999920e-01
5.882649999999999864e+02 4.512450000000000072e-01
5.877649999999999864e+02 4.512889999999999957e-01
5.872649999999999864e+02 4.513320000000000110e-01
5.867649999999999864e+02 4.513759999999999994e-01
5.862649999999999864e+02 4.514199999999999879e-01
5.857649999999999864e+02 4.514639999999999764e-01
5.852649999999999864e+02 4.515080000000000204e-01
5.847649999999999864e+02 4.515520000000000089e-01
5.842649999999999864e+02 4.515970000000000262e-01
5.837649999999999864e+02 4.516410000000000147e-01
5.832649999999999864e+02 4.516859999999999764e-01
5.827649999999999864e+02 4.517309999999999937e-01
5.822649999999999864e+02 4.517760000000000109e-01
5.817649999999999864e+02 4.518209999999999726e-01
5.812649999999999864e+02 4.518659999999999899e-01
5.807649999999999864e+02 4.519119999999999804e-01
5.802649999999999864e+02 4.519569999999999976e-01
5.797649999999999864e+02 4.520029999999999881e-01
5.792649999999999864e+02 4.520480000000000054e-01
5.787649999999999864e+02 4.520939999999999959e-01
5.782649999999999864e+02 4.521399999999999864e-01
5.777649999999999864e+02 4.521870000000000056e-01
5.772649999999999864e+02 4.522329999999999961e-01
5.767649999999999864e+02 4.522789999999999866e-01
5.762649999999999864e+02 4.523260000000000058e-01
5.757649999999999864e+02 4.523730000000000251e-01
5.752649999999999864e+02 4.524199999999999888e-01
5.747649999999999864e+02 4.524670000000000081e-01
5.742649999999999864e+02 4.525140000000000273e-01
5.737649999999999864e+02 4.525609999999999911e-01
5.732649999999999864e+02 4.526089999999999836e-01
5.727649999999999864e+02 4.526560000000000028e-01
5.722649999999999864e+02 4.527039999999999953e-01
5.717649999999999864e+02 4.527519999999999878e-01
5.712649999999999864e+02 4.527999999999999803e-01
5.707649999999999864e+02 4.528479999999999728e-01
5.702649999999999864e+02 4.528969999999999940e-01
5.697649999999999864e+02 4.529449999999999865e-01
5.692649999999999864e+02 4.529940000000000078e-01
5.687649999999999864e+02 4.530429999999999735e-01
5.682649999999999864e+02 4.530919999999999948e-01
5.677649999999999864e+02 4.531410000000000160e-01
5.672649999999999864e+02 4.531899999999999817e-01
5.667649999999999864e+02 4.532390000000000030e-01
5.662649999999999864e+02 4.532889999999999975e-01
5.657649999999999864e+02 4.533389999999999920e-01
5.652649999999999864e+02 4.533889999999999865e-01
5.647649999999999864e+02 4.534389999999999810e-01
5.642649999999999864e+02 4.534889999999999755e-01
5.637649999999999864e+02 4.535390000000000255e-01
5.632649999999999864e+02 4.535899999999999932e-01
5.627649999999999864e+02 4.536399999999999877e-01
5.622649999999999864e+02 4.536910000000000109e-01
5.617649999999999864e+02 4.537419999999999787e-01
5.612649999999999864e+02 4.537930000000000019e-01
5.607649999999999864e+02 4.538440000000000252e-01
5.602649999999999864e+02 4.538960000000000217e-01
5.597649999999999864e+02 4.539469999999999894e-01
5.592649999999999864e+02 4.539989999999999859e-01
5.587649999999999864e+02 4.540509999999999824e-01
5.582649999999999864e+02 4.541029999999999789e-01
5.577649999999999864e+02 4.541549999999999754e-01
5.572649999999999864e+02 4.542080000000000006e-01
5.567649999999999864e+02 4.542599999999999971e-01
5.562649999999999864e+02 4.543130000000000224e-01
5.557649999999999864e+02 4.543659999999999921e-01
5.552649999999999864e+02 4.544190000000000174e-01
5.547649999999999864e+02 4.544730000000000159e-01
5.544450000000000500e+02 4.545069999999999943e-01
5.542849999999999682e+02 4.545239999999999836e-01
5.542050000000000409e+02 4.545319999999999916e-01
5.541649999999999636e+02 4.545370000000000243e-01
5.541250000000000000e+02 4.545409999999999728e-01
5.541250000000000000e+02 4.545409999999999728e-01
5.536250000000000000e+02 4.545939999999999981e-01
5.531250000000000000e+02 4.546479999999999966e-01
5.526250000000000000e+02 4.547019999999999951e-01
5.521250000000000000e+02 4.547559999999999936e-01
5.516250000000000000e+02 4.548110000000000208e-01
5.511250000000000000e+02 4.548650000000000193e-01
5.506250000000000000e+02 4.549199999999999910e-01
5.501250000000000000e+02 4.549750000000000183e-01
5.496250000000000000e+02 4.550290000000000168e-01
5.491250000000000000e+02 4.550850000000000173e-01
5.486250000000000000e+02 4.551399999999999890e-01
5.481250000000000000e+02 4.551959999999999895e-01
5.476250000000000000e+02 4.552510000000000168e-01
5.471250000000000000e+02 4.553070000000000173e-01
5.466250000000000000e+02 4.553630000000000178e-01
5.461250000000000000e+02 4.554190000000000182e-01
5.456250000000000000e+02 4.554759999999999920e-01
5.451250000000000000e+02 4.555319999999999925e-01
5.446250000000000000e+02 4.555890000000000217e-01
5.441250000000000000e+02 4.556459999999999955e-01
5.436250000000000000e+02 4.557030000000000247e-01
5.431250000000000000e+02 4.557599999999999985e-01
5.426250000000000000e+02 4.558180000000000009e-01
5.421250000000000000e+02 4.558760000000000034e-01
5.416250000000000000e+02 4.559329999999999772e-01
5.411250000000000000e+02 4.559909999999999797e-01
5.406250000000000000e+02 4.560500000000000109e-01
5.401250000000000000e+02 4.561080000000000134e-01
5.396250000000000000e+02 4.561669999999999892e-01
5.391250000000000000e+02 4.562249999999999917e-01
5.386250000000000000e+02 4.562840000000000229e-01
5.381250000000000000e+02 4.563440000000000274e-01
5.376250000000000000e+02 4.564030000000000031e-01
5.371250000000000000e+02 4.564630000000000076e-01
5.366250000000000000e+02 4.565219999999999834e-01
5.361250000000000000e+02 4.565819999999999879e-01
5.356250000000000000e+02 4.566419999999999924e-01
5.351250000000000000e+02 4.567030000000000256e-01
5.346250000000000000e+02 4.567629999999999746e-01
5.341250000000000000e+02 4.568240000000000078e-01
5.336250000000000000e+02 4.568849999999999856e-01
5.331250000000000000e+02 4.569460000000000188e-01
5.326250000000000000e+02 4.570069999999999966e-01
5.321250000000000000e+02 4.570690000000000031e-01
5.316250000000000000e+02 4.571299999999999808e-01
5.311250000000000000e+02 4.571919999999999873e-01
5.306250000000000000e+02 4.572539999999999938e-01
5.301250000000000000e+02 4.573169999999999735e-01
5.296250000000000000e+02 4.573789999999999800e-01
5.291250000000000000e+02 4.574420000000000153e-01
5.286250000000000000e+02 4.575049999999999950e-01
5.281250000000000000e+02 4.575679999999999747e-01
5.276250000000000000e+02 4.576310000000000100e-01
5.271250000000000000e+02 4.576950000000000185e-01
5.266250000000000000e+02 4.577590000000000270e-01
5.261250000000000000e+02 4.578229999999999800e-01
5.256250000000000000e+02 4.578869999999999885e-01
5.251250000000000000e+02 4.579509999999999970e-01
5.246250000000000000e+02 4.580159999999999787e-01
5.241250000000000000e+02 4.580799999999999872e-01
5.236250000000000000e+02 4.581450000000000244e-01
5.231250000000000000e+02 4.582109999999999794e-01
5.226250000000000000e+02 4.582760000000000167e-01
5.221250000000000000e+02 4.583420000000000272e-01
5.216250000000000000e+02 4.584079999999999822e-01
5.211250000000000000e+02 4.584739999999999926e-01
5.206250000000000000e+02 4.585400000000000031e-01
5.201250000000000000e+02 4.586069999999999869e-01
5.196250000000000000e+02 4.586729999999999974e-01
5.191250000000000000e+02 4.587399999999999811e-01
5.186250000000000000e+02 4.588079999999999936e-01
5.181250000000000000e+02 4.588749999999999774e-01
5.176250000000000000e+02 4.589429999999999898e-01
5.171250000000000000e+02 4.590099999999999736e-01
5.166250000000000000e+02 4.590790000000000148e-01
5.161250000000000000e+02 4.591470000000000273e-01
5.156250000000000000e+02 4.592149999999999843e-01
5.151250000000000000e+02 4.592840000000000256e-01
5.146250000000000000e+02 4.593530000000000113e-01
5.141250000000000000e+02 4.594219999999999970e-01
5.136250000000000000e+02 4.594920000000000115e-01
5.131250000000000000e+02 4.595620000000000260e-01
5.126250000000000000e+02 4.596310000000000118e-01
5.121250000000000000e+02 4.597019999999999995e-01
5.116250000000000000e+02 4.597720000000000140e-01
5.111250000000000000e+02 4.598430000000000017e-01
5.106250000000000000e+02 4.599139999999999895e-01
5.101250000000000000e+02 4.599849999999999772e-01
5.096250000000000000e+02 4.600560000000000205e-01
5.091250000000000000e+02 4.601279999999999815e-01
5.086250000000000000e+02 4.601990000000000247e-01
5.081250000000000000e+02 4.602709999999999857e-01
5.076250000000000000e+02 4.603439999999999754e-01
5.071250000000000000e+02 4.604159999999999919e-01
5.066250000000000000e+02 4.604889999999999817e-01
5.061250000000000000e+02 4.605620000000000269e-01
5.056250000000000000e+02 4.606359999999999899e-01
5.051250000000000000e+02 4.607089999999999796e-01
5.046250000000000000e+02 4.607829999999999981e-01
5.041250000000000000e+02 4.608570000000000166e-01
5.036250000000000000e+02 4.609309999999999796e-01
5.031250000000000000e+02 4.610060000000000269e-01
5.026250000000000000e+02 4.610810000000000186e-01
5.021250000000000000e+02 4.611560000000000104e-01
5.016250000000000000e+02 4.612310000000000021e-01
5.011250000000000000e+02 4.613070000000000226e-01
5.006250000000000000e+02 4.613820000000000143e-01
5.001250000000000000e+02 4.614579999999999793e-01
4.996250000000000000e+02 4.615349999999999731e-01
4.991250000000000000e+02 4.616109999999999935e-01
4.986250000000000000e+02 4.616879999999999873e-01
4.981250000000000000e+02 4.617649999999999810e-01
4.976250000000000000e+02 4.618430000000000035e-01
4.971250000000000000e+02 4.619210000000000260e-01
4.966250000000000000e+02 4.619980000000000198e-01
4.961250000000000000e+02 4.620770000000000155e-01
4.956250000000000000e+02 4.621549999999999825e-01
4.951250000000000000e+02 4.622339999999999782e-01
4.946250000000000000e+02 4.623129999999999740e-01
4.941250000000000000e+02 4.623920000000000252e-01
4.936250000000000000e+02 4.624719999999999942e-01
4.931250000000000000e+02 4.625520000000000187e-01
4.926250000000000000e+02 4.626319999999999877e-01
4.921250000000000000e+02 4.627120000000000122e-01
4.916250000000000000e+02 4.627930000000000099e-01
4.911250000000000000e+02 4.628740000000000077e-01
4.906250000000000000e+02 4.629550000000000054e-01
4.901250000000000000e+02 4.630369999999999764e-01
4.896250000000000000e+02 4.631179999999999741e-01
4.891250000000000000e+02 4.632000000000000006e-01
4.886250000000000000e+02 4.632830000000000004e-01
4.881250000000000000e+02 4.633650000000000269e-01
4.876250000000000000e+02 4.634480000000000266e-01
4.871250000000000000e+02 4.635319999999999996e-01
4.866250000000000000e+02 4.636149999999999993e-01
4.861250000000000000e+02 4.636989999999999723e-01
4.856250000000000000e+02 4.637830000000000008e-01
4.851250000000000000e+02 4.638680000000000025e-01
4.846250000000000000e+02 4.639519999999999755e-01
4.841250000000000000e+02 4.640369999999999773e-01
4.836250000000000000e+02 4.641230000000000078e-01
4.831250000000000000e+02 4.642080000000000095e-01
4.826250000000000000e+02 4.642939999999999845e-01
4.821250000000000000e+02 4.643800000000000150e-01
4.816250000000000000e+02 4.644670000000000187e-01
4.811250000000000000e+02 4.645540000000000225e-01
4.806250000000000000e+02 4.646410000000000262e-01
4.801250000000000000e+02 4.647279999999999744e-01
4.796250000000000000e+02 4.648160000000000069e-01
4.791250000000000000e+02 4.649039999999999839e-01
4.786250000000000000e+02 4.649920000000000164e-01
4.781250000000000000e+02 4.650810000000000222e-01
4.776250000000000000e+02 4.651699999999999724e-01
4.771250000000000000e+02 4.652589999999999781e-01
4.766250000000000000e+02 4.653490000000000126e-01
4.761250000000000000e+02 4.654389999999999916e-01
4.756250000000000000e+02 4.655290000000000261e-01
4.751250000000000000e+02 4.656199999999999783e-01
4.746250000000000000e+02 4.657109999999999861e-01
4.741250000000000000e+02 4.658019999999999938e-01
4.736250000000000000e+02 4.658939999999999748e-01
4.731250000000000000e+02 4.659860000000000113e-01
4.726250000000000000e+02 4.660779999999999923e-01
4.721250000000000000e+02 4.661699999999999733e-01
4.716250000000000000e+02 4.662629999999999830e-01
4.711250000000000000e+02 4.663570000000000215e-01
4.706250000000000000e+02 4.664499999999999758e-01
4.701250000000000000e+02 4.665440000000000142e-01
4.696250000000000000e+02 4.666379999999999972e-01
4.691250000000000000e+02 4.667330000000000090e-01
4.686250000000000000e+02 4.668280000000000207e-01
4.681250000000000000e+02 4.669229999999999769e-01
4.676250000000000000e+02 4.670190000000000174e-01
4.671250000000000000e+02 4.671150000000000024e-01
4.666250000000000000e+02 4.672109999999999874e-01
4.661250000000000000e+02 4.673080000000000012e-01
4.656250000000000000e+02 4.674050000000000149e-01
4.651250000000000000e+02 4.675019999999999731e-01
4.646250000000000000e+02 4.676000000000000156e-01
4.641250000000000000e+02 4.676980000000000026e-01
4.636250000000000000e+02 4.677959999999999896e-01
4.631250000000000000e+02 4.678950000000000053e-01
4.626250000000000000e+02 4.679940000000000211e-01
4.621250000000000000e+02 4.680940000000000101e-01
4.616250000000000000e+02 4.681939999999999991e-01
4.611250000000000000e+02 4.682939999999999880e-01
4.606250000000000000e+02 4.683950000000000058e-01
4.601250000000000000e+02 4.684960000000000235e-01
4.596250000000000000e+02 4.685969999999999858e-01
4.591250000000000000e+02 4.686989999999999768e-01
4.586250000000000000e+02 4.688010000000000232e-01
4.581250000000000000e+02 4.689039999999999875e-01
4.576250000000000000e+02 4.690059999999999785e-01
4.571250000000000000e+02 4.691100000000000270e-01
4.568050000000000068e+02 4.691759999999999819e-01
4.566449999999999818e+02 4.692100000000000160e-01
4.565649999999999977e+02 4.692259999999999764e-01
4.565249999999999773e+02 4.692339999999999844e-01
4.564850000000000136e+02 4.692419999999999924e-01
4.564850000000000136e+02 4.692419999999999924e-01
4.559850000000000136e+02 4.693470000000000142e-01
4.554850000000000136e+02 4.694510000000000072e-01
4.549850000000000136e+02 4.695559999999999734e-01
4.544850000000000136e+02 4.696609999999999951e-01
4.539850000000000136e+02 4.697669999999999901e-01
4.534850000000000136e+02 4.698729999999999851e-01
4.529850000000000136e+02 4.699800000000000089e-01
4.524850000000000136e+02 4.700860000000000039e-01
4.519850000000000136e+02 4.701940000000000008e-01
4.514850000000000136e+02 4.703010000000000246e-01
4.509850000000000136e+02 4.704090000000000216e-01
4.504850000000000136e+02 4.705179999999999918e-01
4.499850000000000136e+02 4.706270000000000175e-01
4.494850000000000136e+02 4.707359999999999878e-01
4.489850000000000136e+02 4.708459999999999868e-01
4.484850000000000136e+02 4.709559999999999858e-01
4.479850000000000136e+02 4.710670000000000135e-01
4.474850000000000136e+02 4.711779999999999857e-01
4.469850000000000136e+02 4.712890000000000135e-01
4.464850000000000136e+02 4.714010000000000145e-01
4.459850000000000136e+02 4.715130000000000154e-01
4.454850000000000136e+02 4.716259999999999897e-01
4.449850000000000136e+02 4.717390000000000194e-01
4.444850000000000136e+02 4.718519999999999937e-01
4.439850000000000136e+02 4.719659999999999966e-01
4.434850000000000136e+02 4.720809999999999729e-01
4.429850000000000136e+02 4.721949999999999759e-01
4.424850000000000136e+02 4.723109999999999808e-01
4.419850000000000136e+02 4.724260000000000126e-01
4.414850000000000136e+02 4.725420000000000176e-01
4.409850000000000136e+02 4.726589999999999958e-01
4.404850000000000136e+02 4.727759999999999740e-01
4.399850000000000136e+02 4.728939999999999810e-01
4.394850000000000136e+02 4.730119999999999880e-01
4.389850000000000136e+02 4.731299999999999950e-01
4.384850000000000136e+02 4.732489999999999752e-01
4.379850000000000136e+02 4.733680000000000110e-01
4.374850000000000136e+02 4.734880000000000200e-01
4.369850000000000136e+02 4.736079999999999735e-01
4.364850000000000136e+02 4.737290000000000112e-01
4.359850000000000136e+02 4.738499999999999934e-01
4.354850000000000136e+02 4.739709999999999757e-01
4.349850000000000136e+02 4.740929999999999866e-01
4.344850000000000136e+02 4.742160000000000264e-01
4.339850000000000136e+02 4.743390000000000106e-01
4.334850000000000136e+02 4.744630000000000236e-01
4.329850000000000136e+02 4.745869999999999811e-01
4.324850000000000136e+02 4.747109999999999941e-01
4.319850000000000136e+02 4.748359999999999803e-01
4.314850000000000136e+02 4.749610000000000221e-01
4.309850000000000136e+02 4.750869999999999815e-01
4.304850000000000136e+02 4.752140000000000253e-01
4.299850000000000136e+02 4.753410000000000135e-01
4.294850000000000136e+02 4.754680000000000017e-01
4.289850000000000136e+02 4.755960000000000187e-01
4.284850000000000136e+02 4.757239999999999802e-01
4.279850000000000136e+02 4.758530000000000260e-01
4.274850000000000136e+02 4.759829999999999894e-01
4.269850000000000136e+02 4.761130000000000084e-01
4.264850000000000136e+02 4.762430000000000274e-01
4.259850000000000136e+02 4.763740000000000197e-01
4.254850000000000136e+02 4.765059999999999851e-01
4.249850000000000136e+02 4.766380000000000061e-01
4.244850000000000136e+02 4.767700000000000271e-01
4.239850000000000136e+02 4.769030000000000213e-01
4.234850000000000136e+02 4.770369999999999888e-01
4.229850000000000136e+02 4.771710000000000118e-01
4.224850000000000136e+02 4.773060000000000080e-01
4.219850000000000136e+02 4.774410000000000043e-01
4.214850000000000136e+02 4.775769999999999738e-01
4.209850000000000136e+02 4.777129999999999987e-01
4.204850000000000136e+02 4.778499999999999970e-01
4.199850000000000136e+02 4.779869999999999952e-01
4.194850000000000136e+02 4.781250000000000222e-01
4.189850000000000136e+02 4.782629999999999937e-01
4.184850000000000136e+02 4.784019999999999939e-01
4.179850000000000136e+02 4.785420000000000229e-01
4.174850000000000136e+02 4.786819999999999964e-01
4.169850000000000136e+02 4.788229999999999986e-01
4.164850000000000136e+02 4.789640000000000009e-01
4.159850000000000136e+02 4.791059999999999763e-01
4.154850000000000136e+02 4.792480000000000073e-01
4.149850000000000136e+02 4.793910000000000116e-01
4.144850000000000136e+02 4.795349999999999890e-01
4.139850000000000136e+02 4.796790000000000220e-01
4.134850000000000136e+02 4.798239999999999728e-01
4.129850000000000136e+02 4.799689999999999790e-01
4.124850000000000136e+02 4.801150000000000140e-01
4.119850000000000136e+02 4.802620000000000222e-01
4.114850000000000136e+02 4.804089999999999749e-01
4.109850000000000136e+02 4.805570000000000119e-01
4.104850000000000136e+02 4.807049999999999934e-01
4.099850000000000136e+02 4.808540000000000036e-01
4.094850000000000136e+02 4.810030000000000139e-01
4.089850000000000136e+02 4.811540000000000261e-01
4.084850000000000136e+02 4.813040000000000096e-01
4.079850000000000136e+02 4.814559999999999951e-01
4.074850000000000136e+02 4.816079999999999806e-01
4.069850000000000136e+02 4.817600000000000215e-01
4.064850000000000136e+02 4.819140000000000090e-01
4.059850000000000136e+02 4.820679999999999965e-01
4.054850000000000136e+02 4.822219999999999840e-01
4.049850000000000136e+02 4.823770000000000002e-01
4.044850000000000136e+02 4.825329999999999897e-01
4.039850000000000136e+02 4.826900000000000079e-01
4.034850000000000136e+02 4.828470000000000262e-01
4.029850000000000136e+02 4.830050000000000177e-01
4.024850000000000136e+02 4.831630000000000091e-01
4.019850000000000136e+02 4.833219999999999739e-01
4.014850000000000136e+02 4.834820000000000229e-01
4.009850000000000136e+02 4.836420000000000163e-01
4.004850000000000136e+02 4.838029999999999831e-01
3.999850000000000136e+02 4.839649999999999785e-01
3.994850000000000136e+02 4.841280000000000028e-01
3.989850000000000136e+02 4.842910000000000270e-01
3.984850000000000136e+02 4.844550000000000245e-01
3.979850000000000136e+02 4.846190000000000220e-01
3.974850000000000136e+02 4.847839999999999927e-01
3.969850000000000136e+02 4.849499999999999922e-01
3.964850000000000136e+02 4.851170000000000204e-01
3.959850000000000136e+02 4.852839999999999931e-01
3.954850000000000136e+02 4.854519999999999946e-01
3.949850000000000136e+02 4.856210000000000249e-01
3.944850000000000136e+02 4.857899999999999996e-01
3.939850000000000136e+02 4.859609999999999763e-01
3.934850000000000136e+02 4.861320000000000086e-01
3.929850000000000136e+02 4.863029999999999853e-01
3.924850000000000136e+02 4.864760000000000195e-01
3.919850000000000136e+02 4.866489999999999982e-01
3.914850000000000136e+02 4.868230000000000057e-01
3.909850000000000136e+02 4.869970000000000132e-01
3.904850000000000136e+02 4.871719999999999939e-01
3.899850000000000136e+02 4.873489999999999767e-01
3.894850000000000136e+02 4.875249999999999861e-01
3.889850000000000136e+02 4.877029999999999976e-01
3.884850000000000136e+02 4.878810000000000091e-01
3.879850000000000136e+02 4.880610000000000226e-01
3.874850000000000136e+02 4.882400000000000073e-01
3.869850000000000136e+02 4.884209999999999940e-01
3.864850000000000136e+02 4.886030000000000095e-01
3.859850000000000136e+02 4.887850000000000250e-01
3.854850000000000136e+02 4.889680000000000137e-01
3.849850000000000136e+02 4.891519999999999757e-01
3.844850000000000136e+02 4.893370000000000219e-01
3.839850000000000136e+02 4.895220000000000127e-01
3.834850000000000136e+02 4.897079999999999766e-01
3.829850000000000136e+02 4.898950000000000249e-01
3.824850000000000136e+02 4.900829999999999909e-01
3.819850000000000136e+02 4.902719999999999856e-01
3.814850000000000136e+02 4.904620000000000091e-01
3.809850000000000136e+02 4.906519999999999770e-01
3.804850000000000136e+02 4.908429999999999738e-01
3.799850000000000136e+02 4.910349999999999993e-01
3.794850000000000136e+02 4.912279999999999980e-01
3.789850000000000136e+02 4.914220000000000255e-01
3.784850000000000136e+02 4.916170000000000262e-01
3.779850000000000136e+02 4.918120000000000269e-01
3.774850000000000136e+02 4.920089999999999741e-01
3.769850000000000136e+02 4.922059999999999769e-01
3.764850000000000136e+02 4.924040000000000084e-01
3.759850000000000136e+02 4.926030000000000131e-01
3.754850000000000136e+02 4.928029999999999911e-01
3.749850000000000136e+02 4.930039999999999978e-01
3.744850000000000136e+02 4.932059999999999778e-01
3.739850000000000136e+02 4.934080000000000132e-01
3.734850000000000136e+02 4.936119999999999952e-01
3.729850000000000136e+02 4.938159999999999772e-01
3.724850000000000136e+02 4.940209999999999879e-01
3.719850000000000136e+02 4.942280000000000006e-01
3.714850000000000136e+02 4.944350000000000134e-01
3.709850000000000136e+02 4.946429999999999993e-01
3.704850000000000136e+02 4.948520000000000141e-01
3.699850000000000136e+02 4.950620000000000021e-01
3.694850000000000136e+02 4.952730000000000188e-01
3.689850000000000136e+02 4.954850000000000088e-01
3.684850000000000136e+02 4.956980000000000275e-01
3.679850000000000136e+02 4.959120000000000195e-01
3.674850000000000136e+02 4.961269999999999847e-01
3.669850000000000136e+02 4.963420000000000054e-01
3.664850000000000136e+02 4.965589999999999726e-01
3.659850000000000136e+02 4.967770000000000241e-01
3.654850000000000136e+02 4.969959999999999933e-01
3.649850000000000136e+02 4.972159999999999913e-01
3.644850000000000136e+02 4.974359999999999893e-01
3.639850000000000136e+02 4.976579999999999893e-01
3.634850000000000136e+02 4.978810000000000180e-01
3.629850000000000136e+02 4.981050000000000200e-01
3.624850000000000136e+02 4.983299999999999952e-01
3.619850000000000136e+02 4.985559999999999992e-01
3.614850000000000136e+02 4.987829999999999764e-01
3.609850000000000136e+02 4.990109999999999824e-01
3.604850000000000136e+02 4.992400000000000171e-01
3.599850000000000136e+02 4.994700000000000251e-01
3.594850000000000136e+02 4.997019999999999795e-01
3.591650000000000205e+02 4.998509999999999898e-01
3.590049999999999955e+02 4.999250000000000083e-01
3.589250000000000114e+02 4.999629999999999908e-01
3.588849999999999909e+02 4.999810000000000088e-01
3.588450000000000273e+02 5.000000000000000000e-01
3.588050000000000068e+02 5.000189999999999912e-01
3.587649999999999864e+02 5.000369999999999537e-01
3.586850000000000023e+02 5.000750000000000473e-01
3.585249999999999773e+02 5.001489999999999547e-01
3.582049999999999841e+02 5.002990000000000492e-01
3.577049999999999841e+02 5.005340000000000344e-01
3.572049999999999841e+02 5.007700000000000484e-01
3.567049999999999841e+02 5.010069999999999801e-01
3.562049999999999841e+02 5.012450000000000516e-01
3.557049999999999841e+02 5.014849999999999586e-01
3.552049999999999841e+02 5.017260000000000053e-01
3.547049999999999841e+02 5.019679999999999698e-01
3.542049999999999841e+02 5.022109999999999630e-01
3.537049999999999841e+02 5.024549999999999850e-01
3.532049999999999841e+02 5.027000000000000357e-01
3.527049999999999841e+02 5.029460000000000042e-01
3.522049999999999841e+02 5.031940000000000301e-01
3.517049999999999841e+02 5.034429999999999739e-01
3.512049999999999841e+02 5.036929999999999463e-01
3.507049999999999841e+02 5.039439999999999475e-01
3.502049999999999841e+02 5.041970000000000063e-01
3.497049999999999841e+02 5.044499999999999540e-01
3.492049999999999841e+02 5.047049999999999592e-01
3.487049999999999841e+02 5.049609999999999932e-01
3.482049999999999841e+02 5.052179999999999449e-01
3.477049999999999841e+02 5.054769999999999541e-01
3.472049999999999841e+02 5.057369999999999921e-01
3.467049999999999841e+02 5.059979999999999478e-01
3.462049999999999841e+02 5.062600000000000433e-01
3.457049999999999841e+02 5.065239999999999743e-01
3.452049999999999841e+02 5.067880000000000162e-01
3.447049999999999841e+02 5.070550000000000335e-01
3.442049999999999841e+02 5.073220000000000507e-01
3.437049999999999841e+02 5.075910000000000144e-01
3.432049999999999841e+02 5.078610000000000069e-01
3.427049999999999841e+02 5.081320000000000281e-01
3.422049999999999841e+02 5.084049999999999958e-01
3.417049999999999841e+02 5.086789999999999923e-01
3.412049999999999841e+02 5.089540000000000175e-01
3.407049999999999841e+02 5.092309999999999892e-01
3.402049999999999841e+02 5.095089999999999897e-01
3.397049999999999841e+02 5.097890000000000477e-01
3.392049999999999841e+02 5.100700000000000234e-01
3.387049999999999841e+02 5.103520000000000278e-01
3.382049999999999841e+02 5.106359999999999788e-01
3.377049999999999841e+02 5.109209999999999585e-01
3.372049999999999841e+02 5.112069999999999670e-01
3.367049999999999841e+02 5.114950000000000330e-01
3.362049999999999841e+02 5.117840000000000167e-01
3.357049999999999841e+02 5.120749999999999469e-01
3.352049999999999841e+02 5.123680000000000456e-01
3.347049999999999841e+02 5.126610000000000333e-01
3.342049999999999841e+02 5.129569999999999963e-01
3.337049999999999841e+02 5.132529999999999593e-01
3.332049999999999841e+02 5.135509999999999797e-01
3.327049999999999841e+02 5.138509999999999467e-01
3.322049999999999841e+02 5.141520000000000534e-01
3.317049999999999841e+02 5.144549999999999956e-01
3.312049999999999841e+02 5.147589999999999666e-01
3.307049999999999841e+02 5.150649999999999951e-01
3.302049999999999841e+02 5.153729999999999700e-01
3.297049999999999841e+02 5.156819999999999737e-01
3.292049999999999841e+02 5.159920000000000062e-01
3.287049999999999841e+02 5.163039999999999852e-01
3.282049999999999841e+02 5.166180000000000216e-01
3.277049999999999841e+02 5.169329999999999758e-01
3.272049999999999841e+02 5.172499999999999876e-01
3.267049999999999841e+02 5.175689999999999458e-01
3.262049999999999841e+02 5.178890000000000438e-01
3.257049999999999841e+02 5.182109999999999772e-01
3.252049999999999841e+02 5.185340000000000504e-01
3.247049999999999841e+02 5.188599999999999879e-01
3.242049999999999841e+02 5.191869999999999541e-01
3.237049999999999841e+02 5.195149999999999491e-01
3.232049999999999841e+02 5.198460000000000303e-01
3.227049999999999841e+02 5.201780000000000292e-01
3.222049999999999841e+02 5.205109999999999459e-01
3.217049999999999841e+02 5.208469999999999489e-01
3.212049999999999841e+02 5.211839999999999806e-01
3.207049999999999841e+02 5.215229999999999588e-01
3.202049999999999841e+02 5.218639999999999946e-01
3.197049999999999841e+02 5.222069999999999768e-01
3.192049999999999841e+02 5.225509999999999877e-01
3.187049999999999841e+02 5.228969999999999452e-01
3.182049999999999841e+02 5.232459999999999889e-01
3.177049999999999841e+02 5.235959999999999503e-01
3.172049999999999841e+02 5.239470000000000516e-01
3.167049999999999841e+02 5.243010000000000170e-01
3.162049999999999841e+02 5.246570000000000400e-01
3.157049999999999841e+02 5.250139999999999807e-01
3.152049999999999841e+02 5.253729999999999789e-01
3.147049999999999841e+02 5.257349999999999524e-01
3.142049999999999841e+02 5.260979999999999546e-01
3.137049999999999841e+02 5.264630000000000143e-01
3.132049999999999841e+02 5.268300000000000205e-01
3.127049999999999841e+02 5.272000000000000020e-01
3.122049999999999841e+02 5.275710000000000122e-01
3.117049999999999841e+02 5.279439999999999689e-01
3.112049999999999841e+02 5.283189999999999831e-01
3.107049999999999841e+02 5.286960000000000548e-01
3.102049999999999841e+02 5.290759999999999907e-01
3.097049999999999841e+02 5.294569999999999554e-01
3.092049999999999841e+02 5.298399999999999777e-01
3.087049999999999841e+02 5.302259999999999751e-01
3.082049999999999841e+02 5.306140000000000301e-01
3.077049999999999841e+02 5.310030000000000028e-01
3.072049999999999841e+02 5.313949999999999507e-01
3.067049999999999841e+02 5.317889999999999562e-01
3.062049999999999841e+02 5.321860000000000479e-01
3.057049999999999841e+02 5.325839999999999463e-01
3.052049999999999841e+02 5.329850000000000421e-01
3.047049999999999841e+02 5.333879999999999733e-01
3.042049999999999841e+02 5.337929999999999620e-01
3.037049999999999841e+02 5.342000000000000082e-01
3.032049999999999841e+02 5.346100000000000296e-01
3.027049999999999841e+02 5.350219999999999976e-01
3.022049999999999841e+02 5.354360000000000230e-01
3.017049999999999841e+02 5.358530000000000237e-01
3.012049999999999841e+02 5.362719999999999709e-01
3.007049999999999841e+02 5.366929999999999756e-01
3.002049999999999841e+02 5.371169999999999556e-01
2.997049999999999841e+02 5.375429999999999930e-01
2.992049999999999841e+02 5.379709999999999770e-01
2.987049999999999841e+02 5.384020000000000472e-01
2.982049999999999841e+02 5.388349999999999529e-01
2.977049999999999841e+02 5.392709999999999448e-01
2.972049999999999841e+02 5.397100000000000231e-01
2.967049999999999841e+02 5.401500000000000190e-01
2.962049999999999841e+02 5.405940000000000190e-01
2.957049999999999841e+02 5.410399999999999654e-01
2.952049999999999841e+02 5.414879999999999693e-01
2.947049999999999841e+02 5.419389999999999485e-01
2.942049999999999841e+02 5.423930000000000140e-01
2.937049999999999841e+02 5.428490000000000260e-01
2.932049999999999841e+02 5.433080000000000132e-01
2.927049999999999841e+02 5.437699999999999756e-01
2.922049999999999841e+02 5.442339999999999955e-01
2.917049999999999841e+02 5.447009999999999907e-01
2.912049999999999841e+02 5.451709999999999612e-01
2.907049999999999841e+02 5.456440000000000179e-01
2.902049999999999841e+02 5.461190000000000211e-01
2.897049999999999841e+02 5.465969999999999995e-01
2.892049999999999841e+02 5.470779999999999532e-01
2.887049999999999841e+02 5.475609999999999644e-01
2.882049999999999841e+02 5.480479999999999796e-01
2.877049999999999841e+02 5.485379999999999701e-01
2.872049999999999841e+02 5.490300000000000180e-01
2.867049999999999841e+02 5.495250000000000412e-01
2.862049999999999841e+02 5.500239999999999574e-01
2.857049999999999841e+02 5.505250000000000421e-01
2.852049999999999841e+02 5.510289999999999910e-01
2.847049999999999841e+02 5.515360000000000262e-01
2.842049999999999841e+02 5.520469999999999544e-01
2.837049999999999841e+02 5.525600000000000511e-01
2.832049999999999841e+02 5.530770000000000408e-01
2.827049999999999841e+02 5.535959999999999770e-01
2.822049999999999841e+02 5.541190000000000282e-01
2.817049999999999841e+02 5.546450000000000546e-01
2.812049999999999841e+02 5.551739999999999453e-01
2.807049999999999841e+02 5.557069999999999510e-01
2.802049999999999841e+02 5.562420000000000142e-01
2.797049999999999841e+02 5.567809999999999704e-01
2.792049999999999841e+02 5.573230000000000128e-01
2.787049999999999841e+02 5.578689999999999483e-01
2.782049999999999841e+02 5.584179999999999700e-01
2.777049999999999841e+02 5.589699999999999669e-01
2.772049999999999841e+02 5.595259999999999678e-01
2.767049999999999841e+02 5.600850000000000550e-01
2.762049999999999841e+02 5.606480000000000352e-01
2.757049999999999841e+02 5.612139999999999906e-01
2.752049999999999841e+02 5.617839999999999501e-01
2.747049999999999841e+02 5.623569999999999958e-01
2.742049999999999841e+02 5.629340000000000455e-01
2.737049999999999841e+02 5.635149999999999881e-01
2.732049999999999841e+02 5.640990000000000171e-01
2.727049999999999841e+02 5.646870000000000500e-01
2.722049999999999841e+02 5.652779999999999472e-01
2.717049999999999841e+02 5.658739999999999881e-01
2.712049999999999841e+02 5.664730000000000043e-01
2.707049999999999841e+02 5.670760000000000245e-01
2.702049999999999841e+02 5.676820000000000199e-01
2.697049999999999841e+02 5.682930000000000481e-01
2.692049999999999841e+02 5.689079999999999693e-01
2.687049999999999841e+02 5.695259999999999767e-01
2.682049999999999841e+02 5.701490000000000169e-01
2.677049999999999841e+02 5.707750000000000323e-01
2.672049999999999841e+02 5.714059999999999695e-01
2.667049999999999841e+02 5.720410000000000217e-01
2.662049999999999841e+02 5.726799999999999669e-01
2.657049999999999841e+02 5.733230000000000270e-01
2.652049999999999841e+02 5.739699999999999802e-01
2.647049999999999841e+02 5.746210000000000484e-01
2.642049999999999841e+02 5.752770000000000383e-01
2.637049999999999841e+02 5.759370000000000323e-01
2.632049999999999841e+02 5.766019999999999479e-01
2.627049999999999841e+02 5.772709999999999786e-01
2.612049999999999841e+02 5.793040000000000411e-01
2.611650000000000205e+02 5.793629999999999614e-01
2.611250000000000000e+02 5.794179999999999886e-01
2.610450000000000159e+02 5.795280000000000431e-01
2.608849999999999909e+02 5.797470000000000123e-01
2.605649999999999977e+02 5.801870000000000083e-01
2.600649999999999977e+02 5.808769999999999767e-01
2.595649999999999977e+02 5.815740000000000354e-01
2.590649999999999977e+02 5.822760000000000158e-01
2.585649999999999977e+02 5.829830000000000290e-01
2.580649999999999977e+02 5.836940000000000461e-01
2.575649999999999977e+02 5.844110000000000138e-01
2.570649999999999977e+02 5.851319999999999855e-01
2.565649999999999977e+02 5.858579999999999899e-01
2.560649999999999977e+02 5.865899999999999448e-01
2.555649999999999977e+02 5.873260000000000147e-01
2.550649999999999977e+02 5.880670000000000064e-01
2.545649999999999977e+02 5.888130000000000308e-01
2.540649999999999977e+02 5.895650000000000057e-01
2.535649999999999977e+02 5.903220000000000134e-01
2.530649999999999977e+02 5.910840000000000538e-01
2.525649999999999977e+02 5.918510000000000160e-01
2.520649999999999977e+02 5.926230000000000109e-01
2.515649999999999977e+02 5.934009999999999563e-01
2.510649999999999977e+02 5.941849999999999632e-01
2.505649999999999977e+02 5.949740000000000029e-01
2.500649999999999977e+02 5.957689999999999930e-01
2.495649999999999977e+02 5.965690000000000159e-01
2.490649999999999977e+02 5.973749999999999893e-01
2.485649999999999977e+02 5.981859999999999955e-01
2.480649999999999977e+02 5.990039999999999809e-01
2.475649999999999977e+02 5.998269999999999991e-01
2.470649999999999977e+02 6.006559999999999677e-01
2.465649999999999977e+02 6.014909999999999979e-01
2.460649999999999977e+02 6.023319999999999785e-01
2.455649999999999977e+02 6.031800000000000495e-01
2.450649999999999977e+02 6.040330000000000421e-01
2.445649999999999977e+02 6.048930000000000140e-01
2.440649999999999977e+02 6.057580000000000187e-01
2.435649999999999977e+02 6.066310000000000313e-01
2.430649999999999977e+02 6.075089999999999657e-01
2.425649999999999977e+02 6.083939999999999904e-01
2.420649999999999977e+02 6.092859999999999943e-01
2.415649999999999977e+02 6.101839999999999486e-01
2.410649999999999977e+02 6.110889999999999933e-01
2.405649999999999977e+02 6.119999999999999885e-01
2.400649999999999977e+02 6.129189999999999916e-01
2.395649999999999977e+02 6.138439999999999452e-01
2.390649999999999977e+02 6.147759999999999891e-01
2.385649999999999977e+02 6.157150000000000123e-01
2.380649999999999977e+02 6.166610000000000147e-01
2.375649999999999977e+02 6.176150000000000251e-01
2.370649999999999977e+02 6.185760000000000147e-01
2.365649999999999977e+02 6.195439999999999836e-01
2.360649999999999977e+02 6.205190000000000428e-01
2.355649999999999977e+02 6.215019999999999989e-01
2.350649999999999977e+02 6.224929999999999630e-01
2.345649999999999977e+02 6.234910000000000174e-01
2.340649999999999977e+02 6.244969999999999688e-01
2.335649999999999977e+02 6.255100000000000104e-01
2.330649999999999977e+02 6.265319999999999778e-01
2.325649999999999977e+02 6.275610000000000355e-01
2.320649999999999977e+02 6.285990000000000189e-01
2.315649999999999977e+02 6.296450000000000102e-01
2.310649999999999977e+02 6.306990000000000096e-01
2.305649999999999977e+02 6.317610000000000170e-01
2.300649999999999977e+02 6.328319999999999501e-01
2.295649999999999977e+02 6.339120000000000310e-01
2.290649999999999977e+02 6.350000000000000089e-01
2.285649999999999977e+02 6.360970000000000235e-01
2.280649999999999977e+02 6.372020000000000461e-01
2.275649999999999977e+02 6.383170000000000233e-01
2.270649999999999977e+02 6.394400000000000084e-01
2.265649999999999977e+02 6.405729999999999480e-01
2.260649999999999977e+02 6.417150000000000354e-01
2.255649999999999977e+02 6.428660000000000485e-01
2.250649999999999977e+02 6.440270000000000161e-01
2.245649999999999977e+02 6.451980000000000492e-01
2.240649999999999977e+02 6.463780000000000081e-01
2.235649999999999977e+02 6.475680000000000325e-01
2.230649999999999977e+02 6.487680000000000113e-01
2.225649999999999977e+02 6.499779999999999447e-01
2.220649999999999977e+02 6.511980000000000546e-01
2.215649999999999977e+02 6.524280000000000079e-01
2.210649999999999977e+02 6.536689999999999445e-01
2.205649999999999977e+02 6.549199999999999466e-01
2.200649999999999977e+02 6.561829999999999607e-01
2.195649999999999977e+02 6.574550000000000116e-01
2.190649999999999977e+02 6.587389999999999635e-01
2.185649999999999977e+02 6.600340000000000096e-01
2.180649999999999977e+02 6.613400000000000389e-01
2.175649999999999977e+02 6.626579999999999693e-01
2.170649999999999977e+02 6.639869999999999939e-01
2.165649999999999977e+02 6.653280000000000305e-01
2.160649999999999977e+02 6.666800000000000503e-01
2.155649999999999977e+02 6.680449999999999999e-01
2.150649999999999977e+02 6.694210000000000438e-01
2.145649999999999977e+02 6.708100000000000174e-01
2.140649999999999977e+02 6.722120000000000317e-01
2.135649999999999977e+02 6.736259999999999470e-01
2.130649999999999977e+02 6.750530000000000141e-01
2.125660000000000025e+02 6.764919999999999822e-01
2.120660000000000025e+02 6.779450000000000198e-01
2.115660000000000025e+02 6.794109999999999872e-01
2.110660000000000025e+02 6.808910000000000240e-01
2.105660000000000025e+02 6.823839999999999906e-01
2.100660000000000025e+02 6.838910000000000267e-01
2.095660000000000025e+02 6.854130000000000500e-01
2.090660000000000025e+02 6.869480000000000031e-01
2.085660000000000025e+02 6.884980000000000544e-01
2.080660000000000025e+02 6.900629999999999820e-01
2.075660000000000025e+02 6.916419999999999790e-01
2.070660000000000025e+02 6.932369999999999921e-01
2.065660000000000025e+02 6.948469999999999924e-01
2.060660000000000025e+02 6.964719999999999800e-01
2.055660000000000025e+02 6.981129999999999836e-01
2.050660000000000025e+02 6.997700000000000031e-01
2.045660000000000025e+02 7.014430000000000387e-01
2.040660000000000025e+02 7.031330000000000080e-01
2.035660000000000025e+02 7.048400000000000221e-01
2.030660000000000025e+02 7.065630000000000521e-01
2.025660000000000025e+02 7.083040000000000447e-01
2.020660000000000025e+02 7.100619999999999710e-01
2.015660000000000025e+02 7.118379999999999708e-01
2.010660000000000025e+02 7.136320000000000441e-01
2.005660000000000025e+02 7.154439999999999689e-01
2.000660000000000025e+02 7.172749999999999959e-01
1.995660000000000025e+02 7.191250000000000142e-01
1.990660000000000025e+02 7.209940000000000238e-01
1.985660000000000025e+02 7.228820000000000245e-01
1.980660000000000025e+02 7.247900000000000453e-01
1.975660000000000025e+02 7.267190000000000039e-01
1.970660000000000025e+02 7.286679999999999824e-01
1.965660000000000025e+02 7.306380000000000097e-01
1.960660000000000025e+02 7.326289999999999747e-01
1.955660000000000025e+02 7.346420000000000172e-01
1.950660000000000025e+02 7.366759999999999975e-01
1.945660000000000025e+02 7.387329999999999730e-01
1.940660000000000025e+02 7.408130000000000548e-01
1.935660000000000025e+02 7.429149999999999920e-01
1.930660000000000025e+02 7.450419999999999821e-01
1.925660000000000025e+02 7.471919999999999673e-01
1.920660000000000025e+02 7.493670000000000053e-01
1.915660000000000025e+02 7.515659999999999563e-01
1.910660000000000025e+02 7.537909999999999888e-01
1.905660000000000025e+02 7.560409999999999631e-01
1.900660000000000025e+02 7.583180000000000476e-01
1.895660000000000025e+02 7.606220000000000203e-01
1.890660000000000025e+02 7.629529999999999923e-01
1.885660000000000025e+02 7.653109999999999635e-01
1.880660000000000025e+02 7.676979999999999915e-01
1.875660000000000025e+02 7.701139999999999652e-01
1.870660000000000025e+02 7.725600000000000245e-01
1.865660000000000025e+02 7.750359999999999472e-01
1.860660000000000025e+02 7.775419999999999554e-01
1.855660000000000025e+02 7.800799999999999956e-01
1.850670000000000073e+02 7.826499999999999568e-01
1.845670000000000073e+02 7.852529999999999788e-01
1.840670000000000073e+02 7.878889999999999505e-01
1.835670000000000073e+02 7.905600000000000405e-01
1.830670000000000073e+02 7.932649999999999979e-01
1.825670000000000073e+02 7.960059999999999913e-01
1.820670000000000073e+02 7.987840000000000495e-01
1.815670000000000073e+02 8.015989999999999505e-01
1.810670000000000073e+02 8.044529999999999736e-01
1.805670000000000073e+02 8.073460000000000081e-01
1.800670000000000073e+02 8.102789999999999715e-01
1.795670000000000073e+02 8.132540000000000324e-01
1.790670000000000073e+02 8.162700000000000511e-01
1.785670000000000073e+02 8.193300000000000027e-01
1.780670000000000073e+02 8.224350000000000271e-01
1.775670000000000073e+02 8.255850000000000133e-01
1.770670000000000073e+02 8.287820000000000187e-01
1.765670000000000073e+02 8.320269999999999611e-01
1.760670000000000073e+02 8.353209999999999802e-01
1.755670000000000073e+02 8.386670000000000513e-01
1.750670000000000073e+02 8.420640000000000347e-01
1.745670000000000073e+02 8.455160000000000453e-01
1.740680000000000121e+02 8.490229999999999722e-01
1.735680000000000121e+02 8.525869999999999838e-01
1.730680000000000121e+02 8.562100000000000266e-01
1.725680000000000121e+02 8.598940000000000472e-01
1.720680000000000121e+02 8.636409999999999920e-01
1.715680000000000121e+02 8.674520000000000008e-01
1.710680000000000121e+02 8.713309999999999667e-01
1.705680000000000121e+02 8.752790000000000292e-01
1.700680000000000121e+02 8.792980000000000240e-01
1.695680000000000121e+02 8.833929999999999838e-01
1.690680000000000121e+02 8.875640000000000196e-01
1.685680000000000121e+02 8.918150000000000244e-01
1.680680000000000121e+02 8.961500000000000021e-01
1.675689999999999884e+02 9.005720000000000391e-01
1.670689999999999884e+02 9.050839999999999996e-01
1.665689999999999884e+02 9.096899999999999986e-01
1.660689999999999884e+02 9.143940000000000401e-01
1.655689999999999884e+02 9.192010000000000458e-01
1.650689999999999884e+02 9.241150000000000198e-01
1.625649999999999977e+02 9.505390000000000228e-01
1.620649999999999977e+02 9.562260000000000204e-01
1.615649999999999977e+02 9.620680000000000343e-01
1.610649999999999977e+02 9.680769999999999653e-01
1.605649999999999977e+02 9.742610000000000436e-01
1.600660000000000025e+02 9.806340000000000057e-01
1.595660000000000025e+02 9.872100000000000319e-01
1.590660000000000025e+02 9.940039999999999987e-01
1.585660000000000025e+02 1.001030000000000086e+00
1.580670000000000073e+02 1.008320000000000105e+00
1.575670000000000073e+02 1.015889999999999960e+00
1.570670000000000073e+02 1.023760000000000003e+00
1.565670000000000073e+02 1.031979999999999897e+00
1.560680000000000121e+02 1.041069999999999940e+00
1.555680000000000121e+02 1.050170000000000048e+00
1.550689999999999884e+02 1.059770000000000101e+00
1.545689999999999884e+02 1.069949999999999957e+00
1.540689999999999884e+02 1.080829999999999957e+00
1.535699999999999932e+02 1.092530000000000001e+00
1.530709999999999980e+02 1.105250000000000066e+00
1.525720000000000027e+02 1.119299999999999962e+00
1.520730000000000075e+02 1.135110000000000063e+00
1.515740000000000123e+02 1.153620000000000090e+00
1.511750000000000114e+02 1.171629999999999949e+00
1.509099999999999966e+02 1.186409999999999965e+00
1.507330000000000041e+02 1.198499999999999899e+00
1.506160000000000139e+02 1.208390000000000075e+00
1.505389999999999873e+02 1.216460000000000097e+00
1.504869999999999948e+02 1.223009999999999931e+00
1.504540000000000077e+02 1.228329999999999922e+00
1.504319999999999879e+02 1.232490000000000085e+00
1.504180000000000064e+02 1.235559999999999992e+00
1.503919999999999959e+02 1.245730000000000004e+00
1.513899999999999864e+02 1.340889999999999915e+00
1.518890000000000100e+02 1.360640000000000072e+00
1.523880000000000052e+02 1.377210000000000045e+00
1.528880000000000052e+02 1.391720000000000068e+00
1.533870000000000005e+02 1.404770000000000074e+00
1.538870000000000005e+02 1.416690000000000005e+00
1.543870000000000005e+02 1.427720000000000100e+00
1.548859999999999957e+02 1.438020000000000076e+00
1.553859999999999957e+02 1.448159999999999892e+00
1.558859999999999957e+02 1.457260000000000000e+00
1.563859999999999957e+02 1.465899999999999981e+00
1.568859999999999957e+02 1.474150000000000071e+00
1.573859999999999957e+02 1.482050000000000090e+00
1.578849999999999909e+02 1.489619999999999944e+00
1.583849999999999909e+02 1.496909999999999963e+00
1.588849999999999909e+02 1.503929999999999989e+00
1.593849999999999909e+02 1.510709999999999997e+00
1.598849999999999909e+02 1.517269999999999897e+00
1.603849999999999909e+02 1.523619999999999974e+00
1.608849999999999909e+02 1.529779999999999918e+00
1.613849999999999909e+02 1.535760000000000014e+00
1.618849999999999909e+02 1.541570000000000107e+00
1.623849999999999909e+02 1.547230000000000105e+00
1.628849999999999909e+02 1.552740000000000009e+00
1.633849999999999909e+02 1.558110000000000106e+00
1.638839999999999861e+02 1.563339999999999952e+00
1.643839999999999861e+02 1.568459999999999965e+00
1.648839999999999861e+02 1.573450000000000015e+00
1.653839999999999861e+02 1.578330000000000011e+00
1.658839999999999861e+02 1.583110000000000017e+00
1.663839999999999861e+02 1.587779999999999969e+00
1.668839999999999861e+02 1.592359999999999998e+00
1.673839999999999861e+02 1.596840000000000037e+00
1.678839999999999861e+02 1.601229999999999931e+00
1.683839999999999861e+02 1.605539999999999967e+00
1.688839999999999861e+02 1.609760000000000080e+00
1.693839999999999861e+02 1.613909999999999956e+00
1.698839999999999861e+02 1.617969999999999908e+00
1.703839999999999861e+02 1.621969999999999912e+00
1.708839999999999861e+02 1.625890000000000057e+00
1.713839999999999861e+02 1.629750000000000032e+00
1.718839999999999861e+02 1.633539999999999992e+00
1.723839999999999861e+02 1.637270000000000003e+00
1.728839999999999861e+02 1.640930000000000000e+00
1.733839999999999861e+02 1.644539999999999891e+00
1.738839999999999861e+02 1.648090000000000055e+00
1.743839999999999861e+02 1.651580000000000048e+00
1.748839999999999861e+02 1.655019999999999936e+00
1.753839999999999861e+02 1.658400000000000096e+00
1.758839999999999861e+02 1.661739999999999995e+00
1.763839999999999861e+02 1.665019999999999945e+00
1.768839999999999861e+02 1.668260000000000076e+00
1.773839999999999861e+02 1.671450000000000102e+00
1.778839999999999861e+02 1.674590000000000023e+00
1.783839999999999861e+02 1.677689999999999904e+00
1.788839999999999861e+02 1.680749999999999966e+00
1.793839999999999861e+02 1.683759999999999923e+00
1.798839999999999861e+02 1.686739999999999906e+00
1.803839999999999861e+02 1.689670000000000005e+00
1.808839999999999861e+02 1.692560000000000064e+00
1.813839999999999861e+02 1.695419999999999927e+00
1.818839999999999861e+02 1.698239999999999972e+00
1.823839999999999861e+02 1.701019999999999976e+00
1.828839999999999861e+02 1.703770000000000007e+00
1.833839999999999861e+02 1.706490000000000062e+00
1.838839999999999861e+02 1.709170000000000078e+00
1.843839999999999861e+02 1.711810000000000054e+00
1.848839999999999861e+02 1.714429999999999898e+00
1.853839999999999861e+02 1.717009999999999925e+00
1.858839999999999861e+02 1.719559999999999977e+00
1.863839999999999861e+02 1.722080000000000055e+00
1.868839999999999861e+02 1.724580000000000002e+00
1.873839999999999861e+02 1.727039999999999909e+00
1.878839999999999861e+02 1.729470000000000063e+00
1.883839999999999861e+02 1.731880000000000086e+00
1.888839999999999861e+02 1.734259999999999913e+00
1.893839999999999861e+02 1.736609999999999987e+00
1.898839999999999861e+02 1.738939999999999930e+00
1.903839999999999861e+02 1.741239999999999899e+00
1.908839999999999861e+02 1.743519999999999959e+00
1.913839999999999861e+02 1.745770000000000044e+00
1.918839999999999861e+02 1.747999999999999998e+00
1.923839999999999861e+02 1.750199999999999978e+00
1.928839999999999861e+02 1.752380000000000049e+00
1.933839999999999861e+02 1.754539999999999988e+00
1.938830000000000098e+02 1.756669999999999954e+00
1.943830000000000098e+02 1.758780000000000010e+00
1.948830000000000098e+02 1.760869999999999935e+00
1.953830000000000098e+02 1.762939999999999952e+00
1.958830000000000098e+02 1.764990000000000059e+00
1.963830000000000098e+02 1.767020000000000035e+00
1.968830000000000098e+02 1.769030000000000102e+00
1.973830000000000098e+02 1.771020000000000039e+00
1.978830000000000098e+02 1.772980000000000000e+00
1.983830000000000098e+02 1.774929999999999897e+00
1.988830000000000098e+02 1.776860000000000106e+00
1.993830000000000098e+02 1.778769999999999962e+00
1.998830000000000098e+02 1.780669999999999975e+00
2.003830000000000098e+02 1.782540000000000013e+00
2.008830000000000098e+02 1.784399999999999986e+00
2.013830000000000098e+02 1.786240000000000050e+00
2.018830000000000098e+02 1.788059999999999983e+00
2.023830000000000098e+02 1.789870000000000072e+00
2.028830000000000098e+02 1.791660000000000030e+00
2.033830000000000098e+02 1.793430000000000080e+00
2.038830000000000098e+02 1.795190000000000063e+00
2.043830000000000098e+02 1.796929999999999916e+00
2.048830000000000098e+02 1.798650000000000082e+00
2.053830000000000098e+02 1.800359999999999960e+00
2.058830000000000098e+02 1.802059999999999995e+00
2.063830000000000098e+02 1.803739999999999899e+00
2.068830000000000098e+02 1.805399999999999894e+00
2.073830000000000098e+02 1.807050000000000045e+00
2.078830000000000098e+02 1.808689999999999909e+00
2.083830000000000098e+02 1.810310000000000086e+00
2.088830000000000098e+02 1.811919999999999975e+00
2.093830000000000098e+02 1.813509999999999955e+00
2.098830000000000098e+02 1.815090000000000092e+00
2.103830000000000098e+02 1.816659999999999942e+00
2.108830000000000098e+02 1.818210000000000104e+00
2.113830000000000098e+02 1.819760000000000044e+00
2.118830000000000098e+02 1.821280000000000010e+00
2.123830000000000098e+02 1.822799999999999976e+00
2.128830000000000098e+02 1.824300000000000033e+00
2.133830000000000098e+02 1.825790000000000024e+00
2.138830000000000098e+02 1.827269999999999950e+00
2.143830000000000098e+02 1.828740000000000032e+00
2.148830000000000098e+02 1.830189999999999984e+00
2.153830000000000098e+02 1.831639999999999935e+00
2.158830000000000098e+02 1.833069999999999977e+00
2.163830000000000098e+02 1.834489999999999954e+00
2.168830000000000098e+02 1.835900000000000087e+00
2.173830000000000098e+02 1.837299999999999933e+00
2.178830000000000098e+02 1.838680000000000092e+00
2.183830000000000098e+02 1.840060000000000029e+00
2.188830000000000098e+02 1.841429999999999900e+00
2.193830000000000098e+02 1.842780000000000085e+00
2.198830000000000098e+02 1.844119999999999981e+00
2.203830000000000098e+02 1.845460000000000100e+00
2.208830000000000098e+02 1.846780000000000088e+00
2.213830000000000098e+02 1.848100000000000076e+00
2.218830000000000098e+02 1.849399999999999933e+00
2.223830000000000098e+02 1.850700000000000012e+00
2.228830000000000098e+02 1.851979999999999960e+00
2.233830000000000098e+02 1.853259999999999907e+00
2.238830000000000098e+02 1.854519999999999946e+00
2.243830000000000098e+02 1.855779999999999985e+00
2.248830000000000098e+02 1.857029999999999959e+00
2.253830000000000098e+02 1.858260000000000023e+00
2.258830000000000098e+02 1.859490000000000087e+00
2.263830000000000098e+02 1.860710000000000086e+00
2.268830000000000098e+02 1.861920000000000019e+00
2.273830000000000098e+02 1.863129999999999953e+00
2.278830000000000098e+02 1.864319999999999977e+00
2.283830000000000098e+02 1.865510000000000002e+00
2.288830000000000098e+02 1.866679999999999895e+00
2.293830000000000098e+02 1.867850000000000010e+00
2.298830000000000098e+02 1.869010000000000060e+00
2.303830000000000098e+02 1.870160000000000045e+00
2.307030000000000030e+02 1.870889999999999942e+00
2.308629999999999995e+02 1.871259999999999923e+00
2.309430000000000121e+02 1.871439999999999992e+00
2.309830000000000041e+02 1.871529999999999916e+00
2.310229999999999961e+02 1.871629999999999905e+00
2.310629999999999882e+02 1.871709999999999985e+00
2.311030000000000086e+02 1.871799999999999908e+00
2.311829999999999927e+02 1.871979999999999977e+00
2.313429999999999893e+02 1.872349999999999959e+00
2.316630000000000109e+02 1.873070000000000013e+00
2.321630000000000109e+02 1.874200000000000088e+00
2.326630000000000109e+02 1.875320000000000098e+00
2.331630000000000109e+02 1.876430000000000042e+00
2.336630000000000109e+02 1.877529999999999921e+00
2.341630000000000109e+02 1.878619999999999957e+00
2.346630000000000109e+02 1.879709999999999992e+00
2.351630000000000109e+02 1.880789999999999962e+00
2.356630000000000109e+02 1.881860000000000088e+00
2.361630000000000109e+02 1.882919999999999927e+00
2.366630000000000109e+02 1.883979999999999988e+00
2.371630000000000109e+02 1.885029999999999983e+00
2.376630000000000109e+02 1.886069999999999913e+00
2.381630000000000109e+02 1.887110000000000065e+00
2.386630000000000109e+02 1.888139999999999930e+00
2.391630000000000109e+02 1.889159999999999950e+00
2.396630000000000109e+02 1.890179999999999971e+00
2.401630000000000109e+02 1.891189999999999927e+00
2.406630000000000109e+02 1.892190000000000039e+00
2.411630000000000109e+02 1.893189999999999928e+00
2.416630000000000109e+02 1.894179999999999975e+00
2.421630000000000109e+02 1.895159999999999956e+00
2.426630000000000109e+02 1.896139999999999937e+00
2.431630000000000109e+02 1.897110000000000074e+00
2.436630000000000109e+02 1.898079999999999989e+00
2.441630000000000109e+02 1.899029999999999996e+00
2.446630000000000109e+02 1.899990000000000068e+00
2.451630000000000109e+02 1.900930000000000009e+00
2.456630000000000109e+02 1.901880000000000015e+00
2.461630000000000109e+02 1.902809999999999890e+00
2.466630000000000109e+02 1.903739999999999988e+00
2.471630000000000109e+02 1.904660000000000020e+00
2.476630000000000109e+02 1.905580000000000052e+00
2.481630000000000109e+02 1.906490000000000018e+00
2.486630000000000109e+02 1.907399999999999984e+00
2.491630000000000109e+02 1.908300000000000107e+00
2.496630000000000109e+02 1.909200000000000008e+00
2.501630000000000109e+02 1.910090000000000066e+00
2.506630000000000109e+02 1.910970000000000057e+00
2.511630000000000109e+02 1.911850000000000049e+00
2.516630000000000109e+02 1.912719999999999976e+00
2.521630000000000109e+02 1.913589999999999902e+00
2.526630000000000109e+02 1.914460000000000051e+00
2.531630000000000109e+02 1.915319999999999911e+00
2.536630000000000109e+02 1.916169999999999929e+00
2.541630000000000109e+02 1.917019999999999946e+00
2.546630000000000109e+02 1.917859999999999898e+00
2.551630000000000109e+02 1.918700000000000072e+00
2.556630000000000109e+02 1.919529999999999959e+00
2.561630000000000109e+02 1.920360000000000067e+00
2.566630000000000109e+02 1.921180000000000110e+00
2.571630000000000109e+02 1.921999999999999931e+00
2.576630000000000109e+02 1.922819999999999974e+00
2.581630000000000109e+02 1.923629999999999951e+00
2.586630000000000109e+02 1.924430000000000085e+00
2.591630000000000109e+02 1.925229999999999997e+00
2.596630000000000109e+02 1.926029999999999909e+00
2.601630000000000109e+02 1.926819999999999977e+00
2.606630000000000109e+02 1.927599999999999980e+00
2.611630000000000109e+02 1.928390000000000049e+00
2.616630000000000109e+02 1.929159999999999986e+00
2.621630000000000109e+02 1.929939999999999989e+00
2.626630000000000109e+02 1.930709999999999926e+00
2.631630000000000109e+02 1.931470000000000020e+00
2.636630000000000109e+02 1.932229999999999892e+00
2.641630000000000109e+02 1.932989999999999986e+00
2.646630000000000109e+02 1.933740000000000014e+00
2.651630000000000109e+02 1.934490000000000043e+00
2.656630000000000109e+02 1.935230000000000006e+00
2.661630000000000109e+02 1.935969999999999969e+00
2.666630000000000109e+02 1.936709999999999932e+00
2.671630000000000109e+02 1.937440000000000051e+00
2.676630000000000109e+02 1.938160000000000105e+00
2.681630000000000109e+02 1.938890000000000002e+00
2.686630000000000109e+02 1.939610000000000056e+00
2.691630000000000109e+02 1.940320000000000045e+00
2.696630000000000109e+02 1.941040000000000099e+00
2.701630000000000109e+02 1.941740000000000022e+00
2.706630000000000109e+02 1.942450000000000010e+00
2.711630000000000109e+02 1.943149999999999933e+00
2.716630000000000109e+02 1.943840000000000012e+00
2.721630000000000109e+02 1.944539999999999935e+00
2.726630000000000109e+02 1.945230000000000015e+00
2.731630000000000109e+02 1.945910000000000029e+00
2.736630000000000109e+02 1.946590000000000042e+00
2.741630000000000109e+02 1.947270000000000056e+00
2.746630000000000109e+02 1.947950000000000070e+00
2.751630000000000109e+02 1.948620000000000019e+00
2.756630000000000109e+02 1.949289999999999967e+00
2.761630000000000109e+02 1.949950000000000072e+00
2.766630000000000109e+02 1.950609999999999955e+00
2.771630000000000109e+02 1.951270000000000060e+00
2.776630000000000109e+02 1.951920000000000099e+00
2.781630000000000109e+02 1.952569999999999917e+00
2.786630000000000109e+02 1.953219999999999956e+00
2.791630000000000109e+02 1.953859999999999930e+00
2.796630000000000109e+02 1.954499999999999904e+00
2.801630000000000109e+02 1.955140000000000100e+00
2.806630000000000109e+02 1.955780000000000074e+00
2.811630000000000109e+02 1.956409999999999982e+00
2.816630000000000109e+02 1.957030000000000047e+00
2.821630000000000109e+02 1.957659999999999956e+00
2.826630000000000109e+02 1.958280000000000021e+00
2.831630000000000109e+02 1.958900000000000086e+00
2.836630000000000109e+02 1.959510000000000085e+00
2.841630000000000109e+02 1.960129999999999928e+00
2.846630000000000109e+02 1.960739999999999927e+00
2.851630000000000109e+02 1.961340000000000083e+00
2.856630000000000109e+02 1.961940000000000017e+00
2.861630000000000109e+02 1.962539999999999951e+00
2.866630000000000109e+02 1.963140000000000107e+00
2.871630000000000109e+02 1.963740000000000041e+00
2.876630000000000109e+02 1.964329999999999909e+00
2.881630000000000109e+02 1.964909999999999934e+00
2.886630000000000109e+02 1.965500000000000025e+00
2.891630000000000109e+02 1.966080000000000050e+00
2.896630000000000109e+02 1.966660000000000075e+00
2.901630000000000109e+02 1.967240000000000100e+00
2.906630000000000109e+02 1.967810000000000059e+00
2.911630000000000109e+02 1.968380000000000019e+00
2.916630000000000109e+02 1.968949999999999978e+00
2.921630000000000109e+02 1.969519999999999937e+00
2.926630000000000109e+02 1.970080000000000053e+00
2.931630000000000109e+02 1.970639999999999947e+00
2.936630000000000109e+02 1.971200000000000063e+00
2.941630000000000109e+02 1.971759999999999957e+00
2.946630000000000109e+02 1.972310000000000008e+00
2.951630000000000109e+02 1.972860000000000058e+00
2.956630000000000109e+02 1.973410000000000108e+00
2.961630000000000109e+02 1.973950000000000093e+00
2.966630000000000109e+02 1.974490000000000078e+00
2.971630000000000109e+02 1.975030000000000063e+00
2.976630000000000109e+02 1.975570000000000048e+00
2.981630000000000109e+02 1.976099999999999968e+00
2.986630000000000109e+02 1.976639999999999953e+00
2.991630000000000109e+02 1.977160000000000029e+00
2.996630000000000109e+02 1.977689999999999948e+00
3.001630000000000109e+02 1.978220000000000089e+00
3.006630000000000109e+02 1.978739999999999943e+00
3.011630000000000109e+02 1.979260000000000019e+00
3.016630000000000109e+02 1.979780000000000095e+00
3.021630000000000109e+02 1.980290000000000106e+00
3.026630000000000109e+02 1.980799999999999894e+00
3.031630000000000109e+02 1.981309999999999905e+00
3.036630000000000109e+02 1.981819999999999915e+00
3.041630000000000109e+02 1.982329999999999925e+00
3.046630000000000109e+02 1.982830000000000092e+00
3.051630000000000109e+02 1.983330000000000037e+00
3.056630000000000109e+02 1.983829999999999982e+00
3.061630000000000109e+02 1.984329999999999927e+00
3.066630000000000109e+02 1.984820000000000029e+00
3.071630000000000109e+02 1.985309999999999908e+00
3.076630000000000109e+02 1.985800000000000010e+00
3.081630000000000109e+02 1.986289999999999889e+00
3.086630000000000109e+02 1.986779999999999990e+00
3.091630000000000109e+02 1.987260000000000026e+00
3.096630000000000109e+02 1.987740000000000062e+00
3.101630000000000109e+02 1.988220000000000098e+00
3.106630000000000109e+02 1.988699999999999912e+00
3.111630000000000109e+02 1.989170000000000105e+00
3.116630000000000109e+02 1.989649999999999919e+00
3.121630000000000109e+02 1.990119999999999889e+00
3.126630000000000109e+02 1.990590000000000082e+00
3.131630000000000109e+02 1.991049999999999986e+00
3.136630000000000109e+02 1.991519999999999957e+00
3.141630000000000109e+02 1.991980000000000084e+00
3.146630000000000109e+02 1.992439999999999989e+00
3.151630000000000109e+02 1.992899999999999894e+00
3.156630000000000109e+02 1.993360000000000021e+00
3.161630000000000109e+02 1.993810000000000082e+00
3.166630000000000109e+02 1.994259999999999922e+00
3.171630000000000109e+02 1.994709999999999983e+00
3.176630000000000109e+02 1.995160000000000045e+00
3.181630000000000109e+02 1.995610000000000106e+00
3.186630000000000109e+02 1.996050000000000102e+00
3.191630000000000109e+02 1.996499999999999941e+00
3.196630000000000109e+02 1.996939999999999937e+00
3.201630000000000109e+02 1.997379999999999933e+00
3.206630000000000109e+02 1.997810000000000086e+00
3.211630000000000109e+02 1.998250000000000082e+00
3.216630000000000109e+02 1.998680000000000012e+00
3.221630000000000109e+02 1.999120000000000008e+00
3.226630000000000109e+02 1.999549999999999939e+00
3.231630000000000109e+02 1.999970000000000026e+00
3.236630000000000109e+02 2.000399999999999956e+00
3.241630000000000109e+02 2.000830000000000108e+00
3.246630000000000109e+02 2.001250000000000195e+00
3.251630000000000109e+02 2.001669999999999838e+00
3.256630000000000109e+02 2.002089999999999925e+00
3.261630000000000109e+02 2.002510000000000012e+00
3.266630000000000109e+02 2.002920000000000034e+00
3.271630000000000109e+02 2.003340000000000121e+00
3.276630000000000109e+02 2.003750000000000142e+00
3.281630000000000109e+02 2.004160000000000164e+00
3.286630000000000109e+02 2.004570000000000185e+00
3.286630000000000109e+02 2.004570000000000185e+00
3.287029999999999745e+02 2.004599999999999937e+00
3.287429999999999950e+02 2.004630000000000134e+00
3.288229999999999791e+02 2.004700000000000149e+00
3.289830000000000041e+02 2.004830000000000112e+00
3.293029999999999973e+02 2.005090000000000039e+00
3.298029999999999973e+02 2.005500000000000060e+00
3.303029999999999973e+02 2.005900000000000016e+00
3.308029999999999973e+02 2.006299999999999972e+00
3.313029999999999973e+02 2.006699999999999928e+00
3.318029999999999973e+02 2.007099999999999884e+00
3.323029999999999973e+02 2.007499999999999840e+00
3.328029999999999973e+02 2.007890000000000175e+00
3.333029999999999973e+02 2.008290000000000131e+00
3.338029999999999973e+02 2.008680000000000021e+00
3.343029999999999973e+02 2.009069999999999911e+00
3.348029999999999973e+02 2.009459999999999802e+00
3.353029999999999973e+02 2.009850000000000136e+00
3.358029999999999973e+02 2.010229999999999961e+00
3.363029999999999973e+02 2.010619999999999852e+00
3.368029999999999973e+02 2.011000000000000121e+00
3.373029999999999973e+02 2.011379999999999946e+00
3.378029999999999973e+02 2.011760000000000215e+00
3.383029999999999973e+02 2.012140000000000040e+00
3.388029999999999973e+02 2.012519999999999865e+00
3.393029999999999973e+02 2.012890000000000068e+00
3.398029999999999973e+02 2.013269999999999893e+00
3.403029999999999973e+02 2.013640000000000096e+00
3.408029999999999973e+02 2.014009999999999856e+00
3.413029999999999973e+02 2.014380000000000059e+00
3.418029999999999973e+02 2.014749999999999819e+00
3.423029999999999973e+02 2.015120000000000022e+00
3.428029999999999973e+02 2.015480000000000160e+00
3.433029999999999973e+02 2.015849999999999920e+00
3.438029999999999973e+02 2.016210000000000058e+00
3.443029999999999973e+02 2.016570000000000196e+00
3.448029999999999973e+02 2.016929999999999890e+00
3.453029999999999973e+02 2.017290000000000028e+00
3.458029999999999973e+02 2.017650000000000166e+00
3.463029999999999973e+02 2.017999999999999794e+00
3.468029999999999973e+02 2.018359999999999932e+00
3.473029999999999973e+02 2.018710000000000004e+00
3.478029999999999973e+02 2.019060000000000077e+00
3.483029999999999973e+02 2.019410000000000149e+00
3.488029999999999973e+02 2.019760000000000222e+00
3.493029999999999973e+02 2.020109999999999850e+00
3.498029999999999973e+02 2.020449999999999857e+00
3.503029999999999973e+02 2.020799999999999930e+00
3.508029999999999973e+02 2.021139999999999937e+00
3.513029999999999973e+02 2.021479999999999944e+00
3.518029999999999973e+02 2.021830000000000016e+00
3.523029999999999973e+02 2.022170000000000023e+00
3.528029999999999973e+02 2.022499999999999964e+00
3.533029999999999973e+02 2.022839999999999971e+00
3.538029999999999973e+02 2.023179999999999978e+00
3.543029999999999973e+02 2.023509999999999920e+00
3.548029999999999973e+02 2.023849999999999927e+00
3.553029999999999973e+02 2.024179999999999868e+00
3.558029999999999973e+02 2.024509999999999810e+00
3.563029999999999973e+02 2.024840000000000195e+00
3.568029999999999973e+02 2.025170000000000137e+00
3.573029999999999973e+02 2.025490000000000013e+00
3.578029999999999973e+02 2.025819999999999954e+00
3.583029999999999973e+02 2.026149999999999896e+00
3.588029999999999973e+02 2.026470000000000216e+00
3.593029999999999973e+02 2.026790000000000092e+00
3.598029999999999973e+02 2.027109999999999967e+00
3.603029999999999973e+02 2.027429999999999843e+00
3.608029999999999973e+02 2.027750000000000163e+00
3.613029999999999973e+02 2.028070000000000039e+00
3.618029999999999973e+02 2.028389999999999915e+00
3.623029999999999973e+02 2.028700000000000170e+00
3.628029999999999973e+02 2.029020000000000046e+00
3.633029999999999973e+02 2.029329999999999856e+00
3.638029999999999973e+02 2.029640000000000111e+00
3.643029999999999973e+02 2.029949999999999921e+00
3.648029999999999973e+02 2.030260000000000176e+00
3.653029999999999973e+02 2.030569999999999986e+00
3.658020000000000209e+02 2.030879999999999797e+00
3.663020000000000209e+02 2.031190000000000051e+00
3.668020000000000209e+02 2.031489999999999796e+00
3.673020000000000209e+02 2.031800000000000050e+00
3.678020000000000209e+02 2.032099999999999795e+00
3.683020000000000209e+02 2.032399999999999984e+00
3.688020000000000209e+02 2.032700000000000173e+00
3.693020000000000209e+02 2.032999999999999918e+00
3.698020000000000209e+02 2.033300000000000107e+00
3.703020000000000209e+02 2.033599999999999852e+00
3.708020000000000209e+02 2.033900000000000041e+00
3.713020000000000209e+02 2.034190000000000165e+00
3.718020000000000209e+02 2.034489999999999910e+00
3.723020000000000209e+02 2.034780000000000033e+00
3.728020000000000209e+02 2.035079999999999778e+00
3.733020000000000209e+02 2.035369999999999902e+00
3.738020000000000209e+02 2.035660000000000025e+00
3.743020000000000209e+02 2.035950000000000149e+00
3.748020000000000209e+02 2.036239999999999828e+00
3.753020000000000209e+02 2.036529999999999951e+00
3.758020000000000209e+02 2.036810000000000009e+00
3.763020000000000209e+02 2.037100000000000133e+00
3.768020000000000209e+02 2.037380000000000191e+00
3.773020000000000209e+02 2.037669999999999870e+00
3.778020000000000209e+02 2.037949999999999928e+00
3.783020000000000209e+02 2.038229999999999986e+00
3.788020000000000209e+02 2.038510000000000044e+00
3.793020000000000209e+02 2.038790000000000102e+00
3.798020000000000209e+02 2.039070000000000160e+00
3.803020000000000209e+02 2.039350000000000218e+00
3.808020000000000209e+02 2.039629999999999832e+00
3.813020000000000209e+02 2.039899999999999824e+00
3.818020000000000209e+02 2.040179999999999882e+00
3.823020000000000209e+02 2.040449999999999875e+00
3.828020000000000209e+02 2.040719999999999867e+00
3.833020000000000209e+02 2.040999999999999925e+00
3.838020000000000209e+02 2.041269999999999918e+00
3.843020000000000209e+02 2.041539999999999910e+00
3.848020000000000209e+02 2.041809999999999903e+00
3.853020000000000209e+02 2.042079999999999895e+00
3.858020000000000209e+02 2.042349999999999888e+00
3.863020000000000209e+02 2.042609999999999815e+00
3.868020000000000209e+02 2.042879999999999807e+00
3.873020000000000209e+02 2.043140000000000178e+00
3.878020000000000209e+02 2.043410000000000171e+00
3.883020000000000209e+02 2.043670000000000098e+00
3.888020000000000209e+02 2.043930000000000025e+00
3.893020000000000209e+02 2.044189999999999952e+00
3.898020000000000209e+02 2.044459999999999944e+00
3.903020000000000209e+02 2.044719999999999871e+00
3.908020000000000209e+02 2.044970000000000176e+00
3.913020000000000209e+02 2.045230000000000103e+00
3.918020000000000209e+02 2.045490000000000030e+00
3.923020000000000209e+02 2.045749999999999957e+00
3.928020000000000209e+02 2.045999999999999819e+00
3.933020000000000209e+02 2.046260000000000190e+00
3.938020000000000209e+02 2.046510000000000051e+00
3.943020000000000209e+02 2.046759999999999913e+00
3.948020000000000209e+02 2.047019999999999840e+00
3.953020000000000209e+02 2.047270000000000145e+00
3.958020000000000209e+02 2.047520000000000007e+00
3.963020000000000209e+02 2.047769999999999868e+00
3.968020000000000209e+02 2.048020000000000174e+00
3.973020000000000209e+02 2.048270000000000035e+00
3.978020000000000209e+02 2.048509999999999831e+00
3.983020000000000209e+02 2.048760000000000137e+00
3.988020000000000209e+02 2.049009999999999998e+00
3.993020000000000209e+02 2.049249999999999794e+00
3.998020000000000209e+02 2.049490000000000034e+00
4.003020000000000209e+02 2.049739999999999895e+00
4.008020000000000209e+02 2.049980000000000135e+00
4.013020000000000209e+02 2.050219999999999931e+00
4.018020000000000209e+02 2.050460000000000171e+00
4.023020000000000209e+02 2.050699999999999967e+00
4.028020000000000209e+02 2.050940000000000207e+00
4.033020000000000209e+02 2.051180000000000003e+00
4.038020000000000209e+02 2.051419999999999799e+00
4.043020000000000209e+02 2.051660000000000039e+00
4.048020000000000209e+02 2.051890000000000214e+00
4.053020000000000209e+02 2.052130000000000010e+00
4.058020000000000209e+02 2.052369999999999806e+00
4.063020000000000209e+02 2.052599999999999980e+00
4.068020000000000209e+02 2.052830000000000155e+00
4.073020000000000209e+02 2.053069999999999951e+00
4.078020000000000209e+02 2.053300000000000125e+00
4.083020000000000209e+02 2.053529999999999855e+00
4.088020000000000209e+02 2.053760000000000030e+00
4.093020000000000209e+02 2.053990000000000204e+00
4.098020000000000209e+02 2.054219999999999935e+00
4.103020000000000209e+02 2.054450000000000109e+00
4.108020000000000209e+02 2.054679999999999840e+00
4.113020000000000209e+02 2.054899999999999949e+00
4.118020000000000209e+02 2.055130000000000123e+00
4.123020000000000209e+02 2.055359999999999854e+00
4.128020000000000209e+02 2.055579999999999963e+00
4.133020000000000209e+02 2.055800000000000072e+00
4.138020000000000209e+02 2.056029999999999802e+00
4.143020000000000209e+02 2.056249999999999911e+00
4.148020000000000209e+02 2.056470000000000020e+00
4.153020000000000209e+02 2.056690000000000129e+00
4.158020000000000209e+02 2.056919999999999860e+00
4.163020000000000209e+02 2.057139999999999969e+00
4.168020000000000209e+02 2.057360000000000078e+00
4.173020000000000209e+02 2.057570000000000121e+00
4.178020000000000209e+02 2.057789999999999786e+00
4.183020000000000209e+02 2.058009999999999895e+00
4.188020000000000209e+02 2.058230000000000004e+00
4.193020000000000209e+02 2.058440000000000047e+00
4.198020000000000209e+02 2.058660000000000156e+00
4.203020000000000209e+02 2.058870000000000200e+00
4.208020000000000209e+02 2.059089999999999865e+00
4.213020000000000209e+02 2.059299999999999908e+00
4.218020000000000209e+02 2.059509999999999952e+00
4.223020000000000209e+02 2.059730000000000061e+00
4.228020000000000209e+02 2.059940000000000104e+00
4.233020000000000209e+02 2.060150000000000148e+00
4.238020000000000209e+02 2.060360000000000191e+00
4.243020000000000209e+02 2.060569999999999791e+00
4.248020000000000209e+02 2.060779999999999834e+00
4.253020000000000209e+02 2.060989999999999878e+00
4.258020000000000209e+02 2.061189999999999856e+00
4.263020000000000209e+02 2.061399999999999899e+00
4.263020000000000209e+02 2.061399999999999899e+00
4.263419999999999845e+02 2.061420000000000030e+00
4.263820000000000050e+02 2.061430000000000096e+00
4.264619999999999891e+02 2.061469999999999914e+00
4.266220000000000141e+02 2.061529999999999863e+00
4.269420000000000073e+02 2.061669999999999892e+00
4.274420000000000073e+02 2.061869999999999870e+00
4.279420000000000073e+02 2.062079999999999913e+00
4.284420000000000073e+02 2.062279999999999891e+00
4.289420000000000073e+02 2.062489999999999934e+00
4.294420000000000073e+02 2.062689999999999912e+00
4.299420000000000073e+02 2.062889999999999890e+00
4.304420000000000073e+02 2.063089999999999868e+00
4.309420000000000073e+02 2.063299999999999912e+00
4.314420000000000073e+02 2.063499999999999890e+00
4.319420000000000073e+02 2.063699999999999868e+00
4.324420000000000073e+02 2.063899999999999846e+00
4.329420000000000073e+02 2.064099999999999824e+00
4.334420000000000073e+02 2.064299999999999802e+00
4.339420000000000073e+02 2.064490000000000158e+00
4.344420000000000073e+02 2.064690000000000136e+00
4.349420000000000073e+02 2.064890000000000114e+00
4.354420000000000073e+02 2.065080000000000027e+00
4.359420000000000073e+02 2.065280000000000005e+00
4.364420000000000073e+02 2.065479999999999983e+00
4.369420000000000073e+02 2.065669999999999895e+00
4.374420000000000073e+02 2.065859999999999808e+00
4.379420000000000073e+02 2.066059999999999786e+00
4.384420000000000073e+02 2.066250000000000142e+00
4.389420000000000073e+02 2.066440000000000055e+00
4.394420000000000073e+02 2.066629999999999967e+00
4.399420000000000073e+02 2.066829999999999945e+00
4.404420000000000073e+02 2.067019999999999857e+00
4.409420000000000073e+02 2.067210000000000214e+00
4.414420000000000073e+02 2.067400000000000126e+00
4.419420000000000073e+02 2.067590000000000039e+00
4.424420000000000073e+02 2.067769999999999886e+00
4.429420000000000073e+02 2.067959999999999798e+00
4.434420000000000073e+02 2.068150000000000155e+00
4.439420000000000073e+02 2.068340000000000067e+00
4.444420000000000073e+02 2.068519999999999914e+00
4.449420000000000073e+02 2.068709999999999827e+00
4.454420000000000073e+02 2.068890000000000118e+00
4.459420000000000073e+02 2.069080000000000030e+00
4.464420000000000073e+02 2.069259999999999877e+00
4.469420000000000073e+02 2.069449999999999790e+00
4.474420000000000073e+02 2.069630000000000081e+00
4.479420000000000073e+02 2.069809999999999928e+00
4.484420000000000073e+02 2.069999999999999840e+00
4.489420000000000073e+02 2.070180000000000131e+00
4.494420000000000073e+02 2.070359999999999978e+00
4.499420000000000073e+02 2.070539999999999825e+00
4.504420000000000073e+02 2.070720000000000116e+00
4.509420000000000073e+02 2.070899999999999963e+00
4.514420000000000073e+02 2.071079999999999810e+00
4.519420000000000073e+02 2.071260000000000101e+00
4.524420000000000073e+02 2.071439999999999948e+00
4.529420000000000073e+02 2.071610000000000174e+00
4.534420000000000073e+02 2.071790000000000020e+00
4.539420000000000073e+02 2.071969999999999867e+00
4.544420000000000073e+02 2.072140000000000093e+00
4.549420000000000073e+02 2.072319999999999940e+00
4.554420000000000073e+02 2.072499999999999787e+00
4.559420000000000073e+02 2.072670000000000012e+00
4.564420000000000073e+02 2.072839999999999794e+00
4.569420000000000073e+02 2.073020000000000085e+00
4.574420000000000073e+02 2.073189999999999866e+00
4.579420000000000073e+02 2.073360000000000092e+00
4.584420000000000073e+02 2.073539999999999939e+00
4.589420000000000073e+02 2.073710000000000164e+00
4.594420000000000073e+02 2.073879999999999946e+00
4.599420000000000073e+02 2.074050000000000171e+00
4.604420000000000073e+02 2.074219999999999953e+00
4.609420000000000073e+02 2.074390000000000178e+00
4.614420000000000073e+02 2.074559999999999960e+00
4.619420000000000073e+02 2.074730000000000185e+00
4.624420000000000073e+02 2.074899999999999967e+00
4.629420000000000073e+02 2.075070000000000192e+00
4.634420000000000073e+02 2.075239999999999974e+00
4.639420000000000073e+02 2.075400000000000134e+00
4.644420000000000073e+02 2.075569999999999915e+00
4.649420000000000073e+02 2.075740000000000141e+00
4.654420000000000073e+02 2.075899999999999856e+00
4.659420000000000073e+02 2.076070000000000082e+00
4.664420000000000073e+02 2.076229999999999798e+00
4.669420000000000073e+02 2.076400000000000023e+00
4.674420000000000073e+02 2.076560000000000183e+00
4.679420000000000073e+02 2.076729999999999965e+00
4.684420000000000073e+02 2.076890000000000125e+00
4.689420000000000073e+02 2.077049999999999841e+00
4.694420000000000073e+02 2.077210000000000001e+00
4.699420000000000073e+02 2.077379999999999782e+00
4.704420000000000073e+02 2.077539999999999942e+00
4.709420000000000073e+02 2.077700000000000102e+00
4.714420000000000073e+02 2.077859999999999818e+00
4.719420000000000073e+02 2.078019999999999978e+00
4.724420000000000073e+02 2.078180000000000138e+00
4.729420000000000073e+02 2.078339999999999854e+00
4.734420000000000073e+02 2.078500000000000014e+00
4.739420000000000073e+02 2.078660000000000174e+00
4.744420000000000073e+02 2.078809999999999825e+00
4.749420000000000073e+02 2.078969999999999985e+00
4.754420000000000073e+02 2.079130000000000145e+00
4.759420000000000073e+02 2.079289999999999861e+00
4.764420000000000073e+02 2.079439999999999955e+00
4.769420000000000073e+02 2.079600000000000115e+00
4.774420000000000073e+02 2.079759999999999831e+00
4.779420000000000073e+02 2.079909999999999926e+00
4.784420000000000073e+02 2.080070000000000086e+00
4.789420000000000073e+02 2.080220000000000180e+00
4.794420000000000073e+02 2.080369999999999830e+00
4.799420000000000073e+02 2.080529999999999990e+00
4.804420000000000073e+02 2.080680000000000085e+00
4.809420000000000073e+02 2.080830000000000179e+00
4.814420000000000073e+02 2.080989999999999895e+00
4.819420000000000073e+02 2.081139999999999990e+00
4.824420000000000073e+02 2.081290000000000084e+00
4.829420000000000073e+02 2.081440000000000179e+00
4.834420000000000073e+02 2.081589999999999829e+00
4.839420000000000073e+02 2.081739999999999924e+00
4.844420000000000073e+02 2.081890000000000018e+00
4.849420000000000073e+02 2.082040000000000113e+00
4.854420000000000073e+02 2.082190000000000207e+00
4.859420000000000073e+02 2.082339999999999858e+00
4.864420000000000073e+02 2.082489999999999952e+00
4.869420000000000073e+02 2.082640000000000047e+00
4.874420000000000073e+02 2.082790000000000141e+00
4.879420000000000073e+02 2.082930000000000170e+00
4.884420000000000073e+02 2.083079999999999821e+00
4.889420000000000073e+02 2.083229999999999915e+00
4.894420000000000073e+02 2.083369999999999944e+00
4.899420000000000073e+02 2.083520000000000039e+00
4.904420000000000073e+02 2.083670000000000133e+00
4.909420000000000073e+02 2.083810000000000162e+00
4.914420000000000073e+02 2.083959999999999813e+00
4.919420000000000073e+02 2.084099999999999842e+00
4.924420000000000073e+02 2.084239999999999871e+00
4.929420000000000073e+02 2.084389999999999965e+00
4.934420000000000073e+02 2.084529999999999994e+00
4.939420000000000073e+02 2.084670000000000023e+00
4.944420000000000073e+02 2.084820000000000118e+00
4.949420000000000073e+02 2.084960000000000147e+00
4.954420000000000073e+02 2.085100000000000176e+00
4.959420000000000073e+02 2.085240000000000204e+00
4.964420000000000073e+02 2.085379999999999789e+00
4.969420000000000073e+02 2.085529999999999884e+00
4.974420000000000073e+02 2.085669999999999913e+00
4.979420000000000073e+02 2.085809999999999942e+00
4.984420000000000073e+02 2.085949999999999971e+00
4.989420000000000073e+02 2.086090000000000000e+00
4.994420000000000073e+02 2.086219999999999963e+00
4.999420000000000073e+02 2.086359999999999992e+00
5.004420000000000073e+02 2.086500000000000021e+00
5.009420000000000073e+02 2.086640000000000050e+00
5.014420000000000073e+02 2.086780000000000079e+00
5.019420000000000073e+02 2.086920000000000108e+00
5.024420000000000073e+02 2.087050000000000072e+00
5.029420000000000073e+02 2.087190000000000101e+00
5.034420000000000073e+02 2.087330000000000130e+00
5.039420000000000073e+02 2.087460000000000093e+00
5.044420000000000073e+02 2.087600000000000122e+00
5.049420000000000073e+02 2.087730000000000086e+00
5.054420000000000073e+02 2.087870000000000115e+00
5.059420000000000073e+02 2.088000000000000078e+00
5.064420000000000073e+02 2.088140000000000107e+00
5.069420000000000073e+02 2.088270000000000071e+00
5.074420000000000073e+02 2.088400000000000034e+00
5.079420000000000073e+02 2.088540000000000063e+00
5.084420000000000073e+02 2.088670000000000027e+00
5.089420000000000073e+02 2.088799999999999990e+00
5.094420000000000073e+02 2.088940000000000019e+00
5.099420000000000073e+02 2.089069999999999983e+00
5.104420000000000073e+02 2.089199999999999946e+00
5.109420000000000073e+02 2.089329999999999909e+00
5.114420000000000073e+02 2.089459999999999873e+00
5.119420000000000073e+02 2.089589999999999836e+00
5.124420000000000073e+02 2.089719999999999800e+00
5.129420000000000073e+02 2.089859999999999829e+00
5.134420000000000073e+02 2.089989999999999792e+00
5.139420000000000073e+02 2.090110000000000134e+00
5.144420000000000073e+02 2.090240000000000098e+00
5.149420000000000073e+02 2.090370000000000061e+00
5.154420000000000073e+02 2.090500000000000025e+00
5.159420000000000073e+02 2.090629999999999988e+00
5.164420000000000073e+02 2.090759999999999952e+00
5.169420000000000073e+02 2.090889999999999915e+00
5.174420000000000073e+02 2.091009999999999813e+00
5.179420000000000073e+02 2.091140000000000221e+00
5.184420000000000073e+02 2.091270000000000184e+00
5.189420000000000073e+02 2.091390000000000082e+00
5.194420000000000073e+02 2.091520000000000046e+00
5.199420000000000073e+02 2.091650000000000009e+00
5.204420000000000073e+02 2.091769999999999907e+00
5.209420000000000073e+02 2.091899999999999871e+00
5.214420000000000073e+02 2.092020000000000213e+00
5.219420000000000073e+02 2.092150000000000176e+00
5.224420000000000073e+02 2.092270000000000074e+00
5.229420000000000073e+02 2.092400000000000038e+00
5.234420000000000073e+02 2.092519999999999936e+00
5.239420000000000073e+02 2.092639999999999834e+00
5.239420000000000073e+02 2.092639999999999834e+00
5.239819999999999709e+02 2.092649999999999899e+00
5.240220000000000482e+02 2.092659999999999965e+00
5.241019999999999754e+02 2.092680000000000096e+00
5.242619999999999436e+02 2.092719999999999914e+00
5.245819999999999936e+02 2.092799999999999994e+00
5.250819999999999936e+02 2.092919999999999892e+00
5.255819999999999936e+02 2.093049999999999855e+00
5.260819999999999936e+02 2.093170000000000197e+00
5.265819999999999936e+02 2.093290000000000095e+00
5.270819999999999936e+02 2.093409999999999993e+00
5.275819999999999936e+02 2.093529999999999891e+00
5.280819999999999936e+02 2.093659999999999854e+00
5.285819999999999936e+02 2.093780000000000197e+00
5.290819999999999936e+02 2.093900000000000095e+00
5.295819999999999936e+02 2.094019999999999992e+00
5.300819999999999936e+02 2.094139999999999890e+00
5.305819999999999936e+02 2.094259999999999788e+00
5.310819999999999936e+02 2.094380000000000130e+00
5.315819999999999936e+02 2.094500000000000028e+00
5.320819999999999936e+02 2.094609999999999861e+00
5.325819999999999936e+02 2.094730000000000203e+00
5.330819999999999936e+02 2.094850000000000101e+00
5.335819999999999936e+02 2.094969999999999999e+00
5.340819999999999936e+02 2.095089999999999897e+00
5.345819999999999936e+02 2.095209999999999795e+00
5.350819999999999936e+02 2.095320000000000071e+00
5.355819999999999936e+02 2.095439999999999969e+00
5.360819999999999936e+02 2.095559999999999867e+00
5.365819999999999936e+02 2.095670000000000144e+00
5.370819999999999936e+02 2.095790000000000042e+00
5.375819999999999936e+02 2.095909999999999940e+00
5.380819999999999936e+02 2.096020000000000216e+00
5.385819999999999936e+02 2.096140000000000114e+00
5.390819999999999936e+02 2.096249999999999947e+00
5.395819999999999936e+02 2.096369999999999845e+00
5.400819999999999936e+02 2.096480000000000121e+00
5.405819999999999936e+02 2.096600000000000019e+00
5.410819999999999936e+02 2.096709999999999852e+00
5.415819999999999936e+02 2.096820000000000128e+00
5.420819999999999936e+02 2.096940000000000026e+00
5.425819999999999936e+02 2.097049999999999859e+00
5.430819999999999936e+02 2.097160000000000135e+00
5.435819999999999936e+02 2.097280000000000033e+00
5.440819999999999936e+02 2.097389999999999866e+00
5.445819999999999936e+02 2.097500000000000142e+00
5.450819999999999936e+02 2.097609999999999975e+00
5.455819999999999936e+02 2.097729999999999873e+00
5.460819999999999936e+02 2.097840000000000149e+00
5.465819999999999936e+02 2.097949999999999982e+00
5.470819999999999936e+02 2.098059999999999814e+00
5.475819999999999936e+02 2.098170000000000091e+00
5.480819999999999936e+02 2.098279999999999923e+00
5.485819999999999936e+02 2.098390000000000200e+00
5.490819999999999936e+02 2.098500000000000032e+00
5.495819999999999936e+02 2.098609999999999864e+00
5.500819999999999936e+02 2.098720000000000141e+00
5.505819999999999936e+02 2.098829999999999973e+00
5.510819999999999936e+02 2.098939999999999806e+00
5.515819999999999936e+02 2.099050000000000082e+00
5.520819999999999936e+02 2.099159999999999915e+00
5.525819999999999936e+02 2.099270000000000191e+00
5.530819999999999936e+02 2.099369999999999958e+00
5.535819999999999936e+02 2.099479999999999791e+00
5.540819999999999936e+02 2.099590000000000067e+00
5.545819999999999936e+02 2.099699999999999900e+00
5.550819999999999936e+02 2.099800000000000111e+00
5.555819999999999936e+02 2.099909999999999943e+00
5.560819999999999936e+02 2.100020000000000220e+00
5.565819999999999936e+02 2.100119999999999987e+00
5.570819999999999936e+02 2.100229999999999819e+00
5.575819999999999936e+02 2.100340000000000096e+00
5.580819999999999936e+02 2.100439999999999863e+00
5.585819999999999936e+02 2.100550000000000139e+00
5.590819999999999936e+02 2.100649999999999906e+00
5.595819999999999936e+02 2.100760000000000183e+00
5.600819999999999936e+02 2.100859999999999950e+00
5.605819999999999936e+02 2.100969999999999782e+00
5.610819999999999936e+02 2.101069999999999993e+00
5.615819999999999936e+02 2.101179999999999826e+00
5.620819999999999936e+02 2.101280000000000037e+00
5.625819999999999936e+02 2.101379999999999804e+00
5.630819999999999936e+02 2.101490000000000080e+00
5.635819999999999936e+02 2.101589999999999847e+00
5.640819999999999936e+02 2.101690000000000058e+00
5.645819999999999936e+02 2.101799999999999891e+00
5.650819999999999936e+02 2.101900000000000102e+00
5.655819999999999936e+02 2.101999999999999869e+00
5.660819999999999936e+02 2.102100000000000080e+00
5.665819999999999936e+02 2.102199999999999847e+00
5.670819999999999936e+02 2.102310000000000123e+00
5.675819999999999936e+02 2.102409999999999890e+00
5.680819999999999936e+02 2.102510000000000101e+00
5.685819999999999936e+02 2.102609999999999868e+00
5.690819999999999936e+02 2.102710000000000079e+00
5.695819999999999936e+02 2.102809999999999846e+00
5.700819999999999936e+02 2.102910000000000057e+00
5.705819999999999936e+02 2.103009999999999824e+00
5.710819999999999936e+02 2.103110000000000035e+00
5.715819999999999936e+02 2.103209999999999802e+00
5.720819999999999936e+02 2.103310000000000013e+00
5.725819999999999936e+02 2.103409999999999780e+00
5.730819999999999936e+02 2.103509999999999991e+00
5.735819999999999936e+02 2.103610000000000202e+00
5.740819999999999936e+02 2.103709999999999969e+00
5.745819999999999936e+02 2.103810000000000180e+00
5.750819999999999936e+02 2.103899999999999881e+00
5.755819999999999936e+02 2.104000000000000092e+00
5.760819999999999936e+02 2.104099999999999859e+00
5.765819999999999936e+02 2.104200000000000070e+00
5.770819999999999936e+02 2.104299999999999837e+00
5.775819999999999936e+02 2.104389999999999983e+00
5.780819999999999936e+02 2.104490000000000194e+00
5.785819999999999936e+02 2.104589999999999961e+00
5.790819999999999936e+02 2.104680000000000106e+00
5.795819999999999936e+02 2.104779999999999873e+00
5.800819999999999936e+02 2.104880000000000084e+00
5.805819999999999936e+02 2.104969999999999786e+00
5.810819999999999936e+02 2.105069999999999997e+00
5.815819999999999936e+02 2.105160000000000142e+00
5.820819999999999936e+02 2.105259999999999909e+00
5.825819999999999936e+02 2.105350000000000055e+00
5.830819999999999936e+02 2.105449999999999822e+00
5.835819999999999936e+02 2.105539999999999967e+00
5.840819999999999936e+02 2.105640000000000178e+00
5.845819999999999936e+02 2.105729999999999880e+00
5.850819999999999936e+02 2.105830000000000091e+00
5.855819999999999936e+02 2.105919999999999792e+00
5.860819999999999936e+02 2.106009999999999938e+00
5.865819999999999936e+02 2.106110000000000149e+00
5.870819999999999936e+02 2.106199999999999850e+00
5.875819999999999936e+02 2.106289999999999996e+00
5.880819999999999936e+02 2.106390000000000207e+00
5.885819999999999936e+02 2.106479999999999908e+00
5.890819999999999936e+02 2.106570000000000054e+00
5.895819999999999936e+02 2.106669999999999821e+00
5.900819999999999936e+02 2.106759999999999966e+00
5.905819999999999936e+02 2.106850000000000112e+00
5.910819999999999936e+02 2.106939999999999813e+00
5.915819999999999936e+02 2.107029999999999959e+00
5.920819999999999936e+02 2.107130000000000170e+00
5.925819999999999936e+02 2.107219999999999871e+00
5.930819999999999936e+02 2.107310000000000016e+00
5.935819999999999936e+02 2.107400000000000162e+00
5.940819999999999936e+02 2.107489999999999863e+00
5.945819999999999936e+02 2.107580000000000009e+00
5.950819999999999936e+02 2.107670000000000154e+00
5.955819999999999936e+02 2.107759999999999856e+00
5.960819999999999936e+02 2.107850000000000001e+00
5.965819999999999936e+02 2.107940000000000147e+00
5.970819999999999936e+02 2.108029999999999848e+00
5.975819999999999936e+02 2.108119999999999994e+00
5.980819999999999936e+02 2.108210000000000139e+00
5.985819999999999936e+02 2.108299999999999841e+00
5.990819999999999936e+02 2.108389999999999986e+00
5.995819999999999936e+02 2.108480000000000132e+00
6.000819999999999936e+02 2.108560000000000212e+00
6.005819999999999936e+02 2.108649999999999913e+00
6.010819999999999936e+02 2.108740000000000059e+00
6.015819999999999936e+02 2.108830000000000204e+00
6.020819999999999936e+02 2.108919999999999906e+00
6.025819999999999936e+02 2.108999999999999986e+00
6.030819999999999936e+02 2.109090000000000131e+00
6.035819999999999936e+02 2.109179999999999833e+00
6.040819999999999936e+02 2.109269999999999978e+00
6.045819999999999936e+02 2.109350000000000058e+00
6.050819999999999936e+02 2.109440000000000204e+00
6.055819999999999936e+02 2.109529999999999905e+00
6.060819999999999936e+02 2.109609999999999985e+00
6.065819999999999936e+02 2.109700000000000131e+00
6.070819999999999936e+02 2.109789999999999832e+00
6.075819999999999936e+02 2.109869999999999912e+00
6.080819999999999936e+02 2.109960000000000058e+00
6.085819999999999936e+02 2.110040000000000138e+00
6.090819999999999936e+02 2.110129999999999839e+00
6.095819999999999936e+02 2.110209999999999919e+00
6.100819999999999936e+02 2.110300000000000065e+00
6.105819999999999936e+02 2.110380000000000145e+00
6.110819999999999936e+02 2.110469999999999846e+00
6.115819999999999936e+02 2.110549999999999926e+00
6.120810000000000173e+02 2.110640000000000072e+00
6.125810000000000173e+02 2.110720000000000152e+00
6.130810000000000173e+02 2.110809999999999853e+00
6.135810000000000173e+02 2.110889999999999933e+00
6.140810000000000173e+02 2.110970000000000013e+00
6.145810000000000173e+02 2.111060000000000159e+00
6.150810000000000173e+02 2.111139999999999795e+00
6.155810000000000173e+02 2.111219999999999875e+00
6.160810000000000173e+02 2.111310000000000020e+00
6.165810000000000173e+02 2.111390000000000100e+00
6.170810000000000173e+02 2.111470000000000180e+00
6.175810000000000173e+02 2.111549999999999816e+00
6.180810000000000173e+02 2.111639999999999961e+00
6.185810000000000173e+02 2.111720000000000041e+00
6.190810000000000173e+02 2.111800000000000122e+00
6.195810000000000173e+02 2.111880000000000202e+00
6.200810000000000173e+02 2.111959999999999837e+00
6.205810000000000173e+02 2.112049999999999983e+00
6.210810000000000173e+02 2.112130000000000063e+00
6.215810000000000173e+02 2.112210000000000143e+00
6.215810000000000173e+02 2.112210000000000143e+00
6.216209999999999809e+02 2.112220000000000208e+00
6.216609999999999445e+02 2.112220000000000208e+00
6.217409999999999854e+02 2.112229999999999830e+00
6.219009999999999536e+02 2.112260000000000026e+00
6.222210000000000036e+02 2.112309999999999910e+00
6.227210000000000036e+02 2.112389999999999990e+00
6.232210000000000036e+02 2.112470000000000070e+00
6.237210000000000036e+02 2.112560000000000215e+00
6.242210000000000036e+02 2.112639999999999851e+00
6.247210000000000036e+02 2.112719999999999931e+00
6.252210000000000036e+02 2.112800000000000011e+00
6.257210000000000036e+02 2.112880000000000091e+00
6.262210000000000036e+02 2.112960000000000171e+00
6.267210000000000036e+02 2.113039999999999807e+00
6.272210000000000036e+02 2.113119999999999887e+00
6.277210000000000036e+02 2.113189999999999902e+00
6.282210000000000036e+02 2.113269999999999982e+00
6.287210000000000036e+02 2.113350000000000062e+00
6.292210000000000036e+02 2.113430000000000142e+00
6.297210000000000036e+02 2.113510000000000222e+00
6.302210000000000036e+02 2.113589999999999858e+00
6.307210000000000036e+02 2.113669999999999938e+00
6.312210000000000036e+02 2.113750000000000018e+00
6.317210000000000036e+02 2.113820000000000032e+00
6.322210000000000036e+02 2.113900000000000112e+00
6.327210000000000036e+02 2.113980000000000192e+00
6.332210000000000036e+02 2.114059999999999828e+00
6.337210000000000036e+02 2.114139999999999908e+00
6.342210000000000036e+02 2.114209999999999923e+00
6.347210000000000036e+02 2.114290000000000003e+00
6.352210000000000036e+02 2.114370000000000083e+00
6.357210000000000036e+02 2.114440000000000097e+00
6.362210000000000036e+02 2.114520000000000177e+00
6.367210000000000036e+02 2.114599999999999813e+00
6.372210000000000036e+02 2.114669999999999828e+00
6.377210000000000036e+02 2.114749999999999908e+00
6.382210000000000036e+02 2.114829999999999988e+00
6.387210000000000036e+02 2.114900000000000002e+00
6.392210000000000036e+02 2.114980000000000082e+00
6.397210000000000036e+02 2.115050000000000097e+00
6.402210000000000036e+02 2.115130000000000177e+00
6.407210000000000036e+02 2.115209999999999813e+00
6.412210000000000036e+02 2.115279999999999827e+00
6.417210000000000036e+02 2.115359999999999907e+00
6.422210000000000036e+02 2.115429999999999922e+00
6.427210000000000036e+02 2.115510000000000002e+00
6.432210000000000036e+02 2.115580000000000016e+00
6.437210000000000036e+02 2.115660000000000096e+00
6.442210000000000036e+02 2.115730000000000111e+00
6.447210000000000036e+02 2.115800000000000125e+00
6.452210000000000036e+02 2.115880000000000205e+00
6.457210000000000036e+02 2.115950000000000220e+00
6.462210000000000036e+02 2.116029999999999855e+00
6.467210000000000036e+02 2.116099999999999870e+00
6.472210000000000036e+02 2.116169999999999884e+00
6.477210000000000036e+02 2.116249999999999964e+00
6.482210000000000036e+02 2.116319999999999979e+00
6.487210000000000036e+02 2.116389999999999993e+00
6.492210000000000036e+02 2.116470000000000073e+00
6.497210000000000036e+02 2.116540000000000088e+00
6.502210000000000036e+02 2.116610000000000102e+00
6.507210000000000036e+02 2.116690000000000182e+00
6.512210000000000036e+02 2.116760000000000197e+00
6.517210000000000036e+02 2.116830000000000211e+00
6.522210000000000036e+02 2.116899999999999782e+00
6.527210000000000036e+02 2.116979999999999862e+00
6.532210000000000036e+02 2.117049999999999876e+00
6.537210000000000036e+02 2.117119999999999891e+00
6.542210000000000036e+02 2.117189999999999905e+00
6.547210000000000036e+02 2.117259999999999920e+00
6.552210000000000036e+02 2.117329999999999934e+00
6.557210000000000036e+02 2.117410000000000014e+00
6.562210000000000036e+02 2.117480000000000029e+00
6.567210000000000036e+02 2.117550000000000043e+00
6.572210000000000036e+02 2.117620000000000058e+00
6.577210000000000036e+02 2.117690000000000072e+00
6.582210000000000036e+02 2.117760000000000087e+00
6.587210000000000036e+02 2.117830000000000101e+00
6.592210000000000036e+02 2.117900000000000116e+00
6.597210000000000036e+02 2.117970000000000130e+00
6.602210000000000036e+02 2.118040000000000145e+00
6.607210000000000036e+02 2.118110000000000159e+00
6.612210000000000036e+02 2.118180000000000174e+00
6.617210000000000036e+02 2.118250000000000188e+00
6.622210000000000036e+02 2.118320000000000203e+00
6.627210000000000036e+02 2.118390000000000217e+00
6.632210000000000036e+02 2.118459999999999788e+00
6.637210000000000036e+02 2.118529999999999802e+00
6.642210000000000036e+02 2.118599999999999817e+00
6.647210000000000036e+02 2.118669999999999831e+00
6.652210000000000036e+02 2.118739999999999846e+00
6.657210000000000036e+02 2.118809999999999860e+00
6.662210000000000036e+02 2.118879999999999875e+00
6.667210000000000036e+02 2.118939999999999824e+00
6.672210000000000036e+02 2.119009999999999838e+00
6.677210000000000036e+02 2.119079999999999853e+00
6.682210000000000036e+02 2.119149999999999867e+00
6.687210000000000036e+02 2.119219999999999882e+00
6.692210000000000036e+02 2.119289999999999896e+00
6.697210000000000036e+02 2.119349999999999845e+00
6.702210000000000036e+02 2.119419999999999860e+00
6.707210000000000036e+02 2.119489999999999874e+00
6.712210000000000036e+02 2.119559999999999889e+00
6.717210000000000036e+02 2.119619999999999838e+00
6.722210000000000036e+02 2.119689999999999852e+00
6.727210000000000036e+02 2.119759999999999867e+00
6.732210000000000036e+02 2.119819999999999816e+00
6.737210000000000036e+02 2.119889999999999830e+00
6.742210000000000036e+02 2.119959999999999845e+00
6.747210000000000036e+02 2.120019999999999794e+00
6.752210000000000036e+02 2.120089999999999808e+00
6.757210000000000036e+02 2.120159999999999823e+00
6.762210000000000036e+02 2.120220000000000216e+00
6.767210000000000036e+02 2.120289999999999786e+00
6.772210000000000036e+02 2.120359999999999800e+00
6.777210000000000036e+02 2.120420000000000194e+00
6.782210000000000036e+02 2.120490000000000208e+00
6.787210000000000036e+02 2.120550000000000157e+00
6.792210000000000036e+02 2.120620000000000172e+00
6.797210000000000036e+02 2.120680000000000121e+00
6.802210000000000036e+02 2.120750000000000135e+00
6.807210000000000036e+02 2.120810000000000084e+00
6.812210000000000036e+02 2.120880000000000098e+00
6.817210000000000036e+02 2.120940000000000047e+00
6.822210000000000036e+02 2.121010000000000062e+00
6.827210000000000036e+02 2.121070000000000011e+00
6.832210000000000036e+02 2.121140000000000025e+00
6.837210000000000036e+02 2.121199999999999974e+00
6.842210000000000036e+02 2.121269999999999989e+00
6.847210000000000036e+02 2.121329999999999938e+00
6.852210000000000036e+02 2.121399999999999952e+00
6.857210000000000036e+02 2.121459999999999901e+00
6.862210000000000036e+02 2.121519999999999850e+00
6.867210000000000036e+02 2.121589999999999865e+00
6.872210000000000036e+02 2.121649999999999814e+00
6.877210000000000036e+02 2.121719999999999828e+00
6.882210000000000036e+02 2.121780000000000221e+00
6.887210000000000036e+02 2.121840000000000170e+00
6.892210000000000036e+02 2.121910000000000185e+00
6.897210000000000036e+02 2.121970000000000134e+00
6.902210000000000036e+02 2.122030000000000083e+00
6.907210000000000036e+02 2.122100000000000097e+00
6.912210000000000036e+02 2.122160000000000046e+00
6.917210000000000036e+02 2.122219999999999995e+00
6.922210000000000036e+02 2.122279999999999944e+00
6.927210000000000036e+02 2.122349999999999959e+00
6.932210000000000036e+02 2.122409999999999908e+00
6.937210000000000036e+02 2.122469999999999857e+00
6.942210000000000036e+02 2.122529999999999806e+00
6.947210000000000036e+02 2.122599999999999820e+00
6.952210000000000036e+02 2.122660000000000213e+00
6.957210000000000036e+02 2.122720000000000162e+00
6.962210000000000036e+02 2.122780000000000111e+00
6.967210000000000036e+02 2.122840000000000060e+00
6.972210000000000036e+02 2.122900000000000009e+00
6.977210000000000036e+02 2.122970000000000024e+00
6.982210000000000036e+02 2.123029999999999973e+00
6.987210000000000036e+02 2.123089999999999922e+00
6.992210000000000036e+02 2.123149999999999871e+00
6.997210000000000036e+02 2.123209999999999820e+00
7.002210000000000036e+02 2.123270000000000213e+00
7.007210000000000036e+02 2.123330000000000162e+00
7.012210000000000036e+02 2.123390000000000111e+00
7.017210000000000036e+02 2.123450000000000060e+00
7.022210000000000036e+02 2.123510000000000009e+00
7.027210000000000036e+02 2.123569999999999958e+00
7.032210000000000036e+02 2.123629999999999907e+00
7.037210000000000036e+02 2.123689999999999856e+00
7.042210000000000036e+02 2.123749999999999805e+00
7.047210000000000036e+02 2.123810000000000198e+00
7.052210000000000036e+02 2.123870000000000147e+00
7.057210000000000036e+02 2.123930000000000096e+00
7.062210000000000036e+02 2.123990000000000045e+00
7.067210000000000036e+02 2.124049999999999994e+00
7.072210000000000036e+02 2.124109999999999943e+00
7.077210000000000036e+02 2.124169999999999892e+00
7.082210000000000036e+02 2.124229999999999841e+00
7.087210000000000036e+02 2.124289999999999790e+00
7.092210000000000036e+02 2.124350000000000183e+00
7.097210000000000036e+02 2.124410000000000132e+00
7.102210000000000036e+02 2.124470000000000081e+00
7.107210000000000036e+02 2.124530000000000030e+00
7.112210000000000036e+02 2.124589999999999979e+00
7.117210000000000036e+02 2.124639999999999862e+00
7.122210000000000036e+02 2.124699999999999811e+00
7.127210000000000036e+02 2.124760000000000204e+00
7.132210000000000036e+02 2.124820000000000153e+00
7.137210000000000036e+02 2.124880000000000102e+00
7.142210000000000036e+02 2.124940000000000051e+00
7.147210000000000036e+02 2.124989999999999934e+00
7.152210000000000036e+02 2.125049999999999883e+00
7.157210000000000036e+02 2.125109999999999832e+00
7.162210000000000036e+02 2.125169999999999781e+00
7.167210000000000036e+02 2.125220000000000109e+00
7.172210000000000036e+02 2.125280000000000058e+00
7.177210000000000036e+02 2.125340000000000007e+00
7.182210000000000036e+02 2.125399999999999956e+00
7.187210000000000036e+02 2.125449999999999839e+00
7.192210000000000036e+02 2.125509999999999788e+00
