179.441 0.285714 0.285714 2 1 0
179.401 0.285714 0.285714 1 1 0
179.381 0.285714 0.285714 1 1 0
179.361 0.285714 0.285714 1 1 0
179.341 0.285714 0.285714 1 1 0
179.321 0.285714 0.285714 1 1 0
179.301 0.285714 0.285714 1 1 0
179.281 0.285714 0.285714 1 1 0
179.261 0.285714 0.285714 1 1 0
179.241 0.285714 0.285714 1 1 0
179.221 0.285714 0.285714 1 1 0
179.201 0.285714 0.285714 1 1 0
179.181 0.285714 0.285714 1 1 0
179.161 0.285714 0.285714 1 1 0
179.141 0.285714 0.285714 1 1 0
179.121 0.285714 0.285714 1 1 0
179.101 0.285714 0.285714 1 1 0
179.081 0.285714 0.285714 1 1 0
179.061 0.285714 0.285714 1 1 0
179.041 0.285714 0.285714 1 1 0
179.021 0.285714 0.285714 1 1 0
179.001 0.285714 0.285714 1 1 0
178.981 0.285714 0.285714 1 1 0
178.961 0.285714 0.285714 1 1 0
178.941 0.285714 0.285714 1 1 0
178.921 0.285714 0.285714 1 1 0
178.901 0.285714 0.285714 1 1 0
178.881 0.285714 0.285714 1 1 0
178.861 0.285714 0.285714 1 1 0
178.841 0.285714 0.285714 1 1 0
178.821 0.285714 0.285714 1 1 0
178.801 0.285714 0.285714 1 1 0
178.781 0.285714 0.285714 1 1 0
178.761 0.285714 0.285714 1 1 0
178.741 0.285714 0.285714 1 1 0
178.721 0.285714 0.285714 1 1 0
178.701 0.285714 0.285714 1 1 0
178.681 0.285714 0.285714 1 1 0
178.661 0.285714 0.285714 1 1 0
178.641 0.285714 0.285714 1 1 0
178.621 0.285714 0.285714 1 1 0
178.601 0.285714 0.285714 1 1 0
178.581 0.285714 0.285714 1 1 0
178.561 0.285714 0.285714 1 1 0
178.541 0.285714 0.285714 1 1 0
178.521 0.285714 0.285714 1 1 0
178.501 0.285714 0.285714 1 1 0
178.481 0.285714 0.285714 1 1 0
178.461 0.285714 0.285714 1 1 0
178.441 0.285714 0.285714 1 1 0
178.421 0.285714 0.285714 1 1 0
178.401 0.285714 0.285714 1 1 0
178.381 0.285714 0.285714 1 1 0
178.361 0.285714 0.285714 1 1 0
178.341 0.285714 0.285714 1 1 0
178.321 0.285714 0.285714 1 1 0
178.301 0.285714 0.285714 1 1 0
178.281 0.285714 0.285714 1 1 0
178.261 0.285714 0.285714 1 1 0
178.241 0.285714 0.285714 1 1 0
178.221 0.285714 0.285714 1 1 0
178.201 0.285714 0.285714 1 1 0
178.181 0.285714 0.285714 1 1 0
178.161 0.285714 0.285714 1 1 0
178.141 0.285714 0.285714 1 1 0
178.121 0.285714 0.285714 1 1 0
178.101 0.285714 0.285714 1 1 0
178.081 0.285714 0.285714 1 1 0
178.061 0.285714 0.285714 1 1 0
178.041 0.285714 0.285714 1 1 0
178.021 0.285714 0.285714 1 1 0
178.001 0.285714 0.285714 1 1 0
177.981 0.285714 0.285714 1 1 0
177.961 0.285714 0.285714 1 1 0
177.941 0.285714 0.285714 1 1 0
177.921 0.285714 0.285714 1 1 0
177.901 0.285714 0.285714 1 1 0
177.881 0.285714 0.285714 1 1 0
177.861 0.285714 0.285714 1 1 0
177.841 0.285714 0.285714 1 1 0
177.821 0.285714 0.285714 1 1 0
177.801 0.285714 0.285714 1 1 0
177.781 0.285714 0.285714 1 1 0
177.761 0.285714 0.285714 1 1 0
177.741 0.285714 0.285714 1 1 0
177.721 0.285714 0.285714 1 1 0
177.701 0.285714 0.285714 1 1 0
177.681 0.285714 0.285714 1 1 0
177.661 0.285714 0.285714 1 1 0
177.641 0.285714 0.285714 1 1 0
177.621 0.285714 0.285714 1 1 0
177.601 0.285714 0.285714 1 1 0
177.581 0.285714 0.285714 1 1 0
177.561 0.285714 0.285714 1 1 0
177.541 0.285714 0.285714 1 1 0
177.521 0.285714 0.285714 1 1 0
177.501 0.285714 0.285714 1 1 0
177.481 0.285714 0.285714 1 1 0
177.461 0.285714 0.285714 1 1 0
177.441 0.285714 0.285714 1 1 0
177.421 0.285714 0.285714 1 1 0
177.401 0.285714 0.285714 1 1 0
177.381 0.285714 0.285714 1 1 0
177.361 0.285714 0.285714 1 1 0
177.341 0.285714 0.285714 1 1 0
177.321 0.285714 0.285714 1 1 0
177.301 0.285714 0.285714 1 1 0
177.281 0.285714 0.285714 1 1 0
177.261 0.285714 0.285714 1 1 0
177.241 0.285714 0.285714 1 1 0
177.221 0.285714 0.285714 1 1 0
177.201 0.285714 0.285714 1 1 0
177.181 0.285714 0.285714 1 1 0
177.161 0.285714 0.285714 1 1 0
177.141 0.285714 0.285714 1 1 0
177.121 0.285714 0.285714 1 1 0
177.101 0.285714 0.285714 1 1 0
177.081 0.285714 0.285714 1 1 0
177.061 0.285714 0.285714 1 1 0
177.041 0.285714 0.285714 1 1 0
177.021 0.285714 0.285714 1 1 0
177.001 0.285714 0.285714 1 1 0
176.981 0.285714 0.285714 1 1 0
176.961 0.285714 0.285714 1 1 0
176.941 0.285714 0.285714 1 1 0
176.921 0.285714 0.285714 1 1 0
176.901 0.285714 0.285714 1 1 0
176.881 0.285714 0.285714 1 1 0
176.861 0.285714 0.285714 1 1 0
176.841 0.285714 0.285714 1 1 0
176.821 0.285714 0.285714 1 1 0
176.801 0.285714 0.285714 1 1 0
176.781 0.285714 0.285714 1 1 0
176.761 0.285714 0.285714 1 1 0
176.741 0.285714 0.285714 1 1 0
176.721 0.285714 0.285714 1 1 0
176.701 0.285714 0.285714 1 1 0
176.681 0.285714 0.285714 1 1 0
176.661 0.285714 0.285714 1 1 0
176.641 0.285714 0.285714 1 1 0
176.621 0.285714 0.285714 1 1 0
176.601 0.285714 0.285714 1 1 0
176.581 0.285714 0.285714 1 1 0
176.561 0.285714 0.285714 1 1 0
176.541 0.285714 0.285714 1 1 0
176.521 0.285714 0.285714 1 1 0
176.501 0.285714 0.285714 1 1 0
176.481 0.285714 0.285714 1 1 0
176.461 0.285714 0.285714 1 1 0
176.441 0.285714 0.285714 1 1 0
176.421 0.285714 0.285714 1 1 0
176.401 0.285714 0.285714 1 1 0
176.381 0.285714 0.285714 1 1 0
176.361 0.285714 0.285714 1 1 0
176.341 0.285714 0.285714 1 1 0
176.321 0.285714 0.285714 1 1 0
176.301 0.285714 0.285714 1 1 0
176.281 0.285714 0.285714 1 1 0
176.261 0.285714 0.285714 1 1 0
176.241 0.285714 0.285714 1 1 0
176.221 0.285714 0.285714 1 1 0
176.201 0.285714 0.285714 1 1 0
176.181 0.285714 0.285714 1 1 0
176.161 0.285714 0.285714 1 1 0
176.141 0.285714 0.285714 1 1 0
176.121 0.285714 0.285714 1 1 0
176.101 0.285714 0.285714 1 1 0
176.081 0.285714 0.285714 1 1 0
176.061 0.285714 0.285714 1 1 0
176.041 0.285714 0.285714 1 1 0
176.021 0.285714 0.285714 1 1 0
176.001 0.285714 0.285714 1 1 0
175.981 0.285714 0.285714 1 1 0
175.961 0.285714 0.285714 1 1 0
175.941 0.285714 0.285714 1 1 0
175.921 0.285714 0.285714 1 1 0
175.901 0.285714 0.285714 1 1 0
175.881 0.285714 0.285714 1 1 0
175.861 0.285714 0.285714 1 1 0
175.841 0.285714 0.285714 1 1 0
175.821 0.285714 0.285714 1 1 0
175.801 0.285714 0.285714 1 1 0
175.781 0.285714 0.285714 1 1 0
175.761 0.285714 0.285714 1 1 0
175.741 0.285714 0.285714 1 1 0
175.721 0.285714 0.285714 1 1 0
175.701 0.285714 0.285714 1 1 0
175.681 0.285714 0.285714 1 1 0
175.661 0.285714 0.285714 1 1 0
175.641 0.285714 0.285714 1 1 0
175.621 0.285714 0.285714 1 1 0
175.601 0.285714 0.285714 1 1 0
175.581 0.285714 0.285714 1 1 0
175.561 0.285714 0.285714 1 1 0
175.541 0.285714 0.285714 1 1 0
175.521 0.285714 0.285714 1 1 0
175.501 0.285714 0.285714 1 1 0
175.481 0.285714 0.285714 1 1 0
175.461 0.285714 0.285714 1 1 0
175.441 0.285714 0.285714 1 1 0
175.441 0.285714 0.285714 2 1 0
175.401 0.285714 0.285714 1 1 0
175.381 0.285714 0.285714 1 1 0
175.361 0.285714 0.285714 1 1 0
175.341 0.285714 0.285714 1 1 0
175.321 0.285714 0.285714 1 1 0
175.301 0.285714 0.285714 1 1 0
175.281 0.285714 0.285714 1 1 0
175.261 0.285714 0.285714 1 1 0
175.241 0.285714 0.285714 1 1 0
175.221 0.285714 0.285714 1 1 0
175.201 0.285714 0.285714 1 1 0
175.181 0.285714 0.285714 1 1 0
175.161 0.285714 0.285714 1 1 0
175.141 0.285714 0.285714 1 1 0
175.121 0.285714 0.285714 1 1 0
175.101 0.285714 0.285714 1 1 0
175.081 0.285714 0.285714 1 1 0
175.061 0.285714 0.285714 1 1 0
175.041 0.285714 0.285714 1 1 0
175.021 0.285714 0.285714 1 1 0
175.001 0.285714 0.285714 1 1 0
174.981 0.285714 0.285714 1 1 0
174.961 0.285714 0.285714 1 1 0
174.941 0.285714 0.285714 1 1 0
174.921 0.285714 0.285714 1 1 0
174.901 0.285714 0.285714 1 1 0
174.881 0.285714 0.285714 1 1 0
174.861 0.285714 0.285714 1 1 0
174.841 0.285714 0.285714 1 1 0
174.821 0.285714 0.285714 1 1 0
174.801 0.285714 0.285714 1 1 0
174.781 0.285714 0.285714 1 1 0
174.761 0.285714 0.285714 1 1 0
174.741 0.285714 0.285714 1 1 0
174.721 0.285714 0.285714 1 1 0
174.701 0.285714 0.285714 1 1 0
174.681 0.285714 0.285714 1 1 0
174.661 0.285714 0.285714 1 1 0
174.641 0.285714 0.285714 1 1 0
174.621 0.285714 0.285714 1 1 0
174.601 0.285714 0.285714 1 1 0
174.581 0.285714 0.285714 1 1 0
174.561 0.285714 0.285714 1 1 0
174.541 0.285714 0.285714 1 1 0
174.521 0.285714 0.285714 1 1 0
174.501 0.285714 0.285714 1 1 0
174.481 0.285714 0.285714 1 1 0
174.461 0.285714 0.285714 1 1 0
174.441 0.285714 0.285714 1 1 0
174.421 0.285714 0.285714 1 1 0
174.401 0.285714 0.285714 1 1 0
174.381 0.285714 0.285714 1 1 0
174.361 0.285714 0.285714 1 1 0
174.341 0.285714 0.285714 1 1 0
174.321 0.285714 0.285714 1 1 0
174.301 0.285714 0.285714 1 1 0
174.281 0.285714 0.285714 1 1 0
174.261 0.285714 0.285714 1 1 0
174.241 0.285714 0.285714 1 1 0
174.221 0.285714 0.285714 1 1 0
174.201 0.285714 0.285714 1 1 0
174.181 0.285714 0.285714 1 1 0
174.161 0.285714 0.285714 1 1 0
174.141 0.285714 0.285714 1 1 0
174.121 0.285714 0.285714 1 1 0
174.101 0.285714 0.285714 1 1 0
174.081 0.285714 0.285714 1 1 0
174.061 0.285714 0.285714 1 1 0
174.041 0.285714 0.285714 1 1 0
174.021 0.285714 0.285714 1 1 0
174.001 0.285714 0.285714 1 1 0
173.981 0.285714 0.285714 1 1 0
173.961 0.285714 0.285714 1 1 0
173.941 0.285714 0.285714 1 1 0
173.921 0.285714 0.285714 1 1 0
173.901 0.285714 0.285714 1 1 0
173.881 0.285714 0.285714 1 1 0
173.861 0.285714 0.285714 1 1 0
173.841 0.285714 0.285714 1 1 0
173.821 0.285714 0.285714 1 1 0
173.801 0.285714 0.285714 1 1 0
173.781 0.285714 0.285714 1 1 0
173.761 0.285714 0.285714 1 1 0
173.741 0.285714 0.285714 1 1 0
173.721 0.285714 0.285714 1 1 0
173.701 0.285714 0.285714 1 1 0
173.681 0.285714 0.285714 1 1 0
173.661 0.285714 0.285714 1 1 0
173.641 0.285714 0.285714 1 1 0
173.621 0.285714 0.285714 1 1 0
173.601 0.285714 0.285714 1 1 0
173.581 0.285714 0.285714 1 1 0
173.561 0.285714 0.285714 1 1 0
173.541 0.285714 0.285714 1 1 0
173.521 0.285714 0.285714 1 1 0
173.501 0.285714 0.285714 1 1 0
173.481 0.285714 0.285714 1 1 0
173.461 0.285714 0.285714 1 1 0
173.441 0.285714 0.285714 1 1 0
173.421 0.285714 0.285714 1 1 0
173.401 0.285714 0.285714 1 1 0
173.381 0.285714 0.285714 1 1 0
173.361 0.285714 0.285714 1 1 0
173.341 0.285714 0.285714 1 1 0
173.321 0.285714 0.285714 1 1 0
173.301 0.285714 0.285714 1 1 0
173.281 0.285714 0.285714 1 1 0
173.261 0.285714 0.285714 1 1 0
173.241 0.285714 0.285714 1 1 0
173.221 0.285714 0.285714 1 1 0
173.201 0.285714 0.285714 1 1 0
173.181 0.285714 0.285714 1 1 0
173.161 0.285714 0.285714 1 1 0
173.141 0.285714 0.285714 1 1 0
173.121 0.285714 0.285714 1 1 0
173.101 0.285714 0.285714 1 1 0
173.081 0.285714 0.285714 1 1 0
173.061 0.285714 0.285714 1 1 0
173.041 0.285714 0.285714 1 1 0
173.021 0.285714 0.285714 1 1 0
173.001 0.285714 0.285714 1 1 0
172.981 0.285714 0.285714 1 1 0
172.961 0.285714 0.285714 1 1 0
172.941 0.285714 0.285714 1 1 0
172.921 0.285714 0.285714 1 1 0
172.901 0.285714 0.285714 1 1 0
172.881 0.285714 0.285714 1 1 0
172.861 0.285714 0.285714 1 1 0
172.841 0.285714 0.285714 1 1 0
172.821 0.285714 0.285714 1 1 0
172.801 0.285714 0.285714 1 1 0
172.781 0.285714 0.285714 1 1 0
172.761 0.285714 0.285714 1 1 0
172.741 0.285714 0.285714 1 1 0
172.721 0.285714 0.285714 1 1 0
172.701 0.285714 0.285714 1 1 0
172.681 0.285714 0.285714 1 1 0
172.661 0.285714 0.285714 1 1 0
172.641 0.285714 0.285714 1 1 0
172.621 0.285714 0.285714 1 1 0
172.601 0.285714 0.285714 1 1 0
172.581 0.285714 0.285714 1 1 0
172.561 0.285714 0.285714 1 1 0
172.541 0.285714 0.285714 1 1 0
172.521 0.285714 0.285714 1 1 0
172.501 0.285714 0.285714 1 1 0
172.481 0.285714 0.285714 1 1 0
172.461 0.285714 0.285714 1 1 0
172.441 0.285714 0.285714 1 1 0
172.421 0.285714 0.285714 1 1 0
172.401 0.285714 0.285714 1 1 0
172.381 0.285714 0.285714 1 1 0
172.361 0.285714 0.285714 1 1 0
172.341 0.285714 0.285714 1 1 0
172.321 0.285714 0.285714 1 1 0
172.301 0.285714 0.285714 1 1 0
172.281 0.285714 0.285714 1 1 0
172.261 0.285714 0.285714 1 1 0
172.241 0.285714 0.285714 1 1 0
172.221 0.285714 0.285714 1 1 0
172.201 0.285714 0.285714 1 1 0
172.181 0.285714 0.285714 1 1 0
172.161 0.285714 0.285714 1 1 0
172.141 0.285714 0.285714 1 1 0
172.121 0.285714 0.285714 1 1 0
172.101 0.285714 0.285714 1 1 0
172.081 0.285714 0.285714 1 1 0
172.061 0.285714 0.285714 1 1 0
172.041 0.285714 0.285714 1 1 0
172.021 0.285714 0.285714 1 1 0
172.001 0.285714 0.285714 1 1 0
171.981 0.285714 0.285714 1 1 0
171.961 0.285714 0.285714 1 1 0
171.941 0.285714 0.285714 1 1 0
171.921 0.285714 0.285714 1 1 0
171.901 0.285714 0.285714 1 1 0
171.881 0.285714 0.285714 1 1 0
171.861 0.285714 0.285714 1 1 0
171.841 0.285714 0.285714 1 1 0
171.821 0.285714 0.285714 1 1 0
171.801 0.285714 0.285714 1 1 0
171.781 0.285714 0.285714 1 1 0
171.761 0.285714 0.285714 1 1 0
171.741 0.285714 0.285714 1 1 0
171.721 0.285714 0.285714 1 1 0
171.701 0.285714 0.285714 1 1 0
171.681 0.285714 0.285714 1 1 0
171.661 0.285714 0.285714 1 1 0
171.641 0.285714 0.285714 1 1 0
171.621 0.285714 0.285714 1 1 0
171.601 0.285714 0.285714 1 1 0
171.581 0.285714 0.285714 1 1 0
171.561 0.285714 0.285714 1 1 0
171.541 0.285714 0.285714 1 1 0
171.521 0.285714 0.285714 1 1 0
171.501 0.285714 0.285714 1 1 0
171.481 0.285714 0.285714 1 1 0
171.461 0.285714 0.285714 1 1 0
171.441 0.285714 0.285714 1 1 0
171.441 0.285714 0.285714 2 1 0
171.401 0.285714 0.285714 1 1 0
171.381 0.285714 0.285714 1 1 0
171.361 0.285714 0.285714 1 1 0
171.341 0.285714 0.285714 1 1 0
171.321 0.285714 0.285714 1 1 0
171.301 0.285714 0.285714 1 1 0
171.281 0.285714 0.285714 1 1 0
171.261 0.285714 0.285714 1 1 0
171.241 0.285714 0.285714 1 1 0
171.221 0.285714 0.285714 1 1 0
171.201 0.285714 0.285714 1 1 0
171.181 0.285714 0.285714 1 1 0
171.161 0.285714 0.285714 1 1 0
171.141 0.285714 0.285714 1 1 0
171.121 0.285714 0.285714 1 1 0
171.101 0.285714 0.285714 1 1 0
171.081 0.285714 0.285714 1 1 0
171.061 0.285714 0.285714 1 1 0
171.041 0.285714 0.285714 1 1 0
171.021 0.285714 0.285714 1 1 0
171.001 0.285714 0.285714 1 1 0
170.981 0.285714 0.285714 1 1 0
170.961 0.285714 0.285714 1 1 0
170.941 0.285714 0.285714 1 1 0
170.921 0.285714 0.285714 1 1 0
170.901 0.285714 0.285714 1 1 0
170.881 0.285714 0.285714 1 1 0
170.861 0.285714 0.285714 1 1 0
170.841 0.285714 0.285714 1 1 0
170.821 0.285714 0.285714 1 1 0
170.801 0.285714 0.285714 1 1 0
170.781 0.285714 0.285714 1 1 0
170.761 0.285714 0.285714 1 1 0
170.741 0.285714 0.285714 1 1 0
170.721 0.285714 0.285714 1 1 0
170.701 0.285714 0.285714 1 1 0
170.681 0.285714 0.285714 1 1 0
170.661 0.285714 0.285714 1 1 0
170.641 0.285714 0.285714 1 1 0
170.621 0.285714 0.285714 1 1 0
170.601 0.285714 0.285714 1 1 0
170.581 0.285714 0.285714 1 1 0
170.561 0.285714 0.285714 1 1 0
170.541 0.285714 0.285714 1 1 0
170.521 0.285714 0.285714 1 1 0
170.501 0.285714 0.285714 1 1 0
170.481 0.285714 0.285714 1 1 0
170.461 0.285714 0.285714 1 1 0
170.441 0.285714 0.285714 1 1 0
170.421 0.285714 0.285714 1 1 0
170.401 0.285714 0.285714 1 1 0
170.381 0.285714 0.285714 1 1 0
170.361 0.285714 0.285714 1 1 0
170.341 0.285714 0.285714 1 1 0
170.321 0.285714 0.285714 1 1 0
170.301 0.285714 0.285714 1 1 0
170.281 0.285714 0.285714 1 1 0
170.261 0.285714 0.285714 1 1 0
170.241 0.285714 0.285714 1 1 0
170.221 0.285714 0.285714 1 1 0
170.201 0.285714 0.285714 1 1 0
170.181 0.285714 0.285714 1 1 0
170.161 0.285714 0.285714 1 1 0
170.141 0.285714 0.285714 1 1 0
170.121 0.285714 0.285714 1 1 0
170.101 0.285714 0.285714 1 1 0
170.081 0.285714 0.285714 1 1 0
170.061 0.285714 0.285714 1 1 0
170.041 0.285714 0.285714 1 1 0
170.021 0.285714 0.285714 1 1 0
170.001 0.285714 0.285714 1 1 0
169.981 0.285714 0.285714 1 1 0
169.961 0.285714 0.285714 1 1 0
169.941 0.285714 0.285714 1 1 0
169.921 0.285714 0.285714 1 1 0
169.901 0.285714 0.285714 1 1 0
169.881 0.285714 0.285714 1 1 0
169.861 0.285714 0.285714 1 1 0
169.841 0.285714 0.285714 1 1 0
169.821 0.285714 0.285714 1 1 0
169.801 0.285714 0.285714 1 1 0
169.781 0.285714 0.285714 1 1 0
169.761 0.285714 0.285714 1 1 0
169.741 0.285714 0.285714 1 1 0
169.721 0.285714 0.285714 1 1 0
169.701 0.285714 0.285714 1 1 0
169.681 0.285714 0.285714 1 1 0
169.661 0.285714 0.285714 1 1 0
169.641 0.285714 0.285714 1 1 0
169.621 0.285714 0.285714 1 1 0
169.601 0.285714 0.285714 1 1 0
169.581 0.285714 0.285714 1 1 0
169.561 0.285714 0.285714 1 1 0
169.541 0.285714 0.285714 1 1 0
169.521 0.285714 0.285714 1 1 0
169.501 0.285714 0.285714 1 1 0
169.481 0.285714 0.285714 1 1 0
169.461 0.285714 0.285714 1 1 0
169.441 0.285714 0.285714 1 1 0
169.421 0.285714 0.285714 1 1 0
169.401 0.285714 0.285714 1 1 0
169.381 0.285714 0.285714 1 1 0
169.361 0.285714 0.285714 1 1 0
169.341 0.285714 0.285714 1 1 0
169.321 0.285714 0.285714 1 1 0
169.301 0.285714 0.285714 1 1 0
169.281 0.285714 0.285714 1 1 0
169.261 0.285714 0.285714 1 1 0
169.241 0.285714 0.285714 1 1 0
169.221 0.285714 0.285714 1 1 0
169.201 0.285714 0.285714 1 1 0
169.181 0.285714 0.285714 1 1 0
169.161 0.285714 0.285714 1 1 0
169.141 0.285714 0.285714 1 1 0
169.121 0.285714 0.285714 1 1 0
169.101 0.285714 0.285714 1 1 0
169.081 0.285714 0.285714 1 1 0
169.061 0.285714 0.285714 1 1 0
169.041 0.285714 0.285714 1 1 0
169.021 0.285714 0.285714 1 1 0
169.001 0.285714 0.285714 1 1 0
168.981 0.285714 0.285714 1 1 0
168.961 0.285714 0.285714 1 1 0
168.941 0.285714 0.285714 1 1 0
168.921 0.285714 0.285714 1 1 0
168.901 0.285714 0.285714 1 1 0
168.881 0.285714 0.285714 1 1 0
168.861 0.285714 0.285714 1 1 0
168.841 0.285714 0.285714 1 1 0
168.821 0.285714 0.285714 1 1 0
168.801 0.285714 0.285714 1 1 0
168.781 0.285714 0.285714 1 1 0
168.761 0.285714 0.285714 1 1 0
168.741 0.285714 0.285714 1 1 0
168.721 0.285714 0.285714 1 1 0
168.701 0.285714 0.285714 1 1 0
168.681 0.285714 0.285714 1 1 0
168.661 0.285714 0.285714 1 1 0
168.641 0.285714 0.285714 1 1 0
168.621 0.285714 0.285714 1 1 0
168.601 0.285714 0.285714 1 1 0
168.581 0.285714 0.285714 1 1 0
168.561 0.285714 0.285714 1 1 0
168.541 0.285714 0.285714 1 1 0
168.521 0.285714 0.285714 1 1 0
168.501 0.285714 0.285714 1 1 0
168.481 0.285714 0.285714 1 1 0
168.461 0.285714 0.285714 1 1 0
168.441 0.285714 0.285714 1 1 0
168.421 0.285714 0.285714 1 1 0
168.401 0.285714 0.285714 1 1 0
168.381 0.285714 0.285714 1 1 0
168.361 0.285714 0.285714 1 1 0
168.341 0.285714 0.285714 1 1 0
168.321 0.285714 0.285714 1 1 0
168.301 0.285714 0.285714 1 1 0
168.281 0.285714 0.285714 1 1 0
168.261 0.285714 0.285714 1 1 0
168.241 0.285714 0.285714 1 1 0
168.221 0.285714 0.285714 1 1 0
168.201 0.285714 0.285714 1 1 0
168.181 0.285714 0.285714 1 1 0
168.161 0.285714 0.285714 1 1 0
168.141 0.285714 0.285714 1 1 0
168.121 0.285714 0.285714 1 1 0
168.101 0.285714 0.285714 1 1 0
168.081 0.285714 0.285714 1 1 0
168.061 0.285714 0.285714 1 1 0
168.041 0.285714 0.285714 1 1 0
168.021 0.285714 0.285714 1 1 0
168.001 0.285714 0.285714 1 1 0
167.981 0.285714 0.285714 1 1 0
167.961 0.285714 0.285714 1 1 0
167.941 0.285714 0.285714 1 1 0
167.921 0.285714 0.285714 1 1 0
167.901 0.285714 0.285714 1 1 0
167.881 0.285714 0.285714 1 1 0
167.861 0.285714 0.285714 1 1 0
167.841 0.285714 0.285714 1 1 0
167.821 0.285714 0.285714 1 1 0
167.801 0.285714 0.285714 1 1 0
167.781 0.285714 0.285714 1 1 0
167.761 0.285714 0.285714 1 1 0
167.741 0.285714 0.285714 1 1 0
167.721 0.285714 0.285714 1 1 0
167.701 0.285714 0.285714 1 1 0
167.681 0.285714 0.285714 1 1 0
167.661 0.285714 0.285714 1 1 0
167.641 0.285714 0.285714 1 1 0
167.621 0.285714 0.285714 1 1 0
167.601 0.285714 0.285714 1 1 0
167.581 0.285714 0.285714 1 1 0
167.561 0.285714 0.285714 1 1 0
167.541 0.285714 0.285714 1 1 0
167.521 0.285714 0.285714 1 1 0
167.501 0.285714 0.285714 1 1 0
167.481 0.285714 0.285714 1 1 0
167.461 0.285714 0.285714 1 1 0
167.441 0.285714 0.285714 1 1 0
167.441 0.285714 0.285714 2 1 0
167.401 0.285714 0.285714 1 1 0
167.361 0.285714 0.285714 1 1 0
167.281 0.285714 0.285714 1 1 0
167.181 0.285714 0.285714 1 1 0
167.081 0.285714 0.285714 1 1 0
166.981 0.285714 0.285714 1 1 0
166.881 0.285714 0.285714 1 1 0
166.781 0.285714 0.285714 1 1 0
166.681 0.285714 0.285714 1 1 0
166.581 0.285714 0.285714 1 1 0
166.481 0.285714 0.285714 1 1 0
166.381 0.285714 0.285714 1 1 0
166.281 0.285714 0.285714 1 1 0
166.181 0.285714 0.285714 1 1 0
166.081 0.285714 0.285714 1 1 0
165.981 0.285714 0.285714 1 1 0
165.881 0.285714 0.285714 1 1 0
165.781 0.285714 0.285714 1 1 0
165.681 0.285714 0.285714 1 1 0
165.581 0.285714 0.285714 1 1 0
165.481 0.285714 0.285714 1 1 0
165.381 0.285714 0.285714 1 1 0
165.281 0.285714 0.285714 1 1 0
165.181 0.285714 0.285714 1 1 0
165.081 0.285714 0.285714 1 1 0
164.981 0.285714 0.285714 1 1 0
164.881 0.285714 0.285714 1 1 0
164.781 0.285714 0.285714 1 1 0
164.681 0.285714 0.285714 1 1 0
164.581 0.285714 0.285714 1 1 0
164.481 0.285714 0.285714 1 1 0
164.381 0.285714 0.285714 1 1 0
164.281 0.285714 0.285714 1 1 0
164.181 0.285714 0.285714 1 1 0
164.081 0.285714 0.285714 1 1 0
163.981 0.285714 0.285714 1 1 0
163.881 0.285714 0.285714 1 1 0
163.781 0.285714 0.285714 1 1 0
163.681 0.285714 0.285714 1 1 0
163.581 0.285714 0.285714 1 1 0
163.481 0.285714 0.285714 1 1 0
163.381 0.285714 0.285714 1 1 0
163.281 0.285714 0.285714 1 1 0
163.181 0.285714 0.285714 1 1 0
163.081 0.285714 0.285714 1 1 0
162.981 0.285714 0.285714 1 1 0
162.881 0.285714 0.285714 1 1 0
162.781 0.285714 0.285714 1 1 0
162.681 0.285714 0.285714 1 1 0
162.581 0.285714 0.285714 1 1 0
162.481 0.285714 0.285714 1 1 0
162.381 0.285714 0.285714 1 1 0
162.281 0.285714 0.285714 1 1 0
162.181 0.285714 0.285714 1 1 0
162.081 0.285714 0.285714 1 1 0
161.981 0.285714 0.285714 1 1 0
161.881 0.285714 0.285714 1 1 0
161.781 0.285714 0.285714 1 1 0
161.681 0.285714 0.285714 1 1 0
161.581 0.285714 0.285714 1 1 0
161.481 0.285714 0.285714 1 1 0
161.381 0.285714 0.285714 1 1 0
161.281 0.285714 0.285714 1 1 0
161.181 0.285714 0.285714 1 1 0
161.081 0.285714 0.285714 1 1 0
160.981 0.285714 0.285714 1 1 0
160.881 0.285714 0.285714 1 1 0
160.781 0.285714 0.285714 1 1 0
160.681 0.285714 0.285714 1 1 0
160.581 0.285714 0.285714 1 1 0
160.481 0.285714 0.285714 1 1 0
160.381 0.285714 0.285714 1 1 0
160.281 0.285714 0.285714 1 1 0
160.181 0.285714 0.285714 1 1 0
160.081 0.285714 0.285714 1 1 0
159.981 0.285714 0.285714 1 1 0
159.881 0.285714 0.285714 1 1 0
159.781 0.285714 0.285714 1 1 0
159.681 0.285714 0.285714 1 1 0
159.581 0.285714 0.285714 1 1 0
159.481 0.285714 0.285714 1 1 0
159.381 0.285714 0.285714 1 1 0
159.281 0.285714 0.285714 1 1 0
159.181 0.285714 0.285714 1 1 0
159.081 0.285714 0.285714 1 1 0
158.981 0.285714 0.285714 1 1 0
158.881 0.285714 0.285714 1 1 0
158.781 0.285714 0.285714 1 1 0
158.681 0.285714 0.285714 1 1 0
158.581 0.285714 0.285714 1 1 0
158.481 0.285714 0.285714 1 1 0
158.381 0.285714 0.285714 1 1 0
158.281 0.285714 0.285714 1 1 0
158.181 0.285714 0.285714 1 1 0
158.081 0.285714 0.285714 1 1 0
157.981 0.285714 0.285714 1 1 0
157.881 0.285714 0.285714 1 1 0
157.781 0.285714 0.285714 1 1 0
157.681 0.285714 0.285714 1 1 0
157.581 0.285714 0.285714 1 1 0
157.481 0.285714 0.285714 1 1 0
157.381 0.285714 0.285714 1 1 0
157.281 0.285714 0.285714 1 1 0
157.181 0.285714 0.285714 1 1 0
157.081 0.285714 0.285714 1 1 0
156.981 0.285714 0.285714 1 1 0
156.881 0.285714 0.285714 1 1 0
156.781 0.285714 0.285714 1 1 0
156.681 0.285714 0.285714 1 1 0
156.581 0.285714 0.285714 1 1 0
156.481 0.285714 0.285714 1 1 0
156.381 0.285714 0.285714 1 1 0
156.281 0.285714 0.285714 1 1 0
156.181 0.285714 0.285714 1 1 0
156.081 0.285714 0.285714 1 1 0
155.981 0.285714 0.285714 1 1 0
155.881 0.285714 0.285714 1 1 0
155.781 0.285714 0.285714 1 1 0
155.681 0.285714 0.285714 1 1 0
155.581 0.285714 0.285714 1 1 0
155.481 0.285714 0.285714 1 1 0
155.381 0.285714 0.285714 1 1 0
155.281 0.285714 0.285714 1 1 0
155.181 0.285714 0.285714 1 1 0
155.081 0.285714 0.285714 1 1 0
154.981 0.285714 0.285714 1 1 0
154.881 0.285714 0.285714 1 1 0
154.781 0.285714 0.285714 1 1 0
154.681 0.285714 0.285714 1 1 0
154.581 0.285714 0.285714 1 1 0
154.481 0.285714 0.285714 1 1 0
154.381 0.285714 0.285714 1 1 0
154.281 0.285714 0.285714 1 1 0
154.181 0.285714 0.285714 1 1 0
154.081 0.285714 0.285714 1 1 0
153.981 0.285714 0.285714 1 1 0
153.881 0.285714 0.285714 1 1 0
153.781 0.285714 0.285714 1 1 0
153.681 0.285714 0.285714 1 1 0
153.581 0.285714 0.285714 1 1 0
153.481 0.285714 0.285714 1 1 0
153.381 0.285714 0.285714 1 1 0
153.281 0.285714 0.285714 1 1 0
153.181 0.285714 0.285714 1 1 0
153.081 0.285714 0.285714 1 1 0
152.981 0.285714 0.285714 1 1 0
152.881 0.285714 0.285714 1 1 0
152.781 0.285714 0.285714 1 1 0
152.681 0.285714 0.285714 1 1 0
152.581 0.285714 0.285714 1 1 0
152.481 0.285714 0.285714 1 1 0
152.381 0.285714 0.285714 1 1 0
152.281 0.285714 0.285714 1 1 0
152.181 0.285714 0.285714 1 1 0
152.081 0.285714 0.285714 1 1 0
151.981 0.285714 0.285714 1 1 0
151.881 0.285714 0.285714 1 1 0
151.781 0.285714 0.285714 1 1 0
151.681 0.285714 0.285714 1 1 0
151.581 0.285714 0.285714 1 1 0
151.481 0.285714 0.285714 1 1 0
151.381 0.285714 0.285714 1 1 0
151.281 0.285714 0.285714 1 1 0
151.181 0.285714 0.285714 1 1 0
151.081 0.285714 0.285714 1 1 0
150.981 0.285714 0.285714 1 1 0
150.881 0.285714 0.285714 1 1 0
150.781 0.285714 0.285714 1 1 0
150.681 0.285714 0.285714 1 1 0
150.581 0.285714 0.285714 1 1 0
150.481 0.285714 0.285714 1 1 0
150.381 0.285714 0.285714 1 1 0
150.281 0.285714 0.285714 1 1 0
150.181 0.285714 0.285714 1 1 0
150.081 0.285714 0.285714 1 1 0
149.981 0.285714 0.285714 1 1 0
149.881 0.285714 0.285714 1 1 0
149.781 0.285714 0.285714 1 1 0
149.681 0.285714 0.285714 1 1 0
149.581 0.285714 0.285714 1 1 0
149.481 0.285714 0.285714 1 1 0
149.381 0.285714 0.285714 1 1 0
149.281 0.285714 0.285714 1 1 0
149.181 0.285714 0.285714 1 1 0
149.081 0.285714 0.285714 1 1 0
148.981 0.285714 0.285714 1 1 0
148.881 0.285714 0.285714 1 1 0
148.781 0.285714 0.285714 1 1 0
148.681 0.285714 0.285714 1 1 0
148.581 0.285714 0.285714 1 1 0
148.481 0.285714 0.285714 1 1 0
148.381 0.285714 0.285714 1 1 0
148.281 0.285714 0.285714 1 1 0
148.181 0.285714 0.285714 1 1 0
148.081 0.285714 0.285714 1 1 0
147.981 0.285714 0.285714 1 1 0
147.881 0.285714 0.285714 1 1 0
147.781 0.285714 0.285714 1 1 0
147.681 0.285714 0.285714 1 1 0
147.681 0.285714 0.285714 2 1 0
147.641 0.285714 0.285714 1 1 0
147.601 0.285714 0.285714 1 1 0
147.521 0.285714 0.285714 1 1 0
147.421 0.285714 0.285714 1 1 0
147.321 0.285714 0.285714 1 1 0
147.221 0.285714 0.285714 1 1 0
147.121 0.285714 0.285714 1 1 0
147.021 0.285714 0.285714 1 1 0
146.921 0.285714 0.285714 1 1 0
146.821 0.285714 0.285714 1 1 0
146.721 0.285714 0.285714 1 1 0
146.621 0.285714 0.285714 1 1 0
146.521 0.285714 0.285714 1 1 0
146.421 0.285714 0.285714 1 1 0
146.321 0.285714 0.285714 1 1 0
146.221 0.285714 0.285714 1 1 0
146.121 0.285714 0.285714 1 1 0
146.021 0.285714 0.285714 1 1 0
145.921 0.285714 0.285714 1 1 0
145.821 0.285714 0.285714 1 1 0
145.721 0.285714 0.285714 1 1 0
145.621 0.285714 0.285714 1 1 0
145.521 0.285714 0.285714 1 1 0
145.421 0.285714 0.285714 1 1 0
145.321 0.285714 0.285714 1 1 0
145.221 0.285714 0.285714 1 1 0
145.121 0.285714 0.285714 1 1 0
145.021 0.285714 0.285714 1 1 0
144.921 0.285714 0.285714 1 1 0
144.821 0.285714 0.285714 1 1 0
144.721 0.285714 0.285714 1 1 0
144.621 0.285714 0.285714 1 1 0
144.521 0.285714 0.285714 1 1 0
144.421 0.285714 0.285714 1 1 0
144.321 0.285714 0.285714 1 1 0
144.221 0.285714 0.285714 1 1 0
144.121 0.285714 0.285714 1 1 0
144.021 0.285714 0.285714 1 1 0
143.921 0.285714 0.285714 1 1 0
143.821 0.285714 0.285714 1 1 0
143.721 0.285714 0.285714 1 1 0
143.621 0.285714 0.285714 1 1 0
143.521 0.285714 0.285714 1 1 0
143.421 0.285714 0.285714 1 1 0
143.321 0.285714 0.285714 1 1 0
143.221 0.285714 0.285714 1 1 0
143.121 0.285714 0.285714 1 1 0
143.021 0.285714 0.285714 1 1 0
142.921 0.285714 0.285714 1 1 0
142.821 0.285714 0.285714 1 1 0
142.721 0.285714 0.285714 1 1 0
142.621 0.285714 0.285714 1 1 0
142.521 0.285714 0.285714 1 1 0
142.421 0.285714 0.285714 1 1 0
142.321 0.285714 0.285714 1 1 0
142.221 0.285714 0.285714 1 1 0
142.121 0.285714 0.285714 1 1 0
142.021 0.285714 0.285714 1 1 0
141.921 0.285714 0.285714 1 1 0
141.821 0.285714 0.285714 1 1 0
141.721 0.285714 0.285714 1 1 0
141.621 0.285714 0.285714 1 1 0
141.521 0.285714 0.285714 1 1 0
141.421 0.285714 0.285714 1 1 0
141.321 0.285714 0.285714 1 1 0
141.221 0.285714 0.285714 1 1 0
141.121 0.285714 0.285714 1 1 0
141.021 0.285714 0.285714 1 1 0
140.921 0.285714 0.285714 1 1 0
140.821 0.285714 0.285714 1 1 0
140.721 0.285714 0.285714 1 1 0
140.621 0.285714 0.285714 1 1 0
140.521 0.285714 0.285714 1 1 0
140.421 0.285714 0.285714 1 1 0
140.321 0.285714 0.285714 1 1 0
140.221 0.285714 0.285714 1 1 0
140.121 0.285714 0.285714 1 1 0
140.021 0.285714 0.285714 1 1 0
139.921 0.285714 0.285714 1 1 0
139.821 0.285714 0.285714 1 1 0
139.721 0.285714 0.285714 1 1 0
139.621 0.285714 0.285714 1 1 0
139.521 0.285714 0.285714 1 1 0
139.421 0.285714 0.285714 1 1 0
139.321 0.285714 0.285714 1 1 0
139.221 0.285714 0.285714 1 1 0
139.121 0.285714 0.285714 1 1 0
139.021 0.285714 0.285714 1 1 0
138.921 0.285714 0.285714 1 1 0
138.821 0.285714 0.285714 1 1 0
138.721 0.285714 0.285714 1 1 0
138.621 0.285714 0.285714 1 1 0
138.521 0.285714 0.285714 1 1 0
138.421 0.285714 0.285714 1 1 0
138.321 0.285714 0.285714 1 1 0
138.221 0.285714 0.285714 1 1 0
138.121 0.285714 0.285714 1 1 0
138.021 0.285714 0.285714 1 1 0
137.921 0.285714 0.285714 1 1 0
137.821 0.285714 0.285714 1 1 0
137.721 0.285714 0.285714 1 1 0
137.621 0.285714 0.285714 1 1 0
137.521 0.285714 0.285714 1 1 0
137.421 0.285714 0.285714 1 1 0
137.321 0.285714 0.285714 1 1 0
137.221 0.285714 0.285714 1 1 0
137.121 0.285714 0.285714 1 1 0
137.021 0.285714 0.285714 1 1 0
136.921 0.285714 0.285714 1 1 0
136.821 0.285714 0.285714 1 1 0
136.721 0.285714 0.285714 1 1 0
136.621 0.285714 0.285714 1 1 0
136.521 0.285714 0.285714 1 1 0
136.421 0.285714 0.285714 1 1 0
136.321 0.285714 0.285714 1 1 0
136.221 0.285714 0.285714 1 1 0
136.121 0.285714 0.285714 1 1 0
136.021 0.285714 0.285714 1 1 0
135.921 0.285714 0.285714 1 1 0
135.821 0.285714 0.285714 1 1 0
135.721 0.285714 0.285714 1 1 0
135.621 0.285714 0.285714 1 1 0
135.521 0.285714 0.285714 1 1 0
135.421 0.285714 0.285714 1 1 0
135.321 0.285714 0.285714 1 1 0
135.221 0.285714 0.285714 1 1 0
135.121 0.285714 0.285714 1 1 0
135.021 0.285714 0.285714 1 1 0
134.921 0.285714 0.285714 1 1 0
134.821 0.285714 0.285714 1 1 0
134.721 0.285714 0.285714 1 1 0
134.621 0.285714 0.285714 1 1 0
134.521 0.285714 0.285714 1 1 0
134.421 0.285714 0.285714 1 1 0
134.321 0.285714 0.285714 1 1 0
134.221 0.285714 0.285714 1 1 0
134.121 0.285714 0.285714 1 1 0
134.021 0.285714 0.285714 1 1 0
133.921 0.285714 0.285714 1 1 0
133.821 0.285714 0.285714 1 1 0
133.721 0.285714 0.285714 1 1 0
133.621 0.285714 0.285714 1 1 0
133.521 0.285714 0.285714 1 1 0
133.421 0.285714 0.285714 1 1 0
133.321 0.285714 0.285714 1 1 0
133.221 0.285714 0.285714 1 1 0
133.121 0.285714 0.285714 1 1 0
133.021 0.285714 0.285714 1 1 0
132.921 0.285714 0.285714 1 1 0
132.821 0.285714 0.285714 1 1 0
132.721 0.285714 0.285714 1 1 0
132.621 0.285714 0.285714 1 1 0
132.521 0.285714 0.285714 1 1 0
132.421 0.285714 0.285714 1 1 0
132.321 0.285714 0.285714 1 1 0
132.221 0.285714 0.285714 1 1 0
132.121 0.285714 0.285714 1 1 0
132.021 0.285714 0.285714 1 1 0
131.921 0.285714 0.285714 1 1 0
131.821 0.285714 0.285714 1 1 0
131.721 0.285714 0.285714 1 1 0
131.621 0.285714 0.285714 1 1 0
131.521 0.285714 0.285714 1 1 0
131.421 0.285714 0.285714 1 1 0
131.321 0.285714 0.285714 1 1 0
131.221 0.285714 0.285714 1 1 0
131.121 0.285714 0.285714 1 1 0
131.021 0.285714 0.285714 1 1 0
130.921 0.285714 0.285714 1 1 0
130.821 0.285714 0.285714 1 1 0
130.721 0.285714 0.285714 1 1 0
130.621 0.285714 0.285714 1 1 0
130.521 0.285714 0.285714 1 1 0
130.421 0.285714 0.285714 1 1 0
130.321 0.285714 0.285714 1 1 0
130.221 0.285714 0.285714 1 1 0
130.121 0.285714 0.285714 1 1 0
130.021 0.285714 0.285714 1 1 0
129.921 0.285714 0.285714 1 1 0
129.821 0.285714 0.285714 1 1 0
129.721 0.285714 0.285714 1 1 0
129.621 0.285714 0.285714 1 1 0
129.521 0.285714 0.285714 1 1 0
129.421 0.285714 0.285714 1 1 0
129.321 0.285714 0.285714 1 1 0
129.221 0.285714 0.285714 1 1 0
129.121 0.285714 0.285714 1 1 0
129.021 0.285714 0.285714 1 1 0
128.921 0.285714 0.285714 1 1 0
128.821 0.285714 0.285714 1 1 0
128.721 0.285714 0.285714 1 1 0
128.621 0.285714 0.285714 1 1 0
128.521 0.285714 0.285714 1 1 0
128.421 0.285714 0.285714 1 1 0
128.321 0.285714 0.285714 1 1 0
128.221 0.285714 0.285714 1 1 0
128.121 0.285714 0.285714 1 1 0
128.021 0.285714 0.285714 1 1 0
127.921 0.285714 0.285714 1 1 0
127.921 0.285714 0.285714 2 1 0
127.881 0.285714 0.285714 1 1 0
127.841 0.285714 0.285714 1 1 0
127.761 0.285714 0.285714 1 1 0
127.661 0.285714 0.285714 1 1 0
127.561 0.285714 0.285714 1 1 0
127.461 0.285714 0.285714 1 1 0
127.361 0.285714 0.285714 1 1 0
127.261 0.285714 0.285714 1 1 0
127.161 0.285714 0.285714 1 1 0
127.061 0.285714 0.285714 1 1 0
126.961 0.285714 0.285714 1 1 0
126.861 0.285714 0.285714 1 1 0
126.761 0.285714 0.285714 1 1 0
126.661 0.285714 0.285714 1 1 0
126.561 0.285714 0.285714 1 1 0
126.461 0.285714 0.285714 1 1 0
126.361 0.285714 0.285714 1 1 0
126.261 0.285714 0.285714 1 1 0
126.161 0.285714 0.285714 1 1 0
126.061 0.285714 0.285714 1 1 0
125.961 0.285714 0.285714 1 1 0
125.861 0.285714 0.285714 1 1 0
125.761 0.285714 0.285714 1 1 0
125.661 0.285714 0.285714 1 1 0
125.561 0.285714 0.285714 1 1 0
125.461 0.285714 0.285714 1 1 0
125.361 0.285714 0.285714 1 1 0
125.261 0.285714 0.285714 1 1 0
125.161 0.285714 0.285714 1 1 0
125.061 0.285714 0.285714 1 1 0
124.961 0.285714 0.285714 1 1 0
124.861 0.285714 0.285714 1 1 0
124.761 0.285714 0.285714 1 1 0
124.661 0.285714 0.285714 1 1 0
124.561 0.285714 0.285714 1 1 0
124.461 0.285714 0.285714 1 1 0
124.361 0.285714 0.285714 1 1 0
124.261 0.285714 0.285714 1 1 0
124.161 0.285714 0.285714 1 1 0
124.061 0.285714 0.285714 1 1 0
123.961 0.285714 0.285714 1 1 0
123.861 0.285714 0.285714 1 1 0
123.761 0.285714 0.285714 1 1 0
123.661 0.285714 0.285714 1 1 0
123.561 0.285714 0.285714 1 1 0
123.461 0.285714 0.285714 1 1 0
123.361 0.285714 0.285714 1 1 0
123.261 0.285714 0.285714 1 1 0
123.161 0.285714 0.285714 1 1 0
123.061 0.285714 0.285714 1 1 0
122.961 0.285714 0.285714 1 1 0
122.861 0.285714 0.285714 1 1 0
122.761 0.285714 0.285714 1 1 0
122.661 0.285714 0.285714 1 1 0
122.561 0.285714 0.285714 1 1 0
122.461 0.285714 0.285714 1 1 0
122.361 0.285714 0.285714 1 1 0
122.261 0.285714 0.285714 1 1 0
122.161 0.285714 0.285714 1 1 0
122.061 0.285714 0.285714 1 1 0
121.961 0.285714 0.285714 1 1 0
121.861 0.285714 0.285714 1 1 0
121.761 0.285714 0.285714 1 1 0
121.661 0.285714 0.285714 1 1 0
121.561 0.285714 0.285714 1 1 0
121.461 0.285714 0.285714 1 1 0
121.361 0.285714 0.285714 1 1 0
121.261 0.285714 0.285714 1 1 0
121.161 0.285714 0.285714 1 1 0
121.061 0.285714 0.285714 1 1 0
120.961 0.285714 0.285714 1 1 0
120.861 0.285714 0.285714 1 1 0
120.761 0.285714 0.285714 1 1 0
120.661 0.285714 0.285714 1 1 0
120.561 0.285714 0.285714 1 1 0
120.461 0.285714 0.285714 1 1 0
120.361 0.285714 0.285714 1 1 0
120.261 0.285714 0.285714 1 1 0
120.161 0.285714 0.285714 1 1 0
120.061 0.285714 0.285714 1 1 0
119.961 0.285714 0.285714 1 1 0
119.861 0.285714 0.285714 1 1 0
119.761 0.285714 0.285714 1 1 0
119.661 0.285714 0.285714 1 1 0
119.561 0.285714 0.285714 1 1 0
119.461 0.285714 0.285714 1 1 0
119.361 0.285714 0.285714 1 1 0
119.261 0.285714 0.285714 1 1 0
119.161 0.285714 0.285714 1 1 0
119.061 0.285714 0.285714 1 1 0
118.961 0.285714 0.285714 1 1 0
118.861 0.285714 0.285714 1 1 0
118.761 0.285714 0.285714 1 1 0
118.661 0.285714 0.285714 1 1 0
118.561 0.285714 0.285714 1 1 0
118.461 0.285714 0.285714 1 1 0
118.361 0.285714 0.285714 1 1 0
118.261 0.285714 0.285714 1 1 0
118.161 0.285714 0.285714 1 1 0
118.061 0.285714 0.285714 1 1 0
117.961 0.285714 0.285714 1 1 0
117.861 0.285714 0.285714 1 1 0
117.761 0.285714 0.285714 1 1 0
117.661 0.285714 0.285714 1 1 0
117.561 0.285714 0.285714 1 1 0
117.461 0.285714 0.285714 1 1 0
117.361 0.285714 0.285714 1 1 0
117.261 0.285714 0.285714 1 1 0
117.161 0.285714 0.285714 1 1 0
117.061 0.285714 0.285714 1 1 0
116.961 0.285714 0.285714 1 1 0
116.861 0.285714 0.285714 1 1 0
116.761 0.285714 0.285714 1 1 0
116.661 0.285714 0.285714 1 1 0
116.561 0.285714 0.285714 1 1 0
116.461 0.285714 0.285714 1 1 0
116.361 0.285714 0.285714 1 1 0
116.261 0.285714 0.285714 1 1 0
116.161 0.285714 0.285714 1 1 0
116.061 0.285714 0.285714 1 1 0
115.961 0.285714 0.285714 1 1 0
115.861 0.285714 0.285714 1 1 0
115.761 0.285714 0.285714 1 1 0
115.661 0.285714 0.285714 1 1 0
115.561 0.285714 0.285714 1 1 0
115.461 0.285714 0.285714 1 1 0
115.361 0.285714 0.285714 1 1 0
115.261 0.285714 0.285714 1 1 0
115.161 0.285714 0.285714 1 1 0
115.061 0.285714 0.285714 1 1 0
114.961 0.285714 0.285714 1 1 0
114.861 0.285714 0.285714 1 1 0
114.761 0.285714 0.285714 1 1 0
114.661 0.285714 0.285714 1 1 0
114.561 0.285714 0.285714 1 1 0
114.461 0.285714 0.285714 1 1 0
114.361 0.285714 0.285714 1 1 0
114.261 0.285714 0.285714 1 1 0
114.161 0.285714 0.285714 1 1 0
114.061 0.285714 0.285714 1 1 0
113.961 0.285714 0.285714 1 1 0
113.861 0.285714 0.285714 1 1 0
113.761 0.285714 0.285714 1 1 0
113.661 0.285714 0.285714 1 1 0
113.561 0.285714 0.285714 1 1 0
113.461 0.285714 0.285714 1 1 0
113.361 0.285714 0.285714 1 1 0
113.261 0.285714 0.285714 1 1 0
113.161 0.285714 0.285714 1 1 0
113.061 0.285714 0.285714 1 1 0
112.961 0.285714 0.285714 1 1 0
112.861 0.285714 0.285714 1 1 0
112.761 0.285714 0.285714 1 1 0
112.661 0.285714 0.285714 1 1 0
112.561 0.285714 0.285714 1 1 0
112.461 0.285714 0.285714 1 1 0
112.361 0.285714 0.285714 1 1 0
112.261 0.285714 0.285714 1 1 0
112.161 0.285714 0.285714 1 1 0
112.061 0.285714 0.285714 1 1 0
111.961 0.285714 0.285714 1 1 0
111.861 0.285714 0.285714 1 1 0
111.761 0.285714 0.285714 1 1 0
111.661 0.285714 0.285714 1 1 0
111.561 0.285714 0.285714 1 1 0
111.461 0.285714 0.285714 1 1 0
111.361 0.285714 0.285714 1 1 0
111.261 0.285714 0.285714 1 1 0
111.161 0.285714 0.285714 1 1 0
111.061 0.285714 0.285714 1 1 0
110.961 0.285714 0.285714 1 1 0
110.861 0.285714 0.285714 1 1 0
110.761 0.285714 0.285714 1 1 0
110.661 0.285714 0.285714 1 1 0
110.561 0.285714 0.285714 1 1 0
110.461 0.285714 0.285714 1 1 0
110.361 0.285714 0.285714 1 1 0
110.261 0.285714 0.285714 1 1 0
110.161 0.285714 0.285714 1 1 0
110.061 0.285714 0.285714 1 1 0
109.961 0.285714 0.285714 1 1 0
109.861 0.285714 0.285714 1 1 0
109.761 0.285714 0.285714 1 1 0
109.661 0.285714 0.285714 1 1 0
109.561 0.285714 0.285714 1 1 0
109.461 0.285714 0.285714 1 1 0
109.361 0.285714 0.285714 1 1 0
109.261 0.285714 0.285714 1 1 0
109.161 0.285714 0.285714 1 1 0
109.061 0.285714 0.285714 1 1 0
108.961 0.285714 0.285714 1 1 0
108.861 0.285714 0.285714 1 1 0
108.761 0.285714 0.285714 1 1 0
108.661 0.285714 0.285714 1 1 0
108.561 0.285714 0.285714 1 1 0
108.461 0.285714 0.285714 1 1 0
108.361 0.285714 0.285714 1 1 0
108.261 0.285714 0.285714 1 1 0
108.161 0.285714 0.285714 1 1 0
108.161 0.285714 0.285714 2 1 0
108.121 0.285714 0.285714 1 1 0
108.081 0.285714 0.285714 1 1 0
108.001 0.285714 0.285714 1 1 0
107.841 0.285714 0.285714 1 1 0
107.521 0.285714 0.285714 1 1 0
107.021 0.285714 0.285714 1 1 0
106.521 0.285714 0.285714 1 1 0
106.021 0.285714 0.285714 1 1 0
105.521 0.285714 0.285714 1 1 0
105.021 0.285714 0.285714 1 1 0
104.521 0.285714 0.285714 1 1 0
104.021 0.285714 0.285714 1 1 0
103.521 0.285714 0.285714 1 1 0
103.021 0.285714 0.285714 1 1 0
102.521 0.285714 0.285714 1 1 0
102.021 0.285714 0.285714 1 1 0
101.521 0.285714 0.285714 1 1 0
101.021 0.285714 0.285714 1 1 0
100.521 0.285714 0.285714 1 1 0
100.021 0.285714 0.285714 1 1 0
99.5211 0.285714 0.285714 1 1 0
99.0211 0.285714 0.285714 1 1 0
98.5211 0.285714 0.285714 1 1 0
98.0211 0.285714 0.285714 1 1 0
97.5211 0.285714 0.285714 1 1 0
97.0211 0.285714 0.285714 1 1 0
96.5211 0.285714 0.285714 1 1 0
96.0211 0.285714 0.285714 1 1 0
95.5211 0.285714 0.285714 1 1 0
95.0211 0.285714 0.285714 1 1 0
94.5211 0.285714 0.285714 1 1 0
94.0211 0.285714 0.285714 1 1 0
93.5211 0.285714 0.285714 1 1 0
93.0211 0.285714 0.285714 1 1 0
92.5211 0.285714 0.285714 1 1 0
92.0211 0.285714 0.285714 1 1 0
91.5211 0.285714 0.285714 1 1 0
91.0211 0.285714 0.285714 1 1 0
90.5211 0.285714 0.285714 1 1 0
90.0211 0.285714 0.285714 1 1 0
89.5211 0.285714 0.285714 1 1 0
89.0211 0.285714 0.285714 1 1 0
88.5211 0.285714 0.285714 1 1 0
88.0211 0.285714 0.285714 1 1 0
87.5211 0.285714 0.285714 1 1 0
87.0211 0.285714 0.285714 1 1 0
86.5211 0.285714 0.285714 1 1 0
86.0211 0.285714 0.285714 1 1 0
85.5211 0.285714 0.285714 1 1 0
85.0211 0.285714 0.285714 1 1 0
84.5211 0.285714 0.285714 1 1 0
84.0211 0.285714 0.285714 1 1 0
83.5211 0.285714 0.285714 1 1 0
83.0211 0.285714 0.285714 1 1 0
82.5211 0.285714 0.285714 1 1 0
82.0211 0.285714 0.285714 1 1 0
81.5211 0.285714 0.285714 1 1 0
81.0211 0.285714 0.285714 1 1 0
80.5211 0.285714 0.285714 1 1 0
80.0211 0.285714 0.285714 1 1 0
79.5211 0.285714 0.285714 1 1 0
79.0211 0.285714 0.285714 1 1 0
78.5211 0.285714 0.285714 1 1 0
78.0211 0.285714 0.285714 1 1 0
77.5211 0.285714 0.285714 1 1 0
77.0211 0.285714 0.285714 1 1 0
76.5211 0.285714 0.285714 1 1 0
76.0211 0.285714 0.285714 1 1 0
75.5211 0.285714 0.285714 1 1 0
75.0211 0.285714 0.285714 1 1 0
74.5211 0.285714 0.285714 1 1 0
74.0211 0.285714 0.285714 1 1 0
73.5211 0.285714 0.285714 1 1 0
73.0211 0.285714 0.285714 1 1 0
72.5211 0.285714 0.285714 1 1 0
72.0211 0.285714 0.285714 1 1 0
71.5211 0.285714 0.285714 1 1 0
71.0211 0.285714 0.285714 1 1 0
70.5211 0.285714 0.285714 1 1 0
70.0211 0.285714 0.285714 1 1 0
69.5211 0.285714 0.285714 1 1 0
69.0211 0.285714 0.285714 1 1 0
68.5211 0.285714 0.285714 1 1 0
68.0211 0.285714 0.285714 1 1 0
67.5211 0.285714 0.285714 1 1 0
67.0211 0.285714 0.285714 1 1 0
66.5211 0.285714 0.285714 1 1 0
66.0211 0.285714 0.285714 1 1 0
65.5211 0.285714 0.285714 1 1 0
65.0211 0.285714 0.285714 1 1 0
64.5211 0.285714 0.285714 1 1 0
64.0211 0.285714 0.285714 1 1 0
63.5211 0.285714 0.285714 1 1 0
63.0211 0.285714 0.285714 1 1 0
62.5211 0.285714 0.285714 1 1 0
62.0211 0.285714 0.285714 1 1 0
61.5211 0.285714 0.285714 1 1 0
61.0211 0.285714 0.285714 1 1 0
60.5211 0.285714 0.285714 1 1 0
60.0211 0.285714 0.285714 1 1 0
59.5211 0.285714 0.285714 1 1 0
59.0211 0.285714 0.285714 1 1 0
58.5211 0.285714 0.285714 1 1 0
58.0211 0.285714 0.285714 1 1 0
57.5211 0.285714 0.285714 1 1 0
57.0211 0.285714 0.285714 1 1 0
56.5211 0.285714 0.285714 1 1 0
56.0211 0.285714 0.285714 1 1 0
55.5211 0.285714 0.285714 1 1 0
55.0211 0.285714 0.285714 1 1 0
54.5211 0.285714 0.285714 1 1 0
54.0211 0.285714 0.285714 1 1 0
53.5211 0.285714 0.285714 1 1 0
53.0211 0.285714 0.285714 1 1 0
52.5211 0.285714 0.285714 1 1 0
52.0211 0.285714 0.285714 1 1 0
51.5211 0.285714 0.285714 1 1 0
51.0211 0.285714 0.285714 1 1 0
50.5211 0.285714 0.285714 1 1 0
50.0211 0.285714 0.285714 1 1 0
49.5211 0.285714 0.285714 1 1 0
49.0211 0.285714 0.285714 1 1 0
48.5211 0.285714 0.285714 1 1 0
48.0211 0.285714 0.285714 1 1 0
47.6186 0.285714 0.285714 1 1 0
47.1186 0.285714 0.285714 2 1 0
46.6186 0.285714 0.285714 2 1 0
46.1186 0.285714 0.285714 2 1 0
45.6186 0.285714 0.285714 2 1 0
45.1186 0.285714 0.285714 2 1 0
44.6186 0.285714 0.285714 2 1 0
44.1186 0.285714 0.285714 2 1 0
43.6186 0.285714 0.285714 2 1 0
43.1186 0.285714 0.285714 2 1 0
42.6186 0.285714 0.285714 2 1 0
42.1186 0.285714 0.285714 2 1 0
41.6186 0.285714 0.285714 2 1 0
41.1186 0.285714 0.285714 2 1 0
40.6186 0.285714 0.285714 2 1 0
40.1186 0.285714 0.285714 2 1 0
39.6186 0.285714 0.285714 2 1 0
39.1186 0.285714 0.285714 2 1 0
38.6186 0.285714 0.285714 2 1 0
38.1186 0.285714 0.285714 2 1 0
37.6186 0.285714 0.285714 2 1 0
37.1186 0.285714 0.285714 2 1 0
36.6186 0.285714 0.285714 2 1 0
36.1186 0.285714 0.285714 2 1 0
35.6186 0.285714 0.285714 2 1 0
35.1186 0.285714 0.285714 2 1 0
34.6186 0.285714 0.285714 2 1 0
34.1186 0.285714 0.285714 2 1 0
33.6186 0.285714 0.285714 2 1 0
33.1186 0.285714 0.285714 2 1 0
32.6186 0.285714 0.285714 2 1 0
32.1186 0.285714 0.285714 2 1 0
31.6186 0.285714 0.285714 2 1 0
31.1186 0.285714 0.285714 2 1 0
30.6186 0.285714 0.285714 2 1 0
30.1186 0.285714 0.285714 2 1 0
29.6186 0.285714 0.285714 2 1 0
29.1186 0.285714 0.285714 2 1 0
28.6186 0.285714 0.285714 2 1 0
28.1186 0.285714 0.285714 2 1 0
27.6186 0.285714 0.285714 2 1 0
27.1186 0.285714 0.285714 2 1 0
26.6186 0.285714 0.285714 2 1 0
26.1186 0.285714 0.285714 2 1 0
25.6186 0.285714 0.285714 2 1 0
25.1186 0.285714 0.285714 2 1 0
24.6186 0.285714 0.285714 2 1 0
24.1186 0.285714 0.285714 2 1 0
23.6186 0.285714 0.285714 2 1 0
23.1186 0.285714 0.285714 2 1 0
22.6186 0.285714 0.285714 2 1 0
22.1186 0.285714 0.285714 2 1 0
21.6186 0.285714 0.285714 2 1 0
21.1186 0.285714 0.285714 2 1 0
20.6186 0.285714 0.285714 2 1 0
20.1186 0.285714 0.285714 2 1 0
19.6186 0.285714 0.285714 2 1 0
19.1187 0.285714 0.285714 2 1 0
18.6187 0.285714 0.285714 2 1 0
18.1187 0.285714 0.285714 2 1 0
17.6187 0.285714 0.285714 2 1 0
17.1187 0.285714 0.285714 2 1 0
16.6187 0.285714 0.285714 2 1 0
16.1187 0.285714 0.285714 2 1 0
15.6187 0.285714 0.285714 2 1 0
15.1187 0.285714 0.285714 2 1 0
14.6187 0.285714 0.285714 2 1 0
14.1187 0.285714 0.285714 2 1 0
13.6187 0.285714 0.285714 2 1 0
13.1187 0.285714 0.285714 2 1 0
12.6187 0.285714 0.285714 2 1 0
12.1187 0.285714 0.285714 2 1 0
11.6187 0.285714 0.285714 2 1 0
11.1187 0.285714 0.285714 2 1 0
10.6187 0.285714 0.285714 2 1 0
47.6186 0.285714 0.285714 2 2 0
53.4957 0.299467 0.299467 2 2 0
53.4993 0.299475 0.299475 2 2 0
53.5002 0.299477 0.299477 2 2 0
53.5015 0.29948 0.29948 2 2 0
53.504 0.299486 0.299486 2 2 0
53.509 0.299499 0.299499 2 2 0
53.519 0.299524 0.299524 2 2 0
53.539 0.299573 0.299573 2 2 0
53.579 0.299673 0.299673 2 2 0
53.659 0.299872 0.299872 2 2 0
53.819 0.300271 0.300271 2 2 0
54.139 0.301073 0.301073 2 2 0
54.639 0.302337 0.302337 2 2 0
55.139 0.303613 0.303613 2 2 0
55.639 0.304903 0.304903 2 2 0
56.139 0.306205 0.306205 2 2 0
56.639 0.30752 0.30752 2 2 0
57.139 0.308848 0.308848 2 2 0
57.639 0.31019 0.31019 2 2 0
58.139 0.311544 0.311544 2 2 0
58.6389 0.312912 0.312912 2 2 0
59.1389 0.314293 0.314293 2 2 0
59.6389 0.315688 0.315688 2 2 0
60.1389 0.317096 0.317096 2 2 0
60.6389 0.318518 0.318518 2 2 0
61.1389 0.319953 0.319953 2 2 0
61.6389 0.321402 0.321402 2 2 0
62.1389 0.322865 0.322865 2 2 0
62.6389 0.324341 0.324341 2 2 0
63.1389 0.325832 0.325832 2 2 0
63.6389 0.327336 0.327336 2 2 0
64.1389 0.328855 0.328855 2 2 0
64.6389 0.330387 0.330387 2 2 0
65.1389 0.331933 0.331933 2 2 0
65.6389 0.333494 0.333494 2 2 0
66.1389 0.335069 0.335069 2 2 0
66.6388 0.336657 0.336657 2 2 0
67.1388 0.33826 0.33826 2 2 0
67.6388 0.339878 0.339878 2 2 0
68.1388 0.341509 0.341509 2 2 0
68.6388 0.343155 0.343155 2 2 0
69.1388 0.344815 0.344815 2 2 0
69.6388 0.346489 0.346489 2 2 0
70.1388 0.348178 0.348178 2 2 0
70.6388 0.349881 0.349881 2 2 0
71.1388 0.351598 0.351598 2 2 0
71.6388 0.35333 0.35333 2 2 0
72.1388 0.355076 0.355076 2 2 0
72.6388 0.356836 0.356836 2 2 0
73.1388 0.35861 0.35861 2 2 0
73.6388 0.360399 0.360399 2 2 0
74.1387 0.362202 0.362202 2 2 0
74.6387 0.364019 0.364019 2 2 0
75.1387 0.36585 0.36585 2 2 0
75.6387 0.367696 0.367696 2 2 0
76.1387 0.369555 0.369555 2 2 0
76.6387 0.371429 0.371429 2 2 0
77.1387 0.373316 0.373316 2 2 0
77.6387 0.375218 0.375218 2 2 0
78.1387 0.377133 0.377133 2 2 0
78.6387 0.379063 0.379063 2 2 0
79.1387 0.381006 0.381006 2 2 0
79.6387 0.382962 0.382962 2 2 0
80.1387 0.384933 0.384933 2 2 0
80.6387 0.386916 0.386916 2 2 0
81.1386 0.388914 0.388914 2 2 0
81.6386 0.390924 0.390924 2 2 0
82.1386 0.392948 0.392948 2 2 0
82.6386 0.394985 0.394985 2 2 0
83.1386 0.397036 0.397036 2 2 0
83.6386 0.399099 0.399099 2 2 0
84.1386 0.401175 0.401175 2 2 0
84.6386 0.403264 0.403264 2 2 0
85.1386 0.405365 0.405365 2 2 0
85.6386 0.407479 0.407479 2 2 0
86.1386 0.409605 0.409605 2 2 0
86.6386 0.411744 0.411744 2 2 0
87.1386 0.413895 0.413895 2 2 0
87.6385 0.416057 0.416057 2 2 0
88.1385 0.418232 0.418232 2 2 0
88.6385 0.420418 0.420418 2 2 0
89.1385 0.422616 0.422616 2 2 0
89.6385 0.424826 0.424826 2 2 0
90.1385 0.427046 0.427046 2 2 0
90.6385 0.429278 0.429278 2 2 0
91.1385 0.43152 0.43152 2 2 0
91.6385 0.433774 0.433774 2 2 0
92.1385 0.436038 0.436038 2 2 0
92.6385 0.438312 0.438312 2 2 0
93.1385 0.440597 0.440597 2 2 0
93.6385 0.442891 0.442891 2 2 0
94.1384 0.445196 0.445196 2 2 0
94.6384 0.447511 0.447511 2 2 0
95.1384 0.449834 0.449834 2 2 0
95.6384 0.452168 0.452168 2 2 0
96.1384 0.45451 0.45451 2 2 0
96.6384 0.456862 0.456862 2 2 0
97.1384 0.459222 0.459222 2 2 0
97.6384 0.46159 0.46159 2 2 0
98.1384 0.463967 0.463967 2 2 0
98.6384 0.466353 0.466353 2 2 0
99.1384 0.468746 0.468746 2 2 0
99.6384 0.471147 0.471147 2 2 0
100.138 0.473556 0.473556 2 2 0
100.638 0.475971 0.475971 2 2 0
101.138 0.478394 0.478394 2 2 0
101.638 0.480824 0.480824 2 2 0
102.138 0.483261 0.483261 2 2 0
102.638 0.485704 0.485704 2 2 0
103.138 0.488153 0.488153 2 2 0
103.638 0.490609 0.490609 2 2 0
104.138 0.49307 0.49307 2 2 0
104.638 0.495537 0.495537 2 2 0
105.138 0.498009 0.498009 2 2 0
105.638 0.500487 0.500487 2 2 0
106.138 0.502969 0.502969 2 2 0
106.638 0.505456 0.505456 2 2 0
107.138 0.507948 0.507948 2 2 0
107.638 0.510444 0.510444 2 2 0
108.138 0.512944 0.512944 2 2 0
108.638 0.515447 0.515447 2 2 0
109.138 0.517955 0.517955 2 2 0
109.638 0.520466 0.520466 2 2 0
110.138 0.52298 0.52298 2 2 0
110.638 0.525496 0.525496 2 2 0
111.138 0.528016 0.528016 2 2 0
111.638 0.530538 0.530538 2 2 0
112.138 0.533062 0.533062 2 2 0
112.638 0.535589 0.535589 2 2 0
113.138 0.538117 0.538117 2 2 0
113.638 0.540647 0.540647 2 2 0
114.138 0.543178 0.543178 2 2 0
114.638 0.54571 0.54571 2 2 0
115.138 0.548243 0.548243 2 2 0
115.638 0.550777 0.550777 2 2 0
116.138 0.553312 0.553312 2 2 0
116.638 0.555847 0.555847 2 2 0
117.138 0.558381 0.558381 2 2 0
117.638 0.560916 0.560916 2 2 0
118.138 0.56345 0.56345 2 2 0
118.638 0.565984 0.565984 2 2 0
119.138 0.568517 0.568517 2 2 0
119.638 0.571049 0.571049 2 2 0
120.138 0.57358 0.57358 2 2 0
120.638 0.576109 0.576109 2 2 0
121.138 0.578637 0.578637 2 2 0
121.638 0.581163 0.581163 2 2 0
122.138 0.583686 0.583686 2 2 0
122.638 0.586208 0.586208 2 2 0
123.138 0.588727 0.588727 2 2 0
123.638 0.591244 0.591244 2 2 0
124.138 0.593758 0.593758 2 2 0
124.638 0.596269 0.596269 2 2 0
125.138 0.598776 0.598776 2 2 0
125.638 0.60128 0.60128 2 2 0
126.138 0.603781 0.603781 2 2 0
126.638 0.606278 0.606278 2 2 0
127.138 0.608771 0.608771 2 2 0
127.638 0.61126 0.61126 2 2 0
128.138 0.613745 0.613745 2 2 0
128.638 0.616225 0.616225 2 2 0
129.138 0.6187 0.6187 2 2 0
129.638 0.621171 0.621171 2 2 0
130.138 0.623637 0.623637 2 2 0
130.638 0.626097 0.626097 2 2 0
131.138 0.628552 0.628552 2 2 0
131.638 0.631002 0.631002 2 2 0
132.138 0.633446 0.633446 2 2 0
132.638 0.635884 0.635884 2 2 0
133.138 0.638317 0.638317 2 2 0
133.638 0.640743 0.640743 2 2 0
134.138 0.643163 0.643163 2 2 0
134.638 0.645577 0.645577 2 2 0
135.138 0.647984 0.647984 2 2 0
135.638 0.650384 0.650384 2 2 0
136.138 0.652778 0.652778 2 2 0
136.638 0.655164 0.655164 2 2 0
137.138 0.657544 0.657544 2 2 0
137.638 0.659916 0.659916 2 2 0
138.138 0.662281 0.662281 2 2 0
138.638 0.664638 0.664638 2 2 0
139.138 0.666988 0.666988 2 2 0
139.638 0.66933 0.66933 2 2 0
140.138 0.671664 0.671664 2 2 0
140.638 0.67399 0.67399 2 2 0
141.138 0.676308 0.676308 2 2 0
141.638 0.678618 0.678618 2 2 0
142.138 0.680919 0.680919 2 2 0
142.638 0.683212 0.683212 2 2 0
143.138 0.685497 0.685497 2 2 0
143.638 0.687773 0.687773 2 2 0
144.138 0.69004 0.69004 2 2 0
144.638 0.692298 0.692298 2 2 0
145.138 0.694547 0.694547 2 2 0
145.638 0.696788 0.696788 2 2 0
146.138 0.699019 0.699019 2 2 0
146.638 0.701241 0.701241 2 2 0
147.138 0.703453 0.703453 2 2 0
147.638 0.705656 0.705656 2 2 0
47.6186 0.285714 0.285714 2 2 0
41.2197 0.272525 0.272525 2 2 0
41.2173 0.272519 0.272519 1 2 0
41.2163 0.272517 0.272517 1 2 0
41.215 0.272515 0.272515 1 2 0
41.2125 0.27251 0.27251 1 2 0
41.2075 0.2725 0.2725 1 2 0
41.1975 0.272481 0.272481 1 2 0
41.1775 0.272442 0.272442 1 2 0
41.1375 0.272365 0.272365 1 2 0
41.0575 0.272212 0.272212 1 2 0
40.8975 0.271905 0.271905 1 2 0
40.5775 0.271294 0.271294 1 2 0
40.0775 0.270349 0.270349 1 2 0
39.5775 0.269413 0.269413 1 2 0
39.0775 0.268486 0.268486 1 2 0
38.5775 0.26757 0.26757 1 2 0
38.0775 0.266663 0.266663 1 2 0
37.5775 0.265765 0.265765 1 2 0
37.0775 0.264877 0.264877 1 2 0
36.5775 0.263998 0.263998 1 2 0
36.0775 0.263128 0.263128 1 2 0
35.5775 0.262267 0.262267 1 2 0
35.0775 0.261415 0.261415 1 2 0
34.5775 0.260572 0.260572 1 2 0
34.0775 0.259737 0.259737 1 2 0
33.5775 0.258911 0.258911 1 2 0
33.0775 0.258094 0.258094 1 2 0
32.5775 0.257285 0.257285 1 2 0
32.0775 0.256485 0.256485 1 2 0
31.5775 0.255692 0.255692 1 2 0
31.0775 0.254908 0.254908 1 2 0
30.5775 0.254132 0.254132 1 2 0
30.0775 0.253364 0.253364 1 2 0
29.5775 0.252604 0.252604 1 2 0
29.0776 0.251851 0.251851 1 2 0
28.5776 0.251106 0.251106 1 2 0
28.0776 0.250369 0.250369 1 2 0
27.5776 0.249639 0.249639 1 2 0
27.0776 0.248917 0.248917 1 2 0
26.5776 0.248202 0.248202 1 2 0
26.0776 0.247494 0.247494 1 2 0
25.5776 0.246794 0.246794 1 2 0
25.0776 0.2461 0.2461 1 2 0
24.5776 0.245414 0.245414 1 2 0
24.0776 0.244734 0.244734 1 2 0
23.5776 0.244062 0.244062 1 2 0
23.0776 0.243396 0.243396 1 2 0
22.5776 0.242736 0.242736 1 2 0
22.0776 0.242084 0.242084 1 2 0
21.5776 0.241438 0.241438 1 2 0
21.0776 0.240798 0.240798 1 2 0
20.5776 0.240164 0.240164 1 2 0
20.0776 0.239537 0.239537 1 2 0
19.5776 0.238916 0.238916 1 2 0
19.0776 0.238301 0.238301 1 2 0
18.5776 0.237692 0.237692 1 2 0
18.0776 0.23709 0.23709 1 2 0
17.5776 0.236493 0.236493 1 2 0
17.0776 0.235902 0.235902 1 2 0
16.5776 0.235316 0.235316 1 2 0
16.0776 0.234737 0.234737 1 2 0
15.5776 0.234163 0.234163 1 2 0
15.0776 0.233594 0.233594 1 2 0
14.5776 0.233031 0.233031 1 2 0
14.0776 0.232474 0.232474 1 2 0
13.5776 0.231921 0.231921 1 2 0
13.0776 0.231375 0.231375 1 2 0
12.5776 0.230833 0.230833 1 2 0
12.0776 0.230296 0.230296 1 2 0
11.5776 0.229765 0.229765 1 2 0
11.0776 0.229239 0.229239 1 2 0
10.5777 0.228717 0.228717 1 2 0
10.0777 0.228201 0.228201 1 2 0
9.57765 0.227689 0.227689 1 2 0
9.07766 0.227182 0.227182 1 2 0
8.57766 0.22668 0.22668 1 2 0
8.07766 0.226183 0.226183 1 2 0
7.57766 0.22569 0.22569 1 2 0
7.07766 0.225202 0.225202 1 2 0
6.57767 0.224718 0.224718 1 2 0
6.07767 0.224239 0.224239 1 2 0
5.57767 0.223764 0.223764 1 2 0
5.07767 0.223293 0.223293 1 2 0
4.57767 0.222827 0.222827 1 2 0
4.07768 0.222365 0.222365 1 2 0
3.57768 0.221907 0.221907 1 2 0
3.07768 0.221454 0.221454 1 2 0
2.57768 0.221004 0.221004 1 2 0
2.07768 0.220559 0.220559 1 2 0
1.57769 0.220117 0.220117 1 2 0
1.07769 0.21968 0.21968 1 2 0
0.577689 0.219246 0.219246 1 2 0
0.0776902 0.218816 0.218816 1 2 0
-0.422308 0.21839 0.21839 1 2 0
10.6187 0.285714 0.285714 2 1 0
10.5787 0.285714 0.285714 2 1 0
10.5387 0.285714 0.285714 2 1 0
10.4587 0.285714 0.285714 2 1 0
10.2987 0.285714 0.285714 2 1 0
9.97872 0.285714 0.285714 2 1 0
9.47872 0.285714 0.285714 2 1 0
8.97873 0.285714 0.285714 2 1 0
8.47874 0.285714 0.285714 2 1 0
7.97874 0.285714 0.285714 2 1 0
7.47875 0.285714 0.285714 2 1 0
6.97876 0.285714 0.285714 2 1 0
6.47876 0.285714 0.285714 2 1 0
5.97877 0.285714 0.285714 2 1 0
5.47878 0.285714 0.285714 2 1 0
4.97879 0.285714 0.285714 2 1 0
4.47879 0.285714 0.285714 2 1 0
3.9788 0.285714 0.285714 2 1 0
3.47881 0.285714 0.285714 2 1 0
2.97882 0.285714 0.285714 2 1 0
2.47883 0.285714 0.285714 2 1 0
1.97884 0.285714 0.285714 2 1 0
1.47886 0.285714 0.285714 2 1 0
0.978867 0.285714 0.285714 2 1 0
0.47888 0.285714 0.285714 2 1 0
-0.0211065 0.285714 0.285714 2 1 0
179.441 0.285714 0.285714 2 1 0
179.481 0.285714 0.285714 1 1 0
179.521 0.285714 0.285714 1 1 0
179.601 0.285714 0.285714 1 1 0
179.761 0.285714 0.285714 1 1 0
180.081 0.285714 0.285714 1 1 0
180.195 0.285714 0.285714 2 1 0
180.695 0.285714 0.285714 2 1 0
181.195 0.285714 0.285714 2 1 0
181.695 0.285714 0.285714 2 1 0
182.195 0.285714 0.285714 2 1 0
182.695 0.285714 0.285714 2 1 0
183.195 0.285714 0.285714 2 1 0
183.695 0.285714 0.285714 2 1 0
184.195 0.285714 0.285714 2 1 0
184.695 0.285714 0.285714 2 1 0
185.195 0.285714 0.285714 2 1 0
185.695 0.285714 0.285714 2 1 0
186.195 0.285714 0.285714 2 1 0
186.695 0.285714 0.285714 2 1 0
187.195 0.285714 0.285714 2 1 0
187.695 0.285714 0.285714 2 1 0
188.195 0.285714 0.285714 2 1 0
188.695 0.285714 0.285714 2 1 0
189.195 0.285714 0.285714 2 1 0
189.695 0.285714 0.285714 2 1 0
190.195 0.285714 0.285714 2 1 0
190.695 0.285714 0.285714 2 1 0
191.195 0.285714 0.285714 2 1 0
191.695 0.285714 0.285714 2 1 0
192.195 0.285714 0.285714 2 1 0
192.695 0.285714 0.285714 2 1 0
193.195 0.285714 0.285714 2 1 0
193.695 0.285714 0.285714 2 1 0
194.195 0.285714 0.285714 2 1 0
194.695 0.285714 0.285714 2 1 0
195.195 0.285714 0.285714 2 1 0
195.695 0.285714 0.285714 2 1 0
196.195 0.285714 0.285714 2 1 0
196.695 0.285714 0.285714 2 1 0
197.195 0.285714 0.285714 2 1 0
197.695 0.285714 0.285714 2 1 0
198.195 0.285714 0.285714 2 1 0
198.695 0.285714 0.285714 2 1 0
199.195 0.285714 0.285714 2 1 0
199.695 0.285714 0.285714 2 1 0
200.195 0.285714 0.285714 2 1 0
200.695 0.285714 0.285714 2 1 0
201.195 0.285714 0.285714 2 1 0
201.695 0.285714 0.285714 2 1 0
202.195 0.285714 0.285714 2 1 0
202.695 0.285714 0.285714 2 1 0
203.195 0.285714 0.285714 2 1 0
203.695 0.285714 0.285714 2 1 0
204.195 0.285714 0.285714 2 1 0
204.695 0.285714 0.285714 2 1 0
205.195 0.285714 0.285714 2 1 0
205.695 0.285714 0.285714 2 1 0
206.195 0.285714 0.285714 2 1 0
206.695 0.285714 0.285714 2 1 0
207.195 0.285714 0.285714 2 1 0
207.695 0.285714 0.285714 2 1 0
208.195 0.285714 0.285714 2 1 0
208.695 0.285714 0.285714 2 1 0
209.195 0.285714 0.285714 2 1 0
209.695 0.285714 0.285714 2 1 0
210.195 0.285714 0.285714 2 1 0
210.695 0.285714 0.285714 2 1 0
211.195 0.285714 0.285714 2 1 0
211.695 0.285714 0.285714 2 1 0
212.195 0.285714 0.285714 2 1 0
212.695 0.285714 0.285714 2 1 0
213.195 0.285714 0.285714 2 1 0
213.695 0.285714 0.285714 2 1 0
214.195 0.285714 0.285714 2 1 0
214.695 0.285714 0.285714 2 1 0
215.195 0.285714 0.285714 2 1 0
215.695 0.285714 0.285714 2 1 0
216.195 0.285714 0.285714 2 1 0
216.695 0.285714 0.285714 2 1 0
217.195 0.285714 0.285714 2 1 0
217.695 0.285714 0.285714 2 1 0
218.195 0.285714 0.285714 2 1 0
218.695 0.285714 0.285714 2 1 0
219.195 0.285714 0.285714 2 1 0
219.695 0.285714 0.285714 2 1 0
220.195 0.285714 0.285714 2 1 0
220.695 0.285714 0.285714 2 1 0
221.195 0.285714 0.285714 2 1 0
221.695 0.285714 0.285714 2 1 0
222.195 0.285714 0.285714 2 1 0
222.695 0.285714 0.285714 2 1 0
223.195 0.285714 0.285714 2 1 0
223.695 0.285714 0.285714 2 1 0
224.195 0.285714 0.285714 2 1 0
224.695 0.285714 0.285714 2 1 0
225.195 0.285714 0.285714 2 1 0
225.695 0.285714 0.285714 2 1 0
226.195 0.285714 0.285714 2 1 0
226.695 0.285714 0.285714 2 1 0
227.195 0.285714 0.285714 2 1 0
227.695 0.285714 0.285714 2 1 0
228.195 0.285714 0.285714 2 1 0
228.695 0.285714 0.285714 2 1 0
229.195 0.285714 0.285714 2 1 0
229.695 0.285714 0.285714 2 1 0
230.195 0.285714 0.285714 2 1 0
230.695 0.285714 0.285714 2 1 0
231.195 0.285714 0.285714 2 1 0
231.695 0.285714 0.285714 2 1 0
232.195 0.285714 0.285714 2 1 0
232.695 0.285714 0.285714 2 1 0
233.195 0.285714 0.285714 2 1 0
233.695 0.285714 0.285714 2 1 0
234.195 0.285714 0.285714 2 1 0
234.695 0.285714 0.285714 2 1 0
235.195 0.285714 0.285714 2 1 0
235.695 0.285714 0.285714 2 1 0
236.195 0.285714 0.285714 2 1 0
236.695 0.285714 0.285714 2 1 0
237.195 0.285714 0.285714 2 1 0
237.695 0.285714 0.285714 2 1 0
238.195 0.285714 0.285714 2 1 0
238.695 0.285714 0.285714 2 1 0
239.195 0.285714 0.285714 2 1 0
239.695 0.285714 0.285714 2 1 0
240.195 0.285714 0.285714 2 1 0
240.695 0.285714 0.285714 2 1 0
241.195 0.285714 0.285714 2 1 0
241.695 0.285714 0.285714 2 1 0
242.195 0.285714 0.285714 2 1 0
242.695 0.285714 0.285714 2 1 0
243.195 0.285714 0.285714 2 1 0
243.695 0.285714 0.285714 2 1 0
244.195 0.285714 0.285714 2 1 0
244.695 0.285714 0.285714 2 1 0
245.195 0.285714 0.285714 2 1 0
245.695 0.285714 0.285714 2 1 0
246.195 0.285714 0.285714 2 1 0
246.695 0.285714 0.285714 2 1 0
247.195 0.285714 0.285714 2 1 0
247.695 0.285714 0.285714 2 1 0
248.195 0.285714 0.285714 2 1 0
248.695 0.285714 0.285714 2 1 0
249.195 0.285714 0.285714 2 1 0
249.695 0.285714 0.285714 2 1 0
250.195 0.285714 0.285714 2 1 0
250.695 0.285714 0.285714 2 1 0
251.195 0.285714 0.285714 2 1 0
251.695 0.285714 0.285714 2 1 0
252.195 0.285714 0.285714 2 1 0
252.695 0.285714 0.285714 2 1 0
253.195 0.285714 0.285714 2 1 0
253.695 0.285714 0.285714 2 1 0
254.195 0.285714 0.285714 2 1 0
254.695 0.285714 0.285714 2 1 0
255.195 0.285714 0.285714 2 1 0
255.695 0.285714 0.285714 2 1 0
256.195 0.285714 0.285714 2 1 0
256.695 0.285714 0.285714 2 1 0
257.195 0.285714 0.285714 2 1 0
257.695 0.285714 0.285714 2 1 0
258.195 0.285714 0.285714 2 1 0
258.695 0.285714 0.285714 2 1 0
259.195 0.285714 0.285714 2 1 0
259.695 0.285714 0.285714 2 1 0
260.195 0.285714 0.285714 2 1 0
260.695 0.285714 0.285714 2 1 0
261.195 0.285714 0.285714 2 1 0
261.695 0.285714 0.285714 2 1 0
262.195 0.285714 0.285714 2 1 0
262.695 0.285714 0.285714 2 1 0
263.195 0.285714 0.285714 2 1 0
263.695 0.285714 0.285714 2 1 0
264.195 0.285714 0.285714 2 1 0
264.695 0.285714 0.285714 2 1 0
265.195 0.285714 0.285714 2 1 0
265.695 0.285714 0.285714 2 1 0
266.195 0.285714 0.285714 2 1 0
266.695 0.285714 0.285714 2 1 0
267.195 0.285714 0.285714 2 1 0
267.695 0.285714 0.285714 2 1 0
268.195 0.285714 0.285714 2 1 0
268.695 0.285714 0.285714 2 1 0
269.195 0.285714 0.285714 2 1 0
269.695 0.285714 0.285714 2 1 0
270.195 0.285714 0.285714 2 1 0
270.695 0.285714 0.285714 2 1 0
271.195 0.285714 0.285714 2 1 0
271.695 0.285714 0.285714 2 1 0
272.195 0.285714 0.285714 2 1 0
272.695 0.285714 0.285714 2 1 0
273.195 0.285714 0.285714 2 1 0
273.695 0.285714 0.285714 2 1 0
274.195 0.285714 0.285714 2 1 0
274.695 0.285714 0.285714 2 1 0
275.195 0.285714 0.285714 2 1 0
275.695 0.285714 0.285714 2 1 0
276.195 0.285714 0.285714 2 1 0
276.695 0.285714 0.285714 2 1 0
276.695 0.285714 0.285714 2 1 0
276.735 0.285714 0.285714 2 1 0
276.775 0.285714 0.285714 2 1 0
276.855 0.285714 0.285714 2 1 0
277.015 0.285714 0.285714 2 1 0
277.335 0.285714 0.285714 2 1 0
277.835 0.285714 0.285714 2 1 0
278.335 0.285714 0.285714 2 1 0
278.835 0.285714 0.285714 2 1 0
279.335 0.285714 0.285714 2 1 0
279.835 0.285714 0.285714 2 1 0
280.335 0.285714 0.285714 2 1 0
280.835 0.285714 0.285714 2 1 0
281.335 0.285714 0.285714 2 1 0
281.835 0.285714 0.285714 2 1 0
282.335 0.285714 0.285714 2 1 0
282.835 0.285714 0.285714 2 1 0
283.335 0.285714 0.285714 2 1 0
283.835 0.285714 0.285714 2 1 0
284.335 0.285714 0.285714 2 1 0
284.835 0.285714 0.285714 2 1 0
285.335 0.285714 0.285714 2 1 0
285.835 0.285714 0.285714 2 1 0
286.335 0.285714 0.285714 2 1 0
286.835 0.285714 0.285714 2 1 0
287.335 0.285714 0.285714 2 1 0
287.835 0.285714 0.285714 2 1 0
288.335 0.285714 0.285714 2 1 0
288.835 0.285714 0.285714 2 1 0
289.335 0.285714 0.285714 2 1 0
289.835 0.285714 0.285714 2 1 0
290.335 0.285714 0.285714 2 1 0
290.835 0.285714 0.285714 2 1 0
291.335 0.285714 0.285714 2 1 0
291.835 0.285714 0.285714 2 1 0
292.335 0.285714 0.285714 2 1 0
292.835 0.285714 0.285714 2 1 0
293.335 0.285714 0.285714 2 1 0
293.835 0.285714 0.285714 2 1 0
294.335 0.285714 0.285714 2 1 0
294.835 0.285714 0.285714 2 1 0
295.335 0.285714 0.285714 2 1 0
295.835 0.285714 0.285714 2 1 0
296.335 0.285714 0.285714 2 1 0
296.835 0.285714 0.285714 2 1 0
297.335 0.285714 0.285714 2 1 0
297.835 0.285714 0.285714 2 1 0
298.335 0.285714 0.285714 2 1 0
298.835 0.285714 0.285714 2 1 0
299.335 0.285714 0.285714 2 1 0
299.835 0.285714 0.285714 2 1 0
300.335 0.285714 0.285714 2 1 0
300.835 0.285714 0.285714 2 1 0
301.335 0.285714 0.285714 2 1 0
301.835 0.285714 0.285714 2 1 0
302.335 0.285714 0.285714 2 1 0
302.835 0.285714 0.285714 2 1 0
303.335 0.285714 0.285714 2 1 0
303.835 0.285714 0.285714 2 1 0
304.335 0.285714 0.285714 2 1 0
304.835 0.285714 0.285714 2 1 0
305.335 0.285714 0.285714 2 1 0
305.835 0.285714 0.285714 2 1 0
306.335 0.285714 0.285714 2 1 0
306.835 0.285714 0.285714 2 1 0
307.335 0.285714 0.285714 2 1 0
307.835 0.285714 0.285714 2 1 0
308.335 0.285714 0.285714 2 1 0
308.835 0.285714 0.285714 2 1 0
309.335 0.285714 0.285714 2 1 0
309.835 0.285714 0.285714 2 1 0
310.335 0.285714 0.285714 2 1 0
310.835 0.285714 0.285714 2 1 0
311.335 0.285714 0.285714 2 1 0
311.835 0.285714 0.285714 2 1 0
312.335 0.285714 0.285714 2 1 0
312.835 0.285714 0.285714 2 1 0
313.335 0.285714 0.285714 2 1 0
313.835 0.285714 0.285714 2 1 0
314.335 0.285714 0.285714 2 1 0
314.835 0.285714 0.285714 2 1 0
315.335 0.285714 0.285714 2 1 0
315.835 0.285714 0.285714 2 1 0
316.335 0.285714 0.285714 2 1 0
316.835 0.285714 0.285714 2 1 0
317.335 0.285714 0.285714 2 1 0
317.835 0.285714 0.285714 2 1 0
318.335 0.285714 0.285714 2 1 0
318.835 0.285714 0.285714 2 1 0
319.335 0.285714 0.285714 2 1 0
319.835 0.285714 0.285714 2 1 0
320.335 0.285714 0.285714 2 1 0
320.835 0.285714 0.285714 2 1 0
321.335 0.285714 0.285714 2 1 0
321.835 0.285714 0.285714 2 1 0
322.335 0.285714 0.285714 2 1 0
322.835 0.285714 0.285714 2 1 0
323.335 0.285714 0.285714 2 1 0
323.835 0.285714 0.285714 2 1 0
324.335 0.285714 0.285714 2 1 0
324.835 0.285714 0.285714 2 1 0
325.335 0.285714 0.285714 2 1 0
325.835 0.285714 0.285714 2 1 0
326.335 0.285714 0.285714 2 1 0
326.835 0.285714 0.285714 2 1 0
327.335 0.285714 0.285714 2 1 0
327.835 0.285714 0.285714 2 1 0
328.335 0.285714 0.285714 2 1 0
328.835 0.285714 0.285714 2 1 0
329.335 0.285714 0.285714 2 1 0
329.835 0.285714 0.285714 2 1 0
330.335 0.285714 0.285714 2 1 0
330.835 0.285714 0.285714 2 1 0
331.335 0.285714 0.285714 2 1 0
331.835 0.285714 0.285714 2 1 0
332.335 0.285714 0.285714 2 1 0
332.835 0.285714 0.285714 2 1 0
333.335 0.285714 0.285714 2 1 0
333.835 0.285714 0.285714 2 1 0
334.335 0.285714 0.285714 2 1 0
334.835 0.285714 0.285714 2 1 0
335.335 0.285714 0.285714 2 1 0
335.835 0.285714 0.285714 2 1 0
336.335 0.285714 0.285714 2 1 0
336.835 0.285714 0.285714 2 1 0
337.335 0.285714 0.285714 2 1 0
337.835 0.285714 0.285714 2 1 0
338.335 0.285714 0.285714 2 1 0
338.835 0.285714 0.285714 2 1 0
339.335 0.285714 0.285714 2 1 0
339.835 0.285714 0.285714 2 1 0
340.335 0.285714 0.285714 2 1 0
340.835 0.285714 0.285714 2 1 0
341.335 0.285714 0.285714 2 1 0
341.835 0.285714 0.285714 2 1 0
342.335 0.285714 0.285714 2 1 0
342.835 0.285714 0.285714 2 1 0
343.335 0.285714 0.285714 2 1 0
343.835 0.285714 0.285714 2 1 0
344.335 0.285714 0.285714 2 1 0
344.835 0.285714 0.285714 2 1 0
345.335 0.285714 0.285714 2 1 0
345.835 0.285714 0.285714 2 1 0
346.335 0.285714 0.285714 2 1 0
346.835 0.285714 0.285714 2 1 0
347.335 0.285714 0.285714 2 1 0
347.835 0.285714 0.285714 2 1 0
348.335 0.285714 0.285714 2 1 0
348.835 0.285714 0.285714 2 1 0
349.335 0.285714 0.285714 2 1 0
349.835 0.285714 0.285714 2 1 0
350.335 0.285714 0.285714 2 1 0
350.835 0.285714 0.285714 2 1 0
351.335 0.285714 0.285714 2 1 0
351.835 0.285714 0.285714 2 1 0
352.335 0.285714 0.285714 2 1 0
352.835 0.285714 0.285714 2 1 0
353.335 0.285714 0.285714 2 1 0
353.835 0.285714 0.285714 2 1 0
354.335 0.285714 0.285714 2 1 0
354.835 0.285714 0.285714 2 1 0
355.335 0.285714 0.285714 2 1 0
355.835 0.285714 0.285714 2 1 0
356.335 0.285714 0.285714 2 1 0
356.835 0.285714 0.285714 2 1 0
357.335 0.285714 0.285714 2 1 0
357.835 0.285714 0.285714 2 1 0
358.335 0.285714 0.285714 2 1 0
358.835 0.285714 0.285714 2 1 0
359.335 0.285714 0.285714 2 1 0
359.835 0.285714 0.285714 2 1 0
360.335 0.285714 0.285714 2 1 0
360.835 0.285714 0.285714 2 1 0
361.335 0.285714 0.285714 2 1 0
361.835 0.285714 0.285714 2 1 0
362.335 0.285714 0.285714 2 1 0
362.835 0.285714 0.285714 2 1 0
363.335 0.285714 0.285714 2 1 0
363.835 0.285714 0.285714 2 1 0
364.335 0.285714 0.285714 2 1 0
364.835 0.285714 0.285714 2 1 0
365.335 0.285714 0.285714 2 1 0
365.835 0.285714 0.285714 2 1 0
366.335 0.285714 0.285714 2 1 0
366.835 0.285714 0.285714 2 1 0
367.335 0.285714 0.285714 2 1 0
367.835 0.285714 0.285714 2 1 0
368.335 0.285714 0.285714 2 1 0
368.835 0.285714 0.285714 2 1 0
369.335 0.285714 0.285714 2 1 0
369.835 0.285714 0.285714 2 1 0
370.335 0.285714 0.285714 2 1 0
370.835 0.285714 0.285714 2 1 0
371.335 0.285714 0.285714 2 1 0
371.835 0.285714 0.285714 2 1 0
372.335 0.285714 0.285714 2 1 0
372.835 0.285714 0.285714 2 1 0
373.335 0.285714 0.285714 2 1 0
373.835 0.285714 0.285714 2 1 0
374.335 0.285714 0.285714 2 1 0
374.335 0.285714 0.285714 2 1 0
374.375 0.285714 0.285714 2 1 0
374.415 0.285714 0.285714 2 1 0
374.495 0.285714 0.285714 2 1 0
374.655 0.285714 0.285714 2 1 0
374.975 0.285714 0.285714 2 1 0
375.475 0.285714 0.285714 2 1 0
375.975 0.285714 0.285714 2 1 0
376.475 0.285714 0.285714 2 1 0
376.975 0.285714 0.285714 2 1 0
377.475 0.285714 0.285714 2 1 0
377.975 0.285714 0.285714 2 1 0
378.475 0.285714 0.285714 2 1 0
378.975 0.285714 0.285714 2 1 0
379.475 0.285714 0.285714 2 1 0
379.975 0.285714 0.285714 2 1 0
380.475 0.285714 0.285714 2 1 0
380.975 0.285714 0.285714 2 1 0
381.475 0.285714 0.285714 2 1 0
381.975 0.285714 0.285714 2 1 0
382.475 0.285714 0.285714 2 1 0
382.975 0.285714 0.285714 2 1 0
383.475 0.285714 0.285714 2 1 0
383.975 0.285714 0.285714 2 1 0
384.475 0.285714 0.285714 2 1 0
384.975 0.285714 0.285714 2 1 0
385.475 0.285714 0.285714 2 1 0
385.975 0.285714 0.285714 2 1 0
386.475 0.285714 0.285714 2 1 0
386.975 0.285714 0.285714 2 1 0
387.475 0.285714 0.285714 2 1 0
387.975 0.285714 0.285714 2 1 0
388.475 0.285714 0.285714 2 1 0
388.975 0.285714 0.285714 2 1 0
389.475 0.285714 0.285714 2 1 0
389.975 0.285714 0.285714 2 1 0
390.475 0.285714 0.285714 2 1 0
390.975 0.285714 0.285714 2 1 0
391.475 0.285714 0.285714 2 1 0
391.975 0.285714 0.285714 2 1 0
392.475 0.285714 0.285714 2 1 0
392.975 0.285714 0.285714 2 1 0
393.475 0.285714 0.285714 2 1 0
393.975 0.285714 0.285714 2 1 0
394.475 0.285714 0.285714 2 1 0
394.975 0.285714 0.285714 2 1 0
395.475 0.285714 0.285714 2 1 0
395.975 0.285714 0.285714 2 1 0
396.475 0.285714 0.285714 2 1 0
396.975 0.285714 0.285714 2 1 0
397.475 0.285714 0.285714 2 1 0
397.975 0.285714 0.285714 2 1 0
398.475 0.285714 0.285714 2 1 0
398.975 0.285714 0.285714 2 1 0
399.475 0.285714 0.285714 2 1 0
399.975 0.285714 0.285714 2 1 0
400.475 0.285714 0.285714 2 1 0
400.975 0.285714 0.285714 2 1 0
401.475 0.285714 0.285714 2 1 0
401.975 0.285714 0.285714 2 1 0
402.475 0.285714 0.285714 2 1 0
402.975 0.285714 0.285714 2 1 0
403.475 0.285714 0.285714 2 1 0
403.975 0.285714 0.285714 2 1 0
404.475 0.285714 0.285714 2 1 0
404.975 0.285714 0.285714 2 1 0
405.475 0.285714 0.285714 2 1 0
405.975 0.285714 0.285714 2 1 0
406.475 0.285714 0.285714 2 1 0
406.975 0.285714 0.285714 2 1 0
407.475 0.285714 0.285714 2 1 0
407.975 0.285714 0.285714 2 1 0
408.475 0.285714 0.285714 2 1 0
408.975 0.285714 0.285714 2 1 0
409.475 0.285714 0.285714 2 1 0
409.975 0.285714 0.285714 2 1 0
410.475 0.285714 0.285714 2 1 0
410.975 0.285714 0.285714 2 1 0
411.475 0.285714 0.285714 2 1 0
411.975 0.285714 0.285714 2 1 0
412.475 0.285714 0.285714 2 1 0
412.975 0.285714 0.285714 2 1 0
413.475 0.285714 0.285714 2 1 0
413.975 0.285714 0.285714 2 1 0
414.475 0.285714 0.285714 2 1 0
414.975 0.285714 0.285714 2 1 0
415.475 0.285714 0.285714 2 1 0
415.975 0.285714 0.285714 2 1 0
416.475 0.285714 0.285714 2 1 0
416.975 0.285714 0.285714 2 1 0
417.475 0.285714 0.285714 2 1 0
417.975 0.285714 0.285714 2 1 0
418.475 0.285714 0.285714 2 1 0
418.975 0.285714 0.285714 2 1 0
419.475 0.285714 0.285714 2 1 0
419.975 0.285714 0.285714 2 1 0
420.475 0.285714 0.285714 2 1 0
420.975 0.285714 0.285714 2 1 0
421.475 0.285714 0.285714 2 1 0
421.975 0.285714 0.285714 2 1 0
422.475 0.285714 0.285714 2 1 0
422.975 0.285714 0.285714 2 1 0
423.475 0.285714 0.285714 2 1 0
423.975 0.285714 0.285714 2 1 0
424.475 0.285714 0.285714 2 1 0
424.975 0.285714 0.285714 2 1 0
425.475 0.285714 0.285714 2 1 0
425.975 0.285714 0.285714 2 1 0
426.475 0.285714 0.285714 2 1 0
426.975 0.285714 0.285714 2 1 0
427.475 0.285714 0.285714 2 1 0
427.975 0.285714 0.285714 2 1 0
428.475 0.285714 0.285714 2 1 0
428.975 0.285714 0.285714 2 1 0
429.475 0.285714 0.285714 2 1 0
429.975 0.285714 0.285714 2 1 0
430.475 0.285714 0.285714 2 1 0
430.975 0.285714 0.285714 2 1 0
431.475 0.285714 0.285714 2 1 0
431.975 0.285714 0.285714 2 1 0
432.475 0.285714 0.285714 2 1 0
432.975 0.285714 0.285714 2 1 0
433.475 0.285714 0.285714 2 1 0
433.975 0.285714 0.285714 2 1 0
434.475 0.285714 0.285714 2 1 0
434.975 0.285714 0.285714 2 1 0
435.475 0.285714 0.285714 2 1 0
435.975 0.285714 0.285714 2 1 0
436.475 0.285714 0.285714 2 1 0
436.975 0.285714 0.285714 2 1 0
437.475 0.285714 0.285714 2 1 0
437.975 0.285714 0.285714 2 1 0
438.475 0.285714 0.285714 2 1 0
438.975 0.285714 0.285714 2 1 0
439.475 0.285714 0.285714 2 1 0
439.975 0.285714 0.285714 2 1 0
440.475 0.285714 0.285714 2 1 0
440.975 0.285714 0.285714 2 1 0
441.475 0.285714 0.285714 2 1 0
441.975 0.285714 0.285714 2 1 0
442.475 0.285714 0.285714 2 1 0
442.975 0.285714 0.285714 2 1 0
443.475 0.285714 0.285714 2 1 0
443.975 0.285714 0.285714 2 1 0
444.475 0.285714 0.285714 2 1 0
444.975 0.285714 0.285714 2 1 0
445.475 0.285714 0.285714 2 1 0
445.975 0.285714 0.285714 2 1 0
446.475 0.285714 0.285714 2 1 0
446.975 0.285714 0.285714 2 1 0
447.475 0.285714 0.285714 2 1 0
447.975 0.285714 0.285714 2 1 0
448.475 0.285714 0.285714 2 1 0
448.975 0.285714 0.285714 2 1 0
449.475 0.285714 0.285714 2 1 0
449.975 0.285714 0.285714 2 1 0
450.475 0.285714 0.285714 2 1 0
450.975 0.285714 0.285714 2 1 0
451.475 0.285714 0.285714 2 1 0
451.975 0.285714 0.285714 2 1 0
452.475 0.285714 0.285714 2 1 0
452.975 0.285714 0.285714 2 1 0
453.475 0.285714 0.285714 2 1 0
453.975 0.285714 0.285714 2 1 0
454.475 0.285714 0.285714 2 1 0
454.975 0.285714 0.285714 2 1 0
455.475 0.285714 0.285714 2 1 0
455.975 0.285714 0.285714 2 1 0
456.475 0.285714 0.285714 2 1 0
456.975 0.285714 0.285714 2 1 0
457.475 0.285714 0.285714 2 1 0
457.975 0.285714 0.285714 2 1 0
458.475 0.285714 0.285714 2 1 0
458.975 0.285714 0.285714 2 1 0
459.475 0.285714 0.285714 2 1 0
459.975 0.285714 0.285714 2 1 0
460.475 0.285714 0.285714 2 1 0
460.975 0.285714 0.285714 2 1 0
461.475 0.285714 0.285714 2 1 0
461.975 0.285714 0.285714 2 1 0
462.475 0.285714 0.285714 2 1 0
462.975 0.285714 0.285714 2 1 0
463.475 0.285714 0.285714 2 1 0
463.975 0.285714 0.285714 2 1 0
464.475 0.285714 0.285714 2 1 0
464.975 0.285714 0.285714 2 1 0
465.475 0.285714 0.285714 2 1 0
465.975 0.285714 0.285714 2 1 0
466.475 0.285714 0.285714 2 1 0
466.975 0.285714 0.285714 2 1 0
467.475 0.285714 0.285714 2 1 0
467.975 0.285714 0.285714 2 1 0
468.475 0.285714 0.285714 2 1 0
468.975 0.285714 0.285714 2 1 0
469.475 0.285714 0.285714 2 1 0
469.975 0.285714 0.285714 2 1 0
470.475 0.285714 0.285714 2 1 0
470.975 0.285714 0.285714 2 1 0
471.475 0.285714 0.285714 2 1 0
471.975 0.285714 0.285714 2 1 0
471.975 0.285714 0.285714 2 1 0
472.015 0.285714 0.285714 2 1 0
472.055 0.285714 0.285714 2 1 0
472.135 0.285714 0.285714 2 1 0
472.295 0.285714 0.285714 2 1 0
472.615 0.285714 0.285714 2 1 0
473.115 0.285714 0.285714 2 1 0
473.615 0.285714 0.285714 2 1 0
474.115 0.285714 0.285714 2 1 0
474.615 0.285714 0.285714 2 1 0
475.115 0.285714 0.285714 2 1 0
475.615 0.285714 0.285714 2 1 0
476.115 0.285714 0.285714 2 1 0
476.615 0.285714 0.285714 2 1 0
477.115 0.285714 0.285714 2 1 0
477.615 0.285714 0.285714 2 1 0
478.115 0.285714 0.285714 2 1 0
478.615 0.285714 0.285714 2 1 0
479.115 0.285714 0.285714 2 1 0
479.615 0.285714 0.285714 2 1 0
480.115 0.285714 0.285714 2 1 0
480.615 0.285714 0.285714 2 1 0
481.115 0.285714 0.285714 2 1 0
481.615 0.285714 0.285714 2 1 0
482.115 0.285714 0.285714 2 1 0
482.615 0.285714 0.285714 2 1 0
483.115 0.285714 0.285714 2 1 0
483.615 0.285714 0.285714 2 1 0
484.115 0.285714 0.285714 2 1 0
484.615 0.285714 0.285714 2 1 0
485.115 0.285714 0.285714 2 1 0
485.615 0.285714 0.285714 2 1 0
486.115 0.285714 0.285714 2 1 0
486.615 0.285714 0.285714 2 1 0
487.115 0.285714 0.285714 2 1 0
487.615 0.285714 0.285714 2 1 0
488.115 0.285714 0.285714 2 1 0
488.615 0.285714 0.285714 2 1 0
489.115 0.285714 0.285714 2 1 0
489.615 0.285714 0.285714 2 1 0
490.115 0.285714 0.285714 2 1 0
490.615 0.285714 0.285714 2 1 0
491.115 0.285714 0.285714 2 1 0
491.615 0.285714 0.285714 2 1 0
492.115 0.285714 0.285714 2 1 0
492.615 0.285714 0.285714 2 1 0
493.115 0.285714 0.285714 2 1 0
493.615 0.285714 0.285714 2 1 0
494.115 0.285714 0.285714 2 1 0
494.615 0.285714 0.285714 2 1 0
495.115 0.285714 0.285714 2 1 0
495.615 0.285714 0.285714 2 1 0
496.115 0.285714 0.285714 2 1 0
496.615 0.285714 0.285714 2 1 0
497.115 0.285714 0.285714 2 1 0
497.615 0.285714 0.285714 2 1 0
498.115 0.285714 0.285714 2 1 0
498.615 0.285714 0.285714 2 1 0
499.115 0.285714 0.285714 2 1 0
499.615 0.285714 0.285714 2 1 0
500.115 0.285714 0.285714 2 1 0
500.615 0.285714 0.285714 2 1 0
501.115 0.285714 0.285714 2 1 0
501.615 0.285714 0.285714 2 1 0
502.115 0.285714 0.285714 2 1 0
502.615 0.285714 0.285714 2 1 0
503.115 0.285714 0.285714 2 1 0
503.615 0.285714 0.285714 2 1 0
504.115 0.285714 0.285714 2 1 0
504.615 0.285714 0.285714 2 1 0
505.115 0.285714 0.285714 2 1 0
505.615 0.285714 0.285714 2 1 0
506.115 0.285714 0.285714 2 1 0
506.615 0.285714 0.285714 2 1 0
507.115 0.285714 0.285714 2 1 0
507.615 0.285714 0.285714 2 1 0
508.115 0.285714 0.285714 2 1 0
508.615 0.285714 0.285714 2 1 0
509.115 0.285714 0.285714 2 1 0
509.615 0.285714 0.285714 2 1 0
510.115 0.285714 0.285714 2 1 0
510.615 0.285714 0.285714 2 1 0
511.115 0.285714 0.285714 2 1 0
511.615 0.285714 0.285714 2 1 0
512.115 0.285714 0.285714 2 1 0
512.615 0.285714 0.285714 2 1 0
513.115 0.285714 0.285714 2 1 0
513.615 0.285714 0.285714 2 1 0
514.115 0.285714 0.285714 2 1 0
514.615 0.285714 0.285714 2 1 0
515.115 0.285714 0.285714 2 1 0
515.615 0.285714 0.285714 2 1 0
516.115 0.285714 0.285714 2 1 0
516.615 0.285714 0.285714 2 1 0
517.115 0.285714 0.285714 2 1 0
517.615 0.285714 0.285714 2 1 0
518.115 0.285714 0.285714 2 1 0
518.615 0.285714 0.285714 2 1 0
519.115 0.285714 0.285714 2 1 0
519.615 0.285714 0.285714 2 1 0
520.115 0.285714 0.285714 2 1 0
520.615 0.285714 0.285714 2 1 0
521.115 0.285714 0.285714 2 1 0
521.615 0.285714 0.285714 2 1 0
522.115 0.285714 0.285714 2 1 0
522.615 0.285714 0.285714 2 1 0
523.115 0.285714 0.285714 2 1 0
523.615 0.285714 0.285714 2 1 0
524.115 0.285714 0.285714 2 1 0
524.615 0.285714 0.285714 2 1 0
525.115 0.285714 0.285714 2 1 0
525.615 0.285714 0.285714 2 1 0
526.115 0.285714 0.285714 2 1 0
526.615 0.285714 0.285714 2 1 0
527.115 0.285714 0.285714 2 1 0
527.615 0.285714 0.285714 2 1 0
528.115 0.285714 0.285714 2 1 0
528.615 0.285714 0.285714 2 1 0
529.115 0.285714 0.285714 2 1 0
529.615 0.285714 0.285714 2 1 0
530.115 0.285714 0.285714 2 1 0
530.615 0.285714 0.285714 2 1 0
531.115 0.285714 0.285714 2 1 0
531.615 0.285714 0.285714 2 1 0
532.115 0.285714 0.285714 2 1 0
532.615 0.285714 0.285714 2 1 0
533.115 0.285714 0.285714 2 1 0
533.615 0.285714 0.285714 2 1 0
534.115 0.285714 0.285714 2 1 0
534.615 0.285714 0.285714 2 1 0
535.115 0.285714 0.285714 2 1 0
535.615 0.285714 0.285714 2 1 0
536.115 0.285714 0.285714 2 1 0
536.615 0.285714 0.285714 2 1 0
537.115 0.285714 0.285714 2 1 0
537.615 0.285714 0.285714 2 1 0
538.115 0.285714 0.285714 2 1 0
538.615 0.285714 0.285714 2 1 0
539.115 0.285714 0.285714 2 1 0
539.615 0.285714 0.285714 2 1 0
540.115 0.285714 0.285714 2 1 0
540.615 0.285714 0.285714 2 1 0
541.115 0.285714 0.285714 2 1 0
541.615 0.285714 0.285714 2 1 0
542.115 0.285714 0.285714 2 1 0
542.615 0.285714 0.285714 2 1 0
543.115 0.285714 0.285714 2 1 0
543.615 0.285714 0.285714 2 1 0
544.115 0.285714 0.285714 2 1 0
544.615 0.285714 0.285714 2 1 0
545.115 0.285714 0.285714 2 1 0
545.615 0.285714 0.285714 2 1 0
546.115 0.285714 0.285714 2 1 0
546.615 0.285714 0.285714 2 1 0
547.115 0.285714 0.285714 2 1 0
547.615 0.285714 0.285714 2 1 0
548.115 0.285714 0.285714 2 1 0
548.615 0.285714 0.285714 2 1 0
549.115 0.285714 0.285714 2 1 0
549.615 0.285714 0.285714 2 1 0
550.115 0.285714 0.285714 2 1 0
550.615 0.285714 0.285714 2 1 0
551.115 0.285714 0.285714 2 1 0
551.615 0.285714 0.285714 2 1 0
552.115 0.285714 0.285714 2 1 0
552.615 0.285714 0.285714 2 1 0
553.115 0.285714 0.285714 2 1 0
553.615 0.285714 0.285714 2 1 0
554.115 0.285714 0.285714 2 1 0
554.615 0.285714 0.285714 2 1 0
555.115 0.285714 0.285714 2 1 0
555.615 0.285714 0.285714 2 1 0
556.115 0.285714 0.285714 2 1 0
556.615 0.285714 0.285714 2 1 0
557.115 0.285714 0.285714 2 1 0
557.615 0.285714 0.285714 2 1 0
558.115 0.285714 0.285714 2 1 0
558.615 0.285714 0.285714 2 1 0
559.115 0.285714 0.285714 2 1 0
559.615 0.285714 0.285714 2 1 0
560.115 0.285714 0.285714 2 1 0
560.615 0.285714 0.285714 2 1 0
561.115 0.285714 0.285714 2 1 0
561.615 0.285714 0.285714 2 1 0
562.115 0.285714 0.285714 2 1 0
562.615 0.285714 0.285714 2 1 0
563.115 0.285714 0.285714 2 1 0
563.615 0.285714 0.285714 2 1 0
564.115 0.285714 0.285714 2 1 0
564.615 0.285714 0.285714 2 1 0
565.115 0.285714 0.285714 2 1 0
565.615 0.285714 0.285714 2 1 0
566.115 0.285714 0.285714 2 1 0
566.615 0.285714 0.285714 2 1 0
567.115 0.285714 0.285714 2 1 0
567.615 0.285714 0.285714 2 1 0
568.115 0.285714 0.285714 2 1 0
568.615 0.285714 0.285714 2 1 0
569.115 0.285714 0.285714 2 1 0
569.615 0.285714 0.285714 2 1 0
569.615 0.285714 0.285714 2 1 0
569.655 0.285714 0.285714 2 1 0
569.695 0.285714 0.285714 2 1 0
569.775 0.285714 0.285714 2 1 0
569.935 0.285714 0.285714 2 1 0
570.255 0.285714 0.285714 2 1 0
570.755 0.285714 0.285714 2 1 0
571.255 0.285714 0.285714 2 1 0
571.755 0.285714 0.285714 2 1 0
572.255 0.285714 0.285714 2 1 0
572.755 0.285714 0.285714 2 1 0
573.255 0.285714 0.285714 2 1 0
573.755 0.285714 0.285714 2 1 0
574.255 0.285714 0.285714 2 1 0
574.755 0.285714 0.285714 2 1 0
575.255 0.285714 0.285714 2 1 0
575.755 0.285714 0.285714 2 1 0
576.255 0.285714 0.285714 2 1 0
576.755 0.285714 0.285714 2 1 0
577.255 0.285714 0.285714 2 1 0
577.755 0.285714 0.285714 2 1 0
578.255 0.285714 0.285714 2 1 0
578.755 0.285714 0.285714 2 1 0
579.255 0.285714 0.285714 2 1 0
579.755 0.285714 0.285714 2 1 0
580.255 0.285714 0.285714 2 1 0
580.755 0.285714 0.285714 2 1 0
581.255 0.285714 0.285714 2 1 0
581.755 0.285714 0.285714 2 1 0
582.255 0.285714 0.285714 2 1 0
582.755 0.285714 0.285714 2 1 0
583.255 0.285714 0.285714 2 1 0
583.755 0.285714 0.285714 2 1 0
584.255 0.285714 0.285714 2 1 0
584.755 0.285714 0.285714 2 1 0
585.255 0.285714 0.285714 2 1 0
585.755 0.285714 0.285714 2 1 0
586.255 0.285714 0.285714 2 1 0
586.755 0.285714 0.285714 2 1 0
587.255 0.285714 0.285714 2 1 0
587.755 0.285714 0.285714 2 1 0
588.255 0.285714 0.285714 2 1 0
588.755 0.285714 0.285714 2 1 0
589.255 0.285714 0.285714 2 1 0
589.755 0.285714 0.285714 2 1 0
590.255 0.285714 0.285714 2 1 0
590.755 0.285714 0.285714 2 1 0
591.255 0.285714 0.285714 2 1 0
591.755 0.285714 0.285714 2 1 0
592.255 0.285714 0.285714 2 1 0
592.755 0.285714 0.285714 2 1 0
593.255 0.285714 0.285714 2 1 0
593.755 0.285714 0.285714 2 1 0
594.255 0.285714 0.285714 2 1 0
594.755 0.285714 0.285714 2 1 0
595.255 0.285714 0.285714 2 1 0
595.755 0.285714 0.285714 2 1 0
596.255 0.285714 0.285714 2 1 0
596.755 0.285714 0.285714 2 1 0
597.255 0.285714 0.285714 2 1 0
597.755 0.285714 0.285714 2 1 0
598.255 0.285714 0.285714 2 1 0
598.755 0.285714 0.285714 2 1 0
599.255 0.285714 0.285714 2 1 0
599.755 0.285714 0.285714 2 1 0
600.255 0.285714 0.285714 2 1 0
600.755 0.285714 0.285714 2 1 0
601.255 0.285714 0.285714 2 1 0
601.755 0.285714 0.285714 2 1 0
602.255 0.285714 0.285714 2 1 0
602.755 0.285714 0.285714 2 1 0
603.255 0.285714 0.285714 2 1 0
603.755 0.285714 0.285714 2 1 0
604.255 0.285714 0.285714 2 1 0
604.755 0.285714 0.285714 2 1 0
605.255 0.285714 0.285714 2 1 0
605.755 0.285714 0.285714 2 1 0
606.255 0.285714 0.285714 2 1 0
606.755 0.285714 0.285714 2 1 0
607.255 0.285714 0.285714 2 1 0
607.755 0.285714 0.285714 2 1 0
608.255 0.285714 0.285714 2 1 0
608.755 0.285714 0.285714 2 1 0
609.255 0.285714 0.285714 2 1 0
609.755 0.285714 0.285714 2 1 0
610.255 0.285714 0.285714 2 1 0
610.755 0.285714 0.285714 2 1 0
611.255 0.285714 0.285714 2 1 0
611.755 0.285714 0.285714 2 1 0
612.255 0.285714 0.285714 2 1 0
612.755 0.285714 0.285714 2 1 0
613.255 0.285714 0.285714 2 1 0
613.755 0.285714 0.285714 2 1 0
614.255 0.285714 0.285714 2 1 0
614.755 0.285714 0.285714 2 1 0
615.255 0.285714 0.285714 2 1 0
615.755 0.285714 0.285714 2 1 0
616.255 0.285714 0.285714 2 1 0
616.755 0.285714 0.285714 2 1 0
617.255 0.285714 0.285714 2 1 0
617.755 0.285714 0.285714 2 1 0
618.255 0.285714 0.285714 2 1 0
618.755 0.285714 0.285714 2 1 0
619.255 0.285714 0.285714 2 1 0
619.755 0.285714 0.285714 2 1 0
620.255 0.285714 0.285714 2 1 0
620.755 0.285714 0.285714 2 1 0
621.255 0.285714 0.285714 2 1 0
621.755 0.285714 0.285714 2 1 0
622.255 0.285714 0.285714 2 1 0
622.755 0.285714 0.285714 2 1 0
623.255 0.285714 0.285714 2 1 0
623.755 0.285714 0.285714 2 1 0
624.255 0.285714 0.285714 2 1 0
624.755 0.285714 0.285714 2 1 0
625.255 0.285714 0.285714 2 1 0
625.755 0.285714 0.285714 2 1 0
626.255 0.285714 0.285714 2 1 0
626.755 0.285714 0.285714 2 1 0
627.255 0.285714 0.285714 2 1 0
627.755 0.285714 0.285714 2 1 0
628.255 0.285714 0.285714 2 1 0
628.755 0.285714 0.285714 2 1 0
629.255 0.285714 0.285714 2 1 0
629.755 0.285714 0.285714 2 1 0
630.255 0.285714 0.285714 2 1 0
630.755 0.285714 0.285714 2 1 0
631.255 0.285714 0.285714 2 1 0
631.755 0.285714 0.285714 2 1 0
632.255 0.285714 0.285714 2 1 0
632.755 0.285714 0.285714 2 1 0
633.255 0.285714 0.285714 2 1 0
633.755 0.285714 0.285714 2 1 0
634.255 0.285714 0.285714 2 1 0
634.755 0.285714 0.285714 2 1 0
635.255 0.285714 0.285714 2 1 0
635.755 0.285714 0.285714 2 1 0
636.255 0.285714 0.285714 2 1 0
636.755 0.285714 0.285714 2 1 0
637.255 0.285714 0.285714 2 1 0
637.755 0.285714 0.285714 2 1 0
638.255 0.285714 0.285714 2 1 0
638.755 0.285714 0.285714 2 1 0
639.255 0.285714 0.285714 2 1 0
639.755 0.285714 0.285714 2 1 0
640.255 0.285714 0.285714 2 1 0
640.755 0.285714 0.285714 2 1 0
641.255 0.285714 0.285714 2 1 0
641.755 0.285714 0.285714 2 1 0
642.255 0.285714 0.285714 2 1 0
642.755 0.285714 0.285714 2 1 0
643.255 0.285714 0.285714 2 1 0
643.755 0.285714 0.285714 2 1 0
644.255 0.285714 0.285714 2 1 0
644.755 0.285714 0.285714 2 1 0
645.255 0.285714 0.285714 2 1 0
645.755 0.285714 0.285714 2 1 0
646.255 0.285714 0.285714 2 1 0
646.755 0.285714 0.285714 2 1 0
647.255 0.285714 0.285714 2 1 0
647.755 0.285714 0.285714 2 1 0
648.255 0.285714 0.285714 2 1 0
648.755 0.285714 0.285714 2 1 0
649.255 0.285714 0.285714 2 1 0
649.755 0.285714 0.285714 2 1 0
650.255 0.285714 0.285714 2 1 0
650.755 0.285714 0.285714 2 1 0
651.255 0.285714 0.285714 2 1 0
651.755 0.285714 0.285714 2 1 0
652.255 0.285714 0.285714 2 1 0
652.755 0.285714 0.285714 2 1 0
653.255 0.285714 0.285714 2 1 0
653.755 0.285714 0.285714 2 1 0
654.255 0.285714 0.285714 2 1 0
654.755 0.285714 0.285714 2 1 0
655.255 0.285714 0.285714 2 1 0
655.755 0.285714 0.285714 2 1 0
656.255 0.285714 0.285714 2 1 0
656.755 0.285714 0.285714 2 1 0
657.255 0.285714 0.285714 2 1 0
657.755 0.285714 0.285714 2 1 0
658.255 0.285714 0.285714 2 1 0
658.755 0.285714 0.285714 2 1 0
659.255 0.285714 0.285714 2 1 0
659.755 0.285714 0.285714 2 1 0
660.255 0.285714 0.285714 2 1 0
660.755 0.285714 0.285714 2 1 0
661.255 0.285714 0.285714 2 1 0
661.755 0.285714 0.285714 2 1 0
662.255 0.285714 0.285714 2 1 0
662.755 0.285714 0.285714 2 1 0
663.255 0.285714 0.285714 2 1 0
663.755 0.285714 0.285714 2 1 0
664.255 0.285714 0.285714 2 1 0
664.755 0.285714 0.285714 2 1 0
665.255 0.285714 0.285714 2 1 0
665.755 0.285714 0.285714 2 1 0
666.255 0.285714 0.285714 2 1 0
666.755 0.285714 0.285714 2 1 0
667.255 0.285714 0.285714 2 1 0
147.638 0.705656 0.705656 2 2 0
147.678 0.705832 0.705832 2 2 0
147.718 0.706008 0.706008 2 2 0
147.798 0.706359 0.706359 2 2 0
147.958 0.707061 0.707061 2 2 0
148.278 0.708463 0.708463 2 2 0
148.778 0.710644 0.710644 2 2 0
149.278 0.712816 0.712816 2 2 0
149.778 0.714978 0.714978 2 2 0
150.278 0.71713 0.71713 2 2 0
150.778 0.719273 0.719273 2 2 0
151.278 0.721405 0.721405 2 2 0
151.778 0.723528 0.723528 2 2 0
152.278 0.72564 0.72564 2 2 0
152.778 0.727743 0.727743 2 2 0
153.278 0.729835 0.729835 2 2 0
153.778 0.731917 0.731917 2 2 0
154.278 0.733988 0.733988 2 2 0
154.778 0.73605 0.73605 2 2 0
155.278 0.738101 0.738101 2 2 0
155.778 0.740141 0.740141 2 2 0
156.278 0.742171 0.742171 2 2 0
156.778 0.744191 0.744191 2 2 0
157.278 0.746199 0.746199 2 2 0
157.778 0.748198 0.748198 2 2 0
158.278 0.750185 0.750185 2 2 0
158.778 0.752162 0.752162 2 2 0
159.278 0.754129 0.754129 2 2 0
159.778 0.756084 0.756084 2 2 0
160.278 0.758029 0.758029 2 2 0
160.778 0.759963 0.759963 2 2 0
161.278 0.761886 0.761886 2 2 0
161.778 0.763798 0.763798 2 2 0
162.278 0.765699 0.765699 2 2 0
162.778 0.76759 0.76759 2 2 0
163.278 0.769469 0.769469 2 2 0
163.778 0.771338 0.771338 2 2 0
164.278 0.773196 0.773196 2 2 0
164.778 0.775042 0.775042 2 2 0
165.278 0.776878 0.776878 2 2 0
165.778 0.778703 0.778703 2 2 0
166.278 0.780517 0.780517 2 2 0
166.778 0.78232 0.78232 2 2 0
167.278 0.784111 0.784111 2 2 0
167.778 0.785892 0.785892 2 2 0
168.278 0.787662 0.787662 2 2 0
168.778 0.789421 0.789421 2 2 0
169.278 0.791168 0.791168 2 2 0
169.778 0.792905 0.792905 2 2 0
170.277 0.794631 0.794631 2 2 0
170.777 0.796346 0.796346 2 2 0
171.277 0.79805 0.79805 2 2 0
171.777 0.799742 0.799742 2 2 0
172.277 0.801424 0.801424 2 2 0
172.777 0.803095 0.803095 2 2 0
173.277 0.804755 0.804755 2 2 0
173.777 0.806404 0.806404 2 2 0
174.277 0.808042 0.808042 2 2 0
174.777 0.809669 0.809669 2 2 0
175.277 0.811285 0.811285 2 2 0
175.777 0.812891 0.812891 2 2 0
176.277 0.814485 0.814485 2 2 0
176.777 0.816069 0.816069 2 2 0
177.277 0.817642 0.817642 2 2 0
177.777 0.819204 0.819204 2 2 0
178.277 0.820755 0.820755 2 2 0
178.777 0.822296 0.822296 2 2 0
179.277 0.823826 0.823826 2 2 0
179.777 0.825345 0.825345 2 2 0
180.277 0.826853 0.826853 2 2 0
180.777 0.828351 0.828351 2 2 0
181.277 0.829838 0.829838 2 2 0
181.777 0.831315 0.831315 2 2 0
182.277 0.832781 0.832781 2 2 0
182.777 0.834237 0.834237 2 2 0
183.277 0.835682 0.835682 2 2 0
183.777 0.837117 0.837117 2 2 0
184.277 0.838541 0.838541 2 2 0
184.777 0.839955 0.839955 2 2 0
185.277 0.841358 0.841358 2 2 0
185.777 0.842752 0.842752 2 2 0
186.277 0.844135 0.844135 2 2 0
186.777 0.845507 0.845507 2 2 0
187.277 0.84687 0.84687 2 2 0
187.777 0.848222 0.848222 2 2 0
188.277 0.849564 0.849564 2 2 0
188.777 0.850897 0.850897 2 2 0
189.277 0.852219 0.852219 2 2 0
189.777 0.853531 0.853531 2 2 0
190.277 0.854833 0.854833 2 2 0
190.777 0.856125 0.856125 2 2 0
191.277 0.857408 0.857408 2 2 0
191.777 0.85868 0.85868 2 2 0
192.277 0.859943 0.859943 2 2 0
192.777 0.861196 0.861196 2 2 0
193.277 0.862439 0.862439 2 2 0
193.777 0.863673 0.863673 2 2 0
194.277 0.864897 0.864897 2 2 0
194.777 0.866112 0.866112 2 2 0
195.277 0.867317 0.867317 2 2 0
195.777 0.868512 0.868512 2 2 0
196.277 0.869698 0.869698 2 2 0
196.777 0.870875 0.870875 2 2 0
197.277 0.872042 0.872042 2 2 0
197.777 0.873201 0.873201 2 2 0
198.277 0.87435 0.87435 2 2 0
198.777 0.875489 0.875489 2 2 0
199.277 0.87662 0.87662 2 2 0
199.777 0.877741 0.877741 2 2 0
200.277 0.878854 0.878854 2 2 0
200.777 0.879957 0.879957 2 2 0
201.277 0.881052 0.881052 2 2 0
201.777 0.882138 0.882138 2 2 0
202.277 0.883215 0.883215 2 2 0
202.777 0.884283 0.884283 2 2 0
203.277 0.885342 0.885342 2 2 0
203.777 0.886393 0.886393 2 2 0
204.277 0.887435 0.887435 2 2 0
204.777 0.888468 0.888468 2 2 0
205.277 0.889493 0.889493 2 2 0
205.777 0.890509 0.890509 2 2 0
206.277 0.891517 0.891517 2 2 0
206.777 0.892517 0.892517 2 2 0
207.277 0.893508 0.893508 2 2 0
207.777 0.894491 0.894491 2 2 0
208.277 0.895466 0.895466 2 2 0
208.777 0.896433 0.896433 2 2 0
209.277 0.897391 0.897391 2 2 0
209.777 0.898342 0.898342 2 2 0
210.277 0.899284 0.899284 2 2 0
210.777 0.900219 0.900219 2 2 0
211.277 0.901145 0.901145 2 2 0
211.777 0.902064 0.902064 2 2 0
212.277 0.902975 0.902975 2 2 0
212.777 0.903878 0.903878 2 2 0
213.277 0.904774 0.904774 2 2 0
213.777 0.905661 0.905661 2 2 0
214.277 0.906541 0.906541 2 2 0
214.777 0.907414 0.907414 2 2 0
215.277 0.908279 0.908279 2 2 0
215.777 0.909137 0.909137 2 2 0
216.277 0.909987 0.909987 2 2 0
216.777 0.91083 0.91083 2 2 0
217.277 0.911666 0.911666 2 2 0
217.777 0.912494 0.912494 2 2 0
218.277 0.913315 0.913315 2 2 0
218.777 0.914129 0.914129 2 2 0
219.277 0.914936 0.914936 2 2 0
219.777 0.915736 0.915736 2 2 0
220.277 0.916529 0.916529 2 2 0
220.777 0.917315 0.917315 2 2 0
221.277 0.918094 0.918094 2 2 0
221.777 0.918866 0.918866 2 2 0
222.277 0.919632 0.919632 2 2 0
222.777 0.92039 0.92039 2 2 0
223.277 0.921142 0.921142 2 2 0
223.777 0.921888 0.921888 2 2 0
224.277 0.922627 0.922627 2 2 0
224.777 0.923359 0.923359 2 2 0
225.277 0.924084 0.924084 2 2 0
225.777 0.924804 0.924804 2 2 0
226.277 0.925517 0.925517 2 2 0
226.777 0.926223 0.926223 2 2 0
227.277 0.926923 0.926923 2 2 0
227.777 0.927617 0.927617 2 2 0
228.277 0.928305 0.928305 2 2 0
228.777 0.928987 0.928987 2 2 0
229.277 0.929662 0.929662 2 2 0
229.777 0.930332 0.930332 2 2 0
230.277 0.930995 0.930995 2 2 0
230.777 0.931652 0.931652 2 2 0
231.277 0.932304 0.932304 2 2 0
231.777 0.932949 0.932949 2 2 0
232.277 0.933589 0.933589 2 2 0
232.777 0.934223 0.934223 2 2 0
233.277 0.934852 0.934852 2 2 0
233.777 0.935474 0.935474 2 2 0
234.277 0.936091 0.936091 2 2 0
234.777 0.936702 0.936702 2 2 0
235.277 0.937308 0.937308 2 2 0
235.777 0.937908 0.937908 2 2 0
236.277 0.938503 0.938503 2 2 0
236.777 0.939092 0.939092 2 2 0
237.277 0.939676 0.939676 2 2 0
237.777 0.940255 0.940255 2 2 0
238.277 0.940828 0.940828 2 2 0
238.777 0.941396 0.941396 2 2 0
239.277 0.941959 0.941959 2 2 0
239.777 0.942517 0.942517 2 2 0
240.277 0.943069 0.943069 2 2 0
240.777 0.943617 0.943617 2 2 0
241.277 0.944159 0.944159 2 2 0
241.777 0.944697 0.944697 2 2 0
242.277 0.945229 0.945229 2 2 0
242.777 0.945757 0.945757 2 2 0
243.277 0.946279 0.946279 2 2 0
243.777 0.946797 0.946797 2 2 0
244.277 0.94731 0.94731 2 2 0
244.777 0.947819 0.947819 2 2 0
245.277 0.948322 0.948322 2 2 0
245.277 0.948322 0.948322 2 2 0
245.317 0.948362 0.948362 2 2 0
245.357 0.948402 0.948402 2 2 0
245.437 0.948482 0.948482 2 2 0
245.597 0.948642 0.948642 2 2 0
245.917 0.94896 0.94896 2 2 0
246.417 0.949453 0.949453 2 2 0
246.917 0.949941 0.949941 2 2 0
247.417 0.950425 0.950425 2 2 0
247.917 0.950905 0.950905 2 2 0
248.417 0.951379 0.951379 2 2 0
248.917 0.95185 0.95185 2 2 0
249.417 0.952316 0.952316 2 2 0
249.917 0.952778 0.952778 2 2 0
250.417 0.953235 0.953235 2 2 0
250.917 0.953688 0.953688 2 2 0
251.417 0.954137 0.954137 2 2 0
251.917 0.954582 0.954582 2 2 0
252.417 0.955022 0.955022 2 2 0
252.917 0.955458 0.955458 2 2 0
253.417 0.955891 0.955891 2 2 0
253.917 0.956319 0.956319 2 2 0
254.417 0.956743 0.956743 2 2 0
254.917 0.957163 0.957163 2 2 0
255.417 0.957579 0.957579 2 2 0
255.917 0.957992 0.957992 2 2 0
256.417 0.9584 0.9584 2 2 0
256.917 0.958805 0.958805 2 2 0
257.417 0.959205 0.959205 2 2 0
257.917 0.959602 0.959602 2 2 0
258.417 0.959995 0.959995 2 2 0
258.917 0.960385 0.960385 2 2 0
259.417 0.960771 0.960771 2 2 0
259.917 0.961153 0.961153 2 2 0
260.417 0.961531 0.961531 2 2 0
260.917 0.961906 0.961906 2 2 0
261.417 0.962277 0.962277 2 2 0
261.917 0.962645 0.962645 2 2 0
262.417 0.963009 0.963009 2 2 0
262.917 0.96337 0.96337 2 2 0
263.417 0.963728 0.963728 2 2 0
263.917 0.964082 0.964082 2 2 0
264.417 0.964432 0.964432 2 2 0
264.917 0.96478 0.96478 2 2 0
265.417 0.965124 0.965124 2 2 0
265.917 0.965464 0.965464 2 2 0
266.417 0.965802 0.965802 2 2 0
266.917 0.966136 0.966136 2 2 0
267.417 0.966467 0.966467 2 2 0
267.917 0.966795 0.966795 2 2 0
268.417 0.96712 0.96712 2 2 0
268.917 0.967441 0.967441 2 2 0
269.417 0.96776 0.96776 2 2 0
269.917 0.968076 0.968076 2 2 0
270.417 0.968388 0.968388 2 2 0
270.917 0.968698 0.968698 2 2 0
271.417 0.969004 0.969004 2 2 0
271.917 0.969308 0.969308 2 2 0
272.417 0.969608 0.969608 2 2 0
272.917 0.969906 0.969906 2 2 0
273.417 0.970201 0.970201 2 2 0
273.917 0.970493 0.970493 2 2 0
274.417 0.970782 0.970782 2 2 0
274.917 0.971069 0.971069 2 2 0
275.417 0.971353 0.971353 2 2 0
275.917 0.971634 0.971634 2 2 0
276.417 0.971912 0.971912 2 2 0
276.917 0.972188 0.972188 2 2 0
277.417 0.972461 0.972461 2 2 0
277.917 0.972731 0.972731 2 2 0
278.417 0.972999 0.972999 2 2 0
278.917 0.973264 0.973264 2 2 0
279.417 0.973526 0.973526 2 2 0
279.917 0.973786 0.973786 2 2 0
280.417 0.974044 0.974044 2 2 0
280.917 0.974299 0.974299 2 2 0
281.417 0.974551 0.974551 2 2 0
281.917 0.974802 0.974802 2 2 0
282.417 0.975049 0.975049 2 2 0
282.917 0.975295 0.975295 2 2 0
283.417 0.975538 0.975538 2 2 0
283.917 0.975778 0.975778 2 2 0
284.417 0.976016 0.976016 2 2 0
284.917 0.976252 0.976252 2 2 0
285.417 0.976486 0.976486 2 2 0
285.917 0.976717 0.976717 2 2 0
286.417 0.976947 0.976947 2 2 0
286.917 0.977174 0.977174 2 2 0
287.417 0.977398 0.977398 2 2 0
287.917 0.977621 0.977621 2 2 0
288.417 0.977841 0.977841 2 2 0
288.917 0.978059 0.978059 2 2 0
289.417 0.978276 0.978276 2 2 0
289.917 0.97849 0.97849 2 2 0
290.417 0.978701 0.978701 2 2 0
290.917 0.978911 0.978911 2 2 0
291.417 0.979119 0.979119 2 2 0
291.917 0.979325 0.979325 2 2 0
292.417 0.979529 0.979529 2 2 0
292.917 0.979731 0.979731 2 2 0
293.417 0.97993 0.97993 2 2 0
293.917 0.980128 0.980128 2 2 0
294.417 0.980324 0.980324 2 2 0
294.917 0.980518 0.980518 2 2 0
295.417 0.980711 0.980711 2 2 0
295.917 0.980901 0.980901 2 2 0
296.417 0.981089 0.981089 2 2 0
296.917 0.981276 0.981276 2 2 0
297.417 0.981461 0.981461 2 2 0
297.917 0.981644 0.981644 2 2 0
298.417 0.981825 0.981825 2 2 0
298.917 0.982004 0.982004 2 2 0
299.417 0.982182 0.982182 2 2 0
299.917 0.982358 0.982358 2 2 0
300.417 0.982532 0.982532 2 2 0
300.917 0.982705 0.982705 2 2 0
301.417 0.982875 0.982875 2 2 0
301.917 0.983045 0.983045 2 2 0
302.417 0.983212 0.983212 2 2 0
302.917 0.983378 0.983378 2 2 0
303.417 0.983542 0.983542 2 2 0
303.917 0.983705 0.983705 2 2 0
304.417 0.983866 0.983866 2 2 0
304.917 0.984025 0.984025 2 2 0
305.417 0.984183 0.984183 2 2 0
305.917 0.98434 0.98434 2 2 0
306.417 0.984494 0.984494 2 2 0
306.917 0.984648 0.984648 2 2 0
307.417 0.9848 0.9848 2 2 0
307.917 0.98495 0.98495 2 2 0
308.417 0.985099 0.985099 2 2 0
308.917 0.985246 0.985246 2 2 0
309.417 0.985392 0.985392 2 2 0
309.917 0.985536 0.985536 2 2 0
310.417 0.98568 0.98568 2 2 0
310.917 0.985821 0.985821 2 2 0
311.417 0.985961 0.985961 2 2 0
311.917 0.9861 0.9861 2 2 0
312.417 0.986238 0.986238 2 2 0
312.917 0.986374 0.986374 2 2 0
313.417 0.986509 0.986509 2 2 0
313.917 0.986643 0.986643 2 2 0
314.417 0.986775 0.986775 2 2 0
314.917 0.986906 0.986906 2 2 0
315.417 0.987035 0.987035 2 2 0
315.917 0.987164 0.987164 2 2 0
316.417 0.987291 0.987291 2 2 0
316.917 0.987417 0.987417 2 2 0
317.417 0.987541 0.987541 2 2 0
317.917 0.987665 0.987665 2 2 0
318.417 0.987787 0.987787 2 2 0
318.917 0.987908 0.987908 2 2 0
319.417 0.988027 0.988027 2 2 0
319.917 0.988146 0.988146 2 2 0
320.417 0.988263 0.988263 2 2 0
320.917 0.98838 0.98838 2 2 0
321.417 0.988495 0.988495 2 2 0
321.917 0.988609 0.988609 2 2 0
322.417 0.988722 0.988722 2 2 0
322.917 0.988833 0.988833 2 2 0
323.417 0.988944 0.988944 2 2 0
323.917 0.989054 0.989054 2 2 0
324.417 0.989162 0.989162 2 2 0
324.917 0.98927 0.98927 2 2 0
325.417 0.989376 0.989376 2 2 0
325.917 0.989481 0.989481 2 2 0
326.417 0.989586 0.989586 2 2 0
326.917 0.989689 0.989689 2 2 0
327.417 0.989791 0.989791 2 2 0
327.917 0.989892 0.989892 2 2 0
328.417 0.989992 0.989992 2 2 0
328.917 0.990092 0.990092 2 2 0
329.417 0.99019 0.99019 2 2 0
329.917 0.990287 0.990287 2 2 0
330.417 0.990383 0.990383 2 2 0
330.917 0.990479 0.990479 2 2 0
331.417 0.990573 0.990573 2 2 0
331.917 0.990667 0.990667 2 2 0
332.417 0.990759 0.990759 2 2 0
332.917 0.990851 0.990851 2 2 0
333.417 0.990942 0.990942 2 2 0
333.917 0.991032 0.991032 2 2 0
334.417 0.991121 0.991121 2 2 0
334.917 0.991209 0.991209 2 2 0
335.417 0.991296 0.991296 2 2 0
335.917 0.991382 0.991382 2 2 0
336.417 0.991468 0.991468 2 2 0
336.917 0.991552 0.991552 2 2 0
337.417 0.991636 0.991636 2 2 0
337.917 0.991719 0.991719 2 2 0
338.417 0.991801 0.991801 2 2 0
338.917 0.991883 0.991883 2 2 0
339.417 0.991963 0.991963 2 2 0
339.917 0.992043 0.992043 2 2 0
340.417 0.992122 0.992122 2 2 0
340.917 0.9922 0.9922 2 2 0
341.417 0.992278 0.992278 2 2 0
341.917 0.992354 0.992354 2 2 0
342.417 0.99243 0.99243 2 2 0
342.917 0.992505 0.992505 2 2 0
342.917 0.992505 0.992505 2 2 0
342.957 0.992511 0.992511 2 2 0
342.997 0.992517 0.992517 2 2 0
343.077 0.992529 0.992529 2 2 0
343.237 0.992553 0.992553 2 2 0
343.557 0.9926 0.9926 2 2 0
344.057 0.992674 0.992674 2 2 0
344.557 0.992747 0.992747 2 2 0
345.057 0.992819 0.992819 2 2 0
345.557 0.99289 0.99289 2 2 0
346.057 0.992961 0.992961 2 2 0
346.557 0.99303 0.99303 2 2 0
347.057 0.9931 0.9931 2 2 0
347.557 0.993168 0.993168 2 2 0
348.057 0.993236 0.993236 2 2 0
348.557 0.993303 0.993303 2 2 0
349.057 0.99337 0.99337 2 2 0
349.557 0.993435 0.993435 2 2 0
350.057 0.993501 0.993501 2 2 0
350.557 0.993565 0.993565 2 2 0
351.057 0.993629 0.993629 2 2 0
351.557 0.993692 0.993692 2 2 0
352.057 0.993755 0.993755 2 2 0
352.557 0.993817 0.993817 2 2 0
353.057 0.993878 0.993878 2 2 0
353.557 0.993939 0.993939 2 2 0
354.057 0.994 0.994 2 2 0
354.557 0.994059 0.994059 2 2 0
355.057 0.994118 0.994118 2 2 0
355.557 0.994177 0.994177 2 2 0
356.057 0.994234 0.994234 2 2 0
356.557 0.994292 0.994292 2 2 0
357.057 0.994348 0.994348 2 2 0
357.557 0.994405 0.994405 2 2 0
358.057 0.99446 0.99446 2 2 0
358.557 0.994515 0.994515 2 2 0
359.057 0.99457 0.99457 2 2 0
359.557 0.994624 0.994624 2 2 0
360.057 0.994677 0.994677 2 2 0
360.557 0.99473 0.99473 2 2 0
361.057 0.994782 0.994782 2 2 0
361.557 0.994834 0.994834 2 2 0
362.057 0.994885 0.994885 2 2 0
362.557 0.994936 0.994936 2 2 0
363.057 0.994987 0.994987 2 2 0
363.557 0.995036 0.995036 2 2 0
364.057 0.995086 0.995086 2 2 0
364.557 0.995135 0.995135 2 2 0
365.057 0.995183 0.995183 2 2 0
365.557 0.995231 0.995231 2 2 0
366.057 0.995278 0.995278 2 2 0
366.557 0.995325 0.995325 2 2 0
367.057 0.995372 0.995372 2 2 0
367.557 0.995418 0.995418 2 2 0
368.057 0.995463 0.995463 2 2 0
368.557 0.995508 0.995508 2 2 0
369.057 0.995553 0.995553 2 2 0
369.557 0.995597 0.995597 2 2 0
370.057 0.995641 0.995641 2 2 0
370.557 0.995684 0.995684 2 2 0
371.057 0.995727 0.995727 2 2 0
371.557 0.99577 0.99577 2 2 0
372.057 0.995812 0.995812 2 2 0
372.557 0.995853 0.995853 2 2 0
373.057 0.995894 0.995894 2 2 0
373.557 0.995935 0.995935 2 2 0
374.057 0.995976 0.995976 2 2 0
374.557 0.996016 0.996016 2 2 0
375.057 0.996055 0.996055 2 2 0
375.557 0.996095 0.996095 2 2 0
376.057 0.996133 0.996133 2 2 0
376.557 0.996172 0.996172 2 2 0
377.057 0.99621 0.99621 2 2 0
377.557 0.996248 0.996248 2 2 0
378.057 0.996285 0.996285 2 2 0
378.557 0.996322 0.996322 2 2 0
379.057 0.996358 0.996358 2 2 0
379.557 0.996395 0.996395 2 2 0
380.057 0.99643 0.99643 2 2 0
380.557 0.996466 0.996466 2 2 0
381.057 0.996501 0.996501 2 2 0
381.557 0.996536 0.996536 2 2 0
382.057 0.99657 0.99657 2 2 0
382.557 0.996604 0.996604 2 2 0
383.057 0.996638 0.996638 2 2 0
383.557 0.996672 0.996672 2 2 0
384.057 0.996705 0.996705 2 2 0
384.557 0.996737 0.996737 2 2 0
385.057 0.99677 0.99677 2 2 0
385.557 0.996802 0.996802 2 2 0
386.057 0.996834 0.996834 2 2 0
386.557 0.996865 0.996865 2 2 0
387.057 0.996896 0.996896 2 2 0
387.557 0.996927 0.996927 2 2 0
388.057 0.996958 0.996958 2 2 0
388.557 0.996988 0.996988 2 2 0
389.057 0.997018 0.997018 2 2 0
389.557 0.997048 0.997048 2 2 0
390.057 0.997077 0.997077 2 2 0
390.557 0.997106 0.997106 2 2 0
391.057 0.997135 0.997135 2 2 0
391.557 0.997163 0.997163 2 2 0
392.057 0.997192 0.997192 2 2 0
392.557 0.99722 0.99722 2 2 0
393.057 0.997247 0.997247 2 2 0
393.557 0.997275 0.997275 2 2 0
394.057 0.997302 0.997302 2 2 0
394.557 0.997329 0.997329 2 2 0
395.057 0.997355 0.997355 2 2 0
395.557 0.997381 0.997381 2 2 0
396.057 0.997407 0.997407 2 2 0
396.557 0.997433 0.997433 2 2 0
397.057 0.997459 0.997459 2 2 0
397.557 0.997484 0.997484 2 2 0
398.057 0.997509 0.997509 2 2 0
398.557 0.997534 0.997534 2 2 0
399.057 0.997558 0.997558 2 2 0
399.557 0.997583 0.997583 2 2 0
400.057 0.997607 0.997607 2 2 0
400.557 0.99763 0.99763 2 2 0
401.057 0.997654 0.997654 2 2 0
401.557 0.997677 0.997677 2 2 0
402.057 0.997701 0.997701 2 2 0
402.557 0.997723 0.997723 2 2 0
403.057 0.997746 0.997746 2 2 0
403.557 0.997768 0.997768 2 2 0
404.057 0.997791 0.997791 2 2 0
404.557 0.997813 0.997813 2 2 0
405.057 0.997834 0.997834 2 2 0
405.557 0.997856 0.997856 2 2 0
406.057 0.997877 0.997877 2 2 0
406.557 0.997898 0.997898 2 2 0
407.057 0.997919 0.997919 2 2 0
407.557 0.99794 0.99794 2 2 0
408.057 0.99796 0.99796 2 2 0
408.557 0.997981 0.997981 2 2 0
409.057 0.998001 0.998001 2 2 0
409.557 0.998021 0.998021 2 2 0
410.057 0.99804 0.99804 2 2 0
410.557 0.99806 0.99806 2 2 0
411.057 0.998079 0.998079 2 2 0
411.557 0.998098 0.998098 2 2 0
412.057 0.998117 0.998117 2 2 0
412.557 0.998136 0.998136 2 2 0
413.057 0.998154 0.998154 2 2 0
413.557 0.998173 0.998173 2 2 0
414.057 0.998191 0.998191 2 2 0
414.557 0.998209 0.998209 2 2 0
415.057 0.998227 0.998227 2 2 0
415.557 0.998244 0.998244 2 2 0
416.057 0.998262 0.998262 2 2 0
416.557 0.998279 0.998279 2 2 0
417.057 0.998296 0.998296 2 2 0
417.557 0.998313 0.998313 2 2 0
418.057 0.99833 0.99833 2 2 0
418.557 0.998347 0.998347 2 2 0
419.057 0.998363 0.998363 2 2 0
419.557 0.998379 0.998379 2 2 0
420.057 0.998396 0.998396 2 2 0
420.557 0.998412 0.998412 2 2 0
421.057 0.998427 0.998427 2 2 0
421.557 0.998443 0.998443 2 2 0
422.057 0.998458 0.998458 2 2 0
422.557 0.998474 0.998474 2 2 0
423.057 0.998489 0.998489 2 2 0
423.557 0.998504 0.998504 2 2 0
424.057 0.998519 0.998519 2 2 0
424.557 0.998534 0.998534 2 2 0
425.057 0.998548 0.998548 2 2 0
425.557 0.998563 0.998563 2 2 0
426.057 0.998577 0.998577 2 2 0
426.557 0.998591 0.998591 2 2 0
427.057 0.998605 0.998605 2 2 0
427.557 0.998619 0.998619 2 2 0
428.057 0.998633 0.998633 2 2 0
428.557 0.998646 0.998646 2 2 0
429.057 0.99866 0.99866 2 2 0
429.557 0.998673 0.998673 2 2 0
430.057 0.998686 0.998686 2 2 0
430.557 0.998699 0.998699 2 2 0
431.057 0.998712 0.998712 2 2 0
431.557 0.998725 0.998725 2 2 0
432.057 0.998738 0.998738 2 2 0
432.557 0.99875 0.99875 2 2 0
433.057 0.998763 0.998763 2 2 0
433.557 0.998775 0.998775 2 2 0
434.057 0.998787 0.998787 2 2 0
434.557 0.998799 0.998799 2 2 0
435.057 0.998811 0.998811 2 2 0
435.557 0.998823 0.998823 2 2 0
436.057 0.998835 0.998835 2 2 0
436.557 0.998846 0.998846 2 2 0
437.057 0.998858 0.998858 2 2 0
437.557 0.998869 0.998869 2 2 0
438.057 0.998881 0.998881 2 2 0
438.557 0.998892 0.998892 2 2 0
439.057 0.998903 0.998903 2 2 0
439.557 0.998914 0.998914 2 2 0
440.057 0.998924 0.998924 2 2 0
440.557 0.998935 0.998935 2 2 0
440.557 0.998935 0.998935 2 2 0
440.597 0.998936 0.998936 2 2 0
440.637 0.998937 0.998937 2 2 0
440.717 0.998939 0.998939 2 2 0
440.877 0.998942 0.998942 2 2 0
441.197 0.998949 0.998949 2 2 0
441.697 0.998959 0.998959 2 2 0
442.197 0.99897 0.99897 2 2 0
442.697 0.99898 0.99898 2 2 0
443.197 0.99899 0.99899 2 2 0
443.697 0.999 0.999 2 2 0
444.197 0.99901 0.99901 2 2 0
444.697 0.99902 0.99902 2 2 0
445.197 0.99903 0.99903 2 2 0
445.697 0.999039 0.999039 2 2 0
446.197 0.999049 0.999049 2 2 0
446.697 0.999058 0.999058 2 2 0
447.197 0.999068 0.999068 2 2 0
447.697 0.999077 0.999077 2 2 0
448.197 0.999086 0.999086 2 2 0
448.697 0.999095 0.999095 2 2 0
449.197 0.999104 0.999104 2 2 0
449.697 0.999113 0.999113 2 2 0
450.197 0.999122 0.999122 2 2 0
450.697 0.999131 0.999131 2 2 0
451.197 0.999139 0.999139 2 2 0
451.697 0.999148 0.999148 2 2 0
452.197 0.999156 0.999156 2 2 0
452.697 0.999165 0.999165 2 2 0
453.197 0.999173 0.999173 2 2 0
453.697 0.999181 0.999181 2 2 0
454.197 0.999189 0.999189 2 2 0
454.697 0.999197 0.999197 2 2 0
455.197 0.999205 0.999205 2 2 0
455.697 0.999213 0.999213 2 2 0
456.197 0.999221 0.999221 2 2 0
456.697 0.999229 0.999229 2 2 0
457.197 0.999237 0.999237 2 2 0
457.697 0.999244 0.999244 2 2 0
458.197 0.999252 0.999252 2 2 0
458.697 0.999259 0.999259 2 2 0
459.197 0.999267 0.999267 2 2 0
459.697 0.999274 0.999274 2 2 0
460.197 0.999281 0.999281 2 2 0
460.697 0.999288 0.999288 2 2 0
461.197 0.999295 0.999295 2 2 0
461.697 0.999302 0.999302 2 2 0
462.197 0.999309 0.999309 2 2 0
462.697 0.999316 0.999316 2 2 0
463.197 0.999323 0.999323 2 2 0
463.697 0.99933 0.99933 2 2 0
464.197 0.999336 0.999336 2 2 0
464.697 0.999343 0.999343 2 2 0
465.197 0.999349 0.999349 2 2 0
465.697 0.999356 0.999356 2 2 0
466.197 0.999362 0.999362 2 2 0
466.697 0.999369 0.999369 2 2 0
467.197 0.999375 0.999375 2 2 0
467.697 0.999381 0.999381 2 2 0
468.197 0.999387 0.999387 2 2 0
468.697 0.999393 0.999393 2 2 0
469.197 0.999399 0.999399 2 2 0
469.697 0.999405 0.999405 2 2 0
470.197 0.999411 0.999411 2 2 0
470.697 0.999417 0.999417 2 2 0
471.197 0.999423 0.999423 2 2 0
471.697 0.999429 0.999429 2 2 0
472.197 0.999434 0.999434 2 2 0
472.697 0.99944 0.99944 2 2 0
473.197 0.999446 0.999446 2 2 0
473.697 0.999451 0.999451 2 2 0
474.197 0.999457 0.999457 2 2 0
474.697 0.999462 0.999462 2 2 0
475.197 0.999467 0.999467 2 2 0
475.697 0.999473 0.999473 2 2 0
476.197 0.999478 0.999478 2 2 0
476.697 0.999483 0.999483 2 2 0
477.197 0.999488 0.999488 2 2 0
477.697 0.999493 0.999493 2 2 0
478.197 0.999498 0.999498 2 2 0
478.697 0.999503 0.999503 2 2 0
479.197 0.999508 0.999508 2 2 0
479.697 0.999513 0.999513 2 2 0
480.197 0.999518 0.999518 2 2 0
480.697 0.999523 0.999523 2 2 0
481.197 0.999528 0.999528 2 2 0
481.697 0.999532 0.999532 2 2 0
482.197 0.999537 0.999537 2 2 0
482.697 0.999542 0.999542 2 2 0
483.197 0.999546 0.999546 2 2 0
483.697 0.999551 0.999551 2 2 0
484.197 0.999555 0.999555 2 2 0
484.697 0.99956 0.99956 2 2 0
485.197 0.999564 0.999564 2 2 0
485.697 0.999568 0.999568 2 2 0
486.197 0.999573 0.999573 2 2 0
486.697 0.999577 0.999577 2 2 0
487.197 0.999581 0.999581 2 2 0
487.697 0.999585 0.999585 2 2 0
488.197 0.999589 0.999589 2 2 0
488.697 0.999593 0.999593 2 2 0
489.197 0.999597 0.999597 2 2 0
489.697 0.999601 0.999601 2 2 0
490.197 0.999605 0.999605 2 2 0
490.697 0.999609 0.999609 2 2 0
491.197 0.999613 0.999613 2 2 0
491.697 0.999617 0.999617 2 2 0
492.197 0.999621 0.999621 2 2 0
492.697 0.999625 0.999625 2 2 0
493.197 0.999628 0.999628 2 2 0
493.697 0.999632 0.999632 2 2 0
494.197 0.999636 0.999636 2 2 0
494.697 0.999639 0.999639 2 2 0
495.197 0.999643 0.999643 2 2 0
495.697 0.999647 0.999647 2 2 0
496.197 0.99965 0.99965 2 2 0
496.697 0.999654 0.999654 2 2 0
497.197 0.999657 0.999657 2 2 0
497.697 0.99966 0.99966 2 2 0
498.197 0.999664 0.999664 2 2 0
498.697 0.999667 0.999667 2 2 0
499.197 0.99967 0.99967 2 2 0
499.697 0.999674 0.999674 2 2 0
500.197 0.999677 0.999677 2 2 0
500.697 0.99968 0.99968 2 2 0
501.197 0.999683 0.999683 2 2 0
501.697 0.999687 0.999687 2 2 0
502.197 0.99969 0.99969 2 2 0
502.697 0.999693 0.999693 2 2 0
503.197 0.999696 0.999696 2 2 0
503.697 0.999699 0.999699 2 2 0
504.197 0.999702 0.999702 2 2 0
504.697 0.999705 0.999705 2 2 0
505.197 0.999708 0.999708 2 2 0
505.697 0.999711 0.999711 2 2 0
506.197 0.999713 0.999713 2 2 0
506.697 0.999716 0.999716 2 2 0
507.197 0.999719 0.999719 2 2 0
507.697 0.999722 0.999722 2 2 0
508.197 0.999725 0.999725 2 2 0
508.697 0.999727 0.999727 2 2 0
509.197 0.99973 0.99973 2 2 0
509.697 0.999733 0.999733 2 2 0
510.197 0.999736 0.999736 2 2 0
510.697 0.999738 0.999738 2 2 0
511.197 0.999741 0.999741 2 2 0
511.697 0.999743 0.999743 2 2 0
512.197 0.999746 0.999746 2 2 0
512.697 0.999748 0.999748 2 2 0
513.197 0.999751 0.999751 2 2 0
513.697 0.999753 0.999753 2 2 0
514.197 0.999756 0.999756 2 2 0
514.697 0.999758 0.999758 2 2 0
515.197 0.999761 0.999761 2 2 0
515.697 0.999763 0.999763 2 2 0
516.197 0.999765 0.999765 2 2 0
516.697 0.999768 0.999768 2 2 0
517.197 0.99977 0.99977 2 2 0
517.697 0.999772 0.999772 2 2 0
518.197 0.999775 0.999775 2 2 0
518.697 0.999777 0.999777 2 2 0
519.197 0.999779 0.999779 2 2 0
519.697 0.999781 0.999781 2 2 0
520.197 0.999783 0.999783 2 2 0
520.697 0.999786 0.999786 2 2 0
521.197 0.999788 0.999788 2 2 0
521.697 0.99979 0.99979 2 2 0
522.197 0.999792 0.999792 2 2 0
522.697 0.999794 0.999794 2 2 0
523.197 0.999796 0.999796 2 2 0
523.697 0.999798 0.999798 2 2 0
524.197 0.9998 0.9998 2 2 0
524.697 0.999802 0.999802 2 2 0
525.197 0.999804 0.999804 2 2 0
525.697 0.999806 0.999806 2 2 0
526.197 0.999808 0.999808 2 2 0
526.697 0.99981 0.99981 2 2 0
527.197 0.999812 0.999812 2 2 0
527.697 0.999814 0.999814 2 2 0
528.197 0.999815 0.999815 2 2 0
528.697 0.999817 0.999817 2 2 0
529.197 0.999819 0.999819 2 2 0
529.697 0.999821 0.999821 2 2 0
530.197 0.999823 0.999823 2 2 0
530.697 0.999824 0.999824 2 2 0
531.197 0.999826 0.999826 2 2 0
531.697 0.999828 0.999828 2 2 0
532.197 0.99983 0.99983 2 2 0
532.697 0.999831 0.999831 2 2 0
533.197 0.999833 0.999833 2 2 0
533.697 0.999835 0.999835 2 2 0
534.197 0.999836 0.999836 2 2 0
534.697 0.999838 0.999838 2 2 0
535.197 0.99984 0.99984 2 2 0
535.697 0.999841 0.999841 2 2 0
536.197 0.999843 0.999843 2 2 0
536.697 0.999844 0.999844 2 2 0
537.197 0.999846 0.999846 2 2 0
537.697 0.999847 0.999847 2 2 0
538.197 0.999849 0.999849 2 2 0
538.197 0.999849 0.999849 2 2 0
538.237 0.999849 0.999849 2 2 0
538.277 0.999849 0.999849 2 2 0
538.357 0.999849 0.999849 2 2 0
538.517 0.99985 0.99985 2 2 0
538.837 0.999851 0.999851 2 2 0
539.337 0.999852 0.999852 2 2 0
539.837 0.999854 0.999854 2 2 0
540.337 0.999855 0.999855 2 2 0
540.837 0.999857 0.999857 2 2 0
541.337 0.999858 0.999858 2 2 0
541.837 0.99986 0.99986 2 2 0
542.337 0.999861 0.999861 2 2 0
542.837 0.999862 0.999862 2 2 0
543.337 0.999864 0.999864 2 2 0
543.837 0.999865 0.999865 2 2 0
544.337 0.999866 0.999866 2 2 0
544.837 0.999868 0.999868 2 2 0
545.337 0.999869 0.999869 2 2 0
545.837 0.99987 0.99987 2 2 0
546.337 0.999872 0.999872 2 2 0
546.837 0.999873 0.999873 2 2 0
547.337 0.999874 0.999874 2 2 0
547.837 0.999875 0.999875 2 2 0
548.337 0.999877 0.999877 2 2 0
548.837 0.999878 0.999878 2 2 0
549.337 0.999879 0.999879 2 2 0
549.837 0.99988 0.99988 2 2 0
550.337 0.999881 0.999881 2 2 0
550.837 0.999883 0.999883 2 2 0
551.337 0.999884 0.999884 2 2 0
551.837 0.999885 0.999885 2 2 0
552.337 0.999886 0.999886 2 2 0
552.837 0.999887 0.999887 2 2 0
553.337 0.999888 0.999888 2 2 0
553.837 0.99989 0.99989 2 2 0
554.337 0.999891 0.999891 2 2 0
554.837 0.999892 0.999892 2 2 0
555.337 0.999893 0.999893 2 2 0
555.837 0.999894 0.999894 2 2 0
556.337 0.999895 0.999895 2 2 0
556.837 0.999896 0.999896 2 2 0
557.337 0.999897 0.999897 2 2 0
557.837 0.999898 0.999898 2 2 0
558.337 0.999899 0.999899 2 2 0
558.837 0.9999 0.9999 2 2 0
559.337 0.999901 0.999901 2 2 0
559.837 0.999902 0.999902 2 2 0
560.337 0.999903 0.999903 2 2 0
560.837 0.999904 0.999904 2 2 0
561.337 0.999905 0.999905 2 2 0
561.837 0.999906 0.999906 2 2 0
562.337 0.999907 0.999907 2 2 0
562.837 0.999908 0.999908 2 2 0
563.337 0.999909 0.999909 2 2 0
563.837 0.99991 0.99991 2 2 0
564.337 0.99991 0.99991 2 2 0
564.837 0.999911 0.999911 2 2 0
565.337 0.999912 0.999912 2 2 0
565.837 0.999913 0.999913 2 2 0
566.337 0.999914 0.999914 2 2 0
566.837 0.999915 0.999915 2 2 0
567.337 0.999916 0.999916 2 2 0
567.837 0.999916 0.999916 2 2 0
568.337 0.999917 0.999917 2 2 0
568.837 0.999918 0.999918 2 2 0
569.337 0.999919 0.999919 2 2 0
569.837 0.99992 0.99992 2 2 0
570.337 0.999921 0.999921 2 2 0
570.837 0.999921 0.999921 2 2 0
571.337 0.999922 0.999922 2 2 0
571.837 0.999923 0.999923 2 2 0
572.337 0.999924 0.999924 2 2 0
572.837 0.999924 0.999924 2 2 0
573.337 0.999925 0.999925 2 2 0
573.837 0.999926 0.999926 2 2 0
574.337 0.999927 0.999927 2 2 0
574.837 0.999927 0.999927 2 2 0
575.337 0.999928 0.999928 2 2 0
575.837 0.999929 0.999929 2 2 0
576.337 0.99993 0.99993 2 2 0
576.837 0.99993 0.99993 2 2 0
577.337 0.999931 0.999931 2 2 0
577.837 0.999932 0.999932 2 2 0
578.337 0.999932 0.999932 2 2 0
578.837 0.999933 0.999933 2 2 0
579.337 0.999934 0.999934 2 2 0
579.837 0.999934 0.999934 2 2 0
580.337 0.999935 0.999935 2 2 0
580.837 0.999936 0.999936 2 2 0
581.337 0.999936 0.999936 2 2 0
581.837 0.999937 0.999937 2 2 0
582.337 0.999938 0.999938 2 2 0
582.837 0.999938 0.999938 2 2 0
583.337 0.999939 0.999939 2 2 0
583.837 0.999939 0.999939 2 2 0
584.337 0.99994 0.99994 2 2 0
584.837 0.999941 0.999941 2 2 0
585.337 0.999941 0.999941 2 2 0
585.837 0.999942 0.999942 2 2 0
586.337 0.999942 0.999942 2 2 0
586.837 0.999943 0.999943 2 2 0
587.337 0.999943 0.999943 2 2 0
587.837 0.999944 0.999944 2 2 0
588.337 0.999945 0.999945 2 2 0
588.837 0.999945 0.999945 2 2 0
589.337 0.999946 0.999946 2 2 0
589.837 0.999946 0.999946 2 2 0
590.337 0.999947 0.999947 2 2 0
590.837 0.999947 0.999947 2 2 0
591.337 0.999948 0.999948 2 2 0
591.837 0.999948 0.999948 2 2 0
592.337 0.999949 0.999949 2 2 0
592.837 0.999949 0.999949 2 2 0
593.337 0.99995 0.99995 2 2 0
593.837 0.99995 0.99995 2 2 0
594.337 0.999951 0.999951 2 2 0
594.837 0.999951 0.999951 2 2 0
595.337 0.999952 0.999952 2 2 0
595.837 0.999952 0.999952 2 2 0
596.337 0.999953 0.999953 2 2 0
596.837 0.999953 0.999953 2 2 0
597.337 0.999954 0.999954 2 2 0
597.837 0.999954 0.999954 2 2 0
598.337 0.999955 0.999955 2 2 0
598.837 0.999955 0.999955 2 2 0
599.337 0.999956 0.999956 2 2 0
599.837 0.999956 0.999956 2 2 0
600.337 0.999956 0.999956 2 2 0
600.837 0.999957 0.999957 2 2 0
601.337 0.999957 0.999957 2 2 0
601.837 0.999958 0.999958 2 2 0
602.337 0.999958 0.999958 2 2 0
602.837 0.999959 0.999959 2 2 0
603.337 0.999959 0.999959 2 2 0
603.837 0.999959 0.999959 2 2 0
604.337 0.99996 0.99996 2 2 0
604.837 0.99996 0.99996 2 2 0
605.337 0.999961 0.999961 2 2 0
605.837 0.999961 0.999961 2 2 0
606.337 0.999961 0.999961 2 2 0
606.837 0.999962 0.999962 2 2 0
607.337 0.999962 0.999962 2 2 0
607.837 0.999962 0.999962 2 2 0
608.337 0.999963 0.999963 2 2 0
608.837 0.999963 0.999963 2 2 0
609.337 0.999964 0.999964 2 2 0
609.837 0.999964 0.999964 2 2 0
610.337 0.999964 0.999964 2 2 0
610.837 0.999965 0.999965 2 2 0
611.337 0.999965 0.999965 2 2 0
611.837 0.999965 0.999965 2 2 0
612.337 0.999966 0.999966 2 2 0
612.837 0.999966 0.999966 2 2 0
613.337 0.999966 0.999966 2 2 0
613.837 0.999967 0.999967 2 2 0
614.337 0.999967 0.999967 2 2 0
614.837 0.999967 0.999967 2 2 0
615.337 0.999968 0.999968 2 2 0
615.837 0.999968 0.999968 2 2 0
616.337 0.999968 0.999968 2 2 0
616.837 0.999969 0.999969 2 2 0
617.337 0.999969 0.999969 2 2 0
617.837 0.999969 0.999969 2 2 0
618.337 0.99997 0.99997 2 2 0
618.837 0.99997 0.99997 2 2 0
619.337 0.99997 0.99997 2 2 0
619.837 0.99997 0.99997 2 2 0
620.337 0.999971 0.999971 2 2 0
620.837 0.999971 0.999971 2 2 0
621.337 0.999971 0.999971 2 2 0
621.837 0.999972 0.999972 2 2 0
622.337 0.999972 0.999972 2 2 0
622.837 0.999972 0.999972 2 2 0
623.337 0.999972 0.999972 2 2 0
623.837 0.999973 0.999973 2 2 0
624.337 0.999973 0.999973 2 2 0
624.837 0.999973 0.999973 2 2 0
625.337 0.999974 0.999974 2 2 0
625.837 0.999974 0.999974 2 2 0
626.337 0.999974 0.999974 2 2 0
626.837 0.999974 0.999974 2 2 0
627.337 0.999975 0.999975 2 2 0
627.837 0.999975 0.999975 2 2 0
628.337 0.999975 0.999975 2 2 0
628.837 0.999975 0.999975 2 2 0
629.337 0.999976 0.999976 2 2 0
629.837 0.999976 0.999976 2 2 0
630.337 0.999976 0.999976 2 2 0
630.837 0.999976 0.999976 2 2 0
631.337 0.999977 0.999977 2 2 0
631.837 0.999977 0.999977 2 2 0
632.337 0.999977 0.999977 2 2 0
632.837 0.999977 0.999977 2 2 0
633.337 0.999977 0.999977 2 2 0
633.837 0.999978 0.999978 2 2 0
634.337 0.999978 0.999978 2 2 0
634.837 0.999978 0.999978 2 2 0
635.337 0.999978 0.999978 2 2 0
635.837 0.999979 0.999979 2 2 0
