225.206 0.285714 0.285714 2 1 0
225.246 0.285714 0.285714 1 1 0
225.286 0.285714 0.285714 1 1 0
225.366 0.285714 0.285714 1 1 0
225.466 0.285714 0.285714 1 1 0
225.566 0.285714 0.285714 1 1 0
225.666 0.285714 0.285714 1 1 0
225.766 0.285714 0.285714 1 1 0
225.866 0.285714 0.285714 1 1 0
225.966 0.285714 0.285714 1 1 0
226.066 0.285714 0.285714 1 1 0
226.166 0.285714 0.285714 1 1 0
226.266 0.285714 0.285714 1 1 0
226.366 0.285714 0.285714 1 1 0
226.466 0.285714 0.285714 1 1 0
226.566 0.285714 0.285714 1 1 0
226.666 0.285714 0.285714 1 1 0
226.766 0.285714 0.285714 1 1 0
226.866 0.285714 0.285714 1 1 0
226.966 0.285714 0.285714 1 1 0
227.066 0.285714 0.285714 1 1 0
227.166 0.285714 0.285714 1 1 0
227.266 0.285714 0.285714 1 1 0
227.366 0.285714 0.285714 1 1 0
227.466 0.285714 0.285714 1 1 0
227.566 0.285714 0.285714 1 1 0
227.666 0.285714 0.285714 1 1 0
227.766 0.285714 0.285714 1 1 0
227.866 0.285714 0.285714 1 1 0
227.966 0.285714 0.285714 1 1 0
228.066 0.285714 0.285714 1 1 0
228.166 0.285714 0.285714 1 1 0
228.266 0.285714 0.285714 1 1 0
228.366 0.285714 0.285714 1 1 0
228.466 0.285714 0.285714 1 1 0
228.566 0.285714 0.285714 1 1 0
228.666 0.285714 0.285714 1 1 0
228.766 0.285714 0.285714 1 1 0
228.866 0.285714 0.285714 1 1 0
228.966 0.285714 0.285714 1 1 0
229.066 0.285714 0.285714 1 1 0
229.166 0.285714 0.285714 1 1 0
229.266 0.285714 0.285714 1 1 0
229.366 0.285714 0.285714 1 1 0
229.466 0.285714 0.285714 1 1 0
229.566 0.285714 0.285714 1 1 0
229.666 0.285714 0.285714 1 1 0
229.766 0.285714 0.285714 1 1 0
229.866 0.285714 0.285714 1 1 0
229.966 0.285714 0.285714 1 1 0
230.066 0.285714 0.285714 1 1 0
230.166 0.285714 0.285714 1 1 0
230.266 0.285714 0.285714 1 1 0
230.366 0.285714 0.285714 1 1 0
230.466 0.285714 0.285714 1 1 0
230.566 0.285714 0.285714 1 1 0
230.666 0.285714 0.285714 1 1 0
230.766 0.285714 0.285714 1 1 0
230.866 0.285714 0.285714 1 1 0
230.966 0.285714 0.285714 1 1 0
231.066 0.285714 0.285714 1 1 0
231.166 0.285714 0.285714 1 1 0
231.266 0.285714 0.285714 1 1 0
231.366 0.285714 0.285714 1 1 0
231.466 0.285714 0.285714 1 1 0
231.566 0.285714 0.285714 1 1 0
231.666 0.285714 0.285714 1 1 0
231.766 0.285714 0.285714 1 1 0
231.866 0.285714 0.285714 1 1 0
231.966 0.285714 0.285714 1 1 0
232.066 0.285714 0.285714 1 1 0
232.166 0.285714 0.285714 1 1 0
232.266 0.285714 0.285714 1 1 0
232.366 0.285714 0.285714 1 1 0
232.466 0.285714 0.285714 1 1 0
232.566 0.285714 0.285714 1 1 0
232.666 0.285714 0.285714 1 1 0
232.766 0.285714 0.285714 1 1 0
232.866 0.285714 0.285714 1 1 0
232.966 0.285714 0.285714 1 1 0
233.066 0.285714 0.285714 1 1 0
233.166 0.285714 0.285714 1 1 0
233.266 0.285714 0.285714 1 1 0
233.366 0.285714 0.285714 1 1 0
233.466 0.285714 0.285714 1 1 0
233.566 0.285714 0.285714 1 1 0
233.666 0.285714 0.285714 1 1 0
233.766 0.285714 0.285714 1 1 0
233.866 0.285714 0.285714 1 1 0
233.966 0.285714 0.285714 1 1 0
234.066 0.285714 0.285714 1 1 0
234.166 0.285714 0.285714 1 1 0
234.266 0.285714 0.285714 1 1 0
234.366 0.285714 0.285714 1 1 0
234.466 0.285714 0.285714 1 1 0
234.566 0.285714 0.285714 1 1 0
234.666 0.285714 0.285714 1 1 0
234.766 0.285714 0.285714 1 1 0
234.866 0.285714 0.285714 1 1 0
234.966 0.285714 0.285714 1 1 0
235.066 0.285714 0.285714 1 1 0
235.166 0.285714 0.285714 1 1 0
235.266 0.285714 0.285714 1 1 0
235.366 0.285714 0.285714 1 1 0
235.466 0.285714 0.285714 1 1 0
235.566 0.285714 0.285714 1 1 0
235.666 0.285714 0.285714 1 1 0
235.766 0.285714 0.285714 1 1 0
235.866 0.285714 0.285714 1 1 0
235.966 0.285714 0.285714 1 1 0
236.066 0.285714 0.285714 1 1 0
236.166 0.285714 0.285714 1 1 0
236.266 0.285714 0.285714 1 1 0
236.366 0.285714 0.285714 1 1 0
236.466 0.285714 0.285714 1 1 0
236.566 0.285714 0.285714 1 1 0
236.666 0.285714 0.285714 1 1 0
236.766 0.285714 0.285714 1 1 0
236.866 0.285714 0.285714 1 1 0
236.966 0.285714 0.285714 1 1 0
237.066 0.285714 0.285714 1 1 0
237.166 0.285714 0.285714 1 1 0
237.266 0.285714 0.285714 1 1 0
237.366 0.285714 0.285714 1 1 0
237.466 0.285714 0.285714 1 1 0
237.566 0.285714 0.285714 1 1 0
237.666 0.285714 0.285714 1 1 0
237.766 0.285714 0.285714 1 1 0
237.866 0.285714 0.285714 1 1 0
237.966 0.285714 0.285714 1 1 0
238.066 0.285714 0.285714 1 1 0
238.166 0.285714 0.285714 1 1 0
238.266 0.285714 0.285714 1 1 0
238.366 0.285714 0.285714 1 1 0
238.466 0.285714 0.285714 1 1 0
238.566 0.285714 0.285714 1 1 0
238.666 0.285714 0.285714 1 1 0
238.766 0.285714 0.285714 1 1 0
238.866 0.285714 0.285714 1 1 0
238.966 0.285714 0.285714 1 1 0
239.066 0.285714 0.285714 1 1 0
239.166 0.285714 0.285714 1 1 0
239.266 0.285714 0.285714 1 1 0
239.366 0.285714 0.285714 1 1 0
239.466 0.285714 0.285714 1 1 0
239.566 0.285714 0.285714 1 1 0
239.666 0.285714 0.285714 1 1 0
239.766 0.285714 0.285714 1 1 0
239.866 0.285714 0.285714 1 1 0
239.966 0.285714 0.285714 1 1 0
240.066 0.285714 0.285714 1 1 0
240.166 0.285714 0.285714 1 1 0
240.266 0.285714 0.285714 1 1 0
240.366 0.285714 0.285714 1 1 0
240.466 0.285714 0.285714 1 1 0
240.566 0.285714 0.285714 1 1 0
240.666 0.285714 0.285714 1 1 0
240.766 0.285714 0.285714 1 1 0
240.866 0.285714 0.285714 1 1 0
240.966 0.285714 0.285714 1 1 0
241.066 0.285714 0.285714 1 1 0
241.166 0.285714 0.285714 1 1 0
241.266 0.285714 0.285714 1 1 0
241.366 0.285714 0.285714 1 1 0
241.466 0.285714 0.285714 1 1 0
241.566 0.285714 0.285714 1 1 0
241.666 0.285714 0.285714 1 1 0
241.766 0.285714 0.285714 1 1 0
241.866 0.285714 0.285714 1 1 0
241.966 0.285714 0.285714 1 1 0
242.066 0.285714 0.285714 1 1 0
242.166 0.285714 0.285714 1 1 0
242.266 0.285714 0.285714 1 1 0
242.366 0.285714 0.285714 1 1 0
242.466 0.285714 0.285714 1 1 0
242.566 0.285714 0.285714 1 1 0
242.666 0.285714 0.285714 1 1 0
242.766 0.285714 0.285714 1 1 0
242.866 0.285714 0.285714 1 1 0
242.966 0.285714 0.285714 1 1 0
243.066 0.285714 0.285714 1 1 0
243.166 0.285714 0.285714 1 1 0
243.266 0.285714 0.285714 1 1 0
243.366 0.285714 0.285714 1 1 0
243.466 0.285714 0.285714 1 1 0
243.566 0.285714 0.285714 1 1 0
243.666 0.285714 0.285714 1 1 0
243.766 0.285714 0.285714 1 1 0
243.866 0.285714 0.285714 1 1 0
243.966 0.285714 0.285714 1 1 0
244.066 0.285714 0.285714 1 1 0
244.166 0.285714 0.285714 1 1 0
244.266 0.285714 0.285714 1 1 0
244.366 0.285714 0.285714 1 1 0
244.466 0.285714 0.285714 1 1 0
244.566 0.285714 0.285714 1 1 0
244.666 0.285714 0.285714 1 1 0
244.766 0.285714 0.285714 1 1 0
244.866 0.285714 0.285714 1 1 0
244.966 0.285714 0.285714 1 1 0
244.966 0.285714 0.285714 2 1 0
245.006 0.285714 0.285714 1 1 0
245.046 0.285714 0.285714 1 1 0
245.126 0.285714 0.285714 1 1 0
245.286 0.285714 0.285714 1 1 0
245.606 0.285714 0.285714 1 1 0
246.106 0.285714 0.285714 1 1 0
246.606 0.285714 0.285714 1 1 0
247.106 0.285714 0.285714 1 1 0
247.606 0.285714 0.285714 1 1 0
248.106 0.285714 0.285714 1 1 0
248.606 0.285714 0.285714 1 1 0
249.106 0.285714 0.285714 1 1 0
249.606 0.285714 0.285714 1 1 0
250.106 0.285714 0.285714 1 1 0
250.606 0.285714 0.285714 1 1 0
251.106 0.285714 0.285714 1 1 0
251.606 0.285714 0.285714 1 1 0
252.106 0.285714 0.285714 1 1 0
252.606 0.285714 0.285714 1 1 0
253.106 0.285714 0.285714 1 1 0
253.606 0.285714 0.285714 1 1 0
254.106 0.285714 0.285714 1 1 0
254.606 0.285714 0.285714 1 1 0
255.106 0.285714 0.285714 1 1 0
255.606 0.285714 0.285714 1 1 0
256.106 0.285714 0.285714 1 1 0
256.606 0.285714 0.285714 1 1 0
257.106 0.285714 0.285714 1 1 0
257.606 0.285714 0.285714 1 1 0
258.106 0.285714 0.285714 1 1 0
258.606 0.285714 0.285714 1 1 0
259.106 0.285714 0.285714 1 1 0
259.606 0.285714 0.285714 1 1 0
260.106 0.285714 0.285714 1 1 0
260.606 0.285714 0.285714 1 1 0
261.106 0.285714 0.285714 1 1 0
261.606 0.285714 0.285714 1 1 0
262.106 0.285714 0.285714 1 1 0
262.606 0.285714 0.285714 1 1 0
263.106 0.285714 0.285714 1 1 0
263.606 0.285714 0.285714 1 1 0
264.106 0.285714 0.285714 1 1 0
264.606 0.285714 0.285714 1 1 0
265.106 0.285714 0.285714 1 1 0
265.606 0.285714 0.285714 1 1 0
266.106 0.285714 0.285714 1 1 0
266.606 0.285714 0.285714 1 1 0
267.106 0.285714 0.285714 1 1 0
267.606 0.285714 0.285714 1 1 0
268.106 0.285714 0.285714 1 1 0
268.606 0.285714 0.285714 1 1 0
269.106 0.285714 0.285714 1 1 0
269.606 0.285714 0.285714 1 1 0
270.106 0.285714 0.285714 1 1 0
270.606 0.285714 0.285714 1 1 0
271.106 0.285714 0.285714 1 1 0
271.606 0.285714 0.285714 1 1 0
272.106 0.285714 0.285714 1 1 0
272.606 0.285714 0.285714 1 1 0
273.106 0.285714 0.285714 1 1 0
273.606 0.285714 0.285714 1 1 0
274.106 0.285714 0.285714 1 1 0
274.606 0.285714 0.285714 1 1 0
275.106 0.285714 0.285714 1 1 0
275.606 0.285714 0.285714 1 1 0
276.106 0.285714 0.285714 1 1 0
276.606 0.285714 0.285714 1 1 0
277.106 0.285714 0.285714 1 1 0
277.606 0.285714 0.285714 1 1 0
278.106 0.285714 0.285714 1 1 0
278.606 0.285714 0.285714 1 1 0
279.106 0.285714 0.285714 1 1 0
279.606 0.285714 0.285714 1 1 0
280.106 0.285714 0.285714 1 1 0
280.606 0.285714 0.285714 1 1 0
281.106 0.285714 0.285714 1 1 0
281.606 0.285714 0.285714 1 1 0
282.106 0.285714 0.285714 1 1 0
282.606 0.285714 0.285714 1 1 0
283.106 0.285714 0.285714 1 1 0
283.606 0.285714 0.285714 1 1 0
284.106 0.285714 0.285714 1 1 0
284.606 0.285714 0.285714 1 1 0
285.106 0.285714 0.285714 1 1 0
285.606 0.285714 0.285714 1 1 0
286.106 0.285714 0.285714 1 1 0
286.606 0.285714 0.285714 1 1 0
287.106 0.285714 0.285714 1 1 0
287.606 0.285714 0.285714 1 1 0
288.106 0.285714 0.285714 1 1 0
288.606 0.285714 0.285714 1 1 0
289.106 0.285714 0.285714 1 1 0
289.606 0.285714 0.285714 1 1 0
290.106 0.285714 0.285714 1 1 0
290.606 0.285714 0.285714 1 1 0
291.106 0.285714 0.285714 1 1 0
291.606 0.285714 0.285714 1 1 0
292.106 0.285714 0.285714 1 1 0
292.606 0.285714 0.285714 1 1 0
293.106 0.285714 0.285714 1 1 0
293.606 0.285714 0.285714 1 1 0
294.106 0.285714 0.285714 1 1 0
294.606 0.285714 0.285714 1 1 0
295.106 0.285714 0.285714 1 1 0
295.606 0.285714 0.285714 1 1 0
296.106 0.285714 0.285714 1 1 0
296.606 0.285714 0.285714 1 1 0
297.106 0.285714 0.285714 1 1 0
297.606 0.285714 0.285714 1 1 0
298.106 0.285714 0.285714 1 1 0
298.606 0.285714 0.285714 1 1 0
299.106 0.285714 0.285714 1 1 0
299.606 0.285714 0.285714 1 1 0
300.106 0.285714 0.285714 1 1 0
300.606 0.285714 0.285714 1 1 0
301.106 0.285714 0.285714 1 1 0
301.606 0.285714 0.285714 1 1 0
302.106 0.285714 0.285714 1 1 0
302.606 0.285714 0.285714 1 1 0
303.106 0.285714 0.285714 1 1 0
303.606 0.285714 0.285714 1 1 0
304.106 0.285714 0.285714 1 1 0
304.606 0.285714 0.285714 1 1 0
305.106 0.285714 0.285714 1 1 0
305.606 0.285714 0.285714 1 1 0
306.106 0.285714 0.285714 1 1 0
306.606 0.285714 0.285714 1 1 0
307.106 0.285714 0.285714 1 1 0
307.606 0.285714 0.285714 1 1 0
308.106 0.285714 0.285714 1 1 0
308.606 0.285714 0.285714 1 1 0
309.106 0.285714 0.285714 1 1 0
309.606 0.285714 0.285714 1 1 0
310.106 0.285714 0.285714 1 1 0
310.606 0.285714 0.285714 1 1 0
311.106 0.285714 0.285714 1 1 0
311.606 0.285714 0.285714 1 1 0
312.106 0.285714 0.285714 1 1 0
312.606 0.285714 0.285714 1 1 0
313.106 0.285714 0.285714 1 1 0
313.606 0.285714 0.285714 1 1 0
314.106 0.285714 0.285714 1 1 0
314.606 0.285714 0.285714 1 1 0
315.106 0.285714 0.285714 1 1 0
315.606 0.285714 0.285714 1 1 0
316.106 0.285714 0.285714 1 1 0
316.606 0.285714 0.285714 1 1 0
317.106 0.285714 0.285714 1 1 0
317.606 0.285714 0.285714 1 1 0
318.106 0.285714 0.285714 1 1 0
318.606 0.285714 0.285714 1 1 0
319.106 0.285714 0.285714 1 1 0
319.606 0.285714 0.285714 1 1 0
320.106 0.285714 0.285714 1 1 0
320.606 0.285714 0.285714 1 1 0
321.106 0.285714 0.285714 1 1 0
321.606 0.285714 0.285714 1 1 0
322.106 0.285714 0.285714 1 1 0
322.606 0.285714 0.285714 1 1 0
323.106 0.285714 0.285714 1 1 0
323.606 0.285714 0.285714 1 1 0
324.106 0.285714 0.285714 1 1 0
324.606 0.285714 0.285714 1 1 0
325.106 0.285714 0.285714 1 1 0
325.606 0.285714 0.285714 1 1 0
326.106 0.285714 0.285714 1 1 0
326.606 0.285714 0.285714 1 1 0
327.106 0.285714 0.285714 1 1 0
327.606 0.285714 0.285714 1 1 0
328.106 0.285714 0.285714 1 1 0
328.606 0.285714 0.285714 1 1 0
329.106 0.285714 0.285714 1 1 0
329.606 0.285714 0.285714 1 1 0
330.106 0.285714 0.285714 1 1 0
330.606 0.285714 0.285714 1 1 0
331.106 0.285714 0.285714 1 1 0
331.606 0.285714 0.285714 1 1 0
332.106 0.285714 0.285714 1 1 0
332.606 0.285714 0.285714 1 1 0
333.106 0.285714 0.285714 1 1 0
333.606 0.285714 0.285714 1 1 0
334.106 0.285714 0.285714 1 1 0
334.606 0.285714 0.285714 1 1 0
335.106 0.285714 0.285714 1 1 0
335.606 0.285714 0.285714 1 1 0
336.106 0.285714 0.285714 1 1 0
336.606 0.285714 0.285714 1 1 0
337.106 0.285714 0.285714 1 1 0
337.606 0.285714 0.285714 1 1 0
338.106 0.285714 0.285714 1 1 0
338.606 0.285714 0.285714 1 1 0
339.106 0.285714 0.285714 1 1 0
339.606 0.285714 0.285714 1 1 0
340.106 0.285714 0.285714 1 1 0
340.606 0.285714 0.285714 1 1 0
341.106 0.285714 0.285714 1 1 0
341.606 0.285714 0.285714 1 1 0
342.106 0.285714 0.285714 1 1 0
342.606 0.285714 0.285714 1 1 0
342.606 0.285714 0.285714 2 1 0
342.646 0.285714 0.285714 1 1 0
342.686 0.285714 0.285714 1 1 0
342.766 0.285714 0.285714 1 1 0
342.926 0.285714 0.285714 1 1 0
343.246 0.285714 0.285714 1 1 0
343.746 0.285714 0.285714 1 1 0
344.246 0.285714 0.285714 1 1 0
344.746 0.285714 0.285714 1 1 0
345.246 0.285714 0.285714 1 1 0
345.746 0.285714 0.285714 1 1 0
346.246 0.285714 0.285714 1 1 0
346.746 0.285714 0.285714 1 1 0
347.246 0.285714 0.285714 1 1 0
347.746 0.285714 0.285714 1 1 0
348.246 0.285714 0.285714 1 1 0
348.746 0.285714 0.285714 1 1 0
349.246 0.285714 0.285714 1 1 0
349.746 0.285714 0.285714 1 1 0
350.246 0.285714 0.285714 1 1 0
350.746 0.285714 0.285714 1 1 0
351.246 0.285714 0.285714 1 1 0
351.746 0.285714 0.285714 1 1 0
352.246 0.285714 0.285714 1 1 0
352.746 0.285714 0.285714 1 1 0
353.246 0.285714 0.285714 1 1 0
353.746 0.285714 0.285714 1 1 0
354.246 0.285714 0.285714 1 1 0
354.746 0.285714 0.285714 1 1 0
355.246 0.285714 0.285714 1 1 0
355.746 0.285714 0.285714 1 1 0
356.246 0.285714 0.285714 1 1 0
356.746 0.285714 0.285714 1 1 0
357.246 0.285714 0.285714 1 1 0
357.746 0.285714 0.285714 1 1 0
358.246 0.285714 0.285714 1 1 0
358.746 0.285714 0.285714 1 1 0
359.246 0.285714 0.285714 1 1 0
359.746 0.285714 0.285714 1 1 0
360.246 0.285714 0.285714 1 1 0
360.746 0.285714 0.285714 1 1 0
361.246 0.285714 0.285714 1 1 0
361.746 0.285714 0.285714 1 1 0
362.246 0.285714 0.285714 1 1 0
362.746 0.285714 0.285714 1 1 0
363.246 0.285714 0.285714 1 1 0
363.746 0.285714 0.285714 1 1 0
364.246 0.285714 0.285714 1 1 0
364.746 0.285714 0.285714 1 1 0
365.246 0.285714 0.285714 1 1 0
365.746 0.285714 0.285714 1 1 0
366.246 0.285714 0.285714 1 1 0
366.746 0.285714 0.285714 1 1 0
367.246 0.285714 0.285714 1 1 0
367.746 0.285714 0.285714 1 1 0
368.246 0.285714 0.285714 1 1 0
368.746 0.285714 0.285714 1 1 0
369.246 0.285714 0.285714 1 1 0
369.746 0.285714 0.285714 1 1 0
370.246 0.285714 0.285714 1 1 0
370.746 0.285714 0.285714 1 1 0
371.246 0.285714 0.285714 1 1 0
371.746 0.285714 0.285714 1 1 0
372.246 0.285714 0.285714 1 1 0
372.746 0.285714 0.285714 1 1 0
373.246 0.285714 0.285714 1 1 0
373.746 0.285714 0.285714 1 1 0
374.246 0.285714 0.285714 1 1 0
374.746 0.285714 0.285714 1 1 0
375.246 0.285714 0.285714 1 1 0
375.746 0.285714 0.285714 1 1 0
376.246 0.285714 0.285714 1 1 0
376.746 0.285714 0.285714 1 1 0
377.246 0.285714 0.285714 1 1 0
377.746 0.285714 0.285714 1 1 0
378.246 0.285714 0.285714 1 1 0
378.746 0.285714 0.285714 1 1 0
379.246 0.285714 0.285714 1 1 0
379.746 0.285714 0.285714 1 1 0
380.246 0.285714 0.285714 1 1 0
380.746 0.285714 0.285714 1 1 0
381.246 0.285714 0.285714 1 1 0
381.746 0.285714 0.285714 1 1 0
382.246 0.285714 0.285714 1 1 0
382.746 0.285714 0.285714 1 1 0
383.246 0.285714 0.285714 1 1 0
383.746 0.285714 0.285714 1 1 0
384.246 0.285714 0.285714 1 1 0
384.746 0.285714 0.285714 1 1 0
385.246 0.285714 0.285714 1 1 0
385.746 0.285714 0.285714 1 1 0
386.246 0.285714 0.285714 1 1 0
386.746 0.285714 0.285714 1 1 0
387.246 0.285714 0.285714 1 1 0
387.746 0.285714 0.285714 1 1 0
388.246 0.285714 0.285714 1 1 0
388.746 0.285714 0.285714 1 1 0
389.246 0.285714 0.285714 1 1 0
389.746 0.285714 0.285714 1 1 0
390.246 0.285714 0.285714 1 1 0
390.746 0.285714 0.285714 1 1 0
391.246 0.285714 0.285714 1 1 0
391.746 0.285714 0.285714 1 1 0
392.246 0.285714 0.285714 1 1 0
392.746 0.285714 0.285714 1 1 0
393.246 0.285714 0.285714 1 1 0
393.746 0.285714 0.285714 1 1 0
394.246 0.285714 0.285714 1 1 0
394.746 0.285714 0.285714 1 1 0
395.246 0.285714 0.285714 1 1 0
395.746 0.285714 0.285714 1 1 0
396.246 0.285714 0.285714 1 1 0
396.746 0.285714 0.285714 1 1 0
397.246 0.285714 0.285714 1 1 0
397.746 0.285714 0.285714 1 1 0
398.246 0.285714 0.285714 1 1 0
398.746 0.285714 0.285714 1 1 0
399.246 0.285714 0.285714 1 1 0
399.746 0.285714 0.285714 1 1 0
400.246 0.285714 0.285714 1 1 0
400.746 0.285714 0.285714 1 1 0
401.246 0.285714 0.285714 1 1 0
401.746 0.285714 0.285714 1 1 0
402.246 0.285714 0.285714 1 1 0
402.746 0.285714 0.285714 1 1 0
403.246 0.285714 0.285714 1 1 0
403.746 0.285714 0.285714 1 1 0
404.246 0.285714 0.285714 1 1 0
404.746 0.285714 0.285714 1 1 0
405.246 0.285714 0.285714 1 1 0
405.746 0.285714 0.285714 1 1 0
406.246 0.285714 0.285714 1 1 0
406.746 0.285714 0.285714 1 1 0
407.246 0.285714 0.285714 1 1 0
407.746 0.285714 0.285714 1 1 0
408.246 0.285714 0.285714 1 1 0
408.746 0.285714 0.285714 1 1 0
409.246 0.285714 0.285714 1 1 0
409.746 0.285714 0.285714 1 1 0
410.246 0.285714 0.285714 1 1 0
410.746 0.285714 0.285714 1 1 0
411.246 0.285714 0.285714 1 1 0
411.746 0.285714 0.285714 1 1 0
412.246 0.285714 0.285714 1 1 0
412.746 0.285714 0.285714 1 1 0
413.246 0.285714 0.285714 1 1 0
413.746 0.285714 0.285714 1 1 0
414.246 0.285714 0.285714 1 1 0
414.746 0.285714 0.285714 1 1 0
415.246 0.285714 0.285714 1 1 0
415.746 0.285714 0.285714 1 1 0
416.246 0.285714 0.285714 1 1 0
416.746 0.285714 0.285714 1 1 0
417.246 0.285714 0.285714 1 1 0
417.746 0.285714 0.285714 1 1 0
418.246 0.285714 0.285714 1 1 0
418.746 0.285714 0.285714 1 1 0
419.246 0.285714 0.285714 1 1 0
419.746 0.285714 0.285714 1 1 0
420.246 0.285714 0.285714 1 1 0
420.746 0.285714 0.285714 1 1 0
421.246 0.285714 0.285714 1 1 0
421.746 0.285714 0.285714 1 1 0
422.246 0.285714 0.285714 1 1 0
422.746 0.285714 0.285714 1 1 0
423.246 0.285714 0.285714 1 1 0
423.746 0.285714 0.285714 1 1 0
424.246 0.285714 0.285714 1 1 0
424.746 0.285714 0.285714 1 1 0
425.246 0.285714 0.285714 1 1 0
425.746 0.285714 0.285714 1 1 0
426.246 0.285714 0.285714 1 1 0
426.746 0.285714 0.285714 1 1 0
427.246 0.285714 0.285714 1 1 0
427.746 0.285714 0.285714 1 1 0
428.246 0.285714 0.285714 1 1 0
428.746 0.285714 0.285714 1 1 0
429.246 0.285714 0.285714 1 1 0
429.746 0.285714 0.285714 1 1 0
430.246 0.285714 0.285714 1 1 0
430.746 0.285714 0.285714 1 1 0
431.246 0.285714 0.285714 1 1 0
431.746 0.285714 0.285714 1 1 0
432.246 0.285714 0.285714 1 1 0
432.746 0.285714 0.285714 1 1 0
433.246 0.285714 0.285714 1 1 0
433.746 0.285714 0.285714 1 1 0
434.246 0.285714 0.285714 1 1 0
434.746 0.285714 0.285714 1 1 0
435.246 0.285714 0.285714 1 1 0
435.746 0.285714 0.285714 1 1 0
436.246 0.285714 0.285714 1 1 0
436.746 0.285714 0.285714 1 1 0
437.246 0.285714 0.285714 1 1 0
437.746 0.285714 0.285714 1 1 0
438.246 0.285714 0.285714 1 1 0
438.746 0.285714 0.285714 1 1 0
439.246 0.285714 0.285714 1 1 0
439.746 0.285714 0.285714 1 1 0
440.246 0.285714 0.285714 1 1 0
225.206 0.285714 0.285714 2 1 0
225.246 0.285714 0.285714 1 1 0
225.286 0.285714 0.285714 1 1 0
225.366 0.285714 0.285714 1 1 0
225.526 0.285714 0.285714 1 1 0
225.846 0.285714 0.285714 1 1 0
226.346 0.285714 0.285714 1 1 0
226.846 0.285714 0.285714 1 1 0
227.346 0.285714 0.285714 1 1 0
227.846 0.285714 0.285714 1 1 0
228.346 0.285714 0.285714 1 1 0
228.846 0.285714 0.285714 1 1 0
229.346 0.285714 0.285714 1 1 0
229.846 0.285714 0.285714 1 1 0
230.346 0.285714 0.285714 1 1 0
230.846 0.285714 0.285714 1 1 0
231.346 0.285714 0.285714 1 1 0
231.846 0.285714 0.285714 1 1 0
232.346 0.285714 0.285714 1 1 0
232.846 0.285714 0.285714 1 1 0
233.346 0.285714 0.285714 1 1 0
233.846 0.285714 0.285714 1 1 0
234.346 0.285714 0.285714 1 1 0
234.846 0.285714 0.285714 1 1 0
235.346 0.285714 0.285714 1 1 0
235.846 0.285714 0.285714 1 1 0
236.346 0.285714 0.285714 1 1 0
236.846 0.285714 0.285714 1 1 0
237.346 0.285714 0.285714 1 1 0
237.846 0.285714 0.285714 1 1 0
238.346 0.285714 0.285714 1 1 0
238.846 0.285714 0.285714 1 1 0
239.346 0.285714 0.285714 1 1 0
239.846 0.285714 0.285714 1 1 0
240.346 0.285714 0.285714 1 1 0
240.846 0.285714 0.285714 1 1 0
241.346 0.285714 0.285714 1 1 0
241.846 0.285714 0.285714 1 1 0
242.346 0.285714 0.285714 1 1 0
242.846 0.285714 0.285714 1 1 0
243.346 0.285714 0.285714 1 1 0
243.846 0.285714 0.285714 1 1 0
244.346 0.285714 0.285714 1 1 0
244.846 0.285714 0.285714 1 1 0
245.346 0.285714 0.285714 1 1 0
245.846 0.285714 0.285714 1 1 0
246.346 0.285714 0.285714 1 1 0
246.846 0.285714 0.285714 1 1 0
247.346 0.285714 0.285714 1 1 0
247.846 0.285714 0.285714 1 1 0
248.346 0.285714 0.285714 1 1 0
248.846 0.285714 0.285714 1 1 0
249.346 0.285714 0.285714 1 1 0
249.846 0.285714 0.285714 1 1 0
250.346 0.285714 0.285714 1 1 0
250.846 0.285714 0.285714 1 1 0
251.346 0.285714 0.285714 1 1 0
251.846 0.285714 0.285714 1 1 0
252.346 0.285714 0.285714 1 1 0
252.846 0.285714 0.285714 1 1 0
253.346 0.285714 0.285714 1 1 0
253.846 0.285714 0.285714 1 1 0
254.346 0.285714 0.285714 1 1 0
254.846 0.285714 0.285714 1 1 0
255.346 0.285714 0.285714 1 1 0
255.846 0.285714 0.285714 1 1 0
256.346 0.285714 0.285714 1 1 0
256.846 0.285714 0.285714 1 1 0
257.346 0.285714 0.285714 1 1 0
257.846 0.285714 0.285714 1 1 0
258.346 0.285714 0.285714 1 1 0
258.846 0.285714 0.285714 1 1 0
259.346 0.285714 0.285714 1 1 0
259.846 0.285714 0.285714 1 1 0
260.346 0.285714 0.285714 1 1 0
260.846 0.285714 0.285714 1 1 0
261.346 0.285714 0.285714 1 1 0
261.846 0.285714 0.285714 1 1 0
262.346 0.285714 0.285714 1 1 0
262.846 0.285714 0.285714 1 1 0
263.346 0.285714 0.285714 1 1 0
263.846 0.285714 0.285714 1 1 0
264.346 0.285714 0.285714 1 1 0
264.846 0.285714 0.285714 1 1 0
265.346 0.285714 0.285714 1 1 0
265.846 0.285714 0.285714 1 1 0
266.346 0.285714 0.285714 1 1 0
266.846 0.285714 0.285714 1 1 0
267.346 0.285714 0.285714 1 1 0
267.846 0.285714 0.285714 1 1 0
268.346 0.285714 0.285714 1 1 0
268.846 0.285714 0.285714 1 1 0
269.346 0.285714 0.285714 1 1 0
269.846 0.285714 0.285714 1 1 0
270.346 0.285714 0.285714 1 1 0
270.846 0.285714 0.285714 1 1 0
271.346 0.285714 0.285714 1 1 0
271.846 0.285714 0.285714 1 1 0
272.346 0.285714 0.285714 1 1 0
272.846 0.285714 0.285714 1 1 0
273.346 0.285714 0.285714 1 1 0
273.846 0.285714 0.285714 1 1 0
274.346 0.285714 0.285714 1 1 0
274.846 0.285714 0.285714 1 1 0
275.346 0.285714 0.285714 1 1 0
275.846 0.285714 0.285714 1 1 0
276.346 0.285714 0.285714 1 1 0
276.846 0.285714 0.285714 1 1 0
277.346 0.285714 0.285714 1 1 0
277.846 0.285714 0.285714 1 1 0
278.346 0.285714 0.285714 1 1 0
278.846 0.285714 0.285714 1 1 0
279.346 0.285714 0.285714 1 1 0
279.846 0.285714 0.285714 1 1 0
280.346 0.285714 0.285714 1 1 0
280.846 0.285714 0.285714 1 1 0
281.346 0.285714 0.285714 1 1 0
281.846 0.285714 0.285714 1 1 0
282.346 0.285714 0.285714 1 1 0
282.846 0.285714 0.285714 1 1 0
283.346 0.285714 0.285714 1 1 0
283.846 0.285714 0.285714 1 1 0
284.346 0.285714 0.285714 1 1 0
284.846 0.285714 0.285714 1 1 0
285.346 0.285714 0.285714 1 1 0
285.846 0.285714 0.285714 1 1 0
286.346 0.285714 0.285714 1 1 0
286.846 0.285714 0.285714 1 1 0
287.346 0.285714 0.285714 1 1 0
287.846 0.285714 0.285714 1 1 0
288.346 0.285714 0.285714 1 1 0
288.846 0.285714 0.285714 1 1 0
289.346 0.285714 0.285714 1 1 0
289.846 0.285714 0.285714 1 1 0
290.346 0.285714 0.285714 1 1 0
290.846 0.285714 0.285714 1 1 0
291.346 0.285714 0.285714 1 1 0
291.846 0.285714 0.285714 1 1 0
292.346 0.285714 0.285714 1 1 0
292.846 0.285714 0.285714 1 1 0
293.346 0.285714 0.285714 1 1 0
293.846 0.285714 0.285714 1 1 0
294.346 0.285714 0.285714 1 1 0
294.846 0.285714 0.285714 1 1 0
295.346 0.285714 0.285714 1 1 0
295.846 0.285714 0.285714 1 1 0
296.346 0.285714 0.285714 1 1 0
296.846 0.285714 0.285714 1 1 0
297.346 0.285714 0.285714 1 1 0
297.846 0.285714 0.285714 1 1 0
298.346 0.285714 0.285714 1 1 0
298.846 0.285714 0.285714 1 1 0
299.346 0.285714 0.285714 1 1 0
299.846 0.285714 0.285714 1 1 0
300.346 0.285714 0.285714 1 1 0
300.846 0.285714 0.285714 1 1 0
301.346 0.285714 0.285714 1 1 0
301.846 0.285714 0.285714 1 1 0
302.346 0.285714 0.285714 1 1 0
302.846 0.285714 0.285714 1 1 0
303.346 0.285714 0.285714 1 1 0
303.846 0.285714 0.285714 1 1 0
304.346 0.285714 0.285714 1 1 0
304.846 0.285714 0.285714 1 1 0
305.346 0.285714 0.285714 1 1 0
305.846 0.285714 0.285714 1 1 0
306.346 0.285714 0.285714 1 1 0
306.846 0.285714 0.285714 1 1 0
307.346 0.285714 0.285714 1 1 0
307.846 0.285714 0.285714 1 1 0
308.346 0.285714 0.285714 1 1 0
308.846 0.285714 0.285714 1 1 0
309.346 0.285714 0.285714 1 1 0
309.846 0.285714 0.285714 1 1 0
310.346 0.285714 0.285714 1 1 0
310.846 0.285714 0.285714 1 1 0
311.346 0.285714 0.285714 1 1 0
311.846 0.285714 0.285714 1 1 0
312.346 0.285714 0.285714 1 1 0
312.846 0.285714 0.285714 1 1 0
313.346 0.285714 0.285714 1 1 0
313.846 0.285714 0.285714 1 1 0
314.346 0.285714 0.285714 1 1 0
314.846 0.285714 0.285714 1 1 0
315.346 0.285714 0.285714 1 1 0
315.846 0.285714 0.285714 1 1 0
316.346 0.285714 0.285714 1 1 0
316.846 0.285714 0.285714 1 1 0
317.346 0.285714 0.285714 1 1 0
317.846 0.285714 0.285714 1 1 0
318.346 0.285714 0.285714 1 1 0
318.846 0.285714 0.285714 1 1 0
319.346 0.285714 0.285714 1 1 0
319.846 0.285714 0.285714 1 1 0
320.346 0.285714 0.285714 1 1 0
320.846 0.285714 0.285714 1 1 0
321.346 0.285714 0.285714 1 1 0
321.846 0.285714 0.285714 1 1 0
322.346 0.285714 0.285714 1 1 0
322.846 0.285714 0.285714 1 1 0
440.246 0.285714 0.285714 2 1 0
440.286 0.285714 0.285714 1 1 0
440.326 0.285714 0.285714 1 1 0
440.406 0.285714 0.285714 1 1 0
440.566 0.285714 0.285714 1 1 0
440.886 0.285714 0.285714 1 1 0
441.386 0.285714 0.285714 1 1 0
441.886 0.285714 0.285714 1 1 0
442.386 0.285714 0.285714 1 1 0
442.886 0.285714 0.285714 1 1 0
443.386 0.285714 0.285714 1 1 0
443.886 0.285714 0.285714 1 1 0
444.386 0.285714 0.285714 1 1 0
444.886 0.285714 0.285714 1 1 0
445.386 0.285714 0.285714 1 1 0
445.886 0.285714 0.285714 1 1 0
446.386 0.285714 0.285714 1 1 0
446.886 0.285714 0.285714 1 1 0
447.386 0.285714 0.285714 1 1 0
447.886 0.285714 0.285714 1 1 0
448.386 0.285714 0.285714 1 1 0
448.886 0.285714 0.285714 1 1 0
449.386 0.285714 0.285714 1 1 0
449.886 0.285714 0.285714 1 1 0
450.386 0.285714 0.285714 1 1 0
450.886 0.285714 0.285714 1 1 0
451.386 0.285714 0.285714 1 1 0
451.886 0.285714 0.285714 1 1 0
452.386 0.285714 0.285714 1 1 0
452.886 0.285714 0.285714 1 1 0
453.386 0.285714 0.285714 1 1 0
453.886 0.285714 0.285714 1 1 0
454.386 0.285714 0.285714 1 1 0
454.886 0.285714 0.285714 1 1 0
455.386 0.285714 0.285714 1 1 0
455.886 0.285714 0.285714 1 1 0
456.386 0.285714 0.285714 1 1 0
456.886 0.285714 0.285714 1 1 0
457.386 0.285714 0.285714 1 1 0
457.886 0.285714 0.285714 1 1 0
458.386 0.285714 0.285714 1 1 0
458.886 0.285714 0.285714 1 1 0
459.386 0.285714 0.285714 1 1 0
459.886 0.285714 0.285714 1 1 0
460.386 0.285714 0.285714 1 1 0
460.886 0.285714 0.285714 1 1 0
461.386 0.285714 0.285714 1 1 0
461.886 0.285714 0.285714 1 1 0
462.386 0.285714 0.285714 1 1 0
462.886 0.285714 0.285714 1 1 0
463.386 0.285714 0.285714 1 1 0
463.886 0.285714 0.285714 1 1 0
464.386 0.285714 0.285714 1 1 0
464.886 0.285714 0.285714 1 1 0
465.386 0.285714 0.285714 1 1 0
465.886 0.285714 0.285714 1 1 0
466.386 0.285714 0.285714 1 1 0
466.886 0.285714 0.285714 1 1 0
467.386 0.285714 0.285714 1 1 0
467.886 0.285714 0.285714 1 1 0
468.386 0.285714 0.285714 1 1 0
468.886 0.285714 0.285714 1 1 0
469.386 0.285714 0.285714 1 1 0
469.886 0.285714 0.285714 1 1 0
470.386 0.285714 0.285714 1 1 0
470.886 0.285714 0.285714 1 1 0
471.386 0.285714 0.285714 1 1 0
471.886 0.285714 0.285714 1 1 0
472.386 0.285714 0.285714 1 1 0
472.886 0.285714 0.285714 1 1 0
473.386 0.285714 0.285714 1 1 0
473.886 0.285714 0.285714 1 1 0
474.386 0.285714 0.285714 1 1 0
474.886 0.285714 0.285714 1 1 0
475.386 0.285714 0.285714 1 1 0
475.886 0.285714 0.285714 1 1 0
476.386 0.285714 0.285714 1 1 0
476.886 0.285714 0.285714 1 1 0
477.386 0.285714 0.285714 1 1 0
477.886 0.285714 0.285714 1 1 0
478.386 0.285714 0.285714 1 1 0
478.886 0.285714 0.285714 1 1 0
479.386 0.285714 0.285714 1 1 0
479.886 0.285714 0.285714 1 1 0
480.386 0.285714 0.285714 1 1 0
480.886 0.285714 0.285714 1 1 0
481.386 0.285714 0.285714 1 1 0
481.886 0.285714 0.285714 1 1 0
482.386 0.285714 0.285714 1 1 0
482.886 0.285714 0.285714 1 1 0
483.386 0.285714 0.285714 1 1 0
483.886 0.285714 0.285714 1 1 0
484.386 0.285714 0.285714 1 1 0
484.886 0.285714 0.285714 1 1 0
485.386 0.285714 0.285714 1 1 0
485.886 0.285714 0.285714 1 1 0
486.386 0.285714 0.285714 1 1 0
486.886 0.285714 0.285714 1 1 0
487.386 0.285714 0.285714 1 1 0
487.886 0.285714 0.285714 1 1 0
488.386 0.285714 0.285714 1 1 0
488.886 0.285714 0.285714 1 1 0
489.386 0.285714 0.285714 1 1 0
489.886 0.285714 0.285714 1 1 0
490.386 0.285714 0.285714 1 1 0
490.886 0.285714 0.285714 1 1 0
491.386 0.285714 0.285714 1 1 0
491.886 0.285714 0.285714 1 1 0
492.386 0.285714 0.285714 1 1 0
492.886 0.285714 0.285714 1 1 0
493.386 0.285714 0.285714 1 1 0
493.886 0.285714 0.285714 1 1 0
494.386 0.285714 0.285714 1 1 0
494.886 0.285714 0.285714 1 1 0
495.386 0.285714 0.285714 1 1 0
495.886 0.285714 0.285714 1 1 0
496.386 0.285714 0.285714 1 1 0
496.886 0.285714 0.285714 1 1 0
497.386 0.285714 0.285714 1 1 0
497.886 0.285714 0.285714 1 1 0
498.386 0.285714 0.285714 1 1 0
498.886 0.285714 0.285714 1 1 0
499.386 0.285714 0.285714 1 1 0
499.886 0.285714 0.285714 1 1 0
500.386 0.285714 0.285714 1 1 0
500.886 0.285714 0.285714 1 1 0
501.386 0.285714 0.285714 1 1 0
501.886 0.285714 0.285714 1 1 0
502.386 0.285714 0.285714 1 1 0
502.886 0.285714 0.285714 1 1 0
503.386 0.285714 0.285714 1 1 0
503.886 0.285714 0.285714 1 1 0
504.386 0.285714 0.285714 1 1 0
504.886 0.285714 0.285714 1 1 0
505.386 0.285714 0.285714 1 1 0
505.886 0.285714 0.285714 1 1 0
506.386 0.285714 0.285714 1 1 0
506.886 0.285714 0.285714 1 1 0
507.386 0.285714 0.285714 1 1 0
507.886 0.285714 0.285714 1 1 0
508.386 0.285714 0.285714 1 1 0
508.886 0.285714 0.285714 1 1 0
509.386 0.285714 0.285714 1 1 0
509.886 0.285714 0.285714 1 1 0
510.386 0.285714 0.285714 1 1 0
510.886 0.285714 0.285714 1 1 0
511.386 0.285714 0.285714 1 1 0
511.886 0.285714 0.285714 1 1 0
512.386 0.285714 0.285714 1 1 0
512.886 0.285714 0.285714 1 1 0
513.386 0.285714 0.285714 1 1 0
513.886 0.285714 0.285714 1 1 0
514.386 0.285714 0.285714 1 1 0
514.886 0.285714 0.285714 1 1 0
515.386 0.285714 0.285714 1 1 0
515.886 0.285714 0.285714 1 1 0
516.386 0.285714 0.285714 1 1 0
516.886 0.285714 0.285714 1 1 0
517.386 0.285714 0.285714 1 1 0
517.886 0.285714 0.285714 1 1 0
518.386 0.285714 0.285714 1 1 0
518.886 0.285714 0.285714 1 1 0
519.386 0.285714 0.285714 1 1 0
519.886 0.285714 0.285714 1 1 0
520.386 0.285714 0.285714 1 1 0
520.886 0.285714 0.285714 1 1 0
521.386 0.285714 0.285714 1 1 0
521.886 0.285714 0.285714 1 1 0
522.386 0.285714 0.285714 1 1 0
522.886 0.285714 0.285714 1 1 0
523.386 0.285714 0.285714 1 1 0
523.886 0.285714 0.285714 1 1 0
524.386 0.285714 0.285714 1 1 0
524.886 0.285714 0.285714 1 1 0
525.386 0.285714 0.285714 1 1 0
525.886 0.285714 0.285714 1 1 0
526.386 0.285714 0.285714 1 1 0
526.886 0.285714 0.285714 1 1 0
527.386 0.285714 0.285714 1 1 0
527.886 0.285714 0.285714 1 1 0
528.386 0.285714 0.285714 1 1 0
528.886 0.285714 0.285714 1 1 0
529.386 0.285714 0.285714 1 1 0
529.886 0.285714 0.285714 1 1 0
530.386 0.285714 0.285714 1 1 0
530.886 0.285714 0.285714 1 1 0
531.386 0.285714 0.285714 1 1 0
531.886 0.285714 0.285714 1 1 0
532.386 0.285714 0.285714 1 1 0
532.886 0.285714 0.285714 1 1 0
533.386 0.285714 0.285714 1 1 0
533.886 0.285714 0.285714 1 1 0
534.386 0.285714 0.285714 1 1 0
534.886 0.285714 0.285714 1 1 0
535.386 0.285714 0.285714 1 1 0
535.886 0.285714 0.285714 1 1 0
536.386 0.285714 0.285714 1 1 0
536.886 0.285714 0.285714 1 1 0
537.386 0.285714 0.285714 1 1 0
537.886 0.285714 0.285714 1 1 0
537.886 0.285714 0.285714 2 1 0
537.926 0.285714 0.285714 1 1 0
537.966 0.285714 0.285714 1 1 0
538.046 0.285714 0.285714 1 1 0
538.206 0.285714 0.285714 1 1 0
538.526 0.285714 0.285714 1 1 0
539.026 0.285714 0.285714 1 1 0
539.526 0.285714 0.285714 1 1 0
540.026 0.285714 0.285714 1 1 0
540.526 0.285714 0.285714 1 1 0
541.026 0.285714 0.285714 1 1 0
541.526 0.285714 0.285714 1 1 0
542.026 0.285714 0.285714 1 1 0
542.526 0.285714 0.285714 1 1 0
543.026 0.285714 0.285714 1 1 0
543.526 0.285714 0.285714 1 1 0
544.026 0.285714 0.285714 1 1 0
544.526 0.285714 0.285714 1 1 0
545.026 0.285714 0.285714 1 1 0
545.526 0.285714 0.285714 1 1 0
546.026 0.285714 0.285714 1 1 0
546.526 0.285714 0.285714 1 1 0
547.026 0.285714 0.285714 1 1 0
547.526 0.285714 0.285714 1 1 0
548.026 0.285714 0.285714 1 1 0
548.526 0.285714 0.285714 1 1 0
549.026 0.285714 0.285714 1 1 0
549.526 0.285714 0.285714 1 1 0
550.026 0.285714 0.285714 1 1 0
550.526 0.285714 0.285714 1 1 0
551.026 0.285714 0.285714 1 1 0
551.526 0.285714 0.285714 1 1 0
552.026 0.285714 0.285714 1 1 0
552.526 0.285714 0.285714 1 1 0
553.026 0.285714 0.285714 1 1 0
553.526 0.285714 0.285714 1 1 0
554.026 0.285714 0.285714 1 1 0
554.526 0.285714 0.285714 1 1 0
555.026 0.285714 0.285714 1 1 0
555.526 0.285714 0.285714 1 1 0
556.026 0.285714 0.285714 1 1 0
556.526 0.285714 0.285714 1 1 0
557.026 0.285714 0.285714 1 1 0
557.526 0.285714 0.285714 1 1 0
558.026 0.285714 0.285714 1 1 0
558.526 0.285714 0.285714 1 1 0
559.026 0.285714 0.285714 1 1 0
559.526 0.285714 0.285714 1 1 0
560.026 0.285714 0.285714 1 1 0
560.526 0.285714 0.285714 1 1 0
561.026 0.285714 0.285714 1 1 0
561.526 0.285714 0.285714 1 1 0
562.026 0.285714 0.285714 1 1 0
562.526 0.285714 0.285714 1 1 0
563.026 0.285714 0.285714 1 1 0
563.526 0.285714 0.285714 1 1 0
564.026 0.285714 0.285714 1 1 0
564.526 0.285714 0.285714 1 1 0
565.026 0.285714 0.285714 1 1 0
565.526 0.285714 0.285714 1 1 0
566.026 0.285714 0.285714 1 1 0
566.526 0.285714 0.285714 1 1 0
567.026 0.285714 0.285714 1 1 0
567.526 0.285714 0.285714 1 1 0
568.026 0.285714 0.285714 1 1 0
568.526 0.285714 0.285714 1 1 0
569.026 0.285714 0.285714 1 1 0
569.526 0.285714 0.285714 1 1 0
570.026 0.285714 0.285714 1 1 0
570.526 0.285714 0.285714 1 1 0
571.026 0.285714 0.285714 1 1 0
571.526 0.285714 0.285714 1 1 0
572.026 0.285714 0.285714 1 1 0
572.526 0.285714 0.285714 1 1 0
573.026 0.285714 0.285714 1 1 0
573.526 0.285714 0.285714 1 1 0
574.026 0.285714 0.285714 1 1 0
574.526 0.285714 0.285714 1 1 0
575.026 0.285714 0.285714 1 1 0
575.526 0.285714 0.285714 1 1 0
576.026 0.285714 0.285714 1 1 0
576.526 0.285714 0.285714 1 1 0
577.026 0.285714 0.285714 1 1 0
577.526 0.285714 0.285714 1 1 0
578.026 0.285714 0.285714 1 1 0
578.526 0.285714 0.285714 1 1 0
579.026 0.285714 0.285714 1 1 0
579.526 0.285714 0.285714 1 1 0
580.026 0.285714 0.285714 1 1 0
580.526 0.285714 0.285714 1 1 0
581.026 0.285714 0.285714 1 1 0
581.526 0.285714 0.285714 1 1 0
582.026 0.285714 0.285714 1 1 0
582.526 0.285714 0.285714 1 1 0
583.026 0.285714 0.285714 1 1 0
583.526 0.285714 0.285714 1 1 0
584.026 0.285714 0.285714 1 1 0
584.526 0.285714 0.285714 1 1 0
585.026 0.285714 0.285714 1 1 0
585.526 0.285714 0.285714 1 1 0
586.026 0.285714 0.285714 1 1 0
586.526 0.285714 0.285714 1 1 0
587.026 0.285714 0.285714 1 1 0
587.526 0.285714 0.285714 1 1 0
588.026 0.285714 0.285714 1 1 0
588.526 0.285714 0.285714 1 1 0
589.026 0.285714 0.285714 1 1 0
589.526 0.285714 0.285714 1 1 0
590.026 0.285714 0.285714 1 1 0
590.526 0.285714 0.285714 1 1 0
591.026 0.285714 0.285714 1 1 0
591.526 0.285714 0.285714 1 1 0
592.026 0.285714 0.285714 1 1 0
592.526 0.285714 0.285714 1 1 0
593.026 0.285714 0.285714 1 1 0
593.526 0.285714 0.285714 1 1 0
594.026 0.285714 0.285714 1 1 0
594.526 0.285714 0.285714 1 1 0
595.026 0.285714 0.285714 1 1 0
595.526 0.285714 0.285714 1 1 0
596.026 0.285714 0.285714 1 1 0
596.526 0.285714 0.285714 1 1 0
597.026 0.285714 0.285714 1 1 0
597.526 0.285714 0.285714 1 1 0
598.026 0.285714 0.285714 1 1 0
598.526 0.285714 0.285714 1 1 0
599.026 0.285714 0.285714 1 1 0
599.526 0.285714 0.285714 1 1 0
600.026 0.285714 0.285714 1 1 0
600.526 0.285714 0.285714 1 1 0
601.026 0.285714 0.285714 1 1 0
601.526 0.285714 0.285714 1 1 0
602.026 0.285714 0.285714 1 1 0
602.526 0.285714 0.285714 1 1 0
603.026 0.285714 0.285714 1 1 0
603.526 0.285714 0.285714 1 1 0
604.026 0.285714 0.285714 1 1 0
604.526 0.285714 0.285714 1 1 0
605.026 0.285714 0.285714 1 1 0
605.526 0.285714 0.285714 1 1 0
606.026 0.285714 0.285714 1 1 0
606.526 0.285714 0.285714 1 1 0
607.026 0.285714 0.285714 1 1 0
607.526 0.285714 0.285714 1 1 0
608.026 0.285714 0.285714 1 1 0
608.526 0.285714 0.285714 1 1 0
609.026 0.285714 0.285714 1 1 0
609.526 0.285714 0.285714 1 1 0
610.026 0.285714 0.285714 1 1 0
610.526 0.285714 0.285714 1 1 0
611.026 0.285714 0.285714 1 1 0
611.526 0.285714 0.285714 1 1 0
612.026 0.285714 0.285714 1 1 0
612.526 0.285714 0.285714 1 1 0
613.026 0.285714 0.285714 1 1 0
613.526 0.285714 0.285714 1 1 0
614.026 0.285714 0.285714 1 1 0
614.526 0.285714 0.285714 1 1 0
615.026 0.285714 0.285714 1 1 0
615.526 0.285714 0.285714 1 1 0
616.026 0.285714 0.285714 1 1 0
616.526 0.285714 0.285714 1 1 0
617.026 0.285714 0.285714 1 1 0
617.526 0.285714 0.285714 1 1 0
618.026 0.285714 0.285714 1 1 0
618.526 0.285714 0.285714 1 1 0
619.026 0.285714 0.285714 1 1 0
619.526 0.285714 0.285714 1 1 0
620.026 0.285714 0.285714 1 1 0
620.526 0.285714 0.285714 1 1 0
621.026 0.285714 0.285714 1 1 0
621.526 0.285714 0.285714 1 1 0
622.026 0.285714 0.285714 1 1 0
622.526 0.285714 0.285714 1 1 0
623.026 0.285714 0.285714 1 1 0
623.526 0.285714 0.285714 1 1 0
624.026 0.285714 0.285714 1 1 0
624.526 0.285714 0.285714 1 1 0
625.026 0.285714 0.285714 1 1 0
625.526 0.285714 0.285714 1 1 0
626.026 0.285714 0.285714 1 1 0
626.526 0.285714 0.285714 1 1 0
627.026 0.285714 0.285714 1 1 0
627.526 0.285714 0.285714 1 1 0
628.026 0.285714 0.285714 1 1 0
628.526 0.285714 0.285714 1 1 0
629.026 0.285714 0.285714 1 1 0
629.526 0.285714 0.285714 1 1 0
630.026 0.285714 0.285714 1 1 0
630.526 0.285714 0.285714 1 1 0
631.026 0.285714 0.285714 1 1 0
631.526 0.285714 0.285714 1 1 0
632.026 0.285714 0.285714 1 1 0
632.526 0.285714 0.285714 1 1 0
633.026 0.285714 0.285714 1 1 0
633.526 0.285714 0.285714 1 1 0
634.026 0.285714 0.285714 1 1 0
634.526 0.285714 0.285714 1 1 0
635.026 0.285714 0.285714 1 1 0
635.526 0.285714 0.285714 1 1 0
635.526 0.285714 0.285714 2 1 0
635.566 0.285714 0.285714 1 1 0
635.606 0.285714 0.285714 1 1 0
635.686 0.285714 0.285714 1 1 0
635.846 0.285714 0.285714 1 1 0
636.166 0.285714 0.285714 1 1 0
636.666 0.285714 0.285714 1 1 0
637.166 0.285714 0.285714 1 1 0
637.666 0.285714 0.285714 1 1 0
638.166 0.285714 0.285714 1 1 0
638.666 0.285714 0.285714 1 1 0
639.166 0.285714 0.285714 1 1 0
639.666 0.285714 0.285714 1 1 0
640.166 0.285714 0.285714 1 1 0
640.666 0.285714 0.285714 1 1 0
641.166 0.285714 0.285714 1 1 0
641.666 0.285714 0.285714 1 1 0
642.166 0.285714 0.285714 1 1 0
642.666 0.285714 0.285714 1 1 0
643.166 0.285714 0.285714 1 1 0
643.666 0.285714 0.285714 1 1 0
644.166 0.285714 0.285714 1 1 0
644.666 0.285714 0.285714 1 1 0
645.166 0.285714 0.285714 1 1 0
645.666 0.285714 0.285714 1 1 0
646.166 0.285714 0.285714 1 1 0
646.666 0.285714 0.285714 1 1 0
647.166 0.285714 0.285714 1 1 0
647.666 0.285714 0.285714 1 1 0
648.166 0.285714 0.285714 1 1 0
648.666 0.285714 0.285714 1 1 0
649.166 0.285714 0.285714 1 1 0
649.666 0.285714 0.285714 1 1 0
650.166 0.285714 0.285714 1 1 0
650.666 0.285714 0.285714 1 1 0
651.166 0.285714 0.285714 1 1 0
651.666 0.285714 0.285714 1 1 0
652.166 0.285714 0.285714 1 1 0
652.666 0.285714 0.285714 1 1 0
653.166 0.285714 0.285714 1 1 0
653.666 0.285714 0.285714 1 1 0
654.166 0.285714 0.285714 1 1 0
654.666 0.285714 0.285714 1 1 0
655.166 0.285714 0.285714 1 1 0
655.666 0.285714 0.285714 1 1 0
656.166 0.285714 0.285714 1 1 0
656.666 0.285714 0.285714 1 1 0
657.166 0.285714 0.285714 1 1 0
657.666 0.285714 0.285714 1 1 0
658.166 0.285714 0.285714 1 1 0
658.666 0.285714 0.285714 1 1 0
659.166 0.285714 0.285714 1 1 0
659.666 0.285714 0.285714 1 1 0
660.166 0.285714 0.285714 1 1 0
660.666 0.285714 0.285714 1 1 0
661.166 0.285714 0.285714 1 1 0
661.666 0.285714 0.285714 1 1 0
662.166 0.285714 0.285714 1 1 0
662.666 0.285714 0.285714 1 1 0
663.166 0.285714 0.285714 1 1 0
663.666 0.285714 0.285714 1 1 0
664.166 0.285714 0.285714 1 1 0
664.666 0.285714 0.285714 1 1 0
665.166 0.285714 0.285714 1 1 0
665.666 0.285714 0.285714 1 1 0
666.166 0.285714 0.285714 1 1 0
666.666 0.285714 0.285714 1 1 0
667.166 0.285714 0.285714 1 1 0
667.666 0.285714 0.285714 1 1 0
668.166 0.285714 0.285714 1 1 0
668.666 0.285714 0.285714 1 1 0
669.166 0.285714 0.285714 1 1 0
669.666 0.285714 0.285714 1 1 0
670.166 0.285714 0.285714 1 1 0
670.666 0.285714 0.285714 1 1 0
671.166 0.285714 0.285714 1 1 0
671.666 0.285714 0.285714 1 1 0
672.166 0.285714 0.285714 1 1 0
672.666 0.285714 0.285714 1 1 0
673.166 0.285714 0.285714 1 1 0
673.666 0.285714 0.285714 1 1 0
674.166 0.285714 0.285714 1 1 0
674.666 0.285714 0.285714 1 1 0
675.166 0.285714 0.285714 1 1 0
675.666 0.285714 0.285714 1 1 0
676.166 0.285714 0.285714 1 1 0
676.666 0.285714 0.285714 1 1 0
677.166 0.285714 0.285714 1 1 0
677.666 0.285714 0.285714 1 1 0
678.166 0.285714 0.285714 1 1 0
678.666 0.285714 0.285714 1 1 0
679.166 0.285714 0.285714 1 1 0
679.666 0.285714 0.285714 1 1 0
680.166 0.285714 0.285714 1 1 0
680.666 0.285714 0.285714 1 1 0
681.166 0.285714 0.285714 1 1 0
681.666 0.285714 0.285714 1 1 0
682.166 0.285714 0.285714 1 1 0
682.666 0.285714 0.285714 1 1 0
683.166 0.285714 0.285714 1 1 0
683.666 0.285714 0.285714 1 1 0
684.166 0.285714 0.285714 1 1 0
684.666 0.285714 0.285714 1 1 0
685.166 0.285714 0.285714 1 1 0
685.666 0.285714 0.285714 1 1 0
686.166 0.285714 0.285714 1 1 0
686.666 0.285714 0.285714 1 1 0
687.166 0.285714 0.285714 1 1 0
687.666 0.285714 0.285714 1 1 0
688.166 0.285714 0.285714 1 1 0
688.666 0.285714 0.285714 1 1 0
689.166 0.285714 0.285714 1 1 0
689.666 0.285714 0.285714 1 1 0
690.166 0.285714 0.285714 1 1 0
690.666 0.285714 0.285714 1 1 0
691.166 0.285714 0.285714 1 1 0
691.666 0.285714 0.285714 1 1 0
692.166 0.285714 0.285714 1 1 0
692.666 0.285714 0.285714 1 1 0
693.166 0.285714 0.285714 1 1 0
693.666 0.285714 0.285714 1 1 0
694.166 0.285714 0.285714 1 1 0
694.666 0.285714 0.285714 1 1 0
695.166 0.285714 0.285714 1 1 0
695.666 0.285714 0.285714 1 1 0
696.166 0.285714 0.285714 1 1 0
696.666 0.285714 0.285714 1 1 0
697.166 0.285714 0.285714 1 1 0
697.666 0.285714 0.285714 1 1 0
698.166 0.285714 0.285714 1 1 0
698.666 0.285714 0.285714 1 1 0
699.166 0.285714 0.285714 1 1 0
699.666 0.285714 0.285714 1 1 0
700.166 0.285714 0.285714 1 1 0
700.666 0.285714 0.285714 1 1 0
701.166 0.285714 0.285714 1 1 0
701.666 0.285714 0.285714 1 1 0
702.166 0.285714 0.285714 1 1 0
702.666 0.285714 0.285714 1 1 0
703.166 0.285714 0.285714 1 1 0
703.666 0.285714 0.285714 1 1 0
704.166 0.285714 0.285714 1 1 0
704.666 0.285714 0.285714 1 1 0
705.166 0.285714 0.285714 1 1 0
705.666 0.285714 0.285714 1 1 0
706.166 0.285714 0.285714 1 1 0
706.666 0.285714 0.285714 1 1 0
707.166 0.285714 0.285714 1 1 0
707.666 0.285714 0.285714 1 1 0
708.166 0.285714 0.285714 1 1 0
708.666 0.285714 0.285714 1 1 0
709.166 0.285714 0.285714 1 1 0
709.666 0.285714 0.285714 1 1 0
710.166 0.285714 0.285714 1 1 0
710.666 0.285714 0.285714 1 1 0
711.166 0.285714 0.285714 1 1 0
711.666 0.285714 0.285714 1 1 0
712.166 0.285714 0.285714 1 1 0
712.666 0.285714 0.285714 1 1 0
713.166 0.285714 0.285714 1 1 0
713.666 0.285714 0.285714 1 1 0
714.166 0.285714 0.285714 1 1 0
714.666 0.285714 0.285714 1 1 0
715.166 0.285714 0.285714 1 1 0
715.666 0.285714 0.285714 1 1 0
716.166 0.285714 0.285714 1 1 0
716.666 0.285714 0.285714 1 1 0
717.166 0.285714 0.285714 1 1 0
717.666 0.285714 0.285714 1 1 0
718.166 0.285714 0.285714 1 1 0
718.666 0.285714 0.285714 1 1 0
719.166 0.285714 0.285714 1 1 0
719.666 0.285714 0.285714 1 1 0
720.166 0.285714 0.285714 1 1 0
720.666 0.285714 0.285714 1 1 0
721.166 0.285714 0.285714 1 1 0
721.666 0.285714 0.285714 1 1 0
722.166 0.285714 0.285714 1 1 0
722.666 0.285714 0.285714 1 1 0
723.166 0.285714 0.285714 1 1 0
723.666 0.285714 0.285714 1 1 0
724.166 0.285714 0.285714 1 1 0
724.666 0.285714 0.285714 1 1 0
725.166 0.285714 0.285714 1 1 0
725.666 0.285714 0.285714 1 1 0
726.166 0.285714 0.285714 1 1 0
726.666 0.285714 0.285714 1 1 0
727.166 0.285714 0.285714 1 1 0
727.666 0.285714 0.285714 1 1 0
728.166 0.285714 0.285714 1 1 0
728.666 0.285714 0.285714 1 1 0
729.166 0.285714 0.285714 1 1 0
729.666 0.285714 0.285714 1 1 0
730.166 0.285714 0.285714 1 1 0
730.666 0.285714 0.285714 1 1 0
731.166 0.285714 0.285714 1 1 0
731.666 0.285714 0.285714 1 1 0
732.166 0.285714 0.285714 1 1 0
732.666 0.285714 0.285714 1 1 0
733.166 0.285714 0.285714 1 1 0
225.206 0.285714 0.285714 2 1 0
225.166 0.285714 0.285714 1 1 0
225.126 0.285714 0.285714 1 1 0
225.046 0.285714 0.285714 1 1 0
224.886 0.285714 0.285714 1 1 0
224.566 0.285714 0.285714 1 1 0
224.066 0.285714 0.285714 1 1 0
223.566 0.285714 0.285714 1 1 0
223.066 0.285714 0.285714 1 1 0
222.566 0.285714 0.285714 1 1 0
222.066 0.285714 0.285714 1 1 0
221.566 0.285714 0.285714 1 1 0
221.066 0.285714 0.285714 1 1 0
220.566 0.285714 0.285714 1 1 0
220.066 0.285714 0.285714 1 1 0
219.566 0.285714 0.285714 1 1 0
219.066 0.285714 0.285714 1 1 0
218.566 0.285714 0.285714 1 1 0
218.066 0.285714 0.285714 1 1 0
217.566 0.285714 0.285714 1 1 0
217.066 0.285714 0.285714 1 1 0
216.566 0.285714 0.285714 1 1 0
216.066 0.285714 0.285714 1 1 0
215.566 0.285714 0.285714 1 1 0
215.066 0.285714 0.285714 1 1 0
214.566 0.285714 0.285714 1 1 0
214.066 0.285714 0.285714 1 1 0
213.566 0.285714 0.285714 1 1 0
213.066 0.285714 0.285714 1 1 0
212.566 0.285714 0.285714 1 1 0
212.066 0.285714 0.285714 1 1 0
211.566 0.285714 0.285714 1 1 0
211.066 0.285714 0.285714 1 1 0
210.566 0.285714 0.285714 1 1 0
210.066 0.285714 0.285714 1 1 0
209.566 0.285714 0.285714 1 1 0
209.066 0.285714 0.285714 1 1 0
208.566 0.285714 0.285714 1 1 0
208.066 0.285714 0.285714 1 1 0
207.566 0.285714 0.285714 1 1 0
207.066 0.285714 0.285714 1 1 0
206.566 0.285714 0.285714 1 1 0
206.066 0.285714 0.285714 1 1 0
205.566 0.285714 0.285714 1 1 0
205.066 0.285714 0.285714 1 1 0
204.566 0.285714 0.285714 1 1 0
204.066 0.285714 0.285714 1 1 0
203.566 0.285714 0.285714 1 1 0
203.066 0.285714 0.285714 1 1 0
202.566 0.285714 0.285714 1 1 0
202.066 0.285714 0.285714 1 1 0
201.566 0.285714 0.285714 1 1 0
201.066 0.285714 0.285714 1 1 0
200.566 0.285714 0.285714 1 1 0
200.066 0.285714 0.285714 1 1 0
199.566 0.285714 0.285714 1 1 0
199.066 0.285714 0.285714 1 1 0
198.566 0.285714 0.285714 1 1 0
198.066 0.285714 0.285714 1 1 0
197.566 0.285714 0.285714 1 1 0
197.066 0.285714 0.285714 1 1 0
196.566 0.285714 0.285714 1 1 0
196.066 0.285714 0.285714 1 1 0
195.566 0.285714 0.285714 1 1 0
195.066 0.285714 0.285714 1 1 0
194.566 0.285714 0.285714 1 1 0
194.066 0.285714 0.285714 1 1 0
193.566 0.285714 0.285714 1 1 0
193.066 0.285714 0.285714 1 1 0
192.566 0.285714 0.285714 1 1 0
192.066 0.285714 0.285714 1 1 0
191.566 0.285714 0.285714 1 1 0
191.066 0.285714 0.285714 1 1 0
190.566 0.285714 0.285714 1 1 0
190.066 0.285714 0.285714 1 1 0
189.566 0.285714 0.285714 1 1 0
189.066 0.285714 0.285714 1 1 0
188.566 0.285714 0.285714 1 1 0
188.066 0.285714 0.285714 1 1 0
187.566 0.285714 0.285714 1 1 0
187.066 0.285714 0.285714 1 1 0
186.566 0.285714 0.285714 1 1 0
186.066 0.285714 0.285714 1 1 0
185.566 0.285714 0.285714 1 1 0
185.066 0.285714 0.285714 1 1 0
184.566 0.285714 0.285714 1 1 0
184.066 0.285714 0.285714 1 1 0
183.566 0.285714 0.285714 1 1 0
183.066 0.285714 0.285714 1 1 0
182.566 0.285714 0.285714 1 1 0
182.066 0.285714 0.285714 1 1 0
181.566 0.285714 0.285714 1 1 0
181.066 0.285714 0.285714 1 1 0
180.566 0.285714 0.285714 1 1 0
180.066 0.285714 0.285714 1 1 0
179.566 0.285714 0.285714 1 1 0
179.066 0.285714 0.285714 1 1 0
178.566 0.285714 0.285714 1 1 0
178.066 0.285714 0.285714 1 1 0
177.566 0.285714 0.285714 1 1 0
177.066 0.285714 0.285714 1 1 0
176.566 0.285714 0.285714 1 1 0
176.066 0.285714 0.285714 1 1 0
175.566 0.285714 0.285714 1 1 0
175.066 0.285714 0.285714 1 1 0
174.566 0.285714 0.285714 1 1 0
174.066 0.285714 0.285714 1 1 0
173.566 0.285714 0.285714 1 1 0
173.066 0.285714 0.285714 1 1 0
172.566 0.285714 0.285714 1 1 0
172.066 0.285714 0.285714 1 1 0
171.566 0.285714 0.285714 1 1 0
171.066 0.285714 0.285714 1 1 0
170.566 0.285714 0.285714 1 1 0
170.066 0.285714 0.285714 1 1 0
169.566 0.285714 0.285714 1 1 0
169.066 0.285714 0.285714 1 1 0
168.566 0.285714 0.285714 1 1 0
168.066 0.285714 0.285714 1 1 0
167.566 0.285714 0.285714 1 1 0
167.066 0.285714 0.285714 1 1 0
166.566 0.285714 0.285714 1 1 0
166.066 0.285714 0.285714 1 1 0
165.566 0.285714 0.285714 1 1 0
165.066 0.285714 0.285714 1 1 0
164.566 0.285714 0.285714 1 1 0
164.066 0.285714 0.285714 1 1 0
163.566 0.285714 0.285714 1 1 0
163.066 0.285714 0.285714 1 1 0
162.566 0.285714 0.285714 1 1 0
162.066 0.285714 0.285714 1 1 0
161.566 0.285714 0.285714 1 1 0
161.066 0.285714 0.285714 1 1 0
160.566 0.285714 0.285714 1 1 0
160.066 0.285714 0.285714 1 1 0
159.566 0.285714 0.285714 1 1 0
159.066 0.285714 0.285714 1 1 0
158.566 0.285714 0.285714 1 1 0
158.066 0.285714 0.285714 1 1 0
157.566 0.285714 0.285714 1 1 0
157.066 0.285714 0.285714 1 1 0
156.566 0.285714 0.285714 1 1 0
156.066 0.285714 0.285714 1 1 0
155.566 0.285714 0.285714 1 1 0
155.066 0.285714 0.285714 1 1 0
154.566 0.285714 0.285714 1 1 0
154.066 0.285714 0.285714 1 1 0
153.566 0.285714 0.285714 1 1 0
153.066 0.285714 0.285714 1 1 0
152.566 0.285714 0.285714 1 1 0
152.066 0.285714 0.285714 1 1 0
151.566 0.285714 0.285714 1 1 0
151.066 0.285714 0.285714 1 1 0
150.566 0.285714 0.285714 1 1 0
150.066 0.285714 0.285714 1 1 0
149.566 0.285714 0.285714 1 1 0
149.066 0.285714 0.285714 1 1 0
148.566 0.285714 0.285714 1 1 0
148.066 0.285714 0.285714 1 1 0
147.566 0.285714 0.285714 1 1 0
147.066 0.285714 0.285714 1 1 0
146.566 0.285714 0.285714 1 1 0
146.066 0.285714 0.285714 1 1 0
145.566 0.285714 0.285714 1 1 0
145.066 0.285714 0.285714 1 1 0
144.566 0.285714 0.285714 1 1 0
144.066 0.285714 0.285714 1 1 0
143.566 0.285714 0.285714 1 1 0
143.066 0.285714 0.285714 1 1 0
142.566 0.285714 0.285714 1 1 0
142.066 0.285714 0.285714 1 1 0
141.566 0.285714 0.285714 1 1 0
141.066 0.285714 0.285714 1 1 0
140.566 0.285714 0.285714 1 1 0
140.066 0.285714 0.285714 1 1 0
139.566 0.285714 0.285714 1 1 0
139.066 0.285714 0.285714 1 1 0
138.566 0.285714 0.285714 1 1 0
138.066 0.285714 0.285714 1 1 0
137.566 0.285714 0.285714 1 1 0
137.066 0.285714 0.285714 1 1 0
136.566 0.285714 0.285714 1 1 0
136.066 0.285714 0.285714 1 1 0
135.566 0.285714 0.285714 1 1 0
135.066 0.285714 0.285714 1 1 0
134.566 0.285714 0.285714 1 1 0
134.066 0.285714 0.285714 1 1 0
133.566 0.285714 0.285714 1 1 0
133.066 0.285714 0.285714 1 1 0
132.566 0.285714 0.285714 1 1 0
132.066 0.285714 0.285714 1 1 0
131.566 0.285714 0.285714 1 1 0
131.066 0.285714 0.285714 1 1 0
130.566 0.285714 0.285714 1 1 0
130.066 0.285714 0.285714 1 1 0
129.566 0.285714 0.285714 1 1 0
129.066 0.285714 0.285714 1 1 0
128.566 0.285714 0.285714 1 1 0
128.066 0.285714 0.285714 1 1 0
127.566 0.285714 0.285714 1 1 0
127.566 0.285714 0.285714 2 1 0
127.526 0.285714 0.285714 1 1 0
127.486 0.285714 0.285714 1 1 0
127.406 0.285714 0.285714 1 1 0
127.246 0.285714 0.285714 1 1 0
126.926 0.285714 0.285714 1 1 0
126.426 0.285714 0.285714 1 1 0
125.926 0.285714 0.285714 1 1 0
125.426 0.285714 0.285714 1 1 0
124.926 0.285714 0.285714 1 1 0
124.426 0.285714 0.285714 1 1 0
123.926 0.285714 0.285714 1 1 0
123.426 0.285714 0.285714 1 1 0
122.926 0.285714 0.285714 1 1 0
122.426 0.285714 0.285714 1 1 0
121.926 0.285714 0.285714 1 1 0
121.426 0.285714 0.285714 1 1 0
120.926 0.285714 0.285714 1 1 0
120.426 0.285714 0.285714 1 1 0
119.926 0.285714 0.285714 1 1 0
119.426 0.285714 0.285714 1 1 0
118.926 0.285714 0.285714 1 1 0
118.426 0.285714 0.285714 1 1 0
117.926 0.285714 0.285714 1 1 0
117.426 0.285714 0.285714 1 1 0
116.926 0.285714 0.285714 1 1 0
116.426 0.285714 0.285714 1 1 0
115.926 0.285714 0.285714 1 1 0
115.426 0.285714 0.285714 1 1 0
114.926 0.285714 0.285714 1 1 0
114.426 0.285714 0.285714 1 1 0
113.926 0.285714 0.285714 1 1 0
113.426 0.285714 0.285714 1 1 0
112.926 0.285714 0.285714 1 1 0
112.426 0.285714 0.285714 1 1 0
111.926 0.285714 0.285714 1 1 0
111.426 0.285714 0.285714 1 1 0
110.926 0.285714 0.285714 1 1 0
110.426 0.285714 0.285714 1 1 0
109.926 0.285714 0.285714 1 1 0
109.426 0.285714 0.285714 1 1 0
108.926 0.285714 0.285714 1 1 0
108.426 0.285714 0.285714 1 1 0
107.926 0.285714 0.285714 1 1 0
107.426 0.285714 0.285714 1 1 0
106.926 0.285714 0.285714 1 1 0
106.426 0.285714 0.285714 1 1 0
105.926 0.285714 0.285714 1 1 0
105.426 0.285714 0.285714 1 1 0
104.926 0.285714 0.285714 1 1 0
104.426 0.285714 0.285714 1 1 0
103.926 0.285714 0.285714 1 1 0
103.426 0.285714 0.285714 1 1 0
102.926 0.285714 0.285714 1 1 0
102.426 0.285714 0.285714 1 1 0
101.926 0.285714 0.285714 1 1 0
101.426 0.285714 0.285714 1 1 0
100.926 0.285714 0.285714 1 1 0
100.426 0.285714 0.285714 1 1 0
99.926 0.285714 0.285714 1 1 0
99.426 0.285714 0.285714 1 1 0
98.926 0.285714 0.285714 1 1 0
98.426 0.285714 0.285714 1 1 0
97.926 0.285714 0.285714 1 1 0
97.426 0.285714 0.285714 1 1 0
96.926 0.285714 0.285714 1 1 0
96.426 0.285714 0.285714 1 1 0
95.926 0.285714 0.285714 1 1 0
95.426 0.285714 0.285714 1 1 0
94.926 0.285714 0.285714 1 1 0
94.426 0.285714 0.285714 1 1 0
93.926 0.285714 0.285714 1 1 0
93.426 0.285714 0.285714 1 1 0
92.926 0.285714 0.285714 1 1 0
92.426 0.285714 0.285714 1 1 0
91.926 0.285714 0.285714 1 1 0
91.426 0.285714 0.285714 1 1 0
90.926 0.285714 0.285714 1 1 0
90.426 0.285714 0.285714 1 1 0
89.926 0.285714 0.285714 1 1 0
89.426 0.285714 0.285714 1 1 0
88.926 0.285714 0.285714 1 1 0
88.426 0.285714 0.285714 1 1 0
87.926 0.285714 0.285714 1 1 0
87.426 0.285714 0.285714 1 1 0
86.926 0.285714 0.285714 1 1 0
86.426 0.285714 0.285714 1 1 0
85.926 0.285714 0.285714 1 1 0
85.426 0.285714 0.285714 1 1 0
84.926 0.285714 0.285714 1 1 0
84.426 0.285714 0.285714 1 1 0
83.926 0.285714 0.285714 1 1 0
83.426 0.285714 0.285714 1 1 0
82.926 0.285714 0.285714 1 1 0
82.426 0.285714 0.285714 1 1 0
81.926 0.285714 0.285714 1 1 0
81.426 0.285714 0.285714 1 1 0
80.926 0.285714 0.285714 1 1 0
80.426 0.285714 0.285714 1 1 0
79.926 0.285714 0.285714 1 1 0
79.426 0.285714 0.285714 1 1 0
78.926 0.285714 0.285714 1 1 0
78.426 0.285714 0.285714 1 1 0
77.926 0.285714 0.285714 1 1 0
77.426 0.285714 0.285714 1 1 0
76.926 0.285714 0.285714 1 1 0
76.426 0.285714 0.285714 1 1 0
75.926 0.285714 0.285714 1 1 0
75.426 0.285714 0.285714 1 1 0
74.926 0.285714 0.285714 1 1 0
74.426 0.285714 0.285714 1 1 0
73.926 0.285714 0.285714 1 1 0
73.426 0.285714 0.285714 1 1 0
72.926 0.285714 0.285714 1 1 0
72.426 0.285714 0.285714 1 1 0
71.926 0.285714 0.285714 1 1 0
71.426 0.285714 0.285714 1 1 0
70.926 0.285714 0.285714 1 1 0
70.426 0.285714 0.285714 1 1 0
69.926 0.285714 0.285714 1 1 0
69.426 0.285714 0.285714 1 1 0
68.926 0.285714 0.285714 1 1 0
68.426 0.285714 0.285714 1 1 0
67.926 0.285714 0.285714 1 1 0
67.426 0.285714 0.285714 1 1 0
66.926 0.285714 0.285714 1 1 0
66.426 0.285714 0.285714 1 1 0
65.926 0.285714 0.285714 1 1 0
65.426 0.285714 0.285714 1 1 0
64.926 0.285714 0.285714 1 1 0
64.426 0.285714 0.285714 1 1 0
63.926 0.285714 0.285714 1 1 0
63.426 0.285714 0.285714 1 1 0
62.926 0.285714 0.285714 1 1 0
62.426 0.285714 0.285714 1 1 0
61.926 0.285714 0.285714 1 1 0
61.426 0.285714 0.285714 1 1 0
60.926 0.285714 0.285714 1 1 0
60.426 0.285714 0.285714 1 1 0
59.926 0.285714 0.285714 1 1 0
59.426 0.285714 0.285714 1 1 0
59.0708 0.285714 0.285714 1 1 0
58.5708 0.285714 0.285714 2 1 0
58.0708 0.285714 0.285714 2 1 0
57.5708 0.285714 0.285714 2 1 0
57.0708 0.285714 0.285714 2 1 0
56.5708 0.285714 0.285714 2 1 0
56.0708 0.285714 0.285714 2 1 0
55.5708 0.285714 0.285714 2 1 0
55.0708 0.285714 0.285714 2 1 0
54.5708 0.285714 0.285714 2 1 0
54.0708 0.285714 0.285714 2 1 0
53.5708 0.285714 0.285714 2 1 0
53.0708 0.285714 0.285714 2 1 0
52.5708 0.285714 0.285714 2 1 0
52.0708 0.285714 0.285714 2 1 0
51.5708 0.285714 0.285714 2 1 0
51.0708 0.285714 0.285714 2 1 0
50.5708 0.285714 0.285714 2 1 0
50.0708 0.285714 0.285714 2 1 0
49.5708 0.285714 0.285714 2 1 0
49.0708 0.285714 0.285714 2 1 0
48.5708 0.285714 0.285714 2 1 0
48.0708 0.285714 0.285714 2 1 0
47.5708 0.285714 0.285714 2 1 0
47.0708 0.285714 0.285714 2 1 0
46.5708 0.285714 0.285714 2 1 0
46.0708 0.285714 0.285714 2 1 0
45.5708 0.285714 0.285714 2 1 0
45.0708 0.285714 0.285714 2 1 0
44.5708 0.285714 0.285714 2 1 0
44.0708 0.285714 0.285714 2 1 0
43.5709 0.285714 0.285714 2 1 0
43.0709 0.285714 0.285714 2 1 0
42.5709 0.285714 0.285714 2 1 0
42.0709 0.285714 0.285714 2 1 0
41.5709 0.285714 0.285714 2 1 0
41.0709 0.285714 0.285714 2 1 0
40.5709 0.285714 0.285714 2 1 0
40.0709 0.285714 0.285714 2 1 0
39.5709 0.285714 0.285714 2 1 0
39.0709 0.285714 0.285714 2 1 0
38.5709 0.285714 0.285714 2 1 0
38.0709 0.285714 0.285714 2 1 0
37.5709 0.285714 0.285714 2 1 0
37.0709 0.285714 0.285714 2 1 0
36.5709 0.285714 0.285714 2 1 0
36.0709 0.285714 0.285714 2 1 0
35.5709 0.285714 0.285714 2 1 0
35.0709 0.285714 0.285714 2 1 0
34.5709 0.285714 0.285714 2 1 0
34.0709 0.285714 0.285714 2 1 0
33.5709 0.285714 0.285714 2 1 0
33.0709 0.285714 0.285714 2 1 0
32.5709 0.285714 0.285714 2 1 0
32.0709 0.285714 0.285714 2 1 0
31.5709 0.285714 0.285714 2 1 0
31.0709 0.285714 0.285714 2 1 0
30.5709 0.285714 0.285714 2 1 0
30.0709 0.285714 0.285714 2 1 0
59.0708 0.285714 0.285714 2 2 0
56.7908 0.268708 0.268708 2 2 0
56.7845 0.268663 0.268663 1 2 0
56.782 0.268645 0.268645 1 2 0
56.777 0.268609 0.268609 1 2 0
56.767 0.268537 0.268537 1 2 0
56.747 0.268393 0.268393 1 2 0
56.707 0.268105 0.268105 1 2 0
56.627 0.267531 0.267531 1 2 0
56.467 0.266386 0.266386 1 2 0
56.147 0.264114 0.264114 1 2 0
55.647 0.260612 0.260612 1 2 0
55.1471 0.257166 0.257166 1 2 0
54.6471 0.25378 0.25378 1 2 0
54.1471 0.250451 0.250451 1 2 0
53.6471 0.247183 0.247183 1 2 0
53.1472 0.243973 0.243973 1 2 0
52.6472 0.240824 0.240824 1 2 0
52.1472 0.237734 0.237734 1 2 0
51.6472 0.234705 0.234705 1 2 0
51.1472 0.231736 0.231736 1 2 0
50.6473 0.228828 0.228828 1 2 0
50.1473 0.22598 0.22598 1 2 0
49.6473 0.223192 0.223192 1 2 0
49.1473 0.220465 0.220465 1 2 0
48.6474 0.217797 0.217797 1 2 0
48.1474 0.215189 0.215189 1 2 0
47.6474 0.212641 0.212641 1 2 0
47.1474 0.210151 0.210151 1 2 0
46.6474 0.20772 0.20772 1 2 0
46.1475 0.205346 0.205346 1 2 0
45.6475 0.20303 0.20303 1 2 0
45.1475 0.20077 0.20077 1 2 0
44.6475 0.198565 0.198565 1 2 0
44.1475 0.196416 0.196416 1 2 0
43.6476 0.194321 0.194321 1 2 0
43.1476 0.19228 0.19228 1 2 0
42.6476 0.190291 0.190291 1 2 0
42.1476 0.188354 0.188354 1 2 0
41.6476 0.186467 0.186467 1 2 0
41.1477 0.184629 0.184629 1 2 0
40.6477 0.182841 0.182841 1 2 0
40.1477 0.1811 0.1811 1 2 0
39.6477 0.179405 0.179405 1 2 0
39.1477 0.177756 0.177756 1 2 0
38.6477 0.176152 0.176152 1 2 0
38.1478 0.17459 0.17459 1 2 0
37.6478 0.173071 0.173071 1 2 0
37.1478 0.171594 0.171594 1 2 0
36.6478 0.170156 0.170156 1 2 0
36.1478 0.168757 0.168757 1 2 0
35.6478 0.167397 0.167397 1 2 0
35.1478 0.166073 0.166073 1 2 0
34.6478 0.164786 0.164786 1 2 0
34.1479 0.163533 0.163533 1 2 0
33.6479 0.162314 0.162314 1 2 0
33.1479 0.161128 0.161128 1 2 0
32.6479 0.159975 0.159975 1 2 0
32.1479 0.158852 0.158852 1 2 0
31.6479 0.157759 0.157759 1 2 0
31.1479 0.156695 0.156695 1 2 0
30.6479 0.15566 0.15566 1 2 0
30.1479 0.154652 0.154652 1 2 0
29.648 0.153671 0.153671 1 2 0
29.148 0.152715 0.152715 1 2 0
28.648 0.151784 0.151784 1 2 0
28.148 0.150878 0.150878 1 2 0
27.648 0.149995 0.149995 1 2 0
27.148 0.149134 0.149134 1 2 0
26.648 0.148296 0.148296 1 2 0
26.148 0.147479 0.147479 1 2 0
25.648 0.146682 0.146682 1 2 0
25.148 0.145905 0.145905 1 2 0
24.648 0.145148 0.145148 1 2 0
24.148 0.144409 0.144409 1 2 0
23.648 0.143689 0.143689 1 2 0
23.148 0.142986 0.142986 1 2 0
22.6481 0.1423 0.1423 1 2 0
22.1481 0.14163 0.14163 1 2 0
21.6481 0.140977 0.140977 1 2 0
21.1481 0.140339 0.140339 1 2 0
20.6481 0.139715 0.139715 1 2 0
20.1481 0.139107 0.139107 1 2 0
19.6481 0.138512 0.138512 1 2 0
19.1481 0.137931 0.137931 1 2 0
18.6481 0.137364 0.137364 1 2 0
18.1481 0.136809 0.136809 1 2 0
17.6481 0.136266 0.136266 1 2 0
17.1481 0.135736 0.135736 1 2 0
16.6481 0.135217 0.135217 1 2 0
16.1481 0.13471 0.13471 1 2 0
15.6481 0.134214 0.134214 1 2 0
15.1481 0.133728 0.133728 1 2 0
14.6481 0.133253 0.133253 1 2 0
14.1481 0.132787 0.132787 1 2 0
13.6481 0.132332 0.132332 1 2 0
13.1481 0.131886 0.131886 1 2 0
12.6481 0.131449 0.131449 1 2 0
12.1481 0.131021 0.131021 1 2 0
11.6482 0.130602 0.130602 1 2 0
11.1482 0.130192 0.130192 1 2 0
10.6482 0.129789 0.129789 1 2 0
10.1482 0.129395 0.129395 1 2 0
9.64816 0.129008 0.129008 1 2 0
9.14816 0.128629 0.128629 1 2 0
8.64817 0.128257 0.128257 1 2 0
8.14817 0.127892 0.127892 1 2 0
7.64817 0.127534 0.127534 1 2 0
7.14817 0.127183 0.127183 1 2 0
6.64818 0.126839 0.126839 1 2 0
6.14818 0.126501 0.126501 1 2 0
5.64818 0.126169 0.126169 1 2 0
5.14818 0.125843 0.125843 1 2 0
4.64819 0.125523 0.125523 1 2 0
4.14819 0.125209 0.125209 1 2 0
3.64819 0.124901 0.124901 1 2 0
3.14819 0.124598 0.124598 1 2 0
2.64819 0.1243 0.1243 1 2 0
2.14819 0.124008 0.124008 1 2 0
1.6482 0.12372 0.12372 1 2 0
1.1482 0.123438 0.123438 1 2 0
0.6482 0.12316 0.12316 1 2 0
0.148201 0.122887 0.122887 1 2 0
-0.351797 0.122619 0.122619 1 2 0
59.0708 0.285714 0.285714 2 2 0
61.2956 0.303367 0.303367 1 2 0
61.3018 0.303417 0.303417 2 2 0
61.3044 0.303438 0.303438 2 2 0
61.3094 0.303478 0.303478 2 2 0
61.3194 0.30356 0.30356 2 2 0
61.3394 0.303723 0.303723 2 2 0
61.3794 0.30405 0.30405 2 2 0
61.4594 0.304704 0.304704 2 2 0
61.6194 0.306016 0.306016 2 2 0
61.9393 0.308654 0.308654 2 2 0
62.4393 0.312815 0.312815 2 2 0
62.9393 0.317021 0.317021 2 2 0
63.4393 0.321271 0.321271 2 2 0
63.9392 0.325565 0.325565 2 2 0
64.4392 0.3299 0.3299 2 2 0
64.9392 0.334277 0.334277 2 2 0
65.4392 0.338693 0.338693 2 2 0
65.9391 0.343148 0.343148 2 2 0
66.4391 0.347639 0.347639 2 2 0
66.9391 0.352167 0.352167 2 2 0
67.4391 0.356729 0.356729 2 2 0
67.939 0.361324 0.361324 2 2 0
68.439 0.365951 0.365951 2 2 0
68.939 0.370609 0.370609 2 2 0
69.4389 0.375297 0.375297 2 2 0
69.9389 0.380012 0.380012 2 2 0
70.4389 0.384755 0.384755 2 2 0
70.9389 0.389522 0.389522 2 2 0
71.4388 0.394314 0.394314 2 2 0
71.9388 0.399129 0.399129 2 2 0
72.4388 0.403965 0.403965 2 2 0
72.9388 0.408821 0.408821 2 2 0
73.4387 0.413697 0.413697 2 2 0
73.9387 0.418589 0.418589 2 2 0
74.4387 0.423498 0.423498 2 2 0
74.9386 0.428422 0.428422 2 2 0
75.4386 0.43336 0.43336 2 2 0
75.9386 0.43831 0.43831 2 2 0
76.4386 0.443271 0.443271 2 2 0
76.9385 0.448241 0.448241 2 2 0
77.4385 0.45322 0.45322 2 2 0
77.9385 0.458207 0.458207 2 2 0
78.4384 0.463199 0.463199 2 2 0
78.9384 0.468197 0.468197 2 2 0
79.4384 0.473197 0.473197 2 2 0
79.9384 0.4782 0.4782 2 2 0
80.4383 0.483205 0.483205 2 2 0
80.9383 0.488209 0.488209 2 2 0
81.4383 0.493211 0.493211 2 2 0
81.9383 0.498212 0.498212 2 2 0
82.4382 0.503209 0.503209 2 2 0
82.9382 0.508201 0.508201 2 2 0
83.4382 0.513187 0.513187 2 2 0
83.9381 0.518167 0.518167 2 2 0
84.4381 0.523138 0.523138 2 2 0
84.9381 0.5281 0.5281 2 2 0
85.4381 0.533052 0.533052 2 2 0
85.938 0.537993 0.537993 2 2 0
86.438 0.542922 0.542922 2 2 0
86.938 0.547838 0.547838 2 2 0
87.438 0.552739 0.552739 2 2 0
87.9379 0.557626 0.557626 2 2 0
88.4379 0.562496 0.562496 2 2 0
88.9379 0.56735 0.56735 2 2 0
89.4379 0.572185 0.572185 2 2 0
89.9378 0.577002 0.577002 2 2 0
90.4378 0.581799 0.581799 2 2 0
90.9378 0.586576 0.586576 2 2 0
91.4378 0.591332 0.591332 2 2 0
91.9377 0.596066 0.596066 2 2 0
92.4377 0.600777 0.600777 2 2 0
92.9377 0.605464 0.605464 2 2 0
93.4377 0.610127 0.610127 2 2 0
93.9377 0.614765 0.614765 2 2 0
94.4376 0.619377 0.619377 2 2 0
94.9376 0.623964 0.623964 2 2 0
95.4376 0.628523 0.628523 2 2 0
95.9376 0.633054 0.633054 2 2 0
96.4376 0.637558 0.637558 2 2 0
96.9375 0.642033 0.642033 2 2 0
97.4375 0.646478 0.646478 2 2 0
97.9375 0.650893 0.650893 2 2 0
98.4375 0.655279 0.655279 2 2 0
98.9375 0.659633 0.659633 2 2 0
99.4374 0.663956 0.663956 2 2 0
99.9374 0.668248 0.668248 2 2 0
100.437 0.672507 0.672507 2 2 0
100.937 0.676734 0.676734 2 2 0
101.437 0.680927 0.680927 2 2 0
101.937 0.685088 0.685088 2 2 0
102.437 0.689214 0.689214 2 2 0
102.937 0.693307 0.693307 2 2 0
103.437 0.697366 0.697366 2 2 0
103.937 0.701389 0.701389 2 2 0
104.437 0.705379 0.705379 2 2 0
104.937 0.709333 0.709333 2 2 0
105.437 0.713251 0.713251 2 2 0
105.937 0.717134 0.717134 2 2 0
106.437 0.720982 0.720982 2 2 0
106.937 0.724793 0.724793 2 2 0
107.437 0.728569 0.728569 2 2 0
107.937 0.732308 0.732308 2 2 0
108.437 0.736011 0.736011 2 2 0
108.937 0.739678 0.739678 2 2 0
109.437 0.743308 0.743308 2 2 0
109.937 0.746902 0.746902 2 2 0
110.437 0.750459 0.750459 2 2 0
110.937 0.753979 0.753979 2 2 0
111.437 0.757463 0.757463 2 2 0
111.937 0.76091 0.76091 2 2 0
112.437 0.76432 0.76432 2 2 0
112.937 0.767693 0.767693 2 2 0
113.437 0.77103 0.77103 2 2 0
113.937 0.77433 0.77433 2 2 0
114.437 0.777594 0.777594 2 2 0
114.937 0.780821 0.780821 2 2 0
115.437 0.784012 0.784012 2 2 0
115.937 0.787166 0.787166 2 2 0
116.437 0.790284 0.790284 2 2 0
116.937 0.793366 0.793366 2 2 0
117.437 0.796412 0.796412 2 2 0
117.937 0.799422 0.799422 2 2 0
118.437 0.802396 0.802396 2 2 0
118.937 0.805334 0.805334 2 2 0
119.437 0.808237 0.808237 2 2 0
119.937 0.811105 0.811105 2 2 0
120.437 0.813938 0.813938 2 2 0
120.937 0.816735 0.816735 2 2 0
121.437 0.819498 0.819498 2 2 0
121.937 0.822227 0.822227 2 2 0
122.437 0.824921 0.824921 2 2 0
122.937 0.82758 0.82758 2 2 0
123.437 0.830206 0.830206 2 2 0
123.937 0.832799 0.832799 2 2 0
124.437 0.835357 0.835357 2 2 0
124.937 0.837883 0.837883 2 2 0
125.437 0.840375 0.840375 2 2 0
125.937 0.842835 0.842835 2 2 0
126.437 0.845262 0.845262 2 2 0
126.937 0.847657 0.847657 2 2 0
127.437 0.85002 0.85002 2 2 0
127.937 0.852351 0.852351 2 2 0
128.437 0.854651 0.854651 2 2 0
128.937 0.856919 0.856919 2 2 0
129.437 0.859157 0.859157 2 2 0
129.937 0.861363 0.861363 2 2 0
130.437 0.86354 0.86354 2 2 0
130.937 0.865686 0.865686 2 2 0
131.437 0.867803 0.867803 2 2 0
131.937 0.86989 0.86989 2 2 0
132.437 0.871947 0.871947 2 2 0
132.937 0.873976 0.873976 2 2 0
133.437 0.875976 0.875976 2 2 0
133.937 0.877947 0.877947 2 2 0
134.437 0.879891 0.879891 2 2 0
134.937 0.881807 0.881807 2 2 0
135.437 0.883695 0.883695 2 2 0
135.937 0.885556 0.885556 2 2 0
136.437 0.887389 0.887389 2 2 0
136.937 0.889197 0.889197 2 2 0
137.437 0.890978 0.890978 2 2 0
137.937 0.892733 0.892733 2 2 0
138.437 0.894462 0.894462 2 2 0
138.937 0.896165 0.896165 2 2 0
139.437 0.897844 0.897844 2 2 0
139.937 0.899497 0.899497 2 2 0
140.437 0.901126 0.901126 2 2 0
140.937 0.902731 0.902731 2 2 0
141.437 0.904312 0.904312 2 2 0
141.937 0.905869 0.905869 2 2 0
142.437 0.907402 0.907402 2 2 0
142.937 0.908912 0.908912 2 2 0
143.437 0.9104 0.9104 2 2 0
143.937 0.911865 0.911865 2 2 0
144.437 0.913307 0.913307 2 2 0
144.937 0.914728 0.914728 2 2 0
145.437 0.916127 0.916127 2 2 0
145.937 0.917504 0.917504 2 2 0
146.437 0.918861 0.918861 2 2 0
146.937 0.920196 0.920196 2 2 0
147.437 0.921511 0.921511 2 2 0
147.937 0.922805 0.922805 2 2 0
148.437 0.924079 0.924079 2 2 0
148.937 0.925334 0.925334 2 2 0
149.437 0.926569 0.926569 2 2 0
149.937 0.927784 0.927784 2 2 0
150.437 0.928981 0.928981 2 2 0
150.937 0.930158 0.930158 2 2 0
151.437 0.931318 0.931318 2 2 0
151.937 0.932459 0.932459 2 2 0
152.437 0.933582 0.933582 2 2 0
152.937 0.934687 0.934687 2 2 0
153.437 0.935775 0.935775 2 2 0
153.937 0.936845 0.936845 2 2 0
154.437 0.937899 0.937899 2 2 0
154.937 0.938936 0.938936 2 2 0
155.437 0.939956 0.939956 2 2 0
155.937 0.94096 0.94096 2 2 0
156.437 0.941947 0.941947 2 2 0
30.0709 0.285714 0.285714 2 1 0
30.0309 0.285714 0.285714 2 1 0
29.991 0.285714 0.285714 2 1 0
29.911 0.285714 0.285714 2 1 0
29.751 0.285714 0.285714 2 1 0
29.431 0.285714 0.285714 2 1 0
28.931 0.285714 0.285714 2 1 0
28.431 0.285714 0.285714 2 1 0
27.931 0.285714 0.285714 2 1 0
27.431 0.285714 0.285714 2 1 0
26.931 0.285714 0.285714 2 1 0
26.431 0.285714 0.285714 2 1 0
25.931 0.285714 0.285714 2 1 0
25.431 0.285714 0.285714 2 1 0
24.931 0.285714 0.285714 2 1 0
24.431 0.285714 0.285714 2 1 0
23.931 0.285714 0.285714 2 1 0
23.431 0.285714 0.285714 2 1 0
22.931 0.285714 0.285714 2 1 0
22.4311 0.285714 0.285714 2 1 0
21.9311 0.285714 0.285714 2 1 0
21.4311 0.285714 0.285714 2 1 0
20.9311 0.285714 0.285714 2 1 0
20.4311 0.285714 0.285714 2 1 0
19.9311 0.285714 0.285714 2 1 0
19.4311 0.285714 0.285714 2 1 0
18.9311 0.285714 0.285714 2 1 0
18.4311 0.285714 0.285714 2 1 0
17.9311 0.285714 0.285714 2 1 0
17.4312 0.285714 0.285714 2 1 0
16.9312 0.285714 0.285714 2 1 0
16.4312 0.285714 0.285714 2 1 0
15.9312 0.285714 0.285714 2 1 0
15.4312 0.285714 0.285714 2 1 0
14.9312 0.285714 0.285714 2 1 0
14.4312 0.285714 0.285714 2 1 0
13.9312 0.285714 0.285714 2 1 0
13.4313 0.285714 0.285714 2 1 0
12.9313 0.285714 0.285714 2 1 0
12.4313 0.285714 0.285714 2 1 0
11.9313 0.285714 0.285714 2 1 0
11.4313 0.285714 0.285714 2 1 0
10.9313 0.285714 0.285714 2 1 0
10.4314 0.285714 0.285714 2 1 0
9.93139 0.285714 0.285714 2 1 0
9.43141 0.285714 0.285714 2 1 0
8.93143 0.285714 0.285714 2 1 0
8.43145 0.285714 0.285714 2 1 0
7.93148 0.285714 0.285714 2 1 0
7.4315 0.285714 0.285714 2 1 0
6.93153 0.285714 0.285714 2 1 0
6.43155 0.285714 0.285714 2 1 0
5.93158 0.285714 0.285714 2 1 0
5.43161 0.285714 0.285714 2 1 0
4.93164 0.285714 0.285714 2 1 0
4.43168 0.285714 0.285714 2 1 0
3.93171 0.285714 0.285714 2 1 0
3.43174 0.285714 0.285714 2 1 0
2.93178 0.285714 0.285714 2 1 0
2.43182 0.285714 0.285714 2 1 0
1.93186 0.285714 0.285714 2 1 0
1.4319 0.285714 0.285714 2 1 0
0.931942 0.285714 0.285714 2 1 0
0.431987 0.285714 0.285714 2 1 0
-0.067966 0.285714 0.285714 2 1 0
156.437 0.941947 0.941947 2 2 0
156.397 0.941869 0.941869 2 2 0
156.357 0.94179 0.94179 2 2 0
156.277 0.941633 0.941633 2 2 0
156.117 0.941317 0.941317 2 2 0
155.797 0.94068 0.94068 2 2 0
155.297 0.939672 0.939672 2 2 0
154.797 0.938647 0.938647 2 2 0
154.297 0.937606 0.937606 2 2 0
153.797 0.936547 0.936547 2 2 0
153.297 0.935472 0.935472 2 2 0
152.797 0.934379 0.934379 2 2 0
152.297 0.933269 0.933269 2 2 0
151.797 0.932141 0.932141 2 2 0
151.297 0.930995 0.930995 2 2 0
150.797 0.929831 0.929831 2 2 0
150.297 0.928648 0.928648 2 2 0
149.797 0.927446 0.927446 2 2 0
149.297 0.926225 0.926225 2 2 0
148.797 0.924984 0.924984 2 2 0
148.297 0.923724 0.923724 2 2 0
147.797 0.922445 0.922445 2 2 0
147.297 0.921145 0.921145 2 2 0
146.797 0.919824 0.919824 2 2 0
146.297 0.918483 0.918483 2 2 0
145.797 0.917121 0.917121 2 2 0
145.297 0.915737 0.915737 2 2 0
144.797 0.914332 0.914332 2 2 0
144.297 0.912906 0.912906 2 2 0
143.797 0.911457 0.911457 2 2 0
143.297 0.909986 0.909986 2 2 0
142.797 0.908492 0.908492 2 2 0
142.297 0.906975 0.906975 2 2 0
141.797 0.905435 0.905435 2 2 0
141.297 0.903871 0.903871 2 2 0
140.797 0.902284 0.902284 2 2 0
140.297 0.900673 0.900673 2 2 0
139.797 0.899037 0.899037 2 2 0
139.297 0.897376 0.897376 2 2 0
138.797 0.895691 0.895691 2 2 0
138.297 0.89398 0.89398 2 2 0
137.797 0.892244 0.892244 2 2 0
137.297 0.890482 0.890482 2 2 0
136.797 0.888693 0.888693 2 2 0
136.297 0.886879 0.886879 2 2 0
135.797 0.885037 0.885037 2 2 0
135.297 0.883169 0.883169 2 2 0
134.797 0.881273 0.881273 2 2 0
134.297 0.87935 0.87935 2 2 0
133.797 0.877398 0.877398 2 2 0
133.297 0.875419 0.875419 2 2 0
132.797 0.873411 0.873411 2 2 0
132.297 0.871374 0.871374 2 2 0
131.797 0.869308 0.869308 2 2 0
131.297 0.867213 0.867213 2 2 0
130.797 0.865088 0.865088 2 2 0
130.297 0.862933 0.862933 2 2 0
129.797 0.860749 0.860749 2 2 0
129.297 0.858533 0.858533 2 2 0
128.797 0.856287 0.856287 2 2 0
128.297 0.85401 0.85401 2 2 0
127.797 0.851701 0.851701 2 2 0
127.297 0.849361 0.849361 2 2 0
126.797 0.84699 0.84699 2 2 0
126.297 0.844586 0.844586 2 2 0
125.797 0.842149 0.842149 2 2 0
125.297 0.839681 0.839681 2 2 0
124.797 0.837179 0.837179 2 2 0
124.297 0.834644 0.834644 2 2 0
123.797 0.832076 0.832076 2 2 0
123.297 0.829475 0.829475 2 2 0
122.797 0.826839 0.826839 2 2 0
122.297 0.82417 0.82417 2 2 0
121.797 0.821466 0.821466 2 2 0
121.297 0.818728 0.818728 2 2 0
120.797 0.815956 0.815956 2 2 0
120.297 0.813148 0.813148 2 2 0
119.797 0.810306 0.810306 2 2 0
119.297 0.807428 0.807428 2 2 0
118.797 0.804515 0.804515 2 2 0
118.297 0.801567 0.801567 2 2 0
117.797 0.798582 0.798582 2 2 0
117.297 0.795563 0.795563 2 2 0
116.797 0.792507 0.792507 2 2 0
116.297 0.789415 0.789415 2 2 0
115.797 0.786287 0.786287 2 2 0
115.297 0.783122 0.783122 2 2 0
114.797 0.779921 0.779921 2 2 0
114.297 0.776684 0.776684 2 2 0
113.797 0.77341 0.77341 2 2 0
113.297 0.7701 0.7701 2 2 0
112.797 0.766753 0.766753 2 2 0
112.297 0.763369 0.763369 2 2 0
111.797 0.759948 0.759948 2 2 0
111.297 0.756491 0.756491 2 2 0
110.797 0.752997 0.752997 2 2 0
110.297 0.749467 0.749467 2 2 0
109.797 0.745899 0.745899 2 2 0
109.297 0.742296 0.742296 2 2 0
108.797 0.738655 0.738655 2 2 0
108.297 0.734978 0.734978 2 2 0
107.797 0.731265 0.731265 2 2 0
107.297 0.727515 0.727515 2 2 0
106.797 0.72373 0.72373 2 2 0
106.297 0.719908 0.719908 2 2 0
105.797 0.716051 0.716051 2 2 0
105.297 0.712158 0.712158 2 2 0
104.797 0.708229 0.708229 2 2 0
104.297 0.704265 0.704265 2 2 0
103.797 0.700266 0.700266 2 2 0
103.297 0.696233 0.696233 2 2 0
102.797 0.692165 0.692165 2 2 0
102.297 0.688062 0.688062 2 2 0
101.797 0.683926 0.683926 2 2 0
101.297 0.679756 0.679756 2 2 0
100.797 0.675553 0.675553 2 2 0
100.297 0.671318 0.671318 2 2 0
99.7974 0.667049 0.667049 2 2 0
99.2974 0.662749 0.662749 2 2 0
98.7975 0.658417 0.658417 2 2 0
98.2975 0.654054 0.654054 2 2 0
97.7975 0.64966 0.64966 2 2 0
97.2975 0.645236 0.645236 2 2 0
96.7975 0.640783 0.640783 2 2 0
96.2976 0.6363 0.6363 2 2 0
95.7976 0.631788 0.631788 2 2 0
95.2976 0.627249 0.627249 2 2 0
94.7976 0.622682 0.622682 2 2 0
94.2976 0.618089 0.618089 2 2 0
93.7977 0.613469 0.613469 2 2 0
93.2977 0.608824 0.608824 2 2 0
92.7977 0.604154 0.604154 2 2 0
92.2977 0.59946 0.59946 2 2 0
91.7978 0.594743 0.594743 2 2 0
91.2978 0.590003 0.590003 2 2 0
90.7978 0.585241 0.585241 2 2 0
90.2978 0.580458 0.580458 2 2 0
89.7979 0.575655 0.575655 2 2 0
89.2979 0.570833 0.570833 2 2 0
88.7979 0.565993 0.565993 2 2 0
88.2979 0.561134 0.561134 2 2 0
87.7979 0.556259 0.556259 2 2 0
87.298 0.551368 0.551368 2 2 0
86.798 0.546463 0.546463 2 2 0
86.298 0.541543 0.541543 2 2 0
85.7981 0.536611 0.536611 2 2 0
85.2981 0.531667 0.531667 2 2 0
84.7981 0.526712 0.526712 2 2 0
84.2981 0.521747 0.521747 2 2 0
83.7982 0.516773 0.516773 2 2 0
83.2982 0.511792 0.511792 2 2 0
82.7982 0.506804 0.506804 2 2 0
82.2982 0.50181 0.50181 2 2 0
81.7983 0.496812 0.496812 2 2 0
81.2983 0.491811 0.491811 2 2 0
80.7983 0.486808 0.486808 2 2 0
80.2983 0.481803 0.481803 2 2 0
79.7984 0.476799 0.476799 2 2 0
79.2984 0.471797 0.471797 2 2 0
78.7984 0.466797 0.466797 2 2 0
78.2985 0.461801 0.461801 2 2 0
77.7985 0.45681 0.45681 2 2 0
77.2985 0.451826 0.451826 2 2 0
76.7985 0.446849 0.446849 2 2 0
76.2986 0.44188 0.44188 2 2 0
75.7986 0.436923 0.436923 2 2 0
75.2986 0.431976 0.431976 2 2 0
74.7986 0.427042 0.427042 2 2 0
74.2987 0.422122 0.422122 2 2 0
73.7987 0.417218 0.417218 2 2 0
73.2987 0.41233 0.41233 2 2 0
72.7988 0.40746 0.40746 2 2 0
72.2988 0.402609 0.402609 2 2 0
71.7988 0.397779 0.397779 2 2 0
71.2988 0.39297 0.39297 2 2 0
70.7989 0.388185 0.388185 2 2 0
70.2989 0.383424 0.383424 2 2 0
69.7989 0.378689 0.378689 2 2 0
69.299 0.373981 0.373981 2 2 0
68.799 0.369302 0.369302 2 2 0
68.299 0.364653 0.364653 2 2 0
67.799 0.360034 0.360034 2 2 0
67.2991 0.355448 0.355448 2 2 0
66.7991 0.350895 0.350895 2 2 0
66.2991 0.346378 0.346378 2 2 0
65.7991 0.341896 0.341896 2 2 0
65.2992 0.337453 0.337453 2 2 0
64.7992 0.333047 0.333047 2 2 0
64.2992 0.328682 0.328682 2 2 0
63.7992 0.324358 0.324358 2 2 0
63.2993 0.320077 0.320077 2 2 0
62.7993 0.315838 0.315838 2 2 0
62.2993 0.311645 0.311645 2 2 0
61.7994 0.307497 0.307497 2 2 0
61.2994 0.303397 0.303397 2 2 0
60.7994 0.299344 0.299344 2 2 0
60.2994 0.295341 0.295341 2 2 0
59.7995 0.291387 0.291387 2 2 0
59.2995 0.287485 0.287485 2 2 0
59.0703 0.285713 0.285713 1 2 0
59.0703 0.285713 0.285713 2 3 0
61.3155 0.285714 0.285714 1 3 0
61.3206 0.285714 0.285714 1 3 0
61.3232 0.285714 0.285714 1 3 0
61.3282 0.285714 0.285714 1 3 0
61.3382 0.285714 0.285714 1 3 0
61.3582 0.285714 0.285714 1 3 0
61.3982 0.285714 0.285714 1 3 0
61.4782 0.285714 0.285714 1 3 0
61.6382 0.285714 0.285714 1 3 0
61.9582 0.285714 0.285714 1 3 0
62.4582 0.285714 0.285714 1 3 0
62.9582 0.285714 0.285714 1 3 0
63.4582 0.285714 0.285714 1 3 0
63.9582 0.285714 0.285714 1 3 0
64.4582 0.285714 0.285714 1 3 0
64.9582 0.285714 0.285714 1 3 0
65.4582 0.285714 0.285714 1 3 0
65.9582 0.285714 0.285714 1 3 0
66.4582 0.285714 0.285714 1 3 0
66.9582 0.285714 0.285714 1 3 0
67.4582 0.285714 0.285714 1 3 0
67.9582 0.285714 0.285714 1 3 0
68.4582 0.285714 0.285714 1 3 0
68.9582 0.285714 0.285714 1 3 0
69.4582 0.285714 0.285714 1 3 0
69.9582 0.285714 0.285714 1 3 0
70.4582 0.285714 0.285714 1 3 0
70.9582 0.285714 0.285714 1 3 0
71.4582 0.285714 0.285714 1 3 0
71.9582 0.285714 0.285714 1 3 0
72.4582 0.285714 0.285714 1 3 0
72.9582 0.285714 0.285714 1 3 0
73.4581 0.285714 0.285714 1 3 0
73.9581 0.285714 0.285714 1 3 0
74.4581 0.285714 0.285714 1 3 0
74.9581 0.285714 0.285714 1 3 0
75.4581 0.285714 0.285714 1 3 0
75.9581 0.285714 0.285714 1 3 0
76.4581 0.285714 0.285714 1 3 0
76.9581 0.285714 0.285714 1 3 0
77.4581 0.285714 0.285714 1 3 0
77.9581 0.285714 0.285714 1 3 0
78.4581 0.285714 0.285714 1 3 0
78.9581 0.285714 0.285714 1 3 0
79.4581 0.285714 0.285714 1 3 0
79.9581 0.285714 0.285714 1 3 0
80.4581 0.285714 0.285714 1 3 0
80.9581 0.285714 0.285714 1 3 0
81.4581 0.285714 0.285714 1 3 0
81.9581 0.285714 0.285714 1 3 0
82.4581 0.285714 0.285714 1 3 0
82.9581 0.285714 0.285714 1 3 0
83.4581 0.285714 0.285714 1 3 0
83.9581 0.285714 0.285714 1 3 0
84.4581 0.285714 0.285714 1 3 0
84.9581 0.285714 0.285714 1 3 0
85.4581 0.285714 0.285714 1 3 0
85.9581 0.285714 0.285714 1 3 0
86.4581 0.285714 0.285714 1 3 0
86.9581 0.285714 0.285714 1 3 0
87.4581 0.285714 0.285714 1 3 0
87.9581 0.285714 0.285714 1 3 0
88.4581 0.285714 0.285714 1 3 0
88.9581 0.285714 0.285714 1 3 0
89.4581 0.285714 0.285714 1 3 0
89.9581 0.285714 0.285714 1 3 0
90.4581 0.285714 0.285714 1 3 0
90.9581 0.285714 0.285714 1 3 0
91.4581 0.285714 0.285714 1 3 0
91.9581 0.285714 0.285714 1 3 0
92.4581 0.285714 0.285714 1 3 0
92.9581 0.285714 0.285714 1 3 0
93.4581 0.285714 0.285714 1 3 0
93.9581 0.285714 0.285714 1 3 0
94.4581 0.285714 0.285714 1 3 0
94.9581 0.285714 0.285714 1 3 0
95.4581 0.285714 0.285714 1 3 0
95.9581 0.285714 0.285714 1 3 0
96.4581 0.285714 0.285714 1 3 0
96.9581 0.285714 0.285714 1 3 0
97.4581 0.285714 0.285714 1 3 0
97.9581 0.285714 0.285714 1 3 0
98.4581 0.285714 0.285714 1 3 0
98.9581 0.285714 0.285714 1 3 0
99.4581 0.285714 0.285714 1 3 0
99.9581 0.285714 0.285714 1 3 0
100.458 0.285714 0.285714 1 3 0
100.958 0.285714 0.285714 1 3 0
101.458 0.285714 0.285714 1 3 0
101.958 0.285714 0.285714 1 3 0
102.458 0.285714 0.285714 1 3 0
102.958 0.285714 0.285714 1 3 0
103.458 0.285714 0.285714 1 3 0
103.958 0.285714 0.285714 1 3 0
104.458 0.285714 0.285714 1 3 0
104.958 0.285714 0.285714 1 3 0
105.458 0.285714 0.285714 1 3 0
105.958 0.285714 0.285714 1 3 0
106.458 0.285714 0.285714 1 3 0
106.958 0.285714 0.285714 1 3 0
107.458 0.285714 0.285714 1 3 0
107.958 0.285714 0.285714 1 3 0
108.458 0.285714 0.285714 1 3 0
108.958 0.285714 0.285714 1 3 0
109.458 0.285714 0.285714 1 3 0
109.958 0.285714 0.285714 1 3 0
110.458 0.285714 0.285714 1 3 0
110.958 0.285714 0.285714 1 3 0
111.458 0.285714 0.285714 1 3 0
111.958 0.285714 0.285714 1 3 0
112.458 0.285714 0.285714 1 3 0
112.958 0.285714 0.285714 1 3 0
113.458 0.285714 0.285714 1 3 0
113.958 0.285714 0.285714 1 3 0
114.458 0.285714 0.285714 1 3 0
114.958 0.285714 0.285714 1 3 0
115.458 0.285714 0.285714 1 3 0
115.958 0.285714 0.285714 1 3 0
116.458 0.285714 0.285714 1 3 0
116.958 0.285714 0.285714 1 3 0
117.458 0.285714 0.285714 1 3 0
117.958 0.285714 0.285714 1 3 0
118.458 0.285714 0.285714 1 3 0
118.958 0.285714 0.285714 1 3 0
119.458 0.285714 0.285714 1 3 0
119.958 0.285714 0.285714 1 3 0
120.458 0.285714 0.285714 1 3 0
120.958 0.285714 0.285714 1 3 0
121.458 0.285714 0.285714 1 3 0
121.958 0.285714 0.285714 1 3 0
122.458 0.285714 0.285714 1 3 0
122.958 0.285714 0.285714 1 3 0
123.458 0.285714 0.285714 1 3 0
123.958 0.285714 0.285714 1 3 0
124.458 0.285714 0.285714 1 3 0
124.958 0.285714 0.285714 1 3 0
125.458 0.285714 0.285714 1 3 0
125.958 0.285714 0.285714 1 3 0
126.458 0.285714 0.285714 1 3 0
126.958 0.285714 0.285714 1 3 0
127.458 0.285714 0.285714 1 3 0
127.958 0.285714 0.285714 1 3 0
128.458 0.285714 0.285714 1 3 0
128.958 0.285714 0.285714 1 3 0
129.458 0.285714 0.285714 1 3 0
129.958 0.285714 0.285714 1 3 0
130.458 0.285714 0.285714 1 3 0
130.958 0.285714 0.285714 1 3 0
131.458 0.285714 0.285714 1 3 0
131.958 0.285714 0.285714 1 3 0
132.458 0.285714 0.285714 1 3 0
132.958 0.285714 0.285714 1 3 0
133.458 0.285714 0.285714 1 3 0
133.958 0.285714 0.285714 1 3 0
134.458 0.285714 0.285714 1 3 0
134.958 0.285714 0.285714 1 3 0
135.458 0.285714 0.285714 1 3 0
135.958 0.285714 0.285714 1 3 0
136.458 0.285714 0.285714 1 3 0
136.958 0.285714 0.285714 1 3 0
137.458 0.285714 0.285714 1 3 0
137.958 0.285714 0.285714 1 3 0
138.458 0.285714 0.285714 1 3 0
138.958 0.285714 0.285714 1 3 0
139.458 0.285714 0.285714 1 3 0
139.958 0.285714 0.285714 1 3 0
140.458 0.285714 0.285714 1 3 0
140.958 0.285714 0.285714 1 3 0
141.458 0.285714 0.285714 1 3 0
141.958 0.285714 0.285714 1 3 0
142.458 0.285714 0.285714 1 3 0
142.958 0.285714 0.285714 1 3 0
143.458 0.285714 0.285714 1 3 0
143.958 0.285714 0.285714 1 3 0
144.458 0.285714 0.285714 1 3 0
144.958 0.285714 0.285714 1 3 0
145.458 0.285714 0.285714 1 3 0
145.958 0.285714 0.285714 1 3 0
146.458 0.285714 0.285714 1 3 0
146.958 0.285714 0.285714 1 3 0
147.458 0.285714 0.285714 1 3 0
147.958 0.285714 0.285714 1 3 0
148.458 0.285714 0.285714 1 3 0
148.958 0.285714 0.285714 1 3 0
149.458 0.285714 0.285714 1 3 0
149.958 0.285714 0.285714 1 3 0
150.458 0.285714 0.285714 1 3 0
150.958 0.285714 0.285714 1 3 0
151.458 0.285714 0.285714 1 3 0
151.958 0.285714 0.285714 1 3 0
152.458 0.285714 0.285714 1 3 0
152.958 0.285714 0.285714 1 3 0
153.458 0.285714 0.285714 1 3 0
153.958 0.285714 0.285714 1 3 0
154.458 0.285714 0.285714 1 3 0
154.958 0.285714 0.285714 1 3 0
155.458 0.285714 0.285714 1 3 0
155.958 0.285714 0.285714 1 3 0
156.458 0.285714 0.285714 1 3 0
59.0703 0.285713 0.285713 2 3 0
56.8133 0.285714 0.285714 1 3 0
56.8082 0.285714 0.285714 2 3 0
56.8056 0.285714 0.285714 2 3 0
56.8006 0.285714 0.285714 2 3 0
56.7906 0.285714 0.285714 2 3 0
56.7706 0.285714 0.285714 2 3 0
56.7306 0.285714 0.285714 2 3 0
56.6506 0.285714 0.285714 2 3 0
56.4906 0.285714 0.285714 2 3 0
56.1706 0.285714 0.285714 2 3 0
55.6706 0.285714 0.285714 2 3 0
55.1706 0.285714 0.285714 2 3 0
54.6706 0.285714 0.285714 2 3 0
54.1706 0.285714 0.285714 2 3 0
53.6706 0.285714 0.285714 2 3 0
53.1706 0.285714 0.285714 2 3 0
52.6706 0.285714 0.285714 2 3 0
52.1706 0.285714 0.285714 2 3 0
51.6706 0.285714 0.285714 2 3 0
51.1706 0.285714 0.285714 2 3 0
50.6706 0.285714 0.285714 2 3 0
50.1706 0.285714 0.285714 2 3 0
49.6706 0.285714 0.285714 2 3 0
49.1706 0.285714 0.285714 2 3 0
48.6706 0.285714 0.285714 2 3 0
48.1706 0.285714 0.285714 2 3 0
47.6706 0.285714 0.285714 2 3 0
47.1706 0.285714 0.285714 2 3 0
46.6706 0.285714 0.285714 2 3 0
46.1706 0.285714 0.285714 2 3 0
45.6706 0.285714 0.285714 2 3 0
45.1706 0.285714 0.285714 2 3 0
44.6706 0.285714 0.285714 2 3 0
44.1706 0.285714 0.285714 2 3 0
43.6707 0.285714 0.285714 2 3 0
43.1707 0.285714 0.285714 2 3 0
42.6707 0.285714 0.285714 2 3 0
42.1707 0.285714 0.285714 2 3 0
41.6707 0.285714 0.285714 2 3 0
41.1707 0.285714 0.285714 2 3 0
40.6707 0.285714 0.285714 2 3 0
40.1707 0.285714 0.285714 2 3 0
39.6707 0.285714 0.285714 2 3 0
39.1707 0.285714 0.285714 2 3 0
38.6707 0.285714 0.285714 2 3 0
38.1707 0.285714 0.285714 2 3 0
37.6707 0.285714 0.285714 2 3 0
37.1707 0.285714 0.285714 2 3 0
36.6707 0.285714 0.285714 2 3 0
36.1707 0.285714 0.285714 2 3 0
35.6707 0.285714 0.285714 2 3 0
35.1707 0.285714 0.285714 2 3 0
34.6707 0.285714 0.285714 2 3 0
34.1707 0.285714 0.285714 2 3 0
33.6707 0.285714 0.285714 2 3 0
33.1707 0.285714 0.285714 2 3 0
32.6707 0.285714 0.285714 2 3 0
32.1707 0.285714 0.285714 2 3 0
31.6707 0.285714 0.285714 2 3 0
31.1707 0.285714 0.285714 2 3 0
30.6707 0.285714 0.285714 2 3 0
30.1708 0.285714 0.285714 2 3 0
29.6708 0.285714 0.285714 2 3 0
29.1708 0.285714 0.285714 2 3 0
28.6708 0.285714 0.285714 2 3 0
28.1708 0.285714 0.285714 2 3 0
27.6708 0.285714 0.285714 2 3 0
27.1708 0.285714 0.285714 2 3 0
26.6708 0.285714 0.285714 2 3 0
26.1708 0.285714 0.285714 2 3 0
25.6708 0.285714 0.285714 2 3 0
25.1708 0.285714 0.285714 2 3 0
24.6708 0.285714 0.285714 2 3 0
24.1708 0.285714 0.285714 2 3 0
23.6708 0.285714 0.285714 2 3 0
23.1708 0.285714 0.285714 2 3 0
22.6708 0.285714 0.285714 2 3 0
22.1709 0.285714 0.285714 2 3 0
21.6709 0.285714 0.285714 2 3 0
21.1709 0.285714 0.285714 2 3 0
20.6709 0.285714 0.285714 2 3 0
20.1709 0.285714 0.285714 2 3 0
19.6709 0.285714 0.285714 2 3 0
19.1709 0.285714 0.285714 2 3 0
18.6709 0.285714 0.285714 2 3 0
18.1709 0.285714 0.285714 2 3 0
17.6709 0.285714 0.285714 2 3 0
17.171 0.285714 0.285714 2 3 0
16.671 0.285714 0.285714 2 3 0
16.171 0.285714 0.285714 2 3 0
15.671 0.285714 0.285714 2 3 0
15.171 0.285714 0.285714 2 3 0
14.671 0.285714 0.285714 2 3 0
14.171 0.285714 0.285714 2 3 0
13.6711 0.285714 0.285714 2 3 0
13.1711 0.285714 0.285714 2 3 0
12.6711 0.285714 0.285714 2 3 0
12.1711 0.285714 0.285714 2 3 0
11.6711 0.285714 0.285714 2 3 0
11.1711 0.285714 0.285714 2 3 0
10.6712 0.285714 0.285714 2 3 0
10.1712 0.285714 0.285714 2 3 0
9.6712 0.285714 0.285714 2 3 0
9.17122 0.285714 0.285714 2 3 0
8.67124 0.285714 0.285714 2 3 0
8.17127 0.285714 0.285714 2 3 0
7.67129 0.285714 0.285714 2 3 0
7.17132 0.285714 0.285714 2 3 0
6.67134 0.285714 0.285714 2 3 0
6.17137 0.285714 0.285714 2 3 0
5.6714 0.285714 0.285714 2 3 0
5.17143 0.285714 0.285714 2 3 0
4.67146 0.285714 0.285714 2 3 0
4.17149 0.285714 0.285714 2 3 0
3.67153 0.285714 0.285714 2 3 0
3.17156 0.285714 0.285714 2 3 0
2.6716 0.285714 0.285714 2 3 0
2.17164 0.285714 0.285714 2 3 0
1.67168 0.285714 0.285714 2 3 0
1.17172 0.285714 0.285714 2 3 0
0.671767 0.285714 0.285714 2 3 0
0.171813 0.285714 0.285714 2 3 0
-0.328139 0.285714 0.285714 2 3 0
156.437 0.941947 0.941947 2 2 0
156.477 0.942026 0.942026 2 2 0
156.517 0.942104 0.942104 2 2 0
156.597 0.94226 0.94226 2 2 0
156.757 0.942571 0.942571 2 2 0
157.077 0.943189 0.943189 2 2 0
157.577 0.944141 0.944141 2 2 0
158.077 0.945078 0.945078 2 2 0
158.577 0.945999 0.945999 2 2 0
159.077 0.946906 0.946906 2 2 0
159.577 0.947798 0.947798 2 2 0
160.077 0.948676 0.948676 2 2 0
160.577 0.949539 0.949539 2 2 0
161.077 0.950389 0.950389 2 2 0
161.577 0.951224 0.951224 2 2 0
162.077 0.952046 0.952046 2 2 0
162.577 0.952855 0.952855 2 2 0
163.077 0.953651 0.953651 2 2 0
163.577 0.954433 0.954433 2 2 0
164.077 0.955203 0.955203 2 2 0
164.577 0.95596 0.95596 2 2 0
165.077 0.956705 0.956705 2 2 0
165.577 0.957437 0.957437 2 2 0
166.077 0.958157 0.958157 2 2 0
166.577 0.958866 0.958866 2 2 0
167.077 0.959563 0.959563 2 2 0
167.577 0.960248 0.960248 2 2 0
168.077 0.960923 0.960923 2 2 0
168.577 0.961586 0.961586 2 2 0
169.077 0.962238 0.962238 2 2 0
169.577 0.962879 0.962879 2 2 0
170.077 0.96351 0.96351 2 2 0
170.577 0.96413 0.96413 2 2 0
171.077 0.96474 0.96474 2 2 0
171.577 0.965339 0.965339 2 2 0
172.077 0.965929 0.965929 2 2 0
172.577 0.966509 0.966509 2 2 0
173.077 0.96708 0.96708 2 2 0
173.577 0.96764 0.96764 2 2 0
174.077 0.968192 0.968192 2 2 0
174.577 0.968734 0.968734 2 2 0
175.077 0.969267 0.969267 2 2 0
175.577 0.969792 0.969792 2 2 0
176.077 0.970307 0.970307 2 2 0
176.577 0.970814 0.970814 2 2 0
177.077 0.971312 0.971312 2 2 0
177.577 0.971803 0.971803 2 2 0
178.077 0.972284 0.972284 2 2 0
178.577 0.972758 0.972758 2 2 0
179.077 0.973224 0.973224 2 2 0
179.577 0.973682 0.973682 2 2 0
180.077 0.974132 0.974132 2 2 0
180.577 0.974575 0.974575 2 2 0
181.077 0.97501 0.97501 2 2 0
181.577 0.975438 0.975438 2 2 0
182.077 0.975859 0.975859 2 2 0
182.577 0.976272 0.976272 2 2 0
183.077 0.976679 0.976679 2 2 0
183.577 0.977079 0.977079 2 2 0
184.077 0.977471 0.977471 2 2 0
184.577 0.977858 0.977858 2 2 0
185.077 0.978238 0.978238 2 2 0
185.577 0.978611 0.978611 2 2 0
186.077 0.978978 0.978978 2 2 0
186.577 0.979339 0.979339 2 2 0
187.077 0.979694 0.979694 2 2 0
187.577 0.980042 0.980042 2 2 0
188.077 0.980385 0.980385 2 2 0
188.577 0.980722 0.980722 2 2 0
189.077 0.981053 0.981053 2 2 0
189.577 0.981379 0.981379 2 2 0
190.077 0.981699 0.981699 2 2 0
190.577 0.982014 0.982014 2 2 0
191.077 0.982323 0.982323 2 2 0
191.577 0.982627 0.982627 2 2 0
192.077 0.982926 0.982926 2 2 0
192.577 0.983219 0.983219 2 2 0
193.077 0.983508 0.983508 2 2 0
193.577 0.983792 0.983792 2 2 0
194.077 0.984071 0.984071 2 2 0
194.577 0.984345 0.984345 2 2 0
195.077 0.984615 0.984615 2 2 0
195.577 0.98488 0.98488 2 2 0
196.077 0.98514 0.98514 2 2 0
196.577 0.985396 0.985396 2 2 0
197.077 0.985648 0.985648 2 2 0
197.577 0.985895 0.985895 2 2 0
198.077 0.986138 0.986138 2 2 0
198.577 0.986377 0.986377 2 2 0
199.077 0.986612 0.986612 2 2 0
199.577 0.986843 0.986843 2 2 0
200.077 0.98707 0.98707 2 2 0
200.577 0.987293 0.987293 2 2 0
201.077 0.987512 0.987512 2 2 0
201.577 0.987727 0.987727 2 2 0
202.077 0.987939 0.987939 2 2 0
202.577 0.988147 0.988147 2 2 0
203.077 0.988352 0.988352 2 2 0
203.577 0.988553 0.988553 2 2 0
204.077 0.98875 0.98875 2 2 0
204.577 0.988944 0.988944 2 2 0
205.077 0.989135 0.989135 2 2 0
205.577 0.989323 0.989323 2 2 0
206.077 0.989507 0.989507 2 2 0
206.577 0.989688 0.989688 2 2 0
207.077 0.989866 0.989866 2 2 0
207.577 0.990041 0.990041 2 2 0
208.077 0.990213 0.990213 2 2 0
208.577 0.990383 0.990383 2 2 0
209.077 0.990549 0.990549 2 2 0
209.577 0.990712 0.990712 2 2 0
210.077 0.990872 0.990872 2 2 0
210.577 0.99103 0.99103 2 2 0
211.077 0.991185 0.991185 2 2 0
211.577 0.991338 0.991338 2 2 0
212.077 0.991487 0.991487 2 2 0
212.577 0.991634 0.991634 2 2 0
213.077 0.991779 0.991779 2 2 0
213.577 0.991921 0.991921 2 2 0
214.077 0.992061 0.992061 2 2 0
214.577 0.992198 0.992198 2 2 0
215.077 0.992333 0.992333 2 2 0
215.577 0.992466 0.992466 2 2 0
216.077 0.992596 0.992596 2 2 0
216.577 0.992724 0.992724 2 2 0
217.077 0.99285 0.99285 2 2 0
217.577 0.992974 0.992974 2 2 0
218.077 0.993095 0.993095 2 2 0
218.577 0.993215 0.993215 2 2 0
219.077 0.993332 0.993332 2 2 0
219.577 0.993447 0.993447 2 2 0
220.077 0.993561 0.993561 2 2 0
220.577 0.993672 0.993672 2 2 0
221.077 0.993782 0.993782 2 2 0
221.577 0.993889 0.993889 2 2 0
222.077 0.993995 0.993995 2 2 0
222.577 0.994099 0.994099 2 2 0
223.077 0.994201 0.994201 2 2 0
223.577 0.994302 0.994302 2 2 0
224.077 0.9944 0.9944 2 2 0
224.577 0.994497 0.994497 2 2 0
225.077 0.994592 0.994592 2 2 0
225.577 0.994686 0.994686 2 2 0
226.077 0.994778 0.994778 2 2 0
226.577 0.994868 0.994868 2 2 0
227.077 0.994957 0.994957 2 2 0
227.577 0.995045 0.995045 2 2 0
228.077 0.99513 0.99513 2 2 0
228.577 0.995215 0.995215 2 2 0
229.077 0.995298 0.995298 2 2 0
229.577 0.995379 0.995379 2 2 0
230.077 0.995459 0.995459 2 2 0
230.577 0.995538 0.995538 2 2 0
231.077 0.995615 0.995615 2 2 0
231.577 0.995691 0.995691 2 2 0
232.077 0.995766 0.995766 2 2 0
232.577 0.995839 0.995839 2 2 0
233.077 0.995911 0.995911 2 2 0
233.577 0.995982 0.995982 2 2 0
234.077 0.996051 0.996051 2 2 0
234.577 0.99612 0.99612 2 2 0
235.077 0.996187 0.996187 2 2 0
235.577 0.996253 0.996253 2 2 0
236.077 0.996318 0.996318 2 2 0
236.577 0.996382 0.996382 2 2 0
237.077 0.996445 0.996445 2 2 0
237.577 0.996506 0.996506 2 2 0
238.077 0.996567 0.996567 2 2 0
238.577 0.996626 0.996626 2 2 0
239.077 0.996685 0.996685 2 2 0
239.577 0.996742 0.996742 2 2 0
240.077 0.996799 0.996799 2 2 0
240.577 0.996854 0.996854 2 2 0
241.077 0.996909 0.996909 2 2 0
241.577 0.996962 0.996962 2 2 0
242.077 0.997015 0.997015 2 2 0
242.577 0.997067 0.997067 2 2 0
243.077 0.997117 0.997117 2 2 0
243.577 0.997167 0.997167 2 2 0
244.077 0.997216 0.997216 2 2 0
244.577 0.997265 0.997265 2 2 0
245.077 0.997312 0.997312 2 2 0
245.577 0.997359 0.997359 2 2 0
246.077 0.997404 0.997404 2 2 0
246.577 0.997449 0.997449 2 2 0
247.077 0.997494 0.997494 2 2 0
247.577 0.997537 0.997537 2 2 0
248.077 0.99758 0.99758 2 2 0
248.577 0.997622 0.997622 2 2 0
249.077 0.997663 0.997663 2 2 0
249.577 0.997704 0.997704 2 2 0
250.077 0.997743 0.997743 2 2 0
250.577 0.997782 0.997782 2 2 0
251.077 0.997821 0.997821 2 2 0
251.577 0.997859 0.997859 2 2 0
252.077 0.997896 0.997896 2 2 0
252.577 0.997932 0.997932 2 2 0
253.077 0.997968 0.997968 2 2 0
253.577 0.998003 0.998003 2 2 0
254.077 0.998038 0.998038 2 2 0
254.077 0.998038 0.998038 2 2 0
254.117 0.998041 0.998041 2 2 0
254.157 0.998043 0.998043 2 2 0
254.237 0.998049 0.998049 2 2 0
254.397 0.99806 0.99806 2 2 0
254.717 0.998081 0.998081 2 2 0
255.217 0.998115 0.998115 2 2 0
255.717 0.998147 0.998147 2 2 0
256.217 0.998179 0.998179 2 2 0
256.717 0.998211 0.998211 2 2 0
257.217 0.998242 0.998242 2 2 0
257.717 0.998273 0.998273 2 2 0
258.217 0.998303 0.998303 2 2 0
258.717 0.998332 0.998332 2 2 0
259.217 0.998361 0.998361 2 2 0
259.717 0.998389 0.998389 2 2 0
260.217 0.998417 0.998417 2 2 0
260.717 0.998445 0.998445 2 2 0
261.217 0.998472 0.998472 2 2 0
261.717 0.998498 0.998498 2 2 0
262.217 0.998524 0.998524 2 2 0
262.717 0.99855 0.99855 2 2 0
263.217 0.998575 0.998575 2 2 0
263.717 0.9986 0.9986 2 2 0
264.217 0.998624 0.998624 2 2 0
264.717 0.998648 0.998648 2 2 0
265.217 0.998671 0.998671 2 2 0
265.717 0.998694 0.998694 2 2 0
266.217 0.998717 0.998717 2 2 0
266.717 0.998739 0.998739 2 2 0
267.217 0.998761 0.998761 2 2 0
267.717 0.998783 0.998783 2 2 0
268.217 0.998804 0.998804 2 2 0
268.717 0.998824 0.998824 2 2 0
269.217 0.998845 0.998845 2 2 0
269.717 0.998865 0.998865 2 2 0
270.217 0.998885 0.998885 2 2 0
270.717 0.998904 0.998904 2 2 0
271.217 0.998923 0.998923 2 2 0
271.717 0.998942 0.998942 2 2 0
272.217 0.99896 0.99896 2 2 0
272.717 0.998978 0.998978 2 2 0
273.217 0.998996 0.998996 2 2 0
273.717 0.999013 0.999013 2 2 0
274.217 0.99903 0.99903 2 2 0
274.717 0.999047 0.999047 2 2 0
275.217 0.999064 0.999064 2 2 0
275.717 0.99908 0.99908 2 2 0
276.217 0.999096 0.999096 2 2 0
276.717 0.999111 0.999111 2 2 0
277.217 0.999127 0.999127 2 2 0
277.717 0.999142 0.999142 2 2 0
278.217 0.999157 0.999157 2 2 0
278.717 0.999172 0.999172 2 2 0
279.217 0.999186 0.999186 2 2 0
279.717 0.9992 0.9992 2 2 0
280.217 0.999214 0.999214 2 2 0
280.717 0.999228 0.999228 2 2 0
281.217 0.999241 0.999241 2 2 0
281.717 0.999254 0.999254 2 2 0
282.217 0.999267 0.999267 2 2 0
282.717 0.99928 0.99928 2 2 0
283.217 0.999292 0.999292 2 2 0
283.717 0.999304 0.999304 2 2 0
284.217 0.999317 0.999317 2 2 0
284.717 0.999328 0.999328 2 2 0
285.217 0.99934 0.99934 2 2 0
285.717 0.999352 0.999352 2 2 0
286.217 0.999363 0.999363 2 2 0
286.717 0.999374 0.999374 2 2 0
287.217 0.999385 0.999385 2 2 0
287.717 0.999395 0.999395 2 2 0
288.217 0.999406 0.999406 2 2 0
288.717 0.999416 0.999416 2 2 0
289.217 0.999426 0.999426 2 2 0
289.717 0.999436 0.999436 2 2 0
290.217 0.999446 0.999446 2 2 0
290.717 0.999456 0.999456 2 2 0
291.217 0.999465 0.999465 2 2 0
291.717 0.999474 0.999474 2 2 0
292.217 0.999483 0.999483 2 2 0
292.717 0.999492 0.999492 2 2 0
293.217 0.999501 0.999501 2 2 0
293.717 0.99951 0.99951 2 2 0
294.217 0.999518 0.999518 2 2 0
294.717 0.999527 0.999527 2 2 0
295.217 0.999535 0.999535 2 2 0
295.717 0.999543 0.999543 2 2 0
296.217 0.999551 0.999551 2 2 0
296.717 0.999559 0.999559 2 2 0
297.217 0.999566 0.999566 2 2 0
297.717 0.999574 0.999574 2 2 0
298.217 0.999581 0.999581 2 2 0
298.717 0.999589 0.999589 2 2 0
299.217 0.999596 0.999596 2 2 0
299.717 0.999603 0.999603 2 2 0
300.217 0.99961 0.99961 2 2 0
300.717 0.999616 0.999616 2 2 0
301.217 0.999623 0.999623 2 2 0
301.717 0.99963 0.99963 2 2 0
302.217 0.999636 0.999636 2 2 0
302.717 0.999642 0.999642 2 2 0
303.217 0.999649 0.999649 2 2 0
303.717 0.999655 0.999655 2 2 0
304.217 0.999661 0.999661 2 2 0
304.717 0.999666 0.999666 2 2 0
305.217 0.999672 0.999672 2 2 0
305.717 0.999678 0.999678 2 2 0
306.217 0.999684 0.999684 2 2 0
306.717 0.999689 0.999689 2 2 0
307.217 0.999694 0.999694 2 2 0
307.717 0.9997 0.9997 2 2 0
308.217 0.999705 0.999705 2 2 0
308.717 0.99971 0.99971 2 2 0
309.217 0.999715 0.999715 2 2 0
309.717 0.99972 0.99972 2 2 0
310.217 0.999725 0.999725 2 2 0
310.717 0.99973 0.99973 2 2 0
311.217 0.999734 0.999734 2 2 0
311.717 0.999739 0.999739 2 2 0
312.217 0.999743 0.999743 2 2 0
312.717 0.999748 0.999748 2 2 0
313.217 0.999752 0.999752 2 2 0
313.717 0.999757 0.999757 2 2 0
314.217 0.999761 0.999761 2 2 0
314.717 0.999765 0.999765 2 2 0
315.217 0.999769 0.999769 2 2 0
315.717 0.999773 0.999773 2 2 0
316.217 0.999777 0.999777 2 2 0
316.717 0.999781 0.999781 2 2 0
317.217 0.999785 0.999785 2 2 0
317.717 0.999788 0.999788 2 2 0
318.217 0.999792 0.999792 2 2 0
318.717 0.999796 0.999796 2 2 0
319.217 0.999799 0.999799 2 2 0
319.717 0.999803 0.999803 2 2 0
320.217 0.999806 0.999806 2 2 0
320.717 0.999809 0.999809 2 2 0
321.217 0.999813 0.999813 2 2 0
321.717 0.999816 0.999816 2 2 0
322.217 0.999819 0.999819 2 2 0
322.717 0.999822 0.999822 2 2 0
323.217 0.999825 0.999825 2 2 0
323.717 0.999828 0.999828 2 2 0
324.217 0.999831 0.999831 2 2 0
324.717 0.999834 0.999834 2 2 0
325.217 0.999837 0.999837 2 2 0
325.717 0.99984 0.99984 2 2 0
326.217 0.999843 0.999843 2 2 0
326.717 0.999846 0.999846 2 2 0
327.217 0.999848 0.999848 2 2 0
327.717 0.999851 0.999851 2 2 0
328.217 0.999853 0.999853 2 2 0
328.717 0.999856 0.999856 2 2 0
329.217 0.999859 0.999859 2 2 0
329.717 0.999861 0.999861 2 2 0
330.217 0.999863 0.999863 2 2 0
330.717 0.999866 0.999866 2 2 0
331.217 0.999868 0.999868 2 2 0
331.717 0.99987 0.99987 2 2 0
332.217 0.999873 0.999873 2 2 0
332.717 0.999875 0.999875 2 2 0
333.217 0.999877 0.999877 2 2 0
333.717 0.999879 0.999879 2 2 0
334.217 0.999881 0.999881 2 2 0
334.717 0.999883 0.999883 2 2 0
335.217 0.999885 0.999885 2 2 0
335.717 0.999887 0.999887 2 2 0
336.217 0.999889 0.999889 2 2 0
336.717 0.999891 0.999891 2 2 0
337.217 0.999893 0.999893 2 2 0
337.717 0.999895 0.999895 2 2 0
338.217 0.999897 0.999897 2 2 0
338.717 0.999899 0.999899 2 2 0
339.217 0.9999 0.9999 2 2 0
339.717 0.999902 0.999902 2 2 0
340.217 0.999904 0.999904 2 2 0
340.717 0.999905 0.999905 2 2 0
341.217 0.999907 0.999907 2 2 0
341.717 0.999909 0.999909 2 2 0
342.217 0.99991 0.99991 2 2 0
342.717 0.999912 0.999912 2 2 0
343.217 0.999913 0.999913 2 2 0
343.717 0.999915 0.999915 2 2 0
344.217 0.999916 0.999916 2 2 0
344.717 0.999918 0.999918 2 2 0
345.217 0.999919 0.999919 2 2 0
345.717 0.999921 0.999921 2 2 0
346.217 0.999922 0.999922 2 2 0
346.717 0.999923 0.999923 2 2 0
347.217 0.999925 0.999925 2 2 0
347.717 0.999926 0.999926 2 2 0
348.217 0.999927 0.999927 2 2 0
348.717 0.999928 0.999928 2 2 0
349.217 0.99993 0.99993 2 2 0
349.717 0.999931 0.999931 2 2 0
350.217 0.999932 0.999932 2 2 0
350.717 0.999933 0.999933 2 2 0
351.217 0.999934 0.999934 2 2 0
351.717 0.999936 0.999936 2 2 0
351.717 0.999936 0.999936 2 2 0
351.757 0.999936 0.999936 2 2 0
351.797 0.999936 0.999936 2 2 0
351.877 0.999936 0.999936 2 2 0
352.037 0.999936 0.999936 2 2 0
352.357 0.999937 0.999937 2 2 0
352.857 0.999938 0.999938 2 2 0
353.357 0.999939 0.999939 2 2 0
353.857 0.99994 0.99994 2 2 0
354.357 0.999941 0.999941 2 2 0
354.857 0.999942 0.999942 2 2 0
355.357 0.999943 0.999943 2 2 0
355.857 0.999944 0.999944 2 2 0
356.357 0.999945 0.999945 2 2 0
356.857 0.999946 0.999946 2 2 0
357.357 0.999947 0.999947 2 2 0
357.857 0.999948 0.999948 2 2 0
358.357 0.999949 0.999949 2 2 0
358.857 0.99995 0.99995 2 2 0
359.357 0.999951 0.999951 2 2 0
359.857 0.999952 0.999952 2 2 0
360.357 0.999952 0.999952 2 2 0
360.857 0.999953 0.999953 2 2 0
361.357 0.999954 0.999954 2 2 0
361.857 0.999955 0.999955 2 2 0
362.357 0.999956 0.999956 2 2 0
362.857 0.999956 0.999956 2 2 0
363.357 0.999957 0.999957 2 2 0
363.857 0.999958 0.999958 2 2 0
364.357 0.999959 0.999959 2 2 0
364.857 0.999959 0.999959 2 2 0
365.357 0.99996 0.99996 2 2 0
365.857 0.999961 0.999961 2 2 0
366.357 0.999961 0.999961 2 2 0
366.857 0.999962 0.999962 2 2 0
367.357 0.999963 0.999963 2 2 0
367.857 0.999963 0.999963 2 2 0
368.357 0.999964 0.999964 2 2 0
368.857 0.999965 0.999965 2 2 0
369.357 0.999965 0.999965 2 2 0
369.857 0.999966 0.999966 2 2 0
370.357 0.999966 0.999966 2 2 0
370.857 0.999967 0.999967 2 2 0
371.357 0.999968 0.999968 2 2 0
371.857 0.999968 0.999968 2 2 0
372.357 0.999969 0.999969 2 2 0
372.857 0.999969 0.999969 2 2 0
373.357 0.99997 0.99997 2 2 0
373.857 0.99997 0.99997 2 2 0
374.357 0.999971 0.999971 2 2 0
374.857 0.999971 0.999971 2 2 0
375.357 0.999972 0.999972 2 2 0
375.857 0.999972 0.999972 2 2 0
376.357 0.999973 0.999973 2 2 0
376.857 0.999973 0.999973 2 2 0
377.357 0.999974 0.999974 2 2 0
377.857 0.999974 0.999974 2 2 0
378.357 0.999975 0.999975 2 2 0
378.857 0.999975 0.999975 2 2 0
379.357 0.999976 0.999976 2 2 0
379.857 0.999976 0.999976 2 2 0
380.357 0.999976 0.999976 2 2 0
380.857 0.999977 0.999977 2 2 0
381.357 0.999977 0.999977 2 2 0
381.857 0.999978 0.999978 2 2 0
382.357 0.999978 0.999978 2 2 0
382.857 0.999978 0.999978 2 2 0
383.357 0.999979 0.999979 2 2 0
383.857 0.999979 0.999979 2 2 0
384.357 0.999979 0.999979 2 2 0
384.857 0.99998 0.99998 2 2 0
385.357 0.99998 0.99998 2 2 0
385.857 0.999981 0.999981 2 2 0
386.357 0.999981 0.999981 2 2 0
386.857 0.999981 0.999981 2 2 0
387.357 0.999982 0.999982 2 2 0
387.857 0.999982 0.999982 2 2 0
388.357 0.999982 0.999982 2 2 0
388.857 0.999982 0.999982 2 2 0
389.357 0.999983 0.999983 2 2 0
389.857 0.999983 0.999983 2 2 0
390.357 0.999983 0.999983 2 2 0
390.857 0.999984 0.999984 2 2 0
391.357 0.999984 0.999984 2 2 0
391.857 0.999984 0.999984 2 2 0
392.357 0.999984 0.999984 2 2 0
392.857 0.999985 0.999985 2 2 0
393.357 0.999985 0.999985 2 2 0
393.857 0.999985 0.999985 2 2 0
394.357 0.999986 0.999986 2 2 0
394.857 0.999986 0.999986 2 2 0
395.357 0.999986 0.999986 2 2 0
395.857 0.999986 0.999986 2 2 0
396.357 0.999987 0.999987 2 2 0
396.857 0.999987 0.999987 2 2 0
397.357 0.999987 0.999987 2 2 0
397.857 0.999987 0.999987 2 2 0
398.357 0.999987 0.999987 2 2 0
398.857 0.999988 0.999988 2 2 0
399.357 0.999988 0.999988 2 2 0
399.857 0.999988 0.999988 2 2 0
400.357 0.999988 0.999988 2 2 0
400.857 0.999988 0.999988 2 2 0
401.357 0.999989 0.999989 2 2 0
401.857 0.999989 0.999989 2 2 0
402.357 0.999989 0.999989 2 2 0
402.857 0.999989 0.999989 2 2 0
403.357 0.999989 0.999989 2 2 0
403.857 0.99999 0.99999 2 2 0
404.357 0.99999 0.99999 2 2 0
404.857 0.99999 0.99999 2 2 0
405.357 0.99999 0.99999 2 2 0
405.857 0.99999 0.99999 2 2 0
406.357 0.99999 0.99999 2 2 0
406.857 0.999991 0.999991 2 2 0
407.357 0.999991 0.999991 2 2 0
407.857 0.999991 0.999991 2 2 0
408.357 0.999991 0.999991 2 2 0
408.857 0.999991 0.999991 2 2 0
409.357 0.999991 0.999991 2 2 0
409.857 0.999992 0.999992 2 2 0
410.357 0.999992 0.999992 2 2 0
410.857 0.999992 0.999992 2 2 0
411.357 0.999992 0.999992 2 2 0
411.857 0.999992 0.999992 2 2 0
412.357 0.999992 0.999992 2 2 0
412.857 0.999992 0.999992 2 2 0
413.357 0.999993 0.999993 2 2 0
413.857 0.999993 0.999993 2 2 0
414.357 0.999993 0.999993 2 2 0
414.857 0.999993 0.999993 2 2 0
415.357 0.999993 0.999993 2 2 0
415.857 0.999993 0.999993 2 2 0
416.357 0.999993 0.999993 2 2 0
416.857 0.999993 0.999993 2 2 0
417.357 0.999994 0.999994 2 2 0
417.857 0.999994 0.999994 2 2 0
418.357 0.999994 0.999994 2 2 0
418.857 0.999994 0.999994 2 2 0
419.357 0.999994 0.999994 2 2 0
419.857 0.999994 0.999994 2 2 0
420.357 0.999994 0.999994 2 2 0
420.857 0.999994 0.999994 2 2 0
421.357 0.999994 0.999994 2 2 0
421.857 0.999994 0.999994 2 2 0
422.357 0.999995 0.999995 2 2 0
422.857 0.999995 0.999995 2 2 0
423.357 0.999995 0.999995 2 2 0
423.857 0.999995 0.999995 2 2 0
424.357 0.999995 0.999995 2 2 0
424.857 0.999995 0.999995 2 2 0
425.357 0.999995 0.999995 2 2 0
425.857 0.999995 0.999995 2 2 0
426.357 0.999995 0.999995 2 2 0
426.857 0.999995 0.999995 2 2 0
427.357 0.999995 0.999995 2 2 0
427.857 0.999996 0.999996 2 2 0
428.357 0.999996 0.999996 2 2 0
428.857 0.999996 0.999996 2 2 0
429.357 0.999996 0.999996 2 2 0
429.857 0.999996 0.999996 2 2 0
430.357 0.999996 0.999996 2 2 0
430.857 0.999996 0.999996 2 2 0
431.357 0.999996 0.999996 2 2 0
431.857 0.999996 0.999996 2 2 0
432.357 0.999996 0.999996 2 2 0
432.857 0.999996 0.999996 2 2 0
433.357 0.999996 0.999996 2 2 0
433.857 0.999996 0.999996 2 2 0
434.357 0.999996 0.999996 2 2 0
434.857 0.999996 0.999996 2 2 0
435.357 0.999997 0.999997 2 2 0
435.857 0.999997 0.999997 2 2 0
436.357 0.999997 0.999997 2 2 0
436.857 0.999997 0.999997 2 2 0
437.357 0.999997 0.999997 2 2 0
437.857 0.999997 0.999997 2 2 0
438.357 0.999997 0.999997 2 2 0
438.857 0.999997 0.999997 2 2 0
439.357 0.999997 0.999997 2 2 0
439.857 0.999997 0.999997 2 2 0
440.357 0.999997 0.999997 2 2 0
440.857 0.999997 0.999997 2 2 0
441.357 0.999997 0.999997 2 2 0
441.857 0.999997 0.999997 2 2 0
442.357 0.999997 0.999997 2 2 0
442.857 0.999997 0.999997 2 2 0
443.357 0.999997 0.999997 2 2 0
443.857 0.999997 0.999997 2 2 0
444.357 0.999997 0.999997 2 2 0
444.857 0.999998 0.999998 2 2 0
445.357 0.999998 0.999998 2 2 0
445.857 0.999998 0.999998 2 2 0
446.357 0.999998 0.999998 2 2 0
446.857 0.999998 0.999998 2 2 0
447.357 0.999998 0.999998 2 2 0
447.857 0.999998 0.999998 2 2 0
448.357 0.999998 0.999998 2 2 0
448.857 0.999998 0.999998 2 2 0
449.357 0.999998 0.999998 2 2 0
449.357 0.999998 0.999998 2 2 0
449.397 0.999998 0.999998 2 2 0
449.437 0.999998 0.999998 2 2 0
449.517 0.999998 0.999998 2 2 0
449.677 0.999998 0.999998 2 2 0
449.997 0.999998 0.999998 2 2 0
450.497 0.999998 0.999998 2 2 0
450.997 0.999998 0.999998 2 2 0
451.497 0.999998 0.999998 2 2 0
451.997 0.999998 0.999998 2 2 0
452.497 0.999998 0.999998 2 2 0
452.997 0.999998 0.999998 2 2 0
453.497 0.999998 0.999998 2 2 0
453.997 0.999998 0.999998 2 2 0
454.497 0.999998 0.999998 2 2 0
454.997 0.999998 0.999998 2 2 0
455.497 0.999998 0.999998 2 2 0
455.997 0.999998 0.999998 2 2 0
456.497 0.999998 0.999998 2 2 0
456.997 0.999998 0.999998 2 2 0
457.497 0.999998 0.999998 2 2 0
457.997 0.999998 0.999998 2 2 0
458.497 0.999998 0.999998 2 2 0
458.997 0.999998 0.999998 2 2 0
459.497 0.999999 0.999999 2 2 0
459.997 0.999999 0.999999 2 2 0
460.497 0.999999 0.999999 2 2 0
460.997 0.999999 0.999999 2 2 0
461.497 0.999999 0.999999 2 2 0
461.997 0.999999 0.999999 2 2 0
462.497 0.999999 0.999999 2 2 0
462.997 0.999999 0.999999 2 2 0
463.497 0.999999 0.999999 2 2 0
463.997 0.999999 0.999999 2 2 0
464.497 0.999999 0.999999 2 2 0
464.997 0.999999 0.999999 2 2 0
465.497 0.999999 0.999999 2 2 0
465.997 0.999999 0.999999 2 2 0
466.497 0.999999 0.999999 2 2 0
466.997 0.999999 0.999999 2 2 0
467.497 0.999999 0.999999 2 2 0
467.997 0.999999 0.999999 2 2 0
468.497 0.999999 0.999999 2 2 0
468.997 0.999999 0.999999 2 2 0
469.497 0.999999 0.999999 2 2 0
469.997 0.999999 0.999999 2 2 0
470.497 0.999999 0.999999 2 2 0
470.997 0.999999 0.999999 2 2 0
471.497 0.999999 0.999999 2 2 0
471.997 0.999999 0.999999 2 2 0
472.497 0.999999 0.999999 2 2 0
472.997 0.999999 0.999999 2 2 0
473.497 0.999999 0.999999 2 2 0
473.997 0.999999 0.999999 2 2 0
474.497 0.999999 0.999999 2 2 0
474.997 0.999999 0.999999 2 2 0
475.497 0.999999 0.999999 2 2 0
475.997 0.999999 0.999999 2 2 0
476.497 0.999999 0.999999 2 2 0
476.997 0.999999 0.999999 2 2 0
477.497 0.999999 0.999999 2 2 0
477.997 0.999999 0.999999 2 2 0
478.497 0.999999 0.999999 2 2 0
478.997 0.999999 0.999999 2 2 0
479.497 0.999999 0.999999 2 2 0
479.997 0.999999 0.999999 2 2 0
480.497 0.999999 0.999999 2 2 0
480.997 0.999999 0.999999 2 2 0
481.497 0.999999 0.999999 2 2 0
481.997 0.999999 0.999999 2 2 0
482.497 0.999999 0.999999 2 2 0
482.997 0.999999 0.999999 2 2 0
483.497 0.999999 0.999999 2 2 0
483.997 0.999999 0.999999 2 2 0
484.497 0.999999 0.999999 2 2 0
484.997 0.999999 0.999999 2 2 0
485.497 0.999999 0.999999 2 2 0
485.997 0.999999 0.999999 2 2 0
486.497 0.999999 0.999999 2 2 0
486.997 0.999999 0.999999 2 2 0
487.497 0.999999 0.999999 2 2 0
487.997 0.999999 0.999999 2 2 0
488.497 0.999999 0.999999 2 2 0
488.997 0.999999 0.999999 2 2 0
489.497 0.999999 0.999999 2 2 0
489.997 0.999999 0.999999 2 2 0
490.497 0.999999 0.999999 2 2 0
490.997 1 1 2 2 0
491.497 1 1 2 2 0
491.997 1 1 2 2 0
492.497 1 1 2 2 0
492.997 1 1 2 2 0
493.497 1 1 2 2 0
493.997 1 1 2 2 0
494.497 1 1 2 2 0
494.997 1 1 2 2 0
495.497 1 1 2 2 0
495.997 1 1 2 2 0
496.497 1 1 2 2 0
496.997 1 1 2 2 0
497.497 1 1 2 2 0
497.997 1 1 2 2 0
498.497 1 1 2 2 0
498.997 1 1 2 2 0
499.497 1 1 2 2 0
499.997 1 1 2 2 0
500.497 1 1 2 2 0
500.997 1 1 2 2 0
501.497 1 1 2 2 0
501.997 1 1 2 2 0
502.497 1 1 2 2 0
502.997 1 1 2 2 0
503.497 1 1 2 2 0
503.997 1 1 2 2 0
504.497 1 1 2 2 0
504.997 1 1 2 2 0
505.497 1 1 2 2 0
505.997 1 1 2 2 0
506.497 1 1 2 2 0
506.997 1 1 2 2 0
507.497 1 1 2 2 0
507.997 1 1 2 2 0
508.497 1 1 2 2 0
508.997 1 1 2 2 0
509.497 1 1 2 2 0
509.997 1 1 2 2 0
510.497 1 1 2 2 0
510.997 1 1 2 2 0
511.497 1 1 2 2 0
511.997 1 1 2 2 0
512.497 1 1 2 2 0
512.997 1 1 2 2 0
513.497 1 1 2 2 0
513.997 1 1 2 2 0
514.497 1 1 2 2 0
514.997 1 1 2 2 0
515.497 1 1 2 2 0
515.997 1 1 2 2 0
516.497 1 1 2 2 0
516.997 1 1 2 2 0
517.497 1 1 2 2 0
517.997 1 1 2 2 0
518.497 1 1 2 2 0
518.997 1 1 2 2 0
519.497 1 1 2 2 0
519.997 1 1 2 2 0
520.497 1 1 2 2 0
520.997 1 1 2 2 0
521.497 1 1 2 2 0
521.997 1 1 2 2 0
522.497 1 1 2 2 0
522.997 1 1 2 2 0
523.497 1 1 2 2 0
523.997 1 1 2 2 0
524.497 1 1 2 2 0
524.997 1 1 2 2 0
525.497 1 1 2 2 0
525.997 1 1 2 2 0
526.497 1 1 2 2 0
526.997 1 1 2 2 0
527.497 1 1 2 2 0
527.997 1 1 2 2 0
528.497 1 1 2 2 0
528.997 1 1 2 2 0
529.497 1 1 2 2 0
529.997 1 1 2 2 0
530.497 1 1 2 2 0
530.997 1 1 2 2 0
531.497 1 1 2 2 0
531.997 1 1 2 2 0
532.497 1 1 2 2 0
532.997 1 1 2 2 0
533.497 1 1 2 2 0
533.997 1 1 2 2 0
534.497 1 1 2 2 0
534.997 1 1 2 2 0
535.497 1 1 2 2 0
535.997 1 1 2 2 0
536.497 1 1 2 2 0
536.997 1 1 2 2 0
537.497 1 1 2 2 0
537.997 1 1 2 2 0
538.497 1 1 2 2 0
538.997 1 1 2 2 0
539.497 1 1 2 2 0
539.997 1 1 2 2 0
540.497 1 1 2 2 0
540.997 1 1 2 2 0
541.497 1 1 2 2 0
541.997 1 1 2 2 0
542.497 1 1 2 2 0
542.997 1 1 2 2 0
543.497 1 1 2 2 0
543.997 1 1 2 2 0
544.497 1 1 2 2 0
544.997 1 1 2 2 0
545.497 1 1 2 2 0
545.997 1 1 2 2 0
546.497 1 1 2 2 0
546.997 1 1 2 2 0
546.997 1 1 2 2 0
547.037 1 1 2 2 0
547.077 1 1 2 2 0
547.157 1 1 2 2 0
547.317 1 1 2 2 0
547.637 1 1 2 2 0
548.137 1 1 2 2 0
548.637 1 1 2 2 0
549.137 1 1 2 2 0
549.637 1 1 2 2 0
550.137 1 1 2 2 0
550.637 1 1 2 2 0
551.137 1 1 2 2 0
551.637 1 1 2 2 0
552.137 1 1 2 2 0
552.637 1 1 2 2 0
553.137 1 1 2 2 0
553.637 1 1 2 2 0
554.137 1 1 2 2 0
554.637 1 1 2 2 0
555.137 1 1 2 2 0
555.637 1 1 2 2 0
556.137 1 1 2 2 0
556.637 1 1 2 2 0
557.137 1 1 2 2 0
557.637 1 1 2 2 0
558.137 1 1 2 2 0
558.637 1 1 2 2 0
559.137 1 1 2 2 0
559.637 1 1 2 2 0
560.137 1 1 2 2 0
560.637 1 1 2 2 0
561.137 1 1 2 2 0
561.637 1 1 2 2 0
562.137 1 1 2 2 0
562.637 1 1 2 2 0
563.137 1 1 2 2 0
563.637 1 1 2 2 0
564.137 1 1 2 2 0
564.637 1 1 2 2 0
565.137 1 1 2 2 0
565.637 1 1 2 2 0
566.137 1 1 2 2 0
566.637 1 1 2 2 0
567.137 1 1 2 2 0
567.637 1 1 2 2 0
568.137 1 1 2 2 0
568.637 1 1 2 2 0
569.137 1 1 2 2 0
569.637 1 1 2 2 0
570.137 1 1 2 2 0
570.637 1 1 2 2 0
571.137 1 1 2 2 0
571.637 1 1 2 2 0
572.137 1 1 2 2 0
572.637 1 1 2 2 0
573.137 1 1 2 2 0
573.637 1 1 2 2 0
574.137 1 1 2 2 0
574.637 1 1 2 2 0
575.137 1 1 2 2 0
575.637 1 1 2 2 0
576.137 1 1 2 2 0
576.637 1 1 2 2 0
577.137 1 1 2 2 0
577.637 1 1 2 2 0
578.137 1 1 2 2 0
578.637 1 1 2 2 0
579.137 1 1 2 2 0
579.637 1 1 2 2 0
580.137 1 1 2 2 0
580.637 1 1 2 2 0
581.137 1 1 2 2 0
581.637 1 1 2 2 0
582.137 1 1 2 2 0
582.637 1 1 2 2 0
583.137 1 1 2 2 0
583.637 1 1 2 2 0
584.137 1 1 2 2 0
584.637 1 1 2 2 0
585.137 1 1 2 2 0
585.637 1 1 2 2 0
586.137 1 1 2 2 0
586.637 1 1 2 2 0
587.137 1 1 2 2 0
587.637 1 1 2 2 0
588.137 1 1 2 2 0
588.637 1 1 2 2 0
589.137 1 1 2 2 0
589.637 1 1 2 2 0
590.137 1 1 2 2 0
590.637 1 1 2 2 0
591.137 1 1 2 2 0
591.637 1 1 2 2 0
592.137 1 1 2 2 0
592.637 1 1 2 2 0
593.137 1 1 2 2 0
593.637 1 1 2 2 0
594.137 1 1 2 2 0
594.637 1 1 2 2 0
595.137 1 1 2 2 0
595.637 1 1 2 2 0
596.137 1 1 2 2 0
596.637 1 1 2 2 0
597.137 1 1 2 2 0
597.637 1 1 2 2 0
598.137 1 1 2 2 0
598.637 1 1 2 2 0
599.137 1 1 2 2 0
599.637 1 1 2 2 0
600.137 1 1 2 2 0
600.637 1 1 2 2 0
601.137 1 1 2 2 0
601.637 1 1 2 2 0
602.137 1 1 2 2 0
602.637 1 1 2 2 0
603.137 1 1 2 2 0
603.637 1 1 2 2 0
604.137 1 1 2 2 0
604.637 1 1 2 2 0
605.137 1 1 2 2 0
605.637 1 1 2 2 0
606.137 1 1 2 2 0
606.637 1 1 2 2 0
607.137 1 1 2 2 0
607.637 1 1 2 2 0
608.137 1 1 2 2 0
608.637 1 1 2 2 0
609.137 1 1 2 2 0
609.637 1 1 2 2 0
610.137 1 1 2 2 0
610.637 1 1 2 2 0
611.137 1 1 2 2 0
611.637 1 1 2 2 0
612.137 1 1 2 2 0
612.637 1 1 2 2 0
613.137 1 1 2 2 0
613.637 1 1 2 2 0
614.137 1 1 2 2 0
614.637 1 1 2 2 0
615.137 1 1 2 2 0
615.637 1 1 2 2 0
616.137 1 1 2 2 0
616.637 1 1 2 2 0
617.137 1 1 2 2 0
617.637 1 1 2 2 0
618.137 1 1 2 2 0
618.637 1 1 2 2 0
619.137 1 1 2 2 0
619.637 1 1 2 2 0
620.137 1 1 2 2 0
620.637 1 1 2 2 0
621.137 1 1 2 2 0
621.637 1 1 2 2 0
622.137 1 1 2 2 0
622.637 1 1 2 2 0
623.137 1 1 2 2 0
623.637 1 1 2 2 0
624.137 1 1 2 2 0
624.637 1 1 2 2 0
625.137 1 1 2 2 0
625.637 1 1 2 2 0
626.137 1 1 2 2 0
626.637 1 1 2 2 0
627.137 1 1 2 2 0
627.637 1 1 2 2 0
628.137 1 1 2 2 0
628.637 1 1 2 2 0
629.137 1 1 2 2 0
629.637 1 1 2 2 0
630.137 1 1 2 2 0
630.637 1 1 2 2 0
631.137 1 1 2 2 0
631.637 1 1 2 2 0
632.137 1 1 2 2 0
632.637 1 1 2 2 0
633.137 1 1 2 2 0
633.637 1 1 2 2 0
634.137 1 1 2 2 0
634.637 1 1 2 2 0
635.137 1 1 2 2 0
635.637 1 1 2 2 0
636.137 1 1 2 2 0
636.637 1 1 2 2 0
637.137 1 1 2 2 0
637.637 1 1 2 2 0
638.137 1 1 2 2 0
638.637 1 1 2 2 0
639.137 1 1 2 2 0
639.637 1 1 2 2 0
640.137 1 1 2 2 0
640.637 1 1 2 2 0
641.137 1 1 2 2 0
641.637 1 1 2 2 0
642.137 1 1 2 2 0
642.637 1 1 2 2 0
643.137 1 1 2 2 0
643.637 1 1 2 2 0
644.137 1 1 2 2 0
644.637 1 1 2 2 0
