2.033060000000000116e+02 7.256490000000000162e-02
2.033069999999999879e+02 7.254529999999999312e-02
2.033089999999999975e+02 7.252219999999999500e-02
2.033129999999999882e+02 7.249540000000000151e-02
2.033199999999999932e+02 7.245699999999999363e-02
2.033300000000000125e+02 7.241309999999999414e-02
2.033509999999999991e+02 7.234889999999999377e-02
2.033830000000000098e+02 7.227559999999999540e-02
2.034310000000000116e+02 7.219009999999999316e-02
2.035020000000000095e+02 7.208879999999999455e-02
2.036090000000000089e+02 7.196769999999999556e-02
2.037690000000000055e+02 7.182220000000000271e-02
2.039689999999999941e+02 7.167400000000000160e-02
2.041690000000000111e+02 7.154800000000000049e-02
2.043689999999999998e+02 7.143700000000000050e-02
2.045689999999999884e+02 7.133670000000000289e-02
2.047690000000000055e+02 7.124479999999999702e-02
2.049689999999999941e+02 7.115960000000000341e-02
2.051690000000000111e+02 7.107990000000000141e-02
2.053689999999999998e+02 7.100489999999999580e-02
2.055689999999999884e+02 7.093389999999999418e-02
2.057690000000000055e+02 7.086629999999999319e-02
2.059689999999999941e+02 7.080190000000000095e-02
2.061690000000000111e+02 7.074010000000000020e-02
2.063689999999999998e+02 7.068090000000000483e-02
2.065689999999999884e+02 7.062390000000000334e-02
2.067690000000000055e+02 7.056880000000000097e-02
2.069689999999999941e+02 7.051570000000000060e-02
2.071690000000000111e+02 7.046429999999999361e-02
2.073689999999999998e+02 7.041440000000000199e-02
2.075689999999999884e+02 7.036599999999999799e-02
2.077690000000000055e+02 7.031900000000000650e-02
2.079689999999999941e+02 7.027319999999999400e-02
2.081690000000000111e+02 7.022860000000000213e-02
2.083689999999999998e+02 7.018520000000000314e-02
2.085689999999999884e+02 7.014280000000000515e-02
2.087690000000000055e+02 7.010139999999999427e-02
2.089689999999999941e+02 7.006099999999999828e-02
2.091690000000000111e+02 7.002150000000000041e-02
2.093689999999999998e+02 6.998279999999999779e-02
2.095689999999999884e+02 6.994490000000000429e-02
2.097690000000000055e+02 6.990780000000000605e-02
2.099689999999999941e+02 6.987150000000000305e-02
2.101690000000000111e+02 6.983580000000000343e-02
2.103689999999999998e+02 6.980079999999999618e-02
2.105689999999999884e+02 6.976649999999999519e-02
2.107690000000000055e+02 6.973279999999999756e-02
2.109689999999999941e+02 6.969970000000000332e-02
2.111690000000000111e+02 6.966719999999999857e-02
2.113689999999999998e+02 6.963519999999999432e-02
2.115689999999999884e+02 6.960370000000000446e-02
2.117690000000000055e+02 6.957280000000000408e-02
2.119689999999999941e+02 6.954240000000000421e-02
2.121690000000000111e+02 6.951240000000000197e-02
2.123689999999999998e+02 6.948290000000000022e-02
2.125689999999999884e+02 6.945389999999999897e-02
2.127690000000000055e+02 6.942529999999999535e-02
2.129689999999999941e+02 6.939710000000000323e-02
2.131690000000000111e+02 6.936929999999999485e-02
2.133689999999999998e+02 6.934189999999999798e-02
2.135689999999999884e+02 6.931489999999999874e-02
2.137690000000000055e+02 6.928829999999999711e-02
2.139689999999999941e+02 6.926209999999999312e-02
2.141690000000000111e+02 6.923619999999999775e-02
2.143689999999999998e+02 6.921059999999999712e-02
2.145689999999999884e+02 6.918539999999999413e-02
2.147690000000000055e+02 6.916049999999999975e-02
2.149689999999999941e+02 6.913590000000000013e-02
2.151690000000000111e+02 6.911159999999999526e-02
2.153689999999999998e+02 6.908759999999999901e-02
2.155689999999999884e+02 6.906400000000000039e-02
2.157690000000000055e+02 6.904059999999999364e-02
2.159689999999999941e+02 6.901749999999999552e-02
2.161690000000000111e+02 6.899460000000000315e-02
2.163689999999999998e+02 6.897209999999999452e-02
2.165689999999999884e+02 6.894980000000000553e-02
2.167690000000000055e+02 6.892769999999999453e-02
2.169689999999999941e+02 6.890590000000000603e-02
2.171690000000000111e+02 6.888439999999999841e-02
2.173689999999999998e+02 6.886299999999999366e-02
2.175689999999999884e+02 6.884200000000000041e-02
2.177690000000000055e+02 6.882109999999999617e-02
2.179689999999999941e+02 6.880050000000000054e-02
2.181690000000000111e+02 6.878009999999999680e-02
2.183689999999999998e+02 6.875989999999999880e-02
2.185689999999999884e+02 6.873990000000000655e-02
2.187690000000000055e+02 6.872010000000000618e-02
2.189689999999999941e+02 6.870060000000000056e-02
2.191690000000000111e+02 6.868119999999999781e-02
2.193689999999999998e+02 6.866200000000000081e-02
2.195689999999999884e+02 6.864299999999999569e-02
2.197690000000000055e+02 6.862419999999999631e-02
2.199689999999999941e+02 6.860560000000000269e-02
2.201690000000000111e+02 6.858720000000000094e-02
2.203689999999999998e+02 6.856900000000000495e-02
2.205689999999999884e+02 6.855089999999999795e-02
2.207690000000000055e+02 6.853299999999999670e-02
2.209689999999999941e+02 6.851530000000000120e-02
2.211690000000000111e+02 6.849769999999999470e-02
2.213689999999999998e+02 6.848029999999999395e-02
2.215689999999999884e+02 6.846309999999999896e-02
2.217690000000000055e+02 6.844600000000000684e-02
2.219689999999999941e+02 6.842910000000000659e-02
2.221690000000000111e+02 6.841229999999999534e-02
2.223689999999999998e+02 6.839570000000000372e-02
2.225689999999999884e+02 6.837920000000000109e-02
2.227690000000000055e+02 6.836290000000000422e-02
2.229689999999999941e+02 6.834669999999999634e-02
2.231690000000000111e+02 6.833069999999999422e-02
2.233689999999999998e+02 6.831479999999999497e-02
2.235689999999999884e+02 6.829899999999999860e-02
2.237690000000000055e+02 6.828339999999999410e-02
2.239689999999999941e+02 6.826790000000000636e-02
2.241690000000000111e+02 6.825249999999999373e-02
2.243689999999999998e+02 6.823730000000000073e-02
2.245689999999999884e+02 6.822219999999999673e-02
2.247690000000000055e+02 6.820719999999999561e-02
2.249689999999999941e+02 6.819240000000000024e-02
2.251690000000000111e+02 6.817760000000000487e-02
2.253689999999999998e+02 6.816300000000000137e-02
2.255689999999999884e+02 6.814850000000000074e-02
2.257690000000000055e+02 6.813410000000000299e-02
2.259689999999999941e+02 6.811989999999999712e-02
2.261690000000000111e+02 6.810570000000000512e-02
2.263689999999999998e+02 6.809170000000000500e-02
2.265689999999999884e+02 6.807779999999999387e-02
2.267690000000000055e+02 6.806399999999999950e-02
2.269689999999999941e+02 6.805029999999999413e-02
2.271690000000000111e+02 6.803670000000000551e-02
2.273689999999999998e+02 6.802320000000000588e-02
2.275689999999999884e+02 6.800979999999999526e-02
2.277690000000000055e+02 6.799650000000000138e-02
2.279689999999999941e+02 6.798329999999999651e-02
2.281690000000000111e+02 6.797029999999999739e-02
2.283689999999999998e+02 6.795729999999999826e-02
2.285689999999999884e+02 6.794440000000000202e-02
2.284000000000000057e+02 6.795519999999999339e-02
2.284399999999999977e+02 6.795270000000000477e-02
2.285200000000000102e+02 6.794749999999999401e-02
2.286800000000000068e+02 6.793730000000000602e-02
2.288799999999999955e+02 6.792449999999999877e-02
2.290800000000000125e+02 6.791189999999999727e-02
2.292800000000000011e+02 6.789929999999999577e-02
2.294799999999999898e+02 6.788690000000000002e-02
2.296800000000000068e+02 6.787450000000000427e-02
2.298799999999999955e+02 6.786219999999999752e-02
2.300800000000000125e+02 6.784999999999999365e-02
2.302800000000000011e+02 6.783799999999999553e-02
2.304799999999999898e+02 6.782589999999999453e-02
2.306800000000000068e+02 6.781399999999999928e-02
2.308799999999999955e+02 6.780220000000000691e-02
2.310800000000000125e+02 6.779040000000000066e-02
2.312800000000000011e+02 6.777880000000000016e-02
2.314799999999999898e+02 6.776719999999999966e-02
2.316800000000000068e+02 6.775570000000000204e-02
2.318799999999999955e+02 6.774420000000000441e-02
2.320800000000000125e+02 6.773289999999999866e-02
2.322800000000000011e+02 6.772160000000000679e-02
2.324799999999999898e+02 6.771040000000000392e-02
2.326800000000000068e+02 6.769930000000000392e-02
2.328799999999999955e+02 6.768830000000000680e-02
2.330800000000000125e+02 6.767729999999999579e-02
2.332800000000000011e+02 6.766640000000000155e-02
2.334799999999999898e+02 6.765559999999999630e-02
2.336800000000000068e+02 6.764489999999999392e-02
2.338799999999999955e+02 6.763420000000000543e-02
2.340800000000000125e+02 6.762360000000000593e-02
2.342800000000000011e+02 6.761309999999999543e-02
2.344799999999999898e+02 6.760259999999999880e-02
2.346800000000000068e+02 6.759220000000000506e-02
2.348799999999999955e+02 6.758190000000000031e-02
2.350800000000000125e+02 6.757169999999999843e-02
2.352800000000000011e+02 6.756149999999999656e-02
2.354799999999999898e+02 6.755139999999999756e-02
2.356800000000000068e+02 6.754129999999999856e-02
2.358799999999999955e+02 6.753130000000000244e-02
2.360800000000000125e+02 6.752139999999999531e-02
2.362800000000000011e+02 6.751160000000000494e-02
2.364799999999999898e+02 6.750180000000000069e-02
2.366800000000000068e+02 6.749199999999999644e-02
2.368799999999999955e+02 6.748239999999999794e-02
2.370800000000000125e+02 6.747279999999999944e-02
2.372800000000000011e+02 6.746320000000000094e-02
2.374799999999999898e+02 6.745370000000000532e-02
2.376800000000000068e+02 6.744429999999999870e-02
2.378799999999999955e+02 6.743490000000000595e-02
2.380800000000000125e+02 6.742560000000000220e-02
2.382800000000000011e+02 6.741640000000000132e-02
2.384799999999999898e+02 6.740720000000000045e-02
2.386800000000000068e+02 6.739799999999999958e-02
2.388799999999999955e+02 6.738900000000000445e-02
2.390800000000000125e+02 6.737990000000000645e-02
2.392800000000000011e+02 6.737100000000000033e-02
2.394799999999999898e+02 6.736209999999999420e-02
2.396800000000000068e+02 6.735320000000000196e-02
2.398799999999999955e+02 6.734439999999999871e-02
2.400800000000000125e+02 6.733559999999999546e-02
2.402800000000000011e+02 6.732689999999999508e-02
2.404799999999999898e+02 6.731829999999999758e-02
2.406800000000000068e+02 6.730970000000000009e-02
2.408799999999999955e+02 6.730120000000000546e-02
2.410800000000000125e+02 6.729269999999999696e-02
2.412800000000000011e+02 6.728420000000000234e-02
2.414799999999999898e+02 6.727579999999999671e-02
2.416800000000000068e+02 6.726749999999999396e-02
2.418799999999999955e+02 6.725920000000000509e-02
2.420800000000000125e+02 6.725100000000000522e-02
2.422800000000000011e+02 6.724280000000000534e-02
2.424799999999999898e+02 6.723460000000000547e-02
2.426800000000000068e+02 6.722649999999999459e-02
2.428799999999999955e+02 6.721850000000000047e-02
2.430800000000000125e+02 6.721050000000000635e-02
2.432800000000000011e+02 6.720249999999999835e-02
2.434799999999999898e+02 6.719459999999999322e-02
2.436800000000000068e+02 6.718680000000000485e-02
2.438799999999999955e+02 6.717889999999999973e-02
2.440800000000000125e+02 6.717120000000000035e-02
2.442800000000000011e+02 6.716339999999999810e-02
2.444799999999999898e+02 6.715569999999999873e-02
2.446800000000000068e+02 6.714810000000000223e-02
2.448799999999999955e+02 6.714050000000000573e-02
2.450800000000000125e+02 6.713299999999999823e-02
2.452800000000000011e+02 6.712540000000000173e-02
2.454799999999999898e+02 6.711799999999999711e-02
2.456800000000000068e+02 6.711050000000000348e-02
2.458799999999999955e+02 6.710320000000000173e-02
2.460800000000000125e+02 6.709579999999999711e-02
2.462800000000000011e+02 6.708849999999999536e-02
2.464799999999999898e+02 6.708119999999999361e-02
2.466800000000000068e+02 6.707399999999999474e-02
2.468799999999999955e+02 6.706679999999999586e-02
2.470800000000000125e+02 6.705969999999999986e-02
2.472800000000000011e+02 6.705260000000000387e-02
2.474799999999999898e+02 6.704549999999999399e-02
2.476800000000000068e+02 6.703850000000000087e-02
2.478799999999999955e+02 6.703149999999999387e-02
2.480800000000000125e+02 6.702460000000000362e-02
2.482800000000000011e+02 6.701769999999999949e-02
2.484799999999999898e+02 6.701079999999999537e-02
2.486800000000000068e+02 6.700399999999999412e-02
2.488799999999999955e+02 6.699720000000000675e-02
2.490800000000000125e+02 6.699040000000000550e-02
2.492800000000000011e+02 6.698369999999999325e-02
2.494799999999999898e+02 6.697699999999999487e-02
2.496800000000000068e+02 6.697039999999999937e-02
2.498799999999999955e+02 6.696370000000000100e-02
2.500800000000000125e+02 6.695719999999999450e-02
2.502800000000000011e+02 6.695059999999999900e-02
2.504799999999999898e+02 6.694410000000000638e-02
2.506800000000000068e+02 6.693759999999999988e-02
2.508799999999999955e+02 6.693119999999999625e-02
2.510800000000000125e+02 6.692480000000000651e-02
2.512800000000000011e+02 6.691840000000000288e-02
2.514799999999999898e+02 6.691210000000000213e-02
2.516800000000000068e+02 6.690580000000000138e-02
2.518799999999999955e+02 6.689950000000000063e-02
2.520800000000000125e+02 6.689330000000000276e-02
2.522800000000000011e+02 6.688710000000000488e-02
2.524799999999999898e+02 6.688089999999999313e-02
2.526800000000000068e+02 6.687479999999999813e-02
2.528799999999999955e+02 6.686870000000000314e-02
2.530800000000000125e+02 6.686259999999999426e-02
2.532800000000000011e+02 6.685649999999999926e-02
2.534799999999999898e+02 6.685049999999999326e-02
2.536800000000000068e+02 6.684450000000000114e-02
2.538799999999999955e+02 6.683859999999999801e-02
2.540800000000000125e+02 6.683269999999999489e-02
2.542800000000000011e+02 6.682680000000000564e-02
2.544799999999999898e+02 6.682090000000000252e-02
2.546800000000000068e+02 6.681510000000000227e-02
2.548799999999999955e+02 6.680930000000000202e-02
2.550800000000000125e+02 6.680350000000000177e-02
2.552800000000000011e+02 6.679780000000000439e-02
2.554799999999999898e+02 6.679209999999999314e-02
2.556800000000000068e+02 6.678639999999999577e-02
2.558799999999999955e+02 6.678080000000000127e-02
2.560799999999999841e+02 6.677510000000000390e-02
2.562799999999999727e+02 6.676949999999999552e-02
2.564800000000000182e+02 6.676400000000000390e-02
2.566800000000000068e+02 6.675839999999999552e-02
2.568799999999999955e+02 6.675290000000000390e-02
2.570799999999999841e+02 6.674739999999999840e-02
2.572799999999999727e+02 6.674199999999999577e-02
2.574800000000000182e+02 6.673659999999999315e-02
2.576800000000000068e+02 6.673120000000000440e-02
2.578799999999999955e+02 6.672580000000000178e-02
2.580799999999999841e+02 6.672039999999999915e-02
2.582799999999999727e+02 6.671509999999999940e-02
2.584800000000000182e+02 6.670979999999999965e-02
2.586800000000000068e+02 6.670449999999999990e-02
2.588799999999999955e+02 6.669930000000000303e-02
2.590799999999999841e+02 6.669410000000000616e-02
2.592799999999999727e+02 6.668889999999999540e-02
2.594800000000000182e+02 6.668369999999999853e-02
2.596800000000000068e+02 6.667860000000000453e-02
2.598799999999999955e+02 6.667349999999999666e-02
2.600799999999999841e+02 6.666840000000000266e-02
2.602799999999999727e+02 6.666329999999999478e-02
2.604800000000000182e+02 6.665830000000000366e-02
2.606800000000000068e+02 6.665329999999999866e-02
2.608799999999999955e+02 6.664829999999999366e-02
2.610799999999999841e+02 6.664330000000000254e-02
2.612799999999999727e+02 6.663840000000000041e-02
2.614800000000000182e+02 6.663349999999999829e-02
2.616800000000000068e+02 6.662859999999999616e-02
2.618799999999999955e+02 6.662369999999999404e-02
2.620799999999999841e+02 6.661889999999999479e-02
2.622799999999999727e+02 6.661400000000000654e-02
2.624800000000000182e+02 6.660919999999999341e-02
2.626800000000000068e+02 6.660449999999999704e-02
2.628799999999999955e+02 6.659969999999999779e-02
2.630799999999999841e+02 6.659500000000000142e-02
2.632799999999999727e+02 6.659030000000000504e-02
2.634800000000000182e+02 6.658559999999999479e-02
2.636800000000000068e+02 6.658089999999999842e-02
2.638799999999999955e+02 6.657630000000000492e-02
2.640799999999999841e+02 6.657169999999999754e-02
2.642799999999999727e+02 6.656710000000000405e-02
2.644800000000000182e+02 6.656249999999999667e-02
2.646800000000000068e+02 6.655800000000000605e-02
2.648799999999999955e+02 6.655339999999999867e-02
2.650799999999999841e+02 6.654889999999999417e-02
2.652799999999999727e+02 6.654440000000000355e-02
2.654800000000000182e+02 6.654000000000000192e-02
2.656800000000000068e+02 6.653549999999999742e-02
2.658799999999999955e+02 6.653109999999999580e-02
2.660799999999999841e+02 6.652669999999999417e-02
2.662799999999999727e+02 6.652230000000000643e-02
2.664800000000000182e+02 6.651790000000000480e-02
2.666800000000000068e+02 6.651360000000000605e-02
2.668799999999999955e+02 6.650929999999999342e-02
2.670799999999999841e+02 6.650499999999999468e-02
2.672799999999999727e+02 6.650069999999999593e-02
2.674800000000000182e+02 6.649639999999999718e-02
2.676800000000000068e+02 6.649220000000000130e-02
2.677200000000000273e+02 6.649140000000000605e-02
2.677599999999999909e+02 6.649049999999999405e-02
2.678399999999999750e+02 6.648880000000000068e-02
2.680000000000000000e+02 6.648550000000000293e-02
2.681999999999999886e+02 6.648129999999999318e-02
2.683999999999999773e+02 6.647709999999999730e-02
2.686000000000000227e+02 6.647290000000000143e-02
2.688000000000000114e+02 6.646879999999999455e-02
2.690000000000000000e+02 6.646470000000000156e-02
2.691999999999999886e+02 6.646059999999999468e-02
2.693999999999999773e+02 6.645650000000000168e-02
2.696000000000000227e+02 6.645249999999999768e-02
2.698000000000000114e+02 6.644840000000000468e-02
2.700000000000000000e+02 6.644440000000000068e-02
2.701999999999999886e+02 6.644039999999999668e-02
2.703999999999999773e+02 6.643640000000000656e-02
2.706000000000000227e+02 6.643250000000000544e-02
2.708000000000000114e+02 6.642850000000000144e-02
2.710000000000000000e+02 6.642460000000000031e-02
2.711999999999999886e+02 6.642069999999999919e-02
2.713999999999999773e+02 6.641679999999999806e-02
2.716000000000000227e+02 6.641289999999999694e-02
2.718000000000000114e+02 6.640909999999999869e-02
2.720000000000000000e+02 6.640519999999999756e-02
2.721999999999999886e+02 6.640139999999999931e-02
2.723999999999999773e+02 6.639760000000000106e-02
2.726000000000000227e+02 6.639380000000000281e-02
2.728000000000000114e+02 6.639000000000000457e-02
2.730000000000000000e+02 6.638629999999999531e-02
2.731999999999999886e+02 6.638249999999999706e-02
2.733999999999999773e+02 6.637880000000000169e-02
2.736000000000000227e+02 6.637510000000000632e-02
2.738000000000000114e+02 6.637139999999999707e-02
2.740000000000000000e+02 6.636770000000000169e-02
2.741999999999999886e+02 6.636409999999999532e-02
2.743999999999999773e+02 6.636050000000000282e-02
2.746000000000000227e+02 6.635679999999999357e-02
2.748000000000000114e+02 6.635320000000000107e-02
2.750000000000000000e+02 6.634959999999999469e-02
2.751999999999999886e+02 6.634610000000000507e-02
2.753999999999999773e+02 6.634249999999999869e-02
2.756000000000000227e+02 6.633899999999999519e-02
2.758000000000000114e+02 6.633540000000000270e-02
2.760000000000000000e+02 6.633189999999999920e-02
2.761999999999999886e+02 6.632839999999999570e-02
2.763999999999999773e+02 6.632499999999999507e-02
2.766000000000000227e+02 6.632150000000000545e-02
2.768000000000000114e+02 6.631800000000000195e-02
2.770000000000000000e+02 6.631460000000000132e-02
2.771999999999999886e+02 6.631120000000000070e-02
2.773999999999999773e+02 6.630780000000000007e-02
2.776000000000000227e+02 6.630439999999999945e-02
2.778000000000000114e+02 6.630099999999999882e-02
2.780000000000000000e+02 6.629770000000000107e-02
2.781999999999999886e+02 6.629430000000000045e-02
2.783999999999999773e+02 6.629100000000000270e-02
2.786000000000000227e+02 6.628770000000000495e-02
2.788000000000000114e+02 6.628439999999999332e-02
2.790000000000000000e+02 6.628109999999999558e-02
2.791999999999999886e+02 6.627779999999999783e-02
2.793999999999999773e+02 6.627460000000000295e-02
2.796000000000000227e+02 6.627130000000000520e-02
2.798000000000000114e+02 6.626809999999999645e-02
2.800000000000000000e+02 6.626490000000000158e-02
2.801999999999999886e+02 6.626170000000000671e-02
2.803999999999999773e+02 6.625849999999999795e-02
2.806000000000000227e+02 6.625530000000000308e-02
2.808000000000000114e+02 6.625219999999999720e-02
2.810000000000000000e+02 6.624900000000000233e-02
2.811999999999999886e+02 6.624589999999999645e-02
2.813999999999999773e+02 6.624280000000000446e-02
2.816000000000000227e+02 6.623969999999999858e-02
2.818000000000000114e+02 6.623660000000000658e-02
2.820000000000000000e+02 6.623350000000000071e-02
2.821999999999999886e+02 6.623039999999999483e-02
2.823999999999999773e+02 6.622740000000000571e-02
2.826000000000000227e+02 6.622429999999999983e-02
2.828000000000000114e+02 6.622129999999999683e-02
2.830000000000000000e+02 6.621829999999999383e-02
2.831999999999999886e+02 6.621530000000000471e-02
2.833999999999999773e+02 6.621230000000000171e-02
2.836000000000000227e+02 6.620929999999999871e-02
2.838000000000000114e+02 6.620639999999999858e-02
2.840000000000000000e+02 6.620339999999999558e-02
2.841999999999999886e+02 6.620049999999999546e-02
2.843999999999999773e+02 6.619759999999999533e-02
2.846000000000000227e+02 6.619460000000000621e-02
2.848000000000000114e+02 6.619170000000000609e-02
2.850000000000000000e+02 6.618889999999999496e-02
2.851999999999999886e+02 6.618599999999999484e-02
2.853999999999999773e+02 6.618309999999999471e-02
2.856000000000000227e+02 6.618029999999999746e-02
2.858000000000000114e+02 6.617739999999999734e-02
2.860000000000000000e+02 6.617460000000000009e-02
2.861999999999999886e+02 6.617180000000000284e-02
2.863999999999999773e+02 6.616900000000000559e-02
2.866000000000000227e+02 6.616619999999999446e-02
2.868000000000000114e+02 6.616339999999999721e-02
2.870000000000000000e+02 6.616059999999999997e-02
2.871999999999999886e+02 6.615790000000000559e-02
2.873999999999999773e+02 6.615509999999999446e-02
2.876000000000000227e+02 6.615240000000000009e-02
2.878000000000000114e+02 6.614970000000000572e-02
2.880000000000000000e+02 6.614699999999999747e-02
2.881999999999999886e+02 6.614430000000000309e-02
2.883999999999999773e+02 6.614159999999999484e-02
2.886000000000000227e+02 6.613890000000000047e-02
2.888000000000000114e+02 6.613629999999999509e-02
2.890000000000000000e+02 6.613360000000000072e-02
2.891999999999999886e+02 6.613099999999999534e-02
2.893999999999999773e+02 6.612830000000000097e-02
2.896000000000000227e+02 6.612569999999999559e-02
2.898000000000000114e+02 6.612310000000000410e-02
2.900000000000000000e+02 6.612049999999999872e-02
2.901999999999999886e+02 6.611789999999999334e-02
2.903999999999999773e+02 6.611530000000000185e-02
2.906000000000000227e+02 6.611279999999999935e-02
2.908000000000000114e+02 6.611019999999999397e-02
2.910000000000000000e+02 6.610770000000000535e-02
2.911999999999999886e+02 6.610509999999999997e-02
2.913999999999999773e+02 6.610259999999999747e-02
2.916000000000000227e+02 6.610009999999999497e-02
2.918000000000000114e+02 6.609760000000000635e-02
2.920000000000000000e+02 6.609510000000000385e-02
2.921999999999999886e+02 6.609260000000000135e-02
2.923999999999999773e+02 6.609009999999999885e-02
2.926000000000000227e+02 6.608769999999999922e-02
2.928000000000000114e+02 6.608519999999999672e-02
2.930000000000000000e+02 6.608279999999999710e-02
2.931999999999999886e+02 6.608029999999999460e-02
2.933999999999999773e+02 6.607789999999999497e-02
2.936000000000000227e+02 6.607549999999999535e-02
2.938000000000000114e+02 6.607309999999999572e-02
2.940000000000000000e+02 6.607069999999999610e-02
2.941999999999999886e+02 6.606829999999999647e-02
2.943999999999999773e+02 6.606599999999999973e-02
2.946000000000000227e+02 6.606360000000000010e-02
2.948000000000000114e+02 6.606120000000000048e-02
2.950000000000000000e+02 6.605890000000000373e-02
2.951999999999999886e+02 6.605659999999999310e-02
2.953999999999999773e+02 6.605419999999999348e-02
2.956000000000000227e+02 6.605189999999999673e-02
2.958000000000000114e+02 6.604959999999999998e-02
2.960000000000000000e+02 6.604730000000000323e-02
2.961999999999999886e+02 6.604500000000000648e-02
2.963999999999999773e+02 6.604269999999999585e-02
2.966000000000000227e+02 6.604050000000000198e-02
2.968000000000000114e+02 6.603820000000000523e-02
2.970000000000000000e+02 6.603599999999999748e-02
2.971999999999999886e+02 6.603370000000000073e-02
2.973999999999999773e+02 6.603150000000000686e-02
2.976000000000000227e+02 6.602929999999999910e-02
2.978000000000000114e+02 6.602700000000000236e-02
2.980000000000000000e+02 6.602479999999999460e-02
2.981999999999999886e+02 6.602260000000000073e-02
2.983999999999999773e+02 6.602049999999999585e-02
2.986000000000000227e+02 6.601830000000000198e-02
2.988000000000000114e+02 6.601609999999999423e-02
2.990000000000000000e+02 6.601390000000000036e-02
2.991999999999999886e+02 6.601179999999999548e-02
2.993999999999999773e+02 6.600960000000000161e-02
2.996000000000000227e+02 6.600749999999999673e-02
2.998000000000000114e+02 6.600540000000000573e-02
3.000000000000000000e+02 6.600330000000000086e-02
3.001999999999999886e+02 6.600109999999999311e-02
3.003999999999999773e+02 6.599900000000000211e-02
3.006000000000000227e+02 6.599700000000000011e-02
3.008000000000000114e+02 6.599489999999999523e-02
3.010000000000000000e+02 6.599280000000000423e-02
3.011999999999999886e+02 6.599069999999999936e-02
3.013999999999999773e+02 6.598869999999999736e-02
3.016000000000000227e+02 6.598660000000000636e-02
3.018000000000000114e+02 6.598460000000000436e-02
3.020000000000000000e+02 6.598249999999999948e-02
3.021999999999999886e+02 6.598049999999999748e-02
3.023999999999999773e+02 6.597849999999999548e-02
3.026000000000000227e+02 6.597649999999999348e-02
3.028000000000000114e+02 6.597450000000000536e-02
3.030000000000000000e+02 6.597250000000000336e-02
3.031999999999999886e+02 6.597050000000000136e-02
3.033999999999999773e+02 6.596849999999999936e-02
3.036000000000000227e+02 6.596649999999999736e-02
3.038000000000000114e+02 6.596459999999999824e-02
3.040000000000000000e+02 6.596259999999999624e-02
3.041999999999999886e+02 6.596069999999999711e-02
3.043999999999999773e+02 6.595869999999999511e-02
3.046000000000000227e+02 6.595679999999999599e-02
3.048000000000000114e+02 6.595489999999999686e-02
3.050000000000000000e+02 6.595289999999999486e-02
3.051999999999999886e+02 6.595099999999999574e-02
3.053999999999999773e+02 6.594909999999999661e-02
3.056000000000000227e+02 6.594719999999999749e-02
3.058000000000000114e+02 6.594529999999999836e-02
3.060000000000000000e+02 6.594350000000000211e-02
3.061999999999999886e+02 6.594160000000000299e-02
3.063999999999999773e+02 6.593970000000000387e-02
3.066000000000000227e+02 6.593789999999999374e-02
3.068000000000000114e+02 6.593599999999999461e-02
3.070000000000000000e+02 6.593419999999999837e-02
3.070400000000000205e+02 6.593380000000000074e-02
3.070799999999999841e+02 6.593340000000000312e-02
3.071600000000000250e+02 6.593269999999999686e-02
3.073199999999999932e+02 6.593119999999999536e-02
3.075199999999999818e+02 6.592939999999999912e-02
3.077200000000000273e+02 6.592760000000000287e-02
3.079200000000000159e+02 6.592580000000000662e-02
3.081200000000000045e+02 6.592399999999999649e-02
3.083199999999999932e+02 6.592220000000000024e-02
3.085199999999999818e+02 6.592040000000000399e-02
3.087200000000000273e+02 6.591859999999999387e-02
3.089200000000000159e+02 6.591679999999999762e-02
3.091200000000000045e+02 6.591500000000000137e-02
3.093199999999999932e+02 6.591329999999999412e-02
3.095199999999999818e+02 6.591149999999999787e-02
3.097200000000000273e+02 6.590980000000000449e-02
3.099200000000000159e+02 6.590799999999999437e-02
3.101200000000000045e+02 6.590630000000000099e-02
3.103199999999999932e+02 6.590459999999999374e-02
3.105199999999999818e+02 6.590279999999999749e-02
3.107200000000000273e+02 6.590110000000000412e-02
3.109200000000000159e+02 6.589939999999999687e-02
3.111200000000000045e+02 6.589770000000000350e-02
3.113199999999999932e+02 6.589599999999999624e-02
3.115199999999999818e+02 6.589430000000000287e-02
3.117200000000000273e+02 6.589269999999999849e-02
3.119200000000000159e+02 6.589100000000000512e-02
3.121200000000000045e+02 6.588929999999999787e-02
3.123199999999999932e+02 6.588760000000000450e-02
3.125199999999999818e+02 6.588600000000000012e-02
3.127200000000000273e+02 6.588430000000000675e-02
3.129200000000000159e+02 6.588270000000000237e-02
3.131200000000000045e+02 6.588109999999999800e-02
3.133199999999999932e+02 6.587940000000000462e-02
3.135199999999999818e+02 6.587780000000000025e-02
3.137200000000000273e+02 6.587619999999999587e-02
3.139200000000000159e+02 6.587460000000000537e-02
3.141200000000000045e+02 6.587300000000000100e-02
3.143199999999999932e+02 6.587139999999999662e-02
3.145199999999999818e+02 6.586980000000000612e-02
3.147200000000000273e+02 6.586820000000000175e-02
3.149200000000000159e+02 6.586659999999999737e-02
3.151200000000000045e+02 6.586500000000000687e-02
3.153199999999999932e+02 6.586340000000000250e-02
3.155199999999999818e+02 6.586190000000000100e-02
3.157200000000000273e+02 6.586029999999999662e-02
3.159200000000000159e+02 6.585879999999999512e-02
3.161200000000000045e+02 6.585720000000000462e-02
3.163199999999999932e+02 6.585570000000000312e-02
3.165199999999999818e+02 6.585420000000000162e-02
3.167200000000000273e+02 6.585259999999999725e-02
3.169200000000000159e+02 6.585109999999999575e-02
3.171200000000000045e+02 6.584959999999999425e-02
3.173199999999999932e+02 6.584810000000000663e-02
3.175199999999999818e+02 6.584660000000000513e-02
3.177200000000000273e+02 6.584510000000000363e-02
3.179200000000000159e+02 6.584360000000000213e-02
3.181200000000000045e+02 6.584210000000000063e-02
3.183199999999999932e+02 6.584059999999999913e-02
3.185199999999999818e+02 6.583909999999999763e-02
3.187200000000000273e+02 6.583769999999999900e-02
3.189200000000000159e+02 6.583619999999999750e-02
3.191200000000000045e+02 6.583469999999999600e-02
3.193199999999999932e+02 6.583329999999999738e-02
3.195199999999999818e+02 6.583179999999999588e-02
3.197200000000000273e+02 6.583039999999999725e-02
3.199200000000000159e+02 6.582889999999999575e-02
3.201200000000000045e+02 6.582749999999999713e-02
3.203199999999999932e+02 6.582609999999999850e-02
3.205199999999999818e+02 6.582469999999999988e-02
3.207200000000000273e+02 6.582319999999999838e-02
3.209200000000000159e+02 6.582179999999999975e-02
3.211200000000000045e+02 6.582040000000000113e-02
3.213199999999999932e+02 6.581900000000000250e-02
3.215199999999999818e+02 6.581760000000000388e-02
3.217200000000000273e+02 6.581620000000000525e-02
3.219200000000000159e+02 6.581489999999999563e-02
3.221200000000000045e+02 6.581349999999999700e-02
3.223199999999999932e+02 6.581209999999999838e-02
3.225199999999999818e+02 6.581069999999999975e-02
3.227200000000000273e+02 6.580940000000000401e-02
3.229200000000000159e+02 6.580800000000000538e-02
3.231200000000000045e+02 6.580669999999999575e-02
3.233199999999999932e+02 6.580529999999999713e-02
3.235199999999999818e+02 6.580400000000000138e-02
3.237200000000000273e+02 6.580260000000000276e-02
3.239200000000000159e+02 6.580129999999999313e-02
3.241200000000000045e+02 6.579999999999999738e-02
3.243199999999999932e+02 6.579859999999999876e-02
3.245199999999999818e+02 6.579730000000000301e-02
3.247200000000000273e+02 6.579599999999999338e-02
3.249200000000000159e+02 6.579469999999999763e-02
3.251200000000000045e+02 6.579340000000000188e-02
3.253199999999999932e+02 6.579210000000000613e-02
3.255199999999999818e+02 6.579079999999999651e-02
3.257200000000000273e+02 6.578950000000000076e-02
3.259200000000000159e+02 6.578820000000000501e-02
3.261200000000000045e+02 6.578689999999999538e-02
3.263199999999999932e+02 6.578570000000000251e-02
3.265199999999999818e+02 6.578440000000000676e-02
3.267200000000000273e+02 6.578309999999999713e-02
3.269200000000000159e+02 6.578190000000000426e-02
3.271200000000000045e+02 6.578059999999999463e-02
3.273199999999999932e+02 6.577940000000000176e-02
3.275199999999999818e+02 6.577810000000000601e-02
3.277200000000000273e+02 6.577689999999999926e-02
3.279200000000000159e+02 6.577560000000000351e-02
3.281200000000000045e+02 6.577439999999999676e-02
3.283199999999999932e+02 6.577320000000000388e-02
3.285199999999999818e+02 6.577189999999999426e-02
3.287200000000000273e+02 6.577070000000000138e-02
3.289200000000000159e+02 6.576949999999999463e-02
3.291200000000000045e+02 6.576830000000000176e-02
3.293199999999999932e+02 6.576709999999999501e-02
3.295199999999999818e+02 6.576590000000000213e-02
3.297200000000000273e+02 6.576469999999999538e-02
3.299200000000000159e+02 6.576350000000000251e-02
3.301200000000000045e+02 6.576229999999999576e-02
3.303199999999999932e+02 6.576110000000000289e-02
3.305199999999999818e+02 6.575999999999999901e-02
3.307200000000000273e+02 6.575880000000000614e-02
3.309200000000000159e+02 6.575759999999999939e-02
3.311200000000000045e+02 6.575640000000000651e-02
3.313199999999999932e+02 6.575530000000000264e-02
3.315199999999999818e+02 6.575409999999999588e-02
3.317200000000000273e+02 6.575300000000000589e-02
3.319200000000000159e+02 6.575179999999999914e-02
3.321200000000000045e+02 6.575069999999999526e-02
3.323199999999999932e+02 6.574950000000000239e-02
3.325199999999999818e+02 6.574839999999999851e-02
3.327200000000000273e+02 6.574729999999999464e-02
3.329200000000000159e+02 6.574610000000000176e-02
3.331200000000000045e+02 6.574499999999999789e-02
3.333199999999999932e+02 6.574389999999999401e-02
3.335199999999999818e+02 6.574280000000000401e-02
3.337200000000000273e+02 6.574170000000000014e-02
3.339200000000000159e+02 6.574059999999999626e-02
3.341200000000000045e+02 6.573950000000000626e-02
3.343199999999999932e+02 6.573840000000000239e-02
3.345199999999999818e+02 6.573729999999999851e-02
3.347200000000000273e+02 6.573619999999999464e-02
3.349200000000000159e+02 6.573510000000000464e-02
3.351200000000000045e+02 6.573400000000000076e-02
3.353199999999999932e+02 6.573289999999999689e-02
3.355199999999999818e+02 6.573180000000000689e-02
3.357200000000000273e+02 6.573080000000000589e-02
3.359200000000000159e+02 6.572970000000000201e-02
3.361200000000000045e+02 6.572859999999999814e-02
3.363199999999999932e+02 6.572759999999999714e-02
3.365199999999999818e+02 6.572649999999999326e-02
3.367200000000000273e+02 6.572550000000000614e-02
3.369200000000000159e+02 6.572440000000000226e-02
3.371200000000000045e+02 6.572340000000000126e-02
3.373199999999999932e+02 6.572229999999999739e-02
3.375199999999999818e+02 6.572129999999999639e-02
3.377200000000000273e+02 6.572029999999999539e-02
3.379200000000000159e+02 6.571920000000000539e-02
3.381200000000000045e+02 6.571820000000000439e-02
3.383199999999999932e+02 6.571720000000000339e-02
3.385199999999999818e+02 6.571620000000000239e-02
3.387200000000000273e+02 6.571520000000000139e-02
3.389200000000000159e+02 6.571409999999999751e-02
3.391200000000000045e+02 6.571309999999999651e-02
3.393199999999999932e+02 6.571209999999999551e-02
3.395199999999999818e+02 6.571109999999999451e-02
3.397200000000000273e+02 6.571009999999999351e-02
3.399200000000000159e+02 6.570910000000000639e-02
3.401200000000000045e+02 6.570810000000000539e-02
3.403199999999999932e+02 6.570719999999999339e-02
3.405199999999999818e+02 6.570620000000000627e-02
3.407200000000000273e+02 6.570520000000000527e-02
3.409200000000000159e+02 6.570420000000000427e-02
3.411200000000000045e+02 6.570330000000000614e-02
3.413199999999999932e+02 6.570230000000000514e-02
3.415199999999999818e+02 6.570130000000000414e-02
3.417200000000000273e+02 6.570040000000000602e-02
3.419200000000000159e+02 6.569940000000000502e-02
3.421200000000000045e+02 6.569850000000000689e-02
3.423199999999999932e+02 6.569750000000000589e-02
3.425199999999999818e+02 6.569659999999999389e-02
3.427200000000000273e+02 6.569560000000000677e-02
3.429200000000000159e+02 6.569469999999999477e-02
3.431200000000000045e+02 6.569369999999999377e-02
3.433199999999999932e+02 6.569279999999999564e-02
3.435199999999999818e+02 6.569189999999999752e-02
3.437200000000000273e+02 6.569089999999999652e-02
3.439200000000000159e+02 6.568999999999999839e-02
3.441200000000000045e+02 6.568910000000000027e-02
3.443199999999999932e+02 6.568820000000000214e-02
3.445199999999999818e+02 6.568730000000000402e-02
3.447200000000000273e+02 6.568640000000000589e-02
3.449200000000000159e+02 6.568549999999999389e-02
3.451200000000000045e+02 6.568450000000000677e-02
3.453199999999999932e+02 6.568359999999999477e-02
3.455199999999999818e+02 6.568279999999999952e-02
3.457200000000000273e+02 6.568190000000000139e-02
3.459200000000000159e+02 6.568100000000000327e-02
3.461200000000000045e+02 6.568010000000000514e-02
3.463199999999999932e+02 6.567919999999999314e-02
3.463600000000000136e+02 6.567900000000000127e-02
3.463999999999999773e+02 6.567879999999999552e-02
3.464800000000000182e+02 6.567850000000000077e-02
3.466399999999999864e+02 6.567779999999999452e-02
3.468399999999999750e+02 6.567689999999999639e-02
3.470400000000000205e+02 6.567599999999999827e-02
3.472400000000000091e+02 6.567520000000000302e-02
3.474399999999999977e+02 6.567430000000000490e-02
3.476399999999999864e+02 6.567340000000000677e-02
3.478399999999999750e+02 6.567259999999999764e-02
3.480400000000000205e+02 6.567169999999999952e-02
3.482400000000000091e+02 6.567090000000000427e-02
3.484399999999999977e+02 6.567000000000000615e-02
3.486399999999999864e+02 6.566919999999999702e-02
3.488399999999999750e+02 6.566829999999999889e-02
3.490400000000000205e+02 6.566750000000000365e-02
3.492400000000000091e+02 6.566660000000000552e-02
3.494399999999999977e+02 6.566579999999999639e-02
3.496399999999999864e+02 6.566500000000000115e-02
3.498399999999999750e+02 6.566410000000000302e-02
3.500400000000000205e+02 6.566329999999999389e-02
3.502400000000000091e+02 6.566249999999999865e-02
3.504399999999999977e+02 6.566170000000000340e-02
3.506399999999999864e+02 6.566080000000000527e-02
3.508399999999999750e+02 6.565999999999999615e-02
3.510400000000000205e+02 6.565920000000000090e-02
3.512400000000000091e+02 6.565840000000000565e-02
3.514399999999999977e+02 6.565759999999999652e-02
3.516399999999999864e+02 6.565680000000000127e-02
3.518399999999999750e+02 6.565600000000000602e-02
3.520400000000000205e+02 6.565519999999999690e-02
3.522400000000000091e+02 6.565440000000000165e-02
3.524399999999999977e+02 6.565360000000000640e-02
3.526399999999999864e+02 6.565279999999999727e-02
3.528399999999999750e+02 6.565200000000000202e-02
3.530400000000000205e+02 6.565120000000000677e-02
3.532400000000000091e+02 6.565050000000000052e-02
3.534399999999999977e+02 6.564970000000000527e-02
3.536399999999999864e+02 6.564889999999999615e-02
3.538399999999999750e+02 6.564810000000000090e-02
3.540400000000000205e+02 6.564739999999999465e-02
3.542400000000000091e+02 6.564659999999999940e-02
3.544399999999999977e+02 6.564580000000000415e-02
3.546399999999999864e+02 6.564509999999999790e-02
3.548399999999999750e+02 6.564430000000000265e-02
3.550400000000000205e+02 6.564359999999999640e-02
3.552400000000000091e+02 6.564280000000000115e-02
3.554399999999999977e+02 6.564209999999999490e-02
3.556399999999999864e+02 6.564129999999999965e-02
3.558399999999999750e+02 6.564059999999999340e-02
3.560400000000000205e+02 6.563979999999999815e-02
3.562400000000000091e+02 6.563910000000000577e-02
3.564399999999999977e+02 6.563829999999999665e-02
3.566399999999999864e+02 6.563760000000000427e-02
3.568399999999999750e+02 6.563689999999999802e-02
3.570400000000000205e+02 6.563610000000000277e-02
3.572400000000000091e+02 6.563539999999999652e-02
3.574399999999999977e+02 6.563470000000000415e-02
3.576399999999999864e+02 6.563399999999999790e-02
3.578399999999999750e+02 6.563320000000000265e-02
3.580400000000000205e+02 6.563249999999999640e-02
3.582400000000000091e+02 6.563180000000000403e-02
3.584399999999999977e+02 6.563109999999999777e-02
3.586399999999999864e+02 6.563040000000000540e-02
3.588399999999999750e+02 6.562969999999999915e-02
3.590400000000000205e+02 6.562900000000000678e-02
3.592400000000000091e+02 6.562830000000000052e-02
3.594399999999999977e+02 6.562759999999999427e-02
3.596399999999999864e+02 6.562690000000000190e-02
3.598399999999999750e+02 6.562619999999999565e-02
3.600400000000000205e+02 6.562550000000000328e-02
3.602400000000000091e+02 6.562479999999999702e-02
3.604399999999999977e+02 6.562410000000000465e-02
3.606399999999999864e+02 6.562339999999999840e-02
3.608399999999999750e+02 6.562270000000000603e-02
3.610400000000000205e+02 6.562210000000000265e-02
3.612400000000000091e+02 6.562139999999999640e-02
3.614399999999999977e+02 6.562070000000000403e-02
3.616399999999999864e+02 6.561999999999999778e-02
3.618399999999999750e+02 6.561939999999999440e-02
3.620400000000000205e+02 6.561870000000000203e-02
3.622400000000000091e+02 6.561799999999999577e-02
3.624399999999999977e+02 6.561740000000000628e-02
3.626399999999999864e+02 6.561670000000000003e-02
3.628399999999999750e+02 6.561599999999999377e-02
3.630400000000000205e+02 6.561540000000000428e-02
3.632400000000000091e+02 6.561469999999999803e-02
3.634399999999999977e+02 6.561409999999999465e-02
3.636399999999999864e+02 6.561340000000000228e-02
3.638399999999999750e+02 6.561279999999999890e-02
3.640400000000000205e+02 6.561210000000000653e-02
3.642400000000000091e+02 6.561150000000000315e-02
3.644399999999999977e+02 6.561079999999999690e-02
3.646399999999999864e+02 6.561019999999999353e-02
3.648399999999999750e+02 6.560960000000000403e-02
3.650400000000000205e+02 6.560889999999999778e-02
3.652400000000000091e+02 6.560829999999999440e-02
3.654399999999999977e+02 6.560770000000000490e-02
3.656399999999999864e+02 6.560699999999999865e-02
3.658399999999999750e+02 6.560639999999999528e-02
3.660400000000000205e+02 6.560580000000000578e-02
3.662400000000000091e+02 6.560520000000000240e-02
3.664399999999999977e+02 6.560449999999999615e-02
3.666399999999999864e+02 6.560390000000000665e-02
3.668399999999999750e+02 6.560330000000000328e-02
3.670400000000000205e+02 6.560269999999999990e-02
3.672400000000000091e+02 6.560209999999999653e-02
3.674399999999999977e+02 6.560149999999999315e-02
3.676399999999999864e+02 6.560090000000000365e-02
3.678399999999999750e+02 6.560030000000000028e-02
3.680400000000000205e+02 6.559969999999999690e-02
3.682400000000000091e+02 6.559909999999999353e-02
3.684399999999999977e+02 6.559850000000000403e-02
3.686399999999999864e+02 6.559790000000000065e-02
3.688399999999999750e+02 6.559729999999999728e-02
3.690400000000000205e+02 6.559669999999999390e-02
3.692400000000000091e+02 6.559610000000000440e-02
3.694399999999999977e+02 6.559550000000000103e-02
3.696399999999999864e+02 6.559489999999999765e-02
3.698399999999999750e+02 6.559429999999999428e-02
3.700400000000000205e+02 6.559379999999999378e-02
3.702400000000000091e+02 6.559320000000000428e-02
3.704399999999999977e+02 6.559260000000000090e-02
3.706399999999999864e+02 6.559199999999999753e-02
3.708399999999999750e+02 6.559149999999999703e-02
3.710400000000000205e+02 6.559089999999999365e-02
3.712400000000000091e+02 6.559030000000000415e-02
3.714399999999999977e+02 6.558980000000000365e-02
3.716399999999999864e+02 6.558920000000000028e-02
3.718399999999999750e+02 6.558859999999999690e-02
3.720400000000000205e+02 6.558809999999999640e-02
3.722400000000000091e+02 6.558750000000000691e-02
3.724399999999999977e+02 6.558690000000000353e-02
3.726399999999999864e+02 6.558640000000000303e-02
3.728399999999999750e+02 6.558579999999999965e-02
3.730400000000000205e+02 6.558529999999999915e-02
3.732400000000000091e+02 6.558469999999999578e-02
3.734399999999999977e+02 6.558419999999999528e-02
3.736399999999999864e+02 6.558360000000000578e-02
3.738399999999999750e+02 6.558310000000000528e-02
3.740400000000000205e+02 6.558250000000000191e-02
3.742400000000000091e+02 6.558200000000000141e-02
3.744399999999999977e+02 6.558150000000000091e-02
3.746399999999999864e+02 6.558089999999999753e-02
3.748399999999999750e+02 6.558039999999999703e-02
3.750400000000000205e+02 6.557989999999999653e-02
3.752400000000000091e+02 6.557929999999999315e-02
3.754399999999999977e+02 6.557880000000000653e-02
3.756399999999999864e+02 6.557830000000000603e-02
3.758399999999999750e+02 6.557770000000000266e-02
3.760400000000000205e+02 6.557720000000000216e-02
3.762400000000000091e+02 6.557670000000000166e-02
3.764399999999999977e+02 6.557620000000000116e-02
3.766399999999999864e+02 6.557570000000000066e-02
3.768399999999999750e+02 6.557509999999999728e-02
3.770400000000000205e+02 6.557459999999999678e-02
3.772400000000000091e+02 6.557409999999999628e-02
3.774399999999999977e+02 6.557359999999999578e-02
3.776399999999999864e+02 6.557309999999999528e-02
3.778399999999999750e+02 6.557259999999999478e-02
3.780400000000000205e+02 6.557209999999999428e-02
3.782400000000000091e+02 6.557159999999999378e-02
3.784399999999999977e+02 6.557109999999999328e-02
3.786399999999999864e+02 6.557060000000000666e-02
3.788399999999999750e+02 6.557010000000000616e-02
3.790400000000000205e+02 6.556960000000000566e-02
3.792400000000000091e+02 6.556910000000000516e-02
3.794399999999999977e+02 6.556860000000000466e-02
3.796399999999999864e+02 6.556810000000000416e-02
3.798399999999999750e+02 6.556760000000000366e-02
3.800400000000000205e+02 6.556710000000000316e-02
3.802400000000000091e+02 6.556660000000000266e-02
3.804399999999999977e+02 6.556610000000000216e-02
3.806399999999999864e+02 6.556570000000000453e-02
3.808399999999999750e+02 6.556520000000000403e-02
3.810400000000000205e+02 6.556470000000000353e-02
3.812400000000000091e+02 6.556420000000000303e-02
3.814399999999999977e+02 6.556370000000000253e-02
3.816399999999999864e+02 6.556330000000000491e-02
3.818399999999999750e+02 6.556280000000000441e-02
3.820400000000000205e+02 6.556230000000000391e-02
3.822400000000000091e+02 6.556180000000000341e-02
3.824399999999999977e+02 6.556140000000000578e-02
3.826399999999999864e+02 6.556090000000000528e-02
3.828399999999999750e+02 6.556040000000000478e-02
3.830400000000000205e+02 6.555999999999999328e-02
3.832400000000000091e+02 6.555950000000000666e-02
3.834399999999999977e+02 6.555909999999999516e-02
3.836399999999999864e+02 6.555859999999999466e-02
3.838399999999999750e+02 6.555809999999999416e-02
3.840400000000000205e+02 6.555769999999999653e-02
3.842400000000000091e+02 6.555719999999999603e-02
3.844399999999999977e+02 6.555679999999999841e-02
3.846399999999999864e+02 6.555629999999999791e-02
3.848399999999999750e+02 6.555590000000000028e-02
3.850400000000000205e+02 6.555539999999999978e-02
3.852400000000000091e+02 6.555500000000000216e-02
3.854399999999999977e+02 6.555450000000000166e-02
3.856399999999999864e+02 6.555410000000000403e-02
3.856800000000000068e+02 6.555400000000000116e-02
3.857200000000000273e+02 6.555389999999999828e-02
3.858000000000000114e+02 6.555370000000000641e-02
3.859599999999999795e+02 6.555339999999999778e-02
3.861600000000000250e+02 6.555289999999999728e-02
3.863600000000000136e+02 6.555249999999999966e-02
3.865600000000000023e+02 6.555210000000000203e-02
3.867599999999999909e+02 6.555160000000000153e-02
3.869599999999999795e+02 6.555120000000000391e-02
3.871600000000000250e+02 6.555080000000000628e-02
3.873600000000000136e+02 6.555030000000000578e-02
3.875600000000000023e+02 6.554989999999999428e-02
3.877599999999999909e+02 6.554949999999999666e-02
3.879599999999999795e+02 6.554899999999999616e-02
3.881600000000000250e+02 6.554859999999999853e-02
3.883600000000000136e+02 6.554820000000000091e-02
3.885600000000000023e+02 6.554780000000000328e-02
3.887599999999999909e+02 6.554730000000000278e-02
3.889599999999999795e+02 6.554690000000000516e-02
3.891600000000000250e+02 6.554649999999999366e-02
3.893600000000000136e+02 6.554609999999999603e-02
3.895600000000000023e+02 6.554569999999999841e-02
3.897599999999999909e+02 6.554530000000000078e-02
3.899599999999999795e+02 6.554480000000000028e-02
3.901600000000000250e+02 6.554440000000000266e-02
3.903600000000000136e+02 6.554400000000000504e-02
3.905600000000000023e+02 6.554359999999999353e-02
3.907599999999999909e+02 6.554319999999999591e-02
3.909599999999999795e+02 6.554279999999999828e-02
3.911600000000000250e+02 6.554240000000000066e-02
3.913600000000000136e+02 6.554200000000000303e-02
3.915600000000000023e+02 6.554160000000000541e-02
3.917599999999999909e+02 6.554119999999999391e-02
3.919599999999999795e+02 6.554079999999999628e-02
3.921600000000000250e+02 6.554039999999999866e-02
3.923600000000000136e+02 6.554000000000000103e-02
3.925600000000000023e+02 6.553960000000000341e-02
3.927599999999999909e+02 6.553920000000000579e-02
3.929599999999999795e+02 6.553879999999999428e-02
3.931600000000000250e+02 6.553839999999999666e-02
3.933600000000000136e+02 6.553799999999999903e-02
3.935600000000000023e+02 6.553770000000000429e-02
3.937599999999999909e+02 6.553730000000000666e-02
3.939599999999999795e+02 6.553689999999999516e-02
3.941600000000000250e+02 6.553649999999999753e-02
3.943600000000000136e+02 6.553609999999999991e-02
3.945600000000000023e+02 6.553570000000000229e-02
3.947599999999999909e+02 6.553539999999999366e-02
3.949599999999999795e+02 6.553499999999999603e-02
3.951600000000000250e+02 6.553459999999999841e-02
3.953600000000000136e+02 6.553420000000000079e-02
3.955600000000000023e+02 6.553380000000000316e-02
3.957599999999999909e+02 6.553349999999999453e-02
3.959599999999999795e+02 6.553309999999999691e-02
3.961600000000000250e+02 6.553269999999999929e-02
3.963600000000000136e+02 6.553240000000000454e-02
3.965600000000000023e+02 6.553200000000000691e-02
3.967599999999999909e+02 6.553159999999999541e-02
3.969599999999999795e+02 6.553130000000000066e-02
3.971600000000000250e+02 6.553090000000000304e-02
3.973600000000000136e+02 6.553050000000000541e-02
3.975600000000000023e+02 6.553019999999999678e-02
3.977599999999999909e+02 6.552979999999999916e-02
3.979599999999999795e+02 6.552940000000000154e-02
3.981600000000000250e+02 6.552910000000000679e-02
3.983600000000000136e+02 6.552869999999999528e-02
3.985600000000000023e+02 6.552840000000000054e-02
3.987599999999999909e+02 6.552800000000000291e-02
3.989599999999999795e+02 6.552769999999999428e-02
3.991600000000000250e+02 6.552729999999999666e-02
3.993600000000000136e+02 6.552700000000000191e-02
3.995600000000000023e+02 6.552660000000000429e-02
3.997599999999999909e+02 6.552629999999999566e-02
3.999599999999999795e+02 6.552589999999999804e-02
4.001600000000000250e+02 6.552560000000000329e-02
4.003600000000000136e+02 6.552520000000000566e-02
4.005600000000000023e+02 6.552489999999999704e-02
4.007599999999999909e+02 6.552449999999999941e-02
4.009599999999999795e+02 6.552420000000000466e-02
4.011600000000000250e+02 6.552379999999999316e-02
4.013600000000000136e+02 6.552349999999999841e-02
4.015600000000000023e+02 6.552320000000000366e-02
4.017599999999999909e+02 6.552280000000000604e-02
4.019599999999999795e+02 6.552249999999999741e-02
4.021600000000000250e+02 6.552220000000000266e-02
4.023600000000000136e+02 6.552180000000000504e-02
4.025600000000000023e+02 6.552149999999999641e-02
4.027599999999999909e+02 6.552120000000000166e-02
4.029599999999999795e+02 6.552080000000000404e-02
4.031600000000000250e+02 6.552049999999999541e-02
4.033600000000000136e+02 6.552020000000000066e-02
4.035600000000000023e+02 6.551980000000000304e-02
4.037599999999999909e+02 6.551949999999999441e-02
4.039599999999999795e+02 6.551919999999999966e-02
4.041600000000000250e+02 6.551890000000000491e-02
4.043600000000000136e+02 6.551849999999999341e-02
4.045600000000000023e+02 6.551819999999999866e-02
4.047599999999999909e+02 6.551790000000000391e-02
4.049599999999999795e+02 6.551759999999999529e-02
4.051600000000000250e+02 6.551730000000000054e-02
4.053600000000000136e+02 6.551690000000000291e-02
4.055600000000000023e+02 6.551659999999999429e-02
4.057599999999999909e+02 6.551629999999999954e-02
4.059599999999999795e+02 6.551600000000000479e-02
4.061600000000000250e+02 6.551569999999999616e-02
4.063600000000000136e+02 6.551540000000000141e-02
4.065600000000000023e+02 6.551510000000000666e-02
4.067599999999999909e+02 6.551469999999999516e-02
4.069599999999999795e+02 6.551440000000000041e-02
4.071600000000000250e+02 6.551410000000000566e-02
4.073600000000000136e+02 6.551379999999999704e-02
4.075600000000000023e+02 6.551350000000000229e-02
4.077599999999999909e+02 6.551319999999999366e-02
4.079599999999999795e+02 6.551289999999999891e-02
4.081600000000000250e+02 6.551260000000000416e-02
4.083600000000000136e+02 6.551229999999999554e-02
4.085600000000000023e+02 6.551200000000000079e-02
4.087599999999999909e+02 6.551170000000000604e-02
4.089599999999999795e+02 6.551139999999999741e-02
4.091600000000000250e+02 6.551110000000000266e-02
4.093600000000000136e+02 6.551079999999999404e-02
4.095600000000000023e+02 6.551049999999999929e-02
4.097599999999999909e+02 6.551020000000000454e-02
4.099599999999999795e+02 6.550989999999999591e-02
4.101600000000000250e+02 6.550960000000000116e-02
4.103600000000000136e+02 6.550930000000000641e-02
4.105600000000000023e+02 6.550899999999999779e-02
4.107599999999999909e+02 6.550870000000000304e-02
4.109599999999999795e+02 6.550849999999999729e-02
4.111600000000000250e+02 6.550820000000000254e-02
4.113600000000000136e+02 6.550789999999999391e-02
4.115600000000000023e+02 6.550759999999999916e-02
4.117599999999999909e+02 6.550730000000000441e-02
4.119599999999999795e+02 6.550699999999999579e-02
4.121600000000000250e+02 6.550670000000000104e-02
4.123600000000000136e+02 6.550649999999999529e-02
4.125600000000000023e+02 6.550620000000000054e-02
4.127599999999999909e+02 6.550590000000000579e-02
4.129599999999999795e+02 6.550559999999999716e-02
4.131600000000000250e+02 6.550530000000000241e-02
4.133600000000000136e+02 6.550509999999999666e-02
4.135600000000000023e+02 6.550480000000000191e-02
4.137599999999999909e+02 6.550449999999999329e-02
4.139599999999999795e+02 6.550419999999999854e-02
4.141600000000000250e+02 6.550400000000000666e-02
4.143600000000000136e+02 6.550369999999999804e-02
4.145600000000000023e+02 6.550340000000000329e-02
4.147599999999999909e+02 6.550309999999999466e-02
4.149599999999999795e+02 6.550290000000000279e-02
4.151600000000000250e+02 6.550259999999999416e-02
4.153600000000000136e+02 6.550229999999999941e-02
4.155600000000000023e+02 6.550209999999999366e-02
4.157599999999999909e+02 6.550179999999999891e-02
4.159599999999999795e+02 6.550150000000000416e-02
4.161600000000000250e+02 6.550129999999999841e-02
4.163600000000000136e+02 6.550100000000000366e-02
4.165600000000000023e+02 6.550069999999999504e-02
4.167599999999999909e+02 6.550050000000000316e-02
4.169599999999999795e+02 6.550019999999999454e-02
4.171600000000000250e+02 6.550000000000000266e-02
4.173600000000000136e+02 6.549969999999999404e-02
4.175600000000000023e+02 6.549939999999999929e-02
4.177599999999999909e+02 6.549919999999999354e-02
4.179599999999999795e+02 6.549889999999999879e-02
4.181600000000000250e+02 6.549870000000000692e-02
4.183600000000000136e+02 6.549839999999999829e-02
4.185600000000000023e+02 6.549820000000000642e-02
4.187599999999999909e+02 6.549789999999999779e-02
4.189599999999999795e+02 6.549760000000000304e-02
4.191600000000000250e+02 6.549739999999999729e-02
4.193600000000000136e+02 6.549710000000000254e-02
4.195600000000000023e+02 6.549689999999999679e-02
4.197599999999999909e+02 6.549660000000000204e-02
4.199599999999999795e+02 6.549639999999999629e-02
4.201600000000000250e+02 6.549610000000000154e-02
4.203600000000000136e+02 6.549589999999999579e-02
4.205600000000000023e+02 6.549570000000000392e-02
4.207599999999999909e+02 6.549539999999999529e-02
4.209599999999999795e+02 6.549520000000000342e-02
4.211600000000000250e+02 6.549489999999999479e-02
4.213600000000000136e+02 6.549470000000000292e-02
4.215600000000000023e+02 6.549439999999999429e-02
4.217599999999999909e+02 6.549420000000000242e-02
4.219599999999999795e+02 6.549399999999999666e-02
4.221600000000000250e+02 6.549370000000000192e-02
4.223600000000000136e+02 6.549349999999999616e-02
4.225600000000000023e+02 6.549320000000000142e-02
4.227599999999999909e+02 6.549299999999999566e-02
4.229599999999999795e+02 6.549280000000000379e-02
4.231600000000000250e+02 6.549249999999999516e-02
4.233600000000000136e+02 6.549230000000000329e-02
4.235600000000000023e+02 6.549209999999999754e-02
4.237599999999999909e+02 6.549180000000000279e-02
4.239599999999999795e+02 6.549159999999999704e-02
4.241600000000000250e+02 6.549140000000000517e-02
4.243600000000000136e+02 6.549109999999999654e-02
4.245600000000000023e+02 6.549090000000000467e-02
4.247599999999999909e+02 6.549069999999999891e-02
4.249599999999999795e+02 6.549040000000000417e-02
4.250000000000000000e+02 6.549040000000000417e-02
4.250400000000000205e+02 6.549030000000000129e-02
4.251200000000000045e+02 6.549030000000000129e-02
4.252799999999999727e+02 6.549009999999999554e-02
4.254800000000000182e+02 6.548980000000000079e-02
4.256800000000000068e+02 6.548959999999999504e-02
4.258799999999999955e+02 6.548940000000000317e-02
4.260799999999999841e+02 6.548919999999999741e-02
4.262799999999999727e+02 6.548890000000000267e-02
4.264800000000000182e+02 6.548869999999999691e-02
4.266800000000000068e+02 6.548850000000000504e-02
4.268799999999999955e+02 6.548829999999999929e-02
4.270799999999999841e+02 6.548809999999999354e-02
4.272799999999999727e+02 6.548779999999999879e-02
4.274800000000000182e+02 6.548760000000000692e-02
4.276800000000000068e+02 6.548740000000000117e-02
4.278799999999999955e+02 6.548719999999999541e-02
4.280799999999999841e+02 6.548700000000000354e-02
4.282799999999999727e+02 6.548669999999999491e-02
4.284800000000000182e+02 6.548650000000000304e-02
4.286800000000000068e+02 6.548629999999999729e-02
4.288799999999999955e+02 6.548610000000000542e-02
4.290799999999999841e+02 6.548589999999999967e-02
4.292799999999999727e+02 6.548569999999999391e-02
4.294800000000000182e+02 6.548550000000000204e-02
4.296800000000000068e+02 6.548529999999999629e-02
4.298799999999999955e+02 6.548500000000000154e-02
4.300799999999999841e+02 6.548479999999999579e-02
4.302799999999999727e+02 6.548460000000000392e-02
4.304800000000000182e+02 6.548439999999999817e-02
4.306800000000000068e+02 6.548420000000000629e-02
4.308799999999999955e+02 6.548400000000000054e-02
4.310799999999999841e+02 6.548379999999999479e-02
4.312799999999999727e+02 6.548360000000000292e-02
4.314800000000000182e+02 6.548339999999999717e-02
4.316800000000000068e+02 6.548320000000000529e-02
4.318799999999999955e+02 6.548299999999999954e-02
4.320799999999999841e+02 6.548279999999999379e-02
4.322799999999999727e+02 6.548260000000000192e-02
4.324800000000000182e+02 6.548239999999999617e-02
4.326800000000000068e+02 6.548220000000000429e-02
4.328799999999999955e+02 6.548199999999999854e-02
4.330799999999999841e+02 6.548180000000000667e-02
4.332799999999999727e+02 6.548160000000000092e-02
4.334800000000000182e+02 6.548139999999999517e-02
4.336800000000000068e+02 6.548120000000000329e-02
4.338799999999999955e+02 6.548099999999999754e-02
4.340799999999999841e+02 6.548080000000000567e-02
4.342799999999999727e+02 6.548059999999999992e-02
4.344800000000000182e+02 6.548039999999999417e-02
4.346800000000000068e+02 6.548020000000000229e-02
4.348799999999999955e+02 6.547999999999999654e-02
4.350799999999999841e+02 6.547980000000000467e-02
4.352799999999999727e+02 6.547959999999999892e-02
4.354800000000000182e+02 6.547939999999999316e-02
4.356800000000000068e+02 6.547920000000000129e-02
4.358799999999999955e+02 6.547899999999999554e-02
4.360799999999999841e+02 6.547880000000000367e-02
4.362799999999999727e+02 6.547859999999999792e-02
4.364800000000000182e+02 6.547849999999999504e-02
4.366800000000000068e+02 6.547830000000000317e-02
4.368799999999999955e+02 6.547809999999999742e-02
4.370799999999999841e+02 6.547790000000000554e-02
4.372799999999999727e+02 6.547769999999999979e-02
4.374800000000000182e+02 6.547749999999999404e-02
4.376800000000000068e+02 6.547730000000000217e-02
4.378799999999999955e+02 6.547719999999999929e-02
4.380799999999999841e+02 6.547699999999999354e-02
4.382799999999999727e+02 6.547680000000000167e-02
4.384800000000000182e+02 6.547659999999999592e-02
4.386800000000000068e+02 6.547640000000000404e-02
4.388799999999999955e+02 6.547619999999999829e-02
4.390799999999999841e+02 6.547609999999999542e-02
4.392799999999999727e+02 6.547590000000000354e-02
4.394800000000000182e+02 6.547569999999999779e-02
4.396800000000000068e+02 6.547550000000000592e-02
4.398799999999999955e+02 6.547530000000000017e-02
4.400799999999999841e+02 6.547519999999999729e-02
4.402799999999999727e+02 6.547500000000000542e-02
4.404800000000000182e+02 6.547479999999999967e-02
4.406800000000000068e+02 6.547459999999999392e-02
4.408799999999999955e+02 6.547450000000000492e-02
4.410799999999999841e+02 6.547429999999999917e-02
4.412799999999999727e+02 6.547409999999999342e-02
4.414800000000000182e+02 6.547390000000000154e-02
4.416800000000000068e+02 6.547379999999999867e-02
4.418799999999999955e+02 6.547360000000000679e-02
4.420799999999999841e+02 6.547340000000000104e-02
4.422799999999999727e+02 6.547319999999999529e-02
4.424800000000000182e+02 6.547310000000000629e-02
4.426800000000000068e+02 6.547290000000000054e-02
4.428799999999999955e+02 6.547269999999999479e-02
4.430799999999999841e+02 6.547260000000000579e-02
4.432799999999999727e+02 6.547240000000000004e-02
4.434800000000000182e+02 6.547219999999999429e-02
4.436800000000000068e+02 6.547210000000000529e-02
4.438799999999999955e+02 6.547189999999999954e-02
4.440799999999999841e+02 6.547169999999999379e-02
4.442799999999999727e+02 6.547160000000000479e-02
4.444800000000000182e+02 6.547139999999999904e-02
4.446800000000000068e+02 6.547119999999999329e-02
4.448799999999999955e+02 6.547110000000000429e-02
4.450799999999999841e+02 6.547089999999999854e-02
4.452799999999999727e+02 6.547070000000000667e-02
4.454800000000000182e+02 6.547060000000000379e-02
4.456800000000000068e+02 6.547039999999999804e-02
4.458799999999999955e+02 6.547020000000000617e-02
4.460799999999999841e+02 6.547010000000000329e-02
4.462799999999999727e+02 6.546989999999999754e-02
4.464800000000000182e+02 6.546979999999999467e-02
4.466800000000000068e+02 6.546960000000000279e-02
4.468799999999999955e+02 6.546939999999999704e-02
4.470799999999999841e+02 6.546929999999999417e-02
4.472799999999999727e+02 6.546910000000000229e-02
4.474800000000000182e+02 6.546899999999999942e-02
4.476800000000000068e+02 6.546879999999999367e-02
4.478799999999999955e+02 6.546870000000000467e-02
4.480799999999999841e+02 6.546849999999999892e-02
4.482799999999999727e+02 6.546829999999999317e-02
4.484800000000000182e+02 6.546820000000000417e-02
4.486800000000000068e+02 6.546799999999999842e-02
4.488799999999999955e+02 6.546789999999999554e-02
4.490799999999999841e+02 6.546770000000000367e-02
4.492799999999999727e+02 6.546760000000000079e-02
4.494800000000000182e+02 6.546739999999999504e-02
4.496800000000000068e+02 6.546730000000000604e-02
4.498799999999999955e+02 6.546710000000000029e-02
4.500799999999999841e+02 6.546699999999999742e-02
4.502799999999999727e+02 6.546680000000000554e-02
4.504800000000000182e+02 6.546670000000000267e-02
4.506800000000000068e+02 6.546649999999999692e-02
4.508799999999999955e+02 6.546639999999999404e-02
4.510799999999999841e+02 6.546620000000000217e-02
4.512799999999999727e+02 6.546609999999999929e-02
4.514800000000000182e+02 6.546589999999999354e-02
4.516800000000000068e+02 6.546580000000000454e-02
4.518799999999999955e+02 6.546559999999999879e-02
4.520799999999999841e+02 6.546549999999999592e-02
4.522799999999999727e+02 6.546530000000000404e-02
4.524800000000000182e+02 6.546520000000000117e-02
4.526800000000000068e+02 6.546499999999999542e-02
4.528799999999999955e+02 6.546490000000000642e-02
4.530799999999999841e+02 6.546480000000000354e-02
4.532799999999999727e+02 6.546459999999999779e-02
4.534800000000000182e+02 6.546449999999999492e-02
4.536800000000000068e+02 6.546430000000000304e-02
4.538799999999999955e+02 6.546420000000000017e-02
4.540799999999999841e+02 6.546399999999999442e-02
4.542799999999999727e+02 6.546390000000000542e-02
4.544800000000000182e+02 6.546380000000000254e-02
4.546800000000000068e+02 6.546359999999999679e-02
4.548799999999999955e+02 6.546349999999999392e-02
4.550799999999999841e+02 6.546330000000000204e-02
4.552799999999999727e+02 6.546319999999999917e-02
4.554800000000000182e+02 6.546309999999999629e-02
4.556800000000000068e+02 6.546290000000000442e-02
4.558799999999999955e+02 6.546280000000000154e-02
4.560799999999999841e+02 6.546269999999999867e-02
4.562799999999999727e+02 6.546250000000000679e-02
4.564800000000000182e+02 6.546240000000000392e-02
4.566800000000000068e+02 6.546219999999999817e-02
4.568799999999999955e+02 6.546209999999999529e-02
4.570799999999999841e+02 6.546200000000000629e-02
4.572799999999999727e+02 6.546180000000000054e-02
4.574800000000000182e+02 6.546169999999999767e-02
4.576800000000000068e+02 6.546159999999999479e-02
4.578799999999999955e+02 6.546140000000000292e-02
4.580799999999999841e+02 6.546130000000000004e-02
4.582799999999999727e+02 6.546119999999999717e-02
4.584800000000000182e+02 6.546100000000000529e-02
4.586800000000000068e+02 6.546090000000000242e-02
4.588799999999999955e+02 6.546079999999999954e-02
4.590799999999999841e+02 6.546069999999999667e-02
4.592799999999999727e+02 6.546050000000000479e-02
4.594800000000000182e+02 6.546040000000000192e-02
4.596800000000000068e+02 6.546029999999999904e-02
4.598799999999999955e+02 6.546009999999999329e-02
4.600799999999999841e+02 6.546000000000000429e-02
4.602799999999999727e+02 6.545990000000000142e-02
4.604800000000000182e+02 6.545979999999999854e-02
4.606800000000000068e+02 6.545960000000000667e-02
4.608799999999999955e+02 6.545950000000000379e-02
4.610799999999999841e+02 6.545940000000000092e-02
4.612799999999999727e+02 6.545929999999999804e-02
4.614800000000000182e+02 6.545910000000000617e-02
4.616800000000000068e+02 6.545900000000000329e-02
4.618799999999999955e+02 6.545890000000000042e-02
4.620799999999999841e+02 6.545879999999999754e-02
4.622799999999999727e+02 6.545860000000000567e-02
4.624800000000000182e+02 6.545850000000000279e-02
4.626800000000000068e+02 6.545839999999999992e-02
4.628799999999999955e+02 6.545829999999999704e-02
4.630799999999999841e+02 6.545810000000000517e-02
4.632799999999999727e+02 6.545800000000000229e-02
4.634800000000000182e+02 6.545789999999999942e-02
4.636800000000000068e+02 6.545779999999999654e-02
4.638799999999999955e+02 6.545769999999999367e-02
4.640799999999999841e+02 6.545750000000000179e-02
4.642799999999999727e+02 6.545739999999999892e-02
4.643199999999999932e+02 6.545739999999999892e-02
4.643600000000000136e+02 6.545739999999999892e-02
4.644399999999999977e+02 6.545729999999999604e-02
4.646000000000000227e+02 6.545719999999999317e-02
4.648000000000000114e+02 6.545710000000000417e-02
4.650000000000000000e+02 6.545700000000000129e-02
4.651999999999999886e+02 6.545689999999999842e-02
4.653999999999999773e+02 6.545679999999999554e-02
4.656000000000000227e+02 6.545660000000000367e-02
4.658000000000000114e+02 6.545650000000000079e-02
4.660000000000000000e+02 6.545639999999999792e-02
4.661999999999999886e+02 6.545629999999999504e-02
4.663999999999999773e+02 6.545620000000000605e-02
4.666000000000000227e+02 6.545610000000000317e-02
4.668000000000000114e+02 6.545589999999999742e-02
4.670000000000000000e+02 6.545579999999999454e-02
4.671999999999999886e+02 6.545570000000000555e-02
4.673999999999999773e+02 6.545560000000000267e-02
4.676000000000000227e+02 6.545549999999999979e-02
4.678000000000000114e+02 6.545539999999999692e-02
4.680000000000000000e+02 6.545529999999999404e-02
4.681999999999999886e+02 6.545510000000000217e-02
4.683999999999999773e+02 6.545499999999999929e-02
4.686000000000000227e+02 6.545489999999999642e-02
4.688000000000000114e+02 6.545479999999999354e-02
4.690000000000000000e+02 6.545470000000000454e-02
4.691999999999999886e+02 6.545460000000000167e-02
4.693999999999999773e+02 6.545449999999999879e-02
4.696000000000000227e+02 6.545439999999999592e-02
4.698000000000000114e+02 6.545430000000000692e-02
4.700000000000000000e+02 6.545420000000000404e-02
4.701999999999999886e+02 6.545399999999999829e-02
4.703999999999999773e+02 6.545389999999999542e-02
4.706000000000000227e+02 6.545380000000000642e-02
4.708000000000000114e+02 6.545370000000000354e-02
4.710000000000000000e+02 6.545360000000000067e-02
4.711999999999999886e+02 6.545349999999999779e-02
4.713999999999999773e+02 6.545339999999999492e-02
4.716000000000000227e+02 6.545330000000000592e-02
4.718000000000000114e+02 6.545320000000000304e-02
4.720000000000000000e+02 6.545310000000000017e-02
4.721999999999999886e+02 6.545299999999999729e-02
4.723999999999999773e+02 6.545289999999999442e-02
4.726000000000000227e+02 6.545280000000000542e-02
4.728000000000000114e+02 6.545270000000000254e-02
4.730000000000000000e+02 6.545259999999999967e-02
4.731999999999999886e+02 6.545249999999999679e-02
4.733999999999999773e+02 6.545239999999999392e-02
4.736000000000000227e+02 6.545230000000000492e-02
4.738000000000000114e+02 6.545220000000000204e-02
4.740000000000000000e+02 6.545199999999999629e-02
4.741999999999999886e+02 6.545189999999999342e-02
4.743999999999999773e+02 6.545180000000000442e-02
4.746000000000000227e+02 6.545170000000000154e-02
4.748000000000000114e+02 6.545159999999999867e-02
4.750000000000000000e+02 6.545149999999999579e-02
4.751999999999999886e+02 6.545140000000000680e-02
4.753999999999999773e+02 6.545130000000000392e-02
4.756000000000000227e+02 6.545120000000000104e-02
4.758000000000000114e+02 6.545109999999999817e-02
4.760000000000000000e+02 6.545099999999999529e-02
4.761999999999999886e+02 6.545090000000000630e-02
4.763999999999999773e+02 6.545080000000000342e-02
4.766000000000000227e+02 6.545080000000000342e-02
4.768000000000000114e+02 6.545070000000000054e-02
4.770000000000000000e+02 6.545059999999999767e-02
4.771999999999999886e+02 6.545049999999999479e-02
4.773999999999999773e+02 6.545040000000000580e-02
4.776000000000000227e+02 6.545030000000000292e-02
4.778000000000000114e+02 6.545020000000000004e-02
4.780000000000000000e+02 6.545009999999999717e-02
4.781999999999999886e+02 6.544999999999999429e-02
4.783999999999999773e+02 6.544990000000000530e-02
4.786000000000000227e+02 6.544980000000000242e-02
4.788000000000000114e+02 6.544969999999999954e-02
4.790000000000000000e+02 6.544959999999999667e-02
4.791999999999999886e+02 6.544949999999999379e-02
4.793999999999999773e+02 6.544940000000000480e-02
4.796000000000000227e+02 6.544930000000000192e-02
4.798000000000000114e+02 6.544919999999999904e-02
4.800000000000000000e+02 6.544909999999999617e-02
4.801999999999999886e+02 6.544899999999999329e-02
4.803999999999999773e+02 6.544899999999999329e-02
4.806000000000000227e+02 6.544890000000000430e-02
4.808000000000000114e+02 6.544880000000000142e-02
4.810000000000000000e+02 6.544869999999999854e-02
4.811999999999999886e+02 6.544859999999999567e-02
4.813999999999999773e+02 6.544850000000000667e-02
4.816000000000000227e+02 6.544840000000000380e-02
4.818000000000000114e+02 6.544830000000000092e-02
4.820000000000000000e+02 6.544819999999999804e-02
4.821999999999999886e+02 6.544809999999999517e-02
4.823999999999999773e+02 6.544800000000000617e-02
4.826000000000000227e+02 6.544800000000000617e-02
4.828000000000000114e+02 6.544790000000000330e-02
4.830000000000000000e+02 6.544780000000000042e-02
4.831999999999999886e+02 6.544769999999999754e-02
4.833999999999999773e+02 6.544759999999999467e-02
4.836000000000000227e+02 6.544750000000000567e-02
4.838000000000000114e+02 6.544740000000000280e-02
4.840000000000000000e+02 6.544729999999999992e-02
4.841999999999999886e+02 6.544729999999999992e-02
4.843999999999999773e+02 6.544719999999999704e-02
4.846000000000000227e+02 6.544709999999999417e-02
4.848000000000000114e+02 6.544700000000000517e-02
4.850000000000000000e+02 6.544690000000000230e-02
4.851999999999999886e+02 6.544679999999999942e-02
4.853999999999999773e+02 6.544669999999999654e-02
4.856000000000000227e+02 6.544669999999999654e-02
4.858000000000000114e+02 6.544659999999999367e-02
4.860000000000000000e+02 6.544650000000000467e-02
4.861999999999999886e+02 6.544640000000000180e-02
4.863999999999999773e+02 6.544629999999999892e-02
4.866000000000000227e+02 6.544619999999999604e-02
4.868000000000000114e+02 6.544619999999999604e-02
4.870000000000000000e+02 6.544609999999999317e-02
4.871999999999999886e+02 6.544600000000000417e-02
4.873999999999999773e+02 6.544590000000000130e-02
4.876000000000000227e+02 6.544579999999999842e-02
4.878000000000000114e+02 6.544579999999999842e-02
4.880000000000000000e+02 6.544569999999999554e-02
4.881999999999999886e+02 6.544560000000000655e-02
4.883999999999999773e+02 6.544550000000000367e-02
4.886000000000000227e+02 6.544540000000000080e-02
4.888000000000000114e+02 6.544529999999999792e-02
4.890000000000000000e+02 6.544529999999999792e-02
4.891999999999999886e+02 6.544519999999999504e-02
4.893999999999999773e+02 6.544510000000000605e-02
4.896000000000000227e+02 6.544500000000000317e-02
4.898000000000000114e+02 6.544500000000000317e-02
4.900000000000000000e+02 6.544490000000000030e-02
4.901999999999999886e+02 6.544479999999999742e-02
4.903999999999999773e+02 6.544469999999999454e-02
4.906000000000000227e+02 6.544460000000000555e-02
4.908000000000000114e+02 6.544460000000000555e-02
4.910000000000000000e+02 6.544450000000000267e-02
4.911999999999999886e+02 6.544439999999999980e-02
4.913999999999999773e+02 6.544429999999999692e-02
4.916000000000000227e+02 6.544429999999999692e-02
4.918000000000000114e+02 6.544419999999999404e-02
4.920000000000000000e+02 6.544410000000000505e-02
4.921999999999999886e+02 6.544400000000000217e-02
4.923999999999999773e+02 6.544400000000000217e-02
4.926000000000000227e+02 6.544389999999999930e-02
4.928000000000000114e+02 6.544379999999999642e-02
4.930000000000000000e+02 6.544369999999999354e-02
4.931999999999999886e+02 6.544369999999999354e-02
4.933999999999999773e+02 6.544360000000000455e-02
4.936000000000000227e+02 6.544350000000000167e-02
4.938000000000000114e+02 6.544339999999999880e-02
4.940000000000000000e+02 6.544339999999999880e-02
4.941999999999999886e+02 6.544329999999999592e-02
4.943999999999999773e+02 6.544320000000000692e-02
4.946000000000000227e+02 6.544310000000000405e-02
4.948000000000000114e+02 6.544310000000000405e-02
4.950000000000000000e+02 6.544300000000000117e-02
4.951999999999999886e+02 6.544289999999999830e-02
4.953999999999999773e+02 6.544279999999999542e-02
4.956000000000000227e+02 6.544279999999999542e-02
4.958000000000000114e+02 6.544270000000000642e-02
4.960000000000000000e+02 6.544260000000000355e-02
4.961999999999999886e+02 6.544260000000000355e-02
4.963999999999999773e+02 6.544250000000000067e-02
4.966000000000000227e+02 6.544239999999999780e-02
4.968000000000000114e+02 6.544229999999999492e-02
4.970000000000000000e+02 6.544229999999999492e-02
4.971999999999999886e+02 6.544220000000000592e-02
4.973999999999999773e+02 6.544210000000000305e-02
4.976000000000000227e+02 6.544210000000000305e-02
4.978000000000000114e+02 6.544200000000000017e-02
4.980000000000000000e+02 6.544189999999999729e-02
4.981999999999999886e+02 6.544189999999999729e-02
4.983999999999999773e+02 6.544179999999999442e-02
4.986000000000000227e+02 6.544170000000000542e-02
4.988000000000000114e+02 6.544170000000000542e-02
4.990000000000000000e+02 6.544160000000000255e-02
4.991999999999999886e+02 6.544149999999999967e-02
4.993999999999999773e+02 6.544149999999999967e-02
4.996000000000000227e+02 6.544139999999999679e-02
4.998000000000000114e+02 6.544129999999999392e-02
5.000000000000000000e+02 6.544129999999999392e-02
5.001999999999999886e+02 6.544120000000000492e-02
5.003999999999999773e+02 6.544110000000000205e-02
5.006000000000000227e+02 6.544110000000000205e-02
5.008000000000000114e+02 6.544099999999999917e-02
5.010000000000000000e+02 6.544089999999999629e-02
5.011999999999999886e+02 6.544089999999999629e-02
5.013999999999999773e+02 6.544079999999999342e-02
5.016000000000000227e+02 6.544070000000000442e-02
5.018000000000000114e+02 6.544070000000000442e-02
5.020000000000000000e+02 6.544060000000000155e-02
5.021999999999999886e+02 6.544049999999999867e-02
5.023999999999999773e+02 6.544049999999999867e-02
5.026000000000000227e+02 6.544039999999999579e-02
5.028000000000000114e+02 6.544030000000000680e-02
5.030000000000000000e+02 6.544030000000000680e-02
5.031999999999999886e+02 6.544020000000000392e-02
5.033999999999999773e+02 6.544010000000000105e-02
5.036000000000000227e+02 6.544010000000000105e-02
5.036399999999999864e+02 6.544010000000000105e-02
5.036800000000000068e+02 6.544010000000000105e-02
5.037599999999999909e+02 6.543999999999999817e-02
5.039200000000000159e+02 6.543999999999999817e-02
5.041200000000000045e+02 6.543989999999999529e-02
5.043199999999999932e+02 6.543989999999999529e-02
5.045199999999999818e+02 6.543980000000000630e-02
5.047200000000000273e+02 6.543970000000000342e-02
5.049200000000000159e+02 6.543970000000000342e-02
5.051200000000000045e+02 6.543960000000000055e-02
5.053199999999999932e+02 6.543960000000000055e-02
5.055199999999999818e+02 6.543949999999999767e-02
5.057200000000000273e+02 6.543939999999999479e-02
5.059200000000000159e+02 6.543939999999999479e-02
5.061200000000000045e+02 6.543930000000000580e-02
5.063199999999999932e+02 6.543920000000000292e-02
5.065199999999999818e+02 6.543920000000000292e-02
5.067200000000000273e+02 6.543910000000000005e-02
5.069200000000000159e+02 6.543910000000000005e-02
5.071200000000000045e+02 6.543899999999999717e-02
5.073199999999999932e+02 6.543889999999999429e-02
5.075199999999999818e+02 6.543889999999999429e-02
5.077200000000000273e+02 6.543880000000000530e-02
5.079200000000000159e+02 6.543880000000000530e-02
5.081200000000000045e+02 6.543870000000000242e-02
5.083199999999999932e+02 6.543870000000000242e-02
5.085199999999999818e+02 6.543859999999999955e-02
5.087200000000000273e+02 6.543849999999999667e-02
5.089200000000000159e+02 6.543849999999999667e-02
5.091200000000000045e+02 6.543839999999999379e-02
5.093199999999999932e+02 6.543839999999999379e-02
5.095199999999999818e+02 6.543830000000000480e-02
5.097200000000000273e+02 6.543830000000000480e-02
5.099200000000000159e+02 6.543820000000000192e-02
5.101200000000000045e+02 6.543809999999999905e-02
5.103199999999999932e+02 6.543809999999999905e-02
5.105199999999999818e+02 6.543799999999999617e-02
5.107200000000000273e+02 6.543799999999999617e-02
5.109200000000000159e+02 6.543789999999999329e-02
5.111200000000000045e+02 6.543789999999999329e-02
5.113199999999999932e+02 6.543780000000000430e-02
5.115199999999999818e+02 6.543770000000000142e-02
5.117200000000000273e+02 6.543770000000000142e-02
5.119200000000000159e+02 6.543759999999999855e-02
5.121200000000000045e+02 6.543759999999999855e-02
5.123200000000000500e+02 6.543749999999999567e-02
5.125199999999999818e+02 6.543749999999999567e-02
5.127200000000000273e+02 6.543740000000000667e-02
5.129199999999999591e+02 6.543740000000000667e-02
5.131200000000000045e+02 6.543730000000000380e-02
5.133200000000000500e+02 6.543730000000000380e-02
5.135199999999999818e+02 6.543720000000000092e-02
5.137200000000000273e+02 6.543709999999999805e-02
5.139199999999999591e+02 6.543709999999999805e-02
5.141200000000000045e+02 6.543699999999999517e-02
5.143200000000000500e+02 6.543699999999999517e-02
5.145199999999999818e+02 6.543690000000000617e-02
5.147200000000000273e+02 6.543690000000000617e-02
5.149199999999999591e+02 6.543680000000000330e-02
5.151200000000000045e+02 6.543680000000000330e-02
5.153200000000000500e+02 6.543670000000000042e-02
5.155199999999999818e+02 6.543670000000000042e-02
5.157200000000000273e+02 6.543659999999999755e-02
5.159199999999999591e+02 6.543659999999999755e-02
5.161200000000000045e+02 6.543649999999999467e-02
5.163200000000000500e+02 6.543649999999999467e-02
5.165199999999999818e+02 6.543640000000000567e-02
5.167200000000000273e+02 6.543640000000000567e-02
5.169199999999999591e+02 6.543630000000000280e-02
5.171200000000000045e+02 6.543630000000000280e-02
5.173200000000000500e+02 6.543619999999999992e-02
5.175199999999999818e+02 6.543619999999999992e-02
5.177200000000000273e+02 6.543609999999999705e-02
5.179199999999999591e+02 6.543609999999999705e-02
5.181200000000000045e+02 6.543599999999999417e-02
5.183200000000000500e+02 6.543599999999999417e-02
5.185199999999999818e+02 6.543590000000000517e-02
5.187200000000000273e+02 6.543590000000000517e-02
5.189199999999999591e+02 6.543580000000000230e-02
5.191200000000000045e+02 6.543580000000000230e-02
5.193200000000000500e+02 6.543569999999999942e-02
5.195199999999999818e+02 6.543569999999999942e-02
5.197200000000000273e+02 6.543559999999999655e-02
5.199199999999999591e+02 6.543559999999999655e-02
5.201200000000000045e+02 6.543549999999999367e-02
5.203200000000000500e+02 6.543549999999999367e-02
5.205199999999999818e+02 6.543540000000000467e-02
5.207200000000000273e+02 6.543540000000000467e-02
5.209199999999999591e+02 6.543530000000000180e-02
5.211200000000000045e+02 6.543530000000000180e-02
5.213200000000000500e+02 6.543519999999999892e-02
5.215199999999999818e+02 6.543519999999999892e-02
5.217200000000000273e+02 6.543509999999999605e-02
5.219199999999999591e+02 6.543509999999999605e-02
5.221200000000000045e+02 6.543509999999999605e-02
5.223200000000000500e+02 6.543499999999999317e-02
5.225199999999999818e+02 6.543499999999999317e-02
5.227200000000000273e+02 6.543490000000000417e-02
5.229199999999999591e+02 6.543490000000000417e-02
5.231200000000000045e+02 6.543480000000000130e-02
5.233200000000000500e+02 6.543480000000000130e-02
5.235199999999999818e+02 6.543469999999999842e-02
5.237200000000000273e+02 6.543469999999999842e-02
5.239199999999999591e+02 6.543459999999999555e-02
5.241200000000000045e+02 6.543459999999999555e-02
5.243200000000000500e+02 6.543450000000000655e-02
5.245199999999999818e+02 6.543450000000000655e-02
5.247200000000000273e+02 6.543450000000000655e-02
5.249199999999999591e+02 6.543440000000000367e-02
5.251200000000000045e+02 6.543440000000000367e-02
5.253200000000000500e+02 6.543430000000000080e-02
5.255199999999999818e+02 6.543430000000000080e-02
5.257200000000000273e+02 6.543419999999999792e-02
5.259199999999999591e+02 6.543419999999999792e-02
5.261200000000000045e+02 6.543409999999999505e-02
5.263200000000000500e+02 6.543409999999999505e-02
5.265199999999999818e+02 6.543409999999999505e-02
5.267200000000000273e+02 6.543400000000000605e-02
5.269199999999999591e+02 6.543400000000000605e-02
5.271200000000000045e+02 6.543390000000000317e-02
5.273200000000000500e+02 6.543390000000000317e-02
5.275199999999999818e+02 6.543380000000000030e-02
5.277200000000000273e+02 6.543380000000000030e-02
5.279199999999999591e+02 6.543380000000000030e-02
5.281200000000000045e+02 6.543369999999999742e-02
5.283200000000000500e+02 6.543369999999999742e-02
5.285199999999999818e+02 6.543359999999999455e-02
5.287200000000000273e+02 6.543359999999999455e-02
5.289199999999999591e+02 6.543350000000000555e-02
5.291200000000000045e+02 6.543350000000000555e-02
5.293200000000000500e+02 6.543350000000000555e-02
5.295199999999999818e+02 6.543340000000000267e-02
5.297200000000000273e+02 6.543340000000000267e-02
5.299199999999999591e+02 6.543329999999999980e-02
5.301200000000000045e+02 6.543329999999999980e-02
5.303200000000000500e+02 6.543329999999999980e-02
5.305199999999999818e+02 6.543319999999999692e-02
5.307200000000000273e+02 6.543319999999999692e-02
5.309199999999999591e+02 6.543309999999999405e-02
5.311200000000000045e+02 6.543309999999999405e-02
5.313200000000000500e+02 6.543309999999999405e-02
5.315199999999999818e+02 6.543300000000000505e-02
5.317200000000000273e+02 6.543300000000000505e-02
5.319199999999999591e+02 6.543290000000000217e-02
5.321200000000000045e+02 6.543290000000000217e-02
5.323200000000000500e+02 6.543290000000000217e-02
5.325199999999999818e+02 6.543279999999999930e-02
5.327200000000000273e+02 6.543279999999999930e-02
5.329199999999999591e+02 6.543269999999999642e-02
5.331200000000000045e+02 6.543269999999999642e-02
5.333200000000000500e+02 6.543269999999999642e-02
5.335199999999999818e+02 6.543259999999999355e-02
5.337200000000000273e+02 6.543259999999999355e-02
5.339199999999999591e+02 6.543250000000000455e-02
5.341200000000000045e+02 6.543250000000000455e-02
5.343200000000000500e+02 6.543250000000000455e-02
5.345199999999999818e+02 6.543240000000000167e-02
5.347200000000000273e+02 6.543240000000000167e-02
5.349199999999999591e+02 6.543240000000000167e-02
5.351200000000000045e+02 6.543229999999999880e-02
5.353200000000000500e+02 6.543229999999999880e-02
5.355199999999999818e+02 6.543219999999999592e-02
5.357200000000000273e+02 6.543219999999999592e-02
5.359199999999999591e+02 6.543219999999999592e-02
5.361200000000000045e+02 6.543210000000000692e-02
5.363200000000000500e+02 6.543210000000000692e-02
5.365199999999999818e+02 6.543210000000000692e-02
5.367200000000000273e+02 6.543200000000000405e-02
5.369199999999999591e+02 6.543200000000000405e-02
5.371200000000000045e+02 6.543190000000000117e-02
5.373200000000000500e+02 6.543190000000000117e-02
5.375199999999999818e+02 6.543190000000000117e-02
5.377200000000000273e+02 6.543179999999999830e-02
5.379199999999999591e+02 6.543179999999999830e-02
5.381200000000000045e+02 6.543179999999999830e-02
5.383200000000000500e+02 6.543169999999999542e-02
5.385199999999999818e+02 6.543169999999999542e-02
5.387200000000000273e+02 6.543169999999999542e-02
5.389199999999999591e+02 6.543160000000000642e-02
5.391200000000000045e+02 6.543160000000000642e-02
5.393200000000000500e+02 6.543150000000000355e-02
5.395199999999999818e+02 6.543150000000000355e-02
5.397200000000000273e+02 6.543150000000000355e-02
5.399199999999999591e+02 6.543140000000000067e-02
5.401200000000000045e+02 6.543140000000000067e-02
5.403200000000000500e+02 6.543140000000000067e-02
5.405199999999999818e+02 6.543129999999999780e-02
5.407200000000000273e+02 6.543129999999999780e-02
5.409199999999999591e+02 6.543129999999999780e-02
5.411200000000000045e+02 6.543119999999999492e-02
5.413200000000000500e+02 6.543119999999999492e-02
5.415199999999999818e+02 6.543119999999999492e-02
5.417200000000000273e+02 6.543110000000000592e-02
5.419199999999999591e+02 6.543110000000000592e-02
5.421200000000000045e+02 6.543110000000000592e-02
5.423200000000000500e+02 6.543100000000000305e-02
5.425199999999999818e+02 6.543100000000000305e-02
5.427200000000000273e+02 6.543100000000000305e-02
5.429199999999999591e+02 6.543090000000000017e-02
5.429600000000000364e+02 6.543090000000000017e-02
5.430000000000000000e+02 6.543090000000000017e-02
5.430800000000000409e+02 6.543090000000000017e-02
5.432400000000000091e+02 6.543090000000000017e-02
5.434400000000000546e+02 6.543079999999999730e-02
5.436399999999999864e+02 6.543079999999999730e-02
5.438400000000000318e+02 6.543079999999999730e-02
5.440399999999999636e+02 6.543069999999999442e-02
5.442400000000000091e+02 6.543069999999999442e-02
5.444400000000000546e+02 6.543069999999999442e-02
5.446399999999999864e+02 6.543060000000000542e-02
5.448400000000000318e+02 6.543060000000000542e-02
5.450399999999999636e+02 6.543060000000000542e-02
5.452400000000000091e+02 6.543060000000000542e-02
5.454400000000000546e+02 6.543050000000000255e-02
5.456399999999999864e+02 6.543050000000000255e-02
5.458400000000000318e+02 6.543050000000000255e-02
5.460399999999999636e+02 6.543039999999999967e-02
5.462400000000000091e+02 6.543039999999999967e-02
5.464400000000000546e+02 6.543039999999999967e-02
5.466399999999999864e+02 6.543029999999999680e-02
5.468400000000000318e+02 6.543029999999999680e-02
5.470399999999999636e+02 6.543029999999999680e-02
5.472400000000000091e+02 6.543019999999999392e-02
5.474400000000000546e+02 6.543019999999999392e-02
5.476399999999999864e+02 6.543019999999999392e-02
5.478400000000000318e+02 6.543010000000000492e-02
5.480399999999999636e+02 6.543010000000000492e-02
5.482400000000000091e+02 6.543010000000000492e-02
5.484400000000000546e+02 6.543010000000000492e-02
5.486399999999999864e+02 6.543000000000000205e-02
5.488400000000000318e+02 6.543000000000000205e-02
5.490399999999999636e+02 6.543000000000000205e-02
5.492400000000000091e+02 6.542989999999999917e-02
5.494400000000000546e+02 6.542989999999999917e-02
5.496399999999999864e+02 6.542989999999999917e-02
5.498400000000000318e+02 6.542979999999999630e-02
5.500399999999999636e+02 6.542979999999999630e-02
5.502400000000000091e+02 6.542979999999999630e-02
5.504400000000000546e+02 6.542979999999999630e-02
5.506399999999999864e+02 6.542969999999999342e-02
5.508400000000000318e+02 6.542969999999999342e-02
5.510399999999999636e+02 6.542969999999999342e-02
5.512400000000000091e+02 6.542960000000000442e-02
5.514400000000000546e+02 6.542960000000000442e-02
5.516399999999999864e+02 6.542960000000000442e-02
5.518400000000000318e+02 6.542950000000000155e-02
5.520399999999999636e+02 6.542950000000000155e-02
5.522400000000000091e+02 6.542950000000000155e-02
5.524400000000000546e+02 6.542950000000000155e-02
5.526399999999999864e+02 6.542939999999999867e-02
5.528400000000000318e+02 6.542939999999999867e-02
5.530399999999999636e+02 6.542939999999999867e-02
5.532400000000000091e+02 6.542929999999999580e-02
5.534400000000000546e+02 6.542929999999999580e-02
5.536399999999999864e+02 6.542929999999999580e-02
5.538400000000000318e+02 6.542929999999999580e-02
5.540399999999999636e+02 6.542920000000000680e-02
5.542400000000000091e+02 6.542920000000000680e-02
5.544400000000000546e+02 6.542920000000000680e-02
5.546399999999999864e+02 6.542920000000000680e-02
5.548400000000000318e+02 6.542910000000000392e-02
5.550399999999999636e+02 6.542910000000000392e-02
5.552400000000000091e+02 6.542910000000000392e-02
5.554400000000000546e+02 6.542900000000000105e-02
5.556399999999999864e+02 6.542900000000000105e-02
5.558400000000000318e+02 6.542900000000000105e-02
5.560399999999999636e+02 6.542900000000000105e-02
5.562400000000000091e+02 6.542889999999999817e-02
5.564400000000000546e+02 6.542889999999999817e-02
5.566399999999999864e+02 6.542889999999999817e-02
5.568400000000000318e+02 6.542889999999999817e-02
5.570399999999999636e+02 6.542879999999999530e-02
5.572400000000000091e+02 6.542879999999999530e-02
5.574400000000000546e+02 6.542879999999999530e-02
5.576399999999999864e+02 6.542870000000000630e-02
5.578400000000000318e+02 6.542870000000000630e-02
5.580399999999999636e+02 6.542870000000000630e-02
5.582400000000000091e+02 6.542870000000000630e-02
5.584400000000000546e+02 6.542860000000000342e-02
5.586399999999999864e+02 6.542860000000000342e-02
5.588400000000000318e+02 6.542860000000000342e-02
5.590399999999999636e+02 6.542860000000000342e-02
5.592400000000000091e+02 6.542850000000000055e-02
5.594400000000000546e+02 6.542850000000000055e-02
5.596399999999999864e+02 6.542850000000000055e-02
5.598400000000000318e+02 6.542850000000000055e-02
5.600399999999999636e+02 6.542839999999999767e-02
5.602400000000000091e+02 6.542839999999999767e-02
5.604400000000000546e+02 6.542839999999999767e-02
5.606399999999999864e+02 6.542839999999999767e-02
5.608400000000000318e+02 6.542829999999999480e-02
5.610399999999999636e+02 6.542829999999999480e-02
5.612400000000000091e+02 6.542829999999999480e-02
5.614400000000000546e+02 6.542829999999999480e-02
5.616399999999999864e+02 6.542820000000000580e-02
5.618400000000000318e+02 6.542820000000000580e-02
5.620399999999999636e+02 6.542820000000000580e-02
5.622400000000000091e+02 6.542820000000000580e-02
5.624400000000000546e+02 6.542810000000000292e-02
5.626399999999999864e+02 6.542810000000000292e-02
5.628400000000000318e+02 6.542810000000000292e-02
5.630399999999999636e+02 6.542810000000000292e-02
5.632400000000000091e+02 6.542800000000000005e-02
5.634400000000000546e+02 6.542800000000000005e-02
5.636399999999999864e+02 6.542800000000000005e-02
5.638400000000000318e+02 6.542800000000000005e-02
5.640399999999999636e+02 6.542789999999999717e-02
5.642400000000000091e+02 6.542789999999999717e-02
5.644400000000000546e+02 6.542789999999999717e-02
5.646399999999999864e+02 6.542789999999999717e-02
5.648400000000000318e+02 6.542789999999999717e-02
5.650399999999999636e+02 6.542779999999999430e-02
5.652400000000000091e+02 6.542779999999999430e-02
5.654400000000000546e+02 6.542779999999999430e-02
5.656399999999999864e+02 6.542779999999999430e-02
5.658400000000000318e+02 6.542770000000000530e-02
5.660399999999999636e+02 6.542770000000000530e-02
5.662400000000000091e+02 6.542770000000000530e-02
5.664400000000000546e+02 6.542770000000000530e-02
5.666399999999999864e+02 6.542760000000000242e-02
5.668400000000000318e+02 6.542760000000000242e-02
5.670399999999999636e+02 6.542760000000000242e-02
5.672400000000000091e+02 6.542760000000000242e-02
5.674400000000000546e+02 6.542760000000000242e-02
5.676399999999999864e+02 6.542749999999999955e-02
5.678400000000000318e+02 6.542749999999999955e-02
5.680399999999999636e+02 6.542749999999999955e-02
5.682400000000000091e+02 6.542749999999999955e-02
5.684400000000000546e+02 6.542739999999999667e-02
5.686399999999999864e+02 6.542739999999999667e-02
5.688400000000000318e+02 6.542739999999999667e-02
5.690399999999999636e+02 6.542739999999999667e-02
5.692400000000000091e+02 6.542739999999999667e-02
5.694400000000000546e+02 6.542729999999999380e-02
5.696399999999999864e+02 6.542729999999999380e-02
5.698400000000000318e+02 6.542729999999999380e-02
5.700399999999999636e+02 6.542729999999999380e-02
5.702400000000000091e+02 6.542720000000000480e-02
5.704400000000000546e+02 6.542720000000000480e-02
5.706399999999999864e+02 6.542720000000000480e-02
5.708400000000000318e+02 6.542720000000000480e-02
5.710399999999999636e+02 6.542720000000000480e-02
5.712400000000000091e+02 6.542710000000000192e-02
5.714400000000000546e+02 6.542710000000000192e-02
5.716399999999999864e+02 6.542710000000000192e-02
5.718400000000000318e+02 6.542710000000000192e-02
5.720399999999999636e+02 6.542710000000000192e-02
5.722400000000000091e+02 6.542699999999999905e-02
5.724400000000000546e+02 6.542699999999999905e-02
5.726399999999999864e+02 6.542699999999999905e-02
5.728400000000000318e+02 6.542699999999999905e-02
5.730399999999999636e+02 6.542699999999999905e-02
5.732400000000000091e+02 6.542689999999999617e-02
5.734400000000000546e+02 6.542689999999999617e-02
5.736399999999999864e+02 6.542689999999999617e-02
5.738400000000000318e+02 6.542689999999999617e-02
5.740399999999999636e+02 6.542689999999999617e-02
5.742400000000000091e+02 6.542679999999999330e-02
5.744400000000000546e+02 6.542679999999999330e-02
5.746399999999999864e+02 6.542679999999999330e-02
5.748400000000000318e+02 6.542679999999999330e-02
5.750399999999999636e+02 6.542679999999999330e-02
5.752400000000000091e+02 6.542670000000000430e-02
5.754400000000000546e+02 6.542670000000000430e-02
5.756399999999999864e+02 6.542670000000000430e-02
5.758400000000000318e+02 6.542670000000000430e-02
5.760399999999999636e+02 6.542670000000000430e-02
5.762400000000000091e+02 6.542660000000000142e-02
5.764400000000000546e+02 6.542660000000000142e-02
5.766399999999999864e+02 6.542660000000000142e-02
5.768400000000000318e+02 6.542660000000000142e-02
5.770399999999999636e+02 6.542660000000000142e-02
5.772400000000000091e+02 6.542649999999999855e-02
5.774400000000000546e+02 6.542649999999999855e-02
5.776399999999999864e+02 6.542649999999999855e-02
5.778400000000000318e+02 6.542649999999999855e-02
5.780399999999999636e+02 6.542649999999999855e-02
5.782400000000000091e+02 6.542639999999999567e-02
5.784400000000000546e+02 6.542639999999999567e-02
5.786399999999999864e+02 6.542639999999999567e-02
5.788400000000000318e+02 6.542639999999999567e-02
5.790399999999999636e+02 6.542639999999999567e-02
5.792400000000000091e+02 6.542630000000000667e-02
5.794400000000000546e+02 6.542630000000000667e-02
5.796399999999999864e+02 6.542630000000000667e-02
5.798400000000000318e+02 6.542630000000000667e-02
5.800399999999999636e+02 6.542630000000000667e-02
5.802400000000000091e+02 6.542630000000000667e-02
5.804400000000000546e+02 6.542620000000000380e-02
5.806399999999999864e+02 6.542620000000000380e-02
5.808400000000000318e+02 6.542620000000000380e-02
5.810399999999999636e+02 6.542620000000000380e-02
5.812400000000000091e+02 6.542620000000000380e-02
5.814400000000000546e+02 6.542610000000000092e-02
5.816399999999999864e+02 6.542610000000000092e-02
5.818400000000000318e+02 6.542610000000000092e-02
5.820399999999999636e+02 6.542610000000000092e-02
5.822400000000000091e+02 6.542610000000000092e-02
5.822799999999999727e+02 6.542610000000000092e-02
5.823200000000000500e+02 6.542610000000000092e-02
5.823999999999999773e+02 6.542610000000000092e-02
5.825599999999999454e+02 6.542599999999999805e-02
5.827599999999999909e+02 6.542599999999999805e-02
5.829600000000000364e+02 6.542599999999999805e-02
5.831599999999999682e+02 6.542599999999999805e-02
5.833600000000000136e+02 6.542599999999999805e-02
5.835599999999999454e+02 6.542599999999999805e-02
5.837599999999999909e+02 6.542589999999999517e-02
5.839600000000000364e+02 6.542589999999999517e-02
5.841599999999999682e+02 6.542589999999999517e-02
5.843600000000000136e+02 6.542589999999999517e-02
5.845599999999999454e+02 6.542589999999999517e-02
5.847599999999999909e+02 6.542589999999999517e-02
5.849600000000000364e+02 6.542580000000000617e-02
5.851599999999999682e+02 6.542580000000000617e-02
5.853600000000000136e+02 6.542580000000000617e-02
5.855599999999999454e+02 6.542580000000000617e-02
5.857599999999999909e+02 6.542580000000000617e-02
5.859600000000000364e+02 6.542580000000000617e-02
5.861599999999999682e+02 6.542570000000000330e-02
5.863600000000000136e+02 6.542570000000000330e-02
5.865599999999999454e+02 6.542570000000000330e-02
5.867599999999999909e+02 6.542570000000000330e-02
5.869600000000000364e+02 6.542570000000000330e-02
5.871599999999999682e+02 6.542570000000000330e-02
5.873600000000000136e+02 6.542560000000000042e-02
5.875599999999999454e+02 6.542560000000000042e-02
5.877599999999999909e+02 6.542560000000000042e-02
5.879600000000000364e+02 6.542560000000000042e-02
5.881599999999999682e+02 6.542560000000000042e-02
5.883600000000000136e+02 6.542560000000000042e-02
5.885599999999999454e+02 6.542549999999999755e-02
5.887599999999999909e+02 6.542549999999999755e-02
5.889600000000000364e+02 6.542549999999999755e-02
5.891599999999999682e+02 6.542549999999999755e-02
5.893600000000000136e+02 6.542549999999999755e-02
5.895599999999999454e+02 6.542549999999999755e-02
5.897599999999999909e+02 6.542549999999999755e-02
5.899600000000000364e+02 6.542539999999999467e-02
5.901599999999999682e+02 6.542539999999999467e-02
5.903600000000000136e+02 6.542539999999999467e-02
5.905599999999999454e+02 6.542539999999999467e-02
5.907599999999999909e+02 6.542539999999999467e-02
5.909600000000000364e+02 6.542539999999999467e-02
5.911599999999999682e+02 6.542530000000000567e-02
5.913600000000000136e+02 6.542530000000000567e-02
5.915599999999999454e+02 6.542530000000000567e-02
5.917599999999999909e+02 6.542530000000000567e-02
5.919600000000000364e+02 6.542530000000000567e-02
5.921599999999999682e+02 6.542530000000000567e-02
5.923600000000000136e+02 6.542530000000000567e-02
5.925599999999999454e+02 6.542520000000000280e-02
5.927599999999999909e+02 6.542520000000000280e-02
5.929600000000000364e+02 6.542520000000000280e-02
5.931599999999999682e+02 6.542520000000000280e-02
5.933600000000000136e+02 6.542520000000000280e-02
5.935599999999999454e+02 6.542520000000000280e-02
5.937599999999999909e+02 6.542509999999999992e-02
5.939600000000000364e+02 6.542509999999999992e-02
5.941599999999999682e+02 6.542509999999999992e-02
5.943600000000000136e+02 6.542509999999999992e-02
5.945599999999999454e+02 6.542509999999999992e-02
5.947599999999999909e+02 6.542509999999999992e-02
5.949600000000000364e+02 6.542509999999999992e-02
5.951599999999999682e+02 6.542499999999999705e-02
5.953600000000000136e+02 6.542499999999999705e-02
5.955599999999999454e+02 6.542499999999999705e-02
5.957599999999999909e+02 6.542499999999999705e-02
5.959600000000000364e+02 6.542499999999999705e-02
5.961599999999999682e+02 6.542499999999999705e-02
5.963600000000000136e+02 6.542499999999999705e-02
5.965599999999999454e+02 6.542489999999999417e-02
5.967599999999999909e+02 6.542489999999999417e-02
5.969600000000000364e+02 6.542489999999999417e-02
5.971599999999999682e+02 6.542489999999999417e-02
5.973600000000000136e+02 6.542489999999999417e-02
5.975599999999999454e+02 6.542489999999999417e-02
5.977599999999999909e+02 6.542489999999999417e-02
5.979600000000000364e+02 6.542480000000000517e-02
5.981599999999999682e+02 6.542480000000000517e-02
5.983600000000000136e+02 6.542480000000000517e-02
5.985599999999999454e+02 6.542480000000000517e-02
5.987599999999999909e+02 6.542480000000000517e-02
5.989600000000000364e+02 6.542480000000000517e-02
5.991599999999999682e+02 6.542480000000000517e-02
5.993600000000000136e+02 6.542480000000000517e-02
5.995599999999999454e+02 6.542470000000000230e-02
5.997599999999999909e+02 6.542470000000000230e-02
5.999600000000000364e+02 6.542470000000000230e-02
6.001599999999999682e+02 6.542470000000000230e-02
6.003600000000000136e+02 6.542470000000000230e-02
6.005599999999999454e+02 6.542470000000000230e-02
6.007599999999999909e+02 6.542470000000000230e-02
6.009600000000000364e+02 6.542459999999999942e-02
6.011599999999999682e+02 6.542459999999999942e-02
6.013600000000000136e+02 6.542459999999999942e-02
6.015599999999999454e+02 6.542459999999999942e-02
6.017599999999999909e+02 6.542459999999999942e-02
6.019600000000000364e+02 6.542459999999999942e-02
6.021599999999999682e+02 6.542459999999999942e-02
6.023600000000000136e+02 6.542459999999999942e-02
6.025599999999999454e+02 6.542449999999999655e-02
6.027599999999999909e+02 6.542449999999999655e-02
6.029600000000000364e+02 6.542449999999999655e-02
6.031599999999999682e+02 6.542449999999999655e-02
6.033600000000000136e+02 6.542449999999999655e-02
6.035599999999999454e+02 6.542449999999999655e-02
6.037599999999999909e+02 6.542449999999999655e-02
6.039600000000000364e+02 6.542449999999999655e-02
6.041599999999999682e+02 6.542439999999999367e-02
6.043600000000000136e+02 6.542439999999999367e-02
6.045599999999999454e+02 6.542439999999999367e-02
6.047599999999999909e+02 6.542439999999999367e-02
6.049600000000000364e+02 6.542439999999999367e-02
6.051599999999999682e+02 6.542439999999999367e-02
6.053600000000000136e+02 6.542439999999999367e-02
6.055599999999999454e+02 6.542439999999999367e-02
6.057599999999999909e+02 6.542430000000000467e-02
6.059600000000000364e+02 6.542430000000000467e-02
6.061599999999999682e+02 6.542430000000000467e-02
6.063600000000000136e+02 6.542430000000000467e-02
6.065599999999999454e+02 6.542430000000000467e-02
6.067599999999999909e+02 6.542430000000000467e-02
6.069600000000000364e+02 6.542430000000000467e-02
6.071599999999999682e+02 6.542430000000000467e-02
6.073600000000000136e+02 6.542420000000000180e-02
6.075599999999999454e+02 6.542420000000000180e-02
6.077599999999999909e+02 6.542420000000000180e-02
6.079600000000000364e+02 6.542420000000000180e-02
6.081599999999999682e+02 6.542420000000000180e-02
6.083600000000000136e+02 6.542420000000000180e-02
6.085599999999999454e+02 6.542420000000000180e-02
6.087599999999999909e+02 6.542420000000000180e-02
6.089600000000000364e+02 6.542420000000000180e-02
6.091599999999999682e+02 6.542409999999999892e-02
6.093600000000000136e+02 6.542409999999999892e-02
6.095599999999999454e+02 6.542409999999999892e-02
6.097599999999999909e+02 6.542409999999999892e-02
6.099600000000000364e+02 6.542409999999999892e-02
6.101599999999999682e+02 6.542409999999999892e-02
6.103600000000000136e+02 6.542409999999999892e-02
6.105599999999999454e+02 6.542409999999999892e-02
6.107599999999999909e+02 6.542409999999999892e-02
6.109600000000000364e+02 6.542399999999999605e-02
6.111599999999999682e+02 6.542399999999999605e-02
6.113600000000000136e+02 6.542399999999999605e-02
6.115599999999999454e+02 6.542399999999999605e-02
6.117599999999999909e+02 6.542399999999999605e-02
6.119600000000000364e+02 6.542399999999999605e-02
6.121599999999999682e+02 6.542399999999999605e-02
6.123600000000000136e+02 6.542399999999999605e-02
6.125599999999999454e+02 6.542399999999999605e-02
6.127599999999999909e+02 6.542389999999999317e-02
6.129600000000000364e+02 6.542389999999999317e-02
6.131599999999999682e+02 6.542389999999999317e-02
6.133600000000000136e+02 6.542389999999999317e-02
6.135599999999999454e+02 6.542389999999999317e-02
6.137599999999999909e+02 6.542389999999999317e-02
6.139600000000000364e+02 6.542389999999999317e-02
6.141599999999999682e+02 6.542389999999999317e-02
6.143600000000000136e+02 6.542389999999999317e-02
6.145599999999999454e+02 6.542380000000000417e-02
6.147599999999999909e+02 6.542380000000000417e-02
6.149600000000000364e+02 6.542380000000000417e-02
6.151599999999999682e+02 6.542380000000000417e-02
6.153600000000000136e+02 6.542380000000000417e-02
6.155599999999999454e+02 6.542380000000000417e-02
6.157599999999999909e+02 6.542380000000000417e-02
6.159600000000000364e+02 6.542380000000000417e-02
6.161599999999999682e+02 6.542380000000000417e-02
6.163600000000000136e+02 6.542380000000000417e-02
6.165599999999999454e+02 6.542370000000000130e-02
6.167599999999999909e+02 6.542370000000000130e-02
6.169600000000000364e+02 6.542370000000000130e-02
6.171599999999999682e+02 6.542370000000000130e-02
6.173600000000000136e+02 6.542370000000000130e-02
6.175599999999999454e+02 6.542370000000000130e-02
6.177599999999999909e+02 6.542370000000000130e-02
6.179600000000000364e+02 6.542370000000000130e-02
6.181599999999999682e+02 6.542370000000000130e-02
6.183600000000000136e+02 6.542370000000000130e-02
6.185599999999999454e+02 6.542359999999999842e-02
6.187599999999999909e+02 6.542359999999999842e-02
6.189600000000000364e+02 6.542359999999999842e-02
6.191599999999999682e+02 6.542359999999999842e-02
6.193600000000000136e+02 6.542359999999999842e-02
6.195599999999999454e+02 6.542359999999999842e-02
6.197599999999999909e+02 6.542359999999999842e-02
6.199600000000000364e+02 6.542359999999999842e-02
6.201599999999999682e+02 6.542359999999999842e-02
6.203600000000000136e+02 6.542359999999999842e-02
6.205599999999999454e+02 6.542349999999999555e-02
6.207599999999999909e+02 6.542349999999999555e-02
6.209600000000000364e+02 6.542349999999999555e-02
6.211599999999999682e+02 6.542349999999999555e-02
6.213600000000000136e+02 6.542349999999999555e-02
6.215599999999999454e+02 6.542349999999999555e-02
6.216000000000000227e+02 6.542349999999999555e-02
6.216399999999999864e+02 6.542349999999999555e-02
6.217200000000000273e+02 6.542349999999999555e-02
6.218799999999999955e+02 6.542349999999999555e-02
6.220800000000000409e+02 6.542349999999999555e-02
6.222799999999999727e+02 6.542349999999999555e-02
6.224800000000000182e+02 6.542349999999999555e-02
6.226799999999999500e+02 6.542340000000000655e-02
6.228799999999999955e+02 6.542340000000000655e-02
6.230800000000000409e+02 6.542340000000000655e-02
6.232799999999999727e+02 6.542340000000000655e-02
6.234800000000000182e+02 6.542340000000000655e-02
6.236799999999999500e+02 6.542340000000000655e-02
6.238799999999999955e+02 6.542340000000000655e-02
6.240800000000000409e+02 6.542340000000000655e-02
6.242799999999999727e+02 6.542340000000000655e-02
6.244800000000000182e+02 6.542340000000000655e-02
6.246799999999999500e+02 6.542340000000000655e-02
6.248799999999999955e+02 6.542330000000000367e-02
6.250800000000000409e+02 6.542330000000000367e-02
6.252799999999999727e+02 6.542330000000000367e-02
6.254800000000000182e+02 6.542330000000000367e-02
6.256799999999999500e+02 6.542330000000000367e-02
6.258799999999999955e+02 6.542330000000000367e-02
6.260800000000000409e+02 6.542330000000000367e-02
6.262799999999999727e+02 6.542330000000000367e-02
6.264800000000000182e+02 6.542330000000000367e-02
6.266799999999999500e+02 6.542330000000000367e-02
6.268799999999999955e+02 6.542330000000000367e-02
6.270800000000000409e+02 6.542320000000000080e-02
6.272799999999999727e+02 6.542320000000000080e-02
6.274800000000000182e+02 6.542320000000000080e-02
6.276799999999999500e+02 6.542320000000000080e-02
6.278799999999999955e+02 6.542320000000000080e-02
6.280800000000000409e+02 6.542320000000000080e-02
6.282799999999999727e+02 6.542320000000000080e-02
6.284800000000000182e+02 6.542320000000000080e-02
6.286799999999999500e+02 6.542320000000000080e-02
6.288799999999999955e+02 6.542320000000000080e-02
6.290800000000000409e+02 6.542320000000000080e-02
6.292799999999999727e+02 6.542320000000000080e-02
6.294800000000000182e+02 6.542309999999999792e-02
6.296799999999999500e+02 6.542309999999999792e-02
6.298799999999999955e+02 6.542309999999999792e-02
6.300800000000000409e+02 6.542309999999999792e-02
6.302799999999999727e+02 6.542309999999999792e-02
6.304800000000000182e+02 6.542309999999999792e-02
6.306799999999999500e+02 6.542309999999999792e-02
6.308799999999999955e+02 6.542309999999999792e-02
6.310800000000000409e+02 6.542309999999999792e-02
6.312799999999999727e+02 6.542309999999999792e-02
6.314800000000000182e+02 6.542309999999999792e-02
6.316799999999999500e+02 6.542309999999999792e-02
6.318799999999999955e+02 6.542309999999999792e-02
6.320800000000000409e+02 6.542299999999999505e-02
6.322799999999999727e+02 6.542299999999999505e-02
6.324800000000000182e+02 6.542299999999999505e-02
6.326799999999999500e+02 6.542299999999999505e-02
6.328799999999999955e+02 6.542299999999999505e-02
6.330800000000000409e+02 6.542299999999999505e-02
6.332799999999999727e+02 6.542299999999999505e-02
6.334800000000000182e+02 6.542299999999999505e-02
6.336799999999999500e+02 6.542299999999999505e-02
6.338799999999999955e+02 6.542299999999999505e-02
6.340800000000000409e+02 6.542299999999999505e-02
6.342799999999999727e+02 6.542299999999999505e-02
6.344800000000000182e+02 6.542290000000000605e-02
6.346799999999999500e+02 6.542290000000000605e-02
6.348799999999999955e+02 6.542290000000000605e-02
6.350800000000000409e+02 6.542290000000000605e-02
6.352799999999999727e+02 6.542290000000000605e-02
6.354800000000000182e+02 6.542290000000000605e-02
6.356799999999999500e+02 6.542290000000000605e-02
6.358799999999999955e+02 6.542290000000000605e-02
6.360800000000000409e+02 6.542290000000000605e-02
6.362799999999999727e+02 6.542290000000000605e-02
6.364800000000000182e+02 6.542290000000000605e-02
6.366799999999999500e+02 6.542290000000000605e-02
6.368799999999999955e+02 6.542290000000000605e-02
6.370800000000000409e+02 6.542290000000000605e-02
6.372799999999999727e+02 6.542280000000000317e-02
6.374800000000000182e+02 6.542280000000000317e-02
6.376799999999999500e+02 6.542280000000000317e-02
6.378799999999999955e+02 6.542280000000000317e-02
6.380800000000000409e+02 6.542280000000000317e-02
6.382799999999999727e+02 6.542280000000000317e-02
6.384800000000000182e+02 6.542280000000000317e-02
6.386799999999999500e+02 6.542280000000000317e-02
6.388799999999999955e+02 6.542280000000000317e-02
6.390800000000000409e+02 6.542280000000000317e-02
6.392799999999999727e+02 6.542280000000000317e-02
6.394800000000000182e+02 6.542280000000000317e-02
6.396799999999999500e+02 6.542280000000000317e-02
6.398799999999999955e+02 6.542280000000000317e-02
6.400800000000000409e+02 6.542270000000000030e-02
6.402799999999999727e+02 6.542270000000000030e-02
6.404800000000000182e+02 6.542270000000000030e-02
6.406799999999999500e+02 6.542270000000000030e-02
6.408799999999999955e+02 6.542270000000000030e-02
6.410800000000000409e+02 6.542270000000000030e-02
6.412799999999999727e+02 6.542270000000000030e-02
6.414800000000000182e+02 6.542270000000000030e-02
6.416799999999999500e+02 6.542270000000000030e-02
6.418799999999999955e+02 6.542270000000000030e-02
6.420800000000000409e+02 6.542270000000000030e-02
6.422799999999999727e+02 6.542270000000000030e-02
6.424800000000000182e+02 6.542270000000000030e-02
6.426799999999999500e+02 6.542270000000000030e-02
6.428799999999999955e+02 6.542259999999999742e-02
6.430800000000000409e+02 6.542259999999999742e-02
6.432799999999999727e+02 6.542259999999999742e-02
6.434800000000000182e+02 6.542259999999999742e-02
6.436799999999999500e+02 6.542259999999999742e-02
6.438799999999999955e+02 6.542259999999999742e-02
6.440800000000000409e+02 6.542259999999999742e-02
6.442799999999999727e+02 6.542259999999999742e-02
6.444800000000000182e+02 6.542259999999999742e-02
6.446799999999999500e+02 6.542259999999999742e-02
6.448799999999999955e+02 6.542259999999999742e-02
6.450800000000000409e+02 6.542259999999999742e-02
6.452799999999999727e+02 6.542259999999999742e-02
6.454800000000000182e+02 6.542259999999999742e-02
6.456799999999999500e+02 6.542259999999999742e-02
6.458799999999999955e+02 6.542259999999999742e-02
6.460800000000000409e+02 6.542249999999999455e-02
6.462799999999999727e+02 6.542249999999999455e-02
6.464800000000000182e+02 6.542249999999999455e-02
6.466799999999999500e+02 6.542249999999999455e-02
6.468799999999999955e+02 6.542249999999999455e-02
6.470800000000000409e+02 6.542249999999999455e-02
6.472799999999999727e+02 6.542249999999999455e-02
6.474800000000000182e+02 6.542249999999999455e-02
6.476799999999999500e+02 6.542249999999999455e-02
6.478799999999999955e+02 6.542249999999999455e-02
6.480800000000000409e+02 6.542249999999999455e-02
6.482799999999999727e+02 6.542249999999999455e-02
6.484800000000000182e+02 6.542249999999999455e-02
6.486799999999999500e+02 6.542249999999999455e-02
6.488799999999999955e+02 6.542249999999999455e-02
6.490800000000000409e+02 6.542249999999999455e-02
6.492799999999999727e+02 6.542240000000000555e-02
6.494800000000000182e+02 6.542240000000000555e-02
6.496799999999999500e+02 6.542240000000000555e-02
6.498799999999999955e+02 6.542240000000000555e-02
6.500800000000000409e+02 6.542240000000000555e-02
6.502799999999999727e+02 6.542240000000000555e-02
6.504800000000000182e+02 6.542240000000000555e-02
6.506799999999999500e+02 6.542240000000000555e-02
6.508799999999999955e+02 6.542240000000000555e-02
6.510800000000000409e+02 6.542240000000000555e-02
6.512799999999999727e+02 6.542240000000000555e-02
6.514800000000000182e+02 6.542240000000000555e-02
6.516799999999999500e+02 6.542240000000000555e-02
6.518799999999999955e+02 6.542240000000000555e-02
6.520800000000000409e+02 6.542240000000000555e-02
6.522799999999999727e+02 6.542240000000000555e-02
6.524800000000000182e+02 6.542240000000000555e-02
6.526799999999999500e+02 6.542230000000000267e-02
6.528799999999999955e+02 6.542230000000000267e-02
6.530800000000000409e+02 6.542230000000000267e-02
6.532799999999999727e+02 6.542230000000000267e-02
6.534800000000000182e+02 6.542230000000000267e-02
6.536799999999999500e+02 6.542230000000000267e-02
6.538799999999999955e+02 6.542230000000000267e-02
6.540800000000000409e+02 6.542230000000000267e-02
6.542799999999999727e+02 6.542230000000000267e-02
6.544800000000000182e+02 6.542230000000000267e-02
6.546799999999999500e+02 6.542230000000000267e-02
6.548799999999999955e+02 6.542230000000000267e-02
6.550800000000000409e+02 6.542230000000000267e-02
6.552799999999999727e+02 6.542230000000000267e-02
6.554800000000000182e+02 6.542230000000000267e-02
6.556799999999999500e+02 6.542230000000000267e-02
6.558799999999999955e+02 6.542230000000000267e-02
6.560800000000000409e+02 6.542230000000000267e-02
6.562799999999999727e+02 6.542219999999999980e-02
6.564800000000000182e+02 6.542219999999999980e-02
6.566799999999999500e+02 6.542219999999999980e-02
6.568799999999999955e+02 6.542219999999999980e-02
6.570800000000000409e+02 6.542219999999999980e-02
6.572799999999999727e+02 6.542219999999999980e-02
6.574800000000000182e+02 6.542219999999999980e-02
6.576799999999999500e+02 6.542219999999999980e-02
6.578799999999999955e+02 6.542219999999999980e-02
6.580800000000000409e+02 6.542219999999999980e-02
6.582799999999999727e+02 6.542219999999999980e-02
6.584800000000000182e+02 6.542219999999999980e-02
6.586799999999999500e+02 6.542219999999999980e-02
6.588799999999999955e+02 6.542219999999999980e-02
6.590800000000000409e+02 6.542219999999999980e-02
6.592799999999999727e+02 6.542219999999999980e-02
6.594800000000000182e+02 6.542219999999999980e-02
6.596799999999999500e+02 6.542219999999999980e-02
6.598799999999999955e+02 6.542219999999999980e-02
6.600800000000000409e+02 6.542209999999999692e-02
6.602799999999999727e+02 6.542209999999999692e-02
