300 0.0655793 0.0655793 2 1 0
300.04 0.0655792 0.0655792 1 1 0
300.08 0.0655791 0.0655791 1 1 0
300.16 0.0655788 0.0655788 1 1 0
300.32 0.0655783 0.0655783 1 1 0
300.64 0.0655772 0.0655772 1 1 0
301.14 0.0655756 0.0655756 1 1 0
301.64 0.065574 0.065574 1 1 0
302.14 0.0655724 0.0655724 1 1 0
302.64 0.0655708 0.0655708 1 1 0
303.14 0.0655693 0.0655693 1 1 0
303.64 0.0655678 0.0655678 1 1 0
304.14 0.0655662 0.0655662 1 1 0
304.64 0.0655647 0.0655647 1 1 0
305.14 0.0655632 0.0655632 1 1 0
305.64 0.0655618 0.0655618 1 1 0
306.14 0.0655603 0.0655603 1 1 0
306.64 0.0655589 0.0655589 1 1 0
307.14 0.0655574 0.0655574 1 1 0
307.64 0.065556 0.065556 1 1 0
308.14 0.0655546 0.0655546 1 1 0
308.64 0.0655533 0.0655533 1 1 0
309.14 0.0655519 0.0655519 1 1 0
309.64 0.0655505 0.0655505 1 1 0
310.14 0.0655492 0.0655492 1 1 0
310.64 0.0655479 0.0655479 1 1 0
311.14 0.0655466 0.0655466 1 1 0
311.64 0.0655453 0.0655453 1 1 0
312.14 0.065544 0.065544 1 1 0
312.64 0.0655427 0.0655427 1 1 0
313.14 0.0655415 0.0655415 1 1 0
313.64 0.0655402 0.0655402 1 1 0
314.14 0.065539 0.065539 1 1 0
314.64 0.0655378 0.0655378 1 1 0
315.14 0.0655366 0.0655366 1 1 0
315.64 0.0655354 0.0655354 1 1 0
316.14 0.0655342 0.0655342 1 1 0
316.64 0.0655331 0.0655331 1 1 0
317.14 0.0655319 0.0655319 1 1 0
317.64 0.0655308 0.0655308 1 1 0
318.14 0.0655296 0.0655296 1 1 0
318.64 0.0655285 0.0655285 1 1 0
319.14 0.0655274 0.0655274 1 1 0
319.64 0.0655263 0.0655263 1 1 0
320.14 0.0655252 0.0655252 1 1 0
320.64 0.0655242 0.0655242 1 1 0
321.14 0.0655231 0.0655231 1 1 0
321.64 0.0655221 0.0655221 1 1 0
322.14 0.065521 0.065521 1 1 0
322.64 0.06552 0.06552 1 1 0
323.14 0.065519 0.065519 1 1 0
323.64 0.065518 0.065518 1 1 0
324.14 0.065517 0.065517 1 1 0
324.64 0.065516 0.065516 1 1 0
325.14 0.065515 0.065515 1 1 0
325.64 0.0655141 0.0655141 1 1 0
326.14 0.0655131 0.0655131 1 1 0
326.64 0.0655122 0.0655122 1 1 0
327.14 0.0655112 0.0655112 1 1 0
327.64 0.0655103 0.0655103 1 1 0
328.14 0.0655094 0.0655094 1 1 0
328.64 0.0655085 0.0655085 1 1 0
329.14 0.0655076 0.0655076 1 1 0
329.64 0.0655067 0.0655067 1 1 0
330.14 0.0655058 0.0655058 1 1 0
330.64 0.0655049 0.0655049 1 1 0
331.14 0.0655041 0.0655041 1 1 0
331.64 0.0655032 0.0655032 1 1 0
332.14 0.0655024 0.0655024 1 1 0
332.64 0.0655016 0.0655016 1 1 0
333.14 0.0655007 0.0655007 1 1 0
333.64 0.0654999 0.0654999 1 1 0
334.14 0.0654991 0.0654991 1 1 0
334.64 0.0654983 0.0654983 1 1 0
335.14 0.0654975 0.0654975 1 1 0
335.64 0.0654967 0.0654967 1 1 0
336.14 0.065496 0.065496 1 1 0
336.64 0.0654952 0.0654952 1 1 0
337.14 0.0654944 0.0654944 1 1 0
337.64 0.0654937 0.0654937 1 1 0
338.14 0.0654929 0.0654929 1 1 0
338.64 0.0654922 0.0654922 1 1 0
339.14 0.0654915 0.0654915 1 1 0
339.64 0.0654908 0.0654908 1 1 0
340.14 0.0654901 0.0654901 1 1 0
340.64 0.0654893 0.0654893 1 1 0
341.14 0.0654887 0.0654887 1 1 0
341.64 0.065488 0.065488 1 1 0
342.14 0.0654873 0.0654873 1 1 0
342.64 0.0654866 0.0654866 1 1 0
343.14 0.0654859 0.0654859 1 1 0
343.64 0.0654853 0.0654853 1 1 0
344.14 0.0654846 0.0654846 1 1 0
344.64 0.065484 0.065484 1 1 0
345.14 0.0654833 0.0654833 1 1 0
345.64 0.0654827 0.0654827 1 1 0
346.14 0.0654821 0.0654821 1 1 0
346.64 0.0654814 0.0654814 1 1 0
347.14 0.0654808 0.0654808 1 1 0
347.64 0.0654802 0.0654802 1 1 0
348.14 0.0654796 0.0654796 1 1 0
348.64 0.065479 0.065479 1 1 0
349.14 0.0654784 0.0654784 1 1 0
349.64 0.0654778 0.0654778 1 1 0
350.14 0.0654772 0.0654772 1 1 0
350.64 0.0654767 0.0654767 1 1 0
351.14 0.0654761 0.0654761 1 1 0
351.64 0.0654755 0.0654755 1 1 0
352.14 0.065475 0.065475 1 1 0
352.64 0.0654744 0.0654744 1 1 0
353.14 0.0654739 0.0654739 1 1 0
353.64 0.0654734 0.0654734 1 1 0
354.14 0.0654728 0.0654728 1 1 0
354.64 0.0654723 0.0654723 1 1 0
355.14 0.0654718 0.0654718 1 1 0
355.64 0.0654713 0.0654713 1 1 0
356.14 0.0654707 0.0654707 1 1 0
356.64 0.0654702 0.0654702 1 1 0
357.14 0.0654697 0.0654697 1 1 0
357.64 0.0654692 0.0654692 1 1 0
358.14 0.0654687 0.0654687 1 1 0
358.64 0.0654683 0.0654683 1 1 0
359.14 0.0654678 0.0654678 1 1 0
359.64 0.0654673 0.0654673 1 1 0
360.14 0.0654668 0.0654668 1 1 0
360.64 0.0654664 0.0654664 1 1 0
361.14 0.0654659 0.0654659 1 1 0
361.64 0.0654654 0.0654654 1 1 0
362.14 0.065465 0.065465 1 1 0
362.64 0.0654645 0.0654645 1 1 0
363.14 0.0654641 0.0654641 1 1 0
363.64 0.0654637 0.0654637 1 1 0
364.14 0.0654632 0.0654632 1 1 0
364.64 0.0654628 0.0654628 1 1 0
365.14 0.0654624 0.0654624 1 1 0
365.64 0.0654619 0.0654619 1 1 0
366.14 0.0654615 0.0654615 1 1 0
366.64 0.0654611 0.0654611 1 1 0
367.14 0.0654607 0.0654607 1 1 0
367.64 0.0654603 0.0654603 1 1 0
368.14 0.0654599 0.0654599 1 1 0
368.64 0.0654595 0.0654595 1 1 0
369.14 0.0654591 0.0654591 1 1 0
369.64 0.0654587 0.0654587 1 1 0
370.14 0.0654583 0.0654583 1 1 0
370.64 0.065458 0.065458 1 1 0
371.14 0.0654576 0.0654576 1 1 0
371.64 0.0654572 0.0654572 1 1 0
372.14 0.0654568 0.0654568 1 1 0
372.64 0.0654565 0.0654565 1 1 0
373.14 0.0654561 0.0654561 1 1 0
373.64 0.0654558 0.0654558 1 1 0
374.14 0.0654554 0.0654554 1 1 0
374.64 0.0654551 0.0654551 1 1 0
375.14 0.0654547 0.0654547 1 1 0
375.64 0.0654544 0.0654544 1 1 0
376.14 0.065454 0.065454 1 1 0
376.64 0.0654537 0.0654537 1 1 0
377.14 0.0654534 0.0654534 1 1 0
377.64 0.065453 0.065453 1 1 0
378.14 0.0654527 0.0654527 1 1 0
378.64 0.0654524 0.0654524 1 1 0
379.14 0.0654521 0.0654521 1 1 0
379.64 0.0654517 0.0654517 1 1 0
380.14 0.0654514 0.0654514 1 1 0
380.64 0.0654511 0.0654511 1 1 0
381.14 0.0654508 0.0654508 1 1 0
381.64 0.0654505 0.0654505 1 1 0
382.14 0.0654502 0.0654502 1 1 0
382.64 0.0654499 0.0654499 1 1 0
383.14 0.0654496 0.0654496 1 1 0
383.64 0.0654493 0.0654493 1 1 0
384.14 0.065449 0.065449 1 1 0
384.64 0.0654487 0.0654487 1 1 0
385.14 0.0654485 0.0654485 1 1 0
385.64 0.0654482 0.0654482 1 1 0
386.14 0.0654479 0.0654479 1 1 0
386.64 0.0654476 0.0654476 1 1 0
387.14 0.0654474 0.0654474 1 1 0
387.64 0.0654471 0.0654471 1 1 0
388.14 0.0654468 0.0654468 1 1 0
388.64 0.0654466 0.0654466 1 1 0
389.14 0.0654463 0.0654463 1 1 0
389.64 0.065446 0.065446 1 1 0
390.14 0.0654458 0.0654458 1 1 0
390.64 0.0654455 0.0654455 1 1 0
391.14 0.0654453 0.0654453 1 1 0
391.64 0.065445 0.065445 1 1 0
392.14 0.0654448 0.0654448 1 1 0
392.64 0.0654445 0.0654445 1 1 0
393.14 0.0654443 0.0654443 1 1 0
393.64 0.0654441 0.0654441 1 1 0
394.14 0.0654438 0.0654438 1 1 0
394.64 0.0654436 0.0654436 1 1 0
395.14 0.0654434 0.0654434 1 1 0
395.64 0.0654431 0.0654431 1 1 0
396.14 0.0654429 0.0654429 1 1 0
396.64 0.0654427 0.0654427 1 1 0
397.14 0.0654425 0.0654425 1 1 0
397.64 0.0654422 0.0654422 1 1 0
397.64 0.0654422 0.0654422 2 1 0
397.68 0.0654422 0.0654422 1 1 0
397.72 0.0654422 0.0654422 1 1 0
397.8 0.0654422 0.0654422 1 1 0
397.96 0.0654421 0.0654421 1 1 0
398.28 0.065442 0.065442 1 1 0
398.78 0.0654418 0.0654418 1 1 0
399.28 0.0654415 0.0654415 1 1 0
399.78 0.0654413 0.0654413 1 1 0
400.28 0.0654411 0.0654411 1 1 0
400.78 0.0654409 0.0654409 1 1 0
401.28 0.0654407 0.0654407 1 1 0
401.78 0.0654405 0.0654405 1 1 0
402.28 0.0654403 0.0654403 1 1 0
402.78 0.0654401 0.0654401 1 1 0
403.28 0.0654399 0.0654399 1 1 0
403.78 0.0654397 0.0654397 1 1 0
404.28 0.0654395 0.0654395 1 1 0
404.78 0.0654393 0.0654393 1 1 0
405.28 0.0654392 0.0654392 1 1 0
405.78 0.065439 0.065439 1 1 0
406.28 0.0654388 0.0654388 1 1 0
406.78 0.0654386 0.0654386 1 1 0
407.28 0.0654384 0.0654384 1 1 0
407.78 0.0654382 0.0654382 1 1 0
408.28 0.0654381 0.0654381 1 1 0
408.78 0.0654379 0.0654379 1 1 0
409.28 0.0654377 0.0654377 1 1 0
409.78 0.0654375 0.0654375 1 1 0
410.28 0.0654374 0.0654374 1 1 0
410.78 0.0654372 0.0654372 1 1 0
411.28 0.065437 0.065437 1 1 0
411.78 0.0654369 0.0654369 1 1 0
412.28 0.0654367 0.0654367 1 1 0
412.78 0.0654365 0.0654365 1 1 0
413.28 0.0654364 0.0654364 1 1 0
413.78 0.0654362 0.0654362 1 1 0
414.28 0.0654361 0.0654361 1 1 0
414.78 0.0654359 0.0654359 1 1 0
415.28 0.0654358 0.0654358 1 1 0
415.78 0.0654356 0.0654356 1 1 0
416.28 0.0654355 0.0654355 1 1 0
416.78 0.0654353 0.0654353 1 1 0
417.28 0.0654352 0.0654352 1 1 0
417.78 0.065435 0.065435 1 1 0
418.28 0.0654349 0.0654349 1 1 0
418.78 0.0654347 0.0654347 1 1 0
419.28 0.0654346 0.0654346 1 1 0
419.78 0.0654344 0.0654344 1 1 0
420.28 0.0654343 0.0654343 1 1 0
420.78 0.0654342 0.0654342 1 1 0
421.28 0.065434 0.065434 1 1 0
421.78 0.0654339 0.0654339 1 1 0
422.28 0.0654338 0.0654338 1 1 0
422.78 0.0654336 0.0654336 1 1 0
423.28 0.0654335 0.0654335 1 1 0
423.78 0.0654334 0.0654334 1 1 0
424.28 0.0654332 0.0654332 1 1 0
424.78 0.0654331 0.0654331 1 1 0
425.28 0.065433 0.065433 1 1 0
425.78 0.0654329 0.0654329 1 1 0
426.28 0.0654327 0.0654327 1 1 0
426.78 0.0654326 0.0654326 1 1 0
427.28 0.0654325 0.0654325 1 1 0
427.78 0.0654324 0.0654324 1 1 0
428.28 0.0654323 0.0654323 1 1 0
428.78 0.0654322 0.0654322 1 1 0
429.28 0.065432 0.065432 1 1 0
429.78 0.0654319 0.0654319 1 1 0
430.28 0.0654318 0.0654318 1 1 0
430.78 0.0654317 0.0654317 1 1 0
431.28 0.0654316 0.0654316 1 1 0
431.78 0.0654315 0.0654315 1 1 0
432.28 0.0654314 0.0654314 1 1 0
432.78 0.0654313 0.0654313 1 1 0
433.28 0.0654311 0.0654311 1 1 0
433.78 0.065431 0.065431 1 1 0
434.28 0.0654309 0.0654309 1 1 0
434.78 0.0654308 0.0654308 1 1 0
435.28 0.0654307 0.0654307 1 1 0
435.78 0.0654306 0.0654306 1 1 0
436.28 0.0654305 0.0654305 1 1 0
436.78 0.0654304 0.0654304 1 1 0
437.28 0.0654303 0.0654303 1 1 0
437.78 0.0654302 0.0654302 1 1 0
438.28 0.0654301 0.0654301 1 1 0
438.78 0.06543 0.06543 1 1 0
439.28 0.0654299 0.0654299 1 1 0
439.78 0.0654299 0.0654299 1 1 0
440.28 0.0654298 0.0654298 1 1 0
440.78 0.0654297 0.0654297 1 1 0
441.28 0.0654296 0.0654296 1 1 0
441.78 0.0654295 0.0654295 1 1 0
442.28 0.0654294 0.0654294 1 1 0
442.78 0.0654293 0.0654293 1 1 0
443.28 0.0654292 0.0654292 1 1 0
443.78 0.0654291 0.0654291 1 1 0
444.28 0.0654291 0.0654291 1 1 0
444.78 0.065429 0.065429 1 1 0
445.28 0.0654289 0.0654289 1 1 0
445.78 0.0654288 0.0654288 1 1 0
446.28 0.0654287 0.0654287 1 1 0
446.78 0.0654286 0.0654286 1 1 0
447.28 0.0654286 0.0654286 1 1 0
447.78 0.0654285 0.0654285 1 1 0
448.28 0.0654284 0.0654284 1 1 0
448.78 0.0654283 0.0654283 1 1 0
449.28 0.0654282 0.0654282 1 1 0
449.78 0.0654282 0.0654282 1 1 0
450.28 0.0654281 0.0654281 1 1 0
450.78 0.065428 0.065428 1 1 0
451.28 0.0654279 0.0654279 1 1 0
451.78 0.0654279 0.0654279 1 1 0
452.28 0.0654278 0.0654278 1 1 0
452.78 0.0654277 0.0654277 1 1 0
453.28 0.0654276 0.0654276 1 1 0
453.78 0.0654276 0.0654276 1 1 0
454.28 0.0654275 0.0654275 1 1 0
454.78 0.0654274 0.0654274 1 1 0
455.28 0.0654274 0.0654274 1 1 0
455.78 0.0654273 0.0654273 1 1 0
456.28 0.0654272 0.0654272 1 1 0
456.78 0.0654272 0.0654272 1 1 0
457.28 0.0654271 0.0654271 1 1 0
457.78 0.065427 0.065427 1 1 0
458.28 0.065427 0.065427 1 1 0
458.78 0.0654269 0.0654269 1 1 0
459.28 0.0654268 0.0654268 1 1 0
459.78 0.0654268 0.0654268 1 1 0
460.28 0.0654267 0.0654267 1 1 0
460.78 0.0654267 0.0654267 1 1 0
461.28 0.0654266 0.0654266 1 1 0
461.78 0.0654265 0.0654265 1 1 0
462.28 0.0654265 0.0654265 1 1 0
462.78 0.0654264 0.0654264 1 1 0
463.28 0.0654264 0.0654264 1 1 0
463.78 0.0654263 0.0654263 1 1 0
464.28 0.0654262 0.0654262 1 1 0
464.78 0.0654262 0.0654262 1 1 0
465.28 0.0654261 0.0654261 1 1 0
465.78 0.0654261 0.0654261 1 1 0
466.28 0.065426 0.065426 1 1 0
466.78 0.065426 0.065426 1 1 0
467.28 0.0654259 0.0654259 1 1 0
467.78 0.0654259 0.0654259 1 1 0
468.28 0.0654258 0.0654258 1 1 0
468.78 0.0654258 0.0654258 1 1 0
469.28 0.0654257 0.0654257 1 1 0
469.78 0.0654257 0.0654257 1 1 0
470.28 0.0654256 0.0654256 1 1 0
470.78 0.0654256 0.0654256 1 1 0
471.28 0.0654255 0.0654255 1 1 0
471.78 0.0654255 0.0654255 1 1 0
472.28 0.0654254 0.0654254 1 1 0
472.78 0.0654254 0.0654254 1 1 0
473.28 0.0654253 0.0654253 1 1 0
473.78 0.0654253 0.0654253 1 1 0
474.28 0.0654252 0.0654252 1 1 0
474.78 0.0654252 0.0654252 1 1 0
475.28 0.0654251 0.0654251 1 1 0
475.78 0.0654251 0.0654251 1 1 0
476.28 0.065425 0.065425 1 1 0
476.78 0.065425 0.065425 1 1 0
477.28 0.0654249 0.0654249 1 1 0
477.78 0.0654249 0.0654249 1 1 0
478.28 0.0654249 0.0654249 1 1 0
478.78 0.0654248 0.0654248 1 1 0
479.28 0.0654248 0.0654248 1 1 0
479.78 0.0654247 0.0654247 1 1 0
480.28 0.0654247 0.0654247 1 1 0
480.78 0.0654246 0.0654246 1 1 0
481.28 0.0654246 0.0654246 1 1 0
481.78 0.0654246 0.0654246 1 1 0
482.28 0.0654245 0.0654245 1 1 0
482.78 0.0654245 0.0654245 1 1 0
483.28 0.0654244 0.0654244 1 1 0
483.78 0.0654244 0.0654244 1 1 0
484.28 0.0654244 0.0654244 1 1 0
484.78 0.0654243 0.0654243 1 1 0
485.28 0.0654243 0.0654243 1 1 0
485.78 0.0654243 0.0654243 1 1 0
486.28 0.0654242 0.0654242 1 1 0
486.78 0.0654242 0.0654242 1 1 0
487.28 0.0654241 0.0654241 1 1 0
487.78 0.0654241 0.0654241 1 1 0
488.28 0.0654241 0.0654241 1 1 0
488.78 0.065424 0.065424 1 1 0
489.28 0.065424 0.065424 1 1 0
489.78 0.065424 0.065424 1 1 0
490.28 0.0654239 0.0654239 1 1 0
490.78 0.0654239 0.0654239 1 1 0
491.28 0.0654239 0.0654239 1 1 0
491.78 0.0654238 0.0654238 1 1 0
492.28 0.0654238 0.0654238 1 1 0
492.78 0.0654238 0.0654238 1 1 0
493.28 0.0654237 0.0654237 1 1 0
493.78 0.0654237 0.0654237 1 1 0
494.28 0.0654237 0.0654237 1 1 0
494.78 0.0654236 0.0654236 1 1 0
495.28 0.0654236 0.0654236 1 1 0
495.28 0.0654236 0.0654236 2 1 0
495.32 0.0654236 0.0654236 1 1 0
495.36 0.0654236 0.0654236 1 1 0
495.44 0.0654236 0.0654236 1 1 0
495.6 0.0654236 0.0654236 1 1 0
495.92 0.0654236 0.0654236 1 1 0
496.42 0.0654235 0.0654235 1 1 0
496.92 0.0654235 0.0654235 1 1 0
497.42 0.0654235 0.0654235 1 1 0
497.92 0.0654235 0.0654235 1 1 0
498.42 0.0654234 0.0654234 1 1 0
498.92 0.0654234 0.0654234 1 1 0
499.42 0.0654234 0.0654234 1 1 0
499.92 0.0654233 0.0654233 1 1 0
500.42 0.0654233 0.0654233 1 1 0
500.92 0.0654233 0.0654233 1 1 0
501.42 0.0654233 0.0654233 1 1 0
501.92 0.0654232 0.0654232 1 1 0
502.42 0.0654232 0.0654232 1 1 0
502.92 0.0654232 0.0654232 1 1 0
503.42 0.0654232 0.0654232 1 1 0
503.92 0.0654231 0.0654231 1 1 0
504.42 0.0654231 0.0654231 1 1 0
504.92 0.0654231 0.0654231 1 1 0
505.42 0.0654231 0.0654231 1 1 0
505.92 0.065423 0.065423 1 1 0
506.42 0.065423 0.065423 1 1 0
506.92 0.065423 0.065423 1 1 0
507.42 0.065423 0.065423 1 1 0
507.92 0.0654229 0.0654229 1 1 0
508.42 0.0654229 0.0654229 1 1 0
508.92 0.0654229 0.0654229 1 1 0
509.42 0.0654229 0.0654229 1 1 0
509.92 0.0654228 0.0654228 1 1 0
510.42 0.0654228 0.0654228 1 1 0
510.92 0.0654228 0.0654228 1 1 0
511.42 0.0654228 0.0654228 1 1 0
511.92 0.0654228 0.0654228 1 1 0
512.42 0.0654227 0.0654227 1 1 0
512.92 0.0654227 0.0654227 1 1 0
513.42 0.0654227 0.0654227 1 1 0
513.92 0.0654227 0.0654227 1 1 0
514.42 0.0654226 0.0654226 1 1 0
514.92 0.0654226 0.0654226 1 1 0
515.42 0.0654226 0.0654226 1 1 0
515.92 0.0654226 0.0654226 1 1 0
516.42 0.0654226 0.0654226 1 1 0
516.92 0.0654225 0.0654225 1 1 0
517.42 0.0654225 0.0654225 1 1 0
517.92 0.0654225 0.0654225 1 1 0
518.42 0.0654225 0.0654225 1 1 0
518.92 0.0654225 0.0654225 1 1 0
519.42 0.0654224 0.0654224 1 1 0
519.92 0.0654224 0.0654224 1 1 0
520.42 0.0654224 0.0654224 1 1 0
520.92 0.0654224 0.0654224 1 1 0
521.42 0.0654224 0.0654224 1 1 0
521.92 0.0654224 0.0654224 1 1 0
522.42 0.0654223 0.0654223 1 1 0
522.92 0.0654223 0.0654223 1 1 0
523.42 0.0654223 0.0654223 1 1 0
523.92 0.0654223 0.0654223 1 1 0
524.42 0.0654223 0.0654223 1 1 0
524.92 0.0654222 0.0654222 1 1 0
525.42 0.0654222 0.0654222 1 1 0
525.92 0.0654222 0.0654222 1 1 0
526.42 0.0654222 0.0654222 1 1 0
526.92 0.0654222 0.0654222 1 1 0
527.42 0.0654222 0.0654222 1 1 0
527.92 0.0654222 0.0654222 1 1 0
528.42 0.0654221 0.0654221 1 1 0
528.92 0.0654221 0.0654221 1 1 0
529.42 0.0654221 0.0654221 1 1 0
529.92 0.0654221 0.0654221 1 1 0
530.42 0.0654221 0.0654221 1 1 0
530.92 0.0654221 0.0654221 1 1 0
531.42 0.065422 0.065422 1 1 0
531.92 0.065422 0.065422 1 1 0
532.42 0.065422 0.065422 1 1 0
532.92 0.065422 0.065422 1 1 0
533.42 0.065422 0.065422 1 1 0
533.92 0.065422 0.065422 1 1 0
534.42 0.065422 0.065422 1 1 0
534.92 0.0654219 0.0654219 1 1 0
535.42 0.0654219 0.0654219 1 1 0
535.92 0.0654219 0.0654219 1 1 0
536.42 0.0654219 0.0654219 1 1 0
536.92 0.0654219 0.0654219 1 1 0
537.42 0.0654219 0.0654219 1 1 0
537.92 0.0654219 0.0654219 1 1 0
538.42 0.0654218 0.0654218 1 1 0
538.92 0.0654218 0.0654218 1 1 0
539.42 0.0654218 0.0654218 1 1 0
539.92 0.0654218 0.0654218 1 1 0
540.42 0.0654218 0.0654218 1 1 0
540.92 0.0654218 0.0654218 1 1 0
541.42 0.0654218 0.0654218 1 1 0
541.92 0.0654218 0.0654218 1 1 0
542.42 0.0654217 0.0654217 1 1 0
542.92 0.0654217 0.0654217 1 1 0
543.42 0.0654217 0.0654217 1 1 0
543.92 0.0654217 0.0654217 1 1 0
544.42 0.0654217 0.0654217 1 1 0
544.92 0.0654217 0.0654217 1 1 0
545.42 0.0654217 0.0654217 1 1 0
545.92 0.0654217 0.0654217 1 1 0
546.42 0.0654217 0.0654217 1 1 0
546.92 0.0654216 0.0654216 1 1 0
547.42 0.0654216 0.0654216 1 1 0
547.92 0.0654216 0.0654216 1 1 0
548.42 0.0654216 0.0654216 1 1 0
548.92 0.0654216 0.0654216 1 1 0
549.42 0.0654216 0.0654216 1 1 0
549.92 0.0654216 0.0654216 1 1 0
550.42 0.0654216 0.0654216 1 1 0
550.92 0.0654216 0.0654216 1 1 0
551.42 0.0654216 0.0654216 1 1 0
551.92 0.0654215 0.0654215 1 1 0
552.42 0.0654215 0.0654215 1 1 0
552.92 0.0654215 0.0654215 1 1 0
553.42 0.0654215 0.0654215 1 1 0
553.92 0.0654215 0.0654215 1 1 0
554.42 0.0654215 0.0654215 1 1 0
554.92 0.0654215 0.0654215 1 1 0
555.42 0.0654215 0.0654215 1 1 0
555.92 0.0654215 0.0654215 1 1 0
556.42 0.0654215 0.0654215 1 1 0
556.92 0.0654215 0.0654215 1 1 0
557.42 0.0654214 0.0654214 1 1 0
557.92 0.0654214 0.0654214 1 1 0
558.42 0.0654214 0.0654214 1 1 0
558.92 0.0654214 0.0654214 1 1 0
559.42 0.0654214 0.0654214 1 1 0
559.92 0.0654214 0.0654214 1 1 0
560.42 0.0654214 0.0654214 1 1 0
560.92 0.0654214 0.0654214 1 1 0
561.42 0.0654214 0.0654214 1 1 0
561.92 0.0654214 0.0654214 1 1 0
562.42 0.0654214 0.0654214 1 1 0
562.92 0.0654213 0.0654213 1 1 0
563.42 0.0654213 0.0654213 1 1 0
563.92 0.0654213 0.0654213 1 1 0
564.42 0.0654213 0.0654213 1 1 0
564.92 0.0654213 0.0654213 1 1 0
565.42 0.0654213 0.0654213 1 1 0
565.92 0.0654213 0.0654213 1 1 0
566.42 0.0654213 0.0654213 1 1 0
566.92 0.0654213 0.0654213 1 1 0
567.42 0.0654213 0.0654213 1 1 0
567.92 0.0654213 0.0654213 1 1 0
568.42 0.0654213 0.0654213 1 1 0
568.92 0.0654213 0.0654213 1 1 0
569.42 0.0654213 0.0654213 1 1 0
569.92 0.0654212 0.0654212 1 1 0
570.42 0.0654212 0.0654212 1 1 0
570.92 0.0654212 0.0654212 1 1 0
571.42 0.0654212 0.0654212 1 1 0
571.92 0.0654212 0.0654212 1 1 0
572.42 0.0654212 0.0654212 1 1 0
572.92 0.0654212 0.0654212 1 1 0
573.42 0.0654212 0.0654212 1 1 0
573.92 0.0654212 0.0654212 1 1 0
574.42 0.0654212 0.0654212 1 1 0
574.92 0.0654212 0.0654212 1 1 0
575.42 0.0654212 0.0654212 1 1 0
575.92 0.0654212 0.0654212 1 1 0
576.42 0.0654212 0.0654212 1 1 0
576.92 0.0654212 0.0654212 1 1 0
577.42 0.0654212 0.0654212 1 1 0
577.92 0.0654211 0.0654211 1 1 0
578.42 0.0654211 0.0654211 1 1 0
578.92 0.0654211 0.0654211 1 1 0
579.42 0.0654211 0.0654211 1 1 0
579.92 0.0654211 0.0654211 1 1 0
580.42 0.0654211 0.0654211 1 1 0
580.92 0.0654211 0.0654211 1 1 0
581.42 0.0654211 0.0654211 1 1 0
581.92 0.0654211 0.0654211 1 1 0
582.42 0.0654211 0.0654211 1 1 0
582.92 0.0654211 0.0654211 1 1 0
583.42 0.0654211 0.0654211 1 1 0
583.92 0.0654211 0.0654211 1 1 0
584.42 0.0654211 0.0654211 1 1 0
584.92 0.0654211 0.0654211 1 1 0
585.42 0.0654211 0.0654211 1 1 0
585.92 0.0654211 0.0654211 1 1 0
586.42 0.0654211 0.0654211 1 1 0
586.92 0.065421 0.065421 1 1 0
587.42 0.065421 0.065421 1 1 0
587.92 0.065421 0.065421 1 1 0
588.42 0.065421 0.065421 1 1 0
588.92 0.065421 0.065421 1 1 0
589.42 0.065421 0.065421 1 1 0
589.92 0.065421 0.065421 1 1 0
590.42 0.065421 0.065421 1 1 0
590.92 0.065421 0.065421 1 1 0
591.42 0.065421 0.065421 1 1 0
591.92 0.065421 0.065421 1 1 0
592.42 0.065421 0.065421 1 1 0
592.92 0.065421 0.065421 1 1 0
592.92 0.065421 0.065421 2 1 0
592.96 0.065421 0.065421 1 1 0
593 0.065421 0.065421 1 1 0
593.08 0.065421 0.065421 1 1 0
593.24 0.065421 0.065421 1 1 0
593.56 0.065421 0.065421 1 1 0
594.06 0.065421 0.065421 1 1 0
594.56 0.065421 0.065421 1 1 0
595.06 0.065421 0.065421 1 1 0
595.56 0.065421 0.065421 1 1 0
596.06 0.065421 0.065421 1 1 0
596.56 0.065421 0.065421 1 1 0
597.06 0.065421 0.065421 1 1 0
597.56 0.065421 0.065421 1 1 0
598.06 0.065421 0.065421 1 1 0
598.56 0.0654209 0.0654209 1 1 0
599.06 0.0654209 0.0654209 1 1 0
599.56 0.0654209 0.0654209 1 1 0
600.06 0.0654209 0.0654209 1 1 0
600.56 0.0654209 0.0654209 1 1 0
601.06 0.0654209 0.0654209 1 1 0
601.56 0.0654209 0.0654209 1 1 0
602.06 0.0654209 0.0654209 1 1 0
602.56 0.0654209 0.0654209 1 1 0
603.06 0.0654209 0.0654209 1 1 0
603.56 0.0654209 0.0654209 1 1 0
604.06 0.0654209 0.0654209 1 1 0
604.56 0.0654209 0.0654209 1 1 0
605.06 0.0654209 0.0654209 1 1 0
605.56 0.0654209 0.0654209 1 1 0
606.06 0.0654209 0.0654209 1 1 0
606.56 0.0654209 0.0654209 1 1 0
607.06 0.0654209 0.0654209 1 1 0
607.56 0.0654209 0.0654209 1 1 0
608.06 0.0654209 0.0654209 1 1 0
608.56 0.0654209 0.0654209 1 1 0
609.06 0.0654209 0.0654209 1 1 0
609.56 0.0654209 0.0654209 1 1 0
610.06 0.0654209 0.0654209 1 1 0
610.56 0.0654209 0.0654209 1 1 0
611.06 0.0654209 0.0654209 1 1 0
611.56 0.0654209 0.0654209 1 1 0
612.06 0.0654209 0.0654209 1 1 0
612.56 0.0654209 0.0654209 1 1 0
613.06 0.0654209 0.0654209 1 1 0
613.56 0.0654208 0.0654208 1 1 0
614.06 0.0654208 0.0654208 1 1 0
614.56 0.0654208 0.0654208 1 1 0
615.06 0.0654208 0.0654208 1 1 0
615.56 0.0654208 0.0654208 1 1 0
616.06 0.0654208 0.0654208 1 1 0
616.56 0.0654208 0.0654208 1 1 0
617.06 0.0654208 0.0654208 1 1 0
617.56 0.0654208 0.0654208 1 1 0
618.06 0.0654208 0.0654208 1 1 0
618.56 0.0654208 0.0654208 1 1 0
619.06 0.0654208 0.0654208 1 1 0
619.56 0.0654208 0.0654208 1 1 0
620.06 0.0654208 0.0654208 1 1 0
620.56 0.0654208 0.0654208 1 1 0
621.06 0.0654208 0.0654208 1 1 0
621.56 0.0654208 0.0654208 1 1 0
622.06 0.0654208 0.0654208 1 1 0
622.56 0.0654208 0.0654208 1 1 0
623.06 0.0654208 0.0654208 1 1 0
623.56 0.0654208 0.0654208 1 1 0
624.06 0.0654208 0.0654208 1 1 0
624.56 0.0654208 0.0654208 1 1 0
625.06 0.0654208 0.0654208 1 1 0
625.56 0.0654208 0.0654208 1 1 0
626.06 0.0654208 0.0654208 1 1 0
626.56 0.0654208 0.0654208 1 1 0
627.06 0.0654208 0.0654208 1 1 0
627.56 0.0654208 0.0654208 1 1 0
628.06 0.0654208 0.0654208 1 1 0
628.56 0.0654208 0.0654208 1 1 0
629.06 0.0654208 0.0654208 1 1 0
629.56 0.0654208 0.0654208 1 1 0
630.06 0.0654208 0.0654208 1 1 0
630.56 0.0654208 0.0654208 1 1 0
631.06 0.0654208 0.0654208 1 1 0
631.56 0.0654208 0.0654208 1 1 0
632.06 0.0654208 0.0654208 1 1 0
632.56 0.0654208 0.0654208 1 1 0
633.06 0.0654208 0.0654208 1 1 0
633.56 0.0654208 0.0654208 1 1 0
634.06 0.0654208 0.0654208 1 1 0
634.56 0.0654207 0.0654207 1 1 0
635.06 0.0654207 0.0654207 1 1 0
635.56 0.0654207 0.0654207 1 1 0
636.06 0.0654207 0.0654207 1 1 0
636.56 0.0654207 0.0654207 1 1 0
637.06 0.0654207 0.0654207 1 1 0
637.56 0.0654207 0.0654207 1 1 0
638.06 0.0654207 0.0654207 1 1 0
638.56 0.0654207 0.0654207 1 1 0
639.06 0.0654207 0.0654207 1 1 0
639.56 0.0654207 0.0654207 1 1 0
640.06 0.0654207 0.0654207 1 1 0
640.56 0.0654207 0.0654207 1 1 0
641.06 0.0654207 0.0654207 1 1 0
641.56 0.0654207 0.0654207 1 1 0
642.06 0.0654207 0.0654207 1 1 0
642.56 0.0654207 0.0654207 1 1 0
643.06 0.0654207 0.0654207 1 1 0
643.56 0.0654207 0.0654207 1 1 0
644.06 0.0654207 0.0654207 1 1 0
644.56 0.0654207 0.0654207 1 1 0
645.06 0.0654207 0.0654207 1 1 0
645.56 0.0654207 0.0654207 1 1 0
646.06 0.0654207 0.0654207 1 1 0
646.56 0.0654207 0.0654207 1 1 0
647.06 0.0654207 0.0654207 1 1 0
647.56 0.0654207 0.0654207 1 1 0
648.06 0.0654207 0.0654207 1 1 0
648.56 0.0654207 0.0654207 1 1 0
649.06 0.0654207 0.0654207 1 1 0
649.56 0.0654207 0.0654207 1 1 0
650.06 0.0654207 0.0654207 1 1 0
650.56 0.0654207 0.0654207 1 1 0
651.06 0.0654207 0.0654207 1 1 0
651.56 0.0654207 0.0654207 1 1 0
652.06 0.0654207 0.0654207 1 1 0
652.56 0.0654207 0.0654207 1 1 0
653.06 0.0654207 0.0654207 1 1 0
653.56 0.0654207 0.0654207 1 1 0
654.06 0.0654207 0.0654207 1 1 0
654.56 0.0654207 0.0654207 1 1 0
655.06 0.0654207 0.0654207 1 1 0
655.56 0.0654207 0.0654207 1 1 0
656.06 0.0654207 0.0654207 1 1 0
656.56 0.0654207 0.0654207 1 1 0
657.06 0.0654207 0.0654207 1 1 0
657.56 0.0654207 0.0654207 1 1 0
658.06 0.0654207 0.0654207 1 1 0
658.56 0.0654207 0.0654207 1 1 0
659.06 0.0654207 0.0654207 1 1 0
659.56 0.0654207 0.0654207 1 1 0
660.06 0.0654207 0.0654207 1 1 0
660.56 0.0654207 0.0654207 1 1 0
661.06 0.0654207 0.0654207 1 1 0
661.56 0.0654207 0.0654207 1 1 0
662.06 0.0654207 0.0654207 1 1 0
662.56 0.0654207 0.0654207 1 1 0
663.06 0.0654207 0.0654207 1 1 0
663.56 0.0654207 0.0654207 1 1 0
664.06 0.0654207 0.0654207 1 1 0
664.56 0.0654207 0.0654207 1 1 0
665.06 0.0654207 0.0654207 1 1 0
665.56 0.0654207 0.0654207 1 1 0
666.06 0.0654207 0.0654207 1 1 0
666.56 0.0654207 0.0654207 1 1 0
667.06 0.0654207 0.0654207 1 1 0
667.56 0.0654207 0.0654207 1 1 0
668.06 0.0654207 0.0654207 1 1 0
668.56 0.0654207 0.0654207 1 1 0
669.06 0.0654207 0.0654207 1 1 0
669.56 0.0654207 0.0654207 1 1 0
670.06 0.0654207 0.0654207 1 1 0
670.56 0.0654207 0.0654207 1 1 0
671.06 0.0654207 0.0654207 1 1 0
671.56 0.0654207 0.0654207 1 1 0
672.06 0.0654206 0.0654206 1 1 0
672.56 0.0654206 0.0654206 1 1 0
673.06 0.0654206 0.0654206 1 1 0
673.56 0.0654206 0.0654206 1 1 0
674.06 0.0654206 0.0654206 1 1 0
674.56 0.0654206 0.0654206 1 1 0
675.06 0.0654206 0.0654206 1 1 0
675.56 0.0654206 0.0654206 1 1 0
676.06 0.0654206 0.0654206 1 1 0
676.56 0.0654206 0.0654206 1 1 0
677.06 0.0654206 0.0654206 1 1 0
677.56 0.0654206 0.0654206 1 1 0
678.06 0.0654206 0.0654206 1 1 0
678.56 0.0654206 0.0654206 1 1 0
679.06 0.0654206 0.0654206 1 1 0
679.56 0.0654206 0.0654206 1 1 0
680.06 0.0654206 0.0654206 1 1 0
680.56 0.0654206 0.0654206 1 1 0
681.06 0.0654206 0.0654206 1 1 0
681.56 0.0654206 0.0654206 1 1 0
682.06 0.0654206 0.0654206 1 1 0
682.56 0.0654206 0.0654206 1 1 0
683.06 0.0654206 0.0654206 1 1 0
683.56 0.0654206 0.0654206 1 1 0
684.06 0.0654206 0.0654206 1 1 0
684.56 0.0654206 0.0654206 1 1 0
685.06 0.0654206 0.0654206 1 1 0
685.56 0.0654206 0.0654206 1 1 0
686.06 0.0654206 0.0654206 1 1 0
686.56 0.0654206 0.0654206 1 1 0
687.06 0.0654206 0.0654206 1 1 0
687.56 0.0654206 0.0654206 1 1 0
688.06 0.0654206 0.0654206 1 1 0
688.56 0.0654206 0.0654206 1 1 0
689.06 0.0654206 0.0654206 1 1 0
689.56 0.0654206 0.0654206 1 1 0
690.06 0.0654206 0.0654206 1 1 0
690.56 0.0654206 0.0654206 1 1 0
300 0.0655793 0.0655793 2 1 0
299.96 0.0655795 0.0655795 1 1 0
299.92 0.0655796 0.0655796 1 1 0
299.84 0.0655798 0.0655798 1 1 0
299.68 0.0655804 0.0655804 1 1 0
299.36 0.0655814 0.0655814 1 1 0
298.86 0.0655831 0.0655831 1 1 0
298.36 0.0655848 0.0655848 1 1 0
297.86 0.0655866 0.0655866 1 1 0
297.36 0.0655883 0.0655883 1 1 0
296.86 0.0655901 0.0655901 1 1 0
296.36 0.0655918 0.0655918 1 1 0
295.86 0.0655936 0.0655936 1 1 0
295.36 0.0655954 0.0655954 1 1 0
294.86 0.0655973 0.0655973 1 1 0
294.36 0.0655991 0.0655991 1 1 0
293.86 0.065601 0.065601 1 1 0
293.36 0.0656029 0.0656029 1 1 0
292.86 0.0656048 0.0656048 1 1 0
292.36 0.0656068 0.0656068 1 1 0
291.86 0.0656087 0.0656087 1 1 0
291.36 0.0656107 0.0656107 1 1 0
290.86 0.0656127 0.0656127 1 1 0
290.36 0.0656147 0.0656147 1 1 0
289.86 0.0656168 0.0656168 1 1 0
289.36 0.0656188 0.0656188 1 1 0
288.86 0.0656209 0.0656209 1 1 0
288.36 0.065623 0.065623 1 1 0
287.86 0.0656252 0.0656252 1 1 0
287.36 0.0656273 0.0656273 1 1 0
286.86 0.0656295 0.0656295 1 1 0
286.36 0.0656317 0.0656317 1 1 0
285.86 0.065634 0.065634 1 1 0
285.36 0.0656362 0.0656362 1 1 0
284.86 0.0656385 0.0656385 1 1 0
284.36 0.0656408 0.0656408 1 1 0
283.86 0.0656431 0.0656431 1 1 0
283.36 0.0656455 0.0656455 1 1 0
282.86 0.0656479 0.0656479 1 1 0
282.36 0.0656503 0.0656503 1 1 0
281.86 0.0656527 0.0656527 1 1 0
281.36 0.0656552 0.0656552 1 1 0
280.86 0.0656577 0.0656577 1 1 0
280.36 0.0656602 0.0656602 1 1 0
279.86 0.0656628 0.0656628 1 1 0
279.36 0.0656653 0.0656653 1 1 0
278.86 0.0656679 0.0656679 1 1 0
278.36 0.0656706 0.0656706 1 1 0
277.86 0.0656732 0.0656732 1 1 0
277.36 0.0656759 0.0656759 1 1 0
276.86 0.0656786 0.0656786 1 1 0
276.36 0.0656814 0.0656814 1 1 0
275.86 0.0656842 0.0656842 1 1 0
275.36 0.065687 0.065687 1 1 0
274.86 0.0656898 0.0656898 1 1 0
274.36 0.0656927 0.0656927 1 1 0
273.86 0.0656956 0.0656956 1 1 0
273.36 0.0656986 0.0656986 1 1 0
272.86 0.0657016 0.0657016 1 1 0
272.36 0.0657046 0.0657046 1 1 0
271.86 0.0657076 0.0657076 1 1 0
271.36 0.0657107 0.0657107 1 1 0
270.86 0.0657138 0.0657138 1 1 0
270.36 0.065717 0.065717 1 1 0
269.86 0.0657201 0.0657201 1 1 0
269.36 0.0657234 0.0657234 1 1 0
268.86 0.0657266 0.0657266 1 1 0
268.36 0.0657299 0.0657299 1 1 0
267.86 0.0657332 0.0657332 1 1 0
267.36 0.0657366 0.0657366 1 1 0
266.86 0.06574 0.06574 1 1 0
266.36 0.0657435 0.0657435 1 1 0
265.86 0.065747 0.065747 1 1 0
265.36 0.0657505 0.0657505 1 1 0
264.86 0.0657541 0.0657541 1 1 0
264.36 0.0657577 0.0657577 1 1 0
263.86 0.0657613 0.0657613 1 1 0
263.36 0.065765 0.065765 1 1 0
262.86 0.0657687 0.0657687 1 1 0
262.36 0.0657725 0.0657725 1 1 0
261.86 0.0657763 0.0657763 1 1 0
261.36 0.0657802 0.0657802 1 1 0
260.86 0.0657841 0.0657841 1 1 0
260.36 0.0657881 0.0657881 1 1 0
259.86 0.0657921 0.0657921 1 1 0
259.36 0.0657961 0.0657961 1 1 0
258.86 0.0658002 0.0658002 1 1 0
258.36 0.0658043 0.0658043 1 1 0
257.86 0.0658085 0.0658085 1 1 0
257.36 0.0658128 0.0658128 1 1 0
256.86 0.0658171 0.0658171 1 1 0
256.36 0.0658214 0.0658214 1 1 0
255.86 0.0658258 0.0658258 1 1 0
255.36 0.0658302 0.0658302 1 1 0
254.86 0.0658347 0.0658347 1 1 0
254.36 0.0658393 0.0658393 1 1 0
253.86 0.0658438 0.0658438 1 1 0
253.36 0.0658485 0.0658485 1 1 0
252.86 0.0658532 0.0658532 1 1 0
252.36 0.065858 0.065858 1 1 0
251.86 0.0658628 0.0658628 1 1 0
251.36 0.0658677 0.0658677 1 1 0
250.86 0.0658726 0.0658726 1 1 0
250.36 0.0658776 0.0658776 1 1 0
249.86 0.0658826 0.0658826 1 1 0
249.36 0.0658878 0.0658878 1 1 0
248.86 0.0658929 0.0658929 1 1 0
248.36 0.0658982 0.0658982 1 1 0
247.86 0.0659035 0.0659035 1 1 0
247.36 0.0659088 0.0659088 1 1 0
246.86 0.0659143 0.0659143 1 1 0
246.36 0.0659197 0.0659197 1 1 0
245.86 0.0659253 0.0659253 1 1 0
245.36 0.0659309 0.0659309 1 1 0
244.86 0.0659366 0.0659366 1 1 0
244.36 0.0659424 0.0659424 1 1 0
243.86 0.0659482 0.0659482 1 1 0
243.36 0.0659541 0.0659541 1 1 0
242.86 0.0659601 0.0659601 1 1 0
242.36 0.0659661 0.0659661 1 1 0
241.86 0.0659723 0.0659723 1 1 0
241.36 0.0659784 0.0659784 1 1 0
240.86 0.0659847 0.0659847 1 1 0
240.36 0.0659911 0.0659911 1 1 0
239.86 0.0659975 0.0659975 1 1 0
239.36 0.066004 0.066004 1 1 0
238.86 0.0660106 0.0660106 1 1 0
238.36 0.0660173 0.0660173 1 1 0
237.86 0.066024 0.066024 1 1 0
237.36 0.0660308 0.0660308 1 1 0
236.86 0.0660378 0.0660378 1 1 0
236.36 0.0660448 0.0660448 1 1 0
235.86 0.0660519 0.0660519 1 1 0
235.36 0.066059 0.066059 1 1 0
234.86 0.0660663 0.0660663 1 1 0
234.36 0.0660737 0.0660737 1 1 0
233.86 0.0660811 0.0660811 1 1 0
233.36 0.0660887 0.0660887 1 1 0
232.86 0.0660963 0.0660963 1 1 0
232.36 0.0661041 0.0661041 1 1 0
231.86 0.0661119 0.0661119 1 1 0
231.36 0.0661199 0.0661199 1 1 0
230.86 0.0661279 0.0661279 1 1 0
230.36 0.066136 0.066136 1 1 0
229.86 0.0661443 0.0661443 1 1 0
229.36 0.0661527 0.0661527 1 1 0
228.86 0.0661611 0.0661611 1 1 0
228.36 0.0661697 0.0661697 1 1 0
227.86 0.0661784 0.0661784 1 1 0
227.36 0.0661872 0.0661872 1 1 0
226.86 0.0661961 0.0661961 1 1 0
226.36 0.0662051 0.0662051 1 1 0
225.86 0.0662143 0.0662143 1 1 0
225.36 0.0662235 0.0662235 1 1 0
224.86 0.0662329 0.0662329 1 1 0
224.36 0.0662424 0.0662424 1 1 0
223.86 0.066252 0.066252 1 1 0
223.36 0.0662618 0.0662618 1 1 0
222.86 0.0662717 0.0662717 1 1 0
222.36 0.0662817 0.0662817 1 1 0
221.86 0.0662919 0.0662919 1 1 0
221.36 0.0663022 0.0663022 1 1 0
220.86 0.0663126 0.0663126 1 1 0
220.36 0.0663232 0.0663232 1 1 0
219.86 0.0663339 0.0663339 1 1 0
219.36 0.0663448 0.0663448 1 1 0
218.86 0.0663558 0.0663558 1 1 0
218.36 0.0663669 0.0663669 1 1 0
217.86 0.0663782 0.0663782 1 1 0
217.36 0.0663897 0.0663897 1 1 0
216.86 0.0664013 0.0664013 1 1 0
216.36 0.0664131 0.0664131 1 1 0
215.86 0.066425 0.066425 1 1 0
215.36 0.0664371 0.0664371 1 1 0
214.86 0.0664494 0.0664494 1 1 0
214.36 0.0664619 0.0664619 1 1 0
213.86 0.0664745 0.0664745 1 1 0
213.36 0.0664873 0.0664873 1 1 0
212.86 0.0665003 0.0665003 1 1 0
212.36 0.0665134 0.0665134 1 1 0
211.86 0.0665268 0.0665268 1 1 0
211.36 0.0665403 0.0665403 1 1 0
210.86 0.0665541 0.0665541 1 1 0
210.36 0.066568 0.066568 1 1 0
209.86 0.0665821 0.0665821 1 1 0
209.36 0.0665965 0.0665965 1 1 0
208.86 0.066611 0.066611 1 1 0
208.36 0.0666258 0.0666258 1 1 0
207.86 0.0666408 0.0666408 1 1 0
207.36 0.066656 0.066656 1 1 0
206.86 0.0666714 0.0666714 1 1 0
206.36 0.066687 0.066687 1 1 0
205.86 0.0667029 0.0667029 1 1 0
205.36 0.066719 0.066719 1 1 0
204.86 0.0667354 0.0667354 1 1 0
204.36 0.066752 0.066752 1 1 0
203.86 0.0667688 0.0667688 1 1 0
203.36 0.0667859 0.0667859 1 1 0
202.86 0.0668033 0.0668033 1 1 0
202.36 0.0668209 0.0668209 1 1 0
202.36 0.0668209 0.0668209 2 1 0
202.32 0.0668224 0.0668224 1 1 0
202.28 0.0668238 0.0668238 1 1 0
202.2 0.0668266 0.0668266 1 1 0
202.04 0.0668324 0.0668324 1 1 0
201.72 0.0668439 0.0668439 1 1 0
201.22 0.0668622 0.0668622 1 1 0
200.72 0.0668807 0.0668807 1 1 0
200.22 0.0668996 0.0668996 1 1 0
199.72 0.0669187 0.0669187 1 1 0
199.22 0.0669381 0.0669381 1 1 0
198.72 0.0669579 0.0669579 1 1 0
198.22 0.066978 0.066978 1 1 0
197.72 0.0669983 0.0669983 1 1 0
197.22 0.0670191 0.0670191 1 1 0
196.72 0.0670401 0.0670401 1 1 0
196.22 0.0670615 0.0670615 1 1 0
195.72 0.0670832 0.0670832 1 1 0
195.22 0.0671053 0.0671053 1 1 0
194.72 0.0671278 0.0671278 1 1 0
194.22 0.0671507 0.0671507 1 1 0
193.72 0.0671739 0.0671739 1 1 0
193.22 0.0671975 0.0671975 1 1 0
192.72 0.0672215 0.0672215 1 1 0
192.22 0.067246 0.067246 1 1 0
191.72 0.0672708 0.0672708 1 1 0
191.22 0.0672961 0.0672961 1 1 0
190.72 0.0673219 0.0673219 1 1 0
190.22 0.0673481 0.0673481 1 1 0
189.72 0.0673747 0.0673747 1 1 0
189.22 0.0674018 0.0674018 1 1 0
188.72 0.0674295 0.0674295 1 1 0
188.22 0.0674576 0.0674576 1 1 0
187.72 0.0674862 0.0674862 1 1 0
187.22 0.0675154 0.0675154 1 1 0
186.72 0.0675451 0.0675451 1 1 0
186.22 0.0675753 0.0675753 1 1 0
185.72 0.0676062 0.0676062 1 1 0
185.22 0.0676376 0.0676376 1 1 0
184.72 0.0676696 0.0676696 1 1 0
184.22 0.0677023 0.0677023 1 1 0
183.72 0.0677356 0.0677356 1 1 0
183.22 0.0677695 0.0677695 1 1 0
182.72 0.0678041 0.0678041 1 1 0
182.22 0.0678395 0.0678395 1 1 0
181.72 0.0678755 0.0678755 1 1 0
181.22 0.0679123 0.0679123 1 1 0
180.72 0.0679498 0.0679498 1 1 0
180.22 0.0679882 0.0679882 1 1 0
179.72 0.0680273 0.0680273 1 1 0
179.22 0.0680674 0.0680674 1 1 0
178.72 0.0681082 0.0681082 1 1 0
178.22 0.06815 0.06815 1 1 0
177.72 0.0681927 0.0681927 1 1 0
177.22 0.0682364 0.0682364 1 1 0
176.72 0.0682811 0.0682811 1 1 0
176.22 0.0683268 0.0683268 1 1 0
175.72 0.0683737 0.0683737 1 1 0
175.22 0.0684216 0.0684216 1 1 0
174.72 0.0684707 0.0684707 1 1 0
174.22 0.068521 0.068521 1 1 0
173.72 0.0685726 0.0685726 1 1 0
173.22 0.0686256 0.0686256 1 1 0
172.72 0.0686798 0.0686798 1 1 0
172.22 0.0687356 0.0687356 1 1 0
171.72 0.0687928 0.0687928 1 1 0
171.22 0.0688517 0.0688517 1 1 0
170.72 0.0689122 0.0689122 1 1 0
170.22 0.0689744 0.0689744 1 1 0
169.72 0.0690385 0.0690385 1 1 0
169.22 0.0691045 0.0691045 1 1 0
168.72 0.0691725 0.0691725 1 1 0
168.22 0.0692427 0.0692427 1 1 0
167.72 0.0693152 0.0693152 1 1 0
167.22 0.0693902 0.0693902 1 1 0
166.72 0.0694677 0.0694677 1 1 0
166.22 0.069548 0.069548 1 1 0
165.72 0.0696313 0.0696313 1 1 0
165.22 0.0697177 0.0697177 1 1 0
164.72 0.0698076 0.0698076 1 1 0
164.22 0.0699012 0.0699012 1 1 0
163.72 0.0699989 0.0699989 1 1 0
163.22 0.070101 0.070101 1 1 0
162.72 0.0702079 0.0702079 1 1 0
162.22 0.0703202 0.0703202 1 1 0
161.72 0.0704386 0.0704386 1 1 0
161.22 0.0705636 0.0705636 1 1 0
160.72 0.0706963 0.0706963 1 1 0
160.22 0.0708377 0.0708377 1 1 0
159.72 0.0709894 0.0709894 1 1 0
159.22 0.0711533 0.0711533 1 1 0
158.72 0.0713319 0.0713319 1 1 0
158.22 0.071529 0.071529 1 1 0
157.72 0.0717501 0.0717501 1 1 0
157.22 0.0720047 0.0720047 1 1 0
156.72 0.0723102 0.0723102 1 1 0
156.22 0.0727096 0.0727096 1 1 0
155.72 0.0734306 0.0734306 1 1 0
155.658 0.0736903 0.0736903 1 1 0
155.649 0.0737971 0.0737971 1 1 0
155.649 0.0737971 0.0737971 1 1 0
155.649 0.0737971 0.0737971 2 1 0
155.649 0.0737971 0.0737971 2 1 0
179.72 0.0680273 0.0680273 2 1 0
179.68 0.0680305 0.0680305 1 1 0
179.64 0.0680337 0.0680337 1 1 0
179.56 0.0680401 0.0680401 1 1 0
179.46 0.068048 0.068048 1 1 0
179.36 0.0680561 0.0680561 1 1 0
179.26 0.0680641 0.0680641 1 1 0
179.16 0.0680722 0.0680722 1 1 0
179.06 0.0680803 0.0680803 1 1 0
178.96 0.0680885 0.0680885 1 1 0
178.86 0.0680967 0.0680967 1 1 0
178.76 0.0681049 0.0681049 1 1 0
178.66 0.0681132 0.0681132 1 1 0
178.56 0.0681215 0.0681215 1 1 0
178.46 0.0681298 0.0681298 1 1 0
178.36 0.0681382 0.0681382 1 1 0
178.26 0.0681466 0.0681466 1 1 0
178.16 0.0681551 0.0681551 1 1 0
178.06 0.0681636 0.0681636 1 1 0
177.96 0.0681721 0.0681721 1 1 0
177.86 0.0681807 0.0681807 1 1 0
177.76 0.0681893 0.0681893 1 1 0
177.66 0.0681979 0.0681979 1 1 0
177.56 0.0682066 0.0682066 1 1 0
177.46 0.0682153 0.0682153 1 1 0
177.36 0.0682241 0.0682241 1 1 0
177.26 0.0682329 0.0682329 1 1 0
177.16 0.0682417 0.0682417 1 1 0
177.06 0.0682506 0.0682506 1 1 0
176.96 0.0682595 0.0682595 1 1 0
176.86 0.0682685 0.0682685 1 1 0
176.76 0.0682775 0.0682775 1 1 0
176.66 0.0682865 0.0682865 1 1 0
176.56 0.0682956 0.0682956 1 1 0
176.46 0.0683048 0.0683048 1 1 0
176.36 0.0683139 0.0683139 1 1 0
176.26 0.0683231 0.0683231 1 1 0
176.16 0.0683324 0.0683324 1 1 0
176.06 0.0683417 0.0683417 1 1 0
175.96 0.0683511 0.0683511 1 1 0
175.86 0.0683604 0.0683604 1 1 0
175.76 0.0683699 0.0683699 1 1 0
175.66 0.0683794 0.0683794 1 1 0
175.56 0.0683889 0.0683889 1 1 0
175.46 0.0683984 0.0683984 1 1 0
175.36 0.0684081 0.0684081 1 1 0
175.26 0.0684177 0.0684177 1 1 0
175.16 0.0684274 0.0684274 1 1 0
175.06 0.0684372 0.0684372 1 1 0
174.96 0.068447 0.068447 1 1 0
174.86 0.0684568 0.0684568 1 1 0
174.76 0.0684667 0.0684667 1 1 0
174.66 0.0684767 0.0684767 1 1 0
174.56 0.0684867 0.0684867 1 1 0
174.46 0.0684967 0.0684967 1 1 0
174.36 0.0685068 0.0685068 1 1 0
174.26 0.068517 0.068517 1 1 0
174.16 0.0685272 0.0685272 1 1 0
174.06 0.0685374 0.0685374 1 1 0
173.96 0.0685477 0.0685477 1 1 0
173.86 0.0685581 0.0685581 1 1 0
173.76 0.0685685 0.0685685 1 1 0
173.66 0.0685789 0.0685789 1 1 0
173.56 0.0685894 0.0685894 1 1 0
173.46 0.0686 0.0686 1 1 0
173.36 0.0686106 0.0686106 1 1 0
173.26 0.0686213 0.0686213 1 1 0
173.16 0.068632 0.068632 1 1 0
173.06 0.0686428 0.0686428 1 1 0
172.96 0.0686536 0.0686536 1 1 0
172.86 0.0686645 0.0686645 1 1 0
172.76 0.0686755 0.0686755 1 1 0
172.66 0.0686865 0.0686865 1 1 0
172.56 0.0686975 0.0686975 1 1 0
172.46 0.0687087 0.0687087 1 1 0
172.36 0.0687198 0.0687198 1 1 0
172.26 0.0687311 0.0687311 1 1 0
172.16 0.0687424 0.0687424 1 1 0
172.06 0.0687537 0.0687537 1 1 0
171.96 0.0687652 0.0687652 1 1 0
171.86 0.0687767 0.0687767 1 1 0
171.76 0.0687882 0.0687882 1 1 0
171.66 0.0687998 0.0687998 1 1 0
171.56 0.0688115 0.0688115 1 1 0
171.46 0.0688232 0.0688232 1 1 0
171.36 0.068835 0.068835 1 1 0
171.26 0.0688469 0.0688469 1 1 0
171.16 0.0688588 0.0688588 1 1 0
171.06 0.0688708 0.0688708 1 1 0
170.96 0.0688829 0.0688829 1 1 0
170.86 0.0688951 0.0688951 1 1 0
170.76 0.0689073 0.0689073 1 1 0
170.66 0.0689195 0.0689195 1 1 0
170.56 0.0689319 0.0689319 1 1 0
170.46 0.0689443 0.0689443 1 1 0
170.36 0.0689568 0.0689568 1 1 0
170.26 0.0689694 0.0689694 1 1 0
170.16 0.068982 0.068982 1 1 0
170.06 0.0689947 0.0689947 1 1 0
169.96 0.0690075 0.0690075 1 1 0
169.86 0.0690203 0.0690203 1 1 0
169.76 0.0690333 0.0690333 1 1 0
169.66 0.0690463 0.0690463 1 1 0
169.56 0.0690594 0.0690594 1 1 0
169.46 0.0690726 0.0690726 1 1 0
169.36 0.0690858 0.0690858 1 1 0
169.26 0.0690991 0.0690991 1 1 0
169.16 0.0691125 0.0691125 1 1 0
169.06 0.069126 0.069126 1 1 0
168.96 0.0691396 0.0691396 1 1 0
168.86 0.0691533 0.0691533 1 1 0
168.76 0.069167 0.069167 1 1 0
168.66 0.0691808 0.0691808 1 1 0
168.56 0.0691948 0.0691948 1 1 0
168.46 0.0692088 0.0692088 1 1 0
168.36 0.0692229 0.0692229 1 1 0
168.26 0.069237 0.069237 1 1 0
168.16 0.0692513 0.0692513 1 1 0
168.06 0.0692657 0.0692657 1 1 0
167.96 0.0692802 0.0692802 1 1 0
167.86 0.0692947 0.0692947 1 1 0
167.76 0.0693094 0.0693094 1 1 0
167.66 0.0693241 0.0693241 1 1 0
167.56 0.069339 0.069339 1 1 0
167.46 0.0693539 0.0693539 1 1 0
167.36 0.0693689 0.0693689 1 1 0
167.26 0.0693841 0.0693841 1 1 0
167.16 0.0693993 0.0693993 1 1 0
167.06 0.0694147 0.0694147 1 1 0
166.96 0.0694302 0.0694302 1 1 0
166.86 0.0694457 0.0694457 1 1 0
166.76 0.0694614 0.0694614 1 1 0
166.66 0.0694772 0.0694772 1 1 0
166.56 0.0694931 0.0694931 1 1 0
166.46 0.0695091 0.0695091 1 1 0
166.36 0.0695252 0.0695252 1 1 0
166.26 0.0695415 0.0695415 1 1 0
166.16 0.0695578 0.0695578 1 1 0
166.06 0.0695743 0.0695743 1 1 0
165.96 0.0695909 0.0695909 1 1 0
165.86 0.0696077 0.0696077 1 1 0
165.76 0.0696245 0.0696245 1 1 0
165.66 0.0696415 0.0696415 1 1 0
165.56 0.0696586 0.0696586 1 1 0
165.46 0.0696758 0.0696758 1 1 0
165.36 0.0696932 0.0696932 1 1 0
165.26 0.0697107 0.0697107 1 1 0
165.16 0.0697283 0.0697283 1 1 0
165.06 0.0697461 0.0697461 1 1 0
164.96 0.069764 0.069764 1 1 0
164.86 0.0697821 0.0697821 1 1 0
164.76 0.0698003 0.0698003 1 1 0
164.66 0.0698187 0.0698187 1 1 0
164.56 0.0698372 0.0698372 1 1 0
164.46 0.0698558 0.0698558 1 1 0
164.36 0.0698746 0.0698746 1 1 0
164.26 0.0698936 0.0698936 1 1 0
164.16 0.0699127 0.0699127 1 1 0
164.06 0.069932 0.069932 1 1 0
163.96 0.0699515 0.0699515 1 1 0
163.86 0.0699711 0.0699711 1 1 0
163.76 0.0699909 0.0699909 1 1 0
163.66 0.0700109 0.0700109 1 1 0
163.56 0.0700311 0.0700311 1 1 0
163.46 0.0700514 0.0700514 1 1 0
163.36 0.0700719 0.0700719 1 1 0
163.26 0.0700926 0.0700926 1 1 0
163.16 0.0701136 0.0701136 1 1 0
163.06 0.0701347 0.0701347 1 1 0
162.96 0.070156 0.070156 1 1 0
162.86 0.0701775 0.0701775 1 1 0
162.76 0.0701992 0.0701992 1 1 0
162.66 0.0702211 0.0702211 1 1 0
162.56 0.0702433 0.0702433 1 1 0
162.46 0.0702656 0.0702656 1 1 0
162.36 0.0702882 0.0702882 1 1 0
162.26 0.070311 0.070311 1 1 0
162.16 0.0703341 0.0703341 1 1 0
162.06 0.0703574 0.0703574 1 1 0
161.96 0.070381 0.070381 1 1 0
161.86 0.0704048 0.0704048 1 1 0
161.76 0.0704289 0.0704289 1 1 0
161.66 0.0704532 0.0704532 1 1 0
161.56 0.0704778 0.0704778 1 1 0
161.46 0.0705027 0.0705027 1 1 0
161.36 0.0705279 0.0705279 1 1 0
161.26 0.0705533 0.0705533 1 1 0
161.16 0.0705791 0.0705791 1 1 0
161.06 0.0706052 0.0706052 1 1 0
160.96 0.0706316 0.0706316 1 1 0
160.86 0.0706583 0.0706583 1 1 0
160.76 0.0706854 0.0706854 1 1 0
160.66 0.0707128 0.0707128 1 1 0
160.56 0.0707405 0.0707405 1 1 0
160.46 0.0707687 0.0707687 1 1 0
160.36 0.0707972 0.0707972 1 1 0
160.26 0.0708261 0.0708261 1 1 0
160.16 0.0708554 0.0708554 1 1 0
160.06 0.0708851 0.0708851 1 1 0
159.96 0.0709152 0.0709152 1 1 0
159.96 0.0709152 0.0709152 2 1 0
159.92 0.0709274 0.0709274 1 1 0
159.88 0.0709397 0.0709397 1 1 0
159.8 0.0709644 0.0709644 1 1 0
159.7 0.0709957 0.0709957 1 1 0
159.6 0.0710276 0.0710276 1 1 0
159.5 0.0710599 0.0710599 1 1 0
159.4 0.0710928 0.0710928 1 1 0
159.3 0.0711262 0.0711262 1 1 0
159.2 0.0711601 0.0711601 1 1 0
159.1 0.0711947 0.0711947 1 1 0
159 0.0712299 0.0712299 1 1 0
158.9 0.0712657 0.0712657 1 1 0
158.8 0.0713022 0.0713022 1 1 0
158.7 0.0713394 0.0713394 1 1 0
158.6 0.0713773 0.0713773 1 1 0
158.5 0.071416 0.071416 1 1 0
158.4 0.0714556 0.0714556 1 1 0
158.3 0.071496 0.071496 1 1 0
158.2 0.0715373 0.0715373 1 1 0
158.1 0.0715796 0.0715796 1 1 0
158 0.0716229 0.0716229 1 1 0
157.9 0.0716672 0.0716672 1 1 0
157.8 0.0717128 0.0717128 1 1 0
157.7 0.0717596 0.0717596 1 1 0
157.6 0.0718077 0.0718077 1 1 0
157.5 0.0718572 0.0718572 1 1 0
157.4 0.0719083 0.0719083 1 1 0
157.3 0.0719611 0.0719611 1 1 0
157.2 0.0720157 0.0720157 1 1 0
157.1 0.0720724 0.0720724 1 1 0
157 0.0721312 0.0721312 1 1 0
156.9 0.0721926 0.0721926 1 1 0
156.8 0.0722567 0.0722567 1 1 0
156.7 0.0723239 0.0723239 1 1 0
156.6 0.0723948 0.0723948 1 1 0
156.5 0.0724698 0.0724698 1 1 0
156.4 0.0725498 0.0725498 1 1 0
156.3 0.0726357 0.0726357 1 1 0
156.2 0.072729 0.072729 1 1 0
156.1 0.0728317 0.0728317 1 1 0
156 0.0729473 0.0729473 1 1 0
155.9 0.0730819 0.0730819 1 1 0
155.8 0.0732484 0.0732484 1 1 0
155.7 0.0734913 0.0734913 1 1 0
155.65 0.0737721 0.0737721 1 1 0
155.649 0.0738194 0.0738194 1 1 0
155.649 0.0738602 0.0738602 2 1 0
155.65 0.0738813 0.0738813 2 1 0
155.651 0.073906 0.073906 2 1 0
155.653 0.0739332 0.0739332 2 1 0
155.657 0.0739715 0.0739715 2 1 0
155.662 0.0740152 0.0740152 2 1 0
155.674 0.0740794 0.0740794 2 1 0
155.691 0.0741528 0.0741528 2 1 0
155.717 0.074239 0.074239 2 1 0
155.756 0.0743418 0.0743418 2 1 0
155.815 0.074466 0.074466 2 1 0
155.903 0.0746169 0.0746169 2 1 0
156.003 0.0747595 0.0747595 2 1 0
156.103 0.0748835 0.0748835 2 1 0
156.203 0.0749949 0.0749949 2 1 0
156.303 0.0750967 0.0750967 2 1 0
156.403 0.0751912 0.0751912 2 1 0
156.503 0.0752798 0.0752798 2 1 0
156.603 0.0753635 0.0753635 2 1 0
156.703 0.075443 0.075443 2 1 0
156.803 0.0755189 0.0755189 2 1 0
156.903 0.0755916 0.0755916 2 1 0
157.003 0.0756616 0.0756616 2 1 0
157.103 0.0757292 0.0757292 2 1 0
157.203 0.0757944 0.0757944 2 1 0
157.303 0.0758577 0.0758577 2 1 0
157.403 0.0759191 0.0759191 2 1 0
157.503 0.0759789 0.0759789 2 1 0
157.603 0.0760371 0.0760371 2 1 0
157.703 0.0760938 0.0760938 2 1 0
157.803 0.0761492 0.0761492 2 1 0
157.903 0.0762033 0.0762033 2 1 0
158.003 0.0762563 0.0762563 2 1 0
158.103 0.0763082 0.0763082 2 1 0
158.203 0.076359 0.076359 2 1 0
158.303 0.0764089 0.0764089 2 1 0
158.403 0.0764579 0.0764579 2 1 0
158.503 0.076506 0.076506 2 1 0
158.603 0.0765532 0.0765532 2 1 0
158.703 0.0765997 0.0765997 2 1 0
158.803 0.0766454 0.0766454 2 1 0
158.903 0.0766904 0.0766904 2 1 0
159.003 0.0767347 0.0767347 2 1 0
159.103 0.0767784 0.0767784 2 1 0
159.203 0.0768214 0.0768214 2 1 0
159.303 0.0768639 0.0768639 2 1 0
159.403 0.0769057 0.0769057 2 1 0
159.503 0.076947 0.076947 2 1 0
159.603 0.0769878 0.0769878 2 1 0
159.703 0.077028 0.077028 2 1 0
159.803 0.0770678 0.0770678 2 1 0
159.903 0.0771071 0.0771071 2 1 0
160.003 0.0771459 0.0771459 2 1 0
160.103 0.0771842 0.0771842 2 1 0
160.203 0.0772222 0.0772222 2 1 0
160.303 0.0772597 0.0772597 2 1 0
160.403 0.0772968 0.0772968 2 1 0
160.503 0.0773335 0.0773335 2 1 0
160.603 0.0773698 0.0773698 2 1 0
160.703 0.0774057 0.0774057 2 1 0
160.803 0.0774413 0.0774413 2 1 0
160.903 0.0774765 0.0774765 2 1 0
161.003 0.0775114 0.0775114 2 1 0
161.103 0.077546 0.077546 2 1 0
161.203 0.0775802 0.0775802 2 1 0
161.303 0.0776141 0.0776141 2 1 0
161.403 0.0776477 0.0776477 2 1 0
161.503 0.077681 0.077681 2 1 0
161.603 0.077714 0.077714 2 1 0
161.703 0.0777468 0.0777468 2 1 0
161.803 0.0777792 0.0777792 2 1 0
161.903 0.0778114 0.0778114 2 1 0
162.003 0.0778433 0.0778433 2 1 0
162.103 0.0778749 0.0778749 2 1 0
162.203 0.0779063 0.0779063 2 1 0
162.303 0.0779374 0.0779374 2 1 0
162.403 0.0779683 0.0779683 2 1 0
162.503 0.077999 0.077999 2 1 0
162.603 0.0780294 0.0780294 2 1 0
162.703 0.0780596 0.0780596 2 1 0
162.803 0.0780895 0.0780895 2 1 0
162.903 0.0781192 0.0781192 2 1 0
163.003 0.0781488 0.0781488 2 1 0
163.103 0.0781781 0.0781781 2 1 0
163.203 0.0782072 0.0782072 2 1 0
163.303 0.0782361 0.0782361 2 1 0
163.403 0.0782648 0.0782648 2 1 0
163.503 0.0782932 0.0782932 2 1 0
163.603 0.0783215 0.0783215 2 1 0
163.703 0.0783497 0.0783497 2 1 0
163.803 0.0783776 0.0783776 2 1 0
163.903 0.0784053 0.0784053 2 1 0
164.003 0.0784329 0.0784329 2 1 0
164.103 0.0784603 0.0784603 2 1 0
164.203 0.0784875 0.0784875 2 1 0
164.303 0.0785145 0.0785145 2 1 0
164.403 0.0785414 0.0785414 2 1 0
164.503 0.0785681 0.0785681 2 1 0
164.603 0.0785946 0.0785946 2 1 0
164.703 0.078621 0.078621 2 1 0
164.803 0.0786472 0.0786472 2 1 0
164.903 0.0786732 0.0786732 2 1 0
165.003 0.0786991 0.0786991 2 1 0
165.103 0.0787249 0.0787249 2 1 0
165.203 0.0787505 0.0787505 2 1 0
165.303 0.0787759 0.0787759 2 1 0
165.403 0.0788012 0.0788012 2 1 0
165.503 0.0788264 0.0788264 2 1 0
165.603 0.0788514 0.0788514 2 1 0
165.703 0.0788763 0.0788763 2 1 0
165.803 0.0789011 0.0789011 2 1 0
165.903 0.0789257 0.0789257 2 1 0
166.003 0.0789502 0.0789502 2 1 0
166.103 0.0789745 0.0789745 2 1 0
166.203 0.0789987 0.0789987 2 1 0
166.303 0.0790228 0.0790228 2 1 0
166.403 0.0790468 0.0790468 2 1 0
166.503 0.0790706 0.0790706 2 1 0
166.603 0.0790943 0.0790943 2 1 0
166.703 0.0791179 0.0791179 2 1 0
166.803 0.0791414 0.0791414 2 1 0
166.903 0.0791647 0.0791647 2 1 0
167.003 0.079188 0.079188 2 1 0
167.103 0.0792111 0.0792111 2 1 0
167.203 0.0792341 0.0792341 2 1 0
167.303 0.079257 0.079257 2 1 0
167.403 0.0792798 0.0792798 2 1 0
167.503 0.0793024 0.0793024 2 1 0
167.603 0.079325 0.079325 2 1 0
167.703 0.0793475 0.0793475 2 1 0
167.803 0.0793698 0.0793698 2 1 0
167.903 0.079392 0.079392 2 1 0
168.003 0.0794142 0.0794142 2 1 0
168.103 0.0794362 0.0794362 2 1 0
168.203 0.0794581 0.0794581 2 1 0
168.303 0.07948 0.07948 2 1 0
168.403 0.0795017 0.0795017 2 1 0
168.503 0.0795233 0.0795233 2 1 0
168.603 0.0795449 0.0795449 2 1 0
168.703 0.0795663 0.0795663 2 1 0
168.803 0.0795876 0.0795876 2 1 0
168.903 0.0796089 0.0796089 2 1 0
169.003 0.07963 0.07963 2 1 0
169.103 0.0796511 0.0796511 2 1 0
169.203 0.0796721 0.0796721 2 1 0
169.303 0.079693 0.079693 2 1 0
169.403 0.0797137 0.0797137 2 1 0
169.503 0.0797344 0.0797344 2 1 0
169.603 0.0797551 0.0797551 2 1 0
169.703 0.0797756 0.0797756 2 1 0
169.803 0.079796 0.079796 2 1 0
169.903 0.0798164 0.0798164 2 1 0
170.003 0.0798366 0.0798366 2 1 0
155.649 0.0738602 0.0738602 2 2 0
156.812 0.973328 0.973328 2 2 0
156.823 0.973339 0.973339 2 2 0
156.828 0.973345 0.973345 2 2 0
156.834 0.973351 0.973351 2 2 0
156.841 0.973358 0.973358 2 2 0
156.851 0.973369 0.973369 2 2 0
156.871 0.97339 0.97339 2 2 0
156.911 0.973432 0.973432 2 2 0
156.991 0.973516 0.973516 2 2 0
157.091 0.97362 0.97362 2 2 0
157.191 0.973724 0.973724 2 2 0
157.291 0.973827 0.973827 2 2 0
157.391 0.973931 0.973931 2 2 0
157.491 0.974033 0.974033 2 2 0
157.591 0.974136 0.974136 2 2 0
157.691 0.974238 0.974238 2 2 0
157.791 0.974339 0.974339 2 2 0
157.891 0.97444 0.97444 2 2 0
157.991 0.974541 0.974541 2 2 0
158.091 0.974641 0.974641 2 2 0
158.191 0.974741 0.974741 2 2 0
158.291 0.974841 0.974841 2 2 0
158.391 0.97494 0.97494 2 2 0
158.491 0.975039 0.975039 2 2 0
158.591 0.975137 0.975137 2 2 0
158.691 0.975235 0.975235 2 2 0
158.791 0.975333 0.975333 2 2 0
158.891 0.97543 0.97543 2 2 0
158.991 0.975527 0.975527 2 2 0
159.091 0.975623 0.975623 2 2 0
159.191 0.97572 0.97572 2 2 0
159.291 0.975815 0.975815 2 2 0
159.391 0.975911 0.975911 2 2 0
159.491 0.976006 0.976006 2 2 0
159.591 0.9761 0.9761 2 2 0
159.691 0.976195 0.976195 2 2 0
159.791 0.976289 0.976289 2 2 0
159.891 0.976382 0.976382 2 2 0
159.991 0.976475 0.976475 2 2 0
160.091 0.976568 0.976568 2 2 0
160.191 0.976661 0.976661 2 2 0
160.291 0.976753 0.976753 2 2 0
160.391 0.976844 0.976844 2 2 0
160.491 0.976936 0.976936 2 2 0
160.591 0.977027 0.977027 2 2 0
160.691 0.977117 0.977117 2 2 0
160.791 0.977208 0.977208 2 2 0
160.891 0.977298 0.977298 2 2 0
160.991 0.977387 0.977387 2 2 0
161.091 0.977477 0.977477 2 2 0
161.191 0.977566 0.977566 2 2 0
161.291 0.977654 0.977654 2 2 0
161.391 0.977742 0.977742 2 2 0
161.491 0.97783 0.97783 2 2 0
161.591 0.977918 0.977918 2 2 0
161.691 0.978005 0.978005 2 2 0
161.791 0.978092 0.978092 2 2 0
161.891 0.978178 0.978178 2 2 0
161.991 0.978265 0.978265 2 2 0
162.091 0.97835 0.97835 2 2 0
162.191 0.978436 0.978436 2 2 0
162.291 0.978521 0.978521 2 2 0
162.391 0.978606 0.978606 2 2 0
162.491 0.97869 0.97869 2 2 0
162.591 0.978775 0.978775 2 2 0
162.691 0.978859 0.978859 2 2 0
162.791 0.978942 0.978942 2 2 0
162.891 0.979025 0.979025 2 2 0
162.991 0.979108 0.979108 2 2 0
163.091 0.979191 0.979191 2 2 0
163.191 0.979273 0.979273 2 2 0
163.291 0.979355 0.979355 2 2 0
163.391 0.979436 0.979436 2 2 0
163.491 0.979518 0.979518 2 2 0
163.591 0.979599 0.979599 2 2 0
163.691 0.979679 0.979679 2 2 0
163.791 0.97976 0.97976 2 2 0
163.891 0.97984 0.97984 2 2 0
163.991 0.979919 0.979919 2 2 0
164.091 0.979999 0.979999 2 2 0
164.191 0.980078 0.980078 2 2 0
164.291 0.980157 0.980157 2 2 0
164.391 0.980235 0.980235 2 2 0
164.491 0.980313 0.980313 2 2 0
164.591 0.980391 0.980391 2 2 0
164.691 0.980469 0.980469 2 2 0
164.791 0.980546 0.980546 2 2 0
164.891 0.980623 0.980623 2 2 0
164.991 0.9807 0.9807 2 2 0
165.091 0.980776 0.980776 2 2 0
165.191 0.980852 0.980852 2 2 0
165.291 0.980928 0.980928 2 2 0
165.391 0.981003 0.981003 2 2 0
165.491 0.981078 0.981078 2 2 0
165.591 0.981153 0.981153 2 2 0
165.691 0.981228 0.981228 2 2 0
165.791 0.981302 0.981302 2 2 0
165.891 0.981376 0.981376 2 2 0
165.991 0.98145 0.98145 2 2 0
166.091 0.981523 0.981523 2 2 0
166.191 0.981596 0.981596 2 2 0
166.291 0.981669 0.981669 2 2 0
166.391 0.981742 0.981742 2 2 0
166.491 0.981814 0.981814 2 2 0
166.591 0.981886 0.981886 2 2 0
166.691 0.981958 0.981958 2 2 0
166.791 0.982029 0.982029 2 2 0
166.891 0.9821 0.9821 2 2 0
166.991 0.982171 0.982171 2 2 0
167.091 0.982242 0.982242 2 2 0
167.191 0.982312 0.982312 2 2 0
167.291 0.982382 0.982382 2 2 0
167.391 0.982452 0.982452 2 2 0
167.491 0.982521 0.982521 2 2 0
167.591 0.98259 0.98259 2 2 0
167.691 0.982659 0.982659 2 2 0
167.791 0.982728 0.982728 2 2 0
167.891 0.982796 0.982796 2 2 0
167.991 0.982864 0.982864 2 2 0
168.091 0.982932 0.982932 2 2 0
168.191 0.983 0.983 2 2 0
168.291 0.983067 0.983067 2 2 0
168.391 0.983134 0.983134 2 2 0
168.491 0.983201 0.983201 2 2 0
168.591 0.983268 0.983268 2 2 0
168.691 0.983334 0.983334 2 2 0
168.791 0.9834 0.9834 2 2 0
168.891 0.983466 0.983466 2 2 0
168.991 0.983531 0.983531 2 2 0
169.091 0.983596 0.983596 2 2 0
169.191 0.983661 0.983661 2 2 0
169.291 0.983726 0.983726 2 2 0
169.391 0.983791 0.983791 2 2 0
169.491 0.983855 0.983855 2 2 0
169.591 0.983919 0.983919 2 2 0
169.691 0.983983 0.983983 2 2 0
169.791 0.984046 0.984046 2 2 0
169.891 0.984109 0.984109 2 2 0
169.991 0.984172 0.984172 2 2 0
170.091 0.984235 0.984235 2 2 0
170.191 0.984298 0.984298 2 2 0
170.291 0.98436 0.98436 2 2 0
170.391 0.984422 0.984422 2 2 0
170.491 0.984484 0.984484 2 2 0
170.591 0.984545 0.984545 2 2 0
170.691 0.984606 0.984606 2 2 0
170.791 0.984667 0.984667 2 2 0
170.891 0.984728 0.984728 2 2 0
170.991 0.984789 0.984789 2 2 0
171.091 0.984849 0.984849 2 2 0
171.191 0.984909 0.984909 2 2 0
171.291 0.984969 0.984969 2 2 0
171.391 0.985028 0.985028 2 2 0
171.491 0.985088 0.985088 2 2 0
171.591 0.985147 0.985147 2 2 0
171.691 0.985206 0.985206 2 2 0
171.791 0.985265 0.985265 2 2 0
171.891 0.985323 0.985323 2 2 0
171.991 0.985381 0.985381 2 2 0
172.091 0.985439 0.985439 2 2 0
172.191 0.985497 0.985497 2 2 0
172.291 0.985554 0.985554 2 2 0
172.391 0.985612 0.985612 2 2 0
172.491 0.985669 0.985669 2 2 0
172.591 0.985726 0.985726 2 2 0
172.691 0.985782 0.985782 2 2 0
172.791 0.985839 0.985839 2 2 0
172.891 0.985895 0.985895 2 2 0
172.991 0.985951 0.985951 2 2 0
173.091 0.986007 0.986007 2 2 0
173.191 0.986062 0.986062 2 2 0
173.291 0.986117 0.986117 2 2 0
173.391 0.986172 0.986172 2 2 0
173.491 0.986227 0.986227 2 2 0
173.591 0.986282 0.986282 2 2 0
173.691 0.986336 0.986336 2 2 0
173.791 0.986391 0.986391 2 2 0
173.891 0.986445 0.986445 2 2 0
173.991 0.986498 0.986498 2 2 0
174.091 0.986552 0.986552 2 2 0
174.191 0.986605 0.986605 2 2 0
174.291 0.986659 0.986659 2 2 0
174.391 0.986711 0.986711 2 2 0
174.491 0.986764 0.986764 2 2 0
174.591 0.986817 0.986817 2 2 0
174.691 0.986869 0.986869 2 2 0
174.791 0.986921 0.986921 2 2 0
174.891 0.986973 0.986973 2 2 0
174.991 0.987025 0.987025 2 2 0
175.091 0.987076 0.987076 2 2 0
175.191 0.987128 0.987128 2 2 0
175.291 0.987179 0.987179 2 2 0
175.391 0.98723 0.98723 2 2 0
175.491 0.98728 0.98728 2 2 0
175.591 0.987331 0.987331 2 2 0
175.691 0.987381 0.987381 2 2 0
175.791 0.987431 0.987431 2 2 0
175.891 0.987481 0.987481 2 2 0
175.991 0.987531 0.987531 2 2 0
155.649 0.0738602 0.0738602 2 2 0
155.676 0.0735813 0.0735813 2 2 0
155.697 0.0735035 0.0735035 1 2 0
155.719 0.0734351 0.0734351 1 2 0
155.752 0.0733506 0.0733506 1 2 0
155.801 0.0732467 0.0732467 1 2 0
155.875 0.0731195 0.0731195 1 2 0
155.975 0.0729787 0.0729787 1 2 0
156.075 0.0728591 0.0728591 1 2 0
156.175 0.0727535 0.0727535 1 2 0
156.275 0.0726581 0.0726581 1 2 0
156.375 0.0725705 0.0725705 1 2 0
156.475 0.0724892 0.0724892 1 2 0
156.575 0.072413 0.072413 1 2 0
156.675 0.0723412 0.0723412 1 2 0
156.775 0.0722731 0.0722731 1 2 0
156.875 0.0722082 0.0722082 1 2 0
156.975 0.0721462 0.0721462 1 2 0
157.075 0.0720868 0.0720868 1 2 0
157.175 0.0720296 0.0720296 1 2 0
157.275 0.0719745 0.0719745 1 2 0
157.375 0.0719213 0.0719213 1 2 0
157.475 0.0718698 0.0718698 1 2 0
157.575 0.0718199 0.0718199 1 2 0
157.675 0.0717714 0.0717714 1 2 0
157.775 0.0717243 0.0717243 1 2 0
157.875 0.0716785 0.0716785 1 2 0
157.975 0.0716338 0.0716338 1 2 0
158.075 0.0715902 0.0715902 1 2 0
158.175 0.0715477 0.0715477 1 2 0
158.275 0.0715062 0.0715062 1 2 0
158.375 0.0714655 0.0714655 1 2 0
158.475 0.0714258 0.0714258 1 2 0
158.575 0.0713869 0.0713869 1 2 0
158.675 0.0713487 0.0713487 1 2 0
158.775 0.0713114 0.0713114 1 2 0
158.875 0.0712747 0.0712747 1 2 0
158.975 0.0712387 0.0712387 1 2 0
159.075 0.0712034 0.0712034 1 2 0
159.175 0.0711687 0.0711687 1 2 0
159.275 0.0711345 0.0711345 1 2 0
159.375 0.071101 0.071101 1 2 0
159.475 0.071068 0.071068 1 2 0
159.575 0.0710356 0.0710356 1 2 0
159.675 0.0710036 0.0710036 1 2 0
159.775 0.0709722 0.0709722 1 2 0
159.875 0.0709412 0.0709412 1 2 0
159.975 0.0709106 0.0709106 1 2 0
160.075 0.0708806 0.0708806 1 2 0
160.175 0.0708509 0.0708509 1 2 0
160.275 0.0708217 0.0708217 1 2 0
160.375 0.0707928 0.0707928 1 2 0
160.475 0.0707644 0.0707644 1 2 0
160.575 0.0707363 0.0707363 1 2 0
160.675 0.0707086 0.0707086 1 2 0
160.775 0.0706812 0.0706812 1 2 0
160.875 0.0706542 0.0706542 1 2 0
160.975 0.0706276 0.0706276 1 2 0
161.075 0.0706012 0.0706012 1 2 0
161.175 0.0705752 0.0705752 1 2 0
161.275 0.0705495 0.0705495 1 2 0
161.375 0.070524 0.070524 1 2 0
161.475 0.0704989 0.0704989 1 2 0
161.575 0.0704741 0.0704741 1 2 0
161.675 0.0704495 0.0704495 1 2 0
161.775 0.0704252 0.0704252 1 2 0
161.875 0.0704012 0.0704012 1 2 0
161.975 0.0703774 0.0703774 1 2 0
162.075 0.0703539 0.0703539 1 2 0
162.175 0.0703306 0.0703306 1 2 0
162.275 0.0703076 0.0703076 1 2 0
162.375 0.0702848 0.0702848 1 2 0
162.475 0.0702622 0.0702622 1 2 0
162.575 0.0702399 0.0702399 1 2 0
162.675 0.0702178 0.0702178 1 2 0
162.775 0.0701959 0.0701959 1 2 0
162.875 0.0701742 0.0701742 1 2 0
162.975 0.0701527 0.0701527 1 2 0
163.075 0.0701314 0.0701314 1 2 0
163.175 0.0701104 0.0701104 1 2 0
163.275 0.0700895 0.0700895 1 2 0
163.375 0.0700688 0.0700688 1 2 0
163.475 0.0700483 0.0700483 1 2 0
163.575 0.070028 0.070028 1 2 0
163.675 0.0700079 0.0700079 1 2 0
163.775 0.0699879 0.0699879 1 2 0
163.875 0.0699681 0.0699681 1 2 0
163.975 0.0699485 0.0699485 1 2 0
164.075 0.0699291 0.0699291 1 2 0
164.175 0.0699098 0.0699098 1 2 0
164.275 0.0698907 0.0698907 1 2 0
164.375 0.0698718 0.0698718 1 2 0
164.475 0.069853 0.069853 1 2 0
164.575 0.0698344 0.0698344 1 2 0
164.675 0.0698159 0.0698159 1 2 0
164.775 0.0697975 0.0697975 1 2 0
164.875 0.0697793 0.0697793 1 2 0
164.975 0.0697613 0.0697613 1 2 0
165.075 0.0697434 0.0697434 1 2 0
165.175 0.0697257 0.0697257 1 2 0
165.275 0.069708 0.069708 1 2 0
165.375 0.0696906 0.0696906 1 2 0
165.475 0.0696732 0.0696732 1 2 0
165.575 0.069656 0.069656 1 2 0
165.675 0.0696389 0.0696389 1 2 0
165.775 0.0696219 0.0696219 1 2 0
165.875 0.0696051 0.0696051 1 2 0
165.975 0.0695884 0.0695884 1 2 0
166.075 0.0695718 0.0695718 1 2 0
166.175 0.0695554 0.0695554 1 2 0
166.275 0.069539 0.069539 1 2 0
166.375 0.0695228 0.0695228 1 2 0
166.475 0.0695067 0.0695067 1 2 0
166.575 0.0694907 0.0694907 1 2 0
166.675 0.0694748 0.0694748 1 2 0
166.775 0.069459 0.069459 1 2 0
166.875 0.0694434 0.0694434 1 2 0
166.975 0.0694278 0.0694278 1 2 0
167.075 0.0694124 0.0694124 1 2 0
167.175 0.069397 0.069397 1 2 0
167.275 0.0693818 0.0693818 1 2 0
167.375 0.0693667 0.0693667 1 2 0
167.475 0.0693516 0.0693516 1 2 0
167.575 0.0693367 0.0693367 1 2 0
167.675 0.0693219 0.0693219 1 2 0
167.775 0.0693071 0.0693071 1 2 0
167.875 0.0692925 0.0692925 1 2 0
167.975 0.069278 0.069278 1 2 0
168.075 0.0692635 0.0692635 1 2 0
168.175 0.0692492 0.0692492 1 2 0
168.275 0.0692349 0.0692349 1 2 0
168.375 0.0692207 0.0692207 1 2 0
168.475 0.0692066 0.0692066 1 2 0
168.575 0.0691926 0.0691926 1 2 0
168.675 0.0691787 0.0691787 1 2 0
168.775 0.0691649 0.0691649 1 2 0
168.875 0.0691512 0.0691512 1 2 0
168.975 0.0691375 0.0691375 1 2 0
169.075 0.069124 0.069124 1 2 0
169.175 0.0691105 0.0691105 1 2 0
169.275 0.0690971 0.0690971 1 2 0
169.375 0.0690838 0.0690838 1 2 0
169.475 0.0690706 0.0690706 1 2 0
169.575 0.0690574 0.0690574 1 2 0
169.675 0.0690443 0.0690443 1 2 0
169.775 0.0690313 0.0690313 1 2 0
169.875 0.0690184 0.0690184 1 2 0
169.975 0.0690055 0.0690055 1 2 0
170.075 0.0689928 0.0689928 1 2 0
170.175 0.0689801 0.0689801 1 2 0
170.275 0.0689675 0.0689675 1 2 0
170.375 0.0689549 0.0689549 1 2 0
170.475 0.0689424 0.0689424 1 2 0
170.575 0.06893 0.06893 1 2 0
170.675 0.0689177 0.0689177 1 2 0
170.775 0.0689054 0.0689054 1 2 0
170.875 0.0688932 0.0688932 1 2 0
170.975 0.0688811 0.0688811 1 2 0
171.075 0.068869 0.068869 1 2 0
171.175 0.068857 0.068857 1 2 0
171.275 0.0688451 0.0688451 1 2 0
171.375 0.0688332 0.0688332 1 2 0
171.475 0.0688214 0.0688214 1 2 0
171.575 0.0688097 0.0688097 1 2 0
171.675 0.0687981 0.0687981 1 2 0
171.775 0.0687864 0.0687864 1 2 0
171.875 0.0687749 0.0687749 1 2 0
171.975 0.0687634 0.0687634 1 2 0
172.075 0.068752 0.068752 1 2 0
172.175 0.0687407 0.0687407 1 2 0
172.275 0.0687294 0.0687294 1 2 0
172.375 0.0687181 0.0687181 1 2 0
172.475 0.068707 0.068707 1 2 0
172.575 0.0686958 0.0686958 1 2 0
172.675 0.0686848 0.0686848 1 2 0
172.775 0.0686738 0.0686738 1 2 0
172.875 0.0686628 0.0686628 1 2 0
172.975 0.068652 0.068652 1 2 0
173.075 0.0686411 0.0686411 1 2 0
173.175 0.0686304 0.0686304 1 2 0
173.275 0.0686196 0.0686196 1 2 0
173.375 0.068609 0.068609 1 2 0
173.475 0.0685984 0.0685984 1 2 0
173.575 0.0685878 0.0685878 1 2 0
173.675 0.0685773 0.0685773 1 2 0
173.775 0.0685669 0.0685669 1 2 0
173.875 0.0685565 0.0685565 1 2 0
173.975 0.0685461 0.0685461 1 2 0
174.075 0.0685359 0.0685359 1 2 0
174.175 0.0685256 0.0685256 1 2 0
174.275 0.0685154 0.0685154 1 2 0
174.375 0.0685053 0.0685053 1 2 0
174.475 0.0684952 0.0684952 1 2 0
174.575 0.0684852 0.0684852 1 2 0
174.675 0.0684752 0.0684752 1 2 0
174.775 0.0684652 0.0684652 1 2 0
174.875 0.0684553 0.0684553 1 2 0
174.975 0.0684455 0.0684455 1 2 0
175.075 0.0684357 0.0684357 1 2 0
175.175 0.068426 0.068426 1 2 0
159.96 0.0709152 0.0709152 2 1 0
160 0.0709031 0.0709031 1 1 0
160.04 0.0708911 0.0708911 1 1 0
160.12 0.0708672 0.0708672 1 1 0
160.22 0.0708377 0.0708377 1 1 0
160.32 0.0708087 0.0708087 1 1 0
160.42 0.07078 0.07078 1 1 0
160.52 0.0707517 0.0707517 1 1 0
160.62 0.0707238 0.0707238 1 1 0
160.72 0.0706963 0.0706963 1 1 0
160.82 0.0706691 0.0706691 1 1 0
160.92 0.0706422 0.0706422 1 1 0
161.02 0.0706157 0.0706157 1 1 0
161.12 0.0705895 0.0705895 1 1 0
161.22 0.0705636 0.0705636 1 1 0
161.32 0.070538 0.070538 1 1 0
161.42 0.0705127 0.0705127 1 1 0
161.52 0.0704877 0.0704877 1 1 0
161.62 0.070463 0.070463 1 1 0
161.72 0.0704386 0.0704386 1 1 0
161.82 0.0704144 0.0704144 1 1 0
161.92 0.0703905 0.0703905 1 1 0
162.02 0.0703668 0.0703668 1 1 0
162.12 0.0703434 0.0703434 1 1 0
162.22 0.0703202 0.0703202 1 1 0
162.32 0.0702973 0.0702973 1 1 0
162.42 0.0702746 0.0702746 1 1 0
162.52 0.0702522 0.0702522 1 1 0
162.62 0.0702299 0.0702299 1 1 0
162.72 0.0702079 0.0702079 1 1 0
162.82 0.0701861 0.0701861 1 1 0
162.92 0.0701645 0.0701645 1 1 0
163.02 0.0701432 0.0701432 1 1 0
163.12 0.070122 0.070122 1 1 0
163.22 0.070101 0.070101 1 1 0
163.32 0.0700802 0.0700802 1 1 0
163.42 0.0700596 0.0700596 1 1 0
163.52 0.0700392 0.0700392 1 1 0
163.62 0.0700189 0.0700189 1 1 0
163.72 0.0699989 0.0699989 1 1 0
163.82 0.069979 0.069979 1 1 0
163.92 0.0699593 0.0699593 1 1 0
164.02 0.0699398 0.0699398 1 1 0
164.12 0.0699204 0.0699204 1 1 0
164.22 0.0699012 0.0699012 1 1 0
164.32 0.0698822 0.0698822 1 1 0
164.42 0.0698633 0.0698633 1 1 0
164.52 0.0698446 0.0698446 1 1 0
164.62 0.069826 0.069826 1 1 0
164.72 0.0698076 0.0698076 1 1 0
164.82 0.0697894 0.0697894 1 1 0
164.92 0.0697712 0.0697712 1 1 0
165.02 0.0697533 0.0697533 1 1 0
165.12 0.0697354 0.0697354 1 1 0
165.22 0.0697177 0.0697177 1 1 0
165.32 0.0697002 0.0697002 1 1 0
165.42 0.0696828 0.0696828 1 1 0
165.52 0.0696655 0.0696655 1 1 0
165.62 0.0696483 0.0696483 1 1 0
165.72 0.0696313 0.0696313 1 1 0
165.82 0.0696144 0.0696144 1 1 0
165.92 0.0695976 0.0695976 1 1 0
166.02 0.069581 0.069581 1 1 0
166.12 0.0695644 0.0695644 1 1 0
166.22 0.069548 0.069548 1 1 0
166.32 0.0695317 0.0695317 1 1 0
166.42 0.0695156 0.0695156 1 1 0
166.52 0.0694995 0.0694995 1 1 0
166.62 0.0694835 0.0694835 1 1 0
166.72 0.0694677 0.0694677 1 1 0
166.82 0.069452 0.069452 1 1 0
166.92 0.0694364 0.0694364 1 1 0
167.02 0.0694209 0.0694209 1 1 0
167.12 0.0694055 0.0694055 1 1 0
167.22 0.0693902 0.0693902 1 1 0
167.32 0.069375 0.069375 1 1 0
167.42 0.0693599 0.0693599 1 1 0
167.52 0.0693449 0.0693449 1 1 0
167.62 0.06933 0.06933 1 1 0
167.72 0.0693152 0.0693152 1 1 0
167.82 0.0693006 0.0693006 1 1 0
167.92 0.069286 0.069286 1 1 0
168.02 0.0692715 0.0692715 1 1 0
168.12 0.0692571 0.0692571 1 1 0
168.22 0.0692427 0.0692427 1 1 0
168.32 0.0692285 0.0692285 1 1 0
168.42 0.0692144 0.0692144 1 1 0
168.52 0.0692004 0.0692004 1 1 0
168.62 0.0691864 0.0691864 1 1 0
168.72 0.0691725 0.0691725 1 1 0
168.82 0.0691588 0.0691588 1 1 0
168.92 0.0691451 0.0691451 1 1 0
169.02 0.0691315 0.0691315 1 1 0
169.12 0.0691179 0.0691179 1 1 0
169.22 0.0691045 0.0691045 1 1 0
169.32 0.0690911 0.0690911 1 1 0
169.42 0.0690778 0.0690778 1 1 0
169.52 0.0690646 0.0690646 1 1 0
169.62 0.0690515 0.0690515 1 1 0
169.72 0.0690385 0.0690385 1 1 0
169.82 0.0690255 0.0690255 1 1 0
169.92 0.0690126 0.0690126 1 1 0
170.02 0.0689998 0.0689998 1 1 0
170.12 0.0689871 0.0689871 1 1 0
170.22 0.0689744 0.0689744 1 1 0
170.32 0.0689618 0.0689618 1 1 0
170.42 0.0689493 0.0689493 1 1 0
170.52 0.0689368 0.0689368 1 1 0
170.62 0.0689245 0.0689245 1 1 0
170.72 0.0689122 0.0689122 1 1 0
170.82 0.0688999 0.0688999 1 1 0
170.92 0.0688878 0.0688878 1 1 0
171.02 0.0688757 0.0688757 1 1 0
171.12 0.0688636 0.0688636 1 1 0
171.22 0.0688517 0.0688517 1 1 0
171.32 0.0688398 0.0688398 1 1 0
171.42 0.0688279 0.0688279 1 1 0
171.52 0.0688162 0.0688162 1 1 0
171.62 0.0688045 0.0688045 1 1 0
171.72 0.0687928 0.0687928 1 1 0
171.82 0.0687813 0.0687813 1 1 0
171.92 0.0687698 0.0687698 1 1 0
172.02 0.0687583 0.0687583 1 1 0
172.12 0.0687469 0.0687469 1 1 0
172.22 0.0687356 0.0687356 1 1 0
172.32 0.0687243 0.0687243 1 1 0
172.42 0.0687131 0.0687131 1 1 0
172.52 0.068702 0.068702 1 1 0
172.62 0.0686909 0.0686909 1 1 0
172.72 0.0686798 0.0686798 1 1 0
172.82 0.0686689 0.0686689 1 1 0
172.92 0.068658 0.068658 1 1 0
173.02 0.0686471 0.0686471 1 1 0
173.12 0.0686363 0.0686363 1 1 0
173.22 0.0686256 0.0686256 1 1 0
173.32 0.0686149 0.0686149 1 1 0
173.42 0.0686042 0.0686042 1 1 0
173.52 0.0685936 0.0685936 1 1 0
173.62 0.0685831 0.0685831 1 1 0
173.72 0.0685726 0.0685726 1 1 0
173.82 0.0685622 0.0685622 1 1 0
173.92 0.0685518 0.0685518 1 1 0
174.02 0.0685415 0.0685415 1 1 0
174.12 0.0685313 0.0685313 1 1 0
174.22 0.068521 0.068521 1 1 0
174.32 0.0685109 0.0685109 1 1 0
174.42 0.0685008 0.0685008 1 1 0
174.52 0.0684907 0.0684907 1 1 0
174.62 0.0684807 0.0684807 1 1 0
174.72 0.0684707 0.0684707 1 1 0
174.82 0.0684608 0.0684608 1 1 0
174.92 0.0684509 0.0684509 1 1 0
175.02 0.0684411 0.0684411 1 1 0
175.12 0.0684313 0.0684313 1 1 0
175.22 0.0684216 0.0684216 1 1 0
175.32 0.0684119 0.0684119 1 1 0
175.42 0.0684023 0.0684023 1 1 0
175.52 0.0683927 0.0683927 1 1 0
175.62 0.0683832 0.0683832 1 1 0
175.72 0.0683737 0.0683737 1 1 0
175.82 0.0683642 0.0683642 1 1 0
175.92 0.0683548 0.0683548 1 1 0
176.02 0.0683454 0.0683454 1 1 0
176.12 0.0683361 0.0683361 1 1 0
176.22 0.0683268 0.0683268 1 1 0
176.32 0.0683176 0.0683176 1 1 0
176.42 0.0683084 0.0683084 1 1 0
176.52 0.0682993 0.0682993 1 1 0
176.62 0.0682902 0.0682902 1 1 0
176.72 0.0682811 0.0682811 1 1 0
176.82 0.0682721 0.0682721 1 1 0
176.92 0.0682631 0.0682631 1 1 0
177.02 0.0682542 0.0682542 1 1 0
177.12 0.0682453 0.0682453 1 1 0
177.22 0.0682364 0.0682364 1 1 0
177.32 0.0682276 0.0682276 1 1 0
177.42 0.0682188 0.0682188 1 1 0
177.52 0.0682101 0.0682101 1 1 0
177.62 0.0682014 0.0682014 1 1 0
177.72 0.0681927 0.0681927 1 1 0
177.82 0.0681841 0.0681841 1 1 0
177.92 0.0681755 0.0681755 1 1 0
178.02 0.068167 0.068167 1 1 0
178.12 0.0681585 0.0681585 1 1 0
178.22 0.06815 0.06815 1 1 0
178.32 0.0681416 0.0681416 1 1 0
178.42 0.0681332 0.0681332 1 1 0
178.52 0.0681248 0.0681248 1 1 0
178.62 0.0681165 0.0681165 1 1 0
178.72 0.0681082 0.0681082 1 1 0
178.82 0.0681 0.0681 1 1 0
178.92 0.0680918 0.0680918 1 1 0
179.02 0.0680836 0.0680836 1 1 0
179.12 0.0680755 0.0680755 1 1 0
179.22 0.0680674 0.0680674 1 1 0
179.32 0.0680593 0.0680593 1 1 0
179.42 0.0680512 0.0680512 1 1 0
179.52 0.0680432 0.0680432 1 1 0
179.62 0.0680353 0.0680353 1 1 0
179.72 0.0680273 0.0680273 1 1 0
170.003 0.0798366 0.0798366 2 1 0
170.043 0.0798447 0.0798447 2 1 0
170.083 0.0798528 0.0798528 2 1 0
170.163 0.0798689 0.0798689 2 1 0
170.263 0.0798889 0.0798889 2 1 0
170.363 0.0799089 0.0799089 2 1 0
170.463 0.0799288 0.0799288 2 1 0
170.563 0.0799486 0.0799486 2 1 0
170.663 0.0799683 0.0799683 2 1 0
170.763 0.079988 0.079988 2 1 0
170.863 0.0800076 0.0800076 2 1 0
170.963 0.0800271 0.0800271 2 1 0
171.063 0.0800465 0.0800465 2 1 0
171.163 0.0800658 0.0800658 2 1 0
171.263 0.0800851 0.0800851 2 1 0
171.363 0.0801043 0.0801043 2 1 0
171.463 0.0801234 0.0801234 2 1 0
171.563 0.0801424 0.0801424 2 1 0
171.663 0.0801614 0.0801614 2 1 0
171.763 0.0801803 0.0801803 2 1 0
171.863 0.0801991 0.0801991 2 1 0
171.963 0.0802179 0.0802179 2 1 0
172.063 0.0802366 0.0802366 2 1 0
172.163 0.0802552 0.0802552 2 1 0
172.263 0.0802737 0.0802737 2 1 0
172.363 0.0802922 0.0802922 2 1 0
172.463 0.0803106 0.0803106 2 1 0
172.563 0.080329 0.080329 2 1 0
172.663 0.0803473 0.0803473 2 1 0
172.763 0.0803655 0.0803655 2 1 0
172.863 0.0803836 0.0803836 2 1 0
172.963 0.0804017 0.0804017 2 1 0
173.063 0.0804197 0.0804197 2 1 0
173.163 0.0804377 0.0804377 2 1 0
173.263 0.0804555 0.0804555 2 1 0
173.363 0.0804734 0.0804734 2 1 0
173.463 0.0804911 0.0804911 2 1 0
173.563 0.0805088 0.0805088 2 1 0
173.663 0.0805265 0.0805265 2 1 0
173.763 0.080544 0.080544 2 1 0
173.863 0.0805615 0.0805615 2 1 0
173.963 0.080579 0.080579 2 1 0
174.063 0.0805964 0.0805964 2 1 0
174.163 0.0806137 0.0806137 2 1 0
174.263 0.080631 0.080631 2 1 0
174.363 0.0806482 0.0806482 2 1 0
174.463 0.0806654 0.0806654 2 1 0
174.563 0.0806825 0.0806825 2 1 0
174.663 0.0806995 0.0806995 2 1 0
174.763 0.0807165 0.0807165 2 1 0
174.863 0.0807334 0.0807334 2 1 0
174.963 0.0807503 0.0807503 2 1 0
175.063 0.0807671 0.0807671 2 1 0
175.163 0.0807839 0.0807839 2 1 0
175.263 0.0808006 0.0808006 2 1 0
175.363 0.0808173 0.0808173 2 1 0
175.463 0.0808338 0.0808338 2 1 0
175.563 0.0808504 0.0808504 2 1 0
175.663 0.0808669 0.0808669 2 1 0
175.763 0.0808833 0.0808833 2 1 0
175.863 0.0808997 0.0808997 2 1 0
175.963 0.080916 0.080916 2 1 0
176.063 0.0809323 0.0809323 2 1 0
176.163 0.0809486 0.0809486 2 1 0
176.263 0.0809647 0.0809647 2 1 0
176.363 0.0809809 0.0809809 2 1 0
176.463 0.0809969 0.0809969 2 1 0
176.563 0.081013 0.081013 2 1 0
176.663 0.0810289 0.0810289 2 1 0
176.763 0.0810449 0.0810449 2 1 0
176.863 0.0810607 0.0810607 2 1 0
176.963 0.0810766 0.0810766 2 1 0
177.063 0.0810924 0.0810924 2 1 0
177.163 0.0811081 0.0811081 2 1 0
177.263 0.0811238 0.0811238 2 1 0
177.363 0.0811394 0.0811394 2 1 0
177.463 0.081155 0.081155 2 1 0
177.563 0.0811705 0.0811705 2 1 0
177.663 0.081186 0.081186 2 1 0
177.763 0.0812015 0.0812015 2 1 0
177.863 0.0812169 0.0812169 2 1 0
177.963 0.0812322 0.0812322 2 1 0
178.063 0.0812475 0.0812475 2 1 0
178.163 0.0812628 0.0812628 2 1 0
178.263 0.081278 0.081278 2 1 0
178.363 0.0812932 0.0812932 2 1 0
178.463 0.0813083 0.0813083 2 1 0
178.563 0.0813234 0.0813234 2 1 0
178.663 0.0813385 0.0813385 2 1 0
178.763 0.0813535 0.0813535 2 1 0
178.863 0.0813684 0.0813684 2 1 0
178.963 0.0813833 0.0813833 2 1 0
179.063 0.0813982 0.0813982 2 1 0
179.163 0.081413 0.081413 2 1 0
179.263 0.0814278 0.0814278 2 1 0
179.363 0.0814425 0.0814425 2 1 0
179.463 0.0814572 0.0814572 2 1 0
179.563 0.0814719 0.0814719 2 1 0
179.663 0.0814865 0.0814865 2 1 0
179.763 0.0815011 0.0815011 2 1 0
179.863 0.0815156 0.0815156 2 1 0
179.963 0.0815301 0.0815301 2 1 0
180.063 0.0815446 0.0815446 2 1 0
180.163 0.081559 0.081559 2 1 0
180.263 0.0815733 0.0815733 2 1 0
180.363 0.0815877 0.0815877 2 1 0
180.463 0.081602 0.081602 2 1 0
180.563 0.0816162 0.0816162 2 1 0
180.663 0.0816304 0.0816304 2 1 0
180.763 0.0816446 0.0816446 2 1 0
180.863 0.0816587 0.0816587 2 1 0
180.963 0.0816728 0.0816728 2 1 0
181.063 0.0816869 0.0816869 2 1 0
181.163 0.0817009 0.0817009 2 1 0
181.263 0.0817149 0.0817149 2 1 0
181.363 0.0817288 0.0817288 2 1 0
181.463 0.0817427 0.0817427 2 1 0
181.563 0.0817566 0.0817566 2 1 0
181.663 0.0817704 0.0817704 2 1 0
181.763 0.0817842 0.0817842 2 1 0
181.863 0.081798 0.081798 2 1 0
181.963 0.0818117 0.0818117 2 1 0
182.063 0.0818254 0.0818254 2 1 0
182.163 0.081839 0.081839 2 1 0
182.263 0.0818527 0.0818527 2 1 0
182.363 0.0818662 0.0818662 2 1 0
182.463 0.0818798 0.0818798 2 1 0
182.563 0.0818933 0.0818933 2 1 0
182.663 0.0819067 0.0819067 2 1 0
182.763 0.0819202 0.0819202 2 1 0
182.863 0.0819336 0.0819336 2 1 0
182.963 0.081947 0.081947 2 1 0
183.063 0.0819603 0.0819603 2 1 0
183.163 0.0819736 0.0819736 2 1 0
183.263 0.0819868 0.0819868 2 1 0
183.363 0.0820001 0.0820001 2 1 0
183.463 0.0820133 0.0820133 2 1 0
183.563 0.0820264 0.0820264 2 1 0
183.663 0.0820396 0.0820396 2 1 0
183.763 0.0820527 0.0820527 2 1 0
183.863 0.0820657 0.0820657 2 1 0
183.963 0.0820787 0.0820787 2 1 0
184.063 0.0820917 0.0820917 2 1 0
184.163 0.0821047 0.0821047 2 1 0
184.263 0.0821176 0.0821176 2 1 0
184.363 0.0821305 0.0821305 2 1 0
184.463 0.0821434 0.0821434 2 1 0
184.563 0.0821562 0.0821562 2 1 0
184.663 0.082169 0.082169 2 1 0
184.763 0.0821818 0.0821818 2 1 0
184.863 0.0821945 0.0821945 2 1 0
184.963 0.0822072 0.0822072 2 1 0
185.063 0.0822199 0.0822199 2 1 0
185.163 0.0822326 0.0822326 2 1 0
185.263 0.0822452 0.0822452 2 1 0
185.363 0.0822578 0.0822578 2 1 0
185.463 0.0822703 0.0822703 2 1 0
185.563 0.0822828 0.0822828 2 1 0
185.663 0.0822953 0.0822953 2 1 0
185.763 0.0823078 0.0823078 2 1 0
185.863 0.0823202 0.0823202 2 1 0
185.963 0.0823326 0.0823326 2 1 0
186.063 0.082345 0.082345 2 1 0
186.163 0.0823573 0.0823573 2 1 0
186.263 0.0823697 0.0823697 2 1 0
186.363 0.0823819 0.0823819 2 1 0
186.463 0.0823942 0.0823942 2 1 0
186.563 0.0824064 0.0824064 2 1 0
186.663 0.0824186 0.0824186 2 1 0
186.763 0.0824308 0.0824308 2 1 0
186.863 0.0824429 0.0824429 2 1 0
186.963 0.082455 0.082455 2 1 0
187.063 0.0824671 0.0824671 2 1 0
187.163 0.0824791 0.0824791 2 1 0
187.263 0.0824912 0.0824912 2 1 0
187.363 0.0825032 0.0825032 2 1 0
187.463 0.0825151 0.0825151 2 1 0
187.563 0.0825271 0.0825271 2 1 0
187.663 0.082539 0.082539 2 1 0
187.763 0.0825509 0.0825509 2 1 0
187.863 0.0825627 0.0825627 2 1 0
187.963 0.0825746 0.0825746 2 1 0
188.063 0.0825864 0.0825864 2 1 0
188.163 0.0825981 0.0825981 2 1 0
188.263 0.0826099 0.0826099 2 1 0
188.363 0.0826216 0.0826216 2 1 0
188.463 0.0826333 0.0826333 2 1 0
188.563 0.082645 0.082645 2 1 0
188.663 0.0826566 0.0826566 2 1 0
188.763 0.0826682 0.0826682 2 1 0
188.863 0.0826798 0.0826798 2 1 0
188.963 0.0826914 0.0826914 2 1 0
189.063 0.0827029 0.0827029 2 1 0
189.163 0.0827144 0.0827144 2 1 0
189.263 0.0827259 0.0827259 2 1 0
189.363 0.0827374 0.0827374 2 1 0
189.463 0.0827488 0.0827488 2 1 0
189.563 0.0827602 0.0827602 2 1 0
189.663 0.0827716 0.0827716 2 1 0
189.763 0.0827829 0.0827829 2 1 0
189.763 0.0827829 0.0827829 2 1 0
189.803 0.0827875 0.0827875 2 1 0
189.843 0.082792 0.082792 2 1 0
189.923 0.082801 0.082801 2 1 0
190.023 0.0828123 0.0828123 2 1 0
190.123 0.0828236 0.0828236 2 1 0
190.223 0.0828348 0.0828348 2 1 0
190.323 0.0828461 0.0828461 2 1 0
190.423 0.0828572 0.0828572 2 1 0
190.523 0.0828684 0.0828684 2 1 0
190.623 0.0828796 0.0828796 2 1 0
190.723 0.0828907 0.0828907 2 1 0
190.823 0.0829018 0.0829018 2 1 0
190.923 0.0829128 0.0829128 2 1 0
191.023 0.0829239 0.0829239 2 1 0
191.123 0.0829349 0.0829349 2 1 0
191.223 0.0829459 0.0829459 2 1 0
191.323 0.0829569 0.0829569 2 1 0
191.423 0.0829678 0.0829678 2 1 0
191.523 0.0829787 0.0829787 2 1 0
191.623 0.0829896 0.0829896 2 1 0
191.723 0.0830005 0.0830005 2 1 0
191.823 0.0830114 0.0830114 2 1 0
191.923 0.0830222 0.0830222 2 1 0
192.023 0.083033 0.083033 2 1 0
192.123 0.0830438 0.0830438 2 1 0
192.223 0.0830546 0.0830546 2 1 0
192.323 0.0830653 0.0830653 2 1 0
192.423 0.083076 0.083076 2 1 0
192.523 0.0830867 0.0830867 2 1 0
192.623 0.0830974 0.0830974 2 1 0
192.723 0.083108 0.083108 2 1 0
192.823 0.0831187 0.0831187 2 1 0
192.923 0.0831293 0.0831293 2 1 0
193.023 0.0831399 0.0831399 2 1 0
193.123 0.0831504 0.0831504 2 1 0
193.223 0.083161 0.083161 2 1 0
193.323 0.0831715 0.0831715 2 1 0
193.423 0.083182 0.083182 2 1 0
193.523 0.0831924 0.0831924 2 1 0
193.623 0.0832029 0.0832029 2 1 0
193.723 0.0832133 0.0832133 2 1 0
193.823 0.0832237 0.0832237 2 1 0
193.923 0.0832341 0.0832341 2 1 0
194.023 0.0832445 0.0832445 2 1 0
194.123 0.0832548 0.0832548 2 1 0
194.223 0.0832651 0.0832651 2 1 0
194.323 0.0832754 0.0832754 2 1 0
194.423 0.0832857 0.0832857 2 1 0
194.523 0.083296 0.083296 2 1 0
194.623 0.0833062 0.0833062 2 1 0
194.723 0.0833164 0.0833164 2 1 0
194.823 0.0833266 0.0833266 2 1 0
194.923 0.0833368 0.0833368 2 1 0
195.023 0.083347 0.083347 2 1 0
195.123 0.0833571 0.0833571 2 1 0
195.223 0.0833672 0.0833672 2 1 0
195.323 0.0833773 0.0833773 2 1 0
195.423 0.0833874 0.0833874 2 1 0
195.523 0.0833974 0.0833974 2 1 0
195.623 0.0834075 0.0834075 2 1 0
195.723 0.0834175 0.0834175 2 1 0
195.823 0.0834275 0.0834275 2 1 0
195.923 0.0834374 0.0834374 2 1 0
196.023 0.0834474 0.0834474 2 1 0
196.123 0.0834573 0.0834573 2 1 0
196.223 0.0834672 0.0834672 2 1 0
196.323 0.0834771 0.0834771 2 1 0
196.423 0.083487 0.083487 2 1 0
196.523 0.0834969 0.0834969 2 1 0
196.623 0.0835067 0.0835067 2 1 0
196.723 0.0835165 0.0835165 2 1 0
196.823 0.0835263 0.0835263 2 1 0
196.923 0.0835361 0.0835361 2 1 0
197.023 0.0835458 0.0835458 2 1 0
197.123 0.0835556 0.0835556 2 1 0
197.223 0.0835653 0.0835653 2 1 0
197.323 0.083575 0.083575 2 1 0
197.423 0.0835847 0.0835847 2 1 0
197.523 0.0835943 0.0835943 2 1 0
197.623 0.083604 0.083604 2 1 0
197.723 0.0836136 0.0836136 2 1 0
197.823 0.0836232 0.0836232 2 1 0
197.923 0.0836328 0.0836328 2 1 0
198.023 0.0836424 0.0836424 2 1 0
198.123 0.0836519 0.0836519 2 1 0
198.223 0.0836614 0.0836614 2 1 0
198.323 0.083671 0.083671 2 1 0
198.423 0.0836804 0.0836804 2 1 0
198.523 0.0836899 0.0836899 2 1 0
198.623 0.0836994 0.0836994 2 1 0
198.723 0.0837088 0.0837088 2 1 0
198.823 0.0837182 0.0837182 2 1 0
198.923 0.0837277 0.0837277 2 1 0
199.023 0.083737 0.083737 2 1 0
199.123 0.0837464 0.0837464 2 1 0
199.223 0.0837558 0.0837558 2 1 0
199.323 0.0837651 0.0837651 2 1 0
199.423 0.0837744 0.0837744 2 1 0
199.523 0.0837837 0.0837837 2 1 0
199.623 0.083793 0.083793 2 1 0
199.723 0.0838022 0.0838022 2 1 0
199.823 0.0838115 0.0838115 2 1 0
199.923 0.0838207 0.0838207 2 1 0
200.023 0.0838299 0.0838299 2 1 0
200.123 0.0838391 0.0838391 2 1 0
200.223 0.0838483 0.0838483 2 1 0
200.323 0.0838575 0.0838575 2 1 0
200.423 0.0838666 0.0838666 2 1 0
200.523 0.0838757 0.0838757 2 1 0
200.623 0.0838848 0.0838848 2 1 0
200.723 0.0838939 0.0838939 2 1 0
200.823 0.083903 0.083903 2 1 0
200.923 0.0839121 0.0839121 2 1 0
201.023 0.0839211 0.0839211 2 1 0
201.123 0.0839301 0.0839301 2 1 0
201.223 0.0839391 0.0839391 2 1 0
201.323 0.0839481 0.0839481 2 1 0
201.423 0.0839571 0.0839571 2 1 0
201.523 0.083966 0.083966 2 1 0
201.623 0.083975 0.083975 2 1 0
201.723 0.0839839 0.0839839 2 1 0
201.823 0.0839928 0.0839928 2 1 0
201.923 0.0840017 0.0840017 2 1 0
202.023 0.0840106 0.0840106 2 1 0
202.123 0.0840194 0.0840194 2 1 0
202.223 0.0840283 0.0840283 2 1 0
202.323 0.0840371 0.0840371 2 1 0
202.423 0.0840459 0.0840459 2 1 0
202.523 0.0840547 0.0840547 2 1 0
202.623 0.0840635 0.0840635 2 1 0
202.723 0.0840723 0.0840723 2 1 0
202.823 0.084081 0.084081 2 1 0
202.923 0.0840897 0.0840897 2 1 0
203.023 0.0840985 0.0840985 2 1 0
203.123 0.0841072 0.0841072 2 1 0
203.223 0.0841158 0.0841158 2 1 0
203.323 0.0841245 0.0841245 2 1 0
203.423 0.0841332 0.0841332 2 1 0
203.523 0.0841418 0.0841418 2 1 0
203.623 0.0841504 0.0841504 2 1 0
203.723 0.084159 0.084159 2 1 0
203.823 0.0841676 0.0841676 2 1 0
203.923 0.0841762 0.0841762 2 1 0
204.023 0.0841848 0.0841848 2 1 0
204.123 0.0841933 0.0841933 2 1 0
204.223 0.0842018 0.0842018 2 1 0
204.323 0.0842104 0.0842104 2 1 0
204.423 0.0842189 0.0842189 2 1 0
204.523 0.0842273 0.0842273 2 1 0
204.623 0.0842358 0.0842358 2 1 0
204.723 0.0842443 0.0842443 2 1 0
204.823 0.0842527 0.0842527 2 1 0
204.923 0.0842611 0.0842611 2 1 0
205.023 0.0842695 0.0842695 2 1 0
205.123 0.0842779 0.0842779 2 1 0
205.223 0.0842863 0.0842863 2 1 0
205.323 0.0842947 0.0842947 2 1 0
205.423 0.084303 0.084303 2 1 0
205.523 0.0843114 0.0843114 2 1 0
205.623 0.0843197 0.0843197 2 1 0
205.723 0.084328 0.084328 2 1 0
205.823 0.0843363 0.0843363 2 1 0
205.923 0.0843446 0.0843446 2 1 0
206.023 0.0843529 0.0843529 2 1 0
206.123 0.0843611 0.0843611 2 1 0
206.223 0.0843693 0.0843693 2 1 0
206.323 0.0843776 0.0843776 2 1 0
206.423 0.0843858 0.0843858 2 1 0
206.523 0.084394 0.084394 2 1 0
206.623 0.0844021 0.0844021 2 1 0
206.723 0.0844103 0.0844103 2 1 0
206.823 0.0844185 0.0844185 2 1 0
206.923 0.0844266 0.0844266 2 1 0
207.023 0.0844347 0.0844347 2 1 0
207.123 0.0844428 0.0844428 2 1 0
207.223 0.0844509 0.0844509 2 1 0
207.323 0.084459 0.084459 2 1 0
207.423 0.0844671 0.0844671 2 1 0
207.523 0.0844751 0.0844751 2 1 0
207.623 0.0844832 0.0844832 2 1 0
207.723 0.0844912 0.0844912 2 1 0
207.823 0.0844992 0.0844992 2 1 0
207.923 0.0845072 0.0845072 2 1 0
208.023 0.0845152 0.0845152 2 1 0
208.123 0.0845232 0.0845232 2 1 0
208.223 0.0845312 0.0845312 2 1 0
208.323 0.0845391 0.0845391 2 1 0
208.423 0.084547 0.084547 2 1 0
208.523 0.084555 0.084555 2 1 0
208.623 0.0845629 0.0845629 2 1 0
208.723 0.0845708 0.0845708 2 1 0
208.823 0.0845786 0.0845786 2 1 0
208.923 0.0845865 0.0845865 2 1 0
209.023 0.0845944 0.0845944 2 1 0
209.123 0.0846022 0.0846022 2 1 0
209.223 0.08461 0.08461 2 1 0
209.323 0.0846178 0.0846178 2 1 0
209.423 0.0846256 0.0846256 2 1 0
209.523 0.0846334 0.0846334 2 1 0
209.523 0.0846334 0.0846334 2 1 0
209.563 0.0846365 0.0846365 2 1 0
209.603 0.0846397 0.0846397 2 1 0
209.683 0.0846459 0.0846459 2 1 0
209.783 0.0846536 0.0846536 2 1 0
209.883 0.0846614 0.0846614 2 1 0
209.983 0.0846691 0.0846691 2 1 0
210.083 0.0846768 0.0846768 2 1 0
210.183 0.0846845 0.0846845 2 1 0
210.283 0.0846922 0.0846922 2 1 0
210.383 0.0846999 0.0846999 2 1 0
210.483 0.0847076 0.0847076 2 1 0
210.583 0.0847152 0.0847152 2 1 0
210.683 0.0847229 0.0847229 2 1 0
210.783 0.0847305 0.0847305 2 1 0
210.883 0.0847381 0.0847381 2 1 0
210.983 0.0847457 0.0847457 2 1 0
211.083 0.0847533 0.0847533 2 1 0
211.183 0.0847609 0.0847609 2 1 0
211.283 0.0847684 0.0847684 2 1 0
211.383 0.084776 0.084776 2 1 0
211.483 0.0847835 0.0847835 2 1 0
211.583 0.0847911 0.0847911 2 1 0
211.683 0.0847986 0.0847986 2 1 0
211.783 0.0848061 0.0848061 2 1 0
211.883 0.0848136 0.0848136 2 1 0
211.983 0.0848211 0.0848211 2 1 0
212.083 0.0848285 0.0848285 2 1 0
212.183 0.084836 0.084836 2 1 0
212.283 0.0848434 0.0848434 2 1 0
212.383 0.0848509 0.0848509 2 1 0
212.483 0.0848583 0.0848583 2 1 0
212.583 0.0848657 0.0848657 2 1 0
212.683 0.0848731 0.0848731 2 1 0
212.783 0.0848805 0.0848805 2 1 0
212.883 0.0848879 0.0848879 2 1 0
212.983 0.0848952 0.0848952 2 1 0
213.083 0.0849026 0.0849026 2 1 0
213.183 0.0849099 0.0849099 2 1 0
213.283 0.0849172 0.0849172 2 1 0
213.383 0.0849246 0.0849246 2 1 0
213.483 0.0849319 0.0849319 2 1 0
213.583 0.0849392 0.0849392 2 1 0
213.683 0.0849464 0.0849464 2 1 0
213.783 0.0849537 0.0849537 2 1 0
213.883 0.084961 0.084961 2 1 0
213.983 0.0849682 0.0849682 2 1 0
214.083 0.0849754 0.0849754 2 1 0
214.183 0.0849827 0.0849827 2 1 0
214.283 0.0849899 0.0849899 2 1 0
214.383 0.0849971 0.0849971 2 1 0
214.483 0.0850043 0.0850043 2 1 0
214.583 0.0850115 0.0850115 2 1 0
214.683 0.0850186 0.0850186 2 1 0
214.783 0.0850258 0.0850258 2 1 0
214.883 0.0850329 0.0850329 2 1 0
214.983 0.0850401 0.0850401 2 1 0
215.083 0.0850472 0.0850472 2 1 0
215.183 0.0850543 0.0850543 2 1 0
215.283 0.0850614 0.0850614 2 1 0
215.383 0.0850685 0.0850685 2 1 0
215.483 0.0850756 0.0850756 2 1 0
215.583 0.0850826 0.0850826 2 1 0
215.683 0.0850897 0.0850897 2 1 0
215.783 0.0850967 0.0850967 2 1 0
215.883 0.0851038 0.0851038 2 1 0
215.983 0.0851108 0.0851108 2 1 0
216.083 0.0851178 0.0851178 2 1 0
216.183 0.0851248 0.0851248 2 1 0
216.283 0.0851318 0.0851318 2 1 0
216.383 0.0851388 0.0851388 2 1 0
216.483 0.0851457 0.0851457 2 1 0
216.583 0.0851527 0.0851527 2 1 0
216.683 0.0851596 0.0851596 2 1 0
216.783 0.0851666 0.0851666 2 1 0
216.883 0.0851735 0.0851735 2 1 0
216.983 0.0851804 0.0851804 2 1 0
217.083 0.0851873 0.0851873 2 1 0
217.183 0.0851942 0.0851942 2 1 0
217.283 0.0852011 0.0852011 2 1 0
217.383 0.085208 0.085208 2 1 0
217.483 0.0852148 0.0852148 2 1 0
217.583 0.0852217 0.0852217 2 1 0
217.683 0.0852285 0.0852285 2 1 0
217.783 0.0852354 0.0852354 2 1 0
217.883 0.0852422 0.0852422 2 1 0
217.983 0.085249 0.085249 2 1 0
218.083 0.0852558 0.0852558 2 1 0
218.183 0.0852626 0.0852626 2 1 0
218.283 0.0852694 0.0852694 2 1 0
218.383 0.0852761 0.0852761 2 1 0
218.483 0.0852829 0.0852829 2 1 0
218.583 0.0852897 0.0852897 2 1 0
218.683 0.0852964 0.0852964 2 1 0
218.783 0.0853031 0.0853031 2 1 0
218.883 0.0853098 0.0853098 2 1 0
218.983 0.0853166 0.0853166 2 1 0
219.083 0.0853233 0.0853233 2 1 0
219.183 0.0853299 0.0853299 2 1 0
219.283 0.0853366 0.0853366 2 1 0
219.383 0.0853433 0.0853433 2 1 0
219.483 0.08535 0.08535 2 1 0
219.583 0.0853566 0.0853566 2 1 0
219.683 0.0853632 0.0853632 2 1 0
219.783 0.0853699 0.0853699 2 1 0
219.883 0.0853765 0.0853765 2 1 0
219.983 0.0853831 0.0853831 2 1 0
220.083 0.0853897 0.0853897 2 1 0
220.183 0.0853963 0.0853963 2 1 0
220.283 0.0854029 0.0854029 2 1 0
220.383 0.0854094 0.0854094 2 1 0
220.483 0.085416 0.085416 2 1 0
220.583 0.0854226 0.0854226 2 1 0
220.683 0.0854291 0.0854291 2 1 0
220.783 0.0854356 0.0854356 2 1 0
220.883 0.0854422 0.0854422 2 1 0
220.983 0.0854487 0.0854487 2 1 0
221.083 0.0854552 0.0854552 2 1 0
221.183 0.0854617 0.0854617 2 1 0
221.283 0.0854681 0.0854681 2 1 0
221.383 0.0854746 0.0854746 2 1 0
221.483 0.0854811 0.0854811 2 1 0
221.583 0.0854875 0.0854875 2 1 0
221.683 0.085494 0.085494 2 1 0
221.783 0.0855004 0.0855004 2 1 0
221.883 0.0855069 0.0855069 2 1 0
221.983 0.0855133 0.0855133 2 1 0
222.083 0.0855197 0.0855197 2 1 0
222.183 0.0855261 0.0855261 2 1 0
222.283 0.0855325 0.0855325 2 1 0
222.383 0.0855389 0.0855389 2 1 0
222.483 0.0855452 0.0855452 2 1 0
222.583 0.0855516 0.0855516 2 1 0
222.683 0.0855579 0.0855579 2 1 0
222.783 0.0855643 0.0855643 2 1 0
222.883 0.0855706 0.0855706 2 1 0
222.983 0.0855769 0.0855769 2 1 0
223.083 0.0855833 0.0855833 2 1 0
223.183 0.0855896 0.0855896 2 1 0
223.283 0.0855959 0.0855959 2 1 0
223.383 0.0856022 0.0856022 2 1 0
223.483 0.0856084 0.0856084 2 1 0
223.583 0.0856147 0.0856147 2 1 0
223.683 0.085621 0.085621 2 1 0
223.783 0.0856272 0.0856272 2 1 0
223.883 0.0856335 0.0856335 2 1 0
223.983 0.0856397 0.0856397 2 1 0
224.083 0.0856459 0.0856459 2 1 0
224.183 0.0856522 0.0856522 2 1 0
224.283 0.0856584 0.0856584 2 1 0
224.383 0.0856646 0.0856646 2 1 0
224.483 0.0856708 0.0856708 2 1 0
224.583 0.0856769 0.0856769 2 1 0
224.683 0.0856831 0.0856831 2 1 0
224.783 0.0856893 0.0856893 2 1 0
224.883 0.0856954 0.0856954 2 1 0
224.983 0.0857016 0.0857016 2 1 0
225.083 0.0857077 0.0857077 2 1 0
225.183 0.0857139 0.0857139 2 1 0
225.283 0.08572 0.08572 2 1 0
225.383 0.0857261 0.0857261 2 1 0
225.483 0.0857322 0.0857322 2 1 0
225.583 0.0857383 0.0857383 2 1 0
225.683 0.0857444 0.0857444 2 1 0
225.783 0.0857505 0.0857505 2 1 0
225.883 0.0857565 0.0857565 2 1 0
225.983 0.0857626 0.0857626 2 1 0
226.083 0.0857686 0.0857686 2 1 0
226.183 0.0857747 0.0857747 2 1 0
226.283 0.0857807 0.0857807 2 1 0
226.383 0.0857867 0.0857867 2 1 0
226.483 0.0857928 0.0857928 2 1 0
226.583 0.0857988 0.0857988 2 1 0
226.683 0.0858048 0.0858048 2 1 0
226.783 0.0858108 0.0858108 2 1 0
226.883 0.0858168 0.0858168 2 1 0
226.983 0.0858227 0.0858227 2 1 0
227.083 0.0858287 0.0858287 2 1 0
227.183 0.0858347 0.0858347 2 1 0
227.283 0.0858406 0.0858406 2 1 0
227.383 0.0858466 0.0858466 2 1 0
227.483 0.0858525 0.0858525 2 1 0
227.583 0.0858584 0.0858584 2 1 0
227.683 0.0858643 0.0858643 2 1 0
227.783 0.0858703 0.0858703 2 1 0
227.883 0.0858762 0.0858762 2 1 0
227.983 0.0858821 0.0858821 2 1 0
228.083 0.0858879 0.0858879 2 1 0
228.183 0.0858938 0.0858938 2 1 0
228.283 0.0858997 0.0858997 2 1 0
228.383 0.0859056 0.0859056 2 1 0
228.483 0.0859114 0.0859114 2 1 0
228.583 0.0859173 0.0859173 2 1 0
228.683 0.0859231 0.0859231 2 1 0
228.783 0.0859289 0.0859289 2 1 0
228.883 0.0859347 0.0859347 2 1 0
228.983 0.0859406 0.0859406 2 1 0
229.083 0.0859464 0.0859464 2 1 0
229.183 0.0859522 0.0859522 2 1 0
229.283 0.085958 0.085958 2 1 0
229.283 0.085958 0.085958 2 1 0
229.323 0.0859603 0.0859603 2 1 0
229.363 0.0859626 0.0859626 2 1 0
229.443 0.0859672 0.0859672 2 1 0
229.543 0.085973 0.085973 2 1 0
229.643 0.0859787 0.0859787 2 1 0
229.743 0.0859845 0.0859845 2 1 0
229.843 0.0859902 0.0859902 2 1 0
229.943 0.085996 0.085996 2 1 0
230.043 0.0860017 0.0860017 2 1 0
230.143 0.0860074 0.0860074 2 1 0
230.243 0.0860131 0.0860131 2 1 0
230.343 0.0860189 0.0860189 2 1 0
230.443 0.0860246 0.0860246 2 1 0
230.543 0.0860303 0.0860303 2 1 0
230.643 0.0860359 0.0860359 2 1 0
230.743 0.0860416 0.0860416 2 1 0
230.843 0.0860473 0.0860473 2 1 0
230.943 0.0860529 0.0860529 2 1 0
231.043 0.0860586 0.0860586 2 1 0
231.143 0.0860642 0.0860642 2 1 0
231.243 0.0860699 0.0860699 2 1 0
231.343 0.0860755 0.0860755 2 1 0
231.443 0.0860811 0.0860811 2 1 0
231.543 0.0860868 0.0860868 2 1 0
231.643 0.0860924 0.0860924 2 1 0
231.743 0.086098 0.086098 2 1 0
231.843 0.0861036 0.0861036 2 1 0
231.943 0.0861091 0.0861091 2 1 0
232.043 0.0861147 0.0861147 2 1 0
232.143 0.0861203 0.0861203 2 1 0
232.243 0.0861259 0.0861259 2 1 0
232.343 0.0861314 0.0861314 2 1 0
232.443 0.086137 0.086137 2 1 0
232.543 0.0861425 0.0861425 2 1 0
232.643 0.086148 0.086148 2 1 0
232.743 0.0861536 0.0861536 2 1 0
232.843 0.0861591 0.0861591 2 1 0
232.943 0.0861646 0.0861646 2 1 0
233.043 0.0861701 0.0861701 2 1 0
233.143 0.0861756 0.0861756 2 1 0
233.243 0.0861811 0.0861811 2 1 0
233.343 0.0861866 0.0861866 2 1 0
233.443 0.0861921 0.0861921 2 1 0
233.543 0.0861975 0.0861975 2 1 0
233.643 0.086203 0.086203 2 1 0
233.743 0.0862085 0.0862085 2 1 0
233.843 0.0862139 0.0862139 2 1 0
233.943 0.0862193 0.0862193 2 1 0
234.043 0.0862248 0.0862248 2 1 0
234.143 0.0862302 0.0862302 2 1 0
234.243 0.0862356 0.0862356 2 1 0
234.343 0.086241 0.086241 2 1 0
234.443 0.0862464 0.0862464 2 1 0
234.543 0.0862518 0.0862518 2 1 0
234.643 0.0862572 0.0862572 2 1 0
234.743 0.0862626 0.0862626 2 1 0
234.843 0.086268 0.086268 2 1 0
234.943 0.0862734 0.0862734 2 1 0
235.043 0.0862787 0.0862787 2 1 0
235.143 0.0862841 0.0862841 2 1 0
235.243 0.0862894 0.0862894 2 1 0
235.343 0.0862948 0.0862948 2 1 0
235.443 0.0863001 0.0863001 2 1 0
235.543 0.0863054 0.0863054 2 1 0
235.643 0.0863108 0.0863108 2 1 0
235.743 0.0863161 0.0863161 2 1 0
235.843 0.0863214 0.0863214 2 1 0
235.943 0.0863267 0.0863267 2 1 0
236.043 0.086332 0.086332 2 1 0
236.143 0.0863373 0.0863373 2 1 0
236.243 0.0863425 0.0863425 2 1 0
236.343 0.0863478 0.0863478 2 1 0
236.443 0.0863531 0.0863531 2 1 0
236.543 0.0863583 0.0863583 2 1 0
236.643 0.0863636 0.0863636 2 1 0
236.743 0.0863688 0.0863688 2 1 0
236.843 0.0863741 0.0863741 2 1 0
236.943 0.0863793 0.0863793 2 1 0
237.043 0.0863845 0.0863845 2 1 0
237.143 0.0863898 0.0863898 2 1 0
237.243 0.086395 0.086395 2 1 0
237.343 0.0864002 0.0864002 2 1 0
237.443 0.0864054 0.0864054 2 1 0
237.543 0.0864106 0.0864106 2 1 0
237.643 0.0864158 0.0864158 2 1 0
237.743 0.0864209 0.0864209 2 1 0
237.843 0.0864261 0.0864261 2 1 0
237.943 0.0864313 0.0864313 2 1 0
238.043 0.0864364 0.0864364 2 1 0
238.143 0.0864416 0.0864416 2 1 0
238.243 0.0864467 0.0864467 2 1 0
238.343 0.0864519 0.0864519 2 1 0
238.443 0.086457 0.086457 2 1 0
238.543 0.0864621 0.0864621 2 1 0
238.643 0.0864673 0.0864673 2 1 0
238.743 0.0864724 0.0864724 2 1 0
238.843 0.0864775 0.0864775 2 1 0
238.943 0.0864826 0.0864826 2 1 0
239.043 0.0864877 0.0864877 2 1 0
239.143 0.0864928 0.0864928 2 1 0
239.243 0.0864979 0.0864979 2 1 0
239.343 0.0865029 0.0865029 2 1 0
239.443 0.086508 0.086508 2 1 0
239.543 0.0865131 0.0865131 2 1 0
239.643 0.0865181 0.0865181 2 1 0
239.743 0.0865232 0.0865232 2 1 0
239.843 0.0865282 0.0865282 2 1 0
239.943 0.0865333 0.0865333 2 1 0
240.043 0.0865383 0.0865383 2 1 0
240.143 0.0865433 0.0865433 2 1 0
240.243 0.0865483 0.0865483 2 1 0
240.343 0.0865533 0.0865533 2 1 0
240.443 0.0865584 0.0865584 2 1 0
240.543 0.0865634 0.0865634 2 1 0
240.643 0.0865683 0.0865683 2 1 0
240.743 0.0865733 0.0865733 2 1 0
240.843 0.0865783 0.0865783 2 1 0
240.943 0.0865833 0.0865833 2 1 0
241.043 0.0865883 0.0865883 2 1 0
241.143 0.0865932 0.0865932 2 1 0
241.243 0.0865982 0.0865982 2 1 0
241.343 0.0866031 0.0866031 2 1 0
241.443 0.0866081 0.0866081 2 1 0
241.543 0.086613 0.086613 2 1 0
241.643 0.0866179 0.0866179 2 1 0
241.743 0.0866229 0.0866229 2 1 0
241.843 0.0866278 0.0866278 2 1 0
241.943 0.0866327 0.0866327 2 1 0
242.043 0.0866376 0.0866376 2 1 0
242.143 0.0866425 0.0866425 2 1 0
242.243 0.0866474 0.0866474 2 1 0
242.343 0.0866523 0.0866523 2 1 0
242.443 0.0866572 0.0866572 2 1 0
242.543 0.0866621 0.0866621 2 1 0
242.643 0.0866669 0.0866669 2 1 0
242.743 0.0866718 0.0866718 2 1 0
242.843 0.0866767 0.0866767 2 1 0
242.943 0.0866815 0.0866815 2 1 0
243.043 0.0866864 0.0866864 2 1 0
243.143 0.0866912 0.0866912 2 1 0
243.243 0.0866961 0.0866961 2 1 0
243.343 0.0867009 0.0867009 2 1 0
243.443 0.0867057 0.0867057 2 1 0
243.543 0.0867105 0.0867105 2 1 0
243.643 0.0867153 0.0867153 2 1 0
243.743 0.0867201 0.0867201 2 1 0
243.843 0.0867249 0.0867249 2 1 0
243.943 0.0867297 0.0867297 2 1 0
244.043 0.0867345 0.0867345 2 1 0
244.143 0.0867393 0.0867393 2 1 0
244.243 0.0867441 0.0867441 2 1 0
244.343 0.0867489 0.0867489 2 1 0
244.443 0.0867536 0.0867536 2 1 0
244.543 0.0867584 0.0867584 2 1 0
244.643 0.0867631 0.0867631 2 1 0
244.743 0.0867679 0.0867679 2 1 0
244.843 0.0867726 0.0867726 2 1 0
244.943 0.0867774 0.0867774 2 1 0
245.043 0.0867821 0.0867821 2 1 0
245.143 0.0867868 0.0867868 2 1 0
245.243 0.0867916 0.0867916 2 1 0
245.343 0.0867963 0.0867963 2 1 0
245.443 0.086801 0.086801 2 1 0
245.543 0.0868057 0.0868057 2 1 0
245.643 0.0868104 0.0868104 2 1 0
245.743 0.0868151 0.0868151 2 1 0
245.843 0.0868198 0.0868198 2 1 0
245.943 0.0868244 0.0868244 2 1 0
246.043 0.0868291 0.0868291 2 1 0
246.143 0.0868338 0.0868338 2 1 0
246.243 0.0868385 0.0868385 2 1 0
246.343 0.0868431 0.0868431 2 1 0
246.443 0.0868478 0.0868478 2 1 0
246.543 0.0868524 0.0868524 2 1 0
246.643 0.0868571 0.0868571 2 1 0
246.743 0.0868617 0.0868617 2 1 0
246.843 0.0868663 0.0868663 2 1 0
246.943 0.0868709 0.0868709 2 1 0
247.043 0.0868756 0.0868756 2 1 0
247.143 0.0868802 0.0868802 2 1 0
247.243 0.0868848 0.0868848 2 1 0
247.343 0.0868894 0.0868894 2 1 0
247.443 0.086894 0.086894 2 1 0
247.543 0.0868986 0.0868986 2 1 0
247.643 0.0869032 0.0869032 2 1 0
247.743 0.0869078 0.0869078 2 1 0
247.843 0.0869123 0.0869123 2 1 0
247.943 0.0869169 0.0869169 2 1 0
248.043 0.0869215 0.0869215 2 1 0
248.143 0.086926 0.086926 2 1 0
248.243 0.0869306 0.0869306 2 1 0
248.343 0.0869351 0.0869351 2 1 0
248.443 0.0869397 0.0869397 2 1 0
248.543 0.0869442 0.0869442 2 1 0
248.643 0.0869487 0.0869487 2 1 0
248.743 0.0869533 0.0869533 2 1 0
248.843 0.0869578 0.0869578 2 1 0
248.943 0.0869623 0.0869623 2 1 0
249.043 0.0869668 0.0869668 2 1 0
249.043 0.0869668 0.0869668 2 1 0
249.083 0.0869686 0.0869686 2 1 0
249.123 0.0869704 0.0869704 2 1 0
249.203 0.086974 0.086974 2 1 0
249.303 0.0869785 0.0869785 2 1 0
249.403 0.086983 0.086983 2 1 0
249.503 0.0869875 0.0869875 2 1 0
249.603 0.086992 0.086992 2 1 0
249.703 0.0869965 0.0869965 2 1 0
249.803 0.0870009 0.0870009 2 1 0
249.903 0.0870054 0.0870054 2 1 0
250.003 0.0870099 0.0870099 2 1 0
250.103 0.0870143 0.0870143 2 1 0
250.203 0.0870188 0.0870188 2 1 0
250.303 0.0870232 0.0870232 2 1 0
250.403 0.0870277 0.0870277 2 1 0
250.503 0.0870321 0.0870321 2 1 0
250.603 0.0870365 0.0870365 2 1 0
250.703 0.087041 0.087041 2 1 0
250.803 0.0870454 0.0870454 2 1 0
250.903 0.0870498 0.0870498 2 1 0
251.003 0.0870542 0.0870542 2 1 0
251.103 0.0870586 0.0870586 2 1 0
251.203 0.087063 0.087063 2 1 0
251.303 0.0870674 0.0870674 2 1 0
251.403 0.0870718 0.0870718 2 1 0
251.503 0.0870762 0.0870762 2 1 0
251.603 0.0870806 0.0870806 2 1 0
251.703 0.0870849 0.0870849 2 1 0
251.803 0.0870893 0.0870893 2 1 0
251.903 0.0870937 0.0870937 2 1 0
252.003 0.087098 0.087098 2 1 0
252.103 0.0871024 0.0871024 2 1 0
252.203 0.0871067 0.0871067 2 1 0
252.303 0.0871111 0.0871111 2 1 0
252.403 0.0871154 0.0871154 2 1 0
252.503 0.0871198 0.0871198 2 1 0
252.603 0.0871241 0.0871241 2 1 0
252.703 0.0871284 0.0871284 2 1 0
252.803 0.0871327 0.0871327 2 1 0
252.903 0.0871371 0.0871371 2 1 0
253.003 0.0871414 0.0871414 2 1 0
253.103 0.0871457 0.0871457 2 1 0
253.203 0.08715 0.08715 2 1 0
253.303 0.0871543 0.0871543 2 1 0
253.403 0.0871586 0.0871586 2 1 0
253.503 0.0871628 0.0871628 2 1 0
253.603 0.0871671 0.0871671 2 1 0
253.703 0.0871714 0.0871714 2 1 0
253.803 0.0871757 0.0871757 2 1 0
253.903 0.0871799 0.0871799 2 1 0
254.003 0.0871842 0.0871842 2 1 0
254.103 0.0871885 0.0871885 2 1 0
254.203 0.0871927 0.0871927 2 1 0
254.303 0.0871969 0.0871969 2 1 0
254.403 0.0872012 0.0872012 2 1 0
254.503 0.0872054 0.0872054 2 1 0
254.603 0.0872097 0.0872097 2 1 0
254.703 0.0872139 0.0872139 2 1 0
254.803 0.0872181 0.0872181 2 1 0
254.903 0.0872223 0.0872223 2 1 0
255.003 0.0872265 0.0872265 2 1 0
255.103 0.0872308 0.0872308 2 1 0
255.203 0.087235 0.087235 2 1 0
255.303 0.0872392 0.0872392 2 1 0
255.403 0.0872433 0.0872433 2 1 0
255.503 0.0872475 0.0872475 2 1 0
255.603 0.0872517 0.0872517 2 1 0
255.703 0.0872559 0.0872559 2 1 0
255.803 0.0872601 0.0872601 2 1 0
255.903 0.0872643 0.0872643 2 1 0
256.003 0.0872684 0.0872684 2 1 0
256.103 0.0872726 0.0872726 2 1 0
256.203 0.0872767 0.0872767 2 1 0
256.303 0.0872809 0.0872809 2 1 0
256.403 0.087285 0.087285 2 1 0
256.503 0.0872892 0.0872892 2 1 0
256.603 0.0872933 0.0872933 2 1 0
256.703 0.0872975 0.0872975 2 1 0
256.803 0.0873016 0.0873016 2 1 0
256.903 0.0873057 0.0873057 2 1 0
257.003 0.0873098 0.0873098 2 1 0
257.103 0.0873139 0.0873139 2 1 0
257.203 0.0873181 0.0873181 2 1 0
257.303 0.0873222 0.0873222 2 1 0
257.403 0.0873263 0.0873263 2 1 0
257.503 0.0873304 0.0873304 2 1 0
257.603 0.0873345 0.0873345 2 1 0
257.703 0.0873385 0.0873385 2 1 0
257.803 0.0873426 0.0873426 2 1 0
257.903 0.0873467 0.0873467 2 1 0
258.003 0.0873508 0.0873508 2 1 0
258.103 0.0873548 0.0873548 2 1 0
258.203 0.0873589 0.0873589 2 1 0
258.303 0.087363 0.087363 2 1 0
258.403 0.087367 0.087367 2 1 0
258.503 0.0873711 0.0873711 2 1 0
258.603 0.0873751 0.0873751 2 1 0
258.703 0.0873792 0.0873792 2 1 0
258.803 0.0873832 0.0873832 2 1 0
258.903 0.0873873 0.0873873 2 1 0
259.003 0.0873913 0.0873913 2 1 0
259.103 0.0873953 0.0873953 2 1 0
259.203 0.0873993 0.0873993 2 1 0
259.303 0.0874033 0.0874033 2 1 0
259.403 0.0874074 0.0874074 2 1 0
259.503 0.0874114 0.0874114 2 1 0
259.603 0.0874154 0.0874154 2 1 0
259.703 0.0874194 0.0874194 2 1 0
259.803 0.0874234 0.0874234 2 1 0
259.903 0.0874274 0.0874274 2 1 0
260.003 0.0874313 0.0874313 2 1 0
260.103 0.0874353 0.0874353 2 1 0
260.203 0.0874393 0.0874393 2 1 0
260.303 0.0874433 0.0874433 2 1 0
260.403 0.0874472 0.0874472 2 1 0
260.503 0.0874512 0.0874512 2 1 0
260.603 0.0874552 0.0874552 2 1 0
260.703 0.0874591 0.0874591 2 1 0
260.803 0.0874631 0.0874631 2 1 0
260.903 0.087467 0.087467 2 1 0
261.003 0.087471 0.087471 2 1 0
261.103 0.0874749 0.0874749 2 1 0
261.203 0.0874788 0.0874788 2 1 0
261.303 0.0874828 0.0874828 2 1 0
261.403 0.0874867 0.0874867 2 1 0
261.503 0.0874906 0.0874906 2 1 0
261.603 0.0874945 0.0874945 2 1 0
261.703 0.0874984 0.0874984 2 1 0
261.803 0.0875024 0.0875024 2 1 0
261.903 0.0875063 0.0875063 2 1 0
262.003 0.0875102 0.0875102 2 1 0
262.103 0.0875141 0.0875141 2 1 0
262.203 0.087518 0.087518 2 1 0
262.303 0.0875218 0.0875218 2 1 0
262.403 0.0875257 0.0875257 2 1 0
262.503 0.0875296 0.0875296 2 1 0
262.603 0.0875335 0.0875335 2 1 0
262.703 0.0875373 0.0875373 2 1 0
262.803 0.0875412 0.0875412 2 1 0
262.903 0.0875451 0.0875451 2 1 0
263.003 0.0875489 0.0875489 2 1 0
263.103 0.0875528 0.0875528 2 1 0
263.203 0.0875566 0.0875566 2 1 0
263.303 0.0875605 0.0875605 2 1 0
263.403 0.0875643 0.0875643 2 1 0
263.503 0.0875682 0.0875682 2 1 0
263.603 0.087572 0.087572 2 1 0
263.703 0.0875758 0.0875758 2 1 0
263.803 0.0875797 0.0875797 2 1 0
263.903 0.0875835 0.0875835 2 1 0
264.003 0.0875873 0.0875873 2 1 0
264.103 0.0875911 0.0875911 2 1 0
264.203 0.0875949 0.0875949 2 1 0
264.303 0.0875987 0.0875987 2 1 0
264.403 0.0876025 0.0876025 2 1 0
264.503 0.0876063 0.0876063 2 1 0
264.603 0.0876101 0.0876101 2 1 0
264.703 0.0876139 0.0876139 2 1 0
264.803 0.0876177 0.0876177 2 1 0
264.903 0.0876215 0.0876215 2 1 0
265.003 0.0876253 0.0876253 2 1 0
265.103 0.087629 0.087629 2 1 0
265.203 0.0876328 0.0876328 2 1 0
265.303 0.0876366 0.0876366 2 1 0
265.403 0.0876403 0.0876403 2 1 0
265.503 0.0876441 0.0876441 2 1 0
265.603 0.0876478 0.0876478 2 1 0
265.703 0.0876516 0.0876516 2 1 0
265.803 0.0876553 0.0876553 2 1 0
265.903 0.0876591 0.0876591 2 1 0
266.003 0.0876628 0.0876628 2 1 0
266.103 0.0876666 0.0876666 2 1 0
266.203 0.0876703 0.0876703 2 1 0
266.303 0.087674 0.087674 2 1 0
266.403 0.0876777 0.0876777 2 1 0
266.503 0.0876815 0.0876815 2 1 0
266.603 0.0876852 0.0876852 2 1 0
266.703 0.0876889 0.0876889 2 1 0
266.803 0.0876926 0.0876926 2 1 0
266.903 0.0876963 0.0876963 2 1 0
267.003 0.0877 0.0877 2 1 0
267.103 0.0877037 0.0877037 2 1 0
267.203 0.0877074 0.0877074 2 1 0
267.303 0.0877111 0.0877111 2 1 0
267.403 0.0877147 0.0877147 2 1 0
267.503 0.0877184 0.0877184 2 1 0
267.603 0.0877221 0.0877221 2 1 0
267.703 0.0877258 0.0877258 2 1 0
267.803 0.0877294 0.0877294 2 1 0
267.903 0.0877331 0.0877331 2 1 0
268.003 0.0877368 0.0877368 2 1 0
268.103 0.0877404 0.0877404 2 1 0
268.203 0.0877441 0.0877441 2 1 0
268.303 0.0877477 0.0877477 2 1 0
268.403 0.0877514 0.0877514 2 1 0
268.503 0.087755 0.087755 2 1 0
268.603 0.0877586 0.0877586 2 1 0
268.703 0.0877623 0.0877623 2 1 0
268.803 0.0877659 0.0877659 2 1 0
268.803 0.0877659 0.0877659 2 1 0
268.843 0.0877674 0.0877674 2 1 0
268.883 0.0877688 0.0877688 2 1 0
268.963 0.0877717 0.0877717 2 1 0
269.123 0.0877775 0.0877775 2 1 0
269.443 0.0877891 0.0877891 2 1 0
269.943 0.087807 0.087807 2 1 0
270.443 0.0878249 0.0878249 2 1 0
270.943 0.0878427 0.0878427 2 1 0
271.443 0.0878604 0.0878604 2 1 0
271.943 0.087878 0.087878 2 1 0
272.443 0.0878956 0.0878956 2 1 0
272.943 0.087913 0.087913 2 1 0
273.443 0.0879303 0.0879303 2 1 0
273.943 0.0879476 0.0879476 2 1 0
274.443 0.0879648 0.0879648 2 1 0
274.943 0.0879819 0.0879819 2 1 0
275.443 0.0879989 0.0879989 2 1 0
275.943 0.0880158 0.0880158 2 1 0
276.443 0.0880326 0.0880326 2 1 0
276.943 0.0880494 0.0880494 2 1 0
277.443 0.088066 0.088066 2 1 0
277.943 0.0880826 0.0880826 2 1 0
278.443 0.0880991 0.0880991 2 1 0
278.943 0.0881155 0.0881155 2 1 0
279.443 0.0881319 0.0881319 2 1 0
279.943 0.0881482 0.0881482 2 1 0
280.443 0.0881643 0.0881643 2 1 0
280.943 0.0881805 0.0881805 2 1 0
281.443 0.0881965 0.0881965 2 1 0
281.943 0.0882124 0.0882124 2 1 0
282.443 0.0882283 0.0882283 2 1 0
282.943 0.0882441 0.0882441 2 1 0
283.443 0.0882598 0.0882598 2 1 0
283.943 0.0882755 0.0882755 2 1 0
284.443 0.0882911 0.0882911 2 1 0
284.943 0.0883066 0.0883066 2 1 0
285.443 0.088322 0.088322 2 1 0
285.943 0.0883374 0.0883374 2 1 0
286.443 0.0883526 0.0883526 2 1 0
286.943 0.0883678 0.0883678 2 1 0
287.443 0.088383 0.088383 2 1 0
287.943 0.0883981 0.0883981 2 1 0
288.443 0.0884131 0.0884131 2 1 0
288.943 0.088428 0.088428 2 1 0
289.443 0.0884429 0.0884429 2 1 0
289.943 0.0884577 0.0884577 2 1 0
290.443 0.0884724 0.0884724 2 1 0
290.943 0.088487 0.088487 2 1 0
291.443 0.0885016 0.0885016 2 1 0
291.943 0.0885162 0.0885162 2 1 0
292.443 0.0885306 0.0885306 2 1 0
292.943 0.088545 0.088545 2 1 0
293.443 0.0885593 0.0885593 2 1 0
293.943 0.0885736 0.0885736 2 1 0
294.443 0.0885878 0.0885878 2 1 0
294.943 0.0886019 0.0886019 2 1 0
295.443 0.088616 0.088616 2 1 0
295.943 0.08863 0.08863 2 1 0
296.443 0.0886439 0.0886439 2 1 0
296.943 0.0886578 0.0886578 2 1 0
297.443 0.0886717 0.0886717 2 1 0
297.943 0.0886854 0.0886854 2 1 0
298.443 0.0886991 0.0886991 2 1 0
298.943 0.0887128 0.0887128 2 1 0
299.443 0.0887263 0.0887263 2 1 0
299.943 0.0887398 0.0887398 2 1 0
300.443 0.0887533 0.0887533 2 1 0
300.943 0.0887667 0.0887667 2 1 0
301.443 0.0887801 0.0887801 2 1 0
301.943 0.0887933 0.0887933 2 1 0
302.443 0.0888066 0.0888066 2 1 0
302.943 0.0888197 0.0888197 2 1 0
303.443 0.0888328 0.0888328 2 1 0
303.943 0.0888459 0.0888459 2 1 0
304.443 0.0888589 0.0888589 2 1 0
304.943 0.0888718 0.0888718 2 1 0
305.443 0.0888847 0.0888847 2 1 0
305.943 0.0888976 0.0888976 2 1 0
306.443 0.0889103 0.0889103 2 1 0
306.943 0.0889231 0.0889231 2 1 0
307.443 0.0889357 0.0889357 2 1 0
307.943 0.0889484 0.0889484 2 1 0
308.443 0.0889609 0.0889609 2 1 0
308.943 0.0889734 0.0889734 2 1 0
309.443 0.0889859 0.0889859 2 1 0
309.943 0.0889983 0.0889983 2 1 0
310.443 0.0890106 0.0890106 2 1 0
310.943 0.089023 0.089023 2 1 0
311.443 0.0890352 0.0890352 2 1 0
311.943 0.0890474 0.0890474 2 1 0
312.443 0.0890596 0.0890596 2 1 0
312.943 0.0890717 0.0890717 2 1 0
313.443 0.0890837 0.0890837 2 1 0
313.943 0.0890957 0.0890957 2 1 0
314.443 0.0891077 0.0891077 2 1 0
314.943 0.0891196 0.0891196 2 1 0
315.443 0.0891314 0.0891314 2 1 0
315.943 0.0891432 0.0891432 2 1 0
316.443 0.089155 0.089155 2 1 0
316.943 0.0891667 0.0891667 2 1 0
317.443 0.0891783 0.0891783 2 1 0
317.943 0.0891899 0.0891899 2 1 0
318.443 0.0892015 0.0892015 2 1 0
318.943 0.089213 0.089213 2 1 0
319.443 0.0892245 0.0892245 2 1 0
319.943 0.0892359 0.0892359 2 1 0
320.443 0.0892473 0.0892473 2 1 0
320.943 0.0892587 0.0892587 2 1 0
321.443 0.0892699 0.0892699 2 1 0
321.943 0.0892812 0.0892812 2 1 0
322.443 0.0892924 0.0892924 2 1 0
322.943 0.0893035 0.0893035 2 1 0
323.443 0.0893147 0.0893147 2 1 0
323.943 0.0893257 0.0893257 2 1 0
324.443 0.0893368 0.0893368 2 1 0
324.943 0.0893477 0.0893477 2 1 0
325.443 0.0893587 0.0893587 2 1 0
325.943 0.0893696 0.0893696 2 1 0
326.443 0.0893804 0.0893804 2 1 0
326.943 0.0893912 0.0893912 2 1 0
327.443 0.089402 0.089402 2 1 0
327.943 0.0894127 0.0894127 2 1 0
328.443 0.0894234 0.0894234 2 1 0
328.943 0.0894341 0.0894341 2 1 0
329.443 0.0894447 0.0894447 2 1 0
329.943 0.0894552 0.0894552 2 1 0
330.443 0.0894658 0.0894658 2 1 0
330.943 0.0894762 0.0894762 2 1 0
331.443 0.0894867 0.0894867 2 1 0
331.943 0.0894971 0.0894971 2 1 0
332.443 0.0895074 0.0895074 2 1 0
332.943 0.0895178 0.0895178 2 1 0
333.443 0.089528 0.089528 2 1 0
333.943 0.0895383 0.0895383 2 1 0
334.443 0.0895485 0.0895485 2 1 0
334.943 0.0895587 0.0895587 2 1 0
335.443 0.0895688 0.0895688 2 1 0
335.943 0.0895789 0.0895789 2 1 0
336.443 0.0895889 0.0895889 2 1 0
336.943 0.089599 0.089599 2 1 0
337.443 0.0896089 0.0896089 2 1 0
337.943 0.0896189 0.0896189 2 1 0
338.443 0.0896288 0.0896288 2 1 0
338.943 0.0896386 0.0896386 2 1 0
339.443 0.0896485 0.0896485 2 1 0
339.943 0.0896583 0.0896583 2 1 0
340.443 0.089668 0.089668 2 1 0
340.943 0.0896777 0.0896777 2 1 0
341.443 0.0896874 0.0896874 2 1 0
341.943 0.0896971 0.0896971 2 1 0
342.443 0.0897067 0.0897067 2 1 0
342.943 0.0897163 0.0897163 2 1 0
343.443 0.0897258 0.0897258 2 1 0
343.943 0.0897353 0.0897353 2 1 0
344.443 0.0897448 0.0897448 2 1 0
344.943 0.0897543 0.0897543 2 1 0
345.443 0.0897637 0.0897637 2 1 0
345.943 0.089773 0.089773 2 1 0
346.443 0.0897824 0.0897824 2 1 0
346.943 0.0897917 0.0897917 2 1 0
347.443 0.089801 0.089801 2 1 0
347.943 0.0898102 0.0898102 2 1 0
348.443 0.0898194 0.0898194 2 1 0
348.943 0.0898286 0.0898286 2 1 0
349.443 0.0898377 0.0898377 2 1 0
349.943 0.0898468 0.0898468 2 1 0
350.443 0.0898559 0.0898559 2 1 0
350.943 0.0898649 0.0898649 2 1 0
351.443 0.0898739 0.0898739 2 1 0
351.943 0.0898829 0.0898829 2 1 0
352.443 0.0898919 0.0898919 2 1 0
352.943 0.0899008 0.0899008 2 1 0
353.443 0.0899097 0.0899097 2 1 0
353.943 0.0899185 0.0899185 2 1 0
354.443 0.0899274 0.0899274 2 1 0
354.943 0.0899361 0.0899361 2 1 0
355.443 0.0899449 0.0899449 2 1 0
355.943 0.0899536 0.0899536 2 1 0
356.443 0.0899623 0.0899623 2 1 0
356.943 0.089971 0.089971 2 1 0
357.443 0.0899796 0.0899796 2 1 0
357.943 0.0899883 0.0899883 2 1 0
358.443 0.0899968 0.0899968 2 1 0
358.943 0.0900054 0.0900054 2 1 0
359.443 0.0900139 0.0900139 2 1 0
359.943 0.0900224 0.0900224 2 1 0
360.443 0.0900309 0.0900309 2 1 0
360.943 0.0900393 0.0900393 2 1 0
361.443 0.0900477 0.0900477 2 1 0
361.943 0.0900561 0.0900561 2 1 0
362.443 0.0900644 0.0900644 2 1 0
362.943 0.0900727 0.0900727 2 1 0
363.443 0.090081 0.090081 2 1 0
363.943 0.0900893 0.0900893 2 1 0
364.443 0.0900975 0.0900975 2 1 0
364.943 0.0901057 0.0901057 2 1 0
365.443 0.0901139 0.0901139 2 1 0
365.943 0.0901221 0.0901221 2 1 0
366.443 0.0901302 0.0901302 2 1 0
366.443 0.0901302 0.0901302 2 1 0
366.483 0.0901309 0.0901309 2 1 0
366.523 0.0901315 0.0901315 2 1 0
366.603 0.0901328 0.0901328 2 1 0
366.763 0.0901354 0.0901354 2 1 0
367.083 0.0901406 0.0901406 2 1 0
367.583 0.0901486 0.0901486 2 1 0
368.083 0.0901567 0.0901567 2 1 0
368.583 0.0901647 0.0901647 2 1 0
369.083 0.0901727 0.0901727 2 1 0
369.583 0.0901806 0.0901806 2 1 0
370.083 0.0901885 0.0901885 2 1 0
370.583 0.0901964 0.0901964 2 1 0
371.083 0.0902043 0.0902043 2 1 0
371.583 0.0902122 0.0902122 2 1 0
372.083 0.09022 0.09022 2 1 0
372.583 0.0902278 0.0902278 2 1 0
373.083 0.0902356 0.0902356 2 1 0
373.583 0.0902433 0.0902433 2 1 0
374.083 0.0902511 0.0902511 2 1 0
374.583 0.0902587 0.0902587 2 1 0
375.083 0.0902664 0.0902664 2 1 0
375.583 0.0902741 0.0902741 2 1 0
376.083 0.0902817 0.0902817 2 1 0
376.583 0.0902893 0.0902893 2 1 0
377.083 0.0902969 0.0902969 2 1 0
377.583 0.0903044 0.0903044 2 1 0
378.083 0.0903119 0.0903119 2 1 0
378.583 0.0903194 0.0903194 2 1 0
379.083 0.0903269 0.0903269 2 1 0
379.583 0.0903344 0.0903344 2 1 0
380.083 0.0903418 0.0903418 2 1 0
380.583 0.0903492 0.0903492 2 1 0
381.083 0.0903566 0.0903566 2 1 0
381.583 0.090364 0.090364 2 1 0
382.083 0.0903713 0.0903713 2 1 0
382.583 0.0903786 0.0903786 2 1 0
383.083 0.0903859 0.0903859 2 1 0
383.583 0.0903932 0.0903932 2 1 0
384.083 0.0904004 0.0904004 2 1 0
384.583 0.0904076 0.0904076 2 1 0
385.083 0.0904148 0.0904148 2 1 0
385.583 0.090422 0.090422 2 1 0
386.083 0.0904291 0.0904291 2 1 0
386.583 0.0904363 0.0904363 2 1 0
387.083 0.0904434 0.0904434 2 1 0
387.583 0.0904505 0.0904505 2 1 0
388.083 0.0904575 0.0904575 2 1 0
388.583 0.0904646 0.0904646 2 1 0
389.083 0.0904716 0.0904716 2 1 0
389.583 0.0904786 0.0904786 2 1 0
390.083 0.0904856 0.0904856 2 1 0
390.583 0.0904925 0.0904925 2 1 0
391.083 0.0904994 0.0904994 2 1 0
391.583 0.0905064 0.0905064 2 1 0
392.083 0.0905132 0.0905132 2 1 0
392.583 0.0905201 0.0905201 2 1 0
393.083 0.090527 0.090527 2 1 0
393.583 0.0905338 0.0905338 2 1 0
394.083 0.0905406 0.0905406 2 1 0
394.583 0.0905474 0.0905474 2 1 0
395.083 0.0905541 0.0905541 2 1 0
395.583 0.0905609 0.0905609 2 1 0
396.083 0.0905676 0.0905676 2 1 0
396.583 0.0905743 0.0905743 2 1 0
397.083 0.090581 0.090581 2 1 0
397.583 0.0905877 0.0905877 2 1 0
398.083 0.0905943 0.0905943 2 1 0
398.583 0.0906009 0.0906009 2 1 0
399.083 0.0906075 0.0906075 2 1 0
399.583 0.0906141 0.0906141 2 1 0
400.083 0.0906207 0.0906207 2 1 0
400.583 0.0906272 0.0906272 2 1 0
401.083 0.0906337 0.0906337 2 1 0
401.583 0.0906402 0.0906402 2 1 0
402.083 0.0906467 0.0906467 2 1 0
402.583 0.0906532 0.0906532 2 1 0
403.083 0.0906596 0.0906596 2 1 0
403.583 0.0906661 0.0906661 2 1 0
404.083 0.0906725 0.0906725 2 1 0
404.583 0.0906789 0.0906789 2 1 0
405.083 0.0906852 0.0906852 2 1 0
405.583 0.0906916 0.0906916 2 1 0
406.083 0.0906979 0.0906979 2 1 0
406.583 0.0907042 0.0907042 2 1 0
407.083 0.0907105 0.0907105 2 1 0
407.583 0.0907168 0.0907168 2 1 0
408.083 0.090723 0.090723 2 1 0
408.583 0.0907293 0.0907293 2 1 0
409.083 0.0907355 0.0907355 2 1 0
409.583 0.0907417 0.0907417 2 1 0
410.083 0.0907479 0.0907479 2 1 0
410.583 0.0907541 0.0907541 2 1 0
411.083 0.0907602 0.0907602 2 1 0
411.583 0.0907663 0.0907663 2 1 0
412.083 0.0907725 0.0907725 2 1 0
412.583 0.0907786 0.0907786 2 1 0
413.083 0.0907846 0.0907846 2 1 0
413.583 0.0907907 0.0907907 2 1 0
414.083 0.0907967 0.0907967 2 1 0
414.583 0.0908028 0.0908028 2 1 0
415.083 0.0908088 0.0908088 2 1 0
415.583 0.0908148 0.0908148 2 1 0
416.083 0.0908207 0.0908207 2 1 0
416.583 0.0908267 0.0908267 2 1 0
417.083 0.0908326 0.0908326 2 1 0
417.583 0.0908386 0.0908386 2 1 0
418.083 0.0908445 0.0908445 2 1 0
418.583 0.0908504 0.0908504 2 1 0
419.083 0.0908562 0.0908562 2 1 0
419.583 0.0908621 0.0908621 2 1 0
420.083 0.0908679 0.0908679 2 1 0
420.583 0.0908737 0.0908737 2 1 0
421.083 0.0908795 0.0908795 2 1 0
421.583 0.0908853 0.0908853 2 1 0
422.083 0.0908911 0.0908911 2 1 0
422.583 0.0908969 0.0908969 2 1 0
423.083 0.0909026 0.0909026 2 1 0
423.583 0.0909083 0.0909083 2 1 0
424.083 0.090914 0.090914 2 1 0
424.583 0.0909197 0.0909197 2 1 0
425.083 0.0909254 0.0909254 2 1 0
425.583 0.0909311 0.0909311 2 1 0
426.083 0.0909367 0.0909367 2 1 0
426.583 0.0909424 0.0909424 2 1 0
427.083 0.090948 0.090948 2 1 0
427.583 0.0909536 0.0909536 2 1 0
428.083 0.0909592 0.0909592 2 1 0
428.583 0.0909647 0.0909647 2 1 0
429.083 0.0909703 0.0909703 2 1 0
429.583 0.0909758 0.0909758 2 1 0
430.083 0.0909813 0.0909813 2 1 0
430.583 0.0909868 0.0909868 2 1 0
431.083 0.0909923 0.0909923 2 1 0
431.583 0.0909978 0.0909978 2 1 0
432.083 0.0910033 0.0910033 2 1 0
432.583 0.0910087 0.0910087 2 1 0
433.083 0.0910142 0.0910142 2 1 0
433.583 0.0910196 0.0910196 2 1 0
434.083 0.091025 0.091025 2 1 0
434.583 0.0910304 0.0910304 2 1 0
435.083 0.0910357 0.0910357 2 1 0
435.583 0.0910411 0.0910411 2 1 0
436.083 0.0910464 0.0910464 2 1 0
436.583 0.0910518 0.0910518 2 1 0
437.083 0.0910571 0.0910571 2 1 0
437.583 0.0910624 0.0910624 2 1 0
438.083 0.0910677 0.0910677 2 1 0
438.583 0.091073 0.091073 2 1 0
439.083 0.0910782 0.0910782 2 1 0
439.583 0.0910835 0.0910835 2 1 0
440.083 0.0910887 0.0910887 2 1 0
440.583 0.0910939 0.0910939 2 1 0
441.083 0.0910991 0.0910991 2 1 0
441.583 0.0911043 0.0911043 2 1 0
442.083 0.0911095 0.0911095 2 1 0
442.583 0.0911146 0.0911146 2 1 0
443.083 0.0911198 0.0911198 2 1 0
443.583 0.0911249 0.0911249 2 1 0
444.083 0.09113 0.09113 2 1 0
444.583 0.0911351 0.0911351 2 1 0
445.083 0.0911402 0.0911402 2 1 0
445.583 0.0911453 0.0911453 2 1 0
446.083 0.0911504 0.0911504 2 1 0
446.583 0.0911554 0.0911554 2 1 0
447.083 0.0911605 0.0911605 2 1 0
447.583 0.0911655 0.0911655 2 1 0
448.083 0.0911705 0.0911705 2 1 0
448.583 0.0911755 0.0911755 2 1 0
449.083 0.0911805 0.0911805 2 1 0
449.583 0.0911855 0.0911855 2 1 0
450.083 0.0911904 0.0911904 2 1 0
450.583 0.0911954 0.0911954 2 1 0
451.083 0.0912003 0.0912003 2 1 0
451.583 0.0912053 0.0912053 2 1 0
452.083 0.0912102 0.0912102 2 1 0
452.583 0.0912151 0.0912151 2 1 0
453.083 0.0912199 0.0912199 2 1 0
453.583 0.0912248 0.0912248 2 1 0
454.083 0.0912297 0.0912297 2 1 0
454.583 0.0912345 0.0912345 2 1 0
455.083 0.0912394 0.0912394 2 1 0
455.583 0.0912442 0.0912442 2 1 0
456.083 0.091249 0.091249 2 1 0
456.583 0.0912538 0.0912538 2 1 0
457.083 0.0912586 0.0912586 2 1 0
457.583 0.0912634 0.0912634 2 1 0
458.083 0.0912681 0.0912681 2 1 0
458.583 0.0912729 0.0912729 2 1 0
459.083 0.0912776 0.0912776 2 1 0
459.583 0.0912823 0.0912823 2 1 0
460.083 0.091287 0.091287 2 1 0
460.583 0.0912917 0.0912917 2 1 0
461.083 0.0912964 0.0912964 2 1 0
461.583 0.0913011 0.0913011 2 1 0
462.083 0.0913058 0.0913058 2 1 0
462.583 0.0913104 0.0913104 2 1 0
463.083 0.0913151 0.0913151 2 1 0
463.583 0.0913197 0.0913197 2 1 0
464.083 0.0913243 0.0913243 2 1 0
464.083 0.0913243 0.0913243 2 1 0
464.123 0.0913247 0.0913247 2 1 0
464.163 0.0913251 0.0913251 2 1 0
464.243 0.0913258 0.0913258 2 1 0
464.403 0.0913273 0.0913273 2 1 0
464.723 0.0913302 0.0913302 2 1 0
465.223 0.0913348 0.0913348 2 1 0
465.723 0.0913394 0.0913394 2 1 0
466.223 0.091344 0.091344 2 1 0
466.723 0.0913485 0.0913485 2 1 0
467.223 0.0913531 0.0913531 2 1 0
467.723 0.0913576 0.0913576 2 1 0
468.223 0.0913621 0.0913621 2 1 0
468.723 0.0913666 0.0913666 2 1 0
469.223 0.0913711 0.0913711 2 1 0
469.723 0.0913756 0.0913756 2 1 0
470.223 0.0913801 0.0913801 2 1 0
470.723 0.0913846 0.0913846 2 1 0
471.223 0.091389 0.091389 2 1 0
471.723 0.0913935 0.0913935 2 1 0
472.223 0.0913979 0.0913979 2 1 0
472.723 0.0914023 0.0914023 2 1 0
473.223 0.0914068 0.0914068 2 1 0
473.723 0.0914112 0.0914112 2 1 0
474.223 0.0914156 0.0914156 2 1 0
474.723 0.0914199 0.0914199 2 1 0
475.223 0.0914243 0.0914243 2 1 0
475.723 0.0914287 0.0914287 2 1 0
476.223 0.091433 0.091433 2 1 0
476.723 0.0914374 0.0914374 2 1 0
477.223 0.0914417 0.0914417 2 1 0
477.723 0.091446 0.091446 2 1 0
478.223 0.0914503 0.0914503 2 1 0
478.723 0.0914546 0.0914546 2 1 0
479.223 0.0914589 0.0914589 2 1 0
479.723 0.0914632 0.0914632 2 1 0
480.223 0.0914674 0.0914674 2 1 0
480.723 0.0914717 0.0914717 2 1 0
481.223 0.0914759 0.0914759 2 1 0
481.723 0.0914802 0.0914802 2 1 0
482.223 0.0914844 0.0914844 2 1 0
482.723 0.0914886 0.0914886 2 1 0
483.223 0.0914928 0.0914928 2 1 0
483.723 0.091497 0.091497 2 1 0
484.223 0.0915012 0.0915012 2 1 0
484.723 0.0915054 0.0915054 2 1 0
485.223 0.0915095 0.0915095 2 1 0
485.723 0.0915137 0.0915137 2 1 0
486.223 0.0915178 0.0915178 2 1 0
486.723 0.091522 0.091522 2 1 0
487.223 0.0915261 0.0915261 2 1 0
487.723 0.0915302 0.0915302 2 1 0
488.223 0.0915343 0.0915343 2 1 0
488.723 0.0915384 0.0915384 2 1 0
489.223 0.0915425 0.0915425 2 1 0
489.723 0.0915466 0.0915466 2 1 0
490.223 0.0915507 0.0915507 2 1 0
490.723 0.0915547 0.0915547 2 1 0
491.223 0.0915588 0.0915588 2 1 0
491.723 0.0915628 0.0915628 2 1 0
492.223 0.0915668 0.0915668 2 1 0
492.723 0.0915708 0.0915708 2 1 0
493.223 0.0915749 0.0915749 2 1 0
493.723 0.0915789 0.0915789 2 1 0
494.223 0.0915829 0.0915829 2 1 0
494.723 0.0915868 0.0915868 2 1 0
495.223 0.0915908 0.0915908 2 1 0
495.723 0.0915948 0.0915948 2 1 0
496.223 0.0915987 0.0915987 2 1 0
496.723 0.0916027 0.0916027 2 1 0
497.223 0.0916066 0.0916066 2 1 0
497.723 0.0916105 0.0916105 2 1 0
498.223 0.0916145 0.0916145 2 1 0
498.723 0.0916184 0.0916184 2 1 0
499.223 0.0916223 0.0916223 2 1 0
499.723 0.0916262 0.0916262 2 1 0
500.223 0.09163 0.09163 2 1 0
500.723 0.0916339 0.0916339 2 1 0
501.223 0.0916378 0.0916378 2 1 0
501.723 0.0916416 0.0916416 2 1 0
502.223 0.0916455 0.0916455 2 1 0
502.723 0.0916493 0.0916493 2 1 0
503.223 0.0916532 0.0916532 2 1 0
503.723 0.091657 0.091657 2 1 0
504.223 0.0916608 0.0916608 2 1 0
504.723 0.0916646 0.0916646 2 1 0
505.223 0.0916684 0.0916684 2 1 0
505.723 0.0916722 0.0916722 2 1 0
506.223 0.091676 0.091676 2 1 0
506.723 0.0916797 0.0916797 2 1 0
507.223 0.0916835 0.0916835 2 1 0
507.723 0.0916872 0.0916872 2 1 0
508.223 0.091691 0.091691 2 1 0
508.723 0.0916947 0.0916947 2 1 0
509.223 0.0916984 0.0916984 2 1 0
509.723 0.0917022 0.0917022 2 1 0
510.223 0.0917059 0.0917059 2 1 0
510.723 0.0917096 0.0917096 2 1 0
511.223 0.0917133 0.0917133 2 1 0
511.723 0.091717 0.091717 2 1 0
512.223 0.0917206 0.0917206 2 1 0
512.723 0.0917243 0.0917243 2 1 0
513.223 0.091728 0.091728 2 1 0
513.723 0.0917316 0.0917316 2 1 0
514.223 0.0917353 0.0917353 2 1 0
514.723 0.0917389 0.0917389 2 1 0
515.223 0.0917425 0.0917425 2 1 0
515.723 0.0917461 0.0917461 2 1 0
516.223 0.0917498 0.0917498 2 1 0
516.723 0.0917534 0.0917534 2 1 0
517.223 0.091757 0.091757 2 1 0
517.723 0.0917605 0.0917605 2 1 0
518.223 0.0917641 0.0917641 2 1 0
518.723 0.0917677 0.0917677 2 1 0
519.223 0.0917713 0.0917713 2 1 0
519.723 0.0917748 0.0917748 2 1 0
520.223 0.0917784 0.0917784 2 1 0
520.723 0.0917819 0.0917819 2 1 0
521.223 0.0917854 0.0917854 2 1 0
521.723 0.091789 0.091789 2 1 0
522.223 0.0917925 0.0917925 2 1 0
522.723 0.091796 0.091796 2 1 0
523.223 0.0917995 0.0917995 2 1 0
523.723 0.091803 0.091803 2 1 0
524.223 0.0918065 0.0918065 2 1 0
524.723 0.09181 0.09181 2 1 0
525.223 0.0918134 0.0918134 2 1 0
525.723 0.0918169 0.0918169 2 1 0
526.223 0.0918204 0.0918204 2 1 0
526.723 0.0918238 0.0918238 2 1 0
527.223 0.0918273 0.0918273 2 1 0
527.723 0.0918307 0.0918307 2 1 0
528.223 0.0918341 0.0918341 2 1 0
528.723 0.0918375 0.0918375 2 1 0
529.223 0.0918409 0.0918409 2 1 0
529.723 0.0918444 0.0918444 2 1 0
530.223 0.0918478 0.0918478 2 1 0
530.723 0.0918511 0.0918511 2 1 0
531.223 0.0918545 0.0918545 2 1 0
531.723 0.0918579 0.0918579 2 1 0
532.223 0.0918613 0.0918613 2 1 0
532.723 0.0918646 0.0918646 2 1 0
533.223 0.091868 0.091868 2 1 0
533.723 0.0918713 0.0918713 2 1 0
534.223 0.0918747 0.0918747 2 1 0
534.723 0.091878 0.091878 2 1 0
535.223 0.0918813 0.0918813 2 1 0
535.723 0.0918847 0.0918847 2 1 0
536.223 0.091888 0.091888 2 1 0
536.723 0.0918913 0.0918913 2 1 0
537.223 0.0918946 0.0918946 2 1 0
537.723 0.0918979 0.0918979 2 1 0
538.223 0.0919011 0.0919011 2 1 0
538.723 0.0919044 0.0919044 2 1 0
539.223 0.0919077 0.0919077 2 1 0
539.723 0.091911 0.091911 2 1 0
540.223 0.0919142 0.0919142 2 1 0
540.723 0.0919175 0.0919175 2 1 0
541.223 0.0919207 0.0919207 2 1 0
541.723 0.0919239 0.0919239 2 1 0
542.223 0.0919272 0.0919272 2 1 0
542.723 0.0919304 0.0919304 2 1 0
543.223 0.0919336 0.0919336 2 1 0
543.723 0.0919368 0.0919368 2 1 0
544.223 0.09194 0.09194 2 1 0
544.723 0.0919432 0.0919432 2 1 0
545.223 0.0919464 0.0919464 2 1 0
545.723 0.0919496 0.0919496 2 1 0
546.223 0.0919528 0.0919528 2 1 0
546.723 0.0919559 0.0919559 2 1 0
547.223 0.0919591 0.0919591 2 1 0
547.723 0.0919623 0.0919623 2 1 0
548.223 0.0919654 0.0919654 2 1 0
548.723 0.0919686 0.0919686 2 1 0
549.223 0.0919717 0.0919717 2 1 0
549.723 0.0919748 0.0919748 2 1 0
550.223 0.0919779 0.0919779 2 1 0
550.723 0.0919811 0.0919811 2 1 0
551.223 0.0919842 0.0919842 2 1 0
551.723 0.0919873 0.0919873 2 1 0
552.223 0.0919904 0.0919904 2 1 0
552.723 0.0919935 0.0919935 2 1 0
553.223 0.0919966 0.0919966 2 1 0
553.723 0.0919996 0.0919996 2 1 0
554.223 0.0920027 0.0920027 2 1 0
554.723 0.0920058 0.0920058 2 1 0
555.223 0.0920088 0.0920088 2 1 0
555.723 0.0920119 0.0920119 2 1 0
556.223 0.0920149 0.0920149 2 1 0
556.723 0.092018 0.092018 2 1 0
557.223 0.092021 0.092021 2 1 0
557.723 0.092024 0.092024 2 1 0
558.223 0.0920271 0.0920271 2 1 0
558.723 0.0920301 0.0920301 2 1 0
559.223 0.0920331 0.0920331 2 1 0
559.723 0.0920361 0.0920361 2 1 0
560.223 0.0920391 0.0920391 2 1 0
560.723 0.0920421 0.0920421 2 1 0
561.223 0.0920451 0.0920451 2 1 0
561.723 0.0920481 0.0920481 2 1 0
561.723 0.0920481 0.0920481 2 1 0
561.763 0.0920483 0.0920483 2 1 0
561.803 0.0920485 0.0920485 2 1 0
561.883 0.092049 0.092049 2 1 0
562.043 0.09205 0.09205 2 1 0
562.363 0.0920519 0.0920519 2 1 0
562.863 0.0920548 0.0920548 2 1 0
563.363 0.0920578 0.0920578 2 1 0
563.863 0.0920608 0.0920608 2 1 0
564.363 0.0920637 0.0920637 2 1 0
564.863 0.0920667 0.0920667 2 1 0
565.363 0.0920696 0.0920696 2 1 0
565.863 0.0920725 0.0920725 2 1 0
566.363 0.0920755 0.0920755 2 1 0
566.863 0.0920784 0.0920784 2 1 0
567.363 0.0920813 0.0920813 2 1 0
567.863 0.0920842 0.0920842 2 1 0
568.363 0.0920871 0.0920871 2 1 0
568.863 0.09209 0.09209 2 1 0
569.363 0.0920929 0.0920929 2 1 0
569.863 0.0920958 0.0920958 2 1 0
570.363 0.0920987 0.0920987 2 1 0
570.863 0.0921015 0.0921015 2 1 0
571.363 0.0921044 0.0921044 2 1 0
571.863 0.0921073 0.0921073 2 1 0
572.363 0.0921101 0.0921101 2 1 0
572.863 0.092113 0.092113 2 1 0
573.363 0.0921158 0.0921158 2 1 0
573.863 0.0921187 0.0921187 2 1 0
574.363 0.0921215 0.0921215 2 1 0
574.863 0.0921243 0.0921243 2 1 0
575.363 0.0921271 0.0921271 2 1 0
575.863 0.09213 0.09213 2 1 0
576.363 0.0921328 0.0921328 2 1 0
576.863 0.0921356 0.0921356 2 1 0
577.363 0.0921384 0.0921384 2 1 0
577.863 0.0921412 0.0921412 2 1 0
578.363 0.092144 0.092144 2 1 0
578.863 0.0921468 0.0921468 2 1 0
579.363 0.0921495 0.0921495 2 1 0
579.863 0.0921523 0.0921523 2 1 0
580.363 0.0921551 0.0921551 2 1 0
580.863 0.0921579 0.0921579 2 1 0
581.363 0.0921606 0.0921606 2 1 0
581.863 0.0921634 0.0921634 2 1 0
582.363 0.0921661 0.0921661 2 1 0
582.863 0.0921689 0.0921689 2 1 0
583.363 0.0921716 0.0921716 2 1 0
583.863 0.0921743 0.0921743 2 1 0
584.363 0.0921771 0.0921771 2 1 0
584.863 0.0921798 0.0921798 2 1 0
585.363 0.0921825 0.0921825 2 1 0
585.863 0.0921852 0.0921852 2 1 0
586.363 0.0921879 0.0921879 2 1 0
586.863 0.0921906 0.0921906 2 1 0
587.363 0.0921933 0.0921933 2 1 0
587.863 0.092196 0.092196 2 1 0
588.363 0.0921987 0.0921987 2 1 0
588.863 0.0922014 0.0922014 2 1 0
589.363 0.092204 0.092204 2 1 0
589.863 0.0922067 0.0922067 2 1 0
590.363 0.0922094 0.0922094 2 1 0
590.863 0.092212 0.092212 2 1 0
591.363 0.0922147 0.0922147 2 1 0
591.863 0.0922174 0.0922174 2 1 0
592.363 0.09222 0.09222 2 1 0
592.863 0.0922226 0.0922226 2 1 0
593.363 0.0922253 0.0922253 2 1 0
593.863 0.0922279 0.0922279 2 1 0
594.363 0.0922305 0.0922305 2 1 0
594.863 0.0922331 0.0922331 2 1 0
595.363 0.0922358 0.0922358 2 1 0
595.863 0.0922384 0.0922384 2 1 0
596.363 0.092241 0.092241 2 1 0
596.863 0.0922436 0.0922436 2 1 0
597.363 0.0922462 0.0922462 2 1 0
597.863 0.0922488 0.0922488 2 1 0
598.363 0.0922514 0.0922514 2 1 0
598.863 0.0922539 0.0922539 2 1 0
599.363 0.0922565 0.0922565 2 1 0
599.863 0.0922591 0.0922591 2 1 0
600.363 0.0922617 0.0922617 2 1 0
600.863 0.0922642 0.0922642 2 1 0
601.363 0.0922668 0.0922668 2 1 0
601.863 0.0922693 0.0922693 2 1 0
602.363 0.0922719 0.0922719 2 1 0
602.863 0.0922744 0.0922744 2 1 0
603.363 0.092277 0.092277 2 1 0
603.863 0.0922795 0.0922795 2 1 0
604.363 0.092282 0.092282 2 1 0
604.863 0.0922845 0.0922845 2 1 0
605.363 0.0922871 0.0922871 2 1 0
605.863 0.0922896 0.0922896 2 1 0
606.363 0.0922921 0.0922921 2 1 0
606.863 0.0922946 0.0922946 2 1 0
607.363 0.0922971 0.0922971 2 1 0
607.863 0.0922996 0.0922996 2 1 0
608.363 0.0923021 0.0923021 2 1 0
608.863 0.0923046 0.0923046 2 1 0
609.363 0.0923071 0.0923071 2 1 0
609.863 0.0923095 0.0923095 2 1 0
610.363 0.092312 0.092312 2 1 0
610.863 0.0923145 0.0923145 2 1 0
611.363 0.0923169 0.0923169 2 1 0
611.863 0.0923194 0.0923194 2 1 0
612.363 0.0923219 0.0923219 2 1 0
612.863 0.0923243 0.0923243 2 1 0
613.363 0.0923268 0.0923268 2 1 0
613.863 0.0923292 0.0923292 2 1 0
614.363 0.0923316 0.0923316 2 1 0
614.863 0.0923341 0.0923341 2 1 0
615.363 0.0923365 0.0923365 2 1 0
615.863 0.0923389 0.0923389 2 1 0
616.363 0.0923413 0.0923413 2 1 0
616.863 0.0923438 0.0923438 2 1 0
617.363 0.0923462 0.0923462 2 1 0
617.863 0.0923486 0.0923486 2 1 0
618.363 0.092351 0.092351 2 1 0
618.863 0.0923534 0.0923534 2 1 0
619.363 0.0923558 0.0923558 2 1 0
619.863 0.0923582 0.0923582 2 1 0
620.363 0.0923606 0.0923606 2 1 0
620.863 0.0923629 0.0923629 2 1 0
621.363 0.0923653 0.0923653 2 1 0
621.863 0.0923677 0.0923677 2 1 0
622.363 0.0923701 0.0923701 2 1 0
622.863 0.0923724 0.0923724 2 1 0
623.363 0.0923748 0.0923748 2 1 0
623.863 0.0923771 0.0923771 2 1 0
624.363 0.0923795 0.0923795 2 1 0
624.863 0.0923818 0.0923818 2 1 0
625.363 0.0923842 0.0923842 2 1 0
625.863 0.0923865 0.0923865 2 1 0
626.363 0.0923889 0.0923889 2 1 0
626.863 0.0923912 0.0923912 2 1 0
627.363 0.0923935 0.0923935 2 1 0
627.863 0.0923958 0.0923958 2 1 0
628.363 0.0923982 0.0923982 2 1 0
628.863 0.0924005 0.0924005 2 1 0
629.363 0.0924028 0.0924028 2 1 0
629.863 0.0924051 0.0924051 2 1 0
630.363 0.0924074 0.0924074 2 1 0
630.863 0.0924097 0.0924097 2 1 0
631.363 0.092412 0.092412 2 1 0
631.863 0.0924143 0.0924143 2 1 0
632.363 0.0924166 0.0924166 2 1 0
632.863 0.0924188 0.0924188 2 1 0
633.363 0.0924211 0.0924211 2 1 0
633.863 0.0924234 0.0924234 2 1 0
634.363 0.0924257 0.0924257 2 1 0
634.863 0.0924279 0.0924279 2 1 0
635.363 0.0924302 0.0924302 2 1 0
635.863 0.0924325 0.0924325 2 1 0
636.363 0.0924347 0.0924347 2 1 0
636.863 0.092437 0.092437 2 1 0
637.363 0.0924392 0.0924392 2 1 0
637.863 0.0924414 0.0924414 2 1 0
638.363 0.0924437 0.0924437 2 1 0
638.863 0.0924459 0.0924459 2 1 0
639.363 0.0924481 0.0924481 2 1 0
639.863 0.0924504 0.0924504 2 1 0
640.363 0.0924526 0.0924526 2 1 0
640.863 0.0924548 0.0924548 2 1 0
641.363 0.092457 0.092457 2 1 0
641.863 0.0924592 0.0924592 2 1 0
642.363 0.0924615 0.0924615 2 1 0
642.863 0.0924637 0.0924637 2 1 0
643.363 0.0924659 0.0924659 2 1 0
643.863 0.0924681 0.0924681 2 1 0
644.363 0.0924702 0.0924702 2 1 0
644.863 0.0924724 0.0924724 2 1 0
645.363 0.0924746 0.0924746 2 1 0
645.863 0.0924768 0.0924768 2 1 0
646.363 0.092479 0.092479 2 1 0
646.863 0.0924812 0.0924812 2 1 0
647.363 0.0924833 0.0924833 2 1 0
647.863 0.0924855 0.0924855 2 1 0
648.363 0.0924877 0.0924877 2 1 0
648.863 0.0924898 0.0924898 2 1 0
649.363 0.092492 0.092492 2 1 0
649.863 0.0924941 0.0924941 2 1 0
650.363 0.0924963 0.0924963 2 1 0
650.863 0.0924984 0.0924984 2 1 0
651.363 0.0925006 0.0925006 2 1 0
651.863 0.0925027 0.0925027 2 1 0
652.363 0.0925048 0.0925048 2 1 0
652.863 0.092507 0.092507 2 1 0
653.363 0.0925091 0.0925091 2 1 0
653.863 0.0925112 0.0925112 2 1 0
654.363 0.0925133 0.0925133 2 1 0
654.863 0.0925154 0.0925154 2 1 0
655.363 0.0925176 0.0925176 2 1 0
655.863 0.0925197 0.0925197 2 1 0
656.363 0.0925218 0.0925218 2 1 0
656.863 0.0925239 0.0925239 2 1 0
657.363 0.092526 0.092526 2 1 0
657.863 0.0925281 0.0925281 2 1 0
658.363 0.0925301 0.0925301 2 1 0
658.863 0.0925322 0.0925322 2 1 0
659.363 0.0925343 0.0925343 2 1 0
659.363 0.0925343 0.0925343 2 1 0
659.403 0.0925345 0.0925345 2 1 0
659.443 0.0925347 0.0925347 2 1 0
659.523 0.092535 0.092535 2 1 0
659.683 0.0925357 0.0925357 2 1 0
660.003 0.092537 0.092537 2 1 0
660.503 0.0925391 0.0925391 2 1 0
661.003 0.0925411 0.0925411 2 1 0
661.503 0.0925432 0.0925432 2 1 0
662.003 0.0925453 0.0925453 2 1 0
662.503 0.0925473 0.0925473 2 1 0
663.003 0.0925494 0.0925494 2 1 0
663.503 0.0925514 0.0925514 2 1 0
664.003 0.0925535 0.0925535 2 1 0
664.503 0.0925555 0.0925555 2 1 0
665.003 0.0925576 0.0925576 2 1 0
665.503 0.0925596 0.0925596 2 1 0
666.003 0.0925617 0.0925617 2 1 0
666.503 0.0925637 0.0925637 2 1 0
667.003 0.0925657 0.0925657 2 1 0
667.503 0.0925678 0.0925678 2 1 0
668.003 0.0925698 0.0925698 2 1 0
668.503 0.0925718 0.0925718 2 1 0
669.003 0.0925738 0.0925738 2 1 0
669.503 0.0925758 0.0925758 2 1 0
670.003 0.0925778 0.0925778 2 1 0
670.503 0.0925799 0.0925799 2 1 0
671.003 0.0925819 0.0925819 2 1 0
671.503 0.0925839 0.0925839 2 1 0
672.003 0.0925859 0.0925859 2 1 0
672.503 0.0925879 0.0925879 2 1 0
673.003 0.0925898 0.0925898 2 1 0
673.503 0.0925918 0.0925918 2 1 0
674.003 0.0925938 0.0925938 2 1 0
674.503 0.0925958 0.0925958 2 1 0
675.003 0.0925978 0.0925978 2 1 0
675.503 0.0925998 0.0925998 2 1 0
676.003 0.0926017 0.0926017 2 1 0
676.503 0.0926037 0.0926037 2 1 0
677.003 0.0926057 0.0926057 2 1 0
677.503 0.0926076 0.0926076 2 1 0
678.003 0.0926096 0.0926096 2 1 0
678.503 0.0926115 0.0926115 2 1 0
679.003 0.0926135 0.0926135 2 1 0
679.503 0.0926154 0.0926154 2 1 0
680.003 0.0926174 0.0926174 2 1 0
680.503 0.0926193 0.0926193 2 1 0
681.003 0.0926213 0.0926213 2 1 0
681.503 0.0926232 0.0926232 2 1 0
682.003 0.0926251 0.0926251 2 1 0
682.503 0.0926271 0.0926271 2 1 0
683.003 0.092629 0.092629 2 1 0
683.503 0.0926309 0.0926309 2 1 0
684.003 0.0926329 0.0926329 2 1 0
684.503 0.0926348 0.0926348 2 1 0
685.003 0.0926367 0.0926367 2 1 0
685.503 0.0926386 0.0926386 2 1 0
686.003 0.0926405 0.0926405 2 1 0
686.503 0.0926424 0.0926424 2 1 0
687.003 0.0926443 0.0926443 2 1 0
687.503 0.0926462 0.0926462 2 1 0
688.003 0.0926481 0.0926481 2 1 0
688.503 0.09265 0.09265 2 1 0
689.003 0.0926519 0.0926519 2 1 0
689.503 0.0926538 0.0926538 2 1 0
690.003 0.0926557 0.0926557 2 1 0
690.503 0.0926576 0.0926576 2 1 0
691.003 0.0926594 0.0926594 2 1 0
691.503 0.0926613 0.0926613 2 1 0
692.003 0.0926632 0.0926632 2 1 0
692.503 0.092665 0.092665 2 1 0
693.003 0.0926669 0.0926669 2 1 0
693.503 0.0926688 0.0926688 2 1 0
694.003 0.0926706 0.0926706 2 1 0
694.503 0.0926725 0.0926725 2 1 0
695.003 0.0926744 0.0926744 2 1 0
695.503 0.0926762 0.0926762 2 1 0
696.003 0.0926781 0.0926781 2 1 0
696.503 0.0926799 0.0926799 2 1 0
697.003 0.0926817 0.0926817 2 1 0
697.503 0.0926836 0.0926836 2 1 0
698.003 0.0926854 0.0926854 2 1 0
698.503 0.0926873 0.0926873 2 1 0
699.003 0.0926891 0.0926891 2 1 0
699.503 0.0926909 0.0926909 2 1 0
700.003 0.0926927 0.0926927 2 1 0
700.503 0.0926946 0.0926946 2 1 0
701.003 0.0926964 0.0926964 2 1 0
701.503 0.0926982 0.0926982 2 1 0
702.003 0.0927 0.0927 2 1 0
702.503 0.0927018 0.0927018 2 1 0
703.003 0.0927036 0.0927036 2 1 0
703.503 0.0927055 0.0927055 2 1 0
704.003 0.0927073 0.0927073 2 1 0
704.503 0.0927091 0.0927091 2 1 0
705.003 0.0927109 0.0927109 2 1 0
705.503 0.0927126 0.0927126 2 1 0
706.003 0.0927144 0.0927144 2 1 0
706.503 0.0927162 0.0927162 2 1 0
707.003 0.092718 0.092718 2 1 0
707.503 0.0927198 0.0927198 2 1 0
708.003 0.0927216 0.0927216 2 1 0
708.503 0.0927234 0.0927234 2 1 0
709.003 0.0927251 0.0927251 2 1 0
709.503 0.0927269 0.0927269 2 1 0
710.003 0.0927287 0.0927287 2 1 0
710.503 0.0927304 0.0927304 2 1 0
711.003 0.0927322 0.0927322 2 1 0
711.503 0.092734 0.092734 2 1 0
712.003 0.0927357 0.0927357 2 1 0
712.503 0.0927375 0.0927375 2 1 0
713.003 0.0927392 0.0927392 2 1 0
713.503 0.092741 0.092741 2 1 0
714.003 0.0927427 0.0927427 2 1 0
714.503 0.0927445 0.0927445 2 1 0
715.003 0.0927462 0.0927462 2 1 0
715.503 0.092748 0.092748 2 1 0
716.003 0.0927497 0.0927497 2 1 0
716.503 0.0927514 0.0927514 2 1 0
717.003 0.0927532 0.0927532 2 1 0
717.503 0.0927549 0.0927549 2 1 0
718.003 0.0927566 0.0927566 2 1 0
718.503 0.0927584 0.0927584 2 1 0
719.003 0.0927601 0.0927601 2 1 0
719.503 0.0927618 0.0927618 2 1 0
720.003 0.0927635 0.0927635 2 1 0
720.503 0.0927652 0.0927652 2 1 0
721.003 0.0927669 0.0927669 2 1 0
721.503 0.0927687 0.0927687 2 1 0
722.003 0.0927704 0.0927704 2 1 0
722.503 0.0927721 0.0927721 2 1 0
723.003 0.0927738 0.0927738 2 1 0
723.503 0.0927755 0.0927755 2 1 0
724.003 0.0927772 0.0927772 2 1 0
724.503 0.0927789 0.0927789 2 1 0
725.003 0.0927805 0.0927805 2 1 0
725.503 0.0927822 0.0927822 2 1 0
726.003 0.0927839 0.0927839 2 1 0
726.503 0.0927856 0.0927856 2 1 0
727.003 0.0927873 0.0927873 2 1 0
727.503 0.092789 0.092789 2 1 0
728.003 0.0927906 0.0927906 2 1 0
728.503 0.0927923 0.0927923 2 1 0
729.003 0.092794 0.092794 2 1 0
729.503 0.0927956 0.0927956 2 1 0
730.003 0.0927973 0.0927973 2 1 0
730.503 0.092799 0.092799 2 1 0
731.003 0.0928006 0.0928006 2 1 0
731.503 0.0928023 0.0928023 2 1 0
732.003 0.092804 0.092804 2 1 0
732.503 0.0928056 0.0928056 2 1 0
733.003 0.0928073 0.0928073 2 1 0
733.503 0.0928089 0.0928089 2 1 0
734.003 0.0928105 0.0928105 2 1 0
734.503 0.0928122 0.0928122 2 1 0
735.003 0.0928138 0.0928138 2 1 0
735.503 0.0928155 0.0928155 2 1 0
736.003 0.0928171 0.0928171 2 1 0
736.503 0.0928187 0.0928187 2 1 0
737.003 0.0928204 0.0928204 2 1 0
737.503 0.092822 0.092822 2 1 0
738.003 0.0928236 0.0928236 2 1 0
738.503 0.0928253 0.0928253 2 1 0
739.003 0.0928269 0.0928269 2 1 0
739.503 0.0928285 0.0928285 2 1 0
740.003 0.0928301 0.0928301 2 1 0
740.503 0.0928317 0.0928317 2 1 0
741.003 0.0928333 0.0928333 2 1 0
741.503 0.0928349 0.0928349 2 1 0
742.003 0.0928366 0.0928366 2 1 0
742.503 0.0928382 0.0928382 2 1 0
743.003 0.0928398 0.0928398 2 1 0
743.503 0.0928414 0.0928414 2 1 0
744.003 0.092843 0.092843 2 1 0
744.503 0.0928446 0.0928446 2 1 0
745.003 0.0928461 0.0928461 2 1 0
745.503 0.0928477 0.0928477 2 1 0
746.003 0.0928493 0.0928493 2 1 0
746.503 0.0928509 0.0928509 2 1 0
747.003 0.0928525 0.0928525 2 1 0
747.503 0.0928541 0.0928541 2 1 0
748.003 0.0928557 0.0928557 2 1 0
748.503 0.0928572 0.0928572 2 1 0
749.003 0.0928588 0.0928588 2 1 0
749.503 0.0928604 0.0928604 2 1 0
750.003 0.092862 0.092862 2 1 0
750.503 0.0928635 0.0928635 2 1 0
751.003 0.0928651 0.0928651 2 1 0
751.503 0.0928666 0.0928666 2 1 0
752.003 0.0928682 0.0928682 2 1 0
752.503 0.0928698 0.0928698 2 1 0
753.003 0.0928713 0.0928713 2 1 0
753.503 0.0928729 0.0928729 2 1 0
754.003 0.0928744 0.0928744 2 1 0
754.503 0.092876 0.092876 2 1 0
755.003 0.0928775 0.0928775 2 1 0
755.503 0.0928791 0.0928791 2 1 0
756.003 0.0928806 0.0928806 2 1 0
756.503 0.0928822 0.0928822 2 1 0
757.003 0.0928837 0.0928837 2 1 0
175.991 0.987531 0.987531 2 2 0
176.031 0.987551 0.987551 2 2 0
176.071 0.98757 0.98757 2 2 0
176.151 0.98761 0.98761 2 2 0
176.311 0.987689 0.987689 2 2 0
176.631 0.987844 0.987844 2 2 0
177.131 0.988084 0.988084 2 2 0
177.631 0.988319 0.988319 2 2 0
178.131 0.988549 0.988549 2 2 0
178.631 0.988774 0.988774 2 2 0
179.131 0.988996 0.988996 2 2 0
179.631 0.989213 0.989213 2 2 0
180.131 0.989425 0.989425 2 2 0
180.631 0.989634 0.989634 2 2 0
181.131 0.989838 0.989838 2 2 0
181.631 0.990039 0.990039 2 2 0
182.131 0.990235 0.990235 2 2 0
182.631 0.990428 0.990428 2 2 0
183.131 0.990616 0.990616 2 2 0
183.631 0.990802 0.990802 2 2 0
184.131 0.990983 0.990983 2 2 0
184.631 0.991161 0.991161 2 2 0
185.131 0.991335 0.991335 2 2 0
185.631 0.991506 0.991506 2 2 0
186.131 0.991674 0.991674 2 2 0
186.631 0.991838 0.991838 2 2 0
187.131 0.992 0.992 2 2 0
187.631 0.992157 0.992157 2 2 0
188.131 0.992312 0.992312 2 2 0
188.631 0.992464 0.992464 2 2 0
189.131 0.992613 0.992613 2 2 0
189.631 0.992759 0.992759 2 2 0
190.131 0.992902 0.992902 2 2 0
190.631 0.993042 0.993042 2 2 0
191.131 0.993179 0.993179 2 2 0
191.631 0.993314 0.993314 2 2 0
192.131 0.993446 0.993446 2 2 0
192.631 0.993576 0.993576 2 2 0
193.131 0.993703 0.993703 2 2 0
193.631 0.993827 0.993827 2 2 0
194.131 0.993949 0.993949 2 2 0
194.631 0.994069 0.994069 2 2 0
195.131 0.994186 0.994186 2 2 0
195.631 0.994301 0.994301 2 2 0
196.131 0.994413 0.994413 2 2 0
196.631 0.994524 0.994524 2 2 0
197.131 0.994632 0.994632 2 2 0
197.631 0.994738 0.994738 2 2 0
198.131 0.994842 0.994842 2 2 0
198.631 0.994944 0.994944 2 2 0
199.131 0.995044 0.995044 2 2 0
199.631 0.995142 0.995142 2 2 0
200.131 0.995238 0.995238 2 2 0
200.631 0.995332 0.995332 2 2 0
201.131 0.995424 0.995424 2 2 0
201.631 0.995515 0.995515 2 2 0
202.131 0.995604 0.995604 2 2 0
202.631 0.995691 0.995691 2 2 0
203.131 0.995776 0.995776 2 2 0
203.631 0.995859 0.995859 2 2 0
204.131 0.995941 0.995941 2 2 0
204.631 0.996021 0.996021 2 2 0
205.131 0.9961 0.9961 2 2 0
205.631 0.996177 0.996177 2 2 0
206.131 0.996253 0.996253 2 2 0
206.631 0.996327 0.996327 2 2 0
207.131 0.9964 0.9964 2 2 0
207.631 0.996471 0.996471 2 2 0
208.131 0.996541 0.996541 2 2 0
208.631 0.996609 0.996609 2 2 0
209.131 0.996676 0.996676 2 2 0
209.631 0.996742 0.996742 2 2 0
210.131 0.996806 0.996806 2 2 0
210.631 0.99687 0.99687 2 2 0
211.131 0.996931 0.996931 2 2 0
211.631 0.996992 0.996992 2 2 0
212.131 0.997052 0.997052 2 2 0
212.631 0.99711 0.99711 2 2 0
213.131 0.997167 0.997167 2 2 0
213.631 0.997223 0.997223 2 2 0
214.131 0.997278 0.997278 2 2 0
214.631 0.997332 0.997332 2 2 0
215.131 0.997385 0.997385 2 2 0
215.631 0.997437 0.997437 2 2 0
216.131 0.997487 0.997487 2 2 0
216.631 0.997537 0.997537 2 2 0
217.131 0.997586 0.997586 2 2 0
217.631 0.997634 0.997634 2 2 0
218.131 0.99768 0.99768 2 2 0
218.631 0.997726 0.997726 2 2 0
219.131 0.997771 0.997771 2 2 0
219.631 0.997815 0.997815 2 2 0
220.131 0.997859 0.997859 2 2 0
220.631 0.997901 0.997901 2 2 0
221.131 0.997943 0.997943 2 2 0
221.631 0.997983 0.997983 2 2 0
222.131 0.998023 0.998023 2 2 0
222.631 0.998062 0.998062 2 2 0
223.131 0.998101 0.998101 2 2 0
223.631 0.998138 0.998138 2 2 0
224.131 0.998175 0.998175 2 2 0
224.631 0.998211 0.998211 2 2 0
225.131 0.998247 0.998247 2 2 0
225.631 0.998281 0.998281 2 2 0
226.131 0.998315 0.998315 2 2 0
226.631 0.998349 0.998349 2 2 0
227.131 0.998381 0.998381 2 2 0
227.631 0.998413 0.998413 2 2 0
228.131 0.998445 0.998445 2 2 0
228.631 0.998476 0.998476 2 2 0
229.131 0.998506 0.998506 2 2 0
229.631 0.998535 0.998535 2 2 0
230.131 0.998564 0.998564 2 2 0
230.631 0.998593 0.998593 2 2 0
231.131 0.998621 0.998621 2 2 0
231.631 0.998648 0.998648 2 2 0
232.131 0.998675 0.998675 2 2 0
232.631 0.998701 0.998701 2 2 0
233.131 0.998727 0.998727 2 2 0
233.631 0.998752 0.998752 2 2 0
234.131 0.998777 0.998777 2 2 0
234.631 0.998801 0.998801 2 2 0
235.131 0.998825 0.998825 2 2 0
235.631 0.998848 0.998848 2 2 0
236.131 0.998871 0.998871 2 2 0
236.631 0.998893 0.998893 2 2 0
237.131 0.998915 0.998915 2 2 0
237.631 0.998936 0.998936 2 2 0
238.131 0.998957 0.998957 2 2 0
238.631 0.998978 0.998978 2 2 0
239.131 0.998998 0.998998 2 2 0
239.631 0.999018 0.999018 2 2 0
240.131 0.999038 0.999038 2 2 0
240.631 0.999057 0.999057 2 2 0
241.131 0.999075 0.999075 2 2 0
241.631 0.999094 0.999094 2 2 0
242.131 0.999112 0.999112 2 2 0
242.631 0.999129 0.999129 2 2 0
243.131 0.999146 0.999146 2 2 0
243.631 0.999163 0.999163 2 2 0
244.131 0.99918 0.99918 2 2 0
244.631 0.999196 0.999196 2 2 0
245.131 0.999212 0.999212 2 2 0
245.631 0.999228 0.999228 2 2 0
246.131 0.999243 0.999243 2 2 0
246.631 0.999258 0.999258 2 2 0
247.131 0.999273 0.999273 2 2 0
247.631 0.999287 0.999287 2 2 0
248.131 0.999301 0.999301 2 2 0
248.631 0.999315 0.999315 2 2 0
249.131 0.999329 0.999329 2 2 0
249.631 0.999342 0.999342 2 2 0
250.131 0.999355 0.999355 2 2 0
250.631 0.999368 0.999368 2 2 0
251.131 0.99938 0.99938 2 2 0
251.631 0.999392 0.999392 2 2 0
252.131 0.999404 0.999404 2 2 0
252.631 0.999416 0.999416 2 2 0
253.131 0.999428 0.999428 2 2 0
253.631 0.999439 0.999439 2 2 0
254.131 0.99945 0.99945 2 2 0
254.631 0.999461 0.999461 2 2 0
255.131 0.999472 0.999472 2 2 0
255.631 0.999482 0.999482 2 2 0
256.131 0.999492 0.999492 2 2 0
256.631 0.999503 0.999503 2 2 0
257.131 0.999512 0.999512 2 2 0
257.631 0.999522 0.999522 2 2 0
258.131 0.999532 0.999532 2 2 0
258.631 0.999541 0.999541 2 2 0
259.131 0.99955 0.99955 2 2 0
259.631 0.999559 0.999559 2 2 0
260.131 0.999568 0.999568 2 2 0
260.631 0.999576 0.999576 2 2 0
261.131 0.999584 0.999584 2 2 0
261.631 0.999593 0.999593 2 2 0
262.131 0.999601 0.999601 2 2 0
262.631 0.999609 0.999609 2 2 0
263.131 0.999616 0.999616 2 2 0
263.631 0.999624 0.999624 2 2 0
264.131 0.999631 0.999631 2 2 0
264.631 0.999639 0.999639 2 2 0
265.131 0.999646 0.999646 2 2 0
265.631 0.999653 0.999653 2 2 0
266.131 0.99966 0.99966 2 2 0
266.631 0.999667 0.999667 2 2 0
267.131 0.999673 0.999673 2 2 0
267.631 0.99968 0.99968 2 2 0
268.131 0.999686 0.999686 2 2 0
268.631 0.999692 0.999692 2 2 0
269.131 0.999698 0.999698 2 2 0
269.631 0.999704 0.999704 2 2 0
270.131 0.99971 0.99971 2 2 0
270.631 0.999716 0.999716 2 2 0
271.131 0.999721 0.999721 2 2 0
271.631 0.999727 0.999727 2 2 0
272.131 0.999732 0.999732 2 2 0
272.631 0.999738 0.999738 2 2 0
273.131 0.999743 0.999743 2 2 0
273.631 0.999748 0.999748 2 2 0
160.991 0.977387 0.977387 2 2 0
160.951 0.977352 0.977352 2 2 0
160.911 0.977316 0.977316 2 2 0
160.831 0.977244 0.977244 2 2 0
160.671 0.977099 0.977099 2 2 0
160.351 0.976808 0.976808 2 2 0
159.851 0.976345 0.976345 2 2 0
159.351 0.975873 0.975873 2 2 0
158.851 0.975391 0.975391 2 2 0
158.351 0.9749 0.9749 2 2 0
157.851 0.9744 0.9744 2 2 0
157.351 0.973889 0.973889 2 2 0
156.851 0.973369 0.973369 2 2 0
156.351 0.972839 0.972839 2 2 0
155.851 0.972298 0.972298 2 2 0
155.351 0.971746 0.971746 2 2 0
154.851 0.971184 0.971184 2 2 0
154.351 0.970611 0.970611 2 2 0
153.851 0.970026 0.970026 2 2 0
153.351 0.96943 0.96943 2 2 0
152.851 0.968823 0.968823 2 2 0
152.351 0.968203 0.968203 2 2 0
151.851 0.967572 0.967572 2 2 0
151.351 0.966928 0.966928 2 2 0
150.851 0.966272 0.966272 2 2 0
150.351 0.965604 0.965604 2 2 0
149.851 0.964922 0.964922 2 2 0
149.351 0.964227 0.964227 2 2 0
148.851 0.963518 0.963518 2 2 0
148.351 0.962796 0.962796 2 2 0
147.851 0.96206 0.96206 2 2 0
147.351 0.96131 0.96131 2 2 0
146.851 0.960545 0.960545 2 2 0
146.351 0.959766 0.959766 2 2 0
145.851 0.958971 0.958971 2 2 0
145.351 0.958162 0.958162 2 2 0
144.851 0.957336 0.957336 2 2 0
144.351 0.956495 0.956495 2 2 0
143.851 0.955638 0.955638 2 2 0
143.351 0.954765 0.954765 2 2 0
142.851 0.953875 0.953875 2 2 0
142.351 0.952968 0.952968 2 2 0
141.851 0.952044 0.952044 2 2 0
141.351 0.951102 0.951102 2 2 0
140.851 0.950142 0.950142 2 2 0
140.351 0.949164 0.949164 2 2 0
139.851 0.948168 0.948168 2 2 0
139.351 0.947153 0.947153 2 2 0
138.851 0.946118 0.946118 2 2 0
138.351 0.945065 0.945065 2 2 0
137.851 0.943991 0.943991 2 2 0
137.351 0.942898 0.942898 2 2 0
136.851 0.941783 0.941783 2 2 0
136.351 0.940648 0.940648 2 2 0
135.851 0.939492 0.939492 2 2 0
135.351 0.938315 0.938315 2 2 0
134.851 0.937115 0.937115 2 2 0
134.351 0.935893 0.935893 2 2 0
133.851 0.934649 0.934649 2 2 0
133.351 0.933382 0.933382 2 2 0
132.851 0.932091 0.932091 2 2 0
132.351 0.930776 0.930776 2 2 0
131.851 0.929438 0.929438 2 2 0
131.351 0.928075 0.928075 2 2 0
130.851 0.926687 0.926687 2 2 0
130.351 0.925273 0.925273 2 2 0
129.851 0.923834 0.923834 2 2 0
129.351 0.922369 0.922369 2 2 0
128.851 0.920878 0.920878 2 2 0
128.351 0.919359 0.919359 2 2 0
127.851 0.917813 0.917813 2 2 0
127.351 0.91624 0.91624 2 2 0
126.851 0.914638 0.914638 2 2 0
126.351 0.913008 0.913008 2 2 0
125.851 0.911349 0.911349 2 2 0
125.351 0.90966 0.90966 2 2 0
124.851 0.907941 0.907941 2 2 0
124.351 0.906193 0.906193 2 2 0
123.851 0.904413 0.904413 2 2 0
123.351 0.902602 0.902602 2 2 0
122.852 0.90076 0.90076 2 2 0
122.352 0.898885 0.898885 2 2 0
121.852 0.896978 0.896978 2 2 0
121.352 0.895039 0.895039 2 2 0
120.852 0.893065 0.893065 2 2 0
120.352 0.891058 0.891058 2 2 0
119.852 0.889017 0.889017 2 2 0
119.352 0.886941 0.886941 2 2 0
118.852 0.884829 0.884829 2 2 0
118.352 0.882683 0.882683 2 2 0
117.852 0.8805 0.8805 2 2 0
117.352 0.87828 0.87828 2 2 0
116.852 0.876024 0.876024 2 2 0
116.352 0.87373 0.87373 2 2 0
115.852 0.871398 0.871398 2 2 0
115.352 0.869028 0.869028 2 2 0
114.852 0.866619 0.866619 2 2 0
114.352 0.864171 0.864171 2 2 0
113.852 0.861684 0.861684 2 2 0
113.352 0.859156 0.859156 2 2 0
112.852 0.856588 0.856588 2 2 0
112.352 0.85398 0.85398 2 2 0
111.852 0.851329 0.851329 2 2 0
111.352 0.848637 0.848637 2 2 0
110.852 0.845903 0.845903 2 2 0
110.352 0.843127 0.843127 2 2 0
109.852 0.840307 0.840307 2 2 0
109.352 0.837445 0.837445 2 2 0
108.852 0.834538 0.834538 2 2 0
108.352 0.831588 0.831588 2 2 0
107.852 0.828593 0.828593 2 2 0
107.352 0.825553 0.825553 2 2 0
106.852 0.822469 0.822469 2 2 0
106.352 0.819339 0.819339 2 2 0
105.852 0.816163 0.816163 2 2 0
105.352 0.812941 0.812941 2 2 0
104.852 0.809672 0.809672 2 2 0
104.352 0.806357 0.806357 2 2 0
103.852 0.802996 0.802996 2 2 0
103.352 0.799586 0.799586 2 2 0
102.852 0.79613 0.79613 2 2 0
102.352 0.792626 0.792626 2 2 0
101.852 0.789074 0.789074 2 2 0
101.352 0.785474 0.785474 2 2 0
100.852 0.781826 0.781826 2 2 0
100.352 0.778129 0.778129 2 2 0
99.8519 0.774384 0.774384 2 2 0
99.3519 0.770591 0.770591 2 2 0
98.8519 0.766748 0.766748 2 2 0
98.3519 0.762857 0.762857 2 2 0
97.8519 0.758917 0.758917 2 2 0
97.3519 0.754928 0.754928 2 2 0
96.852 0.75089 0.75089 2 2 0
96.352 0.746803 0.746803 2 2 0
95.852 0.742668 0.742668 2 2 0
95.352 0.738484 0.738484 2 2 0
94.852 0.734251 0.734251 2 2 0
94.352 0.729969 0.729969 2 2 0
93.8521 0.725639 0.725639 2 2 0
93.3521 0.721261 0.721261 2 2 0
92.8521 0.716835 0.716835 2 2 0
92.3521 0.712361 0.712361 2 2 0
91.8521 0.707839 0.707839 2 2 0
91.3522 0.703271 0.703271 2 2 0
90.8522 0.698655 0.698655 2 2 0
90.3522 0.693993 0.693993 2 2 0
89.8522 0.689285 0.689285 2 2 0
89.3523 0.684531 0.684531 2 2 0
88.8523 0.679732 0.679732 2 2 0
88.3523 0.674888 0.674888 2 2 0
87.8523 0.669999 0.669999 2 2 0
87.3524 0.665068 0.665068 2 2 0
86.8524 0.660093 0.660093 2 2 0
86.3524 0.655075 0.655075 2 2 0
85.8524 0.650016 0.650016 2 2 0
85.3525 0.644916 0.644916 2 2 0
84.8525 0.639776 0.639776 2 2 0
84.3525 0.634596 0.634596 2 2 0
83.8525 0.629377 0.629377 2 2 0
83.3526 0.624121 0.624121 2 2 0
82.8526 0.618828 0.618828 2 2 0
82.3526 0.613499 0.613499 2 2 0
81.8527 0.608135 0.608135 2 2 0
81.3527 0.602737 0.602737 2 2 0
80.8527 0.597306 0.597306 2 2 0
80.3527 0.591843 0.591843 2 2 0
79.8528 0.586349 0.586349 2 2 0
79.3528 0.580826 0.580826 2 2 0
78.8528 0.575275 0.575275 2 2 0
78.3529 0.569697 0.569697 2 2 0
77.8529 0.564093 0.564093 2 2 0
77.3529 0.558464 0.558464 2 2 0
76.853 0.552813 0.552813 2 2 0
76.353 0.54714 0.54714 2 2 0
75.853 0.541446 0.541446 2 2 0
75.3531 0.535734 0.535734 2 2 0
74.8531 0.530004 0.530004 2 2 0
74.3531 0.524259 0.524259 2 2 0
73.8532 0.5185 0.5185 2 2 0
73.3532 0.512728 0.512728 2 2 0
72.8533 0.506945 0.506945 2 2 0
72.3533 0.501153 0.501153 2 2 0
71.8533 0.495353 0.495353 2 2 0
71.3534 0.489547 0.489547 2 2 0
70.8534 0.483738 0.483738 2 2 0
70.3534 0.477926 0.477926 2 2 0
69.8535 0.472113 0.472113 2 2 0
69.3535 0.466302 0.466302 2 2 0
68.8535 0.460495 0.460495 2 2 0
68.3536 0.454692 0.454692 2 2 0
67.8536 0.448896 0.448896 2 2 0
67.3537 0.44311 0.44311 2 2 0
66.8537 0.437334 0.437334 2 2 0
66.3537 0.431572 0.431572 2 2 0
65.8538 0.425824 0.425824 2 2 0
65.3538 0.420093 0.420093 2 2 0
64.8539 0.414381 0.414381 2 2 0
64.3539 0.40869 0.40869 2 2 0
63.8539 0.403022 0.403022 2 2 0
63.354 0.397379 0.397379 2 2 0
273.631 0.999748 0.999748 2 2 0
273.591 0.999748 0.999748 2 2 0
273.551 0.999747 0.999747 2 2 0
273.471 0.999746 0.999746 2 2 0
273.311 0.999745 0.999745 2 2 0
272.991 0.999741 0.999741 2 2 0
272.491 0.999736 0.999736 2 2 0
271.991 0.999731 0.999731 2 2 0
271.491 0.999725 0.999725 2 2 0
270.991 0.99972 0.99972 2 2 0
270.491 0.999714 0.999714 2 2 0
269.991 0.999708 0.999708 2 2 0
269.491 0.999703 0.999703 2 2 0
268.991 0.999697 0.999697 2 2 0
268.491 0.99969 0.99969 2 2 0
267.991 0.999684 0.999684 2 2 0
267.491 0.999678 0.999678 2 2 0
266.991 0.999671 0.999671 2 2 0
266.491 0.999665 0.999665 2 2 0
265.991 0.999658 0.999658 2 2 0
265.491 0.999651 0.999651 2 2 0
264.991 0.999644 0.999644 2 2 0
264.491 0.999637 0.999637 2 2 0
263.991 0.999629 0.999629 2 2 0
263.491 0.999622 0.999622 2 2 0
262.991 0.999614 0.999614 2 2 0
262.491 0.999606 0.999606 2 2 0
261.991 0.999599 0.999599 2 2 0
261.491 0.99959 0.99959 2 2 0
260.991 0.999582 0.999582 2 2 0
260.491 0.999574 0.999574 2 2 0
259.991 0.999565 0.999565 2 2 0
259.491 0.999556 0.999556 2 2 0
258.991 0.999547 0.999547 2 2 0
258.491 0.999538 0.999538 2 2 0
257.991 0.999529 0.999529 2 2 0
257.491 0.999519 0.999519 2 2 0
256.991 0.99951 0.99951 2 2 0
256.491 0.9995 0.9995 2 2 0
255.991 0.99949 0.99949 2 2 0
255.491 0.999479 0.999479 2 2 0
254.991 0.999469 0.999469 2 2 0
254.491 0.999458 0.999458 2 2 0
253.991 0.999447 0.999447 2 2 0
253.491 0.999436 0.999436 2 2 0
252.991 0.999425 0.999425 2 2 0
252.491 0.999413 0.999413 2 2 0
251.991 0.999401 0.999401 2 2 0
251.491 0.999389 0.999389 2 2 0
250.991 0.999377 0.999377 2 2 0
250.491 0.999364 0.999364 2 2 0
249.991 0.999351 0.999351 2 2 0
249.491 0.999338 0.999338 2 2 0
248.991 0.999325 0.999325 2 2 0
248.491 0.999311 0.999311 2 2 0
247.991 0.999297 0.999297 2 2 0
247.491 0.999283 0.999283 2 2 0
246.991 0.999269 0.999269 2 2 0
246.491 0.999254 0.999254 2 2 0
245.991 0.999239 0.999239 2 2 0
245.491 0.999223 0.999223 2 2 0
244.991 0.999208 0.999208 2 2 0
244.491 0.999192 0.999192 2 2 0
243.991 0.999175 0.999175 2 2 0
243.491 0.999159 0.999159 2 2 0
242.991 0.999142 0.999142 2 2 0
242.491 0.999124 0.999124 2 2 0
241.991 0.999107 0.999107 2 2 0
241.491 0.999089 0.999089 2 2 0
240.991 0.99907 0.99907 2 2 0
240.491 0.999051 0.999051 2 2 0
239.991 0.999032 0.999032 2 2 0
239.491 0.999013 0.999013 2 2 0
238.991 0.998993 0.998993 2 2 0
238.491 0.998972 0.998972 2 2 0
237.991 0.998952 0.998952 2 2 0
237.491 0.99893 0.99893 2 2 0
236.991 0.998909 0.998909 2 2 0
236.491 0.998887 0.998887 2 2 0
235.991 0.998864 0.998864 2 2 0
235.491 0.998841 0.998841 2 2 0
234.991 0.998818 0.998818 2 2 0
234.491 0.998794 0.998794 2 2 0
233.991 0.99877 0.99877 2 2 0
233.491 0.998745 0.998745 2 2 0
232.991 0.99872 0.99872 2 2 0
232.491 0.998694 0.998694 2 2 0
231.991 0.998667 0.998667 2 2 0
231.491 0.99864 0.99864 2 2 0
230.991 0.998613 0.998613 2 2 0
230.491 0.998585 0.998585 2 2 0
229.991 0.998556 0.998556 2 2 0
229.491 0.998527 0.998527 2 2 0
228.991 0.998497 0.998497 2 2 0
228.491 0.998467 0.998467 2 2 0
227.991 0.998436 0.998436 2 2 0
227.491 0.998405 0.998405 2 2 0
226.991 0.998372 0.998372 2 2 0
226.491 0.998339 0.998339 2 2 0
225.991 0.998306 0.998306 2 2 0
225.491 0.998272 0.998272 2 2 0
224.991 0.998237 0.998237 2 2 0
224.491 0.998201 0.998201 2 2 0
223.991 0.998165 0.998165 2 2 0
223.491 0.998128 0.998128 2 2 0
222.991 0.99809 0.99809 2 2 0
222.491 0.998051 0.998051 2 2 0
221.991 0.998012 0.998012 2 2 0
221.491 0.997972 0.997972 2 2 0
220.991 0.997931 0.997931 2 2 0
220.491 0.997889 0.997889 2 2 0
219.991 0.997847 0.997847 2 2 0
219.491 0.997803 0.997803 2 2 0
218.991 0.997759 0.997759 2 2 0
218.491 0.997714 0.997714 2 2 0
217.991 0.997667 0.997667 2 2 0
217.491 0.99762 0.99762 2 2 0
216.991 0.997572 0.997572 2 2 0
216.491 0.997523 0.997523 2 2 0
215.991 0.997473 0.997473 2 2 0
215.491 0.997422 0.997422 2 2 0
214.991 0.99737 0.99737 2 2 0
214.491 0.997317 0.997317 2 2 0
213.991 0.997263 0.997263 2 2 0
213.491 0.997208 0.997208 2 2 0
212.991 0.997151 0.997151 2 2 0
212.491 0.997094 0.997094 2 2 0
211.991 0.997035 0.997035 2 2 0
211.491 0.996975 0.996975 2 2 0
210.991 0.996914 0.996914 2 2 0
210.491 0.996852 0.996852 2 2 0
209.991 0.996788 0.996788 2 2 0
209.491 0.996724 0.996724 2 2 0
208.991 0.996657 0.996657 2 2 0
208.491 0.99659 0.99659 2 2 0
207.991 0.996521 0.996521 2 2 0
207.491 0.996451 0.996451 2 2 0
206.991 0.996379 0.996379 2 2 0
206.491 0.996306 0.996306 2 2 0
205.991 0.996232 0.996232 2 2 0
205.491 0.996156 0.996156 2 2 0
204.991 0.996078 0.996078 2 2 0
204.491 0.995999 0.995999 2 2 0
203.991 0.995918 0.995918 2 2 0
203.491 0.995836 0.995836 2 2 0
202.991 0.995752 0.995752 2 2 0
202.491 0.995666 0.995666 2 2 0
201.991 0.995579 0.995579 2 2 0
201.491 0.99549 0.99549 2 2 0
200.991 0.995399 0.995399 2 2 0
200.491 0.995306 0.995306 2 2 0
199.991 0.995211 0.995211 2 2 0
199.491 0.995115 0.995115 2 2 0
198.991 0.995016 0.995016 2 2 0
198.491 0.994916 0.994916 2 2 0
197.991 0.994813 0.994813 2 2 0
197.491 0.994709 0.994709 2 2 0
196.991 0.994602 0.994602 2 2 0
196.491 0.994493 0.994493 2 2 0
195.991 0.994382 0.994382 2 2 0
195.491 0.994269 0.994269 2 2 0
194.991 0.994153 0.994153 2 2 0
194.491 0.994035 0.994035 2 2 0
193.991 0.993915 0.993915 2 2 0
193.491 0.993792 0.993792 2 2 0
192.991 0.993667 0.993667 2 2 0
192.491 0.99354 0.99354 2 2 0
191.991 0.993409 0.993409 2 2 0
191.491 0.993277 0.993277 2 2 0
190.991 0.993141 0.993141 2 2 0
190.491 0.993003 0.993003 2 2 0
189.991 0.992862 0.992862 2 2 0
189.491 0.992718 0.992718 2 2 0
188.991 0.992572 0.992572 2 2 0
188.491 0.992422 0.992422 2 2 0
187.991 0.992269 0.992269 2 2 0
187.491 0.992114 0.992114 2 2 0
186.991 0.991955 0.991955 2 2 0
186.491 0.991793 0.991793 2 2 0
185.991 0.991627 0.991627 2 2 0
185.491 0.991459 0.991459 2 2 0
184.991 0.991287 0.991287 2 2 0
184.491 0.991112 0.991112 2 2 0
183.991 0.990933 0.990933 2 2 0
183.491 0.99075 0.99075 2 2 0
182.991 0.990564 0.990564 2 2 0
182.491 0.990374 0.990374 2 2 0
181.991 0.99018 0.99018 2 2 0
181.491 0.989983 0.989983 2 2 0
180.991 0.989781 0.989781 2 2 0
180.491 0.989576 0.989576 2 2 0
179.991 0.989366 0.989366 2 2 0
179.491 0.989152 0.989152 2 2 0
178.991 0.988934 0.988934 2 2 0
178.491 0.988712 0.988712 2 2 0
177.991 0.988485 0.988485 2 2 0
177.491 0.988253 0.988253 2 2 0
176.991 0.988017 0.988017 2 2 0
176.491 0.987776 0.987776 2 2 0
175.991 0.987531 0.987531 2 2 0
273.631 0.999748 0.999748 2 2 0
273.671 0.999748 0.999748 2 2 0
273.711 0.999749 0.999749 2 2 0
273.791 0.99975 0.99975 2 2 0
273.951 0.999751 0.999751 2 2 0
274.271 0.999754 0.999754 2 2 0
274.771 0.999759 0.999759 2 2 0
275.271 0.999764 0.999764 2 2 0
275.771 0.999769 0.999769 2 2 0
276.271 0.999773 0.999773 2 2 0
276.771 0.999778 0.999778 2 2 0
277.271 0.999782 0.999782 2 2 0
277.771 0.999786 0.999786 2 2 0
278.271 0.999791 0.999791 2 2 0
278.771 0.999795 0.999795 2 2 0
279.271 0.999799 0.999799 2 2 0
279.771 0.999803 0.999803 2 2 0
280.271 0.999807 0.999807 2 2 0
280.771 0.999811 0.999811 2 2 0
281.271 0.999814 0.999814 2 2 0
281.771 0.999818 0.999818 2 2 0
282.271 0.999822 0.999822 2 2 0
282.771 0.999825 0.999825 2 2 0
283.271 0.999829 0.999829 2 2 0
283.771 0.999832 0.999832 2 2 0
284.271 0.999835 0.999835 2 2 0
284.771 0.999839 0.999839 2 2 0
285.271 0.999842 0.999842 2 2 0
285.771 0.999845 0.999845 2 2 0
286.271 0.999848 0.999848 2 2 0
286.771 0.999851 0.999851 2 2 0
287.271 0.999854 0.999854 2 2 0
287.771 0.999857 0.999857 2 2 0
288.271 0.99986 0.99986 2 2 0
288.771 0.999862 0.999862 2 2 0
289.271 0.999865 0.999865 2 2 0
289.771 0.999868 0.999868 2 2 0
290.271 0.99987 0.99987 2 2 0
290.771 0.999873 0.999873 2 2 0
291.271 0.999876 0.999876 2 2 0
291.771 0.999878 0.999878 2 2 0
292.271 0.99988 0.99988 2 2 0
292.771 0.999883 0.999883 2 2 0
293.271 0.999885 0.999885 2 2 0
293.771 0.999887 0.999887 2 2 0
294.271 0.99989 0.99989 2 2 0
294.771 0.999892 0.999892 2 2 0
295.271 0.999894 0.999894 2 2 0
295.771 0.999896 0.999896 2 2 0
296.271 0.999898 0.999898 2 2 0
296.771 0.9999 0.9999 2 2 0
297.271 0.999902 0.999902 2 2 0
297.771 0.999904 0.999904 2 2 0
298.271 0.999906 0.999906 2 2 0
298.771 0.999908 0.999908 2 2 0
299.271 0.99991 0.99991 2 2 0
299.771 0.999911 0.999911 2 2 0
300.271 0.999913 0.999913 2 2 0
300.771 0.999915 0.999915 2 2 0
301.271 0.999917 0.999917 2 2 0
301.771 0.999918 0.999918 2 2 0
302.271 0.99992 0.99992 2 2 0
302.771 0.999921 0.999921 2 2 0
303.271 0.999923 0.999923 2 2 0
303.771 0.999925 0.999925 2 2 0
304.271 0.999926 0.999926 2 2 0
304.771 0.999927 0.999927 2 2 0
305.271 0.999929 0.999929 2 2 0
305.771 0.99993 0.99993 2 2 0
306.271 0.999932 0.999932 2 2 0
306.771 0.999933 0.999933 2 2 0
307.271 0.999934 0.999934 2 2 0
307.771 0.999936 0.999936 2 2 0
308.271 0.999937 0.999937 2 2 0
308.771 0.999938 0.999938 2 2 0
309.271 0.999939 0.999939 2 2 0
309.771 0.999941 0.999941 2 2 0
310.271 0.999942 0.999942 2 2 0
310.771 0.999943 0.999943 2 2 0
311.271 0.999944 0.999944 2 2 0
311.771 0.999945 0.999945 2 2 0
312.271 0.999946 0.999946 2 2 0
312.771 0.999947 0.999947 2 2 0
313.271 0.999948 0.999948 2 2 0
313.771 0.999949 0.999949 2 2 0
314.271 0.99995 0.99995 2 2 0
314.771 0.999951 0.999951 2 2 0
315.271 0.999952 0.999952 2 2 0
315.771 0.999953 0.999953 2 2 0
316.271 0.999954 0.999954 2 2 0
316.771 0.999955 0.999955 2 2 0
317.271 0.999956 0.999956 2 2 0
317.771 0.999957 0.999957 2 2 0
318.271 0.999958 0.999958 2 2 0
318.771 0.999959 0.999959 2 2 0
319.271 0.999959 0.999959 2 2 0
319.771 0.99996 0.99996 2 2 0
320.271 0.999961 0.999961 2 2 0
320.771 0.999962 0.999962 2 2 0
321.271 0.999963 0.999963 2 2 0
321.771 0.999963 0.999963 2 2 0
322.271 0.999964 0.999964 2 2 0
322.771 0.999965 0.999965 2 2 0
323.271 0.999965 0.999965 2 2 0
323.771 0.999966 0.999966 2 2 0
324.271 0.999967 0.999967 2 2 0
324.771 0.999967 0.999967 2 2 0
325.271 0.999968 0.999968 2 2 0
325.771 0.999969 0.999969 2 2 0
326.271 0.999969 0.999969 2 2 0
326.771 0.99997 0.99997 2 2 0
327.271 0.999971 0.999971 2 2 0
327.771 0.999971 0.999971 2 2 0
328.271 0.999972 0.999972 2 2 0
328.771 0.999972 0.999972 2 2 0
329.271 0.999973 0.999973 2 2 0
329.771 0.999973 0.999973 2 2 0
330.271 0.999974 0.999974 2 2 0
330.771 0.999974 0.999974 2 2 0
331.271 0.999975 0.999975 2 2 0
331.771 0.999975 0.999975 2 2 0
332.271 0.999976 0.999976 2 2 0
332.771 0.999976 0.999976 2 2 0
333.271 0.999977 0.999977 2 2 0
333.771 0.999977 0.999977 2 2 0
334.271 0.999978 0.999978 2 2 0
334.771 0.999978 0.999978 2 2 0
335.271 0.999979 0.999979 2 2 0
335.771 0.999979 0.999979 2 2 0
336.271 0.999979 0.999979 2 2 0
336.771 0.99998 0.99998 2 2 0
337.271 0.99998 0.99998 2 2 0
337.771 0.999981 0.999981 2 2 0
338.271 0.999981 0.999981 2 2 0
338.771 0.999981 0.999981 2 2 0
339.271 0.999982 0.999982 2 2 0
339.771 0.999982 0.999982 2 2 0
340.271 0.999982 0.999982 2 2 0
340.771 0.999983 0.999983 2 2 0
341.271 0.999983 0.999983 2 2 0
341.771 0.999983 0.999983 2 2 0
342.271 0.999984 0.999984 2 2 0
342.771 0.999984 0.999984 2 2 0
343.271 0.999984 0.999984 2 2 0
343.771 0.999985 0.999985 2 2 0
344.271 0.999985 0.999985 2 2 0
344.771 0.999985 0.999985 2 2 0
345.271 0.999986 0.999986 2 2 0
345.771 0.999986 0.999986 2 2 0
346.271 0.999986 0.999986 2 2 0
346.771 0.999986 0.999986 2 2 0
347.271 0.999987 0.999987 2 2 0
347.771 0.999987 0.999987 2 2 0
348.271 0.999987 0.999987 2 2 0
348.771 0.999988 0.999988 2 2 0
349.271 0.999988 0.999988 2 2 0
349.771 0.999988 0.999988 2 2 0
350.271 0.999988 0.999988 2 2 0
350.771 0.999988 0.999988 2 2 0
351.271 0.999989 0.999989 2 2 0
351.771 0.999989 0.999989 2 2 0
352.271 0.999989 0.999989 2 2 0
352.771 0.999989 0.999989 2 2 0
353.271 0.99999 0.99999 2 2 0
353.771 0.99999 0.99999 2 2 0
354.271 0.99999 0.99999 2 2 0
354.771 0.99999 0.99999 2 2 0
355.271 0.99999 0.99999 2 2 0
355.771 0.999991 0.999991 2 2 0
356.271 0.999991 0.999991 2 2 0
356.771 0.999991 0.999991 2 2 0
357.271 0.999991 0.999991 2 2 0
357.771 0.999991 0.999991 2 2 0
358.271 0.999991 0.999991 2 2 0
358.771 0.999992 0.999992 2 2 0
359.271 0.999992 0.999992 2 2 0
359.771 0.999992 0.999992 2 2 0
360.271 0.999992 0.999992 2 2 0
360.771 0.999992 0.999992 2 2 0
361.271 0.999992 0.999992 2 2 0
361.771 0.999993 0.999993 2 2 0
362.271 0.999993 0.999993 2 2 0
362.771 0.999993 0.999993 2 2 0
363.271 0.999993 0.999993 2 2 0
363.771 0.999993 0.999993 2 2 0
364.271 0.999993 0.999993 2 2 0
364.771 0.999993 0.999993 2 2 0
365.271 0.999994 0.999994 2 2 0
365.771 0.999994 0.999994 2 2 0
366.271 0.999994 0.999994 2 2 0
366.771 0.999994 0.999994 2 2 0
367.271 0.999994 0.999994 2 2 0
367.771 0.999994 0.999994 2 2 0
368.271 0.999994 0.999994 2 2 0
368.771 0.999994 0.999994 2 2 0
369.271 0.999995 0.999995 2 2 0
369.771 0.999995 0.999995 2 2 0
370.271 0.999995 0.999995 2 2 0
370.771 0.999995 0.999995 2 2 0
371.271 0.999995 0.999995 2 2 0
371.271 0.999995 0.999995 2 2 0
371.311 0.999995 0.999995 2 2 0
371.351 0.999995 0.999995 2 2 0
371.431 0.999995 0.999995 2 2 0
371.591 0.999995 0.999995 2 2 0
371.911 0.999995 0.999995 2 2 0
372.411 0.999995 0.999995 2 2 0
372.911 0.999995 0.999995 2 2 0
373.411 0.999995 0.999995 2 2 0
373.911 0.999995 0.999995 2 2 0
374.411 0.999996 0.999996 2 2 0
374.911 0.999996 0.999996 2 2 0
375.411 0.999996 0.999996 2 2 0
375.911 0.999996 0.999996 2 2 0
376.411 0.999996 0.999996 2 2 0
376.911 0.999996 0.999996 2 2 0
377.411 0.999996 0.999996 2 2 0
377.911 0.999996 0.999996 2 2 0
378.411 0.999996 0.999996 2 2 0
378.911 0.999996 0.999996 2 2 0
379.411 0.999996 0.999996 2 2 0
379.911 0.999996 0.999996 2 2 0
380.411 0.999996 0.999996 2 2 0
380.911 0.999997 0.999997 2 2 0
381.411 0.999997 0.999997 2 2 0
381.911 0.999997 0.999997 2 2 0
382.411 0.999997 0.999997 2 2 0
382.911 0.999997 0.999997 2 2 0
383.411 0.999997 0.999997 2 2 0
383.911 0.999997 0.999997 2 2 0
384.411 0.999997 0.999997 2 2 0
384.911 0.999997 0.999997 2 2 0
385.411 0.999997 0.999997 2 2 0
385.911 0.999997 0.999997 2 2 0
386.411 0.999997 0.999997 2 2 0
386.911 0.999997 0.999997 2 2 0
387.411 0.999997 0.999997 2 2 0
387.911 0.999997 0.999997 2 2 0
388.411 0.999997 0.999997 2 2 0
388.911 0.999997 0.999997 2 2 0
389.411 0.999998 0.999998 2 2 0
389.911 0.999998 0.999998 2 2 0
390.411 0.999998 0.999998 2 2 0
390.911 0.999998 0.999998 2 2 0
391.411 0.999998 0.999998 2 2 0
391.911 0.999998 0.999998 2 2 0
392.411 0.999998 0.999998 2 2 0
392.911 0.999998 0.999998 2 2 0
393.411 0.999998 0.999998 2 2 0
393.911 0.999998 0.999998 2 2 0
394.411 0.999998 0.999998 2 2 0
394.911 0.999998 0.999998 2 2 0
395.411 0.999998 0.999998 2 2 0
395.911 0.999998 0.999998 2 2 0
396.411 0.999998 0.999998 2 2 0
396.911 0.999998 0.999998 2 2 0
397.411 0.999998 0.999998 2 2 0
397.911 0.999998 0.999998 2 2 0
398.411 0.999998 0.999998 2 2 0
398.911 0.999998 0.999998 2 2 0
399.411 0.999998 0.999998 2 2 0
399.911 0.999998 0.999998 2 2 0
400.411 0.999998 0.999998 2 2 0
400.911 0.999998 0.999998 2 2 0
401.411 0.999998 0.999998 2 2 0
401.911 0.999999 0.999999 2 2 0
402.411 0.999999 0.999999 2 2 0
402.911 0.999999 0.999999 2 2 0
403.411 0.999999 0.999999 2 2 0
403.911 0.999999 0.999999 2 2 0
404.411 0.999999 0.999999 2 2 0
404.911 0.999999 0.999999 2 2 0
405.411 0.999999 0.999999 2 2 0
405.911 0.999999 0.999999 2 2 0
406.411 0.999999 0.999999 2 2 0
406.911 0.999999 0.999999 2 2 0
407.411 0.999999 0.999999 2 2 0
407.911 0.999999 0.999999 2 2 0
408.411 0.999999 0.999999 2 2 0
408.911 0.999999 0.999999 2 2 0
409.411 0.999999 0.999999 2 2 0
409.911 0.999999 0.999999 2 2 0
410.411 0.999999 0.999999 2 2 0
410.911 0.999999 0.999999 2 2 0
411.411 0.999999 0.999999 2 2 0
411.911 0.999999 0.999999 2 2 0
412.411 0.999999 0.999999 2 2 0
412.911 0.999999 0.999999 2 2 0
413.411 0.999999 0.999999 2 2 0
413.911 0.999999 0.999999 2 2 0
414.411 0.999999 0.999999 2 2 0
414.911 0.999999 0.999999 2 2 0
415.411 0.999999 0.999999 2 2 0
415.911 0.999999 0.999999 2 2 0
416.411 0.999999 0.999999 2 2 0
416.911 0.999999 0.999999 2 2 0
417.411 0.999999 0.999999 2 2 0
417.911 0.999999 0.999999 2 2 0
418.411 0.999999 0.999999 2 2 0
418.911 0.999999 0.999999 2 2 0
419.411 0.999999 0.999999 2 2 0
419.911 0.999999 0.999999 2 2 0
420.411 0.999999 0.999999 2 2 0
420.911 0.999999 0.999999 2 2 0
421.411 0.999999 0.999999 2 2 0
421.911 0.999999 0.999999 2 2 0
422.411 0.999999 0.999999 2 2 0
422.911 0.999999 0.999999 2 2 0
423.411 0.999999 0.999999 2 2 0
423.911 0.999999 0.999999 2 2 0
424.411 0.999999 0.999999 2 2 0
424.911 0.999999 0.999999 2 2 0
425.411 0.999999 0.999999 2 2 0
425.911 0.999999 0.999999 2 2 0
426.411 0.999999 0.999999 2 2 0
426.911 0.999999 0.999999 2 2 0
427.411 0.999999 0.999999 2 2 0
427.911 0.999999 0.999999 2 2 0
428.411 0.999999 0.999999 2 2 0
428.911 0.999999 0.999999 2 2 0
429.411 1 1 2 2 0
429.911 1 1 2 2 0
430.411 1 1 2 2 0
430.911 1 1 2 2 0
431.411 1 1 2 2 0
431.911 1 1 2 2 0
432.411 1 1 2 2 0
432.911 1 1 2 2 0
433.411 1 1 2 2 0
433.911 1 1 2 2 0
434.411 1 1 2 2 0
434.911 1 1 2 2 0
435.411 1 1 2 2 0
435.911 1 1 2 2 0
436.411 1 1 2 2 0
436.911 1 1 2 2 0
437.411 1 1 2 2 0
437.911 1 1 2 2 0
438.411 1 1 2 2 0
438.911 1 1 2 2 0
439.411 1 1 2 2 0
439.911 1 1 2 2 0
440.411 1 1 2 2 0
440.911 1 1 2 2 0
441.411 1 1 2 2 0
441.911 1 1 2 2 0
442.411 1 1 2 2 0
442.911 1 1 2 2 0
443.411 1 1 2 2 0
443.911 1 1 2 2 0
444.411 1 1 2 2 0
444.911 1 1 2 2 0
445.411 1 1 2 2 0
445.911 1 1 2 2 0
446.411 1 1 2 2 0
446.911 1 1 2 2 0
447.411 1 1 2 2 0
447.911 1 1 2 2 0
448.411 1 1 2 2 0
448.911 1 1 2 2 0
449.411 1 1 2 2 0
449.911 1 1 2 2 0
450.411 1 1 2 2 0
450.911 1 1 2 2 0
451.411 1 1 2 2 0
451.911 1 1 2 2 0
452.411 1 1 2 2 0
452.911 1 1 2 2 0
453.411 1 1 2 2 0
453.911 1 1 2 2 0
454.411 1 1 2 2 0
454.911 1 1 2 2 0
455.411 1 1 2 2 0
455.911 1 1 2 2 0
456.411 1 1 2 2 0
456.911 1 1 2 2 0
457.411 1 1 2 2 0
457.911 1 1 2 2 0
458.411 1 1 2 2 0
458.911 1 1 2 2 0
459.411 1 1 2 2 0
459.911 1 1 2 2 0
460.411 1 1 2 2 0
460.911 1 1 2 2 0
461.411 1 1 2 2 0
461.911 1 1 2 2 0
462.411 1 1 2 2 0
462.911 1 1 2 2 0
463.411 1 1 2 2 0
463.911 1 1 2 2 0
464.411 1 1 2 2 0
464.911 1 1 2 2 0
465.411 1 1 2 2 0
465.911 1 1 2 2 0
466.411 1 1 2 2 0
466.911 1 1 2 2 0
467.411 1 1 2 2 0
467.911 1 1 2 2 0
468.411 1 1 2 2 0
468.911 1 1 2 2 0
468.911 1 1 2 2 0
468.951 1 1 2 2 0
468.991 1 1 2 2 0
469.071 1 1 2 2 0
469.231 1 1 2 2 0
469.551 1 1 2 2 0
470.051 1 1 2 2 0
470.551 1 1 2 2 0
471.051 1 1 2 2 0
471.551 1 1 2 2 0
472.051 1 1 2 2 0
472.551 1 1 2 2 0
473.051 1 1 2 2 0
473.551 1 1 2 2 0
474.051 1 1 2 2 0
474.551 1 1 2 2 0
475.051 1 1 2 2 0
475.551 1 1 2 2 0
476.051 1 1 2 2 0
476.551 1 1 2 2 0
477.051 1 1 2 2 0
477.551 1 1 2 2 0
478.051 1 1 2 2 0
478.551 1 1 2 2 0
479.051 1 1 2 2 0
479.551 1 1 2 2 0
480.051 1 1 2 2 0
480.551 1 1 2 2 0
481.051 1 1 2 2 0
481.551 1 1 2 2 0
482.051 1 1 2 2 0
482.551 1 1 2 2 0
483.051 1 1 2 2 0
483.551 1 1 2 2 0
484.051 1 1 2 2 0
484.551 1 1 2 2 0
485.051 1 1 2 2 0
485.551 1 1 2 2 0
486.051 1 1 2 2 0
486.551 1 1 2 2 0
487.051 1 1 2 2 0
487.551 1 1 2 2 0
488.051 1 1 2 2 0
488.551 1 1 2 2 0
489.051 1 1 2 2 0
489.551 1 1 2 2 0
490.051 1 1 2 2 0
490.551 1 1 2 2 0
491.051 1 1 2 2 0
491.551 1 1 2 2 0
492.051 1 1 2 2 0
492.551 1 1 2 2 0
493.051 1 1 2 2 0
493.551 1 1 2 2 0
494.051 1 1 2 2 0
494.551 1 1 2 2 0
495.051 1 1 2 2 0
495.551 1 1 2 2 0
496.051 1 1 2 2 0
496.551 1 1 2 2 0
497.051 1 1 2 2 0
497.551 1 1 2 2 0
498.051 1 1 2 2 0
498.551 1 1 2 2 0
499.051 1 1 2 2 0
499.551 1 1 2 2 0
500.051 1 1 2 2 0
500.551 1 1 2 2 0
501.051 1 1 2 2 0
501.551 1 1 2 2 0
502.051 1 1 2 2 0
502.551 1 1 2 2 0
503.051 1 1 2 2 0
503.551 1 1 2 2 0
504.051 1 1 2 2 0
504.551 1 1 2 2 0
505.051 1 1 2 2 0
505.551 1 1 2 2 0
506.051 1 1 2 2 0
506.551 1 1 2 2 0
507.051 1 1 2 2 0
507.551 1 1 2 2 0
508.051 1 1 2 2 0
508.551 1 1 2 2 0
509.051 1 1 2 2 0
509.551 1 1 2 2 0
510.051 1 1 2 2 0
510.551 1 1 2 2 0
511.051 1 1 2 2 0
511.551 1 1 2 2 0
512.051 1 1 2 2 0
512.551 1 1 2 2 0
513.051 1 1 2 2 0
513.551 1 1 2 2 0
514.051 1 1 2 2 0
514.551 1 1 2 2 0
515.051 1 1 2 2 0
515.551 1 1 2 2 0
516.051 1 1 2 2 0
516.551 1 1 2 2 0
517.051 1 1 2 2 0
517.551 1 1 2 2 0
518.051 1 1 2 2 0
518.551 1 1 2 2 0
519.051 1 1 2 2 0
519.551 1 1 2 2 0
520.051 1 1 2 2 0
520.551 1 1 2 2 0
521.051 1 1 2 2 0
521.551 1 1 2 2 0
522.051 1 1 2 2 0
522.551 1 1 2 2 0
523.051 1 1 2 2 0
523.551 1 1 2 2 0
524.051 1 1 2 2 0
524.551 1 1 2 2 0
525.051 1 1 2 2 0
525.551 1 1 2 2 0
526.051 1 1 2 2 0
526.551 1 1 2 2 0
527.051 1 1 2 2 0
527.551 1 1 2 2 0
528.051 1 1 2 2 0
528.551 1 1 2 2 0
529.051 1 1 2 2 0
529.551 1 1 2 2 0
530.051 1 1 2 2 0
530.551 1 1 2 2 0
531.051 1 1 2 2 0
531.551 1 1 2 2 0
532.051 1 1 2 2 0
532.551 1 1 2 2 0
533.051 1 1 2 2 0
533.551 1 1 2 2 0
534.051 1 1 2 2 0
534.551 1 1 2 2 0
535.051 1 1 2 2 0
535.551 1 1 2 2 0
536.051 1 1 2 2 0
536.551 1 1 2 2 0
537.051 1 1 2 2 0
537.551 1 1 2 2 0
538.051 1 1 2 2 0
538.551 1 1 2 2 0
539.051 1 1 2 2 0
539.551 1 1 2 2 0
540.051 1 1 2 2 0
540.551 1 1 2 2 0
541.051 1 1 2 2 0
541.551 1 1 2 2 0
542.051 1 1 2 2 0
542.551 1 1 2 2 0
543.051 1 1 2 2 0
543.551 1 1 2 2 0
544.051 1 1 2 2 0
544.551 1 1 2 2 0
545.051 1 1 2 2 0
545.551 1 1 2 2 0
546.051 1 1 2 2 0
546.551 1 1 2 2 0
547.051 1 1 2 2 0
547.551 1 1 2 2 0
548.051 1 1 2 2 0
548.551 1 1 2 2 0
549.051 1 1 2 2 0
549.551 1 1 2 2 0
550.051 1 1 2 2 0
550.551 1 1 2 2 0
551.051 1 1 2 2 0
551.551 1 1 2 2 0
552.051 1 1 2 2 0
552.551 1 1 2 2 0
553.051 1 1 2 2 0
553.551 1 1 2 2 0
554.051 1 1 2 2 0
554.551 1 1 2 2 0
555.051 1 1 2 2 0
555.551 1 1 2 2 0
556.051 1 1 2 2 0
556.551 1 1 2 2 0
557.051 1 1 2 2 0
557.551 1 1 2 2 0
558.051 1 1 2 2 0
558.551 1 1 2 2 0
559.051 1 1 2 2 0
559.551 1 1 2 2 0
560.051 1 1 2 2 0
560.551 1 1 2 2 0
561.051 1 1 2 2 0
561.551 1 1 2 2 0
562.051 1 1 2 2 0
562.551 1 1 2 2 0
563.051 1 1 2 2 0
563.551 1 1 2 2 0
564.051 1 1 2 2 0
564.551 1 1 2 2 0
565.051 1 1 2 2 0
565.551 1 1 2 2 0
566.051 1 1 2 2 0
566.551 1 1 2 2 0
566.551 1 1 2 2 0
566.591 1 1 2 2 0
566.631 1 1 2 2 0
566.711 1 1 2 2 0
566.871 1 1 2 2 0
567.191 1 1 2 2 0
567.691 1 1 2 2 0
568.191 1 1 2 2 0
568.691 1 1 2 2 0
569.191 1 1 2 2 0
569.691 1 1 2 2 0
570.191 1 1 2 2 0
570.691 1 1 2 2 0
571.191 1 1 2 2 0
571.691 1 1 2 2 0
572.191 1 1 2 2 0
572.691 1 1 2 2 0
573.191 1 1 2 2 0
573.691 1 1 2 2 0
574.191 1 1 2 2 0
574.691 1 1 2 2 0
575.191 1 1 2 2 0
575.691 1 1 2 2 0
576.191 1 1 2 2 0
576.691 1 1 2 2 0
577.191 1 1 2 2 0
577.691 1 1 2 2 0
578.191 1 1 2 2 0
578.691 1 1 2 2 0
579.191 1 1 2 2 0
579.691 1 1 2 2 0
580.191 1 1 2 2 0
580.691 1 1 2 2 0
581.191 1 1 2 2 0
581.691 1 1 2 2 0
582.191 1 1 2 2 0
582.691 1 1 2 2 0
583.191 1 1 2 2 0
583.691 1 1 2 2 0
584.191 1 1 2 2 0
584.691 1 1 2 2 0
585.191 1 1 2 2 0
585.691 1 1 2 2 0
586.191 1 1 2 2 0
586.691 1 1 2 2 0
587.191 1 1 2 2 0
587.691 1 1 2 2 0
588.191 1 1 2 2 0
588.691 1 1 2 2 0
589.191 1 1 2 2 0
589.691 1 1 2 2 0
590.191 1 1 2 2 0
590.691 1 1 2 2 0
591.191 1 1 2 2 0
591.691 1 1 2 2 0
592.191 1 1 2 2 0
592.691 1 1 2 2 0
593.191 1 1 2 2 0
593.691 1 1 2 2 0
594.191 1 1 2 2 0
594.691 1 1 2 2 0
595.191 1 1 2 2 0
595.691 1 1 2 2 0
596.191 1 1 2 2 0
596.691 1 1 2 2 0
597.191 1 1 2 2 0
597.691 1 1 2 2 0
598.191 1 1 2 2 0
598.691 1 1 2 2 0
599.191 1 1 2 2 0
599.691 1 1 2 2 0
600.191 1 1 2 2 0
600.691 1 1 2 2 0
601.191 1 1 2 2 0
601.691 1 1 2 2 0
602.191 1 1 2 2 0
602.691 1 1 2 2 0
603.191 1 1 2 2 0
603.691 1 1 2 2 0
604.191 1 1 2 2 0
604.691 1 1 2 2 0
605.191 1 1 2 2 0
605.691 1 1 2 2 0
606.191 1 1 2 2 0
606.691 1 1 2 2 0
607.191 1 1 2 2 0
607.691 1 1 2 2 0
608.191 1 1 2 2 0
608.691 1 1 2 2 0
609.191 1 1 2 2 0
609.691 1 1 2 2 0
610.191 1 1 2 2 0
610.691 1 1 2 2 0
611.191 1 1 2 2 0
611.691 1 1 2 2 0
612.191 1 1 2 2 0
612.691 1 1 2 2 0
613.191 1 1 2 2 0
613.691 1 1 2 2 0
614.191 1 1 2 2 0
614.691 1 1 2 2 0
615.191 1 1 2 2 0
615.691 1 1 2 2 0
616.191 1 1 2 2 0
616.691 1 1 2 2 0
617.191 1 1 2 2 0
617.691 1 1 2 2 0
618.191 1 1 2 2 0
618.691 1 1 2 2 0
619.191 1 1 2 2 0
619.691 1 1 2 2 0
620.191 1 1 2 2 0
620.691 1 1 2 2 0
621.191 1 1 2 2 0
621.691 1 1 2 2 0
622.191 1 1 2 2 0
622.691 1 1 2 2 0
623.191 1 1 2 2 0
623.691 1 1 2 2 0
624.191 1 1 2 2 0
624.691 1 1 2 2 0
625.191 1 1 2 2 0
625.691 1 1 2 2 0
626.191 1 1 2 2 0
626.691 1 1 2 2 0
627.191 1 1 2 2 0
627.691 1 1 2 2 0
628.191 1 1 2 2 0
628.691 1 1 2 2 0
629.191 1 1 2 2 0
629.691 1 1 2 2 0
630.191 1 1 2 2 0
630.691 1 1 2 2 0
631.191 1 1 2 2 0
631.691 1 1 2 2 0
632.191 1 1 2 2 0
632.691 1 1 2 2 0
633.191 1 1 2 2 0
633.691 1 1 2 2 0
634.191 1 1 2 2 0
634.691 1 1 2 2 0
635.191 1 1 2 2 0
635.691 1 1 2 2 0
636.191 1 1 2 2 0
636.691 1 1 2 2 0
637.191 1 1 2 2 0
637.691 1 1 2 2 0
638.191 1 1 2 2 0
638.691 1 1 2 2 0
639.191 1 1 2 2 0
639.691 1 1 2 2 0
640.191 1 1 2 2 0
640.691 1 1 2 2 0
641.191 1 1 2 2 0
641.691 1 1 2 2 0
642.191 1 1 2 2 0
642.691 1 1 2 2 0
643.191 1 1 2 2 0
643.691 1 1 2 2 0
644.191 1 1 2 2 0
644.691 1 1 2 2 0
645.191 1 1 2 2 0
645.691 1 1 2 2 0
646.191 1 1 2 2 0
646.691 1 1 2 2 0
647.191 1 1 2 2 0
647.691 1 1 2 2 0
648.191 1 1 2 2 0
648.691 1 1 2 2 0
649.191 1 1 2 2 0
649.691 1 1 2 2 0
650.191 1 1 2 2 0
650.691 1 1 2 2 0
651.191 1 1 2 2 0
651.691 1 1 2 2 0
652.191 1 1 2 2 0
652.691 1 1 2 2 0
653.191 1 1 2 2 0
653.691 1 1 2 2 0
654.191 1 1 2 2 0
654.691 1 1 2 2 0
655.191 1 1 2 2 0
655.691 1 1 2 2 0
656.191 1 1 2 2 0
656.691 1 1 2 2 0
657.191 1 1 2 2 0
657.691 1 1 2 2 0
658.191 1 1 2 2 0
658.691 1 1 2 2 0
659.191 1 1 2 2 0
659.691 1 1 2 2 0
660.191 1 1 2 2 0
660.691 1 1 2 2 0
661.191 1 1 2 2 0
661.691 1 1 2 2 0
662.191 1 1 2 2 0
662.691 1 1 2 2 0
663.191 1 1 2 2 0
663.691 1 1 2 2 0
664.191 1 1 2 2 0
664.191 1 1 2 2 0
664.231 1 1 2 2 0
664.271 1 1 2 2 0
664.351 1 1 2 2 0
664.511 1 1 2 2 0
664.831 1 1 2 2 0
665.331 1 1 2 2 0
665.831 1 1 2 2 0
666.331 1 1 2 2 0
666.831 1 1 2 2 0
667.331 1 1 2 2 0
667.831 1 1 2 2 0
668.331 1 1 2 2 0
668.831 1 1 2 2 0
669.331 1 1 2 2 0
669.831 1 1 2 2 0
670.331 1 1 2 2 0
670.831 1 1 2 2 0
671.331 1 1 2 2 0
671.831 1 1 2 2 0
672.331 1 1 2 2 0
672.831 1 1 2 2 0
673.331 1 1 2 2 0
673.831 1 1 2 2 0
674.331 1 1 2 2 0
674.831 1 1 2 2 0
675.331 1 1 2 2 0
675.831 1 1 2 2 0
676.331 1 1 2 2 0
676.831 1 1 2 2 0
677.331 1 1 2 2 0
677.831 1 1 2 2 0
678.331 1 1 2 2 0
678.831 1 1 2 2 0
679.331 1 1 2 2 0
679.831 1 1 2 2 0
680.331 1 1 2 2 0
680.831 1 1 2 2 0
681.331 1 1 2 2 0
681.831 1 1 2 2 0
682.331 1 1 2 2 0
682.831 1 1 2 2 0
683.331 1 1 2 2 0
683.831 1 1 2 2 0
684.331 1 1 2 2 0
684.831 1 1 2 2 0
685.331 1 1 2 2 0
685.831 1 1 2 2 0
686.331 1 1 2 2 0
686.831 1 1 2 2 0
687.331 1 1 2 2 0
687.831 1 1 2 2 0
688.331 1 1 2 2 0
688.831 1 1 2 2 0
689.331 1 1 2 2 0
689.831 1 1 2 2 0
690.331 1 1 2 2 0
690.831 1 1 2 2 0
691.331 1 1 2 2 0
691.831 1 1 2 2 0
692.331 1 1 2 2 0
692.831 1 1 2 2 0
693.331 1 1 2 2 0
693.831 1 1 2 2 0
694.331 1 1 2 2 0
694.831 1 1 2 2 0
695.331 1 1 2 2 0
695.831 1 1 2 2 0
696.331 1 1 2 2 0
696.831 1 1 2 2 0
697.331 1 1 2 2 0
697.831 1 1 2 2 0
698.331 1 1 2 2 0
698.831 1 1 2 2 0
699.331 1 1 2 2 0
699.831 1 1 2 2 0
700.331 1 1 2 2 0
700.831 1 1 2 2 0
701.331 1 1 2 2 0
701.831 1 1 2 2 0
702.331 1 1 2 2 0
702.831 1 1 2 2 0
703.331 1 1 2 2 0
703.831 1 1 2 2 0
704.331 1 1 2 2 0
704.831 1 1 2 2 0
705.331 1 1 2 2 0
705.831 1 1 2 2 0
706.331 1 1 2 2 0
706.831 1 1 2 2 0
707.331 1 1 2 2 0
707.831 1 1 2 2 0
708.331 1 1 2 2 0
708.831 1 1 2 2 0
709.331 1 1 2 2 0
709.831 1 1 2 2 0
710.331 1 1 2 2 0
710.831 1 1 2 2 0
711.331 1 1 2 2 0
711.831 1 1 2 2 0
712.331 1 1 2 2 0
712.831 1 1 2 2 0
713.331 1 1 2 2 0
713.831 1 1 2 2 0
714.331 1 1 2 2 0
714.831 1 1 2 2 0
715.331 1 1 2 2 0
715.831 1 1 2 2 0
716.331 1 1 2 2 0
716.831 1 1 2 2 0
717.331 1 1 2 2 0
717.831 1 1 2 2 0
718.331 1 1 2 2 0
718.831 1 1 2 2 0
719.331 1 1 2 2 0
719.831 1 1 2 2 0
720.331 1 1 2 2 0
720.831 1 1 2 2 0
721.331 1 1 2 2 0
721.831 1 1 2 2 0
722.331 1 1 2 2 0
722.831 1 1 2 2 0
723.331 1 1 2 2 0
723.831 1 1 2 2 0
724.331 1 1 2 2 0
724.831 1 1 2 2 0
725.331 1 1 2 2 0
725.831 1 1 2 2 0
726.331 1 1 2 2 0
726.831 1 1 2 2 0
727.331 1 1 2 2 0
727.831 1 1 2 2 0
728.331 1 1 2 2 0
728.831 1 1 2 2 0
729.331 1 1 2 2 0
729.831 1 1 2 2 0
730.331 1 1 2 2 0
730.831 1 1 2 2 0
731.331 1 1 2 2 0
731.831 1 1 2 2 0
732.331 1 1 2 2 0
732.831 1 1 2 2 0
733.331 1 1 2 2 0
733.831 1 1 2 2 0
734.331 1 1 2 2 0
734.831 1 1 2 2 0
735.331 1 1 2 2 0
735.831 1 1 2 2 0
736.331 1 1 2 2 0
736.831 1 1 2 2 0
737.331 1 1 2 2 0
737.831 1 1 2 2 0
738.331 1 1 2 2 0
738.831 1 1 2 2 0
739.331 1 1 2 2 0
739.831 1 1 2 2 0
740.331 1 1 2 2 0
740.831 1 1 2 2 0
741.331 1 1 2 2 0
741.831 1 1 2 2 0
742.331 1 1 2 2 0
742.831 1 1 2 2 0
743.331 1 1 2 2 0
743.831 1 1 2 2 0
744.331 1 1 2 2 0
744.831 1 1 2 2 0
745.331 1 1 2 2 0
745.831 1 1 2 2 0
746.331 1 1 2 2 0
746.831 1 1 2 2 0
747.331 1 1 2 2 0
747.831 1 1 2 2 0
748.331 1 1 2 2 0
748.831 1 1 2 2 0
749.331 1 1 2 2 0
749.831 1 1 2 2 0
750.331 1 1 2 2 0
750.831 1 1 2 2 0
751.331 1 1 2 2 0
751.831 1 1 2 2 0
752.331 1 1 2 2 0
752.831 1 1 2 2 0
753.331 1 1 2 2 0
753.831 1 1 2 2 0
754.331 1 1 2 2 0
754.831 1 1 2 2 0
755.331 1 1 2 2 0
755.831 1 1 2 2 0
756.331 1 1 2 2 0
756.831 1 1 2 2 0
757.331 1 1 2 2 0
757.831 1 1 2 2 0
758.331 1 1 2 2 0
758.831 1 1 2 2 0
759.331 1 1 2 2 0
759.831 1 1 2 2 0
760.331 1 1 2 2 0
760.831 1 1 2 2 0
761.331 1 1 2 2 0
761.831 1 1 2 2 0
63.354 0.397379 0.397379 2 2 0
63.314 0.396929 0.396929 2 2 0
63.274 0.396479 0.396479 2 2 0
63.194 0.395579 0.395579 2 2 0
63.034 0.393782 0.393782 2 2 0
62.714 0.390197 0.390197 2 2 0
62.2141 0.384619 0.384619 2 2 0
61.7141 0.379073 0.379073 2 2 0
61.2141 0.373562 0.373562 2 2 0
60.7142 0.368086 0.368086 2 2 0
60.2142 0.362649 0.362649 2 2 0
59.7142 0.357253 0.357253 2 2 0
59.2143 0.351899 0.351899 2 2 0
58.7143 0.346589 0.346589 2 2 0
58.2144 0.341326 0.341326 2 2 0
57.7144 0.336113 0.336113 2 2 0
57.2144 0.33095 0.33095 2 2 0
56.7145 0.32584 0.32584 2 2 0
56.2145 0.320785 0.320785 2 2 0
55.7145 0.315786 0.315786 2 2 0
55.2146 0.310847 0.310847 2 2 0
54.7146 0.305969 0.305969 2 2 0
54.2146 0.301154 0.301154 2 2 0
53.7147 0.296404 0.296404 2 2 0
53.2147 0.29172 0.29172 2 2 0
52.7148 0.287105 0.287105 2 2 0
52.5625 0.285713 0.285713 1 2 0
52.0625 0.28119 0.28119 1 2 0
51.5626 0.276738 0.276738 1 2 0
51.0626 0.272361 0.272361 1 2 0
50.5626 0.268059 0.268059 1 2 0
50.0627 0.263834 0.263834 1 2 0
49.5627 0.259688 0.259688 1 2 0
49.0627 0.25562 0.25562 1 2 0
48.5628 0.251633 0.251633 1 2 0
48.0628 0.247728 0.247728 1 2 0
47.5628 0.243905 0.243905 1 2 0
47.0629 0.240166 0.240166 1 2 0
46.5629 0.23651 0.23651 1 2 0
46.0629 0.232939 0.232939 1 2 0
45.563 0.229452 0.229452 1 2 0
45.063 0.226051 0.226051 1 2 0
44.563 0.222735 0.222735 1 2 0
44.0631 0.219504 0.219504 1 2 0
43.5631 0.216358 0.216358 1 2 0
43.0631 0.213296 0.213296 1 2 0
42.5632 0.210318 0.210318 1 2 0
42.0632 0.207424 0.207424 1 2 0
41.5632 0.204612 0.204612 1 2 0
41.0632 0.201882 0.201882 1 2 0
40.5633 0.199233 0.199233 1 2 0
40.0633 0.196663 0.196663 1 2 0
39.5633 0.194172 0.194172 1 2 0
39.0634 0.191757 0.191757 1 2 0
38.5634 0.189418 0.189418 1 2 0
38.0634 0.187153 0.187153 1 2 0
37.5634 0.18496 0.18496 1 2 0
37.0635 0.182838 0.182838 1 2 0
36.5635 0.180784 0.180784 1 2 0
36.0635 0.178797 0.178797 1 2 0
35.5635 0.176876 0.176876 1 2 0
35.0635 0.175018 0.175018 1 2 0
34.5636 0.173221 0.173221 1 2 0
34.0636 0.171484 0.171484 1 2 0
33.5636 0.169805 0.169805 1 2 0
33.0636 0.168182 0.168182 1 2 0
32.5636 0.166613 0.166613 1 2 0
32.0637 0.165096 0.165096 1 2 0
31.5637 0.16363 0.16363 1 2 0
31.0637 0.162212 0.162212 1 2 0
30.5637 0.160841 0.160841 1 2 0
30.0637 0.159516 0.159516 1 2 0
29.5637 0.158234 0.158234 1 2 0
29.0637 0.156994 0.156994 1 2 0
28.5638 0.155795 0.155795 1 2 0
28.0638 0.154634 0.154634 1 2 0
27.5638 0.153511 0.153511 1 2 0
27.0638 0.152424 0.152424 1 2 0
26.5638 0.151371 0.151371 1 2 0
26.0638 0.150352 0.150352 1 2 0
25.5638 0.149365 0.149365 1 2 0
25.0638 0.148409 0.148409 1 2 0
24.5638 0.147482 0.147482 1 2 0
24.0639 0.146584 0.146584 1 2 0
23.5639 0.145713 0.145713 1 2 0
23.0639 0.144868 0.144868 1 2 0
22.5639 0.144048 0.144048 1 2 0
22.0639 0.143253 0.143253 1 2 0
21.5639 0.142482 0.142482 1 2 0
21.0639 0.141732 0.141732 1 2 0
20.5639 0.141005 0.141005 1 2 0
20.0639 0.140298 0.140298 1 2 0
19.5639 0.139611 0.139611 1 2 0
19.0639 0.138944 0.138944 1 2 0
18.5639 0.138295 0.138295 1 2 0
18.0639 0.137664 0.137664 1 2 0
17.5639 0.13705 0.13705 1 2 0
17.064 0.136452 0.136452 1 2 0
16.564 0.135871 0.135871 1 2 0
16.064 0.135305 0.135305 1 2 0
15.564 0.134754 0.134754 1 2 0
15.064 0.134217 0.134217 1 2 0
14.564 0.133694 0.133694 1 2 0
14.064 0.133184 0.133184 1 2 0
13.564 0.132687 0.132687 1 2 0
13.064 0.132202 0.132202 1 2 0
12.564 0.13173 0.13173 1 2 0
12.064 0.131269 0.131269 1 2 0
11.564 0.130819 0.130819 1 2 0
11.064 0.130379 0.130379 1 2 0
10.564 0.129951 0.129951 1 2 0
10.064 0.129532 0.129532 1 2 0
9.56401 0.129123 0.129123 1 2 0
9.06402 0.128723 0.128723 1 2 0
8.56402 0.128333 0.128333 1 2 0
8.06402 0.127951 0.127951 1 2 0
7.56402 0.127578 0.127578 1 2 0
7.06403 0.127213 0.127213 1 2 0
6.56403 0.126856 0.126856 1 2 0
6.06403 0.126507 0.126507 1 2 0
5.56403 0.126165 0.126165 1 2 0
5.06404 0.125831 0.125831 1 2 0
4.56404 0.125503 0.125503 1 2 0
4.06404 0.125183 0.125183 1 2 0
3.56404 0.124869 0.124869 1 2 0
3.06404 0.124561 0.124561 1 2 0
2.56405 0.12426 0.12426 1 2 0
2.06405 0.123965 0.123965 1 2 0
1.56405 0.123676 0.123676 1 2 0
1.06405 0.123392 0.123392 1 2 0
0.564054 0.123114 0.123114 1 2 0
0.0640552 0.122842 0.122842 1 2 0
-0.435943 0.122574 0.122574 1 2 0
52.5625 0.285713 0.285713 2 3 0
54.4697 0.285714 0.285714 1 3 0
54.4747 0.285714 0.285714 1 3 0
54.4772 0.285714 0.285714 1 3 0
54.4822 0.285714 0.285714 1 3 0
54.4922 0.285714 0.285714 1 3 0
54.5122 0.285714 0.285714 1 3 0
54.5522 0.285714 0.285714 1 3 0
54.6322 0.285714 0.285714 1 3 0
54.7922 0.285714 0.285714 1 3 0
55.1122 0.285714 0.285714 1 3 0
55.6122 0.285714 0.285714 1 3 0
56.1122 0.285714 0.285714 1 3 0
56.6122 0.285714 0.285714 1 3 0
57.1122 0.285714 0.285714 1 3 0
57.6122 0.285714 0.285714 1 3 0
58.1122 0.285714 0.285714 1 3 0
58.6122 0.285714 0.285714 1 3 0
59.1122 0.285714 0.285714 1 3 0
59.6122 0.285714 0.285714 1 3 0
60.1122 0.285714 0.285714 1 3 0
60.6122 0.285714 0.285714 1 3 0
61.1122 0.285714 0.285714 1 3 0
61.6122 0.285714 0.285714 1 3 0
62.1122 0.285714 0.285714 1 3 0
62.6122 0.285714 0.285714 1 3 0
63.1122 0.285714 0.285714 1 3 0
63.6122 0.285714 0.285714 1 3 0
64.1122 0.285714 0.285714 1 3 0
64.6122 0.285714 0.285714 1 3 0
65.1122 0.285714 0.285714 1 3 0
65.6122 0.285714 0.285714 1 3 0
66.1122 0.285714 0.285714 1 3 0
66.6122 0.285714 0.285714 1 3 0
67.1121 0.285714 0.285714 1 3 0
67.6121 0.285714 0.285714 1 3 0
68.1121 0.285714 0.285714 1 3 0
68.6121 0.285714 0.285714 1 3 0
69.1121 0.285714 0.285714 1 3 0
69.6121 0.285714 0.285714 1 3 0
70.1121 0.285714 0.285714 1 3 0
70.6121 0.285714 0.285714 1 3 0
71.1121 0.285714 0.285714 1 3 0
71.6121 0.285714 0.285714 1 3 0
72.1121 0.285714 0.285714 1 3 0
72.6121 0.285714 0.285714 1 3 0
73.1121 0.285714 0.285714 1 3 0
73.6121 0.285714 0.285714 1 3 0
74.1121 0.285714 0.285714 1 3 0
74.6121 0.285714 0.285714 1 3 0
75.1121 0.285714 0.285714 1 3 0
75.6121 0.285714 0.285714 1 3 0
76.1121 0.285714 0.285714 1 3 0
76.6121 0.285714 0.285714 1 3 0
77.1121 0.285714 0.285714 1 3 0
77.6121 0.285714 0.285714 1 3 0
78.1121 0.285714 0.285714 1 3 0
78.6121 0.285714 0.285714 1 3 0
79.1121 0.285714 0.285714 1 3 0
79.6121 0.285714 0.285714 1 3 0
80.1121 0.285714 0.285714 1 3 0
80.6121 0.285714 0.285714 1 3 0
81.1121 0.285714 0.285714 1 3 0
81.6121 0.285714 0.285714 1 3 0
82.1121 0.285714 0.285714 1 3 0
82.6121 0.285714 0.285714 1 3 0
83.1121 0.285714 0.285714 1 3 0
83.6121 0.285714 0.285714 1 3 0
84.1121 0.285714 0.285714 1 3 0
84.6121 0.285714 0.285714 1 3 0
85.1121 0.285714 0.285714 1 3 0
85.6121 0.285714 0.285714 1 3 0
86.1121 0.285714 0.285714 1 3 0
86.6121 0.285714 0.285714 1 3 0
87.1121 0.285714 0.285714 1 3 0
87.6121 0.285714 0.285714 1 3 0
88.1121 0.285714 0.285714 1 3 0
88.6121 0.285714 0.285714 1 3 0
89.1121 0.285714 0.285714 1 3 0
89.6121 0.285714 0.285714 1 3 0
90.1121 0.285714 0.285714 1 3 0
90.6121 0.285714 0.285714 1 3 0
91.1121 0.285714 0.285714 1 3 0
91.6121 0.285714 0.285714 1 3 0
92.1121 0.285714 0.285714 1 3 0
92.6121 0.285714 0.285714 1 3 0
93.1121 0.285714 0.285714 1 3 0
93.6121 0.285714 0.285714 1 3 0
94.1121 0.285714 0.285714 1 3 0
94.6121 0.285714 0.285714 1 3 0
95.1121 0.285714 0.285714 1 3 0
95.6121 0.285714 0.285714 1 3 0
96.1121 0.285714 0.285714 1 3 0
96.6121 0.285714 0.285714 1 3 0
97.1121 0.285714 0.285714 1 3 0
97.6121 0.285714 0.285714 1 3 0
98.1121 0.285714 0.285714 1 3 0
98.6121 0.285714 0.285714 1 3 0
99.1121 0.285714 0.285714 1 3 0
99.6121 0.285714 0.285714 1 3 0
100.112 0.285714 0.285714 1 3 0
100.612 0.285714 0.285714 1 3 0
101.112 0.285714 0.285714 1 3 0
101.612 0.285714 0.285714 1 3 0
102.112 0.285714 0.285714 1 3 0
102.612 0.285714 0.285714 1 3 0
103.112 0.285714 0.285714 1 3 0
103.612 0.285714 0.285714 1 3 0
104.112 0.285714 0.285714 1 3 0
104.612 0.285714 0.285714 1 3 0
105.112 0.285714 0.285714 1 3 0
105.612 0.285714 0.285714 1 3 0
106.112 0.285714 0.285714 1 3 0
106.612 0.285714 0.285714 1 3 0
107.112 0.285714 0.285714 1 3 0
107.612 0.285714 0.285714 1 3 0
108.112 0.285714 0.285714 1 3 0
108.612 0.285714 0.285714 1 3 0
109.112 0.285714 0.285714 1 3 0
109.612 0.285714 0.285714 1 3 0
110.112 0.285714 0.285714 1 3 0
110.612 0.285714 0.285714 1 3 0
111.112 0.285714 0.285714 1 3 0
111.612 0.285714 0.285714 1 3 0
112.112 0.285714 0.285714 1 3 0
112.612 0.285714 0.285714 1 3 0
113.112 0.285714 0.285714 1 3 0
113.612 0.285714 0.285714 1 3 0
114.112 0.285714 0.285714 1 3 0
114.612 0.285714 0.285714 1 3 0
115.112 0.285714 0.285714 1 3 0
115.612 0.285714 0.285714 1 3 0
116.112 0.285714 0.285714 1 3 0
116.612 0.285714 0.285714 1 3 0
117.112 0.285714 0.285714 1 3 0
117.612 0.285714 0.285714 1 3 0
118.112 0.285714 0.285714 1 3 0
118.612 0.285714 0.285714 1 3 0
119.112 0.285714 0.285714 1 3 0
119.612 0.285714 0.285714 1 3 0
120.112 0.285714 0.285714 1 3 0
120.612 0.285714 0.285714 1 3 0
121.112 0.285714 0.285714 1 3 0
121.612 0.285714 0.285714 1 3 0
122.112 0.285714 0.285714 1 3 0
122.612 0.285714 0.285714 1 3 0
123.112 0.285714 0.285714 1 3 0
123.612 0.285714 0.285714 1 3 0
124.112 0.285714 0.285714 1 3 0
124.612 0.285714 0.285714 1 3 0
125.112 0.285714 0.285714 1 3 0
125.612 0.285714 0.285714 1 3 0
126.112 0.285714 0.285714 1 3 0
126.612 0.285714 0.285714 1 3 0
127.112 0.285714 0.285714 1 3 0
127.612 0.285714 0.285714 1 3 0
128.112 0.285714 0.285714 1 3 0
128.612 0.285714 0.285714 1 3 0
129.112 0.285714 0.285714 1 3 0
129.612 0.285714 0.285714 1 3 0
130.112 0.285714 0.285714 1 3 0
130.612 0.285714 0.285714 1 3 0
131.112 0.285714 0.285714 1 3 0
131.612 0.285714 0.285714 1 3 0
132.112 0.285714 0.285714 1 3 0
132.612 0.285714 0.285714 1 3 0
133.112 0.285714 0.285714 1 3 0
133.612 0.285714 0.285714 1 3 0
134.112 0.285714 0.285714 1 3 0
134.612 0.285714 0.285714 1 3 0
135.112 0.285714 0.285714 1 3 0
135.612 0.285714 0.285714 1 3 0
136.112 0.285714 0.285714 1 3 0
136.612 0.285714 0.285714 1 3 0
137.112 0.285714 0.285714 1 3 0
137.612 0.285714 0.285714 1 3 0
138.112 0.285714 0.285714 1 3 0
138.612 0.285714 0.285714 1 3 0
139.112 0.285714 0.285714 1 3 0
139.612 0.285714 0.285714 1 3 0
140.112 0.285714 0.285714 1 3 0
140.612 0.285714 0.285714 1 3 0
141.112 0.285714 0.285714 1 3 0
141.612 0.285714 0.285714 1 3 0
142.112 0.285714 0.285714 1 3 0
142.612 0.285714 0.285714 1 3 0
143.112 0.285714 0.285714 1 3 0
143.612 0.285714 0.285714 1 3 0
144.112 0.285714 0.285714 1 3 0
144.612 0.285714 0.285714 1 3 0
145.112 0.285714 0.285714 1 3 0
145.612 0.285714 0.285714 1 3 0
146.112 0.285714 0.285714 1 3 0
146.612 0.285714 0.285714 1 3 0
147.112 0.285714 0.285714 1 3 0
147.612 0.285714 0.285714 1 3 0
148.112 0.285714 0.285714 1 3 0
148.612 0.285714 0.285714 1 3 0
149.112 0.285714 0.285714 1 3 0
149.612 0.285714 0.285714 1 3 0
52.5625 0.285713 0.285713 2 3 0
50.646 0.285714 0.285714 1 3 0
50.641 0.285714 0.285714 2 3 0
50.6385 0.285714 0.285714 2 3 0
50.6335 0.285714 0.285714 2 3 0
50.6235 0.285714 0.285714 2 3 0
50.6035 0.285714 0.285714 2 3 0
50.5635 0.285714 0.285714 2 3 0
50.4835 0.285714 0.285714 2 3 0
50.3235 0.285714 0.285714 2 3 0
50.0035 0.285714 0.285714 2 3 0
49.5035 0.285714 0.285714 2 3 0
49.0035 0.285714 0.285714 2 3 0
48.5035 0.285714 0.285714 2 3 0
48.0035 0.285714 0.285714 2 3 0
47.5035 0.285714 0.285714 2 3 0
47.0035 0.285714 0.285714 2 3 0
46.5035 0.285714 0.285714 2 3 0
46.0035 0.285714 0.285714 2 3 0
45.5035 0.285714 0.285714 2 3 0
45.0035 0.285714 0.285714 2 3 0
44.5035 0.285714 0.285714 2 3 0
44.0035 0.285714 0.285714 2 3 0
43.5035 0.285714 0.285714 2 3 0
43.0035 0.285714 0.285714 2 3 0
42.5035 0.285714 0.285714 2 3 0
42.0035 0.285714 0.285714 2 3 0
41.5035 0.285714 0.285714 2 3 0
41.0035 0.285714 0.285714 2 3 0
40.5035 0.285714 0.285714 2 3 0
40.0035 0.285714 0.285714 2 3 0
39.5035 0.285714 0.285714 2 3 0
39.0035 0.285714 0.285714 2 3 0
38.5035 0.285714 0.285714 2 3 0
38.0035 0.285714 0.285714 2 3 0
37.5035 0.285714 0.285714 2 3 0
37.0035 0.285714 0.285714 2 3 0
36.5035 0.285714 0.285714 2 3 0
36.0035 0.285714 0.285714 2 3 0
35.5035 0.285714 0.285714 2 3 0
35.0036 0.285714 0.285714 2 3 0
34.5036 0.285714 0.285714 2 3 0
34.0036 0.285714 0.285714 2 3 0
33.5036 0.285714 0.285714 2 3 0
33.0036 0.285714 0.285714 2 3 0
32.5036 0.285714 0.285714 2 3 0
32.0036 0.285714 0.285714 2 3 0
31.5036 0.285714 0.285714 2 3 0
31.0036 0.285714 0.285714 2 3 0
30.5036 0.285714 0.285714 2 3 0
30.0036 0.285714 0.285714 2 3 0
29.5036 0.285714 0.285714 2 3 0
29.0036 0.285714 0.285714 2 3 0
28.5036 0.285714 0.285714 2 3 0
28.0036 0.285714 0.285714 2 3 0
27.5036 0.285714 0.285714 2 3 0
27.0036 0.285714 0.285714 2 3 0
26.5036 0.285714 0.285714 2 3 0
26.0037 0.285714 0.285714 2 3 0
25.5037 0.285714 0.285714 2 3 0
25.0037 0.285714 0.285714 2 3 0
24.5037 0.285714 0.285714 2 3 0
24.0037 0.285714 0.285714 2 3 0
23.5037 0.285714 0.285714 2 3 0
23.0037 0.285714 0.285714 2 3 0
22.5037 0.285714 0.285714 2 3 0
22.0037 0.285714 0.285714 2 3 0
21.5037 0.285714 0.285714 2 3 0
21.0037 0.285714 0.285714 2 3 0
20.5038 0.285714 0.285714 2 3 0
20.0038 0.285714 0.285714 2 3 0
19.5038 0.285714 0.285714 2 3 0
19.0038 0.285714 0.285714 2 3 0
18.5038 0.285714 0.285714 2 3 0
18.0038 0.285714 0.285714 2 3 0
17.5038 0.285714 0.285714 2 3 0
17.0038 0.285714 0.285714 2 3 0
16.5039 0.285714 0.285714 2 3 0
16.0039 0.285714 0.285714 2 3 0
15.5039 0.285714 0.285714 2 3 0
15.0039 0.285714 0.285714 2 3 0
14.5039 0.285714 0.285714 2 3 0
14.0039 0.285714 0.285714 2 3 0
13.5039 0.285714 0.285714 2 3 0
13.004 0.285714 0.285714 2 3 0
12.504 0.285714 0.285714 2 3 0
12.004 0.285714 0.285714 2 3 0
11.504 0.285714 0.285714 2 3 0
11.004 0.285714 0.285714 2 3 0
10.5041 0.285714 0.285714 2 3 0
10.0041 0.285714 0.285714 2 3 0
9.50411 0.285714 0.285714 2 3 0
9.00413 0.285714 0.285714 2 3 0
8.50416 0.285714 0.285714 2 3 0
8.00418 0.285714 0.285714 2 3 0
7.50421 0.285714 0.285714 2 3 0
7.00424 0.285714 0.285714 2 3 0
6.50427 0.285714 0.285714 2 3 0
6.0043 0.285714 0.285714 2 3 0
5.50433 0.285714 0.285714 2 3 0
5.00436 0.285714 0.285714 2 3 0
4.50439 0.285714 0.285714 2 3 0
4.00443 0.285714 0.285714 2 3 0
3.50446 0.285714 0.285714 2 3 0
3.0045 0.285714 0.285714 2 3 0
2.50454 0.285714 0.285714 2 3 0
2.00458 0.285714 0.285714 2 3 0
1.50462 0.285714 0.285714 2 3 0
1.00466 0.285714 0.285714 2 3 0
0.504708 0.285714 0.285714 2 3 0
0.00475507 0.285714 0.285714 2 3 0
-0.495196 0.285714 0.285714 2 3 0
149.612 0.285714 0.285714 2 3 0
149.652 0.285714 0.285714 1 3 0
149.692 0.285714 0.285714 1 3 0
149.772 0.285714 0.285714 1 3 0
149.932 0.285714 0.285714 1 3 0
150.252 0.285714 0.285714 1 3 0
150.752 0.285714 0.285714 1 3 0
151.252 0.285714 0.285714 1 3 0
151.752 0.285714 0.285714 1 3 0
152.252 0.285714 0.285714 1 3 0
152.752 0.285714 0.285714 1 3 0
153.252 0.285714 0.285714 1 3 0
153.752 0.285714 0.285714 1 3 0
154.252 0.285714 0.285714 1 3 0
154.752 0.285714 0.285714 1 3 0
155.252 0.285714 0.285714 1 3 0
155.752 0.285714 0.285714 1 3 0
156.252 0.285714 0.285714 1 3 0
156.752 0.285714 0.285714 1 3 0
157.252 0.285714 0.285714 1 3 0
157.752 0.285714 0.285714 1 3 0
158.252 0.285714 0.285714 1 3 0
158.752 0.285714 0.285714 1 3 0
159.252 0.285714 0.285714 1 3 0
159.752 0.285714 0.285714 1 3 0
160.252 0.285714 0.285714 1 3 0
160.752 0.285714 0.285714 1 3 0
161.252 0.285714 0.285714 1 3 0
161.752 0.285714 0.285714 1 3 0
162.252 0.285714 0.285714 1 3 0
162.752 0.285714 0.285714 1 3 0
163.252 0.285714 0.285714 1 3 0
163.752 0.285714 0.285714 1 3 0
164.252 0.285714 0.285714 1 3 0
164.752 0.285714 0.285714 1 3 0
165.252 0.285714 0.285714 1 3 0
165.752 0.285714 0.285714 1 3 0
166.252 0.285714 0.285714 1 3 0
166.752 0.285714 0.285714 1 3 0
167.252 0.285714 0.285714 1 3 0
167.752 0.285714 0.285714 1 3 0
168.252 0.285714 0.285714 1 3 0
168.752 0.285714 0.285714 1 3 0
169.252 0.285714 0.285714 1 3 0
169.752 0.285714 0.285714 1 3 0
170.252 0.285714 0.285714 1 3 0
170.752 0.285714 0.285714 1 3 0
171.252 0.285714 0.285714 1 3 0
171.752 0.285714 0.285714 1 3 0
172.252 0.285714 0.285714 1 3 0
172.752 0.285714 0.285714 1 3 0
173.252 0.285714 0.285714 1 3 0
173.752 0.285714 0.285714 1 3 0
174.252 0.285714 0.285714 1 3 0
174.752 0.285714 0.285714 1 3 0
175.252 0.285714 0.285714 1 3 0
175.752 0.285714 0.285714 1 3 0
176.252 0.285714 0.285714 1 3 0
176.752 0.285714 0.285714 1 3 0
177.252 0.285714 0.285714 1 3 0
177.752 0.285714 0.285714 1 3 0
178.252 0.285714 0.285714 1 3 0
178.752 0.285714 0.285714 1 3 0
179.252 0.285714 0.285714 1 3 0
179.752 0.285714 0.285714 1 3 0
180.252 0.285714 0.285714 1 3 0
180.752 0.285714 0.285714 1 3 0
181.252 0.285714 0.285714 1 3 0
181.752 0.285714 0.285714 1 3 0
182.252 0.285714 0.285714 1 3 0
182.752 0.285714 0.285714 1 3 0
183.252 0.285714 0.285714 1 3 0
183.752 0.285714 0.285714 1 3 0
184.252 0.285714 0.285714 1 3 0
184.752 0.285714 0.285714 1 3 0
185.252 0.285714 0.285714 1 3 0
185.752 0.285714 0.285714 1 3 0
186.252 0.285714 0.285714 1 3 0
186.752 0.285714 0.285714 1 3 0
187.252 0.285714 0.285714 1 3 0
187.752 0.285714 0.285714 1 3 0
188.252 0.285714 0.285714 1 3 0
188.752 0.285714 0.285714 1 3 0
189.252 0.285714 0.285714 1 3 0
189.752 0.285714 0.285714 1 3 0
190.252 0.285714 0.285714 1 3 0
190.752 0.285714 0.285714 1 3 0
191.252 0.285714 0.285714 1 3 0
191.752 0.285714 0.285714 1 3 0
192.252 0.285714 0.285714 1 3 0
192.752 0.285714 0.285714 1 3 0
193.252 0.285714 0.285714 1 3 0
193.752 0.285714 0.285714 1 3 0
194.252 0.285714 0.285714 1 3 0
194.752 0.285714 0.285714 1 3 0
195.252 0.285714 0.285714 1 3 0
195.752 0.285714 0.285714 1 3 0
196.252 0.285714 0.285714 1 3 0
196.752 0.285714 0.285714 1 3 0
197.252 0.285714 0.285714 1 3 0
197.752 0.285714 0.285714 1 3 0
198.252 0.285714 0.285714 1 3 0
198.752 0.285714 0.285714 1 3 0
199.252 0.285714 0.285714 1 3 0
199.752 0.285714 0.285714 1 3 0
200.252 0.285714 0.285714 1 3 0
200.752 0.285714 0.285714 1 3 0
201.252 0.285714 0.285714 1 3 0
201.752 0.285714 0.285714 1 3 0
202.252 0.285714 0.285714 1 3 0
202.752 0.285714 0.285714 1 3 0
203.252 0.285714 0.285714 1 3 0
203.752 0.285714 0.285714 1 3 0
204.252 0.285714 0.285714 1 3 0
204.752 0.285714 0.285714 1 3 0
205.252 0.285714 0.285714 1 3 0
205.752 0.285714 0.285714 1 3 0
206.252 0.285714 0.285714 1 3 0
206.752 0.285714 0.285714 1 3 0
207.252 0.285714 0.285714 1 3 0
207.752 0.285714 0.285714 1 3 0
208.252 0.285714 0.285714 1 3 0
208.752 0.285714 0.285714 1 3 0
209.252 0.285714 0.285714 1 3 0
209.752 0.285714 0.285714 1 3 0
210.252 0.285714 0.285714 1 3 0
210.752 0.285714 0.285714 1 3 0
211.252 0.285714 0.285714 1 3 0
211.752 0.285714 0.285714 1 3 0
212.252 0.285714 0.285714 1 3 0
212.752 0.285714 0.285714 1 3 0
213.252 0.285714 0.285714 1 3 0
213.752 0.285714 0.285714 1 3 0
214.252 0.285714 0.285714 1 3 0
214.752 0.285714 0.285714 1 3 0
215.252 0.285714 0.285714 1 3 0
215.752 0.285714 0.285714 1 3 0
216.252 0.285714 0.285714 1 3 0
216.752 0.285714 0.285714 1 3 0
217.252 0.285714 0.285714 1 3 0
217.752 0.285714 0.285714 1 3 0
218.252 0.285714 0.285714 1 3 0
218.752 0.285714 0.285714 1 3 0
219.252 0.285714 0.285714 1 3 0
219.752 0.285714 0.285714 1 3 0
220.252 0.285714 0.285714 1 3 0
220.752 0.285714 0.285714 1 3 0
221.252 0.285714 0.285714 1 3 0
221.752 0.285714 0.285714 1 3 0
222.252 0.285714 0.285714 1 3 0
222.752 0.285714 0.285714 1 3 0
223.252 0.285714 0.285714 1 3 0
223.752 0.285714 0.285714 1 3 0
224.252 0.285714 0.285714 1 3 0
224.752 0.285714 0.285714 1 3 0
225.252 0.285714 0.285714 1 3 0
225.752 0.285714 0.285714 1 3 0
226.252 0.285714 0.285714 1 3 0
226.752 0.285714 0.285714 1 3 0
227.252 0.285714 0.285714 1 3 0
227.752 0.285714 0.285714 1 3 0
228.252 0.285714 0.285714 1 3 0
228.752 0.285714 0.285714 1 3 0
229.252 0.285714 0.285714 1 3 0
229.752 0.285714 0.285714 1 3 0
230.252 0.285714 0.285714 1 3 0
230.752 0.285714 0.285714 1 3 0
231.252 0.285714 0.285714 1 3 0
231.752 0.285714 0.285714 1 3 0
232.252 0.285714 0.285714 1 3 0
232.752 0.285714 0.285714 1 3 0
233.252 0.285714 0.285714 1 3 0
233.752 0.285714 0.285714 1 3 0
234.252 0.285714 0.285714 1 3 0
234.752 0.285714 0.285714 1 3 0
235.252 0.285714 0.285714 1 3 0
235.752 0.285714 0.285714 1 3 0
236.252 0.285714 0.285714 1 3 0
236.752 0.285714 0.285714 1 3 0
237.252 0.285714 0.285714 1 3 0
237.752 0.285714 0.285714 1 3 0
238.252 0.285714 0.285714 1 3 0
238.752 0.285714 0.285714 1 3 0
239.252 0.285714 0.285714 1 3 0
239.752 0.285714 0.285714 1 3 0
240.252 0.285714 0.285714 1 3 0
240.752 0.285714 0.285714 1 3 0
241.252 0.285714 0.285714 1 3 0
241.752 0.285714 0.285714 1 3 0
242.252 0.285714 0.285714 1 3 0
242.752 0.285714 0.285714 1 3 0
243.252 0.285714 0.285714 1 3 0
243.752 0.285714 0.285714 1 3 0
244.252 0.285714 0.285714 1 3 0
244.752 0.285714 0.285714 1 3 0
245.252 0.285714 0.285714 1 3 0
245.752 0.285714 0.285714 1 3 0
246.252 0.285714 0.285714 1 3 0
246.752 0.285714 0.285714 1 3 0
247.252 0.285714 0.285714 1 3 0
247.252 0.285714 0.285714 2 3 0
247.292 0.285714 0.285714 1 3 0
247.332 0.285714 0.285714 1 3 0
247.412 0.285714 0.285714 1 3 0
247.572 0.285714 0.285714 1 3 0
247.892 0.285714 0.285714 1 3 0
248.392 0.285714 0.285714 1 3 0
248.892 0.285714 0.285714 1 3 0
249.392 0.285714 0.285714 1 3 0
249.892 0.285714 0.285714 1 3 0
250.392 0.285714 0.285714 1 3 0
250.892 0.285714 0.285714 1 3 0
251.392 0.285714 0.285714 1 3 0
251.892 0.285714 0.285714 1 3 0
252.392 0.285714 0.285714 1 3 0
252.892 0.285714 0.285714 1 3 0
253.392 0.285714 0.285714 1 3 0
253.892 0.285714 0.285714 1 3 0
254.392 0.285714 0.285714 1 3 0
254.892 0.285714 0.285714 1 3 0
255.392 0.285714 0.285714 1 3 0
255.892 0.285714 0.285714 1 3 0
256.392 0.285714 0.285714 1 3 0
256.892 0.285714 0.285714 1 3 0
257.392 0.285714 0.285714 1 3 0
257.892 0.285714 0.285714 1 3 0
258.392 0.285714 0.285714 1 3 0
258.892 0.285714 0.285714 1 3 0
259.392 0.285714 0.285714 1 3 0
259.892 0.285714 0.285714 1 3 0
260.392 0.285714 0.285714 1 3 0
260.892 0.285714 0.285714 1 3 0
261.392 0.285714 0.285714 1 3 0
261.892 0.285714 0.285714 1 3 0
262.392 0.285714 0.285714 1 3 0
262.892 0.285714 0.285714 1 3 0
263.392 0.285714 0.285714 1 3 0
263.892 0.285714 0.285714 1 3 0
264.392 0.285714 0.285714 1 3 0
264.892 0.285714 0.285714 1 3 0
265.392 0.285714 0.285714 1 3 0
265.892 0.285714 0.285714 1 3 0
266.392 0.285714 0.285714 1 3 0
266.892 0.285714 0.285714 1 3 0
267.392 0.285714 0.285714 1 3 0
267.892 0.285714 0.285714 1 3 0
268.392 0.285714 0.285714 1 3 0
268.892 0.285714 0.285714 1 3 0
269.392 0.285714 0.285714 1 3 0
269.892 0.285714 0.285714 1 3 0
270.392 0.285714 0.285714 1 3 0
270.892 0.285714 0.285714 1 3 0
271.392 0.285714 0.285714 1 3 0
271.892 0.285714 0.285714 1 3 0
272.392 0.285714 0.285714 1 3 0
272.892 0.285714 0.285714 1 3 0
273.392 0.285714 0.285714 1 3 0
273.892 0.285714 0.285714 1 3 0
274.392 0.285714 0.285714 1 3 0
274.892 0.285714 0.285714 1 3 0
275.392 0.285714 0.285714 1 3 0
275.892 0.285714 0.285714 1 3 0
276.392 0.285714 0.285714 1 3 0
276.892 0.285714 0.285714 1 3 0
277.392 0.285714 0.285714 1 3 0
277.892 0.285714 0.285714 1 3 0
278.392 0.285714 0.285714 1 3 0
278.892 0.285714 0.285714 1 3 0
279.392 0.285714 0.285714 1 3 0
279.892 0.285714 0.285714 1 3 0
280.392 0.285714 0.285714 1 3 0
280.892 0.285714 0.285714 1 3 0
281.392 0.285714 0.285714 1 3 0
281.892 0.285714 0.285714 1 3 0
282.392 0.285714 0.285714 1 3 0
282.892 0.285714 0.285714 1 3 0
283.392 0.285714 0.285714 1 3 0
283.892 0.285714 0.285714 1 3 0
284.392 0.285714 0.285714 1 3 0
284.892 0.285714 0.285714 1 3 0
285.392 0.285714 0.285714 1 3 0
285.892 0.285714 0.285714 1 3 0
286.392 0.285714 0.285714 1 3 0
286.892 0.285714 0.285714 1 3 0
287.392 0.285714 0.285714 1 3 0
287.892 0.285714 0.285714 1 3 0
288.392 0.285714 0.285714 1 3 0
288.892 0.285714 0.285714 1 3 0
289.392 0.285714 0.285714 1 3 0
289.892 0.285714 0.285714 1 3 0
290.392 0.285714 0.285714 1 3 0
290.892 0.285714 0.285714 1 3 0
291.392 0.285714 0.285714 1 3 0
291.892 0.285714 0.285714 1 3 0
292.392 0.285714 0.285714 1 3 0
292.892 0.285714 0.285714 1 3 0
293.392 0.285714 0.285714 1 3 0
293.892 0.285714 0.285714 1 3 0
294.392 0.285714 0.285714 1 3 0
294.892 0.285714 0.285714 1 3 0
295.392 0.285714 0.285714 1 3 0
295.892 0.285714 0.285714 1 3 0
296.392 0.285714 0.285714 1 3 0
296.892 0.285714 0.285714 1 3 0
297.392 0.285714 0.285714 1 3 0
297.892 0.285714 0.285714 1 3 0
298.392 0.285714 0.285714 1 3 0
298.892 0.285714 0.285714 1 3 0
299.392 0.285714 0.285714 1 3 0
299.892 0.285714 0.285714 1 3 0
300.392 0.285714 0.285714 1 3 0
300.892 0.285714 0.285714 1 3 0
301.392 0.285714 0.285714 1 3 0
301.892 0.285714 0.285714 1 3 0
302.392 0.285714 0.285714 1 3 0
302.892 0.285714 0.285714 1 3 0
303.392 0.285714 0.285714 1 3 0
303.892 0.285714 0.285714 1 3 0
304.392 0.285714 0.285714 1 3 0
304.892 0.285714 0.285714 1 3 0
305.392 0.285714 0.285714 1 3 0
305.892 0.285714 0.285714 1 3 0
306.392 0.285714 0.285714 1 3 0
306.892 0.285714 0.285714 1 3 0
307.392 0.285714 0.285714 1 3 0
307.892 0.285714 0.285714 1 3 0
308.392 0.285714 0.285714 1 3 0
308.892 0.285714 0.285714 1 3 0
309.392 0.285714 0.285714 1 3 0
309.892 0.285714 0.285714 1 3 0
310.392 0.285714 0.285714 1 3 0
310.892 0.285714 0.285714 1 3 0
311.392 0.285714 0.285714 1 3 0
311.892 0.285714 0.285714 1 3 0
312.392 0.285714 0.285714 1 3 0
312.892 0.285714 0.285714 1 3 0
313.392 0.285714 0.285714 1 3 0
313.892 0.285714 0.285714 1 3 0
314.392 0.285714 0.285714 1 3 0
314.892 0.285714 0.285714 1 3 0
315.392 0.285714 0.285714 1 3 0
315.892 0.285714 0.285714 1 3 0
316.392 0.285714 0.285714 1 3 0
316.892 0.285714 0.285714 1 3 0
317.392 0.285714 0.285714 1 3 0
317.892 0.285714 0.285714 1 3 0
318.392 0.285714 0.285714 1 3 0
318.892 0.285714 0.285714 1 3 0
319.392 0.285714 0.285714 1 3 0
319.892 0.285714 0.285714 1 3 0
320.392 0.285714 0.285714 1 3 0
320.892 0.285714 0.285714 1 3 0
321.392 0.285714 0.285714 1 3 0
321.892 0.285714 0.285714 1 3 0
322.392 0.285714 0.285714 1 3 0
322.892 0.285714 0.285714 1 3 0
323.392 0.285714 0.285714 1 3 0
323.892 0.285714 0.285714 1 3 0
324.392 0.285714 0.285714 1 3 0
324.892 0.285714 0.285714 1 3 0
325.392 0.285714 0.285714 1 3 0
325.892 0.285714 0.285714 1 3 0
326.392 0.285714 0.285714 1 3 0
326.892 0.285714 0.285714 1 3 0
327.392 0.285714 0.285714 1 3 0
327.892 0.285714 0.285714 1 3 0
328.392 0.285714 0.285714 1 3 0
328.892 0.285714 0.285714 1 3 0
329.392 0.285714 0.285714 1 3 0
329.892 0.285714 0.285714 1 3 0
330.392 0.285714 0.285714 1 3 0
330.892 0.285714 0.285714 1 3 0
331.392 0.285714 0.285714 1 3 0
331.892 0.285714 0.285714 1 3 0
332.392 0.285714 0.285714 1 3 0
332.892 0.285714 0.285714 1 3 0
333.392 0.285714 0.285714 1 3 0
333.892 0.285714 0.285714 1 3 0
334.392 0.285714 0.285714 1 3 0
334.892 0.285714 0.285714 1 3 0
335.392 0.285714 0.285714 1 3 0
335.892 0.285714 0.285714 1 3 0
336.392 0.285714 0.285714 1 3 0
336.892 0.285714 0.285714 1 3 0
337.392 0.285714 0.285714 1 3 0
337.892 0.285714 0.285714 1 3 0
338.392 0.285714 0.285714 1 3 0
338.892 0.285714 0.285714 1 3 0
339.392 0.285714 0.285714 1 3 0
339.892 0.285714 0.285714 1 3 0
340.392 0.285714 0.285714 1 3 0
340.892 0.285714 0.285714 1 3 0
341.392 0.285714 0.285714 1 3 0
341.892 0.285714 0.285714 1 3 0
342.392 0.285714 0.285714 1 3 0
342.892 0.285714 0.285714 1 3 0
343.392 0.285714 0.285714 1 3 0
343.892 0.285714 0.285714 1 3 0
344.392 0.285714 0.285714 1 3 0
344.892 0.285714 0.285714 1 3 0
344.892 0.285714 0.285714 2 3 0
344.932 0.285714 0.285714 1 3 0
344.972 0.285714 0.285714 1 3 0
345.052 0.285714 0.285714 1 3 0
345.212 0.285714 0.285714 1 3 0
345.532 0.285714 0.285714 1 3 0
346.032 0.285714 0.285714 1 3 0
346.532 0.285714 0.285714 1 3 0
347.032 0.285714 0.285714 1 3 0
347.532 0.285714 0.285714 1 3 0
348.032 0.285714 0.285714 1 3 0
348.532 0.285714 0.285714 1 3 0
349.032 0.285714 0.285714 1 3 0
349.532 0.285714 0.285714 1 3 0
350.032 0.285714 0.285714 1 3 0
350.532 0.285714 0.285714 1 3 0
351.032 0.285714 0.285714 1 3 0
351.532 0.285714 0.285714 1 3 0
352.032 0.285714 0.285714 1 3 0
352.532 0.285714 0.285714 1 3 0
353.032 0.285714 0.285714 1 3 0
353.532 0.285714 0.285714 1 3 0
354.032 0.285714 0.285714 1 3 0
354.532 0.285714 0.285714 1 3 0
355.032 0.285714 0.285714 1 3 0
355.532 0.285714 0.285714 1 3 0
356.032 0.285714 0.285714 1 3 0
356.532 0.285714 0.285714 1 3 0
357.032 0.285714 0.285714 1 3 0
357.532 0.285714 0.285714 1 3 0
358.032 0.285714 0.285714 1 3 0
358.532 0.285714 0.285714 1 3 0
359.032 0.285714 0.285714 1 3 0
359.532 0.285714 0.285714 1 3 0
360.032 0.285714 0.285714 1 3 0
360.532 0.285714 0.285714 1 3 0
361.032 0.285714 0.285714 1 3 0
361.532 0.285714 0.285714 1 3 0
362.032 0.285714 0.285714 1 3 0
362.532 0.285714 0.285714 1 3 0
363.032 0.285714 0.285714 1 3 0
363.532 0.285714 0.285714 1 3 0
364.032 0.285714 0.285714 1 3 0
364.532 0.285714 0.285714 1 3 0
365.032 0.285714 0.285714 1 3 0
365.532 0.285714 0.285714 1 3 0
366.032 0.285714 0.285714 1 3 0
366.532 0.285714 0.285714 1 3 0
367.032 0.285714 0.285714 1 3 0
367.532 0.285714 0.285714 1 3 0
368.032 0.285714 0.285714 1 3 0
368.532 0.285714 0.285714 1 3 0
369.032 0.285714 0.285714 1 3 0
369.532 0.285714 0.285714 1 3 0
370.032 0.285714 0.285714 1 3 0
370.532 0.285714 0.285714 1 3 0
371.032 0.285714 0.285714 1 3 0
371.532 0.285714 0.285714 1 3 0
372.032 0.285714 0.285714 1 3 0
372.532 0.285714 0.285714 1 3 0
373.032 0.285714 0.285714 1 3 0
373.532 0.285714 0.285714 1 3 0
374.032 0.285714 0.285714 1 3 0
374.532 0.285714 0.285714 1 3 0
375.032 0.285714 0.285714 1 3 0
375.532 0.285714 0.285714 1 3 0
376.032 0.285714 0.285714 1 3 0
376.532 0.285714 0.285714 1 3 0
377.032 0.285714 0.285714 1 3 0
377.532 0.285714 0.285714 1 3 0
378.032 0.285714 0.285714 1 3 0
378.532 0.285714 0.285714 1 3 0
379.032 0.285714 0.285714 1 3 0
379.532 0.285714 0.285714 1 3 0
380.032 0.285714 0.285714 1 3 0
380.532 0.285714 0.285714 1 3 0
381.032 0.285714 0.285714 1 3 0
381.532 0.285714 0.285714 1 3 0
382.032 0.285714 0.285714 1 3 0
382.532 0.285714 0.285714 1 3 0
383.032 0.285714 0.285714 1 3 0
383.532 0.285714 0.285714 1 3 0
384.032 0.285714 0.285714 1 3 0
384.532 0.285714 0.285714 1 3 0
385.032 0.285714 0.285714 1 3 0
385.532 0.285714 0.285714 1 3 0
386.032 0.285714 0.285714 1 3 0
386.532 0.285714 0.285714 1 3 0
387.032 0.285714 0.285714 1 3 0
387.532 0.285714 0.285714 1 3 0
388.032 0.285714 0.285714 1 3 0
388.532 0.285714 0.285714 1 3 0
389.032 0.285714 0.285714 1 3 0
389.532 0.285714 0.285714 1 3 0
390.032 0.285714 0.285714 1 3 0
390.532 0.285714 0.285714 1 3 0
391.032 0.285714 0.285714 1 3 0
391.532 0.285714 0.285714 1 3 0
392.032 0.285714 0.285714 1 3 0
392.532 0.285714 0.285714 1 3 0
393.032 0.285714 0.285714 1 3 0
393.532 0.285714 0.285714 1 3 0
394.032 0.285714 0.285714 1 3 0
394.532 0.285714 0.285714 1 3 0
395.032 0.285714 0.285714 1 3 0
395.532 0.285714 0.285714 1 3 0
396.032 0.285714 0.285714 1 3 0
396.532 0.285714 0.285714 1 3 0
397.032 0.285714 0.285714 1 3 0
397.532 0.285714 0.285714 1 3 0
398.032 0.285714 0.285714 1 3 0
398.532 0.285714 0.285714 1 3 0
399.032 0.285714 0.285714 1 3 0
399.532 0.285714 0.285714 1 3 0
400.032 0.285714 0.285714 1 3 0
400.532 0.285714 0.285714 1 3 0
401.032 0.285714 0.285714 1 3 0
401.532 0.285714 0.285714 1 3 0
402.032 0.285714 0.285714 1 3 0
402.532 0.285714 0.285714 1 3 0
403.032 0.285714 0.285714 1 3 0
403.532 0.285714 0.285714 1 3 0
404.032 0.285714 0.285714 1 3 0
404.532 0.285714 0.285714 1 3 0
405.032 0.285714 0.285714 1 3 0
405.532 0.285714 0.285714 1 3 0
406.032 0.285714 0.285714 1 3 0
406.532 0.285714 0.285714 1 3 0
407.032 0.285714 0.285714 1 3 0
407.532 0.285714 0.285714 1 3 0
408.032 0.285714 0.285714 1 3 0
408.532 0.285714 0.285714 1 3 0
409.032 0.285714 0.285714 1 3 0
409.532 0.285714 0.285714 1 3 0
410.032 0.285714 0.285714 1 3 0
410.532 0.285714 0.285714 1 3 0
411.032 0.285714 0.285714 1 3 0
411.532 0.285714 0.285714 1 3 0
412.032 0.285714 0.285714 1 3 0
412.532 0.285714 0.285714 1 3 0
413.032 0.285714 0.285714 1 3 0
413.532 0.285714 0.285714 1 3 0
414.032 0.285714 0.285714 1 3 0
414.532 0.285714 0.285714 1 3 0
415.032 0.285714 0.285714 1 3 0
415.532 0.285714 0.285714 1 3 0
416.032 0.285714 0.285714 1 3 0
416.532 0.285714 0.285714 1 3 0
417.032 0.285714 0.285714 1 3 0
417.532 0.285714 0.285714 1 3 0
418.032 0.285714 0.285714 1 3 0
418.532 0.285714 0.285714 1 3 0
419.032 0.285714 0.285714 1 3 0
419.532 0.285714 0.285714 1 3 0
420.032 0.285714 0.285714 1 3 0
420.532 0.285714 0.285714 1 3 0
421.032 0.285714 0.285714 1 3 0
421.532 0.285714 0.285714 1 3 0
422.032 0.285714 0.285714 1 3 0
422.532 0.285714 0.285714 1 3 0
423.032 0.285714 0.285714 1 3 0
423.532 0.285714 0.285714 1 3 0
424.032 0.285714 0.285714 1 3 0
424.532 0.285714 0.285714 1 3 0
425.032 0.285714 0.285714 1 3 0
425.532 0.285714 0.285714 1 3 0
426.032 0.285714 0.285714 1 3 0
426.532 0.285714 0.285714 1 3 0
427.032 0.285714 0.285714 1 3 0
427.532 0.285714 0.285714 1 3 0
428.032 0.285714 0.285714 1 3 0
428.532 0.285714 0.285714 1 3 0
429.032 0.285714 0.285714 1 3 0
429.532 0.285714 0.285714 1 3 0
430.032 0.285714 0.285714 1 3 0
430.532 0.285714 0.285714 1 3 0
431.032 0.285714 0.285714 1 3 0
431.532 0.285714 0.285714 1 3 0
432.032 0.285714 0.285714 1 3 0
432.532 0.285714 0.285714 1 3 0
433.032 0.285714 0.285714 1 3 0
433.532 0.285714 0.285714 1 3 0
434.032 0.285714 0.285714 1 3 0
434.532 0.285714 0.285714 1 3 0
435.032 0.285714 0.285714 1 3 0
435.532 0.285714 0.285714 1 3 0
436.032 0.285714 0.285714 1 3 0
436.532 0.285714 0.285714 1 3 0
437.032 0.285714 0.285714 1 3 0
437.532 0.285714 0.285714 1 3 0
438.032 0.285714 0.285714 1 3 0
438.532 0.285714 0.285714 1 3 0
439.032 0.285714 0.285714 1 3 0
439.532 0.285714 0.285714 1 3 0
440.032 0.285714 0.285714 1 3 0
440.532 0.285714 0.285714 1 3 0
441.032 0.285714 0.285714 1 3 0
441.532 0.285714 0.285714 1 3 0
442.032 0.285714 0.285714 1 3 0
442.532 0.285714 0.285714 1 3 0
442.532 0.285714 0.285714 2 3 0
442.572 0.285714 0.285714 1 3 0
442.612 0.285714 0.285714 1 3 0
442.692 0.285714 0.285714 1 3 0
442.852 0.285714 0.285714 1 3 0
443.172 0.285714 0.285714 1 3 0
443.672 0.285714 0.285714 1 3 0
444.172 0.285714 0.285714 1 3 0
444.672 0.285714 0.285714 1 3 0
445.172 0.285714 0.285714 1 3 0
445.672 0.285714 0.285714 1 3 0
446.172 0.285714 0.285714 1 3 0
446.672 0.285714 0.285714 1 3 0
447.172 0.285714 0.285714 1 3 0
447.672 0.285714 0.285714 1 3 0
448.172 0.285714 0.285714 1 3 0
448.672 0.285714 0.285714 1 3 0
449.172 0.285714 0.285714 1 3 0
449.672 0.285714 0.285714 1 3 0
450.172 0.285714 0.285714 1 3 0
450.672 0.285714 0.285714 1 3 0
451.172 0.285714 0.285714 1 3 0
451.672 0.285714 0.285714 1 3 0
452.172 0.285714 0.285714 1 3 0
452.672 0.285714 0.285714 1 3 0
453.172 0.285714 0.285714 1 3 0
453.672 0.285714 0.285714 1 3 0
454.172 0.285714 0.285714 1 3 0
454.672 0.285714 0.285714 1 3 0
455.172 0.285714 0.285714 1 3 0
455.672 0.285714 0.285714 1 3 0
456.172 0.285714 0.285714 1 3 0
456.672 0.285714 0.285714 1 3 0
457.172 0.285714 0.285714 1 3 0
457.672 0.285714 0.285714 1 3 0
458.172 0.285714 0.285714 1 3 0
458.672 0.285714 0.285714 1 3 0
459.172 0.285714 0.285714 1 3 0
459.672 0.285714 0.285714 1 3 0
460.172 0.285714 0.285714 1 3 0
460.672 0.285714 0.285714 1 3 0
461.172 0.285714 0.285714 1 3 0
461.672 0.285714 0.285714 1 3 0
462.172 0.285714 0.285714 1 3 0
462.672 0.285714 0.285714 1 3 0
463.172 0.285714 0.285714 1 3 0
463.672 0.285714 0.285714 1 3 0
464.172 0.285714 0.285714 1 3 0
464.672 0.285714 0.285714 1 3 0
465.172 0.285714 0.285714 1 3 0
465.672 0.285714 0.285714 1 3 0
466.172 0.285714 0.285714 1 3 0
466.672 0.285714 0.285714 1 3 0
467.172 0.285714 0.285714 1 3 0
467.672 0.285714 0.285714 1 3 0
468.172 0.285714 0.285714 1 3 0
468.672 0.285714 0.285714 1 3 0
469.172 0.285714 0.285714 1 3 0
469.672 0.285714 0.285714 1 3 0
470.172 0.285714 0.285714 1 3 0
470.672 0.285714 0.285714 1 3 0
471.172 0.285714 0.285714 1 3 0
471.672 0.285714 0.285714 1 3 0
472.172 0.285714 0.285714 1 3 0
472.672 0.285714 0.285714 1 3 0
473.172 0.285714 0.285714 1 3 0
473.672 0.285714 0.285714 1 3 0
474.172 0.285714 0.285714 1 3 0
474.672 0.285714 0.285714 1 3 0
475.172 0.285714 0.285714 1 3 0
475.672 0.285714 0.285714 1 3 0
476.172 0.285714 0.285714 1 3 0
476.672 0.285714 0.285714 1 3 0
477.172 0.285714 0.285714 1 3 0
477.672 0.285714 0.285714 1 3 0
478.172 0.285714 0.285714 1 3 0
478.672 0.285714 0.285714 1 3 0
479.172 0.285714 0.285714 1 3 0
479.672 0.285714 0.285714 1 3 0
480.172 0.285714 0.285714 1 3 0
480.672 0.285714 0.285714 1 3 0
481.172 0.285714 0.285714 1 3 0
481.672 0.285714 0.285714 1 3 0
482.172 0.285714 0.285714 1 3 0
482.672 0.285714 0.285714 1 3 0
483.172 0.285714 0.285714 1 3 0
483.672 0.285714 0.285714 1 3 0
484.172 0.285714 0.285714 1 3 0
484.672 0.285714 0.285714 1 3 0
485.172 0.285714 0.285714 1 3 0
485.672 0.285714 0.285714 1 3 0
486.172 0.285714 0.285714 1 3 0
486.672 0.285714 0.285714 1 3 0
487.172 0.285714 0.285714 1 3 0
487.672 0.285714 0.285714 1 3 0
488.172 0.285714 0.285714 1 3 0
488.672 0.285714 0.285714 1 3 0
489.172 0.285714 0.285714 1 3 0
489.672 0.285714 0.285714 1 3 0
490.172 0.285714 0.285714 1 3 0
490.672 0.285714 0.285714 1 3 0
491.172 0.285714 0.285714 1 3 0
491.672 0.285714 0.285714 1 3 0
492.172 0.285714 0.285714 1 3 0
492.672 0.285714 0.285714 1 3 0
493.172 0.285714 0.285714 1 3 0
493.672 0.285714 0.285714 1 3 0
494.172 0.285714 0.285714 1 3 0
494.672 0.285714 0.285714 1 3 0
495.172 0.285714 0.285714 1 3 0
495.672 0.285714 0.285714 1 3 0
496.172 0.285714 0.285714 1 3 0
496.672 0.285714 0.285714 1 3 0
497.172 0.285714 0.285714 1 3 0
497.672 0.285714 0.285714 1 3 0
498.172 0.285714 0.285714 1 3 0
498.672 0.285714 0.285714 1 3 0
499.172 0.285714 0.285714 1 3 0
499.672 0.285714 0.285714 1 3 0
500.172 0.285714 0.285714 1 3 0
500.672 0.285714 0.285714 1 3 0
501.172 0.285714 0.285714 1 3 0
501.672 0.285714 0.285714 1 3 0
502.172 0.285714 0.285714 1 3 0
502.672 0.285714 0.285714 1 3 0
503.172 0.285714 0.285714 1 3 0
503.672 0.285714 0.285714 1 3 0
504.172 0.285714 0.285714 1 3 0
504.672 0.285714 0.285714 1 3 0
505.172 0.285714 0.285714 1 3 0
505.672 0.285714 0.285714 1 3 0
506.172 0.285714 0.285714 1 3 0
506.672 0.285714 0.285714 1 3 0
507.172 0.285714 0.285714 1 3 0
507.672 0.285714 0.285714 1 3 0
508.172 0.285714 0.285714 1 3 0
508.672 0.285714 0.285714 1 3 0
509.172 0.285714 0.285714 1 3 0
509.672 0.285714 0.285714 1 3 0
510.172 0.285714 0.285714 1 3 0
510.672 0.285714 0.285714 1 3 0
511.172 0.285714 0.285714 1 3 0
511.672 0.285714 0.285714 1 3 0
512.172 0.285714 0.285714 1 3 0
512.672 0.285714 0.285714 1 3 0
513.172 0.285714 0.285714 1 3 0
513.672 0.285714 0.285714 1 3 0
514.172 0.285714 0.285714 1 3 0
514.672 0.285714 0.285714 1 3 0
515.172 0.285714 0.285714 1 3 0
515.672 0.285714 0.285714 1 3 0
516.172 0.285714 0.285714 1 3 0
516.672 0.285714 0.285714 1 3 0
517.172 0.285714 0.285714 1 3 0
517.672 0.285714 0.285714 1 3 0
518.172 0.285714 0.285714 1 3 0
518.672 0.285714 0.285714 1 3 0
519.172 0.285714 0.285714 1 3 0
519.672 0.285714 0.285714 1 3 0
520.172 0.285714 0.285714 1 3 0
520.672 0.285714 0.285714 1 3 0
521.172 0.285714 0.285714 1 3 0
521.672 0.285714 0.285714 1 3 0
522.172 0.285714 0.285714 1 3 0
522.672 0.285714 0.285714 1 3 0
523.172 0.285714 0.285714 1 3 0
523.672 0.285714 0.285714 1 3 0
524.172 0.285714 0.285714 1 3 0
524.672 0.285714 0.285714 1 3 0
525.172 0.285714 0.285714 1 3 0
525.672 0.285714 0.285714 1 3 0
526.172 0.285714 0.285714 1 3 0
526.672 0.285714 0.285714 1 3 0
527.172 0.285714 0.285714 1 3 0
527.672 0.285714 0.285714 1 3 0
528.172 0.285714 0.285714 1 3 0
528.672 0.285714 0.285714 1 3 0
529.172 0.285714 0.285714 1 3 0
529.672 0.285714 0.285714 1 3 0
530.172 0.285714 0.285714 1 3 0
530.672 0.285714 0.285714 1 3 0
531.172 0.285714 0.285714 1 3 0
531.672 0.285714 0.285714 1 3 0
532.172 0.285714 0.285714 1 3 0
532.672 0.285714 0.285714 1 3 0
533.172 0.285714 0.285714 1 3 0
533.672 0.285714 0.285714 1 3 0
534.172 0.285714 0.285714 1 3 0
534.672 0.285714 0.285714 1 3 0
535.172 0.285714 0.285714 1 3 0
535.672 0.285714 0.285714 1 3 0
536.172 0.285714 0.285714 1 3 0
536.672 0.285714 0.285714 1 3 0
537.172 0.285714 0.285714 1 3 0
537.672 0.285714 0.285714 1 3 0
538.172 0.285714 0.285714 1 3 0
538.672 0.285714 0.285714 1 3 0
539.172 0.285714 0.285714 1 3 0
539.672 0.285714 0.285714 1 3 0
540.172 0.285714 0.285714 1 3 0
540.172 0.285714 0.285714 2 3 0
540.212 0.285714 0.285714 1 3 0
540.252 0.285714 0.285714 1 3 0
540.332 0.285714 0.285714 1 3 0
540.492 0.285714 0.285714 1 3 0
540.812 0.285714 0.285714 1 3 0
541.312 0.285714 0.285714 1 3 0
541.812 0.285714 0.285714 1 3 0
542.312 0.285714 0.285714 1 3 0
542.812 0.285714 0.285714 1 3 0
543.312 0.285714 0.285714 1 3 0
543.812 0.285714 0.285714 1 3 0
544.312 0.285714 0.285714 1 3 0
544.812 0.285714 0.285714 1 3 0
545.312 0.285714 0.285714 1 3 0
545.812 0.285714 0.285714 1 3 0
546.312 0.285714 0.285714 1 3 0
546.812 0.285714 0.285714 1 3 0
547.312 0.285714 0.285714 1 3 0
547.812 0.285714 0.285714 1 3 0
548.312 0.285714 0.285714 1 3 0
548.812 0.285714 0.285714 1 3 0
549.312 0.285714 0.285714 1 3 0
549.812 0.285714 0.285714 1 3 0
550.312 0.285714 0.285714 1 3 0
550.812 0.285714 0.285714 1 3 0
551.312 0.285714 0.285714 1 3 0
551.812 0.285714 0.285714 1 3 0
552.312 0.285714 0.285714 1 3 0
552.812 0.285714 0.285714 1 3 0
553.312 0.285714 0.285714 1 3 0
553.812 0.285714 0.285714 1 3 0
554.312 0.285714 0.285714 1 3 0
554.812 0.285714 0.285714 1 3 0
555.312 0.285714 0.285714 1 3 0
555.812 0.285714 0.285714 1 3 0
556.312 0.285714 0.285714 1 3 0
556.812 0.285714 0.285714 1 3 0
557.312 0.285714 0.285714 1 3 0
557.812 0.285714 0.285714 1 3 0
558.312 0.285714 0.285714 1 3 0
558.812 0.285714 0.285714 1 3 0
559.312 0.285714 0.285714 1 3 0
559.812 0.285714 0.285714 1 3 0
560.312 0.285714 0.285714 1 3 0
560.812 0.285714 0.285714 1 3 0
561.312 0.285714 0.285714 1 3 0
561.812 0.285714 0.285714 1 3 0
562.312 0.285714 0.285714 1 3 0
562.812 0.285714 0.285714 1 3 0
563.312 0.285714 0.285714 1 3 0
563.812 0.285714 0.285714 1 3 0
564.312 0.285714 0.285714 1 3 0
564.812 0.285714 0.285714 1 3 0
565.312 0.285714 0.285714 1 3 0
565.812 0.285714 0.285714 1 3 0
566.312 0.285714 0.285714 1 3 0
566.812 0.285714 0.285714 1 3 0
567.312 0.285714 0.285714 1 3 0
567.812 0.285714 0.285714 1 3 0
568.312 0.285714 0.285714 1 3 0
568.812 0.285714 0.285714 1 3 0
569.312 0.285714 0.285714 1 3 0
569.812 0.285714 0.285714 1 3 0
570.312 0.285714 0.285714 1 3 0
570.812 0.285714 0.285714 1 3 0
571.312 0.285714 0.285714 1 3 0
571.812 0.285714 0.285714 1 3 0
572.312 0.285714 0.285714 1 3 0
572.812 0.285714 0.285714 1 3 0
573.312 0.285714 0.285714 1 3 0
573.812 0.285714 0.285714 1 3 0
574.312 0.285714 0.285714 1 3 0
574.812 0.285714 0.285714 1 3 0
575.312 0.285714 0.285714 1 3 0
575.812 0.285714 0.285714 1 3 0
576.312 0.285714 0.285714 1 3 0
576.812 0.285714 0.285714 1 3 0
577.312 0.285714 0.285714 1 3 0
577.812 0.285714 0.285714 1 3 0
578.312 0.285714 0.285714 1 3 0
578.812 0.285714 0.285714 1 3 0
579.312 0.285714 0.285714 1 3 0
579.812 0.285714 0.285714 1 3 0
580.312 0.285714 0.285714 1 3 0
580.812 0.285714 0.285714 1 3 0
581.312 0.285714 0.285714 1 3 0
581.812 0.285714 0.285714 1 3 0
582.312 0.285714 0.285714 1 3 0
582.812 0.285714 0.285714 1 3 0
583.312 0.285714 0.285714 1 3 0
583.812 0.285714 0.285714 1 3 0
584.312 0.285714 0.285714 1 3 0
584.812 0.285714 0.285714 1 3 0
585.312 0.285714 0.285714 1 3 0
585.812 0.285714 0.285714 1 3 0
586.312 0.285714 0.285714 1 3 0
586.812 0.285714 0.285714 1 3 0
587.312 0.285714 0.285714 1 3 0
587.812 0.285714 0.285714 1 3 0
588.312 0.285714 0.285714 1 3 0
588.812 0.285714 0.285714 1 3 0
589.312 0.285714 0.285714 1 3 0
589.812 0.285714 0.285714 1 3 0
590.312 0.285714 0.285714 1 3 0
590.812 0.285714 0.285714 1 3 0
591.312 0.285714 0.285714 1 3 0
591.812 0.285714 0.285714 1 3 0
592.312 0.285714 0.285714 1 3 0
592.812 0.285714 0.285714 1 3 0
593.312 0.285714 0.285714 1 3 0
593.812 0.285714 0.285714 1 3 0
594.312 0.285714 0.285714 1 3 0
594.812 0.285714 0.285714 1 3 0
595.312 0.285714 0.285714 1 3 0
595.812 0.285714 0.285714 1 3 0
596.312 0.285714 0.285714 1 3 0
596.812 0.285714 0.285714 1 3 0
597.312 0.285714 0.285714 1 3 0
597.812 0.285714 0.285714 1 3 0
598.312 0.285714 0.285714 1 3 0
598.812 0.285714 0.285714 1 3 0
599.312 0.285714 0.285714 1 3 0
599.812 0.285714 0.285714 1 3 0
600.312 0.285714 0.285714 1 3 0
600.812 0.285714 0.285714 1 3 0
601.312 0.285714 0.285714 1 3 0
601.812 0.285714 0.285714 1 3 0
602.312 0.285714 0.285714 1 3 0
602.812 0.285714 0.285714 1 3 0
603.312 0.285714 0.285714 1 3 0
603.812 0.285714 0.285714 1 3 0
604.312 0.285714 0.285714 1 3 0
604.812 0.285714 0.285714 1 3 0
605.312 0.285714 0.285714 1 3 0
605.812 0.285714 0.285714 1 3 0
606.312 0.285714 0.285714 1 3 0
606.812 0.285714 0.285714 1 3 0
607.312 0.285714 0.285714 1 3 0
607.812 0.285714 0.285714 1 3 0
608.312 0.285714 0.285714 1 3 0
608.812 0.285714 0.285714 1 3 0
609.312 0.285714 0.285714 1 3 0
609.812 0.285714 0.285714 1 3 0
610.312 0.285714 0.285714 1 3 0
610.812 0.285714 0.285714 1 3 0
611.312 0.285714 0.285714 1 3 0
611.812 0.285714 0.285714 1 3 0
612.312 0.285714 0.285714 1 3 0
612.812 0.285714 0.285714 1 3 0
613.312 0.285714 0.285714 1 3 0
613.812 0.285714 0.285714 1 3 0
614.312 0.285714 0.285714 1 3 0
614.812 0.285714 0.285714 1 3 0
615.312 0.285714 0.285714 1 3 0
615.812 0.285714 0.285714 1 3 0
616.312 0.285714 0.285714 1 3 0
616.812 0.285714 0.285714 1 3 0
617.312 0.285714 0.285714 1 3 0
617.812 0.285714 0.285714 1 3 0
618.312 0.285714 0.285714 1 3 0
618.812 0.285714 0.285714 1 3 0
619.312 0.285714 0.285714 1 3 0
619.812 0.285714 0.285714 1 3 0
620.312 0.285714 0.285714 1 3 0
620.812 0.285714 0.285714 1 3 0
621.312 0.285714 0.285714 1 3 0
621.812 0.285714 0.285714 1 3 0
622.312 0.285714 0.285714 1 3 0
622.812 0.285714 0.285714 1 3 0
623.312 0.285714 0.285714 1 3 0
623.812 0.285714 0.285714 1 3 0
624.312 0.285714 0.285714 1 3 0
624.812 0.285714 0.285714 1 3 0
625.312 0.285714 0.285714 1 3 0
625.812 0.285714 0.285714 1 3 0
626.312 0.285714 0.285714 1 3 0
626.812 0.285714 0.285714 1 3 0
627.312 0.285714 0.285714 1 3 0
627.812 0.285714 0.285714 1 3 0
628.312 0.285714 0.285714 1 3 0
628.812 0.285714 0.285714 1 3 0
629.312 0.285714 0.285714 1 3 0
629.812 0.285714 0.285714 1 3 0
630.312 0.285714 0.285714 1 3 0
630.812 0.285714 0.285714 1 3 0
631.312 0.285714 0.285714 1 3 0
631.812 0.285714 0.285714 1 3 0
632.312 0.285714 0.285714 1 3 0
632.812 0.285714 0.285714 1 3 0
633.312 0.285714 0.285714 1 3 0
633.812 0.285714 0.285714 1 3 0
634.312 0.285714 0.285714 1 3 0
634.812 0.285714 0.285714 1 3 0
635.312 0.285714 0.285714 1 3 0
635.812 0.285714 0.285714 1 3 0
636.312 0.285714 0.285714 1 3 0
636.812 0.285714 0.285714 1 3 0
637.312 0.285714 0.285714 1 3 0
637.812 0.285714 0.285714 1 3 0
637.812 0.285714 0.285714 2 3 0
637.852 0.285714 0.285714 1 3 0
637.892 0.285714 0.285714 1 3 0
637.972 0.285714 0.285714 1 3 0
638.132 0.285714 0.285714 1 3 0
638.452 0.285714 0.285714 1 3 0
638.952 0.285714 0.285714 1 3 0
639.452 0.285714 0.285714 1 3 0
639.952 0.285714 0.285714 1 3 0
640.452 0.285714 0.285714 1 3 0
640.952 0.285714 0.285714 1 3 0
641.452 0.285714 0.285714 1 3 0
641.952 0.285714 0.285714 1 3 0
642.452 0.285714 0.285714 1 3 0
642.952 0.285714 0.285714 1 3 0
643.452 0.285714 0.285714 1 3 0
643.952 0.285714 0.285714 1 3 0
644.452 0.285714 0.285714 1 3 0
644.952 0.285714 0.285714 1 3 0
645.452 0.285714 0.285714 1 3 0
645.952 0.285714 0.285714 1 3 0
646.452 0.285714 0.285714 1 3 0
646.952 0.285714 0.285714 1 3 0
647.452 0.285714 0.285714 1 3 0
647.952 0.285714 0.285714 1 3 0
648.452 0.285714 0.285714 1 3 0
648.952 0.285714 0.285714 1 3 0
649.452 0.285714 0.285714 1 3 0
649.952 0.285714 0.285714 1 3 0
650.452 0.285714 0.285714 1 3 0
650.952 0.285714 0.285714 1 3 0
651.452 0.285714 0.285714 1 3 0
651.952 0.285714 0.285714 1 3 0
652.452 0.285714 0.285714 1 3 0
652.952 0.285714 0.285714 1 3 0
653.452 0.285714 0.285714 1 3 0
653.952 0.285714 0.285714 1 3 0
654.452 0.285714 0.285714 1 3 0
654.952 0.285714 0.285714 1 3 0
655.452 0.285714 0.285714 1 3 0
655.952 0.285714 0.285714 1 3 0
656.452 0.285714 0.285714 1 3 0
656.952 0.285714 0.285714 1 3 0
657.452 0.285714 0.285714 1 3 0
657.952 0.285714 0.285714 1 3 0
658.452 0.285714 0.285714 1 3 0
658.952 0.285714 0.285714 1 3 0
659.452 0.285714 0.285714 1 3 0
659.952 0.285714 0.285714 1 3 0
660.452 0.285714 0.285714 1 3 0
660.952 0.285714 0.285714 1 3 0
661.452 0.285714 0.285714 1 3 0
661.952 0.285714 0.285714 1 3 0
662.452 0.285714 0.285714 1 3 0
662.952 0.285714 0.285714 1 3 0
663.452 0.285714 0.285714 1 3 0
663.952 0.285714 0.285714 1 3 0
664.452 0.285714 0.285714 1 3 0
664.952 0.285714 0.285714 1 3 0
665.452 0.285714 0.285714 1 3 0
665.952 0.285714 0.285714 1 3 0
666.452 0.285714 0.285714 1 3 0
666.952 0.285714 0.285714 1 3 0
667.452 0.285714 0.285714 1 3 0
667.952 0.285714 0.285714 1 3 0
668.452 0.285714 0.285714 1 3 0
668.952 0.285714 0.285714 1 3 0
669.452 0.285714 0.285714 1 3 0
669.952 0.285714 0.285714 1 3 0
670.452 0.285714 0.285714 1 3 0
670.952 0.285714 0.285714 1 3 0
671.452 0.285714 0.285714 1 3 0
671.952 0.285714 0.285714 1 3 0
672.452 0.285714 0.285714 1 3 0
672.952 0.285714 0.285714 1 3 0
673.452 0.285714 0.285714 1 3 0
673.952 0.285714 0.285714 1 3 0
674.452 0.285714 0.285714 1 3 0
674.952 0.285714 0.285714 1 3 0
675.452 0.285714 0.285714 1 3 0
675.952 0.285714 0.285714 1 3 0
676.452 0.285714 0.285714 1 3 0
676.952 0.285714 0.285714 1 3 0
677.452 0.285714 0.285714 1 3 0
677.952 0.285714 0.285714 1 3 0
678.452 0.285714 0.285714 1 3 0
678.952 0.285714 0.285714 1 3 0
679.452 0.285714 0.285714 1 3 0
679.952 0.285714 0.285714 1 3 0
680.452 0.285714 0.285714 1 3 0
680.952 0.285714 0.285714 1 3 0
681.452 0.285714 0.285714 1 3 0
681.952 0.285714 0.285714 1 3 0
682.452 0.285714 0.285714 1 3 0
682.952 0.285714 0.285714 1 3 0
683.452 0.285714 0.285714 1 3 0
683.952 0.285714 0.285714 1 3 0
684.452 0.285714 0.285714 1 3 0
684.952 0.285714 0.285714 1 3 0
685.452 0.285714 0.285714 1 3 0
685.952 0.285714 0.285714 1 3 0
686.452 0.285714 0.285714 1 3 0
686.952 0.285714 0.285714 1 3 0
687.452 0.285714 0.285714 1 3 0
687.952 0.285714 0.285714 1 3 0
688.452 0.285714 0.285714 1 3 0
688.952 0.285714 0.285714 1 3 0
689.452 0.285714 0.285714 1 3 0
689.952 0.285714 0.285714 1 3 0
690.452 0.285714 0.285714 1 3 0
690.952 0.285714 0.285714 1 3 0
691.452 0.285714 0.285714 1 3 0
691.952 0.285714 0.285714 1 3 0
692.452 0.285714 0.285714 1 3 0
692.952 0.285714 0.285714 1 3 0
693.452 0.285714 0.285714 1 3 0
693.952 0.285714 0.285714 1 3 0
694.452 0.285714 0.285714 1 3 0
694.952 0.285714 0.285714 1 3 0
695.452 0.285714 0.285714 1 3 0
695.952 0.285714 0.285714 1 3 0
696.452 0.285714 0.285714 1 3 0
696.952 0.285714 0.285714 1 3 0
697.452 0.285714 0.285714 1 3 0
697.952 0.285714 0.285714 1 3 0
698.452 0.285714 0.285714 1 3 0
698.952 0.285714 0.285714 1 3 0
699.452 0.285714 0.285714 1 3 0
699.952 0.285714 0.285714 1 3 0
700.452 0.285714 0.285714 1 3 0
700.952 0.285714 0.285714 1 3 0
701.452 0.285714 0.285714 1 3 0
701.952 0.285714 0.285714 1 3 0
702.452 0.285714 0.285714 1 3 0
702.952 0.285714 0.285714 1 3 0
703.452 0.285714 0.285714 1 3 0
703.952 0.285714 0.285714 1 3 0
704.452 0.285714 0.285714 1 3 0
704.952 0.285714 0.285714 1 3 0
705.452 0.285714 0.285714 1 3 0
705.952 0.285714 0.285714 1 3 0
706.452 0.285714 0.285714 1 3 0
706.952 0.285714 0.285714 1 3 0
707.452 0.285714 0.285714 1 3 0
707.952 0.285714 0.285714 1 3 0
708.452 0.285714 0.285714 1 3 0
708.952 0.285714 0.285714 1 3 0
709.452 0.285714 0.285714 1 3 0
709.952 0.285714 0.285714 1 3 0
710.452 0.285714 0.285714 1 3 0
710.952 0.285714 0.285714 1 3 0
711.452 0.285714 0.285714 1 3 0
711.952 0.285714 0.285714 1 3 0
712.452 0.285714 0.285714 1 3 0
712.952 0.285714 0.285714 1 3 0
713.452 0.285714 0.285714 1 3 0
713.952 0.285714 0.285714 1 3 0
714.452 0.285714 0.285714 1 3 0
714.952 0.285714 0.285714 1 3 0
715.452 0.285714 0.285714 1 3 0
715.952 0.285714 0.285714 1 3 0
716.452 0.285714 0.285714 1 3 0
716.952 0.285714 0.285714 1 3 0
717.452 0.285714 0.285714 1 3 0
717.952 0.285714 0.285714 1 3 0
718.452 0.285714 0.285714 1 3 0
718.952 0.285714 0.285714 1 3 0
719.452 0.285714 0.285714 1 3 0
719.952 0.285714 0.285714 1 3 0
720.452 0.285714 0.285714 1 3 0
720.952 0.285714 0.285714 1 3 0
721.452 0.285714 0.285714 1 3 0
721.952 0.285714 0.285714 1 3 0
722.452 0.285714 0.285714 1 3 0
722.952 0.285714 0.285714 1 3 0
723.452 0.285714 0.285714 1 3 0
723.952 0.285714 0.285714 1 3 0
724.452 0.285714 0.285714 1 3 0
724.952 0.285714 0.285714 1 3 0
725.452 0.285714 0.285714 1 3 0
725.952 0.285714 0.285714 1 3 0
726.452 0.285714 0.285714 1 3 0
726.952 0.285714 0.285714 1 3 0
727.452 0.285714 0.285714 1 3 0
727.952 0.285714 0.285714 1 3 0
728.452 0.285714 0.285714 1 3 0
728.952 0.285714 0.285714 1 3 0
729.452 0.285714 0.285714 1 3 0
729.952 0.285714 0.285714 1 3 0
730.452 0.285714 0.285714 1 3 0
730.952 0.285714 0.285714 1 3 0
731.452 0.285714 0.285714 1 3 0
731.952 0.285714 0.285714 1 3 0
732.452 0.285714 0.285714 1 3 0
732.952 0.285714 0.285714 1 3 0
733.452 0.285714 0.285714 1 3 0
733.952 0.285714 0.285714 1 3 0
734.452 0.285714 0.285714 1 3 0
734.952 0.285714 0.285714 1 3 0
735.452 0.285714 0.285714 1 3 0
735.452 0.285714 0.285714 2 3 0
735.492 0.285714 0.285714 1 3 0
735.532 0.285714 0.285714 1 3 0
735.612 0.285714 0.285714 1 3 0
735.772 0.285714 0.285714 1 3 0
736.092 0.285714 0.285714 1 3 0
736.592 0.285714 0.285714 1 3 0
737.092 0.285714 0.285714 1 3 0
737.592 0.285714 0.285714 1 3 0
738.092 0.285714 0.285714 1 3 0
738.592 0.285714 0.285714 1 3 0
739.092 0.285714 0.285714 1 3 0
739.592 0.285714 0.285714 1 3 0
740.092 0.285714 0.285714 1 3 0
740.592 0.285714 0.285714 1 3 0
741.092 0.285714 0.285714 1 3 0
741.592 0.285714 0.285714 1 3 0
742.092 0.285714 0.285714 1 3 0
742.592 0.285714 0.285714 1 3 0
743.092 0.285714 0.285714 1 3 0
743.592 0.285714 0.285714 1 3 0
744.092 0.285714 0.285714 1 3 0
744.592 0.285714 0.285714 1 3 0
745.092 0.285714 0.285714 1 3 0
745.592 0.285714 0.285714 1 3 0
746.092 0.285714 0.285714 1 3 0
746.592 0.285714 0.285714 1 3 0
747.092 0.285714 0.285714 1 3 0
747.592 0.285714 0.285714 1 3 0
748.092 0.285714 0.285714 1 3 0
748.592 0.285714 0.285714 1 3 0
749.092 0.285714 0.285714 1 3 0
749.592 0.285714 0.285714 1 3 0
750.092 0.285714 0.285714 1 3 0
750.592 0.285714 0.285714 1 3 0
751.092 0.285714 0.285714 1 3 0
751.592 0.285714 0.285714 1 3 0
752.092 0.285714 0.285714 1 3 0
752.592 0.285714 0.285714 1 3 0
753.092 0.285714 0.285714 1 3 0
753.592 0.285714 0.285714 1 3 0
754.092 0.285714 0.285714 1 3 0
754.592 0.285714 0.285714 1 3 0
755.092 0.285714 0.285714 1 3 0
755.592 0.285714 0.285714 1 3 0
756.092 0.285714 0.285714 1 3 0
756.592 0.285714 0.285714 1 3 0
757.092 0.285714 0.285714 1 3 0
757.592 0.285714 0.285714 1 3 0
758.092 0.285714 0.285714 1 3 0
758.592 0.285714 0.285714 1 3 0
759.092 0.285714 0.285714 1 3 0
759.592 0.285714 0.285714 1 3 0
760.092 0.285714 0.285714 1 3 0
760.592 0.285714 0.285714 1 3 0
761.092 0.285714 0.285714 1 3 0
761.592 0.285714 0.285714 1 3 0
762.092 0.285714 0.285714 1 3 0
762.592 0.285714 0.285714 1 3 0
763.092 0.285714 0.285714 1 3 0
763.592 0.285714 0.285714 1 3 0
764.092 0.285714 0.285714 1 3 0
764.592 0.285714 0.285714 1 3 0
765.092 0.285714 0.285714 1 3 0
765.592 0.285714 0.285714 1 3 0
766.092 0.285714 0.285714 1 3 0
766.592 0.285714 0.285714 1 3 0
767.092 0.285714 0.285714 1 3 0
767.592 0.285714 0.285714 1 3 0
768.092 0.285714 0.285714 1 3 0
768.592 0.285714 0.285714 1 3 0
769.092 0.285714 0.285714 1 3 0
769.592 0.285714 0.285714 1 3 0
770.092 0.285714 0.285714 1 3 0
770.592 0.285714 0.285714 1 3 0
771.092 0.285714 0.285714 1 3 0
771.592 0.285714 0.285714 1 3 0
772.092 0.285714 0.285714 1 3 0
772.592 0.285714 0.285714 1 3 0
773.092 0.285714 0.285714 1 3 0
773.592 0.285714 0.285714 1 3 0
774.092 0.285714 0.285714 1 3 0
774.592 0.285714 0.285714 1 3 0
775.092 0.285714 0.285714 1 3 0
775.592 0.285714 0.285714 1 3 0
776.092 0.285714 0.285714 1 3 0
776.592 0.285714 0.285714 1 3 0
777.092 0.285714 0.285714 1 3 0
777.592 0.285714 0.285714 1 3 0
778.092 0.285714 0.285714 1 3 0
778.592 0.285714 0.285714 1 3 0
779.092 0.285714 0.285714 1 3 0
779.592 0.285714 0.285714 1 3 0
780.092 0.285714 0.285714 1 3 0
780.592 0.285714 0.285714 1 3 0
781.092 0.285714 0.285714 1 3 0
781.592 0.285714 0.285714 1 3 0
782.092 0.285714 0.285714 1 3 0
782.592 0.285714 0.285714 1 3 0
783.092 0.285714 0.285714 1 3 0
783.592 0.285714 0.285714 1 3 0
784.092 0.285714 0.285714 1 3 0
784.592 0.285714 0.285714 1 3 0
785.092 0.285714 0.285714 1 3 0
785.592 0.285714 0.285714 1 3 0
786.092 0.285714 0.285714 1 3 0
786.592 0.285714 0.285714 1 3 0
787.092 0.285714 0.285714 1 3 0
787.592 0.285714 0.285714 1 3 0
788.092 0.285714 0.285714 1 3 0
788.592 0.285714 0.285714 1 3 0
789.092 0.285714 0.285714 1 3 0
789.592 0.285714 0.285714 1 3 0
790.092 0.285714 0.285714 1 3 0
790.592 0.285714 0.285714 1 3 0
791.092 0.285714 0.285714 1 3 0
791.592 0.285714 0.285714 1 3 0
792.092 0.285714 0.285714 1 3 0
792.592 0.285714 0.285714 1 3 0
793.092 0.285714 0.285714 1 3 0
793.592 0.285714 0.285714 1 3 0
794.092 0.285714 0.285714 1 3 0
794.592 0.285714 0.285714 1 3 0
795.092 0.285714 0.285714 1 3 0
795.592 0.285714 0.285714 1 3 0
796.092 0.285714 0.285714 1 3 0
796.592 0.285714 0.285714 1 3 0
797.092 0.285714 0.285714 1 3 0
797.592 0.285714 0.285714 1 3 0
798.092 0.285714 0.285714 1 3 0
798.592 0.285714 0.285714 1 3 0
799.092 0.285714 0.285714 1 3 0
799.592 0.285714 0.285714 1 3 0
800.092 0.285714 0.285714 1 3 0
800.592 0.285714 0.285714 1 3 0
801.092 0.285714 0.285714 1 3 0
801.592 0.285714 0.285714 1 3 0
802.092 0.285714 0.285714 1 3 0
802.592 0.285714 0.285714 1 3 0
803.092 0.285714 0.285714 1 3 0
803.592 0.285714 0.285714 1 3 0
804.092 0.285714 0.285714 1 3 0
804.592 0.285714 0.285714 1 3 0
805.092 0.285714 0.285714 1 3 0
805.592 0.285714 0.285714 1 3 0
806.092 0.285714 0.285714 1 3 0
806.592 0.285714 0.285714 1 3 0
807.092 0.285714 0.285714 1 3 0
807.592 0.285714 0.285714 1 3 0
808.092 0.285714 0.285714 1 3 0
808.592 0.285714 0.285714 1 3 0
809.092 0.285714 0.285714 1 3 0
809.592 0.285714 0.285714 1 3 0
810.092 0.285714 0.285714 1 3 0
810.592 0.285714 0.285714 1 3 0
811.092 0.285714 0.285714 1 3 0
811.592 0.285714 0.285714 1 3 0
812.092 0.285714 0.285714 1 3 0
812.592 0.285714 0.285714 1 3 0
813.092 0.285714 0.285714 1 3 0
813.592 0.285714 0.285714 1 3 0
814.092 0.285714 0.285714 1 3 0
814.592 0.285714 0.285714 1 3 0
815.092 0.285714 0.285714 1 3 0
815.592 0.285714 0.285714 1 3 0
816.092 0.285714 0.285714 1 3 0
816.592 0.285714 0.285714 1 3 0
817.092 0.285714 0.285714 1 3 0
817.592 0.285714 0.285714 1 3 0
818.092 0.285714 0.285714 1 3 0
818.592 0.285714 0.285714 1 3 0
819.092 0.285714 0.285714 1 3 0
819.592 0.285714 0.285714 1 3 0
820.092 0.285714 0.285714 1 3 0
820.592 0.285714 0.285714 1 3 0
821.092 0.285714 0.285714 1 3 0
821.592 0.285714 0.285714 1 3 0
822.092 0.285714 0.285714 1 3 0
822.592 0.285714 0.285714 1 3 0
823.092 0.285714 0.285714 1 3 0
823.592 0.285714 0.285714 1 3 0
824.092 0.285714 0.285714 1 3 0
824.592 0.285714 0.285714 1 3 0
825.092 0.285714 0.285714 1 3 0
825.592 0.285714 0.285714 1 3 0
826.092 0.285714 0.285714 1 3 0
826.592 0.285714 0.285714 1 3 0
827.092 0.285714 0.285714 1 3 0
827.592 0.285714 0.285714 1 3 0
828.092 0.285714 0.285714 1 3 0
828.592 0.285714 0.285714 1 3 0
829.092 0.285714 0.285714 1 3 0
829.592 0.285714 0.285714 1 3 0
830.092 0.285714 0.285714 1 3 0
830.592 0.285714 0.285714 1 3 0
831.092 0.285714 0.285714 1 3 0
831.592 0.285714 0.285714 1 3 0
832.092 0.285714 0.285714 1 3 0
832.592 0.285714 0.285714 1 3 0
833.092 0.285714 0.285714 1 3 0
