228.36 0.0679578 0.0679578 2 1 0
228.4 0.0679552 0.0679552 1 1 0
228.44 0.0679527 0.0679527 1 1 0
228.52 0.0679475 0.0679475 1 1 0
228.68 0.0679373 0.0679373 1 1 0
228.88 0.0679245 0.0679245 1 1 0
229.08 0.0679119 0.0679119 1 1 0
229.28 0.0678993 0.0678993 1 1 0
229.48 0.0678869 0.0678869 1 1 0
229.68 0.0678745 0.0678745 1 1 0
229.88 0.0678622 0.0678622 1 1 0
230.08 0.06785 0.06785 1 1 0
230.28 0.067838 0.067838 1 1 0
230.48 0.0678259 0.0678259 1 1 0
230.68 0.067814 0.067814 1 1 0
230.88 0.0678022 0.0678022 1 1 0
231.08 0.0677904 0.0677904 1 1 0
231.28 0.0677788 0.0677788 1 1 0
231.48 0.0677672 0.0677672 1 1 0
231.68 0.0677557 0.0677557 1 1 0
231.88 0.0677442 0.0677442 1 1 0
232.08 0.0677329 0.0677329 1 1 0
232.28 0.0677216 0.0677216 1 1 0
232.48 0.0677104 0.0677104 1 1 0
232.68 0.0676993 0.0676993 1 1 0
232.88 0.0676883 0.0676883 1 1 0
233.08 0.0676773 0.0676773 1 1 0
233.28 0.0676664 0.0676664 1 1 0
233.48 0.0676556 0.0676556 1 1 0
233.68 0.0676449 0.0676449 1 1 0
233.88 0.0676342 0.0676342 1 1 0
234.08 0.0676236 0.0676236 1 1 0
234.28 0.0676131 0.0676131 1 1 0
234.48 0.0676026 0.0676026 1 1 0
234.68 0.0675922 0.0675922 1 1 0
234.88 0.0675819 0.0675819 1 1 0
235.08 0.0675717 0.0675717 1 1 0
235.28 0.0675615 0.0675615 1 1 0
235.48 0.0675514 0.0675514 1 1 0
235.68 0.0675413 0.0675413 1 1 0
235.88 0.0675313 0.0675313 1 1 0
236.08 0.0675214 0.0675214 1 1 0
236.28 0.0675116 0.0675116 1 1 0
236.48 0.0675018 0.0675018 1 1 0
236.68 0.067492 0.067492 1 1 0
236.88 0.0674824 0.0674824 1 1 0
237.08 0.0674728 0.0674728 1 1 0
237.28 0.0674632 0.0674632 1 1 0
237.48 0.0674537 0.0674537 1 1 0
237.68 0.0674443 0.0674443 1 1 0
237.88 0.0674349 0.0674349 1 1 0
238.08 0.0674256 0.0674256 1 1 0
238.28 0.0674164 0.0674164 1 1 0
238.48 0.0674072 0.0674072 1 1 0
238.68 0.067398 0.067398 1 1 0
238.88 0.067389 0.067389 1 1 0
239.08 0.0673799 0.0673799 1 1 0
239.28 0.067371 0.067371 1 1 0
239.48 0.0673621 0.0673621 1 1 0
239.68 0.0673532 0.0673532 1 1 0
239.88 0.0673444 0.0673444 1 1 0
240.08 0.0673356 0.0673356 1 1 0
240.28 0.0673269 0.0673269 1 1 0
240.48 0.0673183 0.0673183 1 1 0
240.68 0.0673097 0.0673097 1 1 0
240.88 0.0673012 0.0673012 1 1 0
241.08 0.0672927 0.0672927 1 1 0
241.28 0.0672842 0.0672842 1 1 0
241.48 0.0672758 0.0672758 1 1 0
241.68 0.0672675 0.0672675 1 1 0
241.88 0.0672592 0.0672592 1 1 0
242.08 0.067251 0.067251 1 1 0
242.28 0.0672428 0.0672428 1 1 0
242.48 0.0672346 0.0672346 1 1 0
242.68 0.0672265 0.0672265 1 1 0
242.88 0.0672185 0.0672185 1 1 0
243.08 0.0672105 0.0672105 1 1 0
243.28 0.0672025 0.0672025 1 1 0
243.48 0.0671946 0.0671946 1 1 0
243.68 0.0671868 0.0671868 1 1 0
243.88 0.0671789 0.0671789 1 1 0
244.08 0.0671712 0.0671712 1 1 0
244.28 0.0671634 0.0671634 1 1 0
244.48 0.0671557 0.0671557 1 1 0
244.68 0.0671481 0.0671481 1 1 0
244.88 0.0671405 0.0671405 1 1 0
245.08 0.067133 0.067133 1 1 0
245.28 0.0671254 0.0671254 1 1 0
245.48 0.067118 0.067118 1 1 0
245.68 0.0671105 0.0671105 1 1 0
245.88 0.0671032 0.0671032 1 1 0
246.08 0.0670958 0.0670958 1 1 0
246.28 0.0670885 0.0670885 1 1 0
246.48 0.0670812 0.0670812 1 1 0
246.68 0.067074 0.067074 1 1 0
246.88 0.0670668 0.0670668 1 1 0
247.08 0.0670597 0.0670597 1 1 0
247.28 0.0670526 0.0670526 1 1 0
247.48 0.0670455 0.0670455 1 1 0
247.68 0.0670385 0.0670385 1 1 0
247.88 0.0670315 0.0670315 1 1 0
248.08 0.0670246 0.0670246 1 1 0
248.28 0.0670177 0.0670177 1 1 0
248.48 0.0670108 0.0670108 1 1 0
248.68 0.067004 0.067004 1 1 0
248.88 0.0669972 0.0669972 1 1 0
249.08 0.0669904 0.0669904 1 1 0
249.28 0.0669837 0.0669837 1 1 0
249.48 0.066977 0.066977 1 1 0
249.68 0.0669704 0.0669704 1 1 0
249.88 0.0669637 0.0669637 1 1 0
250.08 0.0669572 0.0669572 1 1 0
250.28 0.0669506 0.0669506 1 1 0
250.48 0.0669441 0.0669441 1 1 0
250.68 0.0669376 0.0669376 1 1 0
250.88 0.0669312 0.0669312 1 1 0
251.08 0.0669248 0.0669248 1 1 0
251.28 0.0669184 0.0669184 1 1 0
251.48 0.0669121 0.0669121 1 1 0
251.68 0.0669058 0.0669058 1 1 0
251.88 0.0668995 0.0668995 1 1 0
252.08 0.0668933 0.0668933 1 1 0
252.28 0.0668871 0.0668871 1 1 0
252.48 0.0668809 0.0668809 1 1 0
252.68 0.0668748 0.0668748 1 1 0
252.88 0.0668687 0.0668687 1 1 0
253.08 0.0668626 0.0668626 1 1 0
253.28 0.0668565 0.0668565 1 1 0
253.48 0.0668505 0.0668505 1 1 0
253.68 0.0668445 0.0668445 1 1 0
253.88 0.0668386 0.0668386 1 1 0
254.08 0.0668327 0.0668327 1 1 0
254.28 0.0668268 0.0668268 1 1 0
254.48 0.0668209 0.0668209 1 1 0
254.68 0.0668151 0.0668151 1 1 0
254.88 0.0668093 0.0668093 1 1 0
255.08 0.0668035 0.0668035 1 1 0
255.28 0.0667978 0.0667978 1 1 0
255.48 0.0667921 0.0667921 1 1 0
255.68 0.0667864 0.0667864 1 1 0
255.88 0.0667808 0.0667808 1 1 0
256.08 0.0667751 0.0667751 1 1 0
256.28 0.0667695 0.0667695 1 1 0
256.48 0.066764 0.066764 1 1 0
256.68 0.0667584 0.0667584 1 1 0
256.88 0.0667529 0.0667529 1 1 0
257.08 0.0667474 0.0667474 1 1 0
257.28 0.066742 0.066742 1 1 0
257.48 0.0667366 0.0667366 1 1 0
257.68 0.0667312 0.0667312 1 1 0
257.88 0.0667258 0.0667258 1 1 0
258.08 0.0667204 0.0667204 1 1 0
258.28 0.0667151 0.0667151 1 1 0
258.48 0.0667098 0.0667098 1 1 0
258.68 0.0667045 0.0667045 1 1 0
258.88 0.0666993 0.0666993 1 1 0
259.08 0.0666941 0.0666941 1 1 0
259.28 0.0666889 0.0666889 1 1 0
259.48 0.0666837 0.0666837 1 1 0
259.68 0.0666786 0.0666786 1 1 0
259.88 0.0666735 0.0666735 1 1 0
260.08 0.0666684 0.0666684 1 1 0
260.28 0.0666633 0.0666633 1 1 0
260.48 0.0666583 0.0666583 1 1 0
260.68 0.0666533 0.0666533 1 1 0
260.88 0.0666483 0.0666483 1 1 0
261.08 0.0666433 0.0666433 1 1 0
261.28 0.0666384 0.0666384 1 1 0
261.48 0.0666335 0.0666335 1 1 0
261.68 0.0666286 0.0666286 1 1 0
261.88 0.0666237 0.0666237 1 1 0
262.08 0.0666189 0.0666189 1 1 0
262.28 0.066614 0.066614 1 1 0
262.48 0.0666092 0.0666092 1 1 0
262.68 0.0666045 0.0666045 1 1 0
262.88 0.0665997 0.0665997 1 1 0
263.08 0.066595 0.066595 1 1 0
263.28 0.0665903 0.0665903 1 1 0
263.48 0.0665856 0.0665856 1 1 0
263.68 0.0665809 0.0665809 1 1 0
263.88 0.0665763 0.0665763 1 1 0
264.08 0.0665717 0.0665717 1 1 0
264.28 0.0665671 0.0665671 1 1 0
264.48 0.0665625 0.0665625 1 1 0
264.68 0.066558 0.066558 1 1 0
264.88 0.0665534 0.0665534 1 1 0
265.08 0.0665489 0.0665489 1 1 0
265.28 0.0665444 0.0665444 1 1 0
265.48 0.06654 0.06654 1 1 0
265.68 0.0665355 0.0665355 1 1 0
265.88 0.0665311 0.0665311 1 1 0
266.08 0.0665267 0.0665267 1 1 0
266.28 0.0665223 0.0665223 1 1 0
266.48 0.0665179 0.0665179 1 1 0
266.68 0.0665136 0.0665136 1 1 0
266.88 0.0665093 0.0665093 1 1 0
267.08 0.066505 0.066505 1 1 0
267.28 0.0665007 0.0665007 1 1 0
267.48 0.0664964 0.0664964 1 1 0
267.68 0.0664922 0.0664922 1 1 0
267.68 0.0664922 0.0664922 2 1 0
267.72 0.0664914 0.0664914 1 1 0
267.76 0.0664905 0.0664905 1 1 0
267.84 0.0664888 0.0664888 1 1 0
268 0.0664855 0.0664855 1 1 0
268.2 0.0664813 0.0664813 1 1 0
268.4 0.0664771 0.0664771 1 1 0
268.6 0.0664729 0.0664729 1 1 0
268.8 0.0664688 0.0664688 1 1 0
269 0.0664647 0.0664647 1 1 0
269.2 0.0664606 0.0664606 1 1 0
269.4 0.0664565 0.0664565 1 1 0
269.6 0.0664525 0.0664525 1 1 0
269.8 0.0664484 0.0664484 1 1 0
270 0.0664444 0.0664444 1 1 0
270.2 0.0664404 0.0664404 1 1 0
270.4 0.0664364 0.0664364 1 1 0
270.6 0.0664325 0.0664325 1 1 0
270.8 0.0664285 0.0664285 1 1 0
271 0.0664246 0.0664246 1 1 0
271.2 0.0664207 0.0664207 1 1 0
271.4 0.0664168 0.0664168 1 1 0
271.6 0.0664129 0.0664129 1 1 0
271.8 0.0664091 0.0664091 1 1 0
272 0.0664052 0.0664052 1 1 0
272.2 0.0664014 0.0664014 1 1 0
272.4 0.0663976 0.0663976 1 1 0
272.6 0.0663938 0.0663938 1 1 0
272.8 0.06639 0.06639 1 1 0
273 0.0663863 0.0663863 1 1 0
273.2 0.0663825 0.0663825 1 1 0
273.4 0.0663788 0.0663788 1 1 0
273.6 0.0663751 0.0663751 1 1 0
273.8 0.0663714 0.0663714 1 1 0
274 0.0663677 0.0663677 1 1 0
274.2 0.0663641 0.0663641 1 1 0
274.4 0.0663605 0.0663605 1 1 0
274.6 0.0663568 0.0663568 1 1 0
274.8 0.0663532 0.0663532 1 1 0
275 0.0663496 0.0663496 1 1 0
275.2 0.0663461 0.0663461 1 1 0
275.4 0.0663425 0.0663425 1 1 0
275.6 0.066339 0.066339 1 1 0
275.8 0.0663354 0.0663354 1 1 0
276 0.0663319 0.0663319 1 1 0
276.2 0.0663284 0.0663284 1 1 0
276.4 0.066325 0.066325 1 1 0
276.6 0.0663215 0.0663215 1 1 0
276.8 0.066318 0.066318 1 1 0
277 0.0663146 0.0663146 1 1 0
277.2 0.0663112 0.0663112 1 1 0
277.4 0.0663078 0.0663078 1 1 0
277.6 0.0663044 0.0663044 1 1 0
277.8 0.066301 0.066301 1 1 0
278 0.0662977 0.0662977 1 1 0
278.2 0.0662943 0.0662943 1 1 0
278.4 0.066291 0.066291 1 1 0
278.6 0.0662877 0.0662877 1 1 0
278.8 0.0662844 0.0662844 1 1 0
279 0.0662811 0.0662811 1 1 0
279.2 0.0662778 0.0662778 1 1 0
279.4 0.0662746 0.0662746 1 1 0
279.6 0.0662713 0.0662713 1 1 0
279.8 0.0662681 0.0662681 1 1 0
280 0.0662649 0.0662649 1 1 0
280.2 0.0662617 0.0662617 1 1 0
280.4 0.0662585 0.0662585 1 1 0
280.6 0.0662553 0.0662553 1 1 0
280.8 0.0662522 0.0662522 1 1 0
281 0.066249 0.066249 1 1 0
281.2 0.0662459 0.0662459 1 1 0
281.4 0.0662428 0.0662428 1 1 0
281.6 0.0662397 0.0662397 1 1 0
281.8 0.0662366 0.0662366 1 1 0
282 0.0662335 0.0662335 1 1 0
282.2 0.0662304 0.0662304 1 1 0
282.4 0.0662274 0.0662274 1 1 0
282.6 0.0662243 0.0662243 1 1 0
282.8 0.0662213 0.0662213 1 1 0
283 0.0662183 0.0662183 1 1 0
283.2 0.0662153 0.0662153 1 1 0
283.4 0.0662123 0.0662123 1 1 0
283.6 0.0662093 0.0662093 1 1 0
283.8 0.0662064 0.0662064 1 1 0
284 0.0662034 0.0662034 1 1 0
284.2 0.0662005 0.0662005 1 1 0
284.4 0.0661976 0.0661976 1 1 0
284.6 0.0661946 0.0661946 1 1 0
284.8 0.0661917 0.0661917 1 1 0
285 0.0661889 0.0661889 1 1 0
285.2 0.066186 0.066186 1 1 0
285.4 0.0661831 0.0661831 1 1 0
285.6 0.0661803 0.0661803 1 1 0
285.8 0.0661774 0.0661774 1 1 0
286 0.0661746 0.0661746 1 1 0
286.2 0.0661718 0.0661718 1 1 0
286.4 0.066169 0.066169 1 1 0
286.6 0.0661662 0.0661662 1 1 0
286.8 0.0661634 0.0661634 1 1 0
287 0.0661606 0.0661606 1 1 0
287.2 0.0661579 0.0661579 1 1 0
287.4 0.0661551 0.0661551 1 1 0
287.6 0.0661524 0.0661524 1 1 0
287.8 0.0661497 0.0661497 1 1 0
288 0.066147 0.066147 1 1 0
288.2 0.0661443 0.0661443 1 1 0
288.4 0.0661416 0.0661416 1 1 0
288.6 0.0661389 0.0661389 1 1 0
288.8 0.0661363 0.0661363 1 1 0
289 0.0661336 0.0661336 1 1 0
289.2 0.066131 0.066131 1 1 0
289.4 0.0661283 0.0661283 1 1 0
289.6 0.0661257 0.0661257 1 1 0
289.8 0.0661231 0.0661231 1 1 0
290 0.0661205 0.0661205 1 1 0
290.2 0.0661179 0.0661179 1 1 0
290.4 0.0661153 0.0661153 1 1 0
290.6 0.0661128 0.0661128 1 1 0
290.8 0.0661102 0.0661102 1 1 0
291 0.0661077 0.0661077 1 1 0
291.2 0.0661051 0.0661051 1 1 0
291.4 0.0661026 0.0661026 1 1 0
291.6 0.0661001 0.0661001 1 1 0
291.8 0.0660976 0.0660976 1 1 0
292 0.0660951 0.0660951 1 1 0
292.2 0.0660926 0.0660926 1 1 0
292.4 0.0660901 0.0660901 1 1 0
292.6 0.0660877 0.0660877 1 1 0
292.8 0.0660852 0.0660852 1 1 0
293 0.0660828 0.0660828 1 1 0
293.2 0.0660803 0.0660803 1 1 0
293.4 0.0660779 0.0660779 1 1 0
293.6 0.0660755 0.0660755 1 1 0
293.8 0.0660731 0.0660731 1 1 0
294 0.0660707 0.0660707 1 1 0
294.2 0.0660683 0.0660683 1 1 0
294.4 0.066066 0.066066 1 1 0
294.6 0.0660636 0.0660636 1 1 0
294.8 0.0660612 0.0660612 1 1 0
295 0.0660589 0.0660589 1 1 0
295.2 0.0660566 0.0660566 1 1 0
295.4 0.0660542 0.0660542 1 1 0
295.6 0.0660519 0.0660519 1 1 0
295.8 0.0660496 0.0660496 1 1 0
296 0.0660473 0.0660473 1 1 0
296.2 0.066045 0.066045 1 1 0
296.4 0.0660427 0.0660427 1 1 0
296.6 0.0660405 0.0660405 1 1 0
296.8 0.0660382 0.0660382 1 1 0
297 0.066036 0.066036 1 1 0
297.2 0.0660337 0.0660337 1 1 0
297.4 0.0660315 0.0660315 1 1 0
297.6 0.0660293 0.0660293 1 1 0
297.8 0.066027 0.066027 1 1 0
298 0.0660248 0.0660248 1 1 0
298.2 0.0660226 0.0660226 1 1 0
298.4 0.0660205 0.0660205 1 1 0
298.6 0.0660183 0.0660183 1 1 0
298.8 0.0660161 0.0660161 1 1 0
299 0.0660139 0.0660139 1 1 0
299.2 0.0660118 0.0660118 1 1 0
299.4 0.0660096 0.0660096 1 1 0
299.6 0.0660075 0.0660075 1 1 0
299.8 0.0660054 0.0660054 1 1 0
300 0.0660033 0.0660033 1 1 0
300.2 0.0660011 0.0660011 1 1 0
300.4 0.065999 0.065999 1 1 0
300.6 0.065997 0.065997 1 1 0
300.8 0.0659949 0.0659949 1 1 0
301 0.0659928 0.0659928 1 1 0
301.2 0.0659907 0.0659907 1 1 0
301.4 0.0659887 0.0659887 1 1 0
301.6 0.0659866 0.0659866 1 1 0
301.8 0.0659846 0.0659846 1 1 0
302 0.0659825 0.0659825 1 1 0
302.2 0.0659805 0.0659805 1 1 0
302.4 0.0659785 0.0659785 1 1 0
302.6 0.0659765 0.0659765 1 1 0
302.8 0.0659745 0.0659745 1 1 0
303 0.0659725 0.0659725 1 1 0
303.2 0.0659705 0.0659705 1 1 0
303.4 0.0659685 0.0659685 1 1 0
303.6 0.0659665 0.0659665 1 1 0
303.8 0.0659646 0.0659646 1 1 0
304 0.0659626 0.0659626 1 1 0
304.2 0.0659607 0.0659607 1 1 0
304.4 0.0659587 0.0659587 1 1 0
304.6 0.0659568 0.0659568 1 1 0
304.8 0.0659549 0.0659549 1 1 0
305 0.0659529 0.0659529 1 1 0
305.2 0.065951 0.065951 1 1 0
305.4 0.0659491 0.0659491 1 1 0
305.6 0.0659472 0.0659472 1 1 0
305.8 0.0659453 0.0659453 1 1 0
306 0.0659435 0.0659435 1 1 0
306.2 0.0659416 0.0659416 1 1 0
306.4 0.0659397 0.0659397 1 1 0
306.6 0.0659379 0.0659379 1 1 0
306.8 0.065936 0.065936 1 1 0
307 0.0659342 0.0659342 1 1 0
307 0.0659342 0.0659342 2 1 0
307.04 0.0659338 0.0659338 1 1 0
307.08 0.0659334 0.0659334 1 1 0
307.16 0.0659327 0.0659327 1 1 0
307.32 0.0659312 0.0659312 1 1 0
307.52 0.0659294 0.0659294 1 1 0
307.72 0.0659276 0.0659276 1 1 0
307.92 0.0659258 0.0659258 1 1 0
308.12 0.065924 0.065924 1 1 0
308.32 0.0659222 0.0659222 1 1 0
308.52 0.0659204 0.0659204 1 1 0
308.72 0.0659186 0.0659186 1 1 0
308.92 0.0659168 0.0659168 1 1 0
309.12 0.065915 0.065915 1 1 0
309.32 0.0659133 0.0659133 1 1 0
309.52 0.0659115 0.0659115 1 1 0
309.72 0.0659098 0.0659098 1 1 0
309.92 0.065908 0.065908 1 1 0
310.12 0.0659063 0.0659063 1 1 0
310.32 0.0659046 0.0659046 1 1 0
310.52 0.0659028 0.0659028 1 1 0
310.72 0.0659011 0.0659011 1 1 0
310.92 0.0658994 0.0658994 1 1 0
311.12 0.0658977 0.0658977 1 1 0
311.32 0.065896 0.065896 1 1 0
311.52 0.0658943 0.0658943 1 1 0
311.72 0.0658927 0.0658927 1 1 0
311.92 0.065891 0.065891 1 1 0
312.12 0.0658893 0.0658893 1 1 0
312.32 0.0658876 0.0658876 1 1 0
312.52 0.065886 0.065886 1 1 0
312.72 0.0658843 0.0658843 1 1 0
312.92 0.0658827 0.0658827 1 1 0
313.12 0.0658811 0.0658811 1 1 0
313.32 0.0658794 0.0658794 1 1 0
313.52 0.0658778 0.0658778 1 1 0
313.72 0.0658762 0.0658762 1 1 0
313.92 0.0658746 0.0658746 1 1 0
314.12 0.065873 0.065873 1 1 0
314.32 0.0658714 0.0658714 1 1 0
314.52 0.0658698 0.0658698 1 1 0
314.72 0.0658682 0.0658682 1 1 0
314.92 0.0658666 0.0658666 1 1 0
315.12 0.065865 0.065865 1 1 0
315.32 0.0658634 0.0658634 1 1 0
315.52 0.0658619 0.0658619 1 1 0
315.72 0.0658603 0.0658603 1 1 0
315.92 0.0658588 0.0658588 1 1 0
316.12 0.0658572 0.0658572 1 1 0
316.32 0.0658557 0.0658557 1 1 0
316.52 0.0658542 0.0658542 1 1 0
316.72 0.0658526 0.0658526 1 1 0
316.92 0.0658511 0.0658511 1 1 0
317.12 0.0658496 0.0658496 1 1 0
317.32 0.0658481 0.0658481 1 1 0
317.52 0.0658466 0.0658466 1 1 0
317.72 0.0658451 0.0658451 1 1 0
317.92 0.0658436 0.0658436 1 1 0
318.12 0.0658421 0.0658421 1 1 0
318.32 0.0658406 0.0658406 1 1 0
318.52 0.0658391 0.0658391 1 1 0
318.72 0.0658377 0.0658377 1 1 0
318.92 0.0658362 0.0658362 1 1 0
319.12 0.0658347 0.0658347 1 1 0
319.32 0.0658333 0.0658333 1 1 0
319.52 0.0658318 0.0658318 1 1 0
319.72 0.0658304 0.0658304 1 1 0
319.92 0.0658289 0.0658289 1 1 0
320.12 0.0658275 0.0658275 1 1 0
320.32 0.0658261 0.0658261 1 1 0
320.52 0.0658247 0.0658247 1 1 0
320.72 0.0658232 0.0658232 1 1 0
320.92 0.0658218 0.0658218 1 1 0
321.12 0.0658204 0.0658204 1 1 0
321.32 0.065819 0.065819 1 1 0
321.52 0.0658176 0.0658176 1 1 0
321.72 0.0658162 0.0658162 1 1 0
321.92 0.0658149 0.0658149 1 1 0
322.12 0.0658135 0.0658135 1 1 0
322.32 0.0658121 0.0658121 1 1 0
322.52 0.0658107 0.0658107 1 1 0
322.72 0.0658094 0.0658094 1 1 0
322.92 0.065808 0.065808 1 1 0
323.12 0.0658067 0.0658067 1 1 0
323.32 0.0658053 0.0658053 1 1 0
323.52 0.065804 0.065804 1 1 0
323.72 0.0658026 0.0658026 1 1 0
323.92 0.0658013 0.0658013 1 1 0
324.12 0.0658 0.0658 1 1 0
324.32 0.0657986 0.0657986 1 1 0
324.52 0.0657973 0.0657973 1 1 0
324.72 0.065796 0.065796 1 1 0
324.92 0.0657947 0.0657947 1 1 0
325.12 0.0657934 0.0657934 1 1 0
325.32 0.0657921 0.0657921 1 1 0
325.52 0.0657908 0.0657908 1 1 0
325.72 0.0657895 0.0657895 1 1 0
325.92 0.0657882 0.0657882 1 1 0
326.12 0.0657869 0.0657869 1 1 0
326.32 0.0657857 0.0657857 1 1 0
326.52 0.0657844 0.0657844 1 1 0
326.72 0.0657831 0.0657831 1 1 0
326.92 0.0657819 0.0657819 1 1 0
327.12 0.0657806 0.0657806 1 1 0
327.32 0.0657794 0.0657794 1 1 0
327.52 0.0657781 0.0657781 1 1 0
327.72 0.0657769 0.0657769 1 1 0
327.92 0.0657756 0.0657756 1 1 0
328.12 0.0657744 0.0657744 1 1 0
328.32 0.0657732 0.0657732 1 1 0
328.52 0.0657719 0.0657719 1 1 0
328.72 0.0657707 0.0657707 1 1 0
328.92 0.0657695 0.0657695 1 1 0
329.12 0.0657683 0.0657683 1 1 0
329.32 0.0657671 0.0657671 1 1 0
329.52 0.0657659 0.0657659 1 1 0
329.72 0.0657647 0.0657647 1 1 0
329.92 0.0657635 0.0657635 1 1 0
330.12 0.0657623 0.0657623 1 1 0
330.32 0.0657611 0.0657611 1 1 0
330.52 0.06576 0.06576 1 1 0
330.72 0.0657588 0.0657588 1 1 0
330.92 0.0657576 0.0657576 1 1 0
331.12 0.0657564 0.0657564 1 1 0
331.32 0.0657553 0.0657553 1 1 0
331.52 0.0657541 0.0657541 1 1 0
331.72 0.065753 0.065753 1 1 0
331.92 0.0657518 0.0657518 1 1 0
332.12 0.0657507 0.0657507 1 1 0
332.32 0.0657495 0.0657495 1 1 0
332.52 0.0657484 0.0657484 1 1 0
332.72 0.0657473 0.0657473 1 1 0
332.92 0.0657461 0.0657461 1 1 0
333.12 0.065745 0.065745 1 1 0
333.32 0.0657439 0.0657439 1 1 0
333.52 0.0657428 0.0657428 1 1 0
333.72 0.0657417 0.0657417 1 1 0
333.92 0.0657406 0.0657406 1 1 0
334.12 0.0657395 0.0657395 1 1 0
334.32 0.0657384 0.0657384 1 1 0
334.52 0.0657373 0.0657373 1 1 0
334.72 0.0657362 0.0657362 1 1 0
334.92 0.0657351 0.0657351 1 1 0
335.12 0.065734 0.065734 1 1 0
335.32 0.0657329 0.0657329 1 1 0
335.52 0.0657318 0.0657318 1 1 0
335.72 0.0657308 0.0657308 1 1 0
335.92 0.0657297 0.0657297 1 1 0
336.12 0.0657286 0.0657286 1 1 0
336.32 0.0657276 0.0657276 1 1 0
336.52 0.0657265 0.0657265 1 1 0
336.72 0.0657255 0.0657255 1 1 0
336.92 0.0657244 0.0657244 1 1 0
337.12 0.0657234 0.0657234 1 1 0
337.32 0.0657223 0.0657223 1 1 0
337.52 0.0657213 0.0657213 1 1 0
337.72 0.0657203 0.0657203 1 1 0
337.92 0.0657192 0.0657192 1 1 0
338.12 0.0657182 0.0657182 1 1 0
338.32 0.0657172 0.0657172 1 1 0
338.52 0.0657162 0.0657162 1 1 0
338.72 0.0657152 0.0657152 1 1 0
338.92 0.0657141 0.0657141 1 1 0
339.12 0.0657131 0.0657131 1 1 0
339.32 0.0657121 0.0657121 1 1 0
339.52 0.0657111 0.0657111 1 1 0
339.72 0.0657101 0.0657101 1 1 0
339.92 0.0657091 0.0657091 1 1 0
340.12 0.0657081 0.0657081 1 1 0
340.32 0.0657072 0.0657072 1 1 0
340.52 0.0657062 0.0657062 1 1 0
340.72 0.0657052 0.0657052 1 1 0
340.92 0.0657042 0.0657042 1 1 0
341.12 0.0657033 0.0657033 1 1 0
341.32 0.0657023 0.0657023 1 1 0
341.52 0.0657013 0.0657013 1 1 0
341.72 0.0657004 0.0657004 1 1 0
341.92 0.0656994 0.0656994 1 1 0
342.12 0.0656985 0.0656985 1 1 0
342.32 0.0656975 0.0656975 1 1 0
342.52 0.0656966 0.0656966 1 1 0
342.72 0.0656956 0.0656956 1 1 0
342.92 0.0656947 0.0656947 1 1 0
343.12 0.0656937 0.0656937 1 1 0
343.32 0.0656928 0.0656928 1 1 0
343.52 0.0656919 0.0656919 1 1 0
343.72 0.0656909 0.0656909 1 1 0
343.92 0.06569 0.06569 1 1 0
344.12 0.0656891 0.0656891 1 1 0
344.32 0.0656882 0.0656882 1 1 0
344.52 0.0656873 0.0656873 1 1 0
344.72 0.0656864 0.0656864 1 1 0
344.92 0.0656855 0.0656855 1 1 0
345.12 0.0656845 0.0656845 1 1 0
345.32 0.0656836 0.0656836 1 1 0
345.52 0.0656828 0.0656828 1 1 0
345.72 0.0656819 0.0656819 1 1 0
345.92 0.065681 0.065681 1 1 0
346.12 0.0656801 0.0656801 1 1 0
346.32 0.0656792 0.0656792 1 1 0
346.32 0.0656792 0.0656792 2 1 0
346.36 0.065679 0.065679 1 1 0
346.4 0.0656788 0.0656788 1 1 0
346.48 0.0656785 0.0656785 1 1 0
346.64 0.0656778 0.0656778 1 1 0
346.84 0.0656769 0.0656769 1 1 0
347.04 0.065676 0.065676 1 1 0
347.24 0.0656752 0.0656752 1 1 0
347.44 0.0656743 0.0656743 1 1 0
347.64 0.0656734 0.0656734 1 1 0
347.84 0.0656726 0.0656726 1 1 0
348.04 0.0656717 0.0656717 1 1 0
348.24 0.0656709 0.0656709 1 1 0
348.44 0.06567 0.06567 1 1 0
348.64 0.0656692 0.0656692 1 1 0
348.84 0.0656683 0.0656683 1 1 0
349.04 0.0656675 0.0656675 1 1 0
349.24 0.0656666 0.0656666 1 1 0
349.44 0.0656658 0.0656658 1 1 0
349.64 0.065665 0.065665 1 1 0
349.84 0.0656641 0.0656641 1 1 0
350.04 0.0656633 0.0656633 1 1 0
350.24 0.0656625 0.0656625 1 1 0
350.44 0.0656617 0.0656617 1 1 0
350.64 0.0656608 0.0656608 1 1 0
350.84 0.06566 0.06566 1 1 0
351.04 0.0656592 0.0656592 1 1 0
351.24 0.0656584 0.0656584 1 1 0
351.44 0.0656576 0.0656576 1 1 0
351.64 0.0656568 0.0656568 1 1 0
351.84 0.065656 0.065656 1 1 0
352.04 0.0656552 0.0656552 1 1 0
352.24 0.0656544 0.0656544 1 1 0
352.44 0.0656536 0.0656536 1 1 0
352.64 0.0656528 0.0656528 1 1 0
352.84 0.065652 0.065652 1 1 0
353.04 0.0656512 0.0656512 1 1 0
353.24 0.0656505 0.0656505 1 1 0
353.44 0.0656497 0.0656497 1 1 0
353.64 0.0656489 0.0656489 1 1 0
353.84 0.0656481 0.0656481 1 1 0
354.04 0.0656474 0.0656474 1 1 0
354.24 0.0656466 0.0656466 1 1 0
354.44 0.0656458 0.0656458 1 1 0
354.64 0.0656451 0.0656451 1 1 0
354.84 0.0656443 0.0656443 1 1 0
355.04 0.0656436 0.0656436 1 1 0
355.24 0.0656428 0.0656428 1 1 0
355.44 0.0656421 0.0656421 1 1 0
355.64 0.0656413 0.0656413 1 1 0
355.84 0.0656406 0.0656406 1 1 0
356.04 0.0656398 0.0656398 1 1 0
356.24 0.0656391 0.0656391 1 1 0
356.44 0.0656383 0.0656383 1 1 0
356.64 0.0656376 0.0656376 1 1 0
356.84 0.0656369 0.0656369 1 1 0
357.04 0.0656361 0.0656361 1 1 0
357.24 0.0656354 0.0656354 1 1 0
357.44 0.0656347 0.0656347 1 1 0
357.64 0.065634 0.065634 1 1 0
357.84 0.0656332 0.0656332 1 1 0
358.04 0.0656325 0.0656325 1 1 0
358.24 0.0656318 0.0656318 1 1 0
358.44 0.0656311 0.0656311 1 1 0
358.64 0.0656304 0.0656304 1 1 0
358.84 0.0656297 0.0656297 1 1 0
359.04 0.065629 0.065629 1 1 0
359.24 0.0656283 0.0656283 1 1 0
359.44 0.0656276 0.0656276 1 1 0
359.64 0.0656269 0.0656269 1 1 0
359.84 0.0656262 0.0656262 1 1 0
360.04 0.0656255 0.0656255 1 1 0
360.24 0.0656248 0.0656248 1 1 0
360.44 0.0656241 0.0656241 1 1 0
360.64 0.0656234 0.0656234 1 1 0
360.84 0.0656227 0.0656227 1 1 0
361.04 0.0656221 0.0656221 1 1 0
361.24 0.0656214 0.0656214 1 1 0
361.44 0.0656207 0.0656207 1 1 0
361.64 0.06562 0.06562 1 1 0
361.84 0.0656194 0.0656194 1 1 0
362.04 0.0656187 0.0656187 1 1 0
362.24 0.065618 0.065618 1 1 0
362.44 0.0656174 0.0656174 1 1 0
362.64 0.0656167 0.0656167 1 1 0
362.84 0.065616 0.065616 1 1 0
363.04 0.0656154 0.0656154 1 1 0
363.24 0.0656147 0.0656147 1 1 0
363.44 0.0656141 0.0656141 1 1 0
363.64 0.0656134 0.0656134 1 1 0
363.84 0.0656128 0.0656128 1 1 0
364.04 0.0656121 0.0656121 1 1 0
364.24 0.0656115 0.0656115 1 1 0
364.44 0.0656108 0.0656108 1 1 0
364.64 0.0656102 0.0656102 1 1 0
364.84 0.0656096 0.0656096 1 1 0
365.04 0.0656089 0.0656089 1 1 0
365.24 0.0656083 0.0656083 1 1 0
365.44 0.0656077 0.0656077 1 1 0
365.64 0.065607 0.065607 1 1 0
365.84 0.0656064 0.0656064 1 1 0
366.04 0.0656058 0.0656058 1 1 0
366.24 0.0656052 0.0656052 1 1 0
366.44 0.0656045 0.0656045 1 1 0
366.64 0.0656039 0.0656039 1 1 0
366.84 0.0656033 0.0656033 1 1 0
367.04 0.0656027 0.0656027 1 1 0
367.24 0.0656021 0.0656021 1 1 0
367.44 0.0656015 0.0656015 1 1 0
367.64 0.0656009 0.0656009 1 1 0
367.84 0.0656003 0.0656003 1 1 0
368.04 0.0655997 0.0655997 1 1 0
368.24 0.0655991 0.0655991 1 1 0
368.44 0.0655985 0.0655985 1 1 0
368.64 0.0655979 0.0655979 1 1 0
368.84 0.0655973 0.0655973 1 1 0
369.04 0.0655967 0.0655967 1 1 0
369.24 0.0655961 0.0655961 1 1 0
369.44 0.0655955 0.0655955 1 1 0
369.64 0.0655949 0.0655949 1 1 0
369.84 0.0655943 0.0655943 1 1 0
370.04 0.0655938 0.0655938 1 1 0
370.24 0.0655932 0.0655932 1 1 0
370.44 0.0655926 0.0655926 1 1 0
370.64 0.065592 0.065592 1 1 0
370.84 0.0655915 0.0655915 1 1 0
371.04 0.0655909 0.0655909 1 1 0
371.24 0.0655903 0.0655903 1 1 0
371.44 0.0655898 0.0655898 1 1 0
371.64 0.0655892 0.0655892 1 1 0
371.84 0.0655886 0.0655886 1 1 0
372.04 0.0655881 0.0655881 1 1 0
372.24 0.0655875 0.0655875 1 1 0
372.44 0.0655869 0.0655869 1 1 0
372.64 0.0655864 0.0655864 1 1 0
372.84 0.0655858 0.0655858 1 1 0
373.04 0.0655853 0.0655853 1 1 0
373.24 0.0655847 0.0655847 1 1 0
373.44 0.0655842 0.0655842 1 1 0
373.64 0.0655836 0.0655836 1 1 0
373.84 0.0655831 0.0655831 1 1 0
374.04 0.0655825 0.0655825 1 1 0
374.24 0.065582 0.065582 1 1 0
374.44 0.0655815 0.0655815 1 1 0
374.64 0.0655809 0.0655809 1 1 0
374.84 0.0655804 0.0655804 1 1 0
375.04 0.0655799 0.0655799 1 1 0
375.24 0.0655793 0.0655793 1 1 0
375.44 0.0655788 0.0655788 1 1 0
375.64 0.0655783 0.0655783 1 1 0
375.84 0.0655777 0.0655777 1 1 0
376.04 0.0655772 0.0655772 1 1 0
376.24 0.0655767 0.0655767 1 1 0
376.44 0.0655762 0.0655762 1 1 0
376.64 0.0655757 0.0655757 1 1 0
376.84 0.0655751 0.0655751 1 1 0
377.04 0.0655746 0.0655746 1 1 0
377.24 0.0655741 0.0655741 1 1 0
377.44 0.0655736 0.0655736 1 1 0
377.64 0.0655731 0.0655731 1 1 0
377.84 0.0655726 0.0655726 1 1 0
378.04 0.0655721 0.0655721 1 1 0
378.24 0.0655716 0.0655716 1 1 0
378.44 0.0655711 0.0655711 1 1 0
378.64 0.0655706 0.0655706 1 1 0
378.84 0.0655701 0.0655701 1 1 0
379.04 0.0655696 0.0655696 1 1 0
379.24 0.0655691 0.0655691 1 1 0
379.44 0.0655686 0.0655686 1 1 0
379.64 0.0655681 0.0655681 1 1 0
379.84 0.0655676 0.0655676 1 1 0
380.04 0.0655671 0.0655671 1 1 0
380.24 0.0655666 0.0655666 1 1 0
380.44 0.0655661 0.0655661 1 1 0
380.64 0.0655657 0.0655657 1 1 0
380.84 0.0655652 0.0655652 1 1 0
381.04 0.0655647 0.0655647 1 1 0
381.24 0.0655642 0.0655642 1 1 0
381.44 0.0655637 0.0655637 1 1 0
381.64 0.0655633 0.0655633 1 1 0
381.84 0.0655628 0.0655628 1 1 0
382.04 0.0655623 0.0655623 1 1 0
382.24 0.0655618 0.0655618 1 1 0
382.44 0.0655614 0.0655614 1 1 0
382.64 0.0655609 0.0655609 1 1 0
382.84 0.0655604 0.0655604 1 1 0
383.04 0.06556 0.06556 1 1 0
383.24 0.0655595 0.0655595 1 1 0
383.44 0.0655591 0.0655591 1 1 0
383.64 0.0655586 0.0655586 1 1 0
383.84 0.0655581 0.0655581 1 1 0
384.04 0.0655577 0.0655577 1 1 0
384.24 0.0655572 0.0655572 1 1 0
384.44 0.0655568 0.0655568 1 1 0
384.64 0.0655563 0.0655563 1 1 0
384.84 0.0655559 0.0655559 1 1 0
385.04 0.0655554 0.0655554 1 1 0
385.24 0.065555 0.065555 1 1 0
385.44 0.0655545 0.0655545 1 1 0
385.64 0.0655541 0.0655541 1 1 0
385.64 0.0655541 0.0655541 2 1 0
385.68 0.065554 0.065554 1 1 0
385.72 0.0655539 0.0655539 1 1 0
385.8 0.0655537 0.0655537 1 1 0
385.96 0.0655534 0.0655534 1 1 0
386.16 0.0655529 0.0655529 1 1 0
386.36 0.0655525 0.0655525 1 1 0
386.56 0.0655521 0.0655521 1 1 0
386.76 0.0655516 0.0655516 1 1 0
386.96 0.0655512 0.0655512 1 1 0
387.16 0.0655508 0.0655508 1 1 0
387.36 0.0655503 0.0655503 1 1 0
387.56 0.0655499 0.0655499 1 1 0
387.76 0.0655495 0.0655495 1 1 0
387.96 0.065549 0.065549 1 1 0
388.16 0.0655486 0.0655486 1 1 0
388.36 0.0655482 0.0655482 1 1 0
388.56 0.0655478 0.0655478 1 1 0
388.76 0.0655473 0.0655473 1 1 0
388.96 0.0655469 0.0655469 1 1 0
389.16 0.0655465 0.0655465 1 1 0
389.36 0.0655461 0.0655461 1 1 0
389.56 0.0655457 0.0655457 1 1 0
389.76 0.0655453 0.0655453 1 1 0
389.96 0.0655448 0.0655448 1 1 0
390.16 0.0655444 0.0655444 1 1 0
390.36 0.065544 0.065544 1 1 0
390.56 0.0655436 0.0655436 1 1 0
390.76 0.0655432 0.0655432 1 1 0
390.96 0.0655428 0.0655428 1 1 0
391.16 0.0655424 0.0655424 1 1 0
391.36 0.065542 0.065542 1 1 0
391.56 0.0655416 0.0655416 1 1 0
391.76 0.0655412 0.0655412 1 1 0
391.96 0.0655408 0.0655408 1 1 0
392.16 0.0655404 0.0655404 1 1 0
392.36 0.06554 0.06554 1 1 0
392.56 0.0655396 0.0655396 1 1 0
392.76 0.0655392 0.0655392 1 1 0
392.96 0.0655388 0.0655388 1 1 0
393.16 0.0655384 0.0655384 1 1 0
393.36 0.065538 0.065538 1 1 0
393.56 0.0655377 0.0655377 1 1 0
393.76 0.0655373 0.0655373 1 1 0
393.96 0.0655369 0.0655369 1 1 0
394.16 0.0655365 0.0655365 1 1 0
394.36 0.0655361 0.0655361 1 1 0
394.56 0.0655357 0.0655357 1 1 0
394.76 0.0655354 0.0655354 1 1 0
394.96 0.065535 0.065535 1 1 0
395.16 0.0655346 0.0655346 1 1 0
395.36 0.0655342 0.0655342 1 1 0
395.56 0.0655338 0.0655338 1 1 0
395.76 0.0655335 0.0655335 1 1 0
395.96 0.0655331 0.0655331 1 1 0
396.16 0.0655327 0.0655327 1 1 0
396.36 0.0655324 0.0655324 1 1 0
396.56 0.065532 0.065532 1 1 0
396.76 0.0655316 0.0655316 1 1 0
396.96 0.0655313 0.0655313 1 1 0
397.16 0.0655309 0.0655309 1 1 0
397.36 0.0655305 0.0655305 1 1 0
397.56 0.0655302 0.0655302 1 1 0
397.76 0.0655298 0.0655298 1 1 0
397.96 0.0655294 0.0655294 1 1 0
398.16 0.0655291 0.0655291 1 1 0
398.36 0.0655287 0.0655287 1 1 0
398.56 0.0655284 0.0655284 1 1 0
398.76 0.065528 0.065528 1 1 0
398.96 0.0655277 0.0655277 1 1 0
399.16 0.0655273 0.0655273 1 1 0
399.36 0.065527 0.065527 1 1 0
399.56 0.0655266 0.0655266 1 1 0
399.76 0.0655263 0.0655263 1 1 0
399.96 0.0655259 0.0655259 1 1 0
400.16 0.0655256 0.0655256 1 1 0
400.36 0.0655252 0.0655252 1 1 0
400.56 0.0655249 0.0655249 1 1 0
400.76 0.0655245 0.0655245 1 1 0
400.96 0.0655242 0.0655242 1 1 0
401.16 0.0655238 0.0655238 1 1 0
401.36 0.0655235 0.0655235 1 1 0
401.56 0.0655232 0.0655232 1 1 0
401.76 0.0655228 0.0655228 1 1 0
401.96 0.0655225 0.0655225 1 1 0
402.16 0.0655222 0.0655222 1 1 0
402.36 0.0655218 0.0655218 1 1 0
402.56 0.0655215 0.0655215 1 1 0
402.76 0.0655212 0.0655212 1 1 0
402.96 0.0655208 0.0655208 1 1 0
403.16 0.0655205 0.0655205 1 1 0
403.36 0.0655202 0.0655202 1 1 0
403.56 0.0655198 0.0655198 1 1 0
403.76 0.0655195 0.0655195 1 1 0
403.96 0.0655192 0.0655192 1 1 0
404.16 0.0655189 0.0655189 1 1 0
404.36 0.0655185 0.0655185 1 1 0
404.56 0.0655182 0.0655182 1 1 0
404.76 0.0655179 0.0655179 1 1 0
404.96 0.0655176 0.0655176 1 1 0
405.16 0.0655173 0.0655173 1 1 0
405.36 0.0655169 0.0655169 1 1 0
405.56 0.0655166 0.0655166 1 1 0
405.76 0.0655163 0.0655163 1 1 0
405.96 0.065516 0.065516 1 1 0
406.16 0.0655157 0.0655157 1 1 0
406.36 0.0655154 0.0655154 1 1 0
406.56 0.0655151 0.0655151 1 1 0
406.76 0.0655147 0.0655147 1 1 0
406.96 0.0655144 0.0655144 1 1 0
407.16 0.0655141 0.0655141 1 1 0
407.36 0.0655138 0.0655138 1 1 0
407.56 0.0655135 0.0655135 1 1 0
407.76 0.0655132 0.0655132 1 1 0
407.96 0.0655129 0.0655129 1 1 0
408.16 0.0655126 0.0655126 1 1 0
408.36 0.0655123 0.0655123 1 1 0
408.56 0.065512 0.065512 1 1 0
408.76 0.0655117 0.0655117 1 1 0
408.96 0.0655114 0.0655114 1 1 0
409.16 0.0655111 0.0655111 1 1 0
409.36 0.0655108 0.0655108 1 1 0
409.56 0.0655105 0.0655105 1 1 0
409.76 0.0655102 0.0655102 1 1 0
409.96 0.0655099 0.0655099 1 1 0
410.16 0.0655096 0.0655096 1 1 0
410.36 0.0655093 0.0655093 1 1 0
410.56 0.065509 0.065509 1 1 0
410.76 0.0655087 0.0655087 1 1 0
410.96 0.0655085 0.0655085 1 1 0
411.16 0.0655082 0.0655082 1 1 0
411.36 0.0655079 0.0655079 1 1 0
411.56 0.0655076 0.0655076 1 1 0
411.76 0.0655073 0.0655073 1 1 0
411.96 0.065507 0.065507 1 1 0
412.16 0.0655067 0.0655067 1 1 0
412.36 0.0655065 0.0655065 1 1 0
412.56 0.0655062 0.0655062 1 1 0
412.76 0.0655059 0.0655059 1 1 0
412.96 0.0655056 0.0655056 1 1 0
413.16 0.0655053 0.0655053 1 1 0
413.36 0.0655051 0.0655051 1 1 0
413.56 0.0655048 0.0655048 1 1 0
413.76 0.0655045 0.0655045 1 1 0
413.96 0.0655042 0.0655042 1 1 0
414.16 0.065504 0.065504 1 1 0
414.36 0.0655037 0.0655037 1 1 0
414.56 0.0655034 0.0655034 1 1 0
414.76 0.0655031 0.0655031 1 1 0
414.96 0.0655029 0.0655029 1 1 0
415.16 0.0655026 0.0655026 1 1 0
415.36 0.0655023 0.0655023 1 1 0
415.56 0.0655021 0.0655021 1 1 0
415.76 0.0655018 0.0655018 1 1 0
415.96 0.0655015 0.0655015 1 1 0
416.16 0.0655013 0.0655013 1 1 0
416.36 0.065501 0.065501 1 1 0
416.56 0.0655007 0.0655007 1 1 0
416.76 0.0655005 0.0655005 1 1 0
416.96 0.0655002 0.0655002 1 1 0
417.16 0.0655 0.0655 1 1 0
417.36 0.0654997 0.0654997 1 1 0
417.56 0.0654994 0.0654994 1 1 0
417.76 0.0654992 0.0654992 1 1 0
417.96 0.0654989 0.0654989 1 1 0
418.16 0.0654987 0.0654987 1 1 0
418.36 0.0654984 0.0654984 1 1 0
418.56 0.0654982 0.0654982 1 1 0
418.76 0.0654979 0.0654979 1 1 0
418.96 0.0654976 0.0654976 1 1 0
419.16 0.0654974 0.0654974 1 1 0
419.36 0.0654971 0.0654971 1 1 0
419.56 0.0654969 0.0654969 1 1 0
419.76 0.0654966 0.0654966 1 1 0
419.96 0.0654964 0.0654964 1 1 0
420.16 0.0654961 0.0654961 1 1 0
420.36 0.0654959 0.0654959 1 1 0
420.56 0.0654957 0.0654957 1 1 0
420.76 0.0654954 0.0654954 1 1 0
420.96 0.0654952 0.0654952 1 1 0
421.16 0.0654949 0.0654949 1 1 0
421.36 0.0654947 0.0654947 1 1 0
421.56 0.0654944 0.0654944 1 1 0
421.76 0.0654942 0.0654942 1 1 0
421.96 0.065494 0.065494 1 1 0
422.16 0.0654937 0.0654937 1 1 0
422.36 0.0654935 0.0654935 1 1 0
422.56 0.0654932 0.0654932 1 1 0
422.76 0.065493 0.065493 1 1 0
422.96 0.0654928 0.0654928 1 1 0
423.16 0.0654925 0.0654925 1 1 0
423.36 0.0654923 0.0654923 1 1 0
423.56 0.0654921 0.0654921 1 1 0
423.76 0.0654918 0.0654918 1 1 0
423.96 0.0654916 0.0654916 1 1 0
424.16 0.0654914 0.0654914 1 1 0
424.36 0.0654911 0.0654911 1 1 0
424.56 0.0654909 0.0654909 1 1 0
424.76 0.0654907 0.0654907 1 1 0
424.96 0.0654904 0.0654904 1 1 0
424.96 0.0654904 0.0654904 2 1 0
425 0.0654904 0.0654904 1 1 0
425.04 0.0654903 0.0654903 1 1 0
425.12 0.0654903 0.0654903 1 1 0
425.28 0.0654901 0.0654901 1 1 0
425.48 0.0654898 0.0654898 1 1 0
425.68 0.0654896 0.0654896 1 1 0
425.88 0.0654894 0.0654894 1 1 0
426.08 0.0654892 0.0654892 1 1 0
426.28 0.0654889 0.0654889 1 1 0
426.48 0.0654887 0.0654887 1 1 0
426.68 0.0654885 0.0654885 1 1 0
426.88 0.0654883 0.0654883 1 1 0
427.08 0.0654881 0.0654881 1 1 0
427.28 0.0654878 0.0654878 1 1 0
427.48 0.0654876 0.0654876 1 1 0
427.68 0.0654874 0.0654874 1 1 0
427.88 0.0654872 0.0654872 1 1 0
428.08 0.065487 0.065487 1 1 0
428.28 0.0654867 0.0654867 1 1 0
428.48 0.0654865 0.0654865 1 1 0
428.68 0.0654863 0.0654863 1 1 0
428.88 0.0654861 0.0654861 1 1 0
429.08 0.0654859 0.0654859 1 1 0
429.28 0.0654857 0.0654857 1 1 0
429.48 0.0654855 0.0654855 1 1 0
429.68 0.0654853 0.0654853 1 1 0
429.88 0.065485 0.065485 1 1 0
430.08 0.0654848 0.0654848 1 1 0
430.28 0.0654846 0.0654846 1 1 0
430.48 0.0654844 0.0654844 1 1 0
430.68 0.0654842 0.0654842 1 1 0
430.88 0.065484 0.065484 1 1 0
431.08 0.0654838 0.0654838 1 1 0
431.28 0.0654836 0.0654836 1 1 0
431.48 0.0654834 0.0654834 1 1 0
431.68 0.0654832 0.0654832 1 1 0
431.88 0.065483 0.065483 1 1 0
432.08 0.0654828 0.0654828 1 1 0
432.28 0.0654826 0.0654826 1 1 0
432.48 0.0654824 0.0654824 1 1 0
432.68 0.0654822 0.0654822 1 1 0
432.88 0.065482 0.065482 1 1 0
433.08 0.0654818 0.0654818 1 1 0
433.28 0.0654816 0.0654816 1 1 0
433.48 0.0654814 0.0654814 1 1 0
433.68 0.0654812 0.0654812 1 1 0
433.88 0.065481 0.065481 1 1 0
434.08 0.0654808 0.0654808 1 1 0
434.28 0.0654806 0.0654806 1 1 0
434.48 0.0654804 0.0654804 1 1 0
434.68 0.0654802 0.0654802 1 1 0
434.88 0.06548 0.06548 1 1 0
435.08 0.0654798 0.0654798 1 1 0
435.28 0.0654796 0.0654796 1 1 0
435.48 0.0654794 0.0654794 1 1 0
435.68 0.0654792 0.0654792 1 1 0
435.88 0.065479 0.065479 1 1 0
436.08 0.0654788 0.0654788 1 1 0
436.28 0.0654786 0.0654786 1 1 0
436.48 0.0654785 0.0654785 1 1 0
436.68 0.0654783 0.0654783 1 1 0
436.88 0.0654781 0.0654781 1 1 0
437.08 0.0654779 0.0654779 1 1 0
437.28 0.0654777 0.0654777 1 1 0
437.48 0.0654775 0.0654775 1 1 0
437.68 0.0654773 0.0654773 1 1 0
437.88 0.0654772 0.0654772 1 1 0
438.08 0.065477 0.065477 1 1 0
438.28 0.0654768 0.0654768 1 1 0
438.48 0.0654766 0.0654766 1 1 0
438.68 0.0654764 0.0654764 1 1 0
438.88 0.0654762 0.0654762 1 1 0
439.08 0.0654761 0.0654761 1 1 0
439.28 0.0654759 0.0654759 1 1 0
439.48 0.0654757 0.0654757 1 1 0
439.68 0.0654755 0.0654755 1 1 0
439.88 0.0654753 0.0654753 1 1 0
440.08 0.0654752 0.0654752 1 1 0
440.28 0.065475 0.065475 1 1 0
440.48 0.0654748 0.0654748 1 1 0
440.68 0.0654746 0.0654746 1 1 0
440.88 0.0654745 0.0654745 1 1 0
441.08 0.0654743 0.0654743 1 1 0
441.28 0.0654741 0.0654741 1 1 0
441.48 0.0654739 0.0654739 1 1 0
441.68 0.0654738 0.0654738 1 1 0
441.88 0.0654736 0.0654736 1 1 0
442.08 0.0654734 0.0654734 1 1 0
442.28 0.0654732 0.0654732 1 1 0
442.48 0.0654731 0.0654731 1 1 0
442.68 0.0654729 0.0654729 1 1 0
442.88 0.0654727 0.0654727 1 1 0
443.08 0.0654726 0.0654726 1 1 0
443.28 0.0654724 0.0654724 1 1 0
443.48 0.0654722 0.0654722 1 1 0
443.68 0.0654721 0.0654721 1 1 0
443.88 0.0654719 0.0654719 1 1 0
444.08 0.0654717 0.0654717 1 1 0
444.28 0.0654716 0.0654716 1 1 0
444.48 0.0654714 0.0654714 1 1 0
444.68 0.0654712 0.0654712 1 1 0
444.88 0.0654711 0.0654711 1 1 0
445.08 0.0654709 0.0654709 1 1 0
445.28 0.0654707 0.0654707 1 1 0
445.48 0.0654706 0.0654706 1 1 0
445.68 0.0654704 0.0654704 1 1 0
445.88 0.0654702 0.0654702 1 1 0
446.08 0.0654701 0.0654701 1 1 0
446.28 0.0654699 0.0654699 1 1 0
446.48 0.0654698 0.0654698 1 1 0
446.68 0.0654696 0.0654696 1 1 0
446.88 0.0654694 0.0654694 1 1 0
447.08 0.0654693 0.0654693 1 1 0
447.28 0.0654691 0.0654691 1 1 0
447.48 0.065469 0.065469 1 1 0
447.68 0.0654688 0.0654688 1 1 0
447.88 0.0654687 0.0654687 1 1 0
448.08 0.0654685 0.0654685 1 1 0
448.28 0.0654683 0.0654683 1 1 0
448.48 0.0654682 0.0654682 1 1 0
448.68 0.065468 0.065468 1 1 0
448.88 0.0654679 0.0654679 1 1 0
449.08 0.0654677 0.0654677 1 1 0
449.28 0.0654676 0.0654676 1 1 0
449.48 0.0654674 0.0654674 1 1 0
449.68 0.0654673 0.0654673 1 1 0
449.88 0.0654671 0.0654671 1 1 0
450.08 0.065467 0.065467 1 1 0
450.28 0.0654668 0.0654668 1 1 0
450.48 0.0654667 0.0654667 1 1 0
450.68 0.0654665 0.0654665 1 1 0
450.88 0.0654664 0.0654664 1 1 0
451.08 0.0654662 0.0654662 1 1 0
451.28 0.0654661 0.0654661 1 1 0
451.48 0.0654659 0.0654659 1 1 0
451.68 0.0654658 0.0654658 1 1 0
451.88 0.0654656 0.0654656 1 1 0
452.08 0.0654655 0.0654655 1 1 0
452.28 0.0654653 0.0654653 1 1 0
452.48 0.0654652 0.0654652 1 1 0
452.68 0.065465 0.065465 1 1 0
452.88 0.0654649 0.0654649 1 1 0
453.08 0.0654648 0.0654648 1 1 0
453.28 0.0654646 0.0654646 1 1 0
453.48 0.0654645 0.0654645 1 1 0
453.68 0.0654643 0.0654643 1 1 0
453.88 0.0654642 0.0654642 1 1 0
454.08 0.065464 0.065464 1 1 0
454.28 0.0654639 0.0654639 1 1 0
454.48 0.0654638 0.0654638 1 1 0
454.68 0.0654636 0.0654636 1 1 0
454.88 0.0654635 0.0654635 1 1 0
455.08 0.0654633 0.0654633 1 1 0
455.28 0.0654632 0.0654632 1 1 0
455.48 0.0654631 0.0654631 1 1 0
455.68 0.0654629 0.0654629 1 1 0
455.88 0.0654628 0.0654628 1 1 0
456.08 0.0654627 0.0654627 1 1 0
456.28 0.0654625 0.0654625 1 1 0
456.48 0.0654624 0.0654624 1 1 0
456.68 0.0654622 0.0654622 1 1 0
456.88 0.0654621 0.0654621 1 1 0
457.08 0.065462 0.065462 1 1 0
457.28 0.0654618 0.0654618 1 1 0
457.48 0.0654617 0.0654617 1 1 0
457.68 0.0654616 0.0654616 1 1 0
457.88 0.0654614 0.0654614 1 1 0
458.08 0.0654613 0.0654613 1 1 0
458.28 0.0654612 0.0654612 1 1 0
458.48 0.065461 0.065461 1 1 0
458.68 0.0654609 0.0654609 1 1 0
458.88 0.0654608 0.0654608 1 1 0
459.08 0.0654607 0.0654607 1 1 0
459.28 0.0654605 0.0654605 1 1 0
459.48 0.0654604 0.0654604 1 1 0
459.68 0.0654603 0.0654603 1 1 0
459.88 0.0654601 0.0654601 1 1 0
460.08 0.06546 0.06546 1 1 0
460.28 0.0654599 0.0654599 1 1 0
460.48 0.0654598 0.0654598 1 1 0
460.68 0.0654596 0.0654596 1 1 0
460.88 0.0654595 0.0654595 1 1 0
461.08 0.0654594 0.0654594 1 1 0
461.28 0.0654593 0.0654593 1 1 0
461.48 0.0654591 0.0654591 1 1 0
461.68 0.065459 0.065459 1 1 0
461.88 0.0654589 0.0654589 1 1 0
462.08 0.0654588 0.0654588 1 1 0
462.28 0.0654586 0.0654586 1 1 0
462.48 0.0654585 0.0654585 1 1 0
462.68 0.0654584 0.0654584 1 1 0
462.88 0.0654583 0.0654583 1 1 0
463.08 0.0654581 0.0654581 1 1 0
463.28 0.065458 0.065458 1 1 0
463.48 0.0654579 0.0654579 1 1 0
463.68 0.0654578 0.0654578 1 1 0
463.88 0.0654577 0.0654577 1 1 0
464.08 0.0654575 0.0654575 1 1 0
464.28 0.0654574 0.0654574 1 1 0
464.28 0.0654574 0.0654574 2 1 0
464.32 0.0654574 0.0654574 1 1 0
464.36 0.0654574 0.0654574 1 1 0
464.44 0.0654573 0.0654573 1 1 0
464.6 0.0654572 0.0654572 1 1 0
464.8 0.0654571 0.0654571 1 1 0
465 0.065457 0.065457 1 1 0
465.2 0.0654569 0.0654569 1 1 0
465.4 0.0654568 0.0654568 1 1 0
465.6 0.0654566 0.0654566 1 1 0
465.8 0.0654565 0.0654565 1 1 0
466 0.0654564 0.0654564 1 1 0
466.2 0.0654563 0.0654563 1 1 0
466.4 0.0654562 0.0654562 1 1 0
466.6 0.0654561 0.0654561 1 1 0
466.8 0.0654559 0.0654559 1 1 0
467 0.0654558 0.0654558 1 1 0
467.2 0.0654557 0.0654557 1 1 0
467.4 0.0654556 0.0654556 1 1 0
467.6 0.0654555 0.0654555 1 1 0
467.8 0.0654554 0.0654554 1 1 0
468 0.0654553 0.0654553 1 1 0
468.2 0.0654551 0.0654551 1 1 0
468.4 0.065455 0.065455 1 1 0
468.6 0.0654549 0.0654549 1 1 0
468.8 0.0654548 0.0654548 1 1 0
469 0.0654547 0.0654547 1 1 0
469.2 0.0654546 0.0654546 1 1 0
469.4 0.0654545 0.0654545 1 1 0
469.6 0.0654544 0.0654544 1 1 0
469.8 0.0654543 0.0654543 1 1 0
470 0.0654542 0.0654542 1 1 0
470.2 0.065454 0.065454 1 1 0
470.4 0.0654539 0.0654539 1 1 0
470.6 0.0654538 0.0654538 1 1 0
470.8 0.0654537 0.0654537 1 1 0
471 0.0654536 0.0654536 1 1 0
471.2 0.0654535 0.0654535 1 1 0
471.4 0.0654534 0.0654534 1 1 0
471.6 0.0654533 0.0654533 1 1 0
471.8 0.0654532 0.0654532 1 1 0
472 0.0654531 0.0654531 1 1 0
472.2 0.065453 0.065453 1 1 0
472.4 0.0654529 0.0654529 1 1 0
472.6 0.0654528 0.0654528 1 1 0
472.8 0.0654527 0.0654527 1 1 0
473 0.0654526 0.0654526 1 1 0
473.2 0.0654525 0.0654525 1 1 0
473.4 0.0654524 0.0654524 1 1 0
473.6 0.0654523 0.0654523 1 1 0
473.8 0.0654522 0.0654522 1 1 0
474 0.065452 0.065452 1 1 0
474.2 0.0654519 0.0654519 1 1 0
474.4 0.0654518 0.0654518 1 1 0
474.6 0.0654517 0.0654517 1 1 0
474.8 0.0654516 0.0654516 1 1 0
475 0.0654515 0.0654515 1 1 0
475.2 0.0654514 0.0654514 1 1 0
475.4 0.0654513 0.0654513 1 1 0
475.6 0.0654512 0.0654512 1 1 0
475.8 0.0654511 0.0654511 1 1 0
476 0.065451 0.065451 1 1 0
476.2 0.0654509 0.0654509 1 1 0
476.4 0.0654508 0.0654508 1 1 0
476.6 0.0654508 0.0654508 1 1 0
476.8 0.0654507 0.0654507 1 1 0
477 0.0654506 0.0654506 1 1 0
477.2 0.0654505 0.0654505 1 1 0
477.4 0.0654504 0.0654504 1 1 0
477.6 0.0654503 0.0654503 1 1 0
477.8 0.0654502 0.0654502 1 1 0
478 0.0654501 0.0654501 1 1 0
478.2 0.06545 0.06545 1 1 0
478.4 0.0654499 0.0654499 1 1 0
478.6 0.0654498 0.0654498 1 1 0
478.8 0.0654497 0.0654497 1 1 0
479 0.0654496 0.0654496 1 1 0
479.2 0.0654495 0.0654495 1 1 0
479.4 0.0654494 0.0654494 1 1 0
479.6 0.0654493 0.0654493 1 1 0
479.8 0.0654492 0.0654492 1 1 0
480 0.0654491 0.0654491 1 1 0
480.2 0.065449 0.065449 1 1 0
480.4 0.065449 0.065449 1 1 0
480.6 0.0654489 0.0654489 1 1 0
480.8 0.0654488 0.0654488 1 1 0
481 0.0654487 0.0654487 1 1 0
481.2 0.0654486 0.0654486 1 1 0
481.4 0.0654485 0.0654485 1 1 0
481.6 0.0654484 0.0654484 1 1 0
481.8 0.0654483 0.0654483 1 1 0
482 0.0654482 0.0654482 1 1 0
482.2 0.0654481 0.0654481 1 1 0
482.4 0.065448 0.065448 1 1 0
482.6 0.065448 0.065448 1 1 0
482.8 0.0654479 0.0654479 1 1 0
483 0.0654478 0.0654478 1 1 0
483.2 0.0654477 0.0654477 1 1 0
483.4 0.0654476 0.0654476 1 1 0
483.6 0.0654475 0.0654475 1 1 0
483.8 0.0654474 0.0654474 1 1 0
484 0.0654473 0.0654473 1 1 0
484.2 0.0654473 0.0654473 1 1 0
484.4 0.0654472 0.0654472 1 1 0
484.6 0.0654471 0.0654471 1 1 0
484.8 0.065447 0.065447 1 1 0
485 0.0654469 0.0654469 1 1 0
485.2 0.0654468 0.0654468 1 1 0
485.4 0.0654467 0.0654467 1 1 0
485.6 0.0654467 0.0654467 1 1 0
485.8 0.0654466 0.0654466 1 1 0
486 0.0654465 0.0654465 1 1 0
486.2 0.0654464 0.0654464 1 1 0
486.4 0.0654463 0.0654463 1 1 0
486.6 0.0654462 0.0654462 1 1 0
486.8 0.0654462 0.0654462 1 1 0
487 0.0654461 0.0654461 1 1 0
487.2 0.065446 0.065446 1 1 0
487.4 0.0654459 0.0654459 1 1 0
487.6 0.0654458 0.0654458 1 1 0
487.8 0.0654458 0.0654458 1 1 0
488 0.0654457 0.0654457 1 1 0
488.2 0.0654456 0.0654456 1 1 0
488.4 0.0654455 0.0654455 1 1 0
488.6 0.0654454 0.0654454 1 1 0
488.8 0.0654453 0.0654453 1 1 0
489 0.0654453 0.0654453 1 1 0
489.2 0.0654452 0.0654452 1 1 0
489.4 0.0654451 0.0654451 1 1 0
489.6 0.065445 0.065445 1 1 0
489.8 0.065445 0.065445 1 1 0
490 0.0654449 0.0654449 1 1 0
490.2 0.0654448 0.0654448 1 1 0
490.4 0.0654447 0.0654447 1 1 0
490.6 0.0654446 0.0654446 1 1 0
490.8 0.0654446 0.0654446 1 1 0
491 0.0654445 0.0654445 1 1 0
491.2 0.0654444 0.0654444 1 1 0
491.4 0.0654443 0.0654443 1 1 0
491.6 0.0654443 0.0654443 1 1 0
491.8 0.0654442 0.0654442 1 1 0
492 0.0654441 0.0654441 1 1 0
492.2 0.065444 0.065444 1 1 0
492.4 0.065444 0.065444 1 1 0
492.6 0.0654439 0.0654439 1 1 0
492.8 0.0654438 0.0654438 1 1 0
493 0.0654437 0.0654437 1 1 0
493.2 0.0654437 0.0654437 1 1 0
493.4 0.0654436 0.0654436 1 1 0
493.6 0.0654435 0.0654435 1 1 0
493.8 0.0654434 0.0654434 1 1 0
494 0.0654434 0.0654434 1 1 0
494.2 0.0654433 0.0654433 1 1 0
494.4 0.0654432 0.0654432 1 1 0
494.6 0.0654431 0.0654431 1 1 0
494.8 0.0654431 0.0654431 1 1 0
495 0.065443 0.065443 1 1 0
495.2 0.0654429 0.0654429 1 1 0
495.4 0.0654428 0.0654428 1 1 0
495.6 0.0654428 0.0654428 1 1 0
495.8 0.0654427 0.0654427 1 1 0
496 0.0654426 0.0654426 1 1 0
496.2 0.0654426 0.0654426 1 1 0
496.4 0.0654425 0.0654425 1 1 0
496.6 0.0654424 0.0654424 1 1 0
496.8 0.0654423 0.0654423 1 1 0
497 0.0654423 0.0654423 1 1 0
497.2 0.0654422 0.0654422 1 1 0
497.4 0.0654421 0.0654421 1 1 0
497.6 0.0654421 0.0654421 1 1 0
497.8 0.065442 0.065442 1 1 0
498 0.0654419 0.0654419 1 1 0
498.2 0.0654419 0.0654419 1 1 0
498.4 0.0654418 0.0654418 1 1 0
498.6 0.0654417 0.0654417 1 1 0
498.8 0.0654417 0.0654417 1 1 0
499 0.0654416 0.0654416 1 1 0
499.2 0.0654415 0.0654415 1 1 0
499.4 0.0654415 0.0654415 1 1 0
499.6 0.0654414 0.0654414 1 1 0
499.8 0.0654413 0.0654413 1 1 0
500 0.0654413 0.0654413 1 1 0
500.2 0.0654412 0.0654412 1 1 0
500.4 0.0654411 0.0654411 1 1 0
500.6 0.0654411 0.0654411 1 1 0
500.8 0.065441 0.065441 1 1 0
501 0.0654409 0.0654409 1 1 0
501.2 0.0654409 0.0654409 1 1 0
501.4 0.0654408 0.0654408 1 1 0
501.6 0.0654407 0.0654407 1 1 0
501.8 0.0654407 0.0654407 1 1 0
502 0.0654406 0.0654406 1 1 0
502.2 0.0654405 0.0654405 1 1 0
502.4 0.0654405 0.0654405 1 1 0
502.6 0.0654404 0.0654404 1 1 0
502.8 0.0654403 0.0654403 1 1 0
503 0.0654403 0.0654403 1 1 0
503.2 0.0654402 0.0654402 1 1 0
503.4 0.0654401 0.0654401 1 1 0
503.6 0.0654401 0.0654401 1 1 0
503.6 0.0654401 0.0654401 2 1 0
503.64 0.0654401 0.0654401 1 1 0
503.68 0.0654401 0.0654401 1 1 0
503.76 0.06544 0.06544 1 1 0
503.92 0.06544 0.06544 1 1 0
504.12 0.0654399 0.0654399 1 1 0
504.32 0.0654399 0.0654399 1 1 0
504.52 0.0654398 0.0654398 1 1 0
504.72 0.0654397 0.0654397 1 1 0
504.92 0.0654397 0.0654397 1 1 0
505.12 0.0654396 0.0654396 1 1 0
505.32 0.0654396 0.0654396 1 1 0
505.52 0.0654395 0.0654395 1 1 0
505.72 0.0654394 0.0654394 1 1 0
505.92 0.0654394 0.0654394 1 1 0
506.12 0.0654393 0.0654393 1 1 0
506.32 0.0654392 0.0654392 1 1 0
506.52 0.0654392 0.0654392 1 1 0
506.72 0.0654391 0.0654391 1 1 0
506.92 0.0654391 0.0654391 1 1 0
507.12 0.065439 0.065439 1 1 0
507.32 0.0654389 0.0654389 1 1 0
507.52 0.0654389 0.0654389 1 1 0
507.72 0.0654388 0.0654388 1 1 0
507.92 0.0654388 0.0654388 1 1 0
508.12 0.0654387 0.0654387 1 1 0
508.32 0.0654387 0.0654387 1 1 0
508.52 0.0654386 0.0654386 1 1 0
508.72 0.0654385 0.0654385 1 1 0
508.92 0.0654385 0.0654385 1 1 0
509.12 0.0654384 0.0654384 1 1 0
509.32 0.0654384 0.0654384 1 1 0
509.52 0.0654383 0.0654383 1 1 0
509.72 0.0654383 0.0654383 1 1 0
509.92 0.0654382 0.0654382 1 1 0
510.12 0.0654381 0.0654381 1 1 0
510.32 0.0654381 0.0654381 1 1 0
510.52 0.065438 0.065438 1 1 0
510.72 0.065438 0.065438 1 1 0
510.92 0.0654379 0.0654379 1 1 0
511.12 0.0654379 0.0654379 1 1 0
511.32 0.0654378 0.0654378 1 1 0
511.52 0.0654377 0.0654377 1 1 0
511.72 0.0654377 0.0654377 1 1 0
511.92 0.0654376 0.0654376 1 1 0
512.12 0.0654376 0.0654376 1 1 0
512.32 0.0654375 0.0654375 1 1 0
512.52 0.0654375 0.0654375 1 1 0
512.72 0.0654374 0.0654374 1 1 0
512.92 0.0654374 0.0654374 1 1 0
513.12 0.0654373 0.0654373 1 1 0
513.32 0.0654373 0.0654373 1 1 0
513.52 0.0654372 0.0654372 1 1 0
513.72 0.0654371 0.0654371 1 1 0
513.92 0.0654371 0.0654371 1 1 0
514.12 0.065437 0.065437 1 1 0
514.32 0.065437 0.065437 1 1 0
514.52 0.0654369 0.0654369 1 1 0
514.72 0.0654369 0.0654369 1 1 0
514.92 0.0654368 0.0654368 1 1 0
515.12 0.0654368 0.0654368 1 1 0
515.32 0.0654367 0.0654367 1 1 0
515.52 0.0654367 0.0654367 1 1 0
515.72 0.0654366 0.0654366 1 1 0
515.92 0.0654366 0.0654366 1 1 0
516.12 0.0654365 0.0654365 1 1 0
516.32 0.0654365 0.0654365 1 1 0
516.52 0.0654364 0.0654364 1 1 0
516.72 0.0654364 0.0654364 1 1 0
516.92 0.0654363 0.0654363 1 1 0
517.12 0.0654363 0.0654363 1 1 0
517.32 0.0654362 0.0654362 1 1 0
517.52 0.0654362 0.0654362 1 1 0
517.72 0.0654361 0.0654361 1 1 0
517.92 0.0654361 0.0654361 1 1 0
518.12 0.065436 0.065436 1 1 0
518.32 0.065436 0.065436 1 1 0
518.52 0.0654359 0.0654359 1 1 0
518.72 0.0654359 0.0654359 1 1 0
518.92 0.0654358 0.0654358 1 1 0
519.12 0.0654358 0.0654358 1 1 0
519.32 0.0654357 0.0654357 1 1 0
519.52 0.0654357 0.0654357 1 1 0
519.72 0.0654356 0.0654356 1 1 0
519.92 0.0654356 0.0654356 1 1 0
520.12 0.0654355 0.0654355 1 1 0
520.32 0.0654355 0.0654355 1 1 0
520.52 0.0654354 0.0654354 1 1 0
520.72 0.0654354 0.0654354 1 1 0
520.92 0.0654353 0.0654353 1 1 0
521.12 0.0654353 0.0654353 1 1 0
521.32 0.0654352 0.0654352 1 1 0
521.52 0.0654352 0.0654352 1 1 0
521.72 0.0654351 0.0654351 1 1 0
521.92 0.0654351 0.0654351 1 1 0
522.12 0.0654351 0.0654351 1 1 0
522.32 0.065435 0.065435 1 1 0
522.52 0.065435 0.065435 1 1 0
522.72 0.0654349 0.0654349 1 1 0
522.92 0.0654349 0.0654349 1 1 0
523.12 0.0654348 0.0654348 1 1 0
523.32 0.0654348 0.0654348 1 1 0
523.52 0.0654347 0.0654347 1 1 0
523.72 0.0654347 0.0654347 1 1 0
523.92 0.0654346 0.0654346 1 1 0
524.12 0.0654346 0.0654346 1 1 0
524.32 0.0654345 0.0654345 1 1 0
524.52 0.0654345 0.0654345 1 1 0
524.72 0.0654345 0.0654345 1 1 0
524.92 0.0654344 0.0654344 1 1 0
525.12 0.0654344 0.0654344 1 1 0
525.32 0.0654343 0.0654343 1 1 0
525.52 0.0654343 0.0654343 1 1 0
525.72 0.0654342 0.0654342 1 1 0
525.92 0.0654342 0.0654342 1 1 0
526.12 0.0654341 0.0654341 1 1 0
526.32 0.0654341 0.0654341 1 1 0
526.52 0.0654341 0.0654341 1 1 0
526.72 0.065434 0.065434 1 1 0
526.92 0.065434 0.065434 1 1 0
527.12 0.0654339 0.0654339 1 1 0
527.32 0.0654339 0.0654339 1 1 0
527.52 0.0654338 0.0654338 1 1 0
527.72 0.0654338 0.0654338 1 1 0
527.92 0.0654338 0.0654338 1 1 0
528.12 0.0654337 0.0654337 1 1 0
528.32 0.0654337 0.0654337 1 1 0
528.52 0.0654336 0.0654336 1 1 0
528.72 0.0654336 0.0654336 1 1 0
528.92 0.0654335 0.0654335 1 1 0
529.12 0.0654335 0.0654335 1 1 0
529.32 0.0654335 0.0654335 1 1 0
529.52 0.0654334 0.0654334 1 1 0
529.72 0.0654334 0.0654334 1 1 0
529.92 0.0654333 0.0654333 1 1 0
530.12 0.0654333 0.0654333 1 1 0
530.32 0.0654333 0.0654333 1 1 0
530.52 0.0654332 0.0654332 1 1 0
530.72 0.0654332 0.0654332 1 1 0
530.92 0.0654331 0.0654331 1 1 0
531.12 0.0654331 0.0654331 1 1 0
531.32 0.0654331 0.0654331 1 1 0
531.52 0.065433 0.065433 1 1 0
531.72 0.065433 0.065433 1 1 0
531.92 0.0654329 0.0654329 1 1 0
532.12 0.0654329 0.0654329 1 1 0
532.32 0.0654329 0.0654329 1 1 0
532.52 0.0654328 0.0654328 1 1 0
532.72 0.0654328 0.0654328 1 1 0
532.92 0.0654327 0.0654327 1 1 0
533.12 0.0654327 0.0654327 1 1 0
533.32 0.0654327 0.0654327 1 1 0
533.52 0.0654326 0.0654326 1 1 0
533.72 0.0654326 0.0654326 1 1 0
533.92 0.0654325 0.0654325 1 1 0
534.12 0.0654325 0.0654325 1 1 0
534.32 0.0654325 0.0654325 1 1 0
534.52 0.0654324 0.0654324 1 1 0
534.72 0.0654324 0.0654324 1 1 0
534.92 0.0654324 0.0654324 1 1 0
535.12 0.0654323 0.0654323 1 1 0
535.32 0.0654323 0.0654323 1 1 0
535.52 0.0654322 0.0654322 1 1 0
535.72 0.0654322 0.0654322 1 1 0
535.92 0.0654322 0.0654322 1 1 0
536.12 0.0654321 0.0654321 1 1 0
536.32 0.0654321 0.0654321 1 1 0
536.52 0.0654321 0.0654321 1 1 0
536.72 0.065432 0.065432 1 1 0
536.92 0.065432 0.065432 1 1 0
537.12 0.0654319 0.0654319 1 1 0
537.32 0.0654319 0.0654319 1 1 0
537.52 0.0654319 0.0654319 1 1 0
537.72 0.0654318 0.0654318 1 1 0
537.92 0.0654318 0.0654318 1 1 0
538.12 0.0654318 0.0654318 1 1 0
538.32 0.0654317 0.0654317 1 1 0
538.52 0.0654317 0.0654317 1 1 0
538.72 0.0654317 0.0654317 1 1 0
538.92 0.0654316 0.0654316 1 1 0
539.12 0.0654316 0.0654316 1 1 0
539.32 0.0654315 0.0654315 1 1 0
539.52 0.0654315 0.0654315 1 1 0
539.72 0.0654315 0.0654315 1 1 0
539.92 0.0654314 0.0654314 1 1 0
540.12 0.0654314 0.0654314 1 1 0
540.32 0.0654314 0.0654314 1 1 0
540.52 0.0654313 0.0654313 1 1 0
540.72 0.0654313 0.0654313 1 1 0
540.92 0.0654313 0.0654313 1 1 0
541.12 0.0654312 0.0654312 1 1 0
541.32 0.0654312 0.0654312 1 1 0
541.52 0.0654312 0.0654312 1 1 0
541.72 0.0654311 0.0654311 1 1 0
541.92 0.0654311 0.0654311 1 1 0
542.12 0.0654311 0.0654311 1 1 0
542.32 0.065431 0.065431 1 1 0
542.52 0.065431 0.065431 1 1 0
542.72 0.065431 0.065431 1 1 0
542.92 0.0654309 0.0654309 1 1 0
542.92 0.0654309 0.0654309 2 1 0
542.96 0.0654309 0.0654309 1 1 0
543 0.0654309 0.0654309 1 1 0
543.08 0.0654309 0.0654309 1 1 0
543.24 0.0654309 0.0654309 1 1 0
543.44 0.0654308 0.0654308 1 1 0
543.64 0.0654308 0.0654308 1 1 0
543.84 0.0654308 0.0654308 1 1 0
544.04 0.0654307 0.0654307 1 1 0
544.24 0.0654307 0.0654307 1 1 0
544.44 0.0654307 0.0654307 1 1 0
544.64 0.0654306 0.0654306 1 1 0
544.84 0.0654306 0.0654306 1 1 0
545.04 0.0654306 0.0654306 1 1 0
545.24 0.0654306 0.0654306 1 1 0
545.44 0.0654305 0.0654305 1 1 0
545.64 0.0654305 0.0654305 1 1 0
545.84 0.0654305 0.0654305 1 1 0
546.04 0.0654304 0.0654304 1 1 0
546.24 0.0654304 0.0654304 1 1 0
546.44 0.0654304 0.0654304 1 1 0
546.64 0.0654303 0.0654303 1 1 0
546.84 0.0654303 0.0654303 1 1 0
547.04 0.0654303 0.0654303 1 1 0
547.24 0.0654302 0.0654302 1 1 0
547.44 0.0654302 0.0654302 1 1 0
547.64 0.0654302 0.0654302 1 1 0
547.84 0.0654301 0.0654301 1 1 0
548.04 0.0654301 0.0654301 1 1 0
548.24 0.0654301 0.0654301 1 1 0
548.44 0.0654301 0.0654301 1 1 0
548.64 0.06543 0.06543 1 1 0
548.84 0.06543 0.06543 1 1 0
549.04 0.06543 0.06543 1 1 0
549.24 0.0654299 0.0654299 1 1 0
549.44 0.0654299 0.0654299 1 1 0
549.64 0.0654299 0.0654299 1 1 0
549.84 0.0654298 0.0654298 1 1 0
550.04 0.0654298 0.0654298 1 1 0
550.24 0.0654298 0.0654298 1 1 0
550.44 0.0654298 0.0654298 1 1 0
550.64 0.0654297 0.0654297 1 1 0
550.84 0.0654297 0.0654297 1 1 0
551.04 0.0654297 0.0654297 1 1 0
551.24 0.0654296 0.0654296 1 1 0
551.44 0.0654296 0.0654296 1 1 0
551.64 0.0654296 0.0654296 1 1 0
551.84 0.0654295 0.0654295 1 1 0
552.04 0.0654295 0.0654295 1 1 0
552.24 0.0654295 0.0654295 1 1 0
552.44 0.0654295 0.0654295 1 1 0
552.64 0.0654294 0.0654294 1 1 0
552.84 0.0654294 0.0654294 1 1 0
553.04 0.0654294 0.0654294 1 1 0
553.24 0.0654293 0.0654293 1 1 0
553.44 0.0654293 0.0654293 1 1 0
553.64 0.0654293 0.0654293 1 1 0
553.84 0.0654293 0.0654293 1 1 0
554.04 0.0654292 0.0654292 1 1 0
554.24 0.0654292 0.0654292 1 1 0
554.44 0.0654292 0.0654292 1 1 0
554.64 0.0654292 0.0654292 1 1 0
554.84 0.0654291 0.0654291 1 1 0
555.04 0.0654291 0.0654291 1 1 0
555.24 0.0654291 0.0654291 1 1 0
555.44 0.065429 0.065429 1 1 0
555.64 0.065429 0.065429 1 1 0
555.84 0.065429 0.065429 1 1 0
556.04 0.065429 0.065429 1 1 0
556.24 0.0654289 0.0654289 1 1 0
556.44 0.0654289 0.0654289 1 1 0
556.64 0.0654289 0.0654289 1 1 0
556.84 0.0654289 0.0654289 1 1 0
557.04 0.0654288 0.0654288 1 1 0
557.24 0.0654288 0.0654288 1 1 0
557.44 0.0654288 0.0654288 1 1 0
557.64 0.0654287 0.0654287 1 1 0
557.84 0.0654287 0.0654287 1 1 0
558.04 0.0654287 0.0654287 1 1 0
558.24 0.0654287 0.0654287 1 1 0
558.44 0.0654286 0.0654286 1 1 0
558.64 0.0654286 0.0654286 1 1 0
558.84 0.0654286 0.0654286 1 1 0
559.04 0.0654286 0.0654286 1 1 0
559.24 0.0654285 0.0654285 1 1 0
559.44 0.0654285 0.0654285 1 1 0
559.64 0.0654285 0.0654285 1 1 0
559.84 0.0654285 0.0654285 1 1 0
560.04 0.0654284 0.0654284 1 1 0
560.24 0.0654284 0.0654284 1 1 0
560.44 0.0654284 0.0654284 1 1 0
560.64 0.0654284 0.0654284 1 1 0
560.84 0.0654283 0.0654283 1 1 0
561.04 0.0654283 0.0654283 1 1 0
561.24 0.0654283 0.0654283 1 1 0
561.44 0.0654283 0.0654283 1 1 0
561.64 0.0654282 0.0654282 1 1 0
561.84 0.0654282 0.0654282 1 1 0
562.04 0.0654282 0.0654282 1 1 0
562.24 0.0654282 0.0654282 1 1 0
562.44 0.0654281 0.0654281 1 1 0
562.64 0.0654281 0.0654281 1 1 0
562.84 0.0654281 0.0654281 1 1 0
563.04 0.0654281 0.0654281 1 1 0
563.24 0.065428 0.065428 1 1 0
563.44 0.065428 0.065428 1 1 0
563.64 0.065428 0.065428 1 1 0
563.84 0.065428 0.065428 1 1 0
564.04 0.0654279 0.0654279 1 1 0
564.24 0.0654279 0.0654279 1 1 0
564.44 0.0654279 0.0654279 1 1 0
564.64 0.0654279 0.0654279 1 1 0
564.84 0.0654279 0.0654279 1 1 0
565.04 0.0654278 0.0654278 1 1 0
565.24 0.0654278 0.0654278 1 1 0
565.44 0.0654278 0.0654278 1 1 0
565.64 0.0654278 0.0654278 1 1 0
565.84 0.0654277 0.0654277 1 1 0
566.04 0.0654277 0.0654277 1 1 0
566.24 0.0654277 0.0654277 1 1 0
566.44 0.0654277 0.0654277 1 1 0
566.64 0.0654276 0.0654276 1 1 0
566.84 0.0654276 0.0654276 1 1 0
567.04 0.0654276 0.0654276 1 1 0
567.24 0.0654276 0.0654276 1 1 0
567.44 0.0654276 0.0654276 1 1 0
567.64 0.0654275 0.0654275 1 1 0
567.84 0.0654275 0.0654275 1 1 0
568.04 0.0654275 0.0654275 1 1 0
568.24 0.0654275 0.0654275 1 1 0
568.44 0.0654274 0.0654274 1 1 0
568.64 0.0654274 0.0654274 1 1 0
568.84 0.0654274 0.0654274 1 1 0
569.04 0.0654274 0.0654274 1 1 0
569.24 0.0654274 0.0654274 1 1 0
569.44 0.0654273 0.0654273 1 1 0
569.64 0.0654273 0.0654273 1 1 0
569.84 0.0654273 0.0654273 1 1 0
570.04 0.0654273 0.0654273 1 1 0
570.24 0.0654272 0.0654272 1 1 0
570.44 0.0654272 0.0654272 1 1 0
570.64 0.0654272 0.0654272 1 1 0
570.84 0.0654272 0.0654272 1 1 0
571.04 0.0654272 0.0654272 1 1 0
571.24 0.0654271 0.0654271 1 1 0
571.44 0.0654271 0.0654271 1 1 0
571.64 0.0654271 0.0654271 1 1 0
571.84 0.0654271 0.0654271 1 1 0
572.04 0.0654271 0.0654271 1 1 0
572.24 0.065427 0.065427 1 1 0
572.44 0.065427 0.065427 1 1 0
572.64 0.065427 0.065427 1 1 0
572.84 0.065427 0.065427 1 1 0
573.04 0.065427 0.065427 1 1 0
573.24 0.0654269 0.0654269 1 1 0
573.44 0.0654269 0.0654269 1 1 0
573.64 0.0654269 0.0654269 1 1 0
573.84 0.0654269 0.0654269 1 1 0
574.04 0.0654269 0.0654269 1 1 0
574.24 0.0654268 0.0654268 1 1 0
574.44 0.0654268 0.0654268 1 1 0
574.64 0.0654268 0.0654268 1 1 0
574.84 0.0654268 0.0654268 1 1 0
575.04 0.0654268 0.0654268 1 1 0
575.24 0.0654267 0.0654267 1 1 0
575.44 0.0654267 0.0654267 1 1 0
575.64 0.0654267 0.0654267 1 1 0
575.84 0.0654267 0.0654267 1 1 0
576.04 0.0654267 0.0654267 1 1 0
576.24 0.0654266 0.0654266 1 1 0
576.44 0.0654266 0.0654266 1 1 0
576.64 0.0654266 0.0654266 1 1 0
576.84 0.0654266 0.0654266 1 1 0
577.04 0.0654266 0.0654266 1 1 0
577.24 0.0654265 0.0654265 1 1 0
577.44 0.0654265 0.0654265 1 1 0
577.64 0.0654265 0.0654265 1 1 0
577.84 0.0654265 0.0654265 1 1 0
578.04 0.0654265 0.0654265 1 1 0
578.24 0.0654264 0.0654264 1 1 0
578.44 0.0654264 0.0654264 1 1 0
578.64 0.0654264 0.0654264 1 1 0
578.84 0.0654264 0.0654264 1 1 0
579.04 0.0654264 0.0654264 1 1 0
579.24 0.0654263 0.0654263 1 1 0
579.44 0.0654263 0.0654263 1 1 0
579.64 0.0654263 0.0654263 1 1 0
579.84 0.0654263 0.0654263 1 1 0
580.04 0.0654263 0.0654263 1 1 0
580.24 0.0654263 0.0654263 1 1 0
580.44 0.0654262 0.0654262 1 1 0
580.64 0.0654262 0.0654262 1 1 0
580.84 0.0654262 0.0654262 1 1 0
581.04 0.0654262 0.0654262 1 1 0
581.24 0.0654262 0.0654262 1 1 0
581.44 0.0654261 0.0654261 1 1 0
581.64 0.0654261 0.0654261 1 1 0
581.84 0.0654261 0.0654261 1 1 0
582.04 0.0654261 0.0654261 1 1 0
582.24 0.0654261 0.0654261 1 1 0
582.24 0.0654261 0.0654261 2 1 0
582.28 0.0654261 0.0654261 1 1 0
582.32 0.0654261 0.0654261 1 1 0
582.4 0.0654261 0.0654261 1 1 0
582.56 0.065426 0.065426 1 1 0
582.76 0.065426 0.065426 1 1 0
582.96 0.065426 0.065426 1 1 0
583.16 0.065426 0.065426 1 1 0
583.36 0.065426 0.065426 1 1 0
583.56 0.065426 0.065426 1 1 0
583.76 0.0654259 0.0654259 1 1 0
583.96 0.0654259 0.0654259 1 1 0
584.16 0.0654259 0.0654259 1 1 0
584.36 0.0654259 0.0654259 1 1 0
584.56 0.0654259 0.0654259 1 1 0
584.76 0.0654259 0.0654259 1 1 0
584.96 0.0654258 0.0654258 1 1 0
585.16 0.0654258 0.0654258 1 1 0
585.36 0.0654258 0.0654258 1 1 0
585.56 0.0654258 0.0654258 1 1 0
585.76 0.0654258 0.0654258 1 1 0
585.96 0.0654258 0.0654258 1 1 0
586.16 0.0654257 0.0654257 1 1 0
586.36 0.0654257 0.0654257 1 1 0
586.56 0.0654257 0.0654257 1 1 0
586.76 0.0654257 0.0654257 1 1 0
586.96 0.0654257 0.0654257 1 1 0
587.16 0.0654257 0.0654257 1 1 0
587.36 0.0654256 0.0654256 1 1 0
587.56 0.0654256 0.0654256 1 1 0
587.76 0.0654256 0.0654256 1 1 0
587.96 0.0654256 0.0654256 1 1 0
588.16 0.0654256 0.0654256 1 1 0
588.36 0.0654256 0.0654256 1 1 0
588.56 0.0654255 0.0654255 1 1 0
588.76 0.0654255 0.0654255 1 1 0
588.96 0.0654255 0.0654255 1 1 0
589.16 0.0654255 0.0654255 1 1 0
589.36 0.0654255 0.0654255 1 1 0
589.56 0.0654255 0.0654255 1 1 0
589.76 0.0654255 0.0654255 1 1 0
589.96 0.0654254 0.0654254 1 1 0
590.16 0.0654254 0.0654254 1 1 0
590.36 0.0654254 0.0654254 1 1 0
590.56 0.0654254 0.0654254 1 1 0
590.76 0.0654254 0.0654254 1 1 0
590.96 0.0654254 0.0654254 1 1 0
591.16 0.0654253 0.0654253 1 1 0
591.36 0.0654253 0.0654253 1 1 0
591.56 0.0654253 0.0654253 1 1 0
591.76 0.0654253 0.0654253 1 1 0
591.96 0.0654253 0.0654253 1 1 0
592.16 0.0654253 0.0654253 1 1 0
592.36 0.0654253 0.0654253 1 1 0
592.56 0.0654252 0.0654252 1 1 0
592.76 0.0654252 0.0654252 1 1 0
592.96 0.0654252 0.0654252 1 1 0
593.16 0.0654252 0.0654252 1 1 0
593.36 0.0654252 0.0654252 1 1 0
593.56 0.0654252 0.0654252 1 1 0
593.76 0.0654251 0.0654251 1 1 0
593.96 0.0654251 0.0654251 1 1 0
594.16 0.0654251 0.0654251 1 1 0
594.36 0.0654251 0.0654251 1 1 0
594.56 0.0654251 0.0654251 1 1 0
594.76 0.0654251 0.0654251 1 1 0
594.96 0.0654251 0.0654251 1 1 0
595.16 0.065425 0.065425 1 1 0
595.36 0.065425 0.065425 1 1 0
595.56 0.065425 0.065425 1 1 0
595.76 0.065425 0.065425 1 1 0
595.96 0.065425 0.065425 1 1 0
596.16 0.065425 0.065425 1 1 0
596.36 0.065425 0.065425 1 1 0
596.56 0.0654249 0.0654249 1 1 0
596.76 0.0654249 0.0654249 1 1 0
596.96 0.0654249 0.0654249 1 1 0
597.16 0.0654249 0.0654249 1 1 0
597.36 0.0654249 0.0654249 1 1 0
597.56 0.0654249 0.0654249 1 1 0
597.76 0.0654249 0.0654249 1 1 0
597.96 0.0654248 0.0654248 1 1 0
598.16 0.0654248 0.0654248 1 1 0
598.36 0.0654248 0.0654248 1 1 0
598.56 0.0654248 0.0654248 1 1 0
598.76 0.0654248 0.0654248 1 1 0
598.96 0.0654248 0.0654248 1 1 0
599.16 0.0654248 0.0654248 1 1 0
599.36 0.0654248 0.0654248 1 1 0
599.56 0.0654247 0.0654247 1 1 0
599.76 0.0654247 0.0654247 1 1 0
599.96 0.0654247 0.0654247 1 1 0
600.16 0.0654247 0.0654247 1 1 0
600.36 0.0654247 0.0654247 1 1 0
600.56 0.0654247 0.0654247 1 1 0
600.76 0.0654247 0.0654247 1 1 0
600.96 0.0654246 0.0654246 1 1 0
601.16 0.0654246 0.0654246 1 1 0
601.36 0.0654246 0.0654246 1 1 0
601.56 0.0654246 0.0654246 1 1 0
601.76 0.0654246 0.0654246 1 1 0
601.96 0.0654246 0.0654246 1 1 0
602.16 0.0654246 0.0654246 1 1 0
602.36 0.0654246 0.0654246 1 1 0
602.56 0.0654245 0.0654245 1 1 0
602.76 0.0654245 0.0654245 1 1 0
602.96 0.0654245 0.0654245 1 1 0
603.16 0.0654245 0.0654245 1 1 0
603.36 0.0654245 0.0654245 1 1 0
603.56 0.0654245 0.0654245 1 1 0
603.76 0.0654245 0.0654245 1 1 0
603.96 0.0654245 0.0654245 1 1 0
604.16 0.0654244 0.0654244 1 1 0
604.36 0.0654244 0.0654244 1 1 0
604.56 0.0654244 0.0654244 1 1 0
604.76 0.0654244 0.0654244 1 1 0
604.96 0.0654244 0.0654244 1 1 0
605.16 0.0654244 0.0654244 1 1 0
605.36 0.0654244 0.0654244 1 1 0
605.56 0.0654244 0.0654244 1 1 0
605.76 0.0654243 0.0654243 1 1 0
605.96 0.0654243 0.0654243 1 1 0
606.16 0.0654243 0.0654243 1 1 0
606.36 0.0654243 0.0654243 1 1 0
606.56 0.0654243 0.0654243 1 1 0
606.76 0.0654243 0.0654243 1 1 0
606.96 0.0654243 0.0654243 1 1 0
607.16 0.0654243 0.0654243 1 1 0
607.36 0.0654242 0.0654242 1 1 0
607.56 0.0654242 0.0654242 1 1 0
607.76 0.0654242 0.0654242 1 1 0
607.96 0.0654242 0.0654242 1 1 0
608.16 0.0654242 0.0654242 1 1 0
608.36 0.0654242 0.0654242 1 1 0
608.56 0.0654242 0.0654242 1 1 0
608.76 0.0654242 0.0654242 1 1 0
608.96 0.0654242 0.0654242 1 1 0
609.16 0.0654241 0.0654241 1 1 0
609.36 0.0654241 0.0654241 1 1 0
609.56 0.0654241 0.0654241 1 1 0
609.76 0.0654241 0.0654241 1 1 0
609.96 0.0654241 0.0654241 1 1 0
610.16 0.0654241 0.0654241 1 1 0
610.36 0.0654241 0.0654241 1 1 0
610.56 0.0654241 0.0654241 1 1 0
610.76 0.0654241 0.0654241 1 1 0
610.96 0.065424 0.065424 1 1 0
611.16 0.065424 0.065424 1 1 0
611.36 0.065424 0.065424 1 1 0
611.56 0.065424 0.065424 1 1 0
611.76 0.065424 0.065424 1 1 0
611.96 0.065424 0.065424 1 1 0
612.16 0.065424 0.065424 1 1 0
612.36 0.065424 0.065424 1 1 0
612.56 0.065424 0.065424 1 1 0
612.76 0.0654239 0.0654239 1 1 0
612.96 0.0654239 0.0654239 1 1 0
613.16 0.0654239 0.0654239 1 1 0
613.36 0.0654239 0.0654239 1 1 0
613.56 0.0654239 0.0654239 1 1 0
613.76 0.0654239 0.0654239 1 1 0
613.96 0.0654239 0.0654239 1 1 0
614.16 0.0654239 0.0654239 1 1 0
614.36 0.0654239 0.0654239 1 1 0
614.56 0.0654238 0.0654238 1 1 0
614.76 0.0654238 0.0654238 1 1 0
614.96 0.0654238 0.0654238 1 1 0
615.16 0.0654238 0.0654238 1 1 0
615.36 0.0654238 0.0654238 1 1 0
615.56 0.0654238 0.0654238 1 1 0
615.76 0.0654238 0.0654238 1 1 0
615.96 0.0654238 0.0654238 1 1 0
616.16 0.0654238 0.0654238 1 1 0
616.36 0.0654238 0.0654238 1 1 0
616.56 0.0654237 0.0654237 1 1 0
616.76 0.0654237 0.0654237 1 1 0
616.96 0.0654237 0.0654237 1 1 0
617.16 0.0654237 0.0654237 1 1 0
617.36 0.0654237 0.0654237 1 1 0
617.56 0.0654237 0.0654237 1 1 0
617.76 0.0654237 0.0654237 1 1 0
617.96 0.0654237 0.0654237 1 1 0
618.16 0.0654237 0.0654237 1 1 0
618.36 0.0654237 0.0654237 1 1 0
618.56 0.0654236 0.0654236 1 1 0
618.76 0.0654236 0.0654236 1 1 0
618.96 0.0654236 0.0654236 1 1 0
619.16 0.0654236 0.0654236 1 1 0
619.36 0.0654236 0.0654236 1 1 0
619.56 0.0654236 0.0654236 1 1 0
619.76 0.0654236 0.0654236 1 1 0
619.96 0.0654236 0.0654236 1 1 0
620.16 0.0654236 0.0654236 1 1 0
620.36 0.0654236 0.0654236 1 1 0
620.56 0.0654235 0.0654235 1 1 0
620.76 0.0654235 0.0654235 1 1 0
620.96 0.0654235 0.0654235 1 1 0
621.16 0.0654235 0.0654235 1 1 0
621.36 0.0654235 0.0654235 1 1 0
621.56 0.0654235 0.0654235 1 1 0
621.56 0.0654235 0.0654235 2 1 0
621.6 0.0654235 0.0654235 1 1 0
621.64 0.0654235 0.0654235 1 1 0
621.72 0.0654235 0.0654235 1 1 0
621.88 0.0654235 0.0654235 1 1 0
622.08 0.0654235 0.0654235 1 1 0
622.28 0.0654235 0.0654235 1 1 0
622.48 0.0654235 0.0654235 1 1 0
622.68 0.0654234 0.0654234 1 1 0
622.88 0.0654234 0.0654234 1 1 0
623.08 0.0654234 0.0654234 1 1 0
623.28 0.0654234 0.0654234 1 1 0
623.48 0.0654234 0.0654234 1 1 0
623.68 0.0654234 0.0654234 1 1 0
623.88 0.0654234 0.0654234 1 1 0
624.08 0.0654234 0.0654234 1 1 0
624.28 0.0654234 0.0654234 1 1 0
624.48 0.0654234 0.0654234 1 1 0
624.68 0.0654234 0.0654234 1 1 0
624.88 0.0654233 0.0654233 1 1 0
625.08 0.0654233 0.0654233 1 1 0
625.28 0.0654233 0.0654233 1 1 0
625.48 0.0654233 0.0654233 1 1 0
625.68 0.0654233 0.0654233 1 1 0
625.88 0.0654233 0.0654233 1 1 0
626.08 0.0654233 0.0654233 1 1 0
626.28 0.0654233 0.0654233 1 1 0
626.48 0.0654233 0.0654233 1 1 0
626.68 0.0654233 0.0654233 1 1 0
626.88 0.0654233 0.0654233 1 1 0
627.08 0.0654232 0.0654232 1 1 0
627.28 0.0654232 0.0654232 1 1 0
627.48 0.0654232 0.0654232 1 1 0
627.68 0.0654232 0.0654232 1 1 0
627.88 0.0654232 0.0654232 1 1 0
628.08 0.0654232 0.0654232 1 1 0
628.28 0.0654232 0.0654232 1 1 0
628.48 0.0654232 0.0654232 1 1 0
628.68 0.0654232 0.0654232 1 1 0
628.88 0.0654232 0.0654232 1 1 0
629.08 0.0654232 0.0654232 1 1 0
629.28 0.0654232 0.0654232 1 1 0
629.48 0.0654231 0.0654231 1 1 0
629.68 0.0654231 0.0654231 1 1 0
629.88 0.0654231 0.0654231 1 1 0
630.08 0.0654231 0.0654231 1 1 0
630.28 0.0654231 0.0654231 1 1 0
630.48 0.0654231 0.0654231 1 1 0
630.68 0.0654231 0.0654231 1 1 0
630.88 0.0654231 0.0654231 1 1 0
631.08 0.0654231 0.0654231 1 1 0
631.28 0.0654231 0.0654231 1 1 0
631.48 0.0654231 0.0654231 1 1 0
631.68 0.0654231 0.0654231 1 1 0
631.88 0.0654231 0.0654231 1 1 0
632.08 0.065423 0.065423 1 1 0
632.28 0.065423 0.065423 1 1 0
632.48 0.065423 0.065423 1 1 0
632.68 0.065423 0.065423 1 1 0
632.88 0.065423 0.065423 1 1 0
633.08 0.065423 0.065423 1 1 0
633.28 0.065423 0.065423 1 1 0
633.48 0.065423 0.065423 1 1 0
633.68 0.065423 0.065423 1 1 0
633.88 0.065423 0.065423 1 1 0
634.08 0.065423 0.065423 1 1 0
634.28 0.065423 0.065423 1 1 0
634.48 0.0654229 0.0654229 1 1 0
634.68 0.0654229 0.0654229 1 1 0
634.88 0.0654229 0.0654229 1 1 0
635.08 0.0654229 0.0654229 1 1 0
635.28 0.0654229 0.0654229 1 1 0
635.48 0.0654229 0.0654229 1 1 0
635.68 0.0654229 0.0654229 1 1 0
635.88 0.0654229 0.0654229 1 1 0
636.08 0.0654229 0.0654229 1 1 0
636.28 0.0654229 0.0654229 1 1 0
636.48 0.0654229 0.0654229 1 1 0
636.68 0.0654229 0.0654229 1 1 0
636.88 0.0654229 0.0654229 1 1 0
637.08 0.0654229 0.0654229 1 1 0
637.28 0.0654228 0.0654228 1 1 0
637.48 0.0654228 0.0654228 1 1 0
637.68 0.0654228 0.0654228 1 1 0
637.88 0.0654228 0.0654228 1 1 0
638.08 0.0654228 0.0654228 1 1 0
638.28 0.0654228 0.0654228 1 1 0
638.48 0.0654228 0.0654228 1 1 0
638.68 0.0654228 0.0654228 1 1 0
638.88 0.0654228 0.0654228 1 1 0
639.08 0.0654228 0.0654228 1 1 0
639.28 0.0654228 0.0654228 1 1 0
639.48 0.0654228 0.0654228 1 1 0
639.68 0.0654228 0.0654228 1 1 0
639.88 0.0654228 0.0654228 1 1 0
640.08 0.0654227 0.0654227 1 1 0
640.28 0.0654227 0.0654227 1 1 0
640.48 0.0654227 0.0654227 1 1 0
640.68 0.0654227 0.0654227 1 1 0
640.88 0.0654227 0.0654227 1 1 0
641.08 0.0654227 0.0654227 1 1 0
641.28 0.0654227 0.0654227 1 1 0
641.48 0.0654227 0.0654227 1 1 0
641.68 0.0654227 0.0654227 1 1 0
641.88 0.0654227 0.0654227 1 1 0
642.08 0.0654227 0.0654227 1 1 0
642.28 0.0654227 0.0654227 1 1 0
642.48 0.0654227 0.0654227 1 1 0
642.68 0.0654227 0.0654227 1 1 0
642.88 0.0654226 0.0654226 1 1 0
643.08 0.0654226 0.0654226 1 1 0
643.28 0.0654226 0.0654226 1 1 0
643.48 0.0654226 0.0654226 1 1 0
643.68 0.0654226 0.0654226 1 1 0
643.88 0.0654226 0.0654226 1 1 0
644.08 0.0654226 0.0654226 1 1 0
644.28 0.0654226 0.0654226 1 1 0
644.48 0.0654226 0.0654226 1 1 0
644.68 0.0654226 0.0654226 1 1 0
644.88 0.0654226 0.0654226 1 1 0
645.08 0.0654226 0.0654226 1 1 0
645.28 0.0654226 0.0654226 1 1 0
645.48 0.0654226 0.0654226 1 1 0
645.68 0.0654226 0.0654226 1 1 0
645.88 0.0654226 0.0654226 1 1 0
646.08 0.0654225 0.0654225 1 1 0
646.28 0.0654225 0.0654225 1 1 0
646.48 0.0654225 0.0654225 1 1 0
646.68 0.0654225 0.0654225 1 1 0
646.88 0.0654225 0.0654225 1 1 0
647.08 0.0654225 0.0654225 1 1 0
647.28 0.0654225 0.0654225 1 1 0
647.48 0.0654225 0.0654225 1 1 0
647.68 0.0654225 0.0654225 1 1 0
647.88 0.0654225 0.0654225 1 1 0
648.08 0.0654225 0.0654225 1 1 0
648.28 0.0654225 0.0654225 1 1 0
648.48 0.0654225 0.0654225 1 1 0
648.68 0.0654225 0.0654225 1 1 0
648.88 0.0654225 0.0654225 1 1 0
649.08 0.0654225 0.0654225 1 1 0
649.28 0.0654224 0.0654224 1 1 0
649.48 0.0654224 0.0654224 1 1 0
649.68 0.0654224 0.0654224 1 1 0
649.88 0.0654224 0.0654224 1 1 0
650.08 0.0654224 0.0654224 1 1 0
650.28 0.0654224 0.0654224 1 1 0
650.48 0.0654224 0.0654224 1 1 0
650.68 0.0654224 0.0654224 1 1 0
650.88 0.0654224 0.0654224 1 1 0
651.08 0.0654224 0.0654224 1 1 0
651.28 0.0654224 0.0654224 1 1 0
651.48 0.0654224 0.0654224 1 1 0
651.68 0.0654224 0.0654224 1 1 0
651.88 0.0654224 0.0654224 1 1 0
652.08 0.0654224 0.0654224 1 1 0
652.28 0.0654224 0.0654224 1 1 0
652.48 0.0654224 0.0654224 1 1 0
652.68 0.0654223 0.0654223 1 1 0
652.88 0.0654223 0.0654223 1 1 0
653.08 0.0654223 0.0654223 1 1 0
653.28 0.0654223 0.0654223 1 1 0
653.48 0.0654223 0.0654223 1 1 0
653.68 0.0654223 0.0654223 1 1 0
653.88 0.0654223 0.0654223 1 1 0
654.08 0.0654223 0.0654223 1 1 0
654.28 0.0654223 0.0654223 1 1 0
654.48 0.0654223 0.0654223 1 1 0
654.68 0.0654223 0.0654223 1 1 0
654.88 0.0654223 0.0654223 1 1 0
655.08 0.0654223 0.0654223 1 1 0
655.28 0.0654223 0.0654223 1 1 0
655.48 0.0654223 0.0654223 1 1 0
655.68 0.0654223 0.0654223 1 1 0
655.88 0.0654223 0.0654223 1 1 0
656.08 0.0654223 0.0654223 1 1 0
656.28 0.0654222 0.0654222 1 1 0
656.48 0.0654222 0.0654222 1 1 0
656.68 0.0654222 0.0654222 1 1 0
656.88 0.0654222 0.0654222 1 1 0
657.08 0.0654222 0.0654222 1 1 0
657.28 0.0654222 0.0654222 1 1 0
657.48 0.0654222 0.0654222 1 1 0
657.68 0.0654222 0.0654222 1 1 0
657.88 0.0654222 0.0654222 1 1 0
658.08 0.0654222 0.0654222 1 1 0
658.28 0.0654222 0.0654222 1 1 0
658.48 0.0654222 0.0654222 1 1 0
658.68 0.0654222 0.0654222 1 1 0
658.88 0.0654222 0.0654222 1 1 0
659.08 0.0654222 0.0654222 1 1 0
659.28 0.0654222 0.0654222 1 1 0
659.48 0.0654222 0.0654222 1 1 0
659.68 0.0654222 0.0654222 1 1 0
659.88 0.0654222 0.0654222 1 1 0
660.08 0.0654221 0.0654221 1 1 0
660.28 0.0654221 0.0654221 1 1 0
660.48 0.0654221 0.0654221 1 1 0
660.68 0.0654221 0.0654221 1 1 0
660.88 0.0654221 0.0654221 1 1 0
228.36 0.0679578 0.0679578 2 1 0
228.32 0.0679604 0.0679604 1 1 0
228.28 0.067963 0.067963 1 1 0
228.2 0.0679682 0.0679682 1 1 0
228.04 0.0679787 0.0679787 1 1 0
227.84 0.0679918 0.0679918 1 1 0
227.64 0.0680051 0.0680051 1 1 0
227.44 0.0680184 0.0680184 1 1 0
227.24 0.0680319 0.0680319 1 1 0
227.04 0.0680454 0.0680454 1 1 0
226.84 0.0680591 0.0680591 1 1 0
226.64 0.0680728 0.0680728 1 1 0
226.44 0.0680867 0.0680867 1 1 0
226.24 0.0681007 0.0681007 1 1 0
226.04 0.0681148 0.0681148 1 1 0
225.84 0.068129 0.068129 1 1 0
225.64 0.0681434 0.0681434 1 1 0
225.44 0.0681578 0.0681578 1 1 0
225.24 0.0681724 0.0681724 1 1 0
225.04 0.0681871 0.0681871 1 1 0
224.84 0.0682019 0.0682019 1 1 0
224.64 0.0682168 0.0682168 1 1 0
224.44 0.0682319 0.0682319 1 1 0
224.24 0.0682471 0.0682471 1 1 0
224.04 0.0682624 0.0682624 1 1 0
223.84 0.0682778 0.0682778 1 1 0
223.64 0.0682934 0.0682934 1 1 0
223.44 0.0683091 0.0683091 1 1 0
223.24 0.068325 0.068325 1 1 0
223.04 0.068341 0.068341 1 1 0
222.84 0.0683571 0.0683571 1 1 0
222.64 0.0683734 0.0683734 1 1 0
222.44 0.0683898 0.0683898 1 1 0
222.24 0.0684063 0.0684063 1 1 0
222.04 0.0684231 0.0684231 1 1 0
221.84 0.0684399 0.0684399 1 1 0
221.64 0.0684569 0.0684569 1 1 0
221.44 0.0684741 0.0684741 1 1 0
221.24 0.0684915 0.0684915 1 1 0
221.04 0.068509 0.068509 1 1 0
220.84 0.0685266 0.0685266 1 1 0
220.64 0.0685445 0.0685445 1 1 0
220.44 0.0685625 0.0685625 1 1 0
220.24 0.0685807 0.0685807 1 1 0
220.04 0.068599 0.068599 1 1 0
219.84 0.0686176 0.0686176 1 1 0
219.64 0.0686363 0.0686363 1 1 0
219.44 0.0686552 0.0686552 1 1 0
219.24 0.0686743 0.0686743 1 1 0
219.04 0.0686936 0.0686936 1 1 0
218.84 0.0687131 0.0687131 1 1 0
218.64 0.0687328 0.0687328 1 1 0
218.44 0.0687527 0.0687527 1 1 0
218.24 0.0687728 0.0687728 1 1 0
218.04 0.0687932 0.0687932 1 1 0
217.84 0.0688137 0.0688137 1 1 0
217.64 0.0688345 0.0688345 1 1 0
217.44 0.0688555 0.0688555 1 1 0
217.24 0.0688767 0.0688767 1 1 0
217.04 0.0688982 0.0688982 1 1 0
216.84 0.0689199 0.0689199 1 1 0
216.64 0.0689419 0.0689419 1 1 0
216.44 0.0689641 0.0689641 1 1 0
216.24 0.0689865 0.0689865 1 1 0
216.04 0.0690093 0.0690093 1 1 0
215.84 0.0690323 0.0690323 1 1 0
215.64 0.0690556 0.0690556 1 1 0
215.44 0.0690792 0.0690792 1 1 0
215.24 0.069103 0.069103 1 1 0
215.04 0.0691272 0.0691272 1 1 0
214.84 0.0691517 0.0691517 1 1 0
214.64 0.0691764 0.0691764 1 1 0
214.44 0.0692016 0.0692016 1 1 0
214.24 0.069227 0.069227 1 1 0
214.04 0.0692528 0.0692528 1 1 0
213.84 0.0692789 0.0692789 1 1 0
213.64 0.0693054 0.0693054 1 1 0
213.44 0.0693323 0.0693323 1 1 0
213.24 0.0693595 0.0693595 1 1 0
213.04 0.0693871 0.0693871 1 1 0
212.84 0.0694152 0.0694152 1 1 0
212.64 0.0694436 0.0694436 1 1 0
212.44 0.0694725 0.0694725 1 1 0
212.24 0.0695018 0.0695018 1 1 0
212.04 0.0695316 0.0695316 1 1 0
211.84 0.0695619 0.0695619 1 1 0
211.64 0.0695926 0.0695926 1 1 0
211.44 0.0696239 0.0696239 1 1 0
211.24 0.0696557 0.0696557 1 1 0
211.04 0.069688 0.069688 1 1 0
210.84 0.0697209 0.0697209 1 1 0
210.64 0.0697544 0.0697544 1 1 0
210.44 0.0697885 0.0697885 1 1 0
210.24 0.0698232 0.0698232 1 1 0
210.04 0.0698586 0.0698586 1 1 0
209.84 0.0698948 0.0698948 1 1 0
209.64 0.0699316 0.0699316 1 1 0
209.44 0.0699692 0.0699692 1 1 0
209.24 0.0700076 0.0700076 1 1 0
209.04 0.0700468 0.0700468 1 1 0
208.84 0.0700869 0.0700869 1 1 0
208.64 0.0701279 0.0701279 1 1 0
208.44 0.0701699 0.0701699 1 1 0
208.24 0.070213 0.070213 1 1 0
208.04 0.0702572 0.0702572 1 1 0
207.84 0.0703025 0.0703025 1 1 0
207.64 0.070349 0.070349 1 1 0
207.44 0.070397 0.070397 1 1 0
207.24 0.0704463 0.0704463 1 1 0
207.04 0.0704971 0.0704971 1 1 0
206.84 0.0705497 0.0705497 1 1 0
206.64 0.070604 0.070604 1 1 0
206.44 0.0706603 0.0706603 1 1 0
206.24 0.0707187 0.0707187 1 1 0
206.04 0.0707795 0.0707795 1 1 0
205.84 0.070843 0.070843 1 1 0
205.64 0.0709094 0.0709094 1 1 0
205.44 0.0709791 0.0709791 1 1 0
205.24 0.0710526 0.0710526 1 1 0
205.04 0.0711306 0.0711306 1 1 0
204.84 0.0712137 0.0712137 1 1 0
204.64 0.071303 0.071303 1 1 0
204.44 0.0714001 0.0714001 1 1 0
204.24 0.0715069 0.0715069 1 1 0
204.04 0.0716269 0.0716269 1 1 0
203.84 0.071766 0.071766 1 1 0
203.64 0.0719363 0.0719363 1 1 0
203.44 0.072175 0.072175 1 1 0
203.34 0.0723809 0.0723809 1 1 0
203.321 0.0724498 0.0724498 1 1 0
203.307 0.0725418 0.0725418 1 1 0
203.306 0.0725602 0.0725602 1 1 0
203.305 0.0725756 0.0725756 1 1 0
203.305 0.0725887 0.0725887 1 1 0
203.305 0.0726102 0.0726102 2 1 0
203.306 0.0726219 0.0726219 2 1 0
203.306 0.0726365 0.0726365 2 1 0
203.308 0.0726551 0.0726551 2 1 0
203.31 0.0726806 0.0726806 2 1 0
203.315 0.0727155 0.0727155 2 1 0
203.323 0.0727551 0.0727551 2 1 0
203.339 0.0728127 0.0728127 2 1 0
203.363 0.0728784 0.0728784 2 1 0
203.398 0.0729553 0.0729553 2 1 0
203.452 0.073047 0.073047 2 1 0
203.532 0.0731576 0.0731576 2 1 0
203.652 0.0732921 0.0732921 2 1 0
203.832 0.0734563 0.0734563 2 1 0
204.032 0.0736088 0.0736088 2 1 0
204.232 0.073742 0.073742 2 1 0
204.432 0.0738619 0.0738619 2 1 0
204.632 0.0739718 0.0739718 2 1 0
204.832 0.0740738 0.0740738 2 1 0
205.032 0.0741696 0.0741696 2 1 0
205.232 0.0742602 0.0742602 2 1 0
205.432 0.0743463 0.0743463 2 1 0
205.632 0.0744285 0.0744285 2 1 0
205.832 0.0745074 0.0745074 2 1 0
206.032 0.0745833 0.0745833 2 1 0
206.232 0.0746565 0.0746565 2 1 0
206.432 0.0747273 0.0747273 2 1 0
206.632 0.0747959 0.0747959 2 1 0
206.832 0.0748626 0.0748626 2 1 0
207.032 0.0749274 0.0749274 2 1 0
207.232 0.0749905 0.0749905 2 1 0
207.432 0.0750521 0.0750521 2 1 0
207.632 0.0751122 0.0751122 2 1 0
207.832 0.0751709 0.0751709 2 1 0
208.032 0.0752284 0.0752284 2 1 0
208.232 0.0752846 0.0752846 2 1 0
208.432 0.0753398 0.0753398 2 1 0
208.632 0.0753939 0.0753939 2 1 0
208.832 0.075447 0.075447 2 1 0
209.032 0.0754991 0.0754991 2 1 0
209.232 0.0755503 0.0755503 2 1 0
209.432 0.0756007 0.0756007 2 1 0
209.632 0.0756502 0.0756502 2 1 0
209.832 0.075699 0.075699 2 1 0
210.032 0.075747 0.075747 2 1 0
210.232 0.0757943 0.0757943 2 1 0
210.432 0.0758409 0.0758409 2 1 0
210.632 0.0758868 0.0758868 2 1 0
210.832 0.0759321 0.0759321 2 1 0
211.032 0.0759768 0.0759768 2 1 0
211.232 0.0760209 0.0760209 2 1 0
211.432 0.0760644 0.0760644 2 1 0
211.632 0.0761074 0.0761074 2 1 0
211.832 0.0761498 0.0761498 2 1 0
212.032 0.0761918 0.0761918 2 1 0
212.232 0.0762332 0.0762332 2 1 0
212.432 0.0762742 0.0762742 2 1 0
212.632 0.0763147 0.0763147 2 1 0
212.832 0.0763547 0.0763547 2 1 0
213.032 0.0763943 0.0763943 2 1 0
213.232 0.0764335 0.0764335 2 1 0
213.432 0.0764722 0.0764722 2 1 0
213.632 0.0765106 0.0765106 2 1 0
213.832 0.0765486 0.0765486 2 1 0
214.032 0.0765862 0.0765862 2 1 0
214.232 0.0766234 0.0766234 2 1 0
203.305 0.0726102 0.0726102 2 2 0
204.301 0.990891 0.990891 2 2 0
204.287 0.990887 0.990887 2 2 0
204.284 0.990886 0.990886 2 2 0
204.283 0.990886 0.990886 2 2 0
204.281 0.990885 0.990885 2 2 0
204.276 0.990883 0.990883 2 2 0
204.266 0.99088 0.99088 2 2 0
204.246 0.990873 0.990873 2 2 0
204.206 0.99086 0.99086 2 2 0
204.126 0.990834 0.990834 2 2 0
203.966 0.990781 0.990781 2 2 0
203.766 0.990715 0.990715 2 2 0
203.566 0.990648 0.990648 2 2 0
203.366 0.990581 0.990581 2 2 0
203.166 0.990513 0.990513 2 2 0
202.966 0.990445 0.990445 2 2 0
202.766 0.990376 0.990376 2 2 0
202.566 0.990307 0.990307 2 2 0
202.366 0.990237 0.990237 2 2 0
202.166 0.990167 0.990167 2 2 0
201.966 0.990096 0.990096 2 2 0
201.766 0.990025 0.990025 2 2 0
201.566 0.989953 0.989953 2 2 0
201.366 0.989881 0.989881 2 2 0
201.166 0.989808 0.989808 2 2 0
200.966 0.989734 0.989734 2 2 0
200.766 0.989661 0.989661 2 2 0
200.566 0.989586 0.989586 2 2 0
200.366 0.989511 0.989511 2 2 0
200.166 0.989436 0.989436 2 2 0
199.966 0.98936 0.98936 2 2 0
199.766 0.989283 0.989283 2 2 0
199.566 0.989206 0.989206 2 2 0
199.366 0.989129 0.989129 2 2 0
199.166 0.989051 0.989051 2 2 0
198.966 0.988972 0.988972 2 2 0
198.766 0.988892 0.988892 2 2 0
198.566 0.988813 0.988813 2 2 0
198.366 0.988732 0.988732 2 2 0
198.166 0.988651 0.988651 2 2 0
197.966 0.98857 0.98857 2 2 0
197.766 0.988487 0.988487 2 2 0
197.566 0.988405 0.988405 2 2 0
197.366 0.988321 0.988321 2 2 0
197.166 0.988237 0.988237 2 2 0
196.966 0.988153 0.988153 2 2 0
196.766 0.988068 0.988068 2 2 0
196.566 0.987982 0.987982 2 2 0
196.366 0.987896 0.987896 2 2 0
196.166 0.987809 0.987809 2 2 0
195.966 0.987721 0.987721 2 2 0
195.766 0.987633 0.987633 2 2 0
195.566 0.987544 0.987544 2 2 0
195.366 0.987454 0.987454 2 2 0
195.166 0.987364 0.987364 2 2 0
194.966 0.987273 0.987273 2 2 0
194.766 0.987182 0.987182 2 2 0
194.566 0.98709 0.98709 2 2 0
194.366 0.986997 0.986997 2 2 0
194.166 0.986904 0.986904 2 2 0
193.966 0.98681 0.98681 2 2 0
193.766 0.986715 0.986715 2 2 0
193.566 0.98662 0.98662 2 2 0
193.366 0.986524 0.986524 2 2 0
193.166 0.986427 0.986427 2 2 0
192.966 0.986329 0.986329 2 2 0
192.766 0.986231 0.986231 2 2 0
192.566 0.986132 0.986132 2 2 0
192.366 0.986033 0.986033 2 2 0
192.166 0.985933 0.985933 2 2 0
191.966 0.985832 0.985832 2 2 0
191.766 0.98573 0.98573 2 2 0
191.566 0.985627 0.985627 2 2 0
191.366 0.985524 0.985524 2 2 0
191.166 0.98542 0.98542 2 2 0
190.966 0.985316 0.985316 2 2 0
190.766 0.98521 0.98521 2 2 0
190.566 0.985104 0.985104 2 2 0
190.366 0.984997 0.984997 2 2 0
190.166 0.98489 0.98489 2 2 0
189.966 0.984781 0.984781 2 2 0
189.766 0.984672 0.984672 2 2 0
189.566 0.984562 0.984562 2 2 0
189.366 0.984452 0.984452 2 2 0
189.166 0.98434 0.98434 2 2 0
188.966 0.984228 0.984228 2 2 0
188.766 0.984115 0.984115 2 2 0
188.566 0.984001 0.984001 2 2 0
188.366 0.983886 0.983886 2 2 0
188.166 0.98377 0.98377 2 2 0
187.966 0.983654 0.983654 2 2 0
187.766 0.983537 0.983537 2 2 0
187.566 0.983419 0.983419 2 2 0
187.366 0.9833 0.9833 2 2 0
187.166 0.98318 0.98318 2 2 0
186.966 0.98306 0.98306 2 2 0
186.766 0.982938 0.982938 2 2 0
186.566 0.982816 0.982816 2 2 0
186.366 0.982693 0.982693 2 2 0
186.166 0.982569 0.982569 2 2 0
185.966 0.982444 0.982444 2 2 0
185.766 0.982318 0.982318 2 2 0
185.566 0.982192 0.982192 2 2 0
185.366 0.982064 0.982064 2 2 0
185.166 0.981936 0.981936 2 2 0
184.966 0.981806 0.981806 2 2 0
184.766 0.981676 0.981676 2 2 0
184.566 0.981545 0.981545 2 2 0
184.366 0.981413 0.981413 2 2 0
184.166 0.98128 0.98128 2 2 0
183.966 0.981146 0.981146 2 2 0
183.766 0.981011 0.981011 2 2 0
183.566 0.980875 0.980875 2 2 0
183.366 0.980738 0.980738 2 2 0
183.166 0.9806 0.9806 2 2 0
182.966 0.980461 0.980461 2 2 0
182.766 0.980322 0.980322 2 2 0
182.566 0.980181 0.980181 2 2 0
182.366 0.980039 0.980039 2 2 0
182.166 0.979896 0.979896 2 2 0
181.966 0.979752 0.979752 2 2 0
181.766 0.979608 0.979608 2 2 0
181.566 0.979462 0.979462 2 2 0
181.366 0.979315 0.979315 2 2 0
181.166 0.979167 0.979167 2 2 0
180.966 0.979018 0.979018 2 2 0
180.766 0.978868 0.978868 2 2 0
180.566 0.978717 0.978717 2 2 0
180.366 0.978565 0.978565 2 2 0
180.166 0.978412 0.978412 2 2 0
179.966 0.978257 0.978257 2 2 0
179.766 0.978102 0.978102 2 2 0
179.566 0.977946 0.977946 2 2 0
179.366 0.977788 0.977788 2 2 0
179.166 0.977629 0.977629 2 2 0
178.966 0.97747 0.97747 2 2 0
178.766 0.977309 0.977309 2 2 0
178.566 0.977147 0.977147 2 2 0
178.366 0.976984 0.976984 2 2 0
178.166 0.976819 0.976819 2 2 0
177.966 0.976654 0.976654 2 2 0
177.766 0.976487 0.976487 2 2 0
177.566 0.976319 0.976319 2 2 0
177.366 0.97615 0.97615 2 2 0
177.166 0.97598 0.97598 2 2 0
176.966 0.975809 0.975809 2 2 0
176.766 0.975636 0.975636 2 2 0
176.566 0.975462 0.975462 2 2 0
176.366 0.975287 0.975287 2 2 0
176.166 0.975111 0.975111 2 2 0
175.966 0.974934 0.974934 2 2 0
175.766 0.974755 0.974755 2 2 0
175.566 0.974575 0.974575 2 2 0
175.366 0.974394 0.974394 2 2 0
175.166 0.974211 0.974211 2 2 0
174.966 0.974027 0.974027 2 2 0
174.766 0.973842 0.973842 2 2 0
174.566 0.973656 0.973656 2 2 0
174.366 0.973468 0.973468 2 2 0
174.166 0.973279 0.973279 2 2 0
173.966 0.973089 0.973089 2 2 0
173.766 0.972897 0.972897 2 2 0
173.566 0.972704 0.972704 2 2 0
173.366 0.97251 0.97251 2 2 0
173.166 0.972314 0.972314 2 2 0
172.966 0.972117 0.972117 2 2 0
172.766 0.971918 0.971918 2 2 0
172.566 0.971719 0.971719 2 2 0
172.366 0.971517 0.971517 2 2 0
172.166 0.971315 0.971315 2 2 0
171.966 0.971111 0.971111 2 2 0
171.766 0.970905 0.970905 2 2 0
171.566 0.970698 0.970698 2 2 0
171.366 0.97049 0.97049 2 2 0
171.166 0.97028 0.97028 2 2 0
170.966 0.970069 0.970069 2 2 0
170.766 0.969856 0.969856 2 2 0
170.566 0.969642 0.969642 2 2 0
170.366 0.969426 0.969426 2 2 0
170.166 0.969209 0.969209 2 2 0
169.966 0.96899 0.96899 2 2 0
169.766 0.96877 0.96877 2 2 0
169.566 0.968548 0.968548 2 2 0
169.366 0.968325 0.968325 2 2 0
169.166 0.9681 0.9681 2 2 0
168.966 0.967873 0.967873 2 2 0
168.766 0.967645 0.967645 2 2 0
168.566 0.967416 0.967416 2 2 0
168.366 0.967185 0.967185 2 2 0
168.166 0.966952 0.966952 2 2 0
167.966 0.966717 0.966717 2 2 0
167.766 0.966481 0.966481 2 2 0
167.566 0.966244 0.966244 2 2 0
167.366 0.966004 0.966004 2 2 0
167.166 0.965763 0.965763 2 2 0
166.966 0.965521 0.965521 2 2 0
166.766 0.965276 0.965276 2 2 0
166.566 0.96503 0.96503 2 2 0
166.366 0.964782 0.964782 2 2 0
203.305 0.0726102 0.0726102 2 2 0
203.332 0.0724091 0.0724091 2 2 0
203.352 0.0723484 0.0723484 1 2 0
203.374 0.0722953 0.0722953 1 2 0
203.418 0.0722115 0.0722115 1 2 0
203.484 0.0721125 0.0721125 1 2 0
203.583 0.0719947 0.0719947 1 2 0
203.731 0.0718536 0.0718536 1 2 0
203.931 0.0716998 0.0716998 1 2 0
204.131 0.0715704 0.0715704 1 2 0
204.331 0.0714569 0.0714569 1 2 0
204.531 0.0713548 0.0713548 1 2 0
204.731 0.0712615 0.0712615 1 2 0
204.931 0.0711752 0.0711752 1 2 0
205.131 0.0710945 0.0710945 1 2 0
205.331 0.0710187 0.0710187 1 2 0
205.531 0.0709469 0.0709469 1 2 0
205.731 0.0708788 0.0708788 1 2 0
205.931 0.0708138 0.0708138 1 2 0
206.131 0.0707516 0.0707516 1 2 0
206.331 0.0706919 0.0706919 1 2 0
206.531 0.0706344 0.0706344 1 2 0
206.731 0.070579 0.070579 1 2 0
206.931 0.0705256 0.0705256 1 2 0
207.131 0.0704738 0.0704738 1 2 0
207.331 0.0704236 0.0704236 1 2 0
207.531 0.070375 0.070375 1 2 0
207.731 0.0703277 0.0703277 1 2 0
207.931 0.0702817 0.0702817 1 2 0
208.131 0.0702369 0.0702369 1 2 0
208.331 0.0701933 0.0701933 1 2 0
208.531 0.0701507 0.0701507 1 2 0
208.731 0.0701091 0.0701091 1 2 0
208.931 0.0700685 0.0700685 1 2 0
209.131 0.0700288 0.0700288 1 2 0
209.331 0.06999 0.06999 1 2 0
209.531 0.069952 0.069952 1 2 0
209.731 0.0699147 0.0699147 1 2 0
209.931 0.0698782 0.0698782 1 2 0
210.131 0.0698425 0.0698425 1 2 0
210.331 0.0698074 0.0698074 1 2 0
210.531 0.0697729 0.0697729 1 2 0
210.731 0.0697391 0.0697391 1 2 0
210.931 0.0697059 0.0697059 1 2 0
211.131 0.0696732 0.0696732 1 2 0
211.331 0.0696411 0.0696411 1 2 0
211.531 0.0696096 0.0696096 1 2 0
211.731 0.0695786 0.0695786 1 2 0
211.931 0.0695481 0.0695481 1 2 0
212.131 0.069518 0.069518 1 2 0
212.331 0.0694884 0.0694884 1 2 0
212.531 0.0694593 0.0694593 1 2 0
212.731 0.0694306 0.0694306 1 2 0
212.931 0.0694024 0.0694024 1 2 0
213.131 0.0693745 0.0693745 1 2 0
213.331 0.0693471 0.0693471 1 2 0
213.531 0.06932 0.06932 1 2 0
213.731 0.0692933 0.0692933 1 2 0
213.931 0.069267 0.069267 1 2 0
214.131 0.069241 0.069241 1 2 0
214.331 0.0692154 0.0692154 1 2 0
214.531 0.0691901 0.0691901 1 2 0
214.731 0.0691651 0.0691651 1 2 0
214.931 0.0691405 0.0691405 1 2 0
215.131 0.0691162 0.0691162 1 2 0
215.331 0.0690921 0.0690921 1 2 0
215.531 0.0690684 0.0690684 1 2 0
215.731 0.069045 0.069045 1 2 0
215.931 0.0690218 0.0690218 1 2 0
216.131 0.0689989 0.0689989 1 2 0
216.331 0.0689763 0.0689763 1 2 0
216.531 0.0689539 0.0689539 1 2 0
216.731 0.0689318 0.0689318 1 2 0
216.931 0.06891 0.06891 1 2 0
217.131 0.0688884 0.0688884 1 2 0
217.331 0.068867 0.068867 1 2 0
217.531 0.0688459 0.0688459 1 2 0
217.731 0.068825 0.068825 1 2 0
217.931 0.0688043 0.0688043 1 2 0
218.131 0.0687839 0.0687839 1 2 0
218.331 0.0687637 0.0687637 1 2 0
218.531 0.0687436 0.0687436 1 2 0
218.731 0.0687238 0.0687238 1 2 0
218.931 0.0687042 0.0687042 1 2 0
219.131 0.0686848 0.0686848 1 2 0
219.331 0.0686656 0.0686656 1 2 0
219.531 0.0686466 0.0686466 1 2 0
219.731 0.0686278 0.0686278 1 2 0
219.931 0.0686091 0.0686091 1 2 0
220.131 0.0685907 0.0685907 1 2 0
220.331 0.0685724 0.0685724 1 2 0
220.531 0.0685543 0.0685543 1 2 0
220.731 0.0685363 0.0685363 1 2 0
220.931 0.0685186 0.0685186 1 2 0
221.131 0.068501 0.068501 1 2 0
221.331 0.0684836 0.0684836 1 2 0
221.531 0.0684663 0.0684663 1 2 0
221.731 0.0684492 0.0684492 1 2 0
221.931 0.0684322 0.0684322 1 2 0
222.131 0.0684154 0.0684154 1 2 0
222.331 0.0683988 0.0683988 1 2 0
222.531 0.0683823 0.0683823 1 2 0
222.731 0.0683659 0.0683659 1 2 0
222.931 0.0683497 0.0683497 1 2 0
223.131 0.0683337 0.0683337 1 2 0
223.331 0.0683177 0.0683177 1 2 0
223.531 0.068302 0.068302 1 2 0
223.731 0.0682863 0.0682863 1 2 0
223.931 0.0682708 0.0682708 1 2 0
224.131 0.0682554 0.0682554 1 2 0
224.331 0.0682401 0.0682401 1 2 0
224.531 0.068225 0.068225 1 2 0
224.731 0.06821 0.06821 1 2 0
224.931 0.0681951 0.0681951 1 2 0
225.131 0.0681804 0.0681804 1 2 0
225.331 0.0681658 0.0681658 1 2 0
225.531 0.0681512 0.0681512 1 2 0
225.731 0.0681368 0.0681368 1 2 0
225.931 0.0681226 0.0681226 1 2 0
226.131 0.0681084 0.0681084 1 2 0
226.331 0.0680943 0.0680943 1 2 0
226.531 0.0680804 0.0680804 1 2 0
226.731 0.0680666 0.0680666 1 2 0
226.931 0.0680528 0.0680528 1 2 0
227.131 0.0680392 0.0680392 1 2 0
227.331 0.0680257 0.0680257 1 2 0
227.531 0.0680123 0.0680123 1 2 0
227.731 0.067999 0.067999 1 2 0
227.931 0.0679858 0.0679858 1 2 0
228.131 0.0679727 0.0679727 1 2 0
228.331 0.0679597 0.0679597 1 2 0
228.531 0.0679468 0.0679468 1 2 0
228.731 0.067934 0.067934 1 2 0
228.931 0.0679213 0.0679213 1 2 0
229.131 0.0679087 0.0679087 1 2 0
229.331 0.0678961 0.0678961 1 2 0
229.531 0.0678837 0.0678837 1 2 0
229.731 0.0678714 0.0678714 1 2 0
229.931 0.0678591 0.0678591 1 2 0
230.131 0.067847 0.067847 1 2 0
230.331 0.0678349 0.0678349 1 2 0
230.531 0.0678229 0.0678229 1 2 0
230.731 0.067811 0.067811 1 2 0
230.931 0.0677992 0.0677992 1 2 0
231.131 0.0677874 0.0677874 1 2 0
231.331 0.0677758 0.0677758 1 2 0
231.531 0.0677642 0.0677642 1 2 0
231.731 0.0677527 0.0677527 1 2 0
231.931 0.0677413 0.0677413 1 2 0
232.131 0.06773 0.06773 1 2 0
232.331 0.0677188 0.0677188 1 2 0
232.531 0.0677076 0.0677076 1 2 0
232.731 0.0676965 0.0676965 1 2 0
232.931 0.0676855 0.0676855 1 2 0
233.131 0.0676745 0.0676745 1 2 0
233.331 0.0676637 0.0676637 1 2 0
233.531 0.0676529 0.0676529 1 2 0
233.731 0.0676421 0.0676421 1 2 0
233.931 0.0676315 0.0676315 1 2 0
234.131 0.0676209 0.0676209 1 2 0
234.331 0.0676104 0.0676104 1 2 0
234.531 0.0676 0.0676 1 2 0
234.731 0.0675896 0.0675896 1 2 0
234.931 0.0675793 0.0675793 1 2 0
235.131 0.0675691 0.0675691 1 2 0
235.331 0.0675589 0.0675589 1 2 0
235.531 0.0675488 0.0675488 1 2 0
235.731 0.0675388 0.0675388 1 2 0
235.931 0.0675288 0.0675288 1 2 0
236.131 0.0675189 0.0675189 1 2 0
236.331 0.0675091 0.0675091 1 2 0
236.531 0.0674993 0.0674993 1 2 0
236.731 0.0674896 0.0674896 1 2 0
236.931 0.0674799 0.0674799 1 2 0
237.131 0.0674703 0.0674703 1 2 0
237.331 0.0674608 0.0674608 1 2 0
237.531 0.0674513 0.0674513 1 2 0
237.731 0.0674419 0.0674419 1 2 0
237.931 0.0674326 0.0674326 1 2 0
238.131 0.0674233 0.0674233 1 2 0
238.331 0.067414 0.067414 1 2 0
238.531 0.0674048 0.0674048 1 2 0
238.731 0.0673957 0.0673957 1 2 0
238.931 0.0673867 0.0673867 1 2 0
239.131 0.0673776 0.0673776 1 2 0
239.331 0.0673687 0.0673687 1 2 0
239.531 0.0673598 0.0673598 1 2 0
239.731 0.0673509 0.0673509 1 2 0
239.931 0.0673422 0.0673422 1 2 0
240.131 0.0673334 0.0673334 1 2 0
240.331 0.0673247 0.0673247 1 2 0
240.531 0.0673161 0.0673161 1 2 0
240.731 0.0673075 0.0673075 1 2 0
240.931 0.067299 0.067299 1 2 0
241.131 0.0672905 0.0672905 1 2 0
241.331 0.0672821 0.0672821 1 2 0
241.531 0.0672737 0.0672737 1 2 0
241.731 0.0672654 0.0672654 1 2 0
241.931 0.0672571 0.0672571 1 2 0
242.131 0.0672489 0.0672489 1 2 0
214.232 0.0766234 0.0766234 2 1 0
214.192 0.076616 0.076616 2 1 0
214.152 0.0766085 0.0766085 2 1 0
214.072 0.0765936 0.0765936 2 1 0
213.912 0.0765637 0.0765637 2 1 0
213.712 0.0765258 0.0765258 2 1 0
213.512 0.0764876 0.0764876 2 1 0
213.312 0.076449 0.076449 2 1 0
213.112 0.07641 0.07641 2 1 0
212.912 0.0763706 0.0763706 2 1 0
212.712 0.0763307 0.0763307 2 1 0
212.512 0.0762904 0.0762904 2 1 0
212.312 0.0762496 0.0762496 2 1 0
212.112 0.0762084 0.0762084 2 1 0
211.912 0.0761667 0.0761667 2 1 0
211.712 0.0761244 0.0761244 2 1 0
211.512 0.0760817 0.0760817 2 1 0
211.312 0.0760384 0.0760384 2 1 0
211.112 0.0759945 0.0759945 2 1 0
210.912 0.07595 0.07595 2 1 0
210.712 0.075905 0.075905 2 1 0
210.512 0.0758593 0.0758593 2 1 0
210.312 0.075813 0.075813 2 1 0
210.112 0.075766 0.075766 2 1 0
209.912 0.0757183 0.0757183 2 1 0
209.712 0.0756698 0.0756698 2 1 0
209.512 0.0756206 0.0756206 2 1 0
209.312 0.0755706 0.0755706 2 1 0
209.112 0.0755197 0.0755197 2 1 0
208.912 0.0754679 0.0754679 2 1 0
208.712 0.0754152 0.0754152 2 1 0
208.512 0.0753615 0.0753615 2 1 0
208.312 0.0753068 0.0753068 2 1 0
208.112 0.075251 0.075251 2 1 0
207.912 0.075194 0.075194 2 1 0
207.712 0.0751358 0.0751358 2 1 0
207.512 0.0750763 0.0750763 2 1 0
207.312 0.0750153 0.0750153 2 1 0
207.112 0.0749528 0.0749528 2 1 0
206.912 0.0748887 0.0748887 2 1 0
206.712 0.0748228 0.0748228 2 1 0
206.512 0.074755 0.074755 2 1 0
206.312 0.0746851 0.0746851 2 1 0
206.112 0.0746129 0.0746129 2 1 0
205.912 0.0745381 0.0745381 2 1 0
205.712 0.0744604 0.0744604 2 1 0
205.512 0.0743796 0.0743796 2 1 0
205.312 0.0742951 0.0742951 2 1 0
205.112 0.0742064 0.0742064 2 1 0
204.912 0.0741128 0.0741128 2 1 0
204.712 0.0740134 0.0740134 2 1 0
204.512 0.0739069 0.0739069 2 1 0
204.312 0.0737914 0.0737914 2 1 0
204.112 0.0736641 0.0736641 2 1 0
203.912 0.0735202 0.0735202 2 1 0
203.712 0.0733508 0.0733508 2 1 0
203.512 0.0731325 0.0731325 2 1 0
203.312 0.0726958 0.0726958 2 1 0
203.306 0.0726347 0.0726347 2 1 0
203.306 0.0726207 0.0726207 2 1 0
203.305 0.0725816 0.0725816 1 1 0
203.306 0.0725649 0.0725649 1 1 0
203.307 0.0725453 0.0725453 1 1 0
203.309 0.0725222 0.0725222 1 1 0
203.313 0.0724954 0.0724954 1 1 0
203.32 0.072457 0.072457 1 1 0
203.33 0.0724131 0.0724131 1 1 0
203.351 0.0723489 0.0723489 1 1 0
203.383 0.0722756 0.0722756 1 1 0
203.431 0.0721901 0.0721901 1 1 0
203.502 0.0720888 0.0720888 1 1 0
203.609 0.0719677 0.0719677 1 1 0
203.769 0.0718222 0.0718222 1 1 0
203.969 0.071674 0.071674 1 1 0
204.169 0.071548 0.071548 1 1 0
204.369 0.071437 0.071437 1 1 0
204.569 0.0713367 0.0713367 1 1 0
204.769 0.0712448 0.0712448 1 1 0
204.969 0.0711596 0.0711596 1 1 0
205.169 0.0710799 0.0710799 1 1 0
205.369 0.0710049 0.0710049 1 1 0
205.569 0.0709339 0.0709339 1 1 0
205.769 0.0708663 0.0708663 1 1 0
205.969 0.0708019 0.0708019 1 1 0
206.169 0.0707401 0.0707401 1 1 0
206.369 0.0706809 0.0706809 1 1 0
206.569 0.0706239 0.0706239 1 1 0
206.769 0.0705688 0.0705688 1 1 0
206.969 0.0705157 0.0705157 1 1 0
207.169 0.0704643 0.0704643 1 1 0
207.369 0.0704144 0.0704144 1 1 0
207.569 0.070366 0.070366 1 1 0
207.769 0.070319 0.070319 1 1 0
207.969 0.0702732 0.0702732 1 1 0
208.169 0.0702286 0.0702286 1 1 0
208.369 0.0701852 0.0701852 1 1 0
208.569 0.0701428 0.0701428 1 1 0
208.769 0.0701014 0.0701014 1 1 0
208.969 0.070061 0.070061 1 1 0
209.169 0.0700215 0.0700215 1 1 0
209.369 0.0699828 0.0699828 1 1 0
209.569 0.0699449 0.0699449 1 1 0
209.769 0.0699078 0.0699078 1 1 0
209.969 0.0698715 0.0698715 1 1 0
210.169 0.0698358 0.0698358 1 1 0
210.369 0.0698008 0.0698008 1 1 0
210.569 0.0697665 0.0697665 1 1 0
210.769 0.0697328 0.0697328 1 1 0
210.969 0.0696997 0.0696997 1 1 0
211.169 0.0696672 0.0696672 1 1 0
211.369 0.0696352 0.0696352 1 1 0
211.569 0.0696037 0.0696037 1 1 0
211.769 0.0695728 0.0695728 1 1 0
211.969 0.0695424 0.0695424 1 1 0
212.169 0.0695124 0.0695124 1 1 0
212.369 0.0694829 0.0694829 1 1 0
212.569 0.0694539 0.0694539 1 1 0
212.769 0.0694253 0.0694253 1 1 0
212.969 0.0693971 0.0693971 1 1 0
213.169 0.0693693 0.0693693 1 1 0
213.369 0.0693419 0.0693419 1 1 0
213.569 0.0693149 0.0693149 1 1 0
213.769 0.0692883 0.0692883 1 1 0
213.969 0.0692621 0.0692621 1 1 0
214.169 0.0692362 0.0692362 1 1 0
214.369 0.0692106 0.0692106 1 1 0
214.569 0.0691854 0.0691854 1 1 0
214.769 0.0691605 0.0691605 1 1 0
214.969 0.0691359 0.0691359 1 1 0
215.169 0.0691116 0.0691116 1 1 0
215.369 0.0690876 0.0690876 1 1 0
215.569 0.069064 0.069064 1 1 0
215.769 0.0690406 0.0690406 1 1 0
215.969 0.0690175 0.0690175 1 1 0
216.169 0.0689946 0.0689946 1 1 0
216.369 0.0689721 0.0689721 1 1 0
216.569 0.0689498 0.0689498 1 1 0
216.769 0.0689277 0.0689277 1 1 0
216.969 0.0689059 0.0689059 1 1 0
217.169 0.0688844 0.0688844 1 1 0
217.369 0.068863 0.068863 1 1 0
217.569 0.068842 0.068842 1 1 0
217.769 0.0688211 0.0688211 1 1 0
217.969 0.0688005 0.0688005 1 1 0
218.169 0.0687801 0.0687801 1 1 0
218.369 0.0687599 0.0687599 1 1 0
218.569 0.0687399 0.0687399 1 1 0
218.769 0.0687201 0.0687201 1 1 0
218.969 0.0687006 0.0687006 1 1 0
219.169 0.0686812 0.0686812 1 1 0
219.369 0.068662 0.068662 1 1 0
219.569 0.068643 0.068643 1 1 0
219.769 0.0686242 0.0686242 1 1 0
219.969 0.0686056 0.0686056 1 1 0
220.169 0.0685872 0.0685872 1 1 0
220.369 0.068569 0.068569 1 1 0
220.569 0.0685509 0.0685509 1 1 0
220.769 0.068533 0.068533 1 1 0
220.969 0.0685153 0.0685153 1 1 0
221.169 0.0684977 0.0684977 1 1 0
221.369 0.0684803 0.0684803 1 1 0
221.569 0.0684631 0.0684631 1 1 0
221.769 0.068446 0.068446 1 1 0
221.969 0.0684291 0.0684291 1 1 0
222.169 0.0684123 0.0684123 1 1 0
222.369 0.0683957 0.0683957 1 1 0
222.569 0.0683792 0.0683792 1 1 0
222.769 0.0683629 0.0683629 1 1 0
222.969 0.0683467 0.0683467 1 1 0
223.169 0.0683307 0.0683307 1 1 0
223.369 0.0683148 0.0683148 1 1 0
223.569 0.068299 0.068299 1 1 0
223.769 0.0682834 0.0682834 1 1 0
223.969 0.0682679 0.0682679 1 1 0
224.169 0.0682525 0.0682525 1 1 0
224.369 0.0682373 0.0682373 1 1 0
224.569 0.0682222 0.0682222 1 1 0
224.769 0.0682072 0.0682072 1 1 0
224.969 0.0681924 0.0681924 1 1 0
225.169 0.0681776 0.0681776 1 1 0
225.369 0.068163 0.068163 1 1 0
225.569 0.0681485 0.0681485 1 1 0
225.769 0.0681341 0.0681341 1 1 0
225.969 0.0681199 0.0681199 1 1 0
226.169 0.0681057 0.0681057 1 1 0
226.369 0.0680917 0.0680917 1 1 0
226.569 0.0680778 0.0680778 1 1 0
226.769 0.068064 0.068064 1 1 0
226.969 0.0680503 0.0680503 1 1 0
227.169 0.0680367 0.0680367 1 1 0
227.369 0.0680232 0.0680232 1 1 0
227.569 0.0680098 0.0680098 1 1 0
227.769 0.0679965 0.0679965 1 1 0
227.969 0.0679833 0.0679833 1 1 0
228.169 0.0679703 0.0679703 1 1 0
228.369 0.0679573 0.0679573 1 1 0
228.569 0.0679444 0.0679444 1 1 0
228.769 0.0679316 0.0679316 1 1 0
228.969 0.0679189 0.0679189 1 1 0
229.169 0.0679063 0.0679063 1 1 0
203.305 0.0725816 0.0725816 2 2 0
203.364 0.0728825 0.0728825 1 2 0
203.385 0.0729278 0.0729278 2 2 0
203.407 0.0729709 0.0729709 2 2 0
203.451 0.0730454 0.0730454 2 2 0
203.539 0.073166 0.073166 2 2 0
203.671 0.0733108 0.0733108 2 2 0
203.869 0.073486 0.073486 2 2 0
204.069 0.0736343 0.0736343 2 2 0
204.269 0.0737647 0.0737647 2 2 0
204.469 0.0738826 0.0738826 2 2 0
204.669 0.0739909 0.0739909 2 2 0
204.869 0.0740917 0.0740917 2 2 0
205.069 0.0741865 0.0741865 2 2 0
205.269 0.0742762 0.0742762 2 2 0
205.469 0.0743615 0.0743615 2 2 0
205.669 0.0744431 0.0744431 2 2 0
205.869 0.0745214 0.0745214 2 2 0
206.069 0.0745968 0.0745968 2 2 0
206.269 0.0746696 0.0746696 2 2 0
206.469 0.07474 0.07474 2 2 0
206.669 0.0748082 0.0748082 2 2 0
206.869 0.0748745 0.0748745 2 2 0
207.069 0.074939 0.074939 2 2 0
207.269 0.0750018 0.0750018 2 2 0
207.469 0.0750631 0.0750631 2 2 0
207.669 0.075123 0.075123 2 2 0
207.869 0.0751815 0.0751815 2 2 0
208.069 0.0752387 0.0752387 2 2 0
208.269 0.0752948 0.0752948 2 2 0
208.469 0.0753497 0.0753497 2 2 0
208.669 0.0754036 0.0754036 2 2 0
208.869 0.0754565 0.0754565 2 2 0
209.069 0.0755085 0.0755085 2 2 0
209.269 0.0755596 0.0755596 2 2 0
209.469 0.0756098 0.0756098 2 2 0
209.669 0.0756592 0.0756592 2 2 0
209.869 0.0757078 0.0757078 2 2 0
210.069 0.0757556 0.0757556 2 2 0
210.269 0.0758028 0.0758028 2 2 0
210.469 0.0758493 0.0758493 2 2 0
210.669 0.0758951 0.0758951 2 2 0
210.869 0.0759403 0.0759403 2 2 0
211.069 0.0759849 0.0759849 2 2 0
211.269 0.0760288 0.0760288 2 2 0
211.469 0.0760723 0.0760723 2 2 0
211.669 0.0761152 0.0761152 2 2 0
211.869 0.0761575 0.0761575 2 2 0
212.069 0.0761994 0.0761994 2 2 0
212.269 0.0762407 0.0762407 2 2 0
212.469 0.0762816 0.0762816 2 2 0
212.669 0.076322 0.076322 2 2 0
212.869 0.0763619 0.0763619 2 2 0
213.069 0.0764015 0.0764015 2 2 0
213.269 0.0764406 0.0764406 2 2 0
213.469 0.0764793 0.0764793 2 2 0
213.669 0.0765175 0.0765175 2 2 0
213.869 0.0765554 0.0765554 2 2 0
214.069 0.076593 0.076593 2 2 0
214.269 0.0766301 0.0766301 2 2 0
214.469 0.0766669 0.0766669 2 2 0
214.669 0.0767034 0.0767034 2 2 0
214.869 0.0767394 0.0767394 2 2 0
215.069 0.0767752 0.0767752 2 2 0
215.269 0.0768106 0.0768106 2 2 0
215.469 0.0768458 0.0768458 2 2 0
215.669 0.0768806 0.0768806 2 2 0
215.869 0.0769151 0.0769151 2 2 0
216.069 0.0769493 0.0769493 2 2 0
216.269 0.0769832 0.0769832 2 2 0
216.469 0.0770168 0.0770168 2 2 0
216.669 0.0770502 0.0770502 2 2 0
216.869 0.0770833 0.0770833 2 2 0
217.069 0.0771161 0.0771161 2 2 0
217.269 0.0771486 0.0771486 2 2 0
217.469 0.0771809 0.0771809 2 2 0
217.669 0.077213 0.077213 2 2 0
217.869 0.0772447 0.0772447 2 2 0
218.069 0.0772763 0.0772763 2 2 0
218.269 0.0773076 0.0773076 2 2 0
218.469 0.0773387 0.0773387 2 2 0
218.669 0.0773695 0.0773695 2 2 0
218.869 0.0774002 0.0774002 2 2 0
219.069 0.0774306 0.0774306 2 2 0
219.269 0.0774608 0.0774608 2 2 0
219.469 0.0774907 0.0774907 2 2 0
219.669 0.0775205 0.0775205 2 2 0
219.869 0.0775501 0.0775501 2 2 0
220.069 0.0775794 0.0775794 2 2 0
220.269 0.0776086 0.0776086 2 2 0
220.469 0.0776375 0.0776375 2 2 0
220.669 0.0776663 0.0776663 2 2 0
220.869 0.0776949 0.0776949 2 2 0
221.069 0.0777233 0.0777233 2 2 0
221.268 0.0777515 0.0777515 2 2 0
221.468 0.0777795 0.0777795 2 2 0
221.668 0.0778073 0.0778073 2 2 0
221.868 0.077835 0.077835 2 2 0
222.068 0.0778625 0.0778625 2 2 0
222.268 0.0778898 0.0778898 2 2 0
222.468 0.077917 0.077917 2 2 0
222.668 0.077944 0.077944 2 2 0
222.868 0.0779708 0.0779708 2 2 0
223.068 0.0779974 0.0779974 2 2 0
223.268 0.078024 0.078024 2 2 0
223.468 0.0780503 0.0780503 2 2 0
223.668 0.0780765 0.0780765 2 2 0
223.868 0.0781025 0.0781025 2 2 0
224.068 0.0781284 0.0781284 2 2 0
224.268 0.0781542 0.0781542 2 2 0
224.468 0.0781798 0.0781798 2 2 0
224.668 0.0782052 0.0782052 2 2 0
224.868 0.0782305 0.0782305 2 2 0
225.068 0.0782557 0.0782557 2 2 0
225.268 0.0782807 0.0782807 2 2 0
225.468 0.0783056 0.0783056 2 2 0
225.668 0.0783304 0.0783304 2 2 0
225.868 0.078355 0.078355 2 2 0
226.068 0.0783795 0.0783795 2 2 0
226.268 0.0784038 0.0784038 2 2 0
226.468 0.0784281 0.0784281 2 2 0
226.668 0.0784521 0.0784521 2 2 0
226.868 0.0784761 0.0784761 2 2 0
227.068 0.0785 0.0785 2 2 0
227.268 0.0785237 0.0785237 2 2 0
227.468 0.0785473 0.0785473 2 2 0
227.668 0.0785708 0.0785708 2 2 0
227.868 0.0785941 0.0785941 2 2 0
228.068 0.0786174 0.0786174 2 2 0
228.268 0.0786405 0.0786405 2 2 0
228.468 0.0786635 0.0786635 2 2 0
228.668 0.0786864 0.0786864 2 2 0
228.868 0.0787092 0.0787092 2 2 0
229.068 0.0787319 0.0787319 2 2 0
229.268 0.0787544 0.0787544 2 2 0
229.468 0.0787769 0.0787769 2 2 0
229.668 0.0787992 0.0787992 2 2 0
229.868 0.0788214 0.0788214 2 2 0
230.068 0.0788436 0.0788436 2 2 0
230.268 0.0788656 0.0788656 2 2 0
230.468 0.0788875 0.0788875 2 2 0
230.668 0.0789093 0.0789093 2 2 0
230.868 0.0789311 0.0789311 2 2 0
231.068 0.0789527 0.0789527 2 2 0
231.268 0.0789742 0.0789742 2 2 0
231.468 0.0789956 0.0789956 2 2 0
231.668 0.0790169 0.0790169 2 2 0
231.868 0.0790381 0.0790381 2 2 0
232.068 0.0790593 0.0790593 2 2 0
232.268 0.0790803 0.0790803 2 2 0
232.468 0.0791012 0.0791012 2 2 0
232.668 0.0791221 0.0791221 2 2 0
232.868 0.0791428 0.0791428 2 2 0
233.068 0.0791635 0.0791635 2 2 0
233.268 0.0791841 0.0791841 2 2 0
233.468 0.0792045 0.0792045 2 2 0
233.668 0.0792249 0.0792249 2 2 0
233.868 0.0792452 0.0792452 2 2 0
234.068 0.0792654 0.0792654 2 2 0
234.268 0.0792856 0.0792856 2 2 0
234.468 0.0793056 0.0793056 2 2 0
234.668 0.0793255 0.0793255 2 2 0
234.868 0.0793454 0.0793454 2 2 0
235.068 0.0793652 0.0793652 2 2 0
235.268 0.0793849 0.0793849 2 2 0
235.468 0.0794045 0.0794045 2 2 0
235.668 0.0794241 0.0794241 2 2 0
235.868 0.0794435 0.0794435 2 2 0
236.068 0.0794629 0.0794629 2 2 0
236.268 0.0794822 0.0794822 2 2 0
236.468 0.0795014 0.0795014 2 2 0
236.668 0.0795206 0.0795206 2 2 0
236.868 0.0795396 0.0795396 2 2 0
237.068 0.0795586 0.0795586 2 2 0
237.268 0.0795775 0.0795775 2 2 0
237.468 0.0795964 0.0795964 2 2 0
237.668 0.0796151 0.0796151 2 2 0
237.868 0.0796338 0.0796338 2 2 0
238.068 0.0796524 0.0796524 2 2 0
238.268 0.079671 0.079671 2 2 0
238.468 0.0796894 0.0796894 2 2 0
238.668 0.0797078 0.0797078 2 2 0
238.868 0.0797261 0.0797261 2 2 0
239.068 0.0797444 0.0797444 2 2 0
239.268 0.0797626 0.0797626 2 2 0
239.468 0.0797807 0.0797807 2 2 0
239.668 0.0797987 0.0797987 2 2 0
239.868 0.0798167 0.0798167 2 2 0
240.068 0.0798346 0.0798346 2 2 0
240.268 0.0798524 0.0798524 2 2 0
240.468 0.0798702 0.0798702 2 2 0
240.668 0.0798879 0.0798879 2 2 0
240.868 0.0799055 0.0799055 2 2 0
241.068 0.0799231 0.0799231 2 2 0
241.268 0.0799406 0.0799406 2 2 0
241.468 0.079958 0.079958 2 2 0
241.668 0.0799754 0.0799754 2 2 0
241.868 0.0799927 0.0799927 2 2 0
242.068 0.08001 0.08001 2 2 0
242.268 0.0800272 0.0800272 2 2 0
203.305 0.0725816 0.0725816 2 2 0
199.85 0.989316 0.989316 2 2 0
199.829 0.989308 0.989308 2 2 0
199.823 0.989305 0.989305 2 2 0
199.813 0.989301 0.989301 2 2 0
199.793 0.989294 0.989294 2 2 0
199.753 0.989278 0.989278 2 2 0
199.673 0.989248 0.989248 2 2 0
199.513 0.989186 0.989186 2 2 0
199.313 0.989108 0.989108 2 2 0
199.113 0.98903 0.98903 2 2 0
198.913 0.988951 0.988951 2 2 0
198.713 0.988871 0.988871 2 2 0
198.513 0.988791 0.988791 2 2 0
198.313 0.988711 0.988711 2 2 0
198.113 0.98863 0.98863 2 2 0
197.913 0.988548 0.988548 2 2 0
197.713 0.988466 0.988466 2 2 0
197.513 0.988383 0.988383 2 2 0
197.313 0.988299 0.988299 2 2 0
197.113 0.988215 0.988215 2 2 0
196.913 0.98813 0.98813 2 2 0
196.713 0.988045 0.988045 2 2 0
196.513 0.987959 0.987959 2 2 0
196.313 0.987873 0.987873 2 2 0
196.113 0.987785 0.987785 2 2 0
195.913 0.987698 0.987698 2 2 0
195.713 0.987609 0.987609 2 2 0
195.513 0.98752 0.98752 2 2 0
195.313 0.987431 0.987431 2 2 0
195.113 0.98734 0.98734 2 2 0
194.913 0.987249 0.987249 2 2 0
194.713 0.987158 0.987158 2 2 0
194.513 0.987065 0.987065 2 2 0
194.313 0.986973 0.986973 2 2 0
194.113 0.986879 0.986879 2 2 0
193.913 0.986785 0.986785 2 2 0
193.713 0.98669 0.98669 2 2 0
193.513 0.986594 0.986594 2 2 0
193.313 0.986498 0.986498 2 2 0
193.113 0.986401 0.986401 2 2 0
192.913 0.986303 0.986303 2 2 0
192.713 0.986205 0.986205 2 2 0
192.513 0.986106 0.986106 2 2 0
192.313 0.986006 0.986006 2 2 0
192.113 0.985906 0.985906 2 2 0
191.913 0.985805 0.985805 2 2 0
191.713 0.985703 0.985703 2 2 0
191.513 0.9856 0.9856 2 2 0
191.313 0.985497 0.985497 2 2 0
191.113 0.985393 0.985393 2 2 0
190.913 0.985288 0.985288 2 2 0
190.713 0.985182 0.985182 2 2 0
190.513 0.985076 0.985076 2 2 0
190.313 0.984969 0.984969 2 2 0
190.113 0.984861 0.984861 2 2 0
189.913 0.984753 0.984753 2 2 0
189.713 0.984643 0.984643 2 2 0
189.513 0.984533 0.984533 2 2 0
189.313 0.984422 0.984422 2 2 0
189.113 0.98431 0.98431 2 2 0
188.913 0.984198 0.984198 2 2 0
188.713 0.984085 0.984085 2 2 0
188.513 0.98397 0.98397 2 2 0
188.313 0.983855 0.983855 2 2 0
188.113 0.98374 0.98374 2 2 0
187.913 0.983623 0.983623 2 2 0
187.713 0.983506 0.983506 2 2 0
187.513 0.983388 0.983388 2 2 0
187.313 0.983268 0.983268 2 2 0
187.113 0.983149 0.983149 2 2 0
186.913 0.983028 0.983028 2 2 0
186.713 0.982906 0.982906 2 2 0
186.513 0.982784 0.982784 2 2 0
186.313 0.98266 0.98266 2 2 0
186.113 0.982536 0.982536 2 2 0
185.913 0.982411 0.982411 2 2 0
185.713 0.982285 0.982285 2 2 0
185.513 0.982158 0.982158 2 2 0
185.313 0.98203 0.98203 2 2 0
185.113 0.981902 0.981902 2 2 0
184.913 0.981772 0.981772 2 2 0
184.713 0.981641 0.981641 2 2 0
184.513 0.98151 0.98151 2 2 0
184.313 0.981378 0.981378 2 2 0
184.113 0.981244 0.981244 2 2 0
183.913 0.98111 0.98111 2 2 0
183.713 0.980975 0.980975 2 2 0
183.513 0.980839 0.980839 2 2 0
183.313 0.980702 0.980702 2 2 0
183.113 0.980563 0.980563 2 2 0
182.913 0.980424 0.980424 2 2 0
182.713 0.980284 0.980284 2 2 0
182.513 0.980143 0.980143 2 2 0
182.313 0.980001 0.980001 2 2 0
182.113 0.979858 0.979858 2 2 0
181.913 0.979714 0.979714 2 2 0
181.713 0.979569 0.979569 2 2 0
181.513 0.979423 0.979423 2 2 0
181.313 0.979276 0.979276 2 2 0
181.113 0.979128 0.979128 2 2 0
180.913 0.978978 0.978978 2 2 0
180.713 0.978828 0.978828 2 2 0
180.513 0.978677 0.978677 2 2 0
180.313 0.978524 0.978524 2 2 0
180.113 0.978371 0.978371 2 2 0
179.913 0.978216 0.978216 2 2 0
179.713 0.978061 0.978061 2 2 0
179.513 0.977904 0.977904 2 2 0
179.313 0.977746 0.977746 2 2 0
179.113 0.977587 0.977587 2 2 0
178.913 0.977427 0.977427 2 2 0
178.713 0.977266 0.977266 2 2 0
178.513 0.977104 0.977104 2 2 0
178.313 0.97694 0.97694 2 2 0
178.113 0.976775 0.976775 2 2 0
177.913 0.97661 0.97661 2 2 0
177.713 0.976443 0.976443 2 2 0
177.513 0.976275 0.976275 2 2 0
177.313 0.976105 0.976105 2 2 0
177.113 0.975935 0.975935 2 2 0
176.913 0.975763 0.975763 2 2 0
176.713 0.97559 0.97559 2 2 0
176.513 0.975416 0.975416 2 2 0
176.313 0.975241 0.975241 2 2 0
176.113 0.975064 0.975064 2 2 0
175.913 0.974886 0.974886 2 2 0
175.713 0.974707 0.974707 2 2 0
175.513 0.974527 0.974527 2 2 0
175.313 0.974345 0.974345 2 2 0
175.113 0.974162 0.974162 2 2 0
174.913 0.973978 0.973978 2 2 0
174.713 0.973793 0.973793 2 2 0
174.513 0.973606 0.973606 2 2 0
174.313 0.973418 0.973418 2 2 0
174.113 0.973229 0.973229 2 2 0
173.913 0.973038 0.973038 2 2 0
173.713 0.972846 0.972846 2 2 0
173.513 0.972653 0.972653 2 2 0
173.313 0.972458 0.972458 2 2 0
173.113 0.972262 0.972262 2 2 0
172.913 0.972064 0.972064 2 2 0
172.713 0.971866 0.971866 2 2 0
172.513 0.971665 0.971665 2 2 0
172.313 0.971464 0.971464 2 2 0
172.113 0.971261 0.971261 2 2 0
171.913 0.971056 0.971056 2 2 0
171.713 0.97085 0.97085 2 2 0
171.513 0.970643 0.970643 2 2 0
171.313 0.970434 0.970434 2 2 0
171.113 0.970224 0.970224 2 2 0
170.913 0.970013 0.970013 2 2 0
170.713 0.969799 0.969799 2 2 0
170.513 0.969585 0.969585 2 2 0
170.313 0.969369 0.969369 2 2 0
170.113 0.969151 0.969151 2 2 0
169.913 0.968932 0.968932 2 2 0
169.713 0.968711 0.968711 2 2 0
169.513 0.968489 0.968489 2 2 0
169.313 0.968265 0.968265 2 2 0
169.113 0.96804 0.96804 2 2 0
168.913 0.967813 0.967813 2 2 0
168.713 0.967585 0.967585 2 2 0
168.513 0.967355 0.967355 2 2 0
168.313 0.967123 0.967123 2 2 0
168.113 0.96689 0.96689 2 2 0
167.913 0.966655 0.966655 2 2 0
167.713 0.966418 0.966418 2 2 0
167.513 0.96618 0.96618 2 2 0
167.313 0.96594 0.96594 2 2 0
167.113 0.965699 0.965699 2 2 0
166.913 0.965456 0.965456 2 2 0
166.713 0.965211 0.965211 2 2 0
166.513 0.964965 0.964965 2 2 0
166.313 0.964716 0.964716 2 2 0
166.113 0.964467 0.964467 2 2 0
165.913 0.964215 0.964215 2 2 0
165.713 0.963962 0.963962 2 2 0
165.513 0.963706 0.963706 2 2 0
165.313 0.96345 0.96345 2 2 0
165.113 0.963191 0.963191 2 2 0
164.913 0.96293 0.96293 2 2 0
164.713 0.962668 0.962668 2 2 0
164.513 0.962404 0.962404 2 2 0
164.313 0.962138 0.962138 2 2 0
164.113 0.961871 0.961871 2 2 0
163.913 0.961601 0.961601 2 2 0
163.713 0.96133 0.96133 2 2 0
163.513 0.961056 0.961056 2 2 0
163.313 0.960781 0.960781 2 2 0
163.113 0.960504 0.960504 2 2 0
162.913 0.960225 0.960225 2 2 0
162.713 0.959944 0.959944 2 2 0
162.513 0.959662 0.959662 2 2 0
162.313 0.959377 0.959377 2 2 0
162.113 0.95909 0.95909 2 2 0
161.913 0.958802 0.958802 2 2 0
161.713 0.958511 0.958511 2 2 0
161.513 0.958218 0.958218 2 2 0
161.313 0.957924 0.957924 2 2 0
242.268 0.0800272 0.0800272 2 2 0
242.228 0.0800237 0.0800237 2 2 0
242.188 0.0800203 0.0800203 2 2 0
242.108 0.0800134 0.0800134 2 2 0
241.948 0.0799996 0.0799996 2 2 0
241.748 0.0799824 0.0799824 2 2 0
241.548 0.079965 0.079965 2 2 0
241.348 0.0799476 0.0799476 2 2 0
241.148 0.0799301 0.0799301 2 2 0
240.948 0.0799126 0.0799126 2 2 0
240.748 0.079895 0.079895 2 2 0
240.548 0.0798773 0.0798773 2 2 0
240.348 0.0798595 0.0798595 2 2 0
240.148 0.0798417 0.0798417 2 2 0
239.948 0.0798239 0.0798239 2 2 0
239.748 0.0798059 0.0798059 2 2 0
239.548 0.0797879 0.0797879 2 2 0
239.348 0.0797698 0.0797698 2 2 0
239.148 0.0797517 0.0797517 2 2 0
238.948 0.0797334 0.0797334 2 2 0
238.748 0.0797152 0.0797152 2 2 0
238.548 0.0796968 0.0796968 2 2 0
238.348 0.0796784 0.0796784 2 2 0
238.148 0.0796598 0.0796598 2 2 0
237.948 0.0796413 0.0796413 2 2 0
237.748 0.0796226 0.0796226 2 2 0
237.548 0.0796039 0.0796039 2 2 0
237.348 0.0795851 0.0795851 2 2 0
237.148 0.0795662 0.0795662 2 2 0
236.948 0.0795472 0.0795472 2 2 0
236.748 0.0795282 0.0795282 2 2 0
236.548 0.0795091 0.0795091 2 2 0
236.348 0.0794899 0.0794899 2 2 0
236.148 0.0794706 0.0794706 2 2 0
235.948 0.0794513 0.0794513 2 2 0
235.748 0.0794319 0.0794319 2 2 0
235.548 0.0794124 0.0794124 2 2 0
235.348 0.0793928 0.0793928 2 2 0
235.148 0.0793731 0.0793731 2 2 0
234.948 0.0793533 0.0793533 2 2 0
234.748 0.0793335 0.0793335 2 2 0
234.548 0.0793136 0.0793136 2 2 0
234.348 0.0792936 0.0792936 2 2 0
234.148 0.0792735 0.0792735 2 2 0
233.948 0.0792533 0.0792533 2 2 0
233.748 0.079233 0.079233 2 2 0
233.548 0.0792127 0.0792127 2 2 0
233.348 0.0791923 0.0791923 2 2 0
233.148 0.0791717 0.0791717 2 2 0
232.948 0.0791511 0.0791511 2 2 0
232.748 0.0791304 0.0791304 2 2 0
232.548 0.0791096 0.0791096 2 2 0
232.348 0.0790887 0.0790887 2 2 0
232.148 0.0790677 0.0790677 2 2 0
231.948 0.0790466 0.0790466 2 2 0
231.748 0.0790254 0.0790254 2 2 0
231.548 0.0790041 0.0790041 2 2 0
231.348 0.0789828 0.0789828 2 2 0
231.148 0.0789613 0.0789613 2 2 0
230.948 0.0789397 0.0789397 2 2 0
230.748 0.078918 0.078918 2 2 0
230.548 0.0788963 0.0788963 2 2 0
230.348 0.0788744 0.0788744 2 2 0
230.148 0.0788524 0.0788524 2 2 0
229.948 0.0788303 0.0788303 2 2 0
229.748 0.0788081 0.0788081 2 2 0
229.548 0.0787858 0.0787858 2 2 0
229.348 0.0787634 0.0787634 2 2 0
229.148 0.0787409 0.0787409 2 2 0
228.948 0.0787183 0.0787183 2 2 0
228.748 0.0786955 0.0786955 2 2 0
228.548 0.0786727 0.0786727 2 2 0
228.348 0.0786497 0.0786497 2 2 0
228.148 0.0786266 0.0786266 2 2 0
227.948 0.0786034 0.0786034 2 2 0
227.748 0.0785801 0.0785801 2 2 0
227.548 0.0785567 0.0785567 2 2 0
227.348 0.0785331 0.0785331 2 2 0
227.148 0.0785095 0.0785095 2 2 0
226.948 0.0784857 0.0784857 2 2 0
226.748 0.0784618 0.0784618 2 2 0
226.548 0.0784377 0.0784377 2 2 0
226.348 0.0784135 0.0784135 2 2 0
226.148 0.0783892 0.0783892 2 2 0
225.948 0.0783648 0.0783648 2 2 0
225.748 0.0783402 0.0783402 2 2 0
225.548 0.0783155 0.0783155 2 2 0
225.348 0.0782907 0.0782907 2 2 0
225.148 0.0782657 0.0782657 2 2 0
224.948 0.0782406 0.0782406 2 2 0
224.748 0.0782154 0.0782154 2 2 0
224.548 0.07819 0.07819 2 2 0
224.348 0.0781644 0.0781644 2 2 0
224.148 0.0781387 0.0781387 2 2 0
223.948 0.0781129 0.0781129 2 2 0
223.748 0.0780869 0.0780869 2 2 0
223.548 0.0780608 0.0780608 2 2 0
223.348 0.0780345 0.0780345 2 2 0
223.148 0.0780081 0.0780081 2 2 0
222.948 0.0779815 0.0779815 2 2 0
222.748 0.0779547 0.0779547 2 2 0
222.548 0.0779278 0.0779278 2 2 0
222.348 0.0779007 0.0779007 2 2 0
222.148 0.0778734 0.0778734 2 2 0
221.948 0.077846 0.077846 2 2 0
221.748 0.0778184 0.0778184 2 2 0
221.548 0.0777906 0.0777906 2 2 0
221.348 0.0777627 0.0777627 2 2 0
221.149 0.0777346 0.0777346 2 2 0
220.949 0.0777062 0.0777062 2 2 0
220.749 0.0776777 0.0776777 2 2 0
220.549 0.077649 0.077649 2 2 0
220.349 0.0776202 0.0776202 2 2 0
220.149 0.0775911 0.0775911 2 2 0
219.949 0.0775618 0.0775618 2 2 0
219.749 0.0775323 0.0775323 2 2 0
219.549 0.0775027 0.0775027 2 2 0
219.349 0.0774728 0.0774728 2 2 0
219.149 0.0774427 0.0774427 2 2 0
218.949 0.0774124 0.0774124 2 2 0
218.749 0.0773818 0.0773818 2 2 0
218.549 0.0773511 0.0773511 2 2 0
218.349 0.0773201 0.0773201 2 2 0
218.149 0.0772888 0.0772888 2 2 0
217.949 0.0772574 0.0772574 2 2 0
217.749 0.0772257 0.0772257 2 2 0
217.549 0.0771938 0.0771938 2 2 0
217.349 0.0771616 0.0771616 2 2 0
217.149 0.0771291 0.0771291 2 2 0
216.949 0.0770964 0.0770964 2 2 0
216.749 0.0770634 0.0770634 2 2 0
216.549 0.0770302 0.0770302 2 2 0
216.349 0.0769967 0.0769967 2 2 0
216.149 0.0769629 0.0769629 2 2 0
215.949 0.0769288 0.0769288 2 2 0
215.749 0.0768944 0.0768944 2 2 0
215.549 0.0768597 0.0768597 2 2 0
215.349 0.0768247 0.0768247 2 2 0
215.149 0.0767894 0.0767894 2 2 0
214.949 0.0767538 0.0767538 2 2 0
214.749 0.0767178 0.0767178 2 2 0
214.549 0.0766815 0.0766815 2 2 0
214.349 0.0766449 0.0766449 2 2 0
214.149 0.0766079 0.0766079 2 2 0
213.949 0.0765705 0.0765705 2 2 0
213.749 0.0765328 0.0765328 2 2 0
213.549 0.0764946 0.0764946 2 2 0
213.349 0.0764561 0.0764561 2 2 0
213.149 0.0764172 0.0764172 2 2 0
212.949 0.0763778 0.0763778 2 2 0
212.749 0.076338 0.076338 2 2 0
212.549 0.0762978 0.0762978 2 2 0
212.349 0.0762571 0.0762571 2 2 0
212.149 0.076216 0.076216 2 2 0
211.949 0.0761743 0.0761743 2 2 0
211.749 0.0761322 0.0761322 2 2 0
211.549 0.0760895 0.0760895 2 2 0
211.349 0.0760463 0.0760463 2 2 0
211.149 0.0760025 0.0760025 2 2 0
210.949 0.0759582 0.0759582 2 2 0
210.749 0.0759132 0.0759132 2 2 0
210.549 0.0758677 0.0758677 2 2 0
210.349 0.0758215 0.0758215 2 2 0
210.149 0.0757746 0.0757746 2 2 0
209.949 0.075727 0.075727 2 2 0
209.749 0.0756787 0.0756787 2 2 0
209.549 0.0756296 0.0756296 2 2 0
209.349 0.0755797 0.0755797 2 2 0
209.149 0.075529 0.075529 2 2 0
208.949 0.0754774 0.0754774 2 2 0
208.749 0.0754249 0.0754249 2 2 0
208.549 0.0753714 0.0753714 2 2 0
208.349 0.0753169 0.0753169 2 2 0
208.149 0.0752613 0.0752613 2 2 0
207.949 0.0752045 0.0752045 2 2 0
207.749 0.0751465 0.0751465 2 2 0
207.549 0.0750872 0.0750872 2 2 0
207.349 0.0750265 0.0750265 2 2 0
207.149 0.0749643 0.0749643 2 2 0
206.949 0.0749005 0.0749005 2 2 0
206.749 0.074835 0.074835 2 2 0
206.549 0.0747675 0.0747675 2 2 0
206.349 0.074698 0.074698 2 2 0
206.149 0.0746262 0.0746262 2 2 0
205.949 0.0745519 0.0745519 2 2 0
205.749 0.0744748 0.0744748 2 2 0
205.549 0.0743946 0.0743946 2 2 0
205.349 0.0743108 0.0743108 2 2 0
205.149 0.0742229 0.0742229 2 2 0
204.949 0.0741303 0.0741303 2 2 0
204.749 0.074032 0.074032 2 2 0
204.549 0.0739269 0.0739269 2 2 0
204.349 0.0738132 0.0738132 2 2 0
204.149 0.0736883 0.0736883 2 2 0
203.949 0.073548 0.073548 2 2 0
203.749 0.0733843 0.0733843 2 2 0
203.549 0.0731782 0.0731782 2 2 0
203.349 0.0728413 0.0728413 2 2 0
203.324 0.0727564 0.0727564 2 2 0
203.305 0.0726049 0.0726049 2 2 0
242.268 0.0800272 0.0800272 2 2 0
242.308 0.0800306 0.0800306 2 2 0
242.348 0.080034 0.080034 2 2 0
242.428 0.0800409 0.0800409 2 2 0
242.588 0.0800545 0.0800545 2 2 0
242.788 0.0800715 0.0800715 2 2 0
242.988 0.0800885 0.0800885 2 2 0
243.188 0.0801054 0.0801054 2 2 0
243.388 0.0801222 0.0801222 2 2 0
243.588 0.080139 0.080139 2 2 0
243.788 0.0801557 0.0801557 2 2 0
243.988 0.0801724 0.0801724 2 2 0
244.188 0.080189 0.080189 2 2 0
244.388 0.0802056 0.0802056 2 2 0
244.588 0.080222 0.080222 2 2 0
244.788 0.0802385 0.0802385 2 2 0
244.988 0.0802548 0.0802548 2 2 0
245.188 0.0802711 0.0802711 2 2 0
245.388 0.0802874 0.0802874 2 2 0
245.588 0.0803036 0.0803036 2 2 0
245.788 0.0803197 0.0803197 2 2 0
245.988 0.0803358 0.0803358 2 2 0
246.188 0.0803519 0.0803519 2 2 0
246.388 0.0803678 0.0803678 2 2 0
246.588 0.0803838 0.0803838 2 2 0
246.788 0.0803996 0.0803996 2 2 0
246.988 0.0804154 0.0804154 2 2 0
247.188 0.0804312 0.0804312 2 2 0
247.388 0.0804469 0.0804469 2 2 0
247.588 0.0804626 0.0804626 2 2 0
247.788 0.0804782 0.0804782 2 2 0
247.988 0.0804937 0.0804937 2 2 0
248.188 0.0805092 0.0805092 2 2 0
248.388 0.0805247 0.0805247 2 2 0
248.588 0.0805401 0.0805401 2 2 0
248.788 0.0805554 0.0805554 2 2 0
248.988 0.0805707 0.0805707 2 2 0
249.188 0.080586 0.080586 2 2 0
249.388 0.0806012 0.0806012 2 2 0
249.588 0.0806163 0.0806163 2 2 0
249.788 0.0806314 0.0806314 2 2 0
249.988 0.0806465 0.0806465 2 2 0
250.188 0.0806615 0.0806615 2 2 0
250.388 0.0806764 0.0806764 2 2 0
250.588 0.0806913 0.0806913 2 2 0
250.788 0.0807062 0.0807062 2 2 0
250.988 0.080721 0.080721 2 2 0
251.188 0.0807358 0.0807358 2 2 0
251.388 0.0807505 0.0807505 2 2 0
251.588 0.0807651 0.0807651 2 2 0
251.788 0.0807798 0.0807798 2 2 0
251.988 0.0807943 0.0807943 2 2 0
252.188 0.0808089 0.0808089 2 2 0
252.388 0.0808234 0.0808234 2 2 0
252.588 0.0808378 0.0808378 2 2 0
252.788 0.0808522 0.0808522 2 2 0
252.988 0.0808665 0.0808665 2 2 0
253.188 0.0808809 0.0808809 2 2 0
253.388 0.0808951 0.0808951 2 2 0
253.588 0.0809093 0.0809093 2 2 0
253.788 0.0809235 0.0809235 2 2 0
253.988 0.0809376 0.0809376 2 2 0
254.188 0.0809517 0.0809517 2 2 0
254.388 0.0809658 0.0809658 2 2 0
254.588 0.0809798 0.0809798 2 2 0
254.788 0.0809937 0.0809937 2 2 0
254.988 0.0810076 0.0810076 2 2 0
255.188 0.0810215 0.0810215 2 2 0
255.388 0.0810354 0.0810354 2 2 0
255.588 0.0810491 0.0810491 2 2 0
255.788 0.0810629 0.0810629 2 2 0
255.988 0.0810766 0.0810766 2 2 0
256.188 0.0810903 0.0810903 2 2 0
256.388 0.0811039 0.0811039 2 2 0
256.588 0.0811175 0.0811175 2 2 0
256.788 0.081131 0.081131 2 2 0
256.988 0.0811445 0.0811445 2 2 0
257.188 0.081158 0.081158 2 2 0
257.388 0.0811714 0.0811714 2 2 0
257.588 0.0811848 0.0811848 2 2 0
257.788 0.0811982 0.0811982 2 2 0
257.988 0.0812115 0.0812115 2 2 0
258.188 0.0812248 0.0812248 2 2 0
258.388 0.081238 0.081238 2 2 0
258.588 0.0812512 0.0812512 2 2 0
258.788 0.0812643 0.0812643 2 2 0
258.988 0.0812775 0.0812775 2 2 0
259.188 0.0812905 0.0812905 2 2 0
259.388 0.0813036 0.0813036 2 2 0
259.588 0.0813166 0.0813166 2 2 0
259.788 0.0813296 0.0813296 2 2 0
259.988 0.0813425 0.0813425 2 2 0
260.188 0.0813554 0.0813554 2 2 0
260.388 0.0813682 0.0813682 2 2 0
260.588 0.0813811 0.0813811 2 2 0
260.788 0.0813938 0.0813938 2 2 0
260.988 0.0814066 0.0814066 2 2 0
261.188 0.0814193 0.0814193 2 2 0
261.388 0.081432 0.081432 2 2 0
261.588 0.0814446 0.0814446 2 2 0
261.788 0.0814572 0.0814572 2 2 0
261.988 0.0814698 0.0814698 2 2 0
262.188 0.0814823 0.0814823 2 2 0
262.388 0.0814948 0.0814948 2 2 0
262.588 0.0815073 0.0815073 2 2 0
262.788 0.0815197 0.0815197 2 2 0
262.988 0.0815321 0.0815321 2 2 0
263.188 0.0815445 0.0815445 2 2 0
263.388 0.0815568 0.0815568 2 2 0
263.588 0.0815691 0.0815691 2 2 0
263.788 0.0815814 0.0815814 2 2 0
263.988 0.0815936 0.0815936 2 2 0
264.188 0.0816058 0.0816058 2 2 0
264.388 0.081618 0.081618 2 2 0
264.588 0.0816301 0.0816301 2 2 0
264.788 0.0816422 0.0816422 2 2 0
264.988 0.0816543 0.0816543 2 2 0
265.188 0.0816663 0.0816663 2 2 0
265.388 0.0816783 0.0816783 2 2 0
265.588 0.0816903 0.0816903 2 2 0
265.788 0.0817022 0.0817022 2 2 0
265.988 0.0817141 0.0817141 2 2 0
266.188 0.081726 0.081726 2 2 0
266.388 0.0817378 0.0817378 2 2 0
266.588 0.0817496 0.0817496 2 2 0
266.788 0.0817614 0.0817614 2 2 0
266.988 0.0817731 0.0817731 2 2 0
267.188 0.0817849 0.0817849 2 2 0
267.388 0.0817965 0.0817965 2 2 0
267.588 0.0818082 0.0818082 2 2 0
267.788 0.0818198 0.0818198 2 2 0
267.988 0.0818314 0.0818314 2 2 0
268.188 0.081843 0.081843 2 2 0
268.388 0.0818545 0.0818545 2 2 0
268.588 0.081866 0.081866 2 2 0
268.788 0.0818775 0.0818775 2 2 0
268.988 0.0818889 0.0818889 2 2 0
269.188 0.0819003 0.0819003 2 2 0
269.388 0.0819117 0.0819117 2 2 0
269.588 0.0819231 0.0819231 2 2 0
269.788 0.0819344 0.0819344 2 2 0
269.988 0.0819457 0.0819457 2 2 0
270.188 0.0819569 0.0819569 2 2 0
270.388 0.0819682 0.0819682 2 2 0
270.588 0.0819794 0.0819794 2 2 0
270.788 0.0819906 0.0819906 2 2 0
270.988 0.0820017 0.0820017 2 2 0
271.188 0.0820128 0.0820128 2 2 0
271.388 0.0820239 0.0820239 2 2 0
271.588 0.082035 0.082035 2 2 0
271.788 0.082046 0.082046 2 2 0
271.988 0.082057 0.082057 2 2 0
272.188 0.082068 0.082068 2 2 0
272.388 0.082079 0.082079 2 2 0
272.588 0.0820899 0.0820899 2 2 0
272.788 0.0821008 0.0821008 2 2 0
272.988 0.0821117 0.0821117 2 2 0
273.188 0.0821225 0.0821225 2 2 0
273.388 0.0821333 0.0821333 2 2 0
273.588 0.0821441 0.0821441 2 2 0
273.788 0.0821549 0.0821549 2 2 0
273.988 0.0821656 0.0821656 2 2 0
274.188 0.0821763 0.0821763 2 2 0
274.388 0.082187 0.082187 2 2 0
274.588 0.0821977 0.0821977 2 2 0
274.788 0.0822083 0.0822083 2 2 0
274.988 0.0822189 0.0822189 2 2 0
275.188 0.0822295 0.0822295 2 2 0
275.388 0.0822401 0.0822401 2 2 0
275.588 0.0822506 0.0822506 2 2 0
275.788 0.0822611 0.0822611 2 2 0
275.988 0.0822716 0.0822716 2 2 0
276.188 0.082282 0.082282 2 2 0
276.388 0.0822925 0.0822925 2 2 0
276.588 0.0823029 0.0823029 2 2 0
276.788 0.0823132 0.0823132 2 2 0
276.988 0.0823236 0.0823236 2 2 0
277.188 0.0823339 0.0823339 2 2 0
277.388 0.0823442 0.0823442 2 2 0
277.588 0.0823545 0.0823545 2 2 0
277.788 0.0823647 0.0823647 2 2 0
277.988 0.082375 0.082375 2 2 0
278.188 0.0823852 0.0823852 2 2 0
278.388 0.0823953 0.0823953 2 2 0
278.588 0.0824055 0.0824055 2 2 0
278.788 0.0824156 0.0824156 2 2 0
278.988 0.0824257 0.0824257 2 2 0
279.188 0.0824358 0.0824358 2 2 0
279.388 0.0824459 0.0824459 2 2 0
279.588 0.0824559 0.0824559 2 2 0
279.788 0.0824659 0.0824659 2 2 0
279.988 0.0824759 0.0824759 2 2 0
280.188 0.0824859 0.0824859 2 2 0
280.388 0.0824958 0.0824958 2 2 0
280.588 0.0825057 0.0825057 2 2 0
280.788 0.0825156 0.0825156 2 2 0
280.988 0.0825255 0.0825255 2 2 0
281.188 0.0825353 0.0825353 2 2 0
281.388 0.0825452 0.0825452 2 2 0
281.588 0.082555 0.082555 2 2 0
281.588 0.082555 0.082555 2 2 0
281.628 0.0825569 0.0825569 2 2 0
281.668 0.0825589 0.0825589 2 2 0
281.748 0.0825628 0.0825628 2 2 0
281.908 0.0825706 0.0825706 2 2 0
282.108 0.0825803 0.0825803 2 2 0
282.308 0.0825901 0.0825901 2 2 0
282.508 0.0825998 0.0825998 2 2 0
282.708 0.0826094 0.0826094 2 2 0
282.908 0.0826191 0.0826191 2 2 0
283.108 0.0826287 0.0826287 2 2 0
283.308 0.0826383 0.0826383 2 2 0
283.508 0.0826479 0.0826479 2 2 0
283.708 0.0826575 0.0826575 2 2 0
283.908 0.082667 0.082667 2 2 0
284.108 0.0826766 0.0826766 2 2 0
284.308 0.0826861 0.0826861 2 2 0
284.508 0.0826955 0.0826955 2 2 0
284.708 0.082705 0.082705 2 2 0
284.908 0.0827144 0.0827144 2 2 0
285.108 0.0827238 0.0827238 2 2 0
285.308 0.0827332 0.0827332 2 2 0
285.508 0.0827426 0.0827426 2 2 0
285.708 0.082752 0.082752 2 2 0
285.908 0.0827613 0.0827613 2 2 0
286.108 0.0827706 0.0827706 2 2 0
286.308 0.0827799 0.0827799 2 2 0
286.508 0.0827891 0.0827891 2 2 0
286.708 0.0827984 0.0827984 2 2 0
286.908 0.0828076 0.0828076 2 2 0
287.108 0.0828168 0.0828168 2 2 0
287.308 0.082826 0.082826 2 2 0
287.508 0.0828352 0.0828352 2 2 0
287.708 0.0828443 0.0828443 2 2 0
287.908 0.0828534 0.0828534 2 2 0
288.108 0.0828625 0.0828625 2 2 0
288.308 0.0828716 0.0828716 2 2 0
288.508 0.0828807 0.0828807 2 2 0
288.708 0.0828897 0.0828897 2 2 0
288.908 0.0828988 0.0828988 2 2 0
289.108 0.0829078 0.0829078 2 2 0
289.308 0.0829167 0.0829167 2 2 0
289.508 0.0829257 0.0829257 2 2 0
289.708 0.0829347 0.0829347 2 2 0
289.908 0.0829436 0.0829436 2 2 0
290.108 0.0829525 0.0829525 2 2 0
290.308 0.0829614 0.0829614 2 2 0
290.508 0.0829702 0.0829702 2 2 0
290.708 0.0829791 0.0829791 2 2 0
290.908 0.0829879 0.0829879 2 2 0
291.108 0.0829967 0.0829967 2 2 0
291.308 0.0830055 0.0830055 2 2 0
291.508 0.0830143 0.0830143 2 2 0
291.708 0.083023 0.083023 2 2 0
291.908 0.0830318 0.0830318 2 2 0
292.108 0.0830405 0.0830405 2 2 0
292.308 0.0830492 0.0830492 2 2 0
292.508 0.0830579 0.0830579 2 2 0
292.708 0.0830665 0.0830665 2 2 0
292.908 0.0830752 0.0830752 2 2 0
293.108 0.0830838 0.0830838 2 2 0
293.308 0.0830924 0.0830924 2 2 0
293.508 0.083101 0.083101 2 2 0
293.708 0.0831095 0.0831095 2 2 0
293.908 0.0831181 0.0831181 2 2 0
294.108 0.0831266 0.0831266 2 2 0
294.308 0.0831351 0.0831351 2 2 0
294.508 0.0831436 0.0831436 2 2 0
294.708 0.0831521 0.0831521 2 2 0
294.908 0.0831606 0.0831606 2 2 0
295.108 0.083169 0.083169 2 2 0
295.308 0.0831774 0.0831774 2 2 0
295.508 0.0831858 0.0831858 2 2 0
295.708 0.0831942 0.0831942 2 2 0
295.908 0.0832026 0.0832026 2 2 0
296.108 0.083211 0.083211 2 2 0
296.308 0.0832193 0.0832193 2 2 0
296.508 0.0832276 0.0832276 2 2 0
296.708 0.0832359 0.0832359 2 2 0
296.908 0.0832442 0.0832442 2 2 0
297.108 0.0832525 0.0832525 2 2 0
297.308 0.0832607 0.0832607 2 2 0
297.508 0.0832689 0.0832689 2 2 0
297.708 0.0832772 0.0832772 2 2 0
297.908 0.0832854 0.0832854 2 2 0
298.108 0.0832935 0.0832935 2 2 0
298.308 0.0833017 0.0833017 2 2 0
298.508 0.0833099 0.0833099 2 2 0
298.708 0.083318 0.083318 2 2 0
298.908 0.0833261 0.0833261 2 2 0
299.108 0.0833342 0.0833342 2 2 0
299.308 0.0833423 0.0833423 2 2 0
299.508 0.0833504 0.0833504 2 2 0
299.708 0.0833584 0.0833584 2 2 0
299.908 0.0833664 0.0833664 2 2 0
300.108 0.0833745 0.0833745 2 2 0
300.308 0.0833824 0.0833824 2 2 0
300.508 0.0833904 0.0833904 2 2 0
300.708 0.0833984 0.0833984 2 2 0
300.908 0.0834064 0.0834064 2 2 0
301.108 0.0834143 0.0834143 2 2 0
301.308 0.0834222 0.0834222 2 2 0
301.508 0.0834301 0.0834301 2 2 0
301.708 0.083438 0.083438 2 2 0
301.908 0.0834459 0.0834459 2 2 0
302.108 0.0834537 0.0834537 2 2 0
302.308 0.0834616 0.0834616 2 2 0
302.508 0.0834694 0.0834694 2 2 0
302.708 0.0834772 0.0834772 2 2 0
302.908 0.083485 0.083485 2 2 0
303.108 0.0834928 0.0834928 2 2 0
303.308 0.0835005 0.0835005 2 2 0
303.508 0.0835083 0.0835083 2 2 0
303.708 0.083516 0.083516 2 2 0
303.908 0.0835237 0.0835237 2 2 0
304.108 0.0835314 0.0835314 2 2 0
304.308 0.0835391 0.0835391 2 2 0
304.508 0.0835468 0.0835468 2 2 0
304.708 0.0835544 0.0835544 2 2 0
304.908 0.0835621 0.0835621 2 2 0
305.108 0.0835697 0.0835697 2 2 0
305.308 0.0835773 0.0835773 2 2 0
305.508 0.0835849 0.0835849 2 2 0
305.708 0.0835925 0.0835925 2 2 0
305.908 0.0836 0.0836 2 2 0
306.108 0.0836076 0.0836076 2 2 0
306.308 0.0836151 0.0836151 2 2 0
306.508 0.0836227 0.0836227 2 2 0
306.708 0.0836302 0.0836302 2 2 0
306.908 0.0836377 0.0836377 2 2 0
307.108 0.0836451 0.0836451 2 2 0
307.308 0.0836526 0.0836526 2 2 0
307.508 0.08366 0.08366 2 2 0
307.708 0.0836675 0.0836675 2 2 0
307.908 0.0836749 0.0836749 2 2 0
308.108 0.0836823 0.0836823 2 2 0
308.308 0.0836897 0.0836897 2 2 0
308.508 0.0836971 0.0836971 2 2 0
308.708 0.0837044 0.0837044 2 2 0
308.908 0.0837118 0.0837118 2 2 0
309.108 0.0837191 0.0837191 2 2 0
309.308 0.0837264 0.0837264 2 2 0
309.508 0.0837337 0.0837337 2 2 0
309.708 0.083741 0.083741 2 2 0
309.908 0.0837483 0.0837483 2 2 0
310.108 0.0837556 0.0837556 2 2 0
310.308 0.0837628 0.0837628 2 2 0
310.508 0.08377 0.08377 2 2 0
310.708 0.0837773 0.0837773 2 2 0
310.908 0.0837845 0.0837845 2 2 0
311.108 0.0837917 0.0837917 2 2 0
311.308 0.0837989 0.0837989 2 2 0
311.508 0.083806 0.083806 2 2 0
311.708 0.0838132 0.0838132 2 2 0
311.908 0.0838203 0.0838203 2 2 0
312.108 0.0838274 0.0838274 2 2 0
312.308 0.0838346 0.0838346 2 2 0
312.508 0.0838417 0.0838417 2 2 0
312.708 0.0838487 0.0838487 2 2 0
312.908 0.0838558 0.0838558 2 2 0
313.108 0.0838629 0.0838629 2 2 0
313.308 0.0838699 0.0838699 2 2 0
313.508 0.083877 0.083877 2 2 0
313.708 0.083884 0.083884 2 2 0
313.908 0.083891 0.083891 2 2 0
314.108 0.083898 0.083898 2 2 0
314.308 0.083905 0.083905 2 2 0
314.508 0.0839119 0.0839119 2 2 0
314.708 0.0839189 0.0839189 2 2 0
314.908 0.0839258 0.0839258 2 2 0
315.108 0.0839327 0.0839327 2 2 0
315.308 0.0839397 0.0839397 2 2 0
315.508 0.0839466 0.0839466 2 2 0
315.708 0.0839535 0.0839535 2 2 0
315.908 0.0839603 0.0839603 2 2 0
316.108 0.0839672 0.0839672 2 2 0
316.308 0.0839741 0.0839741 2 2 0
316.508 0.0839809 0.0839809 2 2 0
316.708 0.0839877 0.0839877 2 2 0
316.908 0.0839945 0.0839945 2 2 0
317.108 0.0840013 0.0840013 2 2 0
317.308 0.0840081 0.0840081 2 2 0
317.508 0.0840149 0.0840149 2 2 0
317.708 0.0840217 0.0840217 2 2 0
317.908 0.0840284 0.0840284 2 2 0
318.108 0.0840352 0.0840352 2 2 0
318.308 0.0840419 0.0840419 2 2 0
318.508 0.0840486 0.0840486 2 2 0
318.708 0.0840553 0.0840553 2 2 0
318.908 0.084062 0.084062 2 2 0
319.108 0.0840687 0.0840687 2 2 0
319.308 0.0840753 0.0840753 2 2 0
319.508 0.084082 0.084082 2 2 0
319.708 0.0840886 0.0840886 2 2 0
319.908 0.0840953 0.0840953 2 2 0
320.108 0.0841019 0.0841019 2 2 0
320.308 0.0841085 0.0841085 2 2 0
320.508 0.0841151 0.0841151 2 2 0
320.708 0.0841217 0.0841217 2 2 0
320.908 0.0841282 0.0841282 2 2 0
320.908 0.0841282 0.0841282 2 2 0
320.948 0.0841296 0.0841296 2 2 0
320.988 0.0841309 0.0841309 2 2 0
321.068 0.0841335 0.0841335 2 2 0
321.228 0.0841387 0.0841387 2 2 0
321.428 0.0841453 0.0841453 2 2 0
321.628 0.0841518 0.0841518 2 2 0
321.828 0.0841583 0.0841583 2 2 0
322.028 0.0841648 0.0841648 2 2 0
322.228 0.0841713 0.0841713 2 2 0
322.428 0.0841778 0.0841778 2 2 0
322.628 0.0841843 0.0841843 2 2 0
322.828 0.0841907 0.0841907 2 2 0
323.028 0.0841972 0.0841972 2 2 0
323.228 0.0842036 0.0842036 2 2 0
323.428 0.08421 0.08421 2 2 0
323.628 0.0842165 0.0842165 2 2 0
323.828 0.0842229 0.0842229 2 2 0
324.028 0.0842293 0.0842293 2 2 0
324.228 0.0842356 0.0842356 2 2 0
324.428 0.084242 0.084242 2 2 0
324.628 0.0842484 0.0842484 2 2 0
324.828 0.0842547 0.0842547 2 2 0
325.028 0.084261 0.084261 2 2 0
325.228 0.0842674 0.0842674 2 2 0
325.428 0.0842737 0.0842737 2 2 0
325.628 0.08428 0.08428 2 2 0
325.828 0.0842863 0.0842863 2 2 0
326.028 0.0842925 0.0842925 2 2 0
326.228 0.0842988 0.0842988 2 2 0
326.428 0.0843051 0.0843051 2 2 0
326.628 0.0843113 0.0843113 2 2 0
326.828 0.0843176 0.0843176 2 2 0
327.028 0.0843238 0.0843238 2 2 0
327.228 0.08433 0.08433 2 2 0
327.428 0.0843362 0.0843362 2 2 0
327.628 0.0843424 0.0843424 2 2 0
327.828 0.0843486 0.0843486 2 2 0
328.028 0.0843547 0.0843547 2 2 0
328.228 0.0843609 0.0843609 2 2 0
328.428 0.084367 0.084367 2 2 0
328.628 0.0843732 0.0843732 2 2 0
328.828 0.0843793 0.0843793 2 2 0
329.028 0.0843854 0.0843854 2 2 0
329.228 0.0843915 0.0843915 2 2 0
329.428 0.0843976 0.0843976 2 2 0
329.628 0.0844037 0.0844037 2 2 0
329.828 0.0844098 0.0844098 2 2 0
330.028 0.0844159 0.0844159 2 2 0
330.228 0.0844219 0.0844219 2 2 0
330.428 0.084428 0.084428 2 2 0
330.628 0.084434 0.084434 2 2 0
330.828 0.08444 0.08444 2 2 0
331.028 0.084446 0.084446 2 2 0
331.228 0.084452 0.084452 2 2 0
331.428 0.084458 0.084458 2 2 0
331.628 0.084464 0.084464 2 2 0
331.828 0.08447 0.08447 2 2 0
332.028 0.084476 0.084476 2 2 0
332.228 0.0844819 0.0844819 2 2 0
332.428 0.0844878 0.0844878 2 2 0
332.628 0.0844938 0.0844938 2 2 0
332.828 0.0844997 0.0844997 2 2 0
333.028 0.0845056 0.0845056 2 2 0
333.228 0.0845115 0.0845115 2 2 0
333.428 0.0845174 0.0845174 2 2 0
333.628 0.0845233 0.0845233 2 2 0
333.828 0.0845292 0.0845292 2 2 0
334.028 0.084535 0.084535 2 2 0
334.228 0.0845409 0.0845409 2 2 0
334.428 0.0845467 0.0845467 2 2 0
334.628 0.0845526 0.0845526 2 2 0
334.828 0.0845584 0.0845584 2 2 0
335.028 0.0845642 0.0845642 2 2 0
335.228 0.08457 0.08457 2 2 0
335.428 0.0845758 0.0845758 2 2 0
335.628 0.0845816 0.0845816 2 2 0
335.828 0.0845874 0.0845874 2 2 0
336.028 0.0845931 0.0845931 2 2 0
336.228 0.0845989 0.0845989 2 2 0
336.428 0.0846046 0.0846046 2 2 0
336.628 0.0846104 0.0846104 2 2 0
336.828 0.0846161 0.0846161 2 2 0
337.028 0.0846218 0.0846218 2 2 0
337.228 0.0846275 0.0846275 2 2 0
337.428 0.0846332 0.0846332 2 2 0
337.628 0.0846389 0.0846389 2 2 0
337.828 0.0846446 0.0846446 2 2 0
338.028 0.0846503 0.0846503 2 2 0
338.228 0.0846559 0.0846559 2 2 0
338.428 0.0846616 0.0846616 2 2 0
338.628 0.0846672 0.0846672 2 2 0
338.828 0.0846728 0.0846728 2 2 0
339.028 0.0846785 0.0846785 2 2 0
339.228 0.0846841 0.0846841 2 2 0
339.428 0.0846897 0.0846897 2 2 0
339.628 0.0846953 0.0846953 2 2 0
339.828 0.0847009 0.0847009 2 2 0
340.028 0.0847065 0.0847065 2 2 0
340.228 0.084712 0.084712 2 2 0
340.428 0.0847176 0.0847176 2 2 0
340.628 0.0847231 0.0847231 2 2 0
340.828 0.0847287 0.0847287 2 2 0
341.028 0.0847342 0.0847342 2 2 0
341.228 0.0847397 0.0847397 2 2 0
341.428 0.0847452 0.0847452 2 2 0
341.628 0.0847508 0.0847508 2 2 0
341.828 0.0847563 0.0847563 2 2 0
342.028 0.0847617 0.0847617 2 2 0
342.228 0.0847672 0.0847672 2 2 0
342.428 0.0847727 0.0847727 2 2 0
342.628 0.0847782 0.0847782 2 2 0
342.828 0.0847836 0.0847836 2 2 0
343.028 0.084789 0.084789 2 2 0
343.228 0.0847945 0.0847945 2 2 0
343.428 0.0847999 0.0847999 2 2 0
343.628 0.0848053 0.0848053 2 2 0
343.828 0.0848107 0.0848107 2 2 0
344.028 0.0848161 0.0848161 2 2 0
344.228 0.0848215 0.0848215 2 2 0
344.428 0.0848269 0.0848269 2 2 0
344.628 0.0848323 0.0848323 2 2 0
344.828 0.0848377 0.0848377 2 2 0
345.028 0.084843 0.084843 2 2 0
345.228 0.0848484 0.0848484 2 2 0
345.428 0.0848537 0.0848537 2 2 0
345.628 0.084859 0.084859 2 2 0
345.828 0.0848644 0.0848644 2 2 0
346.028 0.0848697 0.0848697 2 2 0
346.228 0.084875 0.084875 2 2 0
346.428 0.0848803 0.0848803 2 2 0
346.628 0.0848856 0.0848856 2 2 0
346.828 0.0848909 0.0848909 2 2 0
347.028 0.0848961 0.0848961 2 2 0
347.228 0.0849014 0.0849014 2 2 0
347.428 0.0849066 0.0849066 2 2 0
347.628 0.0849119 0.0849119 2 2 0
347.828 0.0849171 0.0849171 2 2 0
348.028 0.0849224 0.0849224 2 2 0
348.228 0.0849276 0.0849276 2 2 0
348.428 0.0849328 0.0849328 2 2 0
348.628 0.084938 0.084938 2 2 0
348.828 0.0849432 0.0849432 2 2 0
349.028 0.0849484 0.0849484 2 2 0
349.228 0.0849536 0.0849536 2 2 0
349.428 0.0849588 0.0849588 2 2 0
349.628 0.0849639 0.0849639 2 2 0
349.828 0.0849691 0.0849691 2 2 0
350.028 0.0849742 0.0849742 2 2 0
350.228 0.0849794 0.0849794 2 2 0
350.428 0.0849845 0.0849845 2 2 0
350.628 0.0849896 0.0849896 2 2 0
350.828 0.0849948 0.0849948 2 2 0
351.028 0.0849999 0.0849999 2 2 0
351.228 0.085005 0.085005 2 2 0
351.428 0.0850101 0.0850101 2 2 0
351.628 0.0850152 0.0850152 2 2 0
351.828 0.0850202 0.0850202 2 2 0
352.028 0.0850253 0.0850253 2 2 0
352.228 0.0850304 0.0850304 2 2 0
352.428 0.0850354 0.0850354 2 2 0
352.628 0.0850405 0.0850405 2 2 0
352.828 0.0850455 0.0850455 2 2 0
353.028 0.0850505 0.0850505 2 2 0
353.228 0.0850556 0.0850556 2 2 0
353.428 0.0850606 0.0850606 2 2 0
353.628 0.0850656 0.0850656 2 2 0
353.828 0.0850706 0.0850706 2 2 0
354.028 0.0850756 0.0850756 2 2 0
354.228 0.0850806 0.0850806 2 2 0
354.428 0.0850856 0.0850856 2 2 0
354.628 0.0850905 0.0850905 2 2 0
354.828 0.0850955 0.0850955 2 2 0
355.028 0.0851004 0.0851004 2 2 0
355.228 0.0851054 0.0851054 2 2 0
355.428 0.0851103 0.0851103 2 2 0
355.628 0.0851153 0.0851153 2 2 0
355.828 0.0851202 0.0851202 2 2 0
356.028 0.0851251 0.0851251 2 2 0
356.228 0.08513 0.08513 2 2 0
356.428 0.0851349 0.0851349 2 2 0
356.628 0.0851398 0.0851398 2 2 0
356.828 0.0851447 0.0851447 2 2 0
357.028 0.0851496 0.0851496 2 2 0
357.228 0.0851545 0.0851545 2 2 0
357.428 0.0851593 0.0851593 2 2 0
357.628 0.0851642 0.0851642 2 2 0
357.828 0.085169 0.085169 2 2 0
358.028 0.0851739 0.0851739 2 2 0
358.228 0.0851787 0.0851787 2 2 0
358.428 0.0851836 0.0851836 2 2 0
358.628 0.0851884 0.0851884 2 2 0
358.828 0.0851932 0.0851932 2 2 0
359.028 0.085198 0.085198 2 2 0
359.228 0.0852028 0.0852028 2 2 0
359.428 0.0852076 0.0852076 2 2 0
359.628 0.0852124 0.0852124 2 2 0
359.828 0.0852172 0.0852172 2 2 0
360.028 0.0852219 0.0852219 2 2 0
360.228 0.0852267 0.0852267 2 2 0
360.228 0.0852267 0.0852267 2 2 0
360.268 0.0852276 0.0852276 2 2 0
360.308 0.0852286 0.0852286 2 2 0
360.388 0.0852305 0.0852305 2 2 0
360.548 0.0852343 0.0852343 2 2 0
360.748 0.085239 0.085239 2 2 0
360.948 0.0852438 0.0852438 2 2 0
361.148 0.0852485 0.0852485 2 2 0
361.348 0.0852532 0.0852532 2 2 0
361.548 0.085258 0.085258 2 2 0
361.748 0.0852627 0.0852627 2 2 0
361.948 0.0852674 0.0852674 2 2 0
362.148 0.0852721 0.0852721 2 2 0
362.348 0.0852768 0.0852768 2 2 0
362.548 0.0852815 0.0852815 2 2 0
362.748 0.0852861 0.0852861 2 2 0
362.948 0.0852908 0.0852908 2 2 0
363.148 0.0852955 0.0852955 2 2 0
363.348 0.0853001 0.0853001 2 2 0
363.548 0.0853048 0.0853048 2 2 0
363.748 0.0853094 0.0853094 2 2 0
363.948 0.085314 0.085314 2 2 0
364.148 0.0853187 0.0853187 2 2 0
364.348 0.0853233 0.0853233 2 2 0
364.548 0.0853279 0.0853279 2 2 0
364.748 0.0853325 0.0853325 2 2 0
364.948 0.0853371 0.0853371 2 2 0
365.148 0.0853417 0.0853417 2 2 0
365.348 0.0853463 0.0853463 2 2 0
365.548 0.0853509 0.0853509 2 2 0
365.748 0.0853555 0.0853555 2 2 0
365.948 0.08536 0.08536 2 2 0
366.148 0.0853646 0.0853646 2 2 0
366.348 0.0853691 0.0853691 2 2 0
366.548 0.0853737 0.0853737 2 2 0
366.748 0.0853782 0.0853782 2 2 0
366.948 0.0853828 0.0853828 2 2 0
367.148 0.0853873 0.0853873 2 2 0
367.348 0.0853918 0.0853918 2 2 0
367.548 0.0853963 0.0853963 2 2 0
367.748 0.0854008 0.0854008 2 2 0
367.948 0.0854053 0.0854053 2 2 0
368.148 0.0854098 0.0854098 2 2 0
368.348 0.0854143 0.0854143 2 2 0
368.548 0.0854188 0.0854188 2 2 0
368.748 0.0854233 0.0854233 2 2 0
368.948 0.0854278 0.0854278 2 2 0
369.148 0.0854322 0.0854322 2 2 0
369.348 0.0854367 0.0854367 2 2 0
369.548 0.0854411 0.0854411 2 2 0
369.748 0.0854456 0.0854456 2 2 0
369.948 0.08545 0.08545 2 2 0
370.148 0.0854544 0.0854544 2 2 0
370.348 0.0854589 0.0854589 2 2 0
370.548 0.0854633 0.0854633 2 2 0
370.748 0.0854677 0.0854677 2 2 0
370.948 0.0854721 0.0854721 2 2 0
371.148 0.0854765 0.0854765 2 2 0
371.348 0.0854809 0.0854809 2 2 0
371.548 0.0854853 0.0854853 2 2 0
371.748 0.0854897 0.0854897 2 2 0
371.948 0.085494 0.085494 2 2 0
372.148 0.0854984 0.0854984 2 2 0
372.348 0.0855028 0.0855028 2 2 0
372.548 0.0855071 0.0855071 2 2 0
372.748 0.0855115 0.0855115 2 2 0
372.948 0.0855158 0.0855158 2 2 0
373.148 0.0855202 0.0855202 2 2 0
373.348 0.0855245 0.0855245 2 2 0
373.548 0.0855288 0.0855288 2 2 0
373.748 0.0855331 0.0855331 2 2 0
373.948 0.0855374 0.0855374 2 2 0
374.148 0.0855418 0.0855418 2 2 0
374.348 0.0855461 0.0855461 2 2 0
374.548 0.0855504 0.0855504 2 2 0
374.748 0.0855546 0.0855546 2 2 0
374.948 0.0855589 0.0855589 2 2 0
375.148 0.0855632 0.0855632 2 2 0
375.348 0.0855675 0.0855675 2 2 0
375.548 0.0855717 0.0855717 2 2 0
375.748 0.085576 0.085576 2 2 0
375.948 0.0855802 0.0855802 2 2 0
376.148 0.0855845 0.0855845 2 2 0
376.348 0.0855887 0.0855887 2 2 0
376.548 0.085593 0.085593 2 2 0
376.748 0.0855972 0.0855972 2 2 0
376.948 0.0856014 0.0856014 2 2 0
377.148 0.0856056 0.0856056 2 2 0
377.348 0.0856099 0.0856099 2 2 0
377.548 0.0856141 0.0856141 2 2 0
377.748 0.0856183 0.0856183 2 2 0
377.948 0.0856225 0.0856225 2 2 0
378.148 0.0856266 0.0856266 2 2 0
378.348 0.0856308 0.0856308 2 2 0
378.548 0.085635 0.085635 2 2 0
378.748 0.0856392 0.0856392 2 2 0
378.948 0.0856433 0.0856433 2 2 0
379.148 0.0856475 0.0856475 2 2 0
379.348 0.0856517 0.0856517 2 2 0
379.548 0.0856558 0.0856558 2 2 0
379.748 0.0856599 0.0856599 2 2 0
379.948 0.0856641 0.0856641 2 2 0
380.148 0.0856682 0.0856682 2 2 0
380.348 0.0856723 0.0856723 2 2 0
380.548 0.0856765 0.0856765 2 2 0
380.748 0.0856806 0.0856806 2 2 0
380.948 0.0856847 0.0856847 2 2 0
381.148 0.0856888 0.0856888 2 2 0
381.348 0.0856929 0.0856929 2 2 0
381.548 0.085697 0.085697 2 2 0
381.748 0.085701 0.085701 2 2 0
381.948 0.0857051 0.0857051 2 2 0
382.148 0.0857092 0.0857092 2 2 0
382.348 0.0857133 0.0857133 2 2 0
382.548 0.0857173 0.0857173 2 2 0
382.748 0.0857214 0.0857214 2 2 0
382.948 0.0857254 0.0857254 2 2 0
383.148 0.0857295 0.0857295 2 2 0
383.348 0.0857335 0.0857335 2 2 0
383.548 0.0857376 0.0857376 2 2 0
383.748 0.0857416 0.0857416 2 2 0
383.948 0.0857456 0.0857456 2 2 0
384.148 0.0857496 0.0857496 2 2 0
384.348 0.0857537 0.0857537 2 2 0
384.548 0.0857577 0.0857577 2 2 0
384.748 0.0857617 0.0857617 2 2 0
384.948 0.0857657 0.0857657 2 2 0
385.148 0.0857697 0.0857697 2 2 0
385.348 0.0857736 0.0857736 2 2 0
385.548 0.0857776 0.0857776 2 2 0
385.748 0.0857816 0.0857816 2 2 0
385.948 0.0857856 0.0857856 2 2 0
386.148 0.0857895 0.0857895 2 2 0
386.348 0.0857935 0.0857935 2 2 0
386.548 0.0857975 0.0857975 2 2 0
386.748 0.0858014 0.0858014 2 2 0
386.948 0.0858053 0.0858053 2 2 0
387.148 0.0858093 0.0858093 2 2 0
387.348 0.0858132 0.0858132 2 2 0
387.548 0.0858171 0.0858171 2 2 0
387.748 0.0858211 0.0858211 2 2 0
387.948 0.085825 0.085825 2 2 0
388.148 0.0858289 0.0858289 2 2 0
388.348 0.0858328 0.0858328 2 2 0
388.548 0.0858367 0.0858367 2 2 0
388.748 0.0858406 0.0858406 2 2 0
388.948 0.0858445 0.0858445 2 2 0
389.148 0.0858484 0.0858484 2 2 0
389.348 0.0858523 0.0858523 2 2 0
389.548 0.0858561 0.0858561 2 2 0
389.748 0.08586 0.08586 2 2 0
389.948 0.0858639 0.0858639 2 2 0
390.148 0.0858677 0.0858677 2 2 0
390.348 0.0858716 0.0858716 2 2 0
390.548 0.0858754 0.0858754 2 2 0
390.748 0.0858793 0.0858793 2 2 0
390.948 0.0858831 0.0858831 2 2 0
391.148 0.085887 0.085887 2 2 0
391.348 0.0858908 0.0858908 2 2 0
391.548 0.0858946 0.0858946 2 2 0
391.748 0.0858984 0.0858984 2 2 0
391.948 0.0859022 0.0859022 2 2 0
392.148 0.0859061 0.0859061 2 2 0
392.348 0.0859099 0.0859099 2 2 0
392.548 0.0859137 0.0859137 2 2 0
392.748 0.0859175 0.0859175 2 2 0
392.948 0.0859212 0.0859212 2 2 0
393.148 0.085925 0.085925 2 2 0
393.348 0.0859288 0.0859288 2 2 0
393.548 0.0859326 0.0859326 2 2 0
393.748 0.0859364 0.0859364 2 2 0
393.948 0.0859401 0.0859401 2 2 0
394.148 0.0859439 0.0859439 2 2 0
394.348 0.0859476 0.0859476 2 2 0
394.548 0.0859514 0.0859514 2 2 0
394.748 0.0859551 0.0859551 2 2 0
394.948 0.0859589 0.0859589 2 2 0
395.148 0.0859626 0.0859626 2 2 0
395.348 0.0859663 0.0859663 2 2 0
395.548 0.0859701 0.0859701 2 2 0
395.748 0.0859738 0.0859738 2 2 0
395.948 0.0859775 0.0859775 2 2 0
396.148 0.0859812 0.0859812 2 2 0
396.348 0.0859849 0.0859849 2 2 0
396.548 0.0859886 0.0859886 2 2 0
396.748 0.0859923 0.0859923 2 2 0
396.948 0.085996 0.085996 2 2 0
397.148 0.0859997 0.0859997 2 2 0
397.348 0.0860034 0.0860034 2 2 0
397.548 0.0860071 0.0860071 2 2 0
397.748 0.0860107 0.0860107 2 2 0
397.948 0.0860144 0.0860144 2 2 0
398.148 0.0860181 0.0860181 2 2 0
398.348 0.0860217 0.0860217 2 2 0
398.548 0.0860254 0.0860254 2 2 0
398.748 0.086029 0.086029 2 2 0
398.948 0.0860327 0.0860327 2 2 0
399.148 0.0860363 0.0860363 2 2 0
399.348 0.0860399 0.0860399 2 2 0
399.548 0.0860436 0.0860436 2 2 0
399.548 0.0860436 0.0860436 2 2 0
399.588 0.0860443 0.0860443 2 2 0
399.628 0.086045 0.086045 2 2 0
399.708 0.0860465 0.0860465 2 2 0
399.868 0.0860494 0.0860494 2 2 0
400.068 0.086053 0.086053 2 2 0
400.268 0.0860566 0.0860566 2 2 0
400.468 0.0860602 0.0860602 2 2 0
400.668 0.0860638 0.0860638 2 2 0
400.868 0.0860674 0.0860674 2 2 0
401.068 0.086071 0.086071 2 2 0
401.268 0.0860746 0.0860746 2 2 0
401.468 0.0860782 0.0860782 2 2 0
401.668 0.0860818 0.0860818 2 2 0
401.868 0.0860853 0.0860853 2 2 0
402.068 0.0860889 0.0860889 2 2 0
402.268 0.0860925 0.0860925 2 2 0
402.468 0.086096 0.086096 2 2 0
402.668 0.0860996 0.0860996 2 2 0
402.868 0.0861032 0.0861032 2 2 0
403.068 0.0861067 0.0861067 2 2 0
403.268 0.0861103 0.0861103 2 2 0
403.468 0.0861138 0.0861138 2 2 0
403.668 0.0861173 0.0861173 2 2 0
403.868 0.0861209 0.0861209 2 2 0
404.068 0.0861244 0.0861244 2 2 0
404.268 0.0861279 0.0861279 2 2 0
404.468 0.0861314 0.0861314 2 2 0
404.668 0.0861349 0.0861349 2 2 0
404.868 0.0861385 0.0861385 2 2 0
405.068 0.086142 0.086142 2 2 0
405.268 0.0861455 0.0861455 2 2 0
405.468 0.086149 0.086149 2 2 0
405.668 0.0861525 0.0861525 2 2 0
405.868 0.0861559 0.0861559 2 2 0
406.068 0.0861594 0.0861594 2 2 0
406.268 0.0861629 0.0861629 2 2 0
406.468 0.0861664 0.0861664 2 2 0
406.668 0.0861698 0.0861698 2 2 0
406.868 0.0861733 0.0861733 2 2 0
407.068 0.0861768 0.0861768 2 2 0
407.268 0.0861802 0.0861802 2 2 0
407.468 0.0861837 0.0861837 2 2 0
407.668 0.0861871 0.0861871 2 2 0
407.868 0.0861906 0.0861906 2 2 0
408.068 0.086194 0.086194 2 2 0
408.268 0.0861975 0.0861975 2 2 0
408.468 0.0862009 0.0862009 2 2 0
408.668 0.0862043 0.0862043 2 2 0
408.868 0.0862077 0.0862077 2 2 0
409.068 0.0862112 0.0862112 2 2 0
409.268 0.0862146 0.0862146 2 2 0
409.468 0.086218 0.086218 2 2 0
409.668 0.0862214 0.0862214 2 2 0
409.868 0.0862248 0.0862248 2 2 0
410.068 0.0862282 0.0862282 2 2 0
410.268 0.0862316 0.0862316 2 2 0
410.468 0.086235 0.086235 2 2 0
410.668 0.0862383 0.0862383 2 2 0
410.868 0.0862417 0.0862417 2 2 0
411.068 0.0862451 0.0862451 2 2 0
411.268 0.0862485 0.0862485 2 2 0
411.468 0.0862518 0.0862518 2 2 0
411.668 0.0862552 0.0862552 2 2 0
411.868 0.0862586 0.0862586 2 2 0
412.068 0.0862619 0.0862619 2 2 0
412.268 0.0862653 0.0862653 2 2 0
412.468 0.0862686 0.0862686 2 2 0
412.668 0.086272 0.086272 2 2 0
412.868 0.0862753 0.0862753 2 2 0
413.068 0.0862786 0.0862786 2 2 0
413.268 0.086282 0.086282 2 2 0
413.468 0.0862853 0.0862853 2 2 0
413.668 0.0862886 0.0862886 2 2 0
413.868 0.0862919 0.0862919 2 2 0
414.068 0.0862953 0.0862953 2 2 0
414.268 0.0862986 0.0862986 2 2 0
414.468 0.0863019 0.0863019 2 2 0
414.668 0.0863052 0.0863052 2 2 0
414.868 0.0863085 0.0863085 2 2 0
415.068 0.0863118 0.0863118 2 2 0
415.268 0.0863151 0.0863151 2 2 0
415.468 0.0863183 0.0863183 2 2 0
415.668 0.0863216 0.0863216 2 2 0
415.868 0.0863249 0.0863249 2 2 0
416.068 0.0863282 0.0863282 2 2 0
416.268 0.0863315 0.0863315 2 2 0
416.468 0.0863347 0.0863347 2 2 0
416.668 0.086338 0.086338 2 2 0
416.868 0.0863412 0.0863412 2 2 0
417.068 0.0863445 0.0863445 2 2 0
417.268 0.0863477 0.0863477 2 2 0
417.468 0.086351 0.086351 2 2 0
417.668 0.0863542 0.0863542 2 2 0
417.868 0.0863575 0.0863575 2 2 0
418.068 0.0863607 0.0863607 2 2 0
418.268 0.0863639 0.0863639 2 2 0
418.468 0.0863672 0.0863672 2 2 0
418.668 0.0863704 0.0863704 2 2 0
418.868 0.0863736 0.0863736 2 2 0
419.068 0.0863768 0.0863768 2 2 0
419.268 0.08638 0.08638 2 2 0
419.468 0.0863832 0.0863832 2 2 0
419.668 0.0863865 0.0863865 2 2 0
419.868 0.0863897 0.0863897 2 2 0
420.068 0.0863928 0.0863928 2 2 0
420.268 0.086396 0.086396 2 2 0
420.468 0.0863992 0.0863992 2 2 0
420.668 0.0864024 0.0864024 2 2 0
420.868 0.0864056 0.0864056 2 2 0
421.068 0.0864088 0.0864088 2 2 0
421.268 0.0864119 0.0864119 2 2 0
421.468 0.0864151 0.0864151 2 2 0
421.668 0.0864183 0.0864183 2 2 0
421.868 0.0864214 0.0864214 2 2 0
422.068 0.0864246 0.0864246 2 2 0
422.268 0.0864278 0.0864278 2 2 0
422.468 0.0864309 0.0864309 2 2 0
422.668 0.0864341 0.0864341 2 2 0
422.868 0.0864372 0.0864372 2 2 0
423.068 0.0864403 0.0864403 2 2 0
423.268 0.0864435 0.0864435 2 2 0
423.468 0.0864466 0.0864466 2 2 0
423.668 0.0864497 0.0864497 2 2 0
423.868 0.0864529 0.0864529 2 2 0
424.068 0.086456 0.086456 2 2 0
424.268 0.0864591 0.0864591 2 2 0
424.468 0.0864622 0.0864622 2 2 0
424.668 0.0864653 0.0864653 2 2 0
424.868 0.0864684 0.0864684 2 2 0
425.068 0.0864715 0.0864715 2 2 0
425.268 0.0864746 0.0864746 2 2 0
425.468 0.0864777 0.0864777 2 2 0
425.668 0.0864808 0.0864808 2 2 0
425.868 0.0864839 0.0864839 2 2 0
426.068 0.086487 0.086487 2 2 0
426.268 0.0864901 0.0864901 2 2 0
426.468 0.0864931 0.0864931 2 2 0
426.668 0.0864962 0.0864962 2 2 0
426.868 0.0864993 0.0864993 2 2 0
427.068 0.0865024 0.0865024 2 2 0
427.268 0.0865054 0.0865054 2 2 0
427.468 0.0865085 0.0865085 2 2 0
427.668 0.0865115 0.0865115 2 2 0
427.868 0.0865146 0.0865146 2 2 0
428.068 0.0865176 0.0865176 2 2 0
428.268 0.0865207 0.0865207 2 2 0
428.468 0.0865237 0.0865237 2 2 0
428.668 0.0865268 0.0865268 2 2 0
428.868 0.0865298 0.0865298 2 2 0
429.068 0.0865328 0.0865328 2 2 0
429.268 0.0865359 0.0865359 2 2 0
429.468 0.0865389 0.0865389 2 2 0
429.668 0.0865419 0.0865419 2 2 0
429.868 0.0865449 0.0865449 2 2 0
430.068 0.0865479 0.0865479 2 2 0
430.268 0.0865509 0.0865509 2 2 0
430.468 0.0865539 0.0865539 2 2 0
430.668 0.0865569 0.0865569 2 2 0
430.868 0.0865599 0.0865599 2 2 0
431.068 0.0865629 0.0865629 2 2 0
431.268 0.0865659 0.0865659 2 2 0
431.468 0.0865689 0.0865689 2 2 0
431.668 0.0865719 0.0865719 2 2 0
431.868 0.0865749 0.0865749 2 2 0
432.068 0.0865779 0.0865779 2 2 0
432.268 0.0865808 0.0865808 2 2 0
432.468 0.0865838 0.0865838 2 2 0
432.668 0.0865868 0.0865868 2 2 0
432.868 0.0865897 0.0865897 2 2 0
433.068 0.0865927 0.0865927 2 2 0
433.268 0.0865957 0.0865957 2 2 0
433.468 0.0865986 0.0865986 2 2 0
433.668 0.0866016 0.0866016 2 2 0
433.868 0.0866045 0.0866045 2 2 0
434.068 0.0866075 0.0866075 2 2 0
434.268 0.0866104 0.0866104 2 2 0
434.468 0.0866133 0.0866133 2 2 0
434.668 0.0866163 0.0866163 2 2 0
434.868 0.0866192 0.0866192 2 2 0
435.068 0.0866221 0.0866221 2 2 0
435.268 0.0866251 0.0866251 2 2 0
435.468 0.086628 0.086628 2 2 0
435.668 0.0866309 0.0866309 2 2 0
435.868 0.0866338 0.0866338 2 2 0
436.068 0.0866367 0.0866367 2 2 0
436.268 0.0866396 0.0866396 2 2 0
436.468 0.0866425 0.0866425 2 2 0
436.668 0.0866454 0.0866454 2 2 0
436.868 0.0866483 0.0866483 2 2 0
437.068 0.0866512 0.0866512 2 2 0
437.268 0.0866541 0.0866541 2 2 0
437.468 0.086657 0.086657 2 2 0
437.668 0.0866599 0.0866599 2 2 0
437.868 0.0866628 0.0866628 2 2 0
438.068 0.0866656 0.0866656 2 2 0
438.268 0.0866685 0.0866685 2 2 0
438.468 0.0866714 0.0866714 2 2 0
438.668 0.0866743 0.0866743 2 2 0
438.868 0.0866771 0.0866771 2 2 0
438.868 0.0866771 0.0866771 2 2 0
438.908 0.0866777 0.0866777 2 2 0
438.948 0.0866783 0.0866783 2 2 0
439.028 0.0866794 0.0866794 2 2 0
439.188 0.0866817 0.0866817 2 2 0
439.388 0.0866846 0.0866846 2 2 0
439.588 0.0866874 0.0866874 2 2 0
439.788 0.0866903 0.0866903 2 2 0
439.988 0.0866931 0.0866931 2 2 0
440.188 0.086696 0.086696 2 2 0
440.388 0.0866988 0.0866988 2 2 0
440.588 0.0867016 0.0867016 2 2 0
440.788 0.0867045 0.0867045 2 2 0
440.988 0.0867073 0.0867073 2 2 0
441.188 0.0867101 0.0867101 2 2 0
441.388 0.086713 0.086713 2 2 0
441.588 0.0867158 0.0867158 2 2 0
441.788 0.0867186 0.0867186 2 2 0
441.988 0.0867214 0.0867214 2 2 0
442.188 0.0867242 0.0867242 2 2 0
442.388 0.086727 0.086727 2 2 0
442.588 0.0867298 0.0867298 2 2 0
442.788 0.0867326 0.0867326 2 2 0
442.988 0.0867354 0.0867354 2 2 0
443.188 0.0867382 0.0867382 2 2 0
443.388 0.086741 0.086741 2 2 0
443.588 0.0867438 0.0867438 2 2 0
443.788 0.0867466 0.0867466 2 2 0
443.988 0.0867494 0.0867494 2 2 0
444.188 0.0867522 0.0867522 2 2 0
444.388 0.0867549 0.0867549 2 2 0
444.588 0.0867577 0.0867577 2 2 0
444.788 0.0867605 0.0867605 2 2 0
444.988 0.0867633 0.0867633 2 2 0
445.188 0.086766 0.086766 2 2 0
445.388 0.0867688 0.0867688 2 2 0
445.588 0.0867715 0.0867715 2 2 0
445.788 0.0867743 0.0867743 2 2 0
445.988 0.086777 0.086777 2 2 0
446.188 0.0867798 0.0867798 2 2 0
446.388 0.0867825 0.0867825 2 2 0
446.588 0.0867853 0.0867853 2 2 0
446.788 0.086788 0.086788 2 2 0
446.988 0.0867908 0.0867908 2 2 0
447.188 0.0867935 0.0867935 2 2 0
447.388 0.0867962 0.0867962 2 2 0
447.588 0.086799 0.086799 2 2 0
447.788 0.0868017 0.0868017 2 2 0
447.988 0.0868044 0.0868044 2 2 0
448.188 0.0868071 0.0868071 2 2 0
448.388 0.0868098 0.0868098 2 2 0
448.588 0.0868126 0.0868126 2 2 0
448.788 0.0868153 0.0868153 2 2 0
448.988 0.086818 0.086818 2 2 0
449.188 0.0868207 0.0868207 2 2 0
449.388 0.0868234 0.0868234 2 2 0
449.588 0.0868261 0.0868261 2 2 0
449.788 0.0868288 0.0868288 2 2 0
449.988 0.0868315 0.0868315 2 2 0
450.188 0.0868342 0.0868342 2 2 0
450.388 0.0868369 0.0868369 2 2 0
450.588 0.0868395 0.0868395 2 2 0
450.788 0.0868422 0.0868422 2 2 0
450.988 0.0868449 0.0868449 2 2 0
451.188 0.0868476 0.0868476 2 2 0
451.388 0.0868502 0.0868502 2 2 0
451.588 0.0868529 0.0868529 2 2 0
451.788 0.0868556 0.0868556 2 2 0
451.988 0.0868582 0.0868582 2 2 0
452.188 0.0868609 0.0868609 2 2 0
452.388 0.0868636 0.0868636 2 2 0
452.588 0.0868662 0.0868662 2 2 0
452.788 0.0868689 0.0868689 2 2 0
452.988 0.0868715 0.0868715 2 2 0
453.188 0.0868742 0.0868742 2 2 0
453.388 0.0868768 0.0868768 2 2 0
453.588 0.0868794 0.0868794 2 2 0
453.788 0.0868821 0.0868821 2 2 0
453.988 0.0868847 0.0868847 2 2 0
454.188 0.0868874 0.0868874 2 2 0
454.388 0.08689 0.08689 2 2 0
454.588 0.0868926 0.0868926 2 2 0
454.788 0.0868952 0.0868952 2 2 0
454.988 0.0868979 0.0868979 2 2 0
455.188 0.0869005 0.0869005 2 2 0
455.388 0.0869031 0.0869031 2 2 0
455.588 0.0869057 0.0869057 2 2 0
455.788 0.0869083 0.0869083 2 2 0
455.988 0.0869109 0.0869109 2 2 0
456.188 0.0869135 0.0869135 2 2 0
456.388 0.0869161 0.0869161 2 2 0
456.588 0.0869187 0.0869187 2 2 0
456.788 0.0869213 0.0869213 2 2 0
456.988 0.0869239 0.0869239 2 2 0
457.188 0.0869265 0.0869265 2 2 0
457.388 0.0869291 0.0869291 2 2 0
457.588 0.0869317 0.0869317 2 2 0
457.788 0.0869343 0.0869343 2 2 0
457.988 0.0869368 0.0869368 2 2 0
458.188 0.0869394 0.0869394 2 2 0
458.388 0.086942 0.086942 2 2 0
458.588 0.0869445 0.0869445 2 2 0
458.788 0.0869471 0.0869471 2 2 0
458.988 0.0869497 0.0869497 2 2 0
459.188 0.0869522 0.0869522 2 2 0
459.388 0.0869548 0.0869548 2 2 0
459.588 0.0869574 0.0869574 2 2 0
459.788 0.0869599 0.0869599 2 2 0
459.988 0.0869625 0.0869625 2 2 0
460.188 0.086965 0.086965 2 2 0
460.388 0.0869676 0.0869676 2 2 0
460.588 0.0869701 0.0869701 2 2 0
460.788 0.0869726 0.0869726 2 2 0
460.988 0.0869752 0.0869752 2 2 0
461.188 0.0869777 0.0869777 2 2 0
461.388 0.0869803 0.0869803 2 2 0
461.588 0.0869828 0.0869828 2 2 0
461.788 0.0869853 0.0869853 2 2 0
461.988 0.0869878 0.0869878 2 2 0
462.188 0.0869904 0.0869904 2 2 0
462.388 0.0869929 0.0869929 2 2 0
462.588 0.0869954 0.0869954 2 2 0
462.788 0.0869979 0.0869979 2 2 0
462.988 0.0870004 0.0870004 2 2 0
463.188 0.0870029 0.0870029 2 2 0
463.388 0.0870054 0.0870054 2 2 0
463.588 0.0870079 0.0870079 2 2 0
463.788 0.0870104 0.0870104 2 2 0
463.988 0.0870129 0.0870129 2 2 0
464.188 0.0870154 0.0870154 2 2 0
464.388 0.0870179 0.0870179 2 2 0
464.588 0.0870204 0.0870204 2 2 0
464.788 0.0870229 0.0870229 2 2 0
464.988 0.0870254 0.0870254 2 2 0
465.188 0.0870279 0.0870279 2 2 0
465.388 0.0870303 0.0870303 2 2 0
465.588 0.0870328 0.0870328 2 2 0
465.788 0.0870353 0.0870353 2 2 0
465.988 0.0870378 0.0870378 2 2 0
466.188 0.0870402 0.0870402 2 2 0
466.388 0.0870427 0.0870427 2 2 0
466.588 0.0870452 0.0870452 2 2 0
466.788 0.0870476 0.0870476 2 2 0
466.988 0.0870501 0.0870501 2 2 0
467.188 0.0870525 0.0870525 2 2 0
467.388 0.087055 0.087055 2 2 0
467.588 0.0870575 0.0870575 2 2 0
467.788 0.0870599 0.0870599 2 2 0
467.988 0.0870623 0.0870623 2 2 0
468.188 0.0870648 0.0870648 2 2 0
468.388 0.0870672 0.0870672 2 2 0
468.588 0.0870697 0.0870697 2 2 0
468.788 0.0870721 0.0870721 2 2 0
468.988 0.0870745 0.0870745 2 2 0
469.188 0.087077 0.087077 2 2 0
469.388 0.0870794 0.0870794 2 2 0
469.588 0.0870818 0.0870818 2 2 0
469.788 0.0870842 0.0870842 2 2 0
469.988 0.0870867 0.0870867 2 2 0
470.188 0.0870891 0.0870891 2 2 0
470.388 0.0870915 0.0870915 2 2 0
470.588 0.0870939 0.0870939 2 2 0
470.788 0.0870963 0.0870963 2 2 0
470.988 0.0870987 0.0870987 2 2 0
471.188 0.0871011 0.0871011 2 2 0
471.388 0.0871035 0.0871035 2 2 0
471.588 0.0871059 0.0871059 2 2 0
471.788 0.0871083 0.0871083 2 2 0
471.988 0.0871107 0.0871107 2 2 0
472.188 0.0871131 0.0871131 2 2 0
472.388 0.0871155 0.0871155 2 2 0
472.588 0.0871179 0.0871179 2 2 0
472.788 0.0871203 0.0871203 2 2 0
472.988 0.0871227 0.0871227 2 2 0
473.188 0.0871251 0.0871251 2 2 0
473.388 0.0871274 0.0871274 2 2 0
473.588 0.0871298 0.0871298 2 2 0
473.788 0.0871322 0.0871322 2 2 0
473.988 0.0871346 0.0871346 2 2 0
474.188 0.0871369 0.0871369 2 2 0
474.388 0.0871393 0.0871393 2 2 0
474.588 0.0871417 0.0871417 2 2 0
474.788 0.087144 0.087144 2 2 0
474.988 0.0871464 0.0871464 2 2 0
475.188 0.0871487 0.0871487 2 2 0
475.388 0.0871511 0.0871511 2 2 0
475.588 0.0871535 0.0871535 2 2 0
475.788 0.0871558 0.0871558 2 2 0
475.988 0.0871582 0.0871582 2 2 0
476.188 0.0871605 0.0871605 2 2 0
476.388 0.0871628 0.0871628 2 2 0
476.588 0.0871652 0.0871652 2 2 0
476.788 0.0871675 0.0871675 2 2 0
476.988 0.0871699 0.0871699 2 2 0
477.188 0.0871722 0.0871722 2 2 0
477.388 0.0871745 0.0871745 2 2 0
477.588 0.0871768 0.0871768 2 2 0
477.788 0.0871792 0.0871792 2 2 0
477.988 0.0871815 0.0871815 2 2 0
478.188 0.0871838 0.0871838 2 2 0
478.188 0.0871838 0.0871838 2 2 0
478.228 0.0871843 0.0871843 2 2 0
478.268 0.0871847 0.0871847 2 2 0
478.348 0.0871857 0.0871857 2 2 0
478.508 0.0871875 0.0871875 2 2 0
478.708 0.0871898 0.0871898 2 2 0
478.908 0.0871922 0.0871922 2 2 0
479.108 0.0871945 0.0871945 2 2 0
479.308 0.0871968 0.0871968 2 2 0
479.508 0.0871991 0.0871991 2 2 0
479.708 0.0872014 0.0872014 2 2 0
479.908 0.0872037 0.0872037 2 2 0
480.108 0.087206 0.087206 2 2 0
480.308 0.0872083 0.0872083 2 2 0
480.508 0.0872106 0.0872106 2 2 0
480.708 0.0872129 0.0872129 2 2 0
480.908 0.0872152 0.0872152 2 2 0
481.108 0.0872174 0.0872174 2 2 0
481.308 0.0872197 0.0872197 2 2 0
481.508 0.087222 0.087222 2 2 0
481.708 0.0872243 0.0872243 2 2 0
481.908 0.0872266 0.0872266 2 2 0
482.108 0.0872288 0.0872288 2 2 0
482.308 0.0872311 0.0872311 2 2 0
482.508 0.0872334 0.0872334 2 2 0
482.708 0.0872357 0.0872357 2 2 0
482.908 0.0872379 0.0872379 2 2 0
483.108 0.0872402 0.0872402 2 2 0
483.308 0.0872425 0.0872425 2 2 0
483.508 0.0872447 0.0872447 2 2 0
483.708 0.087247 0.087247 2 2 0
483.908 0.0872492 0.0872492 2 2 0
484.108 0.0872515 0.0872515 2 2 0
484.308 0.0872537 0.0872537 2 2 0
484.508 0.087256 0.087256 2 2 0
484.708 0.0872582 0.0872582 2 2 0
484.908 0.0872605 0.0872605 2 2 0
485.108 0.0872627 0.0872627 2 2 0
485.308 0.087265 0.087265 2 2 0
485.508 0.0872672 0.0872672 2 2 0
485.708 0.0872694 0.0872694 2 2 0
485.908 0.0872717 0.0872717 2 2 0
486.108 0.0872739 0.0872739 2 2 0
486.308 0.0872761 0.0872761 2 2 0
486.508 0.0872783 0.0872783 2 2 0
486.708 0.0872806 0.0872806 2 2 0
486.908 0.0872828 0.0872828 2 2 0
487.108 0.087285 0.087285 2 2 0
487.308 0.0872872 0.0872872 2 2 0
487.508 0.0872894 0.0872894 2 2 0
487.708 0.0872917 0.0872917 2 2 0
487.908 0.0872939 0.0872939 2 2 0
488.108 0.0872961 0.0872961 2 2 0
488.308 0.0872983 0.0872983 2 2 0
488.508 0.0873005 0.0873005 2 2 0
488.708 0.0873027 0.0873027 2 2 0
488.908 0.0873049 0.0873049 2 2 0
489.108 0.0873071 0.0873071 2 2 0
489.308 0.0873093 0.0873093 2 2 0
489.508 0.0873115 0.0873115 2 2 0
489.708 0.0873137 0.0873137 2 2 0
489.908 0.0873159 0.0873159 2 2 0
490.108 0.0873181 0.0873181 2 2 0
490.308 0.0873202 0.0873202 2 2 0
490.508 0.0873224 0.0873224 2 2 0
490.708 0.0873246 0.0873246 2 2 0
490.908 0.0873268 0.0873268 2 2 0
491.108 0.087329 0.087329 2 2 0
491.308 0.0873311 0.0873311 2 2 0
491.508 0.0873333 0.0873333 2 2 0
491.708 0.0873355 0.0873355 2 2 0
491.908 0.0873376 0.0873376 2 2 0
492.108 0.0873398 0.0873398 2 2 0
492.308 0.087342 0.087342 2 2 0
492.508 0.0873441 0.0873441 2 2 0
492.708 0.0873463 0.0873463 2 2 0
492.908 0.0873485 0.0873485 2 2 0
493.108 0.0873506 0.0873506 2 2 0
493.308 0.0873528 0.0873528 2 2 0
493.508 0.0873549 0.0873549 2 2 0
493.708 0.0873571 0.0873571 2 2 0
493.908 0.0873592 0.0873592 2 2 0
494.108 0.0873614 0.0873614 2 2 0
494.308 0.0873635 0.0873635 2 2 0
494.508 0.0873656 0.0873656 2 2 0
494.708 0.0873678 0.0873678 2 2 0
494.908 0.0873699 0.0873699 2 2 0
495.108 0.0873721 0.0873721 2 2 0
495.308 0.0873742 0.0873742 2 2 0
495.508 0.0873763 0.0873763 2 2 0
495.708 0.0873784 0.0873784 2 2 0
495.908 0.0873806 0.0873806 2 2 0
496.108 0.0873827 0.0873827 2 2 0
496.308 0.0873848 0.0873848 2 2 0
496.508 0.0873869 0.0873869 2 2 0
496.708 0.0873891 0.0873891 2 2 0
496.908 0.0873912 0.0873912 2 2 0
497.108 0.0873933 0.0873933 2 2 0
497.308 0.0873954 0.0873954 2 2 0
497.508 0.0873975 0.0873975 2 2 0
497.708 0.0873996 0.0873996 2 2 0
497.908 0.0874017 0.0874017 2 2 0
498.108 0.0874038 0.0874038 2 2 0
498.308 0.0874059 0.0874059 2 2 0
498.508 0.087408 0.087408 2 2 0
498.708 0.0874101 0.0874101 2 2 0
498.908 0.0874122 0.0874122 2 2 0
499.108 0.0874143 0.0874143 2 2 0
499.308 0.0874164 0.0874164 2 2 0
499.508 0.0874185 0.0874185 2 2 0
499.708 0.0874206 0.0874206 2 2 0
499.908 0.0874227 0.0874227 2 2 0
500.108 0.0874248 0.0874248 2 2 0
500.308 0.0874268 0.0874268 2 2 0
500.508 0.0874289 0.0874289 2 2 0
500.708 0.087431 0.087431 2 2 0
500.908 0.0874331 0.0874331 2 2 0
501.108 0.0874351 0.0874351 2 2 0
501.308 0.0874372 0.0874372 2 2 0
501.508 0.0874393 0.0874393 2 2 0
501.708 0.0874414 0.0874414 2 2 0
501.908 0.0874434 0.0874434 2 2 0
502.108 0.0874455 0.0874455 2 2 0
502.308 0.0874475 0.0874475 2 2 0
502.508 0.0874496 0.0874496 2 2 0
502.708 0.0874517 0.0874517 2 2 0
502.908 0.0874537 0.0874537 2 2 0
503.108 0.0874558 0.0874558 2 2 0
503.308 0.0874578 0.0874578 2 2 0
503.508 0.0874599 0.0874599 2 2 0
503.708 0.0874619 0.0874619 2 2 0
503.908 0.087464 0.087464 2 2 0
504.108 0.087466 0.087466 2 2 0
504.308 0.0874681 0.0874681 2 2 0
504.508 0.0874701 0.0874701 2 2 0
504.708 0.0874721 0.0874721 2 2 0
504.908 0.0874742 0.0874742 2 2 0
505.108 0.0874762 0.0874762 2 2 0
505.308 0.0874782 0.0874782 2 2 0
505.508 0.0874803 0.0874803 2 2 0
505.708 0.0874823 0.0874823 2 2 0
505.908 0.0874843 0.0874843 2 2 0
506.108 0.0874864 0.0874864 2 2 0
506.308 0.0874884 0.0874884 2 2 0
506.508 0.0874904 0.0874904 2 2 0
506.708 0.0874924 0.0874924 2 2 0
506.908 0.0874944 0.0874944 2 2 0
507.108 0.0874965 0.0874965 2 2 0
507.308 0.0874985 0.0874985 2 2 0
507.508 0.0875005 0.0875005 2 2 0
507.708 0.0875025 0.0875025 2 2 0
507.908 0.0875045 0.0875045 2 2 0
508.108 0.0875065 0.0875065 2 2 0
508.308 0.0875085 0.0875085 2 2 0
508.508 0.0875105 0.0875105 2 2 0
508.708 0.0875125 0.0875125 2 2 0
508.908 0.0875145 0.0875145 2 2 0
509.108 0.0875165 0.0875165 2 2 0
509.308 0.0875185 0.0875185 2 2 0
509.508 0.0875205 0.0875205 2 2 0
509.708 0.0875225 0.0875225 2 2 0
509.908 0.0875245 0.0875245 2 2 0
510.108 0.0875265 0.0875265 2 2 0
510.308 0.0875285 0.0875285 2 2 0
510.508 0.0875304 0.0875304 2 2 0
510.708 0.0875324 0.0875324 2 2 0
510.908 0.0875344 0.0875344 2 2 0
511.108 0.0875364 0.0875364 2 2 0
511.308 0.0875384 0.0875384 2 2 0
511.508 0.0875403 0.0875403 2 2 0
511.708 0.0875423 0.0875423 2 2 0
511.908 0.0875443 0.0875443 2 2 0
512.108 0.0875462 0.0875462 2 2 0
512.308 0.0875482 0.0875482 2 2 0
512.508 0.0875502 0.0875502 2 2 0
512.708 0.0875521 0.0875521 2 2 0
512.908 0.0875541 0.0875541 2 2 0
513.108 0.0875561 0.0875561 2 2 0
513.308 0.087558 0.087558 2 2 0
513.508 0.08756 0.08756 2 2 0
513.708 0.0875619 0.0875619 2 2 0
513.908 0.0875639 0.0875639 2 2 0
514.108 0.0875658 0.0875658 2 2 0
514.308 0.0875678 0.0875678 2 2 0
514.508 0.0875697 0.0875697 2 2 0
514.708 0.0875717 0.0875717 2 2 0
514.908 0.0875736 0.0875736 2 2 0
515.108 0.0875756 0.0875756 2 2 0
515.308 0.0875775 0.0875775 2 2 0
515.508 0.0875794 0.0875794 2 2 0
515.708 0.0875814 0.0875814 2 2 0
515.908 0.0875833 0.0875833 2 2 0
516.108 0.0875852 0.0875852 2 2 0
516.308 0.0875872 0.0875872 2 2 0
516.508 0.0875891 0.0875891 2 2 0
516.708 0.087591 0.087591 2 2 0
516.908 0.087593 0.087593 2 2 0
517.108 0.0875949 0.0875949 2 2 0
517.308 0.0875968 0.0875968 2 2 0
517.508 0.0875987 0.0875987 2 2 0
517.508 0.0875987 0.0875987 2 2 0
517.548 0.0875991 0.0875991 2 2 0
517.588 0.0875995 0.0875995 2 2 0
517.668 0.0876003 0.0876003 2 2 0
517.828 0.0876018 0.0876018 2 2 0
518.028 0.0876037 0.0876037 2 2 0
518.228 0.0876056 0.0876056 2 2 0
518.428 0.0876075 0.0876075 2 2 0
518.628 0.0876095 0.0876095 2 2 0
518.828 0.0876114 0.0876114 2 2 0
519.028 0.0876133 0.0876133 2 2 0
519.228 0.0876152 0.0876152 2 2 0
519.428 0.0876171 0.0876171 2 2 0
519.628 0.087619 0.087619 2 2 0
519.828 0.0876209 0.0876209 2 2 0
520.028 0.0876228 0.0876228 2 2 0
520.228 0.0876247 0.0876247 2 2 0
520.428 0.0876266 0.0876266 2 2 0
520.628 0.0876285 0.0876285 2 2 0
520.828 0.0876304 0.0876304 2 2 0
521.028 0.0876322 0.0876322 2 2 0
521.228 0.0876341 0.0876341 2 2 0
521.428 0.087636 0.087636 2 2 0
521.628 0.0876379 0.0876379 2 2 0
521.828 0.0876398 0.0876398 2 2 0
522.028 0.0876417 0.0876417 2 2 0
522.228 0.0876436 0.0876436 2 2 0
522.428 0.0876454 0.0876454 2 2 0
522.628 0.0876473 0.0876473 2 2 0
522.828 0.0876492 0.0876492 2 2 0
523.028 0.0876511 0.0876511 2 2 0
523.228 0.0876529 0.0876529 2 2 0
523.428 0.0876548 0.0876548 2 2 0
523.628 0.0876567 0.0876567 2 2 0
523.828 0.0876585 0.0876585 2 2 0
524.028 0.0876604 0.0876604 2 2 0
524.228 0.0876623 0.0876623 2 2 0
524.428 0.0876641 0.0876641 2 2 0
524.628 0.087666 0.087666 2 2 0
524.828 0.0876678 0.0876678 2 2 0
525.028 0.0876697 0.0876697 2 2 0
525.228 0.0876715 0.0876715 2 2 0
525.428 0.0876734 0.0876734 2 2 0
525.628 0.0876753 0.0876753 2 2 0
525.828 0.0876771 0.0876771 2 2 0
526.028 0.0876789 0.0876789 2 2 0
526.228 0.0876808 0.0876808 2 2 0
526.428 0.0876826 0.0876826 2 2 0
526.628 0.0876845 0.0876845 2 2 0
526.828 0.0876863 0.0876863 2 2 0
527.028 0.0876882 0.0876882 2 2 0
527.228 0.08769 0.08769 2 2 0
527.428 0.0876918 0.0876918 2 2 0
527.628 0.0876937 0.0876937 2 2 0
527.828 0.0876955 0.0876955 2 2 0
528.028 0.0876973 0.0876973 2 2 0
528.228 0.0876992 0.0876992 2 2 0
528.428 0.087701 0.087701 2 2 0
528.628 0.0877028 0.0877028 2 2 0
528.828 0.0877046 0.0877046 2 2 0
529.028 0.0877065 0.0877065 2 2 0
529.228 0.0877083 0.0877083 2 2 0
529.428 0.0877101 0.0877101 2 2 0
529.628 0.0877119 0.0877119 2 2 0
529.828 0.0877137 0.0877137 2 2 0
530.028 0.0877156 0.0877156 2 2 0
530.228 0.0877174 0.0877174 2 2 0
530.428 0.0877192 0.0877192 2 2 0
530.628 0.087721 0.087721 2 2 0
530.828 0.0877228 0.0877228 2 2 0
531.028 0.0877246 0.0877246 2 2 0
531.228 0.0877264 0.0877264 2 2 0
531.428 0.0877282 0.0877282 2 2 0
531.628 0.08773 0.08773 2 2 0
531.828 0.0877318 0.0877318 2 2 0
532.028 0.0877336 0.0877336 2 2 0
532.228 0.0877354 0.0877354 2 2 0
532.428 0.0877372 0.0877372 2 2 0
532.628 0.087739 0.087739 2 2 0
532.828 0.0877408 0.0877408 2 2 0
533.028 0.0877426 0.0877426 2 2 0
533.228 0.0877444 0.0877444 2 2 0
533.428 0.0877462 0.0877462 2 2 0
533.628 0.087748 0.087748 2 2 0
533.828 0.0877497 0.0877497 2 2 0
534.028 0.0877515 0.0877515 2 2 0
534.228 0.0877533 0.0877533 2 2 0
534.428 0.0877551 0.0877551 2 2 0
534.628 0.0877569 0.0877569 2 2 0
534.828 0.0877586 0.0877586 2 2 0
535.028 0.0877604 0.0877604 2 2 0
535.228 0.0877622 0.0877622 2 2 0
535.428 0.087764 0.087764 2 2 0
535.628 0.0877657 0.0877657 2 2 0
535.828 0.0877675 0.0877675 2 2 0
536.028 0.0877693 0.0877693 2 2 0
536.228 0.087771 0.087771 2 2 0
536.428 0.0877728 0.0877728 2 2 0
536.628 0.0877746 0.0877746 2 2 0
536.828 0.0877763 0.0877763 2 2 0
537.028 0.0877781 0.0877781 2 2 0
537.228 0.0877798 0.0877798 2 2 0
537.428 0.0877816 0.0877816 2 2 0
537.628 0.0877833 0.0877833 2 2 0
537.828 0.0877851 0.0877851 2 2 0
538.028 0.0877869 0.0877869 2 2 0
538.228 0.0877886 0.0877886 2 2 0
538.428 0.0877904 0.0877904 2 2 0
538.628 0.0877921 0.0877921 2 2 0
538.828 0.0877938 0.0877938 2 2 0
539.028 0.0877956 0.0877956 2 2 0
539.228 0.0877973 0.0877973 2 2 0
539.428 0.0877991 0.0877991 2 2 0
539.628 0.0878008 0.0878008 2 2 0
539.828 0.0878026 0.0878026 2 2 0
540.028 0.0878043 0.0878043 2 2 0
540.228 0.087806 0.087806 2 2 0
540.428 0.0878078 0.0878078 2 2 0
540.628 0.0878095 0.0878095 2 2 0
540.828 0.0878112 0.0878112 2 2 0
541.028 0.087813 0.087813 2 2 0
541.228 0.0878147 0.0878147 2 2 0
541.428 0.0878164 0.0878164 2 2 0
541.628 0.0878181 0.0878181 2 2 0
541.828 0.0878199 0.0878199 2 2 0
542.028 0.0878216 0.0878216 2 2 0
542.228 0.0878233 0.0878233 2 2 0
542.428 0.087825 0.087825 2 2 0
542.628 0.0878267 0.0878267 2 2 0
542.828 0.0878284 0.0878284 2 2 0
543.028 0.0878302 0.0878302 2 2 0
543.228 0.0878319 0.0878319 2 2 0
543.428 0.0878336 0.0878336 2 2 0
543.629 0.0878353 0.0878353 2 2 0
543.829 0.087837 0.087837 2 2 0
544.029 0.0878387 0.0878387 2 2 0
544.229 0.0878404 0.0878404 2 2 0
544.429 0.0878421 0.0878421 2 2 0
544.629 0.0878438 0.0878438 2 2 0
544.829 0.0878455 0.0878455 2 2 0
545.029 0.0878472 0.0878472 2 2 0
545.229 0.0878489 0.0878489 2 2 0
545.429 0.0878506 0.0878506 2 2 0
545.629 0.0878523 0.0878523 2 2 0
545.829 0.087854 0.087854 2 2 0
546.029 0.0878557 0.0878557 2 2 0
546.229 0.0878574 0.0878574 2 2 0
546.429 0.0878591 0.0878591 2 2 0
546.629 0.0878608 0.0878608 2 2 0
546.829 0.0878625 0.0878625 2 2 0
547.029 0.0878641 0.0878641 2 2 0
547.229 0.0878658 0.0878658 2 2 0
547.429 0.0878675 0.0878675 2 2 0
547.629 0.0878692 0.0878692 2 2 0
547.829 0.0878709 0.0878709 2 2 0
548.029 0.0878725 0.0878725 2 2 0
548.229 0.0878742 0.0878742 2 2 0
548.429 0.0878759 0.0878759 2 2 0
548.629 0.0878776 0.0878776 2 2 0
548.829 0.0878792 0.0878792 2 2 0
549.029 0.0878809 0.0878809 2 2 0
549.229 0.0878826 0.0878826 2 2 0
549.429 0.0878842 0.0878842 2 2 0
549.629 0.0878859 0.0878859 2 2 0
549.829 0.0878876 0.0878876 2 2 0
550.029 0.0878892 0.0878892 2 2 0
550.229 0.0878909 0.0878909 2 2 0
550.429 0.0878926 0.0878926 2 2 0
550.629 0.0878942 0.0878942 2 2 0
550.829 0.0878959 0.0878959 2 2 0
551.029 0.0878975 0.0878975 2 2 0
551.229 0.0878992 0.0878992 2 2 0
551.429 0.0879008 0.0879008 2 2 0
551.629 0.0879025 0.0879025 2 2 0
551.829 0.0879041 0.0879041 2 2 0
552.029 0.0879058 0.0879058 2 2 0
552.229 0.0879074 0.0879074 2 2 0
552.429 0.0879091 0.0879091 2 2 0
552.629 0.0879107 0.0879107 2 2 0
552.829 0.0879124 0.0879124 2 2 0
553.029 0.087914 0.087914 2 2 0
553.229 0.0879157 0.0879157 2 2 0
553.429 0.0879173 0.0879173 2 2 0
553.629 0.0879189 0.0879189 2 2 0
553.829 0.0879206 0.0879206 2 2 0
554.029 0.0879222 0.0879222 2 2 0
554.229 0.0879239 0.0879239 2 2 0
554.429 0.0879255 0.0879255 2 2 0
554.629 0.0879271 0.0879271 2 2 0
554.829 0.0879287 0.0879287 2 2 0
555.029 0.0879304 0.0879304 2 2 0
555.229 0.087932 0.087932 2 2 0
555.429 0.0879336 0.0879336 2 2 0
555.629 0.0879353 0.0879353 2 2 0
555.829 0.0879369 0.0879369 2 2 0
556.029 0.0879385 0.0879385 2 2 0
556.229 0.0879401 0.0879401 2 2 0
556.429 0.0879417 0.0879417 2 2 0
556.629 0.0879434 0.0879434 2 2 0
556.829 0.087945 0.087945 2 2 0
556.829 0.087945 0.087945 2 2 0
556.869 0.0879453 0.0879453 2 2 0
556.909 0.0879456 0.0879456 2 2 0
556.989 0.0879463 0.0879463 2 2 0
557.149 0.0879476 0.0879476 2 2 0
557.349 0.0879492 0.0879492 2 2 0
557.549 0.0879508 0.0879508 2 2 0
557.749 0.0879524 0.0879524 2 2 0
557.949 0.087954 0.087954 2 2 0
558.149 0.0879556 0.0879556 2 2 0
558.349 0.0879572 0.0879572 2 2 0
558.549 0.0879588 0.0879588 2 2 0
558.749 0.0879604 0.0879604 2 2 0
558.949 0.087962 0.087962 2 2 0
559.149 0.0879636 0.0879636 2 2 0
559.349 0.0879652 0.0879652 2 2 0
559.549 0.0879668 0.0879668 2 2 0
559.749 0.0879684 0.0879684 2 2 0
559.949 0.08797 0.08797 2 2 0
560.149 0.0879716 0.0879716 2 2 0
560.349 0.0879732 0.0879732 2 2 0
560.549 0.0879748 0.0879748 2 2 0
560.749 0.0879764 0.0879764 2 2 0
560.949 0.087978 0.087978 2 2 0
561.149 0.0879796 0.0879796 2 2 0
561.349 0.0879811 0.0879811 2 2 0
561.549 0.0879827 0.0879827 2 2 0
561.749 0.0879843 0.0879843 2 2 0
561.949 0.0879859 0.0879859 2 2 0
562.149 0.0879875 0.0879875 2 2 0
562.349 0.0879891 0.0879891 2 2 0
562.549 0.0879906 0.0879906 2 2 0
562.749 0.0879922 0.0879922 2 2 0
562.949 0.0879938 0.0879938 2 2 0
563.149 0.0879954 0.0879954 2 2 0
563.349 0.0879969 0.0879969 2 2 0
563.549 0.0879985 0.0879985 2 2 0
563.749 0.0880001 0.0880001 2 2 0
563.949 0.0880016 0.0880016 2 2 0
564.149 0.0880032 0.0880032 2 2 0
564.349 0.0880048 0.0880048 2 2 0
564.549 0.0880063 0.0880063 2 2 0
564.749 0.0880079 0.0880079 2 2 0
564.949 0.0880095 0.0880095 2 2 0
565.149 0.088011 0.088011 2 2 0
565.349 0.0880126 0.0880126 2 2 0
565.549 0.0880141 0.0880141 2 2 0
565.749 0.0880157 0.0880157 2 2 0
565.949 0.0880173 0.0880173 2 2 0
566.149 0.0880188 0.0880188 2 2 0
566.349 0.0880204 0.0880204 2 2 0
566.549 0.0880219 0.0880219 2 2 0
566.749 0.0880235 0.0880235 2 2 0
566.949 0.088025 0.088025 2 2 0
567.149 0.0880266 0.0880266 2 2 0
567.349 0.0880281 0.0880281 2 2 0
567.549 0.0880297 0.0880297 2 2 0
567.749 0.0880312 0.0880312 2 2 0
567.949 0.0880328 0.0880328 2 2 0
568.149 0.0880343 0.0880343 2 2 0
568.349 0.0880358 0.0880358 2 2 0
568.549 0.0880374 0.0880374 2 2 0
568.749 0.0880389 0.0880389 2 2 0
568.949 0.0880405 0.0880405 2 2 0
569.149 0.088042 0.088042 2 2 0
569.349 0.0880435 0.0880435 2 2 0
569.549 0.0880451 0.0880451 2 2 0
569.749 0.0880466 0.0880466 2 2 0
569.949 0.0880481 0.0880481 2 2 0
570.149 0.0880496 0.0880496 2 2 0
570.349 0.0880512 0.0880512 2 2 0
570.549 0.0880527 0.0880527 2 2 0
570.749 0.0880542 0.0880542 2 2 0
570.949 0.0880558 0.0880558 2 2 0
571.149 0.0880573 0.0880573 2 2 0
571.349 0.0880588 0.0880588 2 2 0
571.549 0.0880603 0.0880603 2 2 0
571.749 0.0880618 0.0880618 2 2 0
571.949 0.0880634 0.0880634 2 2 0
572.149 0.0880649 0.0880649 2 2 0
572.349 0.0880664 0.0880664 2 2 0
572.549 0.0880679 0.0880679 2 2 0
572.749 0.0880694 0.0880694 2 2 0
572.949 0.0880709 0.0880709 2 2 0
573.149 0.0880724 0.0880724 2 2 0
573.349 0.088074 0.088074 2 2 0
573.549 0.0880755 0.0880755 2 2 0
573.749 0.088077 0.088077 2 2 0
573.949 0.0880785 0.0880785 2 2 0
574.149 0.08808 0.08808 2 2 0
574.349 0.0880815 0.0880815 2 2 0
574.549 0.088083 0.088083 2 2 0
574.749 0.0880845 0.0880845 2 2 0
574.949 0.088086 0.088086 2 2 0
575.149 0.0880875 0.0880875 2 2 0
575.349 0.088089 0.088089 2 2 0
575.549 0.0880905 0.0880905 2 2 0
575.749 0.088092 0.088092 2 2 0
575.949 0.0880935 0.0880935 2 2 0
576.149 0.088095 0.088095 2 2 0
576.349 0.0880965 0.0880965 2 2 0
576.549 0.0880979 0.0880979 2 2 0
576.749 0.0880994 0.0880994 2 2 0
576.949 0.0881009 0.0881009 2 2 0
577.149 0.0881024 0.0881024 2 2 0
577.349 0.0881039 0.0881039 2 2 0
577.549 0.0881054 0.0881054 2 2 0
577.749 0.0881069 0.0881069 2 2 0
577.949 0.0881083 0.0881083 2 2 0
578.149 0.0881098 0.0881098 2 2 0
578.349 0.0881113 0.0881113 2 2 0
578.549 0.0881128 0.0881128 2 2 0
578.749 0.0881143 0.0881143 2 2 0
578.949 0.0881157 0.0881157 2 2 0
579.149 0.0881172 0.0881172 2 2 0
579.349 0.0881187 0.0881187 2 2 0
579.549 0.0881202 0.0881202 2 2 0
579.749 0.0881216 0.0881216 2 2 0
579.949 0.0881231 0.0881231 2 2 0
580.149 0.0881246 0.0881246 2 2 0
580.349 0.088126 0.088126 2 2 0
580.549 0.0881275 0.0881275 2 2 0
580.749 0.088129 0.088129 2 2 0
580.949 0.0881304 0.0881304 2 2 0
581.149 0.0881319 0.0881319 2 2 0
581.349 0.0881334 0.0881334 2 2 0
581.549 0.0881348 0.0881348 2 2 0
581.749 0.0881363 0.0881363 2 2 0
581.949 0.0881377 0.0881377 2 2 0
582.149 0.0881392 0.0881392 2 2 0
582.349 0.0881407 0.0881407 2 2 0
582.549 0.0881421 0.0881421 2 2 0
582.749 0.0881436 0.0881436 2 2 0
582.949 0.088145 0.088145 2 2 0
583.149 0.0881465 0.0881465 2 2 0
583.349 0.0881479 0.0881479 2 2 0
583.549 0.0881494 0.0881494 2 2 0
583.749 0.0881508 0.0881508 2 2 0
583.949 0.0881523 0.0881523 2 2 0
584.149 0.0881537 0.0881537 2 2 0
584.349 0.0881552 0.0881552 2 2 0
584.549 0.0881566 0.0881566 2 2 0
584.749 0.088158 0.088158 2 2 0
584.949 0.0881595 0.0881595 2 2 0
585.149 0.0881609 0.0881609 2 2 0
585.349 0.0881624 0.0881624 2 2 0
585.549 0.0881638 0.0881638 2 2 0
585.749 0.0881652 0.0881652 2 2 0
585.949 0.0881667 0.0881667 2 2 0
586.149 0.0881681 0.0881681 2 2 0
586.349 0.0881695 0.0881695 2 2 0
586.549 0.088171 0.088171 2 2 0
586.749 0.0881724 0.0881724 2 2 0
586.949 0.0881738 0.0881738 2 2 0
587.149 0.0881753 0.0881753 2 2 0
587.349 0.0881767 0.0881767 2 2 0
587.549 0.0881781 0.0881781 2 2 0
587.749 0.0881795 0.0881795 2 2 0
587.949 0.088181 0.088181 2 2 0
588.149 0.0881824 0.0881824 2 2 0
588.349 0.0881838 0.0881838 2 2 0
588.549 0.0881852 0.0881852 2 2 0
588.749 0.0881867 0.0881867 2 2 0
588.949 0.0881881 0.0881881 2 2 0
589.149 0.0881895 0.0881895 2 2 0
589.349 0.0881909 0.0881909 2 2 0
589.549 0.0881923 0.0881923 2 2 0
589.749 0.0881937 0.0881937 2 2 0
589.949 0.0881951 0.0881951 2 2 0
590.149 0.0881966 0.0881966 2 2 0
590.349 0.088198 0.088198 2 2 0
590.549 0.0881994 0.0881994 2 2 0
590.749 0.0882008 0.0882008 2 2 0
590.949 0.0882022 0.0882022 2 2 0
591.149 0.0882036 0.0882036 2 2 0
591.349 0.088205 0.088205 2 2 0
591.549 0.0882064 0.0882064 2 2 0
591.749 0.0882078 0.0882078 2 2 0
591.949 0.0882092 0.0882092 2 2 0
592.149 0.0882106 0.0882106 2 2 0
592.349 0.088212 0.088212 2 2 0
592.549 0.0882134 0.0882134 2 2 0
592.749 0.0882148 0.0882148 2 2 0
592.949 0.0882162 0.0882162 2 2 0
593.149 0.0882176 0.0882176 2 2 0
593.349 0.088219 0.088219 2 2 0
593.549 0.0882204 0.0882204 2 2 0
593.749 0.0882218 0.0882218 2 2 0
593.949 0.0882232 0.0882232 2 2 0
594.149 0.0882246 0.0882246 2 2 0
594.349 0.088226 0.088226 2 2 0
594.549 0.0882273 0.0882273 2 2 0
594.749 0.0882287 0.0882287 2 2 0
594.949 0.0882301 0.0882301 2 2 0
595.149 0.0882315 0.0882315 2 2 0
595.349 0.0882329 0.0882329 2 2 0
595.549 0.0882343 0.0882343 2 2 0
595.749 0.0882357 0.0882357 2 2 0
595.949 0.088237 0.088237 2 2 0
596.149 0.0882384 0.0882384 2 2 0
596.149 0.0882384 0.0882384 2 2 0
596.189 0.0882387 0.0882387 2 2 0
596.229 0.088239 0.088239 2 2 0
596.309 0.0882395 0.0882395 2 2 0
596.469 0.0882406 0.0882406 2 2 0
596.669 0.088242 0.088242 2 2 0
596.869 0.0882434 0.0882434 2 2 0
597.069 0.0882447 0.0882447 2 2 0
597.269 0.0882461 0.0882461 2 2 0
597.469 0.0882475 0.0882475 2 2 0
597.669 0.0882489 0.0882489 2 2 0
597.869 0.0882502 0.0882502 2 2 0
598.069 0.0882516 0.0882516 2 2 0
598.269 0.088253 0.088253 2 2 0
598.469 0.0882543 0.0882543 2 2 0
598.669 0.0882557 0.0882557 2 2 0
598.869 0.0882571 0.0882571 2 2 0
599.069 0.0882584 0.0882584 2 2 0
599.269 0.0882598 0.0882598 2 2 0
599.469 0.0882612 0.0882612 2 2 0
599.669 0.0882625 0.0882625 2 2 0
599.869 0.0882639 0.0882639 2 2 0
600.069 0.0882652 0.0882652 2 2 0
600.269 0.0882666 0.0882666 2 2 0
600.469 0.088268 0.088268 2 2 0
600.669 0.0882693 0.0882693 2 2 0
600.869 0.0882707 0.0882707 2 2 0
601.069 0.088272 0.088272 2 2 0
601.269 0.0882734 0.0882734 2 2 0
601.469 0.0882747 0.0882747 2 2 0
601.669 0.0882761 0.0882761 2 2 0
601.869 0.0882774 0.0882774 2 2 0
602.069 0.0882788 0.0882788 2 2 0
602.269 0.0882801 0.0882801 2 2 0
602.469 0.0882815 0.0882815 2 2 0
602.669 0.0882828 0.0882828 2 2 0
602.869 0.0882842 0.0882842 2 2 0
603.069 0.0882855 0.0882855 2 2 0
603.269 0.0882868 0.0882868 2 2 0
603.469 0.0882882 0.0882882 2 2 0
603.669 0.0882895 0.0882895 2 2 0
603.869 0.0882909 0.0882909 2 2 0
604.069 0.0882922 0.0882922 2 2 0
604.269 0.0882935 0.0882935 2 2 0
604.469 0.0882949 0.0882949 2 2 0
604.669 0.0882962 0.0882962 2 2 0
604.869 0.0882975 0.0882975 2 2 0
605.069 0.0882989 0.0882989 2 2 0
605.269 0.0883002 0.0883002 2 2 0
605.469 0.0883015 0.0883015 2 2 0
605.669 0.0883029 0.0883029 2 2 0
605.869 0.0883042 0.0883042 2 2 0
606.069 0.0883055 0.0883055 2 2 0
606.269 0.0883069 0.0883069 2 2 0
606.469 0.0883082 0.0883082 2 2 0
606.669 0.0883095 0.0883095 2 2 0
606.869 0.0883108 0.0883108 2 2 0
607.069 0.0883121 0.0883121 2 2 0
607.269 0.0883135 0.0883135 2 2 0
607.469 0.0883148 0.0883148 2 2 0
607.669 0.0883161 0.0883161 2 2 0
607.869 0.0883174 0.0883174 2 2 0
608.069 0.0883187 0.0883187 2 2 0
608.269 0.0883201 0.0883201 2 2 0
608.469 0.0883214 0.0883214 2 2 0
608.669 0.0883227 0.0883227 2 2 0
608.869 0.088324 0.088324 2 2 0
609.069 0.0883253 0.0883253 2 2 0
609.269 0.0883266 0.0883266 2 2 0
609.469 0.0883279 0.0883279 2 2 0
609.669 0.0883293 0.0883293 2 2 0
609.869 0.0883306 0.0883306 2 2 0
610.069 0.0883319 0.0883319 2 2 0
610.269 0.0883332 0.0883332 2 2 0
610.469 0.0883345 0.0883345 2 2 0
610.669 0.0883358 0.0883358 2 2 0
610.869 0.0883371 0.0883371 2 2 0
611.069 0.0883384 0.0883384 2 2 0
611.269 0.0883397 0.0883397 2 2 0
611.469 0.088341 0.088341 2 2 0
611.669 0.0883423 0.0883423 2 2 0
611.869 0.0883436 0.0883436 2 2 0
612.069 0.0883449 0.0883449 2 2 0
612.269 0.0883462 0.0883462 2 2 0
612.469 0.0883475 0.0883475 2 2 0
612.669 0.0883488 0.0883488 2 2 0
612.869 0.0883501 0.0883501 2 2 0
613.069 0.0883514 0.0883514 2 2 0
613.269 0.0883527 0.0883527 2 2 0
613.469 0.088354 0.088354 2 2 0
613.669 0.0883553 0.0883553 2 2 0
613.869 0.0883565 0.0883565 2 2 0
614.069 0.0883578 0.0883578 2 2 0
614.269 0.0883591 0.0883591 2 2 0
614.469 0.0883604 0.0883604 2 2 0
614.669 0.0883617 0.0883617 2 2 0
614.869 0.088363 0.088363 2 2 0
615.069 0.0883643 0.0883643 2 2 0
615.269 0.0883655 0.0883655 2 2 0
615.469 0.0883668 0.0883668 2 2 0
615.669 0.0883681 0.0883681 2 2 0
615.869 0.0883694 0.0883694 2 2 0
616.069 0.0883707 0.0883707 2 2 0
616.269 0.0883719 0.0883719 2 2 0
616.469 0.0883732 0.0883732 2 2 0
616.669 0.0883745 0.0883745 2 2 0
616.869 0.0883758 0.0883758 2 2 0
617.069 0.088377 0.088377 2 2 0
617.269 0.0883783 0.0883783 2 2 0
617.469 0.0883796 0.0883796 2 2 0
617.669 0.0883809 0.0883809 2 2 0
617.869 0.0883821 0.0883821 2 2 0
618.069 0.0883834 0.0883834 2 2 0
618.269 0.0883847 0.0883847 2 2 0
618.469 0.0883859 0.0883859 2 2 0
618.669 0.0883872 0.0883872 2 2 0
618.869 0.0883885 0.0883885 2 2 0
619.069 0.0883897 0.0883897 2 2 0
619.269 0.088391 0.088391 2 2 0
619.469 0.0883923 0.0883923 2 2 0
619.669 0.0883935 0.0883935 2 2 0
619.869 0.0883948 0.0883948 2 2 0
620.069 0.088396 0.088396 2 2 0
620.269 0.0883973 0.0883973 2 2 0
620.469 0.0883986 0.0883986 2 2 0
620.669 0.0883998 0.0883998 2 2 0
620.869 0.0884011 0.0884011 2 2 0
621.069 0.0884023 0.0884023 2 2 0
621.269 0.0884036 0.0884036 2 2 0
621.469 0.0884048 0.0884048 2 2 0
621.669 0.0884061 0.0884061 2 2 0
621.869 0.0884073 0.0884073 2 2 0
622.069 0.0884086 0.0884086 2 2 0
622.269 0.0884098 0.0884098 2 2 0
622.469 0.0884111 0.0884111 2 2 0
622.669 0.0884123 0.0884123 2 2 0
622.869 0.0884136 0.0884136 2 2 0
623.069 0.0884148 0.0884148 2 2 0
623.269 0.0884161 0.0884161 2 2 0
623.469 0.0884173 0.0884173 2 2 0
623.669 0.0884186 0.0884186 2 2 0
623.869 0.0884198 0.0884198 2 2 0
624.069 0.0884211 0.0884211 2 2 0
624.269 0.0884223 0.0884223 2 2 0
624.469 0.0884235 0.0884235 2 2 0
624.669 0.0884248 0.0884248 2 2 0
624.869 0.088426 0.088426 2 2 0
625.069 0.0884273 0.0884273 2 2 0
625.269 0.0884285 0.0884285 2 2 0
625.469 0.0884297 0.0884297 2 2 0
625.669 0.088431 0.088431 2 2 0
625.869 0.0884322 0.0884322 2 2 0
626.069 0.0884334 0.0884334 2 2 0
626.269 0.0884347 0.0884347 2 2 0
626.469 0.0884359 0.0884359 2 2 0
626.669 0.0884371 0.0884371 2 2 0
626.869 0.0884383 0.0884383 2 2 0
627.069 0.0884396 0.0884396 2 2 0
627.269 0.0884408 0.0884408 2 2 0
627.469 0.088442 0.088442 2 2 0
627.669 0.0884433 0.0884433 2 2 0
627.869 0.0884445 0.0884445 2 2 0
628.069 0.0884457 0.0884457 2 2 0
628.269 0.0884469 0.0884469 2 2 0
628.469 0.0884481 0.0884481 2 2 0
628.669 0.0884494 0.0884494 2 2 0
628.869 0.0884506 0.0884506 2 2 0
629.069 0.0884518 0.0884518 2 2 0
629.269 0.088453 0.088453 2 2 0
629.469 0.0884542 0.0884542 2 2 0
629.669 0.0884555 0.0884555 2 2 0
629.869 0.0884567 0.0884567 2 2 0
630.069 0.0884579 0.0884579 2 2 0
630.269 0.0884591 0.0884591 2 2 0
630.469 0.0884603 0.0884603 2 2 0
630.669 0.0884615 0.0884615 2 2 0
630.869 0.0884627 0.0884627 2 2 0
631.069 0.088464 0.088464 2 2 0
631.269 0.0884652 0.0884652 2 2 0
631.469 0.0884664 0.0884664 2 2 0
631.669 0.0884676 0.0884676 2 2 0
631.869 0.0884688 0.0884688 2 2 0
632.069 0.08847 0.08847 2 2 0
632.269 0.0884712 0.0884712 2 2 0
632.469 0.0884724 0.0884724 2 2 0
632.669 0.0884736 0.0884736 2 2 0
632.869 0.0884748 0.0884748 2 2 0
633.069 0.088476 0.088476 2 2 0
633.269 0.0884772 0.0884772 2 2 0
633.469 0.0884784 0.0884784 2 2 0
633.669 0.0884796 0.0884796 2 2 0
633.869 0.0884808 0.0884808 2 2 0
634.069 0.088482 0.088482 2 2 0
634.269 0.0884832 0.0884832 2 2 0
634.469 0.0884844 0.0884844 2 2 0
634.669 0.0884856 0.0884856 2 2 0
634.869 0.0884868 0.0884868 2 2 0
635.069 0.088488 0.088488 2 2 0
635.269 0.0884892 0.0884892 2 2 0
635.469 0.0884904 0.0884904 2 2 0
635.469 0.0884904 0.0884904 2 2 0
635.509 0.0884906 0.0884906 2 2 0
635.549 0.0884908 0.0884908 2 2 0
635.629 0.0884913 0.0884913 2 2 0
635.789 0.0884923 0.0884923 2 2 0
635.989 0.0884935 0.0884935 2 2 0
636.189 0.0884946 0.0884946 2 2 0
636.389 0.0884958 0.0884958 2 2 0
636.589 0.088497 0.088497 2 2 0
636.789 0.0884982 0.0884982 2 2 0
636.989 0.0884994 0.0884994 2 2 0
637.189 0.0885006 0.0885006 2 2 0
637.389 0.0885018 0.0885018 2 2 0
637.589 0.0885029 0.0885029 2 2 0
637.789 0.0885041 0.0885041 2 2 0
637.989 0.0885053 0.0885053 2 2 0
638.189 0.0885065 0.0885065 2 2 0
638.389 0.0885077 0.0885077 2 2 0
638.589 0.0885088 0.0885088 2 2 0
638.789 0.08851 0.08851 2 2 0
638.989 0.0885112 0.0885112 2 2 0
639.189 0.0885124 0.0885124 2 2 0
639.389 0.0885135 0.0885135 2 2 0
639.589 0.0885147 0.0885147 2 2 0
639.789 0.0885159 0.0885159 2 2 0
639.989 0.0885171 0.0885171 2 2 0
640.189 0.0885182 0.0885182 2 2 0
640.389 0.0885194 0.0885194 2 2 0
640.589 0.0885206 0.0885206 2 2 0
640.789 0.0885217 0.0885217 2 2 0
640.989 0.0885229 0.0885229 2 2 0
641.189 0.0885241 0.0885241 2 2 0
641.389 0.0885252 0.0885252 2 2 0
641.589 0.0885264 0.0885264 2 2 0
641.789 0.0885276 0.0885276 2 2 0
641.989 0.0885287 0.0885287 2 2 0
642.189 0.0885299 0.0885299 2 2 0
642.389 0.0885311 0.0885311 2 2 0
642.589 0.0885322 0.0885322 2 2 0
642.789 0.0885334 0.0885334 2 2 0
642.989 0.0885345 0.0885345 2 2 0
643.189 0.0885357 0.0885357 2 2 0
643.389 0.0885369 0.0885369 2 2 0
643.589 0.088538 0.088538 2 2 0
643.789 0.0885392 0.0885392 2 2 0
643.989 0.0885403 0.0885403 2 2 0
644.189 0.0885415 0.0885415 2 2 0
644.389 0.0885426 0.0885426 2 2 0
644.589 0.0885438 0.0885438 2 2 0
644.789 0.0885449 0.0885449 2 2 0
644.989 0.0885461 0.0885461 2 2 0
645.189 0.0885473 0.0885473 2 2 0
645.389 0.0885484 0.0885484 2 2 0
645.589 0.0885496 0.0885496 2 2 0
645.789 0.0885507 0.0885507 2 2 0
645.989 0.0885518 0.0885518 2 2 0
646.189 0.088553 0.088553 2 2 0
646.389 0.0885541 0.0885541 2 2 0
646.589 0.0885553 0.0885553 2 2 0
646.789 0.0885564 0.0885564 2 2 0
646.989 0.0885576 0.0885576 2 2 0
647.189 0.0885587 0.0885587 2 2 0
647.389 0.0885599 0.0885599 2 2 0
647.589 0.088561 0.088561 2 2 0
647.789 0.0885621 0.0885621 2 2 0
647.989 0.0885633 0.0885633 2 2 0
648.189 0.0885644 0.0885644 2 2 0
648.389 0.0885656 0.0885656 2 2 0
648.589 0.0885667 0.0885667 2 2 0
648.789 0.0885678 0.0885678 2 2 0
648.989 0.088569 0.088569 2 2 0
649.189 0.0885701 0.0885701 2 2 0
649.389 0.0885712 0.0885712 2 2 0
649.589 0.0885724 0.0885724 2 2 0
649.789 0.0885735 0.0885735 2 2 0
649.989 0.0885746 0.0885746 2 2 0
650.189 0.0885758 0.0885758 2 2 0
650.389 0.0885769 0.0885769 2 2 0
650.589 0.088578 0.088578 2 2 0
650.789 0.0885792 0.0885792 2 2 0
650.989 0.0885803 0.0885803 2 2 0
651.189 0.0885814 0.0885814 2 2 0
651.389 0.0885825 0.0885825 2 2 0
651.589 0.0885837 0.0885837 2 2 0
651.789 0.0885848 0.0885848 2 2 0
651.989 0.0885859 0.0885859 2 2 0
652.189 0.088587 0.088587 2 2 0
652.389 0.0885882 0.0885882 2 2 0
652.589 0.0885893 0.0885893 2 2 0
652.789 0.0885904 0.0885904 2 2 0
652.989 0.0885915 0.0885915 2 2 0
653.189 0.0885926 0.0885926 2 2 0
653.389 0.0885937 0.0885937 2 2 0
653.589 0.0885949 0.0885949 2 2 0
653.789 0.088596 0.088596 2 2 0
653.989 0.0885971 0.0885971 2 2 0
654.189 0.0885982 0.0885982 2 2 0
654.389 0.0885993 0.0885993 2 2 0
654.589 0.0886004 0.0886004 2 2 0
654.789 0.0886016 0.0886016 2 2 0
654.989 0.0886027 0.0886027 2 2 0
655.189 0.0886038 0.0886038 2 2 0
655.389 0.0886049 0.0886049 2 2 0
655.589 0.088606 0.088606 2 2 0
655.789 0.0886071 0.0886071 2 2 0
655.989 0.0886082 0.0886082 2 2 0
656.189 0.0886093 0.0886093 2 2 0
656.389 0.0886104 0.0886104 2 2 0
656.589 0.0886115 0.0886115 2 2 0
656.789 0.0886126 0.0886126 2 2 0
656.989 0.0886137 0.0886137 2 2 0
657.189 0.0886149 0.0886149 2 2 0
657.389 0.088616 0.088616 2 2 0
657.589 0.0886171 0.0886171 2 2 0
657.789 0.0886182 0.0886182 2 2 0
657.989 0.0886193 0.0886193 2 2 0
658.189 0.0886204 0.0886204 2 2 0
658.389 0.0886215 0.0886215 2 2 0
658.589 0.0886226 0.0886226 2 2 0
658.789 0.0886237 0.0886237 2 2 0
658.989 0.0886248 0.0886248 2 2 0
659.189 0.0886258 0.0886258 2 2 0
659.389 0.0886269 0.0886269 2 2 0
659.589 0.088628 0.088628 2 2 0
659.789 0.0886291 0.0886291 2 2 0
659.989 0.0886302 0.0886302 2 2 0
660.189 0.0886313 0.0886313 2 2 0
660.389 0.0886324 0.0886324 2 2 0
660.589 0.0886335 0.0886335 2 2 0
660.789 0.0886346 0.0886346 2 2 0
660.989 0.0886357 0.0886357 2 2 0
661.189 0.0886368 0.0886368 2 2 0
661.389 0.0886379 0.0886379 2 2 0
661.589 0.0886389 0.0886389 2 2 0
661.789 0.08864 0.08864 2 2 0
661.989 0.0886411 0.0886411 2 2 0
662.189 0.0886422 0.0886422 2 2 0
662.389 0.0886433 0.0886433 2 2 0
662.589 0.0886444 0.0886444 2 2 0
662.789 0.0886454 0.0886454 2 2 0
662.989 0.0886465 0.0886465 2 2 0
663.189 0.0886476 0.0886476 2 2 0
663.389 0.0886487 0.0886487 2 2 0
663.589 0.0886498 0.0886498 2 2 0
663.789 0.0886509 0.0886509 2 2 0
663.989 0.0886519 0.0886519 2 2 0
664.189 0.088653 0.088653 2 2 0
664.389 0.0886541 0.0886541 2 2 0
664.589 0.0886552 0.0886552 2 2 0
664.789 0.0886562 0.0886562 2 2 0
664.989 0.0886573 0.0886573 2 2 0
665.189 0.0886584 0.0886584 2 2 0
665.389 0.0886595 0.0886595 2 2 0
665.589 0.0886605 0.0886605 2 2 0
665.789 0.0886616 0.0886616 2 2 0
665.989 0.0886627 0.0886627 2 2 0
666.189 0.0886637 0.0886637 2 2 0
666.389 0.0886648 0.0886648 2 2 0
666.589 0.0886659 0.0886659 2 2 0
666.789 0.0886669 0.0886669 2 2 0
666.989 0.088668 0.088668 2 2 0
667.189 0.0886691 0.0886691 2 2 0
667.389 0.0886701 0.0886701 2 2 0
667.589 0.0886712 0.0886712 2 2 0
667.789 0.0886723 0.0886723 2 2 0
667.989 0.0886733 0.0886733 2 2 0
668.189 0.0886744 0.0886744 2 2 0
668.389 0.0886755 0.0886755 2 2 0
668.589 0.0886765 0.0886765 2 2 0
668.789 0.0886776 0.0886776 2 2 0
668.989 0.0886786 0.0886786 2 2 0
669.189 0.0886797 0.0886797 2 2 0
669.389 0.0886808 0.0886808 2 2 0
669.589 0.0886818 0.0886818 2 2 0
669.789 0.0886829 0.0886829 2 2 0
669.989 0.0886839 0.0886839 2 2 0
670.189 0.088685 0.088685 2 2 0
670.389 0.088686 0.088686 2 2 0
670.589 0.0886871 0.0886871 2 2 0
670.789 0.0886882 0.0886882 2 2 0
670.989 0.0886892 0.0886892 2 2 0
671.189 0.0886903 0.0886903 2 2 0
671.389 0.0886913 0.0886913 2 2 0
671.589 0.0886924 0.0886924 2 2 0
671.789 0.0886934 0.0886934 2 2 0
671.989 0.0886945 0.0886945 2 2 0
672.189 0.0886955 0.0886955 2 2 0
672.389 0.0886966 0.0886966 2 2 0
672.589 0.0886976 0.0886976 2 2 0
672.789 0.0886987 0.0886987 2 2 0
672.989 0.0886997 0.0886997 2 2 0
673.189 0.0887007 0.0887007 2 2 0
673.389 0.0887018 0.0887018 2 2 0
673.589 0.0887028 0.0887028 2 2 0
673.789 0.0887039 0.0887039 2 2 0
673.989 0.0887049 0.0887049 2 2 0
674.189 0.088706 0.088706 2 2 0
674.389 0.088707 0.088707 2 2 0
674.589 0.088708 0.088708 2 2 0
674.789 0.0887091 0.0887091 2 2 0
