50 0.170335 0.170335 2 1 0
50.04 0.170399 0.170399 1 1 0
50.08 0.170462 0.170462 1 1 0
50.16 0.170589 0.170589 1 1 0
50.32 0.170844 0.170844 1 1 0
50.64 0.171356 0.171356 1 1 0
51.14 0.172165 0.172165 1 1 0
51.64 0.172982 0.172982 1 1 0
52.14 0.173809 0.173809 1 1 0
52.64 0.174646 0.174646 1 1 0
53.14 0.175493 0.175493 1 1 0
53.64 0.176349 0.176349 1 1 0
54.14 0.177215 0.177215 1 1 0
54.64 0.178092 0.178092 1 1 0
54.911 0.178571 0.178571 1 1 0
55.411 0.179463 0.179463 2 1 0
55.911 0.180365 0.180365 2 1 0
56.411 0.181278 0.181278 2 1 0
56.9109 0.182201 0.182201 2 1 0
57.4109 0.183135 0.183135 2 1 0
57.9109 0.18408 0.18408 2 1 0
58.4109 0.185035 0.185035 2 1 0
58.9109 0.186002 0.186002 2 1 0
59.4109 0.186979 0.186979 2 1 0
59.9109 0.187967 0.187967 2 1 0
60.4109 0.188967 0.188967 2 1 0
60.9109 0.189978 0.189978 2 1 0
61.4109 0.191 0.191 2 1 0
61.9109 0.192034 0.192034 2 1 0
62.4109 0.19308 0.19308 2 1 0
62.9109 0.194137 0.194137 2 1 0
63.4109 0.195206 0.195206 2 1 0
63.9109 0.196287 0.196287 2 1 0
64.4109 0.19738 0.19738 2 1 0
64.9109 0.198485 0.198485 2 1 0
65.4109 0.199602 0.199602 2 1 0
65.9109 0.200732 0.200732 2 1 0
66.4109 0.201873 0.201873 2 1 0
66.9109 0.203028 0.203028 2 1 0
67.4108 0.204194 0.204194 2 1 0
67.9108 0.205374 0.205374 2 1 0
68.4108 0.206566 0.206566 2 1 0
68.9108 0.207771 0.207771 2 1 0
69.4108 0.208988 0.208988 2 1 0
69.9108 0.210219 0.210219 2 1 0
70.4108 0.211462 0.211462 2 1 0
70.9108 0.212719 0.212719 2 1 0
71.4108 0.213989 0.213989 2 1 0
71.9108 0.215272 0.215272 2 1 0
72.4108 0.216568 0.216568 2 1 0
72.9108 0.217878 0.217878 2 1 0
73.4108 0.219201 0.219201 2 1 0
73.9108 0.220538 0.220538 2 1 0
74.4108 0.221888 0.221888 2 1 0
74.9108 0.223252 0.223252 2 1 0
75.4108 0.224629 0.224629 2 1 0
75.9108 0.22602 0.22602 2 1 0
76.4107 0.227425 0.227425 2 1 0
76.9107 0.228844 0.228844 2 1 0
77.4107 0.230277 0.230277 2 1 0
77.9107 0.231723 0.231723 2 1 0
78.4107 0.233183 0.233183 2 1 0
78.9107 0.234658 0.234658 2 1 0
79.4107 0.236146 0.236146 2 1 0
79.9107 0.237649 0.237649 2 1 0
80.4107 0.239165 0.239165 2 1 0
80.9107 0.240696 0.240696 2 1 0
81.4107 0.242241 0.242241 2 1 0
81.9107 0.2438 0.2438 2 1 0
82.4107 0.245373 0.245373 2 1 0
82.9107 0.24696 0.24696 2 1 0
83.4107 0.248561 0.248561 2 1 0
83.9107 0.250177 0.250177 2 1 0
84.4107 0.251807 0.251807 2 1 0
84.9106 0.253451 0.253451 2 1 0
85.4106 0.25511 0.25511 2 1 0
85.9106 0.256782 0.256782 2 1 0
86.4106 0.258469 0.258469 2 1 0
86.9106 0.26017 0.26017 2 1 0
87.4106 0.261885 0.261885 2 1 0
87.9106 0.263615 0.263615 2 1 0
88.4106 0.265359 0.265359 2 1 0
88.9106 0.267116 0.267116 2 1 0
89.4106 0.268888 0.268888 2 1 0
89.9106 0.270674 0.270674 2 1 0
90.4106 0.272474 0.272474 2 1 0
90.9106 0.274289 0.274289 2 1 0
91.4106 0.276117 0.276117 2 1 0
91.9106 0.277959 0.277959 2 1 0
92.4106 0.279815 0.279815 2 1 0
92.9106 0.281685 0.281685 2 1 0
93.4105 0.283569 0.283569 2 1 0
93.9105 0.285466 0.285466 2 1 0
94.4105 0.287378 0.287378 2 1 0
94.9105 0.289303 0.289303 2 1 0
95.4105 0.291241 0.291241 2 1 0
95.9105 0.293194 0.293194 2 1 0
96.4105 0.295159 0.295159 2 1 0
96.9105 0.297139 0.297139 2 1 0
97.4105 0.299131 0.299131 2 1 0
97.9105 0.301137 0.301137 2 1 0
98.4105 0.303156 0.303156 2 1 0
98.9105 0.305188 0.305188 2 1 0
99.4105 0.307234 0.307234 2 1 0
99.9105 0.309292 0.309292 2 1 0
100.41 0.311363 0.311363 2 1 0
100.91 0.313447 0.313447 2 1 0
101.41 0.315544 0.315544 2 1 0
101.91 0.317653 0.317653 2 1 0
102.41 0.319775 0.319775 2 1 0
102.91 0.321909 0.321909 2 1 0
103.41 0.324055 0.324055 2 1 0
103.91 0.326214 0.326214 2 1 0
104.41 0.328385 0.328385 2 1 0
104.91 0.330567 0.330567 2 1 0
105.41 0.332762 0.332762 2 1 0
105.91 0.334968 0.334968 2 1 0
106.41 0.337186 0.337186 2 1 0
106.91 0.339416 0.339416 2 1 0
107.41 0.341657 0.341657 2 1 0
107.91 0.343909 0.343909 2 1 0
108.41 0.346172 0.346172 2 1 0
108.91 0.348447 0.348447 2 1 0
109.41 0.350732 0.350732 2 1 0
109.91 0.353028 0.353028 2 1 0
110.41 0.355334 0.355334 2 1 0
110.91 0.357651 0.357651 2 1 0
111.41 0.359978 0.359978 2 1 0
111.91 0.362316 0.362316 2 1 0
112.41 0.364664 0.364664 2 1 0
112.91 0.367021 0.367021 2 1 0
113.41 0.369388 0.369388 2 1 0
113.91 0.371765 0.371765 2 1 0
114.41 0.374151 0.374151 2 1 0
114.91 0.376547 0.376547 2 1 0
115.41 0.378951 0.378951 2 1 0
115.91 0.381365 0.381365 2 1 0
116.41 0.383788 0.383788 2 1 0
116.91 0.386219 0.386219 2 1 0
117.41 0.388658 0.388658 2 1 0
117.91 0.391106 0.391106 2 1 0
118.41 0.393563 0.393563 2 1 0
118.91 0.396027 0.396027 2 1 0
119.41 0.398499 0.398499 2 1 0
119.91 0.400979 0.400979 2 1 0
120.41 0.403466 0.403466 2 1 0
120.91 0.405961 0.405961 2 1 0
121.41 0.408462 0.408462 2 1 0
121.91 0.410971 0.410971 2 1 0
122.41 0.413487 0.413487 2 1 0
122.91 0.416009 0.416009 2 1 0
123.41 0.418538 0.418538 2 1 0
123.91 0.421073 0.421073 2 1 0
124.41 0.423614 0.423614 2 1 0
124.91 0.426161 0.426161 2 1 0
125.41 0.428714 0.428714 2 1 0
125.91 0.431272 0.431272 2 1 0
126.41 0.433836 0.433836 2 1 0
126.91 0.436405 0.436405 2 1 0
127.41 0.43898 0.43898 2 1 0
127.91 0.441559 0.441559 2 1 0
128.41 0.444142 0.444142 2 1 0
128.91 0.446731 0.446731 2 1 0
129.41 0.449323 0.449323 2 1 0
129.91 0.45192 0.45192 2 1 0
130.41 0.454521 0.454521 2 1 0
130.91 0.457125 0.457125 2 1 0
131.41 0.459733 0.459733 2 1 0
131.91 0.462344 0.462344 2 1 0
132.41 0.464959 0.464959 2 1 0
132.91 0.467577 0.467577 2 1 0
133.41 0.470197 0.470197 2 1 0
133.91 0.47282 0.47282 2 1 0
134.41 0.475446 0.475446 2 1 0
134.91 0.478074 0.478074 2 1 0
135.41 0.480704 0.480704 2 1 0
135.91 0.483336 0.483336 2 1 0
136.41 0.48597 0.48597 2 1 0
136.91 0.488605 0.488605 2 1 0
137.41 0.491242 0.491242 2 1 0
137.91 0.49388 0.49388 2 1 0
138.41 0.496518 0.496518 2 1 0
138.91 0.499158 0.499158 2 1 0
139.41 0.501799 0.501799 2 1 0
139.91 0.504439 0.504439 2 1 0
140.41 0.507081 0.507081 2 1 0
140.91 0.509722 0.509722 2 1 0
141.41 0.512363 0.512363 2 1 0
141.91 0.515004 0.515004 2 1 0
142.41 0.517645 0.517645 2 1 0
142.91 0.520284 0.520284 2 1 0
143.41 0.522924 0.522924 2 1 0
143.91 0.525562 0.525562 2 1 0
144.41 0.528199 0.528199 2 1 0
144.91 0.530835 0.530835 2 1 0
145.41 0.533469 0.533469 2 1 0
145.91 0.536102 0.536102 2 1 0
146.41 0.538733 0.538733 2 1 0
146.91 0.541361 0.541361 2 1 0
147.41 0.543988 0.543988 2 1 0
54.911 0.178571 0.178571 2 2 0
61.0615 0.178571 0.178571 2 2 0
61.0678 0.178571 0.178571 1 2 0
61.0697 0.178571 0.178571 1 2 0
61.0724 0.178571 0.178571 1 2 0
61.0774 0.178571 0.178571 1 2 0
61.0874 0.178571 0.178571 1 2 0
61.1074 0.178571 0.178571 1 2 0
61.1474 0.178571 0.178571 1 2 0
61.2274 0.178571 0.178571 1 2 0
61.3874 0.178571 0.178571 1 2 0
61.7074 0.178571 0.178571 1 2 0
62.2074 0.178571 0.178571 1 2 0
62.7074 0.178571 0.178571 1 2 0
63.2074 0.178571 0.178571 1 2 0
63.7074 0.178571 0.178571 1 2 0
64.2074 0.178571 0.178571 1 2 0
64.7074 0.178571 0.178571 1 2 0
65.2074 0.178571 0.178571 1 2 0
65.7074 0.178571 0.178571 1 2 0
66.2074 0.178571 0.178571 1 2 0
66.7074 0.178571 0.178571 1 2 0
67.2074 0.178571 0.178571 1 2 0
67.7074 0.178571 0.178571 1 2 0
68.2074 0.178571 0.178571 1 2 0
68.7074 0.178571 0.178571 1 2 0
69.2074 0.178571 0.178571 1 2 0
69.7074 0.178571 0.178571 1 2 0
70.2074 0.178571 0.178571 1 2 0
70.7074 0.178571 0.178571 1 2 0
71.2074 0.178571 0.178571 1 2 0
71.7074 0.178571 0.178571 1 2 0
72.2074 0.178571 0.178571 1 2 0
72.7074 0.178571 0.178571 1 2 0
73.2074 0.178571 0.178571 1 2 0
73.7074 0.178571 0.178571 1 2 0
74.2074 0.178571 0.178571 1 2 0
74.7074 0.178571 0.178571 1 2 0
75.2074 0.178571 0.178571 1 2 0
75.7074 0.178571 0.178571 1 2 0
76.2074 0.178571 0.178571 1 2 0
76.7074 0.178571 0.178571 1 2 0
77.2074 0.178571 0.178571 1 2 0
77.7074 0.178571 0.178571 1 2 0
78.2074 0.178571 0.178571 1 2 0
78.7074 0.178571 0.178571 1 2 0
79.2074 0.178571 0.178571 1 2 0
79.7074 0.178571 0.178571 1 2 0
80.2074 0.178571 0.178571 1 2 0
80.7074 0.178571 0.178571 1 2 0
81.2074 0.178571 0.178571 1 2 0
81.7074 0.178571 0.178571 1 2 0
82.2074 0.178571 0.178571 1 2 0
82.7074 0.178571 0.178571 1 2 0
83.2074 0.178571 0.178571 1 2 0
83.7074 0.178571 0.178571 1 2 0
84.2074 0.178571 0.178571 1 2 0
84.7074 0.178571 0.178571 1 2 0
85.2074 0.178571 0.178571 1 2 0
85.7074 0.178571 0.178571 1 2 0
86.2074 0.178571 0.178571 1 2 0
86.7074 0.178571 0.178571 1 2 0
87.2074 0.178571 0.178571 1 2 0
87.7074 0.178571 0.178571 1 2 0
88.2074 0.178571 0.178571 1 2 0
88.7074 0.178571 0.178571 1 2 0
89.2074 0.178571 0.178571 1 2 0
89.7074 0.178571 0.178571 1 2 0
90.2074 0.178571 0.178571 1 2 0
90.7074 0.178571 0.178571 1 2 0
91.2074 0.178571 0.178571 1 2 0
91.7074 0.178571 0.178571 1 2 0
92.2074 0.178571 0.178571 1 2 0
92.7074 0.178571 0.178571 1 2 0
93.2074 0.178571 0.178571 1 2 0
93.7074 0.178571 0.178571 1 2 0
94.2074 0.178571 0.178571 1 2 0
94.7074 0.178571 0.178571 1 2 0
95.2074 0.178571 0.178571 1 2 0
95.7074 0.178571 0.178571 1 2 0
96.2074 0.178571 0.178571 1 2 0
96.7074 0.178571 0.178571 1 2 0
97.2074 0.178571 0.178571 1 2 0
97.7074 0.178571 0.178571 1 2 0
98.2074 0.178571 0.178571 1 2 0
98.7074 0.178571 0.178571 1 2 0
99.2074 0.178571 0.178571 1 2 0
99.7074 0.178571 0.178571 1 2 0
100.207 0.178571 0.178571 1 2 0
100.707 0.178571 0.178571 1 2 0
101.207 0.178571 0.178571 1 2 0
101.707 0.178571 0.178571 1 2 0
102.207 0.178571 0.178571 1 2 0
102.707 0.178571 0.178571 1 2 0
103.207 0.178571 0.178571 1 2 0
103.707 0.178571 0.178571 1 2 0
104.207 0.178571 0.178571 1 2 0
104.707 0.178571 0.178571 1 2 0
105.207 0.178571 0.178571 1 2 0
105.707 0.178571 0.178571 1 2 0
106.207 0.178571 0.178571 1 2 0
106.707 0.178571 0.178571 1 2 0
107.207 0.178571 0.178571 1 2 0
107.707 0.178571 0.178571 1 2 0
108.207 0.178571 0.178571 1 2 0
108.707 0.178571 0.178571 1 2 0
109.207 0.178571 0.178571 1 2 0
109.707 0.178571 0.178571 1 2 0
110.207 0.178571 0.178571 1 2 0
110.707 0.178571 0.178571 1 2 0
111.207 0.178571 0.178571 1 2 0
111.707 0.178571 0.178571 1 2 0
112.207 0.178571 0.178571 1 2 0
112.707 0.178571 0.178571 1 2 0
113.207 0.178571 0.178571 1 2 0
113.707 0.178571 0.178571 1 2 0
114.207 0.178571 0.178571 1 2 0
114.707 0.178571 0.178571 1 2 0
115.207 0.178571 0.178571 1 2 0
115.707 0.178571 0.178571 1 2 0
116.207 0.178571 0.178571 1 2 0
116.707 0.178571 0.178571 1 2 0
117.207 0.178571 0.178571 1 2 0
117.707 0.178571 0.178571 1 2 0
118.207 0.178571 0.178571 1 2 0
118.707 0.178571 0.178571 1 2 0
119.207 0.178571 0.178571 1 2 0
119.707 0.178571 0.178571 1 2 0
120.207 0.178571 0.178571 1 2 0
120.707 0.178571 0.178571 1 2 0
121.207 0.178571 0.178571 1 2 0
121.707 0.178571 0.178571 1 2 0
122.207 0.178571 0.178571 1 2 0
122.707 0.178571 0.178571 1 2 0
123.207 0.178571 0.178571 1 2 0
123.707 0.178571 0.178571 1 2 0
124.207 0.178571 0.178571 1 2 0
124.707 0.178571 0.178571 1 2 0
125.207 0.178571 0.178571 1 2 0
125.707 0.178571 0.178571 1 2 0
126.207 0.178571 0.178571 1 2 0
126.707 0.178571 0.178571 1 2 0
127.207 0.178571 0.178571 1 2 0
127.707 0.178571 0.178571 1 2 0
128.207 0.178571 0.178571 1 2 0
128.707 0.178571 0.178571 1 2 0
129.207 0.178571 0.178571 1 2 0
129.707 0.178571 0.178571 1 2 0
130.207 0.178571 0.178571 1 2 0
130.707 0.178571 0.178571 1 2 0
131.207 0.178571 0.178571 1 2 0
131.707 0.178571 0.178571 1 2 0
132.207 0.178571 0.178571 1 2 0
132.707 0.178571 0.178571 1 2 0
133.207 0.178571 0.178571 1 2 0
133.707 0.178571 0.178571 1 2 0
134.207 0.178571 0.178571 1 2 0
134.707 0.178571 0.178571 1 2 0
135.207 0.178571 0.178571 1 2 0
135.707 0.178571 0.178571 1 2 0
136.207 0.178571 0.178571 1 2 0
136.707 0.178571 0.178571 1 2 0
137.207 0.178571 0.178571 1 2 0
137.707 0.178571 0.178571 1 2 0
138.207 0.178571 0.178571 1 2 0
138.707 0.178571 0.178571 1 2 0
139.207 0.178571 0.178571 1 2 0
139.707 0.178571 0.178571 1 2 0
140.207 0.178571 0.178571 1 2 0
140.707 0.178571 0.178571 1 2 0
141.207 0.178571 0.178571 1 2 0
141.707 0.178571 0.178571 1 2 0
142.207 0.178571 0.178571 1 2 0
142.707 0.178571 0.178571 1 2 0
143.207 0.178571 0.178571 1 2 0
143.707 0.178571 0.178571 1 2 0
144.207 0.178571 0.178571 1 2 0
144.707 0.178571 0.178571 1 2 0
145.207 0.178571 0.178571 1 2 0
145.707 0.178571 0.178571 1 2 0
146.207 0.178571 0.178571 1 2 0
146.707 0.178571 0.178571 1 2 0
147.207 0.178571 0.178571 1 2 0
147.707 0.178571 0.178571 1 2 0
148.207 0.178571 0.178571 1 2 0
148.707 0.178571 0.178571 1 2 0
149.207 0.178571 0.178571 1 2 0
149.707 0.178571 0.178571 1 2 0
150.207 0.178571 0.178571 1 2 0
150.707 0.178571 0.178571 1 2 0
151.207 0.178571 0.178571 1 2 0
151.707 0.178571 0.178571 1 2 0
152.207 0.178571 0.178571 1 2 0
152.707 0.178571 0.178571 1 2 0
153.207 0.178571 0.178571 1 2 0
153.707 0.178571 0.178571 1 2 0
154.207 0.178571 0.178571 1 2 0
154.707 0.178571 0.178571 1 2 0
155.207 0.178571 0.178571 1 2 0
155.707 0.178571 0.178571 1 2 0
54.911 0.178571 0.178571 2 2 0
48.4798 0.178571 0.178571 1 2 0
48.4765 0.178571 0.178571 2 2 0
48.4756 0.178571 0.178571 2 2 0
48.4742 0.178571 0.178571 2 2 0
48.4717 0.178571 0.178571 2 2 0
48.4667 0.178571 0.178571 2 2 0
48.4567 0.178571 0.178571 2 2 0
48.4367 0.178571 0.178571 2 2 0
48.3967 0.178571 0.178571 2 2 0
48.3167 0.178571 0.178571 2 2 0
48.1567 0.178571 0.178571 2 2 0
47.8367 0.178571 0.178571 2 2 0
47.3367 0.178571 0.178571 2 2 0
46.8367 0.178571 0.178571 2 2 0
46.3367 0.178571 0.178571 2 2 0
45.8367 0.178571 0.178571 2 2 0
45.3367 0.178571 0.178571 2 2 0
44.8367 0.178571 0.178571 2 2 0
44.3367 0.178571 0.178571 2 2 0
43.8367 0.178571 0.178571 2 2 0
43.3367 0.178571 0.178571 2 2 0
42.8367 0.178571 0.178571 2 2 0
42.3367 0.178571 0.178571 2 2 0
41.8367 0.178571 0.178571 2 2 0
41.3367 0.178571 0.178571 2 2 0
40.8367 0.178571 0.178571 2 2 0
40.3367 0.178571 0.178571 2 2 0
39.8367 0.178571 0.178571 2 2 0
39.3367 0.178571 0.178571 2 2 0
38.8367 0.178571 0.178571 2 2 0
38.3367 0.178571 0.178571 2 2 0
37.8367 0.178571 0.178571 2 2 0
37.3367 0.178571 0.178571 2 2 0
36.8367 0.178571 0.178571 2 2 0
36.3367 0.178571 0.178571 2 2 0
35.8367 0.178571 0.178571 2 2 0
35.3367 0.178571 0.178571 2 2 0
34.8367 0.178571 0.178571 2 2 0
34.3367 0.178571 0.178571 2 2 0
33.8367 0.178571 0.178571 2 2 0
33.3367 0.178571 0.178571 2 2 0
32.8367 0.178571 0.178571 2 2 0
32.3367 0.178571 0.178571 2 2 0
31.8367 0.178571 0.178571 2 2 0
31.3368 0.178571 0.178571 2 2 0
30.8368 0.178571 0.178571 2 2 0
30.3368 0.178571 0.178571 2 2 0
29.8368 0.178571 0.178571 2 2 0
29.3368 0.178571 0.178571 2 2 0
28.8368 0.178571 0.178571 2 2 0
28.3368 0.178571 0.178571 2 2 0
27.8368 0.178571 0.178571 2 2 0
27.3368 0.178571 0.178571 2 2 0
26.8368 0.178571 0.178571 2 2 0
26.3368 0.178571 0.178571 2 2 0
25.8368 0.178571 0.178571 2 2 0
25.3368 0.178571 0.178571 2 2 0
24.8368 0.178571 0.178571 2 2 0
24.3368 0.178571 0.178571 2 2 0
23.8368 0.178571 0.178571 2 2 0
23.3368 0.178571 0.178571 2 2 0
22.8368 0.178571 0.178571 2 2 0
22.3368 0.178571 0.178571 2 2 0
21.8368 0.178571 0.178571 2 2 0
21.3368 0.178571 0.178571 2 2 0
20.8368 0.178571 0.178571 2 2 0
20.3368 0.178571 0.178571 2 2 0
19.8368 0.178571 0.178571 2 2 0
19.3368 0.178571 0.178571 2 2 0
18.8368 0.178571 0.178571 2 2 0
18.3368 0.178571 0.178571 2 2 0
17.8368 0.178571 0.178571 2 2 0
17.3368 0.178571 0.178571 2 2 0
16.8368 0.178571 0.178571 2 2 0
16.3368 0.178571 0.178571 2 2 0
15.8368 0.178571 0.178571 2 2 0
15.3368 0.178571 0.178571 2 2 0
14.8368 0.178571 0.178571 2 2 0
14.3368 0.178571 0.178571 2 2 0
13.8368 0.178571 0.178571 2 2 0
13.3368 0.178571 0.178571 2 2 0
12.8368 0.178571 0.178571 2 2 0
12.3369 0.178571 0.178571 2 2 0
11.8369 0.178571 0.178571 2 2 0
11.3369 0.178571 0.178571 2 2 0
10.8369 0.178571 0.178571 2 2 0
10.3369 0.178571 0.178571 2 2 0
9.83688 0.178571 0.178571 2 2 0
9.33689 0.178571 0.178571 2 2 0
8.8369 0.178571 0.178571 2 2 0
8.33691 0.178571 0.178571 2 2 0
7.83691 0.178571 0.178571 2 2 0
7.33692 0.178571 0.178571 2 2 0
6.83693 0.178571 0.178571 2 2 0
6.33694 0.178571 0.178571 2 2 0
5.83695 0.178571 0.178571 2 2 0
5.33696 0.178571 0.178571 2 2 0
4.83697 0.178571 0.178571 2 2 0
4.33698 0.178571 0.178571 2 2 0
3.83699 0.178571 0.178571 2 2 0
3.337 0.178571 0.178571 2 2 0
2.83702 0.178571 0.178571 2 2 0
2.33703 0.178571 0.178571 2 2 0
1.83705 0.178571 0.178571 2 2 0
1.33706 0.178571 0.178571 2 2 0
0.837077 0.178571 0.178571 2 2 0
0.337094 0.178571 0.178571 2 2 0
-0.162888 0.178571 0.178571 2 2 0
147.41 0.543988 0.543988 2 1 0
147.45 0.544198 0.544198 2 1 0
147.49 0.544408 0.544408 2 1 0
147.57 0.544828 0.544828 2 1 0
147.73 0.545668 0.545668 2 1 0
148.05 0.547347 0.547347 2 1 0
148.55 0.549968 0.549968 2 1 0
149.05 0.552587 0.552587 2 1 0
149.55 0.555202 0.555202 2 1 0
150.05 0.557815 0.557815 2 1 0
150.55 0.560425 0.560425 2 1 0
151.05 0.563031 0.563031 2 1 0
151.55 0.565633 0.565633 2 1 0
152.05 0.568232 0.568232 2 1 0
152.55 0.570827 0.570827 2 1 0
153.05 0.573419 0.573419 2 1 0
153.55 0.576006 0.576006 2 1 0
154.05 0.578589 0.578589 2 1 0
154.55 0.581167 0.581167 2 1 0
155.05 0.583741 0.583741 2 1 0
155.55 0.58631 0.58631 2 1 0
156.05 0.588874 0.588874 2 1 0
156.55 0.591433 0.591433 2 1 0
157.05 0.593987 0.593987 2 1 0
157.55 0.596536 0.596536 2 1 0
158.05 0.59908 0.59908 2 1 0
158.55 0.601617 0.601617 2 1 0
159.05 0.60415 0.60415 2 1 0
159.55 0.606676 0.606676 2 1 0
160.05 0.609196 0.609196 2 1 0
160.55 0.61171 0.61171 2 1 0
161.05 0.614218 0.614218 2 1 0
161.55 0.61672 0.61672 2 1 0
162.05 0.619215 0.619215 2 1 0
162.55 0.621704 0.621704 2 1 0
163.05 0.624186 0.624186 2 1 0
163.55 0.626661 0.626661 2 1 0
164.05 0.629129 0.629129 2 1 0
164.55 0.63159 0.63159 2 1 0
165.05 0.634044 0.634044 2 1 0
165.55 0.63649 0.63649 2 1 0
166.05 0.638929 0.638929 2 1 0
166.55 0.641361 0.641361 2 1 0
167.05 0.643785 0.643785 2 1 0
167.55 0.646201 0.646201 2 1 0
168.05 0.648609 0.648609 2 1 0
168.549 0.65101 0.65101 2 1 0
169.049 0.653402 0.653402 2 1 0
169.549 0.655786 0.655786 2 1 0
170.049 0.658162 0.658162 2 1 0
170.549 0.66053 0.66053 2 1 0
171.049 0.662889 0.662889 2 1 0
171.549 0.66524 0.66524 2 1 0
172.049 0.667582 0.667582 2 1 0
172.549 0.669915 0.669915 2 1 0
173.049 0.67224 0.67224 2 1 0
173.549 0.674555 0.674555 2 1 0
174.049 0.676862 0.676862 2 1 0
174.549 0.67916 0.67916 2 1 0
175.049 0.681449 0.681449 2 1 0
175.549 0.683728 0.683728 2 1 0
176.049 0.685999 0.685999 2 1 0
176.549 0.688259 0.688259 2 1 0
177.049 0.690511 0.690511 2 1 0
177.549 0.692753 0.692753 2 1 0
178.049 0.694986 0.694986 2 1 0
178.549 0.697209 0.697209 2 1 0
179.049 0.699422 0.699422 2 1 0
179.549 0.701625 0.701625 2 1 0
180.049 0.703819 0.703819 2 1 0
180.549 0.706003 0.706003 2 1 0
181.049 0.708177 0.708177 2 1 0
181.549 0.710342 0.710342 2 1 0
182.049 0.712496 0.712496 2 1 0
182.549 0.71464 0.71464 2 1 0
183.049 0.716774 0.716774 2 1 0
183.549 0.718898 0.718898 2 1 0
184.049 0.721011 0.721011 2 1 0
184.549 0.723115 0.723115 2 1 0
185.049 0.725208 0.725208 2 1 0
185.549 0.727291 0.727291 2 1 0
186.049 0.729363 0.729363 2 1 0
186.549 0.731425 0.731425 2 1 0
187.049 0.733477 0.733477 2 1 0
187.549 0.735518 0.735518 2 1 0
188.049 0.737549 0.737549 2 1 0
188.549 0.739569 0.739569 2 1 0
189.049 0.741579 0.741579 2 1 0
189.549 0.743578 0.743578 2 1 0
190.049 0.745566 0.745566 2 1 0
190.549 0.747544 0.747544 2 1 0
191.049 0.749512 0.749512 2 1 0
191.549 0.751468 0.751468 2 1 0
192.049 0.753414 0.753414 2 1 0
192.549 0.755349 0.755349 2 1 0
193.049 0.757274 0.757274 2 1 0
193.549 0.759187 0.759187 2 1 0
194.049 0.76109 0.76109 2 1 0
194.549 0.762982 0.762982 2 1 0
195.049 0.764864 0.764864 2 1 0
195.549 0.766734 0.766734 2 1 0
196.049 0.768594 0.768594 2 1 0
196.549 0.770443 0.770443 2 1 0
197.049 0.772281 0.772281 2 1 0
197.549 0.774109 0.774109 2 1 0
198.049 0.775925 0.775925 2 1 0
198.549 0.777731 0.777731 2 1 0
199.049 0.779526 0.779526 2 1 0
199.549 0.78131 0.78131 2 1 0
200.049 0.783083 0.783083 2 1 0
200.549 0.784846 0.784846 2 1 0
201.049 0.786597 0.786597 2 1 0
201.549 0.788338 0.788338 2 1 0
202.049 0.790068 0.790068 2 1 0
202.549 0.791788 0.791788 2 1 0
203.049 0.793496 0.793496 2 1 0
203.549 0.795194 0.795194 2 1 0
204.049 0.796881 0.796881 2 1 0
204.549 0.798557 0.798557 2 1 0
205.049 0.800223 0.800223 2 1 0
205.549 0.801877 0.801877 2 1 0
206.049 0.803522 0.803522 2 1 0
206.549 0.805155 0.805155 2 1 0
207.049 0.806778 0.806778 2 1 0
207.549 0.80839 0.80839 2 1 0
208.049 0.809991 0.809991 2 1 0
208.549 0.811582 0.811582 2 1 0
209.049 0.813163 0.813163 2 1 0
209.549 0.814732 0.814732 2 1 0
210.049 0.816292 0.816292 2 1 0
210.549 0.81784 0.81784 2 1 0
211.049 0.819378 0.819378 2 1 0
211.549 0.820906 0.820906 2 1 0
212.049 0.822423 0.822423 2 1 0
212.549 0.82393 0.82393 2 1 0
213.049 0.825427 0.825427 2 1 0
213.549 0.826913 0.826913 2 1 0
214.049 0.828389 0.828389 2 1 0
214.549 0.829854 0.829854 2 1 0
215.049 0.831309 0.831309 2 1 0
215.549 0.832754 0.832754 2 1 0
216.049 0.834189 0.834189 2 1 0
216.549 0.835614 0.835614 2 1 0
217.049 0.837028 0.837028 2 1 0
217.549 0.838433 0.838433 2 1 0
218.049 0.839827 0.839827 2 1 0
218.549 0.841211 0.841211 2 1 0
219.049 0.842586 0.842586 2 1 0
219.549 0.84395 0.84395 2 1 0
220.049 0.845304 0.845304 2 1 0
220.549 0.846649 0.846649 2 1 0
221.049 0.847984 0.847984 2 1 0
221.549 0.849308 0.849308 2 1 0
222.049 0.850624 0.850624 2 1 0
222.549 0.851929 0.851929 2 1 0
223.049 0.853225 0.853225 2 1 0
223.549 0.854511 0.854511 2 1 0
224.049 0.855787 0.855787 2 1 0
224.549 0.857054 0.857054 2 1 0
225.049 0.858311 0.858311 2 1 0
225.549 0.859559 0.859559 2 1 0
226.049 0.860797 0.860797 2 1 0
226.549 0.862026 0.862026 2 1 0
227.049 0.863246 0.863246 2 1 0
227.549 0.864456 0.864456 2 1 0
228.049 0.865658 0.865658 2 1 0
228.549 0.866849 0.866849 2 1 0
229.049 0.868032 0.868032 2 1 0
229.549 0.869206 0.869206 2 1 0
230.049 0.87037 0.87037 2 1 0
230.549 0.871525 0.871525 2 1 0
231.049 0.872672 0.872672 2 1 0
231.549 0.873809 0.873809 2 1 0
232.049 0.874938 0.874938 2 1 0
232.549 0.876057 0.876057 2 1 0
233.049 0.877168 0.877168 2 1 0
233.549 0.87827 0.87827 2 1 0
234.049 0.879364 0.879364 2 1 0
234.549 0.880449 0.880449 2 1 0
235.049 0.881525 0.881525 2 1 0
235.549 0.882592 0.882592 2 1 0
236.049 0.883651 0.883651 2 1 0
236.549 0.884702 0.884702 2 1 0
237.049 0.885744 0.885744 2 1 0
237.549 0.886777 0.886777 2 1 0
238.049 0.887803 0.887803 2 1 0
238.549 0.88882 0.88882 2 1 0
239.049 0.889828 0.889828 2 1 0
239.549 0.890829 0.890829 2 1 0
240.049 0.891821 0.891821 2 1 0
240.549 0.892806 0.892806 2 1 0
241.049 0.893782 0.893782 2 1 0
241.549 0.89475 0.89475 2 1 0
242.049 0.895711 0.895711 2 1 0
242.549 0.896663 0.896663 2 1 0
243.049 0.897608 0.897608 2 1 0
243.549 0.898545 0.898545 2 1 0
244.049 0.899474 0.899474 2 1 0
244.549 0.900395 0.900395 2 1 0
245.049 0.901309 0.901309 2 1 0
245.049 0.901309 0.901309 2 1 0
245.089 0.901381 0.901381 2 1 0
245.129 0.901454 0.901454 2 1 0
245.209 0.901599 0.901599 2 1 0
245.369 0.901889 0.901889 2 1 0
245.689 0.902467 0.902467 2 1 0
246.189 0.903363 0.903363 2 1 0
246.689 0.904252 0.904252 2 1 0
247.189 0.905134 0.905134 2 1 0
247.689 0.906008 0.906008 2 1 0
248.189 0.906874 0.906874 2 1 0
248.689 0.907734 0.907734 2 1 0
249.189 0.908586 0.908586 2 1 0
249.689 0.909431 0.909431 2 1 0
250.189 0.910268 0.910268 2 1 0
250.689 0.911099 0.911099 2 1 0
251.189 0.911923 0.911923 2 1 0
251.689 0.912739 0.912739 2 1 0
252.189 0.913549 0.913549 2 1 0
252.689 0.914351 0.914351 2 1 0
253.189 0.915147 0.915147 2 1 0
253.689 0.915936 0.915936 2 1 0
254.189 0.916718 0.916718 2 1 0
254.689 0.917494 0.917494 2 1 0
255.189 0.918262 0.918262 2 1 0
255.689 0.919025 0.919025 2 1 0
256.189 0.91978 0.91978 2 1 0
256.689 0.920529 0.920529 2 1 0
257.189 0.921272 0.921272 2 1 0
257.689 0.922008 0.922008 2 1 0
258.189 0.922737 0.922737 2 1 0
258.689 0.923461 0.923461 2 1 0
259.189 0.924178 0.924178 2 1 0
259.689 0.924888 0.924888 2 1 0
260.189 0.925593 0.925593 2 1 0
260.689 0.926291 0.926291 2 1 0
261.189 0.926983 0.926983 2 1 0
261.689 0.927669 0.927669 2 1 0
262.189 0.928349 0.928349 2 1 0
262.689 0.929024 0.929024 2 1 0
263.189 0.929692 0.929692 2 1 0
263.689 0.930354 0.930354 2 1 0
264.189 0.93101 0.93101 2 1 0
264.689 0.931661 0.931661 2 1 0
265.189 0.932306 0.932306 2 1 0
265.689 0.932945 0.932945 2 1 0
266.189 0.933578 0.933578 2 1 0
266.689 0.934206 0.934206 2 1 0
267.189 0.934828 0.934828 2 1 0
267.689 0.935445 0.935445 2 1 0
268.189 0.936056 0.936056 2 1 0
268.689 0.936661 0.936661 2 1 0
269.189 0.937262 0.937262 2 1 0
269.689 0.937857 0.937857 2 1 0
270.189 0.938446 0.938446 2 1 0
270.689 0.93903 0.93903 2 1 0
271.189 0.939609 0.939609 2 1 0
271.689 0.940183 0.940183 2 1 0
272.189 0.940752 0.940752 2 1 0
272.689 0.941315 0.941315 2 1 0
273.189 0.941873 0.941873 2 1 0
273.689 0.942427 0.942427 2 1 0
274.189 0.942975 0.942975 2 1 0
274.689 0.943518 0.943518 2 1 0
275.189 0.944057 0.944057 2 1 0
275.689 0.94459 0.94459 2 1 0
276.189 0.945119 0.945119 2 1 0
276.689 0.945643 0.945643 2 1 0
277.189 0.946162 0.946162 2 1 0
277.689 0.946676 0.946676 2 1 0
278.189 0.947186 0.947186 2 1 0
278.689 0.947691 0.947691 2 1 0
279.189 0.948191 0.948191 2 1 0
279.689 0.948687 0.948687 2 1 0
280.189 0.949178 0.949178 2 1 0
280.689 0.949665 0.949665 2 1 0
281.189 0.950147 0.950147 2 1 0
281.689 0.950625 0.950625 2 1 0
282.189 0.951099 0.951099 2 1 0
282.689 0.951568 0.951568 2 1 0
283.189 0.952033 0.952033 2 1 0
283.689 0.952493 0.952493 2 1 0
284.189 0.952949 0.952949 2 1 0
284.689 0.953401 0.953401 2 1 0
285.189 0.953849 0.953849 2 1 0
285.689 0.954293 0.954293 2 1 0
286.189 0.954733 0.954733 2 1 0
286.689 0.955168 0.955168 2 1 0
287.189 0.9556 0.9556 2 1 0
287.689 0.956027 0.956027 2 1 0
288.189 0.956451 0.956451 2 1 0
288.689 0.956871 0.956871 2 1 0
289.189 0.957286 0.957286 2 1 0
289.689 0.957698 0.957698 2 1 0
290.189 0.958106 0.958106 2 1 0
290.689 0.95851 0.95851 2 1 0
291.189 0.958911 0.958911 2 1 0
291.689 0.959308 0.959308 2 1 0
292.189 0.959701 0.959701 2 1 0
292.689 0.96009 0.96009 2 1 0
293.189 0.960476 0.960476 2 1 0
293.689 0.960858 0.960858 2 1 0
294.189 0.961236 0.961236 2 1 0
294.689 0.961611 0.961611 2 1 0
295.189 0.961983 0.961983 2 1 0
295.689 0.962351 0.962351 2 1 0
296.189 0.962715 0.962715 2 1 0
296.689 0.963076 0.963076 2 1 0
297.189 0.963434 0.963434 2 1 0
297.689 0.963789 0.963789 2 1 0
298.189 0.96414 0.96414 2 1 0
298.689 0.964487 0.964487 2 1 0
299.189 0.964832 0.964832 2 1 0
299.689 0.965173 0.965173 2 1 0
300.189 0.965511 0.965511 2 1 0
300.689 0.965846 0.965846 2 1 0
301.189 0.966177 0.966177 2 1 0
301.689 0.966506 0.966506 2 1 0
302.189 0.966831 0.966831 2 1 0
302.689 0.967153 0.967153 2 1 0
303.189 0.967473 0.967473 2 1 0
303.689 0.967789 0.967789 2 1 0
304.189 0.968102 0.968102 2 1 0
304.689 0.968412 0.968412 2 1 0
305.189 0.96872 0.96872 2 1 0
305.689 0.969024 0.969024 2 1 0
306.189 0.969326 0.969326 2 1 0
306.689 0.969624 0.969624 2 1 0
307.189 0.96992 0.96992 2 1 0
307.689 0.970213 0.970213 2 1 0
308.189 0.970503 0.970503 2 1 0
308.689 0.970791 0.970791 2 1 0
309.189 0.971075 0.971075 2 1 0
309.689 0.971357 0.971357 2 1 0
310.189 0.971637 0.971637 2 1 0
310.689 0.971913 0.971913 2 1 0
311.189 0.972187 0.972187 2 1 0
311.689 0.972459 0.972459 2 1 0
312.189 0.972728 0.972728 2 1 0
312.689 0.972994 0.972994 2 1 0
313.189 0.973258 0.973258 2 1 0
313.689 0.973519 0.973519 2 1 0
314.189 0.973777 0.973777 2 1 0
314.689 0.974034 0.974034 2 1 0
315.189 0.974287 0.974287 2 1 0
315.689 0.974539 0.974539 2 1 0
316.189 0.974788 0.974788 2 1 0
316.689 0.975034 0.975034 2 1 0
317.189 0.975278 0.975278 2 1 0
317.689 0.97552 0.97552 2 1 0
318.189 0.97576 0.97576 2 1 0
318.689 0.975997 0.975997 2 1 0
319.189 0.976232 0.976232 2 1 0
319.689 0.976464 0.976464 2 1 0
320.189 0.976695 0.976695 2 1 0
320.689 0.976923 0.976923 2 1 0
321.189 0.977149 0.977149 2 1 0
321.689 0.977373 0.977373 2 1 0
322.189 0.977594 0.977594 2 1 0
322.689 0.977814 0.977814 2 1 0
323.189 0.978031 0.978031 2 1 0
323.689 0.978247 0.978247 2 1 0
324.189 0.97846 0.97846 2 1 0
324.689 0.978671 0.978671 2 1 0
325.189 0.97888 0.97888 2 1 0
325.689 0.979088 0.979088 2 1 0
326.189 0.979293 0.979293 2 1 0
326.689 0.979496 0.979496 2 1 0
327.189 0.979697 0.979697 2 1 0
327.689 0.979896 0.979896 2 1 0
328.189 0.980094 0.980094 2 1 0
328.689 0.980289 0.980289 2 1 0
329.189 0.980483 0.980483 2 1 0
329.689 0.980674 0.980674 2 1 0
330.189 0.980864 0.980864 2 1 0
330.689 0.981052 0.981052 2 1 0
331.189 0.981238 0.981238 2 1 0
331.689 0.981423 0.981423 2 1 0
332.189 0.981605 0.981605 2 1 0
332.689 0.981786 0.981786 2 1 0
333.189 0.981965 0.981965 2 1 0
333.689 0.982142 0.982142 2 1 0
334.189 0.982318 0.982318 2 1 0
334.689 0.982492 0.982492 2 1 0
335.189 0.982664 0.982664 2 1 0
335.689 0.982834 0.982834 2 1 0
336.189 0.983003 0.983003 2 1 0
336.689 0.983171 0.983171 2 1 0
337.189 0.983336 0.983336 2 1 0
337.689 0.9835 0.9835 2 1 0
338.189 0.983663 0.983663 2 1 0
338.689 0.983823 0.983823 2 1 0
339.189 0.983983 0.983983 2 1 0
339.689 0.98414 0.98414 2 1 0
340.189 0.984296 0.984296 2 1 0
340.689 0.984451 0.984451 2 1 0
341.189 0.984604 0.984604 2 1 0
341.689 0.984756 0.984756 2 1 0
342.189 0.984906 0.984906 2 1 0
342.689 0.985055 0.985055 2 1 0
342.689 0.985055 0.985055 2 1 0
342.729 0.985067 0.985067 2 1 0
342.769 0.985078 0.985078 2 1 0
342.849 0.985102 0.985102 2 1 0
343.009 0.985149 0.985149 2 1 0
343.329 0.985243 0.985243 2 1 0
343.829 0.985388 0.985388 2 1 0
344.329 0.985532 0.985532 2 1 0
344.829 0.985675 0.985675 2 1 0
345.329 0.985816 0.985816 2 1 0
345.829 0.985956 0.985956 2 1 0
346.329 0.986095 0.986095 2 1 0
346.829 0.986232 0.986232 2 1 0
347.329 0.986367 0.986367 2 1 0
347.829 0.986502 0.986502 2 1 0
348.329 0.986635 0.986635 2 1 0
348.829 0.986767 0.986767 2 1 0
349.329 0.986897 0.986897 2 1 0
349.829 0.987027 0.987027 2 1 0
350.329 0.987155 0.987155 2 1 0
350.829 0.987281 0.987281 2 1 0
351.329 0.987407 0.987407 2 1 0
351.829 0.987531 0.987531 2 1 0
352.329 0.987654 0.987654 2 1 0
352.829 0.987776 0.987776 2 1 0
353.329 0.987897 0.987897 2 1 0
353.829 0.988016 0.988016 2 1 0
354.329 0.988135 0.988135 2 1 0
354.829 0.988252 0.988252 2 1 0
355.329 0.988368 0.988368 2 1 0
355.829 0.988483 0.988483 2 1 0
356.329 0.988597 0.988597 2 1 0
356.829 0.988709 0.988709 2 1 0
357.329 0.988821 0.988821 2 1 0
357.829 0.988931 0.988931 2 1 0
358.329 0.989041 0.989041 2 1 0
358.829 0.989149 0.989149 2 1 0
359.329 0.989256 0.989256 2 1 0
359.829 0.989362 0.989362 2 1 0
360.329 0.989467 0.989467 2 1 0
360.829 0.989572 0.989572 2 1 0
361.329 0.989675 0.989675 2 1 0
361.829 0.989777 0.989777 2 1 0
362.329 0.989878 0.989878 2 1 0
362.829 0.989978 0.989978 2 1 0
363.329 0.990077 0.990077 2 1 0
363.829 0.990175 0.990175 2 1 0
364.329 0.990272 0.990272 2 1 0
364.829 0.990368 0.990368 2 1 0
365.329 0.990464 0.990464 2 1 0
365.829 0.990558 0.990558 2 1 0
366.329 0.990651 0.990651 2 1 0
366.829 0.990744 0.990744 2 1 0
367.329 0.990836 0.990836 2 1 0
367.829 0.990926 0.990926 2 1 0
368.329 0.991016 0.991016 2 1 0
368.829 0.991105 0.991105 2 1 0
369.329 0.991193 0.991193 2 1 0
369.829 0.99128 0.99128 2 1 0
370.329 0.991366 0.991366 2 1 0
370.829 0.991452 0.991452 2 1 0
371.329 0.991536 0.991536 2 1 0
371.829 0.99162 0.99162 2 1 0
372.329 0.991703 0.991703 2 1 0
372.829 0.991785 0.991785 2 1 0
373.329 0.991867 0.991867 2 1 0
373.829 0.991947 0.991947 2 1 0
374.329 0.992027 0.992027 2 1 0
374.829 0.992106 0.992106 2 1 0
375.329 0.992184 0.992184 2 1 0
375.829 0.992261 0.992261 2 1 0
376.329 0.992338 0.992338 2 1 0
376.829 0.992414 0.992414 2 1 0
377.329 0.992489 0.992489 2 1 0
377.829 0.992563 0.992563 2 1 0
378.329 0.992637 0.992637 2 1 0
378.829 0.99271 0.99271 2 1 0
379.329 0.992782 0.992782 2 1 0
379.829 0.992854 0.992854 2 1 0
380.329 0.992925 0.992925 2 1 0
380.829 0.992995 0.992995 2 1 0
381.329 0.993064 0.993064 2 1 0
381.829 0.993133 0.993133 2 1 0
382.329 0.993201 0.993201 2 1 0
382.829 0.993268 0.993268 2 1 0
383.329 0.993335 0.993335 2 1 0
383.829 0.993401 0.993401 2 1 0
384.329 0.993466 0.993466 2 1 0
384.829 0.993531 0.993531 2 1 0
385.329 0.993595 0.993595 2 1 0
385.829 0.993659 0.993659 2 1 0
386.329 0.993722 0.993722 2 1 0
386.829 0.993784 0.993784 2 1 0
387.329 0.993845 0.993845 2 1 0
387.829 0.993907 0.993907 2 1 0
388.329 0.993967 0.993967 2 1 0
388.829 0.994027 0.994027 2 1 0
389.329 0.994086 0.994086 2 1 0
389.829 0.994145 0.994145 2 1 0
390.329 0.994203 0.994203 2 1 0
390.829 0.99426 0.99426 2 1 0
391.329 0.994317 0.994317 2 1 0
391.829 0.994373 0.994373 2 1 0
392.329 0.994429 0.994429 2 1 0
392.829 0.994484 0.994484 2 1 0
393.329 0.994539 0.994539 2 1 0
393.829 0.994593 0.994593 2 1 0
394.329 0.994647 0.994647 2 1 0
394.829 0.9947 0.9947 2 1 0
395.329 0.994753 0.994753 2 1 0
395.829 0.994805 0.994805 2 1 0
396.329 0.994856 0.994856 2 1 0
396.829 0.994907 0.994907 2 1 0
397.329 0.994958 0.994958 2 1 0
397.829 0.995008 0.995008 2 1 0
398.329 0.995057 0.995057 2 1 0
398.829 0.995106 0.995106 2 1 0
399.329 0.995155 0.995155 2 1 0
399.829 0.995203 0.995203 2 1 0
400.329 0.995251 0.995251 2 1 0
400.829 0.995298 0.995298 2 1 0
401.329 0.995344 0.995344 2 1 0
401.829 0.995391 0.995391 2 1 0
402.329 0.995436 0.995436 2 1 0
402.829 0.995482 0.995482 2 1 0
403.329 0.995526 0.995526 2 1 0
403.829 0.995571 0.995571 2 1 0
404.329 0.995615 0.995615 2 1 0
404.829 0.995658 0.995658 2 1 0
405.329 0.995701 0.995701 2 1 0
405.829 0.995744 0.995744 2 1 0
406.329 0.995786 0.995786 2 1 0
406.829 0.995828 0.995828 2 1 0
407.329 0.99587 0.99587 2 1 0
407.829 0.995911 0.995911 2 1 0
408.329 0.995951 0.995951 2 1 0
408.829 0.995991 0.995991 2 1 0
409.329 0.996031 0.996031 2 1 0
409.829 0.996071 0.996071 2 1 0
410.329 0.99611 0.99611 2 1 0
410.829 0.996148 0.996148 2 1 0
411.329 0.996186 0.996186 2 1 0
411.829 0.996224 0.996224 2 1 0
412.329 0.996262 0.996262 2 1 0
412.829 0.996299 0.996299 2 1 0
413.329 0.996336 0.996336 2 1 0
413.829 0.996372 0.996372 2 1 0
414.329 0.996408 0.996408 2 1 0
414.829 0.996444 0.996444 2 1 0
415.329 0.996479 0.996479 2 1 0
415.829 0.996514 0.996514 2 1 0
416.329 0.996549 0.996549 2 1 0
416.829 0.996583 0.996583 2 1 0
417.329 0.996617 0.996617 2 1 0
417.829 0.996651 0.996651 2 1 0
418.329 0.996684 0.996684 2 1 0
418.829 0.996717 0.996717 2 1 0
419.329 0.996749 0.996749 2 1 0
419.829 0.996782 0.996782 2 1 0
420.329 0.996814 0.996814 2 1 0
420.829 0.996845 0.996845 2 1 0
421.329 0.996877 0.996877 2 1 0
421.829 0.996908 0.996908 2 1 0
422.329 0.996938 0.996938 2 1 0
422.829 0.996969 0.996969 2 1 0
423.329 0.996999 0.996999 2 1 0
423.829 0.997029 0.997029 2 1 0
424.329 0.997058 0.997058 2 1 0
424.829 0.997087 0.997087 2 1 0
425.329 0.997116 0.997116 2 1 0
425.829 0.997145 0.997145 2 1 0
426.329 0.997173 0.997173 2 1 0
426.829 0.997201 0.997201 2 1 0
427.329 0.997229 0.997229 2 1 0
427.829 0.997257 0.997257 2 1 0
428.329 0.997284 0.997284 2 1 0
428.829 0.997311 0.997311 2 1 0
429.329 0.997338 0.997338 2 1 0
429.829 0.997364 0.997364 2 1 0
430.329 0.99739 0.99739 2 1 0
430.829 0.997416 0.997416 2 1 0
431.329 0.997442 0.997442 2 1 0
431.829 0.997467 0.997467 2 1 0
432.329 0.997493 0.997493 2 1 0
432.829 0.997517 0.997517 2 1 0
433.329 0.997542 0.997542 2 1 0
433.829 0.997567 0.997567 2 1 0
434.329 0.997591 0.997591 2 1 0
434.829 0.997615 0.997615 2 1 0
435.329 0.997638 0.997638 2 1 0
435.829 0.997662 0.997662 2 1 0
436.329 0.997685 0.997685 2 1 0
436.829 0.997708 0.997708 2 1 0
437.329 0.997731 0.997731 2 1 0
437.829 0.997753 0.997753 2 1 0
438.329 0.997776 0.997776 2 1 0
438.829 0.997798 0.997798 2 1 0
439.329 0.99782 0.99782 2 1 0
439.829 0.997841 0.997841 2 1 0
440.329 0.997863 0.997863 2 1 0
440.329 0.997863 0.997863 2 1 0
440.369 0.997865 0.997865 2 1 0
440.409 0.997866 0.997866 2 1 0
440.489 0.99787 0.99787 2 1 0
440.649 0.997876 0.997876 2 1 0
440.969 0.99789 0.99789 2 1 0
441.469 0.997911 0.997911 2 1 0
441.969 0.997932 0.997932 2 1 0
442.469 0.997952 0.997952 2 1 0
442.969 0.997973 0.997973 2 1 0
443.469 0.997993 0.997993 2 1 0
443.969 0.998013 0.998013 2 1 0
444.469 0.998033 0.998033 2 1 0
444.969 0.998052 0.998052 2 1 0
445.469 0.998071 0.998071 2 1 0
445.969 0.998091 0.998091 2 1 0
446.469 0.99811 0.99811 2 1 0
446.969 0.998128 0.998128 2 1 0
447.469 0.998147 0.998147 2 1 0
447.969 0.998165 0.998165 2 1 0
448.469 0.998184 0.998184 2 1 0
448.969 0.998202 0.998202 2 1 0
449.469 0.99822 0.99822 2 1 0
449.969 0.998237 0.998237 2 1 0
450.469 0.998255 0.998255 2 1 0
450.969 0.998272 0.998272 2 1 0
451.469 0.998289 0.998289 2 1 0
451.969 0.998306 0.998306 2 1 0
452.469 0.998323 0.998323 2 1 0
452.969 0.99834 0.99834 2 1 0
453.469 0.998356 0.998356 2 1 0
453.969 0.998373 0.998373 2 1 0
454.469 0.998389 0.998389 2 1 0
454.969 0.998405 0.998405 2 1 0
455.469 0.998421 0.998421 2 1 0
455.969 0.998436 0.998436 2 1 0
456.469 0.998452 0.998452 2 1 0
456.969 0.998467 0.998467 2 1 0
457.469 0.998483 0.998483 2 1 0
457.969 0.998498 0.998498 2 1 0
458.469 0.998513 0.998513 2 1 0
458.969 0.998527 0.998527 2 1 0
459.469 0.998542 0.998542 2 1 0
459.969 0.998557 0.998557 2 1 0
460.469 0.998571 0.998571 2 1 0
460.969 0.998585 0.998585 2 1 0
461.469 0.998599 0.998599 2 1 0
461.969 0.998613 0.998613 2 1 0
462.469 0.998627 0.998627 2 1 0
462.969 0.998641 0.998641 2 1 0
463.469 0.998654 0.998654 2 1 0
463.969 0.998667 0.998667 2 1 0
464.469 0.998681 0.998681 2 1 0
464.969 0.998694 0.998694 2 1 0
465.469 0.998707 0.998707 2 1 0
465.969 0.99872 0.99872 2 1 0
466.469 0.998732 0.998732 2 1 0
466.969 0.998745 0.998745 2 1 0
467.469 0.998758 0.998758 2 1 0
467.969 0.99877 0.99877 2 1 0
468.469 0.998782 0.998782 2 1 0
468.969 0.998794 0.998794 2 1 0
469.469 0.998806 0.998806 2 1 0
469.969 0.998818 0.998818 2 1 0
470.469 0.99883 0.99883 2 1 0
470.969 0.998841 0.998841 2 1 0
471.469 0.998853 0.998853 2 1 0
471.969 0.998864 0.998864 2 1 0
472.469 0.998876 0.998876 2 1 0
472.969 0.998887 0.998887 2 1 0
473.469 0.998898 0.998898 2 1 0
473.969 0.998909 0.998909 2 1 0
474.469 0.99892 0.99892 2 1 0
474.969 0.99893 0.99893 2 1 0
475.469 0.998941 0.998941 2 1 0
475.969 0.998952 0.998952 2 1 0
476.469 0.998962 0.998962 2 1 0
476.969 0.998972 0.998972 2 1 0
477.469 0.998983 0.998983 2 1 0
477.969 0.998993 0.998993 2 1 0
478.469 0.999003 0.999003 2 1 0
478.969 0.999013 0.999013 2 1 0
479.469 0.999022 0.999022 2 1 0
479.969 0.999032 0.999032 2 1 0
480.469 0.999042 0.999042 2 1 0
480.969 0.999051 0.999051 2 1 0
481.469 0.999061 0.999061 2 1 0
481.969 0.99907 0.99907 2 1 0
482.469 0.999079 0.999079 2 1 0
482.969 0.999089 0.999089 2 1 0
483.469 0.999098 0.999098 2 1 0
483.969 0.999107 0.999107 2 1 0
484.469 0.999115 0.999115 2 1 0
484.969 0.999124 0.999124 2 1 0
485.469 0.999133 0.999133 2 1 0
485.969 0.999142 0.999142 2 1 0
486.469 0.99915 0.99915 2 1 0
486.969 0.999159 0.999159 2 1 0
487.469 0.999167 0.999167 2 1 0
487.969 0.999175 0.999175 2 1 0
488.469 0.999183 0.999183 2 1 0
488.969 0.999192 0.999192 2 1 0
489.469 0.9992 0.9992 2 1 0
489.969 0.999208 0.999208 2 1 0
490.469 0.999215 0.999215 2 1 0
490.969 0.999223 0.999223 2 1 0
491.469 0.999231 0.999231 2 1 0
491.969 0.999239 0.999239 2 1 0
492.469 0.999246 0.999246 2 1 0
492.969 0.999254 0.999254 2 1 0
493.469 0.999261 0.999261 2 1 0
493.969 0.999268 0.999268 2 1 0
494.469 0.999276 0.999276 2 1 0
494.969 0.999283 0.999283 2 1 0
495.469 0.99929 0.99929 2 1 0
495.969 0.999297 0.999297 2 1 0
496.469 0.999304 0.999304 2 1 0
496.969 0.999311 0.999311 2 1 0
497.469 0.999318 0.999318 2 1 0
497.969 0.999325 0.999325 2 1 0
498.469 0.999331 0.999331 2 1 0
498.969 0.999338 0.999338 2 1 0
499.469 0.999345 0.999345 2 1 0
499.969 0.999351 0.999351 2 1 0
500.469 0.999358 0.999358 2 1 0
500.969 0.999364 0.999364 2 1 0
501.469 0.99937 0.99937 2 1 0
501.969 0.999377 0.999377 2 1 0
502.469 0.999383 0.999383 2 1 0
502.969 0.999389 0.999389 2 1 0
503.469 0.999395 0.999395 2 1 0
503.969 0.999401 0.999401 2 1 0
504.469 0.999407 0.999407 2 1 0
504.969 0.999413 0.999413 2 1 0
505.469 0.999419 0.999419 2 1 0
505.969 0.999425 0.999425 2 1 0
506.469 0.99943 0.99943 2 1 0
506.969 0.999436 0.999436 2 1 0
507.469 0.999442 0.999442 2 1 0
507.969 0.999447 0.999447 2 1 0
508.469 0.999453 0.999453 2 1 0
508.969 0.999458 0.999458 2 1 0
509.469 0.999463 0.999463 2 1 0
509.969 0.999469 0.999469 2 1 0
510.469 0.999474 0.999474 2 1 0
510.969 0.999479 0.999479 2 1 0
511.469 0.999484 0.999484 2 1 0
511.969 0.99949 0.99949 2 1 0
512.469 0.999495 0.999495 2 1 0
512.969 0.9995 0.9995 2 1 0
513.469 0.999505 0.999505 2 1 0
513.969 0.99951 0.99951 2 1 0
514.469 0.999514 0.999514 2 1 0
514.969 0.999519 0.999519 2 1 0
515.469 0.999524 0.999524 2 1 0
515.969 0.999529 0.999529 2 1 0
516.469 0.999534 0.999534 2 1 0
516.969 0.999538 0.999538 2 1 0
517.469 0.999543 0.999543 2 1 0
517.969 0.999547 0.999547 2 1 0
518.469 0.999552 0.999552 2 1 0
518.969 0.999556 0.999556 2 1 0
519.469 0.999561 0.999561 2 1 0
519.969 0.999565 0.999565 2 1 0
520.469 0.999569 0.999569 2 1 0
520.969 0.999574 0.999574 2 1 0
521.469 0.999578 0.999578 2 1 0
521.969 0.999582 0.999582 2 1 0
522.469 0.999586 0.999586 2 1 0
522.969 0.99959 0.99959 2 1 0
523.469 0.999594 0.999594 2 1 0
523.969 0.999598 0.999598 2 1 0
524.469 0.999602 0.999602 2 1 0
524.969 0.999606 0.999606 2 1 0
525.469 0.99961 0.99961 2 1 0
525.969 0.999614 0.999614 2 1 0
526.469 0.999618 0.999618 2 1 0
526.969 0.999622 0.999622 2 1 0
527.469 0.999626 0.999626 2 1 0
527.969 0.999629 0.999629 2 1 0
528.469 0.999633 0.999633 2 1 0
528.969 0.999637 0.999637 2 1 0
529.469 0.99964 0.99964 2 1 0
529.969 0.999644 0.999644 2 1 0
530.469 0.999647 0.999647 2 1 0
530.969 0.999651 0.999651 2 1 0
531.469 0.999654 0.999654 2 1 0
531.969 0.999658 0.999658 2 1 0
532.469 0.999661 0.999661 2 1 0
532.969 0.999665 0.999665 2 1 0
533.469 0.999668 0.999668 2 1 0
533.969 0.999671 0.999671 2 1 0
534.469 0.999675 0.999675 2 1 0
534.969 0.999678 0.999678 2 1 0
535.469 0.999681 0.999681 2 1 0
535.969 0.999684 0.999684 2 1 0
536.469 0.999687 0.999687 2 1 0
536.969 0.99969 0.99969 2 1 0
537.469 0.999693 0.999693 2 1 0
537.969 0.999697 0.999697 2 1 0
537.969 0.999697 0.999697 2 1 0
538.009 0.999697 0.999697 2 1 0
538.049 0.999697 0.999697 2 1 0
538.129 0.999697 0.999697 2 1 0
538.289 0.999698 0.999698 2 1 0
538.609 0.9997 0.9997 2 1 0
539.109 0.999703 0.999703 2 1 0
539.609 0.999706 0.999706 2 1 0
540.109 0.999709 0.999709 2 1 0
540.609 0.999712 0.999712 2 1 0
541.109 0.999715 0.999715 2 1 0
541.609 0.999718 0.999718 2 1 0
542.109 0.999721 0.999721 2 1 0
542.609 0.999723 0.999723 2 1 0
543.109 0.999726 0.999726 2 1 0
543.609 0.999729 0.999729 2 1 0
544.109 0.999732 0.999732 2 1 0
544.609 0.999734 0.999734 2 1 0
545.109 0.999737 0.999737 2 1 0
545.609 0.99974 0.99974 2 1 0
546.109 0.999742 0.999742 2 1 0
546.609 0.999745 0.999745 2 1 0
547.109 0.999747 0.999747 2 1 0
547.609 0.99975 0.99975 2 1 0
548.109 0.999752 0.999752 2 1 0
548.609 0.999755 0.999755 2 1 0
549.109 0.999757 0.999757 2 1 0
549.609 0.99976 0.99976 2 1 0
550.109 0.999762 0.999762 2 1 0
550.609 0.999764 0.999764 2 1 0
551.109 0.999767 0.999767 2 1 0
551.609 0.999769 0.999769 2 1 0
552.109 0.999771 0.999771 2 1 0
552.609 0.999774 0.999774 2 1 0
553.109 0.999776 0.999776 2 1 0
553.609 0.999778 0.999778 2 1 0
554.109 0.99978 0.99978 2 1 0
554.609 0.999782 0.999782 2 1 0
555.109 0.999785 0.999785 2 1 0
555.609 0.999787 0.999787 2 1 0
556.109 0.999789 0.999789 2 1 0
556.609 0.999791 0.999791 2 1 0
557.109 0.999793 0.999793 2 1 0
557.609 0.999795 0.999795 2 1 0
558.109 0.999797 0.999797 2 1 0
558.609 0.999799 0.999799 2 1 0
559.109 0.999801 0.999801 2 1 0
559.609 0.999803 0.999803 2 1 0
560.109 0.999805 0.999805 2 1 0
560.609 0.999807 0.999807 2 1 0
561.109 0.999809 0.999809 2 1 0
561.609 0.999811 0.999811 2 1 0
562.109 0.999813 0.999813 2 1 0
562.609 0.999815 0.999815 2 1 0
563.109 0.999816 0.999816 2 1 0
563.609 0.999818 0.999818 2 1 0
564.109 0.99982 0.99982 2 1 0
564.609 0.999822 0.999822 2 1 0
565.109 0.999824 0.999824 2 1 0
565.609 0.999825 0.999825 2 1 0
566.109 0.999827 0.999827 2 1 0
566.609 0.999829 0.999829 2 1 0
567.109 0.999831 0.999831 2 1 0
567.609 0.999832 0.999832 2 1 0
568.109 0.999834 0.999834 2 1 0
568.609 0.999836 0.999836 2 1 0
569.109 0.999837 0.999837 2 1 0
569.609 0.999839 0.999839 2 1 0
570.109 0.99984 0.99984 2 1 0
570.609 0.999842 0.999842 2 1 0
571.109 0.999844 0.999844 2 1 0
571.609 0.999845 0.999845 2 1 0
572.109 0.999847 0.999847 2 1 0
572.609 0.999848 0.999848 2 1 0
573.109 0.99985 0.99985 2 1 0
573.609 0.999851 0.999851 2 1 0
574.109 0.999853 0.999853 2 1 0
574.609 0.999854 0.999854 2 1 0
575.109 0.999856 0.999856 2 1 0
575.609 0.999857 0.999857 2 1 0
576.109 0.999858 0.999858 2 1 0
576.609 0.99986 0.99986 2 1 0
577.109 0.999861 0.999861 2 1 0
577.609 0.999863 0.999863 2 1 0
578.109 0.999864 0.999864 2 1 0
578.609 0.999865 0.999865 2 1 0
579.109 0.999867 0.999867 2 1 0
579.609 0.999868 0.999868 2 1 0
580.109 0.999869 0.999869 2 1 0
580.609 0.999871 0.999871 2 1 0
581.109 0.999872 0.999872 2 1 0
581.609 0.999873 0.999873 2 1 0
582.109 0.999874 0.999874 2 1 0
582.609 0.999876 0.999876 2 1 0
583.109 0.999877 0.999877 2 1 0
583.609 0.999878 0.999878 2 1 0
584.109 0.999879 0.999879 2 1 0
584.609 0.999881 0.999881 2 1 0
585.109 0.999882 0.999882 2 1 0
585.609 0.999883 0.999883 2 1 0
586.109 0.999884 0.999884 2 1 0
586.609 0.999885 0.999885 2 1 0
587.109 0.999886 0.999886 2 1 0
587.609 0.999888 0.999888 2 1 0
588.109 0.999889 0.999889 2 1 0
588.609 0.99989 0.99989 2 1 0
589.109 0.999891 0.999891 2 1 0
589.609 0.999892 0.999892 2 1 0
590.109 0.999893 0.999893 2 1 0
590.609 0.999894 0.999894 2 1 0
591.109 0.999895 0.999895 2 1 0
591.609 0.999896 0.999896 2 1 0
592.109 0.999897 0.999897 2 1 0
592.609 0.999898 0.999898 2 1 0
593.109 0.999899 0.999899 2 1 0
593.609 0.9999 0.9999 2 1 0
594.109 0.999901 0.999901 2 1 0
594.609 0.999902 0.999902 2 1 0
595.109 0.999903 0.999903 2 1 0
595.609 0.999904 0.999904 2 1 0
596.109 0.999905 0.999905 2 1 0
596.609 0.999906 0.999906 2 1 0
597.109 0.999907 0.999907 2 1 0
597.609 0.999908 0.999908 2 1 0
598.109 0.999909 0.999909 2 1 0
598.609 0.99991 0.99991 2 1 0
599.109 0.999911 0.999911 2 1 0
599.609 0.999912 0.999912 2 1 0
600.109 0.999912 0.999912 2 1 0
600.609 0.999913 0.999913 2 1 0
601.109 0.999914 0.999914 2 1 0
601.609 0.999915 0.999915 2 1 0
602.109 0.999916 0.999916 2 1 0
602.609 0.999917 0.999917 2 1 0
603.109 0.999918 0.999918 2 1 0
603.609 0.999918 0.999918 2 1 0
604.109 0.999919 0.999919 2 1 0
604.609 0.99992 0.99992 2 1 0
605.109 0.999921 0.999921 2 1 0
605.609 0.999922 0.999922 2 1 0
606.109 0.999922 0.999922 2 1 0
606.609 0.999923 0.999923 2 1 0
607.109 0.999924 0.999924 2 1 0
607.609 0.999925 0.999925 2 1 0
608.109 0.999925 0.999925 2 1 0
608.609 0.999926 0.999926 2 1 0
609.109 0.999927 0.999927 2 1 0
609.609 0.999928 0.999928 2 1 0
610.109 0.999928 0.999928 2 1 0
610.609 0.999929 0.999929 2 1 0
611.109 0.99993 0.99993 2 1 0
611.609 0.99993 0.99993 2 1 0
612.109 0.999931 0.999931 2 1 0
612.609 0.999932 0.999932 2 1 0
613.109 0.999932 0.999932 2 1 0
613.609 0.999933 0.999933 2 1 0
614.109 0.999934 0.999934 2 1 0
614.609 0.999934 0.999934 2 1 0
615.109 0.999935 0.999935 2 1 0
615.609 0.999936 0.999936 2 1 0
616.109 0.999936 0.999936 2 1 0
616.609 0.999937 0.999937 2 1 0
617.109 0.999938 0.999938 2 1 0
617.609 0.999938 0.999938 2 1 0
618.109 0.999939 0.999939 2 1 0
618.609 0.99994 0.99994 2 1 0
619.109 0.99994 0.99994 2 1 0
619.609 0.999941 0.999941 2 1 0
620.109 0.999941 0.999941 2 1 0
620.609 0.999942 0.999942 2 1 0
621.109 0.999942 0.999942 2 1 0
621.609 0.999943 0.999943 2 1 0
622.109 0.999944 0.999944 2 1 0
622.609 0.999944 0.999944 2 1 0
623.109 0.999945 0.999945 2 1 0
623.609 0.999945 0.999945 2 1 0
624.109 0.999946 0.999946 2 1 0
624.609 0.999946 0.999946 2 1 0
625.109 0.999947 0.999947 2 1 0
625.609 0.999947 0.999947 2 1 0
626.109 0.999948 0.999948 2 1 0
626.609 0.999948 0.999948 2 1 0
627.109 0.999949 0.999949 2 1 0
627.609 0.999949 0.999949 2 1 0
628.109 0.99995 0.99995 2 1 0
628.609 0.99995 0.99995 2 1 0
629.109 0.999951 0.999951 2 1 0
629.609 0.999951 0.999951 2 1 0
630.109 0.999952 0.999952 2 1 0
630.609 0.999952 0.999952 2 1 0
631.109 0.999953 0.999953 2 1 0
631.609 0.999953 0.999953 2 1 0
632.109 0.999954 0.999954 2 1 0
632.609 0.999954 0.999954 2 1 0
633.109 0.999955 0.999955 2 1 0
633.609 0.999955 0.999955 2 1 0
634.109 0.999956 0.999956 2 1 0
634.609 0.999956 0.999956 2 1 0
635.109 0.999957 0.999957 2 1 0
635.609 0.999957 0.999957 2 1 0
155.707 0.178571 0.178571 2 2 0
155.747 0.178571 0.178571 1 2 0
155.787 0.178571 0.178571 1 2 0
155.867 0.178571 0.178571 1 2 0
156.027 0.178571 0.178571 1 2 0
156.347 0.178571 0.178571 1 2 0
156.847 0.178571 0.178571 1 2 0
157.347 0.178571 0.178571 1 2 0
157.847 0.178571 0.178571 1 2 0
158.347 0.178571 0.178571 1 2 0
158.847 0.178571 0.178571 1 2 0
159.347 0.178571 0.178571 1 2 0
159.847 0.178571 0.178571 1 2 0
160.347 0.178571 0.178571 1 2 0
160.847 0.178571 0.178571 1 2 0
161.347 0.178571 0.178571 1 2 0
161.847 0.178571 0.178571 1 2 0
162.347 0.178571 0.178571 1 2 0
162.847 0.178571 0.178571 1 2 0
163.347 0.178571 0.178571 1 2 0
163.847 0.178571 0.178571 1 2 0
164.347 0.178571 0.178571 1 2 0
164.847 0.178571 0.178571 1 2 0
165.347 0.178571 0.178571 1 2 0
165.847 0.178571 0.178571 1 2 0
166.347 0.178571 0.178571 1 2 0
166.847 0.178571 0.178571 1 2 0
167.347 0.178571 0.178571 1 2 0
167.847 0.178571 0.178571 1 2 0
168.347 0.178571 0.178571 1 2 0
168.847 0.178571 0.178571 1 2 0
169.347 0.178571 0.178571 1 2 0
169.847 0.178571 0.178571 1 2 0
170.347 0.178571 0.178571 1 2 0
170.847 0.178571 0.178571 1 2 0
171.347 0.178571 0.178571 1 2 0
171.847 0.178571 0.178571 1 2 0
172.347 0.178571 0.178571 1 2 0
172.847 0.178571 0.178571 1 2 0
173.347 0.178571 0.178571 1 2 0
173.847 0.178571 0.178571 1 2 0
174.347 0.178571 0.178571 1 2 0
174.847 0.178571 0.178571 1 2 0
175.347 0.178571 0.178571 1 2 0
175.847 0.178571 0.178571 1 2 0
176.347 0.178571 0.178571 1 2 0
176.847 0.178571 0.178571 1 2 0
177.347 0.178571 0.178571 1 2 0
177.847 0.178571 0.178571 1 2 0
178.347 0.178571 0.178571 1 2 0
178.847 0.178571 0.178571 1 2 0
179.347 0.178571 0.178571 1 2 0
179.847 0.178571 0.178571 1 2 0
180.347 0.178571 0.178571 1 2 0
180.847 0.178571 0.178571 1 2 0
181.347 0.178571 0.178571 1 2 0
181.847 0.178571 0.178571 1 2 0
181.857 0.178571 0.178571 1 2 0
182.357 0.178571 0.178571 2 2 0
182.857 0.178571 0.178571 2 2 0
183.357 0.178571 0.178571 2 2 0
183.857 0.178571 0.178571 2 2 0
184.357 0.178571 0.178571 2 2 0
184.857 0.178571 0.178571 2 2 0
185.357 0.178571 0.178571 2 2 0
185.857 0.178571 0.178571 2 2 0
186.357 0.178571 0.178571 2 2 0
186.857 0.178571 0.178571 2 2 0
187.357 0.178571 0.178571 2 2 0
187.857 0.178571 0.178571 2 2 0
188.357 0.178571 0.178571 2 2 0
188.857 0.178571 0.178571 2 2 0
189.357 0.178571 0.178571 2 2 0
189.857 0.178571 0.178571 2 2 0
190.357 0.178571 0.178571 2 2 0
190.857 0.178571 0.178571 2 2 0
191.357 0.178571 0.178571 2 2 0
191.857 0.178571 0.178571 2 2 0
192.357 0.178571 0.178571 2 2 0
192.857 0.178571 0.178571 2 2 0
193.357 0.178571 0.178571 2 2 0
193.857 0.178571 0.178571 2 2 0
194.357 0.178571 0.178571 2 2 0
194.857 0.178571 0.178571 2 2 0
195.357 0.178571 0.178571 2 2 0
195.857 0.178571 0.178571 2 2 0
196.357 0.178571 0.178571 2 2 0
196.857 0.178571 0.178571 2 2 0
197.357 0.178571 0.178571 2 2 0
197.857 0.178571 0.178571 2 2 0
198.357 0.178571 0.178571 2 2 0
198.857 0.178571 0.178571 2 2 0
199.357 0.178571 0.178571 2 2 0
199.857 0.178571 0.178571 2 2 0
200.357 0.178571 0.178571 2 2 0
200.857 0.178571 0.178571 2 2 0
201.357 0.178571 0.178571 2 2 0
201.857 0.178571 0.178571 2 2 0
202.357 0.178571 0.178571 2 2 0
202.857 0.178571 0.178571 2 2 0
203.357 0.178571 0.178571 2 2 0
203.857 0.178571 0.178571 2 2 0
204.357 0.178571 0.178571 2 2 0
204.857 0.178571 0.178571 2 2 0
205.357 0.178571 0.178571 2 2 0
205.857 0.178571 0.178571 2 2 0
206.357 0.178571 0.178571 2 2 0
206.857 0.178571 0.178571 2 2 0
207.357 0.178571 0.178571 2 2 0
207.857 0.178571 0.178571 2 2 0
208.357 0.178571 0.178571 2 2 0
208.857 0.178571 0.178571 2 2 0
209.357 0.178571 0.178571 2 2 0
209.857 0.178571 0.178571 2 2 0
210.357 0.178571 0.178571 2 2 0
210.857 0.178571 0.178571 2 2 0
211.357 0.178571 0.178571 2 2 0
211.857 0.178571 0.178571 2 2 0
212.357 0.178571 0.178571 2 2 0
212.857 0.178571 0.178571 2 2 0
213.357 0.178571 0.178571 2 2 0
213.857 0.178571 0.178571 2 2 0
214.357 0.178571 0.178571 2 2 0
214.857 0.178571 0.178571 2 2 0
215.357 0.178571 0.178571 2 2 0
215.857 0.178571 0.178571 2 2 0
216.357 0.178571 0.178571 2 2 0
216.857 0.178571 0.178571 2 2 0
217.357 0.178571 0.178571 2 2 0
217.857 0.178571 0.178571 2 2 0
218.357 0.178571 0.178571 2 2 0
218.857 0.178571 0.178571 2 2 0
219.357 0.178571 0.178571 2 2 0
219.857 0.178571 0.178571 2 2 0
220.357 0.178571 0.178571 2 2 0
220.857 0.178571 0.178571 2 2 0
221.357 0.178571 0.178571 2 2 0
221.857 0.178571 0.178571 2 2 0
222.357 0.178571 0.178571 2 2 0
222.857 0.178571 0.178571 2 2 0
223.357 0.178571 0.178571 2 2 0
223.857 0.178571 0.178571 2 2 0
224.357 0.178571 0.178571 2 2 0
224.857 0.178571 0.178571 2 2 0
225.357 0.178571 0.178571 2 2 0
225.857 0.178571 0.178571 2 2 0
226.357 0.178571 0.178571 2 2 0
226.857 0.178571 0.178571 2 2 0
227.357 0.178571 0.178571 2 2 0
227.857 0.178571 0.178571 2 2 0
228.357 0.178571 0.178571 2 2 0
228.857 0.178571 0.178571 2 2 0
229.357 0.178571 0.178571 2 2 0
229.857 0.178571 0.178571 2 2 0
230.357 0.178571 0.178571 2 2 0
230.857 0.178571 0.178571 2 2 0
231.357 0.178571 0.178571 2 2 0
231.857 0.178571 0.178571 2 2 0
232.357 0.178571 0.178571 2 2 0
232.857 0.178571 0.178571 2 2 0
233.357 0.178571 0.178571 2 2 0
233.857 0.178571 0.178571 2 2 0
234.357 0.178571 0.178571 2 2 0
234.857 0.178571 0.178571 2 2 0
235.357 0.178571 0.178571 2 2 0
235.857 0.178571 0.178571 2 2 0
236.357 0.178571 0.178571 2 2 0
236.857 0.178571 0.178571 2 2 0
237.357 0.178571 0.178571 2 2 0
237.857 0.178571 0.178571 2 2 0
238.357 0.178571 0.178571 2 2 0
238.857 0.178571 0.178571 2 2 0
239.357 0.178571 0.178571 2 2 0
239.857 0.178571 0.178571 2 2 0
240.357 0.178571 0.178571 2 2 0
240.857 0.178571 0.178571 2 2 0
241.357 0.178571 0.178571 2 2 0
241.857 0.178571 0.178571 2 2 0
242.357 0.178571 0.178571 2 2 0
242.857 0.178571 0.178571 2 2 0
243.357 0.178571 0.178571 2 2 0
243.857 0.178571 0.178571 2 2 0
244.357 0.178571 0.178571 2 2 0
244.857 0.178571 0.178571 2 2 0
245.357 0.178571 0.178571 2 2 0
245.857 0.178571 0.178571 2 2 0
246.357 0.178571 0.178571 2 2 0
246.857 0.178571 0.178571 2 2 0
247.357 0.178571 0.178571 2 2 0
247.857 0.178571 0.178571 2 2 0
248.357 0.178571 0.178571 2 2 0
248.857 0.178571 0.178571 2 2 0
249.357 0.178571 0.178571 2 2 0
249.857 0.178571 0.178571 2 2 0
250.357 0.178571 0.178571 2 2 0
250.857 0.178571 0.178571 2 2 0
251.357 0.178571 0.178571 2 2 0
251.857 0.178571 0.178571 2 2 0
252.357 0.178571 0.178571 2 2 0
252.857 0.178571 0.178571 2 2 0
252.857 0.178571 0.178571 2 2 0
252.897 0.178571 0.178571 2 2 0
252.937 0.178571 0.178571 2 2 0
253.017 0.178571 0.178571 2 2 0
253.177 0.178571 0.178571 2 2 0
253.497 0.178571 0.178571 2 2 0
253.997 0.178571 0.178571 2 2 0
254.497 0.178571 0.178571 2 2 0
254.997 0.178571 0.178571 2 2 0
255.497 0.178571 0.178571 2 2 0
255.997 0.178571 0.178571 2 2 0
256.497 0.178571 0.178571 2 2 0
256.997 0.178571 0.178571 2 2 0
257.497 0.178571 0.178571 2 2 0
257.997 0.178571 0.178571 2 2 0
258.497 0.178571 0.178571 2 2 0
258.997 0.178571 0.178571 2 2 0
259.497 0.178571 0.178571 2 2 0
259.997 0.178571 0.178571 2 2 0
260.497 0.178571 0.178571 2 2 0
260.997 0.178571 0.178571 2 2 0
261.497 0.178571 0.178571 2 2 0
261.997 0.178571 0.178571 2 2 0
262.497 0.178571 0.178571 2 2 0
262.997 0.178571 0.178571 2 2 0
263.497 0.178571 0.178571 2 2 0
263.997 0.178571 0.178571 2 2 0
264.497 0.178571 0.178571 2 2 0
264.997 0.178571 0.178571 2 2 0
265.497 0.178571 0.178571 2 2 0
265.997 0.178571 0.178571 2 2 0
266.497 0.178571 0.178571 2 2 0
266.997 0.178571 0.178571 2 2 0
267.497 0.178571 0.178571 2 2 0
267.997 0.178571 0.178571 2 2 0
268.497 0.178571 0.178571 2 2 0
268.997 0.178571 0.178571 2 2 0
269.497 0.178571 0.178571 2 2 0
269.997 0.178571 0.178571 2 2 0
270.497 0.178571 0.178571 2 2 0
270.997 0.178571 0.178571 2 2 0
271.497 0.178571 0.178571 2 2 0
271.997 0.178571 0.178571 2 2 0
272.497 0.178571 0.178571 2 2 0
272.997 0.178571 0.178571 2 2 0
273.497 0.178571 0.178571 2 2 0
273.997 0.178571 0.178571 2 2 0
274.497 0.178571 0.178571 2 2 0
274.997 0.178571 0.178571 2 2 0
275.497 0.178571 0.178571 2 2 0
275.997 0.178571 0.178571 2 2 0
276.497 0.178571 0.178571 2 2 0
276.997 0.178571 0.178571 2 2 0
277.497 0.178571 0.178571 2 2 0
277.997 0.178571 0.178571 2 2 0
278.497 0.178571 0.178571 2 2 0
278.997 0.178571 0.178571 2 2 0
279.497 0.178571 0.178571 2 2 0
279.997 0.178571 0.178571 2 2 0
280.497 0.178571 0.178571 2 2 0
280.997 0.178571 0.178571 2 2 0
281.497 0.178571 0.178571 2 2 0
281.997 0.178571 0.178571 2 2 0
282.497 0.178571 0.178571 2 2 0
282.997 0.178571 0.178571 2 2 0
283.497 0.178571 0.178571 2 2 0
283.997 0.178571 0.178571 2 2 0
284.497 0.178571 0.178571 2 2 0
284.997 0.178571 0.178571 2 2 0
285.497 0.178571 0.178571 2 2 0
285.997 0.178571 0.178571 2 2 0
286.497 0.178571 0.178571 2 2 0
286.997 0.178571 0.178571 2 2 0
287.497 0.178571 0.178571 2 2 0
287.997 0.178571 0.178571 2 2 0
288.497 0.178571 0.178571 2 2 0
288.997 0.178571 0.178571 2 2 0
289.497 0.178571 0.178571 2 2 0
289.997 0.178571 0.178571 2 2 0
290.497 0.178571 0.178571 2 2 0
290.997 0.178571 0.178571 2 2 0
291.497 0.178571 0.178571 2 2 0
291.997 0.178571 0.178571 2 2 0
292.497 0.178571 0.178571 2 2 0
292.997 0.178571 0.178571 2 2 0
293.497 0.178571 0.178571 2 2 0
293.997 0.178571 0.178571 2 2 0
294.497 0.178571 0.178571 2 2 0
294.997 0.178571 0.178571 2 2 0
295.497 0.178571 0.178571 2 2 0
295.997 0.178571 0.178571 2 2 0
296.497 0.178571 0.178571 2 2 0
296.997 0.178571 0.178571 2 2 0
297.497 0.178571 0.178571 2 2 0
297.997 0.178571 0.178571 2 2 0
298.497 0.178571 0.178571 2 2 0
298.997 0.178571 0.178571 2 2 0
299.497 0.178571 0.178571 2 2 0
299.997 0.178571 0.178571 2 2 0
300.497 0.178571 0.178571 2 2 0
300.997 0.178571 0.178571 2 2 0
301.497 0.178571 0.178571 2 2 0
301.997 0.178571 0.178571 2 2 0
302.497 0.178571 0.178571 2 2 0
302.997 0.178571 0.178571 2 2 0
303.497 0.178571 0.178571 2 2 0
303.997 0.178571 0.178571 2 2 0
304.497 0.178571 0.178571 2 2 0
304.997 0.178571 0.178571 2 2 0
305.497 0.178571 0.178571 2 2 0
305.997 0.178571 0.178571 2 2 0
306.497 0.178571 0.178571 2 2 0
306.997 0.178571 0.178571 2 2 0
307.497 0.178571 0.178571 2 2 0
307.997 0.178571 0.178571 2 2 0
308.497 0.178571 0.178571 2 2 0
308.997 0.178571 0.178571 2 2 0
309.497 0.178571 0.178571 2 2 0
309.997 0.178571 0.178571 2 2 0
310.497 0.178571 0.178571 2 2 0
310.997 0.178571 0.178571 2 2 0
311.497 0.178571 0.178571 2 2 0
311.997 0.178571 0.178571 2 2 0
312.497 0.178571 0.178571 2 2 0
312.997 0.178571 0.178571 2 2 0
313.497 0.178571 0.178571 2 2 0
313.997 0.178571 0.178571 2 2 0
314.497 0.178571 0.178571 2 2 0
314.997 0.178571 0.178571 2 2 0
315.497 0.178571 0.178571 2 2 0
315.997 0.178571 0.178571 2 2 0
316.497 0.178571 0.178571 2 2 0
316.997 0.178571 0.178571 2 2 0
317.497 0.178571 0.178571 2 2 0
317.997 0.178571 0.178571 2 2 0
318.497 0.178571 0.178571 2 2 0
318.997 0.178571 0.178571 2 2 0
319.497 0.178571 0.178571 2 2 0
319.997 0.178571 0.178571 2 2 0
320.497 0.178571 0.178571 2 2 0
320.997 0.178571 0.178571 2 2 0
321.497 0.178571 0.178571 2 2 0
321.997 0.178571 0.178571 2 2 0
322.497 0.178571 0.178571 2 2 0
322.997 0.178571 0.178571 2 2 0
323.497 0.178571 0.178571 2 2 0
323.997 0.178571 0.178571 2 2 0
324.497 0.178571 0.178571 2 2 0
324.997 0.178571 0.178571 2 2 0
325.497 0.178571 0.178571 2 2 0
325.997 0.178571 0.178571 2 2 0
326.497 0.178571 0.178571 2 2 0
326.997 0.178571 0.178571 2 2 0
327.497 0.178571 0.178571 2 2 0
327.997 0.178571 0.178571 2 2 0
328.497 0.178571 0.178571 2 2 0
328.997 0.178571 0.178571 2 2 0
329.497 0.178571 0.178571 2 2 0
329.997 0.178571 0.178571 2 2 0
330.497 0.178571 0.178571 2 2 0
330.997 0.178571 0.178571 2 2 0
331.497 0.178571 0.178571 2 2 0
331.997 0.178571 0.178571 2 2 0
332.497 0.178571 0.178571 2 2 0
332.997 0.178571 0.178571 2 2 0
333.497 0.178571 0.178571 2 2 0
333.997 0.178571 0.178571 2 2 0
334.497 0.178571 0.178571 2 2 0
334.997 0.178571 0.178571 2 2 0
335.497 0.178571 0.178571 2 2 0
335.997 0.178571 0.178571 2 2 0
336.497 0.178571 0.178571 2 2 0
336.997 0.178571 0.178571 2 2 0
337.497 0.178571 0.178571 2 2 0
337.997 0.178571 0.178571 2 2 0
338.497 0.178571 0.178571 2 2 0
338.997 0.178571 0.178571 2 2 0
339.497 0.178571 0.178571 2 2 0
339.997 0.178571 0.178571 2 2 0
340.497 0.178571 0.178571 2 2 0
340.997 0.178571 0.178571 2 2 0
341.497 0.178571 0.178571 2 2 0
341.997 0.178571 0.178571 2 2 0
342.497 0.178571 0.178571 2 2 0
342.997 0.178571 0.178571 2 2 0
343.497 0.178571 0.178571 2 2 0
343.997 0.178571 0.178571 2 2 0
344.497 0.178571 0.178571 2 2 0
344.997 0.178571 0.178571 2 2 0
345.497 0.178571 0.178571 2 2 0
345.997 0.178571 0.178571 2 2 0
346.497 0.178571 0.178571 2 2 0
346.997 0.178571 0.178571 2 2 0
347.497 0.178571 0.178571 2 2 0
347.997 0.178571 0.178571 2 2 0
348.497 0.178571 0.178571 2 2 0
348.997 0.178571 0.178571 2 2 0
349.497 0.178571 0.178571 2 2 0
349.997 0.178571 0.178571 2 2 0
350.497 0.178571 0.178571 2 2 0
350.497 0.178571 0.178571 2 2 0
350.537 0.178571 0.178571 2 2 0
350.577 0.178571 0.178571 2 2 0
350.657 0.178571 0.178571 2 2 0
350.817 0.178571 0.178571 2 2 0
351.137 0.178571 0.178571 2 2 0
351.637 0.178571 0.178571 2 2 0
352.137 0.178571 0.178571 2 2 0
352.637 0.178571 0.178571 2 2 0
353.137 0.178571 0.178571 2 2 0
353.637 0.178571 0.178571 2 2 0
354.137 0.178571 0.178571 2 2 0
354.637 0.178571 0.178571 2 2 0
355.137 0.178571 0.178571 2 2 0
355.637 0.178571 0.178571 2 2 0
356.137 0.178571 0.178571 2 2 0
356.637 0.178571 0.178571 2 2 0
357.137 0.178571 0.178571 2 2 0
357.637 0.178571 0.178571 2 2 0
358.137 0.178571 0.178571 2 2 0
358.637 0.178571 0.178571 2 2 0
359.137 0.178571 0.178571 2 2 0
359.637 0.178571 0.178571 2 2 0
360.137 0.178571 0.178571 2 2 0
360.637 0.178571 0.178571 2 2 0
361.137 0.178571 0.178571 2 2 0
361.637 0.178571 0.178571 2 2 0
362.137 0.178571 0.178571 2 2 0
362.637 0.178571 0.178571 2 2 0
363.137 0.178571 0.178571 2 2 0
363.637 0.178571 0.178571 2 2 0
364.137 0.178571 0.178571 2 2 0
364.637 0.178571 0.178571 2 2 0
365.137 0.178571 0.178571 2 2 0
365.637 0.178571 0.178571 2 2 0
366.137 0.178571 0.178571 2 2 0
366.637 0.178571 0.178571 2 2 0
367.137 0.178571 0.178571 2 2 0
367.637 0.178571 0.178571 2 2 0
368.137 0.178571 0.178571 2 2 0
368.637 0.178571 0.178571 2 2 0
369.137 0.178571 0.178571 2 2 0
369.637 0.178571 0.178571 2 2 0
370.137 0.178571 0.178571 2 2 0
370.637 0.178571 0.178571 2 2 0
371.137 0.178571 0.178571 2 2 0
371.637 0.178571 0.178571 2 2 0
372.137 0.178571 0.178571 2 2 0
372.637 0.178571 0.178571 2 2 0
373.137 0.178571 0.178571 2 2 0
373.637 0.178571 0.178571 2 2 0
374.137 0.178571 0.178571 2 2 0
374.637 0.178571 0.178571 2 2 0
375.137 0.178571 0.178571 2 2 0
375.637 0.178571 0.178571 2 2 0
376.137 0.178571 0.178571 2 2 0
376.637 0.178571 0.178571 2 2 0
377.137 0.178571 0.178571 2 2 0
377.637 0.178571 0.178571 2 2 0
378.137 0.178571 0.178571 2 2 0
378.637 0.178571 0.178571 2 2 0
379.137 0.178571 0.178571 2 2 0
379.637 0.178571 0.178571 2 2 0
380.137 0.178571 0.178571 2 2 0
380.637 0.178571 0.178571 2 2 0
381.137 0.178571 0.178571 2 2 0
381.637 0.178571 0.178571 2 2 0
382.137 0.178571 0.178571 2 2 0
382.637 0.178571 0.178571 2 2 0
383.137 0.178571 0.178571 2 2 0
383.637 0.178571 0.178571 2 2 0
384.137 0.178571 0.178571 2 2 0
384.637 0.178571 0.178571 2 2 0
385.137 0.178571 0.178571 2 2 0
385.637 0.178571 0.178571 2 2 0
386.137 0.178571 0.178571 2 2 0
386.637 0.178571 0.178571 2 2 0
387.137 0.178571 0.178571 2 2 0
387.637 0.178571 0.178571 2 2 0
388.137 0.178571 0.178571 2 2 0
388.637 0.178571 0.178571 2 2 0
389.137 0.178571 0.178571 2 2 0
389.637 0.178571 0.178571 2 2 0
390.137 0.178571 0.178571 2 2 0
390.637 0.178571 0.178571 2 2 0
391.137 0.178571 0.178571 2 2 0
391.637 0.178571 0.178571 2 2 0
392.137 0.178571 0.178571 2 2 0
392.637 0.178571 0.178571 2 2 0
393.137 0.178571 0.178571 2 2 0
393.637 0.178571 0.178571 2 2 0
394.137 0.178571 0.178571 2 2 0
394.637 0.178571 0.178571 2 2 0
395.137 0.178571 0.178571 2 2 0
395.637 0.178571 0.178571 2 2 0
396.137 0.178571 0.178571 2 2 0
396.637 0.178571 0.178571 2 2 0
397.137 0.178571 0.178571 2 2 0
397.637 0.178571 0.178571 2 2 0
398.137 0.178571 0.178571 2 2 0
398.637 0.178571 0.178571 2 2 0
399.137 0.178571 0.178571 2 2 0
399.637 0.178571 0.178571 2 2 0
400.137 0.178571 0.178571 2 2 0
400.637 0.178571 0.178571 2 2 0
401.137 0.178571 0.178571 2 2 0
401.637 0.178571 0.178571 2 2 0
402.137 0.178571 0.178571 2 2 0
402.637 0.178571 0.178571 2 2 0
403.137 0.178571 0.178571 2 2 0
403.637 0.178571 0.178571 2 2 0
404.137 0.178571 0.178571 2 2 0
404.637 0.178571 0.178571 2 2 0
405.137 0.178571 0.178571 2 2 0
405.637 0.178571 0.178571 2 2 0
406.137 0.178571 0.178571 2 2 0
406.637 0.178571 0.178571 2 2 0
407.137 0.178571 0.178571 2 2 0
407.637 0.178571 0.178571 2 2 0
408.137 0.178571 0.178571 2 2 0
408.637 0.178571 0.178571 2 2 0
409.137 0.178571 0.178571 2 2 0
409.637 0.178571 0.178571 2 2 0
410.137 0.178571 0.178571 2 2 0
410.637 0.178571 0.178571 2 2 0
411.137 0.178571 0.178571 2 2 0
411.637 0.178571 0.178571 2 2 0
412.137 0.178571 0.178571 2 2 0
412.637 0.178571 0.178571 2 2 0
413.137 0.178571 0.178571 2 2 0
413.637 0.178571 0.178571 2 2 0
414.137 0.178571 0.178571 2 2 0
414.637 0.178571 0.178571 2 2 0
415.137 0.178571 0.178571 2 2 0
415.637 0.178571 0.178571 2 2 0
416.137 0.178571 0.178571 2 2 0
416.637 0.178571 0.178571 2 2 0
417.137 0.178571 0.178571 2 2 0
417.637 0.178571 0.178571 2 2 0
418.137 0.178571 0.178571 2 2 0
418.637 0.178571 0.178571 2 2 0
419.137 0.178571 0.178571 2 2 0
419.637 0.178571 0.178571 2 2 0
420.137 0.178571 0.178571 2 2 0
420.637 0.178571 0.178571 2 2 0
421.137 0.178571 0.178571 2 2 0
421.637 0.178571 0.178571 2 2 0
422.137 0.178571 0.178571 2 2 0
422.637 0.178571 0.178571 2 2 0
423.137 0.178571 0.178571 2 2 0
423.637 0.178571 0.178571 2 2 0
424.137 0.178571 0.178571 2 2 0
424.637 0.178571 0.178571 2 2 0
425.137 0.178571 0.178571 2 2 0
425.637 0.178571 0.178571 2 2 0
426.137 0.178571 0.178571 2 2 0
426.637 0.178571 0.178571 2 2 0
427.137 0.178571 0.178571 2 2 0
427.637 0.178571 0.178571 2 2 0
428.137 0.178571 0.178571 2 2 0
428.637 0.178571 0.178571 2 2 0
429.137 0.178571 0.178571 2 2 0
429.637 0.178571 0.178571 2 2 0
430.137 0.178571 0.178571 2 2 0
430.637 0.178571 0.178571 2 2 0
431.137 0.178571 0.178571 2 2 0
431.637 0.178571 0.178571 2 2 0
432.137 0.178571 0.178571 2 2 0
432.637 0.178571 0.178571 2 2 0
433.137 0.178571 0.178571 2 2 0
433.637 0.178571 0.178571 2 2 0
434.137 0.178571 0.178571 2 2 0
434.637 0.178571 0.178571 2 2 0
435.137 0.178571 0.178571 2 2 0
435.637 0.178571 0.178571 2 2 0
436.137 0.178571 0.178571 2 2 0
436.637 0.178571 0.178571 2 2 0
437.137 0.178571 0.178571 2 2 0
437.637 0.178571 0.178571 2 2 0
438.137 0.178571 0.178571 2 2 0
438.637 0.178571 0.178571 2 2 0
439.137 0.178571 0.178571 2 2 0
439.637 0.178571 0.178571 2 2 0
440.137 0.178571 0.178571 2 2 0
440.637 0.178571 0.178571 2 2 0
441.137 0.178571 0.178571 2 2 0
441.637 0.178571 0.178571 2 2 0
442.137 0.178571 0.178571 2 2 0
442.637 0.178571 0.178571 2 2 0
443.137 0.178571 0.178571 2 2 0
443.637 0.178571 0.178571 2 2 0
444.137 0.178571 0.178571 2 2 0
444.637 0.178571 0.178571 2 2 0
445.137 0.178571 0.178571 2 2 0
445.637 0.178571 0.178571 2 2 0
446.137 0.178571 0.178571 2 2 0
446.637 0.178571 0.178571 2 2 0
447.137 0.178571 0.178571 2 2 0
447.637 0.178571 0.178571 2 2 0
448.137 0.178571 0.178571 2 2 0
448.137 0.178571 0.178571 2 2 0
448.177 0.178571 0.178571 2 2 0
448.217 0.178571 0.178571 2 2 0
448.297 0.178571 0.178571 2 2 0
448.457 0.178571 0.178571 2 2 0
448.777 0.178571 0.178571 2 2 0
449.277 0.178571 0.178571 2 2 0
449.777 0.178571 0.178571 2 2 0
450.277 0.178571 0.178571 2 2 0
450.777 0.178571 0.178571 2 2 0
451.277 0.178571 0.178571 2 2 0
451.777 0.178571 0.178571 2 2 0
452.277 0.178571 0.178571 2 2 0
452.777 0.178571 0.178571 2 2 0
453.277 0.178571 0.178571 2 2 0
453.777 0.178571 0.178571 2 2 0
454.277 0.178571 0.178571 2 2 0
454.777 0.178571 0.178571 2 2 0
455.277 0.178571 0.178571 2 2 0
455.777 0.178571 0.178571 2 2 0
456.277 0.178571 0.178571 2 2 0
456.777 0.178571 0.178571 2 2 0
457.277 0.178571 0.178571 2 2 0
457.777 0.178571 0.178571 2 2 0
458.277 0.178571 0.178571 2 2 0
458.777 0.178571 0.178571 2 2 0
459.277 0.178571 0.178571 2 2 0
459.777 0.178571 0.178571 2 2 0
460.277 0.178571 0.178571 2 2 0
460.777 0.178571 0.178571 2 2 0
461.277 0.178571 0.178571 2 2 0
461.777 0.178571 0.178571 2 2 0
462.277 0.178571 0.178571 2 2 0
462.777 0.178571 0.178571 2 2 0
463.277 0.178571 0.178571 2 2 0
463.777 0.178571 0.178571 2 2 0
464.277 0.178571 0.178571 2 2 0
464.777 0.178571 0.178571 2 2 0
465.277 0.178571 0.178571 2 2 0
465.777 0.178571 0.178571 2 2 0
466.277 0.178571 0.178571 2 2 0
466.777 0.178571 0.178571 2 2 0
467.277 0.178571 0.178571 2 2 0
467.777 0.178571 0.178571 2 2 0
468.277 0.178571 0.178571 2 2 0
468.777 0.178571 0.178571 2 2 0
469.277 0.178571 0.178571 2 2 0
469.777 0.178571 0.178571 2 2 0
470.277 0.178571 0.178571 2 2 0
470.777 0.178571 0.178571 2 2 0
471.277 0.178571 0.178571 2 2 0
471.777 0.178571 0.178571 2 2 0
472.277 0.178571 0.178571 2 2 0
472.777 0.178571 0.178571 2 2 0
473.277 0.178571 0.178571 2 2 0
473.777 0.178571 0.178571 2 2 0
474.277 0.178571 0.178571 2 2 0
474.777 0.178571 0.178571 2 2 0
475.277 0.178571 0.178571 2 2 0
475.777 0.178571 0.178571 2 2 0
476.277 0.178571 0.178571 2 2 0
476.777 0.178571 0.178571 2 2 0
477.277 0.178571 0.178571 2 2 0
477.777 0.178571 0.178571 2 2 0
478.277 0.178571 0.178571 2 2 0
478.777 0.178571 0.178571 2 2 0
479.277 0.178571 0.178571 2 2 0
479.777 0.178571 0.178571 2 2 0
480.277 0.178571 0.178571 2 2 0
480.777 0.178571 0.178571 2 2 0
481.277 0.178571 0.178571 2 2 0
481.777 0.178571 0.178571 2 2 0
482.277 0.178571 0.178571 2 2 0
482.777 0.178571 0.178571 2 2 0
483.277 0.178571 0.178571 2 2 0
483.777 0.178571 0.178571 2 2 0
484.277 0.178571 0.178571 2 2 0
484.777 0.178571 0.178571 2 2 0
485.277 0.178571 0.178571 2 2 0
485.777 0.178571 0.178571 2 2 0
486.277 0.178571 0.178571 2 2 0
486.777 0.178571 0.178571 2 2 0
487.277 0.178571 0.178571 2 2 0
487.777 0.178571 0.178571 2 2 0
488.277 0.178571 0.178571 2 2 0
488.777 0.178571 0.178571 2 2 0
489.277 0.178571 0.178571 2 2 0
489.777 0.178571 0.178571 2 2 0
490.277 0.178571 0.178571 2 2 0
490.777 0.178571 0.178571 2 2 0
491.277 0.178571 0.178571 2 2 0
491.777 0.178571 0.178571 2 2 0
492.277 0.178571 0.178571 2 2 0
492.777 0.178571 0.178571 2 2 0
493.277 0.178571 0.178571 2 2 0
493.777 0.178571 0.178571 2 2 0
494.277 0.178571 0.178571 2 2 0
494.777 0.178571 0.178571 2 2 0
495.277 0.178571 0.178571 2 2 0
495.777 0.178571 0.178571 2 2 0
496.277 0.178571 0.178571 2 2 0
496.777 0.178571 0.178571 2 2 0
497.277 0.178571 0.178571 2 2 0
497.777 0.178571 0.178571 2 2 0
498.277 0.178571 0.178571 2 2 0
498.777 0.178571 0.178571 2 2 0
499.277 0.178571 0.178571 2 2 0
499.777 0.178571 0.178571 2 2 0
500.277 0.178571 0.178571 2 2 0
500.777 0.178571 0.178571 2 2 0
501.277 0.178571 0.178571 2 2 0
501.777 0.178571 0.178571 2 2 0
502.277 0.178571 0.178571 2 2 0
502.777 0.178571 0.178571 2 2 0
503.277 0.178571 0.178571 2 2 0
503.777 0.178571 0.178571 2 2 0
504.277 0.178571 0.178571 2 2 0
504.777 0.178571 0.178571 2 2 0
505.277 0.178571 0.178571 2 2 0
505.777 0.178571 0.178571 2 2 0
506.277 0.178571 0.178571 2 2 0
506.777 0.178571 0.178571 2 2 0
507.277 0.178571 0.178571 2 2 0
507.777 0.178571 0.178571 2 2 0
508.277 0.178571 0.178571 2 2 0
508.777 0.178571 0.178571 2 2 0
509.277 0.178571 0.178571 2 2 0
509.777 0.178571 0.178571 2 2 0
510.277 0.178571 0.178571 2 2 0
510.777 0.178571 0.178571 2 2 0
511.277 0.178571 0.178571 2 2 0
511.777 0.178571 0.178571 2 2 0
512.277 0.178571 0.178571 2 2 0
512.777 0.178571 0.178571 2 2 0
513.277 0.178571 0.178571 2 2 0
513.777 0.178571 0.178571 2 2 0
514.277 0.178571 0.178571 2 2 0
514.777 0.178571 0.178571 2 2 0
515.277 0.178571 0.178571 2 2 0
515.777 0.178571 0.178571 2 2 0
516.277 0.178571 0.178571 2 2 0
516.777 0.178571 0.178571 2 2 0
517.277 0.178571 0.178571 2 2 0
517.777 0.178571 0.178571 2 2 0
518.277 0.178571 0.178571 2 2 0
518.777 0.178571 0.178571 2 2 0
519.277 0.178571 0.178571 2 2 0
519.777 0.178571 0.178571 2 2 0
520.277 0.178571 0.178571 2 2 0
520.777 0.178571 0.178571 2 2 0
521.277 0.178571 0.178571 2 2 0
521.777 0.178571 0.178571 2 2 0
522.277 0.178571 0.178571 2 2 0
522.777 0.178571 0.178571 2 2 0
523.277 0.178571 0.178571 2 2 0
523.777 0.178571 0.178571 2 2 0
524.277 0.178571 0.178571 2 2 0
524.777 0.178571 0.178571 2 2 0
525.277 0.178571 0.178571 2 2 0
525.777 0.178571 0.178571 2 2 0
526.277 0.178571 0.178571 2 2 0
526.777 0.178571 0.178571 2 2 0
527.277 0.178571 0.178571 2 2 0
527.777 0.178571 0.178571 2 2 0
528.277 0.178571 0.178571 2 2 0
528.777 0.178571 0.178571 2 2 0
529.277 0.178571 0.178571 2 2 0
529.777 0.178571 0.178571 2 2 0
530.277 0.178571 0.178571 2 2 0
530.777 0.178571 0.178571 2 2 0
531.277 0.178571 0.178571 2 2 0
531.777 0.178571 0.178571 2 2 0
532.277 0.178571 0.178571 2 2 0
532.777 0.178571 0.178571 2 2 0
533.277 0.178571 0.178571 2 2 0
533.777 0.178571 0.178571 2 2 0
534.277 0.178571 0.178571 2 2 0
534.777 0.178571 0.178571 2 2 0
535.277 0.178571 0.178571 2 2 0
535.777 0.178571 0.178571 2 2 0
536.277 0.178571 0.178571 2 2 0
536.777 0.178571 0.178571 2 2 0
537.277 0.178571 0.178571 2 2 0
537.777 0.178571 0.178571 2 2 0
538.277 0.178571 0.178571 2 2 0
538.777 0.178571 0.178571 2 2 0
539.277 0.178571 0.178571 2 2 0
539.777 0.178571 0.178571 2 2 0
540.277 0.178571 0.178571 2 2 0
540.777 0.178571 0.178571 2 2 0
541.277 0.178571 0.178571 2 2 0
541.777 0.178571 0.178571 2 2 0
542.277 0.178571 0.178571 2 2 0
542.777 0.178571 0.178571 2 2 0
543.277 0.178571 0.178571 2 2 0
543.777 0.178571 0.178571 2 2 0
544.277 0.178571 0.178571 2 2 0
544.777 0.178571 0.178571 2 2 0
545.277 0.178571 0.178571 2 2 0
545.777 0.178571 0.178571 2 2 0
545.777 0.178571 0.178571 2 2 0
545.817 0.178571 0.178571 2 2 0
545.857 0.178571 0.178571 2 2 0
545.937 0.178571 0.178571 2 2 0
546.097 0.178571 0.178571 2 2 0
546.417 0.178571 0.178571 2 2 0
546.917 0.178571 0.178571 2 2 0
547.417 0.178571 0.178571 2 2 0
547.917 0.178571 0.178571 2 2 0
548.417 0.178571 0.178571 2 2 0
548.917 0.178571 0.178571 2 2 0
549.417 0.178571 0.178571 2 2 0
549.917 0.178571 0.178571 2 2 0
550.417 0.178571 0.178571 2 2 0
550.917 0.178571 0.178571 2 2 0
551.417 0.178571 0.178571 2 2 0
551.917 0.178571 0.178571 2 2 0
552.417 0.178571 0.178571 2 2 0
552.917 0.178571 0.178571 2 2 0
553.417 0.178571 0.178571 2 2 0
553.917 0.178571 0.178571 2 2 0
554.417 0.178571 0.178571 2 2 0
554.917 0.178571 0.178571 2 2 0
555.417 0.178571 0.178571 2 2 0
555.917 0.178571 0.178571 2 2 0
556.417 0.178571 0.178571 2 2 0
556.917 0.178571 0.178571 2 2 0
557.417 0.178571 0.178571 2 2 0
557.917 0.178571 0.178571 2 2 0
558.417 0.178571 0.178571 2 2 0
558.917 0.178571 0.178571 2 2 0
559.417 0.178571 0.178571 2 2 0
559.917 0.178571 0.178571 2 2 0
560.417 0.178571 0.178571 2 2 0
560.917 0.178571 0.178571 2 2 0
561.417 0.178571 0.178571 2 2 0
561.917 0.178571 0.178571 2 2 0
562.417 0.178571 0.178571 2 2 0
562.917 0.178571 0.178571 2 2 0
563.417 0.178571 0.178571 2 2 0
563.917 0.178571 0.178571 2 2 0
564.417 0.178571 0.178571 2 2 0
564.917 0.178571 0.178571 2 2 0
565.417 0.178571 0.178571 2 2 0
565.917 0.178571 0.178571 2 2 0
566.417 0.178571 0.178571 2 2 0
566.917 0.178571 0.178571 2 2 0
567.417 0.178571 0.178571 2 2 0
567.917 0.178571 0.178571 2 2 0
568.417 0.178571 0.178571 2 2 0
568.917 0.178571 0.178571 2 2 0
569.417 0.178571 0.178571 2 2 0
569.917 0.178571 0.178571 2 2 0
570.417 0.178571 0.178571 2 2 0
570.917 0.178571 0.178571 2 2 0
571.417 0.178571 0.178571 2 2 0
571.917 0.178571 0.178571 2 2 0
572.417 0.178571 0.178571 2 2 0
572.917 0.178571 0.178571 2 2 0
573.417 0.178571 0.178571 2 2 0
573.917 0.178571 0.178571 2 2 0
574.417 0.178571 0.178571 2 2 0
574.917 0.178571 0.178571 2 2 0
575.417 0.178571 0.178571 2 2 0
575.917 0.178571 0.178571 2 2 0
576.417 0.178571 0.178571 2 2 0
576.917 0.178571 0.178571 2 2 0
577.417 0.178571 0.178571 2 2 0
577.917 0.178571 0.178571 2 2 0
578.417 0.178571 0.178571 2 2 0
578.917 0.178571 0.178571 2 2 0
579.417 0.178571 0.178571 2 2 0
579.917 0.178571 0.178571 2 2 0
580.417 0.178571 0.178571 2 2 0
580.917 0.178571 0.178571 2 2 0
581.417 0.178571 0.178571 2 2 0
581.917 0.178571 0.178571 2 2 0
582.417 0.178571 0.178571 2 2 0
582.917 0.178571 0.178571 2 2 0
583.417 0.178571 0.178571 2 2 0
583.917 0.178571 0.178571 2 2 0
584.417 0.178571 0.178571 2 2 0
584.917 0.178571 0.178571 2 2 0
585.417 0.178571 0.178571 2 2 0
585.917 0.178571 0.178571 2 2 0
586.417 0.178571 0.178571 2 2 0
586.917 0.178571 0.178571 2 2 0
587.417 0.178571 0.178571 2 2 0
587.917 0.178571 0.178571 2 2 0
588.417 0.178571 0.178571 2 2 0
588.917 0.178571 0.178571 2 2 0
589.417 0.178571 0.178571 2 2 0
589.917 0.178571 0.178571 2 2 0
590.417 0.178571 0.178571 2 2 0
590.917 0.178571 0.178571 2 2 0
591.417 0.178571 0.178571 2 2 0
591.917 0.178571 0.178571 2 2 0
592.417 0.178571 0.178571 2 2 0
592.917 0.178571 0.178571 2 2 0
593.417 0.178571 0.178571 2 2 0
593.917 0.178571 0.178571 2 2 0
594.417 0.178571 0.178571 2 2 0
594.917 0.178571 0.178571 2 2 0
595.417 0.178571 0.178571 2 2 0
595.917 0.178571 0.178571 2 2 0
596.417 0.178571 0.178571 2 2 0
596.917 0.178571 0.178571 2 2 0
597.417 0.178571 0.178571 2 2 0
597.917 0.178571 0.178571 2 2 0
598.417 0.178571 0.178571 2 2 0
598.917 0.178571 0.178571 2 2 0
599.417 0.178571 0.178571 2 2 0
599.917 0.178571 0.178571 2 2 0
600.417 0.178571 0.178571 2 2 0
600.917 0.178571 0.178571 2 2 0
601.417 0.178571 0.178571 2 2 0
601.917 0.178571 0.178571 2 2 0
602.417 0.178571 0.178571 2 2 0
602.917 0.178571 0.178571 2 2 0
603.417 0.178571 0.178571 2 2 0
603.917 0.178571 0.178571 2 2 0
604.417 0.178571 0.178571 2 2 0
604.917 0.178571 0.178571 2 2 0
605.417 0.178571 0.178571 2 2 0
605.917 0.178571 0.178571 2 2 0
606.417 0.178571 0.178571 2 2 0
606.917 0.178571 0.178571 2 2 0
607.417 0.178571 0.178571 2 2 0
607.917 0.178571 0.178571 2 2 0
608.417 0.178571 0.178571 2 2 0
608.917 0.178571 0.178571 2 2 0
609.417 0.178571 0.178571 2 2 0
609.917 0.178571 0.178571 2 2 0
610.417 0.178571 0.178571 2 2 0
610.917 0.178571 0.178571 2 2 0
611.417 0.178571 0.178571 2 2 0
611.917 0.178571 0.178571 2 2 0
612.417 0.178571 0.178571 2 2 0
612.917 0.178571 0.178571 2 2 0
613.417 0.178571 0.178571 2 2 0
613.917 0.178571 0.178571 2 2 0
614.417 0.178571 0.178571 2 2 0
614.917 0.178571 0.178571 2 2 0
615.417 0.178571 0.178571 2 2 0
615.917 0.178571 0.178571 2 2 0
616.417 0.178571 0.178571 2 2 0
616.917 0.178571 0.178571 2 2 0
617.417 0.178571 0.178571 2 2 0
617.917 0.178571 0.178571 2 2 0
618.417 0.178571 0.178571 2 2 0
618.917 0.178571 0.178571 2 2 0
619.417 0.178571 0.178571 2 2 0
619.917 0.178571 0.178571 2 2 0
620.417 0.178571 0.178571 2 2 0
620.917 0.178571 0.178571 2 2 0
621.417 0.178571 0.178571 2 2 0
621.917 0.178571 0.178571 2 2 0
622.417 0.178571 0.178571 2 2 0
622.917 0.178571 0.178571 2 2 0
623.417 0.178571 0.178571 2 2 0
623.917 0.178571 0.178571 2 2 0
624.417 0.178571 0.178571 2 2 0
624.917 0.178571 0.178571 2 2 0
625.417 0.178571 0.178571 2 2 0
625.917 0.178571 0.178571 2 2 0
626.417 0.178571 0.178571 2 2 0
626.917 0.178571 0.178571 2 2 0
627.417 0.178571 0.178571 2 2 0
627.917 0.178571 0.178571 2 2 0
628.417 0.178571 0.178571 2 2 0
628.917 0.178571 0.178571 2 2 0
629.417 0.178571 0.178571 2 2 0
629.917 0.178571 0.178571 2 2 0
630.417 0.178571 0.178571 2 2 0
630.917 0.178571 0.178571 2 2 0
631.417 0.178571 0.178571 2 2 0
631.917 0.178571 0.178571 2 2 0
632.417 0.178571 0.178571 2 2 0
632.917 0.178571 0.178571 2 2 0
633.417 0.178571 0.178571 2 2 0
633.917 0.178571 0.178571 2 2 0
634.417 0.178571 0.178571 2 2 0
634.917 0.178571 0.178571 2 2 0
635.417 0.178571 0.178571 2 2 0
635.917 0.178571 0.178571 2 2 0
636.417 0.178571 0.178571 2 2 0
636.917 0.178571 0.178571 2 2 0
637.417 0.178571 0.178571 2 2 0
637.917 0.178571 0.178571 2 2 0
638.417 0.178571 0.178571 2 2 0
638.917 0.178571 0.178571 2 2 0
639.417 0.178571 0.178571 2 2 0
639.917 0.178571 0.178571 2 2 0
640.417 0.178571 0.178571 2 2 0
640.917 0.178571 0.178571 2 2 0
641.417 0.178571 0.178571 2 2 0
641.917 0.178571 0.178571 2 2 0
642.417 0.178571 0.178571 2 2 0
642.917 0.178571 0.178571 2 2 0
643.417 0.178571 0.178571 2 2 0
50 0.170335 0.170335 2 1 0
49.96 0.170272 0.170272 1 1 0
49.92 0.170209 0.170209 1 1 0
49.84 0.170083 0.170083 1 1 0
49.68 0.169831 0.169831 1 1 0
49.36 0.169329 0.169329 1 1 0
48.86 0.168554 0.168554 1 1 0
48.36 0.167787 0.167787 1 1 0
47.86 0.16703 0.16703 1 1 0
47.36 0.166281 0.166281 1 1 0
46.86 0.16554 0.16554 1 1 0
46.36 0.164809 0.164809 1 1 0
45.86 0.164085 0.164085 1 1 0
45.36 0.16337 0.16337 1 1 0
44.86 0.162664 0.162664 1 1 0
44.36 0.161965 0.161965 1 1 0
43.86 0.161275 0.161275 1 1 0
43.3601 0.160592 0.160592 1 1 0
42.8601 0.159918 0.159918 1 1 0
42.3601 0.159251 0.159251 1 1 0
41.8601 0.158591 0.158591 1 1 0
41.3601 0.15794 0.15794 1 1 0
40.8601 0.157296 0.157296 1 1 0
40.3601 0.156659 0.156659 1 1 0
39.8601 0.15603 0.15603 1 1 0
39.3601 0.155407 0.155407 1 1 0
38.8601 0.154792 0.154792 1 1 0
38.3601 0.154184 0.154184 1 1 0
37.8601 0.153583 0.153583 1 1 0
37.3601 0.152989 0.152989 1 1 0
36.8601 0.152401 0.152401 1 1 0
36.3601 0.151821 0.151821 1 1 0
35.8601 0.151246 0.151246 1 1 0
35.3601 0.150679 0.150679 1 1 0
34.8601 0.150117 0.150117 1 1 0
34.3601 0.149563 0.149563 1 1 0
33.8601 0.149014 0.149014 1 1 0
33.3601 0.148472 0.148472 1 1 0
32.8601 0.147935 0.147935 1 1 0
32.3601 0.147405 0.147405 1 1 0
31.8601 0.14688 0.14688 1 1 0
31.3601 0.146362 0.146362 1 1 0
30.8601 0.145849 0.145849 1 1 0
30.3601 0.145342 0.145342 1 1 0
29.8601 0.144841 0.144841 1 1 0
29.3601 0.144345 0.144345 1 1 0
28.8602 0.143855 0.143855 1 1 0
28.3602 0.14337 0.14337 1 1 0
27.8602 0.14289 0.14289 1 1 0
27.3602 0.142416 0.142416 1 1 0
26.8602 0.141947 0.141947 1 1 0
26.3602 0.141483 0.141483 1 1 0
25.8602 0.141024 0.141024 1 1 0
25.3602 0.14057 0.14057 1 1 0
24.8602 0.140122 0.140122 1 1 0
24.3602 0.139678 0.139678 1 1 0
23.8602 0.139238 0.139238 1 1 0
23.3602 0.138804 0.138804 1 1 0
22.8602 0.138374 0.138374 1 1 0
22.3602 0.137949 0.137949 1 1 0
21.8602 0.137528 0.137528 1 1 0
21.3602 0.137112 0.137112 1 1 0
20.8602 0.1367 0.1367 1 1 0
20.3602 0.136293 0.136293 1 1 0
19.8602 0.13589 0.13589 1 1 0
19.3602 0.135491 0.135491 1 1 0
18.8602 0.135097 0.135097 1 1 0
18.3602 0.134706 0.134706 1 1 0
17.8602 0.13432 0.13432 1 1 0
17.3602 0.133938 0.133938 1 1 0
16.8602 0.13356 0.13356 1 1 0
16.3602 0.133185 0.133185 1 1 0
15.8602 0.132815 0.132815 1 1 0
15.3602 0.132448 0.132448 1 1 0
14.8602 0.132085 0.132085 1 1 0
14.3602 0.131726 0.131726 1 1 0
13.8602 0.131371 0.131371 1 1 0
13.3602 0.131019 0.131019 1 1 0
12.8602 0.130671 0.130671 1 1 0
12.3602 0.130326 0.130326 1 1 0
11.8602 0.129985 0.129985 1 1 0
11.3602 0.129647 0.129647 1 1 0
10.8602 0.129313 0.129313 1 1 0
10.3602 0.128982 0.128982 1 1 0
9.86024 0.128654 0.128654 1 1 0
9.36024 0.128329 0.128329 1 1 0
8.86025 0.128008 0.128008 1 1 0
8.36025 0.12769 0.12769 1 1 0
7.86025 0.127375 0.127375 1 1 0
7.36025 0.127063 0.127063 1 1 0
6.86025 0.126755 0.126755 1 1 0
6.36026 0.126449 0.126449 1 1 0
5.86026 0.126146 0.126146 1 1 0
5.36026 0.125846 0.125846 1 1 0
4.86026 0.125549 0.125549 1 1 0
4.36026 0.125255 0.125255 1 1 0
3.86026 0.124964 0.124964 1 1 0
3.36027 0.124676 0.124676 1 1 0
2.86027 0.12439 0.12439 1 1 0
2.36027 0.124107 0.124107 1 1 0
1.86027 0.123827 0.123827 1 1 0
1.36027 0.123549 0.123549 1 1 0
0.860274 0.123274 0.123274 1 1 0
0.360276 0.123002 0.123002 1 1 0
-0.139723 0.122732 0.122732 1 1 0
181.857 0.178571 0.178571 4 35 0
181.628 0.183644 0.17331 4 35 0
181.598 0.183967 0.172961 4 35 0
181.553 0.184417 0.172469 4 35 0
181.486 0.185038 0.17179 4 35 0
181.384 0.185877 0.170864 4 35 0
181.233 0.186995 0.169614 4 35 0
181.005 0.188463 0.16794 4 35 0
180.663 0.190389 0.165696 4 35 0
180.163 0.192913 0.162728 4 35 0
179.663 0.195228 0.159895 4 35 0
179.164 0.197469 0.157099 4 35 0
178.664 0.199736 0.154247 4 35 0
178.164 0.202101 0.151229 4 35 0
177.664 0.204711 0.147852 4 35 0
177.164 0.207917 0.143655 4 35 0
176.914 0.210098 0.140798 4 35 0
176.777 0.211905 0.138479 4 35 0
176.702 0.214042 0.135787 4 35 0
176.7 0.214288 0.135473 4 35 0
176.699 0.214557 0.13513 3 35 0
176.699 0.214548 0.135097 3 35 0
181.857 0.178571 0.178571 4 35 0
181.628 0.183644 0.17331 4 35 0
181.598 0.183967 0.172961 4 35 0
181.553 0.184417 0.172469 4 35 0
181.486 0.185038 0.17179 4 35 0
181.386 0.185867 0.170875 4 35 0
181.286 0.18662 0.170036 4 35 0
181.186 0.187314 0.169253 4 35 0
181.086 0.187963 0.168514 4 35 0
180.986 0.188585 0.167809 4 35 0
180.886 0.189173 0.167131 4 35 0
180.786 0.189738 0.166477 4 35 0
180.686 0.190281 0.165838 4 35 0
180.586 0.19081 0.165217 4 35 0
180.486 0.191325 0.164609 4 35 0
180.386 0.191829 0.164012 4 35 0
180.286 0.192321 0.163424 4 35 0
180.186 0.192803 0.162845 4 35 0
180.086 0.19328 0.162271 4 35 0
179.986 0.193749 0.161703 4 35 0
179.886 0.194213 0.16114 4 35 0
179.786 0.194672 0.160578 4 35 0
179.686 0.195127 0.160021 4 35 0
179.586 0.19558 0.159465 4 35 0
179.486 0.19603 0.158901 4 35 0
179.386 0.196479 0.158345 4 35 0
179.286 0.196927 0.157788 4 35 0
179.186 0.197374 0.157232 4 35 0
179.086 0.197821 0.156672 4 35 0
178.986 0.19827 0.156109 4 35 0
178.886 0.198719 0.155528 4 35 0
178.786 0.199172 0.154955 4 35 0
178.686 0.199627 0.154376 4 35 0
178.586 0.200096 0.153791 4 35 0
178.486 0.200562 0.153199 4 35 0
178.386 0.201034 0.152598 4 35 0
178.286 0.20151 0.151982 4 35 0
178.186 0.201996 0.151359 4 35 0
178.086 0.202491 0.150724 4 35 0
177.986 0.202991 0.150072 4 35 0
177.886 0.203508 0.1494 4 35 0
177.786 0.204039 0.148708 4 35 0
177.687 0.204598 0.147995 4 35 0
177.587 0.205168 0.147253 4 35 0
177.487 0.205761 0.146478 4 35 0
177.387 0.20639 0.145677 4 35 0
177.287 0.20705 0.144812 4 35 0
177.187 0.207758 0.143883 4 35 0
177.087 0.208546 0.142891 4 35 0
176.987 0.209412 0.141754 4 35 0
176.887 0.210427 0.140423 4 35 0
176.787 0.211766 0.138716 4 35 0
176.737 0.212722 0.137485 4 35 0
176.71 0.21356 0.136407 4 35 0
176.703 0.213972 0.135881 4 35 0
176.699 0.214424 0.135305 4 35 0
176.699 0.214559 0.135131 3 35 0
176.699 0.214776 0.134832 3 35 0
176.702 0.21504 0.134493 3 35 0
176.705 0.215265 0.134205 3 35 0
176.71 0.215504 0.133882 3 35 0
176.718 0.215786 0.133522 3 35 0
176.729 0.216117 0.133101 3 35 0
176.746 0.216516 0.132598 3 35 0
176.772 0.216986 0.132001 3 35 0
176.811 0.217551 0.131285 3 35 0
176.87 0.218227 0.130427 3 35 0
176.958 0.219049 0.129401 3 35 0
177.058 0.219817 0.128446 3 35 0
177.158 0.220475 0.127616 3 35 0
177.258 0.22106 0.126891 3 35 0
177.358 0.22159 0.126237 3 35 0
177.458 0.222072 0.125682 3 35 0
177.558 0.222524 0.125124 3 35 0
177.658 0.222948 0.124602 3 35 0
177.758 0.223354 0.124091 3 35 0
177.858 0.223734 0.123627 3 35 0
177.958 0.224096 0.123187 3 35 0
178.058 0.224432 0.12276 3 35 0
178.158 0.224763 0.122361 3 35 0
178.258 0.225082 0.121978 3 35 0
178.358 0.22538 0.121614 3 35 0
178.458 0.225677 0.121259 3 35 0
178.558 0.225964 0.120916 3 35 0
178.658 0.226247 0.120568 3 35 0
178.757 0.22653 0.120246 3 35 0
178.857 0.226804 0.119934 3 35 0
178.957 0.22709 0.119638 3 35 0
179.057 0.22735 0.119342 3 35 0
179.157 0.227605 0.119054 3 35 0
179.257 0.227863 0.118808 3 35 0
179.357 0.228106 0.118534 3 35 0
179.457 0.228343 0.118267 3 35 0
179.557 0.228578 0.118 3 35 0
179.657 0.228806 0.117746 3 35 0
179.757 0.22903 0.117498 3 35 0
179.857 0.229251 0.117234 3 35 0
179.957 0.229467 0.116995 3 35 0
180.057 0.229679 0.116761 3 35 0
180.157 0.229893 0.116514 3 35 0
180.257 0.230097 0.116289 3 35 0
180.357 0.230299 0.116067 3 35 0
180.457 0.230498 0.115863 3 35 0
180.557 0.230693 0.115649 3 35 0
180.657 0.230885 0.115439 3 35 0
180.757 0.231071 0.115241 3 35 0
180.857 0.231258 0.115038 3 35 0
180.957 0.231443 0.114838 3 35 0
181.057 0.231626 0.114637 3 35 0
181.157 0.231806 0.114444 3 35 0
181.257 0.231984 0.114253 3 35 0
181.357 0.232158 0.114061 3 35 0
181.457 0.232332 0.113876 3 35 0
181.557 0.232504 0.113693 3 35 0
181.657 0.23267 0.113502 3 35 0
181.757 0.232839 0.113325 3 35 0
181.857 0.233005 0.113149 3 35 0
181.957 0.233167 0.112975 3 35 0
182.057 0.23333 0.112804 3 35 0
182.157 0.233492 0.112636 3 35 0
182.257 0.233651 0.11247 3 35 0
182.357 0.233809 0.112305 3 35 0
182.457 0.233966 0.112143 3 35 0
182.557 0.23412 0.111982 3 35 0
182.657 0.234274 0.111824 3 35 0
182.757 0.234426 0.111667 3 35 0
182.857 0.234576 0.111512 3 35 0
182.957 0.234726 0.111359 3 35 0
183.057 0.234875 0.111208 3 35 0
183.157 0.235022 0.111058 3 35 0
183.257 0.235168 0.11091 3 35 0
183.357 0.235313 0.110763 3 35 0
183.457 0.235458 0.110618 3 35 0
183.557 0.2356 0.110475 3 35 0
183.657 0.235741 0.110333 3 35 0
183.757 0.235878 0.110192 3 35 0
183.857 0.236017 0.110053 3 35 0
183.957 0.236156 0.109915 3 35 0
184.057 0.236289 0.109779 3 35 0
184.157 0.236426 0.109644 3 35 0
184.257 0.236562 0.10951 3 35 0
184.357 0.236692 0.109377 3 35 0
184.457 0.236826 0.109246 3 35 0
184.557 0.236959 0.109116 3 35 0
184.657 0.237086 0.108987 3 35 0
184.757 0.237218 0.108859 3 35 0
184.857 0.237348 0.108732 3 35 0
184.957 0.237472 0.108606 3 35 0
185.057 0.237601 0.108482 3 35 0
185.157 0.23773 0.108358 3 35 0
185.257 0.237849 0.108236 3 35 0
185.357 0.237977 0.108115 3 35 0
185.457 0.238103 0.107994 3 35 0
185.557 0.23822 0.107875 3 35 0
185.657 0.238345 0.107757 3 35 0
185.757 0.238469 0.107639 3 35 0
185.857 0.238586 0.107523 3 35 0
185.957 0.238709 0.107407 3 35 0
186.057 0.238832 0.107292 3 35 0
186.157 0.238947 0.107179 3 35 0
186.257 0.239068 0.107066 3 35 0
186.357 0.239189 0.106954 3 35 0
186.457 0.239301 0.106844 3 35 0
186.557 0.23942 0.106734 3 35 0
186.657 0.239539 0.106624 3 35 0
186.757 0.239649 0.106516 3 35 0
186.857 0.239767 0.106408 3 35 0
186.957 0.239884 0.106301 3 35 0
187.057 0.239991 0.106196 3 35 0
187.157 0.240108 0.106091 3 35 0
187.257 0.240223 0.105986 3 35 0
187.357 0.240328 0.105883 3 35 0
187.457 0.240443 0.10578 3 35 0
187.557 0.240557 0.105677 3 35 0
187.657 0.24066 0.105577 3 35 0
187.757 0.240773 0.105475 3 35 0
187.857 0.240886 0.105375 3 35 0
187.957 0.240987 0.105277 3 35 0
188.057 0.241099 0.105178 3 35 0
188.157 0.24121 0.105079 3 35 0
188.257 0.241309 0.104983 3 35 0
188.357 0.241419 0.104886 3 35 0
188.457 0.241529 0.104789 3 35 0
188.557 0.241625 0.104696 3 35 0
188.657 0.241734 0.1046 3 35 0
188.757 0.241843 0.104505 3 35 0
188.857 0.241937 0.104414 3 35 0
188.957 0.242045 0.10432 3 35 0
189.057 0.242152 0.104227 3 35 0
189.157 0.242243 0.104138 3 35 0
189.257 0.24235 0.104046 3 35 0
189.357 0.242456 0.103954 3 35 0
189.457 0.242544 0.103868 3 35 0
189.557 0.242649 0.103778 3 35 0
189.657 0.242754 0.103687 3 35 0
189.757 0.24287 0.10361 3 35 0
189.857 0.242969 0.10352 3 35 0
189.957 0.243068 0.103432 3 35 0
190.057 0.243185 0.103325 3 35 0
190.157 0.243283 0.103237 3 35 0
190.157 0.243283 0.103237 4 35 0
190.177 0.243303 0.103219 3 35 0
190.217 0.243342 0.103184 3 35 0
190.297 0.243436 0.103125 3 35 0
190.397 0.243534 0.103038 3 35 0
190.497 0.243631 0.102952 3 35 0
190.597 0.243742 0.102859 3 35 0
190.697 0.243839 0.102773 3 35 0
190.797 0.243935 0.102689 3 35 0
190.897 0.244045 0.102613 3 35 0
190.997 0.244141 0.102529 3 35 0
191.097 0.244237 0.102445 3 35 0
191.197 0.244346 0.102361 3 35 0
191.297 0.244442 0.102279 3 35 0
191.397 0.244537 0.102197 3 35 0
191.497 0.244647 0.102118 3 35 0
191.597 0.244741 0.102037 3 35 0
191.697 0.244836 0.101956 3 35 0
191.797 0.244944 0.101875 3 35 0
191.897 0.245039 0.101795 3 35 0
191.997 0.245133 0.101716 3 35 0
192.097 0.245228 0.101618 3 35 0
192.197 0.245321 0.10154 3 35 0
192.297 0.245414 0.101462 3 35 0
192.397 0.245491 0.101413 3 35 0
192.497 0.245583 0.101336 3 35 0
192.597 0.245674 0.10126 3 35 0
192.697 0.245781 0.101178 3 35 0
192.797 0.245873 0.101101 3 35 0
192.897 0.245964 0.101024 3 35 0
192.997 0.246053 0.100926 3 35 0
193.097 0.246144 0.100851 3 35 0
193.197 0.246234 0.100777 3 35 0
193.297 0.246271 0.100692 3 35 0
193.397 0.246359 0.100617 3 35 0
193.497 0.246448 0.100544 3 35 0
193.597 0.24658 0.100514 3 35 0
193.697 0.246669 0.10044 3 35 0
193.797 0.246757 0.100367 3 35 0
193.897 0.246876 0.100254 3 35 0
193.997 0.246964 0.100182 3 35 0
194.097 0.247052 0.100111 3 35 0
194.197 0.247079 0.100036 3 35 0
194.297 0.247166 0.0999653 3 35 0
194.397 0.247252 0.0998944 3 35 0
194.497 0.247385 0.0998565 3 35 0
194.597 0.247471 0.0997867 3 35 0
194.697 0.247558 0.0997172 3 35 0
194.797 0.247665 0.0996147 3 35 0
194.897 0.247752 0.0995454 3 35 0
194.997 0.247838 0.0994765 3 35 0
195.097 0.247876 0.0994205 3 35 0
195.197 0.247964 0.0993518 3 35 0
195.297 0.248052 0.0992833 3 35 0
195.397 0.248129 0.0992023 3 35 0
195.497 0.248217 0.0991347 3 35 0
195.597 0.248304 0.0990674 3 35 0
195.697 0.24843 0.0990146 3 35 0
195.797 0.248514 0.0989482 3 35 0
195.897 0.248597 0.0988821 3 35 0
195.997 0.248672 0.0988098 3 35 0
196.097 0.248755 0.0987437 3 35 0
196.197 0.248838 0.0986778 3 35 0
196.297 0.248935 0.0986338 3 35 0
196.397 0.249021 0.0985683 3 35 0
196.497 0.249105 0.098503 3 35 0
196.597 0.249196 0.0984117 3 35 0
196.697 0.24928 0.0983474 3 35 0
196.797 0.249365 0.0982834 3 35 0
196.897 0.249406 0.0982194 3 35 0
196.997 0.24949 0.0981557 3 35 0
197.097 0.249575 0.0980922 3 35 0
197.197 0.249662 0.0980363 3 35 0
197.297 0.249743 0.0979733 3 35 0
197.397 0.249823 0.0979104 3 35 0
197.497 0.24995 0.0978456 3 35 0
197.597 0.250032 0.0977837 3 35 0
197.697 0.250114 0.097722 3 35 0
197.797 0.250206 0.0976536 3 35 0
197.897 0.250287 0.0975923 3 35 0
197.997 0.250368 0.0975311 3 35 0
198.097 0.250431 0.0974734 3 35 0
198.197 0.250513 0.0974125 3 35 0
198.297 0.250594 0.0973519 3 35 0
198.397 0.250692 0.097313 3 35 0
198.497 0.250772 0.0972533 3 35 0
198.597 0.250852 0.0971939 3 35 0
198.697 0.250921 0.0971505 3 35 0
198.797 0.251 0.0970917 3 35 0
198.897 0.251078 0.0970332 3 35 0
198.997 0.25116 0.0970042 3 35 0
199.097 0.251239 0.0969448 3 35 0
199.197 0.251319 0.0968857 3 35 0
199.297 0.251354 0.096792 3 35 0
199.397 0.251431 0.0967334 3 35 0
199.497 0.251508 0.096675 3 35 0
199.597 0.251611 0.0965902 3 35 0
199.697 0.251688 0.0965324 3 35 0
199.797 0.251764 0.0964749 3 35 0
199.897 0.251851 0.0964168 3 35 0
199.997 0.25193 0.0963597 3 35 0
200.097 0.252008 0.0963028 3 35 0
200.197 0.252067 0.0962925 3 35 0
200.297 0.252143 0.0962356 3 35 0
200.397 0.252219 0.0961789 3 35 0
200.497 0.252273 0.0960745 3 35 0
200.597 0.252348 0.0960189 3 35 0
200.697 0.252423 0.0959635 3 35 0
200.797 0.252531 0.0959061 3 35 0
200.897 0.252606 0.095851 3 35 0
200.997 0.25268 0.0957962 3 35 0
201.097 0.252787 0.0957465 3 35 0
201.197 0.252862 0.0956917 3 35 0
201.297 0.252937 0.0956371 3 35 0
201.397 0.253016 0.0956014 3 35 0
201.497 0.253091 0.0955477 3 35 0
201.597 0.253166 0.0954942 3 35 0
201.697 0.253243 0.0954163 3 35 0
201.797 0.253317 0.0953629 3 35 0
201.897 0.253392 0.0953096 3 35 0
201.997 0.253471 0.0952676 3 35 0
202.097 0.253545 0.0952143 3 35 0
202.197 0.253619 0.0951612 3 35 0
202.297 0.253694 0.0951355 3 35 0
202.397 0.253768 0.0950825 3 35 0
202.497 0.253842 0.0950297 3 35 0
202.597 0.253915 0.0949665 3 35 0
202.697 0.253989 0.0949141 3 35 0
202.797 0.254062 0.0948619 3 35 0
202.897 0.254136 0.0948336 3 35 0
202.997 0.254209 0.0947815 3 35 0
203.097 0.254282 0.0947296 3 35 0
203.197 0.254355 0.0946642 3 35 0
203.297 0.254428 0.0946128 3 35 0
203.397 0.254501 0.0945615 3 35 0
203.497 0.254572 0.0945096 3 35 0
203.597 0.254645 0.0944595 3 35 0
203.697 0.254717 0.0944096 3 35 0
203.797 0.25479 0.0943664 3 35 0
203.897 0.254862 0.0943158 3 35 0
203.997 0.254934 0.0942654 3 35 0
204.097 0.255 0.0941813 3 35 0
204.197 0.255072 0.0941319 3 35 0
204.297 0.255144 0.0940826 3 35 0
204.397 0.25522 0.0940592 3 35 0
204.497 0.255292 0.0940097 3 35 0
204.597 0.255363 0.0939603 3 35 0
204.697 0.255433 0.0939153 3 35 0
204.797 0.255504 0.0938662 3 35 0
204.897 0.255575 0.0938172 3 35 0
204.997 0.255636 0.0937399 3 35 0
205.097 0.255707 0.0936918 3 35 0
205.197 0.255778 0.0936439 3 35 0
205.297 0.255853 0.0936203 3 35 0
205.397 0.255923 0.0935729 3 35 0
205.497 0.255994 0.0935257 3 35 0
205.597 0.256053 0.093449 3 35 0
205.697 0.256124 0.0934017 3 35 0
205.797 0.256194 0.0933544 3 35 0
205.897 0.256266 0.0933159 3 35 0
205.997 0.256336 0.0932692 3 35 0
206.097 0.256406 0.0932226 3 35 0
206.197 0.256465 0.0931689 3 35 0
206.297 0.256535 0.0931223 3 35 0
206.397 0.256604 0.0930757 3 35 0
206.497 0.256669 0.0930276 3 35 0
206.597 0.256739 0.0929815 3 35 0
206.697 0.256808 0.0929355 3 35 0
206.797 0.256864 0.0929093 3 35 0
206.897 0.256933 0.0928632 3 35 0
206.997 0.257002 0.0928172 3 35 0
207.097 0.257043 0.0927954 3 35 0
207.197 0.257112 0.0927495 3 35 0
207.297 0.257182 0.0927037 3 35 0
207.397 0.257254 0.0926569 3 35 0
207.497 0.25732 0.0926113 3 35 0
207.597 0.257387 0.092566 3 35 0
207.697 0.257481 0.0925228 3 35 0
207.797 0.257548 0.0924788 3 35 0
207.897 0.257614 0.0924348 3 35 0
207.997 0.257682 0.0923968 3 35 0
208.097 0.257748 0.092352 3 35 0
208.197 0.257814 0.0923073 3 35 0
208.297 0.257842 0.0922216 3 35 0
208.397 0.25791 0.0921779 3 35 0
208.497 0.257978 0.0921343 3 35 0
208.597 0.258067 0.0921153 3 35 0
208.697 0.258133 0.0920723 3 35 0
208.797 0.258198 0.0920294 3 35 0
208.897 0.258268 0.0919578 3 35 0
208.997 0.258333 0.0919145 3 35 0
209.097 0.258398 0.0918713 3 35 0
209.197 0.258502 0.0918316 3 35 0
209.297 0.258568 0.0917886 3 35 0
209.397 0.258633 0.0917457 3 35 0
209.497 0.258682 0.0917385 3 35 0
209.597 0.258746 0.0916966 3 35 0
209.697 0.258811 0.0916549 3 35 0
209.797 0.258834 0.0915809 3 35 0
209.897 0.258901 0.0915391 3 35 0
209.897 0.258901 0.0915391 4 35 0
209.917 0.258914 0.0915307 3 35 0
209.957 0.25894 0.091514 3 35 0
210.037 0.25902 0.0915114 3 35 0
210.197 0.259123 0.0914454 3 35 0
210.437 0.259276 0.0913469 3 35 0
210.917 0.259609 0.0911507 3 35 0
211.417 0.259926 0.0909502 3 35 0
211.917 0.260239 0.0907524 3 35 0
212.417 0.260534 0.0905081 3 35 0
212.917 0.260842 0.0903134 3 35 0
213.417 0.261147 0.0901213 3 35 0
213.917 0.261466 0.0899405 3 35 0
214.417 0.261777 0.0897538 3 35 0
214.917 0.262086 0.0895695 3 35 0
215.417 0.262377 0.0893663 3 35 0
215.917 0.262682 0.0891846 3 35 0
216.417 0.262985 0.0890051 3 35 0
216.917 0.263269 0.08884 3 35 0
217.417 0.263568 0.0886633 3 35 0
217.917 0.263865 0.0884888 3 35 0
218.417 0.264182 0.0883273 3 35 0
218.917 0.264467 0.0881562 3 35 0
219.417 0.264751 0.0879872 3 35 0
219.917 0.265063 0.0878157 3 35 0
220.417 0.265345 0.0876509 3 35 0
220.917 0.265626 0.087488 3 35 0
221.417 0.265905 0.0873208 3 35 0
221.917 0.266182 0.0871627 3 35 0
222.417 0.266456 0.0870064 3 35 0
222.917 0.266725 0.0868616 3 35 0
223.417 0.266996 0.0867097 3 35 0
223.917 0.267264 0.0865596 3 35 0
224.417 0.26754 0.0864048 3 35 0
224.917 0.267806 0.0862576 3 35 0
225.417 0.26807 0.0861121 3 35 0
225.917 0.268338 0.0859687 3 35 0
226.417 0.268599 0.0858264 3 35 0
226.917 0.268859 0.0856856 3 35 0
227.417 0.269123 0.0855431 3 35 0
227.917 0.269379 0.0854051 3 35 0
228.417 0.269634 0.0852686 3 35 0
228.917 0.269892 0.0851211 3 35 0
229.417 0.270144 0.0849869 3 35 0
229.917 0.270395 0.084854 3 35 0
230.417 0.270609 0.0847427 3 35 0
230.917 0.270855 0.0846095 3 35 0
231.417 0.271099 0.0844777 3 35 0
231.917 0.271383 0.0843295 3 35 0
232.417 0.271626 0.084203 3 35 0
232.917 0.271868 0.0840777 3 35 0
233.417 0.272093 0.0839839 3 35 0
233.917 0.272331 0.0838623 3 35 0
234.417 0.272568 0.0837418 3 35 0
234.917 0.272754 0.0836097 3 35 0
235.417 0.272992 0.0834913 3 35 0
235.917 0.273232 0.083374 3 35 0
236.417 0.273533 0.083254 3 35 0
236.917 0.273768 0.083135 3 35 0
237.417 0.274002 0.0830172 3 35 0
237.917 0.274201 0.082881 3 35 0
238.417 0.274433 0.0827682 3 35 0
238.917 0.274664 0.0826564 3 35 0
239.417 0.274913 0.0825627 3 35 0
239.917 0.275141 0.0824537 3 35 0
240.417 0.275367 0.0823457 3 35 0
240.917 0.275615 0.0822394 3 35 0
241.417 0.275837 0.08213 3 35 0
241.917 0.276058 0.0820213 3 35 0
242.417 0.276257 0.0818879 3 35 0
242.917 0.276478 0.0817835 3 35 0
243.417 0.276697 0.08168 3 35 0
243.917 0.276893 0.0815765 3 35 0
244.417 0.27711 0.0814749 3 35 0
244.917 0.277326 0.0813741 3 35 0
245.417 0.277513 0.0812706 3 35 0
245.917 0.277727 0.0811712 3 35 0
246.417 0.27794 0.0810728 3 35 0
246.917 0.278139 0.0809754 3 35 0
247.417 0.27835 0.0808788 3 35 0
247.917 0.278561 0.080783 3 35 0
248.417 0.278768 0.0806857 3 35 0
248.917 0.278976 0.0805912 3 35 0
249.417 0.279183 0.0804975 3 35 0
249.917 0.27938 0.0804052 3 35 0
250.417 0.279585 0.0803127 3 35 0
250.917 0.279789 0.080221 3 35 0
251.417 0.280006 0.0801306 3 35 0
251.917 0.280207 0.0800404 3 35 0
252.417 0.280407 0.079951 3 35 0
252.917 0.28059 0.0798671 3 35 0
253.417 0.280788 0.0797799 3 35 0
253.917 0.280985 0.0796934 3 35 0
254.417 0.281206 0.0796032 3 35 0
254.917 0.281401 0.079518 3 35 0
255.417 0.281594 0.0794334 3 35 0
255.917 0.2818 0.0793465 3 35 0
256.417 0.281992 0.0792631 3 35 0
256.917 0.282182 0.0791803 3 35 0
257.417 0.282369 0.0791021 3 35 0
257.917 0.282558 0.07902 3 35 0
258.417 0.282745 0.0789385 3 35 0
258.917 0.282907 0.0788564 3 35 0
259.417 0.283091 0.078777 3 35 0
259.917 0.283274 0.0786982 3 35 0
260.417 0.283476 0.078649 3 35 0
260.917 0.28366 0.0785697 3 35 0
261.417 0.283842 0.0784911 3 35 0
261.917 0.283983 0.0783849 3 35 0
262.417 0.284162 0.0783089 3 35 0
262.917 0.284343 0.0782334 3 35 0
263.417 0.284567 0.0781902 3 35 0
263.917 0.284745 0.0781143 3 35 0
264.417 0.284922 0.078039 3 35 0
264.917 0.285102 0.0779426 3 35 0
265.417 0.285277 0.0778692 3 35 0
265.917 0.285451 0.0777964 3 35 0
266.417 0.285625 0.0777525 3 35 0
266.917 0.285797 0.0776796 3 35 0
267.417 0.285969 0.0776073 3 35 0
267.917 0.286103 0.0775182 3 35 0
268.417 0.286271 0.0774475 3 35 0
268.917 0.286438 0.0773775 3 35 0
269.417 0.286648 0.0773185 3 35 0
269.917 0.286815 0.0772517 3 35 0
270.417 0.286982 0.0771854 3 35 0
270.917 0.287147 0.0771224 3 35 0
271.417 0.287312 0.0770573 3 35 0
271.917 0.287476 0.0769927 3 35 0
272.417 0.287636 0.0769128 3 35 0
272.917 0.2878 0.0768488 3 35 0
273.417 0.287963 0.0767853 3 35 0
273.917 0.288106 0.0767121 3 35 0
274.417 0.288269 0.0766492 3 35 0
274.917 0.288431 0.0765867 3 35 0
275.417 0.28858 0.0765184 3 35 0
275.917 0.288741 0.0764565 3 35 0
276.417 0.288901 0.0763951 3 35 0
276.917 0.289054 0.0763298 3 35 0
277.417 0.289213 0.0762687 3 35 0
277.917 0.289371 0.0762082 3 35 0
278.417 0.289526 0.0761492 3 35 0
278.917 0.289682 0.076089 3 35 0
279.417 0.289838 0.0760293 3 35 0
279.917 0.28999 0.0759758 3 35 0
280.417 0.290144 0.0759164 3 35 0
280.917 0.290297 0.0758575 3 35 0
281.417 0.290445 0.075813 3 35 0
281.917 0.290598 0.0757543 3 35 0
282.417 0.290749 0.075696 3 35 0
282.917 0.290891 0.0756356 3 35 0
283.417 0.291042 0.0755803 3 35 0
283.917 0.291191 0.0755254 3 35 0
284.417 0.291326 0.0754593 3 35 0
284.917 0.291475 0.0754046 3 35 0
285.417 0.291622 0.0753504 3 35 0
285.917 0.291761 0.075297 3 35 0
286.417 0.291906 0.0752432 3 35 0
286.917 0.29205 0.0751897 3 35 0
287.417 0.292193 0.0751323 3 35 0
287.917 0.292337 0.0750791 3 35 0
288.417 0.292481 0.0750263 3 35 0
288.917 0.292629 0.0749784 3 35 0
289.417 0.292771 0.0749261 3 35 0
289.917 0.292912 0.0748741 3 35 0
290.417 0.293069 0.0748326 3 35 0
290.917 0.293209 0.0747809 3 35 0
291.417 0.293349 0.0747295 3 35 0
291.917 0.293498 0.0746844 3 35 0
292.417 0.293636 0.0746339 3 35 0
292.917 0.293773 0.0745837 3 35 0
293.417 0.293905 0.0745391 3 35 0
293.917 0.294042 0.074491 3 35 0
294.417 0.294178 0.0744432 3 35 0
294.917 0.294307 0.0743954 3 35 0
295.417 0.294441 0.074348 3 35 0
295.917 0.294575 0.0743008 3 35 0
296.417 0.294707 0.0742385 3 35 0
296.917 0.294841 0.0741919 3 35 0
297.417 0.294973 0.0741457 3 35 0
297.917 0.295104 0.0740949 3 35 0
298.417 0.295235 0.074049 3 35 0
298.917 0.295366 0.0740034 3 35 0
299.417 0.295497 0.0739505 3 35 0
299.917 0.295627 0.0739051 3 35 0
300.417 0.295757 0.0738601 3 35 0
300.917 0.295893 0.0738162 3 35 0
301.417 0.296021 0.0737715 3 35 0
301.917 0.296149 0.0737271 3 35 0
302.417 0.296281 0.0736829 3 35 0
302.917 0.296407 0.0736393 3 35 0
303.417 0.296532 0.0735961 3 35 0
303.917 0.296654 0.0735526 3 35 0
304.417 0.296779 0.0735097 3 35 0
304.917 0.296903 0.0734672 3 35 0
305.417 0.296991 0.0734279 3 35 0
305.917 0.297115 0.0733855 3 35 0
306.417 0.297239 0.0733433 3 35 0
306.917 0.297347 0.073299 3 35 0
307.417 0.29747 0.0732577 3 35 0
307.417 0.29747 0.0732577 4 35 0
307.437 0.297474 0.0732561 3 35 0
307.477 0.297484 0.0732528 3 35 0
307.557 0.297523 0.0732499 3 35 0
307.677 0.297553 0.0732401 3 35 0
307.857 0.297597 0.0732254 3 35 0
308.127 0.297671 0.0731991 3 35 0
308.532 0.297769 0.073166 3 35 0
309.032 0.297888 0.0731253 3 35 0
309.532 0.298014 0.0730846 3 35 0
310.032 0.298133 0.0730445 3 35 0
310.532 0.298251 0.0730046 3 35 0
311.032 0.298376 0.0729652 3 35 0
311.532 0.298493 0.0729258 3 35 0
312.032 0.29861 0.0728867 3 35 0
312.532 0.298734 0.0728479 3 35 0
313.032 0.298851 0.0728092 3 35 0
313.532 0.298967 0.0727708 3 35 0
314.032 0.299087 0.0727324 3 35 0
314.532 0.299202 0.0726945 3 35 0
315.032 0.299317 0.0726567 3 35 0
315.532 0.299434 0.0726205 3 35 0
316.032 0.299548 0.0725833 3 35 0
316.532 0.299661 0.0725464 3 35 0
317.032 0.299776 0.072509 3 35 0
317.532 0.299889 0.0724724 3 35 0
318.032 0.300001 0.072436 3 35 0
318.532 0.300113 0.0723983 3 35 0
319.032 0.300224 0.0723624 3 35 0
319.532 0.300335 0.0723266 3 35 0
320.032 0.300445 0.0722924 3 35 0
320.532 0.300556 0.0722571 3 35 0
321.032 0.300665 0.072222 3 35 0
321.532 0.300775 0.072186 3 35 0
322.032 0.300884 0.0721512 3 35 0
322.532 0.300992 0.0721166 3 35 0
323.032 0.3011 0.0720808 3 35 0
323.532 0.301207 0.0720466 3 35 0
324.032 0.301314 0.0720126 3 35 0
324.532 0.301422 0.0719811 3 35 0
325.032 0.301528 0.0719476 3 35 0
325.532 0.301634 0.0719143 3 35 0
326.032 0.30174 0.0718789 3 35 0
326.532 0.301845 0.0718458 3 35 0
327.032 0.30195 0.071813 3 35 0
327.532 0.302054 0.0717796 3 35 0
328.032 0.302158 0.0717471 3 35 0
328.532 0.302262 0.0717148 3 35 0
329.032 0.302365 0.0716839 3 35 0
329.532 0.302468 0.071652 3 35 0
330.032 0.302571 0.0716202 3 35 0
330.532 0.302672 0.0715868 3 35 0
331.032 0.302774 0.0715554 3 35 0
331.532 0.302875 0.0715241 3 35 0
332.032 0.302976 0.0714932 3 35 0
332.532 0.303077 0.0714622 3 35 0
333.032 0.303177 0.0714315 3 35 0
333.532 0.303277 0.0714006 3 35 0
334.032 0.303376 0.0713702 3 35 0
334.532 0.303476 0.0713399 3 35 0
335.032 0.303574 0.0713093 3 35 0
335.532 0.303672 0.0712793 3 35 0
336.032 0.30377 0.0712496 3 35 0
336.532 0.303867 0.0712198 3 35 0
337.032 0.303965 0.0711904 3 35 0
337.532 0.304062 0.0711611 3 35 0
338.032 0.304157 0.0711313 3 35 0
338.532 0.304253 0.0711024 3 35 0
339.032 0.304349 0.0710736 3 35 0
339.532 0.304444 0.0710447 3 35 0
340.032 0.30454 0.0710162 3 35 0
340.532 0.304635 0.0709878 3 35 0
341.032 0.304727 0.0709589 3 35 0
341.532 0.304821 0.0709309 3 35 0
342.032 0.304915 0.070903 3 35 0
342.532 0.305008 0.0708751 3 35 0
343.032 0.305101 0.0708475 3 35 0
343.532 0.305194 0.07082 3 35 0
344.032 0.305281 0.0707917 3 35 0
344.532 0.305374 0.0707645 3 35 0
345.032 0.305466 0.0707375 3 35 0
345.532 0.305559 0.0707112 3 35 0
346.032 0.305651 0.0706844 3 35 0
346.532 0.305742 0.0706577 3 35 0
347.032 0.305818 0.0706293 3 35 0
347.532 0.305908 0.0706029 3 35 0
348.032 0.305998 0.0705767 3 35 0
348.532 0.3061 0.0705535 3 35 0
349.032 0.30619 0.0705274 3 35 0
349.532 0.30628 0.0705014 3 35 0
350.032 0.306352 0.0704714 3 35 0
350.532 0.306441 0.0704459 3 35 0
351.032 0.306531 0.0704204 3 35 0
351.532 0.306647 0.0704053 3 35 0
352.032 0.306738 0.0703792 3 35 0
352.532 0.306828 0.0703532 3 35 0
353.032 0.306919 0.0703201 3 35 0
353.532 0.307006 0.0702953 3 35 0
354.032 0.307093 0.0702707 3 35 0
354.532 0.307169 0.0702484 3 35 0
355.032 0.307254 0.0702236 3 35 0
355.532 0.307339 0.0701989 3 35 0
356.032 0.307398 0.07017 3 35 0
356.532 0.307484 0.0701458 3 35 0
357.032 0.30757 0.0701217 3 35 0
357.532 0.307693 0.0701181 3 35 0
358.032 0.307777 0.0700947 3 35 0
358.532 0.307861 0.0700714 3 35 0
359.032 0.307942 0.0700391 3 35 0
359.532 0.308025 0.0700164 3 35 0
360.032 0.308107 0.0699938 3 35 0
360.532 0.308187 0.0699562 3 35 0
361.032 0.308274 0.0699332 3 35 0
361.532 0.30836 0.0699103 3 35 0
362.032 0.308415 0.0698895 3 35 0
362.532 0.308498 0.0698667 3 35 0
363.032 0.308581 0.0698441 3 35 0
363.532 0.308665 0.069821 3 35 0
364.032 0.308746 0.0697984 3 35 0
364.532 0.308827 0.0697759 3 35 0
365.032 0.30892 0.0697519 3 35 0
365.532 0.309002 0.0697297 3 35 0
366.032 0.309083 0.0697077 3 35 0
366.532 0.30915 0.0696869 3 35 0
367.032 0.30923 0.0696649 3 35 0
367.532 0.309309 0.0696431 3 35 0
368.032 0.309409 0.0696207 3 35 0
368.532 0.309489 0.0695993 3 35 0
369.032 0.309569 0.069578 3 35 0
369.532 0.309633 0.0695598 3 35 0
370.032 0.309711 0.0695384 3 35 0
370.532 0.309789 0.0695172 3 35 0
371.032 0.309881 0.0694961 3 35 0
371.532 0.309959 0.0694753 3 35 0
372.032 0.310037 0.0694547 3 35 0
372.532 0.310094 0.0694347 3 35 0
373.032 0.310171 0.0694139 3 35 0
373.532 0.310247 0.0693932 3 35 0
374.032 0.310341 0.0693712 3 35 0
374.532 0.310419 0.0693512 3 35 0
375.032 0.310496 0.0693313 3 35 0
375.532 0.310564 0.0693099 3 35 0
376.032 0.31064 0.0692897 3 35 0
376.532 0.310715 0.0692696 3 35 0
377.032 0.310807 0.0692491 3 35 0
377.532 0.310883 0.0692298 3 35 0
378.032 0.310959 0.0692105 3 35 0
378.532 0.310998 0.0691919 3 35 0
379.032 0.311073 0.0691726 3 35 0
379.532 0.311147 0.0691533 3 35 0
380.032 0.311254 0.0691316 3 35 0
380.532 0.311328 0.0691125 3 35 0
381.032 0.311402 0.0690934 3 35 0
381.532 0.311455 0.0690747 3 35 0
382.032 0.311528 0.0690558 3 35 0
382.532 0.311601 0.0690371 3 35 0
383.032 0.311688 0.0690195 3 35 0
383.532 0.31176 0.0690008 3 35 0
384.032 0.311831 0.0689822 3 35 0
384.532 0.311883 0.068963 3 35 0
385.032 0.311951 0.068945 3 35 0
385.532 0.312018 0.0689271 3 35 0
386.032 0.312106 0.0689069 3 35 0
386.532 0.312178 0.0688884 3 35 0
387.032 0.31225 0.06887 3 35 0
387.532 0.312315 0.0688508 3 35 0
388.032 0.312386 0.0688327 3 35 0
388.532 0.312457 0.0688147 3 35 0
389.032 0.312526 0.0687981 3 35 0
389.532 0.312596 0.0687802 3 35 0
390.032 0.312666 0.0687624 3 35 0
390.532 0.312741 0.0687437 3 35 0
391.032 0.31281 0.068726 3 35 0
391.532 0.31288 0.0687084 3 35 0
392.032 0.312952 0.0686902 3 35 0
392.532 0.31302 0.0686728 3 35 0
393.032 0.313089 0.0686555 3 35 0
393.532 0.313157 0.0686381 3 35 0
394.032 0.313225 0.068621 3 35 0
394.532 0.313292 0.068604 3 35 0
395.032 0.313359 0.0685873 3 35 0
395.532 0.313426 0.0685705 3 35 0
396.032 0.313493 0.0685537 3 35 0
396.532 0.313558 0.0685375 3 35 0
397.032 0.313624 0.068521 3 35 0
397.532 0.31369 0.0685045 3 35 0
398.032 0.313756 0.0684888 3 35 0
398.532 0.313821 0.0684725 3 35 0
399.032 0.313886 0.0684563 3 35 0
399.532 0.313951 0.068441 3 35 0
400.032 0.314016 0.0684249 3 35 0
400.532 0.31408 0.068409 3 35 0
401.032 0.314146 0.0683941 3 35 0
401.532 0.31421 0.0683783 3 35 0
402.032 0.314273 0.0683626 3 35 0
402.532 0.314339 0.068348 3 35 0
403.032 0.314402 0.0683325 3 35 0
403.532 0.314465 0.0683171 3 35 0
404.032 0.314531 0.0683029 3 35 0
404.532 0.314593 0.0682876 3 35 0
404.532 0.314593 0.0682876 4 35 0
404.552 0.314595 0.0682875 3 35 0
404.582 0.314597 0.0682872 3 35 0
404.627 0.314607 0.0682869 3 35 0
404.694 0.314614 0.0682854 3 35 0
404.796 0.314625 0.0682828 3 35 0
404.948 0.314645 0.0682792 3 35 0
405.175 0.314673 0.0682727 3 35 0
405.517 0.314715 0.0682627 3 35 0
406.017 0.314781 0.0682479 3 35 0
406.517 0.314843 0.068233 3 35 0
407.017 0.314904 0.0682174 3 35 0
407.517 0.314977 0.0682009 3 35 0
408.017 0.315038 0.0681853 3 35 0
408.517 0.3151 0.0681697 3 35 0
409.017 0.31516 0.0681513 3 35 0
409.517 0.315221 0.0681359 3 35 0
410.017 0.315281 0.0681206 3 35 0
410.517 0.315341 0.0681016 3 35 0
411.017 0.315401 0.0680866 3 35 0
411.517 0.315461 0.0680716 3 35 0
412.017 0.315521 0.0680544 3 35 0
412.517 0.315581 0.0680397 3 35 0
413.017 0.31564 0.0680251 3 35 0
413.517 0.315696 0.0680088 3 35 0
414.017 0.315755 0.0679944 3 35 0
414.517 0.315815 0.0679801 3 35 0
415.017 0.315891 0.0679683 3 35 0
415.517 0.315951 0.067954 3 35 0
416.017 0.316011 0.0679397 3 35 0
416.517 0.316066 0.0679235 3 35 0
417.017 0.316126 0.0679095 3 35 0
417.517 0.316185 0.0678954 3 35 0
418.017 0.316237 0.0678866 3 35 0
418.517 0.316291 0.067874 3 35 0
419.017 0.316344 0.0678617 3 35 0
419.517 0.31641 0.0678431 3 35 0
420.017 0.31647 0.067829 3 35 0
420.517 0.31653 0.067815 3 35 0
421.017 0.316587 0.0678017 3 35 0
421.517 0.316648 0.0677885 3 35 0
422.017 0.316709 0.0677755 3 35 0
422.517 0.316776 0.0677607 3 35 0
423.017 0.316836 0.0677469 3 35 0
423.517 0.316894 0.0677333 3 35 0
424.017 0.316956 0.0677181 3 35 0
424.517 0.317015 0.067705 3 35 0
425.017 0.317073 0.0676919 3 35 0
425.517 0.317111 0.0676805 3 35 0
426.017 0.317168 0.0676672 3 35 0
426.517 0.317225 0.067654 3 35 0
427.017 0.317274 0.0676429 3 35 0
427.517 0.317331 0.0676299 3 35 0
428.017 0.317387 0.067617 3 35 0
428.517 0.317444 0.0676039 3 35 0
429.017 0.317498 0.0675915 3 35 0
429.517 0.317552 0.0675792 3 35 0
430.017 0.317629 0.0675637 3 35 0
430.517 0.317687 0.067551 3 35 0
431.017 0.317744 0.0675384 3 35 0
431.517 0.317808 0.0675291 3 35 0
432.017 0.317863 0.0675175 3 35 0
432.517 0.317917 0.0675059 3 35 0
433.017 0.317941 0.0674895 3 35 0
433.517 0.317999 0.0674774 3 35 0
434.017 0.318056 0.0674654 3 35 0
434.517 0.318137 0.0674511 3 35 0
435.017 0.318191 0.0674388 3 35 0
435.517 0.318246 0.0674266 3 35 0
436.017 0.318287 0.0674163 3 35 0
436.517 0.318343 0.067404 3 35 0
437.017 0.318399 0.0673918 3 35 0
437.517 0.318463 0.0673838 3 35 0
438.017 0.318516 0.0673726 3 35 0
438.517 0.318569 0.0673615 3 35 0
439.017 0.318574 0.0673449 3 35 0
439.517 0.318633 0.0673332 3 35 0
440.017 0.318691 0.0673217 3 35 0
440.517 0.31877 0.0673082 3 35 0
441.017 0.31882 0.067297 3 35 0
441.517 0.318869 0.0672858 3 35 0
442.017 0.318892 0.0672746 3 35 0
442.517 0.318947 0.0672632 3 35 0
443.017 0.319002 0.0672519 3 35 0
443.517 0.319097 0.0672436 3 35 0
444.017 0.319148 0.067233 3 35 0
444.517 0.319199 0.0672226 3 35 0
445.017 0.319226 0.0672079 3 35 0
445.517 0.319276 0.067197 3 35 0
446.017 0.319325 0.0671862 3 35 0
446.517 0.319401 0.0671772 3 35 0
447.017 0.319453 0.0671664 3 35 0
447.517 0.319505 0.0671557 3 35 0
448.017 0.319508 0.0671396 3 35 0
448.517 0.319565 0.0671287 3 35 0
449.017 0.319622 0.0671178 3 35 0
449.517 0.319699 0.0671101 3 35 0
450.017 0.319749 0.0670994 3 35 0
450.517 0.319799 0.0670888 3 35 0
451.017 0.319829 0.0670761 3 35 0
451.517 0.319877 0.0670659 3 35 0
452.017 0.319925 0.0670559 3 35 0
452.517 0.319986 0.0670439 3 35 0
453.017 0.320034 0.0670336 3 35 0
453.517 0.320081 0.0670234 3 35 0
454.017 0.32003 0.0670198 3 35 0
454.517 0.320085 0.0670088 3 35 0
455.017 0.32014 0.0669978 3 35 0
455.517 0.32031 0.0669775 3 35 0
456.017 0.320356 0.0669673 3 35 0
456.517 0.320402 0.0669573 3 35 0
457.017 0.320458 0.0669473 3 35 0
457.517 0.320508 0.0669371 3 35 0
458.017 0.320558 0.066927 3 35 0
458.517 0.320606 0.0669289 3 35 0
459.017 0.320651 0.0669166 3 35 0
459.517 0.320695 0.0669044 3 35 0
460.017 0.320749 0.0668951 3 35 0
460.517 0.320794 0.0668836 3 35 0
461.017 0.320838 0.0668723 3 35 0
461.517 0.320898 0.0668636 3 35 0
462.017 0.320943 0.0668525 3 35 0
462.517 0.320988 0.0668415 3 35 0
463.017 0.321049 0.0668318 3 35 0
463.517 0.321096 0.0668228 3 35 0
464.017 0.321142 0.066814 3 35 0
464.517 0.321183 0.066806 3 35 0
465.017 0.321229 0.0667953 3 35 0
465.517 0.321274 0.0667846 3 35 0
466.017 0.321328 0.066776 3 35 0
466.517 0.321377 0.0667658 3 35 0
467.017 0.321425 0.0667556 3 35 0
467.517 0.32146 0.0667491 3 35 0
468.017 0.321502 0.0667406 3 35 0
468.517 0.321542 0.066729 3 35 0
469.017 0.321612 0.0667137 3 35 0
469.517 0.321657 0.0667052 3 35 0
470.017 0.321701 0.0666967 3 35 0
470.517 0.321746 0.066691 3 35 0
471.017 0.321791 0.0666814 3 35 0
471.517 0.321836 0.0666711 3 35 0
472.017 0.321817 0.0666581 3 35 0
472.517 0.321853 0.0666486 3 35 0
473.017 0.321888 0.0666392 3 35 0
473.517 0.321996 0.0666376 3 35 0
474.017 0.322049 0.0666265 3 35 0
474.517 0.3221 0.0666156 3 35 0
475.017 0.322156 0.0665999 3 35 0
475.517 0.322203 0.0665912 3 35 0
476.017 0.322249 0.0665827 3 35 0
476.517 0.322286 0.0665789 3 35 0
477.017 0.322332 0.0665688 3 35 0
477.517 0.322378 0.0665591 3 35 0
478.017 0.322306 0.0665512 3 35 0
478.517 0.322338 0.0665419 3 35 0
479.017 0.322386 0.0665328 3 35 0
479.517 0.32255 0.0665227 3 35 0
480.017 0.322598 0.0665148 3 35 0
480.517 0.322646 0.0665068 3 35 0
481.017 0.322645 0.0664948 3 35 0
481.517 0.322683 0.0664864 3 35 0
482.017 0.322719 0.0664782 3 35 0
482.517 0.322778 0.0664716 3 35 0
483.017 0.322827 0.0664624 3 35 0
483.517 0.322875 0.0664534 3 35 0
484.017 0.322863 0.0664447 3 35 0
484.517 0.322908 0.0664366 3 35 0
485.017 0.322954 0.0664286 3 35 0
485.517 0.323113 0.0664238 3 35 0
486.017 0.323154 0.0664166 3 35 0
486.517 0.323195 0.0664082 3 35 0
487.017 0.323203 0.0663949 3 35 0
487.517 0.323248 0.0663863 3 35 0
488.017 0.323293 0.0663777 3 35 0
488.517 0.323327 0.0663734 3 35 0
489.017 0.323366 0.066366 3 35 0
489.517 0.323412 0.0663587 3 35 0
490.017 0.323481 0.0663451 3 35 0
490.517 0.32352 0.0663361 3 35 0
491.017 0.323558 0.0663272 3 35 0
491.517 0.323596 0.0663238 3 35 0
492.017 0.323641 0.0663148 3 35 0
492.517 0.323686 0.066306 3 35 0
493.017 0.323614 0.0662995 3 35 0
493.517 0.323627 0.0662937 3 35 0
494.017 0.323633 0.0662884 3 35 0
494.517 0.323805 0.0662731 3 35 0
495.017 0.323844 0.066265 3 35 0
495.517 0.323882 0.066257 3 35 0
496.017 0.323994 0.0662539 3 35 0
496.517 0.324037 0.0662448 3 35 0
497.017 0.32408 0.0662357 3 35 0
497.517 0.324144 0.0662234 3 35 0
498.017 0.324169 0.0662176 3 35 0
498.517 0.324196 0.0662117 3 35 0
499.017 0.324233 0.0662076 3 35 0
499.517 0.324276 0.0661999 3 35 0
500.017 0.324319 0.0661916 3 35 0
500.517 0.324355 0.066175 3 35 0
501.017 0.324395 0.0661676 3 35 0
501.017 0.324395 0.0661676 4 35 0
501.037 0.324396 0.0661674 3 35 0
501.067 0.324397 0.0661671 3 35 0
501.112 0.324408 0.0661725 3 35 0
501.18 0.324413 0.0661721 3 35 0
501.281 0.324421 0.0661711 3 35 0
501.433 0.324417 0.0661625 3 35 0
501.661 0.324435 0.0661591 3 35 0
502.002 0.324463 0.0661539 3 35 0
502.502 0.324501 0.066153 3 35 0
503.002 0.324537 0.0661451 3 35 0
503.502 0.324574 0.0661373 3 35 0
504.002 0.324626 0.066124 3 35 0
504.502 0.324662 0.0661165 3 35 0
505.002 0.324698 0.066109 3 35 0
505.502 0.324764 0.0661089 3 35 0
506.002 0.324804 0.0661021 3 35 0
506.502 0.324843 0.0660953 3 35 0
507.002 0.324858 0.0660796 3 35 0
507.502 0.324897 0.0660725 3 35 0
508.002 0.324935 0.0660654 3 35 0
508.502 0.325002 0.0660627 3 35 0
509.002 0.325041 0.066055 3 35 0
509.502 0.325079 0.0660475 3 35 0
510.002 0.325087 0.0660383 3 35 0
510.502 0.325125 0.0660313 3 35 0
511.002 0.325162 0.0660244 3 35 0
511.502 0.325239 0.0660193 3 35 0
512.002 0.325278 0.0660118 3 35 0
512.502 0.325318 0.0660043 3 35 0
513.002 0.325308 0.0659984 3 35 0
513.502 0.325347 0.0659917 3 35 0
514.002 0.325389 0.0659851 3 35 0
514.502 0.325419 0.0659782 3 35 0
515.002 0.325462 0.0659709 3 35 0
515.502 0.325505 0.0659635 3 35 0
516.002 0.325545 0.0659591 3 35 0
516.502 0.325582 0.0659522 3 35 0
517.002 0.325619 0.0659453 3 35 0
517.502 0.325658 0.0659387 3 35 0
518.002 0.325694 0.0659314 3 35 0
518.502 0.325729 0.0659242 3 35 0
519.002 0.325766 0.0659179 3 35 0
519.502 0.325803 0.0659111 3 35 0
520.002 0.32584 0.0659042 3 35 0
520.502 0.325903 0.0658991 3 35 0
521.002 0.32594 0.0658924 3 35 0
521.502 0.325977 0.0658857 3 35 0
522.002 0.326005 0.065872 3 35 0
522.502 0.326043 0.0658653 3 35 0
523.002 0.32608 0.0658587 3 35 0
523.502 0.326144 0.0658536 3 35 0
524.002 0.326185 0.0658478 3 35 0
524.502 0.326224 0.0658421 3 35 0
525.002 0.326256 0.0658361 3 35 0
525.502 0.326293 0.0658296 3 35 0
526.002 0.32633 0.065823 3 35 0
526.502 0.326374 0.0658175 3 35 0
527.002 0.326411 0.0658111 3 35 0
527.502 0.326449 0.0658047 3 35 0
528.002 0.32649 0.0657995 3 35 0
528.502 0.326526 0.0657933 3 35 0
529.002 0.326563 0.0657871 3 35 0
529.502 0.326601 0.0657826 3 35 0
530.002 0.326638 0.065776 3 35 0
530.502 0.326674 0.0657694 3 35 0
531.002 0.326712 0.0657609 3 35 0
531.502 0.326748 0.0657543 3 35 0
532.002 0.326784 0.0657477 3 35 0
532.502 0.326819 0.0657399 3 35 0
533.002 0.326856 0.0657335 3 35 0
533.502 0.326892 0.0657272 3 35 0
534.002 0.326926 0.0657205 3 35 0
534.502 0.326963 0.0657143 3 35 0
535.002 0.326999 0.0657081 3 35 0
535.502 0.327032 0.065702 3 35 0
536.002 0.327069 0.065696 3 35 0
536.502 0.327106 0.06569 3 35 0
537.002 0.327139 0.0656842 3 35 0
537.502 0.327176 0.0656783 3 35 0
538.002 0.327212 0.0656724 3 35 0
538.502 0.327246 0.0656667 3 35 0
539.002 0.327283 0.0656609 3 35 0
539.502 0.327319 0.0656552 3 35 0
540.002 0.327353 0.0656494 3 35 0
540.502 0.327389 0.0656438 3 35 0
541.002 0.327425 0.0656382 3 35 0
541.502 0.32746 0.0656323 3 35 0
542.002 0.327495 0.0656268 3 35 0
542.502 0.32753 0.0656213 3 35 0
543.002 0.327565 0.0656152 3 35 0
543.502 0.3276 0.0656098 3 35 0
544.002 0.327634 0.0656043 3 35 0
544.502 0.32767 0.0655985 3 35 0
545.002 0.327704 0.0655931 3 35 0
545.502 0.327738 0.0655878 3 35 0
546.002 0.327774 0.065582 3 35 0
546.502 0.327808 0.0655766 3 35 0
547.002 0.327842 0.0655714 3 35 0
547.502 0.327877 0.0655654 3 35 0
548.002 0.327911 0.0655601 3 35 0
548.502 0.327944 0.0655548 3 35 0
549.002 0.327978 0.0655484 3 35 0
549.502 0.328012 0.065543 3 35 0
550.002 0.328045 0.0655376 3 35 0
550.502 0.328076 0.0655303 3 35 0
551.002 0.32811 0.0655247 3 35 0
551.502 0.328144 0.0655192 3 35 0
552.002 0.328158 0.0655156 3 35 0
552.502 0.328195 0.0655102 3 35 0
553.002 0.328232 0.0655049 3 35 0
553.502 0.328285 0.0654977 3 35 0
554.002 0.328317 0.0654925 3 35 0
554.502 0.32835 0.0654873 3 35 0
555.002 0.328392 0.0654863 3 35 0
555.502 0.328426 0.0654803 3 35 0
556.002 0.328459 0.0654744 3 35 0
556.502 0.328435 0.0654719 3 35 0
557.002 0.328472 0.065465 3 35 0
557.502 0.328513 0.0654585 3 35 0
558.002 0.328603 0.0654582 3 35 0
558.502 0.328617 0.0654513 3 35 0
559.002 0.328644 0.0654445 3 35 0
559.502 0.328684 0.0654332 3 35 0
560.002 0.328716 0.0654281 3 35 0
560.502 0.328749 0.0654231 3 35 0
561.002 0.328791 0.0654219 3 35 0
561.502 0.328823 0.0654162 3 35 0
562.002 0.328854 0.0654105 3 35 0
562.502 0.328877 0.0654016 3 35 0
563.002 0.328911 0.0653964 3 35 0
563.502 0.328945 0.0653912 3 35 0
564.002 0.328969 0.0653878 3 35 0
564.502 0.329002 0.0653828 3 35 0
565.002 0.329035 0.0653777 3 35 0
565.502 0.329078 0.0653742 3 35 0
566.002 0.329114 0.0653695 3 35 0
566.502 0.329149 0.0653651 3 35 0
567.002 0.329151 0.065358 3 35 0
567.502 0.329178 0.0653535 3 35 0
568.002 0.329208 0.0653488 3 35 0
568.502 0.328824 0.0653586 3 35 0
569.002 0.328862 0.0653541 3 35 0
569.502 0.328897 0.0653494 3 35 0
570.002 0.329344 0.0653281 3 35 0
570.502 0.329379 0.0653235 3 35 0
571.002 0.329414 0.0653189 3 35 0
571.502 0.329443 0.0653129 3 35 0
572.002 0.329478 0.0653081 3 35 0
572.502 0.329514 0.0653033 3 35 0
573.002 0.329559 0.0652989 3 35 0
573.502 0.329588 0.0652944 3 35 0
574.002 0.329617 0.0652898 3 35 0
574.502 0.329648 0.0652882 3 35 0
575.002 0.329676 0.065283 3 35 0
575.502 0.329705 0.0652778 3 35 0
576.002 0.329734 0.0652786 3 35 0
576.502 0.329766 0.0652732 3 35 0
577.002 0.329807 0.0652672 3 35 0
577.502 0.329806 0.0652582 3 35 0
578.002 0.329842 0.0652543 3 35 0
578.502 0.329877 0.0652505 3 35 0
579.002 0.329929 0.0652452 3 35 0
579.502 0.32996 0.0652395 3 35 0
580.002 0.329989 0.0652341 3 35 0
580.502 0.329995 0.0652309 3 35 0
581.002 0.33003 0.0652258 3 35 0
581.502 0.330064 0.0652209 3 35 0
582.002 0.330114 0.0652148 3 35 0
582.502 0.330144 0.0652105 3 35 0
583.002 0.330175 0.0652062 3 35 0
583.502 0.330209 0.0652046 3 35 0
584.002 0.330239 0.0651997 3 35 0
584.502 0.330268 0.0651948 3 35 0
585.002 0.330309 0.0651875 3 35 0
585.502 0.33034 0.0651817 3 35 0
586.002 0.330369 0.0651763 3 35 0
586.502 0.330436 0.0651713 3 35 0
587.002 0.330431 0.0651687 3 35 0
587.502 0.330442 0.0651657 3 35 0
588.002 0.330459 0.0651573 3 35 0
588.502 0.330486 0.0651528 3 35 0
589.002 0.330513 0.0651483 3 35 0
589.502 0.330547 0.0651483 3 35 0
590.002 0.330575 0.0651441 3 35 0
590.502 0.330605 0.0651399 3 35 0
591.002 0.330667 0.0651326 3 35 0
591.502 0.330697 0.0651282 3 35 0
592.002 0.330727 0.0651239 3 35 0
592.502 0.330767 0.0651097 3 35 0
593.002 0.330799 0.0651071 3 35 0
593.502 0.33083 0.0651046 3 35 0
594.002 0.330818 0.0651207 3 35 0
594.502 0.330848 0.0651188 3 35 0
595.002 0.330877 0.0651168 3 35 0
595.502 0.330904 0.0650923 3 35 0
596.002 0.330933 0.065088 3 35 0
596.502 0.330962 0.0650837 3 35 0
597.002 0.331006 0.0650861 3 35 0
597.502 0.33104 0.0650819 3 35 0
597.502 0.33104 0.0650819 4 35 0
597.522 0.331046 0.0650806 3 35 0
597.552 0.33105 0.0650794 3 35 0
597.597 0.331052 0.0650806 3 35 0
597.665 0.331056 0.0650798 3 35 0
597.766 0.331063 0.0650788 3 35 0
597.918 0.331075 0.0650763 3 35 0
598.146 0.331088 0.0650747 3 35 0
598.488 0.331108 0.0650722 3 35 0
598.988 0.331111 0.0650655 3 35 0
599.488 0.331139 0.0650623 3 35 0
599.988 0.331167 0.0650592 3 35 0
600.488 0.331227 0.0650536 3 35 0
600.988 0.331258 0.0650495 3 35 0
601.488 0.331288 0.0650457 3 35 0
601.988 0.331204 0.0650466 3 35 0
602.488 0.331285 0.06504 3 35 0
602.988 0.331385 0.0650326 3 35 0
603.488 0.331376 0.0650303 3 35 0
603.988 0.331401 0.065026 3 35 0
604.488 0.331433 0.0650218 3 35 0
604.988 0.331496 0.0650187 3 35 0
605.488 0.331522 0.0650151 3 35 0
605.988 0.331549 0.0650115 3 35 0
606.488 0.33157 0.0650018 3 35 0
606.988 0.331598 0.0649978 3 35 0
607.488 0.331626 0.0649938 3 35 0
607.988 0.33168 0.0649951 3 35 0
608.488 0.331693 0.0649905 3 35 0
608.988 0.331701 0.0649858 3 35 0
609.488 0.33173 0.0649875 3 35 0
609.988 0.331756 0.064984 3 35 0
610.488 0.331783 0.0649804 3 35 0
610.988 0.331744 0.0649723 3 35 0
611.488 0.331752 0.0649692 3 35 0
611.988 0.331752 0.0649664 3 35 0
612.488 0.331706 0.0649703 3 35 0
612.988 0.331659 0.0649668 3 35 0
613.487 0.331614 0.0649623 3 35 0
613.988 0.331974 0.0649451 3 35 0
614.488 0.332003 0.0649413 3 35 0
614.988 0.332032 0.0649374 3 35 0
615.488 0.332089 0.0649348 3 35 0
615.988 0.332117 0.0649305 3 35 0
616.488 0.332144 0.0649263 3 35 0
616.988 0.332006 0.0649294 3 35 0
617.488 0.332012 0.0649247 3 35 0
617.988 0.332015 0.0649189 3 35 0
618.488 0.332206 0.0649211 3 35 0
618.988 0.332234 0.064918 3 35 0
619.488 0.332262 0.0649148 3 35 0
619.988 0.332336 0.0648977 3 35 0
620.488 0.33237 0.0648954 3 35 0
620.988 0.3324 0.0648938 3 35 0
621.488 0.332364 0.0648817 3 35 0
621.988 0.332393 0.0648778 3 35 0
622.488 0.332423 0.0648739 3 35 0
622.988 0.332489 0.0648805 3 35 0
623.488 0.332508 0.0648754 3 35 0
623.988 0.332543 0.0648706 3 35 0
624.488 0.332588 0.0648716 3 35 0
624.988 0.332615 0.064868 3 35 0
625.488 0.332641 0.0648644 3 35 0
625.988 0.332657 0.0648552 3 35 0
626.488 0.332687 0.064853 3 35 0
626.988 0.332717 0.064851 3 35 0
627.488 0.332708 0.0648414 3 35 0
627.988 0.332735 0.0648378 3 35 0
628.488 0.332763 0.0648343 3 35 0
628.988 0.332797 0.0648348 3 35 0
629.488 0.332823 0.0648315 3 35 0
629.988 0.332849 0.0648281 3 35 0
630.488 0.332882 0.0648273 3 35 0
630.988 0.332904 0.0648238 3 35 0
631.488 0.332926 0.0648204 3 35 0
631.988 0.332998 0.0648199 3 35 0
632.487 0.333033 0.0648155 3 35 0
632.987 0.333067 0.0648107 3 35 0
633.487 0.333031 0.0648044 3 35 0
633.987 0.333064 0.0648 3 35 0
634.487 0.333096 0.0647959 3 35 0
634.987 0.333199 0.0647938 3 35 0
635.487 0.333219 0.0647918 3 35 0
635.987 0.333232 0.0647893 3 35 0
636.487 0.333282 0.0647823 3 35 0
636.987 0.333282 0.0647783 3 35 0
637.487 0.333292 0.0647748 3 35 0
637.987 0.333312 0.0647745 3 35 0
638.487 0.333332 0.0647713 3 35 0
638.987 0.333351 0.0647682 3 35 0
639.487 0.333413 0.0647633 3 35 0
639.987 0.333426 0.0647619 3 35 0
640.487 0.333444 0.0647598 3 35 0
640.987 0.333471 0.0647561 3 35 0
641.487 0.333497 0.064753 3 35 0
641.987 0.333523 0.0647489 3 35 0
642.488 0.333607 0.0647396 3 35 0
642.987 0.333626 0.0647383 3 35 0
643.487 0.333632 0.0647381 3 35 0
643.987 0.333623 0.0647322 3 35 0
644.487 0.333649 0.0647288 3 35 0
644.987 0.333674 0.0647255 3 35 0
645.487 0.333721 0.0647225 3 35 0
645.987 0.33374 0.0647207 3 35 0
646.487 0.333761 0.0647186 3 35 0
646.987 0.333746 0.0647257 3 35 0
647.487 0.333773 0.0647245 3 35 0
647.987 0.3338 0.0647229 3 35 0
648.487 0.333856 0.0647083 3 35 0
648.987 0.333882 0.0647057 3 35 0
649.487 0.333907 0.0647031 3 35 0
649.987 0.333936 0.0646959 3 35 0
650.487 0.333961 0.0646933 3 35 0
650.987 0.333987 0.0646906 3 35 0
651.487 0.334011 0.0646867 3 35 0
651.987 0.334036 0.0646842 3 35 0
652.487 0.334062 0.0646816 3 35 0
652.987 0.334086 0.0646789 3 35 0
653.487 0.334111 0.0646763 3 35 0
653.987 0.334137 0.0646737 3 35 0
654.487 0.33416 0.0646698 3 35 0
654.987 0.334186 0.0646665 3 35 0
655.487 0.334211 0.0646633 3 35 0
655.987 0.334242 0.0646635 3 35 0
656.487 0.334263 0.0646593 3 35 0
656.987 0.334283 0.0646552 3 35 0
657.487 0.334346 0.064663 3 35 0
657.987 0.334357 0.0646617 3 35 0
658.487 0.334375 0.0646585 3 35 0
658.987 0.334297 0.0646418 3 35 0
659.487 0.334308 0.0646382 3 35 0
659.987 0.334318 0.0646344 3 35 0
660.487 0.334396 0.064632 3 35 0
660.987 0.334415 0.0646283 3 35 0
661.487 0.334432 0.0646246 3 35 0
661.987 0.334425 0.064621 3 35 0
662.487 0.334453 0.0646177 3 35 0
662.987 0.334481 0.0646145 3 35 0
663.487 0.334601 0.0646127 3 35 0
663.987 0.334626 0.0646096 3 35 0
664.487 0.334651 0.0646065 3 35 0
664.987 0.334663 0.0646047 3 35 0
665.487 0.334686 0.0646017 3 35 0
665.987 0.334708 0.0645988 3 35 0
666.487 0.334909 0.0645907 3 35 0
666.987 0.334899 0.0645893 3 35 0
667.487 0.334882 0.0645881 3 35 0
667.987 0.334807 0.0645874 3 35 0
668.487 0.334832 0.0645837 3 35 0
668.987 0.334857 0.0645803 3 35 0
669.487 0.334905 0.0645804 3 35 0
669.987 0.33493 0.0645763 3 35 0
670.487 0.334955 0.0645721 3 35 0
670.987 0.335066 0.0645854 3 35 0
671.487 0.335074 0.0645735 3 35 0
671.987 0.33507 0.0645615 3 35 0
672.487 0.334985 0.0645603 3 35 0
672.987 0.335011 0.064557 3 35 0
673.487 0.335036 0.0645537 3 35 0
673.987 0.335109 0.0645519 3 35 0
674.487 0.335129 0.0645486 3 35 0
674.987 0.335145 0.0645455 3 35 0
675.487 0.335166 0.0645463 3 35 0
675.987 0.335191 0.0645435 3 35 0
676.487 0.335216 0.0645409 3 35 0
676.987 0.334752 0.0645546 4 35 0
677.487 0.334677 0.0645465 3 35 0
677.987 0.334661 0.0645386 3 35 0
678.487 0.335232 0.0645257 3 35 0
678.987 0.335253 0.0645224 3 35 0
679.487 0.335276 0.0645196 3 35 0
679.987 0.335405 0.0645151 3 35 0
680.487 0.335432 0.0645124 3 35 0
680.987 0.335459 0.0645098 3 35 0
681.487 0.335524 0.0645112 3 35 0
681.987 0.335532 0.0645085 3 35 0
682.487 0.335539 0.0645059 3 35 0
682.987 0.335538 0.0645041 3 35 0
683.487 0.335559 0.0645006 3 35 0
683.987 0.335575 0.0644974 3 35 0
684.487 0.335564 0.0644935 3 35 0
684.987 0.335597 0.0644902 3 35 0
685.487 0.335626 0.0644873 3 35 0
685.987 0.335184 0.0645024 3 35 0
686.488 0.335171 0.0645016 3 35 0
686.988 0.335171 0.0644999 3 35 0
687.488 0.335715 0.0644815 3 35 0
687.988 0.335735 0.0644775 3 35 0
688.488 0.335769 0.0644737 3 35 0
688.988 0.335852 0.0644827 3 35 0
689.488 0.33586 0.0644761 3 35 0
689.988 0.335864 0.0644691 3 35 0
690.488 0.336079 0.0644655 3 35 0
690.988 0.336039 0.0644491 3 35 0
691.488 0.336007 0.0644429 3 35 0
691.988 0.336024 0.0644494 3 35 0
692.488 0.336011 0.0644485 3 35 0
692.988 0.335996 0.064448 3 35 0
693.488 0.336009 0.0644476 3 35 0
693.988 0.336035 0.0644451 3 35 0
