300 0.439372 0.0933228 4 1 0
300 0.439372 0.0933228 4 1 0
300.02 0.439268 0.0936726 3 1 0
300.036 0.439461 0.093965 3 1 0
300.067 0.439333 0.093287 3 1 0
300.094 0.43934 0.0932777 3 1 0
300.123 0.439347 0.0932682 3 1 0
300.167 0.43936 0.0932317 3 1 0
300.233 0.439381 0.0932184 3 1 0
300.332 0.439413 0.0931985 3 1 0
300.53 0.439475 0.0932104 3 1 0
300.826 0.439572 0.0931544 3 1 0
301.271 0.439716 0.09307 3 1 0
301.771 0.43988 0.0929825 3 1 0
302.271 0.440041 0.0928895 3 1 0
302.771 0.440201 0.0927973 3 1 0
303.271 0.440352 0.0927666 3 1 0
303.771 0.440507 0.0926694 3 1 0
304.271 0.440662 0.0925727 3 1 0
304.771 0.440828 0.0923658 3 1 0
305.271 0.440982 0.0922682 3 1 0
305.771 0.441135 0.0921712 3 1 0
306.271 0.441282 0.0920991 3 1 0
306.771 0.441433 0.0920077 3 1 0
307.271 0.441584 0.0919169 3 1 0
307.771 0.441734 0.091815 3 1 0
308.271 0.441883 0.0917248 3 1 0
308.771 0.442032 0.0916351 3 1 0
309.271 0.442178 0.0914849 3 1 0
309.771 0.442324 0.0913951 3 1 0
310.271 0.44247 0.0913059 3 1 0
310.771 0.442618 0.0912137 3 1 0
311.271 0.442762 0.091125 3 1 0
311.771 0.442905 0.091037 3 1 0
312.271 0.443044 0.0910149 3 1 0
312.771 0.443186 0.0909283 3 1 0
313.271 0.443327 0.0908422 3 1 0
313.771 0.443466 0.0907164 3 1 0
314.271 0.443606 0.0906301 3 1 0
314.771 0.443745 0.0905444 3 1 0
315.271 0.443883 0.0904266 3 1 0
315.771 0.44402 0.090342 3 1 0
316.271 0.444157 0.090258 3 1 0
316.771 0.444293 0.0901764 3 1 0
317.271 0.444428 0.0900933 3 1 0
317.771 0.444563 0.0900107 3 1 0
318.271 0.444694 0.0899178 3 1 0
318.771 0.444827 0.0898363 3 1 0
319.271 0.44496 0.0897552 3 1 0
319.771 0.445096 0.0896728 3 1 0
320.271 0.445227 0.0895927 3 1 0
320.771 0.445358 0.089513 3 1 0
321.271 0.445489 0.0894835 3 1 0
321.771 0.445618 0.0894051 3 1 0
322.271 0.445747 0.0893271 3 1 0
322.771 0.445871 0.0892117 3 1 0
323.271 0.445999 0.0891343 3 1 0
323.771 0.446126 0.0890573 3 1 0
324.271 0.446255 0.0889911 3 1 0
324.771 0.44638 0.088915 3 1 0
325.271 0.446505 0.0888394 3 1 0
325.771 0.446629 0.0887571 3 1 0
326.271 0.446753 0.0886823 3 1 0
326.771 0.446876 0.0886079 3 1 0
327.271 0.446995 0.0885228 3 1 0
327.771 0.447117 0.0884492 3 1 0
328.271 0.447239 0.0883759 3 1 0
328.771 0.447365 0.0882958 3 1 0
329.271 0.447485 0.0882231 3 1 0
329.771 0.447605 0.0881509 3 1 0
330.271 0.447726 0.0881196 3 1 0
330.771 0.447845 0.0880492 3 1 0
331.271 0.447963 0.0879792 3 1 0
331.771 0.448076 0.0878789 3 1 0
332.271 0.448193 0.087809 3 1 0
332.771 0.44831 0.0877395 3 1 0
333.271 0.448426 0.0876679 3 1 0
333.771 0.448541 0.087599 3 1 0
334.271 0.448656 0.0875305 3 1 0
334.771 0.448765 0.0874691 3 1 0
335.271 0.448879 0.0874013 3 1 0
335.771 0.448993 0.0873339 3 1 0
336.271 0.449113 0.08725 3 1 0
336.771 0.449225 0.0871822 3 1 0
337.271 0.449336 0.0871149 3 1 0
337.771 0.44945 0.0871126 3 1 0
338.271 0.449561 0.0870459 3 1 0
338.771 0.449671 0.0869795 3 1 0
339.271 0.449776 0.0868628 3 1 0
339.771 0.449885 0.0867986 3 1 0
340.271 0.449994 0.0867348 3 1 0
340.771 0.450103 0.0866654 3 1 0
341.271 0.45021 0.0866018 3 1 0
341.771 0.450318 0.0865385 3 1 0
342.271 0.450422 0.0864691 3 1 0
342.771 0.450529 0.0864063 3 1 0
343.271 0.450635 0.0863438 3 1 0
343.771 0.450738 0.0862779 3 1 0
344.271 0.450843 0.0862158 3 1 0
344.771 0.450948 0.086154 3 1 0
345.271 0.451052 0.086095 3 1 0
345.771 0.451155 0.0860337 3 1 0
346.271 0.451258 0.0859727 3 1 0
346.771 0.45136 0.085916 3 1 0
347.271 0.451462 0.0858555 3 1 0
347.771 0.451564 0.0857954 3 1 0
348.271 0.451665 0.0857375 3 1 0
348.771 0.451766 0.0856779 3 1 0
349.271 0.451867 0.0856186 3 1 0
349.771 0.451966 0.0855621 3 1 0
350.271 0.452066 0.0855033 3 1 0
350.771 0.452165 0.0854449 3 1 0
351.271 0.452264 0.0853902 3 1 0
351.771 0.452362 0.0853323 3 1 0
352.271 0.45246 0.0852747 3 1 0
352.771 0.452557 0.0852223 3 1 0
353.271 0.452654 0.0851653 3 1 0
353.771 0.452751 0.0851085 3 1 0
354.271 0.452846 0.0850606 3 1 0
354.771 0.452942 0.0850045 3 1 0
355.271 0.453038 0.0849486 3 1 0
355.771 0.45313 0.0849266 3 1 0
356.271 0.453225 0.0848721 3 1 0
356.771 0.45332 0.0848179 3 1 0
357.271 0.453422 0.0847235 3 1 0
357.771 0.453515 0.0846663 3 1 0
358.271 0.453607 0.0846096 3 1 0
358.771 0.453705 0.0845708 3 1 0
359.271 0.453797 0.084519 3 1 0
359.771 0.453888 0.0844674 3 1 0
360.271 0.453976 0.0844155 3 1 0
360.771 0.454067 0.084364 3 1 0
361.271 0.454157 0.0843127 3 1 0
361.771 0.454244 0.0842424 3 1 0
362.271 0.454334 0.0841911 3 1 0
362.771 0.454423 0.08414 3 1 0
363.271 0.454512 0.0840979 3 1 0
363.771 0.454601 0.0840474 3 1 0
364.271 0.454689 0.0839971 3 1 0
364.771 0.454778 0.0839705 3 1 0
365.271 0.454866 0.0839211 3 1 0
365.771 0.454953 0.0838719 3 1 0
366.271 0.455043 0.0837655 3 1 0
366.771 0.455131 0.083715 3 1 0
367.271 0.455218 0.0836647 3 1 0
367.771 0.455301 0.0836141 3 1 0
368.271 0.455389 0.0835642 3 1 0
368.771 0.455477 0.0835149 3 1 0
369.271 0.455576 0.0835702 3 1 0
369.771 0.455663 0.0835293 3 1 0
370.271 0.45575 0.0834885 3 1 0
370.771 0.455835 0.0834229 3 1 0
371.271 0.45592 0.0833798 3 1 0
371.771 0.456005 0.0833367 3 1 0
372.271 0.456092 0.0832307 3 1 0
372.771 0.456174 0.0831861 3 1 0
373.271 0.456256 0.0831415 3 1 0
373.771 0.456332 0.0830675 3 1 0
374.271 0.456413 0.0830237 3 1 0
374.771 0.456494 0.0829802 3 1 0
375.271 0.456566 0.0828963 3 1 0
375.771 0.456646 0.0828508 3 1 0
376.271 0.456726 0.0828057 3 1 0
376.771 0.4568 0.0827543 3 1 0
377.271 0.45688 0.0827087 3 1 0
377.771 0.456959 0.0826633 3 1 0
378.271 0.457036 0.0826184 3 1 0
378.771 0.457115 0.0825732 3 1 0
379.271 0.457193 0.0825282 3 1 0
379.771 0.457275 0.0824835 3 1 0
380.271 0.457353 0.0824392 3 1 0
380.771 0.45743 0.0823952 3 1 0
381.271 0.45751 0.0823732 3 1 0
381.771 0.457587 0.0823315 3 1 0
382.271 0.457662 0.08229 3 1 0
382.771 0.457737 0.0822664 3 1 0
383.271 0.457813 0.0822216 3 1 0
383.771 0.457888 0.0821771 3 1 0
384.271 0.457965 0.0821118 3 1 0
384.771 0.45804 0.0820681 3 1 0
385.271 0.458115 0.0820247 3 1 0
385.771 0.458189 0.0819693 3 1 0
386.271 0.458265 0.081926 3 1 0
386.771 0.458341 0.0818829 3 1 0
387.271 0.458418 0.0818377 3 1 0
387.771 0.458494 0.0817973 3 1 0
388.271 0.458571 0.0817574 3 1 0
388.771 0.458654 0.0817614 3 1 0
389.271 0.45873 0.0817265 3 1 0
389.771 0.458805 0.0816919 3 1 0
390.271 0.458883 0.0816668 3 1 0
390.771 0.458957 0.0816329 3 1 0
391.271 0.459031 0.0815992 3 1 0
391.771 0.459105 0.0815655 3 1 0
392.271 0.459177 0.0815252 3 1 0
392.771 0.459248 0.0814849 3 1 0
393.271 0.459318 0.0813857 3 1 0
393.771 0.459387 0.0813505 3 1 0
394.271 0.459456 0.0813153 3 1 0
394.771 0.459518 0.0812494 3 1 0
395.271 0.459587 0.0812132 3 1 0
300 0.439372 0.0933228 4 1 0
299.98 0.439255 0.0936817 3 1 0
299.964 0.439437 0.0939794 3 1 0
299.933 0.439289 0.0933151 3 1 0
299.906 0.439278 0.0933165 3 1 0
299.877 0.439266 0.0933187 3 1 0
299.833 0.43925 0.0932992 3 1 0
299.767 0.439229 0.0933125 3 1 0
299.668 0.439196 0.0933324 3 1 0
299.47 0.439129 0.0934321 3 1 0
299.174 0.439032 0.0934935 3 1 0
298.729 0.438886 0.0935848 3 1 0
298.229 0.438723 0.0936883 3 1 0
297.729 0.438558 0.0937928 3 1 0
297.229 0.438391 0.093898 3 1 0
296.729 0.438217 0.0940558 3 1 0
296.229 0.438047 0.0941704 3 1 0
295.729 0.437875 0.0942859 3 1 0
295.229 0.437709 0.0943295 3 1 0
294.729 0.437535 0.0944433 3 1 0
294.229 0.437361 0.0945578 3 1 0
293.729 0.437179 0.0946874 3 1 0
293.229 0.437002 0.0948049 3 1 0
292.729 0.436824 0.0949235 3 1 0
292.229 0.436648 0.0949642 3 1 0
291.729 0.436468 0.0950752 3 1 0
291.229 0.436287 0.0951871 3 1 0
290.729 0.436118 0.0952919 3 1 0
290.229 0.435945 0.095406 3 1 0
289.729 0.435771 0.0955211 3 1 0
289.229 0.4356 0.0956472 3 1 0
288.729 0.435424 0.0957684 3 1 0
288.229 0.435247 0.0958907 3 1 0
287.729 0.43506 0.0959852 3 1 0
287.229 0.434881 0.0961067 3 1 0
286.729 0.4347 0.0962291 3 1 0
286.229 0.434526 0.0963536 3 1 0
285.729 0.434343 0.0964766 3 1 0
285.229 0.434159 0.0966007 3 1 0
284.729 0.433974 0.0967768 3 1 0
284.229 0.433788 0.0969075 3 1 0
283.729 0.4336 0.0970393 3 1 0
283.229 0.433403 0.0971066 3 1 0
282.729 0.433213 0.0972361 3 1 0
282.229 0.433022 0.0973667 3 1 0
281.729 0.432844 0.0975583 3 1 0
281.229 0.43265 0.0976865 3 1 0
280.729 0.432455 0.0978158 3 1 0
280.229 0.43224 0.09798 3 1 0
279.729 0.432043 0.0981212 3 1 0
279.229 0.431845 0.0982635 3 1 0
278.729 0.431662 0.0984108 3 1 0
278.229 0.431459 0.0985529 3 1 0
277.729 0.431256 0.0986962 3 1 0
277.229 0.431035 0.0987898 3 1 0
276.729 0.43083 0.0989276 3 1 0
276.229 0.430624 0.0990667 3 1 0
275.729 0.430414 0.0991537 3 1 0
275.229 0.430204 0.0992986 3 1 0
274.729 0.429992 0.0994446 3 1 0
274.229 0.429797 0.0995901 3 1 0
273.729 0.429582 0.099738 3 1 0
273.229 0.429367 0.0998871 3 1 0
272.729 0.429137 0.100047 3 1 0
272.229 0.428919 0.1002 3 1 0
271.729 0.4287 0.100355 3 1 0
271.229 0.428482 0.100533 3 1 0
270.729 0.42826 0.100687 3 1 0
270.229 0.428036 0.100841 3 1 0
269.729 0.427809 0.101061 3 1 0
269.229 0.427581 0.10122 3 1 0
268.729 0.427352 0.101379 3 1 0
268.229 0.427119 0.101467 3 1 0
267.729 0.426888 0.101632 3 1 0
267.229 0.426655 0.101799 3 1 0
266.729 0.426422 0.101984 3 1 0
266.229 0.426185 0.102155 3 1 0
265.729 0.425946 0.102327 3 1 0
265.229 0.425708 0.102508 3 1 0
264.729 0.425466 0.102678 3 1 0
264.229 0.425222 0.102849 3 1 0
263.729 0.424974 0.102988 3 1 0
263.229 0.424726 0.103167 3 1 0
262.729 0.424477 0.103348 3 1 0
262.229 0.424234 0.103526 3 1 0
261.729 0.423981 0.103707 3 1 0
261.229 0.423727 0.103891 3 1 0
260.729 0.423461 0.104121 3 1 0
260.229 0.423202 0.104305 3 1 0
259.729 0.422941 0.104492 3 1 0
259.229 0.422672 0.104684 3 1 0
258.729 0.422406 0.104873 3 1 0
258.229 0.422138 0.105065 3 1 0
257.729 0.421884 0.105445 3 1 0
257.229 0.421613 0.10564 3 1 0
256.729 0.421341 0.105837 3 1 0
256.229 0.421044 0.105839 3 1 0
255.729 0.420765 0.106047 3 1 0
255.229 0.420483 0.106257 3 1 0
254.729 0.420239 0.106499 3 1 0
254.229 0.419955 0.106716 3 1 0
253.729 0.419668 0.106935 3 1 0
253.229 0.419368 0.107125 3 1 0
252.729 0.419076 0.107346 3 1 0
252.229 0.418782 0.10757 3 1 0
251.729 0.418474 0.107767 3 1 0
251.229 0.41819 0.107995 3 1 0
250.729 0.417904 0.108225 3 1 0
250.229 0.417585 0.108461 3 1 0
249.729 0.417277 0.108698 3 1 0
249.229 0.416966 0.108938 3 1 0
248.729 0.416716 0.109144 3 1 0
248.229 0.416418 0.109387 3 1 0
247.729 0.416116 0.109632 3 1 0
247.229 0.415792 0.10988 3 1 0
246.729 0.415486 0.110132 3 1 0
246.229 0.415177 0.110387 3 1 0
245.729 0.414824 0.110631 3 1 0
245.229 0.414511 0.110889 3 1 0
244.729 0.414195 0.111151 3 1 0
244.229 0.413918 0.111427 3 1 0
243.729 0.413592 0.111698 3 1 0
243.229 0.413262 0.111973 3 1 0
242.729 0.412927 0.112241 3 1 0
242.229 0.412591 0.112522 3 1 0
241.729 0.412251 0.112808 3 1 0
241.229 0.411887 0.113119 3 1 0
240.729 0.411543 0.113415 3 1 0
240.229 0.411196 0.113715 3 1 0
239.729 0.410854 0.113985 3 1 0
239.229 0.410495 0.114286 3 1 0
238.729 0.410132 0.114592 3 1 0
238.229 0.409766 0.114914 3 1 0
237.729 0.409395 0.115235 3 1 0
237.229 0.409019 0.115562 3 1 0
236.729 0.408644 0.115883 3 1 0
236.229 0.408262 0.116219 3 1 0
235.729 0.407874 0.116561 3 1 0
235.229 0.407464 0.116882 3 1 0
234.729 0.407062 0.117233 3 1 0
234.229 0.406655 0.11759 3 1 0
233.729 0.406243 0.117994 3 1 0
233.229 0.405824 0.118359 3 1 0
232.729 0.405399 0.118731 3 1 0
232.229 0.405004 0.119209 3 1 0
231.729 0.404569 0.119592 3 1 0
231.229 0.404127 0.119983 3 1 0
230.729 0.403636 0.120343 3 1 0
230.229 0.403204 0.120754 3 1 0
229.729 0.402767 0.121175 3 1 0
229.229 0.402327 0.121569 3 1 0
228.729 0.401872 0.122012 3 1 0
228.229 0.401409 0.122467 3 1 0
227.729 0.400893 0.122929 3 1 0
227.229 0.400416 0.123408 3 1 0
226.729 0.399928 0.1239 3 1 0
226.229 0.399444 0.124498 3 1 0
225.729 0.398931 0.125013 3 1 0
225.229 0.398406 0.125544 3 1 0
224.729 0.397864 0.126075 3 1 0
224.229 0.397311 0.126653 3 1 0
223.729 0.396743 0.127251 3 1 0
223.229 0.396157 0.127851 3 1 0
222.729 0.395552 0.128487 3 1 0
222.229 0.394926 0.12915 3 1 0
221.729 0.39428 0.129808 3 1 0
221.229 0.393605 0.130539 3 1 0
220.729 0.392902 0.131307 3 1 0
220.229 0.392154 0.132123 3 1 0
219.729 0.391376 0.132985 3 1 0
219.229 0.390552 0.133908 3 1 0
218.729 0.389718 0.13504 3 1 0
218.229 0.388831 0.136126 3 1 0
217.729 0.387862 0.137323 3 1 0
217.229 0.386787 0.13854 3 1 0
216.729 0.385559 0.140094 3 1 0
216.229 0.384093 0.141975 3 1 0
215.73 0.382174 0.14453 3 1 0
215.23 0.378209 0.149965 3 1 0
215.214 0.377402 0.151094 3 1 0
215.214 0.377408 0.151068 3 1 0
215.214 0.377408 0.151068 4 1 0
215.214 0.377408 0.151068 4 1 0
229.729 0.402767 0.121175 4 1 0
229.709 0.402749 0.121192 3 1 0
229.669 0.402714 0.121226 3 1 0
229.589 0.402647 0.121264 3 1 0
229.489 0.402558 0.12135 3 1 0
229.389 0.402469 0.121437 3 1 0
229.289 0.402331 0.121558 3 1 0
229.189 0.402237 0.121645 3 1 0
229.089 0.402147 0.121731 3 1 0
228.989 0.402087 0.121834 3 1 0
228.889 0.401996 0.121925 3 1 0
228.789 0.401906 0.122016 3 1 0
228.689 0.401812 0.122062 3 1 0
228.589 0.401721 0.122153 3 1 0
228.489 0.401629 0.122245 3 1 0
228.389 0.401547 0.122412 3 1 0
228.289 0.401454 0.122502 3 1 0
228.189 0.401361 0.122593 3 1 0
228.089 0.401273 0.12262 3 1 0
227.989 0.401179 0.122712 3 1 0
227.889 0.401085 0.122805 3 1 0
227.789 0.400993 0.122957 3 1 0
227.689 0.400897 0.12305 3 1 0
227.589 0.400802 0.123144 3 1 0
227.489 0.400706 0.123194 3 1 0
227.389 0.400609 0.123289 3 1 0
227.289 0.400512 0.123385 3 1 0
227.189 0.40041 0.123466 3 1 0
227.089 0.400312 0.123563 3 1 0
226.989 0.400214 0.12366 3 1 0
226.889 0.400114 0.123785 3 1 0
226.789 0.400015 0.123883 3 1 0
226.689 0.399915 0.123982 3 1 0
226.589 0.399815 0.124111 3 1 0
226.489 0.399715 0.124214 3 1 0
226.389 0.399614 0.124317 3 1 0
226.289 0.39951 0.124381 3 1 0
226.189 0.399409 0.124485 3 1 0
226.089 0.399307 0.124589 3 1 0
225.989 0.399202 0.124709 3 1 0
225.889 0.399099 0.124815 3 1 0
225.789 0.398996 0.124921 3 1 0
225.689 0.398889 0.12503 3 1 0
225.589 0.398784 0.125138 3 1 0
225.489 0.39868 0.125246 3 1 0
225.389 0.398574 0.125365 3 1 0
225.289 0.398468 0.125474 3 1 0
225.189 0.398362 0.125585 3 1 0
225.089 0.398255 0.125689 3 1 0
224.989 0.398148 0.125801 3 1 0
224.889 0.39804 0.125913 3 1 0
224.789 0.397931 0.126031 3 1 0
224.689 0.397822 0.126145 3 1 0
224.589 0.397712 0.126259 3 1 0
224.489 0.397602 0.126375 3 1 0
224.389 0.397491 0.126491 3 1 0
224.289 0.39738 0.126608 3 1 0
224.189 0.397268 0.126692 3 1 0
224.089 0.397155 0.126811 3 1 0
223.989 0.397041 0.12693 3 1 0
223.889 0.396927 0.127082 3 1 0
223.789 0.396812 0.127204 3 1 0
223.689 0.396697 0.127326 3 1 0
223.589 0.39658 0.127412 3 1 0
223.489 0.396463 0.127535 3 1 0
223.389 0.396346 0.12766 3 1 0
223.289 0.396227 0.127788 3 1 0
223.189 0.396108 0.127914 3 1 0
223.089 0.395988 0.128042 3 1 0
222.989 0.395868 0.128135 3 1 0
222.889 0.395747 0.128263 3 1 0
222.789 0.395625 0.128392 3 1 0
222.689 0.395502 0.128508 3 1 0
222.589 0.395378 0.128639 3 1 0
222.489 0.395253 0.128771 3 1 0
222.389 0.395127 0.128896 3 1 0
222.289 0.395 0.129031 3 1 0
222.189 0.394873 0.129167 3 1 0
222.089 0.394741 0.129386 3 1 0
221.989 0.394611 0.129525 3 1 0
221.889 0.394481 0.129666 3 1 0
221.789 0.394349 0.1298 3 1 0
221.689 0.394216 0.129943 3 1 0
221.589 0.394082 0.130088 3 1 0
221.489 0.39395 0.130225 3 1 0
221.389 0.393814 0.130373 3 1 0
221.289 0.393677 0.130521 3 1 0
221.189 0.393539 0.130706 3 1 0
221.089 0.3934 0.130858 3 1 0
220.989 0.393259 0.131012 3 1 0
220.889 0.393121 0.131133 3 1 0
220.789 0.392978 0.13129 3 1 0
220.689 0.392834 0.131448 3 1 0
220.589 0.392687 0.131619 3 1 0
220.489 0.39254 0.13178 3 1 0
220.389 0.392391 0.131942 3 1 0
220.289 0.392241 0.13214 3 1 0
220.189 0.39209 0.132307 3 1 0
220.089 0.391937 0.132475 3 1 0
219.989 0.391782 0.13261 3 1 0
219.889 0.391625 0.132783 3 1 0
219.789 0.391467 0.132958 3 1 0
219.689 0.391305 0.133141 3 1 0
219.589 0.391143 0.133321 3 1 0
219.489 0.390979 0.133503 3 1 0
219.389 0.390812 0.133699 3 1 0
219.289 0.390654 0.133887 3 1 0
219.189 0.390495 0.134077 3 1 0
219.089 0.390356 0.134218 3 1 0
218.989 0.390191 0.134415 3 1 0
218.889 0.390024 0.134615 3 1 0
218.789 0.38985 0.13484 3 1 0
218.689 0.389679 0.135048 3 1 0
218.589 0.389505 0.135259 3 1 0
218.489 0.389292 0.135468 3 1 0
218.389 0.389103 0.135685 3 1 0
218.289 0.388912 0.135907 3 1 0
218.189 0.388749 0.136077 3 1 0
218.089 0.388561 0.136308 3 1 0
217.989 0.38837 0.136543 3 1 0
217.889 0.388171 0.136809 3 1 0
217.789 0.387973 0.137056 3 1 0
217.689 0.387771 0.137308 3 1 0
217.589 0.387532 0.13755 3 1 0
217.489 0.387323 0.137814 3 1 0
217.389 0.387108 0.138085 3 1 0
217.289 0.386919 0.138399 3 1 0
217.189 0.386692 0.138685 3 1 0
217.089 0.386458 0.138979 3 1 0
216.989 0.386225 0.139239 3 1 0
216.889 0.385977 0.139552 3 1 0
216.789 0.38572 0.139877 3 1 0
216.689 0.385429 0.140225 3 1 0
216.589 0.385158 0.140575 3 1 0
216.489 0.384876 0.140939 3 1 0
216.389 0.384551 0.141313 3 1 0
216.289 0.384247 0.141713 3 1 0
216.189 0.383928 0.142134 3 1 0
216.089 0.383613 0.142648 3 1 0
215.989 0.383252 0.143123 3 1 0
215.889 0.382866 0.143634 3 1 0
215.789 0.382425 0.144131 3 1 0
215.69 0.381974 0.14474 3 1 0
215.59 0.381471 0.145423 3 1 0
215.49 0.380898 0.146274 3 1 0
215.39 0.380192 0.147239 3 1 0
215.29 0.379225 0.148572 3 1 0
215.24 0.378443 0.149592 3 1 0
215.226 0.378102 0.150073 3 1 0
215.216 0.377641 0.150725 3 1 0
215.214 0.377481 0.150952 3 1 0
215.214 0.377369 0.151112 3 1 0
215.214 0.377305 0.151202 4 1 0
215.214 0.377265 0.151268 4 1 0
215.215 0.377213 0.151342 4 1 0
215.215 0.37714 0.151446 4 1 0
215.216 0.377058 0.151557 4 1 0
215.218 0.376966 0.151689 4 1 0
215.22 0.376857 0.151845 4 1 0
215.223 0.376726 0.15203 4 1 0
215.228 0.37657 0.152254 4 1 0
215.235 0.37638 0.152526 4 1 0
215.246 0.376147 0.152871 4 1 0
215.263 0.375865 0.153277 4 1 0
215.287 0.375519 0.153774 4 1 0
215.324 0.375093 0.154419 4 1 0
215.38 0.374573 0.155172 4 1 0
215.463 0.373934 0.156103 4 1 0
215.563 0.37329 0.15704 4 1 0
215.663 0.372734 0.157866 4 1 0
215.763 0.372235 0.158611 4 1 0
215.863 0.371774 0.159235 4 1 0
215.963 0.371349 0.159869 4 1 0
216.063 0.370951 0.160467 4 1 0
216.163 0.370567 0.161077 4 1 0
216.263 0.37021 0.161614 4 1 0
216.363 0.369867 0.16213 4 1 0
216.463 0.36952 0.162597 4 1 0
216.563 0.369205 0.163077 4 1 0
216.663 0.368901 0.163542 4 1 0
216.763 0.368589 0.16399 4 1 0
216.863 0.368303 0.164429 4 1 0
216.963 0.368025 0.164856 4 1 0
217.063 0.367736 0.165276 4 1 0
217.163 0.367472 0.165683 4 1 0
217.263 0.367215 0.166081 4 1 0
217.363 0.36693 0.166471 4 1 0
217.463 0.366684 0.166853 4 1 0
217.563 0.366444 0.167228 4 1 0
217.663 0.366165 0.167596 4 1 0
217.763 0.365934 0.167958 4 1 0
217.863 0.365707 0.168314 4 1 0
217.963 0.36542 0.168664 4 1 0
218.063 0.365202 0.169009 4 1 0
218.163 0.364987 0.169348 4 1 0
218.263 0.364799 0.169683 4 1 0
218.363 0.364581 0.170013 4 1 0
218.463 0.364367 0.170339 4 1 0
218.563 0.364166 0.170661 4 1 0
218.663 0.363957 0.170978 4 1 0
218.663 0.363957 0.170978 4 1 0
218.683 0.363916 0.171041 4 1 0
218.723 0.363834 0.171167 4 1 0
218.803 0.363629 0.171424 4 1 0
218.903 0.363435 0.171732 4 1 0
219.003 0.363243 0.172036 4 1 0
219.103 0.363099 0.172379 4 1 0
219.203 0.362911 0.172675 4 1 0
219.303 0.362725 0.172968 4 1 0
219.403 0.362563 0.173247 4 1 0
219.503 0.362381 0.173538 4 1 0
219.603 0.3622 0.173825 4 1 0
219.703 0.362053 0.174113 4 1 0
219.803 0.361874 0.174395 4 1 0
219.903 0.361697 0.174675 4 1 0
220.003 0.36152 0.174976 4 1 0
220.103 0.361347 0.175246 4 1 0
220.203 0.361175 0.175515 4 1 0
220.303 0.36099 0.175722 4 1 0
220.403 0.360821 0.175988 4 1 0
220.503 0.360654 0.176252 4 1 0
220.603 0.36051 0.176517 4 1 0
220.703 0.360345 0.176776 4 1 0
220.803 0.360181 0.177034 4 1 0
220.903 0.35998 0.1773 4 1 0
221.003 0.35982 0.177555 4 1 0
221.103 0.359661 0.177809 4 1 0
221.203 0.35951 0.178047 4 1 0
221.303 0.359353 0.178295 4 1 0
221.403 0.359197 0.178542 4 1 0
221.503 0.359056 0.178827 4 1 0
221.603 0.358902 0.179072 4 1 0
221.703 0.358749 0.179316 4 1 0
221.803 0.358588 0.179621 4 1 0
221.903 0.358437 0.179856 4 1 0
222.003 0.358288 0.18009 4 1 0
222.103 0.358147 0.180241 4 1 0
222.203 0.357998 0.180474 4 1 0
222.303 0.357851 0.180705 4 1 0
222.403 0.357665 0.180922 4 1 0
222.503 0.35752 0.181152 4 1 0
222.603 0.357377 0.18138 4 1 0
222.703 0.357234 0.181608 4 1 0
222.803 0.357092 0.181834 4 1 0
222.903 0.356951 0.182059 4 1 0
223.003 0.356828 0.182292 4 1 0
223.103 0.356688 0.182515 4 1 0
223.203 0.356549 0.182737 4 1 0
223.303 0.356381 0.182993 4 1 0
223.403 0.356244 0.183209 4 1 0
223.503 0.356107 0.183425 4 1 0
223.603 0.355963 0.183675 4 1 0
223.703 0.355828 0.183888 4 1 0
223.803 0.355694 0.1841 4 1 0
223.903 0.355554 0.184291 4 1 0
224.003 0.355422 0.184504 4 1 0
224.103 0.35529 0.184717 4 1 0
224.203 0.355151 0.184891 4 1 0
224.303 0.35502 0.185101 4 1 0
224.403 0.354891 0.185309 4 1 0
224.503 0.354742 0.185502 4 1 0
224.603 0.354614 0.185708 4 1 0
224.703 0.354486 0.185913 4 1 0
224.803 0.354291 0.186158 4 1 0
224.903 0.354165 0.186359 4 1 0
225.003 0.35404 0.186559 4 1 0
225.103 0.353876 0.186729 4 1 0
225.203 0.353748 0.186928 4 1 0
225.303 0.353621 0.187126 4 1 0
225.403 0.353522 0.187321 4 1 0
225.503 0.353396 0.187517 4 1 0
225.603 0.35327 0.187713 4 1 0
225.703 0.353204 0.187897 4 1 0
225.803 0.353079 0.188092 4 1 0
225.903 0.352956 0.188286 4 1 0
226.003 0.3529 0.188488 4 1 0
226.103 0.352778 0.188681 4 1 0
226.203 0.352656 0.188873 4 1 0
226.303 0.352563 0.189062 4 1 0
226.403 0.352443 0.189252 4 1 0
226.503 0.352323 0.189442 4 1 0
226.603 0.352209 0.189688 4 1 0
226.703 0.352091 0.189877 4 1 0
226.803 0.351973 0.190063 4 1 0
226.903 0.351797 0.190229 4 1 0
227.003 0.351679 0.190416 4 1 0
227.103 0.351562 0.190602 4 1 0
227.203 0.351373 0.190742 4 1 0
227.303 0.351259 0.190926 4 1 0
227.403 0.351146 0.191109 4 1 0
227.503 0.351111 0.19128 4 1 0
227.603 0.350998 0.191461 4 1 0
227.703 0.350885 0.191641 4 1 0
227.803 0.350803 0.191827 4 1 0
227.903 0.350691 0.192006 4 1 0
228.003 0.350579 0.192183 4 1 0
228.103 0.350482 0.192428 4 1 0
228.203 0.350371 0.192606 4 1 0
228.303 0.35026 0.192784 4 1 0
228.403 0.350149 0.192956 4 1 0
228.503 0.350039 0.193132 4 1 0
228.603 0.34993 0.193308 4 1 0
228.703 0.349821 0.193471 4 1 0
228.803 0.349712 0.193646 4 1 0
228.903 0.349604 0.19382 4 1 0
229.003 0.349495 0.194001 4 1 0
229.103 0.349387 0.194174 4 1 0
229.203 0.349279 0.194347 4 1 0
229.303 0.349171 0.194521 4 1 0
229.403 0.349064 0.194689 4 1 0
229.503 0.348957 0.194855 4 1 0
229.603 0.348848 0.195025 4 1 0
229.703 0.348742 0.195194 4 1 0
229.803 0.348636 0.195363 4 1 0
229.903 0.34853 0.195519 4 1 0
230.003 0.348425 0.195687 4 1 0
230.103 0.34832 0.195854 4 1 0
230.203 0.348215 0.196015 4 1 0
230.303 0.348111 0.196177 4 1 0
230.403 0.348008 0.196339 4 1 0
230.503 0.3479 0.196512 4 1 0
230.603 0.347797 0.196677 4 1 0
230.703 0.347695 0.196841 4 1 0
230.803 0.347592 0.196997 4 1 0
230.903 0.34749 0.197157 4 1 0
231.003 0.347388 0.197316 4 1 0
231.103 0.347286 0.197488 4 1 0
231.203 0.347185 0.197646 4 1 0
231.303 0.347084 0.197803 4 1 0
231.403 0.346984 0.197962 4 1 0
231.503 0.346884 0.198118 4 1 0
231.603 0.346784 0.198274 4 1 0
231.703 0.346686 0.19842 4 1 0
231.803 0.346587 0.198575 4 1 0
231.903 0.346488 0.198729 4 1 0
232.003 0.346389 0.198892 4 1 0
232.103 0.34629 0.199046 4 1 0
232.203 0.346192 0.199199 4 1 0
232.303 0.346095 0.199356 4 1 0
232.403 0.345998 0.199509 4 1 0
232.503 0.345901 0.19966 4 1 0
232.603 0.345806 0.199805 4 1 0
232.703 0.34571 0.199956 4 1 0
232.803 0.345613 0.200107 4 1 0
232.903 0.345519 0.200262 4 1 0
233.003 0.345423 0.200412 4 1 0
233.103 0.345327 0.200561 4 1 0
233.203 0.345235 0.200716 4 1 0
233.303 0.34514 0.200864 4 1 0
233.403 0.345045 0.201012 4 1 0
233.503 0.344955 0.201156 4 1 0
233.603 0.344861 0.201303 4 1 0
233.703 0.344767 0.20145 4 1 0
233.803 0.344678 0.201598 4 1 0
233.903 0.344585 0.201744 4 1 0
234.003 0.344492 0.201889 4 1 0
234.103 0.344405 0.20204 4 1 0
234.203 0.344313 0.202185 4 1 0
234.303 0.34422 0.202329 4 1 0
234.403 0.344136 0.20247 4 1 0
234.503 0.344045 0.202614 4 1 0
234.603 0.343953 0.202757 4 1 0
234.703 0.343866 0.202901 4 1 0
234.803 0.343776 0.203043 4 1 0
234.903 0.343685 0.203185 4 1 0
235.003 0.343593 0.203342 4 1 0
235.103 0.343503 0.203483 4 1 0
235.203 0.343414 0.203624 4 1 0
235.303 0.343298 0.203777 4 1 0
235.403 0.343208 0.203917 4 1 0
235.503 0.343119 0.204056 4 1 0
235.603 0.342995 0.204178 4 1 0
235.703 0.342906 0.204317 4 1 0
235.803 0.342817 0.204455 4 1 0
235.903 0.342699 0.204599 4 1 0
236.003 0.342611 0.204737 4 1 0
236.103 0.342523 0.204874 4 1 0
236.203 0.342414 0.205025 4 1 0
236.303 0.342326 0.205162 4 1 0
236.403 0.342239 0.205298 4 1 0
236.503 0.34214 0.205429 4 1 0
236.603 0.342053 0.205564 4 1 0
236.703 0.341966 0.2057 4 1 0
236.803 0.341872 0.205835 4 1 0
236.903 0.341788 0.20597 4 1 0
237.003 0.341703 0.206104 4 1 0
237.103 0.34163 0.206248 4 1 0
237.203 0.341546 0.206382 4 1 0
237.303 0.341462 0.206515 4 1 0
237.403 0.341383 0.206648 4 1 0
237.503 0.3413 0.20678 4 1 0
237.603 0.341217 0.206912 4 1 0
237.703 0.34114 0.207045 4 1 0
237.803 0.341057 0.207177 4 1 0
237.903 0.340974 0.207308 4 1 0
238.003 0.340899 0.207446 4 1 0
238.103 0.340816 0.207576 4 1 0
238.203 0.340734 0.207706 4 1 0
238.303 0.340656 0.207838 4 1 0
238.403 0.340575 0.207968 4 1 0
238.403 0.340575 0.207968 4 1 0
238.423 0.340558 0.207994 4 1 0
238.463 0.340526 0.208045 4 1 0
238.543 0.340464 0.208149 4 1 0
238.643 0.340383 0.208278 4 1 0
238.743 0.340302 0.208407 4 1 0
238.843 0.340226 0.20854 4 1 0
238.943 0.340145 0.208668 4 1 0
239.043 0.340064 0.208796 4 1 0
239.143 0.339987 0.208925 4 1 0
239.243 0.339907 0.209052 4 1 0
239.343 0.339827 0.209179 4 1 0
239.443 0.33975 0.209307 4 1 0
239.543 0.33967 0.209433 4 1 0
239.643 0.339591 0.209559 4 1 0
239.743 0.339515 0.209688 4 1 0
239.843 0.339436 0.209814 4 1 0
239.943 0.339357 0.209938 4 1 0
240.043 0.33928 0.210065 4 1 0
240.143 0.339202 0.210189 4 1 0
240.243 0.339123 0.210313 4 1 0
240.343 0.339048 0.21044 4 1 0
240.443 0.33897 0.210563 4 1 0
240.543 0.338892 0.210686 4 1 0
240.643 0.338816 0.210812 4 1 0
240.743 0.338739 0.210935 4 1 0
240.843 0.338661 0.211057 4 1 0
240.943 0.338586 0.211181 4 1 0
241.043 0.338509 0.211302 4 1 0
241.143 0.338432 0.211424 4 1 0
241.243 0.338357 0.211548 4 1 0
241.343 0.33828 0.211669 4 1 0
241.443 0.338204 0.211789 4 1 0
241.543 0.338129 0.211912 4 1 0
241.643 0.338053 0.212032 4 1 0
241.743 0.337977 0.212152 4 1 0
241.843 0.337903 0.212273 4 1 0
241.943 0.337827 0.212392 4 1 0
242.043 0.337751 0.212511 4 1 0
242.143 0.337677 0.212632 4 1 0
242.243 0.337602 0.212751 4 1 0
242.343 0.337527 0.212869 4 1 0
242.443 0.337453 0.212989 4 1 0
242.543 0.337379 0.213106 4 1 0
242.643 0.337304 0.213224 4 1 0
242.743 0.337231 0.213343 4 1 0
242.843 0.337157 0.21346 4 1 0
242.943 0.337083 0.213576 4 1 0
243.043 0.337009 0.213694 4 1 0
243.143 0.336936 0.21381 4 1 0
243.243 0.336862 0.213926 4 1 0
243.343 0.336789 0.214043 4 1 0
243.443 0.336716 0.214159 4 1 0
243.543 0.336643 0.214274 4 1 0
243.643 0.33657 0.214389 4 1 0
243.743 0.336497 0.214504 4 1 0
243.843 0.336425 0.214618 4 1 0
243.943 0.336353 0.214736 4 1 0
244.043 0.336281 0.21485 4 1 0
244.143 0.336208 0.214963 4 1 0
244.243 0.336135 0.215073 4 1 0
244.343 0.336063 0.215186 4 1 0
244.443 0.335991 0.215299 4 1 0
244.543 0.335924 0.215435 4 1 0
244.643 0.335853 0.215547 4 1 0
244.743 0.335782 0.215659 4 1 0
244.843 0.335694 0.215739 4 1 0
244.943 0.335623 0.215852 4 1 0
245.043 0.335552 0.215964 4 1 0
245.143 0.335492 0.216073 4 1 0
245.243 0.335421 0.216185 4 1 0
245.343 0.335351 0.216296 4 1 0
245.443 0.335279 0.216412 4 1 0
245.543 0.335209 0.216523 4 1 0
245.643 0.335139 0.216635 4 1 0
245.743 0.335053 0.21677 4 1 0
245.843 0.334983 0.216881 4 1 0
245.943 0.334914 0.216992 4 1 0
246.043 0.334827 0.217135 4 1 0
246.143 0.334758 0.217243 4 1 0
246.243 0.334689 0.217351 4 1 0
246.343 0.334635 0.217436 4 1 0
246.443 0.334566 0.217544 4 1 0
246.543 0.334497 0.217652 4 1 0
246.643 0.334427 0.217744 4 1 0
246.743 0.334358 0.217852 4 1 0
246.843 0.33429 0.21796 4 1 0
246.943 0.334228 0.218061 4 1 0
247.043 0.33416 0.218168 4 1 0
247.143 0.334092 0.218275 4 1 0
247.243 0.33403 0.218385 4 1 0
247.343 0.333962 0.218491 4 1 0
247.443 0.333895 0.218598 4 1 0
247.543 0.33383 0.218719 4 1 0
247.643 0.333762 0.218825 4 1 0
247.743 0.333695 0.21893 4 1 0
247.843 0.333631 0.219063 4 1 0
247.943 0.333564 0.219167 4 1 0
248.043 0.333497 0.219272 4 1 0
248.143 0.333434 0.219358 4 1 0
248.243 0.333367 0.219464 4 1 0
248.343 0.3333 0.219569 4 1 0
248.443 0.333237 0.219654 4 1 0
248.543 0.333171 0.219759 4 1 0
248.643 0.333105 0.219864 4 1 0
248.743 0.333042 0.219956 4 1 0
248.843 0.332976 0.22006 4 1 0
248.943 0.33291 0.220164 4 1 0
249.043 0.33285 0.220278 4 1 0
249.143 0.332784 0.22038 4 1 0
249.243 0.332718 0.220483 4 1 0
249.343 0.332649 0.220575 4 1 0
249.443 0.332584 0.220677 4 1 0
249.543 0.332519 0.22078 4 1 0
249.643 0.332457 0.220883 4 1 0
249.743 0.332392 0.220985 4 1 0
249.843 0.332327 0.221087 4 1 0
249.943 0.332264 0.22121 4 1 0
250.043 0.3322 0.221311 4 1 0
250.143 0.332135 0.221411 4 1 0
250.243 0.332066 0.221492 4 1 0
250.343 0.332002 0.221592 4 1 0
250.443 0.331938 0.221693 4 1 0
250.543 0.331877 0.221801 4 1 0
250.643 0.331813 0.221902 4 1 0
250.743 0.331749 0.222002 4 1 0
250.843 0.331686 0.222093 4 1 0
250.943 0.331623 0.222192 4 1 0
251.043 0.331559 0.222292 4 1 0
251.143 0.331497 0.222391 4 1 0
251.243 0.331433 0.22249 4 1 0
251.343 0.33137 0.222589 4 1 0
251.443 0.331307 0.222708 4 1 0
251.543 0.331244 0.222806 4 1 0
251.643 0.331182 0.222903 4 1 0
251.743 0.331117 0.222983 4 1 0
251.843 0.331054 0.223081 4 1 0
251.943 0.330992 0.223179 4 1 0
252.043 0.330932 0.223276 4 1 0
252.143 0.330869 0.223374 4 1 0
252.243 0.330807 0.223471 4 1 0
252.343 0.330744 0.22359 4 1 0
252.443 0.330683 0.223686 4 1 0
252.543 0.330621 0.223782 4 1 0
252.643 0.330558 0.223857 4 1 0
252.743 0.330496 0.223953 4 1 0
252.843 0.330435 0.224049 4 1 0
252.943 0.330376 0.22416 4 1 0
253.043 0.330314 0.224256 4 1 0
253.143 0.330253 0.224352 4 1 0
253.243 0.330192 0.224435 4 1 0
253.343 0.330131 0.224531 4 1 0
253.443 0.330071 0.224626 4 1 0
253.543 0.33001 0.224719 4 1 0
253.643 0.329949 0.224813 4 1 0
253.743 0.329889 0.224907 4 1 0
253.843 0.329828 0.22501 4 1 0
253.943 0.329768 0.225104 4 1 0
254.043 0.329708 0.225199 4 1 0
254.143 0.329648 0.225294 4 1 0
254.243 0.329588 0.225388 4 1 0
254.343 0.329528 0.225482 4 1 0
254.443 0.329468 0.225572 4 1 0
254.543 0.329409 0.225666 4 1 0
254.643 0.329349 0.225759 4 1 0
254.743 0.32929 0.225858 4 1 0
254.843 0.32923 0.225951 4 1 0
254.943 0.329171 0.226044 4 1 0
255.043 0.329112 0.226155 4 1 0
255.143 0.329053 0.226247 4 1 0
255.243 0.328994 0.22634 4 1 0
255.343 0.328935 0.226425 4 1 0
255.443 0.328876 0.226516 4 1 0
255.543 0.328817 0.226606 4 1 0
255.643 0.328758 0.226672 4 1 0
255.743 0.3287 0.226763 4 1 0
255.843 0.328642 0.226854 4 1 0
255.943 0.328584 0.226954 4 1 0
256.043 0.328526 0.227045 4 1 0
256.143 0.328468 0.227136 4 1 0
256.243 0.328409 0.22722 4 1 0
256.343 0.328351 0.22731 4 1 0
256.443 0.328293 0.227399 4 1 0
256.543 0.328225 0.227491 4 1 0
256.643 0.328168 0.22758 4 1 0
256.743 0.32811 0.227669 4 1 0
256.843 0.328058 0.227769 4 1 0
256.943 0.328001 0.227858 4 1 0
257.043 0.327944 0.227948 4 1 0
257.143 0.327882 0.22802 4 1 0
257.243 0.327826 0.228108 4 1 0
257.343 0.327769 0.228197 4 1 0
257.443 0.327703 0.228316 4 1 0
257.543 0.327647 0.228404 4 1 0
257.643 0.32759 0.228491 4 1 0
257.743 0.327531 0.22856 4 1 0
257.843 0.327475 0.228647 4 1 0
257.943 0.327419 0.228734 4 1 0
258.043 0.327372 0.228822 4 1 0
258.143 0.327316 0.228909 4 1 0
258.143 0.327316 0.228909 4 1 0
258.163 0.327305 0.228927 4 1 0
258.203 0.327283 0.228962 4 1 0
258.283 0.327247 0.229053 4 1 0
258.383 0.327191 0.22914 4 1 0
258.483 0.327135 0.229228 4 1 0
258.583 0.327078 0.229282 4 1 0
258.683 0.327022 0.229368 4 1 0
258.783 0.326966 0.229455 4 1 0
258.883 0.326907 0.229565 4 1 0
258.983 0.326852 0.22965 4 1 0
259.083 0.326796 0.229735 4 1 0
259.183 0.326731 0.229798 4 1 0
259.283 0.326676 0.229883 4 1 0
259.383 0.32662 0.229969 4 1 0
259.483 0.326565 0.230055 4 1 0
259.583 0.32651 0.23014 4 1 0
259.683 0.326455 0.230225 4 1 0
259.783 0.326386 0.23034 4 1 0
259.883 0.326332 0.230423 4 1 0
259.983 0.326277 0.230507 4 1 0
260.083 0.326246 0.230562 4 1 0
260.183 0.326191 0.230647 4 1 0
260.283 0.326137 0.230731 4 1 0
260.383 0.326064 0.23082 4 1 0
260.483 0.326009 0.230903 4 1 0
260.583 0.325955 0.230987 4 1 0
260.683 0.325898 0.231099 4 1 0
260.783 0.325844 0.231181 4 1 0
260.883 0.32579 0.231264 4 1 0
260.983 0.32575 0.231317 4 1 0
261.083 0.325696 0.2314 4 1 0
261.183 0.325642 0.231483 4 1 0
261.283 0.325574 0.231565 4 1 0
261.383 0.32552 0.231647 4 1 0
261.483 0.325466 0.23173 4 1 0
261.583 0.325405 0.231844 4 1 0
261.683 0.325352 0.231926 4 1 0
261.783 0.325299 0.232007 4 1 0
261.883 0.325268 0.232058 4 1 0
261.983 0.325215 0.23214 4 1 0
262.083 0.325162 0.232222 4 1 0
262.183 0.325089 0.232304 4 1 0
262.283 0.325036 0.232386 4 1 0
262.383 0.324984 0.232467 4 1 0
262.483 0.324923 0.232587 4 1 0
262.583 0.32487 0.232668 4 1 0
262.683 0.324818 0.232747 4 1 0
262.783 0.324787 0.232792 4 1 0
262.883 0.324734 0.232873 4 1 0
262.983 0.324682 0.232953 4 1 0
263.083 0.324612 0.233031 4 1 0
263.183 0.32456 0.233112 4 1 0
263.283 0.324508 0.233192 4 1 0
263.383 0.32444 0.233313 4 1 0
263.483 0.324388 0.233392 4 1 0
263.583 0.324336 0.233471 4 1 0
263.683 0.32432 0.23351 4 1 0
263.783 0.324268 0.23359 4 1 0
263.883 0.324217 0.233669 4 1 0
263.983 0.324142 0.233747 4 1 0
264.083 0.32409 0.233826 4 1 0
264.183 0.324039 0.233905 4 1 0
264.283 0.323975 0.234003 4 1 0
264.383 0.323924 0.234081 4 1 0
264.483 0.323873 0.234159 4 1 0
264.583 0.323843 0.234225 4 1 0
264.683 0.323792 0.234303 4 1 0
264.783 0.323741 0.234381 4 1 0
264.883 0.323678 0.234454 4 1 0
264.983 0.323628 0.234532 4 1 0
265.083 0.323577 0.234609 4 1 0
265.183 0.323503 0.23469 4 1 0
265.283 0.323452 0.234767 4 1 0
265.383 0.323402 0.234844 4 1 0
265.483 0.323373 0.23495 4 1 0
265.583 0.323323 0.235027 4 1 0
265.683 0.323272 0.235103 4 1 0
265.783 0.32323 0.235151 4 1 0
265.883 0.32318 0.235227 4 1 0
265.983 0.323129 0.235304 4 1 0
266.083 0.323065 0.235381 4 1 0
266.183 0.323015 0.235457 4 1 0
266.283 0.322965 0.235533 4 1 0
266.383 0.3229 0.235609 4 1 0
266.483 0.32285 0.235685 4 1 0
266.583 0.322801 0.235761 4 1 0
266.683 0.322758 0.235866 4 1 0
266.783 0.322709 0.235941 4 1 0
266.883 0.32266 0.236015 4 1 0
266.983 0.322626 0.236065 4 1 0
267.083 0.322576 0.23614 4 1 0
267.183 0.322527 0.236215 4 1 0
267.283 0.322462 0.236289 4 1 0
267.383 0.322413 0.236364 4 1 0
267.483 0.322364 0.236439 4 1 0
267.583 0.322304 0.236517 4 1 0
267.683 0.322255 0.236591 4 1 0
267.783 0.322206 0.236665 4 1 0
267.883 0.322166 0.236747 4 1 0
267.983 0.322117 0.236821 4 1 0
268.083 0.322068 0.236895 4 1 0
268.183 0.322016 0.236964 4 1 0
268.283 0.321968 0.237038 4 1 0
268.383 0.321919 0.237111 4 1 0
268.483 0.321868 0.237183 4 1 0
268.583 0.32182 0.237256 4 1 0
268.683 0.321773 0.23733 4 1 0
268.783 0.321729 0.237403 4 1 0
268.883 0.321682 0.237476 4 1 0
268.983 0.321635 0.237549 4 1 0
269.083 0.32159 0.237623 4 1 0
269.183 0.321542 0.237696 4 1 0
269.283 0.321495 0.237768 4 1 0
269.383 0.321451 0.237841 4 1 0
269.483 0.321403 0.237913 4 1 0
269.583 0.321356 0.237986 4 1 0
269.683 0.321314 0.238058 4 1 0
269.783 0.321268 0.23813 4 1 0
269.883 0.321221 0.238202 4 1 0
269.983 0.321177 0.238275 4 1 0
270.083 0.32113 0.238347 4 1 0
270.183 0.321083 0.238418 4 1 0
270.283 0.321037 0.23849 4 1 0
270.383 0.320991 0.238562 4 1 0
270.483 0.320944 0.238633 4 1 0
270.583 0.320903 0.238704 4 1 0
270.683 0.320857 0.238775 4 1 0
270.783 0.32081 0.238846 4 1 0
270.883 0.32077 0.238917 4 1 0
270.983 0.320724 0.238988 4 1 0
271.083 0.320678 0.239059 4 1 0
271.183 0.320629 0.239133 4 1 0
271.283 0.320583 0.239204 4 1 0
271.383 0.320537 0.239274 4 1 0
271.483 0.32049 0.239342 4 1 0
271.583 0.320444 0.239412 4 1 0
271.683 0.320398 0.239483 4 1 0
271.783 0.320357 0.239553 4 1 0
271.883 0.320311 0.239623 4 1 0
271.983 0.320266 0.239693 4 1 0
272.083 0.320222 0.239763 4 1 0
272.183 0.320177 0.239832 4 1 0
272.283 0.320131 0.239902 4 1 0
272.383 0.320088 0.239971 4 1 0
272.483 0.320042 0.240041 4 1 0
272.583 0.319997 0.24011 4 1 0
272.683 0.319953 0.24018 4 1 0
272.783 0.319908 0.240249 4 1 0
272.883 0.319863 0.240318 4 1 0
272.983 0.319819 0.240386 4 1 0
273.083 0.319774 0.240455 4 1 0
273.183 0.319729 0.240524 4 1 0
273.283 0.319685 0.240593 4 1 0
273.383 0.31964 0.240661 4 1 0
273.483 0.319595 0.24073 4 1 0
273.583 0.319552 0.240798 4 1 0
273.683 0.319507 0.240866 4 1 0
273.783 0.319462 0.240934 4 1 0
273.883 0.319419 0.241003 4 1 0
273.983 0.319375 0.241071 4 1 0
274.083 0.31933 0.241138 4 1 0
274.183 0.319287 0.241206 4 1 0
274.283 0.319243 0.241274 4 1 0
274.383 0.319198 0.241341 4 1 0
274.483 0.319156 0.241409 4 1 0
274.583 0.319112 0.241476 4 1 0
274.683 0.319067 0.241543 4 1 0
274.783 0.319025 0.24161 4 1 0
274.883 0.318981 0.241677 4 1 0
274.983 0.318937 0.241744 4 1 0
275.083 0.318894 0.241811 4 1 0
275.183 0.318851 0.241878 4 1 0
275.283 0.318807 0.241945 4 1 0
275.383 0.318764 0.242011 4 1 0
275.483 0.318721 0.242078 4 1 0
275.583 0.318677 0.242144 4 1 0
275.683 0.318635 0.242211 4 1 0
275.783 0.318591 0.242277 4 1 0
275.883 0.318548 0.242343 4 1 0
275.983 0.318506 0.242409 4 1 0
276.083 0.318463 0.242475 4 1 0
276.183 0.318419 0.242541 4 1 0
276.283 0.318377 0.242606 4 1 0
276.383 0.318334 0.242672 4 1 0
276.483 0.318291 0.242738 4 1 0
276.583 0.318249 0.242803 4 1 0
276.683 0.318206 0.242868 4 1 0
276.783 0.318163 0.242934 4 1 0
276.883 0.318121 0.242999 4 1 0
276.983 0.318078 0.243064 4 1 0
277.083 0.318035 0.243129 4 1 0
277.183 0.317994 0.243194 4 1 0
277.283 0.317951 0.243259 4 1 0
277.383 0.317908 0.243323 4 1 0
277.483 0.317867 0.243388 4 1 0
277.583 0.317824 0.243453 4 1 0
277.683 0.317781 0.243517 4 1 0
277.783 0.31774 0.243582 4 1 0
277.883 0.317698 0.243646 4 1 0
277.883 0.317698 0.243646 4 1 0
277.903 0.317689 0.243659 4 1 0
277.943 0.317672 0.243684 4 1 0
278.023 0.317639 0.243736 4 1 0
278.123 0.317597 0.2438 4 1 0
278.223 0.317554 0.243864 4 1 0
278.323 0.317513 0.243928 4 1 0
278.423 0.317471 0.243992 4 1 0
278.523 0.317429 0.244055 4 1 0
278.623 0.317387 0.244119 4 1 0
278.723 0.317345 0.244183 4 1 0
278.823 0.317303 0.244246 4 1 0
278.923 0.317262 0.244309 4 1 0
279.023 0.31722 0.244373 4 1 0
279.123 0.317178 0.244436 4 1 0
279.223 0.317137 0.244499 4 1 0
279.323 0.317096 0.244562 4 1 0
279.423 0.317054 0.244625 4 1 0
279.523 0.317013 0.244688 4 1 0
279.623 0.316971 0.244751 4 1 0
279.723 0.31693 0.244814 4 1 0
279.823 0.316889 0.244876 4 1 0
279.923 0.316847 0.244939 4 1 0
280.023 0.316806 0.245001 4 1 0
280.123 0.316765 0.245064 4 1 0
280.223 0.316724 0.245126 4 1 0
280.323 0.316682 0.245188 4 1 0
280.423 0.316642 0.24525 4 1 0
280.523 0.316601 0.245312 4 1 0
280.623 0.316559 0.245375 4 1 0
280.723 0.316519 0.245436 4 1 0
280.823 0.316478 0.245498 4 1 0
280.923 0.316437 0.24556 4 1 0
281.023 0.316396 0.245622 4 1 0
281.123 0.316355 0.245683 4 1 0
281.223 0.316314 0.245745 4 1 0
281.323 0.316274 0.245806 4 1 0
281.423 0.316233 0.245868 4 1 0
281.523 0.316192 0.245929 4 1 0
281.623 0.316152 0.24599 4 1 0
281.723 0.316111 0.246052 4 1 0
281.823 0.31607 0.246113 4 1 0
281.923 0.31603 0.246174 4 1 0
282.023 0.315989 0.246235 4 1 0
282.123 0.315949 0.246296 4 1 0
282.223 0.315909 0.246356 4 1 0
282.323 0.315868 0.246417 4 1 0
282.423 0.315828 0.246478 4 1 0
282.523 0.315788 0.246539 4 1 0
282.623 0.315747 0.246599 4 1 0
282.723 0.315707 0.24666 4 1 0
282.823 0.315667 0.24672 4 1 0
282.923 0.315626 0.24678 4 1 0
283.023 0.315586 0.246841 4 1 0
283.123 0.315546 0.246901 4 1 0
283.223 0.315506 0.246961 4 1 0
283.323 0.315466 0.247021 4 1 0
283.423 0.315426 0.247082 4 1 0
283.523 0.315386 0.247141 4 1 0
283.623 0.315346 0.247201 4 1 0
283.723 0.315306 0.247261 4 1 0
283.823 0.315266 0.247321 4 1 0
283.923 0.315226 0.247381 4 1 0
284.023 0.315185 0.247441 4 1 0
284.123 0.315146 0.2475 4 1 0
284.223 0.315106 0.24756 4 1 0
284.323 0.315065 0.247619 4 1 0
284.423 0.315026 0.247679 4 1 0
284.523 0.314986 0.247738 4 1 0
284.623 0.314945 0.247797 4 1 0
284.723 0.314906 0.247856 4 1 0
284.823 0.314866 0.247915 4 1 0
284.923 0.314824 0.247972 4 1 0
285.023 0.314785 0.24803 4 1 0
285.123 0.314746 0.248089 4 1 0
285.223 0.314704 0.248148 4 1 0
285.323 0.314664 0.248206 4 1 0
285.423 0.314625 0.248265 4 1 0
285.523 0.314583 0.248343 4 1 0
285.623 0.314544 0.2484 4 1 0
285.723 0.314505 0.248458 4 1 0
285.823 0.314456 0.248508 4 1 0
285.923 0.314417 0.248565 4 1 0
286.023 0.314378 0.248623 4 1 0
286.123 0.314352 0.248665 4 1 0
286.223 0.314313 0.248723 4 1 0
286.323 0.314275 0.248781 4 1 0
286.423 0.314247 0.248843 4 1 0
286.523 0.314208 0.2489 4 1 0
286.623 0.31417 0.248958 4 1 0
286.723 0.314122 0.249007 4 1 0
286.823 0.314084 0.249064 4 1 0
286.923 0.314045 0.249122 4 1 0
287.023 0.314002 0.249195 4 1 0
287.123 0.313964 0.249251 4 1 0
287.223 0.313925 0.249308 4 1 0
287.323 0.313885 0.24937 4 1 0
287.423 0.313847 0.249427 4 1 0
287.523 0.313808 0.249484 4 1 0
287.623 0.313754 0.249543 4 1 0
287.723 0.313715 0.249599 4 1 0
287.823 0.313677 0.249655 4 1 0
287.923 0.313657 0.249691 4 1 0
288.023 0.313618 0.249748 4 1 0
288.123 0.31358 0.249804 4 1 0
288.223 0.313548 0.24986 4 1 0
288.323 0.31351 0.249916 4 1 0
288.423 0.313472 0.249973 4 1 0
288.523 0.31344 0.250056 4 1 0
288.623 0.313402 0.250113 4 1 0
288.723 0.313364 0.250169 4 1 0
288.823 0.313308 0.250203 4 1 0
288.923 0.313271 0.250259 4 1 0
289.023 0.313233 0.250315 4 1 0
289.123 0.313182 0.250367 4 1 0
289.223 0.313144 0.250423 4 1 0
289.323 0.313107 0.250478 4 1 0
289.423 0.313084 0.250533 4 1 0
289.523 0.313046 0.250588 4 1 0
289.623 0.313009 0.250644 4 1 0
289.723 0.312986 0.250695 4 1 0
289.823 0.312949 0.25075 4 1 0
289.923 0.312911 0.250805 4 1 0
290.023 0.312865 0.250867 4 1 0
290.123 0.312828 0.250923 4 1 0
290.223 0.312791 0.250978 4 1 0
290.323 0.312741 0.251042 4 1 0
290.423 0.312704 0.251096 4 1 0
290.523 0.312667 0.251151 4 1 0
290.623 0.312626 0.251203 4 1 0
290.723 0.312589 0.251258 4 1 0
290.823 0.312552 0.251312 4 1 0
290.923 0.312512 0.251367 4 1 0
291.023 0.312475 0.251422 4 1 0
291.123 0.312438 0.251477 4 1 0
291.223 0.312397 0.251539 4 1 0
291.323 0.31236 0.251594 4 1 0
291.423 0.312323 0.251649 4 1 0
291.523 0.312304 0.251686 4 1 0
291.623 0.312268 0.25174 4 1 0
291.723 0.312231 0.251794 4 1 0
291.823 0.31219 0.251851 4 1 0
291.923 0.312154 0.251905 4 1 0
292.023 0.312117 0.251958 4 1 0
292.123 0.312076 0.252027 4 1 0
292.223 0.312039 0.252081 4 1 0
292.323 0.312002 0.252135 4 1 0
292.423 0.31196 0.252169 4 1 0
292.523 0.311924 0.252223 4 1 0
292.623 0.311887 0.252276 4 1 0
292.723 0.311878 0.252327 4 1 0
292.823 0.311841 0.252381 4 1 0
292.923 0.311805 0.252434 4 1 0
293.023 0.311742 0.252506 4 1 0
293.123 0.311706 0.252559 4 1 0
293.223 0.31167 0.252611 4 1 0
293.323 0.311635 0.252642 4 1 0
293.423 0.311599 0.252695 4 1 0
293.523 0.311562 0.252748 4 1 0
293.623 0.311534 0.252815 4 1 0
293.723 0.311498 0.252868 4 1 0
293.823 0.311462 0.252922 4 1 0
293.923 0.311433 0.252963 4 1 0
294.023 0.311397 0.253015 4 1 0
294.123 0.311361 0.253068 4 1 0
294.223 0.311327 0.253134 4 1 0
294.323 0.311291 0.253187 4 1 0
294.423 0.311255 0.25324 4 1 0
294.523 0.311203 0.253278 4 1 0
294.623 0.311168 0.25333 4 1 0
294.723 0.311132 0.253383 4 1 0
294.823 0.311089 0.253435 4 1 0
294.923 0.311053 0.253487 4 1 0
295.023 0.311018 0.253539 4 1 0
295.123 0.310994 0.253586 4 1 0
295.223 0.310959 0.253638 4 1 0
295.323 0.310923 0.25369 4 1 0
295.423 0.310882 0.253762 4 1 0
295.523 0.310846 0.253813 4 1 0
295.623 0.31081 0.253864 4 1 0
295.723 0.310794 0.253899 4 1 0
295.823 0.310758 0.253951 4 1 0
295.923 0.310723 0.254003 4 1 0
296.023 0.310664 0.254062 4 1 0
296.123 0.310628 0.254113 4 1 0
296.223 0.310593 0.254165 4 1 0
296.323 0.310565 0.254206 4 1 0
296.423 0.31053 0.254258 4 1 0
296.523 0.310495 0.254309 4 1 0
296.623 0.310452 0.25437 4 1 0
296.723 0.310416 0.254421 4 1 0
296.823 0.310381 0.254471 4 1 0
296.923 0.310362 0.254513 4 1 0
297.023 0.310327 0.254564 4 1 0
297.123 0.310292 0.254614 4 1 0
297.223 0.310241 0.254668 4 1 0
297.323 0.310206 0.254719 4 1 0
297.423 0.310171 0.25477 4 1 0
297.523 0.31015 0.254819 4 1 0
297.623 0.310115 0.25487 4 1 0
297.623 0.310115 0.25487 4 1 0
297.643 0.310108 0.25488 4 1 0
297.683 0.310094 0.2549 4 1 0
297.763 0.310066 0.254939 4 1 0
297.863 0.310031 0.25499 4 1 0
297.963 0.309996 0.25504 4 1 0
298.063 0.309954 0.255096 4 1 0
298.163 0.30992 0.255146 4 1 0
298.263 0.309885 0.255196 4 1 0
298.363 0.309843 0.25524 4 1 0
298.463 0.309809 0.25529 4 1 0
298.563 0.309774 0.25534 4 1 0
298.663 0.30975 0.255396 4 1 0
298.763 0.309716 0.255446 4 1 0
298.863 0.309682 0.255497 4 1 0
298.963 0.309664 0.255541 4 1 0
299.063 0.30963 0.25559 4 1 0
299.163 0.309596 0.25564 4 1 0
299.263 0.309547 0.255697 4 1 0
299.363 0.309513 0.255747 4 1 0
299.463 0.309478 0.255796 4 1 0
299.563 0.309434 0.255839 4 1 0
299.663 0.3094 0.255889 4 1 0
299.763 0.309366 0.255939 4 1 0
299.863 0.309354 0.255993 4 1 0
299.963 0.30932 0.256042 4 1 0
300.063 0.309286 0.256092 4 1 0
300.163 0.309256 0.256151 4 1 0
300.263 0.309222 0.256201 4 1 0
300.363 0.309188 0.25625 4 1 0
300.463 0.309127 0.256283 4 1 0
300.563 0.309093 0.256332 4 1 0
300.663 0.309059 0.256381 4 1 0
300.763 0.309041 0.25643 4 1 0
300.863 0.309007 0.256479 4 1 0
300.963 0.308973 0.256528 4 1 0
301.063 0.308943 0.256577 4 1 0
301.163 0.308909 0.256626 4 1 0
301.263 0.308875 0.256675 4 1 0
301.363 0.308841 0.256723 4 1 0
301.463 0.308808 0.256772 4 1 0
301.563 0.308774 0.256821 4 1 0
301.663 0.308741 0.25687 4 1 0
301.763 0.308707 0.256918 4 1 0
301.863 0.308674 0.256967 4 1 0
301.963 0.30864 0.257016 4 1 0
302.063 0.308606 0.257064 4 1 0
302.163 0.308573 0.257113 4 1 0
302.263 0.308539 0.257161 4 1 0
302.363 0.308505 0.25721 4 1 0
302.463 0.308472 0.257258 4 1 0
302.563 0.308439 0.257306 4 1 0
302.663 0.308405 0.257354 4 1 0
302.763 0.308372 0.257402 4 1 0
302.863 0.308339 0.257452 4 1 0
302.963 0.308306 0.257499 4 1 0
303.063 0.308272 0.257547 4 1 0
303.163 0.308239 0.257596 4 1 0
303.263 0.308206 0.257644 4 1 0
303.363 0.308173 0.257691 4 1 0
303.463 0.30814 0.25774 4 1 0
303.563 0.308107 0.257788 4 1 0
303.663 0.308073 0.257835 4 1 0
303.763 0.308041 0.257884 4 1 0
303.863 0.308008 0.257932 4 1 0
303.963 0.307974 0.257979 4 1 0
304.063 0.307942 0.258028 4 1 0
304.163 0.307909 0.258075 4 1 0
304.263 0.307876 0.258122 4 1 0
304.363 0.307843 0.258172 4 1 0
304.463 0.30781 0.258219 4 1 0
304.563 0.307777 0.258266 4 1 0
304.663 0.307745 0.258315 4 1 0
304.763 0.307712 0.258362 4 1 0
304.863 0.307679 0.258409 4 1 0
304.963 0.307647 0.258459 4 1 0
305.063 0.307614 0.258506 4 1 0
305.163 0.307581 0.258552 4 1 0
305.263 0.307549 0.258603 4 1 0
305.363 0.307516 0.258649 4 1 0
305.463 0.307483 0.258696 4 1 0
305.563 0.307451 0.258748 4 1 0
305.663 0.307418 0.258794 4 1 0
305.763 0.307386 0.25884 4 1 0
305.863 0.307354 0.258888 4 1 0
305.963 0.307321 0.258935 4 1 0
306.063 0.307289 0.258982 4 1 0
306.163 0.307258 0.259016 4 1 0
306.263 0.307225 0.259063 4 1 0
306.363 0.307192 0.259109 4 1 0
306.463 0.307159 0.259158 4 1 0
306.563 0.307126 0.259204 4 1 0
306.663 0.307094 0.259251 4 1 0
306.763 0.307061 0.259298 4 1 0
306.863 0.307029 0.259345 4 1 0
306.963 0.306996 0.259391 4 1 0
307.063 0.306965 0.259435 4 1 0
307.163 0.306932 0.259481 4 1 0
307.263 0.3069 0.259528 4 1 0
307.363 0.306867 0.259575 4 1 0
307.463 0.306835 0.259622 4 1 0
307.563 0.306802 0.259668 4 1 0
307.663 0.306771 0.259711 4 1 0
307.763 0.306739 0.259757 4 1 0
307.863 0.306706 0.259803 4 1 0
307.963 0.306674 0.259851 4 1 0
308.063 0.306641 0.259897 4 1 0
308.163 0.306609 0.259943 4 1 0
308.263 0.306578 0.259986 4 1 0
308.363 0.306545 0.260032 4 1 0
308.463 0.306513 0.260078 4 1 0
308.563 0.306481 0.260124 4 1 0
308.663 0.306449 0.26017 4 1 0
308.763 0.306417 0.260216 4 1 0
308.863 0.306385 0.26026 4 1 0
308.963 0.306353 0.260306 4 1 0
309.063 0.306321 0.260351 4 1 0
309.163 0.306289 0.260397 4 1 0
309.263 0.306257 0.260442 4 1 0
309.363 0.306224 0.260488 4 1 0
309.463 0.306193 0.260532 4 1 0
309.563 0.306161 0.260578 4 1 0
309.663 0.306129 0.260623 4 1 0
309.763 0.306097 0.260668 4 1 0
309.863 0.306065 0.260713 4 1 0
309.963 0.306033 0.260759 4 1 0
310.063 0.306001 0.260803 4 1 0
310.163 0.305969 0.260848 4 1 0
310.263 0.305937 0.260894 4 1 0
310.363 0.305906 0.260938 4 1 0
310.463 0.305874 0.260983 4 1 0
310.563 0.305842 0.261028 4 1 0
310.663 0.30581 0.261072 4 1 0
310.763 0.305778 0.261117 4 1 0
310.863 0.305746 0.261163 4 1 0
310.963 0.305715 0.261207 4 1 0
311.063 0.305683 0.261252 4 1 0
311.163 0.305651 0.261297 4 1 0
311.263 0.30562 0.261341 4 1 0
311.363 0.305588 0.261385 4 1 0
311.463 0.305556 0.26143 4 1 0
311.563 0.305524 0.261474 4 1 0
311.663 0.305493 0.261519 4 1 0
311.763 0.305461 0.261564 4 1 0
311.863 0.305429 0.261607 4 1 0
311.963 0.305398 0.261652 4 1 0
312.063 0.305366 0.261697 4 1 0
312.163 0.305335 0.26174 4 1 0
312.263 0.305303 0.261785 4 1 0
312.363 0.305271 0.261829 4 1 0
312.463 0.30524 0.261873 4 1 0
312.563 0.305208 0.261918 4 1 0
312.663 0.305177 0.261962 4 1 0
312.763 0.305145 0.262006 4 1 0
312.863 0.305113 0.26205 4 1 0
312.963 0.305082 0.262094 4 1 0
313.063 0.30505 0.262138 4 1 0
313.163 0.305019 0.262182 4 1 0
313.263 0.304987 0.262226 4 1 0
313.363 0.304956 0.26227 4 1 0
313.463 0.304924 0.262314 4 1 0
313.563 0.304893 0.262358 4 1 0
313.663 0.304861 0.262401 4 1 0
313.763 0.30483 0.262445 4 1 0
313.863 0.304799 0.262489 4 1 0
313.963 0.304767 0.262532 4 1 0
314.063 0.304736 0.262576 4 1 0
314.163 0.304704 0.26262 4 1 0
314.263 0.304673 0.262664 4 1 0
314.363 0.304641 0.262707 4 1 0
314.463 0.30461 0.262751 4 1 0
314.563 0.304579 0.262794 4 1 0
314.663 0.304547 0.262838 4 1 0
314.763 0.304516 0.262882 4 1 0
314.863 0.304485 0.262925 4 1 0
314.963 0.304453 0.262969 4 1 0
315.063 0.304422 0.263012 4 1 0
315.163 0.30439 0.263055 4 1 0
315.263 0.304359 0.263099 4 1 0
315.363 0.304328 0.263142 4 1 0
315.463 0.304296 0.263185 4 1 0
315.563 0.304265 0.263229 4 1 0
315.663 0.304234 0.263272 4 1 0
315.763 0.304202 0.263315 4 1 0
315.863 0.304171 0.263359 4 1 0
315.963 0.30414 0.263402 4 1 0
316.063 0.304108 0.263445 4 1 0
316.163 0.304077 0.263488 4 1 0
316.263 0.304046 0.263532 4 1 0
316.363 0.304015 0.263574 4 1 0
316.463 0.303983 0.263618 4 1 0
316.563 0.303952 0.263661 4 1 0
316.663 0.303921 0.263704 4 1 0
316.763 0.30389 0.263747 4 1 0
316.863 0.303858 0.26379 4 1 0
316.963 0.303827 0.263833 4 1 0
317.063 0.303796 0.263876 4 1 0
317.163 0.303765 0.263919 4 1 0
317.263 0.303733 0.263962 4 1 0
317.363 0.303702 0.264005 4 1 0
317.363 0.303702 0.264005 4 1 0
317.383 0.303696 0.264014 4 1 0
317.423 0.303683 0.264031 4 1 0
317.503 0.303658 0.264065 4 1 0
317.603 0.303627 0.264108 4 1 0
317.703 0.303596 0.264151 4 1 0
317.803 0.303564 0.264194 4 1 0
317.903 0.303533 0.264237 4 1 0
318.003 0.303502 0.26428 4 1 0
318.103 0.30347 0.264323 4 1 0
318.203 0.303439 0.264366 4 1 0
318.303 0.303408 0.264409 4 1 0
318.403 0.303376 0.264453 4 1 0
318.503 0.303345 0.264496 4 1 0
318.603 0.303314 0.264538 4 1 0
318.703 0.303281 0.264583 4 1 0
318.803 0.30325 0.264625 4 1 0
318.903 0.303219 0.264668 4 1 0
319.003 0.303186 0.264711 4 1 0
319.103 0.303155 0.264753 4 1 0
319.203 0.303125 0.264795 4 1 0
319.303 0.303091 0.264832 4 1 0
319.403 0.30306 0.264874 4 1 0
319.503 0.303029 0.264916 4 1 0
319.603 0.302991 0.26495 4 1 0
319.703 0.30296 0.264992 4 1 0
319.803 0.30293 0.265034 4 1 0
319.903 0.302902 0.265081 4 1 0
320.003 0.302871 0.265123 4 1 0
320.103 0.30284 0.265165 4 1 0
320.203 0.302812 0.265211 4 1 0
320.303 0.302781 0.265254 4 1 0
320.403 0.30275 0.265296 4 1 0
320.503 0.30272 0.265341 4 1 0
320.603 0.302689 0.265384 4 1 0
320.703 0.302658 0.265426 4 1 0
320.803 0.30263 0.265458 4 1 0
320.903 0.302599 0.2655 4 1 0
321.003 0.302568 0.265543 4 1 0
321.103 0.302538 0.265582 4 1 0
321.203 0.302507 0.265624 4 1 0
321.303 0.302476 0.265667 4 1 0
321.403 0.302446 0.265706 4 1 0
321.503 0.302415 0.265748 4 1 0
321.603 0.302385 0.26579 4 1 0
321.703 0.302354 0.26583 4 1 0
321.803 0.302323 0.265872 4 1 0
321.903 0.302292 0.265914 4 1 0
322.003 0.302261 0.265955 4 1 0
322.103 0.30223 0.265997 4 1 0
322.203 0.3022 0.266039 4 1 0
322.303 0.302169 0.26608 4 1 0
322.403 0.302138 0.266121 4 1 0
322.503 0.302107 0.266163 4 1 0
322.603 0.302076 0.266204 4 1 0
322.703 0.302045 0.266246 4 1 0
322.803 0.302014 0.266288 4 1 0
322.903 0.301983 0.266329 4 1 0
323.003 0.301952 0.266371 4 1 0
323.103 0.301921 0.266412 4 1 0
323.203 0.30189 0.266454 4 1 0
323.303 0.301859 0.266495 4 1 0
323.403 0.301829 0.266537 4 1 0
323.503 0.301797 0.266578 4 1 0
323.603 0.301767 0.26662 4 1 0
323.703 0.301736 0.266661 4 1 0
323.803 0.301704 0.266703 4 1 0
323.903 0.301674 0.266744 4 1 0
324.003 0.301643 0.266786 4 1 0
324.103 0.301611 0.266827 4 1 0
324.203 0.301581 0.266869 4 1 0
324.303 0.30155 0.26691 4 1 0
324.403 0.301518 0.266952 4 1 0
324.503 0.301488 0.266993 4 1 0
324.603 0.301457 0.267034 4 1 0
324.703 0.301426 0.267076 4 1 0
324.803 0.301396 0.267117 4 1 0
324.903 0.301365 0.267158 4 1 0
325.003 0.301336 0.2672 4 1 0
325.103 0.301305 0.267241 4 1 0
325.203 0.301275 0.267282 4 1 0
325.303 0.301245 0.267324 4 1 0
325.403 0.301215 0.267365 4 1 0
325.503 0.301184 0.267406 4 1 0
325.603 0.301155 0.267448 4 1 0
325.703 0.301124 0.267489 4 1 0
325.803 0.301094 0.26753 4 1 0
325.903 0.301064 0.267572 4 1 0
326.003 0.301034 0.267613 4 1 0
326.103 0.301003 0.267654 4 1 0
326.203 0.300974 0.267696 4 1 0
326.303 0.300943 0.267737 4 1 0
326.403 0.300913 0.267777 4 1 0
326.503 0.300883 0.267819 4 1 0
326.603 0.300853 0.26786 4 1 0
326.703 0.300822 0.267901 4 1 0
326.803 0.300793 0.267941 4 1 0
326.903 0.300763 0.267982 4 1 0
327.003 0.300732 0.268023 4 1 0
327.103 0.300703 0.268064 4 1 0
327.203 0.300672 0.268105 4 1 0
327.303 0.300642 0.268145 4 1 0
327.403 0.30061 0.26819 4 1 0
327.503 0.30058 0.26823 4 1 0
327.603 0.300549 0.268271 4 1 0
327.703 0.300518 0.268318 4 1 0
327.803 0.300488 0.268358 4 1 0
327.903 0.300457 0.268399 4 1 0
328.003 0.300427 0.268447 4 1 0
328.103 0.300396 0.268487 4 1 0
328.203 0.300365 0.268528 4 1 0
328.303 0.300335 0.268564 4 1 0
328.403 0.300305 0.268605 4 1 0
328.503 0.300274 0.268646 4 1 0
328.603 0.300244 0.268683 4 1 0
328.703 0.300214 0.268724 4 1 0
328.803 0.300183 0.268765 4 1 0
328.903 0.300153 0.268802 4 1 0
329.003 0.300123 0.268843 4 1 0
329.103 0.300092 0.268884 4 1 0
329.203 0.300062 0.268921 4 1 0
329.303 0.300032 0.268962 4 1 0
329.403 0.300001 0.269003 4 1 0
329.503 0.29997 0.269043 4 1 0
329.603 0.299939 0.269084 4 1 0
329.703 0.299908 0.269125 4 1 0
329.803 0.299878 0.269167 4 1 0
329.903 0.299847 0.269207 4 1 0
330.003 0.299816 0.269248 4 1 0
330.103 0.299786 0.26929 4 1 0
330.203 0.299755 0.26933 4 1 0
330.303 0.299724 0.269371 4 1 0
330.403 0.299693 0.269412 4 1 0
330.503 0.299662 0.269452 4 1 0
330.603 0.299631 0.269493 4 1 0
330.703 0.299599 0.269533 4 1 0
330.803 0.299568 0.269573 4 1 0
330.903 0.299537 0.269614 4 1 0
331.003 0.299506 0.269656 4 1 0
331.103 0.299475 0.269696 4 1 0
331.203 0.299444 0.269737 4 1 0
331.303 0.299414 0.269777 4 1 0
331.403 0.299383 0.269818 4 1 0
331.503 0.299352 0.269859 4 1 0
331.603 0.29932 0.269906 4 1 0
331.703 0.299289 0.269946 4 1 0
331.803 0.299258 0.269987 4 1 0
331.903 0.299226 0.270033 4 1 0
332.003 0.299195 0.270074 4 1 0
332.103 0.299164 0.270114 4 1 0
332.203 0.299132 0.270151 4 1 0
332.303 0.299101 0.270191 4 1 0
332.403 0.29907 0.270232 4 1 0
332.503 0.299037 0.270275 4 1 0
332.603 0.299005 0.270315 4 1 0
332.703 0.298974 0.270356 4 1 0
332.803 0.298945 0.270396 4 1 0
332.903 0.298914 0.270437 4 1 0
333.003 0.298882 0.270477 4 1 0
333.103 0.29885 0.270525 4 1 0
333.203 0.298819 0.270566 4 1 0
333.303 0.298788 0.270606 4 1 0
333.403 0.298755 0.27064 4 1 0
333.503 0.298723 0.270681 4 1 0
333.603 0.298692 0.270722 4 1 0
333.703 0.298663 0.270762 4 1 0
333.803 0.298631 0.270802 4 1 0
333.903 0.2986 0.270843 4 1 0
334.003 0.298566 0.27088 4 1 0
334.103 0.298535 0.27092 4 1 0
334.203 0.298503 0.270961 4 1 0
334.303 0.298474 0.271012 4 1 0
334.403 0.298443 0.271053 4 1 0
334.503 0.298411 0.271093 4 1 0
334.603 0.298379 0.271127 4 1 0
334.703 0.298347 0.271168 4 1 0
334.803 0.298315 0.271209 4 1 0
334.903 0.298284 0.271258 4 1 0
335.003 0.298252 0.271299 4 1 0
335.103 0.298221 0.271341 4 1 0
335.203 0.298189 0.271373 4 1 0
335.303 0.298157 0.271414 4 1 0
335.403 0.298125 0.271455 4 1 0
335.503 0.298094 0.271502 4 1 0
335.603 0.298062 0.271544 4 1 0
335.703 0.29803 0.271585 4 1 0
335.803 0.297998 0.271621 4 1 0
335.903 0.297966 0.271662 4 1 0
336.003 0.297934 0.271704 4 1 0
336.103 0.297902 0.271747 4 1 0
336.203 0.29787 0.271788 4 1 0
336.303 0.297838 0.27183 4 1 0
336.403 0.297806 0.271869 4 1 0
336.503 0.297774 0.27191 4 1 0
336.603 0.297742 0.271951 4 1 0
336.703 0.29771 0.271992 4 1 0
336.803 0.297678 0.272034 4 1 0
336.903 0.297645 0.272075 4 1 0
337.003 0.297613 0.272115 4 1 0
337.103 0.297581 0.272157 4 1 0
337.103 0.297581 0.272157 4 1 0
337.123 0.297574 0.272165 4 1 0
337.163 0.297562 0.272182 4 1 0
337.243 0.297536 0.272214 4 1 0
337.343 0.297503 0.272256 4 1 0
337.443 0.297471 0.272297 4 1 0
337.543 0.297439 0.272338 4 1 0
337.643 0.297406 0.272379 4 1 0
337.743 0.297374 0.272421 4 1 0
337.843 0.297341 0.272462 4 1 0
337.943 0.297309 0.272503 4 1 0
338.043 0.297276 0.272545 4 1 0
338.143 0.297243 0.272586 4 1 0
338.243 0.297211 0.272627 4 1 0
338.343 0.297178 0.272669 4 1 0
338.443 0.297145 0.27271 4 1 0
338.543 0.297113 0.272752 4 1 0
338.643 0.29708 0.272793 4 1 0
338.743 0.297047 0.272834 4 1 0
338.843 0.297014 0.272876 4 1 0
338.943 0.296981 0.272918 4 1 0
339.043 0.296948 0.272959 4 1 0
339.143 0.296915 0.273001 4 1 0
339.243 0.296882 0.273043 4 1 0
339.343 0.296849 0.273084 4 1 0
339.443 0.296816 0.273126 4 1 0
339.543 0.296783 0.273168 4 1 0
339.643 0.29675 0.27321 4 1 0
339.743 0.296717 0.273252 4 1 0
339.843 0.296683 0.273294 4 1 0
339.943 0.29665 0.273335 4 1 0
340.043 0.296617 0.273377 4 1 0
340.143 0.296583 0.27342 4 1 0
340.243 0.29655 0.273461 4 1 0
340.343 0.296516 0.273503 4 1 0
340.443 0.296483 0.273546 4 1 0
340.543 0.296449 0.273587 4 1 0
340.643 0.296415 0.27363 4 1 0
340.743 0.296382 0.273672 4 1 0
340.843 0.296348 0.273714 4 1 0
340.943 0.296314 0.273756 4 1 0
341.043 0.29628 0.273799 4 1 0
341.143 0.296246 0.273841 4 1 0
341.243 0.296212 0.273883 4 1 0
341.343 0.296178 0.273926 4 1 0
341.443 0.296144 0.273967 4 1 0
341.543 0.29611 0.27401 4 1 0
341.643 0.296076 0.274053 4 1 0
341.743 0.296042 0.274096 4 1 0
341.843 0.296007 0.274138 4 1 0
341.943 0.295973 0.274181 4 1 0
342.043 0.295939 0.274224 4 1 0
342.143 0.295904 0.274267 4 1 0
342.243 0.29587 0.27431 4 1 0
342.343 0.295835 0.274354 4 1 0
342.443 0.295801 0.274397 4 1 0
342.543 0.295766 0.27444 4 1 0
342.643 0.295731 0.274483 4 1 0
342.743 0.295696 0.274526 4 1 0
342.843 0.295661 0.27457 4 1 0
342.943 0.295627 0.274614 4 1 0
343.043 0.295592 0.274657 4 1 0
343.143 0.295556 0.274701 4 1 0
343.243 0.295521 0.274745 4 1 0
343.343 0.295486 0.274789 4 1 0
343.443 0.295451 0.274832 4 1 0
343.543 0.295415 0.274878 4 1 0
343.643 0.29538 0.274922 4 1 0
343.743 0.295344 0.274965 4 1 0
343.843 0.295308 0.275009 4 1 0
343.943 0.295273 0.275052 4 1 0
344.043 0.295237 0.275096 4 1 0
344.143 0.295201 0.275141 4 1 0
344.243 0.295166 0.275185 4 1 0
344.343 0.29513 0.275228 4 1 0
344.443 0.295094 0.275273 4 1 0
344.543 0.295058 0.275317 4 1 0
344.643 0.295022 0.275361 4 1 0
344.743 0.294986 0.275405 4 1 0
344.843 0.294949 0.275449 4 1 0
344.943 0.294913 0.275493 4 1 0
345.043 0.294876 0.275537 4 1 0
345.143 0.29484 0.275581 4 1 0
345.243 0.294803 0.275626 4 1 0
345.343 0.294766 0.275668 4 1 0
345.443 0.294729 0.275713 4 1 0
345.543 0.294692 0.275758 4 1 0
345.643 0.294655 0.275804 4 1 0
345.743 0.294618 0.275849 4 1 0
345.843 0.294581 0.275894 4 1 0
345.943 0.294544 0.27594 4 1 0
346.043 0.294506 0.275985 4 1 0
346.143 0.294469 0.27603 4 1 0
346.243 0.294432 0.276076 4 1 0
346.343 0.294394 0.276122 4 1 0
346.443 0.294356 0.276167 4 1 0
346.543 0.294318 0.276213 4 1 0
346.643 0.29428 0.276259 4 1 0
346.743 0.294242 0.276305 4 1 0
346.843 0.294204 0.276351 4 1 0
346.943 0.294166 0.276397 4 1 0
347.043 0.294127 0.276443 4 1 0
347.143 0.294088 0.276488 4 1 0
347.243 0.29405 0.276535 4 1 0
347.343 0.294011 0.276581 4 1 0
347.443 0.293972 0.276626 4 1 0
347.543 0.293933 0.276673 4 1 0
347.643 0.293893 0.27672 4 1 0
347.743 0.293854 0.276768 4 1 0
347.843 0.293815 0.276815 4 1 0
347.943 0.293775 0.276862 4 1 0
348.043 0.293736 0.276911 4 1 0
348.143 0.293696 0.276958 4 1 0
348.243 0.293656 0.277006 4 1 0
348.343 0.293616 0.277053 4 1 0
348.443 0.293576 0.277101 4 1 0
348.543 0.293536 0.277149 4 1 0
348.643 0.293495 0.277196 4 1 0
348.743 0.293454 0.277244 4 1 0
348.843 0.293413 0.277293 4 1 0
348.943 0.293373 0.277344 4 1 0
349.043 0.293332 0.277392 4 1 0
349.143 0.29329 0.277441 4 1 0
349.243 0.293249 0.277497 4 1 0
349.343 0.293207 0.277546 4 1 0
349.443 0.293165 0.277595 4 1 0
349.543 0.29312 0.277641 4 1 0
349.643 0.293078 0.277691 4 1 0
349.743 0.293036 0.277741 4 1 0
349.843 0.292991 0.277796 4 1 0
349.943 0.292949 0.277846 4 1 0
350.043 0.292906 0.277897 4 1 0
350.143 0.292867 0.27794 4 1 0
350.243 0.292824 0.277991 4 1 0
350.343 0.29278 0.278042 4 1 0
350.443 0.292734 0.2781 4 1 0
350.543 0.29269 0.278151 4 1 0
350.643 0.292645 0.278203 4 1 0
350.743 0.292598 0.278254 4 1 0
350.843 0.292554 0.278306 4 1 0
350.943 0.292509 0.278358 4 1 0
351.043 0.292469 0.278411 4 1 0
351.143 0.292423 0.278464 4 1 0
351.243 0.292378 0.278517 4 1 0
351.343 0.292332 0.278565 4 1 0
351.443 0.292286 0.278619 4 1 0
351.543 0.29224 0.278673 4 1 0
351.643 0.292193 0.278726 4 1 0
351.743 0.292147 0.27878 4 1 0
351.843 0.292099 0.278835 4 1 0
351.943 0.292052 0.278889 4 1 0
352.043 0.292004 0.278944 4 1 0
352.143 0.291956 0.279 4 1 0
352.243 0.291907 0.279055 4 1 0
352.343 0.291859 0.279111 4 1 0
352.443 0.29181 0.279168 4 1 0
352.543 0.29176 0.279224 4 1 0
352.643 0.29171 0.279281 4 1 0
352.743 0.29166 0.279338 4 1 0
352.843 0.29161 0.279396 4 1 0
352.943 0.291559 0.279454 4 1 0
353.043 0.291508 0.279513 4 1 0
353.143 0.291456 0.279571 4 1 0
353.243 0.291404 0.279631 4 1 0
353.343 0.291351 0.27969 4 1 0
353.443 0.291298 0.279752 4 1 0
353.543 0.291244 0.279812 4 1 0
353.643 0.291191 0.279873 4 1 0
353.743 0.291137 0.279933 4 1 0
353.843 0.291082 0.279995 4 1 0
353.943 0.291027 0.280057 4 1 0
354.043 0.290972 0.28012 4 1 0
354.143 0.290916 0.280183 4 1 0
354.243 0.290859 0.280247 4 1 0
354.343 0.290803 0.280312 4 1 0
354.443 0.290745 0.280377 4 1 0
354.543 0.290686 0.280443 4 1 0
354.643 0.290628 0.28051 4 1 0
354.743 0.290568 0.280577 4 1 0
354.843 0.290508 0.280644 4 1 0
354.943 0.290447 0.280715 4 1 0
355.043 0.290385 0.280783 4 1 0
355.143 0.290322 0.280853 4 1 0
355.243 0.290259 0.280925 4 1 0
355.343 0.290195 0.280996 4 1 0
355.443 0.29013 0.281068 4 1 0
355.543 0.290063 0.281142 4 1 0
355.643 0.289996 0.281216 4 1 0
355.743 0.289928 0.281291 4 1 0
355.843 0.289857 0.281367 4 1 0
355.943 0.289787 0.281444 4 1 0
356.043 0.289716 0.281522 4 1 0
356.143 0.289639 0.281599 4 1 0
356.243 0.289565 0.281679 4 1 0
356.343 0.28949 0.281761 4 1 0
356.443 0.289415 0.281848 4 1 0
356.543 0.289337 0.281933 4 1 0
356.643 0.289257 0.282019 4 1 0
356.743 0.28918 0.282105 4 1 0
356.843 0.289096 0.282195 4 1 0
356.843 0.289096 0.282195 4 1 0
356.863 0.289079 0.282214 4 1 0
356.903 0.289045 0.282251 4 1 0
356.983 0.288975 0.282325 4 1 0
357.083 0.288887 0.282421 4 1 0
357.183 0.288795 0.282519 4 1 0
357.283 0.288698 0.282622 4 1 0
357.383 0.288601 0.282725 4 1 0
357.483 0.288501 0.282832 4 1 0
357.583 0.288398 0.282944 4 1 0
357.683 0.28829 0.283059 4 1 0
357.783 0.288177 0.283179 4 1 0
357.883 0.288059 0.283303 4 1 0
357.983 0.287935 0.283434 4 1 0
358.083 0.287803 0.283573 4 1 0
358.183 0.28766 0.283722 4 1 0
358.283 0.287508 0.283881 4 1 0
358.383 0.287341 0.284055 4 1 0
358.483 0.287155 0.284248 4 1 0
358.583 0.286941 0.284469 4 1 0
358.683 0.28668 0.284737 4 1 0
358.783 0.286312 0.285112 4 1 0
358.883 0.285716 0.285712 4 1 0
358.883 0.285716 0.285712 4 1 0
395.271 0.459587 0.0812132 4 1 0
395.291 0.459588 0.0812162 3 1 0
395.321 0.45959 0.0812185 3 1 0
395.366 0.459576 0.0811803 3 1 0
395.433 0.459585 0.0811746 3 1 0
395.533 0.459598 0.0811665 3 1 0
395.633 0.459626 0.0811818 3 1 0
395.733 0.459637 0.0811784 3 1 0
395.833 0.459648 0.0811754 3 1 0
395.933 0.45966 0.0811388 3 1 0
396.033 0.459674 0.081131 3 1 0
396.133 0.459688 0.0811232 3 1 0
396.233 0.4597 0.081112 3 1 0
396.333 0.459715 0.0811041 3 1 0
396.433 0.45973 0.0810962 3 1 0
396.533 0.459718 0.0812011 3 1 0
396.633 0.45973 0.0811969 3 1 0
396.733 0.459742 0.0811931 3 1 0
396.833 0.459792 0.0810662 3 1 0
396.933 0.45981 0.0810594 3 1 0
397.033 0.459828 0.0810535 3 1 0
397.133 0.459877 0.081041 3 1 0
397.233 0.459878 0.0810379 3 1 0
397.333 0.459881 0.0810351 3 1 0
397.433 0.459864 0.0810238 3 1 0
397.533 0.45988 0.0810149 3 1 0
397.633 0.459896 0.0810062 3 1 0
397.733 0.459918 0.0810963 3 1 0
397.833 0.459933 0.0810874 3 1 0
397.933 0.459947 0.0810787 3 1 0
398.033 0.459958 0.0810219 3 1 0
398.133 0.459973 0.0810174 3 1 0
398.233 0.459989 0.0810128 3 1 0
398.333 0.460015 0.080949 3 1 0
398.433 0.460021 0.0809452 3 1 0
398.533 0.460027 0.0809426 3 1 0
398.633 0.460021 0.0809357 3 1 0
398.733 0.460035 0.0809283 3 1 0
398.833 0.460049 0.0809209 3 1 0
398.933 0.460063 0.0809596 3 1 0
399.033 0.460075 0.0809503 3 1 0
399.133 0.460088 0.080941 3 1 0
399.233 0.460095 0.0809014 3 1 0
399.333 0.46011 0.0808924 3 1 0
399.433 0.460125 0.0808834 3 1 0
399.533 0.460145 0.0808607 3 1 0
399.633 0.460163 0.0808515 3 1 0
399.733 0.460182 0.0808429 3 1 0
399.833 0.460261 0.0808299 3 1 0
399.933 0.460244 0.0808222 3 1 0
400.033 0.460234 0.0808171 3 1 0
400.133 0.460183 0.0808657 3 1 0
400.233 0.460197 0.0808582 3 1 0
400.333 0.46021 0.0808506 3 1 0
400.433 0.460227 0.0808129 3 1 0
400.533 0.460246 0.0808013 3 1 0
400.633 0.460265 0.0807896 3 1 0
400.733 0.46029 0.0808283 3 1 0
400.833 0.46031 0.0808349 3 1 0
400.933 0.460331 0.0808422 3 1 0
401.033 0.460364 0.0807458 3 1 0
401.133 0.460382 0.0807376 3 1 0
401.233 0.4604 0.0807301 3 1 0
401.333 0.460548 0.0807437 3 1 0
401.433 0.460473 0.0807192 3 1 0
401.533 0.460432 0.0807063 3 1 0
401.633 0.460374 0.0807315 3 1 0
401.733 0.46039 0.0807223 3 1 0
401.833 0.460406 0.080713 3 1 0
401.933 0.460431 0.0806918 3 1 0
402.033 0.460452 0.080691 3 1 0
402.133 0.460472 0.0806914 3 1 0
402.233 0.460491 0.0807547 3 1 0
402.333 0.46051 0.0807564 3 1 0
402.433 0.460528 0.0807575 3 1 0
402.533 0.46057 0.080645 3 1 0
402.633 0.460588 0.080644 3 1 0
402.733 0.460606 0.0806442 3 1 0
402.833 0.460606 0.0806576 3 1 0
402.933 0.460623 0.0806601 3 1 0
403.033 0.46064 0.080663 3 1 0
403.133 0.460661 0.0807017 3 1 0
403.233 0.460676 0.080702 3 1 0
403.333 0.460692 0.0807018 3 1 0
403.433 0.460706 0.0806474 3 1 0
403.533 0.46072 0.0806445 3 1 0
403.633 0.460735 0.0806413 3 1 0
403.733 0.460768 0.080547 3 1 0
403.833 0.460774 0.0805452 3 1 0
403.933 0.460779 0.0805442 3 1 0
404.033 0.460769 0.080543 3 1 0
404.133 0.460782 0.080536 3 1 0
404.233 0.460796 0.080529 3 1 0
404.333 0.460811 0.0805337 3 1 0
404.433 0.460821 0.0805323 3 1 0
404.533 0.460831 0.0805309 3 1 0
404.633 0.460835 0.0804986 3 1 0
404.733 0.460847 0.0804903 3 1 0
404.833 0.460859 0.0804821 3 1 0
404.933 0.46087 0.0804569 3 1 0
405.033 0.460883 0.0804496 3 1 0
405.133 0.460897 0.0804423 3 1 0
405.233 0.460915 0.0804557 3 1 0
405.333 0.46093 0.0804501 3 1 0
405.433 0.460944 0.0804446 3 1 0
405.533 0.46096 0.0804651 3 1 0
405.633 0.460975 0.0804603 3 1 0
405.733 0.460989 0.0804555 3 1 0
405.833 0.461 0.0803914 3 1 0
405.933 0.461016 0.0803845 3 1 0
406.033 0.461031 0.0803779 3 1 0
406.133 0.461047 0.0803728 3 1 0
406.233 0.461063 0.080368 3 1 0
406.333 0.46108 0.0803641 3 1 0
406.433 0.461098 0.0804275 3 1 0
406.533 0.461113 0.0804252 3 1 0
406.633 0.461128 0.0804226 3 1 0
406.733 0.461157 0.080355 3 1 0
406.833 0.461165 0.0803546 3 1 0
406.933 0.461174 0.0803539 3 1 0
407.033 0.461174 0.0803767 3 1 0
407.133 0.461186 0.080367 3 1 0
407.233 0.461198 0.0803575 3 1 0
407.333 0.461207 0.0803528 3 1 0
407.433 0.461218 0.0803515 3 1 0
407.533 0.461229 0.080347 3 1 0
407.633 0.461235 0.0803289 3 1 0
407.733 0.461246 0.0803175 3 1 0
407.833 0.461257 0.0803064 3 1 0
407.933 0.461265 0.0802743 3 1 0
408.033 0.461277 0.0802649 3 1 0
408.133 0.461288 0.0802557 3 1 0
408.233 0.4613 0.0802325 3 1 0
408.333 0.461313 0.0802247 3 1 0
408.433 0.461327 0.0802169 3 1 0
408.533 0.461314 0.080219 3 1 0
408.633 0.461325 0.0802093 3 1 0
408.733 0.461335 0.0801995 3 1 0
408.833 0.461377 0.0802044 3 1 0
408.933 0.461394 0.080204 3 1 0
409.033 0.461412 0.0802038 3 1 0
409.133 0.461439 0.080158 3 1 0
409.233 0.461456 0.0801535 3 1 0
409.333 0.461472 0.0801499 3 1 0
409.433 0.461489 0.0802128 3 1 0
409.533 0.461501 0.080207 3 1 0
409.633 0.461513 0.0802012 3 1 0
409.733 0.461521 0.0801619 3 1 0
409.833 0.461535 0.0801569 3 1 0
409.933 0.461548 0.0801519 3 1 0
410.033 0.461565 0.0801763 3 1 0
410.133 0.461576 0.0801742 3 1 0
410.233 0.461587 0.0801717 3 1 0
410.333 0.461596 0.0801267 3 1 0
410.433 0.461605 0.0801262 3 1 0
410.533 0.461615 0.0801256 3 1 0
410.633 0.461619 0.0801165 3 1 0
410.733 0.46163 0.080105 3 1 0
410.833 0.46164 0.0800939 3 1 0
410.933 0.461649 0.0800847 3 1 0
411.033 0.46166 0.080074 3 1 0
411.133 0.46167 0.0800635 3 1 0
411.233 0.461678 0.0800371 3 1 0
411.333 0.461688 0.0800281 3 1 0
411.433 0.461699 0.0800193 3 1 0
411.533 0.461714 0.0799932 3 1 0
411.633 0.461727 0.0799861 3 1 0
411.733 0.46174 0.0799789 3 1 0
411.833 0.46174 0.0800452 3 1 0
411.933 0.461755 0.0800324 3 1 0
412.033 0.46177 0.0800195 3 1 0
412.133 0.461817 0.0799461 3 1 0
412.233 0.461834 0.0799401 3 1 0
412.333 0.461851 0.0799356 3 1 0
412.433 0.461912 0.0799224 3 1 0
412.533 0.461897 0.0799187 3 1 0
412.633 0.461889 0.0799162 3 1 0
412.733 0.461819 0.0800251 3 1 0
412.833 0.461826 0.0800116 3 1 0
412.933 0.461834 0.0799977 3 1 0
413.033 0.461833 0.0798355 3 1 0
413.133 0.461846 0.0798266 3 1 0
413.233 0.461858 0.079818 3 1 0
413.333 0.461937 0.079906 3 1 0
413.433 0.461943 0.0799054 3 1 0
413.533 0.46195 0.079904 3 1 0
413.633 0.461914 0.0799477 3 1 0
413.733 0.461923 0.0799371 3 1 0
413.833 0.461932 0.0799263 3 1 0
413.933 0.461933 0.0799521 3 1 0
414.033 0.461941 0.0799516 3 1 0
414.133 0.46195 0.0799495 3 1 0
414.233 0.461871 0.0797527 3 1 0
414.333 0.461898 0.0797374 3 1 0
414.433 0.461924 0.0797238 3 1 0
414.533 0.462029 0.0798251 3 1 0
414.633 0.462038 0.079814 3 1 0
414.733 0.462048 0.079803 3 1 0
414.833 0.462045 0.0798342 3 1 0
414.933 0.46206 0.0798186 3 1 0
414.933 0.46206 0.0798186 4 1 0
414.953 0.462066 0.0798078 3 1 0
414.983 0.462073 0.0797962 3 1 0
415.028 0.462092 0.0798247 3 1 0
415.096 0.462102 0.0798145 3 1 0
415.197 0.462115 0.0798018 3 1 0
415.349 0.462162 0.0796811 3 1 0
415.576 0.462194 0.0796655 3 1 0
415.827 0.462228 0.0796484 3 1 0
416.203 0.462248 0.079673 3 1 0
416.616 0.462292 0.0796439 3 1 0
417.116 0.462347 0.0796099 3 1 0
417.616 0.462476 0.079565 3 1 0
418.116 0.462532 0.0795288 3 1 0
418.616 0.462589 0.0794931 3 1 0
419.116 0.462584 0.0795102 3 1 0
419.616 0.462642 0.0794813 3 1 0
420.116 0.462706 0.0794524 3 1 0
420.616 0.462783 0.0792664 3 1 0
421.116 0.462823 0.0792337 3 1 0
421.616 0.462864 0.0792016 3 1 0
422.116 0.462961 0.0793246 3 1 0
422.616 0.463026 0.0792996 3 1 0
423.116 0.46309 0.0792744 3 1 0
423.616 0.462921 0.0791955 3 1 0
424.116 0.462969 0.0791453 3 1 0
424.616 0.46304 0.0790979 3 1 0
425.116 0.463297 0.0791878 3 1 0
425.616 0.463354 0.0791528 3 1 0
426.116 0.463411 0.0791178 3 1 0
426.616 0.46357 0.0789729 3 1 0
427.116 0.463617 0.0789348 3 1 0
427.616 0.463664 0.0788979 3 1 0
428.116 0.463649 0.0789055 3 1 0
428.616 0.463713 0.0788756 3 1 0
429.116 0.463776 0.0788473 3 1 0
429.616 0.463842 0.0788816 3 1 0
430.116 0.463903 0.0788592 3 1 0
430.616 0.463964 0.0788362 3 1 0
431.116 0.464056 0.0787219 3 1 0
431.616 0.464117 0.0786983 3 1 0
432.116 0.464175 0.0786782 3 1 0
432.616 0.464293 0.0786335 3 1 0
433.116 0.46431 0.0786053 3 1 0
433.616 0.464333 0.0785812 3 1 0
434.116 0.464333 0.0785631 3 1 0
434.616 0.464391 0.0785303 3 1 0
435.116 0.46445 0.0784979 3 1 0
435.616 0.464515 0.0785234 3 1 0
436.116 0.464565 0.0784975 3 1 0
436.616 0.464616 0.0784712 3 1 0
437.116 0.464617 0.0784282 3 1 0
437.616 0.464666 0.0783959 3 1 0
438.116 0.464715 0.0783636 3 1 0
438.616 0.464812 0.0782879 3 1 0
439.116 0.464872 0.0782605 3 1 0
439.616 0.464932 0.078235 3 1 0
440.116 0.464982 0.0782122 3 1 0
440.616 0.46504 0.078189 3 1 0
441.116 0.465098 0.0781677 3 1 0
441.616 0.465127 0.0781841 3 1 0
442.116 0.465175 0.0781522 3 1 0
442.616 0.465222 0.0781203 3 1 0
443.116 0.465284 0.0781477 3 1 0
443.616 0.465333 0.0781175 3 1 0
444.116 0.465381 0.078087 3 1 0
444.616 0.46541 0.0778441 3 1 0
445.116 0.465446 0.0778167 3 1 0
445.616 0.465484 0.0777899 3 1 0
446.116 0.465625 0.0778906 3 1 0
446.616 0.46568 0.0778585 3 1 0
447.116 0.465735 0.0778274 3 1 0
447.616 0.465767 0.077801 3 1 0
448.116 0.465817 0.077773 3 1 0
448.616 0.465866 0.0777494 3 1 0
449.116 0.465911 0.0777727 3 1 0
449.616 0.465968 0.077767 3 1 0
450.116 0.466028 0.0777234 3 1 0
450.616 0.466031 0.0776864 3 1 0
451.116 0.466076 0.0776521 3 1 0
451.616 0.46612 0.0776177 3 1 0
452.116 0.466339 0.0775549 3 1 0
452.616 0.466372 0.0775357 3 1 0
453.116 0.466405 0.0775185 3 1 0
453.616 0.466407 0.0775014 3 1 0
454.116 0.466457 0.0774774 3 1 0
454.616 0.466506 0.0774534 3 1 0
455.116 0.46655 0.0774069 3 1 0
455.616 0.466601 0.0773796 3 1 0
456.116 0.466651 0.0773532 3 1 0
456.616 0.466741 0.0773408 3 1 0
457.116 0.466779 0.0773242 3 1 0
457.616 0.466818 0.0773078 3 1 0
458.116 0.466827 0.0772772 3 1 0
458.616 0.466877 0.077249 3 1 0
459.116 0.466927 0.0772213 3 1 0
459.616 0.466999 0.0772246 3 1 0
460.116 0.46704 0.0772088 3 1 0
460.616 0.467082 0.0771929 3 1 0
461.116 0.467104 0.0771655 3 1 0
461.616 0.467152 0.077138 3 1 0
462.116 0.4672 0.0771095 3 1 0
462.616 0.467211 0.0770724 3 1 0
463.116 0.467267 0.0770378 3 1 0
463.616 0.467323 0.0770035 3 1 0
464.116 0.467382 0.0769953 3 1 0
464.616 0.467423 0.0769783 3 1 0
465.116 0.467464 0.0769618 3 1 0
465.616 0.467497 0.0769044 3 1 0
466.116 0.467539 0.076879 3 1 0
466.616 0.467581 0.0768538 3 1 0
467.116 0.467623 0.0768238 3 1 0
467.616 0.467666 0.0768 3 1 0
468.116 0.46771 0.0767763 3 1 0
468.616 0.467756 0.0767594 3 1 0
469.116 0.467798 0.0767352 3 1 0
469.616 0.467841 0.0767111 3 1 0
470.116 0.46788 0.0766857 3 1 0
470.616 0.467922 0.0766621 3 1 0
471.116 0.467965 0.0766387 3 1 0
471.616 0.468009 0.0766336 3 1 0
472.116 0.468057 0.076607 3 1 0
472.616 0.468105 0.0765808 3 1 0
473.116 0.468166 0.0765971 3 1 0
473.616 0.468204 0.0765709 3 1 0
474.116 0.468243 0.0765456 3 1 0
474.616 0.468272 0.0765217 3 1 0
475.116 0.468319 0.0764948 3 1 0
475.616 0.468365 0.0764679 3 1 0
476.116 0.468349 0.0764255 3 1 0
476.616 0.468397 0.0764217 3 1 0
477.116 0.46845 0.0764235 3 1 0
477.616 0.468598 0.0763472 3 1 0
478.116 0.468643 0.0763214 3 1 0
478.616 0.468687 0.0762981 3 1 0
479.116 0.468828 0.0762746 3 1 0
479.616 0.468824 0.0762633 3 1 0
480.116 0.468835 0.076251 3 1 0
480.616 0.468696 0.0761954 3 1 0
481.116 0.468727 0.0761649 3 1 0
481.616 0.46876 0.0761355 3 1 0
482.116 0.468941 0.0761586 3 1 0
482.616 0.468987 0.0761406 3 1 0
483.116 0.469033 0.0761225 3 1 0
483.616 0.469066 0.0760302 3 1 0
484.116 0.469103 0.0760074 3 1 0
484.616 0.46914 0.0759849 3 1 0
485.116 0.469206 0.0760286 3 1 0
485.616 0.469254 0.0760134 3 1 0
486.116 0.469301 0.0759978 3 1 0
486.616 0.469333 0.076015 3 1 0
487.116 0.469382 0.076008 3 1 0
487.616 0.469432 0.0759996 3 1 0
488.116 0.469478 0.0759705 3 1 0
488.616 0.469523 0.0759603 3 1 0
489.116 0.469568 0.0759488 3 1 0
489.616 0.469606 0.0758322 3 1 0
490.116 0.469647 0.075819 3 1 0
490.616 0.469687 0.0758077 3 1 0
491.116 0.469749 0.0758458 3 1 0
491.616 0.46979 0.0758272 3 1 0
492.116 0.469831 0.0758083 3 1 0
492.616 0.46987 0.0757095 3 1 0
493.116 0.469911 0.0756922 3 1 0
493.616 0.469952 0.0756753 3 1 0
494.116 0.469994 0.0756523 3 1 0
494.616 0.470033 0.0756392 3 1 0
495.116 0.470074 0.0756267 3 1 0
495.616 0.470118 0.0756775 3 1 0
496.116 0.470159 0.0756639 3 1 0
496.616 0.470199 0.0756494 3 1 0
497.116 0.470169 0.0755579 3 1 0
497.616 0.470213 0.0755354 3 1 0
498.116 0.470259 0.0755125 3 1 0
498.616 0.470345 0.0754732 3 1 0
499.116 0.470386 0.0754551 3 1 0
499.616 0.470426 0.0754374 3 1 0
500.116 0.470436 0.0754222 3 1 0
500.616 0.470475 0.0754035 3 1 0
501.116 0.470514 0.0753849 3 1 0
501.616 0.470613 0.0753961 3 1 0
502.116 0.470643 0.0753708 3 1 0
502.616 0.470675 0.0753474 3 1 0
503.116 0.470693 0.0753264 3 1 0
503.616 0.470732 0.0753012 3 1 0
504.116 0.470772 0.0752765 3 1 0
504.616 0.470762 0.0752172 3 1 0
505.116 0.47078 0.0752009 3 1 0
505.616 0.470789 0.0752078 3 1 0
506.116 0.470205 0.0752418 3 1 0
506.616 0.470348 0.0752194 4 1 0
507.116 0.47057 0.0751912 4 1 0
507.616 0.470904 0.0752248 3 1 0
508.116 0.470933 0.0751643 3 1 0
508.616 0.471002 0.0751217 3 1 0
509.116 0.471282 0.0750707 3 1 0
509.616 0.471321 0.0750515 3 1 0
510.116 0.471323 0.075043 3 1 0
510.616 0.471265 0.0750464 3 1 0
511.116 0.471303 0.0750296 3 1 0
511.116 0.471303 0.0750296 4 1 0
511.136 0.471304 0.0750293 3 1 0
511.166 0.471307 0.0750286 3 1 0
511.211 0.471335 0.0750244 3 1 0
511.261 0.47134 0.0750334 3 1 0
511.335 0.471346 0.0750422 3 1 0
511.446 0.471319 0.074997 3 1 0
511.569 0.471331 0.0749945 3 1 0
511.753 0.471347 0.0749904 3 1 0
512.028 0.471349 0.0750476 3 1 0
512.442 0.471378 0.0750343 3 1 0
512.942 0.471413 0.0750181 3 1 0
513.442 0.471443 0.0749165 3 1 0
513.942 0.471469 0.0749078 3 1 0
514.442 0.471498 0.0749024 3 1 0
514.942 0.471197 0.0749025 3 1 0
515.442 0.471235 0.0748773 3 1 0
515.942 0.471293 0.074854 3 1 0
516.442 0.471622 0.0748385 3 1 0
516.942 0.471678 0.074815 3 1 0
517.442 0.471737 0.0747912 3 1 0
517.942 0.471801 0.07477 3 1 0
518.442 0.471843 0.0747493 3 1 0
518.942 0.471884 0.0747291 3 1 0
519.442 0.471867 0.0747571 3 1 0
519.942 0.471904 0.074737 3 1 0
520.442 0.471942 0.074717 3 1 0
520.942 0.471748 0.0747183 3 1 0
521.442 0.471774 0.0746914 3 1 0
521.942 0.471806 0.0746649 3 1 0
522.442 0.471995 0.0746582 3 1 0
522.942 0.472026 0.0746463 3 1 0
523.442 0.472057 0.0746352 3 1 0
523.942 0.47226 0.0745492 3 1 0
524.442 0.472299 0.0745318 3 1 0
524.942 0.472336 0.0745147 3 1 0
525.442 0.472355 0.0744976 3 1 0
525.942 0.47239 0.0744808 3 1 0
526.442 0.472425 0.0744641 3 1 0
526.942 0.472449 0.0744506 3 1 0
527.442 0.472484 0.074434 3 1 0
527.942 0.472519 0.0744173 3 1 0
528.442 0.472552 0.074402 3 1 0
528.942 0.472587 0.0743854 3 1 0
529.442 0.472622 0.0743689 3 1 0
529.942 0.472657 0.0743526 3 1 0
530.442 0.472692 0.0743363 3 1 0
530.942 0.472727 0.0743199 3 1 0
531.442 0.472761 0.0743037 3 1 0
531.942 0.472796 0.0742875 3 1 0
532.442 0.472831 0.0742713 3 1 0
532.942 0.472866 0.0742551 3 1 0
533.442 0.472901 0.074239 3 1 0
533.942 0.472936 0.074223 3 1 0
534.442 0.47297 0.074207 3 1 0
534.942 0.473005 0.074191 3 1 0
535.442 0.473039 0.0741751 3 1 0
535.942 0.473074 0.0741595 3 1 0
536.442 0.473109 0.0741437 3 1 0
536.942 0.473143 0.0741279 3 1 0
537.442 0.473177 0.0741121 3 1 0
537.942 0.473211 0.0740964 3 1 0
538.442 0.473245 0.0740808 3 1 0
538.942 0.473279 0.0740654 3 1 0
539.442 0.473313 0.0740498 3 1 0
539.942 0.473347 0.0740342 3 1 0
540.442 0.47338 0.0740188 3 1 0
540.942 0.473414 0.0740033 3 1 0
541.442 0.473448 0.0739879 3 1 0
541.942 0.473481 0.0739727 3 1 0
542.442 0.473515 0.0739574 3 1 0
542.942 0.473548 0.0739421 3 1 0
543.442 0.473582 0.0739269 3 1 0
543.942 0.473615 0.0739117 3 1 0
544.442 0.473648 0.0738965 3 1 0
544.942 0.473682 0.0738815 3 1 0
545.442 0.473716 0.0738664 3 1 0
545.942 0.473749 0.0738513 3 1 0
546.442 0.47378 0.073836 3 1 0
546.942 0.473813 0.073821 3 1 0
547.442 0.473846 0.0738061 3 1 0
547.942 0.473878 0.0737914 3 1 0
548.442 0.473911 0.0737765 3 1 0
548.942 0.473944 0.0737617 3 1 0
549.442 0.473977 0.0737472 3 1 0
549.942 0.47401 0.0737324 3 1 0
550.442 0.474043 0.0737177 3 1 0
550.942 0.474074 0.0737032 3 1 0
551.442 0.474107 0.0736886 3 1 0
551.942 0.474139 0.073674 3 1 0
552.442 0.474171 0.0736596 3 1 0
552.942 0.474203 0.0736451 3 1 0
553.442 0.474235 0.0736307 3 1 0
553.942 0.474267 0.0736163 3 1 0
554.442 0.474299 0.0736019 3 1 0
554.942 0.474331 0.0735876 3 1 0
555.442 0.474363 0.0735733 3 1 0
555.942 0.474395 0.0735591 3 1 0
556.442 0.474427 0.0735448 3 1 0
556.942 0.474458 0.0735307 3 1 0
557.442 0.47449 0.0735165 3 1 0
557.942 0.474521 0.0735024 3 1 0
558.442 0.474553 0.0734884 3 1 0
558.942 0.474584 0.0734743 3 1 0
559.442 0.474616 0.0734603 3 1 0
559.942 0.474647 0.0734464 3 1 0
560.442 0.474678 0.0734324 3 1 0
560.942 0.474709 0.0734185 3 1 0
561.442 0.47474 0.0734047 3 1 0
561.942 0.474772 0.0733909 3 1 0
562.442 0.474803 0.0733771 3 1 0
562.942 0.474833 0.0733633 3 1 0
563.442 0.474864 0.0733496 3 1 0
563.942 0.474895 0.0733359 3 1 0
564.442 0.474926 0.0733223 3 1 0
564.942 0.474957 0.0733087 3 1 0
565.442 0.474988 0.0732951 3 1 0
565.942 0.475018 0.0732816 3 1 0
566.442 0.475049 0.0732681 3 1 0
566.942 0.475079 0.0732546 3 1 0
567.442 0.47511 0.0732412 3 1 0
567.942 0.47514 0.0732278 3 1 0
568.442 0.475171 0.0732144 3 1 0
568.942 0.475202 0.0732011 3 1 0
569.442 0.475232 0.0731878 3 1 0
569.942 0.475262 0.0731745 3 1 0
570.442 0.475294 0.0731615 3 1 0
570.942 0.475324 0.0731483 3 1 0
571.442 0.475354 0.0731351 3 1 0
571.942 0.475386 0.0731228 3 1 0
572.442 0.475416 0.0731095 3 1 0
572.942 0.475446 0.0730963 3 1 0
573.442 0.475479 0.0730881 3 1 0
573.942 0.475509 0.0730745 3 1 0
574.442 0.47554 0.073061 3 1 0
574.942 0.475443 0.0730786 3 1 0
575.442 0.475473 0.0730671 3 1 0
575.942 0.475504 0.0730557 3 1 0
576.442 0.475587 0.0730534 3 1 0
576.942 0.47562 0.0730426 3 1 0
577.442 0.475652 0.0730311 3 1 0
577.942 0.475709 0.0730308 3 1 0
578.442 0.475736 0.0730155 3 1 0
578.942 0.475763 0.0730011 3 1 0
579.442 0.475828 0.0729371 3 1 0
579.942 0.475877 0.0729283 3 1 0
580.442 0.475916 0.0729233 3 1 0
580.942 0.475835 0.0728993 3 1 0
581.442 0.475866 0.0728868 3 1 0
581.942 0.475898 0.0728744 3 1 0
582.442 0.475954 0.0728749 3 1 0
582.942 0.475985 0.0728656 3 1 0
583.442 0.476016 0.0728573 3 1 0
583.942 0.476008 0.0728259 3 1 0
584.442 0.476037 0.0728136 3 1 0
584.942 0.476065 0.0728014 3 1 0
585.442 0.476115 0.0727925 3 1 0
585.942 0.476151 0.0727837 3 1 0
586.442 0.476186 0.0727772 3 1 0
586.942 0.476227 0.0727338 3 1 0
587.442 0.476253 0.0727209 3 1 0
587.942 0.476278 0.0727092 3 1 0
588.442 0.476326 0.0727153 3 1 0
588.942 0.476356 0.0727022 3 1 0
589.442 0.476385 0.0726892 3 1 0
589.942 0.476353 0.072683 3 1 0
590.442 0.476394 0.0726752 3 1 0
590.942 0.476432 0.0726695 3 1 0
591.442 0.476456 0.0726532 3 1 0
591.942 0.476475 0.07264 3 1 0
592.442 0.476495 0.0726271 3 1 0
592.942 0.476526 0.0726337 3 1 0
593.442 0.476548 0.0726337 3 1 0
593.942 0.476566 0.0726201 3 1 0
594.442 0.476541 0.0725835 3 1 0
594.942 0.476568 0.072576 3 1 0
595.442 0.476601 0.0725694 3 1 0
595.942 0.47659 0.0725434 3 1 0
596.442 0.476621 0.0725323 3 1 0
596.942 0.476651 0.0725212 3 1 0
597.442 0.476667 0.0725125 3 1 0
597.942 0.476695 0.0725016 3 1 0
598.442 0.476723 0.0724908 3 1 0
598.942 0.476362 0.0725524 3 1 0
599.442 0.476346 0.0725307 3 1 0
599.942 0.47634 0.0725082 3 1 0
600.442 0.476956 0.0724657 3 1 0
600.942 0.476954 0.0724433 3 1 0
601.442 0.476958 0.0724253 3 1 0
601.942 0.477 0.072396 3 1 0
602.442 0.477024 0.0723866 3 1 0
602.942 0.477047 0.0723787 3 1 0
603.442 0.477083 0.0723561 4 1 0
603.942 0.477169 0.0723405 4 1 0
604.442 0.477244 0.0723257 4 1 0
604.942 0.477107 0.0723429 3 1 0
605.442 0.477147 0.0723312 3 1 0
605.942 0.477187 0.0723194 3 1 0
606.442 0.477132 0.0723101 3 1 0
606.942 0.477165 0.0723014 3 1 0
200 0.285714 0.285714 2 1 0
200.04 0.285714 0.285714 1 1 0
200.08 0.285714 0.285714 1 1 0
200.16 0.285714 0.285714 1 1 0
200.32 0.285714 0.285714 1 1 0
200.64 0.285714 0.285714 1 1 0
201.14 0.285714 0.285714 1 1 0
201.64 0.285714 0.285714 1 1 0
202.14 0.285714 0.285714 1 1 0
202.64 0.285714 0.285714 1 1 0
203.14 0.285714 0.285714 1 1 0
203.64 0.285714 0.285714 1 1 0
204.14 0.285714 0.285714 1 1 0
204.64 0.285714 0.285714 1 1 0
205.14 0.285714 0.285714 1 1 0
205.64 0.285714 0.285714 1 1 0
206.14 0.285714 0.285714 1 1 0
206.64 0.285714 0.285714 1 1 0
207.14 0.285714 0.285714 1 1 0
207.64 0.285714 0.285714 1 1 0
208.14 0.285714 0.285714 1 1 0
208.64 0.285714 0.285714 1 1 0
209.14 0.285714 0.285714 1 1 0
209.64 0.285714 0.285714 1 1 0
210.14 0.285714 0.285714 1 1 0
210.64 0.285714 0.285714 1 1 0
211.14 0.285714 0.285714 1 1 0
211.64 0.285714 0.285714 1 1 0
212.14 0.285714 0.285714 1 1 0
212.64 0.285714 0.285714 1 1 0
213.14 0.285714 0.285714 1 1 0
213.64 0.285714 0.285714 1 1 0
214.14 0.285714 0.285714 1 1 0
214.64 0.285714 0.285714 1 1 0
215.14 0.285714 0.285714 1 1 0
215.64 0.285714 0.285714 1 1 0
216.14 0.285714 0.285714 1 1 0
216.64 0.285714 0.285714 1 1 0
217.14 0.285714 0.285714 1 1 0
217.64 0.285714 0.285714 1 1 0
218.14 0.285714 0.285714 1 1 0
218.64 0.285714 0.285714 1 1 0
219.14 0.285714 0.285714 1 1 0
219.64 0.285714 0.285714 1 1 0
220.14 0.285714 0.285714 1 1 0
220.64 0.285714 0.285714 1 1 0
221.14 0.285714 0.285714 1 1 0
221.64 0.285714 0.285714 1 1 0
222.14 0.285714 0.285714 1 1 0
222.64 0.285714 0.285714 1 1 0
223.14 0.285714 0.285714 1 1 0
223.64 0.285714 0.285714 1 1 0
224.14 0.285714 0.285714 1 1 0
224.64 0.285714 0.285714 1 1 0
225.14 0.285714 0.285714 1 1 0
225.64 0.285714 0.285714 1 1 0
226.14 0.285714 0.285714 1 1 0
226.64 0.285714 0.285714 1 1 0
227.14 0.285714 0.285714 1 1 0
227.64 0.285714 0.285714 1 1 0
228.14 0.285714 0.285714 1 1 0
228.64 0.285714 0.285714 1 1 0
229.14 0.285714 0.285714 1 1 0
229.64 0.285714 0.285714 1 1 0
230.14 0.285714 0.285714 1 1 0
230.64 0.285714 0.285714 1 1 0
231.14 0.285714 0.285714 1 1 0
231.64 0.285714 0.285714 1 1 0
232.14 0.285714 0.285714 1 1 0
232.64 0.285714 0.285714 1 1 0
233.14 0.285714 0.285714 1 1 0
233.64 0.285714 0.285714 1 1 0
234.14 0.285714 0.285714 1 1 0
234.64 0.285714 0.285714 1 1 0
235.14 0.285714 0.285714 1 1 0
235.64 0.285714 0.285714 1 1 0
236.14 0.285714 0.285714 1 1 0
236.64 0.285714 0.285714 1 1 0
237.14 0.285714 0.285714 1 1 0
237.64 0.285714 0.285714 1 1 0
238.14 0.285714 0.285714 1 1 0
238.64 0.285714 0.285714 1 1 0
239.14 0.285714 0.285714 1 1 0
239.64 0.285714 0.285714 1 1 0
240.14 0.285714 0.285714 1 1 0
240.64 0.285714 0.285714 1 1 0
241.14 0.285714 0.285714 1 1 0
241.64 0.285714 0.285714 1 1 0
242.14 0.285714 0.285714 1 1 0
242.64 0.285714 0.285714 1 1 0
243.14 0.285714 0.285714 1 1 0
243.64 0.285714 0.285714 1 1 0
244.14 0.285714 0.285714 1 1 0
244.64 0.285714 0.285714 1 1 0
245.14 0.285714 0.285714 1 1 0
245.64 0.285714 0.285714 1 1 0
246.14 0.285714 0.285714 1 1 0
246.64 0.285714 0.285714 1 1 0
247.14 0.285714 0.285714 1 1 0
247.64 0.285714 0.285714 1 1 0
248.14 0.285714 0.285714 1 1 0
248.64 0.285714 0.285714 1 1 0
249.14 0.285714 0.285714 1 1 0
249.64 0.285714 0.285714 1 1 0
250.14 0.285714 0.285714 1 1 0
250.64 0.285714 0.285714 1 1 0
251.14 0.285714 0.285714 1 1 0
251.64 0.285714 0.285714 1 1 0
252.14 0.285714 0.285714 1 1 0
252.64 0.285714 0.285714 1 1 0
253.14 0.285714 0.285714 1 1 0
253.64 0.285714 0.285714 1 1 0
254.14 0.285714 0.285714 1 1 0
254.64 0.285714 0.285714 1 1 0
255.14 0.285714 0.285714 1 1 0
255.64 0.285714 0.285714 1 1 0
256.14 0.285714 0.285714 1 1 0
256.64 0.285714 0.285714 1 1 0
257.14 0.285714 0.285714 1 1 0
257.64 0.285714 0.285714 1 1 0
258.14 0.285714 0.285714 1 1 0
258.64 0.285714 0.285714 1 1 0
259.14 0.285714 0.285714 1 1 0
259.64 0.285714 0.285714 1 1 0
260.14 0.285714 0.285714 1 1 0
260.64 0.285714 0.285714 1 1 0
261.14 0.285714 0.285714 1 1 0
261.64 0.285714 0.285714 1 1 0
262.14 0.285714 0.285714 1 1 0
262.64 0.285714 0.285714 1 1 0
263.14 0.285714 0.285714 1 1 0
263.64 0.285714 0.285714 1 1 0
264.14 0.285714 0.285714 1 1 0
264.64 0.285714 0.285714 1 1 0
265.14 0.285714 0.285714 1 1 0
265.64 0.285714 0.285714 1 1 0
266.14 0.285714 0.285714 1 1 0
266.64 0.285714 0.285714 1 1 0
267.14 0.285714 0.285714 1 1 0
267.64 0.285714 0.285714 1 1 0
268.14 0.285714 0.285714 1 1 0
268.64 0.285714 0.285714 1 1 0
269.14 0.285714 0.285714 1 1 0
269.64 0.285714 0.285714 1 1 0
270.14 0.285714 0.285714 1 1 0
270.64 0.285714 0.285714 1 1 0
271.14 0.285714 0.285714 1 1 0
271.64 0.285714 0.285714 1 1 0
272.14 0.285714 0.285714 1 1 0
272.64 0.285714 0.285714 1 1 0
273.14 0.285714 0.285714 1 1 0
273.64 0.285714 0.285714 1 1 0
274.14 0.285714 0.285714 1 1 0
274.64 0.285714 0.285714 1 1 0
275.14 0.285714 0.285714 1 1 0
275.64 0.285714 0.285714 1 1 0
276.14 0.285714 0.285714 1 1 0
276.64 0.285714 0.285714 1 1 0
277.14 0.285714 0.285714 1 1 0
277.64 0.285714 0.285714 1 1 0
278.14 0.285714 0.285714 1 1 0
278.64 0.285714 0.285714 1 1 0
279.14 0.285714 0.285714 1 1 0
279.64 0.285714 0.285714 1 1 0
280.14 0.285714 0.285714 1 1 0
280.64 0.285714 0.285714 1 1 0
281.14 0.285714 0.285714 1 1 0
281.64 0.285714 0.285714 1 1 0
282.14 0.285714 0.285714 1 1 0
282.64 0.285714 0.285714 1 1 0
283.14 0.285714 0.285714 1 1 0
283.64 0.285714 0.285714 1 1 0
284.14 0.285714 0.285714 1 1 0
284.64 0.285714 0.285714 1 1 0
285.14 0.285714 0.285714 1 1 0
285.64 0.285714 0.285714 1 1 0
286.14 0.285714 0.285714 1 1 0
286.64 0.285714 0.285714 1 1 0
287.14 0.285714 0.285714 1 1 0
287.64 0.285714 0.285714 1 1 0
288.14 0.285714 0.285714 1 1 0
288.64 0.285714 0.285714 1 1 0
289.14 0.285714 0.285714 1 1 0
289.64 0.285714 0.285714 1 1 0
290.14 0.285714 0.285714 1 1 0
290.64 0.285714 0.285714 1 1 0
291.14 0.285714 0.285714 1 1 0
291.64 0.285714 0.285714 1 1 0
292.14 0.285714 0.285714 1 1 0
292.64 0.285714 0.285714 1 1 0
293.14 0.285714 0.285714 1 1 0
293.64 0.285714 0.285714 1 1 0
294.14 0.285714 0.285714 1 1 0
294.64 0.285714 0.285714 1 1 0
295.14 0.285714 0.285714 1 1 0
295.64 0.285714 0.285714 1 1 0
296.14 0.285714 0.285714 1 1 0
296.64 0.285714 0.285714 1 1 0
297.14 0.285714 0.285714 1 1 0
297.64 0.285714 0.285714 1 1 0
297.64 0.285714 0.285714 2 1 0
297.68 0.285714 0.285714 1 1 0
297.72 0.285714 0.285714 1 1 0
297.8 0.285714 0.285714 1 1 0
297.96 0.285714 0.285714 1 1 0
298.28 0.285714 0.285714 1 1 0
298.78 0.285714 0.285714 1 1 0
299.28 0.285714 0.285714 1 1 0
299.78 0.285714 0.285714 1 1 0
300.28 0.285714 0.285714 1 1 0
300.78 0.285714 0.285714 1 1 0
301.28 0.285714 0.285714 1 1 0
301.78 0.285714 0.285714 1 1 0
302.28 0.285714 0.285714 1 1 0
302.78 0.285714 0.285714 1 1 0
303.28 0.285714 0.285714 1 1 0
303.78 0.285714 0.285714 1 1 0
304.28 0.285714 0.285714 1 1 0
304.78 0.285714 0.285714 1 1 0
305.28 0.285714 0.285714 1 1 0
305.78 0.285714 0.285714 1 1 0
306.28 0.285714 0.285714 1 1 0
306.78 0.285714 0.285714 1 1 0
307.28 0.285714 0.285714 1 1 0
307.78 0.285714 0.285714 1 1 0
308.28 0.285714 0.285714 1 1 0
308.78 0.285714 0.285714 1 1 0
309.28 0.285714 0.285714 1 1 0
309.78 0.285714 0.285714 1 1 0
310.28 0.285714 0.285714 1 1 0
310.78 0.285714 0.285714 1 1 0
311.28 0.285714 0.285714 1 1 0
311.78 0.285714 0.285714 1 1 0
312.28 0.285714 0.285714 1 1 0
312.78 0.285714 0.285714 1 1 0
313.28 0.285714 0.285714 1 1 0
313.78 0.285714 0.285714 1 1 0
314.28 0.285714 0.285714 1 1 0
314.78 0.285714 0.285714 1 1 0
315.28 0.285714 0.285714 1 1 0
315.78 0.285714 0.285714 1 1 0
316.28 0.285714 0.285714 1 1 0
316.78 0.285714 0.285714 1 1 0
317.28 0.285714 0.285714 1 1 0
317.78 0.285714 0.285714 1 1 0
318.28 0.285714 0.285714 1 1 0
318.78 0.285714 0.285714 1 1 0
319.28 0.285714 0.285714 1 1 0
319.78 0.285714 0.285714 1 1 0
320.28 0.285714 0.285714 1 1 0
320.78 0.285714 0.285714 1 1 0
321.28 0.285714 0.285714 1 1 0
321.78 0.285714 0.285714 1 1 0
322.28 0.285714 0.285714 1 1 0
322.78 0.285714 0.285714 1 1 0
323.28 0.285714 0.285714 1 1 0
323.78 0.285714 0.285714 1 1 0
324.28 0.285714 0.285714 1 1 0
324.78 0.285714 0.285714 1 1 0
325.28 0.285714 0.285714 1 1 0
325.78 0.285714 0.285714 1 1 0
326.28 0.285714 0.285714 1 1 0
326.78 0.285714 0.285714 1 1 0
327.28 0.285714 0.285714 1 1 0
327.78 0.285714 0.285714 1 1 0
328.28 0.285714 0.285714 1 1 0
328.78 0.285714 0.285714 1 1 0
329.28 0.285714 0.285714 1 1 0
329.78 0.285714 0.285714 1 1 0
330.28 0.285714 0.285714 1 1 0
330.78 0.285714 0.285714 1 1 0
331.28 0.285714 0.285714 1 1 0
331.78 0.285714 0.285714 1 1 0
332.28 0.285714 0.285714 1 1 0
332.78 0.285714 0.285714 1 1 0
333.28 0.285714 0.285714 1 1 0
333.78 0.285714 0.285714 1 1 0
334.28 0.285714 0.285714 1 1 0
334.78 0.285714 0.285714 1 1 0
335.28 0.285714 0.285714 1 1 0
335.78 0.285714 0.285714 1 1 0
336.28 0.285714 0.285714 1 1 0
336.78 0.285714 0.285714 1 1 0
337.28 0.285714 0.285714 1 1 0
337.78 0.285714 0.285714 1 1 0
338.28 0.285714 0.285714 1 1 0
338.78 0.285714 0.285714 1 1 0
339.28 0.285714 0.285714 1 1 0
339.78 0.285714 0.285714 1 1 0
340.28 0.285714 0.285714 1 1 0
340.78 0.285714 0.285714 1 1 0
341.28 0.285714 0.285714 1 1 0
341.78 0.285714 0.285714 1 1 0
342.28 0.285714 0.285714 1 1 0
342.78 0.285714 0.285714 1 1 0
343.28 0.285714 0.285714 1 1 0
343.78 0.285714 0.285714 1 1 0
344.28 0.285714 0.285714 1 1 0
344.78 0.285714 0.285714 1 1 0
345.28 0.285714 0.285714 1 1 0
345.78 0.285714 0.285714 1 1 0
346.28 0.285714 0.285714 1 1 0
346.78 0.285714 0.285714 1 1 0
347.28 0.285714 0.285714 1 1 0
347.78 0.285714 0.285714 1 1 0
348.28 0.285714 0.285714 1 1 0
348.78 0.285714 0.285714 1 1 0
349.28 0.285714 0.285714 1 1 0
349.78 0.285714 0.285714 1 1 0
350.28 0.285714 0.285714 1 1 0
350.78 0.285714 0.285714 1 1 0
351.28 0.285714 0.285714 1 1 0
351.78 0.285714 0.285714 1 1 0
352.28 0.285714 0.285714 1 1 0
352.78 0.285714 0.285714 1 1 0
353.28 0.285714 0.285714 1 1 0
353.78 0.285714 0.285714 1 1 0
354.28 0.285714 0.285714 1 1 0
354.78 0.285714 0.285714 1 1 0
355.28 0.285714 0.285714 1 1 0
355.78 0.285714 0.285714 1 1 0
356.28 0.285714 0.285714 1 1 0
356.78 0.285714 0.285714 1 1 0
357.28 0.285714 0.285714 1 1 0
357.78 0.285714 0.285714 1 1 0
358.28 0.285714 0.285714 1 1 0
358.78 0.285714 0.285714 1 1 0
358.845 0.285714 0.285714 2 1 0
359.345 0.285714 0.285714 2 1 0
359.845 0.285714 0.285714 2 1 0
360.345 0.285714 0.285714 2 1 0
360.845 0.285714 0.285714 2 1 0
361.345 0.285714 0.285714 2 1 0
361.845 0.285714 0.285714 2 1 0
362.345 0.285714 0.285714 2 1 0
362.845 0.285714 0.285714 2 1 0
363.345 0.285714 0.285714 2 1 0
363.845 0.285714 0.285714 2 1 0
364.345 0.285714 0.285714 2 1 0
364.845 0.285714 0.285714 2 1 0
365.345 0.285714 0.285714 2 1 0
365.845 0.285714 0.285714 2 1 0
366.345 0.285714 0.285714 2 1 0
366.845 0.285714 0.285714 2 1 0
367.345 0.285714 0.285714 2 1 0
367.845 0.285714 0.285714 2 1 0
368.345 0.285714 0.285714 2 1 0
368.845 0.285714 0.285714 2 1 0
369.345 0.285714 0.285714 2 1 0
369.845 0.285714 0.285714 2 1 0
370.345 0.285714 0.285714 2 1 0
370.845 0.285714 0.285714 2 1 0
371.345 0.285714 0.285714 2 1 0
371.845 0.285714 0.285714 2 1 0
372.345 0.285714 0.285714 2 1 0
372.845 0.285714 0.285714 2 1 0
373.345 0.285714 0.285714 2 1 0
373.845 0.285714 0.285714 2 1 0
374.345 0.285714 0.285714 2 1 0
374.845 0.285714 0.285714 2 1 0
375.345 0.285714 0.285714 2 1 0
375.845 0.285714 0.285714 2 1 0
376.345 0.285714 0.285714 2 1 0
376.845 0.285714 0.285714 2 1 0
377.345 0.285714 0.285714 2 1 0
377.845 0.285714 0.285714 2 1 0
378.345 0.285714 0.285714 2 1 0
378.845 0.285714 0.285714 2 1 0
379.345 0.285714 0.285714 2 1 0
379.845 0.285714 0.285714 2 1 0
380.345 0.285714 0.285714 2 1 0
380.845 0.285714 0.285714 2 1 0
381.345 0.285714 0.285714 2 1 0
381.845 0.285714 0.285714 2 1 0
382.345 0.285714 0.285714 2 1 0
382.845 0.285714 0.285714 2 1 0
383.345 0.285714 0.285714 2 1 0
383.845 0.285714 0.285714 2 1 0
384.345 0.285714 0.285714 2 1 0
384.845 0.285714 0.285714 2 1 0
385.345 0.285714 0.285714 2 1 0
385.845 0.285714 0.285714 2 1 0
386.345 0.285714 0.285714 2 1 0
386.845 0.285714 0.285714 2 1 0
387.345 0.285714 0.285714 2 1 0
387.845 0.285714 0.285714 2 1 0
388.345 0.285714 0.285714 2 1 0
388.845 0.285714 0.285714 2 1 0
389.345 0.285714 0.285714 2 1 0
389.845 0.285714 0.285714 2 1 0
390.345 0.285714 0.285714 2 1 0
390.845 0.285714 0.285714 2 1 0
391.345 0.285714 0.285714 2 1 0
391.845 0.285714 0.285714 2 1 0
392.345 0.285714 0.285714 2 1 0
392.845 0.285714 0.285714 2 1 0
393.345 0.285714 0.285714 2 1 0
393.845 0.285714 0.285714 2 1 0
394.345 0.285714 0.285714 2 1 0
394.845 0.285714 0.285714 2 1 0
394.845 0.285714 0.285714 2 1 0
394.885 0.285714 0.285714 2 1 0
394.925 0.285714 0.285714 2 1 0
395.005 0.285714 0.285714 2 1 0
395.165 0.285714 0.285714 2 1 0
395.485 0.285714 0.285714 2 1 0
395.985 0.285714 0.285714 2 1 0
396.485 0.285714 0.285714 2 1 0
396.985 0.285714 0.285714 2 1 0
397.485 0.285714 0.285714 2 1 0
397.985 0.285714 0.285714 2 1 0
398.485 0.285714 0.285714 2 1 0
398.985 0.285714 0.285714 2 1 0
399.485 0.285714 0.285714 2 1 0
399.985 0.285714 0.285714 2 1 0
400.485 0.285714 0.285714 2 1 0
400.985 0.285714 0.285714 2 1 0
401.485 0.285714 0.285714 2 1 0
401.985 0.285714 0.285714 2 1 0
402.485 0.285714 0.285714 2 1 0
402.985 0.285714 0.285714 2 1 0
403.485 0.285714 0.285714 2 1 0
403.985 0.285714 0.285714 2 1 0
404.485 0.285714 0.285714 2 1 0
404.985 0.285714 0.285714 2 1 0
405.485 0.285714 0.285714 2 1 0
405.985 0.285714 0.285714 2 1 0
406.485 0.285714 0.285714 2 1 0
406.985 0.285714 0.285714 2 1 0
407.485 0.285714 0.285714 2 1 0
407.985 0.285714 0.285714 2 1 0
408.485 0.285714 0.285714 2 1 0
408.985 0.285714 0.285714 2 1 0
409.485 0.285714 0.285714 2 1 0
409.985 0.285714 0.285714 2 1 0
410.485 0.285714 0.285714 2 1 0
410.985 0.285714 0.285714 2 1 0
411.485 0.285714 0.285714 2 1 0
411.985 0.285714 0.285714 2 1 0
412.485 0.285714 0.285714 2 1 0
412.985 0.285714 0.285714 2 1 0
413.485 0.285714 0.285714 2 1 0
413.985 0.285714 0.285714 2 1 0
414.485 0.285714 0.285714 2 1 0
414.985 0.285714 0.285714 2 1 0
415.485 0.285714 0.285714 2 1 0
415.985 0.285714 0.285714 2 1 0
416.485 0.285714 0.285714 2 1 0
416.985 0.285714 0.285714 2 1 0
417.485 0.285714 0.285714 2 1 0
417.985 0.285714 0.285714 2 1 0
418.485 0.285714 0.285714 2 1 0
418.985 0.285714 0.285714 2 1 0
419.485 0.285714 0.285714 2 1 0
419.985 0.285714 0.285714 2 1 0
420.485 0.285714 0.285714 2 1 0
420.985 0.285714 0.285714 2 1 0
421.485 0.285714 0.285714 2 1 0
421.985 0.285714 0.285714 2 1 0
422.485 0.285714 0.285714 2 1 0
422.985 0.285714 0.285714 2 1 0
423.485 0.285714 0.285714 2 1 0
423.985 0.285714 0.285714 2 1 0
424.485 0.285714 0.285714 2 1 0
424.985 0.285714 0.285714 2 1 0
425.485 0.285714 0.285714 2 1 0
425.985 0.285714 0.285714 2 1 0
426.485 0.285714 0.285714 2 1 0
426.985 0.285714 0.285714 2 1 0
427.485 0.285714 0.285714 2 1 0
427.985 0.285714 0.285714 2 1 0
428.485 0.285714 0.285714 2 1 0
428.985 0.285714 0.285714 2 1 0
429.485 0.285714 0.285714 2 1 0
429.985 0.285714 0.285714 2 1 0
430.485 0.285714 0.285714 2 1 0
430.985 0.285714 0.285714 2 1 0
431.485 0.285714 0.285714 2 1 0
431.985 0.285714 0.285714 2 1 0
432.485 0.285714 0.285714 2 1 0
432.985 0.285714 0.285714 2 1 0
433.485 0.285714 0.285714 2 1 0
433.985 0.285714 0.285714 2 1 0
434.485 0.285714 0.285714 2 1 0
434.985 0.285714 0.285714 2 1 0
435.485 0.285714 0.285714 2 1 0
435.985 0.285714 0.285714 2 1 0
436.485 0.285714 0.285714 2 1 0
436.985 0.285714 0.285714 2 1 0
437.485 0.285714 0.285714 2 1 0
437.985 0.285714 0.285714 2 1 0
438.485 0.285714 0.285714 2 1 0
438.985 0.285714 0.285714 2 1 0
439.485 0.285714 0.285714 2 1 0
439.985 0.285714 0.285714 2 1 0
440.485 0.285714 0.285714 2 1 0
440.985 0.285714 0.285714 2 1 0
441.485 0.285714 0.285714 2 1 0
441.985 0.285714 0.285714 2 1 0
442.485 0.285714 0.285714 2 1 0
442.985 0.285714 0.285714 2 1 0
443.485 0.285714 0.285714 2 1 0
443.985 0.285714 0.285714 2 1 0
444.485 0.285714 0.285714 2 1 0
444.985 0.285714 0.285714 2 1 0
445.485 0.285714 0.285714 2 1 0
445.985 0.285714 0.285714 2 1 0
446.485 0.285714 0.285714 2 1 0
446.985 0.285714 0.285714 2 1 0
447.485 0.285714 0.285714 2 1 0
447.985 0.285714 0.285714 2 1 0
448.485 0.285714 0.285714 2 1 0
448.985 0.285714 0.285714 2 1 0
449.485 0.285714 0.285714 2 1 0
449.985 0.285714 0.285714 2 1 0
450.485 0.285714 0.285714 2 1 0
450.985 0.285714 0.285714 2 1 0
451.485 0.285714 0.285714 2 1 0
451.985 0.285714 0.285714 2 1 0
452.485 0.285714 0.285714 2 1 0
452.985 0.285714 0.285714 2 1 0
453.485 0.285714 0.285714 2 1 0
453.985 0.285714 0.285714 2 1 0
454.485 0.285714 0.285714 2 1 0
454.985 0.285714 0.285714 2 1 0
455.485 0.285714 0.285714 2 1 0
455.985 0.285714 0.285714 2 1 0
456.485 0.285714 0.285714 2 1 0
456.985 0.285714 0.285714 2 1 0
457.485 0.285714 0.285714 2 1 0
457.985 0.285714 0.285714 2 1 0
458.485 0.285714 0.285714 2 1 0
458.985 0.285714 0.285714 2 1 0
459.485 0.285714 0.285714 2 1 0
459.985 0.285714 0.285714 2 1 0
460.485 0.285714 0.285714 2 1 0
460.985 0.285714 0.285714 2 1 0
461.485 0.285714 0.285714 2 1 0
461.985 0.285714 0.285714 2 1 0
462.485 0.285714 0.285714 2 1 0
462.985 0.285714 0.285714 2 1 0
463.485 0.285714 0.285714 2 1 0
463.985 0.285714 0.285714 2 1 0
464.485 0.285714 0.285714 2 1 0
464.985 0.285714 0.285714 2 1 0
465.485 0.285714 0.285714 2 1 0
465.985 0.285714 0.285714 2 1 0
466.485 0.285714 0.285714 2 1 0
466.985 0.285714 0.285714 2 1 0
467.485 0.285714 0.285714 2 1 0
467.985 0.285714 0.285714 2 1 0
468.485 0.285714 0.285714 2 1 0
468.985 0.285714 0.285714 2 1 0
469.485 0.285714 0.285714 2 1 0
469.985 0.285714 0.285714 2 1 0
470.485 0.285714 0.285714 2 1 0
470.985 0.285714 0.285714 2 1 0
471.485 0.285714 0.285714 2 1 0
471.985 0.285714 0.285714 2 1 0
472.485 0.285714 0.285714 2 1 0
472.985 0.285714 0.285714 2 1 0
473.485 0.285714 0.285714 2 1 0
473.985 0.285714 0.285714 2 1 0
474.485 0.285714 0.285714 2 1 0
474.985 0.285714 0.285714 2 1 0
475.485 0.285714 0.285714 2 1 0
475.985 0.285714 0.285714 2 1 0
476.485 0.285714 0.285714 2 1 0
476.985 0.285714 0.285714 2 1 0
477.485 0.285714 0.285714 2 1 0
477.985 0.285714 0.285714 2 1 0
478.485 0.285714 0.285714 2 1 0
478.985 0.285714 0.285714 2 1 0
479.485 0.285714 0.285714 2 1 0
479.985 0.285714 0.285714 2 1 0
480.485 0.285714 0.285714 2 1 0
480.985 0.285714 0.285714 2 1 0
481.485 0.285714 0.285714 2 1 0
481.985 0.285714 0.285714 2 1 0
482.485 0.285714 0.285714 2 1 0
482.985 0.285714 0.285714 2 1 0
483.485 0.285714 0.285714 2 1 0
483.985 0.285714 0.285714 2 1 0
484.485 0.285714 0.285714 2 1 0
484.985 0.285714 0.285714 2 1 0
485.485 0.285714 0.285714 2 1 0
485.985 0.285714 0.285714 2 1 0
486.485 0.285714 0.285714 2 1 0
486.985 0.285714 0.285714 2 1 0
487.485 0.285714 0.285714 2 1 0
487.985 0.285714 0.285714 2 1 0
488.485 0.285714 0.285714 2 1 0
488.985 0.285714 0.285714 2 1 0
489.485 0.285714 0.285714 2 1 0
489.985 0.285714 0.285714 2 1 0
490.485 0.285714 0.285714 2 1 0
490.985 0.285714 0.285714 2 1 0
491.485 0.285714 0.285714 2 1 0
491.985 0.285714 0.285714 2 1 0
492.485 0.285714 0.285714 2 1 0
492.485 0.285714 0.285714 2 1 0
492.525 0.285714 0.285714 2 1 0
492.565 0.285714 0.285714 2 1 0
492.645 0.285714 0.285714 2 1 0
492.805 0.285714 0.285714 2 1 0
493.125 0.285714 0.285714 2 1 0
493.625 0.285714 0.285714 2 1 0
494.125 0.285714 0.285714 2 1 0
494.625 0.285714 0.285714 2 1 0
495.125 0.285714 0.285714 2 1 0
495.625 0.285714 0.285714 2 1 0
496.125 0.285714 0.285714 2 1 0
496.625 0.285714 0.285714 2 1 0
497.125 0.285714 0.285714 2 1 0
497.625 0.285714 0.285714 2 1 0
498.125 0.285714 0.285714 2 1 0
498.625 0.285714 0.285714 2 1 0
499.125 0.285714 0.285714 2 1 0
499.625 0.285714 0.285714 2 1 0
500.125 0.285714 0.285714 2 1 0
500.625 0.285714 0.285714 2 1 0
501.125 0.285714 0.285714 2 1 0
501.625 0.285714 0.285714 2 1 0
502.125 0.285714 0.285714 2 1 0
502.625 0.285714 0.285714 2 1 0
503.125 0.285714 0.285714 2 1 0
503.625 0.285714 0.285714 2 1 0
504.125 0.285714 0.285714 2 1 0
504.625 0.285714 0.285714 2 1 0
505.125 0.285714 0.285714 2 1 0
505.625 0.285714 0.285714 2 1 0
506.125 0.285714 0.285714 2 1 0
506.625 0.285714 0.285714 2 1 0
507.125 0.285714 0.285714 2 1 0
507.625 0.285714 0.285714 2 1 0
508.125 0.285714 0.285714 2 1 0
508.625 0.285714 0.285714 2 1 0
509.125 0.285714 0.285714 2 1 0
509.625 0.285714 0.285714 2 1 0
510.125 0.285714 0.285714 2 1 0
510.625 0.285714 0.285714 2 1 0
511.125 0.285714 0.285714 2 1 0
511.625 0.285714 0.285714 2 1 0
512.125 0.285714 0.285714 2 1 0
512.625 0.285714 0.285714 2 1 0
513.125 0.285714 0.285714 2 1 0
513.625 0.285714 0.285714 2 1 0
514.125 0.285714 0.285714 2 1 0
514.625 0.285714 0.285714 2 1 0
515.125 0.285714 0.285714 2 1 0
515.625 0.285714 0.285714 2 1 0
516.125 0.285714 0.285714 2 1 0
516.625 0.285714 0.285714 2 1 0
517.125 0.285714 0.285714 2 1 0
517.625 0.285714 0.285714 2 1 0
518.125 0.285714 0.285714 2 1 0
518.625 0.285714 0.285714 2 1 0
519.125 0.285714 0.285714 2 1 0
519.625 0.285714 0.285714 2 1 0
520.125 0.285714 0.285714 2 1 0
520.625 0.285714 0.285714 2 1 0
521.125 0.285714 0.285714 2 1 0
521.625 0.285714 0.285714 2 1 0
522.125 0.285714 0.285714 2 1 0
522.625 0.285714 0.285714 2 1 0
523.125 0.285714 0.285714 2 1 0
523.625 0.285714 0.285714 2 1 0
524.125 0.285714 0.285714 2 1 0
524.625 0.285714 0.285714 2 1 0
525.125 0.285714 0.285714 2 1 0
525.625 0.285714 0.285714 2 1 0
526.125 0.285714 0.285714 2 1 0
526.625 0.285714 0.285714 2 1 0
527.125 0.285714 0.285714 2 1 0
527.625 0.285714 0.285714 2 1 0
528.125 0.285714 0.285714 2 1 0
528.625 0.285714 0.285714 2 1 0
529.125 0.285714 0.285714 2 1 0
529.625 0.285714 0.285714 2 1 0
530.125 0.285714 0.285714 2 1 0
530.625 0.285714 0.285714 2 1 0
531.125 0.285714 0.285714 2 1 0
531.625 0.285714 0.285714 2 1 0
532.125 0.285714 0.285714 2 1 0
532.625 0.285714 0.285714 2 1 0
533.125 0.285714 0.285714 2 1 0
533.625 0.285714 0.285714 2 1 0
534.125 0.285714 0.285714 2 1 0
534.625 0.285714 0.285714 2 1 0
535.125 0.285714 0.285714 2 1 0
535.625 0.285714 0.285714 2 1 0
536.125 0.285714 0.285714 2 1 0
536.625 0.285714 0.285714 2 1 0
537.125 0.285714 0.285714 2 1 0
537.625 0.285714 0.285714 2 1 0
538.125 0.285714 0.285714 2 1 0
538.625 0.285714 0.285714 2 1 0
539.125 0.285714 0.285714 2 1 0
539.625 0.285714 0.285714 2 1 0
540.125 0.285714 0.285714 2 1 0
540.625 0.285714 0.285714 2 1 0
541.125 0.285714 0.285714 2 1 0
541.625 0.285714 0.285714 2 1 0
542.125 0.285714 0.285714 2 1 0
542.625 0.285714 0.285714 2 1 0
543.125 0.285714 0.285714 2 1 0
543.625 0.285714 0.285714 2 1 0
544.125 0.285714 0.285714 2 1 0
544.625 0.285714 0.285714 2 1 0
545.125 0.285714 0.285714 2 1 0
545.625 0.285714 0.285714 2 1 0
546.125 0.285714 0.285714 2 1 0
546.625 0.285714 0.285714 2 1 0
547.125 0.285714 0.285714 2 1 0
547.625 0.285714 0.285714 2 1 0
548.125 0.285714 0.285714 2 1 0
548.625 0.285714 0.285714 2 1 0
549.125 0.285714 0.285714 2 1 0
549.625 0.285714 0.285714 2 1 0
550.125 0.285714 0.285714 2 1 0
550.625 0.285714 0.285714 2 1 0
551.125 0.285714 0.285714 2 1 0
551.625 0.285714 0.285714 2 1 0
552.125 0.285714 0.285714 2 1 0
552.625 0.285714 0.285714 2 1 0
553.125 0.285714 0.285714 2 1 0
553.625 0.285714 0.285714 2 1 0
554.125 0.285714 0.285714 2 1 0
554.625 0.285714 0.285714 2 1 0
555.125 0.285714 0.285714 2 1 0
555.625 0.285714 0.285714 2 1 0
556.125 0.285714 0.285714 2 1 0
556.625 0.285714 0.285714 2 1 0
557.125 0.285714 0.285714 2 1 0
557.625 0.285714 0.285714 2 1 0
558.125 0.285714 0.285714 2 1 0
558.625 0.285714 0.285714 2 1 0
559.125 0.285714 0.285714 2 1 0
559.625 0.285714 0.285714 2 1 0
560.125 0.285714 0.285714 2 1 0
560.625 0.285714 0.285714 2 1 0
561.125 0.285714 0.285714 2 1 0
561.625 0.285714 0.285714 2 1 0
562.125 0.285714 0.285714 2 1 0
562.625 0.285714 0.285714 2 1 0
563.125 0.285714 0.285714 2 1 0
563.625 0.285714 0.285714 2 1 0
564.125 0.285714 0.285714 2 1 0
564.625 0.285714 0.285714 2 1 0
565.125 0.285714 0.285714 2 1 0
565.625 0.285714 0.285714 2 1 0
566.125 0.285714 0.285714 2 1 0
566.625 0.285714 0.285714 2 1 0
567.125 0.285714 0.285714 2 1 0
567.625 0.285714 0.285714 2 1 0
568.125 0.285714 0.285714 2 1 0
568.625 0.285714 0.285714 2 1 0
569.125 0.285714 0.285714 2 1 0
569.625 0.285714 0.285714 2 1 0
570.125 0.285714 0.285714 2 1 0
570.625 0.285714 0.285714 2 1 0
571.125 0.285714 0.285714 2 1 0
571.625 0.285714 0.285714 2 1 0
572.125 0.285714 0.285714 2 1 0
572.625 0.285714 0.285714 2 1 0
573.125 0.285714 0.285714 2 1 0
573.625 0.285714 0.285714 2 1 0
574.125 0.285714 0.285714 2 1 0
574.625 0.285714 0.285714 2 1 0
575.125 0.285714 0.285714 2 1 0
575.625 0.285714 0.285714 2 1 0
576.125 0.285714 0.285714 2 1 0
576.625 0.285714 0.285714 2 1 0
577.125 0.285714 0.285714 2 1 0
577.625 0.285714 0.285714 2 1 0
578.125 0.285714 0.285714 2 1 0
578.625 0.285714 0.285714 2 1 0
579.125 0.285714 0.285714 2 1 0
579.625 0.285714 0.285714 2 1 0
580.125 0.285714 0.285714 2 1 0
580.625 0.285714 0.285714 2 1 0
581.125 0.285714 0.285714 2 1 0
581.625 0.285714 0.285714 2 1 0
582.125 0.285714 0.285714 2 1 0
582.625 0.285714 0.285714 2 1 0
583.125 0.285714 0.285714 2 1 0
583.625 0.285714 0.285714 2 1 0
584.125 0.285714 0.285714 2 1 0
584.625 0.285714 0.285714 2 1 0
585.125 0.285714 0.285714 2 1 0
585.625 0.285714 0.285714 2 1 0
586.125 0.285714 0.285714 2 1 0
586.625 0.285714 0.285714 2 1 0
587.125 0.285714 0.285714 2 1 0
587.625 0.285714 0.285714 2 1 0
588.125 0.285714 0.285714 2 1 0
588.625 0.285714 0.285714 2 1 0
589.125 0.285714 0.285714 2 1 0
589.625 0.285714 0.285714 2 1 0
590.125 0.285714 0.285714 2 1 0
590.125 0.285714 0.285714 2 1 0
590.165 0.285714 0.285714 2 1 0
590.205 0.285714 0.285714 2 1 0
590.285 0.285714 0.285714 2 1 0
590.445 0.285714 0.285714 2 1 0
590.765 0.285714 0.285714 2 1 0
591.265 0.285714 0.285714 2 1 0
591.765 0.285714 0.285714 2 1 0
592.265 0.285714 0.285714 2 1 0
592.765 0.285714 0.285714 2 1 0
593.265 0.285714 0.285714 2 1 0
593.765 0.285714 0.285714 2 1 0
594.265 0.285714 0.285714 2 1 0
594.765 0.285714 0.285714 2 1 0
595.265 0.285714 0.285714 2 1 0
595.765 0.285714 0.285714 2 1 0
596.265 0.285714 0.285714 2 1 0
596.765 0.285714 0.285714 2 1 0
597.265 0.285714 0.285714 2 1 0
597.765 0.285714 0.285714 2 1 0
598.265 0.285714 0.285714 2 1 0
598.765 0.285714 0.285714 2 1 0
599.265 0.285714 0.285714 2 1 0
599.765 0.285714 0.285714 2 1 0
600.265 0.285714 0.285714 2 1 0
600.765 0.285714 0.285714 2 1 0
601.265 0.285714 0.285714 2 1 0
601.765 0.285714 0.285714 2 1 0
602.265 0.285714 0.285714 2 1 0
602.765 0.285714 0.285714 2 1 0
603.265 0.285714 0.285714 2 1 0
603.765 0.285714 0.285714 2 1 0
604.265 0.285714 0.285714 2 1 0
604.765 0.285714 0.285714 2 1 0
605.265 0.285714 0.285714 2 1 0
605.765 0.285714 0.285714 2 1 0
606.265 0.285714 0.285714 2 1 0
606.765 0.285714 0.285714 2 1 0
607.265 0.285714 0.285714 2 1 0
607.765 0.285714 0.285714 2 1 0
608.265 0.285714 0.285714 2 1 0
608.765 0.285714 0.285714 2 1 0
609.265 0.285714 0.285714 2 1 0
609.765 0.285714 0.285714 2 1 0
610.265 0.285714 0.285714 2 1 0
610.765 0.285714 0.285714 2 1 0
611.265 0.285714 0.285714 2 1 0
611.765 0.285714 0.285714 2 1 0
612.265 0.285714 0.285714 2 1 0
612.765 0.285714 0.285714 2 1 0
613.265 0.285714 0.285714 2 1 0
613.765 0.285714 0.285714 2 1 0
614.265 0.285714 0.285714 2 1 0
614.765 0.285714 0.285714 2 1 0
615.265 0.285714 0.285714 2 1 0
615.765 0.285714 0.285714 2 1 0
616.265 0.285714 0.285714 2 1 0
616.765 0.285714 0.285714 2 1 0
617.265 0.285714 0.285714 2 1 0
617.765 0.285714 0.285714 2 1 0
618.265 0.285714 0.285714 2 1 0
618.765 0.285714 0.285714 2 1 0
619.265 0.285714 0.285714 2 1 0
619.765 0.285714 0.285714 2 1 0
620.265 0.285714 0.285714 2 1 0
620.765 0.285714 0.285714 2 1 0
621.265 0.285714 0.285714 2 1 0
621.765 0.285714 0.285714 2 1 0
622.265 0.285714 0.285714 2 1 0
622.765 0.285714 0.285714 2 1 0
623.265 0.285714 0.285714 2 1 0
623.765 0.285714 0.285714 2 1 0
624.265 0.285714 0.285714 2 1 0
624.765 0.285714 0.285714 2 1 0
625.265 0.285714 0.285714 2 1 0
625.765 0.285714 0.285714 2 1 0
626.265 0.285714 0.285714 2 1 0
626.765 0.285714 0.285714 2 1 0
627.265 0.285714 0.285714 2 1 0
627.765 0.285714 0.285714 2 1 0
628.265 0.285714 0.285714 2 1 0
628.765 0.285714 0.285714 2 1 0
629.265 0.285714 0.285714 2 1 0
629.765 0.285714 0.285714 2 1 0
630.265 0.285714 0.285714 2 1 0
630.765 0.285714 0.285714 2 1 0
631.265 0.285714 0.285714 2 1 0
631.765 0.285714 0.285714 2 1 0
632.265 0.285714 0.285714 2 1 0
632.765 0.285714 0.285714 2 1 0
633.265 0.285714 0.285714 2 1 0
633.765 0.285714 0.285714 2 1 0
634.265 0.285714 0.285714 2 1 0
634.765 0.285714 0.285714 2 1 0
635.265 0.285714 0.285714 2 1 0
635.765 0.285714 0.285714 2 1 0
636.265 0.285714 0.285714 2 1 0
636.765 0.285714 0.285714 2 1 0
637.265 0.285714 0.285714 2 1 0
637.765 0.285714 0.285714 2 1 0
638.265 0.285714 0.285714 2 1 0
638.765 0.285714 0.285714 2 1 0
639.265 0.285714 0.285714 2 1 0
639.765 0.285714 0.285714 2 1 0
640.265 0.285714 0.285714 2 1 0
640.765 0.285714 0.285714 2 1 0
641.265 0.285714 0.285714 2 1 0
641.765 0.285714 0.285714 2 1 0
642.265 0.285714 0.285714 2 1 0
642.765 0.285714 0.285714 2 1 0
643.265 0.285714 0.285714 2 1 0
643.765 0.285714 0.285714 2 1 0
644.265 0.285714 0.285714 2 1 0
644.765 0.285714 0.285714 2 1 0
645.265 0.285714 0.285714 2 1 0
645.765 0.285714 0.285714 2 1 0
646.265 0.285714 0.285714 2 1 0
646.765 0.285714 0.285714 2 1 0
647.265 0.285714 0.285714 2 1 0
647.765 0.285714 0.285714 2 1 0
648.265 0.285714 0.285714 2 1 0
648.765 0.285714 0.285714 2 1 0
649.265 0.285714 0.285714 2 1 0
649.765 0.285714 0.285714 2 1 0
650.265 0.285714 0.285714 2 1 0
650.765 0.285714 0.285714 2 1 0
651.265 0.285714 0.285714 2 1 0
651.765 0.285714 0.285714 2 1 0
652.265 0.285714 0.285714 2 1 0
652.765 0.285714 0.285714 2 1 0
653.265 0.285714 0.285714 2 1 0
653.765 0.285714 0.285714 2 1 0
654.265 0.285714 0.285714 2 1 0
654.765 0.285714 0.285714 2 1 0
655.265 0.285714 0.285714 2 1 0
655.765 0.285714 0.285714 2 1 0
656.265 0.285714 0.285714 2 1 0
656.765 0.285714 0.285714 2 1 0
657.265 0.285714 0.285714 2 1 0
657.765 0.285714 0.285714 2 1 0
658.265 0.285714 0.285714 2 1 0
658.765 0.285714 0.285714 2 1 0
659.265 0.285714 0.285714 2 1 0
659.765 0.285714 0.285714 2 1 0
660.265 0.285714 0.285714 2 1 0
660.765 0.285714 0.285714 2 1 0
661.265 0.285714 0.285714 2 1 0
661.765 0.285714 0.285714 2 1 0
662.265 0.285714 0.285714 2 1 0
662.765 0.285714 0.285714 2 1 0
663.265 0.285714 0.285714 2 1 0
663.765 0.285714 0.285714 2 1 0
664.265 0.285714 0.285714 2 1 0
664.765 0.285714 0.285714 2 1 0
665.265 0.285714 0.285714 2 1 0
665.765 0.285714 0.285714 2 1 0
666.265 0.285714 0.285714 2 1 0
666.765 0.285714 0.285714 2 1 0
667.265 0.285714 0.285714 2 1 0
667.765 0.285714 0.285714 2 1 0
668.265 0.285714 0.285714 2 1 0
668.765 0.285714 0.285714 2 1 0
669.265 0.285714 0.285714 2 1 0
669.765 0.285714 0.285714 2 1 0
670.265 0.285714 0.285714 2 1 0
670.765 0.285714 0.285714 2 1 0
671.265 0.285714 0.285714 2 1 0
671.765 0.285714 0.285714 2 1 0
672.265 0.285714 0.285714 2 1 0
672.765 0.285714 0.285714 2 1 0
673.265 0.285714 0.285714 2 1 0
673.765 0.285714 0.285714 2 1 0
674.265 0.285714 0.285714 2 1 0
674.765 0.285714 0.285714 2 1 0
675.265 0.285714 0.285714 2 1 0
675.765 0.285714 0.285714 2 1 0
676.265 0.285714 0.285714 2 1 0
676.765 0.285714 0.285714 2 1 0
677.265 0.285714 0.285714 2 1 0
677.765 0.285714 0.285714 2 1 0
678.265 0.285714 0.285714 2 1 0
678.765 0.285714 0.285714 2 1 0
679.265 0.285714 0.285714 2 1 0
679.765 0.285714 0.285714 2 1 0
680.265 0.285714 0.285714 2 1 0
680.765 0.285714 0.285714 2 1 0
681.265 0.285714 0.285714 2 1 0
681.765 0.285714 0.285714 2 1 0
682.265 0.285714 0.285714 2 1 0
682.765 0.285714 0.285714 2 1 0
683.265 0.285714 0.285714 2 1 0
683.765 0.285714 0.285714 2 1 0
684.265 0.285714 0.285714 2 1 0
684.765 0.285714 0.285714 2 1 0
685.265 0.285714 0.285714 2 1 0
685.765 0.285714 0.285714 2 1 0
686.265 0.285714 0.285714 2 1 0
686.765 0.285714 0.285714 2 1 0
687.265 0.285714 0.285714 2 1 0
687.765 0.285714 0.285714 2 1 0
200 0.285714 0.285714 2 1 0
199.96 0.285714 0.285714 1 1 0
199.92 0.285714 0.285714 1 1 0
199.84 0.285714 0.285714 1 1 0
199.68 0.285714 0.285714 1 1 0
199.36 0.285714 0.285714 1 1 0
198.86 0.285714 0.285714 1 1 0
198.36 0.285714 0.285714 1 1 0
197.86 0.285714 0.285714 1 1 0
197.36 0.285714 0.285714 1 1 0
196.86 0.285714 0.285714 1 1 0
196.36 0.285714 0.285714 1 1 0
195.86 0.285714 0.285714 1 1 0
195.36 0.285714 0.285714 1 1 0
194.86 0.285714 0.285714 1 1 0
194.36 0.285714 0.285714 1 1 0
193.86 0.285714 0.285714 1 1 0
193.36 0.285714 0.285714 1 1 0
192.86 0.285714 0.285714 1 1 0
192.36 0.285714 0.285714 1 1 0
191.86 0.285714 0.285714 1 1 0
191.36 0.285714 0.285714 1 1 0
190.86 0.285714 0.285714 1 1 0
190.36 0.285714 0.285714 1 1 0
189.86 0.285714 0.285714 1 1 0
189.36 0.285714 0.285714 1 1 0
188.86 0.285714 0.285714 1 1 0
188.36 0.285714 0.285714 1 1 0
187.86 0.285714 0.285714 1 1 0
187.36 0.285714 0.285714 1 1 0
186.86 0.285714 0.285714 1 1 0
186.36 0.285714 0.285714 1 1 0
185.86 0.285714 0.285714 1 1 0
185.36 0.285714 0.285714 1 1 0
184.86 0.285714 0.285714 1 1 0
184.36 0.285714 0.285714 1 1 0
183.86 0.285714 0.285714 1 1 0
183.36 0.285714 0.285714 1 1 0
182.86 0.285714 0.285714 1 1 0
182.36 0.285714 0.285714 1 1 0
181.86 0.285714 0.285714 1 1 0
181.36 0.285714 0.285714 1 1 0
180.86 0.285714 0.285714 1 1 0
180.36 0.285714 0.285714 1 1 0
179.86 0.285714 0.285714 1 1 0
179.36 0.285714 0.285714 1 1 0
178.86 0.285714 0.285714 1 1 0
178.36 0.285714 0.285714 1 1 0
177.86 0.285714 0.285714 1 1 0
177.36 0.285714 0.285714 1 1 0
176.86 0.285714 0.285714 1 1 0
176.36 0.285714 0.285714 1 1 0
175.86 0.285714 0.285714 1 1 0
175.36 0.285714 0.285714 1 1 0
174.86 0.285714 0.285714 1 1 0
174.36 0.285714 0.285714 1 1 0
173.86 0.285714 0.285714 1 1 0
173.36 0.285714 0.285714 1 1 0
172.86 0.285714 0.285714 1 1 0
172.36 0.285714 0.285714 1 1 0
171.86 0.285714 0.285714 1 1 0
171.36 0.285714 0.285714 1 1 0
170.86 0.285714 0.285714 1 1 0
170.36 0.285714 0.285714 1 1 0
169.86 0.285714 0.285714 1 1 0
169.36 0.285714 0.285714 1 1 0
168.86 0.285714 0.285714 1 1 0
168.36 0.285714 0.285714 1 1 0
167.86 0.285714 0.285714 1 1 0
167.36 0.285714 0.285714 1 1 0
166.86 0.285714 0.285714 1 1 0
166.36 0.285714 0.285714 1 1 0
165.86 0.285714 0.285714 1 1 0
165.36 0.285714 0.285714 1 1 0
164.86 0.285714 0.285714 1 1 0
164.36 0.285714 0.285714 1 1 0
163.86 0.285714 0.285714 1 1 0
163.36 0.285714 0.285714 1 1 0
162.86 0.285714 0.285714 1 1 0
162.36 0.285714 0.285714 1 1 0
161.86 0.285714 0.285714 1 1 0
161.36 0.285714 0.285714 1 1 0
160.86 0.285714 0.285714 1 1 0
160.36 0.285714 0.285714 1 1 0
159.86 0.285714 0.285714 1 1 0
159.36 0.285714 0.285714 1 1 0
158.86 0.285714 0.285714 1 1 0
158.36 0.285714 0.285714 1 1 0
157.86 0.285714 0.285714 1 1 0
157.36 0.285714 0.285714 1 1 0
156.86 0.285714 0.285714 1 1 0
156.36 0.285714 0.285714 1 1 0
155.86 0.285714 0.285714 1 1 0
155.36 0.285714 0.285714 1 1 0
154.86 0.285714 0.285714 1 1 0
154.36 0.285714 0.285714 1 1 0
153.86 0.285714 0.285714 1 1 0
153.36 0.285714 0.285714 1 1 0
152.86 0.285714 0.285714 1 1 0
152.36 0.285714 0.285714 1 1 0
151.86 0.285714 0.285714 1 1 0
151.36 0.285714 0.285714 1 1 0
150.86 0.285714 0.285714 1 1 0
150.36 0.285714 0.285714 1 1 0
149.86 0.285714 0.285714 1 1 0
149.36 0.285714 0.285714 1 1 0
148.86 0.285714 0.285714 1 1 0
148.36 0.285714 0.285714 1 1 0
147.86 0.285714 0.285714 1 1 0
147.36 0.285714 0.285714 1 1 0
146.86 0.285714 0.285714 1 1 0
146.36 0.285714 0.285714 1 1 0
145.86 0.285714 0.285714 1 1 0
145.36 0.285714 0.285714 1 1 0
144.86 0.285714 0.285714 1 1 0
144.36 0.285714 0.285714 1 1 0
143.86 0.285714 0.285714 1 1 0
143.36 0.285714 0.285714 1 1 0
142.86 0.285714 0.285714 1 1 0
142.36 0.285714 0.285714 1 1 0
141.86 0.285714 0.285714 1 1 0
141.36 0.285714 0.285714 1 1 0
140.86 0.285714 0.285714 1 1 0
140.36 0.285714 0.285714 1 1 0
139.86 0.285714 0.285714 1 1 0
139.36 0.285714 0.285714 1 1 0
138.86 0.285714 0.285714 1 1 0
138.36 0.285714 0.285714 1 1 0
137.86 0.285714 0.285714 1 1 0
137.36 0.285714 0.285714 1 1 0
136.86 0.285714 0.285714 1 1 0
136.36 0.285714 0.285714 1 1 0
135.86 0.285714 0.285714 1 1 0
135.36 0.285714 0.285714 1 1 0
134.86 0.285714 0.285714 1 1 0
134.36 0.285714 0.285714 1 1 0
133.86 0.285714 0.285714 1 1 0
133.36 0.285714 0.285714 1 1 0
132.86 0.285714 0.285714 1 1 0
132.36 0.285714 0.285714 1 1 0
131.86 0.285714 0.285714 1 1 0
131.36 0.285714 0.285714 1 1 0
130.86 0.285714 0.285714 1 1 0
130.36 0.285714 0.285714 1 1 0
129.86 0.285714 0.285714 1 1 0
129.36 0.285714 0.285714 1 1 0
128.86 0.285714 0.285714 1 1 0
128.36 0.285714 0.285714 1 1 0
127.86 0.285714 0.285714 1 1 0
127.36 0.285714 0.285714 1 1 0
126.86 0.285714 0.285714 1 1 0
126.36 0.285714 0.285714 1 1 0
125.86 0.285714 0.285714 1 1 0
125.36 0.285714 0.285714 1 1 0
124.86 0.285714 0.285714 1 1 0
124.36 0.285714 0.285714 1 1 0
123.86 0.285714 0.285714 1 1 0
123.36 0.285714 0.285714 1 1 0
122.86 0.285714 0.285714 1 1 0
122.36 0.285714 0.285714 1 1 0
121.86 0.285714 0.285714 1 1 0
121.36 0.285714 0.285714 1 1 0
120.86 0.285714 0.285714 1 1 0
120.36 0.285714 0.285714 1 1 0
119.86 0.285714 0.285714 1 1 0
119.36 0.285714 0.285714 1 1 0
118.86 0.285714 0.285714 1 1 0
118.36 0.285714 0.285714 1 1 0
117.86 0.285714 0.285714 1 1 0
117.36 0.285714 0.285714 1 1 0
116.86 0.285714 0.285714 1 1 0
116.36 0.285714 0.285714 1 1 0
115.86 0.285714 0.285714 1 1 0
115.36 0.285714 0.285714 1 1 0
114.86 0.285714 0.285714 1 1 0
114.36 0.285714 0.285714 1 1 0
113.86 0.285714 0.285714 1 1 0
113.36 0.285714 0.285714 1 1 0
112.86 0.285714 0.285714 1 1 0
112.36 0.285714 0.285714 1 1 0
111.86 0.285714 0.285714 1 1 0
111.36 0.285714 0.285714 1 1 0
110.86 0.285714 0.285714 1 1 0
110.36 0.285714 0.285714 1 1 0
109.86 0.285714 0.285714 1 1 0
109.36 0.285714 0.285714 1 1 0
108.86 0.285714 0.285714 1 1 0
108.36 0.285714 0.285714 1 1 0
107.86 0.285714 0.285714 1 1 0
107.36 0.285714 0.285714 1 1 0
106.86 0.285714 0.285714 1 1 0
106.36 0.285714 0.285714 1 1 0
105.86 0.285714 0.285714 1 1 0
105.36 0.285714 0.285714 1 1 0
104.86 0.285714 0.285714 1 1 0
104.36 0.285714 0.285714 1 1 0
103.86 0.285714 0.285714 1 1 0
103.36 0.285714 0.285714 1 1 0
102.86 0.285714 0.285714 1 1 0
102.36 0.285714 0.285714 1 1 0
102.36 0.285714 0.285714 2 1 0
102.32 0.285714 0.285714 1 1 0
102.28 0.285714 0.285714 1 1 0
102.2 0.285714 0.285714 1 1 0
102.04 0.285714 0.285714 1 1 0
101.72 0.285714 0.285714 1 1 0
101.22 0.285714 0.285714 1 1 0
100.72 0.285714 0.285714 1 1 0
100.22 0.285714 0.285714 1 1 0
99.72 0.285714 0.285714 1 1 0
99.22 0.285714 0.285714 1 1 0
98.72 0.285714 0.285714 1 1 0
98.22 0.285714 0.285714 1 1 0
97.72 0.285714 0.285714 1 1 0
97.22 0.285714 0.285714 1 1 0
96.72 0.285714 0.285714 1 1 0
96.22 0.285714 0.285714 1 1 0
95.72 0.285714 0.285714 1 1 0
95.22 0.285714 0.285714 1 1 0
94.72 0.285714 0.285714 1 1 0
94.22 0.285714 0.285714 1 1 0
93.9759 0.285714 0.285714 1 1 0
93.4759 0.285714 0.285714 2 1 0
92.9759 0.285714 0.285714 2 1 0
92.4759 0.285714 0.285714 2 1 0
91.9759 0.285714 0.285714 2 1 0
91.4759 0.285714 0.285714 2 1 0
90.9759 0.285714 0.285714 2 1 0
90.4759 0.285714 0.285714 2 1 0
89.9759 0.285714 0.285714 2 1 0
89.4759 0.285714 0.285714 2 1 0
88.9759 0.285714 0.285714 2 1 0
88.4759 0.285714 0.285714 2 1 0
87.9759 0.285714 0.285714 2 1 0
87.4759 0.285714 0.285714 2 1 0
86.9759 0.285714 0.285714 2 1 0
86.4759 0.285714 0.285714 2 1 0
85.9759 0.285714 0.285714 2 1 0
85.4759 0.285714 0.285714 2 1 0
84.9759 0.285714 0.285714 2 1 0
84.4759 0.285714 0.285714 2 1 0
83.9759 0.285714 0.285714 2 1 0
83.4759 0.285714 0.285714 2 1 0
82.9759 0.285714 0.285714 2 1 0
82.4759 0.285714 0.285714 2 1 0
81.9759 0.285714 0.285714 2 1 0
81.4759 0.285714 0.285714 2 1 0
80.9759 0.285714 0.285714 2 1 0
80.4759 0.285714 0.285714 2 1 0
79.9759 0.285714 0.285714 2 1 0
79.4759 0.285714 0.285714 2 1 0
78.9759 0.285714 0.285714 2 1 0
78.4759 0.285714 0.285714 2 1 0
77.9759 0.285714 0.285714 2 1 0
77.4759 0.285714 0.285714 2 1 0
76.9759 0.285714 0.285714 2 1 0
76.4759 0.285714 0.285714 2 1 0
75.9759 0.285714 0.285714 2 1 0
75.4759 0.285714 0.285714 2 1 0
74.9759 0.285714 0.285714 2 1 0
74.4759 0.285714 0.285714 2 1 0
73.9759 0.285714 0.285714 2 1 0
73.4759 0.285714 0.285714 2 1 0
72.9759 0.285714 0.285714 2 1 0
72.476 0.285714 0.285714 2 1 0
71.976 0.285714 0.285714 2 1 0
71.476 0.285714 0.285714 2 1 0
70.976 0.285714 0.285714 2 1 0
70.476 0.285714 0.285714 2 1 0
69.976 0.285714 0.285714 2 1 0
69.476 0.285714 0.285714 2 1 0
68.976 0.285714 0.285714 2 1 0
68.476 0.285714 0.285714 2 1 0
67.976 0.285714 0.285714 2 1 0
67.476 0.285714 0.285714 2 1 0
66.976 0.285714 0.285714 2 1 0
66.476 0.285714 0.285714 2 1 0
65.976 0.285714 0.285714 2 1 0
65.476 0.285714 0.285714 2 1 0
64.976 0.285714 0.285714 2 1 0
64.476 0.285714 0.285714 2 1 0
63.976 0.285714 0.285714 2 1 0
63.476 0.285714 0.285714 2 1 0
62.976 0.285714 0.285714 2 1 0
62.476 0.285714 0.285714 2 1 0
61.976 0.285714 0.285714 2 1 0
61.476 0.285714 0.285714 2 1 0
60.976 0.285714 0.285714 2 1 0
60.476 0.285714 0.285714 2 1 0
59.976 0.285714 0.285714 2 1 0
59.476 0.285714 0.285714 2 1 0
58.976 0.285714 0.285714 2 1 0
58.476 0.285714 0.285714 2 1 0
57.976 0.285714 0.285714 2 1 0
57.476 0.285714 0.285714 2 1 0
56.976 0.285714 0.285714 2 1 0
56.476 0.285714 0.285714 2 1 0
55.976 0.285714 0.285714 2 1 0
55.476 0.285714 0.285714 2 1 0
54.976 0.285714 0.285714 2 1 0
54.476 0.285714 0.285714 2 1 0
53.976 0.285714 0.285714 2 1 0
53.476 0.285714 0.285714 2 1 0
52.976 0.285714 0.285714 2 1 0
52.476 0.285714 0.285714 2 1 0
51.976 0.285714 0.285714 2 1 0
51.476 0.285714 0.285714 2 1 0
50.976 0.285714 0.285714 2 1 0
50.476 0.285714 0.285714 2 1 0
49.976 0.285714 0.285714 2 1 0
49.476 0.285714 0.285714 2 1 0
48.976 0.285714 0.285714 2 1 0
48.476 0.285714 0.285714 2 1 0
47.976 0.285714 0.285714 2 1 0
47.476 0.285714 0.285714 2 1 0
46.976 0.285714 0.285714 2 1 0
46.476 0.285714 0.285714 2 1 0
45.976 0.285714 0.285714 2 1 0
45.476 0.285714 0.285714 2 1 0
44.976 0.285714 0.285714 2 1 0
44.476 0.285714 0.285714 2 1 0
43.976 0.285714 0.285714 2 1 0
43.476 0.285714 0.285714 2 1 0
42.976 0.285714 0.285714 2 1 0
42.476 0.285714 0.285714 2 1 0
41.976 0.285714 0.285714 2 1 0
41.476 0.285714 0.285714 2 1 0
40.976 0.285714 0.285714 2 1 0
40.476 0.285714 0.285714 2 1 0
39.976 0.285714 0.285714 2 1 0
39.476 0.285714 0.285714 2 1 0
38.976 0.285714 0.285714 2 1 0
38.476 0.285714 0.285714 2 1 0
37.976 0.285714 0.285714 2 1 0
37.476 0.285714 0.285714 2 1 0
36.976 0.285714 0.285714 2 1 0
36.476 0.285714 0.285714 2 1 0
35.976 0.285714 0.285714 2 1 0
35.476 0.285714 0.285714 2 1 0
34.976 0.285714 0.285714 2 1 0
34.476 0.285714 0.285714 2 1 0
33.976 0.285714 0.285714 2 1 0
33.476 0.285714 0.285714 2 1 0
32.976 0.285714 0.285714 2 1 0
32.476 0.285714 0.285714 2 1 0
31.976 0.285714 0.285714 2 1 0
31.4761 0.285714 0.285714 2 1 0
30.9761 0.285714 0.285714 2 1 0
30.4761 0.285714 0.285714 2 1 0
29.9761 0.285714 0.285714 2 1 0
29.4761 0.285714 0.285714 2 1 0
28.9761 0.285714 0.285714 2 1 0
28.4761 0.285714 0.285714 2 1 0
27.9761 0.285714 0.285714 2 1 0
27.4761 0.285714 0.285714 2 1 0
26.9761 0.285714 0.285714 2 1 0
26.4761 0.285714 0.285714 2 1 0
25.9761 0.285714 0.285714 2 1 0
25.4761 0.285714 0.285714 2 1 0
24.9761 0.285714 0.285714 2 1 0
24.4761 0.285714 0.285714 2 1 0
23.9761 0.285714 0.285714 2 1 0
23.4761 0.285714 0.285714 2 1 0
22.9761 0.285714 0.285714 2 1 0
22.4761 0.285714 0.285714 2 1 0
21.9761 0.285714 0.285714 2 1 0
21.4761 0.285714 0.285714 2 1 0
20.9761 0.285714 0.285714 2 1 0
20.4762 0.285714 0.285714 2 1 0
19.9762 0.285714 0.285714 2 1 0
19.4762 0.285714 0.285714 2 1 0
18.9762 0.285714 0.285714 2 1 0
18.4762 0.285714 0.285714 2 1 0
17.9762 0.285714 0.285714 2 1 0
17.4762 0.285714 0.285714 2 1 0
16.9762 0.285714 0.285714 2 1 0
16.4762 0.285714 0.285714 2 1 0
15.9762 0.285714 0.285714 2 1 0
15.4762 0.285714 0.285714 2 1 0
14.9762 0.285714 0.285714 2 1 0
14.4763 0.285714 0.285714 2 1 0
13.9763 0.285714 0.285714 2 1 0
13.4763 0.285714 0.285714 2 1 0
12.9763 0.285714 0.285714 2 1 0
12.4763 0.285714 0.285714 2 1 0
11.9763 0.285714 0.285714 2 1 0
11.4763 0.285714 0.285714 2 1 0
10.9763 0.285714 0.285714 2 1 0
10.4764 0.285714 0.285714 2 1 0
9.97638 0.285714 0.285714 2 1 0
9.47639 0.285714 0.285714 2 1 0
8.97641 0.285714 0.285714 2 1 0
8.47643 0.285714 0.285714 2 1 0
7.97645 0.285714 0.285714 2 1 0
7.47647 0.285714 0.285714 2 1 0
6.97649 0.285714 0.285714 2 1 0
6.47652 0.285714 0.285714 2 1 0
5.97654 0.285714 0.285714 2 1 0
5.47657 0.285714 0.285714 2 1 0
4.97659 0.285714 0.285714 2 1 0
93.9759 0.285714 0.285714 2 2 0
89.4457 0.269013 0.269013 2 2 0
89.4358 0.268978 0.268978 1 2 0
89.4327 0.268967 0.268967 1 2 0
89.4276 0.268949 0.268949 1 2 0
89.4176 0.268913 0.268913 1 2 0
89.3976 0.268842 0.268842 1 2 0
89.3576 0.2687 0.2687 1 2 0
89.2776 0.268415 0.268415 1 2 0
89.1176 0.267848 0.267848 1 2 0
88.7976 0.266718 0.266718 1 2 0
88.2976 0.264963 0.264963 1 2 0
87.7976 0.263223 0.263223 1 2 0
87.2976 0.261496 0.261496 1 2 0
86.7976 0.259784 0.259784 1 2 0
86.2976 0.258087 0.258087 1 2 0
85.7976 0.256403 0.256403 1 2 0
85.2976 0.254734 0.254734 1 2 0
84.7976 0.253078 0.253078 1 2 0
84.2976 0.251437 0.251437 1 2 0
83.7976 0.249811 0.249811 1 2 0
83.2977 0.248198 0.248198 1 2 0
82.7977 0.2466 0.2466 1 2 0
82.2977 0.245016 0.245016 1 2 0
81.7977 0.243446 0.243446 1 2 0
81.2977 0.24189 0.24189 1 2 0
80.7977 0.240349 0.240349 1 2 0
80.2977 0.238821 0.238821 1 2 0
79.7977 0.237308 0.237308 1 2 0
79.2977 0.235809 0.235809 1 2 0
78.7977 0.234323 0.234323 1 2 0
78.2977 0.232852 0.232852 1 2 0
77.7977 0.231395 0.231395 1 2 0
77.2977 0.229952 0.229952 1 2 0
76.7977 0.228522 0.228522 1 2 0
76.2977 0.227107 0.227107 1 2 0
75.7977 0.225705 0.225705 1 2 0
75.2977 0.224317 0.224317 1 2 0
74.7977 0.222942 0.222942 1 2 0
74.2978 0.221582 0.221582 1 2 0
73.7978 0.220235 0.220235 1 2 0
73.2978 0.218901 0.218901 1 2 0
72.7978 0.217581 0.217581 1 2 0
72.2978 0.216274 0.216274 1 2 0
71.7978 0.214981 0.214981 1 2 0
71.2978 0.213701 0.213701 1 2 0
70.7978 0.212434 0.212434 1 2 0
70.2978 0.21118 0.21118 1 2 0
69.7978 0.20994 0.20994 1 2 0
69.2978 0.208712 0.208712 1 2 0
68.7978 0.207497 0.207497 1 2 0
68.2978 0.206295 0.206295 1 2 0
67.7978 0.205106 0.205106 1 2 0
67.2978 0.20393 0.20393 1 2 0
66.7978 0.202766 0.202766 1 2 0
66.2978 0.201614 0.201614 1 2 0
65.7978 0.200475 0.200475 1 2 0
65.2979 0.199349 0.199349 1 2 0
64.7979 0.198234 0.198234 1 2 0
64.2979 0.197132 0.197132 1 2 0
63.7979 0.196042 0.196042 1 2 0
63.2979 0.194963 0.194963 1 2 0
62.7979 0.193897 0.193897 1 2 0
62.2979 0.192843 0.192843 1 2 0
61.7979 0.1918 0.1918 1 2 0
61.2979 0.190768 0.190768 1 2 0
60.7979 0.189748 0.189748 1 2 0
60.2979 0.18874 0.18874 1 2 0
59.7979 0.187743 0.187743 1 2 0
59.2979 0.186757 0.186757 1 2 0
58.7979 0.185782 0.185782 1 2 0
58.2979 0.184818 0.184818 1 2 0
57.7979 0.183865 0.183865 1 2 0
57.2979 0.182923 0.182923 1 2 0
56.7979 0.181992 0.181992 1 2 0
56.2979 0.181071 0.181071 1 2 0
55.7979 0.180161 0.180161 1 2 0
55.2979 0.179261 0.179261 1 2 0
54.798 0.178371 0.178371 1 2 0
54.298 0.177491 0.177491 1 2 0
53.798 0.176622 0.176622 1 2 0
53.298 0.175762 0.175762 1 2 0
52.798 0.174913 0.174913 1 2 0
52.298 0.174073 0.174073 1 2 0
51.798 0.173243 0.173243 1 2 0
51.298 0.172422 0.172422 1 2 0
50.798 0.171611 0.171611 1 2 0
50.298 0.170809 0.170809 1 2 0
49.798 0.170016 0.170016 1 2 0
49.298 0.169233 0.169233 1 2 0
48.798 0.168458 0.168458 1 2 0
48.298 0.167693 0.167693 1 2 0
47.798 0.166936 0.166936 1 2 0
47.298 0.166188 0.166188 1 2 0
46.798 0.165449 0.165449 1 2 0
46.298 0.164718 0.164718 1 2 0
45.798 0.163996 0.163996 1 2 0
45.298 0.163282 0.163282 1 2 0
44.798 0.162577 0.162577 1 2 0
44.298 0.161879 0.161879 1 2 0
43.798 0.16119 0.16119 1 2 0
43.298 0.160508 0.160508 1 2 0
42.7981 0.159834 0.159834 1 2 0
42.2981 0.159168 0.159168 1 2 0
41.7981 0.15851 0.15851 1 2 0
41.2981 0.15786 0.15786 1 2 0
40.7981 0.157216 0.157216 1 2 0
40.2981 0.156581 0.156581 1 2 0
39.7981 0.155952 0.155952 1 2 0
39.2981 0.155331 0.155331 1 2 0
38.7981 0.154716 0.154716 1 2 0
38.2981 0.154109 0.154109 1 2 0
37.7981 0.153509 0.153509 1 2 0
37.2981 0.152916 0.152916 1 2 0
36.7981 0.152329 0.152329 1 2 0
36.2981 0.151749 0.151749 1 2 0
35.7981 0.151176 0.151176 1 2 0
35.2981 0.150609 0.150609 1 2 0
34.7981 0.150048 0.150048 1 2 0
34.2981 0.149494 0.149494 1 2 0
33.7981 0.148946 0.148946 1 2 0
33.2981 0.148405 0.148405 1 2 0
32.7981 0.147869 0.147869 1 2 0
32.2981 0.14734 0.14734 1 2 0
31.7981 0.146816 0.146816 1 2 0
31.2981 0.146298 0.146298 1 2 0
30.7981 0.145786 0.145786 1 2 0
30.2981 0.14528 0.14528 1 2 0
29.7981 0.144779 0.144779 1 2 0
29.2981 0.144284 0.144284 1 2 0
28.7981 0.143794 0.143794 1 2 0
28.2981 0.14331 0.14331 1 2 0
27.7982 0.142831 0.142831 1 2 0
27.2982 0.142358 0.142358 1 2 0
26.7982 0.141889 0.141889 1 2 0
26.2982 0.141426 0.141426 1 2 0
25.7982 0.140968 0.140968 1 2 0
25.2982 0.140515 0.140515 1 2 0
24.7982 0.140066 0.140066 1 2 0
24.2982 0.139623 0.139623 1 2 0
23.7982 0.139184 0.139184 1 2 0
23.2982 0.13875 0.13875 1 2 0
22.7982 0.138321 0.138321 1 2 0
22.2982 0.137896 0.137896 1 2 0
21.7982 0.137476 0.137476 1 2 0
21.2982 0.137061 0.137061 1 2 0
20.7982 0.13665 0.13665 1 2 0
20.2982 0.136243 0.136243 1 2 0
19.7982 0.13584 0.13584 1 2 0
19.2982 0.135442 0.135442 1 2 0
18.7982 0.135048 0.135048 1 2 0
18.2982 0.134658 0.134658 1 2 0
17.7982 0.134273 0.134273 1 2 0
17.2982 0.133891 0.133891 1 2 0
16.7982 0.133513 0.133513 1 2 0
16.2982 0.133139 0.133139 1 2 0
15.7982 0.132769 0.132769 1 2 0
15.2982 0.132403 0.132403 1 2 0
14.7982 0.132041 0.132041 1 2 0
14.2982 0.131682 0.131682 1 2 0
13.7982 0.131327 0.131327 1 2 0
13.2982 0.130976 0.130976 1 2 0
12.7982 0.130628 0.130628 1 2 0
12.2982 0.130283 0.130283 1 2 0
11.7982 0.129943 0.129943 1 2 0
11.2982 0.129605 0.129605 1 2 0
10.7982 0.129271 0.129271 1 2 0
10.2982 0.128941 0.128941 1 2 0
9.79824 0.128613 0.128613 1 2 0
9.29824 0.128289 0.128289 1 2 0
8.79824 0.127969 0.127969 1 2 0
8.29824 0.127651 0.127651 1 2 0
7.79824 0.127336 0.127336 1 2 0
7.29825 0.127025 0.127025 1 2 0
6.79825 0.126717 0.126717 1 2 0
6.29825 0.126411 0.126411 1 2 0
5.79825 0.126109 0.126109 1 2 0
5.29825 0.125809 0.125809 1 2 0
4.79825 0.125513 0.125513 1 2 0
4.29826 0.125219 0.125219 1 2 0
3.79826 0.124928 0.124928 1 2 0
3.29826 0.12464 0.12464 1 2 0
2.79826 0.124355 0.124355 1 2 0
2.29826 0.124072 0.124072 1 2 0
1.79826 0.123792 0.123792 1 2 0
1.29827 0.123515 0.123515 1 2 0
0.798268 0.12324 0.12324 1 2 0
0.29827 0.122968 0.122968 1 2 0
-0.201729 0.122699 0.122699 1 2 0
93.9759 0.285714 0.285714 2 2 0
98.3895 0.303072 0.303072 1 2 0
98.3993 0.303111 0.303111 2 2 0
98.4024 0.303123 0.303123 2 2 0
98.4075 0.303144 0.303144 2 2 0
98.4175 0.303185 0.303185 2 2 0
98.4375 0.303266 0.303266 2 2 0
98.4775 0.303428 0.303428 2 2 0
98.5575 0.303752 0.303752 2 2 0
98.7175 0.304402 0.304402 2 2 0
99.0375 0.305707 0.305707 2 2 0
99.5375 0.307755 0.307755 2 2 0
100.037 0.309817 0.309817 2 2 0
100.537 0.311891 0.311891 2 2 0
101.037 0.313978 0.313978 2 2 0
101.537 0.316078 0.316078 2 2 0
102.037 0.318191 0.318191 2 2 0
102.537 0.320316 0.320316 2 2 0
103.037 0.322453 0.322453 2 2 0
103.537 0.324602 0.324602 2 2 0
104.037 0.326764 0.326764 2 2 0
104.537 0.328938 0.328938 2 2 0
105.037 0.331124 0.331124 2 2 0
105.537 0.333321 0.333321 2 2 0
106.037 0.335531 0.335531 2 2 0
106.537 0.337752 0.337752 2 2 0
107.037 0.339984 0.339984 2 2 0
107.537 0.342228 0.342228 2 2 0
108.037 0.344483 0.344483 2 2 0
108.537 0.346749 0.346749 2 2 0
109.037 0.349026 0.349026 2 2 0
109.537 0.351314 0.351314 2 2 0
110.037 0.353612 0.353612 2 2 0
110.537 0.355922 0.355922 2 2 0
111.037 0.358241 0.358241 2 2 0
111.537 0.360571 0.360571 2 2 0
112.037 0.362911 0.362911 2 2 0
112.537 0.365261 0.365261 2 2 0
113.037 0.367621 0.367621 2 2 0
113.537 0.369991 0.369991 2 2 0
114.037 0.37237 0.37237 2 2 0
114.537 0.374759 0.374759 2 2 0
115.037 0.377157 0.377157 2 2 0
115.537 0.379564 0.379564 2 2 0
116.037 0.38198 0.38198 2 2 0
116.537 0.384404 0.384404 2 2 0
117.037 0.386838 0.386838 2 2 0
117.537 0.389279 0.389279 2 2 0
118.037 0.39173 0.39173 2 2 0
118.537 0.394188 0.394188 2 2 0
119.037 0.396654 0.396654 2 2 0
119.537 0.399128 0.399128 2 2 0
120.037 0.40161 0.40161 2 2 0
120.537 0.404099 0.404099 2 2 0
121.037 0.406595 0.406595 2 2 0
121.537 0.409099 0.409099 2 2 0
122.037 0.411609 0.411609 2 2 0
122.537 0.414127 0.414127 2 2 0
123.037 0.416651 0.416651 2 2 0
123.537 0.419181 0.419181 2 2 0
124.037 0.421718 0.421718 2 2 0
124.537 0.42426 0.42426 2 2 0
125.037 0.426809 0.426809 2 2 0
125.537 0.429363 0.429363 2 2 0
126.037 0.431923 0.431923 2 2 0
126.537 0.434488 0.434488 2 2 0
127.037 0.437059 0.437059 2 2 0
127.537 0.439634 0.439634 2 2 0
128.037 0.442215 0.442215 2 2 0
128.537 0.444799 0.444799 2 2 0
129.037 0.447389 0.447389 2 2 0
129.537 0.449982 0.449982 2 2 0
130.037 0.45258 0.45258 2 2 0
130.537 0.455182 0.455182 2 2 0
131.037 0.457787 0.457787 2 2 0
131.537 0.460396 0.460396 2 2 0
132.037 0.463008 0.463008 2 2 0
132.537 0.465624 0.465624 2 2 0
133.037 0.468242 0.468242 2 2 0
133.537 0.470863 0.470863 2 2 0
134.037 0.473487 0.473487 2 2 0
134.537 0.476113 0.476113 2 2 0
135.037 0.478742 0.478742 2 2 0
135.537 0.481372 0.481372 2 2 0
136.037 0.484005 0.484005 2 2 0
136.537 0.486639 0.486639 2 2 0
137.037 0.489275 0.489275 2 2 0
137.537 0.491912 0.491912 2 2 0
138.037 0.49455 0.49455 2 2 0
138.537 0.497189 0.497189 2 2 0
139.037 0.499829 0.499829 2 2 0
139.537 0.502469 0.502469 2 2 0
140.037 0.50511 0.50511 2 2 0
140.537 0.507751 0.507751 2 2 0
141.037 0.510393 0.510393 2 2 0
141.537 0.513034 0.513034 2 2 0
142.037 0.515675 0.515675 2 2 0
142.537 0.518315 0.518315 2 2 0
143.037 0.520955 0.520955 2 2 0
143.537 0.523594 0.523594 2 2 0
144.037 0.526232 0.526232 2 2 0
144.537 0.528869 0.528869 2 2 0
145.037 0.531504 0.531504 2 2 0
145.537 0.534138 0.534138 2 2 0
146.037 0.53677 0.53677 2 2 0
146.537 0.539401 0.539401 2 2 0
147.037 0.542029 0.542029 2 2 0
147.537 0.544655 0.544655 2 2 0
148.037 0.547279 0.547279 2 2 0
148.537 0.5499 0.5499 2 2 0
149.037 0.552519 0.552519 2 2 0
149.537 0.555134 0.555134 2 2 0
150.037 0.557747 0.557747 2 2 0
150.537 0.560357 0.560357 2 2 0
151.037 0.562963 0.562963 2 2 0
151.537 0.565566 0.565566 2 2 0
152.037 0.568165 0.568165 2 2 0
152.537 0.57076 0.57076 2 2 0
153.037 0.573351 0.573351 2 2 0
153.537 0.575938 0.575938 2 2 0
154.037 0.578521 0.578521 2 2 0
154.537 0.5811 0.5811 2 2 0
155.037 0.583674 0.583674 2 2 0
155.537 0.586243 0.586243 2 2 0
156.037 0.588807 0.588807 2 2 0
156.537 0.591367 0.591367 2 2 0
157.037 0.593921 0.593921 2 2 0
157.537 0.59647 0.59647 2 2 0
158.037 0.599014 0.599014 2 2 0
158.537 0.601552 0.601552 2 2 0
159.037 0.604084 0.604084 2 2 0
159.537 0.60661 0.60661 2 2 0
160.037 0.609131 0.609131 2 2 0
160.537 0.611645 0.611645 2 2 0
161.037 0.614153 0.614153 2 2 0
161.537 0.616655 0.616655 2 2 0
162.037 0.619151 0.619151 2 2 0
162.537 0.621639 0.621639 2 2 0
163.037 0.624121 0.624121 2 2 0
163.537 0.626597 0.626597 2 2 0
164.037 0.629065 0.629065 2 2 0
164.537 0.631526 0.631526 2 2 0
165.037 0.63398 0.63398 2 2 0
165.537 0.636427 0.636427 2 2 0
166.037 0.638866 0.638866 2 2 0
166.537 0.641298 0.641298 2 2 0
167.037 0.643722 0.643722 2 2 0
167.537 0.646138 0.646138 2 2 0
168.037 0.648547 0.648547 2 2 0
168.536 0.650947 0.650947 2 2 0
169.036 0.65334 0.65334 2 2 0
169.536 0.655724 0.655724 2 2 0
170.036 0.6581 0.6581 2 2 0
170.536 0.660468 0.660468 2 2 0
171.036 0.662828 0.662828 2 2 0
171.536 0.665179 0.665179 2 2 0
172.036 0.667521 0.667521 2 2 0
172.536 0.669855 0.669855 2 2 0
173.036 0.672179 0.672179 2 2 0
173.536 0.674495 0.674495 2 2 0
174.036 0.676802 0.676802 2 2 0
174.536 0.6791 0.6791 2 2 0
175.036 0.681389 0.681389 2 2 0
175.536 0.683669 0.683669 2 2 0
176.036 0.68594 0.68594 2 2 0
176.536 0.688201 0.688201 2 2 0
177.036 0.690453 0.690453 2 2 0
177.536 0.692695 0.692695 2 2 0
178.036 0.694928 0.694928 2 2 0
178.536 0.697151 0.697151 2 2 0
179.036 0.699364 0.699364 2 2 0
179.536 0.701568 0.701568 2 2 0
180.036 0.703762 0.703762 2 2 0
180.536 0.705947 0.705947 2 2 0
181.036 0.708121 0.708121 2 2 0
181.536 0.710285 0.710285 2 2 0
182.036 0.71244 0.71244 2 2 0
182.536 0.714584 0.714584 2 2 0
183.036 0.716718 0.716718 2 2 0
183.536 0.718843 0.718843 2 2 0
184.036 0.720956 0.720956 2 2 0
184.536 0.72306 0.72306 2 2 0
185.036 0.725154 0.725154 2 2 0
185.536 0.727237 0.727237 2 2 0
186.036 0.72931 0.72931 2 2 0
186.536 0.731372 0.731372 2 2 0
187.036 0.733424 0.733424 2 2 0
187.536 0.735465 0.735465 2 2 0
188.036 0.737496 0.737496 2 2 0
188.536 0.739517 0.739517 2 2 0
189.036 0.741527 0.741527 2 2 0
189.536 0.743526 0.743526 2 2 0
190.036 0.745515 0.745515 2 2 0
190.536 0.747493 0.747493 2 2 0
191.036 0.749461 0.749461 2 2 0
191.536 0.751417 0.751417 2 2 0
192.036 0.753363 0.753363 2 2 0
192.536 0.755299 0.755299 2 2 0
193.036 0.757224 0.757224 2 2 0
193.536 0.759138 0.759138 2 2 0
