6.502649999999999864e+02 1.621279999999999943e-01
6.497649999999999864e+02 1.621170000000000111e-01
6.492649999999999864e+02 1.621049999999999991e-01
6.487649999999999864e+02 1.620939999999999881e-01
6.482649999999999864e+02 1.620830000000000048e-01
6.477649999999999864e+02 1.620719999999999938e-01
6.472649999999999864e+02 1.620600000000000096e-01
6.467649999999999864e+02 1.620489999999999986e-01
6.462649999999999864e+02 1.620369999999999866e-01
6.457649999999999864e+02 1.620260000000000034e-01
6.452649999999999864e+02 1.620149999999999924e-01
6.447649999999999864e+02 1.620030000000000081e-01
6.442649999999999864e+02 1.619919999999999971e-01
6.437649999999999864e+02 1.619800000000000129e-01
6.432649999999999864e+02 1.619680000000000009e-01
6.427649999999999864e+02 1.619569999999999899e-01
6.422649999999999864e+02 1.619450000000000056e-01
6.417649999999999864e+02 1.619329999999999936e-01
6.412649999999999864e+02 1.619220000000000104e-01
6.407649999999999864e+02 1.619099999999999984e-01
6.402649999999999864e+02 1.618979999999999864e-01
6.397649999999999864e+02 1.618860000000000021e-01
6.392649999999999864e+02 1.618739999999999901e-01
6.387649999999999864e+02 1.618630000000000069e-01
6.382649999999999864e+02 1.618509999999999949e-01
6.377649999999999864e+02 1.618390000000000106e-01
6.372649999999999864e+02 1.618269999999999986e-01
6.367649999999999864e+02 1.618149999999999866e-01
6.362649999999999864e+02 1.618030000000000024e-01
6.357649999999999864e+02 1.617899999999999894e-01
6.352649999999999864e+02 1.617780000000000051e-01
6.347649999999999864e+02 1.617659999999999931e-01
6.342649999999999864e+02 1.617540000000000089e-01
6.337649999999999864e+02 1.617419999999999969e-01
6.332649999999999864e+02 1.617290000000000116e-01
6.327649999999999864e+02 1.617169999999999996e-01
6.322649999999999864e+02 1.617049999999999876e-01
6.317649999999999864e+02 1.616920000000000024e-01
6.312649999999999864e+02 1.616799999999999904e-01
6.307649999999999864e+02 1.616670000000000051e-01
6.302649999999999864e+02 1.616549999999999931e-01
6.297649999999999864e+02 1.616420000000000079e-01
6.292649999999999864e+02 1.616299999999999959e-01
6.287649999999999864e+02 1.616170000000000107e-01
6.282649999999999864e+02 1.616039999999999976e-01
6.277649999999999864e+02 1.615920000000000134e-01
6.272649999999999864e+02 1.615790000000000004e-01
6.267649999999999864e+02 1.615659999999999874e-01
6.262649999999999864e+02 1.615530000000000022e-01
6.257649999999999864e+02 1.615399999999999892e-01
6.252649999999999864e+02 1.615280000000000049e-01
6.247649999999999864e+02 1.615149999999999919e-01
6.242649999999999864e+02 1.615020000000000067e-01
6.237649999999999864e+02 1.614889999999999937e-01
6.232649999999999864e+02 1.614760000000000084e-01
6.227649999999999864e+02 1.614619999999999944e-01
6.222649999999999864e+02 1.614490000000000092e-01
6.217649999999999864e+02 1.614359999999999962e-01
6.212649999999999864e+02 1.614230000000000109e-01
6.207649999999999864e+02 1.614099999999999979e-01
6.202649999999999864e+02 1.613960000000000117e-01
6.197649999999999864e+02 1.613829999999999987e-01
6.192649999999999864e+02 1.613700000000000134e-01
6.187649999999999864e+02 1.613559999999999994e-01
6.182649999999999864e+02 1.613429999999999864e-01
6.177649999999999864e+02 1.613290000000000002e-01
6.172649999999999864e+02 1.613159999999999872e-01
6.167649999999999864e+02 1.613020000000000009e-01
6.162649999999999864e+02 1.612889999999999879e-01
6.157649999999999864e+02 1.612750000000000017e-01
6.152649999999999864e+02 1.612609999999999877e-01
6.147649999999999864e+02 1.612480000000000024e-01
6.142649999999999864e+02 1.612339999999999884e-01
6.137649999999999864e+02 1.612200000000000022e-01
6.132649999999999864e+02 1.612059999999999882e-01
6.127649999999999864e+02 1.611920000000000019e-01
6.122649999999999864e+02 1.611789999999999889e-01
6.117649999999999864e+02 1.611650000000000027e-01
6.112649999999999864e+02 1.611509999999999887e-01
6.107649999999999864e+02 1.611360000000000015e-01
6.102649999999999864e+02 1.611219999999999875e-01
6.097649999999999864e+02 1.611080000000000012e-01
6.092649999999999864e+02 1.610939999999999872e-01
6.087649999999999864e+02 1.610800000000000010e-01
6.082649999999999864e+02 1.610659999999999870e-01
6.077649999999999864e+02 1.610509999999999997e-01
6.072649999999999864e+02 1.610370000000000135e-01
6.067649999999999864e+02 1.610219999999999985e-01
6.062649999999999864e+02 1.610080000000000122e-01
6.057649999999999864e+02 1.609939999999999982e-01
6.052649999999999864e+02 1.609790000000000110e-01
6.047649999999999864e+02 1.609639999999999960e-01
6.042649999999999864e+02 1.609500000000000097e-01
6.037649999999999864e+02 1.609349999999999947e-01
6.032649999999999864e+02 1.609200000000000075e-01
6.027649999999999864e+02 1.609059999999999935e-01
6.022649999999999864e+02 1.608910000000000062e-01
6.017649999999999864e+02 1.608759999999999912e-01
6.012649999999999864e+02 1.608610000000000040e-01
6.007649999999999864e+02 1.608459999999999890e-01
6.002649999999999864e+02 1.608310000000000017e-01
5.997649999999999864e+02 1.608159999999999867e-01
5.992649999999999864e+02 1.608009999999999995e-01
5.987649999999999864e+02 1.607860000000000122e-01
5.982649999999999864e+02 1.607709999999999972e-01
5.977649999999999864e+02 1.607560000000000100e-01
5.972649999999999864e+02 1.607399999999999940e-01
5.967649999999999864e+02 1.607250000000000068e-01
5.962649999999999864e+02 1.607099999999999917e-01
5.957649999999999864e+02 1.606940000000000035e-01
5.952649999999999864e+02 1.606789999999999885e-01
5.947649999999999864e+02 1.606630000000000003e-01
5.942649999999999864e+02 1.606480000000000130e-01
5.937649999999999864e+02 1.606319999999999970e-01
5.932649999999999864e+02 1.606170000000000098e-01
5.927649999999999864e+02 1.606009999999999938e-01
5.922649999999999864e+02 1.605850000000000055e-01
5.917649999999999864e+02 1.605699999999999905e-01
5.912649999999999864e+02 1.605540000000000023e-01
5.907649999999999864e+02 1.605379999999999863e-01
5.902649999999999864e+02 1.605219999999999980e-01
5.897649999999999864e+02 1.605060000000000098e-01
5.892649999999999864e+02 1.604899999999999938e-01
5.887649999999999864e+02 1.604740000000000055e-01
5.882649999999999864e+02 1.604579999999999895e-01
5.877649999999999864e+02 1.604420000000000013e-01
5.872649999999999864e+02 1.604250000000000120e-01
5.867649999999999864e+02 1.604089999999999960e-01
5.862649999999999864e+02 1.603930000000000078e-01
5.857649999999999864e+02 1.603769999999999918e-01
5.852649999999999864e+02 1.603600000000000025e-01
5.847649999999999864e+02 1.603439999999999865e-01
5.842649999999999864e+02 1.603269999999999973e-01
5.837649999999999864e+02 1.603110000000000090e-01
5.832649999999999864e+02 1.602939999999999920e-01
5.827649999999999864e+02 1.602770000000000028e-01
5.822649999999999864e+02 1.602609999999999868e-01
5.817649999999999864e+02 1.602439999999999976e-01
5.812649999999999864e+02 1.602270000000000083e-01
5.807649999999999864e+02 1.602099999999999913e-01
5.802649999999999864e+02 1.601930000000000021e-01
5.797649999999999864e+02 1.601760000000000128e-01
5.792649999999999864e+02 1.601589999999999958e-01
5.787649999999999864e+02 1.601420000000000066e-01
5.782649999999999864e+02 1.601249999999999896e-01
5.777649999999999864e+02 1.601080000000000003e-01
5.772649999999999864e+02 1.600910000000000111e-01
5.767649999999999864e+02 1.600729999999999931e-01
5.762649999999999864e+02 1.600560000000000038e-01
5.757649999999999864e+02 1.600380000000000136e-01
5.752649999999999864e+02 1.600209999999999966e-01
5.747649999999999864e+02 1.600040000000000073e-01
5.742649999999999864e+02 1.599859999999999893e-01
5.737649999999999864e+02 1.599679999999999991e-01
5.732649999999999864e+02 1.599510000000000098e-01
5.727649999999999864e+02 1.599329999999999918e-01
5.722649999999999864e+02 1.599150000000000016e-01
5.717649999999999864e+02 1.598970000000000113e-01
5.712649999999999864e+02 1.598789999999999933e-01
5.707649999999999864e+02 1.598610000000000031e-01
5.702649999999999864e+02 1.598430000000000129e-01
5.697649999999999864e+02 1.598249999999999948e-01
5.692649999999999864e+02 1.598070000000000046e-01
5.687649999999999864e+02 1.597889999999999866e-01
5.682649999999999864e+02 1.597709999999999964e-01
5.677649999999999864e+02 1.597530000000000061e-01
5.672649999999999864e+02 1.597339999999999871e-01
5.667649999999999864e+02 1.597159999999999969e-01
5.662649999999999864e+02 1.596970000000000056e-01
5.657649999999999864e+02 1.596789999999999876e-01
5.652649999999999864e+02 1.596599999999999964e-01
5.647649999999999864e+02 1.596420000000000061e-01
5.642649999999999864e+02 1.596229999999999871e-01
5.637649999999999864e+02 1.596039999999999959e-01
5.632649999999999864e+02 1.595850000000000046e-01
5.627649999999999864e+02 1.595669999999999866e-01
5.622649999999999864e+02 1.595479999999999954e-01
5.617649999999999864e+02 1.595290000000000041e-01
5.612649999999999864e+02 1.595100000000000129e-01
5.607649999999999864e+02 1.594899999999999929e-01
5.602649999999999864e+02 1.594710000000000016e-01
5.597649999999999864e+02 1.594520000000000104e-01
5.592649999999999864e+02 1.594329999999999914e-01
5.587649999999999864e+02 1.594129999999999991e-01
5.582649999999999864e+02 1.593940000000000079e-01
5.577649999999999864e+02 1.593749999999999889e-01
5.572649999999999864e+02 1.593549999999999967e-01
5.567649999999999864e+02 1.593350000000000044e-01
5.562649999999999864e+02 1.593160000000000132e-01
5.557649999999999864e+02 1.592959999999999932e-01
5.552649999999999864e+02 1.592760000000000009e-01
5.547649999999999864e+02 1.592560000000000087e-01
5.544450000000000500e+02 1.592439999999999967e-01
5.542849999999999682e+02 1.592369999999999897e-01
5.542050000000000409e+02 1.592339999999999867e-01
5.541649999999999636e+02 1.592320000000000124e-01
5.541250000000000000e+02 1.592310000000000114e-01
5.541250000000000000e+02 1.592310000000000114e-01
5.536250000000000000e+02 1.592109999999999914e-01
5.531250000000000000e+02 1.591909999999999992e-01
5.526250000000000000e+02 1.591710000000000069e-01
5.521250000000000000e+02 1.591509999999999869e-01
5.516250000000000000e+02 1.591299999999999937e-01
5.511250000000000000e+02 1.591100000000000014e-01
5.506250000000000000e+02 1.590900000000000092e-01
5.501250000000000000e+02 1.590689999999999882e-01
5.496250000000000000e+02 1.590489999999999959e-01
5.491250000000000000e+02 1.590280000000000027e-01
5.486250000000000000e+02 1.590080000000000104e-01
5.481250000000000000e+02 1.589869999999999894e-01
5.476250000000000000e+02 1.589659999999999962e-01
5.471250000000000000e+02 1.589450000000000029e-01
5.466250000000000000e+02 1.589240000000000097e-01
5.461250000000000000e+02 1.589029999999999887e-01
5.456250000000000000e+02 1.588819999999999955e-01
5.451250000000000000e+02 1.588610000000000022e-01
5.446250000000000000e+02 1.588400000000000090e-01
5.441250000000000000e+02 1.588189999999999880e-01
5.436250000000000000e+02 1.587979999999999947e-01
5.431250000000000000e+02 1.587760000000000005e-01
5.426250000000000000e+02 1.587550000000000072e-01
5.421250000000000000e+02 1.587330000000000130e-01
5.416250000000000000e+02 1.587119999999999920e-01
5.411250000000000000e+02 1.586899999999999977e-01
5.406250000000000000e+02 1.586680000000000035e-01
5.401250000000000000e+02 1.586470000000000102e-01
5.396250000000000000e+02 1.586249999999999882e-01
5.391250000000000000e+02 1.586029999999999940e-01
5.386250000000000000e+02 1.585809999999999997e-01
5.381250000000000000e+02 1.585590000000000055e-01
5.376250000000000000e+02 1.585370000000000112e-01
5.371250000000000000e+02 1.585139999999999882e-01
5.366250000000000000e+02 1.584919999999999940e-01
5.361250000000000000e+02 1.584699999999999998e-01
5.356250000000000000e+02 1.584470000000000045e-01
5.351250000000000000e+02 1.584250000000000103e-01
5.346250000000000000e+02 1.584019999999999873e-01
5.341250000000000000e+02 1.583799999999999930e-01
5.336250000000000000e+02 1.583569999999999978e-01
5.331250000000000000e+02 1.583340000000000025e-01
5.326250000000000000e+02 1.583110000000000073e-01
5.321250000000000000e+02 1.582880000000000120e-01
5.316250000000000000e+02 1.582649999999999890e-01
5.311250000000000000e+02 1.582419999999999938e-01
5.306250000000000000e+02 1.582189999999999985e-01
5.301250000000000000e+02 1.581960000000000033e-01
5.296250000000000000e+02 1.581730000000000080e-01
5.291250000000000000e+02 1.581490000000000118e-01
5.286250000000000000e+02 1.581259999999999888e-01
5.281250000000000000e+02 1.581019999999999925e-01
5.276250000000000000e+02 1.580789999999999973e-01
5.271250000000000000e+02 1.580550000000000010e-01
5.266250000000000000e+02 1.580310000000000048e-01
5.261250000000000000e+02 1.580070000000000086e-01
5.256250000000000000e+02 1.579830000000000123e-01
5.251250000000000000e+02 1.579589999999999883e-01
5.246250000000000000e+02 1.579349999999999921e-01
5.241250000000000000e+02 1.579109999999999958e-01
5.236250000000000000e+02 1.578869999999999996e-01
5.231250000000000000e+02 1.578630000000000033e-01
5.226250000000000000e+02 1.578380000000000061e-01
5.221250000000000000e+02 1.578140000000000098e-01
5.216250000000000000e+02 1.577890000000000126e-01
5.211250000000000000e+02 1.577649999999999886e-01
5.206250000000000000e+02 1.577399999999999913e-01
5.201250000000000000e+02 1.577149999999999941e-01
5.196250000000000000e+02 1.576899999999999968e-01
5.191250000000000000e+02 1.576649999999999996e-01
5.186250000000000000e+02 1.576400000000000023e-01
5.181250000000000000e+02 1.576150000000000051e-01
5.176250000000000000e+02 1.575900000000000079e-01
5.171250000000000000e+02 1.575650000000000106e-01
5.166250000000000000e+02 1.575390000000000124e-01
5.161250000000000000e+02 1.575139999999999874e-01
5.156250000000000000e+02 1.574879999999999891e-01
5.151250000000000000e+02 1.574629999999999919e-01
5.146250000000000000e+02 1.574369999999999936e-01
5.141250000000000000e+02 1.574109999999999954e-01
5.136250000000000000e+02 1.573849999999999971e-01
5.131250000000000000e+02 1.573589999999999989e-01
5.126250000000000000e+02 1.573330000000000006e-01
5.121250000000000000e+02 1.573070000000000024e-01
5.116250000000000000e+02 1.572810000000000041e-01
5.111250000000000000e+02 1.572550000000000059e-01
5.106250000000000000e+02 1.572280000000000066e-01
5.101250000000000000e+02 1.572020000000000084e-01
5.096250000000000000e+02 1.571750000000000091e-01
5.091250000000000000e+02 1.571490000000000109e-01
5.086250000000000000e+02 1.571220000000000117e-01
5.081250000000000000e+02 1.570950000000000124e-01
5.076250000000000000e+02 1.570680000000000132e-01
5.071250000000000000e+02 1.570409999999999862e-01
5.066250000000000000e+02 1.570139999999999869e-01
5.061250000000000000e+02 1.569869999999999877e-01
5.056250000000000000e+02 1.569589999999999874e-01
5.051250000000000000e+02 1.569319999999999882e-01
5.046250000000000000e+02 1.569049999999999889e-01
5.041250000000000000e+02 1.568769999999999887e-01
5.036250000000000000e+02 1.568489999999999884e-01
5.031250000000000000e+02 1.568219999999999892e-01
5.026250000000000000e+02 1.567939999999999889e-01
5.021250000000000000e+02 1.567659999999999887e-01
5.016250000000000000e+02 1.567379999999999884e-01
5.011250000000000000e+02 1.567099999999999882e-01
5.006250000000000000e+02 1.566819999999999879e-01
5.001250000000000000e+02 1.566529999999999867e-01
4.996250000000000000e+02 1.566249999999999865e-01
4.991250000000000000e+02 1.565960000000000130e-01
4.986250000000000000e+02 1.565680000000000127e-01
4.981250000000000000e+02 1.565390000000000115e-01
4.976250000000000000e+02 1.565100000000000102e-01
4.971250000000000000e+02 1.564810000000000090e-01
4.966250000000000000e+02 1.564520000000000077e-01
4.961250000000000000e+02 1.564230000000000065e-01
4.956250000000000000e+02 1.563940000000000052e-01
4.951250000000000000e+02 1.563650000000000040e-01
4.946250000000000000e+02 1.563360000000000027e-01
4.941250000000000000e+02 1.563060000000000005e-01
4.936250000000000000e+02 1.562769999999999992e-01
4.931250000000000000e+02 1.562469999999999970e-01
4.926250000000000000e+02 1.562169999999999948e-01
4.921250000000000000e+02 1.561869999999999925e-01
4.916250000000000000e+02 1.561569999999999903e-01
4.911250000000000000e+02 1.561269999999999880e-01
4.906250000000000000e+02 1.560970000000000135e-01
4.901250000000000000e+02 1.560670000000000113e-01
4.896250000000000000e+02 1.560360000000000080e-01
4.891250000000000000e+02 1.560060000000000058e-01
4.886250000000000000e+02 1.559750000000000025e-01
4.881250000000000000e+02 1.559450000000000003e-01
4.876250000000000000e+02 1.559139999999999970e-01
4.871250000000000000e+02 1.558829999999999938e-01
4.866250000000000000e+02 1.558519999999999905e-01
4.861250000000000000e+02 1.558209999999999873e-01
4.856250000000000000e+02 1.557900000000000118e-01
4.851250000000000000e+02 1.557580000000000076e-01
4.846250000000000000e+02 1.557270000000000043e-01
4.841250000000000000e+02 1.556950000000000001e-01
4.836250000000000000e+02 1.556639999999999968e-01
4.831250000000000000e+02 1.556319999999999926e-01
4.826250000000000000e+02 1.555999999999999883e-01
4.821250000000000000e+02 1.555680000000000118e-01
4.816250000000000000e+02 1.555360000000000076e-01
4.811250000000000000e+02 1.555040000000000033e-01
4.806250000000000000e+02 1.554719999999999991e-01
4.801250000000000000e+02 1.554389999999999938e-01
4.796250000000000000e+02 1.554069999999999896e-01
4.791250000000000000e+02 1.553740000000000121e-01
4.786250000000000000e+02 1.553410000000000069e-01
4.781250000000000000e+02 1.553090000000000026e-01
4.776250000000000000e+02 1.552759999999999974e-01
4.771250000000000000e+02 1.552429999999999921e-01
4.766250000000000000e+02 1.552090000000000136e-01
4.761250000000000000e+02 1.551760000000000084e-01
4.756250000000000000e+02 1.551430000000000031e-01
4.751250000000000000e+02 1.551089999999999969e-01
4.746250000000000000e+02 1.550759999999999916e-01
4.741250000000000000e+02 1.550420000000000131e-01
4.736250000000000000e+02 1.550080000000000069e-01
4.731250000000000000e+02 1.549740000000000006e-01
4.726250000000000000e+02 1.549399999999999944e-01
4.721250000000000000e+02 1.549059999999999881e-01
4.716250000000000000e+02 1.548710000000000087e-01
4.711250000000000000e+02 1.548370000000000024e-01
4.706250000000000000e+02 1.548019999999999952e-01
4.701250000000000000e+02 1.547669999999999879e-01
4.696250000000000000e+02 1.547330000000000094e-01
4.691250000000000000e+02 1.546980000000000022e-01
4.686250000000000000e+02 1.546629999999999949e-01
4.681250000000000000e+02 1.546269999999999867e-01
4.676250000000000000e+02 1.545920000000000072e-01
4.671250000000000000e+02 1.545569999999999999e-01
4.666250000000000000e+02 1.545209999999999917e-01
4.661250000000000000e+02 1.544850000000000112e-01
4.656250000000000000e+02 1.544500000000000040e-01
4.651250000000000000e+02 1.544139999999999957e-01
4.646250000000000000e+02 1.543779999999999875e-01
4.641250000000000000e+02 1.543410000000000060e-01
4.636250000000000000e+02 1.543049999999999977e-01
4.631250000000000000e+02 1.542689999999999895e-01
4.626250000000000000e+02 1.542320000000000080e-01
4.621250000000000000e+02 1.541949999999999987e-01
4.616250000000000000e+02 1.541579999999999895e-01
4.611250000000000000e+02 1.541220000000000090e-01
4.606250000000000000e+02 1.540839999999999987e-01
4.601250000000000000e+02 1.540469999999999895e-01
4.596250000000000000e+02 1.540100000000000080e-01
4.591250000000000000e+02 1.539719999999999978e-01
4.586250000000000000e+02 1.539349999999999885e-01
4.581250000000000000e+02 1.538970000000000060e-01
4.576250000000000000e+02 1.538589999999999958e-01
4.571250000000000000e+02 1.538210000000000133e-01
4.568050000000000068e+02 1.537969999999999893e-01
4.566449999999999818e+02 1.537840000000000040e-01
4.565649999999999977e+02 1.537779999999999980e-01
4.565249999999999773e+02 1.537749999999999950e-01
4.564850000000000136e+02 1.537719999999999920e-01
4.564850000000000136e+02 1.537719999999999920e-01
4.559850000000000136e+02 1.537340000000000095e-01
4.554850000000000136e+02 1.536959999999999993e-01
4.549850000000000136e+02 1.536569999999999880e-01
4.544850000000000136e+02 1.536180000000000045e-01
4.539850000000000136e+02 1.535789999999999933e-01
4.534850000000000136e+02 1.535400000000000098e-01
4.529850000000000136e+02 1.535009999999999986e-01
4.524850000000000136e+02 1.534619999999999873e-01
4.519850000000000136e+02 1.534230000000000038e-01
4.514850000000000136e+02 1.533829999999999916e-01
4.509850000000000136e+02 1.533430000000000071e-01
4.504850000000000136e+02 1.533039999999999958e-01
4.499850000000000136e+02 1.532640000000000113e-01
4.494850000000000136e+02 1.532239999999999991e-01
4.489850000000000136e+02 1.531830000000000136e-01
4.484850000000000136e+02 1.531430000000000013e-01
4.479850000000000136e+02 1.531019999999999881e-01
4.474850000000000136e+02 1.530620000000000036e-01
4.469850000000000136e+02 1.530209999999999904e-01
4.464850000000000136e+02 1.529800000000000049e-01
4.459850000000000136e+02 1.529389999999999916e-01
4.454850000000000136e+02 1.528970000000000051e-01
4.449850000000000136e+02 1.528559999999999919e-01
4.444850000000000136e+02 1.528140000000000054e-01
4.439850000000000136e+02 1.527729999999999921e-01
4.434850000000000136e+02 1.527310000000000056e-01
4.429850000000000136e+02 1.526889999999999914e-01
4.424850000000000136e+02 1.526470000000000049e-01
4.419850000000000136e+02 1.526039999999999897e-01
4.414850000000000136e+02 1.525620000000000032e-01
4.409850000000000136e+02 1.525189999999999879e-01
4.404850000000000136e+02 1.524770000000000014e-01
4.399850000000000136e+02 1.524339999999999862e-01
4.394850000000000136e+02 1.523909999999999987e-01
4.389850000000000136e+02 1.523470000000000102e-01
4.384850000000000136e+02 1.523039999999999949e-01
4.379850000000000136e+02 1.522600000000000064e-01
4.374850000000000136e+02 1.522169999999999912e-01
4.369850000000000136e+02 1.521730000000000027e-01
4.364850000000000136e+02 1.521289999999999865e-01
4.359850000000000136e+02 1.520849999999999980e-01
4.354850000000000136e+02 1.520400000000000085e-01
4.349850000000000136e+02 1.519959999999999922e-01
4.344850000000000136e+02 1.519510000000000027e-01
4.339850000000000136e+02 1.519060000000000132e-01
4.334850000000000136e+02 1.518609999999999960e-01
4.329850000000000136e+02 1.518160000000000065e-01
4.324850000000000136e+02 1.517709999999999892e-01
4.319850000000000136e+02 1.517249999999999988e-01
4.314850000000000136e+02 1.516800000000000093e-01
4.309850000000000136e+02 1.516339999999999910e-01
4.304850000000000136e+02 1.515880000000000005e-01
4.299850000000000136e+02 1.515420000000000100e-01
4.294850000000000136e+02 1.514959999999999918e-01
4.289850000000000136e+02 1.514490000000000003e-01
4.284850000000000136e+02 1.514020000000000088e-01
4.279850000000000136e+02 1.513559999999999905e-01
4.274850000000000136e+02 1.513089999999999991e-01
4.269850000000000136e+02 1.512610000000000066e-01
4.264850000000000136e+02 1.512139999999999873e-01
4.259850000000000136e+02 1.511669999999999958e-01
4.254850000000000136e+02 1.511190000000000033e-01
4.249850000000000136e+02 1.510710000000000108e-01
4.244850000000000136e+02 1.510229999999999906e-01
4.239850000000000136e+02 1.509749999999999981e-01
4.234850000000000136e+02 1.509270000000000056e-01
4.229850000000000136e+02 1.508780000000000121e-01
4.224850000000000136e+02 1.508289999999999909e-01
4.219850000000000136e+02 1.507799999999999974e-01
4.214850000000000136e+02 1.507310000000000039e-01
4.209850000000000136e+02 1.506820000000000104e-01
4.204850000000000136e+02 1.506319999999999881e-01
4.199850000000000136e+02 1.505829999999999946e-01
4.194850000000000136e+02 1.505330000000000001e-01
4.189850000000000136e+02 1.504830000000000056e-01
4.184850000000000136e+02 1.504330000000000112e-01
4.179850000000000136e+02 1.503819999999999879e-01
4.174850000000000136e+02 1.503319999999999934e-01
4.169850000000000136e+02 1.502809999999999979e-01
4.164850000000000136e+02 1.502300000000000024e-01
4.159850000000000136e+02 1.501790000000000069e-01
4.154850000000000136e+02 1.501280000000000114e-01
4.149850000000000136e+02 1.500759999999999872e-01
4.144850000000000136e+02 1.500249999999999917e-01
4.139850000000000136e+02 1.499729999999999952e-01
4.134850000000000136e+02 1.499209999999999987e-01
4.129850000000000136e+02 1.498680000000000012e-01
4.124850000000000136e+02 1.498160000000000047e-01
4.119850000000000136e+02 1.497630000000000072e-01
4.114850000000000136e+02 1.497100000000000097e-01
4.109850000000000136e+02 1.496570000000000122e-01
4.104850000000000136e+02 1.496039999999999870e-01
4.099850000000000136e+02 1.495509999999999895e-01
4.094850000000000136e+02 1.494969999999999910e-01
4.089850000000000136e+02 1.494429999999999925e-01
4.084850000000000136e+02 1.493889999999999940e-01
4.079850000000000136e+02 1.493349999999999955e-01
4.074850000000000136e+02 1.492799999999999960e-01
4.069850000000000136e+02 1.492259999999999975e-01
4.064850000000000136e+02 1.491709999999999980e-01
4.059850000000000136e+02 1.491159999999999985e-01
4.054850000000000136e+02 1.490609999999999991e-01
4.049850000000000136e+02 1.490049999999999986e-01
4.044850000000000136e+02 1.489489999999999981e-01
4.039850000000000136e+02 1.488939999999999986e-01
4.034850000000000136e+02 1.488369999999999971e-01
4.029850000000000136e+02 1.487809999999999966e-01
4.024850000000000136e+02 1.487249999999999961e-01
4.019850000000000136e+02 1.486679999999999946e-01
4.014850000000000136e+02 1.486109999999999931e-01
4.009850000000000136e+02 1.485539999999999916e-01
4.004850000000000136e+02 1.484959999999999891e-01
3.999850000000000136e+02 1.484389999999999876e-01
3.994850000000000136e+02 1.483810000000000129e-01
3.989850000000000136e+02 1.483230000000000104e-01
3.984850000000000136e+02 1.482650000000000079e-01
3.979850000000000136e+02 1.482060000000000044e-01
3.974850000000000136e+02 1.481480000000000019e-01
3.969850000000000136e+02 1.480889999999999984e-01
3.964850000000000136e+02 1.480289999999999939e-01
3.959850000000000136e+02 1.479699999999999904e-01
3.954850000000000136e+02 1.479100000000000137e-01
3.949850000000000136e+02 1.478510000000000102e-01
3.944850000000000136e+02 1.477910000000000057e-01
3.939850000000000136e+02 1.477300000000000002e-01
3.934850000000000136e+02 1.476699999999999957e-01
3.929850000000000136e+02 1.476089999999999902e-01
3.924850000000000136e+02 1.475480000000000125e-01
3.919850000000000136e+02 1.474870000000000070e-01
3.914850000000000136e+02 1.474260000000000015e-01
3.909850000000000136e+02 1.473639999999999950e-01
3.904850000000000136e+02 1.473019999999999885e-01
3.899850000000000136e+02 1.472400000000000098e-01
3.894850000000000136e+02 1.471770000000000023e-01
3.889850000000000136e+02 1.471149999999999958e-01
3.884850000000000136e+02 1.470519999999999883e-01
3.879850000000000136e+02 1.469890000000000085e-01
3.874850000000000136e+02 1.469260000000000010e-01
3.869850000000000136e+02 1.468619999999999925e-01
3.864850000000000136e+02 1.467980000000000118e-01
3.859850000000000136e+02 1.467340000000000033e-01
3.854850000000000136e+02 1.466699999999999948e-01
3.849850000000000136e+02 1.466050000000000131e-01
3.844850000000000136e+02 1.465410000000000046e-01
3.839850000000000136e+02 1.464749999999999941e-01
3.834850000000000136e+02 1.464100000000000124e-01
3.829850000000000136e+02 1.463450000000000029e-01
3.824850000000000136e+02 1.462789999999999924e-01
3.819850000000000136e+02 1.462130000000000096e-01
3.814850000000000136e+02 1.461459999999999981e-01
3.809850000000000136e+02 1.460799999999999876e-01
3.804850000000000136e+02 1.460130000000000039e-01
3.799850000000000136e+02 1.459459999999999924e-01
3.794850000000000136e+02 1.458790000000000087e-01
3.789850000000000136e+02 1.458109999999999962e-01
3.784850000000000136e+02 1.457430000000000114e-01
3.779850000000000136e+02 1.456749999999999989e-01
3.774850000000000136e+02 1.456069999999999864e-01
3.769850000000000136e+02 1.455380000000000007e-01
3.764850000000000136e+02 1.454689999999999872e-01
3.759850000000000136e+02 1.454000000000000015e-01
3.754850000000000136e+02 1.453299999999999870e-01
3.749850000000000136e+02 1.452610000000000012e-01
3.744850000000000136e+02 1.451909999999999867e-01
3.739850000000000136e+02 1.451199999999999990e-01
3.734850000000000136e+02 1.450500000000000123e-01
3.729850000000000136e+02 1.449789999999999968e-01
3.724850000000000136e+02 1.449080000000000090e-01
3.719850000000000136e+02 1.448369999999999935e-01
3.714850000000000136e+02 1.447650000000000048e-01
3.709850000000000136e+02 1.446929999999999883e-01
3.704850000000000136e+02 1.446209999999999996e-01
3.699850000000000136e+02 1.445480000000000098e-01
3.694850000000000136e+02 1.444759999999999933e-01
3.689850000000000136e+02 1.444030000000000036e-01
3.684850000000000136e+02 1.443290000000000128e-01
3.679850000000000136e+02 1.442559999999999953e-01
3.674850000000000136e+02 1.441820000000000046e-01
3.669850000000000136e+02 1.441070000000000129e-01
3.664850000000000136e+02 1.440329999999999944e-01
3.659850000000000136e+02 1.439580000000000026e-01
3.654850000000000136e+02 1.438830000000000109e-01
3.649850000000000136e+02 1.438079999999999914e-01
3.644850000000000136e+02 1.437319999999999987e-01
3.639850000000000136e+02 1.436560000000000059e-01
3.634850000000000136e+02 1.435800000000000132e-01
3.629850000000000136e+02 1.435029999999999917e-01
3.624850000000000136e+02 1.434259999999999979e-01
3.619850000000000136e+02 1.433490000000000042e-01
3.614850000000000136e+02 1.432720000000000105e-01
3.609850000000000136e+02 1.431939999999999880e-01
3.604850000000000136e+02 1.431159999999999932e-01
3.599850000000000136e+02 1.430369999999999975e-01
3.594850000000000136e+02 1.429580000000000017e-01
3.591650000000000205e+02 1.429080000000000072e-01
3.590049999999999955e+02 1.428820000000000090e-01
3.589250000000000114e+02 1.428699999999999970e-01
3.588849999999999909e+02 1.428629999999999900e-01
3.588450000000000273e+02 1.428570000000000118e-01
3.588050000000000068e+02 1.428510000000000058e-01
3.587649999999999864e+02 1.428439999999999988e-01
3.586850000000000023e+02 1.428319999999999868e-01
3.585249999999999773e+02 1.428059999999999885e-01
3.582049999999999841e+02 1.427559999999999940e-01
3.577049999999999841e+02 1.426759999999999973e-01
3.572049999999999841e+02 1.425960000000000005e-01
3.567049999999999841e+02 1.425150000000000028e-01
3.562049999999999841e+02 1.424350000000000060e-01
3.557049999999999841e+02 1.423530000000000073e-01
3.552049999999999841e+02 1.422720000000000096e-01
3.547049999999999841e+02 1.421900000000000108e-01
3.542049999999999841e+02 1.421080000000000121e-01
3.537049999999999841e+02 1.420260000000000133e-01
3.532049999999999841e+02 1.419430000000000136e-01
3.527049999999999841e+02 1.418600000000000139e-01
3.522049999999999841e+02 1.417769999999999864e-01
3.517049999999999841e+02 1.416930000000000134e-01
3.512049999999999841e+02 1.416090000000000126e-01
3.507049999999999841e+02 1.415240000000000109e-01
3.502049999999999841e+02 1.414400000000000102e-01
3.497049999999999841e+02 1.413550000000000084e-01
3.492049999999999841e+02 1.412690000000000057e-01
3.487049999999999841e+02 1.411840000000000039e-01
3.482049999999999841e+02 1.410970000000000002e-01
3.477049999999999841e+02 1.410109999999999975e-01
3.472049999999999841e+02 1.409239999999999937e-01
3.467049999999999841e+02 1.408369999999999900e-01
3.462049999999999841e+02 1.407499999999999862e-01
3.457049999999999841e+02 1.406620000000000092e-01
3.452049999999999841e+02 1.405740000000000045e-01
3.447049999999999841e+02 1.404849999999999988e-01
3.442049999999999841e+02 1.403959999999999930e-01
3.437049999999999841e+02 1.403069999999999873e-01
3.432049999999999841e+02 1.402170000000000083e-01
3.427049999999999841e+02 1.401270000000000016e-01
3.422049999999999841e+02 1.400369999999999948e-01
3.417049999999999841e+02 1.399459999999999871e-01
3.412049999999999841e+02 1.398550000000000071e-01
3.407049999999999841e+02 1.397639999999999993e-01
3.402049999999999841e+02 1.396719999999999906e-01
3.397049999999999841e+02 1.395800000000000096e-01
3.392049999999999841e+02 1.394869999999999999e-01
3.387049999999999841e+02 1.393939999999999901e-01
3.382049999999999841e+02 1.393010000000000081e-01
3.377049999999999841e+02 1.392079999999999984e-01
3.372049999999999841e+02 1.391139999999999877e-01
3.367049999999999841e+02 1.390190000000000037e-01
3.362049999999999841e+02 1.389239999999999919e-01
3.357049999999999841e+02 1.388290000000000080e-01
3.352049999999999841e+02 1.387339999999999962e-01
3.347049999999999841e+02 1.386380000000000112e-01
3.342049999999999841e+02 1.385409999999999975e-01
3.337049999999999841e+02 1.384440000000000115e-01
3.332049999999999841e+02 1.383469999999999978e-01
3.327049999999999841e+02 1.382500000000000118e-01
3.322049999999999841e+02 1.381519999999999970e-01
3.317049999999999841e+02 1.380540000000000100e-01
3.312049999999999841e+02 1.379549999999999943e-01
3.307049999999999841e+02 1.378560000000000063e-01
3.302049999999999841e+02 1.377559999999999896e-01
3.297049999999999841e+02 1.376560000000000006e-01
3.292049999999999841e+02 1.375560000000000116e-01
3.287049999999999841e+02 1.374549999999999939e-01
3.282049999999999841e+02 1.373540000000000039e-01
3.277049999999999841e+02 1.372520000000000129e-01
3.272049999999999841e+02 1.371499999999999941e-01
3.267049999999999841e+02 1.370480000000000032e-01
3.262049999999999841e+02 1.369450000000000112e-01
3.257049999999999841e+02 1.368419999999999914e-01
3.252049999999999841e+02 1.367379999999999984e-01
3.247049999999999841e+02 1.366340000000000054e-01
3.242049999999999841e+02 1.365300000000000125e-01
3.237049999999999841e+02 1.364249999999999907e-01
3.232049999999999841e+02 1.363189999999999957e-01
3.227049999999999841e+02 1.362140000000000017e-01
3.222049999999999841e+02 1.361070000000000058e-01
3.217049999999999841e+02 1.360010000000000108e-01
3.212049999999999841e+02 1.358930000000000138e-01
3.207049999999999841e+02 1.357859999999999900e-01
3.202049999999999841e+02 1.356779999999999931e-01
3.197049999999999841e+02 1.355689999999999951e-01
3.192049999999999841e+02 1.354609999999999981e-01
3.187049999999999841e+02 1.353509999999999991e-01
3.182049999999999841e+02 1.352410000000000001e-01
3.177049999999999841e+02 1.351310000000000011e-01
3.172049999999999841e+02 1.350210000000000021e-01
3.167049999999999841e+02 1.349090000000000011e-01
3.162049999999999841e+02 1.347980000000000012e-01
3.157049999999999841e+02 1.346860000000000002e-01
3.152049999999999841e+02 1.345729999999999982e-01
3.147049999999999841e+02 1.344599999999999962e-01
3.142049999999999841e+02 1.343469999999999942e-01
3.137049999999999841e+02 1.342329999999999912e-01
3.132049999999999841e+02 1.341179999999999872e-01
3.127049999999999841e+02 1.340030000000000110e-01
3.122049999999999841e+02 1.338880000000000070e-01
3.117049999999999841e+02 1.337720000000000020e-01
3.112049999999999841e+02 1.336559999999999970e-01
3.107049999999999841e+02 1.335389999999999910e-01
3.102049999999999841e+02 1.334220000000000128e-01
3.097049999999999841e+02 1.333040000000000058e-01
3.092049999999999841e+02 1.331859999999999988e-01
3.087049999999999841e+02 1.330669999999999908e-01
3.082049999999999841e+02 1.329480000000000106e-01
3.077049999999999841e+02 1.328280000000000016e-01
3.072049999999999841e+02 1.327079999999999926e-01
3.067049999999999841e+02 1.325870000000000104e-01
3.062049999999999841e+02 1.324660000000000004e-01
3.057049999999999841e+02 1.323439999999999894e-01
3.052049999999999841e+02 1.322220000000000062e-01
3.047049999999999841e+02 1.320989999999999942e-01
3.042049999999999841e+02 1.319760000000000100e-01
3.037049999999999841e+02 1.318519999999999970e-01
3.032049999999999841e+02 1.317280000000000117e-01
3.027049999999999841e+02 1.316029999999999978e-01
3.022049999999999841e+02 1.314780000000000115e-01
3.017049999999999841e+02 1.313519999999999965e-01
3.012049999999999841e+02 1.312250000000000083e-01
3.007049999999999841e+02 1.310979999999999923e-01
3.002049999999999841e+02 1.309710000000000041e-01
2.997049999999999841e+02 1.308429999999999871e-01
2.992049999999999841e+02 1.307139999999999969e-01
2.987049999999999841e+02 1.305850000000000066e-01
2.982049999999999841e+02 1.304559999999999886e-01
2.977049999999999841e+02 1.303259999999999974e-01
2.972049999999999841e+02 1.301950000000000052e-01
2.967049999999999841e+02 1.300640000000000129e-01
2.962049999999999841e+02 1.299319999999999919e-01
2.957049999999999841e+02 1.297999999999999987e-01
2.952049999999999841e+02 1.296670000000000045e-01
2.947049999999999841e+02 1.295330000000000092e-01
2.942049999999999841e+02 1.293989999999999863e-01
2.937049999999999841e+02 1.292649999999999910e-01
2.932049999999999841e+02 1.291289999999999938e-01
2.927049999999999841e+02 1.289939999999999976e-01
2.922049999999999841e+02 1.288569999999999993e-01
2.917049999999999841e+02 1.287210000000000021e-01
2.912049999999999841e+02 1.285830000000000028e-01
2.907049999999999841e+02 1.284450000000000036e-01
2.902049999999999841e+02 1.283070000000000044e-01
2.897049999999999841e+02 1.281670000000000031e-01
2.892049999999999841e+02 1.280280000000000029e-01
2.887049999999999841e+02 1.278870000000000007e-01
2.882049999999999841e+02 1.277459999999999984e-01
2.877049999999999841e+02 1.276049999999999962e-01
2.872049999999999841e+02 1.274629999999999930e-01
2.867049999999999841e+02 1.273199999999999887e-01
2.862049999999999841e+02 1.271760000000000113e-01
2.857049999999999841e+02 1.270320000000000060e-01
2.852049999999999841e+02 1.268880000000000008e-01
2.847049999999999841e+02 1.267429999999999946e-01
2.842049999999999841e+02 1.265969999999999873e-01
2.837049999999999841e+02 1.264510000000000078e-01
2.832049999999999841e+02 1.263039999999999996e-01
2.827049999999999841e+02 1.261559999999999904e-01
2.822049999999999841e+02 1.260080000000000089e-01
2.817049999999999841e+02 1.258589999999999987e-01
2.812049999999999841e+02 1.257089999999999874e-01
2.807049999999999841e+02 1.255590000000000039e-01
2.802049999999999841e+02 1.254079999999999917e-01
2.797049999999999841e+02 1.252570000000000072e-01
2.792049999999999841e+02 1.251049999999999940e-01
2.787049999999999841e+02 1.249519999999999936e-01
2.782049999999999841e+02 1.247980000000000061e-01
2.777049999999999841e+02 1.246440000000000048e-01
2.772049999999999841e+02 1.244900000000000034e-01
2.767049999999999841e+02 1.243340000000000001e-01
2.762049999999999841e+02 1.241779999999999967e-01
2.757049999999999841e+02 1.240219999999999934e-01
2.752049999999999841e+02 1.238640000000000019e-01
2.747049999999999841e+02 1.237059999999999965e-01
2.742049999999999841e+02 1.235470000000000040e-01
2.737049999999999841e+02 1.233879999999999977e-01
2.732049999999999841e+02 1.232280000000000042e-01
2.727049999999999841e+02 1.230669999999999958e-01
2.722049999999999841e+02 1.229060000000000014e-01
2.717049999999999841e+02 1.227440000000000059e-01
2.712049999999999841e+02 1.225809999999999955e-01
2.707049999999999841e+02 1.224169999999999980e-01
2.702049999999999841e+02 1.222530000000000006e-01
2.697049999999999841e+02 1.220880000000000021e-01
2.692049999999999841e+02 1.219230000000000036e-01
2.687049999999999841e+02 1.217560000000000031e-01
2.682049999999999841e+02 1.215890000000000026e-01
2.677049999999999841e+02 1.214210000000000012e-01
2.672049999999999841e+02 1.212529999999999997e-01
2.667049999999999841e+02 1.210839999999999972e-01
2.662049999999999841e+02 1.209139999999999937e-01
2.657049999999999841e+02 1.207430000000000031e-01
2.652049999999999841e+02 1.205719999999999986e-01
2.647049999999999841e+02 1.203999999999999931e-01
2.642049999999999841e+02 1.202270000000000005e-01
2.637049999999999841e+02 1.200530000000000069e-01
2.632049999999999841e+02 1.198789999999999994e-01
2.627049999999999841e+02 1.197040000000000048e-01
2.588319999999999936e+02 1.183209999999999956e-01
2.583319999999999936e+02 1.181389999999999940e-01
2.578319999999999936e+02 1.179560000000000053e-01
2.573319999999999936e+02 1.177730000000000027e-01
2.568319999999999936e+02 1.175889999999999991e-01
2.563319999999999936e+02 1.174039999999999945e-01
2.558319999999999936e+02 1.172180000000000027e-01
2.553319999999999936e+02 1.170309999999999961e-01
2.548319999999999936e+02 1.168440000000000034e-01
2.543319999999999936e+02 1.166549999999999948e-01
2.538319999999999936e+02 1.164660000000000001e-01
2.533319999999999936e+02 1.162760000000000044e-01
2.528319999999999936e+02 1.160849999999999937e-01
2.523319999999999936e+02 1.158939999999999970e-01
2.518319999999999936e+02 1.157009999999999983e-01
2.513319999999999936e+02 1.155079999999999996e-01
2.508319999999999936e+02 1.153139999999999998e-01
2.503319999999999936e+02 1.151189999999999991e-01
2.498319999999999936e+02 1.149229999999999974e-01
2.493319999999999936e+02 1.147259999999999946e-01
2.488319999999999936e+02 1.145290000000000058e-01
2.483319999999999936e+02 1.143300000000000011e-01
2.478319999999999936e+02 1.141309999999999963e-01
2.473319999999999936e+02 1.139310000000000045e-01
2.468319999999999936e+02 1.137299999999999978e-01
2.463319999999999936e+02 1.135280000000000039e-01
2.458319999999999936e+02 1.133249999999999952e-01
2.453319999999999936e+02 1.131209999999999993e-01
2.448319999999999936e+02 1.129170000000000035e-01
2.443319999999999936e+02 1.127110000000000056e-01
2.438319999999999936e+02 1.125049999999999939e-01
2.433319999999999936e+02 1.122969999999999940e-01
2.428319999999999936e+02 1.120889999999999942e-01
2.423319999999999936e+02 1.118799999999999933e-01
2.418319999999999936e+02 1.116700000000000054e-01
2.413319999999999936e+02 1.114590000000000025e-01
2.408319999999999936e+02 1.112469999999999987e-01
2.403319999999999936e+02 1.110339999999999938e-01
2.398319999999999936e+02 1.108200000000000018e-01
2.393319999999999936e+02 1.106049999999999950e-01
2.388319999999999936e+02 1.103890000000000010e-01
2.383319999999999936e+02 1.101720000000000060e-01
2.378319999999999936e+02 1.099549999999999972e-01
2.373319999999999936e+02 1.097360000000000002e-01
2.368319999999999936e+02 1.095160000000000022e-01
2.363319999999999936e+02 1.092950000000000033e-01
2.358319999999999936e+02 1.090740000000000043e-01
2.353319999999999936e+02 1.088510000000000033e-01
2.348319999999999936e+02 1.086270000000000013e-01
2.343319999999999936e+02 1.084019999999999984e-01
2.338319999999999936e+02 1.081769999999999954e-01
2.333319999999999936e+02 1.079500000000000043e-01
2.328319999999999936e+02 1.077219999999999983e-01
2.323319999999999936e+02 1.074930000000000052e-01
2.318319999999999936e+02 1.072629999999999972e-01
2.313319999999999936e+02 1.070320000000000021e-01
2.308319999999999936e+02 1.068000000000000060e-01
2.303319999999999936e+02 1.065669999999999951e-01
2.298319999999999936e+02 1.063329999999999970e-01
2.293319999999999936e+02 1.060969999999999969e-01
2.288319999999999936e+02 1.058609999999999968e-01
2.283319999999999936e+02 1.056239999999999957e-01
2.278319999999999936e+02 1.053850000000000064e-01
2.273319999999999936e+02 1.051450000000000023e-01
2.268319999999999936e+02 1.049049999999999983e-01
2.263319999999999936e+02 1.046630000000000060e-01
2.258319999999999936e+02 1.044199999999999989e-01
2.253319999999999936e+02 1.041750000000000037e-01
2.248319999999999936e+02 1.039299999999999946e-01
2.243319999999999936e+02 1.036839999999999984e-01
2.238319999999999936e+02 1.034360000000000002e-01
2.233319999999999936e+02 1.031870000000000009e-01
2.228319999999999936e+02 1.029370000000000007e-01
2.223319999999999936e+02 1.026859999999999995e-01
2.218319999999999936e+02 1.024329999999999963e-01
2.213319999999999936e+02 1.021800000000000069e-01
2.208319999999999936e+02 1.019250000000000017e-01
2.203319999999999936e+02 1.016689999999999955e-01
2.198319999999999936e+02 1.014110000000000011e-01
2.193319999999999936e+02 1.011530000000000068e-01
2.188319999999999936e+02 1.008929999999999966e-01
2.183319999999999936e+02 1.006319999999999992e-01
2.178319999999999936e+02 1.003689999999999999e-01
2.173319999999999936e+02 1.001049999999999995e-01
2.168319999999999936e+02 9.984039999999999582e-02
2.163319999999999936e+02 9.957409999999999872e-02
2.158319999999999936e+02 9.930640000000000300e-02
2.153319999999999936e+02 9.903729999999999478e-02
2.148319999999999936e+02 9.876690000000000469e-02
2.143319999999999936e+02 9.849520000000000497e-02
2.138319999999999936e+02 9.822200000000000375e-02
2.133319999999999936e+02 9.794740000000000391e-02
2.128319999999999936e+02 9.767149999999999443e-02
2.123319999999999936e+02 9.739409999999999734e-02
2.118319999999999936e+02 9.711519999999999875e-02
2.113319999999999936e+02 9.683490000000000153e-02
2.108319999999999936e+02 9.655320000000000569e-02
2.103319999999999936e+02 9.626990000000000547e-02
2.098319999999999936e+02 9.598510000000000375e-02
2.093319999999999936e+02 9.569890000000000341e-02
2.088319999999999936e+02 9.541099999999999581e-02
2.083319999999999936e+02 9.512160000000000060e-02
2.078319999999999936e+02 9.483070000000000388e-02
2.073319999999999936e+02 9.453809999999999991e-02
2.068319999999999936e+02 9.424390000000000545e-02
2.063319999999999936e+02 9.394810000000000660e-02
2.058319999999999936e+02 9.365070000000000339e-02
2.053319999999999936e+02 9.335150000000000392e-02
2.048319999999999936e+02 9.305059999999999720e-02
2.043319999999999936e+02 9.274809999999999999e-02
2.038319999999999936e+02 9.244370000000000365e-02
2.033319999999999936e+02 9.213760000000000006e-02
2.028319999999999936e+02 9.182970000000000022e-02
2.023319999999999936e+02 9.151990000000000125e-02
2.018319999999999936e+02 9.120830000000000604e-02
2.013319999999999936e+02 9.089479999999999782e-02
2.008319999999999936e+02 9.057940000000000436e-02
2.003319999999999936e+02 9.026209999999999789e-02
1.998319999999999936e+02 8.994270000000000043e-02
1.993319999999999936e+02 8.962140000000000384e-02
1.988319999999999936e+02 8.929789999999999950e-02
1.983319999999999936e+02 8.897239999999999316e-02
1.978319999999999936e+02 8.864479999999999582e-02
1.973319999999999936e+02 8.831500000000000461e-02
1.968319999999999936e+02 8.798300000000000565e-02
1.963319999999999936e+02 8.764869999999999606e-02
1.958319999999999936e+02 8.731210000000000360e-02
1.953319999999999936e+02 8.697320000000000051e-02
1.948319999999999936e+02 8.663189999999999780e-02
1.943319999999999936e+02 8.628810000000000646e-02
1.938319999999999936e+02 8.594179999999999875e-02
1.933319999999999936e+02 8.559289999999999954e-02
1.928319999999999936e+02 8.524139999999999495e-02
1.923319999999999936e+02 8.488709999999999312e-02
1.918319999999999936e+02 8.453009999999999691e-02
1.913319999999999936e+02 8.417030000000000345e-02
1.908319999999999936e+02 8.380749999999999311e-02
1.903319999999999936e+02 8.344179999999999653e-02
1.898319999999999936e+02 8.307290000000000507e-02
1.893319999999999936e+02 8.270089999999999386e-02
1.888319999999999936e+02 8.232549999999999590e-02
1.883319999999999936e+02 8.194680000000000020e-02
1.878319999999999936e+02 8.156460000000000099e-02
1.873319999999999936e+02 8.117870000000000641e-02
1.868319999999999936e+02 8.078910000000000258e-02
1.863319999999999936e+02 8.039559999999999762e-02
1.858319999999999936e+02 7.999810000000000254e-02
1.853319999999999936e+02 7.959639999999999771e-02
1.848319999999999936e+02 7.919030000000000513e-02
1.843319999999999936e+02 7.877960000000000518e-02
1.838319999999999936e+02 7.836419999999999497e-02
1.833319999999999936e+02 7.794389999999999652e-02
1.828319999999999936e+02 7.751829999999999832e-02
1.823319999999999936e+02 7.708719999999999462e-02
1.818319999999999936e+02 7.665039999999999354e-02
1.813319999999999936e+02 7.620739999999999459e-02
1.808319999999999936e+02 7.575809999999999489e-02
1.803319999999999936e+02 7.530199999999999394e-02
1.798319999999999936e+02 7.483860000000000512e-02
1.793319999999999936e+02 7.436750000000000305e-02
1.788319999999999936e+02 7.388809999999999822e-02
1.783319999999999936e+02 7.339990000000000403e-02
1.778319999999999936e+02 7.290209999999999746e-02
1.773329999999999984e+02 7.239400000000000002e-02
1.768329999999999984e+02 7.187459999999999682e-02
1.763329999999999984e+02 7.134279999999999788e-02
1.758329999999999984e+02 7.079749999999999932e-02
1.753329999999999984e+02 7.023730000000000251e-02
1.748329999999999984e+02 6.966020000000000545e-02
1.743329999999999984e+02 6.906429999999999514e-02
1.738329999999999984e+02 6.844690000000000496e-02
1.733329999999999984e+02 6.780500000000000416e-02
1.728329999999999984e+02 6.713520000000000598e-02
1.723329999999999984e+02 6.643110000000000681e-02
1.718329999999999984e+02 6.560439999999999328e-02
1.713329999999999984e+02 6.477800000000000225e-02
1.708329999999999984e+02 6.386709999999999610e-02
1.703329999999999984e+02 6.282550000000000634e-02
1.699490000000000123e+02 6.187530000000000113e-02
1.696930000000000121e+02 6.111119999999999747e-02
1.695219999999999914e+02 6.049140000000000073e-02
1.694089999999999918e+02 5.998379999999999684e-02
1.693329999999999984e+02 5.956249999999999739e-02
1.692829999999999870e+02 5.920589999999999881e-02
1.692489999999999952e+02 5.894529999999999909e-02
1.692330000000000041e+02 5.870859999999999967e-02
1.692249999999999943e+02 5.859720000000000206e-02
1.692230000000000132e+02 5.852360000000000201e-02
1.692160000000000082e+02 5.830540000000000028e-02
1.696659999999999968e+02 5.540830000000000061e-02
1.697059999999999889e+02 5.529629999999999962e-02
1.697860000000000014e+02 5.508110000000000089e-02
1.699449999999999932e+02 5.468429999999999819e-02
1.702649999999999864e+02 5.410929999999999906e-02
1.707450000000000045e+02 5.336049999999999821e-02
1.712450000000000045e+02 5.272029999999999772e-02
1.717439999999999998e+02 5.217019999999999991e-02
1.722439999999999998e+02 5.161980000000000041e-02
1.727439999999999998e+02 5.119689999999999658e-02
1.732439999999999998e+02 5.080860000000000237e-02
1.737439999999999998e+02 5.044810000000000266e-02
1.742439999999999998e+02 5.011199999999999682e-02
1.747439999999999998e+02 4.979709999999999692e-02
1.752439999999999998e+02 4.950059999999999877e-02
1.757429999999999950e+02 4.922060000000000324e-02
1.762429999999999950e+02 4.895499999999999852e-02
1.767429999999999950e+02 4.870250000000000273e-02
1.772429999999999950e+02 4.846170000000000339e-02
1.777429999999999950e+02 4.823159999999999947e-02
1.782429999999999950e+02 4.801119999999999693e-02
1.787429999999999950e+02 4.779970000000000052e-02
1.792429999999999950e+02 4.759649999999999992e-02
1.797429999999999950e+02 4.740079999999999988e-02
1.802429999999999950e+02 4.721209999999999990e-02
1.807429999999999950e+02 4.703000000000000236e-02
1.812429999999999950e+02 4.685399999999999981e-02
1.817429999999999950e+02 4.668359999999999871e-02
1.822429999999999950e+02 4.651870000000000310e-02
1.827429999999999950e+02 4.635870000000000268e-02
1.832419999999999902e+02 4.620359999999999745e-02
1.837419999999999902e+02 4.605279999999999790e-02
1.842419999999999902e+02 4.590639999999999998e-02
1.847419999999999902e+02 4.576390000000000319e-02
1.852419999999999902e+02 4.562519999999999770e-02
1.857419999999999902e+02 4.549009999999999859e-02
1.862419999999999902e+02 4.535850000000000298e-02
1.867419999999999902e+02 4.523019999999999818e-02
1.872419999999999902e+02 4.510490000000000332e-02
1.877419999999999902e+02 4.498270000000000046e-02
1.882419999999999902e+02 4.486330000000000179e-02
1.887419999999999902e+02 4.474670000000000036e-02
1.892419999999999902e+02 4.463260000000000144e-02
1.897419999999999902e+02 4.452110000000000095e-02
1.902419999999999902e+02 4.441200000000000009e-02
1.907419999999999902e+02 4.430520000000000291e-02
1.912419999999999902e+02 4.420070000000000249e-02
1.917419999999999902e+02 4.409830000000000000e-02
1.922419999999999902e+02 4.399800000000000239e-02
1.927419999999999902e+02 4.389959999999999696e-02
1.932419999999999902e+02 4.380320000000000047e-02
1.937410000000000139e+02 4.370860000000000023e-02
1.942410000000000139e+02 4.361589999999999911e-02
1.947410000000000139e+02 4.352480000000000238e-02
1.952410000000000139e+02 4.343550000000000189e-02
1.957410000000000139e+02 4.334779999999999883e-02
1.962410000000000139e+02 4.326159999999999728e-02
1.967410000000000139e+02 4.317700000000000010e-02
1.972410000000000139e+02 4.309380000000000155e-02
1.977410000000000139e+02 4.301209999999999756e-02
1.982410000000000139e+02 4.293170000000000319e-02
1.987410000000000139e+02 4.285270000000000051e-02
1.992410000000000139e+02 4.277510000000000340e-02
1.997410000000000139e+02 4.269860000000000322e-02
2.002410000000000139e+02 4.262350000000000166e-02
2.007410000000000139e+02 4.254949999999999705e-02
2.012410000000000139e+02 4.247669999999999918e-02
2.017410000000000139e+02 4.240499999999999825e-02
2.022410000000000139e+02 4.233440000000000120e-02
2.027410000000000139e+02 4.226499999999999702e-02
2.032410000000000139e+02 4.219649999999999790e-02
2.037410000000000139e+02 4.212910000000000266e-02
2.042410000000000139e+02 4.206270000000000148e-02
2.047410000000000139e+02 4.199719999999999842e-02
2.052410000000000139e+02 4.193279999999999924e-02
2.057410000000000139e+02 4.186920000000000225e-02
2.062400000000000091e+02 4.180650000000000338e-02
2.067400000000000091e+02 4.174470000000000264e-02
2.072400000000000091e+02 4.168380000000000002e-02
2.077400000000000091e+02 4.162369999999999959e-02
2.082400000000000091e+02 4.156449999999999728e-02
2.087400000000000091e+02 4.150600000000000123e-02
2.092400000000000091e+02 4.144830000000000042e-02
2.097400000000000091e+02 4.139140000000000180e-02
2.102400000000000091e+02 4.133520000000000250e-02
2.107400000000000091e+02 4.127979999999999844e-02
2.112400000000000091e+02 4.122510000000000063e-02
2.117400000000000091e+02 4.117110000000000214e-02
2.122400000000000091e+02 4.111780000000000296e-02
2.127400000000000091e+02 4.106520000000000309e-02
2.132400000000000091e+02 4.101319999999999966e-02
2.137400000000000091e+02 4.096179999999999960e-02
2.142400000000000091e+02 4.091109999999999886e-02
2.147400000000000091e+02 4.086100000000000149e-02
2.152400000000000091e+02 4.081160000000000343e-02
2.157400000000000091e+02 4.076269999999999893e-02
2.162400000000000091e+02 4.071439999999999781e-02
2.167400000000000091e+02 4.066670000000000007e-02
2.172400000000000091e+02 4.061950000000000283e-02
2.177400000000000091e+02 4.057290000000000202e-02
2.182400000000000091e+02 4.052680000000000171e-02
2.187400000000000091e+02 4.048129999999999784e-02
2.192400000000000091e+02 4.043619999999999853e-02
2.197400000000000091e+02 4.039170000000000260e-02
2.202400000000000091e+02 4.034770000000000023e-02
2.207400000000000091e+02 4.030419999999999836e-02
2.212390000000000043e+02 4.026119999999999699e-02
2.217390000000000043e+02 4.021860000000000018e-02
2.222390000000000043e+02 4.017649999999999694e-02
2.227390000000000043e+02 4.013490000000000113e-02
2.232390000000000043e+02 4.009370000000000295e-02
2.237390000000000043e+02 4.005290000000000239e-02
2.242390000000000043e+02 4.001260000000000233e-02
2.247390000000000043e+02 3.997280000000000277e-02
2.252390000000000043e+02 3.993329999999999796e-02
2.257390000000000043e+02 3.989419999999999772e-02
2.262390000000000043e+02 3.985559999999999797e-02
2.267390000000000043e+02 3.981740000000000279e-02
2.272390000000000043e+02 3.977950000000000236e-02
2.277390000000000043e+02 3.974210000000000242e-02
2.282390000000000043e+02 3.970499999999999724e-02
2.287390000000000043e+02 3.966829999999999662e-02
2.292390000000000043e+02 3.963189999999999769e-02
2.297390000000000043e+02 3.959590000000000332e-02
2.302390000000000043e+02 3.956029999999999963e-02
2.307390000000000043e+02 3.952499999999999764e-02
2.312390000000000043e+02 3.949010000000000020e-02
2.317390000000000043e+02 3.945549999999999752e-02
2.322390000000000043e+02 3.942129999999999940e-02
2.327390000000000043e+02 3.938740000000000296e-02
2.332390000000000043e+02 3.935380000000000128e-02
2.337390000000000043e+02 3.932050000000000128e-02
2.342390000000000043e+02 3.928750000000000298e-02
2.347390000000000043e+02 3.925490000000000229e-02
2.352390000000000043e+02 3.922250000000000042e-02
2.357390000000000043e+02 3.919050000000000311e-02
2.362390000000000043e+02 3.915869999999999768e-02
2.367390000000000043e+02 3.912729999999999680e-02
2.372390000000000043e+02 3.909610000000000168e-02
2.377390000000000043e+02 3.906520000000000131e-02
2.382379999999999995e+02 3.903460000000000263e-02
2.387379999999999995e+02 3.900429999999999869e-02
2.392379999999999995e+02 3.897420000000000051e-02
2.397379999999999995e+02 3.894439999999999708e-02
2.402379999999999995e+02 3.891490000000000227e-02
2.407379999999999995e+02 3.888570000000000221e-02
2.412379999999999995e+02 3.885670000000000096e-02
2.417379999999999995e+02 3.882789999999999853e-02
2.422379999999999995e+02 3.879939999999999778e-02
2.427379999999999995e+02 3.877119999999999872e-02
2.432379999999999995e+02 3.874310000000000254e-02
2.437379999999999995e+02 3.871539999999999704e-02
2.442379999999999995e+02 3.868780000000000135e-02
2.447379999999999995e+02 3.866060000000000330e-02
2.452379999999999995e+02 3.863350000000000117e-02
2.457379999999999995e+02 3.860670000000000074e-02
2.462379999999999995e+02 3.858000000000000318e-02
2.467379999999999995e+02 3.855360000000000037e-02
2.472379999999999995e+02 3.852749999999999925e-02
2.477379999999999995e+02 3.850150000000000100e-02
2.482379999999999995e+02 3.847579999999999750e-02
2.487379999999999995e+02 3.845029999999999976e-02
2.492379999999999995e+02 3.842489999999999795e-02
2.497379999999999995e+02 3.839979999999999782e-02
2.502379999999999995e+02 3.837490000000000345e-02
2.507379999999999995e+02 3.835020000000000095e-02
2.512379999999999995e+02 3.832569999999999727e-02
2.517379999999999995e+02 3.830139999999999934e-02
2.522379999999999995e+02 3.827719999999999734e-02
2.527379999999999995e+02 3.825329999999999703e-02
2.532379999999999995e+02 3.822949999999999959e-02
2.537379999999999995e+02 3.820599999999999691e-02
2.542379999999999995e+02 3.818259999999999710e-02
2.547379999999999995e+02 3.815940000000000304e-02
2.552379999999999995e+02 3.813640000000000085e-02
2.557379999999999995e+02 3.811359999999999748e-02
2.562379999999999995e+02 3.809089999999999698e-02
2.567379999999999995e+02 3.806840000000000224e-02
2.572370000000000232e+02 3.804609999999999936e-02
2.577370000000000232e+02 3.802400000000000224e-02
2.582370000000000232e+02 3.800200000000000106e-02
2.587370000000000232e+02 3.798019999999999868e-02
2.592370000000000232e+02 3.795849999999999919e-02
2.597370000000000232e+02 3.793699999999999850e-02
2.602370000000000232e+02 3.791569999999999663e-02
2.607370000000000232e+02 3.789449999999999763e-02
2.612370000000000232e+02 3.787349999999999745e-02
2.617370000000000232e+02 3.785260000000000014e-02
2.622370000000000232e+02 3.783190000000000164e-02
2.627370000000000232e+02 3.781140000000000195e-02
2.632370000000000232e+02 3.779099999999999820e-02
2.637370000000000232e+02 3.777069999999999733e-02
2.642370000000000232e+02 3.775060000000000221e-02
2.647370000000000232e+02 3.773060000000000302e-02
2.652370000000000232e+02 3.771080000000000265e-02
2.657370000000000232e+02 3.769109999999999822e-02
2.662370000000000232e+02 3.767159999999999953e-02
2.667370000000000232e+02 3.765219999999999678e-02
2.672370000000000232e+02 3.763289999999999691e-02
2.672370000000000232e+02 3.763289999999999691e-02
2.672769999999999868e+02 3.763149999999999828e-02
2.673170000000000073e+02 3.762990000000000085e-02
2.673969999999999914e+02 3.762689999999999785e-02
2.675570000000000164e+02 3.762069999999999997e-02
2.678770000000000095e+02 3.760850000000000304e-02
2.683770000000000095e+02 3.758949999999999791e-02
2.688770000000000095e+02 3.757060000000000261e-02
2.693770000000000095e+02 3.755189999999999917e-02
2.698770000000000095e+02 3.753329999999999861e-02
2.703770000000000095e+02 3.751489999999999686e-02
2.708770000000000095e+02 3.749659999999999799e-02
2.713770000000000095e+02 3.747840000000000199e-02
2.718770000000000095e+02 3.746030000000000193e-02
2.723770000000000095e+02 3.744240000000000068e-02
2.728770000000000095e+02 3.742460000000000231e-02
2.733770000000000095e+02 3.740689999999999987e-02
2.738770000000000095e+02 3.738930000000000031e-02
2.743770000000000095e+02 3.737179999999999669e-02
2.748770000000000095e+02 3.735440000000000288e-02
2.753770000000000095e+02 3.733720000000000094e-02
2.758770000000000095e+02 3.732010000000000188e-02
2.763770000000000095e+02 3.730309999999999876e-02
2.768770000000000095e+02 3.728619999999999851e-02
2.773770000000000095e+02 3.726940000000000114e-02
2.778759999999999764e+02 3.725269999999999970e-02
2.783759999999999764e+02 3.723619999999999708e-02
2.788759999999999764e+02 3.721970000000000139e-02
2.793759999999999764e+02 3.720339999999999758e-02
2.798759999999999764e+02 3.718710000000000071e-02
2.803759999999999764e+02 3.717100000000000265e-02
2.808759999999999764e+02 3.715489999999999765e-02
2.813759999999999764e+02 3.713899999999999840e-02
2.818759999999999764e+02 3.712320000000000203e-02
2.823759999999999764e+02 3.710739999999999872e-02
2.828759999999999764e+02 3.709180000000000116e-02
2.833759999999999764e+02 3.707629999999999953e-02
2.838759999999999764e+02 3.706079999999999791e-02
2.843759999999999764e+02 3.704550000000000204e-02
2.848759999999999764e+02 3.703019999999999923e-02
2.853759999999999764e+02 3.701510000000000217e-02
2.858759999999999764e+02 3.699999999999999817e-02
2.863759999999999764e+02 3.698509999999999992e-02
2.868759999999999764e+02 3.697020000000000167e-02
2.873759999999999764e+02 3.695539999999999936e-02
2.878759999999999764e+02 3.694069999999999993e-02
2.883759999999999764e+02 3.692610000000000336e-02
2.888759999999999764e+02 3.691160000000000274e-02
2.893759999999999764e+02 3.689719999999999805e-02
2.898759999999999764e+02 3.688290000000000318e-02
2.903759999999999764e+02 3.686860000000000137e-02
2.908759999999999764e+02 3.685449999999999837e-02
2.913759999999999764e+02 3.684040000000000231e-02
2.918759999999999764e+02 3.682640000000000219e-02
2.923759999999999764e+02 3.681249999999999800e-02
2.928759999999999764e+02 3.679869999999999669e-02
2.933759999999999764e+02 3.678490000000000232e-02
2.938759999999999764e+02 3.677129999999999982e-02
2.943759999999999764e+02 3.675769999999999732e-02
2.948759999999999764e+02 3.674419999999999770e-02
2.953759999999999764e+02 3.673080000000000095e-02
2.958759999999999764e+02 3.671739999999999726e-02
2.963759999999999764e+02 3.670419999999999933e-02
2.968759999999999764e+02 3.669100000000000139e-02
2.973759999999999764e+02 3.667789999999999939e-02
2.978759999999999764e+02 3.666479999999999739e-02
2.983759999999999764e+02 3.665190000000000115e-02
2.988759999999999764e+02 3.663899999999999796e-02
2.993759999999999764e+02 3.662619999999999765e-02
2.998759999999999764e+02 3.661339999999999734e-02
3.003759999999999764e+02 3.660080000000000278e-02
3.008759999999999764e+02 3.658820000000000128e-02
3.013750000000000000e+02 3.657559999999999978e-02
3.018750000000000000e+02 3.656319999999999709e-02
3.023750000000000000e+02 3.655080000000000134e-02
3.028750000000000000e+02 3.653850000000000153e-02
3.033750000000000000e+02 3.652629999999999766e-02
3.038750000000000000e+02 3.651410000000000072e-02
3.043750000000000000e+02 3.650199999999999972e-02
3.048750000000000000e+02 3.648989999999999873e-02
3.053750000000000000e+02 3.647799999999999654e-02
3.058750000000000000e+02 3.646610000000000129e-02
3.063750000000000000e+02 3.645419999999999910e-02
3.068750000000000000e+02 3.644239999999999979e-02
3.073750000000000000e+02 3.643070000000000336e-02
3.078750000000000000e+02 3.641910000000000286e-02
3.083750000000000000e+02 3.640750000000000236e-02
3.088750000000000000e+02 3.639599999999999780e-02
3.093750000000000000e+02 3.638450000000000017e-02
3.098750000000000000e+02 3.637309999999999849e-02
3.103750000000000000e+02 3.636179999999999968e-02
3.108750000000000000e+02 3.635050000000000087e-02
3.113750000000000000e+02 3.633929999999999799e-02
3.118750000000000000e+02 3.632819999999999799e-02
3.123750000000000000e+02 3.631709999999999799e-02
3.128750000000000000e+02 3.630599999999999800e-02
3.133750000000000000e+02 3.629509999999999681e-02
3.138750000000000000e+02 3.628409999999999969e-02
3.143750000000000000e+02 3.627330000000000138e-02
3.148750000000000000e+02 3.626250000000000306e-02
3.153750000000000000e+02 3.625169999999999781e-02
3.158750000000000000e+02 3.624100000000000238e-02
3.163750000000000000e+02 3.623040000000000288e-02
3.168750000000000000e+02 3.621980000000000338e-02
3.173750000000000000e+02 3.620929999999999982e-02
3.178750000000000000e+02 3.619880000000000320e-02
3.183750000000000000e+02 3.618840000000000251e-02
3.188750000000000000e+02 3.617809999999999776e-02
3.193750000000000000e+02 3.616779999999999995e-02
3.198750000000000000e+02 3.615750000000000214e-02
3.203750000000000000e+02 3.614730000000000026e-02
3.208750000000000000e+02 3.613720000000000127e-02
3.213750000000000000e+02 3.612710000000000227e-02
3.218750000000000000e+02 3.611700000000000327e-02
3.223750000000000000e+02 3.610700000000000021e-02
3.228750000000000000e+02 3.609710000000000002e-02
3.233750000000000000e+02 3.608719999999999983e-02
3.238750000000000000e+02 3.607740000000000252e-02
3.243750000000000000e+02 3.606759999999999827e-02
3.248750000000000000e+02 3.605780000000000096e-02
3.253750000000000000e+02 3.604809999999999959e-02
3.258750000000000000e+02 3.603850000000000109e-02
3.263750000000000000e+02 3.602890000000000259e-02
3.268750000000000000e+02 3.601929999999999715e-02
3.273740000000000236e+02 3.600980000000000153e-02
3.278740000000000236e+02 3.600040000000000184e-02
3.283740000000000236e+02 3.599100000000000216e-02
3.288740000000000236e+02 3.598160000000000247e-02
3.293740000000000236e+02 3.597229999999999872e-02
3.298740000000000236e+02 3.596300000000000191e-02
3.303740000000000236e+02 3.595380000000000104e-02
3.308740000000000236e+02 3.594460000000000016e-02
3.313740000000000236e+02 3.593550000000000216e-02
3.318740000000000236e+02 3.592639999999999723e-02
3.323740000000000236e+02 3.591729999999999923e-02
3.328740000000000236e+02 3.590829999999999717e-02
3.333740000000000236e+02 3.589939999999999798e-02
3.338740000000000236e+02 3.589049999999999879e-02
3.343740000000000236e+02 3.588159999999999961e-02
3.348740000000000236e+02 3.587280000000000330e-02
3.353740000000000236e+02 3.586400000000000005e-02
3.358740000000000236e+02 3.585519999999999680e-02
3.363740000000000236e+02 3.584650000000000336e-02
3.368740000000000236e+02 3.583780000000000299e-02
3.373740000000000236e+02 3.582919999999999855e-02
3.378740000000000236e+02 3.582060000000000105e-02
3.383740000000000236e+02 3.581209999999999949e-02
3.388740000000000236e+02 3.580359999999999793e-02
3.393740000000000236e+02 3.579510000000000330e-02
3.398740000000000236e+02 3.578669999999999768e-02
3.403740000000000236e+02 3.577829999999999899e-02
3.408740000000000236e+02 3.577000000000000318e-02
3.413740000000000236e+02 3.576170000000000043e-02
3.418740000000000236e+02 3.575339999999999768e-02
3.423740000000000236e+02 3.574519999999999781e-02
3.428740000000000236e+02 3.573699999999999793e-02
3.433740000000000236e+02 3.572879999999999806e-02
3.438740000000000236e+02 3.572070000000000106e-02
3.443740000000000236e+02 3.571270000000000000e-02
3.448740000000000236e+02 3.570460000000000300e-02
3.453740000000000236e+02 3.569660000000000194e-02
3.458740000000000236e+02 3.568860000000000088e-02
3.463740000000000236e+02 3.568070000000000269e-02
3.468740000000000236e+02 3.567279999999999757e-02
3.473740000000000236e+02 3.566500000000000226e-02
3.478740000000000236e+02 3.565709999999999713e-02
3.483740000000000236e+02 3.564939999999999776e-02
3.488740000000000236e+02 3.564160000000000245e-02
3.493740000000000236e+02 3.563390000000000307e-02
3.498740000000000236e+02 3.562619999999999676e-02
3.503740000000000236e+02 3.561860000000000026e-02
3.508740000000000236e+02 3.561090000000000089e-02
3.513740000000000236e+02 3.560340000000000032e-02
3.518740000000000236e+02 3.559579999999999689e-02
3.523740000000000236e+02 3.558830000000000326e-02
3.528740000000000236e+02 3.558080000000000270e-02
3.533740000000000236e+02 3.557339999999999808e-02
3.538740000000000236e+02 3.556600000000000039e-02
3.543740000000000236e+02 3.555860000000000271e-02
3.548740000000000236e+02 3.555119999999999808e-02
3.553740000000000236e+02 3.554390000000000327e-02
3.558740000000000236e+02 3.553660000000000152e-02
3.563729999999999905e+02 3.552940000000000265e-02
3.568729999999999905e+02 3.552219999999999683e-02
3.573729999999999905e+02 3.551499999999999796e-02
3.578729999999999905e+02 3.550779999999999909e-02
3.583729999999999905e+02 3.550070000000000309e-02
3.588729999999999905e+02 3.549360000000000015e-02
3.593729999999999905e+02 3.548649999999999721e-02
3.598729999999999905e+02 3.547949999999999715e-02
3.603729999999999905e+02 3.547249999999999709e-02
3.608729999999999905e+02 3.546549999999999703e-02
3.613729999999999905e+02 3.545859999999999984e-02
3.618729999999999905e+02 3.545170000000000265e-02
3.623729999999999905e+02 3.544479999999999853e-02
3.628729999999999905e+02 3.543790000000000134e-02
3.633729999999999905e+02 3.543110000000000009e-02
3.638729999999999905e+02 3.542429999999999884e-02
3.643729999999999905e+02 3.541749999999999760e-02
3.648729999999999905e+02 3.541079999999999922e-02
3.648729999999999905e+02 3.541079999999999922e-02
3.649130000000000109e+02 3.541029999999999872e-02
3.649529999999999745e+02 3.540970000000000228e-02
3.650330000000000155e+02 3.540870000000000128e-02
3.651929999999999836e+02 3.540650000000000047e-02
3.655129999999999768e+02 3.540220000000000172e-02
3.660129999999999768e+02 3.539550000000000335e-02
3.665129999999999768e+02 3.538890000000000091e-02
3.670129999999999768e+02 3.538229999999999847e-02
3.675129999999999768e+02 3.537570000000000298e-02
3.680129999999999768e+02 3.536910000000000054e-02
3.685129999999999768e+02 3.536260000000000098e-02
3.690129999999999768e+02 3.535610000000000142e-02
3.695129999999999768e+02 3.534960000000000185e-02
3.700129999999999768e+02 3.534310000000000229e-02
3.705129999999999768e+02 3.533669999999999867e-02
3.710129999999999768e+02 3.533030000000000198e-02
3.715129999999999768e+02 3.532389999999999836e-02
3.720129999999999768e+02 3.531759999999999761e-02
3.725129999999999768e+02 3.531120000000000092e-02
3.730129999999999768e+02 3.530490000000000017e-02
3.735129999999999768e+02 3.529870000000000230e-02
3.740129999999999768e+02 3.529240000000000155e-02
3.745129999999999768e+02 3.528619999999999673e-02
3.750129999999999768e+02 3.527999999999999886e-02
3.755129999999999768e+02 3.527380000000000099e-02
3.760129999999999768e+02 3.526769999999999905e-02
3.765129999999999768e+02 3.526159999999999711e-02
3.770129999999999768e+02 3.525550000000000211e-02
3.775129999999999768e+02 3.524940000000000018e-02
3.780129999999999768e+02 3.524340000000000112e-02
3.785129999999999768e+02 3.523729999999999918e-02
3.790129999999999768e+02 3.523130000000000012e-02
3.795129999999999768e+02 3.522539999999999699e-02
3.800129999999999768e+02 3.521939999999999793e-02
3.805129999999999768e+02 3.521350000000000174e-02
3.810129999999999768e+02 3.520759999999999862e-02
3.815129999999999768e+02 3.520170000000000243e-02
3.820129999999999768e+02 3.519579999999999931e-02
3.825129999999999768e+02 3.518999999999999906e-02
3.830129999999999768e+02 3.518419999999999881e-02
3.835129999999999768e+02 3.517839999999999856e-02
3.840129999999999768e+02 3.517259999999999831e-02
3.845129999999999768e+02 3.516690000000000094e-02
3.850129999999999768e+02 3.516119999999999662e-02
3.855129999999999768e+02 3.515549999999999925e-02
3.860129999999999768e+02 3.514980000000000188e-02
3.865129999999999768e+02 3.514420000000000044e-02
3.870129999999999768e+02 3.513850000000000307e-02
3.875129999999999768e+02 3.513290000000000163e-02
3.880120000000000005e+02 3.512730000000000019e-02
3.885120000000000005e+02 3.512180000000000163e-02
3.890120000000000005e+02 3.511620000000000019e-02
3.895120000000000005e+02 3.511070000000000163e-02
3.900120000000000005e+02 3.510520000000000307e-02
3.905120000000000005e+02 3.509969999999999757e-02
3.910120000000000005e+02 3.509430000000000188e-02
3.915120000000000005e+02 3.508880000000000332e-02
3.920120000000000005e+02 3.508340000000000070e-02
3.925120000000000005e+02 3.507799999999999807e-02
3.930120000000000005e+02 3.507260000000000238e-02
3.935120000000000005e+02 3.506730000000000264e-02
3.940120000000000005e+02 3.506190000000000001e-02
3.945120000000000005e+02 3.505660000000000026e-02
3.950120000000000005e+02 3.505130000000000051e-02
3.955120000000000005e+02 3.504609999999999670e-02
3.960120000000000005e+02 3.504079999999999695e-02
3.965120000000000005e+02 3.503560000000000008e-02
3.970120000000000005e+02 3.503040000000000320e-02
3.975120000000000005e+02 3.502519999999999939e-02
3.980120000000000005e+02 3.502000000000000252e-02
3.985120000000000005e+02 3.501479999999999870e-02
3.990120000000000005e+02 3.500969999999999777e-02
3.995120000000000005e+02 3.500459999999999683e-02
4.000120000000000005e+02 3.499950000000000283e-02
4.005120000000000005e+02 3.499440000000000189e-02
4.010120000000000005e+02 3.498930000000000096e-02
4.015120000000000005e+02 3.498430000000000289e-02
4.020120000000000005e+02 3.497929999999999789e-02
4.025120000000000005e+02 3.497429999999999983e-02
4.030120000000000005e+02 3.496930000000000177e-02
4.035120000000000005e+02 3.496429999999999677e-02
4.040120000000000005e+02 3.495929999999999871e-02
4.045120000000000005e+02 3.495439999999999658e-02
4.050120000000000005e+02 3.494950000000000140e-02
4.055120000000000005e+02 3.494459999999999927e-02
4.060120000000000005e+02 3.493969999999999715e-02
4.065120000000000005e+02 3.493489999999999790e-02
4.070120000000000005e+02 3.493000000000000271e-02
4.075120000000000005e+02 3.492520000000000346e-02
4.080120000000000005e+02 3.492039999999999728e-02
4.085120000000000005e+02 3.491559999999999803e-02
4.090120000000000005e+02 3.491079999999999878e-02
4.095120000000000005e+02 3.490610000000000240e-02
4.100120000000000005e+02 3.490130000000000315e-02
4.105120000000000005e+02 3.489659999999999984e-02
4.110120000000000005e+02 3.489190000000000347e-02
4.115120000000000005e+02 3.488720000000000016e-02
4.120120000000000005e+02 3.488249999999999684e-02
4.125120000000000005e+02 3.487790000000000334e-02
4.130120000000000005e+02 3.487330000000000291e-02
4.135120000000000005e+02 3.486859999999999959e-02
4.140120000000000005e+02 3.486399999999999916e-02
4.145120000000000005e+02 3.485939999999999872e-02
4.150120000000000005e+02 3.485490000000000116e-02
4.155120000000000005e+02 3.485030000000000072e-02
4.160120000000000005e+02 3.484580000000000316e-02
4.165120000000000005e+02 3.484129999999999866e-02
4.170120000000000005e+02 3.483669999999999822e-02
4.175120000000000005e+02 3.483229999999999660e-02
4.180120000000000005e+02 3.482779999999999904e-02
4.185120000000000005e+02 3.482330000000000148e-02
4.190120000000000005e+02 3.481889999999999985e-02
4.195120000000000005e+02 3.481440000000000229e-02
4.200120000000000005e+02 3.481000000000000066e-02
4.205120000000000005e+02 3.480559999999999904e-02
4.210120000000000005e+02 3.480119999999999741e-02
4.215120000000000005e+02 3.479689999999999866e-02
4.220120000000000005e+02 3.479249999999999704e-02
4.225120000000000005e+02 3.478819999999999829e-02
4.230120000000000005e+02 3.478389999999999954e-02
4.235110000000000241e+02 3.477960000000000079e-02
4.240110000000000241e+02 3.477530000000000204e-02
4.245110000000000241e+02 3.477100000000000329e-02
4.250110000000000241e+02 3.476669999999999761e-02
4.255110000000000241e+02 3.476250000000000173e-02
4.260110000000000241e+02 3.475820000000000298e-02
4.265110000000000241e+02 3.475400000000000017e-02
4.270110000000000241e+02 3.474979999999999736e-02
4.275110000000000241e+02 3.474560000000000148e-02
4.280110000000000241e+02 3.474150000000000155e-02
4.285110000000000241e+02 3.473729999999999873e-02
4.290110000000000241e+02 3.473310000000000286e-02
4.295110000000000241e+02 3.472900000000000292e-02
4.300110000000000241e+02 3.472490000000000299e-02
4.305110000000000241e+02 3.472080000000000305e-02
4.310110000000000241e+02 3.471670000000000311e-02
4.315110000000000241e+02 3.471260000000000318e-02
4.320110000000000241e+02 3.470850000000000324e-02
4.325110000000000241e+02 3.470449999999999924e-02
4.330110000000000241e+02 3.470050000000000218e-02
4.335110000000000241e+02 3.469640000000000224e-02
4.340110000000000241e+02 3.469239999999999824e-02
4.345110000000000241e+02 3.468840000000000118e-02
4.350110000000000241e+02 3.468439999999999718e-02
4.355110000000000241e+02 3.468050000000000299e-02
4.360110000000000241e+02 3.467649999999999899e-02
4.365110000000000241e+02 3.467259999999999787e-02
4.370110000000000241e+02 3.466860000000000080e-02
4.375110000000000241e+02 3.466469999999999968e-02
4.380110000000000241e+02 3.466079999999999856e-02
4.385110000000000241e+02 3.465689999999999743e-02
4.390110000000000241e+02 3.465300000000000324e-02
4.395110000000000241e+02 3.464919999999999806e-02
4.400110000000000241e+02 3.464529999999999693e-02
4.405110000000000241e+02 3.464149999999999868e-02
4.410110000000000241e+02 3.463770000000000043e-02
4.415110000000000241e+02 3.463379999999999931e-02
4.420110000000000241e+02 3.463000000000000106e-02
4.425110000000000241e+02 3.462620000000000281e-02
4.430110000000000241e+02 3.462250000000000050e-02
4.435110000000000241e+02 3.461870000000000225e-02
4.440110000000000241e+02 3.461489999999999706e-02
4.445110000000000241e+02 3.461120000000000169e-02
4.450110000000000241e+02 3.460749999999999937e-02
4.455110000000000241e+02 3.460379999999999706e-02
4.460110000000000241e+02 3.460010000000000169e-02
4.465110000000000241e+02 3.459639999999999938e-02
4.470110000000000241e+02 3.459269999999999706e-02
4.475110000000000241e+02 3.458900000000000169e-02
4.480110000000000241e+02 3.458529999999999938e-02
4.485110000000000241e+02 3.458169999999999994e-02
4.490110000000000241e+02 3.457810000000000050e-02
4.495110000000000241e+02 3.457439999999999819e-02
4.500110000000000241e+02 3.457079999999999875e-02
4.505110000000000241e+02 3.456719999999999932e-02
4.510110000000000241e+02 3.456359999999999988e-02
4.515110000000000241e+02 3.456010000000000332e-02
4.520110000000000241e+02 3.455649999999999694e-02
4.525110000000000241e+02 3.455289999999999750e-02
4.530110000000000241e+02 3.454940000000000094e-02
4.535110000000000241e+02 3.454589999999999744e-02
4.540110000000000241e+02 3.454229999999999801e-02
4.545110000000000241e+02 3.453880000000000144e-02
4.550110000000000241e+02 3.453529999999999794e-02
4.555110000000000241e+02 3.453189999999999732e-02
4.560110000000000241e+02 3.452840000000000076e-02
4.565110000000000241e+02 3.452489999999999726e-02
4.570110000000000241e+02 3.452149999999999663e-02
4.575110000000000241e+02 3.451800000000000007e-02
4.580110000000000241e+02 3.451459999999999945e-02
4.585110000000000241e+02 3.451119999999999882e-02
4.590110000000000241e+02 3.450770000000000226e-02
4.595110000000000241e+02 3.450430000000000164e-02
4.600110000000000241e+02 3.450099999999999695e-02
4.605110000000000241e+02 3.449760000000000326e-02
4.610110000000000241e+02 3.449420000000000264e-02
4.615110000000000241e+02 3.449080000000000201e-02
4.620110000000000241e+02 3.448749999999999732e-02
4.625099999999999909e+02 3.448419999999999958e-02
4.625099999999999909e+02 3.448419999999999958e-02
4.625500000000000114e+02 3.448389999999999789e-02
4.625899999999999750e+02 3.448360000000000314e-02
4.626700000000000159e+02 3.448310000000000264e-02
4.628299999999999841e+02 3.448199999999999876e-02
4.631499999999999773e+02 3.447990000000000083e-02
4.636499999999999773e+02 3.447660000000000308e-02
4.641499999999999773e+02 3.447329999999999839e-02
4.646499999999999773e+02 3.447000000000000064e-02
4.651499999999999773e+02 3.446670000000000289e-02
4.656499999999999773e+02 3.446339999999999820e-02
4.661499999999999773e+02 3.446020000000000333e-02
4.666499999999999773e+02 3.445689999999999864e-02
4.671499999999999773e+02 3.445369999999999683e-02
4.676499999999999773e+02 3.445039999999999908e-02
4.681499999999999773e+02 3.444719999999999727e-02
4.686499999999999773e+02 3.444400000000000239e-02
4.691499999999999773e+02 3.444080000000000058e-02
4.696499999999999773e+02 3.443759999999999877e-02
4.701499999999999773e+02 3.443439999999999696e-02
4.706499999999999773e+02 3.443120000000000208e-02
4.711499999999999773e+02 3.442810000000000314e-02
4.716499999999999773e+02 3.442490000000000133e-02
4.721499999999999773e+02 3.442169999999999952e-02
4.726499999999999773e+02 3.441860000000000058e-02
4.731499999999999773e+02 3.441550000000000165e-02
4.736499999999999773e+02 3.441240000000000271e-02
4.741499999999999773e+02 3.440920000000000090e-02
4.746499999999999773e+02 3.440610000000000196e-02
4.751499999999999773e+02 3.440309999999999896e-02
4.756499999999999773e+02 3.440000000000000002e-02
4.761499999999999773e+02 3.439690000000000109e-02
4.766499999999999773e+02 3.439380000000000215e-02
4.771499999999999773e+02 3.439079999999999915e-02
4.776499999999999773e+02 3.438770000000000021e-02
4.781499999999999773e+02 3.438469999999999721e-02
4.786499999999999773e+02 3.438170000000000115e-02
4.791499999999999773e+02 3.437860000000000221e-02
4.796499999999999773e+02 3.437559999999999921e-02
4.801499999999999773e+02 3.437260000000000315e-02
4.806499999999999773e+02 3.436960000000000015e-02
4.811499999999999773e+02 3.436670000000000003e-02
4.816499999999999773e+02 3.436369999999999703e-02
4.821499999999999773e+02 3.436070000000000096e-02
4.826499999999999773e+02 3.435780000000000084e-02
4.831499999999999773e+02 3.435479999999999784e-02
4.836499999999999773e+02 3.435189999999999771e-02
4.841499999999999773e+02 3.434890000000000165e-02
4.846499999999999773e+02 3.434600000000000153e-02
4.851499999999999773e+02 3.434310000000000140e-02
4.856499999999999773e+02 3.434020000000000128e-02
4.861499999999999773e+02 3.433730000000000115e-02
4.866499999999999773e+02 3.433440000000000103e-02
4.871499999999999773e+02 3.433150000000000091e-02
4.876499999999999773e+02 3.432869999999999672e-02
4.881499999999999773e+02 3.432579999999999659e-02
4.886499999999999773e+02 3.432290000000000341e-02
4.891499999999999773e+02 3.432009999999999922e-02
4.896499999999999773e+02 3.431730000000000197e-02
4.901499999999999773e+02 3.431440000000000184e-02
4.906499999999999773e+02 3.431159999999999766e-02
4.911499999999999773e+02 3.430880000000000041e-02
4.916499999999999773e+02 3.430600000000000316e-02
4.921499999999999773e+02 3.430319999999999897e-02
4.926499999999999773e+02 3.430040000000000172e-02
4.931499999999999773e+02 3.429759999999999753e-02
4.936499999999999773e+02 3.429480000000000028e-02
4.941499999999999773e+02 3.429209999999999897e-02
4.946499999999999773e+02 3.428930000000000172e-02
4.951499999999999773e+02 3.428649999999999753e-02
4.956499999999999773e+02 3.428380000000000316e-02
4.961499999999999773e+02 3.428110000000000185e-02
4.966499999999999773e+02 3.427829999999999766e-02
4.971499999999999773e+02 3.427560000000000329e-02
4.976499999999999773e+02 3.427290000000000197e-02
4.981499999999999773e+02 3.427020000000000066e-02
4.986499999999999773e+02 3.426749999999999935e-02
4.991499999999999773e+02 3.426479999999999804e-02
4.996499999999999773e+02 3.426209999999999672e-02
5.001499999999999773e+02 3.425949999999999829e-02
5.006499999999999773e+02 3.425679999999999698e-02
5.011499999999999773e+02 3.425410000000000260e-02
5.016499999999999773e+02 3.425149999999999723e-02
5.021499999999999773e+02 3.424880000000000285e-02
5.026499999999999773e+02 3.424619999999999748e-02
5.031499999999999773e+02 3.424359999999999904e-02
5.036499999999999773e+02 3.424089999999999773e-02
5.041499999999999773e+02 3.423829999999999929e-02
5.046499999999999773e+02 3.423570000000000085e-02
5.051499999999999773e+02 3.423310000000000242e-02
5.056490000000000009e+02 3.423049999999999704e-02
5.061490000000000009e+02 3.422789999999999860e-02
5.066490000000000009e+02 3.422540000000000304e-02
5.071490000000000009e+02 3.422279999999999767e-02
5.076490000000000009e+02 3.422019999999999923e-02
5.081490000000000009e+02 3.421769999999999673e-02
5.086490000000000009e+02 3.421509999999999829e-02
5.091490000000000009e+02 3.421260000000000273e-02
5.096490000000000009e+02 3.420999999999999736e-02
5.101490000000000009e+02 3.420750000000000179e-02
5.106490000000000009e+02 3.420499999999999929e-02
5.111490000000000009e+02 3.420240000000000086e-02
5.116490000000000009e+02 3.419989999999999836e-02
5.121490000000000009e+02 3.419740000000000280e-02
5.126490000000000009e+02 3.419490000000000030e-02
5.131490000000000009e+02 3.419250000000000067e-02
5.136490000000000009e+02 3.418999999999999817e-02
5.141490000000000009e+02 3.418750000000000261e-02
5.146490000000000009e+02 3.418500000000000011e-02
5.151490000000000009e+02 3.418260000000000048e-02
5.156490000000000009e+02 3.418009999999999798e-02
5.161490000000000009e+02 3.417769999999999836e-02
5.166490000000000009e+02 3.417520000000000280e-02
5.171490000000000009e+02 3.417280000000000317e-02
5.176490000000000009e+02 3.417030000000000067e-02
5.181490000000000009e+02 3.416790000000000105e-02
5.186490000000000009e+02 3.416550000000000142e-02
5.191490000000000009e+02 3.416310000000000180e-02
5.196490000000000009e+02 3.416070000000000217e-02
5.201490000000000009e+02 3.415830000000000255e-02
5.206490000000000009e+02 3.415590000000000293e-02
5.211490000000000009e+02 3.415350000000000330e-02
5.216490000000000009e+02 3.415109999999999674e-02
5.221490000000000009e+02 3.414879999999999999e-02
5.226490000000000009e+02 3.414640000000000036e-02
5.231490000000000009e+02 3.414400000000000074e-02
5.236490000000000009e+02 3.414169999999999705e-02
5.241490000000000009e+02 3.413929999999999743e-02
5.246490000000000009e+02 3.413700000000000068e-02
5.251490000000000009e+02 3.413469999999999699e-02
5.256490000000000009e+02 3.413229999999999736e-02
5.261490000000000009e+02 3.413000000000000062e-02
5.266490000000000009e+02 3.412769999999999693e-02
5.271490000000000009e+02 3.412540000000000018e-02
5.276490000000000009e+02 3.412310000000000343e-02
5.281490000000000009e+02 3.412079999999999974e-02
5.286490000000000009e+02 3.411850000000000299e-02
5.291490000000000009e+02 3.411619999999999930e-02
5.296490000000000009e+02 3.411390000000000255e-02
5.301490000000000009e+02 3.411170000000000174e-02
5.306490000000000009e+02 3.410939999999999805e-02
5.311490000000000009e+02 3.410710000000000131e-02
5.316490000000000009e+02 3.410490000000000049e-02
5.321490000000000009e+02 3.410259999999999680e-02
5.326490000000000009e+02 3.410040000000000293e-02
5.331490000000000009e+02 3.409809999999999924e-02
5.336490000000000009e+02 3.409589999999999843e-02
5.341490000000000009e+02 3.409369999999999762e-02
5.346490000000000009e+02 3.409149999999999681e-02
5.351490000000000009e+02 3.408930000000000293e-02
5.356490000000000009e+02 3.408699999999999924e-02
5.361490000000000009e+02 3.408479999999999843e-02
5.366490000000000009e+02 3.408259999999999762e-02
5.371490000000000009e+02 3.408039999999999681e-02
5.376490000000000009e+02 3.407829999999999887e-02
5.381490000000000009e+02 3.407609999999999806e-02
5.386490000000000009e+02 3.407389999999999725e-02
5.391490000000000009e+02 3.407170000000000337e-02
5.396490000000000009e+02 3.406959999999999850e-02
5.401490000000000009e+02 3.406739999999999768e-02
5.406490000000000009e+02 3.406529999999999975e-02
5.411490000000000009e+02 3.406309999999999893e-02
5.416490000000000009e+02 3.406100000000000100e-02
5.421490000000000009e+02 3.405880000000000019e-02
5.426490000000000009e+02 3.405670000000000225e-02
5.431490000000000009e+02 3.405459999999999737e-02
5.436490000000000009e+02 3.405249999999999944e-02
5.441490000000000009e+02 3.405029999999999862e-02
5.446490000000000009e+02 3.404820000000000069e-02
5.451490000000000009e+02 3.404610000000000275e-02
5.456490000000000009e+02 3.404399999999999787e-02
5.461490000000000009e+02 3.404189999999999994e-02
5.466490000000000009e+02 3.403980000000000200e-02
5.471490000000000009e+02 3.403780000000000000e-02
5.476490000000000009e+02 3.403570000000000206e-02
5.481490000000000009e+02 3.403359999999999719e-02
5.486490000000000009e+02 3.403149999999999925e-02
5.491490000000000009e+02 3.402949999999999725e-02
5.496490000000000009e+02 3.402739999999999931e-02
5.501490000000000009e+02 3.402539999999999731e-02
5.506490000000000009e+02 3.402329999999999938e-02
5.511490000000000009e+02 3.402129999999999738e-02
5.516490000000000009e+02 3.401919999999999944e-02
5.521490000000000009e+02 3.401719999999999744e-02
5.526490000000000009e+02 3.401520000000000238e-02
5.531490000000000009e+02 3.401320000000000038e-02
5.536480000000000246e+02 3.401110000000000244e-02
5.541480000000000246e+02 3.400910000000000044e-02
5.546480000000000246e+02 3.400709999999999844e-02
5.551480000000000246e+02 3.400510000000000338e-02
5.556480000000000246e+02 3.400310000000000138e-02
5.561480000000000246e+02 3.400109999999999938e-02
5.566480000000000246e+02 3.399909999999999738e-02
5.571480000000000246e+02 3.399719999999999825e-02
5.576480000000000246e+02 3.399520000000000319e-02
5.581480000000000246e+02 3.399320000000000119e-02
5.586480000000000246e+02 3.399119999999999919e-02
5.591480000000000246e+02 3.398930000000000007e-02
5.596480000000000246e+02 3.398729999999999807e-02
5.601480000000000246e+02 3.398539999999999894e-02
5.601480000000000246e+02 3.398539999999999894e-02
5.601879999999999882e+02 3.398520000000000013e-02
5.602279999999999518e+02 3.398509999999999726e-02
5.603079999999999927e+02 3.398480000000000251e-02
5.604679999999999609e+02 3.398410000000000319e-02
5.607880000000000109e+02 3.398290000000000338e-02
5.612880000000000109e+02 3.398090000000000138e-02
5.617880000000000109e+02 3.397900000000000226e-02
5.622880000000000109e+02 3.397710000000000313e-02
5.627880000000000109e+02 3.397510000000000113e-02
5.632880000000000109e+02 3.397320000000000201e-02
5.637880000000000109e+02 3.397130000000000288e-02
5.642880000000000109e+02 3.396939999999999682e-02
5.647880000000000109e+02 3.396749999999999770e-02
5.652880000000000109e+02 3.396559999999999857e-02
5.657880000000000109e+02 3.396369999999999945e-02
5.662880000000000109e+02 3.396180000000000032e-02
5.667880000000000109e+02 3.395990000000000120e-02
5.672880000000000109e+02 3.395800000000000207e-02
5.677880000000000109e+02 3.395610000000000295e-02
5.682880000000000109e+02 3.395419999999999688e-02
5.687880000000000109e+02 3.395240000000000063e-02
5.692880000000000109e+02 3.395050000000000151e-02
5.697880000000000109e+02 3.394860000000000239e-02
5.702880000000000109e+02 3.394679999999999920e-02
5.707880000000000109e+02 3.394490000000000007e-02
5.712880000000000109e+02 3.394309999999999689e-02
5.717880000000000109e+02 3.394119999999999776e-02
5.722880000000000109e+02 3.393940000000000151e-02
5.727880000000000109e+02 3.393750000000000239e-02
5.732880000000000109e+02 3.393569999999999920e-02
5.737880000000000109e+02 3.393390000000000295e-02
5.742880000000000109e+02 3.393209999999999976e-02
5.747880000000000109e+02 3.393020000000000064e-02
5.752880000000000109e+02 3.392839999999999745e-02
5.757880000000000109e+02 3.392660000000000120e-02
5.762880000000000109e+02 3.392479999999999801e-02
5.767880000000000109e+02 3.392300000000000176e-02
5.772880000000000109e+02 3.392119999999999858e-02
5.777880000000000109e+02 3.391940000000000233e-02
5.782880000000000109e+02 3.391759999999999914e-02
5.787880000000000109e+02 3.391580000000000289e-02
5.792880000000000109e+02 3.391410000000000258e-02
5.797880000000000109e+02 3.391229999999999939e-02
5.802880000000000109e+02 3.391050000000000314e-02
5.807880000000000109e+02 3.390869999999999995e-02
5.812880000000000109e+02 3.390699999999999964e-02
5.817880000000000109e+02 3.390520000000000339e-02
5.822880000000000109e+02 3.390350000000000308e-02
5.827880000000000109e+02 3.390169999999999989e-02
5.832880000000000109e+02 3.389999999999999958e-02
5.837880000000000109e+02 3.389820000000000333e-02
5.842880000000000109e+02 3.389650000000000302e-02
5.847880000000000109e+02 3.389469999999999983e-02
5.852880000000000109e+02 3.389299999999999952e-02
5.857880000000000109e+02 3.389129999999999920e-02
5.862880000000000109e+02 3.388959999999999889e-02
5.867880000000000109e+02 3.388780000000000264e-02
5.872880000000000109e+02 3.388610000000000233e-02
5.877880000000000109e+02 3.388440000000000202e-02
5.882880000000000109e+02 3.388270000000000171e-02
5.887880000000000109e+02 3.388100000000000139e-02
5.892880000000000109e+02 3.387930000000000108e-02
5.897880000000000109e+02 3.387760000000000077e-02
5.902880000000000109e+02 3.387590000000000046e-02
5.907880000000000109e+02 3.387420000000000014e-02
5.912880000000000109e+02 3.387249999999999983e-02
5.917880000000000109e+02 3.387090000000000239e-02
5.922880000000000109e+02 3.386920000000000208e-02
5.927880000000000109e+02 3.386750000000000177e-02
5.932880000000000109e+02 3.386580000000000146e-02
5.937880000000000109e+02 3.386419999999999708e-02
5.942880000000000109e+02 3.386249999999999677e-02
5.947880000000000109e+02 3.386080000000000340e-02
5.952880000000000109e+02 3.385919999999999902e-02
5.957880000000000109e+02 3.385749999999999871e-02
5.962880000000000109e+02 3.385590000000000127e-02
5.967880000000000109e+02 3.385429999999999690e-02
5.972880000000000109e+02 3.385259999999999658e-02
5.977880000000000109e+02 3.385099999999999915e-02
5.982880000000000109e+02 3.384940000000000171e-02
5.987880000000000109e+02 3.384770000000000140e-02
5.992880000000000109e+02 3.384609999999999702e-02
5.997880000000000109e+02 3.384449999999999958e-02
6.002880000000000109e+02 3.384290000000000215e-02
6.007880000000000109e+02 3.384129999999999777e-02
6.012880000000000109e+02 3.383959999999999746e-02
6.017880000000000109e+02 3.383800000000000002e-02
6.022880000000000109e+02 3.383640000000000259e-02
6.027880000000000109e+02 3.383479999999999821e-02
6.032880000000000109e+02 3.383320000000000077e-02
6.037880000000000109e+02 3.383169999999999927e-02
6.042880000000000109e+02 3.383010000000000184e-02
6.047880000000000109e+02 3.382849999999999746e-02
6.052880000000000109e+02 3.382690000000000002e-02
6.057880000000000109e+02 3.382530000000000259e-02
6.062870000000000346e+02 3.382369999999999821e-02
6.067870000000000346e+02 3.382219999999999671e-02
6.072870000000000346e+02 3.382059999999999927e-02
6.077870000000000346e+02 3.381900000000000184e-02
6.082870000000000346e+02 3.381750000000000034e-02
6.087870000000000346e+02 3.381590000000000290e-02
6.092870000000000346e+02 3.381440000000000140e-02
6.097870000000000346e+02 3.381279999999999702e-02
6.102870000000000346e+02 3.381130000000000246e-02
6.107870000000000346e+02 3.380969999999999809e-02
6.112870000000000346e+02 3.380819999999999659e-02
6.117870000000000346e+02 3.380670000000000203e-02
6.122870000000000346e+02 3.380509999999999765e-02
6.127870000000000346e+02 3.380360000000000309e-02
6.132870000000000346e+02 3.380210000000000159e-02
6.137870000000000346e+02 3.380060000000000009e-02
6.142870000000000346e+02 3.379900000000000265e-02
6.147870000000000346e+02 3.379750000000000115e-02
6.152870000000000346e+02 3.379599999999999965e-02
6.157870000000000346e+02 3.379449999999999815e-02
6.162870000000000346e+02 3.379299999999999665e-02
6.167870000000000346e+02 3.379150000000000209e-02
6.172870000000000346e+02 3.379000000000000059e-02
6.177870000000000346e+02 3.378849999999999909e-02
6.182870000000000346e+02 3.378699999999999759e-02
6.187870000000000346e+02 3.378550000000000303e-02
6.192870000000000346e+02 3.378400000000000153e-02
6.197870000000000346e+02 3.378260000000000290e-02
6.202870000000000346e+02 3.378110000000000140e-02
6.207870000000000346e+02 3.377959999999999990e-02
6.212870000000000346e+02 3.377809999999999840e-02
6.217870000000000346e+02 3.377669999999999978e-02
6.222870000000000346e+02 3.377519999999999828e-02
6.227870000000000346e+02 3.377369999999999678e-02
6.232870000000000346e+02 3.377229999999999815e-02
6.237870000000000346e+02 3.377079999999999665e-02
6.242870000000000346e+02 3.376939999999999803e-02
6.247870000000000346e+02 3.376790000000000347e-02
6.252870000000000346e+02 3.376649999999999791e-02
6.257870000000000346e+02 3.376500000000000334e-02
6.262870000000000346e+02 3.376359999999999778e-02
6.267870000000000346e+02 3.376210000000000322e-02
6.272870000000000346e+02 3.376069999999999766e-02
6.277870000000000346e+02 3.375929999999999903e-02
6.282870000000000346e+02 3.375779999999999753e-02
6.287870000000000346e+02 3.375639999999999891e-02
6.292870000000000346e+02 3.375500000000000028e-02
6.297870000000000346e+02 3.375360000000000166e-02
6.302870000000000346e+02 3.375220000000000303e-02
6.307870000000000346e+02 3.375079999999999747e-02
6.312870000000000346e+02 3.374930000000000291e-02
6.317870000000000346e+02 3.374789999999999734e-02
6.322870000000000346e+02 3.374649999999999872e-02
6.327870000000000346e+02 3.374510000000000010e-02
6.332870000000000346e+02 3.374370000000000147e-02
6.337870000000000346e+02 3.374230000000000285e-02
6.342870000000000346e+02 3.374089999999999728e-02
6.347870000000000346e+02 3.373960000000000153e-02
6.352870000000000346e+02 3.373820000000000291e-02
6.357870000000000346e+02 3.373679999999999735e-02
6.362870000000000346e+02 3.373539999999999872e-02
6.367870000000000346e+02 3.373400000000000010e-02
6.372870000000000346e+02 3.373260000000000147e-02
6.377870000000000346e+02 3.373129999999999878e-02
6.382870000000000346e+02 3.372990000000000016e-02
6.387870000000000346e+02 3.372850000000000154e-02
6.392870000000000346e+02 3.372719999999999885e-02
6.397870000000000346e+02 3.372580000000000022e-02
6.402870000000000346e+02 3.372449999999999753e-02
6.407870000000000346e+02 3.372309999999999891e-02
6.412870000000000346e+02 3.372180000000000316e-02
6.417870000000000346e+02 3.372039999999999760e-02
6.422870000000000346e+02 3.371910000000000185e-02
6.427870000000000346e+02 3.371770000000000322e-02
6.432870000000000346e+02 3.371640000000000054e-02
6.437870000000000346e+02 3.371500000000000191e-02
6.442870000000000346e+02 3.371369999999999922e-02
6.447870000000000346e+02 3.371239999999999654e-02
6.452870000000000346e+02 3.371099999999999791e-02
6.457870000000000346e+02 3.370970000000000216e-02
6.462870000000000346e+02 3.370839999999999947e-02
6.467870000000000346e+02 3.370709999999999679e-02
6.472870000000000346e+02 3.370580000000000104e-02
6.477870000000000346e+02 3.370440000000000241e-02
6.482870000000000346e+02 3.370309999999999973e-02
6.487870000000000346e+02 3.370179999999999704e-02
6.492870000000000346e+02 3.370050000000000129e-02
6.497870000000000346e+02 3.369919999999999860e-02
6.502870000000000346e+02 3.369790000000000285e-02
6.507870000000000346e+02 3.369660000000000016e-02
6.512870000000000346e+02 3.369529999999999748e-02
6.517870000000000346e+02 3.369400000000000173e-02
6.522870000000000346e+02 3.369269999999999904e-02
6.527870000000000346e+02 3.369140000000000329e-02
6.532870000000000346e+02 3.369010000000000060e-02
6.537870000000000346e+02 3.368890000000000079e-02
6.542870000000000346e+02 3.368759999999999810e-02
6.547870000000000346e+02 3.368630000000000235e-02
6.552870000000000346e+02 3.368499999999999966e-02
6.557870000000000346e+02 3.368379999999999985e-02
6.562870000000000346e+02 3.368249999999999716e-02
6.567870000000000346e+02 3.368120000000000142e-02
6.572870000000000346e+02 3.367989999999999873e-02
6.577870000000000346e+02 3.367869999999999892e-02
