60 0.188145 0.188145 2 1 0
60.04 0.188224 0.188224 1 1 0
60.08 0.188304 0.188304 1 1 0
60.16 0.188464 0.188464 1 1 0
60.32 0.188784 0.188784 1 1 0
60.64 0.189429 0.189429 1 1 0
61.14 0.190445 0.190445 1 1 0
61.64 0.191473 0.191473 1 1 0
62.14 0.192512 0.192512 1 1 0
62.64 0.193563 0.193563 1 1 0
63.14 0.194625 0.194625 1 1 0
63.64 0.1957 0.1957 1 1 0
64.14 0.196786 0.196786 1 1 0
64.64 0.197885 0.197885 1 1 0
65.1399 0.198995 0.198995 1 1 0
65.6399 0.200118 0.200118 1 1 0
66.1399 0.201253 0.201253 1 1 0
66.6399 0.202401 0.202401 1 1 0
67.1399 0.203561 0.203561 1 1 0
67.6399 0.204733 0.204733 1 1 0
68.1399 0.205918 0.205918 1 1 0
68.6399 0.207116 0.207116 1 1 0
69.1399 0.208327 0.208327 1 1 0
69.6399 0.20955 0.20955 1 1 0
70.1399 0.210787 0.210787 1 1 0
70.6399 0.212037 0.212037 1 1 0
71.1399 0.213299 0.213299 1 1 0
71.6399 0.214575 0.214575 1 1 0
72.1399 0.215864 0.215864 1 1 0
72.6399 0.217167 0.217167 1 1 0
73.1399 0.218483 0.218483 1 1 0
73.6399 0.219812 0.219812 1 1 0
74.1399 0.221155 0.221155 1 1 0
74.6398 0.222511 0.222511 1 1 0
75.1398 0.223881 0.223881 1 1 0
75.6398 0.225265 0.225265 1 1 0
76.1398 0.226662 0.226662 1 1 0
76.6398 0.228074 0.228074 1 1 0
77.1398 0.229499 0.229499 1 1 0
77.6398 0.230938 0.230938 1 1 0
78.1398 0.23239 0.23239 1 1 0
78.6398 0.233857 0.233857 1 1 0
79.1398 0.235338 0.235338 1 1 0
79.6398 0.236833 0.236833 1 1 0
80.0583 0.238095 0.238095 1 1 0
80.5583 0.239616 0.239616 2 1 0
81.0583 0.24115 0.24115 2 1 0
81.5583 0.242699 0.242699 2 1 0
82.0583 0.244263 0.244263 2 1 0
82.5583 0.24584 0.24584 2 1 0
83.0583 0.247431 0.247431 2 1 0
83.5583 0.249037 0.249037 2 1 0
84.0583 0.250657 0.250657 2 1 0
84.5583 0.252291 0.252291 2 1 0
85.0583 0.253939 0.253939 2 1 0
85.5583 0.255602 0.255602 2 1 0
86.0583 0.257279 0.257279 2 1 0
86.5582 0.25897 0.25897 2 1 0
87.0582 0.260675 0.260675 2 1 0
87.5582 0.262395 0.262395 2 1 0
88.0582 0.264128 0.264128 2 1 0
88.5582 0.265876 0.265876 2 1 0
89.0582 0.267638 0.267638 2 1 0
89.5582 0.269414 0.269414 2 1 0
90.0582 0.271204 0.271204 2 1 0
90.5582 0.273008 0.273008 2 1 0
91.0582 0.274827 0.274827 2 1 0
91.5582 0.276659 0.276659 2 1 0
92.0582 0.278505 0.278505 2 1 0
92.5582 0.280366 0.280366 2 1 0
93.0582 0.28224 0.28224 2 1 0
93.5582 0.284128 0.284128 2 1 0
94.0582 0.286029 0.286029 2 1 0
94.5581 0.287945 0.287945 2 1 0
95.0581 0.289874 0.289874 2 1 0
95.5581 0.291816 0.291816 2 1 0
96.0581 0.293773 0.293773 2 1 0
96.5581 0.295742 0.295742 2 1 0
97.0581 0.297726 0.297726 2 1 0
97.5581 0.299722 0.299722 2 1 0
98.0581 0.301732 0.301732 2 1 0
98.5581 0.303755 0.303755 2 1 0
99.0581 0.305791 0.305791 2 1 0
99.5581 0.30784 0.30784 2 1 0
100.058 0.309902 0.309902 2 1 0
100.558 0.311977 0.311977 2 1 0
101.058 0.314065 0.314065 2 1 0
101.558 0.316165 0.316165 2 1 0
102.058 0.318278 0.318278 2 1 0
102.558 0.320403 0.320403 2 1 0
103.058 0.322541 0.322541 2 1 0
103.558 0.324691 0.324691 2 1 0
104.058 0.326854 0.326854 2 1 0
104.558 0.329028 0.329028 2 1 0
105.058 0.331214 0.331214 2 1 0
105.558 0.333412 0.333412 2 1 0
106.058 0.335622 0.335622 2 1 0
106.558 0.337843 0.337843 2 1 0
107.058 0.340076 0.340076 2 1 0
107.558 0.34232 0.34232 2 1 0
108.058 0.344576 0.344576 2 1 0
108.558 0.346843 0.346843 2 1 0
109.058 0.34912 0.34912 2 1 0
109.558 0.351408 0.351408 2 1 0
110.058 0.353707 0.353707 2 1 0
110.558 0.356017 0.356017 2 1 0
111.058 0.358337 0.358337 2 1 0
111.558 0.360667 0.360667 2 1 0
112.058 0.363008 0.363008 2 1 0
112.558 0.365358 0.365358 2 1 0
113.058 0.367719 0.367719 2 1 0
113.558 0.370089 0.370089 2 1 0
114.058 0.372468 0.372468 2 1 0
114.558 0.374857 0.374857 2 1 0
115.058 0.377256 0.377256 2 1 0
115.558 0.379663 0.379663 2 1 0
116.058 0.382079 0.382079 2 1 0
116.558 0.384504 0.384504 2 1 0
117.058 0.386938 0.386938 2 1 0
117.558 0.38938 0.38938 2 1 0
118.058 0.391831 0.391831 2 1 0
118.558 0.394289 0.394289 2 1 0
119.058 0.396756 0.396756 2 1 0
119.558 0.39923 0.39923 2 1 0
120.058 0.401712 0.401712 2 1 0
120.558 0.404202 0.404202 2 1 0
121.058 0.406698 0.406698 2 1 0
121.558 0.409202 0.409202 2 1 0
122.058 0.411713 0.411713 2 1 0
122.558 0.414231 0.414231 2 1 0
123.058 0.416755 0.416755 2 1 0
123.558 0.419286 0.419286 2 1 0
124.058 0.421822 0.421822 2 1 0
124.558 0.424365 0.424365 2 1 0
125.058 0.426914 0.426914 2 1 0
125.558 0.429469 0.429469 2 1 0
126.058 0.432029 0.432029 2 1 0
126.558 0.434594 0.434594 2 1 0
127.058 0.437165 0.437165 2 1 0
127.558 0.439741 0.439741 2 1 0
128.058 0.442321 0.442321 2 1 0
128.558 0.444906 0.444906 2 1 0
129.058 0.447496 0.447496 2 1 0
129.558 0.450089 0.450089 2 1 0
130.058 0.452687 0.452687 2 1 0
130.558 0.455289 0.455289 2 1 0
131.058 0.457895 0.457895 2 1 0
131.558 0.460504 0.460504 2 1 0
132.058 0.463116 0.463116 2 1 0
132.558 0.465731 0.465731 2 1 0
133.058 0.46835 0.46835 2 1 0
133.558 0.470971 0.470971 2 1 0
134.058 0.473595 0.473595 2 1 0
134.558 0.476222 0.476222 2 1 0
135.058 0.47885 0.47885 2 1 0
135.558 0.481481 0.481481 2 1 0
136.058 0.484113 0.484113 2 1 0
136.558 0.486748 0.486748 2 1 0
137.058 0.489383 0.489383 2 1 0
137.558 0.49202 0.49202 2 1 0
138.058 0.494659 0.494659 2 1 0
138.558 0.497298 0.497298 2 1 0
139.058 0.499938 0.499938 2 1 0
139.558 0.502578 0.502578 2 1 0
140.058 0.505219 0.505219 2 1 0
140.557 0.50786 0.50786 2 1 0
141.057 0.510502 0.510502 2 1 0
141.557 0.513143 0.513143 2 1 0
142.057 0.515784 0.515784 2 1 0
142.557 0.518424 0.518424 2 1 0
143.057 0.521064 0.521064 2 1 0
143.557 0.523703 0.523703 2 1 0
144.057 0.526341 0.526341 2 1 0
144.557 0.528977 0.528977 2 1 0
145.057 0.531613 0.531613 2 1 0
145.557 0.534246 0.534246 2 1 0
146.057 0.536879 0.536879 2 1 0
146.557 0.539509 0.539509 2 1 0
147.057 0.542137 0.542137 2 1 0
147.557 0.544763 0.544763 2 1 0
148.057 0.547387 0.547387 2 1 0
148.557 0.550008 0.550008 2 1 0
149.057 0.552627 0.552627 2 1 0
149.557 0.555242 0.555242 2 1 0
150.057 0.557855 0.557855 2 1 0
150.557 0.560464 0.560464 2 1 0
151.057 0.56307 0.56307 2 1 0
151.557 0.565673 0.565673 2 1 0
152.057 0.568272 0.568272 2 1 0
152.557 0.570867 0.570867 2 1 0
153.057 0.573458 0.573458 2 1 0
153.557 0.576045 0.576045 2 1 0
154.057 0.578628 0.578628 2 1 0
154.557 0.581206 0.581206 2 1 0
155.057 0.58378 0.58378 2 1 0
155.557 0.586349 0.586349 2 1 0
156.057 0.588913 0.588913 2 1 0
156.557 0.591472 0.591472 2 1 0
157.057 0.594026 0.594026 2 1 0
157.557 0.596575 0.596575 2 1 0
80.0583 0.238095 0.238095 2 2 0
75.0898 0.238095 0.238095 2 2 0
75.0888 0.238095 0.238095 2 2 0
75.0872 0.238095 0.238095 2 2 0
75.0846 0.238095 0.238095 2 2 0
75.0796 0.238095 0.238095 2 2 0
75.0696 0.238095 0.238095 2 2 0
75.0496 0.238095 0.238095 2 2 0
75.0096 0.238095 0.238095 2 2 0
74.9296 0.238095 0.238095 2 2 0
74.7696 0.238095 0.238095 2 2 0
74.4496 0.238095 0.238095 2 2 0
73.9496 0.238095 0.238095 2 2 0
73.4496 0.238095 0.238095 2 2 0
72.9496 0.238095 0.238095 2 2 0
72.4496 0.238095 0.238095 2 2 0
71.9496 0.238095 0.238095 2 2 0
71.4496 0.238095 0.238095 2 2 0
70.9496 0.238095 0.238095 2 2 0
70.4496 0.238095 0.238095 2 2 0
69.9496 0.238095 0.238095 2 2 0
69.4496 0.238095 0.238095 2 2 0
68.9496 0.238095 0.238095 2 2 0
68.4496 0.238095 0.238095 2 2 0
67.9496 0.238095 0.238095 2 2 0
67.4496 0.238095 0.238095 2 2 0
66.9496 0.238095 0.238095 2 2 0
66.4496 0.238095 0.238095 2 2 0
65.9496 0.238095 0.238095 2 2 0
65.4496 0.238095 0.238095 2 2 0
64.9496 0.238095 0.238095 2 2 0
64.4496 0.238095 0.238095 2 2 0
63.9496 0.238095 0.238095 2 2 0
63.4496 0.238095 0.238095 2 2 0
62.9496 0.238095 0.238095 2 2 0
62.4496 0.238095 0.238095 2 2 0
61.9496 0.238095 0.238095 2 2 0
61.4496 0.238095 0.238095 2 2 0
60.9496 0.238095 0.238095 2 2 0
60.4496 0.238095 0.238095 2 2 0
59.9496 0.238095 0.238095 2 2 0
59.4496 0.238095 0.238095 2 2 0
58.9496 0.238095 0.238095 2 2 0
58.4496 0.238095 0.238095 2 2 0
57.9496 0.238095 0.238095 2 2 0
57.4496 0.238095 0.238095 2 2 0
56.9496 0.238095 0.238095 2 2 0
56.4496 0.238095 0.238095 2 2 0
55.9496 0.238095 0.238095 2 2 0
55.4496 0.238095 0.238095 2 2 0
54.9496 0.238095 0.238095 2 2 0
54.4496 0.238095 0.238095 2 2 0
53.9496 0.238095 0.238095 2 2 0
53.4496 0.238095 0.238095 2 2 0
52.9496 0.238095 0.238095 2 2 0
52.4496 0.238095 0.238095 2 2 0
51.9496 0.238095 0.238095 2 2 0
51.4496 0.238095 0.238095 2 2 0
50.9496 0.238095 0.238095 2 2 0
50.4496 0.238095 0.238095 2 2 0
49.9496 0.238095 0.238095 2 2 0
49.4496 0.238095 0.238095 2 2 0
48.9496 0.238095 0.238095 2 2 0
48.4496 0.238095 0.238095 2 2 0
47.9496 0.238095 0.238095 2 2 0
47.4496 0.238095 0.238095 2 2 0
46.9496 0.238095 0.238095 2 2 0
46.4496 0.238095 0.238095 2 2 0
45.9496 0.238095 0.238095 2 2 0
45.4496 0.238095 0.238095 2 2 0
44.9496 0.238095 0.238095 2 2 0
44.4496 0.238095 0.238095 2 2 0
43.9496 0.238095 0.238095 2 2 0
43.4496 0.238095 0.238095 2 2 0
42.9496 0.238095 0.238095 2 2 0
42.4496 0.238095 0.238095 2 2 0
41.9496 0.238095 0.238095 2 2 0
41.4496 0.238095 0.238095 2 2 0
40.9496 0.238095 0.238095 2 2 0
40.4496 0.238095 0.238095 2 2 0
39.9496 0.238095 0.238095 2 2 0
39.4496 0.238095 0.238095 2 2 0
38.9496 0.238095 0.238095 2 2 0
38.4496 0.238095 0.238095 2 2 0
37.9496 0.238095 0.238095 2 2 0
37.4496 0.238095 0.238095 2 2 0
36.9496 0.238095 0.238095 2 2 0
36.4496 0.238095 0.238095 2 2 0
35.9496 0.238095 0.238095 2 2 0
35.4496 0.238095 0.238095 2 2 0
34.9496 0.238095 0.238095 2 2 0
34.4497 0.238095 0.238095 2 2 0
33.9497 0.238095 0.238095 2 2 0
33.4497 0.238095 0.238095 2 2 0
32.9497 0.238095 0.238095 2 2 0
32.4497 0.238095 0.238095 2 2 0
31.9497 0.238095 0.238095 2 2 0
31.4497 0.238095 0.238095 2 2 0
30.9497 0.238095 0.238095 2 2 0
30.4497 0.238095 0.238095 2 2 0
29.9497 0.238095 0.238095 2 2 0
29.4497 0.238095 0.238095 2 2 0
28.9497 0.238095 0.238095 2 2 0
28.4497 0.238095 0.238095 2 2 0
27.9497 0.238095 0.238095 2 2 0
27.4497 0.238095 0.238095 2 2 0
26.9497 0.238095 0.238095 2 2 0
26.4497 0.238095 0.238095 2 2 0
25.9497 0.238095 0.238095 2 2 0
25.4497 0.238095 0.238095 2 2 0
24.9497 0.238095 0.238095 2 2 0
24.4497 0.238095 0.238095 2 2 0
23.9497 0.238095 0.238095 2 2 0
23.4497 0.238095 0.238095 2 2 0
22.9497 0.238095 0.238095 2 2 0
22.4497 0.238095 0.238095 2 2 0
21.9497 0.238095 0.238095 2 2 0
21.4497 0.238095 0.238095 2 2 0
20.9497 0.238095 0.238095 2 2 0
20.4497 0.238095 0.238095 2 2 0
19.9497 0.238095 0.238095 2 2 0
19.4498 0.238095 0.238095 2 2 0
18.9498 0.238095 0.238095 2 2 0
18.4498 0.238095 0.238095 2 2 0
17.9498 0.238095 0.238095 2 2 0
17.4498 0.238095 0.238095 2 2 0
16.9498 0.238095 0.238095 2 2 0
16.4498 0.238095 0.238095 2 2 0
15.9498 0.238095 0.238095 2 2 0
15.4498 0.238095 0.238095 2 2 0
14.9498 0.238095 0.238095 2 2 0
14.4498 0.238095 0.238095 2 2 0
13.9498 0.238095 0.238095 2 2 0
13.4498 0.238095 0.238095 2 2 0
12.9498 0.238095 0.238095 2 2 0
12.4499 0.238095 0.238095 2 2 0
11.9499 0.238095 0.238095 2 2 0
11.4499 0.238095 0.238095 2 2 0
10.9499 0.238095 0.238095 2 2 0
10.4499 0.238095 0.238095 2 2 0
9.94992 0.238095 0.238095 2 2 0
9.44993 0.238095 0.238095 2 2 0
8.94994 0.238095 0.238095 2 2 0
8.44996 0.238095 0.238095 2 2 0
7.94997 0.238095 0.238095 2 2 0
7.44999 0.238095 0.238095 2 2 0
6.95 0.238095 0.238095 2 2 0
6.45002 0.238095 0.238095 2 2 0
5.95004 0.238095 0.238095 2 2 0
5.45006 0.238095 0.238095 2 2 0
4.95008 0.238095 0.238095 2 2 0
4.4501 0.238095 0.238095 2 2 0
3.95012 0.238095 0.238095 2 2 0
3.45015 0.238095 0.238095 2 2 0
2.95017 0.238095 0.238095 2 2 0
2.4502 0.238095 0.238095 2 2 0
1.95023 0.238095 0.238095 2 2 0
1.45026 0.238095 0.238095 2 2 0
0.950287 0.238095 0.238095 2 2 0
0.45032 0.238095 0.238095 2 2 0
-0.0496445 0.238095 0.238095 2 2 0
80.0583 0.238095 0.238095 2 2 0
84.9601 0.238095 0.238095 2 2 0
84.9602 0.238095 0.238095 1 2 0
84.9618 0.238095 0.238095 1 2 0
84.9644 0.238095 0.238095 1 2 0
84.9694 0.238095 0.238095 1 2 0
84.9794 0.238095 0.238095 1 2 0
84.9994 0.238095 0.238095 1 2 0
85.0394 0.238095 0.238095 1 2 0
85.1194 0.238095 0.238095 1 2 0
85.2794 0.238095 0.238095 1 2 0
85.5994 0.238095 0.238095 1 2 0
86.0994 0.238095 0.238095 1 2 0
86.5994 0.238095 0.238095 1 2 0
87.0994 0.238095 0.238095 1 2 0
87.5994 0.238095 0.238095 1 2 0
88.0994 0.238095 0.238095 1 2 0
88.5994 0.238095 0.238095 1 2 0
89.0994 0.238095 0.238095 1 2 0
89.5994 0.238095 0.238095 1 2 0
90.0994 0.238095 0.238095 1 2 0
90.5994 0.238095 0.238095 1 2 0
91.0994 0.238095 0.238095 1 2 0
91.5994 0.238095 0.238095 1 2 0
92.0994 0.238095 0.238095 1 2 0
92.5994 0.238095 0.238095 1 2 0
93.0994 0.238095 0.238095 1 2 0
93.5994 0.238095 0.238095 1 2 0
94.0994 0.238095 0.238095 1 2 0
94.5994 0.238095 0.238095 1 2 0
95.0994 0.238095 0.238095 1 2 0
95.5994 0.238095 0.238095 1 2 0
96.0994 0.238095 0.238095 1 2 0
96.5994 0.238095 0.238095 1 2 0
97.0994 0.238095 0.238095 1 2 0
97.5994 0.238095 0.238095 1 2 0
98.0994 0.238095 0.238095 1 2 0
98.5994 0.238095 0.238095 1 2 0
99.0994 0.238095 0.238095 1 2 0
99.5994 0.238095 0.238095 1 2 0
100.099 0.238095 0.238095 1 2 0
100.599 0.238095 0.238095 1 2 0
101.099 0.238095 0.238095 1 2 0
101.599 0.238095 0.238095 1 2 0
102.099 0.238095 0.238095 1 2 0
102.599 0.238095 0.238095 1 2 0
103.099 0.238095 0.238095 1 2 0
103.599 0.238095 0.238095 1 2 0
104.099 0.238095 0.238095 1 2 0
104.599 0.238095 0.238095 1 2 0
105.099 0.238095 0.238095 1 2 0
105.599 0.238095 0.238095 1 2 0
106.099 0.238095 0.238095 1 2 0
106.599 0.238095 0.238095 1 2 0
107.099 0.238095 0.238095 1 2 0
107.599 0.238095 0.238095 1 2 0
108.099 0.238095 0.238095 1 2 0
108.599 0.238095 0.238095 1 2 0
109.099 0.238095 0.238095 1 2 0
109.599 0.238095 0.238095 1 2 0
110.099 0.238095 0.238095 1 2 0
110.599 0.238095 0.238095 1 2 0
111.099 0.238095 0.238095 1 2 0
111.599 0.238095 0.238095 1 2 0
112.099 0.238095 0.238095 1 2 0
112.599 0.238095 0.238095 1 2 0
113.099 0.238095 0.238095 1 2 0
113.599 0.238095 0.238095 1 2 0
114.099 0.238095 0.238095 1 2 0
114.599 0.238095 0.238095 1 2 0
115.099 0.238095 0.238095 1 2 0
115.599 0.238095 0.238095 1 2 0
116.099 0.238095 0.238095 1 2 0
116.599 0.238095 0.238095 1 2 0
117.099 0.238095 0.238095 1 2 0
117.599 0.238095 0.238095 1 2 0
118.099 0.238095 0.238095 1 2 0
118.599 0.238095 0.238095 1 2 0
119.099 0.238095 0.238095 1 2 0
119.599 0.238095 0.238095 1 2 0
120.099 0.238095 0.238095 1 2 0
120.599 0.238095 0.238095 1 2 0
121.099 0.238095 0.238095 1 2 0
121.599 0.238095 0.238095 1 2 0
122.099 0.238095 0.238095 1 2 0
122.599 0.238095 0.238095 1 2 0
123.099 0.238095 0.238095 1 2 0
123.599 0.238095 0.238095 1 2 0
124.099 0.238095 0.238095 1 2 0
124.599 0.238095 0.238095 1 2 0
125.099 0.238095 0.238095 1 2 0
125.599 0.238095 0.238095 1 2 0
126.099 0.238095 0.238095 1 2 0
126.599 0.238095 0.238095 1 2 0
127.099 0.238095 0.238095 1 2 0
127.599 0.238095 0.238095 1 2 0
128.099 0.238095 0.238095 1 2 0
128.599 0.238095 0.238095 1 2 0
129.099 0.238095 0.238095 1 2 0
129.599 0.238095 0.238095 1 2 0
130.099 0.238095 0.238095 1 2 0
130.599 0.238095 0.238095 1 2 0
131.099 0.238095 0.238095 1 2 0
131.599 0.238095 0.238095 1 2 0
132.099 0.238095 0.238095 1 2 0
132.599 0.238095 0.238095 1 2 0
133.099 0.238095 0.238095 1 2 0
133.599 0.238095 0.238095 1 2 0
134.099 0.238095 0.238095 1 2 0
134.599 0.238095 0.238095 1 2 0
135.099 0.238095 0.238095 1 2 0
135.599 0.238095 0.238095 1 2 0
136.099 0.238095 0.238095 1 2 0
136.599 0.238095 0.238095 1 2 0
137.099 0.238095 0.238095 1 2 0
137.599 0.238095 0.238095 1 2 0
138.099 0.238095 0.238095 1 2 0
138.599 0.238095 0.238095 1 2 0
139.099 0.238095 0.238095 1 2 0
139.599 0.238095 0.238095 1 2 0
140.099 0.238095 0.238095 1 2 0
140.599 0.238095 0.238095 1 2 0
141.099 0.238095 0.238095 1 2 0
141.599 0.238095 0.238095 1 2 0
142.099 0.238095 0.238095 1 2 0
142.599 0.238095 0.238095 1 2 0
143.099 0.238095 0.238095 1 2 0
143.599 0.238095 0.238095 1 2 0
144.099 0.238095 0.238095 1 2 0
144.599 0.238095 0.238095 1 2 0
145.099 0.238095 0.238095 1 2 0
145.599 0.238095 0.238095 1 2 0
146.099 0.238095 0.238095 1 2 0
146.599 0.238095 0.238095 1 2 0
147.099 0.238095 0.238095 1 2 0
147.599 0.238095 0.238095 1 2 0
148.099 0.238095 0.238095 1 2 0
148.599 0.238095 0.238095 1 2 0
149.099 0.238095 0.238095 1 2 0
149.599 0.238095 0.238095 1 2 0
150.099 0.238095 0.238095 1 2 0
150.599 0.238095 0.238095 1 2 0
151.099 0.238095 0.238095 1 2 0
151.599 0.238095 0.238095 1 2 0
152.099 0.238095 0.238095 1 2 0
152.599 0.238095 0.238095 1 2 0
153.099 0.238095 0.238095 1 2 0
153.599 0.238095 0.238095 1 2 0
154.099 0.238095 0.238095 1 2 0
154.599 0.238095 0.238095 1 2 0
155.099 0.238095 0.238095 1 2 0
155.599 0.238095 0.238095 1 2 0
156.099 0.238095 0.238095 1 2 0
156.599 0.238095 0.238095 1 2 0
157.099 0.238095 0.238095 1 2 0
157.599 0.238095 0.238095 1 2 0
158.099 0.238095 0.238095 1 2 0
158.599 0.238095 0.238095 1 2 0
159.099 0.238095 0.238095 1 2 0
159.599 0.238095 0.238095 1 2 0
160.099 0.238095 0.238095 1 2 0
160.599 0.238095 0.238095 1 2 0
161.099 0.238095 0.238095 1 2 0
161.599 0.238095 0.238095 1 2 0
162.099 0.238095 0.238095 1 2 0
162.599 0.238095 0.238095 1 2 0
163.099 0.238095 0.238095 1 2 0
163.599 0.238095 0.238095 1 2 0
164.099 0.238095 0.238095 1 2 0
164.599 0.238095 0.238095 1 2 0
165.099 0.238095 0.238095 1 2 0
165.599 0.238095 0.238095 1 2 0
166.099 0.238095 0.238095 1 2 0
166.599 0.238095 0.238095 1 2 0
167.099 0.238095 0.238095 1 2 0
167.599 0.238095 0.238095 1 2 0
168.099 0.238095 0.238095 1 2 0
168.599 0.238095 0.238095 1 2 0
169.099 0.238095 0.238095 1 2 0
169.599 0.238095 0.238095 1 2 0
170.099 0.238095 0.238095 1 2 0
170.599 0.238095 0.238095 1 2 0
171.099 0.238095 0.238095 1 2 0
171.599 0.238095 0.238095 1 2 0
172.099 0.238095 0.238095 1 2 0
172.599 0.238095 0.238095 1 2 0
173.099 0.238095 0.238095 1 2 0
173.599 0.238095 0.238095 1 2 0
174.099 0.238095 0.238095 1 2 0
174.599 0.238095 0.238095 1 2 0
175.099 0.238095 0.238095 1 2 0
175.599 0.238095 0.238095 1 2 0
176.099 0.238095 0.238095 1 2 0
176.599 0.238095 0.238095 1 2 0
177.099 0.238095 0.238095 1 2 0
177.599 0.238095 0.238095 1 2 0
178.099 0.238095 0.238095 1 2 0
178.599 0.238095 0.238095 1 2 0
179.099 0.238095 0.238095 1 2 0
179.599 0.238095 0.238095 1 2 0
157.557 0.596575 0.596575 2 1 0
157.597 0.596779 0.596779 2 1 0
157.637 0.596982 0.596982 2 1 0
157.717 0.597389 0.597389 2 1 0
157.877 0.598203 0.598203 2 1 0
158.197 0.599829 0.599829 2 1 0
158.697 0.602366 0.602366 2 1 0
159.197 0.604896 0.604896 2 1 0
159.697 0.607421 0.607421 2 1 0
160.197 0.609939 0.609939 2 1 0
160.697 0.612452 0.612452 2 1 0
161.197 0.614958 0.614958 2 1 0
161.697 0.617457 0.617457 2 1 0
162.197 0.619951 0.619951 2 1 0
162.697 0.622437 0.622437 2 1 0
163.197 0.624917 0.624917 2 1 0
163.697 0.62739 0.62739 2 1 0
164.197 0.629856 0.629856 2 1 0
164.697 0.632315 0.632315 2 1 0
165.197 0.634767 0.634767 2 1 0
165.697 0.637211 0.637211 2 1 0
166.197 0.639648 0.639648 2 1 0
166.697 0.642077 0.642077 2 1 0
167.197 0.644499 0.644499 2 1 0
167.697 0.646913 0.646913 2 1 0
168.197 0.649319 0.649319 2 1 0
168.697 0.651717 0.651717 2 1 0
169.197 0.654107 0.654107 2 1 0
169.697 0.656488 0.656488 2 1 0
170.197 0.658862 0.658862 2 1 0
170.697 0.661227 0.661227 2 1 0
171.197 0.663584 0.663584 2 1 0
171.697 0.665932 0.665932 2 1 0
172.197 0.668272 0.668272 2 1 0
172.697 0.670602 0.670602 2 1 0
173.197 0.672924 0.672924 2 1 0
173.697 0.675237 0.675237 2 1 0
174.197 0.677542 0.677542 2 1 0
174.697 0.679837 0.679837 2 1 0
175.197 0.682123 0.682123 2 1 0
175.697 0.684399 0.684399 2 1 0
176.197 0.686667 0.686667 2 1 0
176.697 0.688925 0.688925 2 1 0
177.197 0.691174 0.691174 2 1 0
177.697 0.693413 0.693413 2 1 0
178.197 0.695643 0.695643 2 1 0
178.697 0.697863 0.697863 2 1 0
179.197 0.700073 0.700073 2 1 0
179.697 0.702274 0.702274 2 1 0
180.197 0.704465 0.704465 2 1 0
180.697 0.706646 0.706646 2 1 0
181.197 0.708817 0.708817 2 1 0
181.697 0.710979 0.710979 2 1 0
182.197 0.71313 0.71313 2 1 0
182.697 0.715271 0.715271 2 1 0
183.197 0.717402 0.717402 2 1 0
183.697 0.719523 0.719523 2 1 0
184.197 0.721633 0.721633 2 1 0
184.697 0.723734 0.723734 2 1 0
185.197 0.725824 0.725824 2 1 0
185.697 0.727904 0.727904 2 1 0
186.197 0.729973 0.729973 2 1 0
186.697 0.732032 0.732032 2 1 0
187.197 0.734081 0.734081 2 1 0
187.697 0.736119 0.736119 2 1 0
188.197 0.738147 0.738147 2 1 0
188.697 0.740164 0.740164 2 1 0
189.197 0.74217 0.74217 2 1 0
189.697 0.744166 0.744166 2 1 0
190.197 0.746152 0.746152 2 1 0
190.697 0.748126 0.748126 2 1 0
191.197 0.75009 0.75009 2 1 0
191.697 0.752044 0.752044 2 1 0
192.197 0.753986 0.753986 2 1 0
192.697 0.755918 0.755918 2 1 0
193.197 0.75784 0.75784 2 1 0
193.697 0.75975 0.75975 2 1 0
194.197 0.76165 0.76165 2 1 0
194.697 0.763539 0.763539 2 1 0
195.197 0.765417 0.765417 2 1 0
195.697 0.767284 0.767284 2 1 0
196.197 0.769141 0.769141 2 1 0
196.697 0.770987 0.770987 2 1 0
197.197 0.772822 0.772822 2 1 0
197.697 0.774646 0.774646 2 1 0
198.197 0.776459 0.776459 2 1 0
198.697 0.778262 0.778262 2 1 0
199.197 0.780054 0.780054 2 1 0
199.697 0.781835 0.781835 2 1 0
200.197 0.783605 0.783605 2 1 0
200.697 0.785364 0.785364 2 1 0
201.197 0.787112 0.787112 2 1 0
201.697 0.78885 0.78885 2 1 0
202.197 0.790577 0.790577 2 1 0
202.697 0.792293 0.792293 2 1 0
203.197 0.793998 0.793998 2 1 0
203.697 0.795693 0.795693 2 1 0
204.197 0.797377 0.797377 2 1 0
204.697 0.79905 0.79905 2 1 0
205.197 0.800712 0.800712 2 1 0
205.697 0.802364 0.802364 2 1 0
206.197 0.804005 0.804005 2 1 0
206.697 0.805635 0.805635 2 1 0
207.197 0.807255 0.807255 2 1 0
207.697 0.808864 0.808864 2 1 0
208.197 0.810462 0.810462 2 1 0
208.697 0.81205 0.81205 2 1 0
209.197 0.813627 0.813627 2 1 0
209.697 0.815194 0.815194 2 1 0
210.197 0.81675 0.81675 2 1 0
210.697 0.818295 0.818295 2 1 0
211.197 0.819831 0.819831 2 1 0
211.697 0.821355 0.821355 2 1 0
212.197 0.822869 0.822869 2 1 0
212.697 0.824373 0.824373 2 1 0
213.197 0.825867 0.825867 2 1 0
213.697 0.82735 0.82735 2 1 0
214.197 0.828822 0.828822 2 1 0
214.697 0.830285 0.830285 2 1 0
215.197 0.831737 0.831737 2 1 0
215.697 0.833179 0.833179 2 1 0
216.197 0.834611 0.834611 2 1 0
216.697 0.836032 0.836032 2 1 0
217.197 0.837444 0.837444 2 1 0
217.697 0.838845 0.838845 2 1 0
218.197 0.840237 0.840237 2 1 0
218.697 0.841618 0.841618 2 1 0
219.197 0.842989 0.842989 2 1 0
219.697 0.844351 0.844351 2 1 0
220.197 0.845702 0.845702 2 1 0
220.697 0.847044 0.847044 2 1 0
221.197 0.848376 0.848376 2 1 0
221.697 0.849698 0.849698 2 1 0
222.197 0.85101 0.85101 2 1 0
222.697 0.852312 0.852312 2 1 0
223.197 0.853605 0.853605 2 1 0
223.697 0.854888 0.854888 2 1 0
224.197 0.856162 0.856162 2 1 0
224.697 0.857426 0.857426 2 1 0
225.197 0.858681 0.858681 2 1 0
225.697 0.859926 0.859926 2 1 0
226.197 0.861161 0.861161 2 1 0
226.697 0.862388 0.862388 2 1 0
227.197 0.863604 0.863604 2 1 0
227.697 0.864812 0.864812 2 1 0
228.197 0.86601 0.86601 2 1 0
228.697 0.867199 0.867199 2 1 0
229.197 0.868379 0.868379 2 1 0
229.697 0.86955 0.86955 2 1 0
230.197 0.870712 0.870712 2 1 0
230.697 0.871865 0.871865 2 1 0
231.197 0.873009 0.873009 2 1 0
231.697 0.874143 0.874143 2 1 0
232.197 0.875269 0.875269 2 1 0
232.697 0.876386 0.876386 2 1 0
233.197 0.877495 0.877495 2 1 0
233.697 0.878594 0.878594 2 1 0
234.197 0.879685 0.879685 2 1 0
234.697 0.880767 0.880767 2 1 0
235.197 0.881841 0.881841 2 1 0
235.697 0.882906 0.882906 2 1 0
236.197 0.883962 0.883962 2 1 0
236.697 0.88501 0.88501 2 1 0
237.197 0.88605 0.88605 2 1 0
237.697 0.887081 0.887081 2 1 0
238.197 0.888104 0.888104 2 1 0
238.697 0.889118 0.889118 2 1 0
239.197 0.890125 0.890125 2 1 0
239.697 0.891123 0.891123 2 1 0
240.197 0.892113 0.892113 2 1 0
240.697 0.893095 0.893095 2 1 0
241.197 0.894069 0.894069 2 1 0
241.697 0.895035 0.895035 2 1 0
242.197 0.895993 0.895993 2 1 0
242.697 0.896943 0.896943 2 1 0
243.197 0.897885 0.897885 2 1 0
243.697 0.89882 0.89882 2 1 0
244.197 0.899746 0.899746 2 1 0
244.697 0.900666 0.900666 2 1 0
245.197 0.901577 0.901577 2 1 0
245.697 0.902481 0.902481 2 1 0
246.197 0.903377 0.903377 2 1 0
246.697 0.904266 0.904266 2 1 0
247.197 0.905147 0.905147 2 1 0
247.697 0.906021 0.906021 2 1 0
248.197 0.906888 0.906888 2 1 0
248.697 0.907747 0.907747 2 1 0
249.197 0.908599 0.908599 2 1 0
249.697 0.909444 0.909444 2 1 0
250.197 0.910281 0.910281 2 1 0
250.697 0.911112 0.911112 2 1 0
251.197 0.911935 0.911935 2 1 0
251.697 0.912752 0.912752 2 1 0
252.197 0.913561 0.913561 2 1 0
252.697 0.914364 0.914364 2 1 0
253.197 0.915159 0.915159 2 1 0
253.697 0.915948 0.915948 2 1 0
254.197 0.91673 0.91673 2 1 0
254.697 0.917505 0.917505 2 1 0
255.197 0.918274 0.918274 2 1 0
255.197 0.918274 0.918274 2 1 0
255.237 0.918335 0.918335 2 1 0
255.277 0.918396 0.918396 2 1 0
255.357 0.918519 0.918519 2 1 0
255.517 0.918763 0.918763 2 1 0
255.837 0.919248 0.919248 2 1 0
256.337 0.920002 0.920002 2 1 0
256.837 0.920749 0.920749 2 1 0
257.337 0.92149 0.92149 2 1 0
257.837 0.922224 0.922224 2 1 0
258.337 0.922951 0.922951 2 1 0
258.837 0.923673 0.923673 2 1 0
259.337 0.924388 0.924388 2 1 0
259.837 0.925097 0.925097 2 1 0
260.337 0.9258 0.9258 2 1 0
260.837 0.926496 0.926496 2 1 0
261.337 0.927186 0.927186 2 1 0
261.837 0.927871 0.927871 2 1 0
262.337 0.928549 0.928549 2 1 0
262.837 0.929221 0.929221 2 1 0
263.337 0.929888 0.929888 2 1 0
263.837 0.930548 0.930548 2 1 0
264.337 0.931203 0.931203 2 1 0
264.837 0.931852 0.931852 2 1 0
265.337 0.932495 0.932495 2 1 0
265.837 0.933132 0.933132 2 1 0
266.337 0.933764 0.933764 2 1 0
266.837 0.93439 0.93439 2 1 0
267.337 0.935011 0.935011 2 1 0
267.837 0.935626 0.935626 2 1 0
268.337 0.936235 0.936235 2 1 0
268.837 0.936839 0.936839 2 1 0
269.337 0.937438 0.937438 2 1 0
269.837 0.938031 0.938031 2 1 0
270.337 0.938619 0.938619 2 1 0
270.837 0.939202 0.939202 2 1 0
271.337 0.939779 0.939779 2 1 0
271.837 0.940351 0.940351 2 1 0
272.337 0.940918 0.940918 2 1 0
272.837 0.94148 0.94148 2 1 0
273.337 0.942037 0.942037 2 1 0
273.837 0.942589 0.942589 2 1 0
274.337 0.943136 0.943136 2 1 0
274.837 0.943678 0.943678 2 1 0
275.337 0.944215 0.944215 2 1 0
275.837 0.944747 0.944747 2 1 0
276.337 0.945274 0.945274 2 1 0
276.837 0.945796 0.945796 2 1 0
277.337 0.946314 0.946314 2 1 0
277.837 0.946827 0.946827 2 1 0
278.337 0.947335 0.947335 2 1 0
278.837 0.947839 0.947839 2 1 0
279.337 0.948338 0.948338 2 1 0
279.837 0.948833 0.948833 2 1 0
280.337 0.949322 0.949322 2 1 0
280.837 0.949808 0.949808 2 1 0
281.337 0.950289 0.950289 2 1 0
281.837 0.950765 0.950765 2 1 0
282.337 0.951238 0.951238 2 1 0
282.837 0.951705 0.951705 2 1 0
283.337 0.952169 0.952169 2 1 0
283.837 0.952628 0.952628 2 1 0
284.337 0.953083 0.953083 2 1 0
284.837 0.953534 0.953534 2 1 0
285.337 0.953981 0.953981 2 1 0
285.837 0.954423 0.954423 2 1 0
286.337 0.954862 0.954862 2 1 0
286.837 0.955296 0.955296 2 1 0
287.337 0.955727 0.955727 2 1 0
287.837 0.956153 0.956153 2 1 0
288.337 0.956575 0.956575 2 1 0
288.837 0.956994 0.956994 2 1 0
289.337 0.957408 0.957408 2 1 0
289.837 0.957819 0.957819 2 1 0
290.337 0.958226 0.958226 2 1 0
290.837 0.958629 0.958629 2 1 0
291.337 0.959028 0.959028 2 1 0
291.837 0.959424 0.959424 2 1 0
292.337 0.959816 0.959816 2 1 0
292.837 0.960204 0.960204 2 1 0
293.337 0.960589 0.960589 2 1 0
293.837 0.96097 0.96097 2 1 0
294.337 0.961347 0.961347 2 1 0
294.837 0.961721 0.961721 2 1 0
295.337 0.962092 0.962092 2 1 0
295.837 0.962459 0.962459 2 1 0
296.337 0.962822 0.962822 2 1 0
296.837 0.963182 0.963182 2 1 0
297.337 0.963539 0.963539 2 1 0
297.837 0.963892 0.963892 2 1 0
298.337 0.964243 0.964243 2 1 0
298.837 0.964589 0.964589 2 1 0
299.337 0.964933 0.964933 2 1 0
299.837 0.965273 0.965273 2 1 0
300.337 0.96561 0.96561 2 1 0
300.837 0.965944 0.965944 2 1 0
301.337 0.966275 0.966275 2 1 0
301.837 0.966602 0.966602 2 1 0
302.337 0.966927 0.966927 2 1 0
302.837 0.967248 0.967248 2 1 0
303.337 0.967566 0.967566 2 1 0
303.837 0.967882 0.967882 2 1 0
304.337 0.968194 0.968194 2 1 0
304.837 0.968503 0.968503 2 1 0
305.337 0.96881 0.96881 2 1 0
305.837 0.969113 0.969113 2 1 0
306.337 0.969414 0.969414 2 1 0
306.837 0.969712 0.969712 2 1 0
307.337 0.970007 0.970007 2 1 0
307.837 0.970299 0.970299 2 1 0
308.337 0.970588 0.970588 2 1 0
308.837 0.970875 0.970875 2 1 0
309.337 0.971159 0.971159 2 1 0
309.837 0.97144 0.97144 2 1 0
310.337 0.971719 0.971719 2 1 0
310.837 0.971995 0.971995 2 1 0
311.337 0.972268 0.972268 2 1 0
311.837 0.972538 0.972538 2 1 0
312.337 0.972807 0.972807 2 1 0
312.837 0.973072 0.973072 2 1 0
313.337 0.973335 0.973335 2 1 0
313.837 0.973595 0.973595 2 1 0
314.337 0.973853 0.973853 2 1 0
314.837 0.974109 0.974109 2 1 0
315.337 0.974362 0.974362 2 1 0
315.837 0.974612 0.974612 2 1 0
316.337 0.974861 0.974861 2 1 0
316.837 0.975106 0.975106 2 1 0
317.337 0.97535 0.97535 2 1 0
317.837 0.975591 0.975591 2 1 0
318.337 0.97583 0.97583 2 1 0
318.837 0.976066 0.976066 2 1 0
319.337 0.976301 0.976301 2 1 0
319.837 0.976533 0.976533 2 1 0
320.337 0.976762 0.976762 2 1 0
320.837 0.97699 0.97699 2 1 0
321.337 0.977215 0.977215 2 1 0
321.837 0.977438 0.977438 2 1 0
322.337 0.97766 0.97766 2 1 0
322.837 0.977878 0.977878 2 1 0
323.337 0.978095 0.978095 2 1 0
323.837 0.97831 0.97831 2 1 0
324.337 0.978523 0.978523 2 1 0
324.837 0.978733 0.978733 2 1 0
325.337 0.978942 0.978942 2 1 0
325.837 0.979148 0.979148 2 1 0
326.337 0.979353 0.979353 2 1 0
326.837 0.979555 0.979555 2 1 0
327.337 0.979756 0.979756 2 1 0
327.837 0.979955 0.979955 2 1 0
328.337 0.980152 0.980152 2 1 0
328.837 0.980346 0.980346 2 1 0
329.337 0.980539 0.980539 2 1 0
329.837 0.980731 0.980731 2 1 0
330.337 0.98092 0.98092 2 1 0
330.837 0.981107 0.981107 2 1 0
331.337 0.981293 0.981293 2 1 0
331.837 0.981477 0.981477 2 1 0
332.337 0.981659 0.981659 2 1 0
332.837 0.981839 0.981839 2 1 0
333.337 0.982017 0.982017 2 1 0
333.837 0.982194 0.982194 2 1 0
334.337 0.982369 0.982369 2 1 0
334.837 0.982543 0.982543 2 1 0
335.337 0.982714 0.982714 2 1 0
335.837 0.982884 0.982884 2 1 0
336.337 0.983053 0.983053 2 1 0
336.837 0.98322 0.98322 2 1 0
337.337 0.983385 0.983385 2 1 0
337.837 0.983548 0.983548 2 1 0
338.337 0.98371 0.98371 2 1 0
338.837 0.98387 0.98387 2 1 0
339.337 0.984029 0.984029 2 1 0
339.837 0.984187 0.984187 2 1 0
340.337 0.984342 0.984342 2 1 0
340.837 0.984496 0.984496 2 1 0
341.337 0.984649 0.984649 2 1 0
341.837 0.9848 0.9848 2 1 0
342.337 0.98495 0.98495 2 1 0
342.837 0.985098 0.985098 2 1 0
343.337 0.985245 0.985245 2 1 0
343.837 0.985391 0.985391 2 1 0
344.337 0.985535 0.985535 2 1 0
344.837 0.985677 0.985677 2 1 0
345.337 0.985818 0.985818 2 1 0
345.837 0.985958 0.985958 2 1 0
346.337 0.986097 0.986097 2 1 0
346.837 0.986234 0.986234 2 1 0
347.337 0.986369 0.986369 2 1 0
347.837 0.986504 0.986504 2 1 0
348.337 0.986637 0.986637 2 1 0
348.837 0.986769 0.986769 2 1 0
349.337 0.986899 0.986899 2 1 0
349.837 0.987029 0.987029 2 1 0
350.337 0.987157 0.987157 2 1 0
350.837 0.987283 0.987283 2 1 0
351.337 0.987409 0.987409 2 1 0
351.837 0.987533 0.987533 2 1 0
352.337 0.987656 0.987656 2 1 0
352.837 0.987778 0.987778 2 1 0
352.837 0.987778 0.987778 2 1 0
352.877 0.987788 0.987788 2 1 0
352.917 0.987797 0.987797 2 1 0
352.997 0.987817 0.987817 2 1 0
353.157 0.987855 0.987855 2 1 0
353.477 0.987932 0.987932 2 1 0
353.977 0.988051 0.988051 2 1 0
354.477 0.988169 0.988169 2 1 0
354.977 0.988286 0.988286 2 1 0
355.477 0.988402 0.988402 2 1 0
355.977 0.988517 0.988517 2 1 0
356.477 0.98863 0.98863 2 1 0
356.977 0.988742 0.988742 2 1 0
357.477 0.988854 0.988854 2 1 0
357.977 0.988964 0.988964 2 1 0
358.477 0.989073 0.989073 2 1 0
358.977 0.989181 0.989181 2 1 0
359.477 0.989288 0.989288 2 1 0
359.977 0.989393 0.989393 2 1 0
360.477 0.989498 0.989498 2 1 0
360.977 0.989602 0.989602 2 1 0
361.477 0.989705 0.989705 2 1 0
361.977 0.989807 0.989807 2 1 0
362.477 0.989907 0.989907 2 1 0
362.977 0.990007 0.990007 2 1 0
363.477 0.990106 0.990106 2 1 0
363.977 0.990204 0.990204 2 1 0
364.477 0.990301 0.990301 2 1 0
364.977 0.990397 0.990397 2 1 0
365.477 0.990492 0.990492 2 1 0
365.977 0.990586 0.990586 2 1 0
366.477 0.990679 0.990679 2 1 0
366.977 0.990771 0.990771 2 1 0
367.477 0.990862 0.990862 2 1 0
367.977 0.990953 0.990953 2 1 0
368.477 0.991042 0.991042 2 1 0
368.977 0.991131 0.991131 2 1 0
369.477 0.991219 0.991219 2 1 0
369.977 0.991306 0.991306 2 1 0
370.477 0.991392 0.991392 2 1 0
370.977 0.991477 0.991477 2 1 0
371.477 0.991561 0.991561 2 1 0
371.977 0.991645 0.991645 2 1 0
372.477 0.991727 0.991727 2 1 0
372.977 0.991809 0.991809 2 1 0
373.477 0.99189 0.99189 2 1 0
373.977 0.991971 0.991971 2 1 0
374.477 0.99205 0.99205 2 1 0
374.977 0.992129 0.992129 2 1 0
375.477 0.992207 0.992207 2 1 0
375.977 0.992284 0.992284 2 1 0
376.477 0.99236 0.99236 2 1 0
376.977 0.992436 0.992436 2 1 0
377.477 0.992511 0.992511 2 1 0
377.977 0.992585 0.992585 2 1 0
378.477 0.992659 0.992659 2 1 0
378.977 0.992731 0.992731 2 1 0
379.477 0.992803 0.992803 2 1 0
379.977 0.992875 0.992875 2 1 0
380.477 0.992945 0.992945 2 1 0
380.977 0.993015 0.993015 2 1 0
381.477 0.993084 0.993084 2 1 0
381.977 0.993153 0.993153 2 1 0
382.477 0.993221 0.993221 2 1 0
382.977 0.993288 0.993288 2 1 0
383.477 0.993355 0.993355 2 1 0
383.977 0.99342 0.99342 2 1 0
384.477 0.993486 0.993486 2 1 0
384.977 0.99355 0.99355 2 1 0
385.477 0.993614 0.993614 2 1 0
385.977 0.993677 0.993677 2 1 0
386.477 0.99374 0.99374 2 1 0
386.977 0.993802 0.993802 2 1 0
387.477 0.993864 0.993864 2 1 0
387.977 0.993924 0.993924 2 1 0
388.477 0.993985 0.993985 2 1 0
388.977 0.994044 0.994044 2 1 0
389.477 0.994103 0.994103 2 1 0
389.977 0.994162 0.994162 2 1 0
390.477 0.99422 0.99422 2 1 0
390.977 0.994277 0.994277 2 1 0
391.477 0.994334 0.994334 2 1 0
391.977 0.99439 0.99439 2 1 0
392.477 0.994446 0.994446 2 1 0
392.977 0.994501 0.994501 2 1 0
393.477 0.994555 0.994555 2 1 0
393.977 0.994609 0.994609 2 1 0
394.477 0.994663 0.994663 2 1 0
394.977 0.994716 0.994716 2 1 0
395.477 0.994768 0.994768 2 1 0
395.977 0.99482 0.99482 2 1 0
396.477 0.994871 0.994871 2 1 0
396.977 0.994922 0.994922 2 1 0
397.477 0.994973 0.994973 2 1 0
397.977 0.995022 0.995022 2 1 0
398.477 0.995072 0.995072 2 1 0
398.977 0.995121 0.995121 2 1 0
399.477 0.995169 0.995169 2 1 0
399.977 0.995217 0.995217 2 1 0
400.477 0.995265 0.995265 2 1 0
400.977 0.995312 0.995312 2 1 0
401.477 0.995358 0.995358 2 1 0
401.977 0.995404 0.995404 2 1 0
402.477 0.99545 0.99545 2 1 0
402.977 0.995495 0.995495 2 1 0
403.477 0.99554 0.99554 2 1 0
403.977 0.995584 0.995584 2 1 0
404.477 0.995628 0.995628 2 1 0
404.977 0.995671 0.995671 2 1 0
405.477 0.995714 0.995714 2 1 0
405.977 0.995757 0.995757 2 1 0
406.477 0.995799 0.995799 2 1 0
406.977 0.99584 0.99584 2 1 0
407.477 0.995882 0.995882 2 1 0
407.977 0.995923 0.995923 2 1 0
408.477 0.995963 0.995963 2 1 0
408.977 0.996003 0.996003 2 1 0
409.477 0.996043 0.996043 2 1 0
409.977 0.996082 0.996082 2 1 0
410.477 0.996121 0.996121 2 1 0
410.977 0.99616 0.99616 2 1 0
411.477 0.996198 0.996198 2 1 0
411.977 0.996235 0.996235 2 1 0
412.477 0.996273 0.996273 2 1 0
412.977 0.99631 0.99631 2 1 0
413.477 0.996346 0.996346 2 1 0
413.977 0.996383 0.996383 2 1 0
414.477 0.996419 0.996419 2 1 0
414.977 0.996454 0.996454 2 1 0
415.477 0.996489 0.996489 2 1 0
415.977 0.996524 0.996524 2 1 0
416.477 0.996559 0.996559 2 1 0
416.977 0.996593 0.996593 2 1 0
417.477 0.996627 0.996627 2 1 0
417.977 0.99666 0.99666 2 1 0
418.477 0.996694 0.996694 2 1 0
418.977 0.996726 0.996726 2 1 0
419.477 0.996759 0.996759 2 1 0
419.977 0.996791 0.996791 2 1 0
420.477 0.996823 0.996823 2 1 0
420.977 0.996855 0.996855 2 1 0
421.477 0.996886 0.996886 2 1 0
421.977 0.996917 0.996917 2 1 0
422.477 0.996947 0.996947 2 1 0
422.977 0.996978 0.996978 2 1 0
423.477 0.997008 0.997008 2 1 0
423.977 0.997037 0.997037 2 1 0
424.477 0.997067 0.997067 2 1 0
424.977 0.997096 0.997096 2 1 0
425.477 0.997125 0.997125 2 1 0
425.977 0.997153 0.997153 2 1 0
426.477 0.997182 0.997182 2 1 0
426.977 0.99721 0.99721 2 1 0
427.477 0.997237 0.997237 2 1 0
427.977 0.997265 0.997265 2 1 0
428.477 0.997292 0.997292 2 1 0
428.977 0.997319 0.997319 2 1 0
429.477 0.997346 0.997346 2 1 0
429.977 0.997372 0.997372 2 1 0
430.477 0.997398 0.997398 2 1 0
430.977 0.997424 0.997424 2 1 0
431.477 0.997449 0.997449 2 1 0
431.977 0.997475 0.997475 2 1 0
432.477 0.9975 0.9975 2 1 0
432.977 0.997525 0.997525 2 1 0
433.477 0.997549 0.997549 2 1 0
433.977 0.997574 0.997574 2 1 0
434.477 0.997598 0.997598 2 1 0
434.977 0.997622 0.997622 2 1 0
435.477 0.997645 0.997645 2 1 0
435.977 0.997669 0.997669 2 1 0
436.477 0.997692 0.997692 2 1 0
436.977 0.997715 0.997715 2 1 0
437.477 0.997738 0.997738 2 1 0
437.977 0.99776 0.99776 2 1 0
438.477 0.997782 0.997782 2 1 0
438.977 0.997804 0.997804 2 1 0
439.477 0.997826 0.997826 2 1 0
439.977 0.997848 0.997848 2 1 0
440.477 0.997869 0.997869 2 1 0
440.977 0.99789 0.99789 2 1 0
441.477 0.997911 0.997911 2 1 0
441.977 0.997932 0.997932 2 1 0
442.477 0.997953 0.997953 2 1 0
442.977 0.997973 0.997973 2 1 0
443.477 0.997993 0.997993 2 1 0
443.977 0.998013 0.998013 2 1 0
444.477 0.998033 0.998033 2 1 0
444.977 0.998052 0.998052 2 1 0
445.477 0.998072 0.998072 2 1 0
445.977 0.998091 0.998091 2 1 0
446.477 0.99811 0.99811 2 1 0
446.977 0.998129 0.998129 2 1 0
447.477 0.998147 0.998147 2 1 0
447.977 0.998166 0.998166 2 1 0
448.477 0.998184 0.998184 2 1 0
448.977 0.998202 0.998202 2 1 0
449.477 0.99822 0.99822 2 1 0
449.977 0.998238 0.998238 2 1 0
450.477 0.998255 0.998255 2 1 0
450.477 0.998255 0.998255 2 1 0
450.517 0.998256 0.998256 2 1 0
450.557 0.998258 0.998258 2 1 0
450.637 0.998261 0.998261 2 1 0
450.797 0.998266 0.998266 2 1 0
451.117 0.998277 0.998277 2 1 0
451.617 0.998294 0.998294 2 1 0
452.117 0.998311 0.998311 2 1 0
452.617 0.998328 0.998328 2 1 0
453.117 0.998345 0.998345 2 1 0
453.617 0.998361 0.998361 2 1 0
454.117 0.998377 0.998377 2 1 0
454.617 0.998394 0.998394 2 1 0
455.117 0.99841 0.99841 2 1 0
455.617 0.998425 0.998425 2 1 0
456.117 0.998441 0.998441 2 1 0
456.617 0.998457 0.998457 2 1 0
457.117 0.998472 0.998472 2 1 0
457.617 0.998487 0.998487 2 1 0
458.117 0.998502 0.998502 2 1 0
458.617 0.998517 0.998517 2 1 0
459.117 0.998532 0.998532 2 1 0
459.617 0.998546 0.998546 2 1 0
460.117 0.998561 0.998561 2 1 0
460.617 0.998575 0.998575 2 1 0
461.117 0.998589 0.998589 2 1 0
461.617 0.998603 0.998603 2 1 0
462.117 0.998617 0.998617 2 1 0
462.617 0.998631 0.998631 2 1 0
463.117 0.998645 0.998645 2 1 0
463.617 0.998658 0.998658 2 1 0
464.117 0.998671 0.998671 2 1 0
464.617 0.998685 0.998685 2 1 0
465.117 0.998698 0.998698 2 1 0
465.617 0.998711 0.998711 2 1 0
466.117 0.998723 0.998723 2 1 0
466.617 0.998736 0.998736 2 1 0
467.117 0.998749 0.998749 2 1 0
467.617 0.998761 0.998761 2 1 0
468.117 0.998773 0.998773 2 1 0
468.617 0.998786 0.998786 2 1 0
469.117 0.998798 0.998798 2 1 0
469.617 0.99881 0.99881 2 1 0
470.117 0.998822 0.998822 2 1 0
470.617 0.998833 0.998833 2 1 0
471.117 0.998845 0.998845 2 1 0
471.617 0.998856 0.998856 2 1 0
472.117 0.998868 0.998868 2 1 0
472.617 0.998879 0.998879 2 1 0
473.117 0.99889 0.99889 2 1 0
473.617 0.998901 0.998901 2 1 0
474.117 0.998912 0.998912 2 1 0
474.617 0.998923 0.998923 2 1 0
475.117 0.998934 0.998934 2 1 0
475.617 0.998944 0.998944 2 1 0
476.117 0.998955 0.998955 2 1 0
476.617 0.998965 0.998965 2 1 0
477.117 0.998975 0.998975 2 1 0
477.617 0.998986 0.998986 2 1 0
478.117 0.998996 0.998996 2 1 0
478.617 0.999006 0.999006 2 1 0
479.117 0.999016 0.999016 2 1 0
479.617 0.999025 0.999025 2 1 0
480.117 0.999035 0.999035 2 1 0
480.617 0.999045 0.999045 2 1 0
481.117 0.999054 0.999054 2 1 0
481.617 0.999064 0.999064 2 1 0
482.117 0.999073 0.999073 2 1 0
482.617 0.999082 0.999082 2 1 0
483.117 0.999091 0.999091 2 1 0
483.617 0.9991 0.9991 2 1 0
484.117 0.999109 0.999109 2 1 0
484.617 0.999118 0.999118 2 1 0
485.117 0.999127 0.999127 2 1 0
485.617 0.999136 0.999136 2 1 0
486.117 0.999144 0.999144 2 1 0
486.617 0.999153 0.999153 2 1 0
487.117 0.999161 0.999161 2 1 0
487.617 0.999169 0.999169 2 1 0
488.117 0.999178 0.999178 2 1 0
488.617 0.999186 0.999186 2 1 0
489.117 0.999194 0.999194 2 1 0
489.617 0.999202 0.999202 2 1 0
490.117 0.99921 0.99921 2 1 0
490.617 0.999218 0.999218 2 1 0
491.117 0.999226 0.999226 2 1 0
491.617 0.999233 0.999233 2 1 0
492.117 0.999241 0.999241 2 1 0
492.617 0.999248 0.999248 2 1 0
493.117 0.999256 0.999256 2 1 0
493.617 0.999263 0.999263 2 1 0
494.117 0.999271 0.999271 2 1 0
494.617 0.999278 0.999278 2 1 0
495.117 0.999285 0.999285 2 1 0
495.617 0.999292 0.999292 2 1 0
496.117 0.999299 0.999299 2 1 0
496.617 0.999306 0.999306 2 1 0
497.117 0.999313 0.999313 2 1 0
497.617 0.99932 0.99932 2 1 0
498.117 0.999327 0.999327 2 1 0
498.617 0.999333 0.999333 2 1 0
499.117 0.99934 0.99934 2 1 0
499.617 0.999347 0.999347 2 1 0
500.117 0.999353 0.999353 2 1 0
500.617 0.99936 0.99936 2 1 0
501.117 0.999366 0.999366 2 1 0
501.617 0.999372 0.999372 2 1 0
502.117 0.999378 0.999378 2 1 0
502.617 0.999385 0.999385 2 1 0
503.117 0.999391 0.999391 2 1 0
503.617 0.999397 0.999397 2 1 0
504.117 0.999403 0.999403 2 1 0
504.617 0.999409 0.999409 2 1 0
505.117 0.999415 0.999415 2 1 0
505.617 0.99942 0.99942 2 1 0
506.117 0.999426 0.999426 2 1 0
506.617 0.999432 0.999432 2 1 0
507.117 0.999438 0.999438 2 1 0
507.617 0.999443 0.999443 2 1 0
508.117 0.999449 0.999449 2 1 0
508.617 0.999454 0.999454 2 1 0
509.117 0.99946 0.99946 2 1 0
509.617 0.999465 0.999465 2 1 0
510.117 0.99947 0.99947 2 1 0
510.617 0.999476 0.999476 2 1 0
511.117 0.999481 0.999481 2 1 0
511.617 0.999486 0.999486 2 1 0
512.117 0.999491 0.999491 2 1 0
512.617 0.999496 0.999496 2 1 0
513.117 0.999501 0.999501 2 1 0
513.617 0.999506 0.999506 2 1 0
514.117 0.999511 0.999511 2 1 0
514.617 0.999516 0.999516 2 1 0
515.117 0.999521 0.999521 2 1 0
515.617 0.999525 0.999525 2 1 0
516.117 0.99953 0.99953 2 1 0
516.617 0.999535 0.999535 2 1 0
517.117 0.99954 0.99954 2 1 0
517.617 0.999544 0.999544 2 1 0
518.117 0.999549 0.999549 2 1 0
518.617 0.999553 0.999553 2 1 0
519.117 0.999558 0.999558 2 1 0
519.617 0.999562 0.999562 2 1 0
520.117 0.999566 0.999566 2 1 0
520.617 0.999571 0.999571 2 1 0
521.117 0.999575 0.999575 2 1 0
521.617 0.999579 0.999579 2 1 0
522.117 0.999583 0.999583 2 1 0
522.617 0.999587 0.999587 2 1 0
523.117 0.999592 0.999592 2 1 0
523.617 0.999596 0.999596 2 1 0
524.117 0.9996 0.9996 2 1 0
524.617 0.999604 0.999604 2 1 0
525.117 0.999608 0.999608 2 1 0
525.617 0.999611 0.999611 2 1 0
526.117 0.999615 0.999615 2 1 0
526.617 0.999619 0.999619 2 1 0
527.117 0.999623 0.999623 2 1 0
527.617 0.999627 0.999627 2 1 0
528.117 0.99963 0.99963 2 1 0
528.617 0.999634 0.999634 2 1 0
529.117 0.999638 0.999638 2 1 0
529.617 0.999641 0.999641 2 1 0
530.117 0.999645 0.999645 2 1 0
530.617 0.999648 0.999648 2 1 0
531.117 0.999652 0.999652 2 1 0
531.617 0.999655 0.999655 2 1 0
532.117 0.999659 0.999659 2 1 0
532.617 0.999662 0.999662 2 1 0
533.117 0.999666 0.999666 2 1 0
533.617 0.999669 0.999669 2 1 0
534.117 0.999672 0.999672 2 1 0
534.617 0.999675 0.999675 2 1 0
535.117 0.999679 0.999679 2 1 0
535.617 0.999682 0.999682 2 1 0
536.117 0.999685 0.999685 2 1 0
536.617 0.999688 0.999688 2 1 0
537.117 0.999691 0.999691 2 1 0
537.617 0.999694 0.999694 2 1 0
538.117 0.999697 0.999697 2 1 0
538.617 0.9997 0.9997 2 1 0
539.117 0.999703 0.999703 2 1 0
539.617 0.999706 0.999706 2 1 0
540.117 0.999709 0.999709 2 1 0
540.617 0.999712 0.999712 2 1 0
541.117 0.999715 0.999715 2 1 0
541.617 0.999718 0.999718 2 1 0
542.117 0.999721 0.999721 2 1 0
542.617 0.999723 0.999723 2 1 0
543.117 0.999726 0.999726 2 1 0
543.617 0.999729 0.999729 2 1 0
544.117 0.999732 0.999732 2 1 0
544.617 0.999734 0.999734 2 1 0
545.117 0.999737 0.999737 2 1 0
545.617 0.99974 0.99974 2 1 0
546.117 0.999742 0.999742 2 1 0
546.617 0.999745 0.999745 2 1 0
547.117 0.999747 0.999747 2 1 0
547.617 0.99975 0.99975 2 1 0
548.117 0.999752 0.999752 2 1 0
548.117 0.999752 0.999752 2 1 0
548.157 0.999752 0.999752 2 1 0
548.197 0.999753 0.999753 2 1 0
548.277 0.999753 0.999753 2 1 0
548.437 0.999754 0.999754 2 1 0
548.757 0.999755 0.999755 2 1 0
549.257 0.999758 0.999758 2 1 0
549.757 0.99976 0.99976 2 1 0
550.257 0.999763 0.999763 2 1 0
550.757 0.999765 0.999765 2 1 0
551.257 0.999767 0.999767 2 1 0
551.757 0.99977 0.99977 2 1 0
552.257 0.999772 0.999772 2 1 0
552.757 0.999774 0.999774 2 1 0
553.257 0.999776 0.999776 2 1 0
553.757 0.999779 0.999779 2 1 0
554.257 0.999781 0.999781 2 1 0
554.757 0.999783 0.999783 2 1 0
555.257 0.999785 0.999785 2 1 0
555.757 0.999787 0.999787 2 1 0
556.257 0.999789 0.999789 2 1 0
556.757 0.999792 0.999792 2 1 0
557.257 0.999794 0.999794 2 1 0
557.757 0.999796 0.999796 2 1 0
558.257 0.999798 0.999798 2 1 0
558.757 0.9998 0.9998 2 1 0
559.257 0.999802 0.999802 2 1 0
559.757 0.999804 0.999804 2 1 0
560.257 0.999806 0.999806 2 1 0
560.757 0.999808 0.999808 2 1 0
561.257 0.99981 0.99981 2 1 0
561.757 0.999811 0.999811 2 1 0
562.257 0.999813 0.999813 2 1 0
562.757 0.999815 0.999815 2 1 0
563.257 0.999817 0.999817 2 1 0
563.757 0.999819 0.999819 2 1 0
564.257 0.999821 0.999821 2 1 0
564.757 0.999822 0.999822 2 1 0
565.257 0.999824 0.999824 2 1 0
565.757 0.999826 0.999826 2 1 0
566.257 0.999828 0.999828 2 1 0
566.757 0.999829 0.999829 2 1 0
567.257 0.999831 0.999831 2 1 0
567.757 0.999833 0.999833 2 1 0
568.257 0.999834 0.999834 2 1 0
568.757 0.999836 0.999836 2 1 0
569.257 0.999838 0.999838 2 1 0
569.757 0.999839 0.999839 2 1 0
570.257 0.999841 0.999841 2 1 0
570.757 0.999842 0.999842 2 1 0
571.257 0.999844 0.999844 2 1 0
571.757 0.999846 0.999846 2 1 0
572.257 0.999847 0.999847 2 1 0
572.757 0.999849 0.999849 2 1 0
573.257 0.99985 0.99985 2 1 0
573.757 0.999852 0.999852 2 1 0
574.257 0.999853 0.999853 2 1 0
574.757 0.999855 0.999855 2 1 0
575.257 0.999856 0.999856 2 1 0
575.757 0.999857 0.999857 2 1 0
576.257 0.999859 0.999859 2 1 0
576.757 0.99986 0.99986 2 1 0
577.257 0.999862 0.999862 2 1 0
577.757 0.999863 0.999863 2 1 0
578.257 0.999864 0.999864 2 1 0
578.757 0.999866 0.999866 2 1 0
579.257 0.999867 0.999867 2 1 0
579.757 0.999868 0.999868 2 1 0
580.257 0.99987 0.99987 2 1 0
580.757 0.999871 0.999871 2 1 0
581.257 0.999872 0.999872 2 1 0
581.757 0.999874 0.999874 2 1 0
582.257 0.999875 0.999875 2 1 0
582.757 0.999876 0.999876 2 1 0
583.257 0.999877 0.999877 2 1 0
583.757 0.999879 0.999879 2 1 0
584.257 0.99988 0.99988 2 1 0
584.757 0.999881 0.999881 2 1 0
585.257 0.999882 0.999882 2 1 0
585.757 0.999883 0.999883 2 1 0
586.257 0.999884 0.999884 2 1 0
586.757 0.999886 0.999886 2 1 0
587.257 0.999887 0.999887 2 1 0
587.757 0.999888 0.999888 2 1 0
588.257 0.999889 0.999889 2 1 0
588.757 0.99989 0.99989 2 1 0
589.257 0.999891 0.999891 2 1 0
589.757 0.999892 0.999892 2 1 0
590.257 0.999893 0.999893 2 1 0
590.757 0.999894 0.999894 2 1 0
591.257 0.999895 0.999895 2 1 0
591.757 0.999896 0.999896 2 1 0
592.257 0.999898 0.999898 2 1 0
592.757 0.999899 0.999899 2 1 0
593.257 0.9999 0.9999 2 1 0
593.757 0.999901 0.999901 2 1 0
594.257 0.999902 0.999902 2 1 0
594.757 0.999903 0.999903 2 1 0
595.257 0.999903 0.999903 2 1 0
595.757 0.999904 0.999904 2 1 0
596.257 0.999905 0.999905 2 1 0
596.757 0.999906 0.999906 2 1 0
597.257 0.999907 0.999907 2 1 0
597.757 0.999908 0.999908 2 1 0
598.257 0.999909 0.999909 2 1 0
598.757 0.99991 0.99991 2 1 0
599.257 0.999911 0.999911 2 1 0
599.757 0.999912 0.999912 2 1 0
600.257 0.999913 0.999913 2 1 0
600.757 0.999914 0.999914 2 1 0
601.257 0.999914 0.999914 2 1 0
601.757 0.999915 0.999915 2 1 0
602.257 0.999916 0.999916 2 1 0
602.757 0.999917 0.999917 2 1 0
603.257 0.999918 0.999918 2 1 0
603.757 0.999919 0.999919 2 1 0
604.257 0.999919 0.999919 2 1 0
604.757 0.99992 0.99992 2 1 0
605.257 0.999921 0.999921 2 1 0
605.757 0.999922 0.999922 2 1 0
606.257 0.999923 0.999923 2 1 0
606.757 0.999923 0.999923 2 1 0
607.257 0.999924 0.999924 2 1 0
607.757 0.999925 0.999925 2 1 0
608.257 0.999926 0.999926 2 1 0
608.757 0.999926 0.999926 2 1 0
609.257 0.999927 0.999927 2 1 0
609.757 0.999928 0.999928 2 1 0
610.257 0.999929 0.999929 2 1 0
610.757 0.999929 0.999929 2 1 0
611.257 0.99993 0.99993 2 1 0
611.757 0.999931 0.999931 2 1 0
612.257 0.999931 0.999931 2 1 0
612.757 0.999932 0.999932 2 1 0
613.257 0.999933 0.999933 2 1 0
613.757 0.999933 0.999933 2 1 0
614.257 0.999934 0.999934 2 1 0
614.757 0.999935 0.999935 2 1 0
615.257 0.999935 0.999935 2 1 0
615.757 0.999936 0.999936 2 1 0
616.257 0.999937 0.999937 2 1 0
616.757 0.999937 0.999937 2 1 0
617.257 0.999938 0.999938 2 1 0
617.757 0.999938 0.999938 2 1 0
618.257 0.999939 0.999939 2 1 0
618.757 0.99994 0.99994 2 1 0
619.257 0.99994 0.99994 2 1 0
619.757 0.999941 0.999941 2 1 0
620.257 0.999941 0.999941 2 1 0
620.757 0.999942 0.999942 2 1 0
621.257 0.999943 0.999943 2 1 0
621.757 0.999943 0.999943 2 1 0
622.257 0.999944 0.999944 2 1 0
622.757 0.999944 0.999944 2 1 0
623.257 0.999945 0.999945 2 1 0
623.757 0.999945 0.999945 2 1 0
624.257 0.999946 0.999946 2 1 0
624.757 0.999947 0.999947 2 1 0
625.257 0.999947 0.999947 2 1 0
625.757 0.999948 0.999948 2 1 0
626.257 0.999948 0.999948 2 1 0
626.757 0.999949 0.999949 2 1 0
627.257 0.999949 0.999949 2 1 0
627.757 0.99995 0.99995 2 1 0
628.257 0.99995 0.99995 2 1 0
628.757 0.999951 0.999951 2 1 0
629.257 0.999951 0.999951 2 1 0
629.757 0.999952 0.999952 2 1 0
630.257 0.999952 0.999952 2 1 0
630.757 0.999953 0.999953 2 1 0
631.257 0.999953 0.999953 2 1 0
631.757 0.999953 0.999953 2 1 0
632.257 0.999954 0.999954 2 1 0
632.757 0.999954 0.999954 2 1 0
633.257 0.999955 0.999955 2 1 0
633.757 0.999955 0.999955 2 1 0
634.257 0.999956 0.999956 2 1 0
634.757 0.999956 0.999956 2 1 0
635.257 0.999957 0.999957 2 1 0
635.757 0.999957 0.999957 2 1 0
636.257 0.999957 0.999957 2 1 0
636.757 0.999958 0.999958 2 1 0
637.257 0.999958 0.999958 2 1 0
637.757 0.999959 0.999959 2 1 0
638.257 0.999959 0.999959 2 1 0
638.757 0.99996 0.99996 2 1 0
639.257 0.99996 0.99996 2 1 0
639.757 0.99996 0.99996 2 1 0
640.257 0.999961 0.999961 2 1 0
640.757 0.999961 0.999961 2 1 0
641.257 0.999962 0.999962 2 1 0
641.757 0.999962 0.999962 2 1 0
642.257 0.999962 0.999962 2 1 0
642.757 0.999963 0.999963 2 1 0
643.257 0.999963 0.999963 2 1 0
643.757 0.999963 0.999963 2 1 0
644.257 0.999964 0.999964 2 1 0
644.757 0.999964 0.999964 2 1 0
645.257 0.999964 0.999964 2 1 0
645.757 0.999965 0.999965 2 1 0
179.599 0.238095 0.238095 2 2 0
179.639 0.238095 0.238095 1 2 0
179.679 0.238095 0.238095 1 2 0
179.759 0.238095 0.238095 1 2 0
179.919 0.238095 0.238095 1 2 0
180.239 0.238095 0.238095 1 2 0
180.739 0.238095 0.238095 1 2 0
181.239 0.238095 0.238095 1 2 0
181.739 0.238095 0.238095 1 2 0
182.239 0.238095 0.238095 1 2 0
182.739 0.238095 0.238095 1 2 0
183.239 0.238095 0.238095 1 2 0
183.739 0.238095 0.238095 1 2 0
184.239 0.238095 0.238095 1 2 0
184.739 0.238095 0.238095 1 2 0
185.239 0.238095 0.238095 1 2 0
185.739 0.238095 0.238095 1 2 0
186.239 0.238095 0.238095 1 2 0
186.739 0.238095 0.238095 1 2 0
187.239 0.238095 0.238095 1 2 0
187.739 0.238095 0.238095 1 2 0
188.239 0.238095 0.238095 1 2 0
188.739 0.238095 0.238095 1 2 0
189.239 0.238095 0.238095 1 2 0
189.739 0.238095 0.238095 1 2 0
190.239 0.238095 0.238095 1 2 0
190.739 0.238095 0.238095 1 2 0
191.239 0.238095 0.238095 1 2 0
191.739 0.238095 0.238095 1 2 0
192.239 0.238095 0.238095 1 2 0
192.739 0.238095 0.238095 1 2 0
193.239 0.238095 0.238095 1 2 0
193.739 0.238095 0.238095 1 2 0
194.239 0.238095 0.238095 1 2 0
194.739 0.238095 0.238095 1 2 0
195.239 0.238095 0.238095 1 2 0
195.739 0.238095 0.238095 1 2 0
196.239 0.238095 0.238095 1 2 0
196.739 0.238095 0.238095 1 2 0
197.239 0.238095 0.238095 1 2 0
197.739 0.238095 0.238095 1 2 0
198.239 0.238095 0.238095 1 2 0
198.739 0.238095 0.238095 1 2 0
199.239 0.238095 0.238095 1 2 0
199.739 0.238095 0.238095 1 2 0
200.239 0.238095 0.238095 1 2 0
200.739 0.238095 0.238095 1 2 0
201.239 0.238095 0.238095 1 2 0
201.739 0.238095 0.238095 1 2 0
202.239 0.238095 0.238095 1 2 0
202.739 0.238095 0.238095 1 2 0
203.239 0.238095 0.238095 1 2 0
203.739 0.238095 0.238095 1 2 0
204.239 0.238095 0.238095 1 2 0
204.739 0.238095 0.238095 1 2 0
205.239 0.238095 0.238095 1 2 0
205.739 0.238095 0.238095 1 2 0
206.239 0.238095 0.238095 1 2 0
206.739 0.238095 0.238095 1 2 0
207.239 0.238095 0.238095 1 2 0
207.739 0.238095 0.238095 1 2 0
208.239 0.238095 0.238095 1 2 0
208.739 0.238095 0.238095 1 2 0
209.239 0.238095 0.238095 1 2 0
209.739 0.238095 0.238095 1 2 0
210.239 0.238095 0.238095 1 2 0
210.739 0.238095 0.238095 1 2 0
211.239 0.238095 0.238095 1 2 0
211.739 0.238095 0.238095 1 2 0
212.239 0.238095 0.238095 1 2 0
212.739 0.238095 0.238095 1 2 0
213.239 0.238095 0.238095 1 2 0
213.739 0.238095 0.238095 1 2 0
214.239 0.238095 0.238095 1 2 0
214.739 0.238095 0.238095 1 2 0
215.239 0.238095 0.238095 1 2 0
215.739 0.238095 0.238095 1 2 0
216.239 0.238095 0.238095 1 2 0
216.739 0.238095 0.238095 1 2 0
217.239 0.238095 0.238095 1 2 0
217.739 0.238095 0.238095 1 2 0
218.239 0.238095 0.238095 1 2 0
218.739 0.238095 0.238095 1 2 0
219.239 0.238095 0.238095 1 2 0
219.739 0.238095 0.238095 1 2 0
220.239 0.238095 0.238095 1 2 0
220.739 0.238095 0.238095 1 2 0
221.239 0.238095 0.238095 1 2 0
221.739 0.238095 0.238095 1 2 0
222.239 0.238095 0.238095 1 2 0
222.739 0.238095 0.238095 1 2 0
223.239 0.238095 0.238095 1 2 0
223.739 0.238095 0.238095 1 2 0
224.239 0.238095 0.238095 1 2 0
224.739 0.238095 0.238095 1 2 0
225.239 0.238095 0.238095 1 2 0
225.739 0.238095 0.238095 1 2 0
226.239 0.238095 0.238095 1 2 0
226.739 0.238095 0.238095 1 2 0
227.239 0.238095 0.238095 1 2 0
227.739 0.238095 0.238095 1 2 0
228.239 0.238095 0.238095 1 2 0
228.739 0.238095 0.238095 1 2 0
229.239 0.238095 0.238095 1 2 0
229.739 0.238095 0.238095 1 2 0
230.239 0.238095 0.238095 1 2 0
230.739 0.238095 0.238095 1 2 0
231.239 0.238095 0.238095 1 2 0
231.739 0.238095 0.238095 1 2 0
232.239 0.238095 0.238095 1 2 0
232.739 0.238095 0.238095 1 2 0
233.239 0.238095 0.238095 1 2 0
233.739 0.238095 0.238095 1 2 0
234.239 0.238095 0.238095 1 2 0
234.739 0.238095 0.238095 1 2 0
235.239 0.238095 0.238095 1 2 0
235.739 0.238095 0.238095 1 2 0
236.239 0.238095 0.238095 1 2 0
236.739 0.238095 0.238095 1 2 0
237.239 0.238095 0.238095 1 2 0
237.739 0.238095 0.238095 1 2 0
238.239 0.238095 0.238095 1 2 0
238.739 0.238095 0.238095 1 2 0
239.239 0.238095 0.238095 1 2 0
239.739 0.238095 0.238095 1 2 0
240.239 0.238095 0.238095 1 2 0
240.739 0.238095 0.238095 1 2 0
241.239 0.238095 0.238095 1 2 0
241.739 0.238095 0.238095 1 2 0
242.239 0.238095 0.238095 1 2 0
242.739 0.238095 0.238095 1 2 0
243.239 0.238095 0.238095 1 2 0
243.739 0.238095 0.238095 1 2 0
244.239 0.238095 0.238095 1 2 0
244.739 0.238095 0.238095 1 2 0
245.239 0.238095 0.238095 1 2 0
245.739 0.238095 0.238095 1 2 0
246.239 0.238095 0.238095 1 2 0
246.739 0.238095 0.238095 1 2 0
247.239 0.238095 0.238095 1 2 0
247.464 0.238095 0.238095 2 2 0
247.964 0.238095 0.238095 2 2 0
248.464 0.238095 0.238095 2 2 0
248.964 0.238095 0.238095 2 2 0
249.464 0.238095 0.238095 2 2 0
249.964 0.238095 0.238095 2 2 0
250.464 0.238095 0.238095 2 2 0
250.964 0.238095 0.238095 2 2 0
251.464 0.238095 0.238095 2 2 0
251.964 0.238095 0.238095 2 2 0
252.464 0.238095 0.238095 2 2 0
252.964 0.238095 0.238095 2 2 0
253.464 0.238095 0.238095 2 2 0
253.964 0.238095 0.238095 2 2 0
254.464 0.238095 0.238095 2 2 0
254.964 0.238095 0.238095 2 2 0
255.464 0.238095 0.238095 2 2 0
255.964 0.238095 0.238095 2 2 0
256.464 0.238095 0.238095 2 2 0
256.964 0.238095 0.238095 2 2 0
257.464 0.238095 0.238095 2 2 0
257.964 0.238095 0.238095 2 2 0
258.464 0.238095 0.238095 2 2 0
258.964 0.238095 0.238095 2 2 0
259.464 0.238095 0.238095 2 2 0
259.964 0.238095 0.238095 2 2 0
260.464 0.238095 0.238095 2 2 0
260.964 0.238095 0.238095 2 2 0
261.464 0.238095 0.238095 2 2 0
261.964 0.238095 0.238095 2 2 0
262.464 0.238095 0.238095 2 2 0
262.964 0.238095 0.238095 2 2 0
263.464 0.238095 0.238095 2 2 0
263.964 0.238095 0.238095 2 2 0
264.464 0.238095 0.238095 2 2 0
264.964 0.238095 0.238095 2 2 0
265.464 0.238095 0.238095 2 2 0
265.964 0.238095 0.238095 2 2 0
266.464 0.238095 0.238095 2 2 0
266.964 0.238095 0.238095 2 2 0
267.464 0.238095 0.238095 2 2 0
267.964 0.238095 0.238095 2 2 0
268.464 0.238095 0.238095 2 2 0
268.964 0.238095 0.238095 2 2 0
269.464 0.238095 0.238095 2 2 0
269.964 0.238095 0.238095 2 2 0
270.464 0.238095 0.238095 2 2 0
270.964 0.238095 0.238095 2 2 0
271.464 0.238095 0.238095 2 2 0
271.964 0.238095 0.238095 2 2 0
272.464 0.238095 0.238095 2 2 0
272.964 0.238095 0.238095 2 2 0
273.464 0.238095 0.238095 2 2 0
273.964 0.238095 0.238095 2 2 0
274.464 0.238095 0.238095 2 2 0
274.964 0.238095 0.238095 2 2 0
275.464 0.238095 0.238095 2 2 0
275.964 0.238095 0.238095 2 2 0
276.464 0.238095 0.238095 2 2 0
276.964 0.238095 0.238095 2 2 0
276.964 0.238095 0.238095 2 2 0
277.004 0.238095 0.238095 2 2 0
277.044 0.238095 0.238095 2 2 0
277.124 0.238095 0.238095 2 2 0
277.284 0.238095 0.238095 2 2 0
277.604 0.238095 0.238095 2 2 0
278.104 0.238095 0.238095 2 2 0
278.604 0.238095 0.238095 2 2 0
279.104 0.238095 0.238095 2 2 0
279.604 0.238095 0.238095 2 2 0
280.104 0.238095 0.238095 2 2 0
280.604 0.238095 0.238095 2 2 0
281.104 0.238095 0.238095 2 2 0
281.604 0.238095 0.238095 2 2 0
282.104 0.238095 0.238095 2 2 0
282.604 0.238095 0.238095 2 2 0
283.104 0.238095 0.238095 2 2 0
283.604 0.238095 0.238095 2 2 0
284.104 0.238095 0.238095 2 2 0
284.604 0.238095 0.238095 2 2 0
285.104 0.238095 0.238095 2 2 0
285.604 0.238095 0.238095 2 2 0
286.104 0.238095 0.238095 2 2 0
286.604 0.238095 0.238095 2 2 0
287.104 0.238095 0.238095 2 2 0
287.604 0.238095 0.238095 2 2 0
288.104 0.238095 0.238095 2 2 0
288.604 0.238095 0.238095 2 2 0
289.104 0.238095 0.238095 2 2 0
289.604 0.238095 0.238095 2 2 0
290.104 0.238095 0.238095 2 2 0
290.604 0.238095 0.238095 2 2 0
291.104 0.238095 0.238095 2 2 0
291.604 0.238095 0.238095 2 2 0
292.104 0.238095 0.238095 2 2 0
292.604 0.238095 0.238095 2 2 0
293.104 0.238095 0.238095 2 2 0
293.604 0.238095 0.238095 2 2 0
294.104 0.238095 0.238095 2 2 0
294.604 0.238095 0.238095 2 2 0
295.104 0.238095 0.238095 2 2 0
295.604 0.238095 0.238095 2 2 0
296.104 0.238095 0.238095 2 2 0
296.604 0.238095 0.238095 2 2 0
297.104 0.238095 0.238095 2 2 0
297.604 0.238095 0.238095 2 2 0
298.104 0.238095 0.238095 2 2 0
298.604 0.238095 0.238095 2 2 0
299.104 0.238095 0.238095 2 2 0
299.604 0.238095 0.238095 2 2 0
300.104 0.238095 0.238095 2 2 0
300.604 0.238095 0.238095 2 2 0
301.104 0.238095 0.238095 2 2 0
301.604 0.238095 0.238095 2 2 0
302.104 0.238095 0.238095 2 2 0
302.604 0.238095 0.238095 2 2 0
303.104 0.238095 0.238095 2 2 0
303.604 0.238095 0.238095 2 2 0
304.104 0.238095 0.238095 2 2 0
304.604 0.238095 0.238095 2 2 0
305.104 0.238095 0.238095 2 2 0
305.604 0.238095 0.238095 2 2 0
306.104 0.238095 0.238095 2 2 0
306.604 0.238095 0.238095 2 2 0
307.104 0.238095 0.238095 2 2 0
307.604 0.238095 0.238095 2 2 0
308.104 0.238095 0.238095 2 2 0
308.604 0.238095 0.238095 2 2 0
309.104 0.238095 0.238095 2 2 0
309.604 0.238095 0.238095 2 2 0
310.104 0.238095 0.238095 2 2 0
310.604 0.238095 0.238095 2 2 0
311.104 0.238095 0.238095 2 2 0
311.604 0.238095 0.238095 2 2 0
312.104 0.238095 0.238095 2 2 0
312.604 0.238095 0.238095 2 2 0
313.104 0.238095 0.238095 2 2 0
313.604 0.238095 0.238095 2 2 0
314.104 0.238095 0.238095 2 2 0
314.604 0.238095 0.238095 2 2 0
315.104 0.238095 0.238095 2 2 0
315.604 0.238095 0.238095 2 2 0
316.104 0.238095 0.238095 2 2 0
316.604 0.238095 0.238095 2 2 0
317.104 0.238095 0.238095 2 2 0
317.604 0.238095 0.238095 2 2 0
318.104 0.238095 0.238095 2 2 0
318.604 0.238095 0.238095 2 2 0
319.104 0.238095 0.238095 2 2 0
319.604 0.238095 0.238095 2 2 0
320.104 0.238095 0.238095 2 2 0
320.604 0.238095 0.238095 2 2 0
321.104 0.238095 0.238095 2 2 0
321.604 0.238095 0.238095 2 2 0
322.104 0.238095 0.238095 2 2 0
322.604 0.238095 0.238095 2 2 0
323.104 0.238095 0.238095 2 2 0
323.604 0.238095 0.238095 2 2 0
324.104 0.238095 0.238095 2 2 0
324.604 0.238095 0.238095 2 2 0
325.104 0.238095 0.238095 2 2 0
325.604 0.238095 0.238095 2 2 0
326.104 0.238095 0.238095 2 2 0
326.604 0.238095 0.238095 2 2 0
327.104 0.238095 0.238095 2 2 0
327.604 0.238095 0.238095 2 2 0
328.104 0.238095 0.238095 2 2 0
328.604 0.238095 0.238095 2 2 0
329.104 0.238095 0.238095 2 2 0
329.604 0.238095 0.238095 2 2 0
330.104 0.238095 0.238095 2 2 0
330.604 0.238095 0.238095 2 2 0
331.104 0.238095 0.238095 2 2 0
331.604 0.238095 0.238095 2 2 0
332.104 0.238095 0.238095 2 2 0
332.604 0.238095 0.238095 2 2 0
333.104 0.238095 0.238095 2 2 0
333.604 0.238095 0.238095 2 2 0
334.104 0.238095 0.238095 2 2 0
334.604 0.238095 0.238095 2 2 0
335.104 0.238095 0.238095 2 2 0
335.604 0.238095 0.238095 2 2 0
336.104 0.238095 0.238095 2 2 0
336.604 0.238095 0.238095 2 2 0
337.104 0.238095 0.238095 2 2 0
337.604 0.238095 0.238095 2 2 0
338.104 0.238095 0.238095 2 2 0
338.604 0.238095 0.238095 2 2 0
339.104 0.238095 0.238095 2 2 0
339.604 0.238095 0.238095 2 2 0
340.104 0.238095 0.238095 2 2 0
340.604 0.238095 0.238095 2 2 0
341.104 0.238095 0.238095 2 2 0
341.604 0.238095 0.238095 2 2 0
342.104 0.238095 0.238095 2 2 0
342.604 0.238095 0.238095 2 2 0
343.104 0.238095 0.238095 2 2 0
343.604 0.238095 0.238095 2 2 0
344.104 0.238095 0.238095 2 2 0
344.604 0.238095 0.238095 2 2 0
345.104 0.238095 0.238095 2 2 0
345.604 0.238095 0.238095 2 2 0
346.104 0.238095 0.238095 2 2 0
346.604 0.238095 0.238095 2 2 0
347.104 0.238095 0.238095 2 2 0
347.604 0.238095 0.238095 2 2 0
348.104 0.238095 0.238095 2 2 0
348.604 0.238095 0.238095 2 2 0
349.104 0.238095 0.238095 2 2 0
349.604 0.238095 0.238095 2 2 0
350.104 0.238095 0.238095 2 2 0
350.604 0.238095 0.238095 2 2 0
351.104 0.238095 0.238095 2 2 0
351.604 0.238095 0.238095 2 2 0
352.104 0.238095 0.238095 2 2 0
352.604 0.238095 0.238095 2 2 0
353.104 0.238095 0.238095 2 2 0
353.604 0.238095 0.238095 2 2 0
354.104 0.238095 0.238095 2 2 0
354.604 0.238095 0.238095 2 2 0
355.104 0.238095 0.238095 2 2 0
355.604 0.238095 0.238095 2 2 0
356.104 0.238095 0.238095 2 2 0
356.604 0.238095 0.238095 2 2 0
357.104 0.238095 0.238095 2 2 0
357.604 0.238095 0.238095 2 2 0
358.104 0.238095 0.238095 2 2 0
358.604 0.238095 0.238095 2 2 0
359.104 0.238095 0.238095 2 2 0
359.604 0.238095 0.238095 2 2 0
360.104 0.238095 0.238095 2 2 0
360.604 0.238095 0.238095 2 2 0
361.104 0.238095 0.238095 2 2 0
361.604 0.238095 0.238095 2 2 0
362.104 0.238095 0.238095 2 2 0
362.604 0.238095 0.238095 2 2 0
363.104 0.238095 0.238095 2 2 0
363.604 0.238095 0.238095 2 2 0
364.104 0.238095 0.238095 2 2 0
364.604 0.238095 0.238095 2 2 0
365.104 0.238095 0.238095 2 2 0
365.604 0.238095 0.238095 2 2 0
366.104 0.238095 0.238095 2 2 0
366.604 0.238095 0.238095 2 2 0
367.104 0.238095 0.238095 2 2 0
367.604 0.238095 0.238095 2 2 0
368.104 0.238095 0.238095 2 2 0
368.604 0.238095 0.238095 2 2 0
369.104 0.238095 0.238095 2 2 0
369.604 0.238095 0.238095 2 2 0
370.104 0.238095 0.238095 2 2 0
370.604 0.238095 0.238095 2 2 0
371.104 0.238095 0.238095 2 2 0
371.604 0.238095 0.238095 2 2 0
372.104 0.238095 0.238095 2 2 0
372.604 0.238095 0.238095 2 2 0
373.104 0.238095 0.238095 2 2 0
373.604 0.238095 0.238095 2 2 0
374.104 0.238095 0.238095 2 2 0
374.604 0.238095 0.238095 2 2 0
374.604 0.238095 0.238095 2 2 0
374.644 0.238095 0.238095 2 2 0
374.684 0.238095 0.238095 2 2 0
374.764 0.238095 0.238095 2 2 0
374.924 0.238095 0.238095 2 2 0
375.244 0.238095 0.238095 2 2 0
375.744 0.238095 0.238095 2 2 0
376.244 0.238095 0.238095 2 2 0
376.744 0.238095 0.238095 2 2 0
377.244 0.238095 0.238095 2 2 0
377.744 0.238095 0.238095 2 2 0
378.244 0.238095 0.238095 2 2 0
378.744 0.238095 0.238095 2 2 0
379.244 0.238095 0.238095 2 2 0
379.744 0.238095 0.238095 2 2 0
380.244 0.238095 0.238095 2 2 0
380.744 0.238095 0.238095 2 2 0
381.244 0.238095 0.238095 2 2 0
381.744 0.238095 0.238095 2 2 0
382.244 0.238095 0.238095 2 2 0
382.744 0.238095 0.238095 2 2 0
383.244 0.238095 0.238095 2 2 0
383.744 0.238095 0.238095 2 2 0
384.244 0.238095 0.238095 2 2 0
384.744 0.238095 0.238095 2 2 0
385.244 0.238095 0.238095 2 2 0
385.744 0.238095 0.238095 2 2 0
386.244 0.238095 0.238095 2 2 0
386.744 0.238095 0.238095 2 2 0
387.244 0.238095 0.238095 2 2 0
387.744 0.238095 0.238095 2 2 0
388.244 0.238095 0.238095 2 2 0
388.744 0.238095 0.238095 2 2 0
389.244 0.238095 0.238095 2 2 0
389.744 0.238095 0.238095 2 2 0
390.244 0.238095 0.238095 2 2 0
390.744 0.238095 0.238095 2 2 0
391.244 0.238095 0.238095 2 2 0
391.744 0.238095 0.238095 2 2 0
392.244 0.238095 0.238095 2 2 0
392.744 0.238095 0.238095 2 2 0
393.244 0.238095 0.238095 2 2 0
393.744 0.238095 0.238095 2 2 0
394.244 0.238095 0.238095 2 2 0
394.744 0.238095 0.238095 2 2 0
395.244 0.238095 0.238095 2 2 0
395.744 0.238095 0.238095 2 2 0
396.244 0.238095 0.238095 2 2 0
396.744 0.238095 0.238095 2 2 0
397.244 0.238095 0.238095 2 2 0
397.744 0.238095 0.238095 2 2 0
398.244 0.238095 0.238095 2 2 0
398.744 0.238095 0.238095 2 2 0
399.244 0.238095 0.238095 2 2 0
399.744 0.238095 0.238095 2 2 0
400.244 0.238095 0.238095 2 2 0
400.744 0.238095 0.238095 2 2 0
401.244 0.238095 0.238095 2 2 0
401.744 0.238095 0.238095 2 2 0
402.244 0.238095 0.238095 2 2 0
402.744 0.238095 0.238095 2 2 0
403.244 0.238095 0.238095 2 2 0
403.744 0.238095 0.238095 2 2 0
404.244 0.238095 0.238095 2 2 0
404.744 0.238095 0.238095 2 2 0
405.244 0.238095 0.238095 2 2 0
405.744 0.238095 0.238095 2 2 0
406.244 0.238095 0.238095 2 2 0
406.744 0.238095 0.238095 2 2 0
407.244 0.238095 0.238095 2 2 0
407.744 0.238095 0.238095 2 2 0
408.244 0.238095 0.238095 2 2 0
408.744 0.238095 0.238095 2 2 0
409.244 0.238095 0.238095 2 2 0
409.744 0.238095 0.238095 2 2 0
410.244 0.238095 0.238095 2 2 0
410.744 0.238095 0.238095 2 2 0
411.244 0.238095 0.238095 2 2 0
411.744 0.238095 0.238095 2 2 0
412.244 0.238095 0.238095 2 2 0
412.744 0.238095 0.238095 2 2 0
413.244 0.238095 0.238095 2 2 0
413.744 0.238095 0.238095 2 2 0
414.244 0.238095 0.238095 2 2 0
414.744 0.238095 0.238095 2 2 0
415.244 0.238095 0.238095 2 2 0
415.744 0.238095 0.238095 2 2 0
416.244 0.238095 0.238095 2 2 0
416.744 0.238095 0.238095 2 2 0
417.244 0.238095 0.238095 2 2 0
417.744 0.238095 0.238095 2 2 0
418.244 0.238095 0.238095 2 2 0
418.744 0.238095 0.238095 2 2 0
419.244 0.238095 0.238095 2 2 0
419.744 0.238095 0.238095 2 2 0
420.244 0.238095 0.238095 2 2 0
420.744 0.238095 0.238095 2 2 0
421.244 0.238095 0.238095 2 2 0
421.744 0.238095 0.238095 2 2 0
422.244 0.238095 0.238095 2 2 0
422.744 0.238095 0.238095 2 2 0
423.244 0.238095 0.238095 2 2 0
423.744 0.238095 0.238095 2 2 0
424.244 0.238095 0.238095 2 2 0
424.744 0.238095 0.238095 2 2 0
425.244 0.238095 0.238095 2 2 0
425.744 0.238095 0.238095 2 2 0
426.244 0.238095 0.238095 2 2 0
426.744 0.238095 0.238095 2 2 0
427.244 0.238095 0.238095 2 2 0
427.744 0.238095 0.238095 2 2 0
428.244 0.238095 0.238095 2 2 0
428.744 0.238095 0.238095 2 2 0
429.244 0.238095 0.238095 2 2 0
429.744 0.238095 0.238095 2 2 0
430.244 0.238095 0.238095 2 2 0
430.744 0.238095 0.238095 2 2 0
431.244 0.238095 0.238095 2 2 0
431.744 0.238095 0.238095 2 2 0
432.244 0.238095 0.238095 2 2 0
432.744 0.238095 0.238095 2 2 0
433.244 0.238095 0.238095 2 2 0
433.744 0.238095 0.238095 2 2 0
434.244 0.238095 0.238095 2 2 0
434.744 0.238095 0.238095 2 2 0
435.244 0.238095 0.238095 2 2 0
435.744 0.238095 0.238095 2 2 0
436.244 0.238095 0.238095 2 2 0
436.744 0.238095 0.238095 2 2 0
437.244 0.238095 0.238095 2 2 0
437.744 0.238095 0.238095 2 2 0
438.244 0.238095 0.238095 2 2 0
438.744 0.238095 0.238095 2 2 0
439.244 0.238095 0.238095 2 2 0
439.744 0.238095 0.238095 2 2 0
440.244 0.238095 0.238095 2 2 0
440.744 0.238095 0.238095 2 2 0
441.244 0.238095 0.238095 2 2 0
441.744 0.238095 0.238095 2 2 0
442.244 0.238095 0.238095 2 2 0
442.744 0.238095 0.238095 2 2 0
443.244 0.238095 0.238095 2 2 0
443.744 0.238095 0.238095 2 2 0
444.244 0.238095 0.238095 2 2 0
444.744 0.238095 0.238095 2 2 0
445.244 0.238095 0.238095 2 2 0
445.744 0.238095 0.238095 2 2 0
446.244 0.238095 0.238095 2 2 0
446.744 0.238095 0.238095 2 2 0
447.244 0.238095 0.238095 2 2 0
447.744 0.238095 0.238095 2 2 0
448.244 0.238095 0.238095 2 2 0
448.744 0.238095 0.238095 2 2 0
449.244 0.238095 0.238095 2 2 0
449.744 0.238095 0.238095 2 2 0
450.244 0.238095 0.238095 2 2 0
450.744 0.238095 0.238095 2 2 0
451.244 0.238095 0.238095 2 2 0
451.744 0.238095 0.238095 2 2 0
452.244 0.238095 0.238095 2 2 0
452.744 0.238095 0.238095 2 2 0
453.244 0.238095 0.238095 2 2 0
453.744 0.238095 0.238095 2 2 0
454.244 0.238095 0.238095 2 2 0
454.744 0.238095 0.238095 2 2 0
455.244 0.238095 0.238095 2 2 0
455.744 0.238095 0.238095 2 2 0
456.244 0.238095 0.238095 2 2 0
456.744 0.238095 0.238095 2 2 0
457.244 0.238095 0.238095 2 2 0
457.744 0.238095 0.238095 2 2 0
458.244 0.238095 0.238095 2 2 0
458.744 0.238095 0.238095 2 2 0
459.244 0.238095 0.238095 2 2 0
459.744 0.238095 0.238095 2 2 0
460.244 0.238095 0.238095 2 2 0
460.744 0.238095 0.238095 2 2 0
461.244 0.238095 0.238095 2 2 0
461.744 0.238095 0.238095 2 2 0
462.244 0.238095 0.238095 2 2 0
462.744 0.238095 0.238095 2 2 0
463.244 0.238095 0.238095 2 2 0
463.744 0.238095 0.238095 2 2 0
464.244 0.238095 0.238095 2 2 0
464.744 0.238095 0.238095 2 2 0
465.244 0.238095 0.238095 2 2 0
465.744 0.238095 0.238095 2 2 0
466.244 0.238095 0.238095 2 2 0
466.744 0.238095 0.238095 2 2 0
467.244 0.238095 0.238095 2 2 0
467.744 0.238095 0.238095 2 2 0
468.244 0.238095 0.238095 2 2 0
468.744 0.238095 0.238095 2 2 0
469.244 0.238095 0.238095 2 2 0
469.744 0.238095 0.238095 2 2 0
470.244 0.238095 0.238095 2 2 0
470.744 0.238095 0.238095 2 2 0
471.244 0.238095 0.238095 2 2 0
471.744 0.238095 0.238095 2 2 0
472.244 0.238095 0.238095 2 2 0
472.244 0.238095 0.238095 2 2 0
472.284 0.238095 0.238095 2 2 0
472.324 0.238095 0.238095 2 2 0
472.404 0.238095 0.238095 2 2 0
472.564 0.238095 0.238095 2 2 0
472.884 0.238095 0.238095 2 2 0
473.384 0.238095 0.238095 2 2 0
473.884 0.238095 0.238095 2 2 0
474.384 0.238095 0.238095 2 2 0
474.884 0.238095 0.238095 2 2 0
475.384 0.238095 0.238095 2 2 0
475.884 0.238095 0.238095 2 2 0
476.384 0.238095 0.238095 2 2 0
476.884 0.238095 0.238095 2 2 0
477.384 0.238095 0.238095 2 2 0
477.884 0.238095 0.238095 2 2 0
478.384 0.238095 0.238095 2 2 0
478.884 0.238095 0.238095 2 2 0
479.384 0.238095 0.238095 2 2 0
479.884 0.238095 0.238095 2 2 0
480.384 0.238095 0.238095 2 2 0
480.884 0.238095 0.238095 2 2 0
481.384 0.238095 0.238095 2 2 0
481.884 0.238095 0.238095 2 2 0
482.384 0.238095 0.238095 2 2 0
482.884 0.238095 0.238095 2 2 0
483.384 0.238095 0.238095 2 2 0
483.884 0.238095 0.238095 2 2 0
484.384 0.238095 0.238095 2 2 0
484.884 0.238095 0.238095 2 2 0
485.384 0.238095 0.238095 2 2 0
485.884 0.238095 0.238095 2 2 0
486.384 0.238095 0.238095 2 2 0
486.884 0.238095 0.238095 2 2 0
487.384 0.238095 0.238095 2 2 0
487.884 0.238095 0.238095 2 2 0
488.384 0.238095 0.238095 2 2 0
488.884 0.238095 0.238095 2 2 0
489.384 0.238095 0.238095 2 2 0
489.884 0.238095 0.238095 2 2 0
490.384 0.238095 0.238095 2 2 0
490.884 0.238095 0.238095 2 2 0
491.384 0.238095 0.238095 2 2 0
491.884 0.238095 0.238095 2 2 0
492.384 0.238095 0.238095 2 2 0
492.884 0.238095 0.238095 2 2 0
493.384 0.238095 0.238095 2 2 0
493.884 0.238095 0.238095 2 2 0
494.384 0.238095 0.238095 2 2 0
494.884 0.238095 0.238095 2 2 0
495.384 0.238095 0.238095 2 2 0
495.884 0.238095 0.238095 2 2 0
496.384 0.238095 0.238095 2 2 0
496.884 0.238095 0.238095 2 2 0
497.384 0.238095 0.238095 2 2 0
497.884 0.238095 0.238095 2 2 0
498.384 0.238095 0.238095 2 2 0
498.884 0.238095 0.238095 2 2 0
499.384 0.238095 0.238095 2 2 0
499.884 0.238095 0.238095 2 2 0
500.384 0.238095 0.238095 2 2 0
500.884 0.238095 0.238095 2 2 0
501.384 0.238095 0.238095 2 2 0
501.884 0.238095 0.238095 2 2 0
502.384 0.238095 0.238095 2 2 0
502.884 0.238095 0.238095 2 2 0
503.384 0.238095 0.238095 2 2 0
503.884 0.238095 0.238095 2 2 0
504.384 0.238095 0.238095 2 2 0
504.884 0.238095 0.238095 2 2 0
505.384 0.238095 0.238095 2 2 0
505.884 0.238095 0.238095 2 2 0
506.384 0.238095 0.238095 2 2 0
506.884 0.238095 0.238095 2 2 0
507.384 0.238095 0.238095 2 2 0
507.884 0.238095 0.238095 2 2 0
508.384 0.238095 0.238095 2 2 0
508.884 0.238095 0.238095 2 2 0
509.384 0.238095 0.238095 2 2 0
509.884 0.238095 0.238095 2 2 0
510.384 0.238095 0.238095 2 2 0
510.884 0.238095 0.238095 2 2 0
511.384 0.238095 0.238095 2 2 0
511.884 0.238095 0.238095 2 2 0
512.384 0.238095 0.238095 2 2 0
512.884 0.238095 0.238095 2 2 0
513.384 0.238095 0.238095 2 2 0
513.884 0.238095 0.238095 2 2 0
514.384 0.238095 0.238095 2 2 0
514.884 0.238095 0.238095 2 2 0
515.384 0.238095 0.238095 2 2 0
515.884 0.238095 0.238095 2 2 0
516.384 0.238095 0.238095 2 2 0
516.884 0.238095 0.238095 2 2 0
517.384 0.238095 0.238095 2 2 0
517.884 0.238095 0.238095 2 2 0
518.384 0.238095 0.238095 2 2 0
518.884 0.238095 0.238095 2 2 0
519.384 0.238095 0.238095 2 2 0
519.884 0.238095 0.238095 2 2 0
520.384 0.238095 0.238095 2 2 0
520.884 0.238095 0.238095 2 2 0
521.384 0.238095 0.238095 2 2 0
521.884 0.238095 0.238095 2 2 0
522.384 0.238095 0.238095 2 2 0
522.884 0.238095 0.238095 2 2 0
523.384 0.238095 0.238095 2 2 0
523.884 0.238095 0.238095 2 2 0
524.384 0.238095 0.238095 2 2 0
524.884 0.238095 0.238095 2 2 0
525.384 0.238095 0.238095 2 2 0
525.884 0.238095 0.238095 2 2 0
526.384 0.238095 0.238095 2 2 0
526.884 0.238095 0.238095 2 2 0
527.384 0.238095 0.238095 2 2 0
527.884 0.238095 0.238095 2 2 0
528.384 0.238095 0.238095 2 2 0
528.884 0.238095 0.238095 2 2 0
529.384 0.238095 0.238095 2 2 0
529.884 0.238095 0.238095 2 2 0
530.384 0.238095 0.238095 2 2 0
530.884 0.238095 0.238095 2 2 0
531.384 0.238095 0.238095 2 2 0
531.884 0.238095 0.238095 2 2 0
532.384 0.238095 0.238095 2 2 0
532.884 0.238095 0.238095 2 2 0
533.384 0.238095 0.238095 2 2 0
533.884 0.238095 0.238095 2 2 0
534.384 0.238095 0.238095 2 2 0
534.884 0.238095 0.238095 2 2 0
535.384 0.238095 0.238095 2 2 0
535.884 0.238095 0.238095 2 2 0
536.384 0.238095 0.238095 2 2 0
536.884 0.238095 0.238095 2 2 0
537.384 0.238095 0.238095 2 2 0
537.884 0.238095 0.238095 2 2 0
538.384 0.238095 0.238095 2 2 0
538.884 0.238095 0.238095 2 2 0
539.384 0.238095 0.238095 2 2 0
539.884 0.238095 0.238095 2 2 0
540.384 0.238095 0.238095 2 2 0
540.884 0.238095 0.238095 2 2 0
541.384 0.238095 0.238095 2 2 0
541.884 0.238095 0.238095 2 2 0
542.384 0.238095 0.238095 2 2 0
542.884 0.238095 0.238095 2 2 0
543.384 0.238095 0.238095 2 2 0
543.884 0.238095 0.238095 2 2 0
544.384 0.238095 0.238095 2 2 0
544.884 0.238095 0.238095 2 2 0
545.384 0.238095 0.238095 2 2 0
545.884 0.238095 0.238095 2 2 0
546.384 0.238095 0.238095 2 2 0
546.884 0.238095 0.238095 2 2 0
547.384 0.238095 0.238095 2 2 0
547.884 0.238095 0.238095 2 2 0
548.384 0.238095 0.238095 2 2 0
548.884 0.238095 0.238095 2 2 0
549.384 0.238095 0.238095 2 2 0
549.884 0.238095 0.238095 2 2 0
550.384 0.238095 0.238095 2 2 0
550.884 0.238095 0.238095 2 2 0
551.384 0.238095 0.238095 2 2 0
551.884 0.238095 0.238095 2 2 0
552.384 0.238095 0.238095 2 2 0
552.884 0.238095 0.238095 2 2 0
553.384 0.238095 0.238095 2 2 0
553.884 0.238095 0.238095 2 2 0
554.384 0.238095 0.238095 2 2 0
554.884 0.238095 0.238095 2 2 0
555.384 0.238095 0.238095 2 2 0
555.884 0.238095 0.238095 2 2 0
556.384 0.238095 0.238095 2 2 0
556.884 0.238095 0.238095 2 2 0
557.384 0.238095 0.238095 2 2 0
557.884 0.238095 0.238095 2 2 0
558.384 0.238095 0.238095 2 2 0
558.884 0.238095 0.238095 2 2 0
559.384 0.238095 0.238095 2 2 0
559.884 0.238095 0.238095 2 2 0
560.384 0.238095 0.238095 2 2 0
560.884 0.238095 0.238095 2 2 0
561.384 0.238095 0.238095 2 2 0
561.884 0.238095 0.238095 2 2 0
562.384 0.238095 0.238095 2 2 0
562.884 0.238095 0.238095 2 2 0
563.384 0.238095 0.238095 2 2 0
563.884 0.238095 0.238095 2 2 0
564.384 0.238095 0.238095 2 2 0
564.884 0.238095 0.238095 2 2 0
565.384 0.238095 0.238095 2 2 0
565.884 0.238095 0.238095 2 2 0
566.384 0.238095 0.238095 2 2 0
566.884 0.238095 0.238095 2 2 0
567.384 0.238095 0.238095 2 2 0
567.884 0.238095 0.238095 2 2 0
568.384 0.238095 0.238095 2 2 0
568.884 0.238095 0.238095 2 2 0
569.384 0.238095 0.238095 2 2 0
569.884 0.238095 0.238095 2 2 0
569.884 0.238095 0.238095 2 2 0
569.924 0.238095 0.238095 2 2 0
569.964 0.238095 0.238095 2 2 0
570.044 0.238095 0.238095 2 2 0
570.204 0.238095 0.238095 2 2 0
570.524 0.238095 0.238095 2 2 0
571.024 0.238095 0.238095 2 2 0
571.524 0.238095 0.238095 2 2 0
572.024 0.238095 0.238095 2 2 0
572.524 0.238095 0.238095 2 2 0
573.024 0.238095 0.238095 2 2 0
573.524 0.238095 0.238095 2 2 0
574.024 0.238095 0.238095 2 2 0
574.524 0.238095 0.238095 2 2 0
575.024 0.238095 0.238095 2 2 0
575.524 0.238095 0.238095 2 2 0
576.024 0.238095 0.238095 2 2 0
576.524 0.238095 0.238095 2 2 0
577.024 0.238095 0.238095 2 2 0
577.524 0.238095 0.238095 2 2 0
578.024 0.238095 0.238095 2 2 0
578.524 0.238095 0.238095 2 2 0
579.024 0.238095 0.238095 2 2 0
579.524 0.238095 0.238095 2 2 0
580.024 0.238095 0.238095 2 2 0
580.524 0.238095 0.238095 2 2 0
581.024 0.238095 0.238095 2 2 0
581.524 0.238095 0.238095 2 2 0
582.024 0.238095 0.238095 2 2 0
582.524 0.238095 0.238095 2 2 0
583.024 0.238095 0.238095 2 2 0
583.524 0.238095 0.238095 2 2 0
584.024 0.238095 0.238095 2 2 0
584.524 0.238095 0.238095 2 2 0
585.024 0.238095 0.238095 2 2 0
585.524 0.238095 0.238095 2 2 0
586.024 0.238095 0.238095 2 2 0
586.524 0.238095 0.238095 2 2 0
587.024 0.238095 0.238095 2 2 0
587.524 0.238095 0.238095 2 2 0
588.024 0.238095 0.238095 2 2 0
588.524 0.238095 0.238095 2 2 0
589.024 0.238095 0.238095 2 2 0
589.524 0.238095 0.238095 2 2 0
590.024 0.238095 0.238095 2 2 0
590.524 0.238095 0.238095 2 2 0
591.024 0.238095 0.238095 2 2 0
591.524 0.238095 0.238095 2 2 0
592.024 0.238095 0.238095 2 2 0
592.524 0.238095 0.238095 2 2 0
593.024 0.238095 0.238095 2 2 0
593.524 0.238095 0.238095 2 2 0
594.024 0.238095 0.238095 2 2 0
594.524 0.238095 0.238095 2 2 0
595.024 0.238095 0.238095 2 2 0
595.524 0.238095 0.238095 2 2 0
596.024 0.238095 0.238095 2 2 0
596.524 0.238095 0.238095 2 2 0
597.024 0.238095 0.238095 2 2 0
597.524 0.238095 0.238095 2 2 0
598.024 0.238095 0.238095 2 2 0
598.524 0.238095 0.238095 2 2 0
599.024 0.238095 0.238095 2 2 0
599.524 0.238095 0.238095 2 2 0
600.024 0.238095 0.238095 2 2 0
600.524 0.238095 0.238095 2 2 0
601.024 0.238095 0.238095 2 2 0
601.524 0.238095 0.238095 2 2 0
602.024 0.238095 0.238095 2 2 0
602.524 0.238095 0.238095 2 2 0
603.024 0.238095 0.238095 2 2 0
603.524 0.238095 0.238095 2 2 0
604.024 0.238095 0.238095 2 2 0
604.524 0.238095 0.238095 2 2 0
605.024 0.238095 0.238095 2 2 0
605.524 0.238095 0.238095 2 2 0
606.024 0.238095 0.238095 2 2 0
606.524 0.238095 0.238095 2 2 0
607.024 0.238095 0.238095 2 2 0
607.524 0.238095 0.238095 2 2 0
608.024 0.238095 0.238095 2 2 0
608.524 0.238095 0.238095 2 2 0
609.024 0.238095 0.238095 2 2 0
609.524 0.238095 0.238095 2 2 0
610.024 0.238095 0.238095 2 2 0
610.524 0.238095 0.238095 2 2 0
611.024 0.238095 0.238095 2 2 0
611.524 0.238095 0.238095 2 2 0
612.024 0.238095 0.238095 2 2 0
612.524 0.238095 0.238095 2 2 0
613.024 0.238095 0.238095 2 2 0
613.524 0.238095 0.238095 2 2 0
614.024 0.238095 0.238095 2 2 0
614.524 0.238095 0.238095 2 2 0
615.024 0.238095 0.238095 2 2 0
615.524 0.238095 0.238095 2 2 0
616.024 0.238095 0.238095 2 2 0
616.524 0.238095 0.238095 2 2 0
617.024 0.238095 0.238095 2 2 0
617.524 0.238095 0.238095 2 2 0
618.024 0.238095 0.238095 2 2 0
618.524 0.238095 0.238095 2 2 0
619.024 0.238095 0.238095 2 2 0
619.524 0.238095 0.238095 2 2 0
620.024 0.238095 0.238095 2 2 0
620.524 0.238095 0.238095 2 2 0
621.024 0.238095 0.238095 2 2 0
621.524 0.238095 0.238095 2 2 0
622.024 0.238095 0.238095 2 2 0
622.524 0.238095 0.238095 2 2 0
623.024 0.238095 0.238095 2 2 0
623.524 0.238095 0.238095 2 2 0
624.024 0.238095 0.238095 2 2 0
624.524 0.238095 0.238095 2 2 0
625.024 0.238095 0.238095 2 2 0
625.524 0.238095 0.238095 2 2 0
626.024 0.238095 0.238095 2 2 0
626.524 0.238095 0.238095 2 2 0
627.024 0.238095 0.238095 2 2 0
627.524 0.238095 0.238095 2 2 0
628.024 0.238095 0.238095 2 2 0
628.524 0.238095 0.238095 2 2 0
629.024 0.238095 0.238095 2 2 0
629.524 0.238095 0.238095 2 2 0
630.024 0.238095 0.238095 2 2 0
630.524 0.238095 0.238095 2 2 0
631.024 0.238095 0.238095 2 2 0
631.524 0.238095 0.238095 2 2 0
632.024 0.238095 0.238095 2 2 0
632.524 0.238095 0.238095 2 2 0
633.024 0.238095 0.238095 2 2 0
633.524 0.238095 0.238095 2 2 0
634.024 0.238095 0.238095 2 2 0
634.524 0.238095 0.238095 2 2 0
635.024 0.238095 0.238095 2 2 0
635.524 0.238095 0.238095 2 2 0
636.024 0.238095 0.238095 2 2 0
636.524 0.238095 0.238095 2 2 0
637.024 0.238095 0.238095 2 2 0
637.524 0.238095 0.238095 2 2 0
638.024 0.238095 0.238095 2 2 0
638.524 0.238095 0.238095 2 2 0
639.024 0.238095 0.238095 2 2 0
639.524 0.238095 0.238095 2 2 0
640.024 0.238095 0.238095 2 2 0
640.524 0.238095 0.238095 2 2 0
641.024 0.238095 0.238095 2 2 0
641.524 0.238095 0.238095 2 2 0
642.024 0.238095 0.238095 2 2 0
642.524 0.238095 0.238095 2 2 0
643.024 0.238095 0.238095 2 2 0
643.524 0.238095 0.238095 2 2 0
644.024 0.238095 0.238095 2 2 0
644.524 0.238095 0.238095 2 2 0
645.024 0.238095 0.238095 2 2 0
645.524 0.238095 0.238095 2 2 0
646.024 0.238095 0.238095 2 2 0
646.524 0.238095 0.238095 2 2 0
647.024 0.238095 0.238095 2 2 0
647.524 0.238095 0.238095 2 2 0
648.024 0.238095 0.238095 2 2 0
648.524 0.238095 0.238095 2 2 0
649.024 0.238095 0.238095 2 2 0
649.524 0.238095 0.238095 2 2 0
650.024 0.238095 0.238095 2 2 0
650.524 0.238095 0.238095 2 2 0
651.024 0.238095 0.238095 2 2 0
651.524 0.238095 0.238095 2 2 0
652.024 0.238095 0.238095 2 2 0
652.524 0.238095 0.238095 2 2 0
653.024 0.238095 0.238095 2 2 0
653.524 0.238095 0.238095 2 2 0
654.024 0.238095 0.238095 2 2 0
654.524 0.238095 0.238095 2 2 0
655.024 0.238095 0.238095 2 2 0
655.524 0.238095 0.238095 2 2 0
656.024 0.238095 0.238095 2 2 0
656.524 0.238095 0.238095 2 2 0
657.024 0.238095 0.238095 2 2 0
657.524 0.238095 0.238095 2 2 0
658.024 0.238095 0.238095 2 2 0
658.524 0.238095 0.238095 2 2 0
659.024 0.238095 0.238095 2 2 0
659.524 0.238095 0.238095 2 2 0
660.024 0.238095 0.238095 2 2 0
660.524 0.238095 0.238095 2 2 0
661.024 0.238095 0.238095 2 2 0
661.524 0.238095 0.238095 2 2 0
662.024 0.238095 0.238095 2 2 0
662.524 0.238095 0.238095 2 2 0
663.024 0.238095 0.238095 2 2 0
663.524 0.238095 0.238095 2 2 0
664.024 0.238095 0.238095 2 2 0
664.524 0.238095 0.238095 2 2 0
665.024 0.238095 0.238095 2 2 0
665.524 0.238095 0.238095 2 2 0
666.024 0.238095 0.238095 2 2 0
666.524 0.238095 0.238095 2 2 0
667.024 0.238095 0.238095 2 2 0
667.524 0.238095 0.238095 2 2 0
60 0.188145 0.188145 2 1 0
59.96 0.188065 0.188065 1 1 0
59.92 0.187985 0.187985 1 1 0
59.84 0.187826 0.187826 1 1 0
59.68 0.187509 0.187509 1 1 0
59.36 0.186879 0.186879 1 1 0
58.86 0.185903 0.185903 1 1 0
58.36 0.184937 0.184937 1 1 0
57.86 0.183983 0.183983 1 1 0
57.36 0.18304 0.18304 1 1 0
56.86 0.182107 0.182107 1 1 0
56.36 0.181185 0.181185 1 1 0
55.86 0.180273 0.180273 1 1 0
55.36 0.179372 0.179372 1 1 0
54.86 0.178481 0.178481 1 1 0
54.3601 0.1776 0.1776 1 1 0
53.8601 0.176729 0.176729 1 1 0
53.3601 0.175869 0.175869 1 1 0
52.8601 0.175018 0.175018 1 1 0
52.3601 0.174177 0.174177 1 1 0
51.8601 0.173345 0.173345 1 1 0
51.3601 0.172523 0.172523 1 1 0
50.8601 0.171711 0.171711 1 1 0
50.3601 0.170908 0.170908 1 1 0
49.8601 0.170114 0.170114 1 1 0
49.3601 0.16933 0.16933 1 1 0
48.8601 0.168554 0.168554 1 1 0
48.3601 0.167788 0.167788 1 1 0
47.8601 0.16703 0.16703 1 1 0
47.3601 0.166281 0.166281 1 1 0
46.8601 0.165541 0.165541 1 1 0
46.3601 0.164809 0.164809 1 1 0
45.8601 0.164085 0.164085 1 1 0
45.3601 0.163371 0.163371 1 1 0
44.8601 0.162664 0.162664 1 1 0
44.3601 0.161965 0.161965 1 1 0
43.8601 0.161275 0.161275 1 1 0
43.3601 0.160592 0.160592 1 1 0
42.8601 0.159918 0.159918 1 1 0
42.3602 0.159251 0.159251 1 1 0
41.8602 0.158592 0.158592 1 1 0
41.3602 0.15794 0.15794 1 1 0
40.8602 0.157296 0.157296 1 1 0
40.3602 0.156659 0.156659 1 1 0
39.8602 0.15603 0.15603 1 1 0
39.3602 0.155407 0.155407 1 1 0
38.8602 0.154792 0.154792 1 1 0
38.3602 0.154184 0.154184 1 1 0
37.8602 0.153583 0.153583 1 1 0
37.3602 0.152989 0.152989 1 1 0
36.8602 0.152402 0.152402 1 1 0
36.3602 0.151821 0.151821 1 1 0
35.8602 0.151247 0.151247 1 1 0
35.3602 0.150679 0.150679 1 1 0
34.8602 0.150118 0.150118 1 1 0
34.3602 0.149563 0.149563 1 1 0
33.8602 0.149014 0.149014 1 1 0
33.3602 0.148472 0.148472 1 1 0
32.8602 0.147935 0.147935 1 1 0
32.3602 0.147405 0.147405 1 1 0
31.8602 0.146881 0.146881 1 1 0
31.3602 0.146362 0.146362 1 1 0
30.8602 0.145849 0.145849 1 1 0
30.3602 0.145342 0.145342 1 1 0
29.8602 0.144841 0.144841 1 1 0
29.3602 0.144345 0.144345 1 1 0
28.8602 0.143855 0.143855 1 1 0
28.3602 0.14337 0.14337 1 1 0
27.8602 0.14289 0.14289 1 1 0
27.3602 0.142416 0.142416 1 1 0
26.8603 0.141947 0.141947 1 1 0
26.3603 0.141483 0.141483 1 1 0
25.8603 0.141024 0.141024 1 1 0
25.3603 0.140571 0.140571 1 1 0
24.8603 0.140122 0.140122 1 1 0
24.3603 0.139678 0.139678 1 1 0
23.8603 0.139238 0.139238 1 1 0
23.3603 0.138804 0.138804 1 1 0
22.8603 0.138374 0.138374 1 1 0
22.3603 0.137949 0.137949 1 1 0
21.8603 0.137528 0.137528 1 1 0
21.3603 0.137112 0.137112 1 1 0
20.8603 0.136701 0.136701 1 1 0
20.3603 0.136293 0.136293 1 1 0
19.8603 0.13589 0.13589 1 1 0
19.3603 0.135491 0.135491 1 1 0
18.8603 0.135097 0.135097 1 1 0
18.3603 0.134707 0.134707 1 1 0
17.8603 0.13432 0.13432 1 1 0
17.3603 0.133938 0.133938 1 1 0
16.8603 0.13356 0.13356 1 1 0
16.3603 0.133185 0.133185 1 1 0
15.8603 0.132815 0.132815 1 1 0
15.3603 0.132448 0.132448 1 1 0
14.8603 0.132085 0.132085 1 1 0
14.3603 0.131726 0.131726 1 1 0
13.8603 0.131371 0.131371 1 1 0
13.3603 0.131019 0.131019 1 1 0
12.8603 0.130671 0.130671 1 1 0
12.3603 0.130326 0.130326 1 1 0
11.8603 0.129985 0.129985 1 1 0
11.3603 0.129647 0.129647 1 1 0
10.8603 0.129313 0.129313 1 1 0
10.3603 0.128982 0.128982 1 1 0
9.86033 0.128654 0.128654 1 1 0
9.36033 0.128329 0.128329 1 1 0
8.86034 0.128008 0.128008 1 1 0
8.36034 0.12769 0.12769 1 1 0
7.86034 0.127375 0.127375 1 1 0
7.36034 0.127063 0.127063 1 1 0
6.86034 0.126755 0.126755 1 1 0
6.36035 0.126449 0.126449 1 1 0
5.86035 0.126146 0.126146 1 1 0
5.36035 0.125846 0.125846 1 1 0
4.86035 0.125549 0.125549 1 1 0
4.36035 0.125255 0.125255 1 1 0
3.86035 0.124964 0.124964 1 1 0
3.36036 0.124676 0.124676 1 1 0
2.86036 0.12439 0.12439 1 1 0
2.36036 0.124107 0.124107 1 1 0
1.86036 0.123827 0.123827 1 1 0
1.36036 0.123549 0.123549 1 1 0
0.860365 0.123274 0.123274 1 1 0
0.360366 0.123002 0.123002 1 1 0
-0.139632 0.122732 0.122732 1 1 0
247.464 0.238095 0.238095 4 37 0
245.222 0.245341 0.230347 4 37 0
245.221 0.245341 0.230347 4 37 0
245.177 0.24541 0.230264 4 37 0
245.089 0.245551 0.230101 4 37 0
244.913 0.245827 0.229783 4 37 0
244.562 0.246353 0.229169 4 37 0
244.062 0.247054 0.228344 4 37 0
243.562 0.247712 0.227563 4 37 0
243.062 0.248347 0.226816 4 37 0
242.562 0.248946 0.226096 4 37 0
242.062 0.249521 0.225399 4 37 0
241.562 0.250074 0.224722 4 37 0
241.062 0.250613 0.224057 4 37 0
240.562 0.251138 0.223401 4 37 0
240.062 0.251643 0.22276 4 37 0
239.562 0.252145 0.222123 4 37 0
239.062 0.252638 0.221495 4 37 0
238.562 0.253119 0.220879 4 37 0
238.062 0.253596 0.220269 4 37 0
237.562 0.254068 0.219664 4 37 0
237.062 0.254517 0.219045 4 37 0
236.562 0.254979 0.218445 4 37 0
236.062 0.255436 0.217848 4 37 0
235.562 0.255896 0.217242 4 37 0
235.062 0.256343 0.216644 4 37 0
234.562 0.256787 0.216047 4 37 0
234.062 0.257245 0.21546 4 37 0
233.562 0.257687 0.214868 4 37 0
233.062 0.258127 0.214276 4 37 0
232.562 0.258567 0.21369 4 37 0
232.062 0.259006 0.213097 4 37 0
231.562 0.259444 0.212493 4 37 0
231.062 0.259868 0.211882 4 37 0
230.562 0.260307 0.211275 4 37 0
230.062 0.260747 0.210665 4 37 0
229.562 0.261167 0.210063 4 37 0
229.062 0.261603 0.209447 4 37 0
228.562 0.26204 0.208828 4 37 0
228.062 0.262502 0.208231 4 37 0
227.562 0.262943 0.207604 4 37 0
227.062 0.263385 0.206973 4 37 0
226.562 0.263846 0.206347 4 37 0
226.062 0.264293 0.205707 4 37 0
225.562 0.264742 0.205062 4 37 0
225.062 0.265186 0.204399 4 37 0
224.562 0.265642 0.20375 4 37 0
224.062 0.266102 0.203097 4 37 0
223.562 0.266573 0.202442 4 37 0
223.062 0.267037 0.201779 4 37 0
222.562 0.267504 0.20111 4 37 0
222.062 0.267974 0.200424 4 37 0
221.562 0.268449 0.199732 4 37 0
221.062 0.268928 0.199033 4 37 0
220.562 0.26941 0.198322 4 37 0
220.062 0.269897 0.19761 4 37 0
219.562 0.270389 0.196891 4 37 0
219.062 0.270886 0.196164 4 37 0
218.562 0.271388 0.195428 4 37 0
218.062 0.271895 0.194684 4 37 0
217.562 0.272412 0.193931 4 37 0
217.062 0.272931 0.193169 4 37 0
216.562 0.273456 0.192397 4 37 0
216.062 0.27399 0.191617 4 37 0
215.562 0.27453 0.190825 4 37 0
215.062 0.275077 0.190022 4 37 0
214.562 0.275623 0.189193 4 37 0
214.062 0.276188 0.188365 4 37 0
213.562 0.276761 0.18752 4 37 0
213.062 0.277314 0.186642 4 37 0
212.562 0.277908 0.18577 4 37 0
212.062 0.278512 0.184884 4 37 0
211.562 0.279046 0.183965 4 37 0
211.062 0.279675 0.183029 4 37 0
210.562 0.280316 0.182074 4 37 0
210.062 0.280967 0.1811 4 37 0
209.562 0.28162 0.180106 4 37 0
209.062 0.282288 0.17909 4 37 0
208.562 0.283084 0.178049 4 37 0
208.062 0.283792 0.176986 4 37 0
207.562 0.284519 0.175897 4 37 0
207.062 0.285277 0.174777 4 37 0
206.562 0.286049 0.173623 4 37 0
206.062 0.286844 0.172433 4 37 0
205.562 0.287527 0.171221 4 37 0
205.062 0.288366 0.16994 4 37 0
204.562 0.289249 0.16861 4 37 0
204.062 0.290178 0.167237 4 37 0
203.562 0.291133 0.165783 4 37 0
203.062 0.292181 0.164253 4 37 0
202.562 0.293426 0.162674 4 37 0
202.062 0.294594 0.160929 4 37 0
201.562 0.295864 0.159038 4 37 0
201.062 0.297291 0.156938 4 37 0
200.562 0.298949 0.154566 4 37 0
200.062 0.300983 0.15168 4 37 0
199.562 0.303999 0.147382 4 37 0
199.437 0.30541 0.145438 4 37 0
199.403 0.306066 0.144539 4 37 0
199.384 0.306675 0.14366 4 37 0
199.381 0.306873 0.143393 4 37 0
199.381 0.307003 0.143219 4 37 0
199.38 0.307073 0.143084 4 37 0
199.38 0.307158 0.14297 3 37 0
199.381 0.307268 0.142824 3 37 0
199.382 0.30742 0.142647 3 37 0
199.383 0.307545 0.14248 3 37 0
199.386 0.307682 0.142297 3 37 0
199.39 0.307861 0.142096 3 37 0
199.395 0.308047 0.141848 3 37 0
199.403 0.308268 0.141552 3 37 0
199.416 0.308524 0.141187 3 37 0
199.434 0.308848 0.140758 3 37 0
199.463 0.309242 0.140238 3 37 0
199.505 0.309716 0.139604 3 37 0
199.568 0.310297 0.138844 3 37 0
199.663 0.311002 0.137925 3 37 0
199.805 0.311853 0.136824 3 37 0
200.018 0.312899 0.135489 3 37 0
200.339 0.314166 0.133889 3 37 0
200.819 0.3157 0.131999 3 37 0
201.319 0.317049 0.130377 3 37 0
201.819 0.318223 0.128985 3 37 0
202.319 0.319256 0.127725 3 37 0
202.819 0.320208 0.126615 3 37 0
203.319 0.321089 0.1256 3 37 0
203.819 0.321973 0.12466 3 37 0
204.319 0.322759 0.123786 3 37 0
204.819 0.323503 0.122965 3 37 0
205.319 0.32426 0.122191 3 37 0
205.819 0.324946 0.121457 3 37 0
206.319 0.325605 0.120759 3 37 0
206.819 0.32628 0.120101 3 37 0
207.319 0.326899 0.119464 3 37 0
207.819 0.327498 0.118853 3 37 0
208.319 0.328088 0.118273 3 37 0
208.819 0.328653 0.117707 3 37 0
209.319 0.329202 0.117161 3 37 0
209.819 0.32977 0.11661 3 37 0
210.319 0.330323 0.116097 3 37 0
210.819 0.330862 0.1156 3 37 0
211.319 0.331411 0.115107 3 37 0
211.819 0.331924 0.114636 3 37 0
212.319 0.332426 0.114178 3 37 0
212.819 0.332888 0.113759 3 37 0
213.319 0.333378 0.113326 3 37 0
213.819 0.333859 0.112905 3 37 0
214.319 0.334298 0.112535 3 37 0
214.819 0.334767 0.112127 3 37 0
215.319 0.335228 0.111726 3 37 0
215.819 0.335618 0.111342 3 37 0
216.319 0.33607 0.110957 3 37 0
216.819 0.336516 0.110581 3 37 0
217.319 0.336937 0.11023 3 37 0
217.819 0.337371 0.109873 3 37 0
218.319 0.337799 0.109517 3 37 0
218.819 0.338203 0.109141 3 37 0
219.319 0.338601 0.1088 3 37 0
219.819 0.338995 0.108464 3 37 0
220.319 0.339421 0.108131 3 37 0
220.819 0.339807 0.107808 3 37 0
221.318 0.340188 0.10749 3 37 0
221.818 0.340587 0.10718 3 37 0
222.318 0.340961 0.106872 3 37 0
222.818 0.341333 0.10657 3 37 0
223.318 0.341716 0.106272 3 37 0
223.818 0.342081 0.105979 3 37 0
224.318 0.342458 0.105691 3 37 0
224.818 0.342829 0.105407 3 37 0
225.318 0.343181 0.105128 3 37 0
225.818 0.343532 0.104852 3 37 0
226.318 0.343907 0.104585 3 37 0
226.818 0.344251 0.104317 3 37 0
227.318 0.344591 0.104053 3 37 0
227.818 0.344954 0.103803 3 37 0
228.318 0.345289 0.103545 3 37 0
228.818 0.34562 0.103292 3 37 0
229.318 0.34597 0.103064 3 37 0
229.818 0.346311 0.102816 3 37 0
230.318 0.346648 0.102571 3 37 0
230.818 0.346999 0.102326 3 37 0
231.318 0.34732 0.102093 3 37 0
231.818 0.347638 0.101862 3 37 0
232.318 0.347991 0.101632 3 37 0
232.818 0.34831 0.101401 3 37 0
233.318 0.348627 0.101174 3 37 0
233.818 0.34894 0.100958 3 37 0
234.318 0.349251 0.100736 3 37 0
234.818 0.349559 0.100516 3 37 0
235.318 0.349827 0.100342 3 37 0
235.818 0.350126 0.100134 3 37 0
236.318 0.350422 0.0999287 3 37 0
236.818 0.350739 0.0997238 3 37 0
237.318 0.351031 0.0995231 3 37 0
237.818 0.351322 0.099316 3 37 0
238.318 0.35165 0.0990621 3 37 0
238.818 0.351939 0.0988617 3 37 0
239.318 0.352225 0.0986637 3 37 0
239.818 0.352514 0.0984621 3 37 0
240.318 0.352801 0.0982715 3 37 0
240.318 0.352801 0.0982715 4 37 0
240.338 0.352812 0.0982638 3 37 0
240.378 0.352835 0.0982485 3 37 0
240.458 0.352883 0.0982207 3 37 0
240.578 0.352951 0.0981753 3 37 0
240.818 0.353087 0.0980851 3 37 0
241.298 0.353358 0.0978953 3 37 0
241.798 0.353636 0.0977099 3 37 0
242.298 0.353912 0.0975265 3 37 0
242.798 0.354179 0.0973979 3 37 0
243.298 0.354455 0.0972207 3 37 0
243.798 0.354728 0.0970453 3 37 0
244.298 0.355006 0.0968065 3 37 0
244.798 0.355273 0.0966318 3 37 0
245.298 0.355538 0.0964589 3 37 0
245.798 0.355745 0.0962923 3 37 0
246.298 0.356002 0.0961214 3 37 0
246.798 0.356258 0.0959523 3 37 0
247.298 0.356545 0.0957887 3 37 0
247.798 0.356799 0.0956225 3 37 0
248.298 0.357051 0.0954581 3 37 0
248.798 0.357349 0.0952954 3 37 0
249.298 0.3576 0.095136 3 37 0
249.798 0.357849 0.0949782 3 37 0
250.298 0.358111 0.0948474 3 37 0
250.798 0.358358 0.094694 3 37 0
251.298 0.358603 0.0945422 3 37 0
251.798 0.358839 0.0943961 3 37 0
252.298 0.35908 0.0942473 3 37 0
252.798 0.35932 0.0941 3 37 0
253.298 0.359562 0.0939547 3 37 0
253.798 0.359799 0.0938102 3 37 0
254.298 0.360034 0.0936671 3 37 0
254.798 0.360269 0.0935234 3 37 0
255.298 0.360501 0.093383 3 37 0
255.798 0.360732 0.0932438 3 37 0
256.298 0.360965 0.0931068 3 37 0
256.798 0.361193 0.0929636 3 37 0
257.298 0.361419 0.092821 3 37 0
257.798 0.361643 0.0926848 3 37 0
258.298 0.361866 0.0925447 3 37 0
258.798 0.362088 0.0924059 3 37 0
259.298 0.362294 0.0922806 3 37 0
259.798 0.362513 0.0921509 3 37 0
260.298 0.36273 0.0920162 3 37 0
260.798 0.362971 0.0918561 3 37 0
261.298 0.363194 0.0917289 3 37 0
261.798 0.363415 0.0916028 3 37 0
262.298 0.363641 0.0914864 3 37 0
262.798 0.363854 0.0913566 3 37 0
263.298 0.364065 0.0912279 3 37 0
263.798 0.364275 0.0910728 3 37 0
264.298 0.364484 0.0909474 3 37 0
264.798 0.364691 0.090823 3 37 0
265.298 0.364901 0.0906871 3 37 0
265.798 0.365106 0.0905659 3 37 0
266.298 0.36531 0.0904458 3 37 0
266.798 0.365508 0.0903266 3 37 0
267.298 0.365717 0.0902092 3 37 0
267.798 0.365925 0.0900928 3 37 0
268.298 0.366128 0.0899799 3 37 0
268.798 0.366333 0.0898659 3 37 0
269.298 0.366537 0.0897528 3 37 0
269.798 0.366746 0.0896429 3 37 0
270.298 0.366947 0.089532 3 37 0
270.798 0.367147 0.089422 3 37 0
271.298 0.367345 0.0893184 3 37 0
271.798 0.367543 0.0892107 3 37 0
272.298 0.367739 0.0891039 3 37 0
272.798 0.367951 0.0890027 3 37 0
273.298 0.368145 0.088898 3 37 0
273.798 0.368337 0.0887942 3 37 0
274.298 0.368529 0.0886778 3 37 0
274.798 0.368719 0.0885751 3 37 0
275.298 0.368908 0.0884734 3 37 0
275.798 0.369094 0.0883542 3 37 0
276.298 0.369281 0.0882533 3 37 0
276.798 0.369467 0.0881533 3 37 0
277.298 0.369645 0.0880546 3 37 0
277.798 0.36983 0.0879563 3 37 0
278.298 0.370013 0.0878589 3 37 0
278.798 0.370201 0.0877617 3 37 0
279.298 0.370381 0.0876659 3 37 0
279.798 0.370559 0.087571 3 37 0
280.298 0.37074 0.0874409 3 37 0
280.798 0.370917 0.0873451 3 37 0
281.298 0.371093 0.0872501 3 37 0
281.798 0.37125 0.0871559 3 37 0
282.298 0.371427 0.0870625 3 37 0
282.798 0.371602 0.0869698 3 37 0
283.298 0.371791 0.0869133 3 37 0
283.798 0.371963 0.0868243 3 37 0
284.298 0.372134 0.0867361 3 37 0
284.798 0.372308 0.0865978 3 37 0
285.298 0.372478 0.0865049 3 37 0
285.798 0.372647 0.086413 3 37 0
286.298 0.372808 0.0863608 3 37 0
286.798 0.372976 0.086275 3 37 0
287.298 0.373142 0.08619 3 37 0
287.798 0.373316 0.086056 3 37 0
288.298 0.37348 0.0859688 3 37 0
288.798 0.373644 0.0858827 3 37 0
289.298 0.373792 0.0858522 3 37 0
289.798 0.373955 0.0857706 3 37 0
290.298 0.374118 0.0856897 3 37 0
290.798 0.374283 0.0855998 3 37 0
291.298 0.374444 0.0855115 3 37 0
291.798 0.374603 0.085424 3 37 0
292.298 0.374752 0.0853805 3 37 0
292.798 0.374911 0.0853032 3 37 0
293.298 0.375069 0.085222 3 37 0
293.798 0.375226 0.0851385 3 37 0
294.298 0.375382 0.0850529 3 37 0
294.798 0.375538 0.0849679 3 37 0
295.298 0.375691 0.0848907 3 37 0
295.798 0.375845 0.0848162 3 37 0
296.298 0.375998 0.0847424 3 37 0
296.798 0.376151 0.0846508 3 37 0
297.298 0.376302 0.0845777 3 37 0
297.798 0.376452 0.0845052 3 37 0
298.298 0.376601 0.0844156 3 37 0
298.798 0.37675 0.0843438 3 37 0
299.298 0.376898 0.0842726 3 37 0
299.798 0.377045 0.0841879 3 37 0
300.298 0.377192 0.0841175 3 37 0
300.798 0.377337 0.0840476 3 37 0
301.298 0.377482 0.0839624 3 37 0
301.798 0.377627 0.0838932 3 37 0
302.298 0.37777 0.0838245 3 37 0
302.798 0.377913 0.0837383 3 37 0
303.298 0.378055 0.0836701 3 37 0
303.798 0.378196 0.0836025 3 37 0
304.298 0.378334 0.0835153 3 37 0
304.798 0.378473 0.083448 3 37 0
305.298 0.378612 0.0833813 3 37 0
305.798 0.37874 0.0832949 3 37 0
306.298 0.378877 0.0832284 3 37 0
306.798 0.379013 0.0831624 3 37 0
307.298 0.379135 0.0830902 3 37 0
307.798 0.379269 0.0830251 3 37 0
308.298 0.379403 0.0829605 3 37 0
308.798 0.379549 0.0829148 3 37 0
309.298 0.379682 0.0828523 3 37 0
309.798 0.379813 0.0827903 3 37 0
310.298 0.379948 0.0826761 3 37 0
310.798 0.380079 0.0826125 3 37 0
311.298 0.380209 0.0825494 3 37 0
311.798 0.380343 0.0825219 3 37 0
312.298 0.380472 0.0824617 3 37 0
312.798 0.3806 0.082402 3 37 0
313.298 0.380727 0.0822806 3 37 0
313.798 0.380854 0.0822185 3 37 0
314.298 0.380981 0.0821569 3 37 0
314.798 0.381123 0.0821604 3 37 0
315.298 0.381248 0.0820921 3 37 0
315.798 0.381373 0.0820244 3 37 0
316.298 0.381523 0.0819224 3 37 0
316.798 0.381648 0.0818637 3 37 0
317.298 0.381772 0.0818054 3 37 0
317.798 0.381908 0.0817697 3 37 0
318.298 0.382032 0.081713 3 37 0
318.798 0.382155 0.0816569 3 37 0
319.298 0.382283 0.0816009 3 37 0
319.798 0.382405 0.0815376 3 37 0
320.298 0.382527 0.0814747 3 37 0
320.798 0.382651 0.0814066 3 37 0
321.298 0.382772 0.0813513 3 37 0
321.798 0.382892 0.0812964 3 37 0
322.298 0.383008 0.0812222 3 37 0
322.798 0.383127 0.0811672 3 37 0
323.298 0.383245 0.0811126 3 37 0
323.798 0.383307 0.081022 3 37 0
324.298 0.383424 0.0809664 3 37 0
324.798 0.38354 0.0809111 3 37 0
325.298 0.383711 0.0809021 3 37 0
325.798 0.383827 0.0808497 3 37 0
326.298 0.383942 0.0807977 3 37 0
326.798 0.384015 0.0806924 3 37 0
327.298 0.384128 0.0806391 3 37 0
327.798 0.384241 0.0805862 3 37 0
328.298 0.384412 0.0805844 3 37 0
328.798 0.384526 0.0805301 3 37 0
329.298 0.384638 0.0804733 3 37 0
329.798 0.384712 0.0803605 3 37 0
330.298 0.384826 0.080308 3 37 0
330.798 0.384939 0.0802559 3 37 0
331.298 0.385078 0.0802636 3 37 0
331.798 0.385188 0.0802078 3 37 0
332.298 0.385297 0.0801525 3 37 0
332.798 0.38536 0.0800495 3 37 0
333.298 0.385472 0.0799988 3 37 0
333.798 0.385583 0.0799485 3 37 0
334.298 0.385739 0.0799596 3 37 0
334.798 0.385846 0.0799114 3 37 0
335.298 0.385953 0.0798577 3 37 0
335.798 0.386035 0.0797627 3 37 0
336.298 0.38614 0.0797146 3 37 0
336.798 0.386245 0.0796667 3 37 0
337.298 0.386385 0.0796398 3 37 0
337.798 0.38649 0.0795931 3 37 0
337.798 0.38649 0.0795931 4 37 0
337.818 0.386494 0.0795918 3 37 0
337.848 0.3865 0.0795896 3 37 0
337.893 0.386502 0.0795693 3 37 0
337.961 0.386516 0.0795632 3 37 0
338.062 0.386537 0.079554 3 37 0
338.214 0.386577 0.0795441 3 37 0
338.442 0.386625 0.079523 3 37 0
338.784 0.386696 0.0794914 3 37 0
339.284 0.386795 0.0794381 3 37 0
339.784 0.386898 0.079392 3 37 0
340.284 0.387001 0.0793461 3 37 0
340.784 0.387109 0.0792979 3 37 0
341.284 0.387211 0.0792525 3 37 0
341.784 0.387312 0.0792073 3 37 0
342.284 0.387413 0.0791564 3 37 0
342.784 0.387514 0.0791116 3 37 0
343.284 0.387614 0.0790671 3 37 0
343.784 0.387716 0.0790182 3 37 0
344.284 0.387816 0.0789741 3 37 0
344.784 0.387915 0.0789302 3 37 0
345.284 0.388015 0.0788818 3 37 0
345.784 0.388113 0.0788383 3 37 0
346.284 0.388211 0.0787951 3 37 0
346.784 0.38831 0.0787474 3 37 0
347.284 0.388407 0.0787046 3 37 0
347.784 0.388504 0.078662 3 37 0
348.284 0.388601 0.0786151 3 37 0
348.784 0.388698 0.0785728 3 37 0
349.284 0.388793 0.0785308 3 37 0
349.784 0.38889 0.0784846 3 37 0
350.284 0.388985 0.078443 3 37 0
350.784 0.389079 0.0784015 3 37 0
351.284 0.389175 0.078356 3 37 0
351.784 0.389269 0.0783149 3 37 0
352.284 0.389362 0.0782741 3 37 0
352.784 0.389456 0.0782291 3 37 0
353.284 0.389549 0.0781886 3 37 0
353.784 0.389641 0.0781484 3 37 0
354.284 0.389735 0.078104 3 37 0
354.784 0.389826 0.0780641 3 37 0
355.284 0.389918 0.0780244 3 37 0
355.784 0.39001 0.0779805 3 37 0
356.284 0.3901 0.0779411 3 37 0
356.784 0.390191 0.077902 3 37 0
357.284 0.390282 0.0778587 3 37 0
357.784 0.390371 0.0778198 3 37 0
358.284 0.390461 0.0777812 3 37 0
358.784 0.39055 0.0777383 3 37 0
359.284 0.390639 0.0777 3 37 0
359.784 0.390727 0.0776619 3 37 0
360.284 0.390816 0.0776195 3 37 0
360.784 0.390904 0.0775816 3 37 0
361.284 0.390991 0.077544 3 37 0
361.784 0.391078 0.0775018 3 37 0
362.284 0.391165 0.0774645 3 37 0
362.784 0.391252 0.0774273 3 37 0
363.284 0.391337 0.0773854 3 37 0
363.784 0.391423 0.0773485 3 37 0
364.284 0.391509 0.0773119 3 37 0
364.784 0.391592 0.0772695 3 37 0
365.284 0.391677 0.0772331 3 37 0
365.784 0.391762 0.0771968 3 37 0
366.284 0.391841 0.0771536 3 37 0
366.784 0.391925 0.0771176 3 37 0
367.284 0.392008 0.0770818 3 37 0
367.784 0.392096 0.077042 3 37 0
368.284 0.392179 0.0770064 3 37 0
368.784 0.392261 0.076971 3 37 0
369.284 0.392353 0.0769385 3 37 0
369.784 0.392435 0.0769035 3 37 0
370.284 0.392516 0.0768686 3 37 0
370.784 0.392596 0.0768328 3 37 0
371.284 0.392677 0.0767983 3 37 0
371.784 0.392758 0.0767639 3 37 0
372.284 0.392841 0.0767271 3 37 0
372.784 0.392921 0.076693 3 37 0
373.284 0.393001 0.076659 3 37 0
373.784 0.393083 0.0766238 3 37 0
374.284 0.393163 0.0765901 3 37 0
374.784 0.393242 0.0765566 3 37 0
375.284 0.393322 0.0765219 3 37 0
375.784 0.393401 0.0764887 3 37 0
376.284 0.393479 0.0764556 3 37 0
376.784 0.393559 0.0764211 3 37 0
377.284 0.393637 0.0763883 3 37 0
377.784 0.393714 0.0763557 3 37 0
378.284 0.393793 0.0763216 3 37 0
378.784 0.39387 0.0762892 3 37 0
379.284 0.393947 0.076257 3 37 0
379.784 0.394025 0.0762234 3 37 0
380.284 0.394101 0.0761914 3 37 0
380.784 0.394177 0.0761596 3 37 0
381.284 0.394254 0.0761264 3 37 0
381.784 0.39433 0.0760949 3 37 0
382.284 0.394405 0.0760635 3 37 0
382.784 0.394481 0.0760307 3 37 0
383.284 0.394556 0.0759995 3 37 0
383.784 0.394631 0.0759685 3 37 0
384.284 0.394706 0.0759361 3 37 0
384.784 0.39478 0.0759054 3 37 0
385.284 0.394854 0.0758747 3 37 0
385.784 0.394928 0.0758428 3 37 0
386.284 0.395002 0.0758124 3 37 0
386.784 0.395075 0.0757821 3 37 0
387.284 0.395149 0.0757505 3 37 0
387.784 0.395221 0.0757205 3 37 0
388.284 0.395294 0.0756906 3 37 0
388.784 0.395367 0.0756595 3 37 0
389.284 0.395439 0.0756298 3 37 0
389.784 0.39551 0.0756003 3 37 0
390.284 0.395582 0.0755695 3 37 0
390.784 0.395654 0.0755402 3 37 0
391.284 0.395725 0.075511 3 37 0
391.784 0.395796 0.0754806 3 37 0
392.284 0.395867 0.0754516 3 37 0
392.784 0.395937 0.0754228 3 37 0
393.284 0.396008 0.0753928 3 37 0
393.784 0.396078 0.0753642 3 37 0
394.284 0.396147 0.0753357 3 37 0
394.784 0.396217 0.0753061 3 37 0
395.284 0.396287 0.0752778 3 37 0
395.784 0.396356 0.0752496 3 37 0
396.284 0.396425 0.0752203 3 37 0
396.784 0.396493 0.0751924 3 37 0
397.284 0.396562 0.0751645 3 37 0
397.784 0.39663 0.0751356 3 37 0
398.284 0.396698 0.075108 3 37 0
398.784 0.396766 0.0750805 3 37 0
399.284 0.396834 0.0750519 3 37 0
399.784 0.396901 0.0750246 3 37 0
400.284 0.396968 0.0749974 3 37 0
400.784 0.397035 0.0749692 3 37 0
401.284 0.397102 0.0749422 3 37 0
401.784 0.397169 0.0749153 3 37 0
402.284 0.397235 0.0748875 3 37 0
402.784 0.397301 0.0748608 3 37 0
403.284 0.397367 0.0748342 3 37 0
403.784 0.397433 0.0748067 3 37 0
404.284 0.397498 0.0747802 3 37 0
404.784 0.397564 0.0747539 3 37 0
405.284 0.397629 0.0747268 3 37 0
405.784 0.397694 0.0747007 3 37 0
406.284 0.397758 0.0746746 3 37 0
406.784 0.397823 0.0746478 3 37 0
407.284 0.397887 0.074622 3 37 0
407.784 0.397951 0.0745962 3 37 0
408.284 0.398015 0.0745697 3 37 0
408.784 0.398079 0.0745442 3 37 0
409.284 0.398143 0.0745187 3 37 0
409.784 0.398206 0.0744925 3 37 0
410.284 0.398269 0.0744672 3 37 0
410.784 0.398332 0.0744421 3 37 0
411.284 0.398395 0.0744162 3 37 0
411.784 0.398457 0.0743912 3 37 0
412.284 0.39852 0.0743663 3 37 0
412.784 0.398582 0.0743407 3 37 0
413.284 0.398644 0.0743159 3 37 0
413.784 0.398706 0.0742913 3 37 0
414.284 0.398767 0.074266 3 37 0
414.784 0.398829 0.0742415 3 37 0
415.284 0.39889 0.0742172 3 37 0
415.784 0.398951 0.0741921 3 37 0
416.284 0.399012 0.0741679 3 37 0
416.784 0.399073 0.0741438 3 37 0
417.284 0.399133 0.074119 3 37 0
417.784 0.399194 0.0740951 3 37 0
418.284 0.399254 0.0740712 3 37 0
418.784 0.399314 0.0740467 3 37 0
419.284 0.399374 0.074023 3 37 0
419.784 0.399433 0.0739994 3 37 0
420.284 0.399493 0.0739751 3 37 0
420.784 0.399552 0.0739517 3 37 0
421.284 0.399611 0.0739284 3 37 0
421.784 0.39967 0.0739043 3 37 0
422.284 0.399729 0.0738811 3 37 0
422.784 0.399788 0.073858 3 37 0
423.284 0.399846 0.0738342 3 37 0
423.784 0.399904 0.0738112 3 37 0
424.284 0.399962 0.0737884 3 37 0
424.784 0.40002 0.0737647 3 37 0
425.284 0.400078 0.073742 3 37 0
425.784 0.400136 0.0737194 3 37 0
426.284 0.400193 0.0736958 3 37 0
426.784 0.40025 0.0736734 3 37 0
427.284 0.400307 0.073651 3 37 0
427.784 0.400364 0.0736275 3 37 0
428.284 0.400421 0.0736053 3 37 0
428.784 0.400478 0.0735832 3 37 0
429.284 0.400534 0.0735597 3 37 0
429.784 0.40059 0.0735377 3 37 0
430.284 0.400646 0.0735159 3 37 0
430.784 0.400702 0.0734921 3 37 0
431.284 0.400758 0.0734704 3 37 0
431.784 0.400814 0.0734488 3 37 0
432.284 0.400868 0.0734244 3 37 0
432.784 0.400923 0.0734029 3 37 0
433.284 0.400978 0.0733815 3 37 0
433.784 0.401033 0.0733567 3 37 0
434.284 0.401088 0.0733355 3 37 0
434.284 0.401088 0.0733355 4 37 0
434.304 0.401091 0.0733344 3 37 0
434.334 0.401094 0.073333 3 37 0
434.379 0.401103 0.0733307 3 37 0
434.446 0.401111 0.0733277 3 37 0
434.547 0.401122 0.0733233 3 37 0
434.699 0.401141 0.0733219 3 37 0
434.927 0.401166 0.0733122 3 37 0
435.269 0.401203 0.0732978 3 37 0
435.769 0.401249 0.073281 3 37 0
436.269 0.401303 0.07326 3 37 0
436.769 0.401358 0.0732391 3 37 0
437.269 0.401417 0.0732187 3 37 0
437.769 0.401471 0.0731979 3 37 0
438.269 0.401525 0.0731772 3 37 0
438.769 0.401572 0.0731547 3 37 0
439.269 0.401625 0.0731341 3 37 0
439.769 0.401679 0.0731136 3 37 0
440.269 0.401737 0.0730875 3 37 0
440.769 0.40179 0.0730673 3 37 0
441.269 0.401843 0.0730471 3 37 0
441.769 0.401897 0.0730253 3 37 0
442.269 0.40195 0.0730052 3 37 0
442.769 0.402002 0.0729852 3 37 0
443.269 0.402057 0.0729696 3 37 0
443.769 0.402109 0.0729498 3 37 0
444.269 0.402161 0.07293 3 37 0
444.769 0.402205 0.0729151 3 37 0
445.269 0.402257 0.0728954 3 37 0
445.769 0.402308 0.0728757 3 37 0
446.269 0.402364 0.0728559 3 37 0
446.769 0.402416 0.0728363 3 37 0
447.269 0.402467 0.0728168 3 37 0
447.769 0.402515 0.0727957 3 37 0
448.269 0.402567 0.0727763 3 37 0
448.769 0.402618 0.072757 3 37 0
449.269 0.402671 0.0727371 3 37 0
449.769 0.402722 0.072718 3 37 0
450.269 0.402772 0.0726989 3 37 0
450.769 0.402819 0.0726809 3 37 0
451.269 0.40287 0.0726619 3 37 0
451.769 0.40292 0.0726429 3 37 0
452.269 0.402971 0.0726246 3 37 0
452.769 0.403021 0.0726058 3 37 0
453.269 0.403071 0.072587 3 37 0
453.769 0.403118 0.0725689 3 37 0
454.269 0.403168 0.0725503 3 37 0
454.769 0.403217 0.0725317 3 37 0
455.269 0.403268 0.0725132 3 37 0
455.769 0.403317 0.0724947 3 37 0
456.269 0.403366 0.0724763 3 37 0
456.769 0.403412 0.072458 3 37 0
457.269 0.403461 0.0724397 3 37 0
457.769 0.40351 0.0724215 3 37 0
458.269 0.40356 0.0724032 3 37 0
458.769 0.403608 0.0723852 3 37 0
459.269 0.403657 0.0723672 3 37 0
459.769 0.403704 0.0723511 3 37 0
460.269 0.403752 0.0723332 3 37 0
460.769 0.4038 0.0723154 3 37 0
461.269 0.403845 0.0722994 3 37 0
461.769 0.403893 0.0722817 3 37 0
462.269 0.40394 0.0722639 3 37 0
462.769 0.403988 0.0722465 3 37 0
463.269 0.404036 0.0722289 3 37 0
463.769 0.404083 0.0722113 3 37 0
464.269 0.404129 0.0721932 3 37 0
464.769 0.404176 0.0721758 3 37 0
465.269 0.404223 0.0721584 3 37 0
465.769 0.40427 0.0721408 3 37 0
466.269 0.404317 0.0721235 3 37 0
466.769 0.404364 0.0721063 3 37 0
467.269 0.404409 0.0720899 3 37 0
467.769 0.404455 0.0720728 3 37 0
468.269 0.404501 0.0720557 3 37 0
468.769 0.404547 0.0720397 3 37 0
469.269 0.404593 0.0720228 3 37 0
469.769 0.404639 0.0720059 3 37 0
470.269 0.404683 0.0719899 3 37 0
470.769 0.404729 0.0719731 3 37 0
471.269 0.404775 0.0719563 3 37 0
471.769 0.40482 0.0719401 3 37 0
472.269 0.404865 0.0719234 3 37 0
472.769 0.404911 0.0719068 3 37 0
473.269 0.404954 0.0718907 3 37 0
473.769 0.405 0.0718742 3 37 0
474.269 0.405045 0.0718577 3 37 0
474.769 0.405089 0.0718417 3 37 0
475.269 0.405134 0.0718254 3 37 0
475.769 0.405179 0.0718091 3 37 0
476.269 0.405222 0.0717932 3 37 0
476.769 0.405266 0.0717771 3 37 0
477.269 0.40531 0.071761 3 37 0
477.769 0.405354 0.0717451 3 37 0
478.269 0.405399 0.0717291 3 37 0
478.769 0.405443 0.0717132 3 37 0
479.269 0.405485 0.0716973 3 37 0
479.769 0.405529 0.0716815 3 37 0
480.269 0.405573 0.0716657 3 37 0
480.769 0.405616 0.0716494 3 37 0
481.269 0.40566 0.0716338 3 37 0
481.769 0.405703 0.0716182 3 37 0
482.269 0.405745 0.0716012 3 37 0
482.769 0.405789 0.0715857 3 37 0
483.269 0.405832 0.0715704 3 37 0
483.769 0.405877 0.0715513 3 37 0
484.269 0.40592 0.0715361 3 37 0
484.769 0.405963 0.071521 3 37 0
485.269 0.405988 0.0715023 3 37 0
485.769 0.406031 0.0714873 3 37 0
486.269 0.406073 0.0714723 3 37 0
486.769 0.406106 0.07148 3 37 0
487.269 0.406152 0.0714669 3 37 0
487.769 0.406197 0.0714538 3 37 0
488.269 0.406242 0.0714176 3 37 0
488.769 0.406284 0.0714025 3 37 0
489.269 0.406326 0.0713876 3 37 0
489.769 0.406365 0.0713857 3 37 0
490.269 0.406408 0.0713717 3 37 0
490.769 0.40645 0.0713579 4 37 0
491.269 0.406487 0.0713254 4 37 0
491.769 0.406528 0.0713107 4 37 0
492.269 0.406569 0.0712961 4 37 0
492.769 0.40659 0.0712999 4 37 0
493.269 0.40663 0.0712848 4 37 0
493.769 0.406671 0.0712698 4 37 0
494.269 0.406746 0.0712556 4 37 0
494.769 0.406786 0.0712422 4 37 0
495.269 0.406827 0.0712289 4 37 0
495.769 0.40685 0.0712033 4 37 0
496.269 0.406891 0.0711892 4 37 0
496.769 0.406932 0.0711751 4 37 0
497.269 0.40698 0.071171 4 37 0
497.769 0.407022 0.0711589 4 37 0
498.269 0.407064 0.0711468 4 37 0
498.769 0.407107 0.0711111 3 37 0
499.269 0.407147 0.0710972 3 37 0
499.769 0.407187 0.0710833 3 37 0
500.269 0.407231 0.0710761 3 37 0
500.769 0.407271 0.0710624 3 37 0
501.269 0.407311 0.0710487 3 37 0
501.769 0.40732 0.0710381 4 37 0
502.269 0.407359 0.0710247 4 37 0
502.769 0.407399 0.0710114 4 37 0
503.269 0.407441 0.071005 4 37 0
503.769 0.407484 0.0709938 4 37 0
504.269 0.407527 0.0709827 4 37 0
504.769 0.407595 0.0709497 3 37 0
505.269 0.407634 0.0709363 3 37 0
505.769 0.407673 0.070923 3 37 0
506.269 0.407667 0.0709273 4 37 0
506.769 0.407706 0.0709134 4 37 0
507.269 0.407746 0.0708995 4 37 0
507.769 0.407809 0.0708887 4 37 0
508.269 0.407848 0.070876 4 37 0
508.769 0.407886 0.0708623 4 37 0
509.269 0.407918 0.0708473 4 37 0
509.769 0.407956 0.070834 4 37 0
510.269 0.407994 0.0708208 4 37 0
510.769 0.408041 0.0708072 4 37 0
511.269 0.408079 0.0707948 4 37 0
511.769 0.408116 0.0707825 4 37 0
512.269 0.408151 0.0707653 4 37 0
512.769 0.408189 0.0707526 4 37 0
513.269 0.408227 0.0707399 4 37 0
513.769 0.408261 0.0707311 4 37 0
514.269 0.408298 0.0707195 4 37 0
514.769 0.408335 0.070708 4 37 0
515.269 0.40839 0.0706826 4 37 0
515.769 0.408428 0.0706701 4 37 0
516.269 0.408465 0.0706577 3 37 0
516.769 0.408483 0.0706502 4 37 0
517.269 0.408521 0.070638 4 37 0
517.769 0.408558 0.0706257 4 37 0
518.269 0.408572 0.0706161 4 37 0
518.769 0.408613 0.0706073 4 37 0
519.269 0.408654 0.0705986 4 37 0
519.769 0.408728 0.0705663 4 37 0
520.269 0.408764 0.0705542 4 37 0
520.769 0.408801 0.0705422 4 37 0
521.269 0.408838 0.0705458 4 37 0
521.769 0.408875 0.0705342 4 37 0
522.269 0.408911 0.0705226 4 37 0
522.769 0.408908 0.0705075 4 37 0
523.269 0.408944 0.0704954 4 37 0
523.769 0.40898 0.0704834 4 37 0
524.269 0.409024 0.0704735 4 37 0
524.769 0.409058 0.0704635 4 37 0
525.269 0.409092 0.0704534 4 37 0
525.769 0.40916 0.0704212 4 37 0
526.269 0.409196 0.0704096 4 37 0
526.769 0.409232 0.070398 4 37 0
527.269 0.40926 0.0704051 4 37 0
527.769 0.409299 0.0703947 4 37 0
528.269 0.409337 0.0703843 4 37 0
528.769 0.409373 0.0703578 4 37 0
529.269 0.409409 0.070346 4 37 0
529.769 0.409444 0.0703343 4 37 0
530.269 0.409457 0.0703275 4 37 0
530.769 0.409493 0.0703162 4 37 0
530.769 0.409493 0.0703162 4 37 0
530.789 0.409495 0.0703162 3 37 0
530.819 0.409497 0.0703156 3 37 0
530.864 0.409479 0.0702858 4 37 0
530.913 0.409486 0.0702883 4 37 0
530.968 0.409496 0.0702913 4 37 0
531.049 0.409537 0.0702957 4 37 0
531.139 0.409544 0.0702937 4 37 0
531.274 0.409554 0.0702907 4 37 0
531.476 0.409563 0.0702939 3 37 0
531.779 0.409584 0.0702871 3 37 0
532.234 0.409616 0.0702768 3 37 0
532.734 0.409657 0.0702669 3 37 0
533.234 0.409692 0.0702557 3 37 0
533.734 0.409727 0.0702445 3 37 0
534.234 0.409724 0.07024 3 37 0
534.734 0.409758 0.0702294 3 37 0
535.234 0.409792 0.0702189 3 37 0
535.734 0.409858 0.0702015 3 37 0
536.234 0.409893 0.0701905 3 37 0
536.734 0.409927 0.0701795 3 37 0
537.234 0.409948 0.0701701 3 37 0
537.734 0.409983 0.0701592 3 37 0
538.234 0.410018 0.0701484 3 37 0
538.734 0.410058 0.070141 3 37 0
539.234 0.410092 0.0701305 3 37 0
539.734 0.410126 0.0701195 3 37 0
540.234 0.410163 0.0701038 3 37 0
540.734 0.410197 0.0700932 3 37 0
541.234 0.410231 0.0700826 3 37 0
541.734 0.410267 0.0700754 3 37 0
542.234 0.4103 0.0700643 3 37 0
542.734 0.410334 0.0700533 3 37 0
543.234 0.410368 0.0700374 3 37 0
543.734 0.410402 0.0700271 3 37 0
544.234 0.410435 0.0700167 3 37 0
544.734 0.410469 0.0700111 3 37 0
545.234 0.410502 0.070001 3 37 0
545.734 0.410535 0.0699907 3 37 0
546.234 0.410569 0.0699741 3 37 0
546.734 0.410602 0.0699639 3 37 0
547.234 0.410636 0.0699536 3 37 0
547.734 0.410672 0.0699478 3 37 0
548.234 0.410705 0.0699376 3 37 0
548.734 0.410737 0.0699268 3 37 0
549.234 0.410769 0.0699085 3 37 0
549.734 0.410802 0.0698986 3 37 0
550.234 0.410835 0.0698886 3 37 0
550.734 0.410876 0.0698824 4 37 0
551.234 0.410909 0.0698735 4 37 0
551.734 0.410941 0.0698645 4 37 0
552.234 0.410963 0.0698384 4 37 0
552.734 0.410996 0.0698285 4 37 0
553.234 0.411029 0.0698187 4 37 0
553.734 0.411067 0.0698198 4 37 0
554.234 0.411101 0.06981 4 37 0
554.734 0.411134 0.0698002 4 37 0
555.234 0.411146 0.0697995 4 37 0
555.734 0.411178 0.0697898 4 37 0
556.234 0.411209 0.0697787 4 37 0
556.734 0.411257 0.0697567 3 37 0
557.234 0.411289 0.0697469 3 37 0
557.734 0.411322 0.0697371 3 37 0
558.234 0.411355 0.0697283 3 37 0
558.734 0.411387 0.0697187 3 37 0
559.234 0.411419 0.0697092 3 37 0
559.734 0.411439 0.0696993 3 37 0
560.234 0.411471 0.0696899 3 37 0
560.734 0.411503 0.0696805 3 37 0
561.234 0.41154 0.0696721 3 37 0
561.734 0.411571 0.0696626 3 37 0
562.234 0.411603 0.0696531 3 37 0
562.734 0.411635 0.0696413 3 37 0
563.234 0.411667 0.069632 3 37 0
563.734 0.411699 0.0696227 3 37 0
564.234 0.41173 0.0696129 3 37 0
564.734 0.411762 0.0696036 3 37 0
565.234 0.411793 0.0695943 3 37 0
565.734 0.411823 0.0695822 3 37 0
566.234 0.411854 0.0695732 3 37 0
566.734 0.411886 0.0695642 3 37 0
567.234 0.411919 0.0695579 3 37 0
567.734 0.411949 0.0695486 3 37 0
568.234 0.41198 0.0695395 3 37 0
568.734 0.41201 0.0695255 3 37 0
569.234 0.412041 0.0695166 3 37 0
569.734 0.412072 0.0695078 3 37 0
570.234 0.412105 0.069502 3 37 0
570.734 0.412135 0.069493 3 37 0
571.234 0.412166 0.0694837 3 37 0
571.734 0.412193 0.0694696 3 37 0
572.234 0.412223 0.0694609 3 37 0
572.734 0.412254 0.0694522 3 37 0
573.234 0.412291 0.0694462 4 37 0
573.734 0.412321 0.0694377 4 37 0
574.234 0.41235 0.0694292 4 37 0
574.734 0.412374 0.0694119 4 37 0
575.234 0.412404 0.069403 4 37 0
575.734 0.412435 0.0693941 4 37 0
576.234 0.41245 0.0693777 4 37 0
576.734 0.412482 0.069369 4 37 0
577.234 0.412514 0.0693603 4 37 0
577.734 0.412574 0.069357 4 37 0
578.234 0.412605 0.0693484 4 37 0
578.734 0.412635 0.0693398 4 37 0
579.234 0.412626 0.0693389 4 37 0
579.734 0.412655 0.0693304 4 37 0
580.234 0.412684 0.069322 4 37 0
580.734 0.412719 0.0693072 4 37 0
581.234 0.41275 0.0692993 4 37 0
581.734 0.412781 0.0692913 4 37 0
582.234 0.412805 0.0692795 4 37 0
582.734 0.41283 0.069274 4 37 0
583.234 0.412855 0.0692684 4 37 0
583.734 0.412896 0.0692469 4 37 0
584.234 0.412926 0.0692388 4 37 0
584.734 0.412955 0.0692307 4 37 0
585.234 0.412968 0.0692263 3 37 0
585.734 0.412996 0.0692183 3 37 0
586.234 0.413024 0.0692102 3 37 0
586.734 0.413046 0.0692053 4 37 0
587.234 0.413071 0.0691993 4 37 0
587.734 0.413102 0.0691931 4 37 0
588.234 0.41316 0.0691713 4 37 0
588.734 0.413189 0.0691635 4 37 0
589.234 0.413218 0.0691557 4 37 0
589.734 0.413231 0.0691498 4 37 0
590.234 0.413262 0.069142 3 37 0
590.734 0.413292 0.0691339 3 37 0
591.234 0.413328 0.0690974 4 37 0
591.734 0.413361 0.0690913 4 37 0
592.234 0.413392 0.0690855 4 37 0
592.734 0.413418 0.0690934 4 37 0
593.234 0.413446 0.0690857 4 37 0
593.734 0.413475 0.0690781 4 37 0
594.234 0.413535 0.0690446 4 37 0
594.734 0.413568 0.0690401 4 37 0
595.234 0.413599 0.0690361 4 37 0
595.734 0.4136 0.0690423 4 37 0
596.234 0.41363 0.0690343 4 37 0
596.734 0.413659 0.0690263 4 37 0
597.234 0.413682 0.0690267 4 37 0
597.734 0.41371 0.0690191 4 37 0
598.234 0.413738 0.0690114 4 37 0
598.734 0.413767 0.0690009 3 37 0
599.234 0.413796 0.0689936 3 37 0
599.734 0.413825 0.0689863 3 37 0
600.234 0.413863 0.0689818 4 37 0
600.734 0.41389 0.0689747 4 37 0
601.234 0.413917 0.0689676 4 37 0
601.734 0.41392 0.0689481 4 37 0
602.234 0.413948 0.0689409 4 37 0
602.734 0.413976 0.0689338 4 37 0
603.234 0.414032 0.068925 4 37 0
603.734 0.41406 0.0689171 4 37 0
604.234 0.414087 0.0689093 4 37 0
604.734 0.414113 0.068908 4 37 0
605.234 0.414139 0.0689016 4 37 0
605.734 0.414165 0.0688951 4 37 0
606.234 0.414167 0.0688797 4 37 0
606.734 0.414194 0.0688727 4 37 0
607.234 0.414221 0.0688658 4 37 0
607.734 0.414268 0.068862 3 37 0
608.234 0.414297 0.0688544 3 37 0
608.734 0.414325 0.0688468 3 37 0
609.234 0.414354 0.0688437 4 37 0
609.734 0.41438 0.0688369 4 37 0
610.234 0.414406 0.0688301 4 37 0
610.734 0.414412 0.0688117 4 37 0
611.234 0.414439 0.0688049 4 37 0
611.734 0.414466 0.068798 4 37 0
612.234 0.414511 0.0687883 4 37 0
612.734 0.414539 0.0687816 4 37 0
613.234 0.414568 0.0687749 4 37 0
613.734 0.414609 0.0687572 4 37 0
614.234 0.414634 0.068753 4 37 0
614.734 0.414657 0.0687489 4 37 0
615.234 0.414646 0.0687421 4 37 0
615.734 0.414672 0.0687355 4 37 0
616.234 0.414699 0.0687288 4 37 0
616.734 0.414743 0.0687266 3 37 0
617.234 0.414771 0.0687192 3 37 0
617.734 0.414799 0.0687119 3 37 0
618.234 0.414832 0.0687105 3 37 0
618.734 0.414858 0.0687035 3 37 0
619.234 0.414883 0.0686965 3 37 0
619.734 0.4149 0.0686843 4 37 0
620.234 0.414926 0.0686771 4 37 0
620.734 0.414952 0.0686698 4 37 0
621.234 0.414966 0.0686567 4 37 0
621.734 0.414992 0.0686503 4 37 0
622.234 0.415019 0.0686439 4 37 0
622.734 0.415063 0.0686333 4 37 0
623.234 0.415092 0.0686271 4 37 0
623.734 0.41512 0.068621 4 37 0
624.234 0.415133 0.0685907 4 37 0
624.734 0.415164 0.0685812 4 37 0
625.234 0.415193 0.0685719 4 37 0
625.734 0.415224 0.0685944 4 37 0
626.234 0.41525 0.0685878 4 37 0
626.234 0.41525 0.0685878 4 37 0
626.254 0.415252 0.068588 3 37 0
626.284 0.415254 0.0685881 3 37 0
626.329 0.415254 0.0685888 3 37 0
626.397 0.415258 0.0685877 3 37 0
626.498 0.415263 0.0685861 3 37 0
626.65 0.415266 0.0685836 3 37 0
626.878 0.415278 0.0685802 3 37 0
627.219 0.415296 0.0685753 3 37 0
627.719 0.415318 0.0685709 4 37 0
628.219 0.415343 0.068564 4 37 0
628.719 0.415369 0.0685571 4 37 0
629.219 0.415383 0.0685471 4 37 0
629.719 0.415409 0.0685408 4 37 0
630.219 0.415434 0.0685345 4 37 0
630.719 0.415472 0.0685236 4 37 0
631.219 0.415498 0.0685177 4 37 0
631.719 0.415524 0.0685118 4 37 0
632.219 0.415565 0.0685086 4 37 0
632.719 0.415589 0.0685022 4 37 0
633.219 0.415614 0.0684958 4 37 0
633.719 0.415616 0.0684858 4 37 0
634.219 0.415641 0.0684788 4 37 0
634.719 0.415666 0.0684718 4 37 0
635.219 0.415678 0.0684619 4 37 0
635.719 0.415703 0.0684561 4 37 0
636.219 0.415728 0.0684502 4 37 0
636.719 0.415785 0.0684433 4 37 0
637.219 0.415811 0.0684369 4 37 0
637.719 0.415838 0.0684301 4 37 0
638.219 0.415866 0.0684232 4 37 0
638.719 0.41589 0.0684174 4 37 0
639.219 0.415914 0.0684116 4 37 0
639.719 0.415891 0.0683984 4 37 0
640.219 0.415915 0.0683928 4 37 0
640.719 0.41594 0.0683872 4 37 0
641.219 0.416009 0.0683779 4 37 0
641.719 0.416036 0.0683711 4 37 0
642.219 0.416062 0.0683643 4 37 0
642.719 0.416108 0.0683535 4 37 0
643.219 0.416134 0.0683469 4 37 0
643.719 0.416159 0.0683404 3 37 0
644.219 0.416175 0.0683135 4 37 0
644.719 0.416199 0.0683073 4 37 0
645.219 0.416223 0.0683011 4 37 0
645.719 0.416189 0.0683205 4 37 0
646.219 0.416218 0.0683151 4 37 0
646.719 0.416246 0.0683096 4 37 0
647.219 0.416305 0.0682973 4 37 0
647.719 0.416334 0.0682914 4 37 0
648.219 0.416362 0.0682856 4 37 0
648.719 0.416418 0.0682791 4 37 0
649.219 0.416442 0.0682729 4 37 0
649.719 0.416467 0.0682666 4 37 0
650.219 0.416484 0.0682334 4 37 0
650.719 0.416508 0.0682275 4 37 0
651.219 0.416532 0.0682217 4 37 0
651.719 0.416479 0.0682461 4 37 0
652.219 0.416504 0.068241 4 37 0
652.719 0.416532 0.0682359 4 37 0
653.219 0.416589 0.0682313 4 37 0
653.719 0.416613 0.0682251 4 37 0
654.219 0.416637 0.068219 4 37 0
654.719 0.416666 0.0682103 4 37 0
655.219 0.416691 0.0682041 4 37 0
655.719 0.416715 0.0681979 4 37 0
656.219 0.41674 0.0681927 4 37 0
656.719 0.416764 0.0681867 4 37 0
657.219 0.416788 0.0681807 4 37 0
657.719 0.416793 0.0681751 4 37 0
658.219 0.416817 0.068169 4 37 0
658.719 0.416841 0.0681629 4 37 0
659.219 0.416852 0.068158 4 37 0
659.719 0.416875 0.0681518 4 37 0
660.219 0.416899 0.0681456 4 37 0
660.719 0.416931 0.0681404 4 37 0
661.219 0.416955 0.0681343 4 37 0
661.719 0.416978 0.0681282 4 37 0
662.219 0.416997 0.0681228 4 37 0
662.719 0.417021 0.0681168 4 37 0
663.219 0.417045 0.0681108 4 37 0
663.719 0.417065 0.0681017 4 37 0
664.219 0.417089 0.0680954 4 37 0
664.719 0.417112 0.0680891 4 37 0
665.219 0.417136 0.0680834 4 37 0
665.719 0.417164 0.0680783 4 37 0
666.219 0.417191 0.0680725 4 37 0
666.719 0.417215 0.068063 4 37 0
667.219 0.41724 0.0680581 4 37 0
667.719 0.417264 0.0680518 4 37 0
668.219 0.417357 0.0680335 4 37 0
668.719 0.417377 0.0680311 4 37 0
669.219 0.417396 0.068029 4 37 0
669.719 0.417354 0.0680322 4 37 0
670.219 0.417381 0.0680274 4 37 0
670.719 0.417407 0.0680223 4 37 0
671.219 0.41744 0.0680094 4 37 0
671.719 0.417464 0.0680037 4 37 0
672.219 0.417488 0.067998 4 37 0
672.719 0.417506 0.0679977 4 37 0
673.219 0.417529 0.0679922 4 37 0
673.719 0.417551 0.0679867 4 37 0
674.219 0.417581 0.067978 4 37 0
674.719 0.417605 0.0679717 4 37 0
675.219 0.417629 0.0679655 4 37 0
675.719 0.417621 0.0679534 4 37 0
676.219 0.417646 0.0679483 4 37 0
676.719 0.417671 0.0679433 4 37 0
677.219 0.417748 0.0679461 4 37 0
677.719 0.417769 0.0679403 4 37 0
678.219 0.41779 0.0679346 4 37 0
678.719 0.417832 0.0679268 4 37 0
679.219 0.417855 0.0679214 4 37 0
679.719 0.417877 0.067916 4 37 0
680.219 0.417867 0.0678824 4 37 0
680.719 0.417889 0.0678765 4 37 0
681.219 0.417911 0.0678707 4 37 0
681.719 0.417908 0.0678992 4 37 0
682.219 0.417933 0.0678929 4 37 0
682.719 0.417958 0.0678867 4 37 0
683.219 0.417951 0.0678718 4 37 0
683.719 0.417975 0.0678676 4 37 0
684.219 0.417999 0.0678634 4 37 0
684.719 0.418124 0.0678598 4 37 0
685.219 0.418145 0.0678544 4 37 0
685.719 0.418166 0.0678491 4 37 0
686.219 0.418164 0.0678196 4 37 0
686.719 0.418185 0.0678152 4 37 0
687.219 0.418206 0.0678109 4 37 0
687.719 0.418184 0.0678318 4 37 0
688.219 0.418209 0.0678258 4 37 0
688.719 0.418234 0.0678198 4 37 0
689.219 0.418243 0.0678083 4 37 0
689.719 0.418269 0.0678044 4 37 0
690.219 0.418296 0.0678006 4 37 0
690.719 0.418363 0.0678123 4 37 0
691.219 0.418382 0.0678079 4 37 0
691.719 0.4184 0.0678033 4 37 0
692.219 0.418407 0.067778 4 37 0
692.719 0.418427 0.0677732 4 37 0
693.219 0.418448 0.0677684 4 37 0
693.719 0.41845 0.0677662 4 37 0
694.219 0.418475 0.0677605 4 37 0
694.719 0.4185 0.0677548 4 37 0
695.219 0.418508 0.0677462 4 37 0
695.719 0.418534 0.0677425 4 37 0
696.219 0.418559 0.0677374 4 37 0
696.72 0.41864 0.0677405 4 37 0
697.22 0.418657 0.0677391 4 37 0
697.72 0.418672 0.0677376 4 37 0
698.22 0.418651 0.0677198 4 37 0
698.72 0.418675 0.0677147 4 37 0
699.22 0.418699 0.0677096 4 37 0
699.72 0.41874 0.0676925 4 37 0
700.22 0.418762 0.0676871 4 37 0
700.72 0.418783 0.0676818 4 37 0
701.22 0.418727 0.0676808 4 37 0
701.72 0.418746 0.0676767 4 37 0
702.22 0.418766 0.0676728 4 37 0
702.72 0.418883 0.0676665 4 37 0
703.22 0.418905 0.0676615 4 37 0
703.72 0.418927 0.0676565 4 37 0
704.22 0.418948 0.0676624 4 37 0
704.72 0.418968 0.0676576 4 37 0
705.22 0.418988 0.0676528 4 37 0
705.72 0.418971 0.0676411 4 37 0
706.22 0.418991 0.0676364 4 37 0
706.72 0.419011 0.0676316 4 37 0
707.22 0.41903 0.06763 4 37 0
707.72 0.419055 0.0676244 4 37 0
708.22 0.419079 0.0676189 4 37 0
708.72 0.419083 0.0676094 4 37 0
709.22 0.419108 0.067606 4 37 0
709.72 0.419133 0.0676013 4 37 0
710.22 0.419249 0.0675849 4 37 0
710.72 0.419272 0.0675842 4 37 0
711.22 0.419291 0.0675839 4 37 0
711.72 0.419254 0.0675846 4 37 0
712.22 0.419276 0.0675797 4 37 0
712.72 0.419298 0.0675749 4 37 0
713.22 0.419269 0.0675663 4 37 0
713.72 0.419291 0.0675616 4 37 0
714.22 0.419313 0.0675569 4 37 0
714.72 0.419349 0.0675564 4 37 0
715.22 0.419372 0.0675516 4 37 0
715.72 0.419395 0.0675467 4 37 0
716.22 0.419422 0.0675398 4 37 0
716.72 0.419445 0.0675346 4 37 0
717.22 0.419467 0.0675293 4 37 0
717.72 0.419462 0.067525 4 37 0
718.22 0.419489 0.067522 4 37 0
718.72 0.419515 0.0675181 4 37 0
719.22 0.41957 0.0675081 4 37 0
719.72 0.419591 0.0675035 4 37 0
720.22 0.419612 0.067499 4 37 0
720.72 0.419637 0.067492 4 37 0
721.22 0.419655 0.0674879 4 37 0
721.72 0.419673 0.0674837 4 37 0
722.22 0.419662 0.067483 4 37 0
722.72 0.419685 0.0674776 4 37 0
