2.033050000000000068e+02 7.260489999999999999e-02
2.422680000000000007e+02 8.002720000000000666e-02
2.423079999999999927e+02 8.003059999999999341e-02
2.423480000000000132e+02 8.003399999999999403e-02
2.424279999999999973e+02 8.004089999999999816e-02
2.425879999999999939e+02 8.005450000000000066e-02
2.427880000000000109e+02 8.007150000000000378e-02
2.429879999999999995e+02 8.008850000000000691e-02
2.431879999999999882e+02 8.010539999999999328e-02
2.433880000000000052e+02 8.012220000000000453e-02
2.435879999999999939e+02 8.013900000000000190e-02
2.437880000000000109e+02 8.015569999999999640e-02
2.439879999999999995e+02 8.017240000000000477e-02
2.441879999999999882e+02 8.018899999999999639e-02
2.443880000000000052e+02 8.020560000000000189e-02
2.445879999999999939e+02 8.022200000000000164e-02
2.447880000000000109e+02 8.023850000000000426e-02
2.449879999999999995e+02 8.025480000000000114e-02
2.451879999999999882e+02 8.027109999999999801e-02
2.453880000000000052e+02 8.028739999999999488e-02
2.455879999999999939e+02 8.030360000000000276e-02
2.457880000000000109e+02 8.031969999999999388e-02
2.459879999999999995e+02 8.033579999999999888e-02
2.461879999999999882e+02 8.035190000000000388e-02
2.463880000000000052e+02 8.036780000000000312e-02
2.465879999999999939e+02 8.038380000000000525e-02
2.467880000000000109e+02 8.039960000000000162e-02
2.469879999999999995e+02 8.041539999999999799e-02
2.471879999999999882e+02 8.043119999999999437e-02
2.473880000000000052e+02 8.044690000000000174e-02
2.475879999999999939e+02 8.046259999999999524e-02
2.477880000000000109e+02 8.047819999999999974e-02
2.479879999999999995e+02 8.049370000000000136e-02
2.481879999999999882e+02 8.050920000000000298e-02
2.483880000000000052e+02 8.052470000000000461e-02
2.485879999999999939e+02 8.054010000000000336e-02
2.487880000000000109e+02 8.055539999999999923e-02
2.489879999999999995e+02 8.057069999999999510e-02
2.491879999999999882e+02 8.058600000000000485e-02
2.493880000000000052e+02 8.060119999999999785e-02
2.495879999999999939e+02 8.061630000000000185e-02
2.497880000000000109e+02 8.063140000000000585e-02
2.499879999999999995e+02 8.064649999999999597e-02
2.501879999999999882e+02 8.066149999999999709e-02
2.503880000000000052e+02 8.067639999999999534e-02
2.505879999999999939e+02 8.069129999999999359e-02
2.507880000000000109e+02 8.070620000000000571e-02
2.509879999999999995e+02 8.072100000000000108e-02
2.511879999999999882e+02 8.073579999999999646e-02
2.513880000000000052e+02 8.075050000000000283e-02
2.515879999999999939e+02 8.076510000000000633e-02
2.517880000000000109e+02 8.077979999999999883e-02
2.519879999999999995e+02 8.079429999999999945e-02
2.521879999999999882e+02 8.080890000000000295e-02
2.523880000000000052e+02 8.082340000000000357e-02
2.525879999999999939e+02 8.083780000000000132e-02
2.527880000000000109e+02 8.085219999999999907e-02
2.529879999999999995e+02 8.086649999999999394e-02
2.531879999999999882e+02 8.088090000000000557e-02
2.533880000000000052e+02 8.089509999999999756e-02
2.535879999999999939e+02 8.090930000000000344e-02
2.537880000000000109e+02 8.092349999999999544e-02
2.539879999999999995e+02 8.093759999999999843e-02
2.541879999999999882e+02 8.095170000000000143e-02
2.543880000000000052e+02 8.096580000000000443e-02
2.545879999999999939e+02 8.097980000000000456e-02
2.547880000000000109e+02 8.099370000000000180e-02
2.549879999999999995e+02 8.100759999999999905e-02
2.551879999999999882e+02 8.102149999999999630e-02
2.553880000000000052e+02 8.103539999999999355e-02
2.555879999999999939e+02 8.104909999999999892e-02
2.557880000000000109e+02 8.106289999999999329e-02
2.559879999999999995e+02 8.107659999999999867e-02
2.561879999999999882e+02 8.109030000000000404e-02
2.563879999999999768e+02 8.110390000000000654e-02
2.565880000000000223e+02 8.111749999999999516e-02
2.567880000000000109e+02 8.113099999999999479e-02
2.569879999999999995e+02 8.114449999999999441e-02
2.571879999999999882e+02 8.115799999999999403e-02
2.573879999999999768e+02 8.117140000000000466e-02
2.575880000000000223e+02 8.118480000000000141e-02
2.577880000000000109e+02 8.119819999999999816e-02
2.579879999999999995e+02 8.121150000000000591e-02
2.581879999999999882e+02 8.122479999999999978e-02
2.583879999999999768e+02 8.123800000000000465e-02
2.585880000000000223e+02 8.125119999999999565e-02
2.587880000000000109e+02 8.126429999999999765e-02
2.589879999999999995e+02 8.127750000000000252e-02
2.591879999999999882e+02 8.129050000000000165e-02
2.593879999999999768e+02 8.130360000000000364e-02
2.595880000000000223e+02 8.131660000000000277e-02
2.597880000000000109e+02 8.132960000000000189e-02
2.599879999999999995e+02 8.134249999999999814e-02
2.601879999999999882e+02 8.135539999999999439e-02
2.603879999999999768e+02 8.136820000000000164e-02
2.605880000000000223e+02 8.138109999999999788e-02
2.607880000000000109e+02 8.139380000000000226e-02
2.609879999999999995e+02 8.140659999999999563e-02
2.611879999999999882e+02 8.141930000000000001e-02
2.613879999999999768e+02 8.143200000000000438e-02
2.615880000000000223e+02 8.144460000000000588e-02
2.617880000000000109e+02 8.145719999999999350e-02
2.619879999999999995e+02 8.146979999999999500e-02
2.621879999999999882e+02 8.148229999999999362e-02
2.623879999999999768e+02 8.149480000000000612e-02
2.625880000000000223e+02 8.150730000000000475e-02
2.627880000000000109e+02 8.151970000000000049e-02
2.629879999999999995e+02 8.153209999999999624e-02
2.631879999999999882e+02 8.154450000000000587e-02
2.633879999999999768e+02 8.155679999999999874e-02
2.635880000000000223e+02 8.156910000000000549e-02
2.637880000000000109e+02 8.158139999999999836e-02
2.639879999999999995e+02 8.159360000000000224e-02
2.641879999999999882e+02 8.160580000000000611e-02
2.643879999999999768e+02 8.161799999999999611e-02
2.645880000000000223e+02 8.163009999999999711e-02
2.647880000000000109e+02 8.164219999999999811e-02
2.649879999999999995e+02 8.165429999999999910e-02
2.651879999999999882e+02 8.166629999999999723e-02
2.653879999999999768e+02 8.167829999999999535e-02
2.655880000000000223e+02 8.169029999999999347e-02
2.657880000000000109e+02 8.170220000000000260e-02
2.659879999999999995e+02 8.171409999999999785e-02
2.661879999999999882e+02 8.172599999999999310e-02
2.663879999999999768e+02 8.173779999999999935e-02
2.665880000000000223e+02 8.174960000000000560e-02
2.667880000000000109e+02 8.176139999999999797e-02
2.669879999999999995e+02 8.177310000000000134e-02
2.671879999999999882e+02 8.178489999999999371e-02
2.673879999999999768e+02 8.179649999999999421e-02
2.675880000000000223e+02 8.180819999999999759e-02
2.677880000000000109e+02 8.181979999999999809e-02
2.679879999999999995e+02 8.183139999999999858e-02
2.681879999999999882e+02 8.184299999999999908e-02
2.683879999999999768e+02 8.185449999999999671e-02
2.685880000000000223e+02 8.186599999999999433e-02
2.687880000000000109e+02 8.187750000000000583e-02
2.689879999999999995e+02 8.188890000000000058e-02
2.691879999999999882e+02 8.190029999999999533e-02
2.693879999999999768e+02 8.191170000000000395e-02
2.695880000000000223e+02 8.192309999999999870e-02
2.697880000000000109e+02 8.193440000000000445e-02
2.699879999999999995e+02 8.194569999999999632e-02
2.701879999999999882e+02 8.195689999999999920e-02
2.703879999999999768e+02 8.196820000000000495e-02
2.705880000000000223e+02 8.197939999999999394e-02
2.707880000000000109e+02 8.199059999999999682e-02
2.709879999999999995e+02 8.200169999999999682e-02
2.711879999999999882e+02 8.201279999999999681e-02
2.713879999999999768e+02 8.202389999999999681e-02
2.715880000000000223e+02 8.203499999999999681e-02
2.717880000000000109e+02 8.204599999999999393e-02
2.719879999999999995e+02 8.205700000000000494e-02
2.721879999999999882e+02 8.206800000000000206e-02
2.723879999999999768e+02 8.207899999999999918e-02
2.725880000000000223e+02 8.208989999999999343e-02
2.727880000000000109e+02 8.210080000000000156e-02
2.729879999999999995e+02 8.211169999999999580e-02
2.731879999999999882e+02 8.212250000000000105e-02
2.733879999999999768e+02 8.213330000000000630e-02
2.735880000000000223e+02 8.214409999999999767e-02
2.737880000000000109e+02 8.215490000000000292e-02
2.739879999999999995e+02 8.216560000000000530e-02
2.741879999999999882e+02 8.217629999999999380e-02
2.743879999999999768e+02 8.218699999999999617e-02
2.745880000000000223e+02 8.219769999999999854e-02
2.747880000000000109e+02 8.220829999999999804e-02
2.749879999999999995e+02 8.221889999999999754e-02
2.751879999999999882e+02 8.222949999999999704e-02
2.753879999999999768e+02 8.224009999999999654e-02
2.755880000000000223e+02 8.225059999999999316e-02
2.757880000000000109e+02 8.226110000000000366e-02
2.759879999999999995e+02 8.227160000000000029e-02
2.761879999999999882e+02 8.228199999999999403e-02
2.763879999999999768e+02 8.229250000000000453e-02
2.765880000000000223e+02 8.230289999999999828e-02
2.767880000000000109e+02 8.231320000000000303e-02
2.769879999999999995e+02 8.232359999999999678e-02
2.771879999999999882e+02 8.233390000000000153e-02
2.773879999999999768e+02 8.234420000000000628e-02
2.775880000000000223e+02 8.235449999999999715e-02
2.777880000000000109e+02 8.236469999999999902e-02
2.779879999999999995e+02 8.237500000000000377e-02
2.781879999999999882e+02 8.238520000000000565e-02
2.783879999999999768e+02 8.239530000000000465e-02
2.785880000000000223e+02 8.240550000000000652e-02
2.787880000000000109e+02 8.241560000000000552e-02
2.789879999999999995e+02 8.242570000000000452e-02
2.791879999999999882e+02 8.243580000000000352e-02
2.793879999999999768e+02 8.244590000000000252e-02
2.795880000000000223e+02 8.245589999999999864e-02
2.797880000000000109e+02 8.246589999999999476e-02
2.799879999999999995e+02 8.247590000000000476e-02
2.801879999999999882e+02 8.248590000000000089e-02
2.803879999999999768e+02 8.249579999999999413e-02
2.805880000000000223e+02 8.250570000000000126e-02
2.807880000000000109e+02 8.251559999999999451e-02
2.809879999999999995e+02 8.252550000000000163e-02
2.811879999999999882e+02 8.253530000000000588e-02
2.813879999999999768e+02 8.254519999999999913e-02
2.815880000000000223e+02 8.255500000000000338e-02
2.815880000000000223e+02 8.255500000000000338e-02
2.816279999999999859e+02 8.255690000000000250e-02
2.816680000000000064e+02 8.255890000000000450e-02
2.817479999999999905e+02 8.256280000000000563e-02
2.819080000000000155e+02 8.257059999999999400e-02
2.821080000000000041e+02 8.258029999999999538e-02
2.823079999999999927e+02 8.259009999999999962e-02
2.825079999999999814e+02 8.259980000000000100e-02
2.827080000000000268e+02 8.260939999999999950e-02
2.829080000000000155e+02 8.261910000000000087e-02
2.831080000000000041e+02 8.262869999999999937e-02
2.833079999999999927e+02 8.263829999999999787e-02
2.835079999999999814e+02 8.264789999999999637e-02
2.837080000000000268e+02 8.265749999999999487e-02
2.839080000000000155e+02 8.266700000000000437e-02
2.841080000000000041e+02 8.267660000000000287e-02
2.843079999999999927e+02 8.268609999999999849e-02
2.845079999999999814e+02 8.269550000000000511e-02
2.847080000000000268e+02 8.270500000000000074e-02
2.849080000000000155e+02 8.271439999999999348e-02
2.851080000000000041e+02 8.272380000000000011e-02
2.853079999999999927e+02 8.273320000000000674e-02
2.855079999999999814e+02 8.274259999999999948e-02
2.857080000000000268e+02 8.275200000000000611e-02
2.859080000000000155e+02 8.276129999999999598e-02
2.861080000000000041e+02 8.277059999999999973e-02
2.863079999999999927e+02 8.277990000000000348e-02
2.865079999999999814e+02 8.278910000000000435e-02
2.867080000000000268e+02 8.279839999999999423e-02
2.869080000000000155e+02 8.280759999999999510e-02
2.871080000000000041e+02 8.281679999999999597e-02
2.873079999999999927e+02 8.282599999999999685e-02
2.875079999999999814e+02 8.283519999999999772e-02
2.877080000000000268e+02 8.284429999999999572e-02
2.879080000000000155e+02 8.285339999999999372e-02
2.881080000000000041e+02 8.286250000000000560e-02
2.883079999999999927e+02 8.287160000000000359e-02
2.885079999999999814e+02 8.288070000000000159e-02
2.887080000000000268e+02 8.288969999999999672e-02
2.889080000000000155e+02 8.289879999999999471e-02
2.891080000000000041e+02 8.290780000000000372e-02
2.893079999999999927e+02 8.291669999999999596e-02
2.895079999999999814e+02 8.292570000000000496e-02
2.897080000000000268e+02 8.293470000000000009e-02
2.899080000000000155e+02 8.294360000000000621e-02
2.901080000000000041e+02 8.295249999999999846e-02
2.903079999999999927e+02 8.296140000000000458e-02
2.905079999999999814e+02 8.297019999999999396e-02
2.907080000000000268e+02 8.297910000000000008e-02
2.909080000000000155e+02 8.298790000000000333e-02
2.911080000000000041e+02 8.299670000000000658e-02
2.913079999999999927e+02 8.300549999999999595e-02
2.915079999999999814e+02 8.301429999999999920e-02
2.917080000000000268e+02 8.302299999999999958e-02
2.919080000000000155e+02 8.303180000000000283e-02
2.921080000000000041e+02 8.304050000000000320e-02
2.923079999999999927e+02 8.304920000000000357e-02
2.925079999999999814e+02 8.305790000000000395e-02
2.927080000000000268e+02 8.306650000000000145e-02
2.929080000000000155e+02 8.307520000000000182e-02
2.931080000000000041e+02 8.308379999999999932e-02
2.933079999999999927e+02 8.309239999999999682e-02
2.935079999999999814e+02 8.310099999999999432e-02
2.937080000000000268e+02 8.310950000000000282e-02
2.939080000000000155e+02 8.311810000000000032e-02
2.941080000000000041e+02 8.312659999999999494e-02
2.943079999999999927e+02 8.313510000000000344e-02
2.945079999999999814e+02 8.314359999999999806e-02
2.947080000000000268e+02 8.315210000000000656e-02
2.949080000000000155e+02 8.316060000000000119e-02
2.951080000000000041e+02 8.316900000000000681e-02
2.953079999999999927e+02 8.317739999999999856e-02
2.955079999999999814e+02 8.318580000000000418e-02
2.957080000000000268e+02 8.319419999999999593e-02
2.959080000000000155e+02 8.320260000000000156e-02
2.961080000000000041e+02 8.321099999999999330e-02
2.963079999999999927e+02 8.321929999999999605e-02
2.965079999999999814e+02 8.322759999999999880e-02
2.967080000000000268e+02 8.323590000000000155e-02
2.969080000000000155e+02 8.324420000000000430e-02
2.971080000000000041e+02 8.325249999999999317e-02
2.973079999999999927e+02 8.326070000000000693e-02
2.975079999999999814e+02 8.326890000000000680e-02
2.977080000000000268e+02 8.327719999999999567e-02
2.979080000000000155e+02 8.328539999999999555e-02
2.981080000000000041e+02 8.329350000000000642e-02
2.983079999999999927e+02 8.330170000000000630e-02
2.985079999999999814e+02 8.330990000000000617e-02
2.987080000000000268e+02 8.331800000000000317e-02
2.989080000000000155e+02 8.332610000000000017e-02
2.991080000000000041e+02 8.333419999999999717e-02
2.993079999999999927e+02 8.334229999999999416e-02
2.995079999999999814e+02 8.335040000000000504e-02
2.997080000000000268e+02 8.335839999999999916e-02
2.999080000000000155e+02 8.336639999999999329e-02
3.001080000000000041e+02 8.337450000000000416e-02
3.003079999999999927e+02 8.338239999999999541e-02
3.005079999999999814e+02 8.339040000000000341e-02
3.007080000000000268e+02 8.339839999999999753e-02
3.009080000000000155e+02 8.340640000000000553e-02
3.011080000000000041e+02 8.341429999999999678e-02
3.013079999999999927e+02 8.342220000000000191e-02
3.015079999999999814e+02 8.343009999999999315e-02
3.017080000000000268e+02 8.343799999999999828e-02
3.019080000000000155e+02 8.344590000000000340e-02
3.021080000000000041e+02 8.345370000000000565e-02
3.023079999999999927e+02 8.346159999999999690e-02
3.025079999999999814e+02 8.346939999999999915e-02
3.027080000000000268e+02 8.347720000000000140e-02
3.029080000000000155e+02 8.348500000000000365e-02
3.031080000000000041e+02 8.349280000000000590e-02
3.033079999999999927e+02 8.350050000000000527e-02
3.035079999999999814e+02 8.350829999999999365e-02
3.037080000000000268e+02 8.351600000000000690e-02
3.039080000000000155e+02 8.352370000000000627e-02
3.041080000000000041e+02 8.353140000000000565e-02
3.043079999999999927e+02 8.353910000000000502e-02
3.045079999999999814e+02 8.354680000000000439e-02
3.047080000000000268e+02 8.355440000000000089e-02
3.049080000000000155e+02 8.356210000000000027e-02
3.051080000000000041e+02 8.356969999999999676e-02
3.053079999999999927e+02 8.357729999999999326e-02
3.055079999999999814e+02 8.358490000000000364e-02
3.057080000000000268e+02 8.359250000000000014e-02
3.059080000000000155e+02 8.359999999999999376e-02
3.061080000000000041e+02 8.360760000000000414e-02
3.063079999999999927e+02 8.361509999999999776e-02
3.065079999999999814e+02 8.362269999999999426e-02
3.067080000000000268e+02 8.363020000000000176e-02
3.069080000000000155e+02 8.363769999999999538e-02
3.071080000000000041e+02 8.364510000000000001e-02
3.073079999999999927e+02 8.365259999999999363e-02
3.075079999999999814e+02 8.365999999999999825e-02
3.077080000000000268e+02 8.366750000000000576e-02
3.079080000000000155e+02 8.367489999999999650e-02
3.081080000000000041e+02 8.368230000000000113e-02
3.083079999999999927e+02 8.368970000000000575e-02
3.085079999999999814e+02 8.369709999999999650e-02
3.087080000000000268e+02 8.370439999999999825e-02
3.089080000000000155e+02 8.371180000000000287e-02
3.091080000000000041e+02 8.371910000000000462e-02
3.093079999999999927e+02 8.372640000000000637e-02
3.095079999999999814e+02 8.373369999999999425e-02
3.097080000000000268e+02 8.374099999999999600e-02
3.099080000000000155e+02 8.374829999999999774e-02
3.101080000000000041e+02 8.375559999999999949e-02
3.103079999999999927e+02 8.376279999999999837e-02
3.105079999999999814e+02 8.376999999999999724e-02
3.107080000000000268e+02 8.377729999999999899e-02
3.109080000000000155e+02 8.378449999999999787e-02
3.111080000000000041e+02 8.379169999999999674e-02
3.113079999999999927e+02 8.379889999999999561e-02
3.115079999999999814e+02 8.380600000000000549e-02
3.117080000000000268e+02 8.381320000000000436e-02
3.119080000000000155e+02 8.382030000000000036e-02
3.121080000000000041e+02 8.382739999999999636e-02
3.123079999999999927e+02 8.383459999999999523e-02
3.125079999999999814e+02 8.384170000000000511e-02
3.127080000000000268e+02 8.384869999999999823e-02
3.129080000000000155e+02 8.385579999999999423e-02
3.131080000000000041e+02 8.386290000000000411e-02
3.133079999999999927e+02 8.386989999999999723e-02
3.135079999999999814e+02 8.387699999999999323e-02
3.137080000000000268e+02 8.388400000000000023e-02
3.139080000000000155e+02 8.389099999999999335e-02
3.141080000000000041e+02 8.389800000000000035e-02
3.143079999999999927e+02 8.390499999999999348e-02
3.145079999999999814e+02 8.391189999999999760e-02
3.147080000000000268e+02 8.391890000000000460e-02
3.149080000000000155e+02 8.392579999999999485e-02
3.151080000000000041e+02 8.393269999999999897e-02
3.153079999999999927e+02 8.393970000000000597e-02
3.155079999999999814e+02 8.394659999999999622e-02
3.157080000000000268e+02 8.395350000000000035e-02
3.159080000000000155e+02 8.396030000000000160e-02
3.161080000000000041e+02 8.396720000000000572e-02
3.163079999999999927e+02 8.397409999999999597e-02
3.165079999999999814e+02 8.398089999999999722e-02
3.167080000000000268e+02 8.398769999999999847e-02
3.169080000000000155e+02 8.399449999999999972e-02
3.171080000000000041e+02 8.400130000000000097e-02
3.173079999999999927e+02 8.400810000000000222e-02
3.175079999999999814e+02 8.401490000000000347e-02
3.177080000000000268e+02 8.402170000000000472e-02
3.179080000000000155e+02 8.402840000000000309e-02
3.181080000000000041e+02 8.403520000000000434e-02
3.183079999999999927e+02 8.404190000000000271e-02
3.185079999999999814e+02 8.404860000000000109e-02
3.187080000000000268e+02 8.405529999999999946e-02
3.189080000000000155e+02 8.406199999999999783e-02
3.191080000000000041e+02 8.406869999999999621e-02
3.193079999999999927e+02 8.407530000000000558e-02
3.195079999999999814e+02 8.408200000000000396e-02
3.197080000000000268e+02 8.408859999999999946e-02
3.199080000000000155e+02 8.409529999999999783e-02
3.201080000000000041e+02 8.410189999999999333e-02
3.203079999999999927e+02 8.410850000000000271e-02
3.205079999999999814e+02 8.411509999999999820e-02
3.207080000000000268e+02 8.412169999999999370e-02
3.209080000000000155e+02 8.412820000000000020e-02
3.209080000000000155e+02 8.412820000000000020e-02
3.209479999999999791e+02 8.412959999999999883e-02
3.209879999999999995e+02 8.413089999999999458e-02
3.210679999999999836e+02 8.413349999999999995e-02
3.212280000000000086e+02 8.413869999999999683e-02
3.214279999999999973e+02 8.414530000000000620e-02
3.216279999999999859e+02 8.415179999999999882e-02
3.218279999999999745e+02 8.415830000000000533e-02
3.220280000000000200e+02 8.416479999999999795e-02
3.222280000000000086e+02 8.417130000000000445e-02
3.224279999999999973e+02 8.417779999999999707e-02
3.226279999999999859e+02 8.418430000000000357e-02
3.228279999999999745e+02 8.419069999999999332e-02
3.230280000000000200e+02 8.419719999999999982e-02
3.232280000000000086e+02 8.420360000000000344e-02
3.234279999999999973e+02 8.420999999999999319e-02
3.236279999999999859e+02 8.421649999999999969e-02
3.238279999999999745e+02 8.422290000000000332e-02
3.240280000000000200e+02 8.422929999999999306e-02
3.242280000000000086e+02 8.423559999999999381e-02
3.244279999999999973e+02 8.424199999999999744e-02
3.246279999999999859e+02 8.424840000000000106e-02
3.248279999999999745e+02 8.425470000000000181e-02
3.250280000000000200e+02 8.426100000000000256e-02
3.252280000000000086e+02 8.426740000000000619e-02
3.254279999999999973e+02 8.427370000000000694e-02
3.256279999999999859e+02 8.427999999999999381e-02
3.258279999999999745e+02 8.428629999999999456e-02
3.260280000000000200e+02 8.429250000000000631e-02
3.262280000000000086e+02 8.429879999999999318e-02
3.264279999999999973e+02 8.430509999999999393e-02
3.266279999999999859e+02 8.431130000000000568e-02
3.268279999999999745e+02 8.431760000000000643e-02
3.270280000000000200e+02 8.432380000000000431e-02
3.272280000000000086e+02 8.433000000000000218e-02
3.274279999999999973e+02 8.433620000000000005e-02
3.276279999999999859e+02 8.434239999999999793e-02
3.278279999999999745e+02 8.434859999999999580e-02
3.280280000000000200e+02 8.435470000000000468e-02
3.282280000000000086e+02 8.436090000000000255e-02
3.284279999999999973e+02 8.436699999999999755e-02
3.286279999999999859e+02 8.437319999999999542e-02
3.288279999999999745e+02 8.437930000000000430e-02
3.290280000000000200e+02 8.438539999999999930e-02
3.292280000000000086e+02 8.439149999999999430e-02
3.294279999999999973e+02 8.439760000000000317e-02
3.296279999999999859e+02 8.440369999999999817e-02
3.298279999999999745e+02 8.440979999999999317e-02
3.300280000000000200e+02 8.441590000000000205e-02
3.302280000000000086e+02 8.442189999999999417e-02
3.304279999999999973e+02 8.442800000000000304e-02
3.306279999999999859e+02 8.443399999999999517e-02
3.308279999999999745e+02 8.444000000000000117e-02
3.310280000000000200e+02 8.444599999999999329e-02
3.312280000000000086e+02 8.445199999999999929e-02
3.314279999999999973e+02 8.445800000000000529e-02
3.316279999999999859e+02 8.446399999999999741e-02
3.318279999999999745e+02 8.447000000000000342e-02
3.320280000000000200e+02 8.447599999999999554e-02
3.322280000000000086e+02 8.448189999999999866e-02
3.324279999999999973e+02 8.448780000000000179e-02
3.326279999999999859e+02 8.449379999999999391e-02
3.328279999999999745e+02 8.449969999999999704e-02
3.330280000000000200e+02 8.450560000000000016e-02
3.332280000000000086e+02 8.451150000000000329e-02
3.334279999999999973e+02 8.451740000000000641e-02
3.336279999999999859e+02 8.452329999999999566e-02
3.338279999999999745e+02 8.452919999999999878e-02
3.340280000000000200e+02 8.453499999999999903e-02
3.342280000000000086e+02 8.454090000000000216e-02
3.344279999999999973e+02 8.454670000000000241e-02
3.346279999999999859e+02 8.455260000000000553e-02
3.348279999999999745e+02 8.455840000000000578e-02
3.350280000000000200e+02 8.456420000000000603e-02
3.352280000000000086e+02 8.457000000000000628e-02
3.354279999999999973e+02 8.457580000000000653e-02
3.356279999999999859e+02 8.458160000000000678e-02
3.358279999999999745e+02 8.458739999999999315e-02
3.360280000000000200e+02 8.459310000000000440e-02
3.362280000000000086e+02 8.459890000000000465e-02
3.364279999999999973e+02 8.460460000000000202e-02
3.366279999999999859e+02 8.461040000000000227e-02
3.368279999999999745e+02 8.461609999999999965e-02
3.370280000000000200e+02 8.462179999999999702e-02
3.372280000000000086e+02 8.462749999999999440e-02
3.374279999999999973e+02 8.463320000000000565e-02
3.376279999999999859e+02 8.463890000000000302e-02
3.378279999999999745e+02 8.464460000000000039e-02
3.380280000000000200e+02 8.465029999999999777e-02
3.382280000000000086e+02 8.465590000000000614e-02
3.384279999999999973e+02 8.466160000000000352e-02
3.386279999999999859e+02 8.466719999999999802e-02
3.388279999999999745e+02 8.467280000000000639e-02
3.390280000000000200e+02 8.467850000000000377e-02
3.392280000000000086e+02 8.468409999999999827e-02
3.394279999999999973e+02 8.468970000000000664e-02
3.396279999999999859e+02 8.469530000000000114e-02
3.398279999999999745e+02 8.470089999999999564e-02
3.400280000000000200e+02 8.470650000000000401e-02
3.402280000000000086e+02 8.471199999999999564e-02
3.404279999999999973e+02 8.471760000000000401e-02
3.406279999999999859e+02 8.472309999999999564e-02
3.408279999999999745e+02 8.472870000000000401e-02
3.410280000000000200e+02 8.473419999999999563e-02
3.412280000000000086e+02 8.473970000000000113e-02
3.414279999999999973e+02 8.474520000000000663e-02
3.416279999999999859e+02 8.475080000000000113e-02
3.418279999999999745e+02 8.475630000000000663e-02
3.420280000000000200e+02 8.476169999999999538e-02
3.422280000000000086e+02 8.476720000000000088e-02
3.424279999999999973e+02 8.477270000000000638e-02
3.426279999999999859e+02 8.477819999999999800e-02
3.428279999999999745e+02 8.478360000000000063e-02
3.430280000000000200e+02 8.478900000000000325e-02
3.432280000000000086e+02 8.479449999999999488e-02
3.434279999999999973e+02 8.479989999999999750e-02
3.436279999999999859e+02 8.480530000000000013e-02
3.438279999999999745e+02 8.481070000000000275e-02
3.440280000000000200e+02 8.481610000000000538e-02
3.442280000000000086e+02 8.482149999999999412e-02
3.444279999999999973e+02 8.482689999999999675e-02
3.446279999999999859e+02 8.483229999999999937e-02
3.448279999999999745e+02 8.483770000000000200e-02
3.450280000000000200e+02 8.484300000000000175e-02
3.452280000000000086e+02 8.484840000000000437e-02
3.454279999999999973e+02 8.485370000000000412e-02
3.456279999999999859e+02 8.485900000000000387e-02
3.458279999999999745e+02 8.486440000000000650e-02
3.460280000000000200e+02 8.486970000000000625e-02
3.462280000000000086e+02 8.487500000000000600e-02
3.464279999999999973e+02 8.488030000000000574e-02
3.466279999999999859e+02 8.488560000000000549e-02
3.468279999999999745e+02 8.489090000000000524e-02
3.470280000000000200e+02 8.489610000000000212e-02
3.472280000000000086e+02 8.490140000000000187e-02
3.474279999999999973e+02 8.490659999999999874e-02
3.476279999999999859e+02 8.491189999999999849e-02
3.478279999999999745e+02 8.491709999999999536e-02
3.480280000000000200e+02 8.492239999999999511e-02
3.482280000000000086e+02 8.492760000000000586e-02
3.484279999999999973e+02 8.493280000000000274e-02
3.486279999999999859e+02 8.493799999999999961e-02
3.488279999999999745e+02 8.494319999999999649e-02
3.490280000000000200e+02 8.494839999999999336e-02
3.492280000000000086e+02 8.495360000000000411e-02
3.494279999999999973e+02 8.495880000000000098e-02
3.496279999999999859e+02 8.496389999999999498e-02
3.498279999999999745e+02 8.496910000000000573e-02
3.500280000000000200e+02 8.497419999999999973e-02
3.502280000000000086e+02 8.497939999999999661e-02
3.504279999999999973e+02 8.498450000000000448e-02
3.506279999999999859e+02 8.498959999999999848e-02
3.508279999999999745e+02 8.499479999999999535e-02
3.510280000000000200e+02 8.499990000000000323e-02
3.512280000000000086e+02 8.500499999999999723e-02
3.514279999999999973e+02 8.501010000000000510e-02
3.516279999999999859e+02 8.501519999999999910e-02
3.518279999999999745e+02 8.502020000000000410e-02
3.520280000000000200e+02 8.502529999999999810e-02
3.522280000000000086e+02 8.503040000000000598e-02
3.524279999999999973e+02 8.503539999999999710e-02
3.526279999999999859e+02 8.504050000000000498e-02
3.528279999999999745e+02 8.504549999999999610e-02
3.530280000000000200e+02 8.505050000000000110e-02
3.532280000000000086e+02 8.505559999999999510e-02
3.534279999999999973e+02 8.506060000000000010e-02
3.536279999999999859e+02 8.506560000000000510e-02
3.538279999999999745e+02 8.507059999999999622e-02
3.540280000000000200e+02 8.507560000000000122e-02
3.542280000000000086e+02 8.508060000000000622e-02
3.544279999999999973e+02 8.508559999999999734e-02
3.546279999999999859e+02 8.509049999999999947e-02
3.548279999999999745e+02 8.509550000000000447e-02
3.550280000000000200e+02 8.510040000000000660e-02
3.552280000000000086e+02 8.510539999999999772e-02
3.554279999999999973e+02 8.511029999999999984e-02
3.556279999999999859e+02 8.511530000000000484e-02
3.558279999999999745e+02 8.512019999999999309e-02
3.560280000000000200e+02 8.512509999999999522e-02
3.562280000000000086e+02 8.512999999999999734e-02
3.564279999999999973e+02 8.513489999999999946e-02
3.566279999999999859e+02 8.513980000000000159e-02
3.568279999999999745e+02 8.514470000000000371e-02
3.570280000000000200e+02 8.514960000000000584e-02
3.572280000000000086e+02 8.515449999999999409e-02
3.574279999999999973e+02 8.515929999999999334e-02
3.576279999999999859e+02 8.516419999999999546e-02
3.578279999999999745e+02 8.516899999999999471e-02
3.580280000000000200e+02 8.517389999999999683e-02
3.582280000000000086e+02 8.517869999999999608e-02
3.584279999999999973e+02 8.518359999999999821e-02
3.586279999999999859e+02 8.518839999999999746e-02
3.588279999999999745e+02 8.519319999999999671e-02
3.590280000000000200e+02 8.519799999999999596e-02
3.592280000000000086e+02 8.520279999999999521e-02
3.594279999999999973e+02 8.520759999999999446e-02
3.596279999999999859e+02 8.521239999999999370e-02
3.598279999999999745e+02 8.521720000000000683e-02
3.600280000000000200e+02 8.522190000000000321e-02
3.602280000000000086e+02 8.522670000000000246e-02
3.602280000000000086e+02 8.522670000000000246e-02
3.602679999999999723e+02 8.522760000000000058e-02
3.603079999999999927e+02 8.522860000000000158e-02
3.603879999999999768e+02 8.523050000000000070e-02
3.605480000000000018e+02 8.523429999999999895e-02
3.607479999999999905e+02 8.523899999999999533e-02
3.609479999999999791e+02 8.524379999999999458e-02
3.611480000000000246e+02 8.524850000000000483e-02
3.613480000000000132e+02 8.525320000000000120e-02
3.615480000000000018e+02 8.525800000000000045e-02
3.617479999999999905e+02 8.526269999999999682e-02
3.619479999999999791e+02 8.526739999999999320e-02
3.621480000000000246e+02 8.527210000000000345e-02
3.623480000000000132e+02 8.527679999999999982e-02
3.625480000000000018e+02 8.528149999999999620e-02
3.627479999999999905e+02 8.528610000000000357e-02
3.629479999999999791e+02 8.529079999999999995e-02
3.631480000000000246e+02 8.529549999999999632e-02
3.633480000000000132e+02 8.530010000000000370e-02
3.635480000000000018e+02 8.530480000000000007e-02
3.637479999999999905e+02 8.530939999999999357e-02
3.639479999999999791e+02 8.531400000000000095e-02
3.641480000000000246e+02 8.531869999999999732e-02
3.643480000000000132e+02 8.532330000000000469e-02
3.645480000000000018e+02 8.532789999999999819e-02
3.647479999999999905e+02 8.533250000000000557e-02
3.649479999999999791e+02 8.533709999999999907e-02
3.651480000000000246e+02 8.534170000000000644e-02
3.653480000000000132e+02 8.534629999999999994e-02
3.655480000000000018e+02 8.535089999999999344e-02
3.657479999999999905e+02 8.535550000000000082e-02
3.659479999999999791e+02 8.536000000000000532e-02
3.661480000000000246e+02 8.536459999999999881e-02
3.663480000000000132e+02 8.536910000000000331e-02
3.665480000000000018e+02 8.537369999999999681e-02
3.667479999999999905e+02 8.537820000000000131e-02
3.669479999999999791e+02 8.538279999999999481e-02
3.671480000000000246e+02 8.538729999999999931e-02
3.673480000000000132e+02 8.539180000000000381e-02
3.675480000000000018e+02 8.539629999999999443e-02
3.677479999999999905e+02 8.540079999999999893e-02
3.679479999999999791e+02 8.540530000000000344e-02
3.681480000000000246e+02 8.540979999999999406e-02
3.683480000000000132e+02 8.541429999999999856e-02
3.685480000000000018e+02 8.541880000000000306e-02
3.687479999999999905e+02 8.542329999999999368e-02
3.689479999999999791e+02 8.542779999999999818e-02
3.691480000000000246e+02 8.543219999999999981e-02
3.693480000000000132e+02 8.543670000000000431e-02
3.695480000000000018e+02 8.544110000000000593e-02
3.697479999999999905e+02 8.544559999999999655e-02
3.699479999999999791e+02 8.544999999999999818e-02
3.701480000000000246e+02 8.545439999999999980e-02
3.703480000000000132e+02 8.545890000000000430e-02
3.705480000000000018e+02 8.546330000000000593e-02
3.707479999999999905e+02 8.546769999999999368e-02
3.709479999999999791e+02 8.547209999999999530e-02
3.711480000000000246e+02 8.547649999999999693e-02
3.713480000000000132e+02 8.548089999999999855e-02
3.715480000000000018e+02 8.548530000000000018e-02
3.717479999999999905e+02 8.548970000000000180e-02
3.719479999999999791e+02 8.549400000000000055e-02
3.721480000000000246e+02 8.549840000000000217e-02
3.723480000000000132e+02 8.550280000000000380e-02
3.725480000000000018e+02 8.550710000000000255e-02
3.727479999999999905e+02 8.551150000000000417e-02
3.729479999999999791e+02 8.551580000000000292e-02
3.731480000000000246e+02 8.552020000000000455e-02
3.733480000000000132e+02 8.552450000000000330e-02
3.735480000000000018e+02 8.552880000000000205e-02
3.737479999999999905e+02 8.553310000000000080e-02
3.739479999999999791e+02 8.553739999999999954e-02
3.741480000000000246e+02 8.554180000000000117e-02
3.743480000000000132e+02 8.554609999999999992e-02
3.745480000000000018e+02 8.555039999999999867e-02
3.747479999999999905e+02 8.555459999999999454e-02
3.749479999999999791e+02 8.555889999999999329e-02
3.751480000000000246e+02 8.556320000000000592e-02
3.753480000000000132e+02 8.556750000000000467e-02
3.755480000000000018e+02 8.557170000000000054e-02
3.757479999999999905e+02 8.557599999999999929e-02
3.759479999999999791e+02 8.558019999999999516e-02
3.761480000000000246e+02 8.558449999999999391e-02
3.763480000000000132e+02 8.558870000000000366e-02
3.765480000000000018e+02 8.559300000000000241e-02
3.767479999999999905e+02 8.559719999999999829e-02
3.769479999999999791e+02 8.560139999999999416e-02
3.771480000000000246e+02 8.560560000000000391e-02
3.773480000000000132e+02 8.560990000000000266e-02
3.775480000000000018e+02 8.561409999999999854e-02
3.777479999999999905e+02 8.561829999999999441e-02
3.779479999999999791e+02 8.562250000000000416e-02
3.781480000000000246e+02 8.562659999999999716e-02
3.783480000000000132e+02 8.563080000000000691e-02
3.785480000000000018e+02 8.563500000000000278e-02
3.787479999999999905e+02 8.563919999999999866e-02
3.789479999999999791e+02 8.564330000000000553e-02
3.791480000000000246e+02 8.564750000000000141e-02
3.793480000000000132e+02 8.565169999999999728e-02
3.795480000000000018e+02 8.565580000000000416e-02
3.797479999999999905e+02 8.565989999999999716e-02
3.799479999999999791e+02 8.566410000000000691e-02
3.801480000000000246e+02 8.566819999999999991e-02
3.803480000000000132e+02 8.567230000000000678e-02
3.805480000000000018e+02 8.567650000000000265e-02
3.807479999999999905e+02 8.568059999999999565e-02
3.809479999999999791e+02 8.568470000000000253e-02
3.811480000000000246e+02 8.568879999999999553e-02
3.813480000000000132e+02 8.569290000000000240e-02
3.815480000000000018e+02 8.569699999999999540e-02
3.817479999999999905e+02 8.570099999999999940e-02
3.819479999999999791e+02 8.570510000000000628e-02
3.821480000000000246e+02 8.570919999999999928e-02
3.823480000000000132e+02 8.571330000000000615e-02
3.825480000000000018e+02 8.571729999999999627e-02
3.827479999999999905e+02 8.572140000000000315e-02
3.829479999999999791e+02 8.572539999999999327e-02
3.831480000000000246e+02 8.572950000000000015e-02
3.833480000000000132e+02 8.573350000000000415e-02
3.835480000000000018e+02 8.573759999999999715e-02
3.837479999999999905e+02 8.574160000000000115e-02
3.839479999999999791e+02 8.574560000000000515e-02
3.841480000000000246e+02 8.574959999999999527e-02
3.843480000000000132e+02 8.575370000000000215e-02
3.845480000000000018e+02 8.575770000000000615e-02
3.847479999999999905e+02 8.576169999999999627e-02
3.849479999999999791e+02 8.576570000000000027e-02
3.851480000000000246e+02 8.576970000000000427e-02
3.853480000000000132e+02 8.577360000000000539e-02
3.855480000000000018e+02 8.577759999999999552e-02
3.857479999999999905e+02 8.578159999999999952e-02
3.859479999999999791e+02 8.578560000000000352e-02
3.861480000000000246e+02 8.578950000000000464e-02
3.863480000000000132e+02 8.579349999999999477e-02
3.865480000000000018e+02 8.579749999999999877e-02
3.867479999999999905e+02 8.580139999999999989e-02
3.869479999999999791e+02 8.580530000000000102e-02
3.871480000000000246e+02 8.580930000000000502e-02
3.873480000000000132e+02 8.581320000000000614e-02
3.875480000000000018e+02 8.581709999999999339e-02
3.877479999999999905e+02 8.582109999999999739e-02
3.879479999999999791e+02 8.582499999999999851e-02
3.881480000000000246e+02 8.582889999999999964e-02
3.883480000000000132e+02 8.583280000000000076e-02
3.885480000000000018e+02 8.583670000000000189e-02
3.887479999999999905e+02 8.584060000000000301e-02
3.889479999999999791e+02 8.584450000000000414e-02
3.891480000000000246e+02 8.584840000000000526e-02
3.893480000000000132e+02 8.585230000000000639e-02
3.895480000000000018e+02 8.585610000000000464e-02
3.897479999999999905e+02 8.586000000000000576e-02
3.899479999999999791e+02 8.586390000000000688e-02
3.901480000000000246e+02 8.586770000000000513e-02
3.903480000000000132e+02 8.587160000000000626e-02
3.905480000000000018e+02 8.587540000000000451e-02
3.907479999999999905e+02 8.587930000000000563e-02
3.909479999999999791e+02 8.588310000000000388e-02
3.911480000000000246e+02 8.588700000000000501e-02
3.913480000000000132e+02 8.589080000000000326e-02
3.915480000000000018e+02 8.589460000000000151e-02
3.917479999999999905e+02 8.589839999999999975e-02
3.919479999999999791e+02 8.590219999999999800e-02
3.921480000000000246e+02 8.590609999999999913e-02
3.923480000000000132e+02 8.590989999999999738e-02
3.925480000000000018e+02 8.591369999999999563e-02
3.927479999999999905e+02 8.591749999999999388e-02
3.929479999999999791e+02 8.592120000000000313e-02
3.931480000000000246e+02 8.592500000000000138e-02
3.933480000000000132e+02 8.592879999999999963e-02
3.935480000000000018e+02 8.593259999999999788e-02
3.937479999999999905e+02 8.593639999999999612e-02
3.939479999999999791e+02 8.594010000000000538e-02
3.941480000000000246e+02 8.594390000000000363e-02
3.943480000000000132e+02 8.594759999999999900e-02
3.945480000000000018e+02 8.595139999999999725e-02
3.947479999999999905e+02 8.595510000000000650e-02
3.949479999999999791e+02 8.595890000000000475e-02
3.951480000000000246e+02 8.596260000000000012e-02
3.953480000000000132e+02 8.596629999999999550e-02
3.955480000000000018e+02 8.597009999999999375e-02
3.957479999999999905e+02 8.597380000000000300e-02
3.959479999999999791e+02 8.597749999999999837e-02
3.961480000000000246e+02 8.598119999999999374e-02
3.963480000000000132e+02 8.598490000000000300e-02
3.965480000000000018e+02 8.598859999999999837e-02
3.967479999999999905e+02 8.599229999999999374e-02
3.969479999999999791e+02 8.599600000000000299e-02
3.971480000000000246e+02 8.599969999999999837e-02
3.973480000000000132e+02 8.600339999999999374e-02
3.975480000000000018e+02 8.600710000000000299e-02
3.977479999999999905e+02 8.601069999999999549e-02
3.979479999999999791e+02 8.601440000000000474e-02
3.981480000000000246e+02 8.601810000000000012e-02
3.983480000000000132e+02 8.602170000000000649e-02
3.985480000000000018e+02 8.602540000000000187e-02
3.987479999999999905e+02 8.602899999999999436e-02
3.989479999999999791e+02 8.603270000000000362e-02
3.991480000000000246e+02 8.603629999999999611e-02
3.993480000000000132e+02 8.603990000000000249e-02
3.995480000000000018e+02 8.604359999999999786e-02
3.995480000000000018e+02 8.604359999999999786e-02
3.995880000000000223e+02 8.604430000000000411e-02
3.996279999999999859e+02 8.604499999999999649e-02
3.997080000000000268e+02 8.604649999999999799e-02
3.998679999999999950e+02 8.604939999999999811e-02
4.000679999999999836e+02 8.605300000000000449e-02
4.002679999999999723e+02 8.605659999999999699e-02
4.004680000000000177e+02 8.606020000000000336e-02
4.006680000000000064e+02 8.606379999999999586e-02
4.008679999999999950e+02 8.606740000000000224e-02
4.010679999999999836e+02 8.607099999999999473e-02
4.012679999999999723e+02 8.607460000000000111e-02
4.014680000000000177e+02 8.607819999999999361e-02
4.016680000000000064e+02 8.608179999999999998e-02
4.018679999999999950e+02 8.608530000000000348e-02
4.020679999999999836e+02 8.608889999999999598e-02
4.022679999999999723e+02 8.609250000000000236e-02
4.024680000000000177e+02 8.609600000000000586e-02
4.026680000000000064e+02 8.609959999999999836e-02
4.028679999999999950e+02 8.610320000000000473e-02
4.030679999999999836e+02 8.610669999999999435e-02
4.032679999999999723e+02 8.611030000000000073e-02
4.034680000000000177e+02 8.611380000000000423e-02
4.036680000000000064e+02 8.611729999999999385e-02
4.038679999999999950e+02 8.612090000000000023e-02
4.040679999999999836e+02 8.612440000000000373e-02
4.042679999999999723e+02 8.612789999999999335e-02
4.044680000000000177e+02 8.613139999999999685e-02
4.046680000000000064e+02 8.613490000000000035e-02
4.048679999999999950e+02 8.613850000000000673e-02
4.050679999999999836e+02 8.614199999999999635e-02
4.052679999999999723e+02 8.614549999999999985e-02
4.054680000000000177e+02 8.614900000000000335e-02
4.056680000000000064e+02 8.615250000000000685e-02
4.058679999999999950e+02 8.615589999999999360e-02
4.060679999999999836e+02 8.615939999999999710e-02
4.062679999999999723e+02 8.616290000000000060e-02
4.064680000000000177e+02 8.616640000000000410e-02
4.066680000000000064e+02 8.616980000000000472e-02
4.068679999999999950e+02 8.617329999999999435e-02
4.070679999999999836e+02 8.617679999999999785e-02
4.072679999999999723e+02 8.618019999999999847e-02
4.074680000000000177e+02 8.618370000000000197e-02
4.076680000000000064e+02 8.618710000000000260e-02
4.078679999999999950e+02 8.619060000000000610e-02
4.080679999999999836e+02 8.619400000000000672e-02
4.082679999999999723e+02 8.619749999999999635e-02
4.084680000000000177e+02 8.620089999999999697e-02
4.086680000000000064e+02 8.620429999999999759e-02
4.088679999999999950e+02 8.620769999999999822e-02
4.090679999999999836e+02 8.621120000000000172e-02
4.092679999999999723e+02 8.621460000000000234e-02
4.094680000000000177e+02 8.621800000000000297e-02
4.096680000000000064e+02 8.622140000000000359e-02
4.098679999999999950e+02 8.622480000000000422e-02
4.100679999999999836e+02 8.622820000000000484e-02
4.102679999999999723e+02 8.623160000000000547e-02
4.104680000000000177e+02 8.623500000000000609e-02
4.106680000000000064e+02 8.623830000000000384e-02
4.108679999999999950e+02 8.624170000000000447e-02
4.110679999999999836e+02 8.624510000000000509e-02
4.112679999999999723e+02 8.624850000000000572e-02
4.114680000000000177e+02 8.625180000000000347e-02
4.116680000000000064e+02 8.625520000000000409e-02
4.118679999999999950e+02 8.625860000000000471e-02
4.120679999999999836e+02 8.626190000000000246e-02
4.122679999999999723e+02 8.626530000000000309e-02
4.124680000000000177e+02 8.626860000000000084e-02
4.126680000000000064e+02 8.627200000000000146e-02
4.128679999999999950e+02 8.627529999999999921e-02
4.130679999999999836e+02 8.627859999999999696e-02
4.132679999999999723e+02 8.628199999999999759e-02
4.134680000000000177e+02 8.628529999999999534e-02
4.136680000000000064e+02 8.628859999999999308e-02
4.138679999999999950e+02 8.629190000000000471e-02
4.140679999999999836e+02 8.629530000000000534e-02
4.142679999999999723e+02 8.629860000000000309e-02
4.144680000000000177e+02 8.630190000000000083e-02
4.146680000000000064e+02 8.630519999999999858e-02
4.148679999999999950e+02 8.630849999999999633e-02
4.150679999999999836e+02 8.631179999999999408e-02
4.152679999999999723e+02 8.631510000000000571e-02
4.154680000000000177e+02 8.631830000000000058e-02
4.156680000000000064e+02 8.632159999999999833e-02
4.158679999999999950e+02 8.632489999999999608e-02
4.160679999999999836e+02 8.632819999999999383e-02
4.162679999999999723e+02 8.633150000000000546e-02
4.164680000000000177e+02 8.633470000000000033e-02
4.166680000000000064e+02 8.633799999999999808e-02
4.168679999999999950e+02 8.634120000000000683e-02
4.170679999999999836e+02 8.634450000000000458e-02
4.172679999999999723e+02 8.634769999999999945e-02
4.174680000000000177e+02 8.635099999999999720e-02
4.176680000000000064e+02 8.635420000000000595e-02
4.178679999999999950e+02 8.635750000000000370e-02
4.180679999999999836e+02 8.636069999999999858e-02
4.182679999999999723e+02 8.636389999999999345e-02
4.184680000000000177e+02 8.636720000000000508e-02
4.186680000000000064e+02 8.637039999999999995e-02
4.188679999999999950e+02 8.637359999999999483e-02
4.190679999999999836e+02 8.637680000000000358e-02
4.192679999999999723e+02 8.637999999999999845e-02
4.194680000000000177e+02 8.638319999999999332e-02
4.196680000000000064e+02 8.638650000000000495e-02
4.198679999999999950e+02 8.638969999999999982e-02
4.200679999999999836e+02 8.639280000000000570e-02
4.202679999999999723e+02 8.639600000000000057e-02
4.204680000000000177e+02 8.639919999999999545e-02
4.206680000000000064e+02 8.640240000000000420e-02
4.208679999999999950e+02 8.640559999999999907e-02
4.210679999999999836e+02 8.640879999999999395e-02
4.212679999999999723e+02 8.641189999999999982e-02
4.214680000000000177e+02 8.641509999999999470e-02
4.216680000000000064e+02 8.641830000000000345e-02
4.218679999999999950e+02 8.642139999999999544e-02
4.220679999999999836e+02 8.642460000000000420e-02
4.222679999999999723e+02 8.642779999999999907e-02
4.224680000000000177e+02 8.643090000000000495e-02
4.226680000000000064e+02 8.643409999999999982e-02
4.228679999999999950e+02 8.643720000000000570e-02
4.230679999999999836e+02 8.644029999999999769e-02
4.232679999999999723e+02 8.644350000000000644e-02
4.234680000000000177e+02 8.644659999999999844e-02
4.236680000000000064e+02 8.644970000000000432e-02
4.238679999999999950e+02 8.645289999999999919e-02
4.240679999999999836e+02 8.645600000000000507e-02
4.242679999999999723e+02 8.645909999999999707e-02
4.244680000000000177e+02 8.646220000000000294e-02
4.246680000000000064e+02 8.646529999999999494e-02
4.248679999999999950e+02 8.646840000000000082e-02
4.250679999999999836e+02 8.647150000000000669e-02
4.252679999999999723e+02 8.647459999999999869e-02
4.254680000000000177e+02 8.647770000000000457e-02
4.256680000000000064e+02 8.648079999999999656e-02
4.258679999999999950e+02 8.648390000000000244e-02
4.260679999999999836e+02 8.648699999999999444e-02
4.262679999999999723e+02 8.649010000000000031e-02
4.264680000000000177e+02 8.649310000000000331e-02
4.266680000000000064e+02 8.649619999999999531e-02
4.268679999999999950e+02 8.649930000000000119e-02
4.270679999999999836e+02 8.650239999999999319e-02
4.272679999999999723e+02 8.650539999999999619e-02
4.274680000000000177e+02 8.650850000000000206e-02
4.276680000000000064e+02 8.651150000000000506e-02
4.278679999999999950e+02 8.651459999999999706e-02
4.280679999999999836e+02 8.651760000000000006e-02
4.282679999999999723e+02 8.652070000000000594e-02
4.284680000000000177e+02 8.652369999999999506e-02
4.286680000000000064e+02 8.652680000000000093e-02
4.288679999999999950e+02 8.652980000000000393e-02
4.290679999999999836e+02 8.653280000000000693e-02
4.292679999999999723e+02 8.653589999999999893e-02
4.294680000000000177e+02 8.653890000000000193e-02
4.296680000000000064e+02 8.654190000000000493e-02
4.298679999999999950e+02 8.654489999999999406e-02
4.300679999999999836e+02 8.654789999999999706e-02
4.302679999999999723e+02 8.655090000000000006e-02
4.304680000000000177e+02 8.655390000000000306e-02
4.306680000000000064e+02 8.655690000000000606e-02
4.308679999999999950e+02 8.655989999999999518e-02
4.310679999999999836e+02 8.656289999999999818e-02
4.312679999999999723e+02 8.656590000000000118e-02
4.314680000000000177e+02 8.656890000000000418e-02
4.316680000000000064e+02 8.657189999999999330e-02
4.318679999999999950e+02 8.657489999999999630e-02
4.320679999999999836e+02 8.657789999999999930e-02
4.322679999999999723e+02 8.658079999999999943e-02
4.324680000000000177e+02 8.658380000000000243e-02
4.326680000000000064e+02 8.658680000000000543e-02
4.328679999999999950e+02 8.658970000000000555e-02
4.330679999999999836e+02 8.659269999999999468e-02
4.332679999999999723e+02 8.659569999999999768e-02
4.334680000000000177e+02 8.659859999999999780e-02
4.336680000000000064e+02 8.660160000000000080e-02
4.338679999999999950e+02 8.660450000000000093e-02
4.340679999999999836e+02 8.660750000000000393e-02
4.342679999999999723e+02 8.661040000000000405e-02
4.344680000000000177e+02 8.661330000000000418e-02
4.346680000000000064e+02 8.661629999999999330e-02
4.348679999999999950e+02 8.661919999999999342e-02
4.350679999999999836e+02 8.662209999999999355e-02
4.352679999999999723e+02 8.662509999999999655e-02
4.354680000000000177e+02 8.662799999999999667e-02
4.356680000000000064e+02 8.663089999999999680e-02
4.358679999999999950e+02 8.663379999999999692e-02
4.360679999999999836e+02 8.663669999999999705e-02
4.362679999999999723e+02 8.663959999999999717e-02
4.364680000000000177e+02 8.664249999999999730e-02
4.366680000000000064e+02 8.664539999999999742e-02
4.368679999999999950e+02 8.664829999999999754e-02
4.370679999999999836e+02 8.665119999999999767e-02
4.372679999999999723e+02 8.665409999999999779e-02
4.374680000000000177e+02 8.665699999999999792e-02
4.376680000000000064e+02 8.665989999999999804e-02
4.378679999999999950e+02 8.666279999999999817e-02
4.380679999999999836e+02 8.666559999999999542e-02
4.382679999999999723e+02 8.666849999999999554e-02
4.384680000000000177e+02 8.667139999999999567e-02
4.386680000000000064e+02 8.667429999999999579e-02
4.388679999999999950e+02 8.667710000000000692e-02
4.388679999999999950e+02 8.667710000000000692e-02
4.389080000000000155e+02 8.667769999999999642e-02
4.389479999999999791e+02 8.667829999999999979e-02
4.390280000000000200e+02 8.667940000000000367e-02
4.391879999999999882e+02 8.668170000000000042e-02
4.393879999999999768e+02 8.668460000000000054e-02
4.395880000000000223e+02 8.668739999999999779e-02
4.397880000000000109e+02 8.669029999999999792e-02
4.399879999999999995e+02 8.669309999999999516e-02
4.401879999999999882e+02 8.669599999999999529e-02
4.403879999999999768e+02 8.669880000000000642e-02
4.405880000000000223e+02 8.670160000000000367e-02
4.407880000000000109e+02 8.670450000000000379e-02
4.409879999999999995e+02 8.670730000000000104e-02
4.411879999999999882e+02 8.671009999999999829e-02
4.413879999999999768e+02 8.671299999999999841e-02
4.415880000000000223e+02 8.671579999999999566e-02
4.417880000000000109e+02 8.671860000000000679e-02
4.419879999999999995e+02 8.672140000000000404e-02
4.421879999999999882e+02 8.672420000000000129e-02
4.423879999999999768e+02 8.672699999999999854e-02
4.425880000000000223e+02 8.672979999999999579e-02
4.427880000000000109e+02 8.673260000000000691e-02
4.429879999999999995e+02 8.673540000000000416e-02
4.431879999999999882e+02 8.673820000000000141e-02
4.433879999999999768e+02 8.674099999999999866e-02
4.435880000000000223e+02 8.674379999999999591e-02
4.437880000000000109e+02 8.674659999999999316e-02
4.439879999999999995e+02 8.674940000000000428e-02
4.441879999999999882e+02 8.675220000000000153e-02
4.443879999999999768e+02 8.675489999999999591e-02
4.445880000000000223e+02 8.675769999999999316e-02
4.447880000000000109e+02 8.676050000000000428e-02
4.449879999999999995e+02 8.676330000000000153e-02
4.451879999999999882e+02 8.676599999999999591e-02
4.453879999999999768e+02 8.676879999999999316e-02
4.455880000000000223e+02 8.677150000000000141e-02
4.457880000000000109e+02 8.677429999999999866e-02
4.459879999999999995e+02 8.677700000000000691e-02
4.461879999999999882e+02 8.677980000000000416e-02
4.463879999999999768e+02 8.678249999999999853e-02
4.465880000000000223e+02 8.678529999999999578e-02
4.467880000000000109e+02 8.678800000000000403e-02
4.469879999999999995e+02 8.679080000000000128e-02
4.471879999999999882e+02 8.679349999999999565e-02
4.473879999999999768e+02 8.679620000000000390e-02
4.475880000000000223e+02 8.679900000000000115e-02
4.477880000000000109e+02 8.680169999999999553e-02
4.479879999999999995e+02 8.680440000000000378e-02
4.481879999999999882e+02 8.680709999999999815e-02
4.483879999999999768e+02 8.680980000000000640e-02
4.485880000000000223e+02 8.681260000000000365e-02
4.487880000000000109e+02 8.681529999999999803e-02
4.489879999999999995e+02 8.681800000000000628e-02
4.491879999999999882e+02 8.682070000000000065e-02
4.493879999999999768e+02 8.682339999999999502e-02
4.495880000000000223e+02 8.682610000000000328e-02
4.497880000000000109e+02 8.682879999999999765e-02
4.499879999999999995e+02 8.683150000000000590e-02
4.501879999999999882e+02 8.683420000000000027e-02
4.503879999999999768e+02 8.683689999999999465e-02
4.505880000000000223e+02 8.683950000000000002e-02
4.507880000000000109e+02 8.684219999999999440e-02
4.509879999999999995e+02 8.684490000000000265e-02
4.511879999999999882e+02 8.684759999999999702e-02
4.513879999999999768e+02 8.685020000000000240e-02
4.515880000000000223e+02 8.685289999999999677e-02
4.517880000000000109e+02 8.685560000000000502e-02
4.519879999999999995e+02 8.685819999999999652e-02
4.521879999999999882e+02 8.686090000000000477e-02
4.523879999999999768e+02 8.686359999999999915e-02
4.525880000000000223e+02 8.686620000000000452e-02
4.527880000000000109e+02 8.686889999999999890e-02
4.529879999999999995e+02 8.687150000000000427e-02
4.531879999999999882e+02 8.687419999999999864e-02
4.533879999999999768e+02 8.687680000000000402e-02
4.535880000000000223e+02 8.687939999999999552e-02
4.537880000000000109e+02 8.688210000000000377e-02
4.539879999999999995e+02 8.688469999999999527e-02
4.541879999999999882e+02 8.688740000000000352e-02
4.543879999999999768e+02 8.688999999999999502e-02
4.545880000000000223e+02 8.689260000000000039e-02
4.547880000000000109e+02 8.689520000000000577e-02
4.549879999999999995e+02 8.689790000000000014e-02
4.551879999999999882e+02 8.690050000000000552e-02
4.553879999999999768e+02 8.690309999999999702e-02
4.555880000000000223e+02 8.690570000000000239e-02
4.557880000000000109e+02 8.690829999999999389e-02
4.559879999999999995e+02 8.691089999999999927e-02
4.561879999999999882e+02 8.691350000000000464e-02
4.563879999999999768e+02 8.691609999999999614e-02
4.565880000000000223e+02 8.691870000000000152e-02
4.567880000000000109e+02 8.692130000000000689e-02
4.569879999999999995e+02 8.692389999999999839e-02
4.571879999999999882e+02 8.692650000000000376e-02
4.573879999999999768e+02 8.692909999999999526e-02
4.575880000000000223e+02 8.693170000000000064e-02
4.577880000000000109e+02 8.693430000000000601e-02
4.579879999999999995e+02 8.693679999999999464e-02
4.581879999999999882e+02 8.693940000000000001e-02
4.583879999999999768e+02 8.694200000000000539e-02
4.585880000000000223e+02 8.694449999999999401e-02
4.587880000000000109e+02 8.694709999999999939e-02
4.589879999999999995e+02 8.694970000000000476e-02
4.591879999999999882e+02 8.695219999999999339e-02
4.593879999999999768e+02 8.695479999999999876e-02
4.595880000000000223e+02 8.695740000000000414e-02
4.597880000000000109e+02 8.695990000000000664e-02
4.599879999999999995e+02 8.696249999999999813e-02
4.601879999999999882e+02 8.696500000000000064e-02
4.603879999999999768e+02 8.696760000000000601e-02
4.605880000000000223e+02 8.697009999999999463e-02
4.607880000000000109e+02 8.697259999999999713e-02
4.609879999999999995e+02 8.697520000000000251e-02
4.611879999999999882e+02 8.697770000000000501e-02
4.613879999999999768e+02 8.698029999999999651e-02
4.615880000000000223e+02 8.698279999999999901e-02
4.617880000000000109e+02 8.698530000000000151e-02
4.619879999999999995e+02 8.698780000000000401e-02
4.621879999999999882e+02 8.699039999999999551e-02
4.623879999999999768e+02 8.699289999999999801e-02
4.625880000000000223e+02 8.699540000000000051e-02
4.627880000000000109e+02 8.699790000000000301e-02
4.629879999999999995e+02 8.700040000000000551e-02
4.631879999999999882e+02 8.700289999999999413e-02
4.633879999999999768e+02 8.700539999999999663e-02
4.635880000000000223e+02 8.700789999999999913e-02
4.637880000000000109e+02 8.701040000000000163e-02
4.639879999999999995e+02 8.701290000000000413e-02
4.641879999999999882e+02 8.701540000000000663e-02
4.643879999999999768e+02 8.701789999999999525e-02
4.645880000000000223e+02 8.702039999999999775e-02
4.647880000000000109e+02 8.702290000000000025e-02
4.649879999999999995e+02 8.702540000000000275e-02
4.651879999999999882e+02 8.702790000000000525e-02
4.653879999999999768e+02 8.703030000000000488e-02
4.655880000000000223e+02 8.703279999999999350e-02
4.657880000000000109e+02 8.703529999999999600e-02
4.659879999999999995e+02 8.703779999999999850e-02
4.661879999999999882e+02 8.704019999999999813e-02
4.663879999999999768e+02 8.704270000000000063e-02
4.665880000000000223e+02 8.704520000000000313e-02
4.667880000000000109e+02 8.704760000000000275e-02
4.669879999999999995e+02 8.705010000000000525e-02
4.671879999999999882e+02 8.705250000000000488e-02
4.673879999999999768e+02 8.705499999999999350e-02
4.675880000000000223e+02 8.705749999999999600e-02
4.677880000000000109e+02 8.705989999999999562e-02
4.679879999999999995e+02 8.706229999999999525e-02
4.681879999999999882e+02 8.706479999999999775e-02
4.683879999999999768e+02 8.706719999999999737e-02
4.685880000000000223e+02 8.706969999999999987e-02
4.687880000000000109e+02 8.707209999999999950e-02
4.689879999999999995e+02 8.707449999999999912e-02
4.691879999999999882e+02 8.707700000000000162e-02
4.693879999999999768e+02 8.707940000000000125e-02
4.695880000000000223e+02 8.708180000000000087e-02
4.697880000000000109e+02 8.708420000000000050e-02
4.699879999999999995e+02 8.708670000000000300e-02
4.701879999999999882e+02 8.708910000000000262e-02
4.703879999999999768e+02 8.709150000000000225e-02
4.705880000000000223e+02 8.709390000000000187e-02
4.707880000000000109e+02 8.709630000000000150e-02
4.709879999999999995e+02 8.709870000000000112e-02
4.711879999999999882e+02 8.710110000000000074e-02
4.713879999999999768e+02 8.710350000000000037e-02
4.715880000000000223e+02 8.710589999999999999e-02
4.717880000000000109e+02 8.710829999999999962e-02
4.719879999999999995e+02 8.711069999999999924e-02
4.721879999999999882e+02 8.711309999999999887e-02
4.723879999999999768e+02 8.711549999999999849e-02
4.725880000000000223e+02 8.711789999999999812e-02
4.727880000000000109e+02 8.712029999999999774e-02
4.729879999999999995e+02 8.712269999999999737e-02
4.731879999999999882e+02 8.712509999999999699e-02
4.733879999999999768e+02 8.712739999999999374e-02
4.735880000000000223e+02 8.712979999999999337e-02
4.737880000000000109e+02 8.713220000000000687e-02
4.739879999999999995e+02 8.713460000000000649e-02
4.741879999999999882e+02 8.713690000000000324e-02
4.743879999999999768e+02 8.713930000000000287e-02
4.745880000000000223e+02 8.714170000000000249e-02
4.747880000000000109e+02 8.714399999999999924e-02
4.749879999999999995e+02 8.714639999999999886e-02
4.751879999999999882e+02 8.714869999999999561e-02
4.753879999999999768e+02 8.715109999999999524e-02
4.755880000000000223e+02 8.715349999999999486e-02
4.757880000000000109e+02 8.715580000000000549e-02
4.759879999999999995e+02 8.715820000000000511e-02
4.761879999999999882e+02 8.716050000000000186e-02
4.763879999999999768e+02 8.716279999999999861e-02
4.765880000000000223e+02 8.716519999999999824e-02
4.767880000000000109e+02 8.716749999999999499e-02
4.769879999999999995e+02 8.716989999999999461e-02
4.771879999999999882e+02 8.717220000000000524e-02
4.773879999999999768e+02 8.717450000000000199e-02
4.775880000000000223e+02 8.717679999999999874e-02
4.777880000000000109e+02 8.717919999999999836e-02
4.779879999999999995e+02 8.718149999999999511e-02
4.781879999999999882e+02 8.718380000000000574e-02
4.781879999999999882e+02 8.718380000000000574e-02
4.782280000000000086e+02 8.718430000000000624e-02
4.782679999999999723e+02 8.718470000000000386e-02
4.783480000000000132e+02 8.718570000000000486e-02
4.785079999999999814e+02 8.718750000000000111e-02
4.787080000000000268e+02 8.718979999999999786e-02
4.789080000000000155e+02 8.719219999999999748e-02
4.791080000000000041e+02 8.719449999999999423e-02
4.793079999999999927e+02 8.719680000000000486e-02
4.795079999999999814e+02 8.719910000000000161e-02
4.797080000000000268e+02 8.720139999999999836e-02
4.799080000000000155e+02 8.720369999999999511e-02
4.801080000000000041e+02 8.720600000000000573e-02
4.803079999999999927e+02 8.720830000000000248e-02
4.805079999999999814e+02 8.721059999999999923e-02
4.807080000000000268e+02 8.721289999999999598e-02
4.809080000000000155e+02 8.721520000000000661e-02
4.811080000000000041e+02 8.721740000000000048e-02
4.813079999999999927e+02 8.721969999999999723e-02
4.815079999999999814e+02 8.722199999999999398e-02
4.817080000000000268e+02 8.722430000000000461e-02
4.819080000000000155e+02 8.722660000000000136e-02
4.821080000000000041e+02 8.722879999999999523e-02
4.823079999999999927e+02 8.723110000000000586e-02
4.825079999999999814e+02 8.723340000000000261e-02
4.827080000000000268e+02 8.723569999999999935e-02
4.829080000000000155e+02 8.723789999999999323e-02
4.831080000000000041e+02 8.724020000000000385e-02
4.833079999999999927e+02 8.724250000000000060e-02
4.835079999999999814e+02 8.724469999999999448e-02
4.837080000000000268e+02 8.724700000000000510e-02
4.839080000000000155e+02 8.724919999999999898e-02
4.841080000000000041e+02 8.725149999999999573e-02
4.843079999999999927e+02 8.725370000000000348e-02
4.845079999999999814e+02 8.725600000000000023e-02
4.847080000000000268e+02 8.725819999999999410e-02
4.849080000000000155e+02 8.726050000000000473e-02
4.851080000000000041e+02 8.726269999999999860e-02
4.853079999999999927e+02 8.726499999999999535e-02
4.855079999999999814e+02 8.726720000000000310e-02
4.857080000000000268e+02 8.726939999999999698e-02
4.859080000000000155e+02 8.727169999999999372e-02
4.861080000000000041e+02 8.727390000000000148e-02
4.863079999999999927e+02 8.727609999999999535e-02
4.865079999999999814e+02 8.727830000000000310e-02
4.867080000000000268e+02 8.728059999999999985e-02
4.869080000000000155e+02 8.728279999999999372e-02
4.871080000000000041e+02 8.728500000000000147e-02
4.873079999999999927e+02 8.728719999999999535e-02
4.875079999999999814e+02 8.728940000000000310e-02
4.877080000000000268e+02 8.729169999999999985e-02
4.879080000000000155e+02 8.729389999999999372e-02
4.881080000000000041e+02 8.729610000000000147e-02
4.883079999999999927e+02 8.729829999999999535e-02
4.885079999999999814e+02 8.730050000000000310e-02
4.887080000000000268e+02 8.730269999999999697e-02
4.889080000000000155e+02 8.730490000000000472e-02
4.891080000000000041e+02 8.730709999999999860e-02
4.893079999999999927e+02 8.730930000000000635e-02
4.895079999999999814e+02 8.731150000000000022e-02
4.897080000000000268e+02 8.731369999999999409e-02
4.899080000000000155e+02 8.731590000000000185e-02
4.901080000000000041e+02 8.731809999999999572e-02
4.903079999999999927e+02 8.732020000000000060e-02
4.905079999999999814e+02 8.732239999999999447e-02
4.907080000000000268e+02 8.732460000000000222e-02
4.909080000000000155e+02 8.732679999999999609e-02
4.911080000000000041e+02 8.732900000000000384e-02
4.913079999999999927e+02 8.733109999999999484e-02
4.915079999999999814e+02 8.733330000000000259e-02
4.917080000000000268e+02 8.733549999999999647e-02
4.919080000000000155e+02 8.733760000000000134e-02
4.921080000000000041e+02 8.733979999999999522e-02
4.923079999999999927e+02 8.734200000000000297e-02
4.925079999999999814e+02 8.734409999999999397e-02
4.927080000000000268e+02 8.734630000000000172e-02
4.929080000000000155e+02 8.734849999999999559e-02
4.931080000000000041e+02 8.735060000000000047e-02
4.933079999999999927e+02 8.735279999999999434e-02
4.935079999999999814e+02 8.735489999999999922e-02
4.937080000000000268e+02 8.735709999999999309e-02
4.939080000000000155e+02 8.735919999999999797e-02
4.941080000000000041e+02 8.736140000000000572e-02
4.943079999999999927e+02 8.736349999999999671e-02
4.945079999999999814e+02 8.736560000000000159e-02
4.947080000000000268e+02 8.736779999999999546e-02
4.949080000000000155e+02 8.736990000000000034e-02
4.951080000000000041e+02 8.737209999999999421e-02
4.953079999999999927e+02 8.737419999999999909e-02
4.955079999999999814e+02 8.737630000000000396e-02
4.957080000000000268e+02 8.737839999999999496e-02
4.959080000000000155e+02 8.738060000000000271e-02
4.961080000000000041e+02 8.738269999999999371e-02
4.963079999999999927e+02 8.738479999999999859e-02
4.965079999999999814e+02 8.738690000000000346e-02
4.967080000000000268e+02 8.738909999999999734e-02
4.969080000000000155e+02 8.739120000000000221e-02
4.971080000000000041e+02 8.739329999999999321e-02
4.973079999999999927e+02 8.739539999999999809e-02
4.975079999999999814e+02 8.739750000000000296e-02
4.977080000000000268e+02 8.739959999999999396e-02
4.979080000000000155e+02 8.740169999999999884e-02
4.981080000000000041e+02 8.740380000000000371e-02
4.983079999999999927e+02 8.740589999999999471e-02
4.985079999999999814e+02 8.740799999999999959e-02
4.987080000000000268e+02 8.741010000000000446e-02
4.989080000000000155e+02 8.741219999999999546e-02
4.991080000000000041e+02 8.741430000000000033e-02
4.993079999999999927e+02 8.741640000000000521e-02
4.995079999999999814e+02 8.741849999999999621e-02
4.997080000000000268e+02 8.742060000000000108e-02
4.999080000000000155e+02 8.742270000000000596e-02
5.001080000000000041e+02 8.742479999999999696e-02
5.003079999999999927e+02 8.742679999999999896e-02
5.005079999999999814e+02 8.742890000000000383e-02
5.007080000000000268e+02 8.743099999999999483e-02
5.009080000000000155e+02 8.743309999999999971e-02
5.011080000000000041e+02 8.743510000000000171e-02
5.013079999999999927e+02 8.743720000000000658e-02
5.015079999999999814e+02 8.743929999999999758e-02
5.017080000000000268e+02 8.744140000000000246e-02
5.019080000000000155e+02 8.744340000000000446e-02
5.021080000000000041e+02 8.744549999999999546e-02
5.023079999999999927e+02 8.744749999999999746e-02
5.025079999999999814e+02 8.744960000000000233e-02
5.027080000000000268e+02 8.745169999999999333e-02
5.029080000000000155e+02 8.745369999999999533e-02
5.031080000000000041e+02 8.745580000000000020e-02
5.033079999999999927e+02 8.745780000000000221e-02
5.035079999999999814e+02 8.745989999999999320e-02
5.037080000000000268e+02 8.746189999999999520e-02
5.039080000000000155e+02 8.746400000000000008e-02
5.041080000000000041e+02 8.746600000000000208e-02
5.043079999999999927e+02 8.746809999999999308e-02
5.045079999999999814e+02 8.747009999999999508e-02
5.047080000000000268e+02 8.747209999999999708e-02
5.049080000000000155e+02 8.747420000000000195e-02
5.051080000000000041e+02 8.747620000000000395e-02
5.053079999999999927e+02 8.747820000000000595e-02
5.055079999999999814e+02 8.748029999999999695e-02
5.057080000000000268e+02 8.748229999999999895e-02
5.059080000000000155e+02 8.748430000000000095e-02
5.061080000000000041e+02 8.748640000000000583e-02
5.063079999999999927e+02 8.748839999999999395e-02
5.065079999999999814e+02 8.749039999999999595e-02
5.067080000000000268e+02 8.749239999999999795e-02
5.069080000000000155e+02 8.749439999999999995e-02
5.071080000000000041e+02 8.749650000000000483e-02
5.073079999999999927e+02 8.749850000000000683e-02
5.075079999999999814e+02 8.750049999999999495e-02
5.077080000000000268e+02 8.750249999999999695e-02
5.079080000000000155e+02 8.750449999999999895e-02
5.081080000000000041e+02 8.750650000000000095e-02
5.083079999999999927e+02 8.750850000000000295e-02
5.085079999999999814e+02 8.751050000000000495e-02
5.087080000000000268e+02 8.751249999999999307e-02
5.089080000000000155e+02 8.751449999999999507e-02
5.091080000000000041e+02 8.751649999999999707e-02
5.093079999999999927e+02 8.751849999999999907e-02
5.095079999999999814e+02 8.752050000000000107e-02
5.097080000000000268e+02 8.752250000000000307e-02
5.099080000000000155e+02 8.752450000000000507e-02
5.101080000000000041e+02 8.752649999999999320e-02
5.103079999999999927e+02 8.752849999999999520e-02
5.105079999999999814e+02 8.753039999999999432e-02
5.107080000000000268e+02 8.753239999999999632e-02
5.109080000000000155e+02 8.753439999999999832e-02
5.111080000000000041e+02 8.753640000000000032e-02
5.113079999999999927e+02 8.753840000000000232e-02
5.115079999999999814e+02 8.754030000000000145e-02
5.117080000000000268e+02 8.754230000000000345e-02
5.119080000000000155e+02 8.754430000000000545e-02
5.121079999999999472e+02 8.754620000000000457e-02
5.123079999999999927e+02 8.754820000000000657e-02
5.125080000000000382e+02 8.755019999999999469e-02
5.127079999999999700e+02 8.755209999999999382e-02
5.129080000000000155e+02 8.755409999999999582e-02
5.131079999999999472e+02 8.755609999999999782e-02
5.133079999999999927e+02 8.755799999999999694e-02
5.135080000000000382e+02 8.755999999999999894e-02
5.137079999999999700e+02 8.756189999999999807e-02
5.139080000000000155e+02 8.756390000000000007e-02
5.141079999999999472e+02 8.756579999999999919e-02
5.143079999999999927e+02 8.756780000000000119e-02
5.145080000000000382e+02 8.756970000000000032e-02
5.147079999999999700e+02 8.757170000000000232e-02
5.149080000000000155e+02 8.757360000000000144e-02
5.151079999999999472e+02 8.757560000000000344e-02
5.153079999999999927e+02 8.757750000000000257e-02
5.155080000000000382e+02 8.757940000000000169e-02
5.157079999999999700e+02 8.758140000000000369e-02
5.159080000000000155e+02 8.758330000000000282e-02
5.161079999999999472e+02 8.758520000000000194e-02
5.163079999999999927e+02 8.758720000000000394e-02
5.165080000000000382e+02 8.758910000000000307e-02
5.167079999999999700e+02 8.759100000000000219e-02
5.169080000000000155e+02 8.759300000000000419e-02
5.171079999999999472e+02 8.759490000000000332e-02
5.173079999999999927e+02 8.759680000000000244e-02
5.175080000000000382e+02 8.759870000000000156e-02
5.175080000000000382e+02 8.759870000000000156e-02
5.175480000000000018e+02 8.759909999999999919e-02
5.175879999999999654e+02 8.759949999999999681e-02
5.176680000000000064e+02 8.760030000000000594e-02
5.178279999999999745e+02 8.760179999999999356e-02
5.180280000000000200e+02 8.760370000000000656e-02
5.182279999999999518e+02 8.760560000000000569e-02
5.184279999999999973e+02 8.760750000000000481e-02
5.186280000000000427e+02 8.760950000000000681e-02
5.188279999999999745e+02 8.761140000000000594e-02
5.190280000000000200e+02 8.761330000000000506e-02
5.192279999999999518e+02 8.761520000000000419e-02
5.194279999999999973e+02 8.761710000000000331e-02
5.196280000000000427e+02 8.761900000000000244e-02
5.198279999999999745e+02 8.762090000000000156e-02
5.200280000000000200e+02 8.762280000000000069e-02
5.202279999999999518e+02 8.762469999999999981e-02
5.204279999999999973e+02 8.762659999999999894e-02
5.206280000000000427e+02 8.762849999999999806e-02
5.208279999999999745e+02 8.763039999999999718e-02
5.210280000000000200e+02 8.763219999999999343e-02
5.212279999999999518e+02 8.763410000000000644e-02
5.214279999999999973e+02 8.763600000000000556e-02
5.216280000000000427e+02 8.763790000000000469e-02
5.218279999999999745e+02 8.763980000000000381e-02
5.220280000000000200e+02 8.764170000000000293e-02
5.222279999999999518e+02 8.764360000000000206e-02
5.224279999999999973e+02 8.764539999999999831e-02
5.226280000000000427e+02 8.764729999999999743e-02
5.228279999999999745e+02 8.764919999999999656e-02
5.230280000000000200e+02 8.765109999999999568e-02
5.232279999999999518e+02 8.765290000000000581e-02
5.234279999999999973e+02 8.765480000000000493e-02
5.236280000000000427e+02 8.765670000000000406e-02
5.238279999999999745e+02 8.765850000000000031e-02
5.240280000000000200e+02 8.766039999999999943e-02
5.242279999999999518e+02 8.766229999999999856e-02
5.244279999999999973e+02 8.766409999999999481e-02
5.246280000000000427e+02 8.766599999999999393e-02
5.248279999999999745e+02 8.766780000000000406e-02
5.250280000000000200e+02 8.766970000000000318e-02
5.252279999999999518e+02 8.767149999999999943e-02
5.254279999999999973e+02 8.767339999999999856e-02
5.256280000000000427e+02 8.767529999999999768e-02
5.258279999999999745e+02 8.767709999999999393e-02
5.260280000000000200e+02 8.767890000000000406e-02
5.262279999999999518e+02 8.768080000000000318e-02
5.264279999999999973e+02 8.768259999999999943e-02
5.266280000000000427e+02 8.768449999999999855e-02
5.268279999999999745e+02 8.768629999999999480e-02
5.270280000000000200e+02 8.768819999999999393e-02
5.272279999999999518e+02 8.769000000000000405e-02
5.274279999999999973e+02 8.769180000000000030e-02
5.276280000000000427e+02 8.769369999999999943e-02
5.278279999999999745e+02 8.769549999999999568e-02
5.280280000000000200e+02 8.769730000000000580e-02
5.282279999999999518e+02 8.769920000000000493e-02
5.284279999999999973e+02 8.770100000000000118e-02
5.286280000000000427e+02 8.770279999999999743e-02
5.288279999999999745e+02 8.770459999999999368e-02
5.290280000000000200e+02 8.770650000000000668e-02
5.292279999999999518e+02 8.770830000000000293e-02
5.294279999999999973e+02 8.771009999999999918e-02
5.296280000000000427e+02 8.771189999999999543e-02
5.298279999999999745e+02 8.771370000000000555e-02
5.300280000000000200e+02 8.771560000000000468e-02
5.302279999999999518e+02 8.771740000000000093e-02
5.304279999999999973e+02 8.771919999999999717e-02
5.306280000000000427e+02 8.772099999999999342e-02
5.308279999999999745e+02 8.772280000000000355e-02
5.310280000000000200e+02 8.772459999999999980e-02
5.312279999999999518e+02 8.772639999999999605e-02
5.314279999999999973e+02 8.772820000000000618e-02
5.316280000000000427e+02 8.773000000000000242e-02
5.318279999999999745e+02 8.773179999999999867e-02
5.320280000000000200e+02 8.773359999999999492e-02
5.322279999999999518e+02 8.773540000000000505e-02
5.324279999999999973e+02 8.773720000000000130e-02
5.326280000000000427e+02 8.773899999999999755e-02
5.328279999999999745e+02 8.774079999999999380e-02
5.330280000000000200e+02 8.774260000000000392e-02
5.332279999999999518e+02 8.774440000000000017e-02
5.334279999999999973e+02 8.774619999999999642e-02
5.336280000000000427e+02 8.774800000000000655e-02
5.338279999999999745e+02 8.774969999999999992e-02
5.340280000000000200e+02 8.775149999999999617e-02
5.342279999999999518e+02 8.775330000000000630e-02
5.344279999999999973e+02 8.775510000000000255e-02
5.346280000000000427e+02 8.775689999999999880e-02
5.348279999999999745e+02 8.775860000000000605e-02
5.350280000000000200e+02 8.776040000000000230e-02
5.352279999999999518e+02 8.776219999999999855e-02
5.354279999999999973e+02 8.776399999999999479e-02
5.356280000000000427e+02 8.776570000000000205e-02
5.358279999999999745e+02 8.776749999999999829e-02
5.360280000000000200e+02 8.776929999999999454e-02
5.362279999999999518e+02 8.777100000000000180e-02
5.364279999999999973e+02 8.777279999999999804e-02
5.366280000000000427e+02 8.777459999999999429e-02
5.368279999999999745e+02 8.777630000000000154e-02
5.370280000000000200e+02 8.777809999999999779e-02
5.372279999999999518e+02 8.777980000000000504e-02
5.374279999999999973e+02 8.778160000000000129e-02
5.376280000000000427e+02 8.778329999999999467e-02
5.378279999999999745e+02 8.778510000000000479e-02
5.380280000000000200e+02 8.778690000000000104e-02
5.382279999999999518e+02 8.778859999999999442e-02
5.384279999999999973e+02 8.779040000000000454e-02
5.386280000000000427e+02 8.779209999999999792e-02
5.388279999999999745e+02 8.779380000000000517e-02
5.390280000000000200e+02 8.779560000000000142e-02
5.392279999999999518e+02 8.779729999999999479e-02
5.394279999999999973e+02 8.779910000000000492e-02
5.396280000000000427e+02 8.780079999999999829e-02
5.398279999999999745e+02 8.780259999999999454e-02
5.400280000000000200e+02 8.780430000000000179e-02
5.402279999999999518e+02 8.780599999999999516e-02
5.404279999999999973e+02 8.780780000000000529e-02
5.406280000000000427e+02 8.780949999999999867e-02
5.408279999999999745e+02 8.781120000000000592e-02
5.410280000000000200e+02 8.781300000000000217e-02
5.412279999999999518e+02 8.781469999999999554e-02
5.414279999999999973e+02 8.781640000000000279e-02
5.416280000000000427e+02 8.781809999999999616e-02
5.418279999999999745e+02 8.781990000000000629e-02
5.420280000000000200e+02 8.782159999999999966e-02
5.422279999999999518e+02 8.782330000000000692e-02
5.424279999999999973e+02 8.782500000000000029e-02
5.426280000000000427e+02 8.782669999999999366e-02
5.428279999999999745e+02 8.782840000000000091e-02
5.430280000000000200e+02 8.783019999999999716e-02
5.432279999999999518e+02 8.783190000000000441e-02
5.434279999999999973e+02 8.783359999999999779e-02
5.436290000000000191e+02 8.783530000000000504e-02
5.438289999999999509e+02 8.783699999999999841e-02
5.440289999999999964e+02 8.783870000000000566e-02
5.442290000000000418e+02 8.784039999999999904e-02
5.444289999999999736e+02 8.784210000000000629e-02
5.446290000000000191e+02 8.784379999999999966e-02
5.448289999999999509e+02 8.784550000000000691e-02
5.450289999999999964e+02 8.784720000000000029e-02
5.452290000000000418e+02 8.784889999999999366e-02
5.454289999999999736e+02 8.785060000000000091e-02
5.456290000000000191e+02 8.785229999999999428e-02
5.458289999999999509e+02 8.785400000000000154e-02
5.460289999999999964e+02 8.785569999999999491e-02
5.462290000000000418e+02 8.785740000000000216e-02
5.464289999999999736e+02 8.785909999999999553e-02
5.466290000000000191e+02 8.786080000000000279e-02
5.468289999999999509e+02 8.786249999999999616e-02
5.470289999999999964e+02 8.786410000000000053e-02
5.472290000000000418e+02 8.786579999999999391e-02
5.474289999999999736e+02 8.786750000000000116e-02
5.476290000000000191e+02 8.786919999999999453e-02
5.478289999999999509e+02 8.787090000000000178e-02
5.480289999999999964e+02 8.787250000000000616e-02
5.482290000000000418e+02 8.787419999999999953e-02
5.484289999999999736e+02 8.787590000000000678e-02
5.486290000000000191e+02 8.787760000000000016e-02
5.488289999999999509e+02 8.787920000000000453e-02
5.490289999999999964e+02 8.788089999999999791e-02
5.492290000000000418e+02 8.788260000000000516e-02
5.494289999999999736e+02 8.788419999999999566e-02
5.496290000000000191e+02 8.788590000000000291e-02
5.498289999999999509e+02 8.788759999999999628e-02
5.500289999999999964e+02 8.788920000000000066e-02
5.502290000000000418e+02 8.789089999999999403e-02
5.504289999999999736e+02 8.789260000000000128e-02
5.506290000000000191e+02 8.789420000000000566e-02
5.508289999999999509e+02 8.789589999999999903e-02
5.510289999999999964e+02 8.789750000000000341e-02
5.512290000000000418e+02 8.789919999999999678e-02
5.514289999999999736e+02 8.790080000000000116e-02
5.516290000000000191e+02 8.790249999999999453e-02
5.518289999999999509e+02 8.790409999999999890e-02
5.520289999999999964e+02 8.790580000000000616e-02
5.522290000000000418e+02 8.790739999999999665e-02
5.524289999999999736e+02 8.790910000000000390e-02
5.526290000000000191e+02 8.791069999999999440e-02
5.528289999999999509e+02 8.791240000000000165e-02
5.530289999999999964e+02 8.791400000000000603e-02
5.532290000000000418e+02 8.791569999999999940e-02
5.534289999999999736e+02 8.791730000000000378e-02
5.536290000000000191e+02 8.791889999999999428e-02
5.538289999999999509e+02 8.792060000000000153e-02
5.540289999999999964e+02 8.792220000000000590e-02
5.542290000000000418e+02 8.792389999999999928e-02
5.544289999999999736e+02 8.792550000000000365e-02
5.546290000000000191e+02 8.792709999999999415e-02
5.548289999999999509e+02 8.792869999999999853e-02
5.550289999999999964e+02 8.793040000000000578e-02
5.552290000000000418e+02 8.793199999999999628e-02
5.554289999999999736e+02 8.793360000000000065e-02
5.556290000000000191e+02 8.793529999999999403e-02
5.558289999999999509e+02 8.793689999999999840e-02
5.560289999999999964e+02 8.793850000000000278e-02
5.562290000000000418e+02 8.794009999999999327e-02
5.564289999999999736e+02 8.794169999999999765e-02
5.566290000000000191e+02 8.794340000000000490e-02
5.568289999999999509e+02 8.794499999999999540e-02
5.568289999999999509e+02 8.794499999999999540e-02
5.568690000000000282e+02 8.794530000000000403e-02
5.569089999999999918e+02 8.794559999999999877e-02
5.569890000000000327e+02 8.794630000000000503e-02
5.571490000000000009e+02 8.794760000000000078e-02
5.573490000000000464e+02 8.794920000000000515e-02
5.575489999999999782e+02 8.795079999999999565e-02
5.577490000000000236e+02 8.795240000000000002e-02
5.579489999999999554e+02 8.795400000000000440e-02
5.581490000000000009e+02 8.795559999999999490e-02
5.583490000000000464e+02 8.795719999999999927e-02
5.585489999999999782e+02 8.795880000000000365e-02
5.587490000000000236e+02 8.796039999999999415e-02
5.589489999999999554e+02 8.796199999999999852e-02
5.591490000000000009e+02 8.796360000000000290e-02
5.593490000000000464e+02 8.796519999999999340e-02
5.595489999999999782e+02 8.796679999999999777e-02
5.597490000000000236e+02 8.796840000000000215e-02
5.599489999999999554e+02 8.797000000000000652e-02
5.601490000000000009e+02 8.797159999999999702e-02
5.603490000000000464e+02 8.797320000000000140e-02
5.605489999999999782e+02 8.797480000000000577e-02
5.607490000000000236e+02 8.797639999999999627e-02
5.609489999999999554e+02 8.797800000000000065e-02
5.611490000000000009e+02 8.797960000000000502e-02
5.613490000000000464e+02 8.798110000000000652e-02
5.615489999999999782e+02 8.798269999999999702e-02
5.617490000000000236e+02 8.798430000000000140e-02
5.619489999999999554e+02 8.798590000000000577e-02
5.621490000000000009e+02 8.798749999999999627e-02
5.623490000000000464e+02 8.798910000000000065e-02
5.625489999999999782e+02 8.799060000000000215e-02
5.627490000000000236e+02 8.799220000000000652e-02
5.629489999999999554e+02 8.799379999999999702e-02
5.631490000000000009e+02 8.799540000000000139e-02
5.633490000000000464e+02 8.799690000000000289e-02
5.635489999999999782e+02 8.799849999999999339e-02
5.637490000000000236e+02 8.800009999999999777e-02
5.639489999999999554e+02 8.800159999999999927e-02
5.641490000000000009e+02 8.800320000000000364e-02
5.643490000000000464e+02 8.800479999999999414e-02
5.645489999999999782e+02 8.800629999999999564e-02
5.647490000000000236e+02 8.800790000000000002e-02
5.649489999999999554e+02 8.800950000000000439e-02
5.651490000000000009e+02 8.801100000000000589e-02
5.653490000000000464e+02 8.801259999999999639e-02
5.655489999999999782e+02 8.801409999999999789e-02
5.657490000000000236e+02 8.801570000000000227e-02
5.659489999999999554e+02 8.801730000000000664e-02
5.661490000000000009e+02 8.801879999999999427e-02
5.663490000000000464e+02 8.802039999999999864e-02
5.665489999999999782e+02 8.802190000000000014e-02
5.667490000000000236e+02 8.802350000000000452e-02
5.669489999999999554e+02 8.802500000000000602e-02
5.671490000000000009e+02 8.802659999999999652e-02
5.673490000000000464e+02 8.802809999999999802e-02
5.675489999999999782e+02 8.802970000000000239e-02
5.677490000000000236e+02 8.803120000000000389e-02
5.679489999999999554e+02 8.803279999999999439e-02
5.681490000000000009e+02 8.803429999999999589e-02
5.683490000000000464e+02 8.803579999999999739e-02
5.685489999999999782e+02 8.803740000000000177e-02
5.687490000000000236e+02 8.803890000000000327e-02
5.689489999999999554e+02 8.804049999999999376e-02
5.691490000000000009e+02 8.804199999999999526e-02
5.693490000000000464e+02 8.804349999999999676e-02
5.695489999999999782e+02 8.804510000000000114e-02
5.697490000000000236e+02 8.804660000000000264e-02
5.699489999999999554e+02 8.804810000000000414e-02
5.701490000000000009e+02 8.804960000000000564e-02
5.703490000000000464e+02 8.805119999999999614e-02
5.705489999999999782e+02 8.805269999999999764e-02
5.707490000000000236e+02 8.805419999999999914e-02
5.709489999999999554e+02 8.805580000000000351e-02
5.711490000000000009e+02 8.805730000000000501e-02
5.713490000000000464e+02 8.805880000000000651e-02
5.715489999999999782e+02 8.806029999999999414e-02
5.717490000000000236e+02 8.806179999999999564e-02
5.719489999999999554e+02 8.806340000000000001e-02
5.721490000000000009e+02 8.806490000000000151e-02
5.723490000000000464e+02 8.806640000000000301e-02
5.725489999999999782e+02 8.806790000000000451e-02
5.727490000000000236e+02 8.806940000000000601e-02
5.729489999999999554e+02 8.807089999999999363e-02
5.731490000000000009e+02 8.807239999999999513e-02
5.733490000000000464e+02 8.807399999999999951e-02
5.735489999999999782e+02 8.807550000000000101e-02
5.737490000000000236e+02 8.807700000000000251e-02
5.739489999999999554e+02 8.807850000000000401e-02
5.741490000000000009e+02 8.808000000000000551e-02
5.743490000000000464e+02 8.808149999999999313e-02
5.745489999999999782e+02 8.808299999999999463e-02
5.747490000000000236e+02 8.808449999999999613e-02
5.749489999999999554e+02 8.808599999999999763e-02
5.751490000000000009e+02 8.808749999999999913e-02
5.753490000000000464e+02 8.808900000000000063e-02
5.755489999999999782e+02 8.809050000000000213e-02
5.757490000000000236e+02 8.809200000000000363e-02
5.759489999999999554e+02 8.809350000000000513e-02
5.761490000000000009e+02 8.809500000000000663e-02
5.763490000000000464e+02 8.809649999999999426e-02
5.765489999999999782e+02 8.809790000000000676e-02
5.767490000000000236e+02 8.809939999999999438e-02
5.769489999999999554e+02 8.810089999999999588e-02
5.771490000000000009e+02 8.810239999999999738e-02
5.773490000000000464e+02 8.810389999999999888e-02
5.775489999999999782e+02 8.810540000000000038e-02
5.777490000000000236e+02 8.810690000000000188e-02
5.779489999999999554e+02 8.810830000000000051e-02
5.781490000000000009e+02 8.810980000000000201e-02
5.783490000000000464e+02 8.811130000000000351e-02
5.785489999999999782e+02 8.811280000000000501e-02
5.787490000000000236e+02 8.811430000000000651e-02
5.789489999999999554e+02 8.811570000000000513e-02
5.791490000000000009e+02 8.811720000000000663e-02
5.793490000000000464e+02 8.811869999999999425e-02
5.795489999999999782e+02 8.812019999999999575e-02
5.797490000000000236e+02 8.812159999999999438e-02
5.799489999999999554e+02 8.812309999999999588e-02
5.801490000000000009e+02 8.812459999999999738e-02
5.803490000000000464e+02 8.812599999999999600e-02
5.805489999999999782e+02 8.812749999999999750e-02
5.807490000000000236e+02 8.812899999999999900e-02
5.809489999999999554e+02 8.813039999999999763e-02
5.811490000000000009e+02 8.813189999999999913e-02
5.813490000000000464e+02 8.813340000000000063e-02
5.815489999999999782e+02 8.813479999999999925e-02
5.817490000000000236e+02 8.813630000000000075e-02
5.819489999999999554e+02 8.813769999999999938e-02
5.821490000000000009e+02 8.813920000000000088e-02
5.823490000000000464e+02 8.814070000000000238e-02
5.825489999999999782e+02 8.814210000000000100e-02
5.827490000000000236e+02 8.814360000000000250e-02
5.829489999999999554e+02 8.814500000000000113e-02
5.831490000000000009e+02 8.814650000000000263e-02
5.833490000000000464e+02 8.814790000000000125e-02
5.835489999999999782e+02 8.814940000000000275e-02
5.837490000000000236e+02 8.815080000000000138e-02
5.839489999999999554e+02 8.815230000000000288e-02
5.841490000000000009e+02 8.815370000000000150e-02
5.843490000000000464e+02 8.815520000000000300e-02
5.845489999999999782e+02 8.815660000000000163e-02
5.847490000000000236e+02 8.815800000000000025e-02
5.849489999999999554e+02 8.815950000000000175e-02
5.851490000000000009e+02 8.816090000000000038e-02
5.853490000000000464e+02 8.816240000000000188e-02
5.855489999999999782e+02 8.816380000000000050e-02
5.857490000000000236e+02 8.816519999999999913e-02
5.859489999999999554e+02 8.816670000000000063e-02
5.861490000000000009e+02 8.816809999999999925e-02
5.863490000000000464e+02 8.816949999999999787e-02
5.865489999999999782e+02 8.817099999999999937e-02
5.867490000000000236e+02 8.817239999999999800e-02
5.869489999999999554e+02 8.817379999999999662e-02
5.871490000000000009e+02 8.817529999999999812e-02
5.873490000000000464e+02 8.817669999999999675e-02
5.875489999999999782e+02 8.817809999999999537e-02
5.877490000000000236e+02 8.817949999999999400e-02
5.879489999999999554e+02 8.818099999999999550e-02
5.881490000000000009e+02 8.818239999999999412e-02
5.883490000000000464e+02 8.818380000000000662e-02
5.885489999999999782e+02 8.818520000000000525e-02
5.887490000000000236e+02 8.818670000000000675e-02
5.889489999999999554e+02 8.818810000000000537e-02
5.891490000000000009e+02 8.818950000000000400e-02
5.893490000000000464e+02 8.819090000000000262e-02
5.895489999999999782e+02 8.819230000000000125e-02
5.897490000000000236e+02 8.819369999999999987e-02
5.899489999999999554e+02 8.819509999999999850e-02
5.901490000000000009e+02 8.819660000000000000e-02
5.903490000000000464e+02 8.819799999999999862e-02
5.905489999999999782e+02 8.819939999999999725e-02
5.907490000000000236e+02 8.820079999999999587e-02
5.909489999999999554e+02 8.820219999999999450e-02
5.911490000000000009e+02 8.820359999999999312e-02
5.913490000000000464e+02 8.820500000000000562e-02
5.915489999999999782e+02 8.820640000000000425e-02
5.917490000000000236e+02 8.820780000000000287e-02
5.919489999999999554e+02 8.820920000000000150e-02
5.921490000000000009e+02 8.821060000000000012e-02
5.923490000000000464e+02 8.821199999999999875e-02
5.925489999999999782e+02 8.821339999999999737e-02
5.927490000000000236e+02 8.821479999999999599e-02
5.929489999999999554e+02 8.821619999999999462e-02
5.931490000000000009e+02 8.821759999999999324e-02
5.933490000000000464e+02 8.821900000000000575e-02
5.935489999999999782e+02 8.822040000000000437e-02
5.937490000000000236e+02 8.822180000000000299e-02
5.939489999999999554e+02 8.822320000000000162e-02
5.941490000000000009e+02 8.822460000000000024e-02
5.943490000000000464e+02 8.822599999999999887e-02
5.945489999999999782e+02 8.822729999999999462e-02
5.947490000000000236e+02 8.822869999999999324e-02
5.949489999999999554e+02 8.823010000000000574e-02
5.951490000000000009e+02 8.823150000000000437e-02
5.953490000000000464e+02 8.823290000000000299e-02
5.955489999999999782e+02 8.823430000000000162e-02
5.957490000000000236e+02 8.823570000000000024e-02
5.959489999999999554e+02 8.823699999999999599e-02
5.961490000000000009e+02 8.823839999999999462e-02
5.961490000000000009e+02 8.823839999999999462e-02
5.961889999999999645e+02 8.823870000000000324e-02
5.962290000000000418e+02 8.823899999999999799e-02
5.963089999999999691e+02 8.823949999999999849e-02
5.964690000000000509e+02 8.824060000000000237e-02
5.966689999999999827e+02 8.824200000000000099e-02
5.968690000000000282e+02 8.824339999999999962e-02
5.970689999999999600e+02 8.824469999999999537e-02
5.972690000000000055e+02 8.824609999999999399e-02
5.974690000000000509e+02 8.824750000000000649e-02
5.976689999999999827e+02 8.824890000000000512e-02
5.978690000000000282e+02 8.825020000000000087e-02
5.980689999999999600e+02 8.825159999999999949e-02
5.982690000000000055e+02 8.825299999999999812e-02
5.984690000000000509e+02 8.825429999999999386e-02
5.986689999999999827e+02 8.825570000000000637e-02
5.988690000000000282e+02 8.825710000000000499e-02
5.990689999999999600e+02 8.825840000000000074e-02
5.992690000000000055e+02 8.825979999999999936e-02
5.994690000000000509e+02 8.826119999999999799e-02
5.996689999999999827e+02 8.826249999999999374e-02
5.998690000000000282e+02 8.826390000000000624e-02
6.000689999999999600e+02 8.826520000000000199e-02
6.002690000000000055e+02 8.826660000000000061e-02
6.004690000000000509e+02 8.826799999999999924e-02
6.006689999999999827e+02 8.826929999999999499e-02
6.008690000000000282e+02 8.827069999999999361e-02
6.010689999999999600e+02 8.827200000000000324e-02
6.012690000000000055e+02 8.827340000000000186e-02
6.014690000000000509e+02 8.827469999999999761e-02
6.016689999999999827e+02 8.827609999999999624e-02
6.018690000000000282e+02 8.827740000000000586e-02
6.020689999999999600e+02 8.827880000000000449e-02
6.022690000000000055e+02 8.828010000000000024e-02
6.024690000000000509e+02 8.828149999999999886e-02
6.026689999999999827e+02 8.828279999999999461e-02
6.028690000000000282e+02 8.828419999999999324e-02
6.030689999999999600e+02 8.828550000000000286e-02
6.032690000000000055e+02 8.828679999999999861e-02
6.034690000000000509e+02 8.828819999999999724e-02
6.036689999999999827e+02 8.828950000000000686e-02
6.038690000000000282e+02 8.829090000000000549e-02
6.040689999999999600e+02 8.829220000000000124e-02
6.042690000000000055e+02 8.829349999999999699e-02
6.044690000000000509e+02 8.829489999999999561e-02
6.046689999999999827e+02 8.829620000000000524e-02
6.048690000000000282e+02 8.829750000000000099e-02
6.050689999999999600e+02 8.829889999999999961e-02
6.052690000000000055e+02 8.830019999999999536e-02
6.054690000000000509e+02 8.830150000000000499e-02
6.056689999999999827e+02 8.830290000000000361e-02
6.058690000000000282e+02 8.830419999999999936e-02
6.060689999999999600e+02 8.830549999999999511e-02
6.062690000000000055e+02 8.830689999999999373e-02
6.064690000000000509e+02 8.830820000000000336e-02
6.066689999999999827e+02 8.830949999999999911e-02
6.068690000000000282e+02 8.831079999999999486e-02
6.070689999999999600e+02 8.831210000000000448e-02
6.072690000000000055e+02 8.831350000000000311e-02
6.074690000000000509e+02 8.831479999999999886e-02
6.076689999999999827e+02 8.831609999999999461e-02
6.078690000000000282e+02 8.831740000000000423e-02
6.080689999999999600e+02 8.831869999999999998e-02
6.082690000000000055e+02 8.832009999999999861e-02
6.084690000000000509e+02 8.832139999999999436e-02
6.086689999999999827e+02 8.832270000000000398e-02
6.088690000000000282e+02 8.832399999999999973e-02
6.090689999999999600e+02 8.832529999999999548e-02
6.092690000000000055e+02 8.832660000000000511e-02
6.094690000000000509e+02 8.832790000000000086e-02
6.096689999999999827e+02 8.832929999999999948e-02
6.098690000000000282e+02 8.833059999999999523e-02
6.100689999999999600e+02 8.833190000000000486e-02
6.102690000000000055e+02 8.833320000000000061e-02
6.104690000000000509e+02 8.833449999999999636e-02
6.106689999999999827e+02 8.833580000000000598e-02
6.108690000000000282e+02 8.833710000000000173e-02
6.110689999999999600e+02 8.833839999999999748e-02
6.112690000000000055e+02 8.833969999999999323e-02
6.114690000000000509e+02 8.834100000000000286e-02
6.116689999999999827e+02 8.834229999999999861e-02
6.118690000000000282e+02 8.834359999999999435e-02
6.120689999999999600e+02 8.834490000000000398e-02
6.122690000000000055e+02 8.834619999999999973e-02
6.124690000000000509e+02 8.834749999999999548e-02
6.126689999999999827e+02 8.834880000000000511e-02
6.128690000000000282e+02 8.835010000000000085e-02
6.130689999999999600e+02 8.835139999999999660e-02
6.132690000000000055e+02 8.835270000000000623e-02
6.134690000000000509e+02 8.835400000000000198e-02
6.136689999999999827e+02 8.835529999999999773e-02
6.138690000000000282e+02 8.835650000000000448e-02
6.140689999999999600e+02 8.835780000000000023e-02
6.142690000000000055e+02 8.835909999999999598e-02
6.144690000000000509e+02 8.836040000000000560e-02
6.146689999999999827e+02 8.836170000000000135e-02
6.148690000000000282e+02 8.836299999999999710e-02
6.150689999999999600e+02 8.836430000000000673e-02
6.152690000000000055e+02 8.836549999999999960e-02
6.154690000000000509e+02 8.836679999999999535e-02
6.156689999999999827e+02 8.836810000000000498e-02
6.158690000000000282e+02 8.836940000000000073e-02
6.160689999999999600e+02 8.837069999999999648e-02
6.162690000000000055e+02 8.837190000000000323e-02
6.164690000000000509e+02 8.837319999999999898e-02
6.166689999999999827e+02 8.837449999999999473e-02
6.168690000000000282e+02 8.837580000000000435e-02
6.170689999999999600e+02 8.837699999999999723e-02
6.172690000000000055e+02 8.837830000000000685e-02
6.174690000000000509e+02 8.837960000000000260e-02
6.176689999999999827e+02 8.838089999999999835e-02
6.178690000000000282e+02 8.838210000000000510e-02
6.180689999999999600e+02 8.838340000000000085e-02
6.182690000000000055e+02 8.838469999999999660e-02
6.184690000000000509e+02 8.838590000000000335e-02
6.186689999999999827e+02 8.838719999999999910e-02
6.188690000000000282e+02 8.838849999999999485e-02
6.190689999999999600e+02 8.838970000000000160e-02
6.192690000000000055e+02 8.839099999999999735e-02
6.194690000000000509e+02 8.839229999999999310e-02
6.196689999999999827e+02 8.839349999999999985e-02
6.198690000000000282e+02 8.839479999999999560e-02
6.200689999999999600e+02 8.839600000000000235e-02
6.202690000000000055e+02 8.839729999999999810e-02
6.204690000000000509e+02 8.839859999999999385e-02
6.206689999999999827e+02 8.839980000000000060e-02
6.208690000000000282e+02 8.840109999999999635e-02
6.210689999999999600e+02 8.840230000000000310e-02
6.212690000000000055e+02 8.840359999999999885e-02
6.214690000000000509e+02 8.840480000000000560e-02
6.216689999999999827e+02 8.840610000000000135e-02
6.218690000000000282e+02 8.840729999999999422e-02
6.220689999999999600e+02 8.840860000000000385e-02
6.222690000000000055e+02 8.840979999999999672e-02
6.224690000000000509e+02 8.841110000000000635e-02
6.226689999999999827e+02 8.841229999999999922e-02
6.228690000000000282e+02 8.841359999999999497e-02
6.230689999999999600e+02 8.841480000000000172e-02
6.232690000000000055e+02 8.841609999999999747e-02
6.234690000000000509e+02 8.841730000000000422e-02
6.236689999999999827e+02 8.841859999999999997e-02
6.238690000000000282e+02 8.841980000000000672e-02
6.240689999999999600e+02 8.842110000000000247e-02
6.242690000000000055e+02 8.842229999999999535e-02
6.244690000000000509e+02 8.842350000000000210e-02
6.246689999999999827e+02 8.842479999999999785e-02
6.248690000000000282e+02 8.842600000000000460e-02
6.250689999999999600e+02 8.842730000000000035e-02
6.252690000000000055e+02 8.842849999999999322e-02
6.254690000000000509e+02 8.842969999999999997e-02
6.256689999999999827e+02 8.843099999999999572e-02
6.258690000000000282e+02 8.843220000000000247e-02
6.260689999999999600e+02 8.843339999999999534e-02
6.262690000000000055e+02 8.843470000000000497e-02
6.264690000000000509e+02 8.843589999999999784e-02
6.266689999999999827e+02 8.843710000000000460e-02
6.268690000000000282e+02 8.843829999999999747e-02
6.270689999999999600e+02 8.843959999999999322e-02
6.272690000000000055e+02 8.844079999999999997e-02
6.274690000000000509e+02 8.844200000000000672e-02
6.276689999999999827e+02 8.844330000000000247e-02
6.278690000000000282e+02 8.844449999999999534e-02
6.280689999999999600e+02 8.844570000000000209e-02
6.282690000000000055e+02 8.844689999999999497e-02
6.284690000000000509e+02 8.844810000000000172e-02
6.286689999999999827e+02 8.844939999999999747e-02
6.288690000000000282e+02 8.845060000000000422e-02
6.290689999999999600e+02 8.845179999999999709e-02
6.292690000000000055e+02 8.845300000000000384e-02
6.294690000000000509e+02 8.845419999999999672e-02
6.296689999999999827e+02 8.845550000000000634e-02
6.298690000000000282e+02 8.845669999999999922e-02
6.300689999999999600e+02 8.845790000000000597e-02
6.302690000000000055e+02 8.845909999999999884e-02
6.304690000000000509e+02 8.846030000000000559e-02
6.306689999999999827e+02 8.846149999999999847e-02
6.308690000000000282e+02 8.846270000000000522e-02
6.310689999999999600e+02 8.846400000000000097e-02
6.312690000000000055e+02 8.846519999999999384e-02
6.314690000000000509e+02 8.846640000000000059e-02
6.316689999999999827e+02 8.846759999999999347e-02
6.318690000000000282e+02 8.846880000000000022e-02
6.320689999999999600e+02 8.846999999999999309e-02
6.322690000000000055e+02 8.847119999999999984e-02
6.324690000000000509e+02 8.847240000000000659e-02
6.326689999999999827e+02 8.847359999999999947e-02
6.328690000000000282e+02 8.847480000000000622e-02
6.330689999999999600e+02 8.847599999999999909e-02
6.332690000000000055e+02 8.847720000000000584e-02
6.334690000000000509e+02 8.847839999999999872e-02
6.336689999999999827e+02 8.847960000000000547e-02
6.338690000000000282e+02 8.848079999999999834e-02
6.340689999999999600e+02 8.848200000000000509e-02
6.342690000000000055e+02 8.848319999999999796e-02
6.344690000000000509e+02 8.848440000000000472e-02
6.346689999999999827e+02 8.848559999999999759e-02
6.348690000000000282e+02 8.848680000000000434e-02
6.350689999999999600e+02 8.848799999999999721e-02
6.352690000000000055e+02 8.848920000000000397e-02
6.354690000000000509e+02 8.849039999999999684e-02
6.354690000000000509e+02 8.849039999999999684e-02
6.355090000000000146e+02 8.849060000000000259e-02
6.355489999999999782e+02 8.849079999999999446e-02
6.356290000000000191e+02 8.849129999999999496e-02
6.357889999999999873e+02 8.849229999999999596e-02
6.359890000000000327e+02 8.849350000000000271e-02
6.361889999999999645e+02 8.849460000000000659e-02
6.363890000000000100e+02 8.849579999999999946e-02
6.365890000000000555e+02 8.849700000000000621e-02
6.367889999999999873e+02 8.849819999999999909e-02
6.369890000000000327e+02 8.849940000000000584e-02
6.371889999999999645e+02 8.850059999999999871e-02
6.373890000000000100e+02 8.850180000000000546e-02
6.375890000000000555e+02 8.850289999999999546e-02
6.377889999999999873e+02 8.850410000000000221e-02
6.379890000000000327e+02 8.850529999999999509e-02
6.381889999999999645e+02 8.850650000000000184e-02
6.383890000000000100e+02 8.850769999999999471e-02
6.385890000000000555e+02 8.850879999999999859e-02
6.387889999999999873e+02 8.851000000000000534e-02
6.389890000000000327e+02 8.851119999999999821e-02
6.391889999999999645e+02 8.851240000000000496e-02
6.393890000000000100e+02 8.851349999999999496e-02
6.395890000000000555e+02 8.851470000000000171e-02
6.397889999999999873e+02 8.851589999999999459e-02
6.399890000000000327e+02 8.851710000000000134e-02
6.401889999999999645e+02 8.851820000000000521e-02
6.403890000000000100e+02 8.851939999999999809e-02
6.405890000000000555e+02 8.852060000000000484e-02
6.407889999999999873e+02 8.852169999999999483e-02
6.409890000000000327e+02 8.852290000000000159e-02
6.411889999999999645e+02 8.852409999999999446e-02
6.413890000000000100e+02 8.852519999999999833e-02
6.415890000000000555e+02 8.852640000000000509e-02
6.417889999999999873e+02 8.852759999999999796e-02
6.419890000000000327e+02 8.852870000000000184e-02
6.421889999999999645e+02 8.852989999999999471e-02
6.423890000000000100e+02 8.853110000000000146e-02
6.425890000000000555e+02 8.853220000000000534e-02
6.427889999999999873e+02 8.853339999999999821e-02
6.429890000000000327e+02 8.853450000000000208e-02
6.431889999999999645e+02 8.853569999999999496e-02
6.433890000000000100e+02 8.853690000000000171e-02
6.435890000000000555e+02 8.853800000000000558e-02
6.437889999999999873e+02 8.853919999999999846e-02
6.439890000000000327e+02 8.854030000000000233e-02
6.441889999999999645e+02 8.854149999999999521e-02
6.443890000000000100e+02 8.854259999999999908e-02
6.445890000000000555e+02 8.854380000000000583e-02
6.447889999999999873e+02 8.854489999999999583e-02
6.449890000000000327e+02 8.854610000000000258e-02
6.451889999999999645e+02 8.854729999999999546e-02
6.453890000000000100e+02 8.854839999999999933e-02
6.455890000000000555e+02 8.854960000000000608e-02
6.457889999999999873e+02 8.855069999999999608e-02
6.459890000000000327e+02 8.855179999999999996e-02
6.461889999999999645e+02 8.855300000000000671e-02
6.463890000000000100e+02 8.855409999999999671e-02
6.465890000000000555e+02 8.855530000000000346e-02
6.467889999999999873e+02 8.855639999999999346e-02
6.469890000000000327e+02 8.855760000000000021e-02
6.471889999999999645e+02 8.855870000000000408e-02
6.473890000000000100e+02 8.855989999999999696e-02
6.475890000000000555e+02 8.856100000000000083e-02
6.477889999999999873e+02 8.856210000000000471e-02
6.479890000000000327e+02 8.856329999999999758e-02
6.481889999999999645e+02 8.856440000000000146e-02
6.483890000000000100e+02 8.856559999999999433e-02
6.485890000000000555e+02 8.856669999999999821e-02
6.487889999999999873e+02 8.856780000000000208e-02
6.489890000000000327e+02 8.856899999999999495e-02
6.491889999999999645e+02 8.857009999999999883e-02
6.493890000000000100e+02 8.857120000000000271e-02
6.495890000000000555e+02 8.857239999999999558e-02
6.497889999999999873e+02 8.857349999999999945e-02
6.499890000000000327e+02 8.857460000000000333e-02
6.501889999999999645e+02 8.857579999999999620e-02
6.503890000000000100e+02 8.857690000000000008e-02
6.505890000000000555e+02 8.857800000000000396e-02
6.507889999999999873e+02 8.857919999999999683e-02
6.509890000000000327e+02 8.858030000000000070e-02
6.511889999999999645e+02 8.858140000000000458e-02
6.513890000000000100e+02 8.858249999999999458e-02
6.515890000000000555e+02 8.858370000000000133e-02
6.517889999999999873e+02 8.858480000000000520e-02
6.519890000000000327e+02 8.858589999999999520e-02
6.521889999999999645e+02 8.858699999999999908e-02
6.523890000000000100e+02 8.858820000000000583e-02
6.525890000000000555e+02 8.858929999999999583e-02
6.527889999999999873e+02 8.859039999999999970e-02
6.529890000000000327e+02 8.859150000000000358e-02
6.531889999999999645e+02 8.859259999999999358e-02
6.533890000000000100e+02 8.859369999999999745e-02
6.535890000000000555e+02 8.859490000000000420e-02
6.537889999999999873e+02 8.859599999999999420e-02
6.539890000000000327e+02 8.859709999999999808e-02
6.541889999999999645e+02 8.859820000000000195e-02
6.543890000000000100e+02 8.859930000000000583e-02
6.545890000000000555e+02 8.860039999999999583e-02
6.547889999999999873e+02 8.860160000000000258e-02
6.549890000000000327e+02 8.860270000000000645e-02
6.551889999999999645e+02 8.860379999999999645e-02
6.553890000000000100e+02 8.860490000000000033e-02
6.555890000000000555e+02 8.860600000000000420e-02
6.557889999999999873e+02 8.860709999999999420e-02
6.559890000000000327e+02 8.860819999999999808e-02
6.561889999999999645e+02 8.860930000000000195e-02
6.563890000000000100e+02 8.861040000000000583e-02
6.565890000000000555e+02 8.861149999999999582e-02
6.567889999999999873e+02 8.861259999999999970e-02
6.569890000000000327e+02 8.861370000000000358e-02
6.571889999999999645e+02 8.861489999999999645e-02
6.573890000000000100e+02 8.861600000000000033e-02
6.575890000000000555e+02 8.861710000000000420e-02
6.577889999999999873e+02 8.861819999999999420e-02
6.579890000000000327e+02 8.861929999999999807e-02
6.581889999999999645e+02 8.862040000000000195e-02
6.583890000000000100e+02 8.862150000000000583e-02
6.585890000000000555e+02 8.862259999999999582e-02
6.587889999999999873e+02 8.862369999999999970e-02
6.589890000000000327e+02 8.862480000000000357e-02
6.591889999999999645e+02 8.862580000000000457e-02
6.593890000000000100e+02 8.862689999999999457e-02
6.595890000000000555e+02 8.862799999999999845e-02
6.597889999999999873e+02 8.862910000000000232e-02
6.599890000000000327e+02 8.863020000000000620e-02
6.601889999999999645e+02 8.863129999999999620e-02
6.603890000000000100e+02 8.863240000000000007e-02
6.605890000000000555e+02 8.863350000000000395e-02
6.607889999999999873e+02 8.863459999999999395e-02
6.609890000000000327e+02 8.863569999999999782e-02
6.611889999999999645e+02 8.863680000000000170e-02
6.613890000000000100e+02 8.863790000000000557e-02
6.615890000000000555e+02 8.863890000000000657e-02
6.617889999999999873e+02 8.863999999999999657e-02
6.619890000000000327e+02 8.864110000000000045e-02
6.621889999999999645e+02 8.864220000000000432e-02
6.623890000000000100e+02 8.864329999999999432e-02
6.625890000000000555e+02 8.864439999999999820e-02
6.627889999999999873e+02 8.864539999999999920e-02
6.629890000000000327e+02 8.864650000000000307e-02
6.631889999999999645e+02 8.864759999999999307e-02
6.633890000000000100e+02 8.864869999999999695e-02
6.635890000000000555e+02 8.864980000000000082e-02
6.637889999999999873e+02 8.865090000000000470e-02
6.639890000000000327e+02 8.865190000000000570e-02
6.641889999999999645e+02 8.865299999999999569e-02
6.643890000000000100e+02 8.865409999999999957e-02
6.645890000000000555e+02 8.865520000000000345e-02
6.647889999999999873e+02 8.865620000000000445e-02
6.649890000000000327e+02 8.865729999999999444e-02
6.651889999999999645e+02 8.865839999999999832e-02
6.653890000000000100e+02 8.865950000000000220e-02
6.655890000000000555e+02 8.866050000000000320e-02
6.657889999999999873e+02 8.866159999999999319e-02
6.659890000000000327e+02 8.866269999999999707e-02
6.661889999999999645e+02 8.866369999999999807e-02
6.663890000000000100e+02 8.866480000000000194e-02
6.665890000000000555e+02 8.866590000000000582e-02
6.667889999999999873e+02 8.866690000000000682e-02
6.669890000000000327e+02 8.866799999999999682e-02
6.671889999999999645e+02 8.866910000000000069e-02
6.673890000000000100e+02 8.867010000000000169e-02
6.675890000000000555e+02 8.867120000000000557e-02
6.677889999999999873e+02 8.867229999999999557e-02
6.679890000000000327e+02 8.867329999999999657e-02
6.681889999999999645e+02 8.867440000000000044e-02
6.683890000000000100e+02 8.867550000000000432e-02
6.685890000000000555e+02 8.867650000000000532e-02
6.687889999999999873e+02 8.867759999999999532e-02
6.689890000000000327e+02 8.867859999999999632e-02
6.691889999999999645e+02 8.867970000000000019e-02
6.693890000000000100e+02 8.868080000000000407e-02
6.695890000000000555e+02 8.868180000000000507e-02
6.697889999999999873e+02 8.868289999999999507e-02
6.699890000000000327e+02 8.868389999999999607e-02
6.701889999999999645e+02 8.868499999999999994e-02
6.703890000000000100e+02 8.868600000000000094e-02
6.705890000000000555e+02 8.868710000000000482e-02
6.707889999999999873e+02 8.868819999999999482e-02
6.709890000000000327e+02 8.868919999999999582e-02
6.711889999999999645e+02 8.869029999999999969e-02
6.713890000000000100e+02 8.869130000000000069e-02
6.715890000000000555e+02 8.869240000000000457e-02
6.717889999999999873e+02 8.869340000000000557e-02
6.719890000000000327e+02 8.869449999999999557e-02
6.721889999999999645e+02 8.869549999999999657e-02
6.723890000000000100e+02 8.869660000000000044e-02
6.725890000000000555e+02 8.869760000000000144e-02
6.727889999999999873e+02 8.869870000000000532e-02
6.729890000000000327e+02 8.869970000000000632e-02
6.731889999999999645e+02 8.870069999999999344e-02
6.733890000000000100e+02 8.870179999999999731e-02
6.735890000000000555e+02 8.870279999999999831e-02
6.737889999999999873e+02 8.870390000000000219e-02
6.739890000000000327e+02 8.870490000000000319e-02
6.741889999999999645e+02 8.870599999999999319e-02
6.743890000000000100e+02 8.870699999999999419e-02
6.745890000000000555e+02 8.870799999999999519e-02
6.747889999999999873e+02 8.870909999999999906e-02
