300 0.0658362 0.0658362 2 1 0
300.04 0.0658359 0.0658359 1 1 0
300.08 0.0658356 0.0658356 1 1 0
300.16 0.065835 0.065835 1 1 0
300.32 0.0658338 0.0658338 1 1 0
300.64 0.0658313 0.0658313 1 1 0
301.14 0.0658275 0.0658275 1 1 0
301.64 0.0658237 0.0658237 1 1 0
302.14 0.06582 0.06582 1 1 0
302.64 0.0658163 0.0658163 1 1 0
303.14 0.0658126 0.0658126 1 1 0
303.64 0.065809 0.065809 1 1 0
304.14 0.0658054 0.0658054 1 1 0
304.64 0.0658019 0.0658019 1 1 0
305.14 0.0657984 0.0657984 1 1 0
305.64 0.0657949 0.0657949 1 1 0
306.14 0.0657914 0.0657914 1 1 0
306.64 0.065788 0.065788 1 1 0
307.14 0.0657846 0.0657846 1 1 0
307.64 0.0657813 0.0657813 1 1 0
308.14 0.065778 0.065778 1 1 0
308.64 0.0657747 0.0657747 1 1 0
309.14 0.0657715 0.0657715 1 1 0
309.64 0.0657682 0.0657682 1 1 0
310.14 0.065765 0.065765 1 1 0
310.64 0.0657619 0.0657619 1 1 0
311.14 0.0657588 0.0657588 1 1 0
311.64 0.0657557 0.0657557 1 1 0
312.14 0.0657526 0.0657526 1 1 0
312.64 0.0657496 0.0657496 1 1 0
313.14 0.0657466 0.0657466 1 1 0
313.64 0.0657436 0.0657436 1 1 0
314.14 0.0657406 0.0657406 1 1 0
314.64 0.0657377 0.0657377 1 1 0
315.14 0.0657348 0.0657348 1 1 0
315.64 0.065732 0.065732 1 1 0
316.14 0.0657291 0.0657291 1 1 0
316.64 0.0657263 0.0657263 1 1 0
317.14 0.0657236 0.0657236 1 1 0
317.64 0.0657208 0.0657208 1 1 0
318.14 0.0657181 0.0657181 1 1 0
318.64 0.0657154 0.0657154 1 1 0
319.14 0.0657127 0.0657127 1 1 0
319.64 0.06571 0.06571 1 1 0
320.14 0.0657074 0.0657074 1 1 0
320.64 0.0657048 0.0657048 1 1 0
321.14 0.0657023 0.0657023 1 1 0
321.64 0.0656997 0.0656997 1 1 0
322.14 0.0656972 0.0656972 1 1 0
322.64 0.0656947 0.0656947 1 1 0
323.14 0.0656922 0.0656922 1 1 0
323.64 0.0656897 0.0656897 1 1 0
324.14 0.0656873 0.0656873 1 1 0
324.64 0.0656849 0.0656849 1 1 0
325.14 0.0656825 0.0656825 1 1 0
325.64 0.0656802 0.0656802 1 1 0
326.14 0.0656778 0.0656778 1 1 0
326.64 0.0656755 0.0656755 1 1 0
327.14 0.0656732 0.0656732 1 1 0
327.64 0.0656709 0.0656709 1 1 0
328.14 0.0656687 0.0656687 1 1 0
328.64 0.0656665 0.0656665 1 1 0
329.14 0.0656642 0.0656642 1 1 0
329.64 0.0656621 0.0656621 1 1 0
330.14 0.0656599 0.0656599 1 1 0
330.64 0.0656577 0.0656577 1 1 0
331.14 0.0656556 0.0656556 1 1 0
331.64 0.0656535 0.0656535 1 1 0
332.14 0.0656514 0.0656514 1 1 0
332.64 0.0656493 0.0656493 1 1 0
333.14 0.0656473 0.0656473 1 1 0
333.64 0.0656453 0.0656453 1 1 0
334.14 0.0656433 0.0656433 1 1 0
334.64 0.0656413 0.0656413 1 1 0
335.14 0.0656393 0.0656393 1 1 0
335.64 0.0656373 0.0656373 1 1 0
336.14 0.0656354 0.0656354 1 1 0
336.64 0.0656335 0.0656335 1 1 0
337.14 0.0656316 0.0656316 1 1 0
337.64 0.0656297 0.0656297 1 1 0
338.14 0.0656278 0.0656278 1 1 0
338.64 0.065626 0.065626 1 1 0
339.14 0.0656242 0.0656242 1 1 0
339.64 0.0656223 0.0656223 1 1 0
340.14 0.0656205 0.0656205 1 1 0
340.64 0.0656188 0.0656188 1 1 0
341.14 0.065617 0.065617 1 1 0
341.64 0.0656153 0.0656153 1 1 0
342.14 0.0656135 0.0656135 1 1 0
342.64 0.0656118 0.0656118 1 1 0
343.14 0.0656101 0.0656101 1 1 0
343.64 0.0656084 0.0656084 1 1 0
344.14 0.0656068 0.0656068 1 1 0
344.64 0.0656051 0.0656051 1 1 0
345.14 0.0656035 0.0656035 1 1 0
345.64 0.0656018 0.0656018 1 1 0
346.14 0.0656002 0.0656002 1 1 0
346.64 0.0655986 0.0655986 1 1 0
347.14 0.0655971 0.0655971 1 1 0
347.64 0.0655955 0.0655955 1 1 0
348.14 0.065594 0.065594 1 1 0
348.64 0.0655924 0.0655924 1 1 0
349.14 0.0655909 0.0655909 1 1 0
349.64 0.0655894 0.0655894 1 1 0
350.14 0.0655879 0.0655879 1 1 0
350.64 0.0655864 0.0655864 1 1 0
351.14 0.0655849 0.0655849 1 1 0
351.64 0.0655835 0.0655835 1 1 0
352.14 0.0655821 0.0655821 1 1 0
352.64 0.0655806 0.0655806 1 1 0
353.14 0.0655792 0.0655792 1 1 0
353.64 0.0655778 0.0655778 1 1 0
354.14 0.0655764 0.0655764 1 1 0
354.64 0.0655751 0.0655751 1 1 0
355.14 0.0655737 0.0655737 1 1 0
355.64 0.0655723 0.0655723 1 1 0
356.14 0.065571 0.065571 1 1 0
356.64 0.0655697 0.0655697 1 1 0
357.14 0.0655684 0.0655684 1 1 0
357.64 0.0655671 0.0655671 1 1 0
358.14 0.0655658 0.0655658 1 1 0
358.64 0.0655645 0.0655645 1 1 0
359.14 0.0655632 0.0655632 1 1 0
359.64 0.065562 0.065562 1 1 0
360.14 0.0655607 0.0655607 1 1 0
360.64 0.0655595 0.0655595 1 1 0
361.14 0.0655583 0.0655583 1 1 0
361.64 0.0655571 0.0655571 1 1 0
362.14 0.0655559 0.0655559 1 1 0
362.64 0.0655547 0.0655547 1 1 0
363.14 0.0655535 0.0655535 1 1 0
363.64 0.0655523 0.0655523 1 1 0
364.14 0.0655512 0.0655512 1 1 0
364.64 0.06555 0.06555 1 1 0
365.14 0.0655489 0.0655489 1 1 0
365.64 0.0655478 0.0655478 1 1 0
366.14 0.0655467 0.0655467 1 1 0
366.64 0.0655456 0.0655456 1 1 0
367.14 0.0655445 0.0655445 1 1 0
367.64 0.0655434 0.0655434 1 1 0
368.14 0.0655423 0.0655423 1 1 0
368.64 0.0655412 0.0655412 1 1 0
369.14 0.0655402 0.0655402 1 1 0
369.64 0.0655391 0.0655391 1 1 0
370.14 0.0655381 0.0655381 1 1 0
370.64 0.0655371 0.0655371 1 1 0
371.14 0.0655361 0.0655361 1 1 0
371.64 0.065535 0.065535 1 1 0
372.14 0.065534 0.065534 1 1 0
372.64 0.0655331 0.0655331 1 1 0
373.14 0.0655321 0.0655321 1 1 0
373.64 0.0655311 0.0655311 1 1 0
374.14 0.0655301 0.0655301 1 1 0
374.64 0.0655292 0.0655292 1 1 0
375.14 0.0655282 0.0655282 1 1 0
375.64 0.0655273 0.0655273 1 1 0
376.14 0.0655264 0.0655264 1 1 0
376.64 0.0655254 0.0655254 1 1 0
377.14 0.0655245 0.0655245 1 1 0
377.64 0.0655236 0.0655236 1 1 0
378.14 0.0655227 0.0655227 1 1 0
378.64 0.0655218 0.0655218 1 1 0
379.14 0.0655209 0.0655209 1 1 0
379.64 0.0655201 0.0655201 1 1 0
380.14 0.0655192 0.0655192 1 1 0
380.64 0.0655183 0.0655183 1 1 0
381.14 0.0655175 0.0655175 1 1 0
381.64 0.0655167 0.0655167 1 1 0
382.14 0.0655158 0.0655158 1 1 0
382.64 0.065515 0.065515 1 1 0
383.14 0.0655142 0.0655142 1 1 0
383.64 0.0655134 0.0655134 1 1 0
384.14 0.0655125 0.0655125 1 1 0
384.64 0.0655117 0.0655117 1 1 0
385.14 0.065511 0.065511 1 1 0
385.64 0.0655102 0.0655102 1 1 0
386.14 0.0655094 0.0655094 1 1 0
386.64 0.0655086 0.0655086 1 1 0
387.14 0.0655079 0.0655079 1 1 0
387.64 0.0655071 0.0655071 1 1 0
388.14 0.0655063 0.0655063 1 1 0
388.64 0.0655056 0.0655056 1 1 0
389.14 0.0655049 0.0655049 1 1 0
389.64 0.0655041 0.0655041 1 1 0
390.14 0.0655034 0.0655034 1 1 0
390.64 0.0655027 0.0655027 1 1 0
391.14 0.065502 0.065502 1 1 0
391.64 0.0655013 0.0655013 1 1 0
392.14 0.0655006 0.0655006 1 1 0
392.64 0.0654999 0.0654999 1 1 0
393.14 0.0654992 0.0654992 1 1 0
393.64 0.0654985 0.0654985 1 1 0
394.14 0.0654978 0.0654978 1 1 0
394.64 0.0654972 0.0654972 1 1 0
395.14 0.0654965 0.0654965 1 1 0
395.64 0.0654958 0.0654958 1 1 0
396.14 0.0654952 0.0654952 1 1 0
396.64 0.0654945 0.0654945 1 1 0
397.14 0.0654939 0.0654939 1 1 0
397.64 0.0654933 0.0654933 1 1 0
397.64 0.0654933 0.0654933 2 1 0
397.68 0.0654932 0.0654932 1 1 0
397.72 0.0654932 0.0654932 1 1 0
397.8 0.0654931 0.0654931 1 1 0
397.96 0.0654929 0.0654929 1 1 0
398.28 0.0654925 0.0654925 1 1 0
398.78 0.0654918 0.0654918 1 1 0
399.28 0.0654912 0.0654912 1 1 0
399.78 0.0654906 0.0654906 1 1 0
400.28 0.06549 0.06549 1 1 0
400.78 0.0654894 0.0654894 1 1 0
401.28 0.0654888 0.0654888 1 1 0
401.78 0.0654882 0.0654882 1 1 0
402.28 0.0654876 0.0654876 1 1 0
402.78 0.0654871 0.0654871 1 1 0
403.28 0.0654865 0.0654865 1 1 0
403.78 0.0654859 0.0654859 1 1 0
404.28 0.0654854 0.0654854 1 1 0
404.78 0.0654848 0.0654848 1 1 0
405.28 0.0654842 0.0654842 1 1 0
405.78 0.0654837 0.0654837 1 1 0
406.28 0.0654831 0.0654831 1 1 0
406.78 0.0654826 0.0654826 1 1 0
407.28 0.0654821 0.0654821 1 1 0
407.78 0.0654815 0.0654815 1 1 0
408.28 0.065481 0.065481 1 1 0
408.78 0.0654805 0.0654805 1 1 0
409.28 0.06548 0.06548 1 1 0
409.78 0.0654795 0.0654795 1 1 0
410.28 0.065479 0.065479 1 1 0
410.78 0.0654785 0.0654785 1 1 0
411.28 0.065478 0.065478 1 1 0
411.78 0.0654775 0.0654775 1 1 0
412.28 0.065477 0.065477 1 1 0
412.78 0.0654765 0.0654765 1 1 0
413.28 0.065476 0.065476 1 1 0
413.78 0.0654755 0.0654755 1 1 0
414.28 0.0654751 0.0654751 1 1 0
414.78 0.0654746 0.0654746 1 1 0
415.28 0.0654741 0.0654741 1 1 0
415.78 0.0654737 0.0654737 1 1 0
416.28 0.0654732 0.0654732 1 1 0
416.78 0.0654727 0.0654727 1 1 0
417.28 0.0654723 0.0654723 1 1 0
417.78 0.0654719 0.0654719 1 1 0
418.28 0.0654714 0.0654714 1 1 0
418.78 0.065471 0.065471 1 1 0
419.28 0.0654705 0.0654705 1 1 0
419.78 0.0654701 0.0654701 1 1 0
420.28 0.0654697 0.0654697 1 1 0
420.78 0.0654693 0.0654693 1 1 0
421.28 0.0654688 0.0654688 1 1 0
421.78 0.0654684 0.0654684 1 1 0
422.28 0.065468 0.065468 1 1 0
422.78 0.0654676 0.0654676 1 1 0
423.28 0.0654672 0.0654672 1 1 0
423.78 0.0654668 0.0654668 1 1 0
424.28 0.0654664 0.0654664 1 1 0
424.78 0.065466 0.065466 1 1 0
425.28 0.0654656 0.0654656 1 1 0
425.78 0.0654652 0.0654652 1 1 0
426.28 0.0654649 0.0654649 1 1 0
426.78 0.0654645 0.0654645 1 1 0
427.28 0.0654641 0.0654641 1 1 0
427.78 0.0654637 0.0654637 1 1 0
428.28 0.0654634 0.0654634 1 1 0
428.78 0.065463 0.065463 1 1 0
429.28 0.0654626 0.0654626 1 1 0
429.78 0.0654623 0.0654623 1 1 0
430.28 0.0654619 0.0654619 1 1 0
430.78 0.0654615 0.0654615 1 1 0
431.28 0.0654612 0.0654612 1 1 0
431.78 0.0654608 0.0654608 1 1 0
432.28 0.0654605 0.0654605 1 1 0
432.78 0.0654602 0.0654602 1 1 0
433.28 0.0654598 0.0654598 1 1 0
433.78 0.0654595 0.0654595 1 1 0
434.28 0.0654591 0.0654591 1 1 0
434.78 0.0654588 0.0654588 1 1 0
435.28 0.0654585 0.0654585 1 1 0
435.78 0.0654582 0.0654582 1 1 0
436.28 0.0654578 0.0654578 1 1 0
436.78 0.0654575 0.0654575 1 1 0
437.28 0.0654572 0.0654572 1 1 0
437.78 0.0654569 0.0654569 1 1 0
438.28 0.0654566 0.0654566 1 1 0
438.78 0.0654563 0.0654563 1 1 0
439.28 0.065456 0.065456 1 1 0
439.78 0.0654557 0.0654557 1 1 0
440.28 0.0654554 0.0654554 1 1 0
440.78 0.0654551 0.0654551 1 1 0
441.28 0.0654548 0.0654548 1 1 0
441.78 0.0654545 0.0654545 1 1 0
442.28 0.0654542 0.0654542 1 1 0
442.78 0.0654539 0.0654539 1 1 0
443.28 0.0654536 0.0654536 1 1 0
443.78 0.0654533 0.0654533 1 1 0
444.28 0.065453 0.065453 1 1 0
444.78 0.0654528 0.0654528 1 1 0
445.28 0.0654525 0.0654525 1 1 0
445.78 0.0654522 0.0654522 1 1 0
446.28 0.065452 0.065452 1 1 0
446.78 0.0654517 0.0654517 1 1 0
447.28 0.0654514 0.0654514 1 1 0
447.78 0.0654512 0.0654512 1 1 0
448.28 0.0654509 0.0654509 1 1 0
448.78 0.0654506 0.0654506 1 1 0
449.28 0.0654504 0.0654504 1 1 0
449.78 0.0654501 0.0654501 1 1 0
450.28 0.0654499 0.0654499 1 1 0
450.78 0.0654496 0.0654496 1 1 0
451.28 0.0654494 0.0654494 1 1 0
451.78 0.0654491 0.0654491 1 1 0
452.28 0.0654489 0.0654489 1 1 0
452.78 0.0654486 0.0654486 1 1 0
453.28 0.0654484 0.0654484 1 1 0
453.78 0.0654482 0.0654482 1 1 0
454.28 0.0654479 0.0654479 1 1 0
454.78 0.0654477 0.0654477 1 1 0
455.28 0.0654475 0.0654475 1 1 0
455.78 0.0654472 0.0654472 1 1 0
456.28 0.065447 0.065447 1 1 0
456.78 0.0654468 0.0654468 1 1 0
457.28 0.0654465 0.0654465 1 1 0
457.78 0.0654463 0.0654463 1 1 0
458.28 0.0654461 0.0654461 1 1 0
458.78 0.0654459 0.0654459 1 1 0
459.28 0.0654457 0.0654457 1 1 0
459.78 0.0654455 0.0654455 1 1 0
460.28 0.0654452 0.0654452 1 1 0
460.78 0.065445 0.065445 1 1 0
461.28 0.0654448 0.0654448 1 1 0
461.78 0.0654446 0.0654446 1 1 0
462.28 0.0654444 0.0654444 1 1 0
462.78 0.0654442 0.0654442 1 1 0
463.28 0.065444 0.065444 1 1 0
463.78 0.0654438 0.0654438 1 1 0
464.28 0.0654436 0.0654436 1 1 0
464.78 0.0654434 0.0654434 1 1 0
465.28 0.0654432 0.0654432 1 1 0
465.78 0.065443 0.065443 1 1 0
466.28 0.0654428 0.0654428 1 1 0
466.78 0.0654426 0.0654426 1 1 0
467.28 0.0654425 0.0654425 1 1 0
467.78 0.0654423 0.0654423 1 1 0
468.28 0.0654421 0.0654421 1 1 0
468.78 0.0654419 0.0654419 1 1 0
469.28 0.0654417 0.0654417 1 1 0
469.78 0.0654415 0.0654415 1 1 0
470.28 0.0654414 0.0654414 1 1 0
470.78 0.0654412 0.0654412 1 1 0
471.28 0.065441 0.065441 1 1 0
471.78 0.0654408 0.0654408 1 1 0
472.28 0.0654407 0.0654407 1 1 0
472.78 0.0654405 0.0654405 1 1 0
473.28 0.0654403 0.0654403 1 1 0
473.78 0.0654401 0.0654401 1 1 0
474.28 0.06544 0.06544 1 1 0
474.78 0.0654398 0.0654398 1 1 0
475.28 0.0654397 0.0654397 1 1 0
475.78 0.0654395 0.0654395 1 1 0
476.28 0.0654393 0.0654393 1 1 0
476.78 0.0654392 0.0654392 1 1 0
477.28 0.065439 0.065439 1 1 0
477.78 0.0654389 0.0654389 1 1 0
478.28 0.0654387 0.0654387 1 1 0
478.78 0.0654385 0.0654385 1 1 0
479.28 0.0654384 0.0654384 1 1 0
479.78 0.0654382 0.0654382 1 1 0
480.28 0.0654381 0.0654381 1 1 0
480.78 0.0654379 0.0654379 1 1 0
481.28 0.0654378 0.0654378 1 1 0
481.78 0.0654376 0.0654376 1 1 0
482.28 0.0654375 0.0654375 1 1 0
482.78 0.0654374 0.0654374 1 1 0
483.28 0.0654372 0.0654372 1 1 0
483.78 0.0654371 0.0654371 1 1 0
484.28 0.0654369 0.0654369 1 1 0
484.78 0.0654368 0.0654368 1 1 0
485.28 0.0654366 0.0654366 1 1 0
485.78 0.0654365 0.0654365 1 1 0
486.28 0.0654364 0.0654364 1 1 0
486.78 0.0654362 0.0654362 1 1 0
487.28 0.0654361 0.0654361 1 1 0
487.78 0.065436 0.065436 1 1 0
488.28 0.0654358 0.0654358 1 1 0
488.78 0.0654357 0.0654357 1 1 0
489.28 0.0654356 0.0654356 1 1 0
489.78 0.0654355 0.0654355 1 1 0
490.28 0.0654353 0.0654353 1 1 0
490.78 0.0654352 0.0654352 1 1 0
491.28 0.0654351 0.0654351 1 1 0
491.78 0.065435 0.065435 1 1 0
492.28 0.0654348 0.0654348 1 1 0
492.78 0.0654347 0.0654347 1 1 0
493.28 0.0654346 0.0654346 1 1 0
493.78 0.0654345 0.0654345 1 1 0
494.28 0.0654344 0.0654344 1 1 0
494.78 0.0654342 0.0654342 1 1 0
495.28 0.0654341 0.0654341 1 1 0
495.28 0.0654341 0.0654341 2 1 0
495.32 0.0654341 0.0654341 1 1 0
495.36 0.0654341 0.0654341 1 1 0
495.44 0.0654341 0.0654341 1 1 0
495.6 0.065434 0.065434 1 1 0
495.92 0.065434 0.065434 1 1 0
496.42 0.0654339 0.0654339 1 1 0
496.92 0.0654337 0.0654337 1 1 0
497.42 0.0654336 0.0654336 1 1 0
497.92 0.0654335 0.0654335 1 1 0
498.42 0.0654334 0.0654334 1 1 0
498.92 0.0654333 0.0654333 1 1 0
499.42 0.0654332 0.0654332 1 1 0
499.92 0.0654331 0.0654331 1 1 0
500.42 0.065433 0.065433 1 1 0
500.92 0.0654329 0.0654329 1 1 0
501.42 0.0654328 0.0654328 1 1 0
501.92 0.0654327 0.0654327 1 1 0
502.42 0.0654326 0.0654326 1 1 0
502.92 0.0654325 0.0654325 1 1 0
503.42 0.0654324 0.0654324 1 1 0
503.92 0.0654323 0.0654323 1 1 0
504.42 0.0654322 0.0654322 1 1 0
504.92 0.0654321 0.0654321 1 1 0
505.42 0.065432 0.065432 1 1 0
505.92 0.0654319 0.0654319 1 1 0
506.42 0.0654318 0.0654318 1 1 0
506.92 0.0654317 0.0654317 1 1 0
507.42 0.0654316 0.0654316 1 1 0
507.92 0.0654315 0.0654315 1 1 0
508.42 0.0654314 0.0654314 1 1 0
508.92 0.0654313 0.0654313 1 1 0
509.42 0.0654312 0.0654312 1 1 0
509.92 0.0654311 0.0654311 1 1 0
510.42 0.065431 0.065431 1 1 0
510.92 0.0654309 0.0654309 1 1 0
511.42 0.0654309 0.0654309 1 1 0
511.92 0.0654308 0.0654308 1 1 0
512.42 0.0654307 0.0654307 1 1 0
512.92 0.0654306 0.0654306 1 1 0
513.42 0.0654305 0.0654305 1 1 0
513.92 0.0654304 0.0654304 1 1 0
514.42 0.0654303 0.0654303 1 1 0
514.92 0.0654303 0.0654303 1 1 0
515.42 0.0654302 0.0654302 1 1 0
515.92 0.0654301 0.0654301 1 1 0
516.42 0.06543 0.06543 1 1 0
516.92 0.0654299 0.0654299 1 1 0
517.42 0.0654299 0.0654299 1 1 0
517.92 0.0654298 0.0654298 1 1 0
518.42 0.0654297 0.0654297 1 1 0
518.92 0.0654296 0.0654296 1 1 0
519.42 0.0654295 0.0654295 1 1 0
519.92 0.0654295 0.0654295 1 1 0
520.42 0.0654294 0.0654294 1 1 0
520.92 0.0654293 0.0654293 1 1 0
521.42 0.0654292 0.0654292 1 1 0
521.92 0.0654292 0.0654292 1 1 0
522.42 0.0654291 0.0654291 1 1 0
522.92 0.065429 0.065429 1 1 0
523.42 0.0654289 0.0654289 1 1 0
523.92 0.0654289 0.0654289 1 1 0
524.42 0.0654288 0.0654288 1 1 0
524.92 0.0654287 0.0654287 1 1 0
525.42 0.0654287 0.0654287 1 1 0
525.92 0.0654286 0.0654286 1 1 0
526.42 0.0654285 0.0654285 1 1 0
526.92 0.0654285 0.0654285 1 1 0
527.42 0.0654284 0.0654284 1 1 0
527.92 0.0654283 0.0654283 1 1 0
528.42 0.0654283 0.0654283 1 1 0
528.92 0.0654282 0.0654282 1 1 0
529.42 0.0654281 0.0654281 1 1 0
529.92 0.0654281 0.0654281 1 1 0
530.42 0.065428 0.065428 1 1 0
530.92 0.0654279 0.0654279 1 1 0
531.42 0.0654279 0.0654279 1 1 0
531.92 0.0654278 0.0654278 1 1 0
532.42 0.0654278 0.0654278 1 1 0
532.92 0.0654277 0.0654277 1 1 0
533.42 0.0654276 0.0654276 1 1 0
533.92 0.0654276 0.0654276 1 1 0
534.42 0.0654275 0.0654275 1 1 0
534.92 0.0654275 0.0654275 1 1 0
535.42 0.0654274 0.0654274 1 1 0
535.92 0.0654273 0.0654273 1 1 0
536.42 0.0654273 0.0654273 1 1 0
536.92 0.0654272 0.0654272 1 1 0
537.42 0.0654272 0.0654272 1 1 0
537.92 0.0654271 0.0654271 1 1 0
538.42 0.0654271 0.0654271 1 1 0
538.92 0.065427 0.065427 1 1 0
539.42 0.0654269 0.0654269 1 1 0
539.92 0.0654269 0.0654269 1 1 0
540.42 0.0654268 0.0654268 1 1 0
540.92 0.0654268 0.0654268 1 1 0
541.42 0.0654267 0.0654267 1 1 0
541.92 0.0654267 0.0654267 1 1 0
542.42 0.0654266 0.0654266 1 1 0
542.92 0.0654266 0.0654266 1 1 0
543.42 0.0654265 0.0654265 1 1 0
543.92 0.0654265 0.0654265 1 1 0
544.42 0.0654264 0.0654264 1 1 0
544.92 0.0654264 0.0654264 1 1 0
545.42 0.0654263 0.0654263 1 1 0
545.92 0.0654263 0.0654263 1 1 0
546.42 0.0654262 0.0654262 1 1 0
546.92 0.0654262 0.0654262 1 1 0
547.42 0.0654261 0.0654261 1 1 0
547.92 0.0654261 0.0654261 1 1 0
548.42 0.065426 0.065426 1 1 0
548.92 0.065426 0.065426 1 1 0
549.42 0.0654259 0.0654259 1 1 0
549.92 0.0654259 0.0654259 1 1 0
550.42 0.0654259 0.0654259 1 1 0
550.92 0.0654258 0.0654258 1 1 0
551.42 0.0654258 0.0654258 1 1 0
551.92 0.0654257 0.0654257 1 1 0
552.42 0.0654257 0.0654257 1 1 0
552.92 0.0654256 0.0654256 1 1 0
553.42 0.0654256 0.0654256 1 1 0
553.92 0.0654255 0.0654255 1 1 0
554.42 0.0654255 0.0654255 1 1 0
554.92 0.0654255 0.0654255 1 1 0
555.42 0.0654254 0.0654254 1 1 0
555.92 0.0654254 0.0654254 1 1 0
556.42 0.0654253 0.0654253 1 1 0
556.92 0.0654253 0.0654253 1 1 0
557.42 0.0654253 0.0654253 1 1 0
557.92 0.0654252 0.0654252 1 1 0
558.42 0.0654252 0.0654252 1 1 0
558.92 0.0654251 0.0654251 1 1 0
559.42 0.0654251 0.0654251 1 1 0
559.92 0.0654251 0.0654251 1 1 0
560.42 0.065425 0.065425 1 1 0
560.92 0.065425 0.065425 1 1 0
561.42 0.0654249 0.0654249 1 1 0
561.92 0.0654249 0.0654249 1 1 0
562.42 0.0654249 0.0654249 1 1 0
562.92 0.0654248 0.0654248 1 1 0
563.42 0.0654248 0.0654248 1 1 0
563.92 0.0654248 0.0654248 1 1 0
564.42 0.0654247 0.0654247 1 1 0
564.92 0.0654247 0.0654247 1 1 0
565.42 0.0654247 0.0654247 1 1 0
565.92 0.0654246 0.0654246 1 1 0
566.42 0.0654246 0.0654246 1 1 0
566.92 0.0654246 0.0654246 1 1 0
567.42 0.0654245 0.0654245 1 1 0
567.92 0.0654245 0.0654245 1 1 0
568.42 0.0654245 0.0654245 1 1 0
568.92 0.0654244 0.0654244 1 1 0
569.42 0.0654244 0.0654244 1 1 0
569.92 0.0654244 0.0654244 1 1 0
570.42 0.0654243 0.0654243 1 1 0
570.92 0.0654243 0.0654243 1 1 0
571.42 0.0654243 0.0654243 1 1 0
571.92 0.0654242 0.0654242 1 1 0
572.42 0.0654242 0.0654242 1 1 0
572.92 0.0654242 0.0654242 1 1 0
573.42 0.0654241 0.0654241 1 1 0
573.92 0.0654241 0.0654241 1 1 0
574.42 0.0654241 0.0654241 1 1 0
574.92 0.065424 0.065424 1 1 0
575.42 0.065424 0.065424 1 1 0
575.92 0.065424 0.065424 1 1 0
576.42 0.065424 0.065424 1 1 0
576.92 0.0654239 0.0654239 1 1 0
577.42 0.0654239 0.0654239 1 1 0
577.92 0.0654239 0.0654239 1 1 0
578.42 0.0654238 0.0654238 1 1 0
578.92 0.0654238 0.0654238 1 1 0
579.42 0.0654238 0.0654238 1 1 0
579.92 0.0654238 0.0654238 1 1 0
580.42 0.0654237 0.0654237 1 1 0
580.92 0.0654237 0.0654237 1 1 0
581.42 0.0654237 0.0654237 1 1 0
581.92 0.0654237 0.0654237 1 1 0
582.42 0.0654236 0.0654236 1 1 0
582.92 0.0654236 0.0654236 1 1 0
583.42 0.0654236 0.0654236 1 1 0
583.92 0.0654236 0.0654236 1 1 0
584.42 0.0654235 0.0654235 1 1 0
584.92 0.0654235 0.0654235 1 1 0
585.42 0.0654235 0.0654235 1 1 0
585.92 0.0654235 0.0654235 1 1 0
586.42 0.0654234 0.0654234 1 1 0
586.92 0.0654234 0.0654234 1 1 0
587.42 0.0654234 0.0654234 1 1 0
587.92 0.0654234 0.0654234 1 1 0
588.42 0.0654233 0.0654233 1 1 0
588.92 0.0654233 0.0654233 1 1 0
589.42 0.0654233 0.0654233 1 1 0
589.92 0.0654233 0.0654233 1 1 0
590.42 0.0654232 0.0654232 1 1 0
590.92 0.0654232 0.0654232 1 1 0
591.42 0.0654232 0.0654232 1 1 0
591.92 0.0654232 0.0654232 1 1 0
592.42 0.0654231 0.0654231 1 1 0
592.92 0.0654231 0.0654231 1 1 0
592.92 0.0654231 0.0654231 2 1 0
592.96 0.0654231 0.0654231 1 1 0
593 0.0654231 0.0654231 1 1 0
593.08 0.0654231 0.0654231 1 1 0
593.24 0.0654231 0.0654231 1 1 0
593.56 0.0654231 0.0654231 1 1 0
594.06 0.0654231 0.0654231 1 1 0
594.56 0.0654231 0.0654231 1 1 0
595.06 0.065423 0.065423 1 1 0
595.56 0.065423 0.065423 1 1 0
596.06 0.065423 0.065423 1 1 0
596.56 0.065423 0.065423 1 1 0
597.06 0.065423 0.065423 1 1 0
597.56 0.0654229 0.0654229 1 1 0
598.06 0.0654229 0.0654229 1 1 0
598.56 0.0654229 0.0654229 1 1 0
599.06 0.0654229 0.0654229 1 1 0
599.56 0.0654229 0.0654229 1 1 0
600.06 0.0654228 0.0654228 1 1 0
600.56 0.0654228 0.0654228 1 1 0
601.06 0.0654228 0.0654228 1 1 0
601.56 0.0654228 0.0654228 1 1 0
602.06 0.0654228 0.0654228 1 1 0
602.56 0.0654227 0.0654227 1 1 0
603.06 0.0654227 0.0654227 1 1 0
603.56 0.0654227 0.0654227 1 1 0
604.06 0.0654227 0.0654227 1 1 0
604.56 0.0654227 0.0654227 1 1 0
605.06 0.0654226 0.0654226 1 1 0
605.56 0.0654226 0.0654226 1 1 0
606.06 0.0654226 0.0654226 1 1 0
606.56 0.0654226 0.0654226 1 1 0
607.06 0.0654226 0.0654226 1 1 0
607.56 0.0654226 0.0654226 1 1 0
608.06 0.0654225 0.0654225 1 1 0
608.56 0.0654225 0.0654225 1 1 0
609.06 0.0654225 0.0654225 1 1 0
609.56 0.0654225 0.0654225 1 1 0
610.06 0.0654225 0.0654225 1 1 0
610.56 0.0654225 0.0654225 1 1 0
611.06 0.0654224 0.0654224 1 1 0
611.56 0.0654224 0.0654224 1 1 0
612.06 0.0654224 0.0654224 1 1 0
612.56 0.0654224 0.0654224 1 1 0
613.06 0.0654224 0.0654224 1 1 0
613.56 0.0654224 0.0654224 1 1 0
614.06 0.0654224 0.0654224 1 1 0
614.56 0.0654223 0.0654223 1 1 0
615.06 0.0654223 0.0654223 1 1 0
615.56 0.0654223 0.0654223 1 1 0
616.06 0.0654223 0.0654223 1 1 0
616.56 0.0654223 0.0654223 1 1 0
617.06 0.0654223 0.0654223 1 1 0
617.56 0.0654222 0.0654222 1 1 0
618.06 0.0654222 0.0654222 1 1 0
618.56 0.0654222 0.0654222 1 1 0
619.06 0.0654222 0.0654222 1 1 0
619.56 0.0654222 0.0654222 1 1 0
620.06 0.0654222 0.0654222 1 1 0
620.56 0.0654222 0.0654222 1 1 0
621.06 0.0654222 0.0654222 1 1 0
621.56 0.0654221 0.0654221 1 1 0
622.06 0.0654221 0.0654221 1 1 0
622.56 0.0654221 0.0654221 1 1 0
623.06 0.0654221 0.0654221 1 1 0
623.56 0.0654221 0.0654221 1 1 0
624.06 0.0654221 0.0654221 1 1 0
624.56 0.0654221 0.0654221 1 1 0
625.06 0.065422 0.065422 1 1 0
625.56 0.065422 0.065422 1 1 0
626.06 0.065422 0.065422 1 1 0
626.56 0.065422 0.065422 1 1 0
627.06 0.065422 0.065422 1 1 0
627.56 0.065422 0.065422 1 1 0
628.06 0.065422 0.065422 1 1 0
628.56 0.065422 0.065422 1 1 0
629.06 0.0654219 0.0654219 1 1 0
629.56 0.0654219 0.0654219 1 1 0
630.06 0.0654219 0.0654219 1 1 0
630.56 0.0654219 0.0654219 1 1 0
631.06 0.0654219 0.0654219 1 1 0
631.56 0.0654219 0.0654219 1 1 0
632.06 0.0654219 0.0654219 1 1 0
632.56 0.0654219 0.0654219 1 1 0
633.06 0.0654219 0.0654219 1 1 0
633.56 0.0654218 0.0654218 1 1 0
634.06 0.0654218 0.0654218 1 1 0
634.56 0.0654218 0.0654218 1 1 0
635.06 0.0654218 0.0654218 1 1 0
635.56 0.0654218 0.0654218 1 1 0
636.06 0.0654218 0.0654218 1 1 0
636.56 0.0654218 0.0654218 1 1 0
637.06 0.0654218 0.0654218 1 1 0
637.56 0.0654218 0.0654218 1 1 0
638.06 0.0654218 0.0654218 1 1 0
638.56 0.0654217 0.0654217 1 1 0
639.06 0.0654217 0.0654217 1 1 0
639.56 0.0654217 0.0654217 1 1 0
640.06 0.0654217 0.0654217 1 1 0
640.56 0.0654217 0.0654217 1 1 0
641.06 0.0654217 0.0654217 1 1 0
641.56 0.0654217 0.0654217 1 1 0
642.06 0.0654217 0.0654217 1 1 0
642.56 0.0654217 0.0654217 1 1 0
643.06 0.0654217 0.0654217 1 1 0
643.56 0.0654216 0.0654216 1 1 0
644.06 0.0654216 0.0654216 1 1 0
644.56 0.0654216 0.0654216 1 1 0
645.06 0.0654216 0.0654216 1 1 0
645.56 0.0654216 0.0654216 1 1 0
646.06 0.0654216 0.0654216 1 1 0
646.56 0.0654216 0.0654216 1 1 0
647.06 0.0654216 0.0654216 1 1 0
647.56 0.0654216 0.0654216 1 1 0
648.06 0.0654216 0.0654216 1 1 0
648.56 0.0654216 0.0654216 1 1 0
649.06 0.0654215 0.0654215 1 1 0
649.56 0.0654215 0.0654215 1 1 0
650.06 0.0654215 0.0654215 1 1 0
650.56 0.0654215 0.0654215 1 1 0
651.06 0.0654215 0.0654215 1 1 0
651.56 0.0654215 0.0654215 1 1 0
652.06 0.0654215 0.0654215 1 1 0
652.56 0.0654215 0.0654215 1 1 0
653.06 0.0654215 0.0654215 1 1 0
653.56 0.0654215 0.0654215 1 1 0
654.06 0.0654215 0.0654215 1 1 0
654.56 0.0654215 0.0654215 1 1 0
655.06 0.0654215 0.0654215 1 1 0
655.56 0.0654214 0.0654214 1 1 0
656.06 0.0654214 0.0654214 1 1 0
656.56 0.0654214 0.0654214 1 1 0
657.06 0.0654214 0.0654214 1 1 0
657.56 0.0654214 0.0654214 1 1 0
658.06 0.0654214 0.0654214 1 1 0
658.56 0.0654214 0.0654214 1 1 0
659.06 0.0654214 0.0654214 1 1 0
659.56 0.0654214 0.0654214 1 1 0
660.06 0.0654214 0.0654214 1 1 0
660.56 0.0654214 0.0654214 1 1 0
661.06 0.0654214 0.0654214 1 1 0
661.56 0.0654214 0.0654214 1 1 0
662.06 0.0654214 0.0654214 1 1 0
662.56 0.0654213 0.0654213 1 1 0
663.06 0.0654213 0.0654213 1 1 0
663.56 0.0654213 0.0654213 1 1 0
664.06 0.0654213 0.0654213 1 1 0
664.56 0.0654213 0.0654213 1 1 0
665.06 0.0654213 0.0654213 1 1 0
665.56 0.0654213 0.0654213 1 1 0
666.06 0.0654213 0.0654213 1 1 0
666.56 0.0654213 0.0654213 1 1 0
667.06 0.0654213 0.0654213 1 1 0
667.56 0.0654213 0.0654213 1 1 0
668.06 0.0654213 0.0654213 1 1 0
668.56 0.0654213 0.0654213 1 1 0
669.06 0.0654213 0.0654213 1 1 0
669.56 0.0654213 0.0654213 1 1 0
670.06 0.0654213 0.0654213 1 1 0
670.56 0.0654212 0.0654212 1 1 0
671.06 0.0654212 0.0654212 1 1 0
671.56 0.0654212 0.0654212 1 1 0
672.06 0.0654212 0.0654212 1 1 0
672.56 0.0654212 0.0654212 1 1 0
673.06 0.0654212 0.0654212 1 1 0
673.56 0.0654212 0.0654212 1 1 0
674.06 0.0654212 0.0654212 1 1 0
674.56 0.0654212 0.0654212 1 1 0
675.06 0.0654212 0.0654212 1 1 0
675.56 0.0654212 0.0654212 1 1 0
676.06 0.0654212 0.0654212 1 1 0
676.56 0.0654212 0.0654212 1 1 0
677.06 0.0654212 0.0654212 1 1 0
677.56 0.0654212 0.0654212 1 1 0
678.06 0.0654212 0.0654212 1 1 0
678.56 0.0654212 0.0654212 1 1 0
679.06 0.0654212 0.0654212 1 1 0
679.56 0.0654211 0.0654211 1 1 0
680.06 0.0654211 0.0654211 1 1 0
680.56 0.0654211 0.0654211 1 1 0
681.06 0.0654211 0.0654211 1 1 0
681.56 0.0654211 0.0654211 1 1 0
682.06 0.0654211 0.0654211 1 1 0
682.56 0.0654211 0.0654211 1 1 0
683.06 0.0654211 0.0654211 1 1 0
683.56 0.0654211 0.0654211 1 1 0
684.06 0.0654211 0.0654211 1 1 0
684.56 0.0654211 0.0654211 1 1 0
685.06 0.0654211 0.0654211 1 1 0
685.56 0.0654211 0.0654211 1 1 0
686.06 0.0654211 0.0654211 1 1 0
686.56 0.0654211 0.0654211 1 1 0
687.06 0.0654211 0.0654211 1 1 0
687.56 0.0654211 0.0654211 1 1 0
688.06 0.0654211 0.0654211 1 1 0
688.56 0.0654211 0.0654211 1 1 0
689.06 0.0654211 0.0654211 1 1 0
689.56 0.0654211 0.0654211 1 1 0
690.06 0.0654211 0.0654211 1 1 0
690.56 0.065421 0.065421 1 1 0
300 0.0658362 0.0658362 2 1 0
299.96 0.0658366 0.0658366 1 1 0
299.92 0.0658369 0.0658369 1 1 0
299.84 0.0658375 0.0658375 1 1 0
299.68 0.0658387 0.0658387 1 1 0
299.36 0.0658412 0.0658412 1 1 0
298.86 0.0658452 0.0658452 1 1 0
298.36 0.0658492 0.0658492 1 1 0
297.86 0.0658532 0.0658532 1 1 0
297.36 0.0658573 0.0658573 1 1 0
296.86 0.0658614 0.0658614 1 1 0
296.36 0.0658655 0.0658655 1 1 0
295.86 0.0658697 0.0658697 1 1 0
295.36 0.065874 0.065874 1 1 0
294.86 0.0658782 0.0658782 1 1 0
294.36 0.0658826 0.0658826 1 1 0
293.86 0.0658869 0.0658869 1 1 0
293.36 0.0658914 0.0658914 1 1 0
292.86 0.0658958 0.0658958 1 1 0
292.36 0.0659003 0.0659003 1 1 0
291.86 0.0659049 0.0659049 1 1 0
291.36 0.0659095 0.0659095 1 1 0
290.86 0.0659141 0.0659141 1 1 0
290.36 0.0659188 0.0659188 1 1 0
289.86 0.0659235 0.0659235 1 1 0
289.36 0.0659283 0.0659283 1 1 0
288.86 0.0659332 0.0659332 1 1 0
288.36 0.0659381 0.0659381 1 1 0
287.86 0.065943 0.065943 1 1 0
287.36 0.065948 0.065948 1 1 0
286.86 0.0659531 0.0659531 1 1 0
286.36 0.0659581 0.0659581 1 1 0
285.86 0.0659633 0.0659633 1 1 0
285.36 0.0659685 0.0659685 1 1 0
284.86 0.0659738 0.0659738 1 1 0
284.36 0.0659791 0.0659791 1 1 0
283.86 0.0659845 0.0659845 1 1 0
283.36 0.0659899 0.0659899 1 1 0
282.86 0.0659954 0.0659954 1 1 0
282.36 0.0660009 0.0660009 1 1 0
281.86 0.0660065 0.0660065 1 1 0
281.36 0.0660122 0.0660122 1 1 0
280.86 0.0660179 0.0660179 1 1 0
280.36 0.0660237 0.0660237 1 1 0
279.86 0.0660295 0.0660295 1 1 0
279.36 0.0660355 0.0660355 1 1 0
278.86 0.0660414 0.0660414 1 1 0
278.36 0.0660475 0.0660475 1 1 0
277.86 0.0660536 0.0660536 1 1 0
277.36 0.0660597 0.0660597 1 1 0
276.86 0.066066 0.066066 1 1 0
276.36 0.0660723 0.0660723 1 1 0
275.86 0.0660787 0.0660787 1 1 0
275.36 0.0660851 0.0660851 1 1 0
274.86 0.0660916 0.0660916 1 1 0
274.36 0.0660982 0.0660982 1 1 0
273.86 0.0661048 0.0661048 1 1 0
273.36 0.0661116 0.0661116 1 1 0
272.86 0.0661184 0.0661184 1 1 0
272.36 0.0661253 0.0661253 1 1 0
271.86 0.0661322 0.0661322 1 1 0
271.36 0.0661392 0.0661392 1 1 0
270.86 0.0661463 0.0661463 1 1 0
270.36 0.0661535 0.0661535 1 1 0
269.86 0.0661608 0.0661608 1 1 0
269.36 0.0661682 0.0661682 1 1 0
268.86 0.0661756 0.0661756 1 1 0
268.36 0.0661831 0.0661831 1 1 0
267.86 0.0661907 0.0661907 1 1 0
267.36 0.0661984 0.0661984 1 1 0
266.86 0.0662061 0.0662061 1 1 0
266.36 0.066214 0.066214 1 1 0
265.86 0.066222 0.066222 1 1 0
265.36 0.06623 0.06623 1 1 0
264.86 0.0662381 0.0662381 1 1 0
264.36 0.0662463 0.0662463 1 1 0
263.86 0.0662547 0.0662547 1 1 0
263.36 0.0662631 0.0662631 1 1 0
262.86 0.0662716 0.0662716 1 1 0
262.36 0.0662802 0.0662802 1 1 0
261.86 0.0662889 0.0662889 1 1 0
261.36 0.0662977 0.0662977 1 1 0
260.86 0.0663066 0.0663066 1 1 0
260.36 0.0663156 0.0663156 1 1 0
259.86 0.0663247 0.0663247 1 1 0
259.36 0.066334 0.066334 1 1 0
258.86 0.0663433 0.0663433 1 1 0
258.36 0.0663528 0.0663528 1 1 0
257.86 0.0663623 0.0663623 1 1 0
257.36 0.066372 0.066372 1 1 0
256.86 0.0663818 0.0663818 1 1 0
256.36 0.0663917 0.0663917 1 1 0
255.86 0.0664017 0.0664017 1 1 0
255.36 0.0664118 0.0664118 1 1 0
254.86 0.0664221 0.0664221 1 1 0
254.36 0.0664325 0.0664325 1 1 0
253.86 0.066443 0.066443 1 1 0
253.36 0.0664536 0.0664536 1 1 0
252.86 0.0664644 0.0664644 1 1 0
252.36 0.0664753 0.0664753 1 1 0
251.86 0.0664863 0.0664863 1 1 0
251.36 0.0664975 0.0664975 1 1 0
250.86 0.0665088 0.0665088 1 1 0
250.36 0.0665202 0.0665202 1 1 0
249.86 0.0665318 0.0665318 1 1 0
249.36 0.0665436 0.0665436 1 1 0
248.86 0.0665554 0.0665554 1 1 0
248.36 0.0665675 0.0665675 1 1 0
247.86 0.0665797 0.0665797 1 1 0
247.36 0.066592 0.066592 1 1 0
246.86 0.0666045 0.0666045 1 1 0
246.36 0.0666171 0.0666171 1 1 0
245.86 0.0666299 0.0666299 1 1 0
245.36 0.0666429 0.0666429 1 1 0
244.86 0.0666561 0.0666561 1 1 0
244.36 0.0666694 0.0666694 1 1 0
243.86 0.0666829 0.0666829 1 1 0
243.36 0.0666965 0.0666965 1 1 0
242.86 0.0667104 0.0667104 1 1 0
242.36 0.0667244 0.0667244 1 1 0
241.86 0.0667386 0.0667386 1 1 0
241.36 0.066753 0.066753 1 1 0
240.86 0.0667676 0.0667676 1 1 0
240.36 0.0667823 0.0667823 1 1 0
239.86 0.0667973 0.0667973 1 1 0
239.36 0.0668125 0.0668125 1 1 0
238.86 0.0668279 0.0668279 1 1 0
238.36 0.0668435 0.0668435 1 1 0
237.86 0.0668593 0.0668593 1 1 0
237.36 0.0668753 0.0668753 1 1 0
236.86 0.0668916 0.0668916 1 1 0
236.36 0.066908 0.066908 1 1 0
235.86 0.0669247 0.0669247 1 1 0
235.36 0.0669417 0.0669417 1 1 0
234.86 0.0669588 0.0669588 1 1 0
234.36 0.0669763 0.0669763 1 1 0
233.86 0.0669939 0.0669939 1 1 0
233.36 0.0670118 0.0670118 1 1 0
232.86 0.06703 0.06703 1 1 0
232.36 0.0670484 0.0670484 1 1 0
231.86 0.0670671 0.0670671 1 1 0
231.36 0.0670861 0.0670861 1 1 0
230.86 0.0671054 0.0671054 1 1 0
230.36 0.0671249 0.0671249 1 1 0
229.86 0.0671448 0.0671448 1 1 0
229.36 0.0671649 0.0671649 1 1 0
228.86 0.0671853 0.0671853 1 1 0
228.36 0.0672061 0.0672061 1 1 0
227.86 0.0672271 0.0672271 1 1 0
227.36 0.0672485 0.0672485 1 1 0
226.86 0.0672702 0.0672702 1 1 0
226.36 0.0672922 0.0672922 1 1 0
225.86 0.0673146 0.0673146 1 1 0
225.36 0.0673374 0.0673374 1 1 0
224.86 0.0673605 0.0673605 1 1 0
224.36 0.067384 0.067384 1 1 0
223.86 0.0674078 0.0674078 1 1 0
223.36 0.0674321 0.0674321 1 1 0
222.86 0.0674567 0.0674567 1 1 0
222.36 0.0674818 0.0674818 1 1 0
221.86 0.0675072 0.0675072 1 1 0
221.36 0.0675331 0.0675331 1 1 0
220.86 0.0675594 0.0675594 1 1 0
220.36 0.0675862 0.0675862 1 1 0
219.86 0.0676134 0.0676134 1 1 0
219.36 0.0676412 0.0676412 1 1 0
218.86 0.0676694 0.0676694 1 1 0
218.36 0.067698 0.067698 1 1 0
217.86 0.0677273 0.0677273 1 1 0
217.36 0.067757 0.067757 1 1 0
216.86 0.0677873 0.0677873 1 1 0
216.36 0.0678181 0.0678181 1 1 0
215.86 0.0678495 0.0678495 1 1 0
215.36 0.0678815 0.0678815 1 1 0
214.86 0.0679141 0.0679141 1 1 0
214.36 0.0679473 0.0679473 1 1 0
213.86 0.0679812 0.0679812 1 1 0
213.36 0.0680157 0.0680157 1 1 0
212.86 0.068051 0.068051 1 1 0
212.36 0.0680869 0.0680869 1 1 0
211.86 0.0681236 0.0681236 1 1 0
211.36 0.068161 0.068161 1 1 0
210.86 0.0681993 0.0681993 1 1 0
210.36 0.0682383 0.0682383 1 1 0
209.86 0.0682782 0.0682782 1 1 0
209.36 0.0683189 0.0683189 1 1 0
208.86 0.0683606 0.0683606 1 1 0
208.36 0.0684032 0.0684032 1 1 0
207.86 0.0684468 0.0684468 1 1 0
207.36 0.0684914 0.0684914 1 1 0
206.86 0.0685371 0.0685371 1 1 0
206.36 0.0685839 0.0685839 1 1 0
205.86 0.0686318 0.0686318 1 1 0
205.36 0.0686809 0.0686809 1 1 0
204.86 0.0687314 0.0687314 1 1 0
204.36 0.0687831 0.0687831 1 1 0
203.86 0.0688362 0.0688362 1 1 0
203.36 0.0688908 0.0688908 1 1 0
202.86 0.068947 0.068947 1 1 0
202.36 0.0690047 0.0690047 1 1 0
202.36 0.0690047 0.0690047 2 1 0
202.32 0.0690094 0.0690094 1 1 0
202.28 0.0690141 0.0690141 1 1 0
202.2 0.0690236 0.0690236 1 1 0
202.04 0.0690426 0.0690426 1 1 0
201.72 0.0690812 0.0690812 1 1 0
201.22 0.069143 0.069143 1 1 0
200.72 0.0692068 0.0692068 1 1 0
200.22 0.0692727 0.0692727 1 1 0
199.72 0.0693407 0.0693407 1 1 0
199.22 0.0694112 0.0694112 1 1 0
198.72 0.0694842 0.0694842 1 1 0
198.22 0.06956 0.06956 1 1 0
197.72 0.0696388 0.0696388 1 1 0
197.22 0.0697208 0.0697208 1 1 0
196.72 0.0698063 0.0698063 1 1 0
196.22 0.0698957 0.0698957 1 1 0
195.72 0.0699894 0.0699894 1 1 0
195.22 0.0700878 0.0700878 1 1 0
194.72 0.0701916 0.0701916 1 1 0
194.22 0.0703014 0.0703014 1 1 0
193.72 0.0704181 0.0704181 1 1 0
193.22 0.0705429 0.0705429 1 1 0
192.72 0.0706772 0.0706772 1 1 0
192.22 0.070823 0.070823 1 1 0
191.72 0.070983 0.070983 1 1 0
191.22 0.0711616 0.0711616 1 1 0
190.72 0.0713653 0.0713653 1 1 0
190.22 0.0716065 0.0716065 1 1 0
189.72 0.0719129 0.0719129 1 1 0
189.22 0.0723922 0.0723922 1 1 0
189.095 0.0726204 0.0726204 1 1 0
189.048 0.0727847 0.0727847 1 1 0
189.04 0.0728501 0.0728501 1 1 0
189.036 0.0729056 0.0729056 1 1 0
189.036 0.0729056 0.0729056 1 1 0
189.036 0.0729056 0.0729056 2 1 0
189.036 0.0729056 0.0729056 2 1 0
202.36 0.0690047 0.0690047 2 1 0
202.32 0.0690094 0.0690094 1 1 0
202.28 0.0690141 0.0690141 1 1 0
202.2 0.0690236 0.0690236 1 1 0
202.04 0.0690426 0.0690426 1 1 0
201.84 0.0690666 0.0690666 1 1 0
201.64 0.069091 0.069091 1 1 0
201.44 0.0691156 0.0691156 1 1 0
201.24 0.0691405 0.0691405 1 1 0
201.04 0.0691657 0.0691657 1 1 0
200.84 0.0691913 0.0691913 1 1 0
200.64 0.0692172 0.0692172 1 1 0
200.44 0.0692434 0.0692434 1 1 0
200.24 0.06927 0.06927 1 1 0
200.04 0.0692969 0.0692969 1 1 0
199.84 0.0693242 0.0693242 1 1 0
199.64 0.0693519 0.0693519 1 1 0
199.44 0.0693799 0.0693799 1 1 0
199.24 0.0694084 0.0694084 1 1 0
199.04 0.0694372 0.0694372 1 1 0
198.84 0.0694665 0.0694665 1 1 0
198.64 0.0694962 0.0694962 1 1 0
198.44 0.0695263 0.0695263 1 1 0
198.24 0.0695569 0.0695569 1 1 0
198.04 0.069588 0.069588 1 1 0
197.84 0.0696196 0.0696196 1 1 0
197.64 0.0696517 0.0696517 1 1 0
197.44 0.0696843 0.0696843 1 1 0
197.24 0.0697174 0.0697174 1 1 0
197.04 0.0697512 0.0697512 1 1 0
196.84 0.0697854 0.0697854 1 1 0
196.64 0.0698203 0.0698203 1 1 0
196.44 0.0698559 0.0698559 1 1 0
196.24 0.0698921 0.0698921 1 1 0
196.04 0.0699289 0.0699289 1 1 0
195.84 0.0699665 0.0699665 1 1 0
195.64 0.0700048 0.0700048 1 1 0
195.44 0.0700439 0.0700439 1 1 0
195.24 0.0700838 0.0700838 1 1 0
195.04 0.0701245 0.0701245 1 1 0
194.84 0.0701662 0.0701662 1 1 0
194.64 0.0702087 0.0702087 1 1 0
194.44 0.0702523 0.0702523 1 1 0
194.24 0.0702969 0.0702969 1 1 0
194.04 0.0703426 0.0703426 1 1 0
193.84 0.0703894 0.0703894 1 1 0
193.64 0.0704375 0.0704375 1 1 0
193.44 0.0704869 0.0704869 1 1 0
193.24 0.0705378 0.0705378 1 1 0
193.04 0.0705901 0.0705901 1 1 0
192.84 0.070644 0.070644 1 1 0
192.64 0.0706997 0.0706997 1 1 0
192.44 0.0707573 0.0707573 1 1 0
192.24 0.0708169 0.0708169 1 1 0
192.04 0.0708788 0.0708788 1 1 0
191.84 0.0709432 0.0709432 1 1 0
191.64 0.0710103 0.0710103 1 1 0
191.44 0.0710804 0.0710804 1 1 0
191.24 0.071154 0.071154 1 1 0
191.04 0.0712316 0.0712316 1 1 0
190.84 0.0713136 0.0713136 1 1 0
190.64 0.0714009 0.0714009 1 1 0
190.44 0.0714945 0.0714945 1 1 0
190.24 0.0715958 0.0715958 1 1 0
190.04 0.0717068 0.0717068 1 1 0
189.84 0.0718305 0.0718305 1 1 0
189.64 0.0719722 0.0719722 1 1 0
189.44 0.0721417 0.0721417 1 1 0
189.24 0.0723645 0.0723645 1 1 0
189.04 0.0728437 0.0728437 1 1 0
189.037 0.0728843 0.0728843 1 1 0
189.037 0.0728985 0.0728985 1 1 0
189.037 0.0729396 0.0729396 2 1 0
189.037 0.0729587 0.0729587 2 1 0
189.038 0.0729772 0.0729772 2 1 0
189.04 0.0729985 0.0729985 2 1 0
189.043 0.0730293 0.0730293 2 1 0
189.05 0.0730722 0.0730722 2 1 0
189.061 0.0731203 0.0731203 2 1 0
189.077 0.0731762 0.0731762 2 1 0
189.1 0.0732424 0.0732424 2 1 0
189.136 0.0733219 0.0733219 2 1 0
189.189 0.0734182 0.0734182 2 1 0
189.269 0.0735355 0.0735355 2 1 0
189.39 0.0736789 0.0736789 2 1 0
189.57 0.0738547 0.0738547 2 1 0
189.77 0.0740183 0.0740183 2 1 0
189.97 0.0741614 0.0741614 2 1 0
190.17 0.0742903 0.0742903 2 1 0
190.37 0.0744084 0.0744084 2 1 0
190.57 0.0745182 0.0745182 2 1 0
190.77 0.0746213 0.0746213 2 1 0
190.97 0.0747187 0.0747187 2 1 0
191.17 0.0748113 0.0748113 2 1 0
191.37 0.0748998 0.0748998 2 1 0
191.57 0.0749847 0.0749847 2 1 0
191.77 0.0750663 0.0750663 2 1 0
191.97 0.0751451 0.0751451 2 1 0
192.17 0.0752213 0.0752213 2 1 0
192.37 0.0752952 0.0752952 2 1 0
192.57 0.0753668 0.0753668 2 1 0
192.77 0.0754366 0.0754366 2 1 0
192.97 0.0755045 0.0755045 2 1 0
193.17 0.0755707 0.0755707 2 1 0
193.37 0.0756353 0.0756353 2 1 0
193.57 0.0756985 0.0756985 2 1 0
193.77 0.0757603 0.0757603 2 1 0
193.97 0.0758208 0.0758208 2 1 0
194.17 0.07588 0.07588 2 1 0
194.37 0.0759382 0.0759382 2 1 0
194.57 0.0759952 0.0759952 2 1 0
194.77 0.0760513 0.0760513 2 1 0
194.97 0.0761063 0.0761063 2 1 0
195.17 0.0761604 0.0761604 2 1 0
195.37 0.0762136 0.0762136 2 1 0
195.57 0.076266 0.076266 2 1 0
195.77 0.0763176 0.0763176 2 1 0
195.97 0.0763683 0.0763683 2 1 0
196.17 0.0764184 0.0764184 2 1 0
196.37 0.0764677 0.0764677 2 1 0
196.57 0.0765163 0.0765163 2 1 0
196.77 0.0765643 0.0765643 2 1 0
196.97 0.0766116 0.0766116 2 1 0
197.17 0.0766583 0.0766583 2 1 0
197.37 0.0767044 0.0767044 2 1 0
197.57 0.07675 0.07675 2 1 0
197.77 0.076795 0.076795 2 1 0
197.97 0.0768394 0.0768394 2 1 0
198.17 0.0768833 0.0768833 2 1 0
198.37 0.0769268 0.0769268 2 1 0
198.57 0.0769697 0.0769697 2 1 0
198.77 0.0770121 0.0770121 2 1 0
198.97 0.0770541 0.0770541 2 1 0
199.17 0.0770957 0.0770957 2 1 0
199.37 0.0771368 0.0771368 2 1 0
199.57 0.0771775 0.0771775 2 1 0
199.77 0.0772177 0.0772177 2 1 0
199.97 0.0772576 0.0772576 2 1 0
200.17 0.0772971 0.0772971 2 1 0
200.37 0.0773362 0.0773362 2 1 0
200.57 0.0773749 0.0773749 2 1 0
200.77 0.0774132 0.0774132 2 1 0
200.97 0.0774512 0.0774512 2 1 0
201.17 0.0774889 0.0774889 2 1 0
201.37 0.0775262 0.0775262 2 1 0
201.57 0.0775632 0.0775632 2 1 0
201.77 0.0775998 0.0775998 2 1 0
201.97 0.0776362 0.0776362 2 1 0
202.17 0.0776722 0.0776722 2 1 0
202.37 0.0777079 0.0777079 2 1 0
202.57 0.0777433 0.0777433 2 1 0
202.77 0.0777785 0.0777785 2 1 0
202.97 0.0778133 0.0778133 2 1 0
203.17 0.0778479 0.0778479 2 1 0
203.37 0.0778822 0.0778822 2 1 0
203.57 0.0779162 0.0779162 2 1 0
203.77 0.07795 0.07795 2 1 0
203.97 0.0779835 0.0779835 2 1 0
204.17 0.0780167 0.0780167 2 1 0
204.37 0.0780497 0.0780497 2 1 0
204.57 0.0780825 0.0780825 2 1 0
204.77 0.078115 0.078115 2 1 0
204.97 0.0781473 0.0781473 2 1 0
205.17 0.0781793 0.0781793 2 1 0
205.37 0.0782111 0.0782111 2 1 0
205.57 0.0782427 0.0782427 2 1 0
205.77 0.0782741 0.0782741 2 1 0
205.97 0.0783052 0.0783052 2 1 0
206.17 0.0783361 0.0783361 2 1 0
206.37 0.0783669 0.0783669 2 1 0
206.57 0.0783974 0.0783974 2 1 0
206.77 0.0784277 0.0784277 2 1 0
206.97 0.0784578 0.0784578 2 1 0
207.17 0.0784877 0.0784877 2 1 0
207.37 0.0785174 0.0785174 2 1 0
207.57 0.078547 0.078547 2 1 0
207.77 0.0785763 0.0785763 2 1 0
207.97 0.0786054 0.0786054 2 1 0
208.17 0.0786344 0.0786344 2 1 0
208.37 0.0786632 0.0786632 2 1 0
208.57 0.0786918 0.0786918 2 1 0
208.77 0.0787202 0.0787202 2 1 0
208.97 0.0787485 0.0787485 2 1 0
209.17 0.0787766 0.0787766 2 1 0
209.37 0.0788045 0.0788045 2 1 0
209.57 0.0788323 0.0788323 2 1 0
209.77 0.0788598 0.0788598 2 1 0
209.97 0.0788873 0.0788873 2 1 0
210.17 0.0789145 0.0789145 2 1 0
210.37 0.0789416 0.0789416 2 1 0
210.57 0.0789686 0.0789686 2 1 0
210.77 0.0789954 0.0789954 2 1 0
210.97 0.079022 0.079022 2 1 0
211.17 0.0790485 0.0790485 2 1 0
211.37 0.0790749 0.0790749 2 1 0
211.57 0.0791011 0.0791011 2 1 0
211.77 0.0791272 0.0791272 2 1 0
211.97 0.0791531 0.0791531 2 1 0
212.17 0.0791788 0.0791788 2 1 0
212.37 0.0792045 0.0792045 2 1 0
189.036 0.0729396 0.0729396 2 2 0
190.524 0.987654 0.987654 2 2 0
190.546 0.987664 0.987664 2 2 0
190.553 0.987667 0.987667 2 2 0
190.563 0.987672 0.987672 2 2 0
190.583 0.987681 0.987681 2 2 0
190.623 0.987699 0.987699 2 2 0
190.703 0.987735 0.987735 2 2 0
190.863 0.987807 0.987807 2 2 0
191.063 0.987896 0.987896 2 2 0
191.263 0.987985 0.987985 2 2 0
191.463 0.988073 0.988073 2 2 0
191.663 0.988161 0.988161 2 2 0
191.863 0.988248 0.988248 2 2 0
192.063 0.988334 0.988334 2 2 0
192.263 0.988419 0.988419 2 2 0
192.463 0.988504 0.988504 2 2 0
192.663 0.988589 0.988589 2 2 0
192.863 0.988672 0.988672 2 2 0
193.063 0.988755 0.988755 2 2 0
193.263 0.988838 0.988838 2 2 0
193.463 0.98892 0.98892 2 2 0
193.663 0.989001 0.989001 2 2 0
193.863 0.989082 0.989082 2 2 0
194.063 0.989162 0.989162 2 2 0
194.263 0.989241 0.989241 2 2 0
194.463 0.98932 0.98932 2 2 0
194.663 0.989399 0.989399 2 2 0
194.863 0.989477 0.989477 2 2 0
195.063 0.989554 0.989554 2 2 0
195.263 0.989631 0.989631 2 2 0
195.463 0.989707 0.989707 2 2 0
195.663 0.989782 0.989782 2 2 0
195.863 0.989857 0.989857 2 2 0
196.063 0.989932 0.989932 2 2 0
196.263 0.990006 0.990006 2 2 0
196.463 0.990079 0.990079 2 2 0
196.663 0.990152 0.990152 2 2 0
196.863 0.990224 0.990224 2 2 0
197.063 0.990296 0.990296 2 2 0
197.263 0.990367 0.990367 2 2 0
197.463 0.990438 0.990438 2 2 0
197.663 0.990508 0.990508 2 2 0
197.863 0.990578 0.990578 2 2 0
198.063 0.990647 0.990647 2 2 0
198.263 0.990716 0.990716 2 2 0
198.463 0.990784 0.990784 2 2 0
198.663 0.990852 0.990852 2 2 0
198.863 0.990919 0.990919 2 2 0
199.063 0.990985 0.990985 2 2 0
199.263 0.991052 0.991052 2 2 0
199.463 0.991117 0.991117 2 2 0
199.663 0.991183 0.991183 2 2 0
199.863 0.991247 0.991247 2 2 0
200.063 0.991312 0.991312 2 2 0
200.263 0.991376 0.991376 2 2 0
200.463 0.991439 0.991439 2 2 0
200.663 0.991502 0.991502 2 2 0
200.863 0.991564 0.991564 2 2 0
201.063 0.991626 0.991626 2 2 0
201.263 0.991688 0.991688 2 2 0
201.463 0.991749 0.991749 2 2 0
201.663 0.991809 0.991809 2 2 0
201.863 0.99187 0.99187 2 2 0
202.063 0.991929 0.991929 2 2 0
202.263 0.991989 0.991989 2 2 0
202.463 0.992048 0.992048 2 2 0
202.663 0.992106 0.992106 2 2 0
202.863 0.992164 0.992164 2 2 0
203.063 0.992222 0.992222 2 2 0
203.263 0.992279 0.992279 2 2 0
203.463 0.992336 0.992336 2 2 0
203.663 0.992392 0.992392 2 2 0
203.863 0.992448 0.992448 2 2 0
204.063 0.992503 0.992503 2 2 0
204.263 0.992558 0.992558 2 2 0
204.463 0.992613 0.992613 2 2 0
204.663 0.992667 0.992667 2 2 0
204.863 0.992721 0.992721 2 2 0
205.063 0.992775 0.992775 2 2 0
205.263 0.992828 0.992828 2 2 0
205.463 0.992881 0.992881 2 2 0
205.663 0.992933 0.992933 2 2 0
205.863 0.992985 0.992985 2 2 0
206.063 0.993037 0.993037 2 2 0
206.263 0.993088 0.993088 2 2 0
206.463 0.993139 0.993139 2 2 0
206.663 0.993189 0.993189 2 2 0
206.863 0.993239 0.993239 2 2 0
207.063 0.993289 0.993289 2 2 0
207.263 0.993338 0.993338 2 2 0
207.463 0.993387 0.993387 2 2 0
207.663 0.993436 0.993436 2 2 0
207.863 0.993484 0.993484 2 2 0
208.063 0.993532 0.993532 2 2 0
208.263 0.99358 0.99358 2 2 0
208.463 0.993627 0.993627 2 2 0
208.663 0.993674 0.993674 2 2 0
208.863 0.99372 0.99372 2 2 0
209.063 0.993766 0.993766 2 2 0
209.263 0.993812 0.993812 2 2 0
209.463 0.993858 0.993858 2 2 0
209.663 0.993903 0.993903 2 2 0
209.863 0.993948 0.993948 2 2 0
210.063 0.993992 0.993992 2 2 0
210.263 0.994037 0.994037 2 2 0
210.463 0.99408 0.99408 2 2 0
210.663 0.994124 0.994124 2 2 0
210.863 0.994167 0.994167 2 2 0
211.063 0.99421 0.99421 2 2 0
211.263 0.994253 0.994253 2 2 0
211.463 0.994295 0.994295 2 2 0
211.663 0.994337 0.994337 2 2 0
211.863 0.994379 0.994379 2 2 0
212.063 0.99442 0.99442 2 2 0
212.263 0.994461 0.994461 2 2 0
212.463 0.994502 0.994502 2 2 0
212.663 0.994542 0.994542 2 2 0
212.863 0.994582 0.994582 2 2 0
213.063 0.994622 0.994622 2 2 0
213.263 0.994662 0.994662 2 2 0
213.463 0.994701 0.994701 2 2 0
213.663 0.99474 0.99474 2 2 0
213.863 0.994779 0.994779 2 2 0
214.063 0.994817 0.994817 2 2 0
214.263 0.994855 0.994855 2 2 0
214.463 0.994893 0.994893 2 2 0
214.663 0.994931 0.994931 2 2 0
214.863 0.994968 0.994968 2 2 0
215.063 0.995005 0.995005 2 2 0
215.263 0.995042 0.995042 2 2 0
215.463 0.995078 0.995078 2 2 0
215.663 0.995115 0.995115 2 2 0
215.863 0.995151 0.995151 2 2 0
216.063 0.995186 0.995186 2 2 0
216.263 0.995222 0.995222 2 2 0
216.463 0.995257 0.995257 2 2 0
216.663 0.995292 0.995292 2 2 0
216.863 0.995326 0.995326 2 2 0
217.063 0.995361 0.995361 2 2 0
217.263 0.995395 0.995395 2 2 0
217.463 0.995429 0.995429 2 2 0
217.663 0.995463 0.995463 2 2 0
217.863 0.995496 0.995496 2 2 0
218.063 0.995529 0.995529 2 2 0
218.263 0.995562 0.995562 2 2 0
218.463 0.995595 0.995595 2 2 0
218.663 0.995627 0.995627 2 2 0
218.863 0.995659 0.995659 2 2 0
219.063 0.995691 0.995691 2 2 0
219.263 0.995723 0.995723 2 2 0
219.463 0.995754 0.995754 2 2 0
219.663 0.995786 0.995786 2 2 0
219.863 0.995817 0.995817 2 2 0
220.063 0.995848 0.995848 2 2 0
220.263 0.995878 0.995878 2 2 0
220.463 0.995908 0.995908 2 2 0
220.663 0.995939 0.995939 2 2 0
220.863 0.995968 0.995968 2 2 0
221.063 0.995998 0.995998 2 2 0
221.263 0.996028 0.996028 2 2 0
221.463 0.996057 0.996057 2 2 0
221.663 0.996086 0.996086 2 2 0
221.863 0.996115 0.996115 2 2 0
222.063 0.996143 0.996143 2 2 0
222.263 0.996172 0.996172 2 2 0
222.463 0.9962 0.9962 2 2 0
222.663 0.996228 0.996228 2 2 0
222.863 0.996256 0.996256 2 2 0
223.063 0.996283 0.996283 2 2 0
223.263 0.996311 0.996311 2 2 0
223.463 0.996338 0.996338 2 2 0
223.663 0.996365 0.996365 2 2 0
223.863 0.996392 0.996392 2 2 0
224.063 0.996418 0.996418 2 2 0
224.263 0.996444 0.996444 2 2 0
224.463 0.996471 0.996471 2 2 0
224.663 0.996497 0.996497 2 2 0
224.863 0.996522 0.996522 2 2 0
225.063 0.996548 0.996548 2 2 0
225.263 0.996573 0.996573 2 2 0
225.463 0.996599 0.996599 2 2 0
225.663 0.996624 0.996624 2 2 0
225.863 0.996649 0.996649 2 2 0
226.063 0.996673 0.996673 2 2 0
226.263 0.996698 0.996698 2 2 0
226.463 0.996722 0.996722 2 2 0
226.663 0.996746 0.996746 2 2 0
226.863 0.99677 0.99677 2 2 0
227.063 0.996794 0.996794 2 2 0
227.263 0.996818 0.996818 2 2 0
227.463 0.996841 0.996841 2 2 0
227.663 0.996864 0.996864 2 2 0
227.863 0.996887 0.996887 2 2 0
228.063 0.99691 0.99691 2 2 0
228.263 0.996933 0.996933 2 2 0
228.463 0.996956 0.996956 2 2 0
228.663 0.996978 0.996978 2 2 0
228.863 0.997 0.997 2 2 0
229.063 0.997023 0.997023 2 2 0
189.036 0.0729396 0.0729396 2 2 0
189.069 0.0726972 0.0726972 2 2 0
189.089 0.0726369 0.0726369 1 2 0
189.111 0.0725828 0.0725828 1 2 0
189.155 0.0724954 0.0724954 1 2 0
189.221 0.0723911 0.0723911 1 2 0
189.32 0.0722659 0.0722659 1 2 0
189.468 0.0721154 0.0721154 1 2 0
189.668 0.0719508 0.0719508 1 2 0
189.868 0.0718122 0.0718122 1 2 0
190.068 0.0716905 0.0716905 1 2 0
190.268 0.071581 0.071581 1 2 0
190.468 0.0714809 0.0714809 1 2 0
190.668 0.0713882 0.0713882 1 2 0
190.868 0.0713017 0.0713017 1 2 0
191.068 0.0712203 0.0712203 1 2 0
191.268 0.0711434 0.0711434 1 2 0
191.468 0.0710703 0.0710703 1 2 0
191.668 0.0710006 0.0710006 1 2 0
191.868 0.0709339 0.0709339 1 2 0
192.068 0.0708699 0.0708699 1 2 0
192.268 0.0708084 0.0708084 1 2 0
192.468 0.070749 0.070749 1 2 0
192.668 0.0706917 0.0706917 1 2 0
192.868 0.0706363 0.0706363 1 2 0
193.068 0.0705826 0.0705826 1 2 0
193.268 0.0705305 0.0705305 1 2 0
193.468 0.0704799 0.0704799 1 2 0
193.668 0.0704307 0.0704307 1 2 0
193.868 0.0703827 0.0703827 1 2 0
194.068 0.070336 0.070336 1 2 0
194.268 0.0702905 0.0702905 1 2 0
194.468 0.0702461 0.0702461 1 2 0
194.668 0.0702026 0.0702026 1 2 0
194.868 0.0701602 0.0701602 1 2 0
195.068 0.0701187 0.0701187 1 2 0
195.268 0.0700781 0.0700781 1 2 0
195.468 0.0700383 0.0700383 1 2 0
195.668 0.0699993 0.0699993 1 2 0
195.868 0.0699611 0.0699611 1 2 0
196.068 0.0699237 0.0699237 1 2 0
196.268 0.0698869 0.0698869 1 2 0
196.468 0.0698508 0.0698508 1 2 0
196.668 0.0698154 0.0698154 1 2 0
196.868 0.0697806 0.0697806 1 2 0
197.068 0.0697463 0.0697463 1 2 0
197.268 0.0697127 0.0697127 1 2 0
197.468 0.0696796 0.0696796 1 2 0
197.668 0.0696471 0.0696471 1 2 0
197.868 0.0696151 0.0696151 1 2 0
198.068 0.0695836 0.0695836 1 2 0
198.268 0.0695526 0.0695526 1 2 0
198.468 0.069522 0.069522 1 2 0
198.668 0.069492 0.069492 1 2 0
198.868 0.0694623 0.0694623 1 2 0
199.068 0.0694331 0.0694331 1 2 0
199.268 0.0694043 0.0694043 1 2 0
199.468 0.0693759 0.0693759 1 2 0
199.668 0.0693479 0.0693479 1 2 0
199.868 0.0693203 0.0693203 1 2 0
200.068 0.0692931 0.0692931 1 2 0
200.268 0.0692662 0.0692662 1 2 0
200.468 0.0692397 0.0692397 1 2 0
200.668 0.0692135 0.0692135 1 2 0
200.868 0.0691877 0.0691877 1 2 0
201.068 0.0691621 0.0691621 1 2 0
201.268 0.069137 0.069137 1 2 0
201.468 0.0691121 0.0691121 1 2 0
201.668 0.0690875 0.0690875 1 2 0
201.868 0.0690632 0.0690632 1 2 0
202.068 0.0690392 0.0690392 1 2 0
202.268 0.0690155 0.0690155 1 2 0
202.468 0.0689921 0.0689921 1 2 0
202.668 0.0689689 0.0689689 1 2 0
202.868 0.068946 0.068946 1 2 0
203.068 0.0689234 0.0689234 1 2 0
203.268 0.068901 0.068901 1 2 0
203.468 0.0688789 0.0688789 1 2 0
203.668 0.068857 0.068857 1 2 0
203.868 0.0688353 0.0688353 1 2 0
204.068 0.0688139 0.0688139 1 2 0
204.268 0.0687927 0.0687927 1 2 0
204.468 0.0687718 0.0687718 1 2 0
204.668 0.068751 0.068751 1 2 0
204.868 0.0687305 0.0687305 1 2 0
205.068 0.0687102 0.0687102 1 2 0
205.268 0.0686901 0.0686901 1 2 0
205.468 0.0686702 0.0686702 1 2 0
205.668 0.0686505 0.0686505 1 2 0
205.868 0.068631 0.068631 1 2 0
206.068 0.0686117 0.0686117 1 2 0
206.268 0.0685926 0.0685926 1 2 0
206.468 0.0685736 0.0685736 1 2 0
206.668 0.0685549 0.0685549 1 2 0
206.868 0.0685363 0.0685363 1 2 0
207.068 0.0685179 0.0685179 1 2 0
207.268 0.0684997 0.0684997 1 2 0
207.468 0.0684817 0.0684817 1 2 0
207.668 0.0684638 0.0684638 1 2 0
207.868 0.0684461 0.0684461 1 2 0
208.068 0.0684285 0.0684285 1 2 0
208.268 0.0684111 0.0684111 1 2 0
208.468 0.0683939 0.0683939 1 2 0
208.668 0.0683768 0.0683768 1 2 0
208.868 0.0683599 0.0683599 1 2 0
209.068 0.0683431 0.0683431 1 2 0
209.268 0.0683265 0.0683265 1 2 0
209.468 0.06831 0.06831 1 2 0
209.668 0.0682937 0.0682937 1 2 0
209.868 0.0682775 0.0682775 1 2 0
210.068 0.0682615 0.0682615 1 2 0
210.268 0.0682455 0.0682455 1 2 0
210.468 0.0682298 0.0682298 1 2 0
210.668 0.0682141 0.0682141 1 2 0
210.868 0.0681986 0.0681986 1 2 0
211.068 0.0681832 0.0681832 1 2 0
211.268 0.068168 0.068168 1 2 0
211.468 0.0681529 0.0681529 1 2 0
211.668 0.0681379 0.0681379 1 2 0
211.868 0.068123 0.068123 1 2 0
212.068 0.0681082 0.0681082 1 2 0
212.268 0.0680936 0.0680936 1 2 0
212.468 0.0680791 0.0680791 1 2 0
212.668 0.0680647 0.0680647 1 2 0
212.868 0.0680504 0.0680504 1 2 0
213.068 0.0680362 0.0680362 1 2 0
213.268 0.0680222 0.0680222 1 2 0
213.468 0.0680082 0.0680082 1 2 0
213.668 0.0679944 0.0679944 1 2 0
213.868 0.0679806 0.0679806 1 2 0
214.068 0.067967 0.067967 1 2 0
214.268 0.0679535 0.0679535 1 2 0
214.468 0.0679401 0.0679401 1 2 0
214.668 0.0679268 0.0679268 1 2 0
214.868 0.0679136 0.0679136 1 2 0
215.068 0.0679004 0.0679004 1 2 0
215.268 0.0678874 0.0678874 1 2 0
215.468 0.0678745 0.0678745 1 2 0
215.668 0.0678617 0.0678617 1 2 0
215.868 0.067849 0.067849 1 2 0
216.068 0.0678363 0.0678363 1 2 0
216.268 0.0678238 0.0678238 1 2 0
216.468 0.0678114 0.0678114 1 2 0
216.668 0.067799 0.067799 1 2 0
216.868 0.0677868 0.0677868 1 2 0
217.068 0.0677746 0.0677746 1 2 0
217.268 0.0677625 0.0677625 1 2 0
217.468 0.0677505 0.0677505 1 2 0
217.668 0.0677386 0.0677386 1 2 0
217.868 0.0677268 0.0677268 1 2 0
218.068 0.067715 0.067715 1 2 0
218.268 0.0677034 0.0677034 1 2 0
218.468 0.0676918 0.0676918 1 2 0
218.668 0.0676803 0.0676803 1 2 0
218.868 0.0676689 0.0676689 1 2 0
219.068 0.0676575 0.0676575 1 2 0
219.268 0.0676463 0.0676463 1 2 0
219.468 0.0676351 0.0676351 1 2 0
219.668 0.067624 0.067624 1 2 0
219.868 0.067613 0.067613 1 2 0
220.068 0.067602 0.067602 1 2 0
220.268 0.0675912 0.0675912 1 2 0
220.468 0.0675804 0.0675804 1 2 0
220.668 0.0675696 0.0675696 1 2 0
220.868 0.067559 0.067559 1 2 0
221.068 0.0675484 0.0675484 1 2 0
221.268 0.0675379 0.0675379 1 2 0
221.468 0.0675275 0.0675275 1 2 0
221.668 0.0675171 0.0675171 1 2 0
221.868 0.0675068 0.0675068 1 2 0
222.068 0.0674966 0.0674966 1 2 0
222.268 0.0674864 0.0674864 1 2 0
222.468 0.0674763 0.0674763 1 2 0
222.668 0.0674663 0.0674663 1 2 0
222.868 0.0674563 0.0674563 1 2 0
223.068 0.0674464 0.0674464 1 2 0
223.268 0.0674366 0.0674366 1 2 0
223.468 0.0674268 0.0674268 1 2 0
223.668 0.0674171 0.0674171 1 2 0
223.868 0.0674074 0.0674074 1 2 0
224.068 0.0673978 0.0673978 1 2 0
224.268 0.0673883 0.0673883 1 2 0
224.468 0.0673789 0.0673789 1 2 0
224.668 0.0673694 0.0673694 1 2 0
224.868 0.0673601 0.0673601 1 2 0
225.068 0.0673508 0.0673508 1 2 0
225.268 0.0673416 0.0673416 1 2 0
225.468 0.0673324 0.0673324 1 2 0
225.668 0.0673233 0.0673233 1 2 0
225.868 0.0673143 0.0673143 1 2 0
226.068 0.0673053 0.0673053 1 2 0
226.268 0.0672963 0.0672963 1 2 0
226.468 0.0672874 0.0672874 1 2 0
226.668 0.0672786 0.0672786 1 2 0
226.868 0.0672698 0.0672698 1 2 0
227.068 0.0672611 0.0672611 1 2 0
227.268 0.0672524 0.0672524 1 2 0
227.468 0.0672438 0.0672438 1 2 0
227.668 0.0672353 0.0672353 1 2 0
227.868 0.0672268 0.0672268 1 2 0
202.36 0.0690047 0.0690047 2 1 0
202.4 0.0690001 0.0690001 1 1 0
202.44 0.0689954 0.0689954 1 1 0
202.52 0.0689861 0.0689861 1 1 0
202.68 0.0689676 0.0689676 1 1 0
202.88 0.0689447 0.0689447 1 1 0
203.08 0.0689221 0.0689221 1 1 0
203.28 0.0688997 0.0688997 1 1 0
203.48 0.0688776 0.0688776 1 1 0
203.68 0.0688557 0.0688557 1 1 0
203.88 0.0688341 0.0688341 1 1 0
204.08 0.0688127 0.0688127 1 1 0
204.28 0.0687915 0.0687915 1 1 0
204.48 0.0687706 0.0687706 1 1 0
204.68 0.0687498 0.0687498 1 1 0
204.88 0.0687293 0.0687293 1 1 0
205.08 0.068709 0.068709 1 1 0
205.28 0.0686889 0.0686889 1 1 0
205.48 0.068669 0.068669 1 1 0
205.68 0.0686493 0.0686493 1 1 0
205.88 0.0686299 0.0686299 1 1 0
206.08 0.0686106 0.0686106 1 1 0
206.28 0.0685914 0.0685914 1 1 0
206.48 0.0685725 0.0685725 1 1 0
206.68 0.0685538 0.0685538 1 1 0
206.88 0.0685352 0.0685352 1 1 0
207.08 0.0685168 0.0685168 1 1 0
207.28 0.0684986 0.0684986 1 1 0
207.48 0.0684806 0.0684806 1 1 0
207.68 0.0684627 0.0684627 1 1 0
207.88 0.068445 0.068445 1 1 0
208.08 0.0684275 0.0684275 1 1 0
208.28 0.0684101 0.0684101 1 1 0
208.48 0.0683929 0.0683929 1 1 0
208.68 0.0683758 0.0683758 1 1 0
208.88 0.0683589 0.0683589 1 1 0
209.08 0.0683421 0.0683421 1 1 0
209.28 0.0683255 0.0683255 1 1 0
209.48 0.0683091 0.0683091 1 1 0
209.68 0.0682927 0.0682927 1 1 0
209.88 0.0682766 0.0682766 1 1 0
210.08 0.0682605 0.0682605 1 1 0
210.28 0.0682446 0.0682446 1 1 0
210.48 0.0682288 0.0682288 1 1 0
210.68 0.0682132 0.0682132 1 1 0
210.88 0.0681977 0.0681977 1 1 0
211.08 0.0681823 0.0681823 1 1 0
211.28 0.0681671 0.0681671 1 1 0
211.48 0.068152 0.068152 1 1 0
211.68 0.068137 0.068137 1 1 0
211.88 0.0681221 0.0681221 1 1 0
212.08 0.0681074 0.0681074 1 1 0
212.28 0.0680927 0.0680927 1 1 0
212.48 0.0680782 0.0680782 1 1 0
212.68 0.0680638 0.0680638 1 1 0
212.88 0.0680496 0.0680496 1 1 0
213.08 0.0680354 0.0680354 1 1 0
213.28 0.0680213 0.0680213 1 1 0
213.48 0.0680074 0.0680074 1 1 0
213.68 0.0679936 0.0679936 1 1 0
213.88 0.0679798 0.0679798 1 1 0
214.08 0.0679662 0.0679662 1 1 0
214.28 0.0679527 0.0679527 1 1 0
214.48 0.0679393 0.0679393 1 1 0
214.68 0.067926 0.067926 1 1 0
214.88 0.0679128 0.0679128 1 1 0
215.08 0.0678997 0.0678997 1 1 0
215.28 0.0678867 0.0678867 1 1 0
215.48 0.0678738 0.0678738 1 1 0
215.68 0.0678609 0.0678609 1 1 0
215.88 0.0678482 0.0678482 1 1 0
216.08 0.0678356 0.0678356 1 1 0
216.28 0.0678231 0.0678231 1 1 0
216.48 0.0678106 0.0678106 1 1 0
216.68 0.0677983 0.0677983 1 1 0
216.88 0.067786 0.067786 1 1 0
217.08 0.0677739 0.0677739 1 1 0
217.28 0.0677618 0.0677618 1 1 0
217.48 0.0677498 0.0677498 1 1 0
217.68 0.0677379 0.0677379 1 1 0
217.88 0.0677261 0.0677261 1 1 0
218.08 0.0677143 0.0677143 1 1 0
218.28 0.0677027 0.0677027 1 1 0
218.48 0.0676911 0.0676911 1 1 0
218.68 0.0676796 0.0676796 1 1 0
218.88 0.0676682 0.0676682 1 1 0
219.08 0.0676569 0.0676569 1 1 0
219.28 0.0676456 0.0676456 1 1 0
219.48 0.0676345 0.0676345 1 1 0
219.68 0.0676234 0.0676234 1 1 0
219.88 0.0676123 0.0676123 1 1 0
220.08 0.0676014 0.0676014 1 1 0
220.28 0.0675905 0.0675905 1 1 0
220.48 0.0675797 0.0675797 1 1 0
220.68 0.067569 0.067569 1 1 0
220.88 0.0675584 0.0675584 1 1 0
221.08 0.0675478 0.0675478 1 1 0
221.28 0.0675373 0.0675373 1 1 0
221.48 0.0675268 0.0675268 1 1 0
221.68 0.0675165 0.0675165 1 1 0
221.88 0.0675062 0.0675062 1 1 0
222.08 0.067496 0.067496 1 1 0
222.28 0.0674858 0.0674858 1 1 0
222.48 0.0674757 0.0674757 1 1 0
222.68 0.0674657 0.0674657 1 1 0
222.88 0.0674557 0.0674557 1 1 0
223.08 0.0674458 0.0674458 1 1 0
223.28 0.067436 0.067436 1 1 0
223.48 0.0674262 0.0674262 1 1 0
223.68 0.0674165 0.0674165 1 1 0
223.88 0.0674069 0.0674069 1 1 0
224.08 0.0673973 0.0673973 1 1 0
224.28 0.0673878 0.0673878 1 1 0
224.48 0.0673783 0.0673783 1 1 0
224.68 0.0673689 0.0673689 1 1 0
224.88 0.0673596 0.0673596 1 1 0
225.08 0.0673503 0.0673503 1 1 0
225.28 0.0673411 0.0673411 1 1 0
225.48 0.0673319 0.0673319 1 1 0
225.68 0.0673228 0.0673228 1 1 0
225.88 0.0673137 0.0673137 1 1 0
226.08 0.0673047 0.0673047 1 1 0
226.28 0.0672958 0.0672958 1 1 0
226.48 0.0672869 0.0672869 1 1 0
226.68 0.0672781 0.0672781 1 1 0
226.88 0.0672693 0.0672693 1 1 0
227.08 0.0672606 0.0672606 1 1 0
227.28 0.0672519 0.0672519 1 1 0
227.48 0.0672433 0.0672433 1 1 0
227.68 0.0672348 0.0672348 1 1 0
227.88 0.0672263 0.0672263 1 1 0
228.08 0.0672178 0.0672178 1 1 0
228.28 0.0672094 0.0672094 1 1 0
228.48 0.067201 0.067201 1 1 0
228.68 0.0671927 0.0671927 1 1 0
228.88 0.0671845 0.0671845 1 1 0
229.08 0.0671763 0.0671763 1 1 0
229.28 0.0671681 0.0671681 1 1 0
229.48 0.06716 0.06716 1 1 0
229.68 0.067152 0.067152 1 1 0
229.88 0.067144 0.067144 1 1 0
230.08 0.067136 0.067136 1 1 0
230.28 0.0671281 0.0671281 1 1 0
230.48 0.0671202 0.0671202 1 1 0
230.68 0.0671124 0.0671124 1 1 0
230.88 0.0671046 0.0671046 1 1 0
231.08 0.0670969 0.0670969 1 1 0
231.28 0.0670892 0.0670892 1 1 0
231.48 0.0670815 0.0670815 1 1 0
231.68 0.0670739 0.0670739 1 1 0
231.88 0.0670664 0.0670664 1 1 0
232.08 0.0670589 0.0670589 1 1 0
232.28 0.0670514 0.0670514 1 1 0
232.48 0.067044 0.067044 1 1 0
232.68 0.0670366 0.0670366 1 1 0
232.88 0.0670293 0.0670293 1 1 0
233.08 0.067022 0.067022 1 1 0
233.28 0.0670147 0.0670147 1 1 0
233.48 0.0670075 0.0670075 1 1 0
233.68 0.0670003 0.0670003 1 1 0
233.88 0.0669932 0.0669932 1 1 0
234.08 0.0669861 0.0669861 1 1 0
234.28 0.0669791 0.0669791 1 1 0
234.48 0.0669721 0.0669721 1 1 0
234.68 0.0669651 0.0669651 1 1 0
234.88 0.0669582 0.0669582 1 1 0
235.08 0.0669513 0.0669513 1 1 0
235.28 0.0669444 0.0669444 1 1 0
235.48 0.0669376 0.0669376 1 1 0
235.68 0.0669308 0.0669308 1 1 0
235.88 0.0669241 0.0669241 1 1 0
236.08 0.0669174 0.0669174 1 1 0
236.28 0.0669107 0.0669107 1 1 0
236.48 0.0669041 0.0669041 1 1 0
236.68 0.0668975 0.0668975 1 1 0
236.88 0.0668909 0.0668909 1 1 0
237.08 0.0668844 0.0668844 1 1 0
237.28 0.0668779 0.0668779 1 1 0
237.48 0.0668715 0.0668715 1 1 0
237.68 0.066865 0.066865 1 1 0
237.88 0.0668587 0.0668587 1 1 0
238.08 0.0668523 0.0668523 1 1 0
238.28 0.066846 0.066846 1 1 0
238.48 0.0668397 0.0668397 1 1 0
238.68 0.0668335 0.0668335 1 1 0
238.88 0.0668273 0.0668273 1 1 0
239.08 0.0668211 0.0668211 1 1 0
239.28 0.066815 0.066815 1 1 0
239.48 0.0668088 0.0668088 1 1 0
239.68 0.0668028 0.0668028 1 1 0
239.88 0.0667967 0.0667967 1 1 0
240.08 0.0667907 0.0667907 1 1 0
240.28 0.0667847 0.0667847 1 1 0
240.48 0.0667788 0.0667788 1 1 0
240.68 0.0667729 0.0667729 1 1 0
240.88 0.066767 0.066767 1 1 0
241.08 0.0667611 0.0667611 1 1 0
241.28 0.0667553 0.0667553 1 1 0
241.48 0.0667495 0.0667495 1 1 0
241.68 0.0667437 0.0667437 1 1 0
193.04 0.0705901 0.0705901 2 1 0
193.08 0.0705795 0.0705795 1 1 0
193.12 0.070569 0.070569 1 1 0
193.2 0.0705481 0.0705481 1 1 0
193.36 0.0705071 0.0705071 1 1 0
193.56 0.0704571 0.0704571 1 1 0
193.76 0.0704085 0.0704085 1 1 0
193.96 0.0703612 0.0703612 1 1 0
194.16 0.070315 0.070315 1 1 0
194.36 0.07027 0.07027 1 1 0
194.56 0.070226 0.070226 1 1 0
194.76 0.0701831 0.0701831 1 1 0
194.96 0.0701411 0.0701411 1 1 0
195.16 0.0701 0.0701 1 1 0
195.36 0.0700597 0.0700597 1 1 0
195.56 0.0700203 0.0700203 1 1 0
195.76 0.0699817 0.0699817 1 1 0
195.96 0.0699439 0.0699439 1 1 0
196.16 0.0699067 0.0699067 1 1 0
196.36 0.0698703 0.0698703 1 1 0
196.56 0.0698345 0.0698345 1 1 0
196.76 0.0697993 0.0697993 1 1 0
196.96 0.0697648 0.0697648 1 1 0
197.16 0.0697309 0.0697309 1 1 0
197.36 0.0696975 0.0696975 1 1 0
197.56 0.0696647 0.0696647 1 1 0
197.76 0.0696324 0.0696324 1 1 0
197.96 0.0696006 0.0696006 1 1 0
198.16 0.0695693 0.0695693 1 1 0
198.36 0.0695385 0.0695385 1 1 0
198.56 0.0695082 0.0695082 1 1 0
198.76 0.0694783 0.0694783 1 1 0
198.96 0.0694489 0.0694489 1 1 0
199.16 0.0694198 0.0694198 1 1 0
199.36 0.0693912 0.0693912 1 1 0
199.56 0.069363 0.069363 1 1 0
199.76 0.0693352 0.0693352 1 1 0
199.96 0.0693078 0.0693078 1 1 0
200.16 0.0692807 0.0692807 1 1 0
200.36 0.069254 0.069254 1 1 0
200.56 0.0692276 0.0692276 1 1 0
200.76 0.0692016 0.0692016 1 1 0
200.96 0.0691759 0.0691759 1 1 0
201.16 0.0691506 0.0691506 1 1 0
201.36 0.0691255 0.0691255 1 1 0
201.56 0.0691008 0.0691008 1 1 0
201.76 0.0690763 0.0690763 1 1 0
201.96 0.0690522 0.0690522 1 1 0
202.16 0.0690283 0.0690283 1 1 0
202.36 0.0690047 0.0690047 1 1 0
202.56 0.0689814 0.0689814 1 1 0
202.76 0.0689584 0.0689584 1 1 0
202.96 0.0689356 0.0689356 1 1 0
203.16 0.0689131 0.0689131 1 1 0
203.36 0.0688908 0.0688908 1 1 0
203.56 0.0688688 0.0688688 1 1 0
203.76 0.068847 0.068847 1 1 0
203.96 0.0688255 0.0688255 1 1 0
204.16 0.0688042 0.0688042 1 1 0
204.36 0.0687831 0.0687831 1 1 0
204.56 0.0687622 0.0687622 1 1 0
204.76 0.0687416 0.0687416 1 1 0
204.96 0.0687212 0.0687212 1 1 0
205.16 0.068701 0.068701 1 1 0
205.36 0.0686809 0.0686809 1 1 0
205.56 0.0686611 0.0686611 1 1 0
205.76 0.0686415 0.0686415 1 1 0
205.96 0.0686221 0.0686221 1 1 0
206.16 0.0686029 0.0686029 1 1 0
206.36 0.0685839 0.0685839 1 1 0
206.56 0.068565 0.068565 1 1 0
206.76 0.0685463 0.0685463 1 1 0
206.96 0.0685279 0.0685279 1 1 0
207.16 0.0685095 0.0685095 1 1 0
207.36 0.0684914 0.0684914 1 1 0
207.56 0.0684734 0.0684734 1 1 0
207.76 0.0684556 0.0684556 1 1 0
207.96 0.068438 0.068438 1 1 0
208.16 0.0684205 0.0684205 1 1 0
208.36 0.0684032 0.0684032 1 1 0
208.56 0.068386 0.068386 1 1 0
208.76 0.068369 0.068369 1 1 0
208.96 0.0683522 0.0683522 1 1 0
209.16 0.0683355 0.0683355 1 1 0
209.36 0.0683189 0.0683189 1 1 0
209.56 0.0683025 0.0683025 1 1 0
209.76 0.0682863 0.0682863 1 1 0
209.96 0.0682701 0.0682701 1 1 0
210.16 0.0682541 0.0682541 1 1 0
210.36 0.0682383 0.0682383 1 1 0
210.56 0.0682226 0.0682226 1 1 0
210.76 0.068207 0.068207 1 1 0
210.96 0.0681915 0.0681915 1 1 0
211.16 0.0681762 0.0681762 1 1 0
211.36 0.068161 0.068161 1 1 0
211.56 0.068146 0.068146 1 1 0
211.76 0.068131 0.068131 1 1 0
211.96 0.0681162 0.0681162 1 1 0
212.16 0.0681015 0.0681015 1 1 0
212.36 0.0680869 0.0680869 1 1 0
212.56 0.0680725 0.0680725 1 1 0
212.76 0.0680581 0.0680581 1 1 0
212.96 0.0680439 0.0680439 1 1 0
213.16 0.0680298 0.0680298 1 1 0
213.36 0.0680157 0.0680157 1 1 0
213.56 0.0680018 0.0680018 1 1 0
213.76 0.0679881 0.0679881 1 1 0
213.96 0.0679744 0.0679744 1 1 0
214.16 0.0679608 0.0679608 1 1 0
214.36 0.0679473 0.0679473 1 1 0
214.56 0.067934 0.067934 1 1 0
214.76 0.0679207 0.0679207 1 1 0
214.96 0.0679075 0.0679075 1 1 0
215.16 0.0678945 0.0678945 1 1 0
215.36 0.0678815 0.0678815 1 1 0
215.56 0.0678686 0.0678686 1 1 0
215.76 0.0678558 0.0678558 1 1 0
215.96 0.0678432 0.0678432 1 1 0
216.16 0.0678306 0.0678306 1 1 0
216.36 0.0678181 0.0678181 1 1 0
216.56 0.0678057 0.0678057 1 1 0
216.76 0.0677934 0.0677934 1 1 0
216.96 0.0677812 0.0677812 1 1 0
217.16 0.067769 0.067769 1 1 0
217.36 0.067757 0.067757 1 1 0
217.56 0.067745 0.067745 1 1 0
217.76 0.0677332 0.0677332 1 1 0
217.96 0.0677214 0.0677214 1 1 0
218.16 0.0677097 0.0677097 1 1 0
218.36 0.067698 0.067698 1 1 0
218.56 0.0676865 0.0676865 1 1 0
218.76 0.067675 0.067675 1 1 0
218.96 0.0676637 0.0676637 1 1 0
219.16 0.0676524 0.0676524 1 1 0
219.36 0.0676412 0.0676412 1 1 0
219.56 0.06763 0.06763 1 1 0
219.76 0.0676189 0.0676189 1 1 0
219.96 0.067608 0.067608 1 1 0
220.16 0.067597 0.067597 1 1 0
220.36 0.0675862 0.0675862 1 1 0
220.56 0.0675754 0.0675754 1 1 0
220.76 0.0675647 0.0675647 1 1 0
220.96 0.0675541 0.0675541 1 1 0
221.16 0.0675436 0.0675436 1 1 0
221.36 0.0675331 0.0675331 1 1 0
221.56 0.0675227 0.0675227 1 1 0
221.76 0.0675124 0.0675124 1 1 0
221.96 0.0675021 0.0675021 1 1 0
222.16 0.0674919 0.0674919 1 1 0
222.36 0.0674818 0.0674818 1 1 0
222.56 0.0674717 0.0674717 1 1 0
222.76 0.0674617 0.0674617 1 1 0
222.96 0.0674517 0.0674517 1 1 0
223.16 0.0674419 0.0674419 1 1 0
223.36 0.0674321 0.0674321 1 1 0
223.56 0.0674223 0.0674223 1 1 0
223.76 0.0674126 0.0674126 1 1 0
223.96 0.067403 0.067403 1 1 0
224.16 0.0673935 0.0673935 1 1 0
224.36 0.067384 0.067384 1 1 0
224.56 0.0673745 0.0673745 1 1 0
224.76 0.0673652 0.0673652 1 1 0
224.96 0.0673558 0.0673558 1 1 0
225.16 0.0673466 0.0673466 1 1 0
225.36 0.0673374 0.0673374 1 1 0
225.56 0.0673282 0.0673282 1 1 0
225.76 0.0673192 0.0673192 1 1 0
225.96 0.0673101 0.0673101 1 1 0
226.16 0.0673012 0.0673012 1 1 0
226.36 0.0672922 0.0672922 1 1 0
226.56 0.0672834 0.0672834 1 1 0
226.76 0.0672746 0.0672746 1 1 0
226.96 0.0672658 0.0672658 1 1 0
227.16 0.0672571 0.0672571 1 1 0
227.36 0.0672485 0.0672485 1 1 0
227.56 0.0672399 0.0672399 1 1 0
227.76 0.0672314 0.0672314 1 1 0
227.96 0.0672229 0.0672229 1 1 0
228.16 0.0672144 0.0672144 1 1 0
228.36 0.0672061 0.0672061 1 1 0
228.56 0.0671977 0.0671977 1 1 0
228.76 0.0671894 0.0671894 1 1 0
228.96 0.0671812 0.0671812 1 1 0
229.16 0.067173 0.067173 1 1 0
229.36 0.0671649 0.0671649 1 1 0
229.56 0.0671568 0.0671568 1 1 0
229.76 0.0671488 0.0671488 1 1 0
229.96 0.0671408 0.0671408 1 1 0
230.16 0.0671328 0.0671328 1 1 0
230.36 0.0671249 0.0671249 1 1 0
230.56 0.0671171 0.0671171 1 1 0
230.76 0.0671093 0.0671093 1 1 0
230.96 0.0671015 0.0671015 1 1 0
231.16 0.0670938 0.0670938 1 1 0
231.36 0.0670861 0.0670861 1 1 0
231.56 0.0670785 0.0670785 1 1 0
231.76 0.0670709 0.0670709 1 1 0
231.96 0.0670634 0.0670634 1 1 0
232.16 0.0670559 0.0670559 1 1 0
232.36 0.0670484 0.0670484 1 1 0
193.04 0.0705901 0.0705901 2 1 0
193 0.0706007 0.0706007 1 1 0
192.96 0.0706115 0.0706115 1 1 0
192.88 0.0706331 0.0706331 1 1 0
192.72 0.0706772 0.0706772 1 1 0
192.52 0.070734 0.070734 1 1 0
192.32 0.0707928 0.0707928 1 1 0
192.12 0.0708538 0.0708538 1 1 0
191.92 0.0709171 0.0709171 1 1 0
191.72 0.0709831 0.0709831 1 1 0
191.52 0.071052 0.071052 1 1 0
191.32 0.0711242 0.0711242 1 1 0
191.12 0.0712 0.0712 1 1 0
190.92 0.0712802 0.0712802 1 1 0
190.72 0.0713653 0.0713653 1 1 0
190.52 0.0714563 0.0714563 1 1 0
190.32 0.0715543 0.0715543 1 1 0
190.12 0.0716611 0.0716611 1 1 0
189.92 0.0717793 0.0717793 1 1 0
189.72 0.0719129 0.0719129 1 1 0
189.52 0.0720695 0.0720695 1 1 0
189.32 0.0722657 0.0722657 1 1 0
189.12 0.0725626 0.0725626 1 1 0
189.07 0.072693 0.072693 1 1 0
189.051 0.0727687 0.0727687 1 1 0
189.037 0.072877 0.072877 1 1 0
189.036 0.0729142 0.0729142 1 1 0
189.036 0.0729355 0.0729355 2 1 0
189.037 0.0729461 0.0729461 2 1 0
189.037 0.0729591 0.0729591 2 1 0
189.038 0.0729763 0.0729763 2 1 0
189.04 0.0730001 0.0730001 2 1 0
189.044 0.0730336 0.0730336 2 1 0
189.052 0.0730796 0.0730796 2 1 0
189.064 0.0731311 0.0731311 2 1 0
189.081 0.0731906 0.0731906 2 1 0
189.108 0.0732611 0.0732611 2 1 0
189.148 0.0733456 0.0733456 2 1 0
189.208 0.073448 0.073448 2 1 0
189.298 0.0735727 0.0735727 2 1 0
189.433 0.0737251 0.0737251 2 1 0
189.633 0.0739096 0.0739096 2 1 0
189.833 0.0740657 0.0740657 2 1 0
190.033 0.0742037 0.0742037 2 1 0
190.233 0.0743289 0.0743289 2 1 0
190.433 0.0744441 0.0744441 2 1 0
190.633 0.0745517 0.0745517 2 1 0
190.833 0.0746528 0.0746528 2 1 0
191.033 0.0747486 0.0747486 2 1 0
191.233 0.0748399 0.0748399 2 1 0
191.433 0.0749272 0.0749272 2 1 0
191.633 0.075011 0.075011 2 1 0
191.833 0.0750917 0.0750917 2 1 0
192.033 0.0751696 0.0751696 2 1 0
192.233 0.0752451 0.0752451 2 1 0
192.433 0.0753182 0.0753182 2 1 0
192.633 0.0753892 0.0753892 2 1 0
192.833 0.0754584 0.0754584 2 1 0
193.033 0.0755257 0.0755257 2 1 0
193.233 0.0755914 0.0755914 2 1 0
193.433 0.0756555 0.0756555 2 1 0
193.633 0.0757183 0.0757183 2 1 0
193.833 0.0757796 0.0757796 2 1 0
194.033 0.0758398 0.0758398 2 1 0
194.233 0.0758987 0.0758987 2 1 0
194.433 0.0759565 0.0759565 2 1 0
194.633 0.0760132 0.0760132 2 1 0
194.833 0.0760689 0.0760689 2 1 0
195.033 0.0761236 0.0761236 2 1 0
195.233 0.0761774 0.0761774 2 1 0
195.433 0.0762304 0.0762304 2 1 0
195.633 0.0762825 0.0762825 2 1 0
195.833 0.0763338 0.0763338 2 1 0
196.033 0.0763843 0.0763843 2 1 0
196.233 0.0764341 0.0764341 2 1 0
196.433 0.0764832 0.0764832 2 1 0
196.633 0.0765317 0.0765317 2 1 0
196.833 0.0765794 0.0765794 2 1 0
197.033 0.0766265 0.0766265 2 1 0
197.233 0.0766731 0.0766731 2 1 0
197.433 0.076719 0.076719 2 1 0
197.633 0.0767644 0.0767644 2 1 0
197.833 0.0768092 0.0768092 2 1 0
198.033 0.0768534 0.0768534 2 1 0
198.233 0.0768972 0.0768972 2 1 0
198.433 0.0769405 0.0769405 2 1 0
198.633 0.0769832 0.0769832 2 1 0
198.833 0.0770255 0.0770255 2 1 0
199.033 0.0770674 0.0770674 2 1 0
199.233 0.0771088 0.0771088 2 1 0
199.433 0.0771498 0.0771498 2 1 0
199.633 0.0771903 0.0771903 2 1 0
199.833 0.0772305 0.0772305 2 1 0
200.033 0.0772702 0.0772702 2 1 0
200.233 0.0773096 0.0773096 2 1 0
200.433 0.0773485 0.0773485 2 1 0
200.633 0.0773871 0.0773871 2 1 0
200.833 0.0774254 0.0774254 2 1 0
201.033 0.0774633 0.0774633 2 1 0
201.233 0.0775008 0.0775008 2 1 0
201.433 0.077538 0.077538 2 1 0
201.633 0.0775749 0.0775749 2 1 0
201.833 0.0776114 0.0776114 2 1 0
202.033 0.0776477 0.0776477 2 1 0
202.233 0.0776836 0.0776836 2 1 0
202.433 0.0777192 0.0777192 2 1 0
202.633 0.0777546 0.0777546 2 1 0
202.833 0.0777896 0.0777896 2 1 0
203.033 0.0778244 0.0778244 2 1 0
203.233 0.0778588 0.0778588 2 1 0
203.433 0.077893 0.077893 2 1 0
203.633 0.077927 0.077927 2 1 0
203.833 0.0779607 0.0779607 2 1 0
204.033 0.0779941 0.0779941 2 1 0
204.233 0.0780272 0.0780272 2 1 0
204.433 0.0780602 0.0780602 2 1 0
204.633 0.0780928 0.0780928 2 1 0
204.833 0.0781253 0.0781253 2 1 0
205.033 0.0781575 0.0781575 2 1 0
205.233 0.0781894 0.0781894 2 1 0
205.433 0.0782212 0.0782212 2 1 0
205.633 0.0782527 0.0782527 2 1 0
205.833 0.078284 0.078284 2 1 0
206.033 0.0783151 0.0783151 2 1 0
206.233 0.0783459 0.0783459 2 1 0
206.433 0.0783766 0.0783766 2 1 0
206.633 0.078407 0.078407 2 1 0
206.833 0.0784373 0.0784373 2 1 0
207.033 0.0784673 0.0784673 2 1 0
207.233 0.0784972 0.0784972 2 1 0
207.433 0.0785268 0.0785268 2 1 0
207.633 0.0785563 0.0785563 2 1 0
207.833 0.0785856 0.0785856 2 1 0
208.033 0.0786147 0.0786147 2 1 0
208.233 0.0786436 0.0786436 2 1 0
208.433 0.0786723 0.0786723 2 1 0
208.633 0.0787009 0.0787009 2 1 0
208.833 0.0787293 0.0787293 2 1 0
209.033 0.0787575 0.0787575 2 1 0
209.233 0.0787855 0.0787855 2 1 0
209.433 0.0788134 0.0788134 2 1 0
209.633 0.0788411 0.0788411 2 1 0
209.833 0.0788686 0.0788686 2 1 0
210.033 0.078896 0.078896 2 1 0
210.233 0.0789232 0.0789232 2 1 0
210.433 0.0789502 0.0789502 2 1 0
210.633 0.0789771 0.0789771 2 1 0
210.833 0.0790039 0.0790039 2 1 0
211.033 0.0790305 0.0790305 2 1 0
211.233 0.0790569 0.0790569 2 1 0
211.433 0.0790832 0.0790832 2 1 0
211.633 0.0791094 0.0791094 2 1 0
211.833 0.0791354 0.0791354 2 1 0
212.033 0.0791613 0.0791613 2 1 0
212.233 0.079187 0.079187 2 1 0
212.433 0.0792126 0.0792126 2 1 0
212.633 0.0792381 0.0792381 2 1 0
212.833 0.0792634 0.0792634 2 1 0
213.033 0.0792886 0.0792886 2 1 0
213.233 0.0793136 0.0793136 2 1 0
213.433 0.0793385 0.0793385 2 1 0
213.633 0.0793633 0.0793633 2 1 0
213.833 0.079388 0.079388 2 1 0
214.033 0.0794125 0.0794125 2 1 0
214.233 0.0794369 0.0794369 2 1 0
214.433 0.0794612 0.0794612 2 1 0
214.633 0.0794854 0.0794854 2 1 0
214.833 0.0795094 0.0795094 2 1 0
215.033 0.0795333 0.0795333 2 1 0
215.233 0.0795571 0.0795571 2 1 0
215.433 0.0795808 0.0795808 2 1 0
215.633 0.0796044 0.0796044 2 1 0
215.833 0.0796278 0.0796278 2 1 0
216.033 0.0796512 0.0796512 2 1 0
216.233 0.0796744 0.0796744 2 1 0
216.433 0.0796975 0.0796975 2 1 0
216.633 0.0797205 0.0797205 2 1 0
216.833 0.0797434 0.0797434 2 1 0
217.033 0.0797662 0.0797662 2 1 0
217.233 0.0797889 0.0797889 2 1 0
217.433 0.0798114 0.0798114 2 1 0
217.633 0.0798339 0.0798339 2 1 0
217.833 0.0798563 0.0798563 2 1 0
218.033 0.0798785 0.0798785 2 1 0
218.233 0.0799007 0.0799007 2 1 0
218.433 0.0799227 0.0799227 2 1 0
218.633 0.0799447 0.0799447 2 1 0
218.833 0.0799666 0.0799666 2 1 0
219.033 0.0799883 0.0799883 2 1 0
219.233 0.08001 0.08001 2 1 0
219.433 0.0800315 0.0800315 2 1 0
219.633 0.080053 0.080053 2 1 0
219.833 0.0800744 0.0800744 2 1 0
220.033 0.0800957 0.0800957 2 1 0
220.233 0.0801168 0.0801168 2 1 0
220.433 0.0801379 0.0801379 2 1 0
220.633 0.0801589 0.0801589 2 1 0
220.833 0.0801798 0.0801798 2 1 0
221.033 0.0802007 0.0802007 2 1 0
221.233 0.0802214 0.0802214 2 1 0
189.036 0.0729355 0.0729355 2 2 0
189.176 0.987026 0.987026 2 2 0
189.157 0.987017 0.987017 2 2 0
189.155 0.987017 0.987017 2 2 0
189.15 0.987014 0.987014 2 2 0
189.14 0.987009 0.987009 2 2 0
189.12 0.987 0.987 2 2 0
189.08 0.986981 0.986981 2 2 0
189 0.986942 0.986942 2 2 0
188.84 0.986865 0.986865 2 2 0
188.64 0.986768 0.986768 2 2 0
188.44 0.986671 0.986671 2 2 0
188.24 0.986572 0.986572 2 2 0
188.04 0.986473 0.986473 2 2 0
187.84 0.986373 0.986373 2 2 0
187.64 0.986273 0.986273 2 2 0
187.44 0.986171 0.986171 2 2 0
187.24 0.986069 0.986069 2 2 0
187.04 0.985966 0.985966 2 2 0
186.84 0.985863 0.985863 2 2 0
186.64 0.985759 0.985759 2 2 0
186.44 0.985654 0.985654 2 2 0
186.24 0.985548 0.985548 2 2 0
186.04 0.985441 0.985441 2 2 0
185.84 0.985334 0.985334 2 2 0
185.64 0.985225 0.985225 2 2 0
185.44 0.985116 0.985116 2 2 0
185.24 0.985007 0.985007 2 2 0
185.04 0.984896 0.984896 2 2 0
184.84 0.984785 0.984785 2 2 0
184.64 0.984673 0.984673 2 2 0
184.44 0.98456 0.98456 2 2 0
184.24 0.984446 0.984446 2 2 0
184.04 0.984331 0.984331 2 2 0
183.84 0.984215 0.984215 2 2 0
183.64 0.984099 0.984099 2 2 0
183.44 0.983982 0.983982 2 2 0
183.24 0.983864 0.983864 2 2 0
183.04 0.983745 0.983745 2 2 0
182.84 0.983625 0.983625 2 2 0
182.64 0.983504 0.983504 2 2 0
182.44 0.983383 0.983383 2 2 0
182.24 0.98326 0.98326 2 2 0
182.04 0.983137 0.983137 2 2 0
181.84 0.983013 0.983013 2 2 0
181.64 0.982888 0.982888 2 2 0
181.44 0.982762 0.982762 2 2 0
181.24 0.982635 0.982635 2 2 0
181.04 0.982507 0.982507 2 2 0
180.84 0.982378 0.982378 2 2 0
180.64 0.982248 0.982248 2 2 0
180.44 0.982118 0.982118 2 2 0
180.24 0.981986 0.981986 2 2 0
180.04 0.981853 0.981853 2 2 0
179.84 0.98172 0.98172 2 2 0
179.64 0.981585 0.981585 2 2 0
179.44 0.98145 0.98145 2 2 0
179.24 0.981313 0.981313 2 2 0
179.04 0.981176 0.981176 2 2 0
178.84 0.981037 0.981037 2 2 0
178.64 0.980898 0.980898 2 2 0
178.44 0.980757 0.980757 2 2 0
178.24 0.980615 0.980615 2 2 0
178.04 0.980473 0.980473 2 2 0
177.84 0.980329 0.980329 2 2 0
177.64 0.980185 0.980185 2 2 0
177.44 0.980039 0.980039 2 2 0
177.24 0.979892 0.979892 2 2 0
177.04 0.979744 0.979744 2 2 0
176.84 0.979595 0.979595 2 2 0
176.64 0.979445 0.979445 2 2 0
176.44 0.979294 0.979294 2 2 0
176.24 0.979142 0.979142 2 2 0
176.04 0.978989 0.978989 2 2 0
175.84 0.978834 0.978834 2 2 0
175.64 0.978679 0.978679 2 2 0
175.44 0.978522 0.978522 2 2 0
175.24 0.978364 0.978364 2 2 0
175.04 0.978205 0.978205 2 2 0
174.84 0.978045 0.978045 2 2 0
174.64 0.977884 0.977884 2 2 0
174.44 0.977722 0.977722 2 2 0
174.24 0.977558 0.977558 2 2 0
174.04 0.977393 0.977393 2 2 0
173.84 0.977227 0.977227 2 2 0
173.64 0.97706 0.97706 2 2 0
173.44 0.976892 0.976892 2 2 0
173.24 0.976722 0.976722 2 2 0
173.04 0.976551 0.976551 2 2 0
172.84 0.976379 0.976379 2 2 0
172.64 0.976206 0.976206 2 2 0
172.44 0.976031 0.976031 2 2 0
172.24 0.975856 0.975856 2 2 0
172.04 0.975679 0.975679 2 2 0
171.84 0.9755 0.9755 2 2 0
171.64 0.97532 0.97532 2 2 0
171.44 0.97514 0.97514 2 2 0
171.24 0.974957 0.974957 2 2 0
171.04 0.974774 0.974774 2 2 0
170.84 0.974589 0.974589 2 2 0
170.64 0.974403 0.974403 2 2 0
170.44 0.974215 0.974215 2 2 0
170.24 0.974026 0.974026 2 2 0
170.04 0.973836 0.973836 2 2 0
169.84 0.973644 0.973644 2 2 0
169.64 0.973451 0.973451 2 2 0
169.44 0.973257 0.973257 2 2 0
169.24 0.973061 0.973061 2 2 0
169.04 0.972864 0.972864 2 2 0
168.84 0.972665 0.972665 2 2 0
168.64 0.972465 0.972465 2 2 0
168.44 0.972263 0.972263 2 2 0
168.24 0.97206 0.97206 2 2 0
168.04 0.971856 0.971856 2 2 0
167.84 0.97165 0.97165 2 2 0
167.64 0.971443 0.971443 2 2 0
167.44 0.971234 0.971234 2 2 0
167.24 0.971023 0.971023 2 2 0
167.04 0.970812 0.970812 2 2 0
166.84 0.970598 0.970598 2 2 0
166.64 0.970383 0.970383 2 2 0
166.44 0.970167 0.970167 2 2 0
166.24 0.969949 0.969949 2 2 0
166.04 0.969729 0.969729 2 2 0
165.84 0.969508 0.969508 2 2 0
165.64 0.969285 0.969285 2 2 0
165.44 0.969061 0.969061 2 2 0
165.24 0.968835 0.968835 2 2 0
165.04 0.968607 0.968607 2 2 0
164.84 0.968378 0.968378 2 2 0
164.64 0.968147 0.968147 2 2 0
164.44 0.967915 0.967915 2 2 0
164.24 0.967681 0.967681 2 2 0
164.04 0.967445 0.967445 2 2 0
163.84 0.967208 0.967208 2 2 0
163.64 0.966968 0.966968 2 2 0
163.44 0.966728 0.966728 2 2 0
163.24 0.966485 0.966485 2 2 0
163.04 0.966241 0.966241 2 2 0
162.84 0.965995 0.965995 2 2 0
162.64 0.965747 0.965747 2 2 0
162.44 0.965497 0.965497 2 2 0
162.24 0.965246 0.965246 2 2 0
162.04 0.964993 0.964993 2 2 0
161.84 0.964738 0.964738 2 2 0
161.64 0.964481 0.964481 2 2 0
161.44 0.964222 0.964222 2 2 0
161.24 0.963962 0.963962 2 2 0
161.04 0.9637 0.9637 2 2 0
160.84 0.963435 0.963435 2 2 0
160.64 0.963169 0.963169 2 2 0
160.44 0.962901 0.962901 2 2 0
160.24 0.962632 0.962632 2 2 0
160.04 0.96236 0.96236 2 2 0
159.84 0.962086 0.962086 2 2 0
159.64 0.961811 0.961811 2 2 0
159.44 0.961533 0.961533 2 2 0
159.24 0.961254 0.961254 2 2 0
159.04 0.960972 0.960972 2 2 0
158.84 0.960689 0.960689 2 2 0
158.64 0.960403 0.960403 2 2 0
158.44 0.960116 0.960116 2 2 0
158.24 0.959826 0.959826 2 2 0
158.04 0.959535 0.959535 2 2 0
157.84 0.959241 0.959241 2 2 0
157.64 0.958945 0.958945 2 2 0
157.44 0.958647 0.958647 2 2 0
157.24 0.958348 0.958348 2 2 0
157.04 0.958046 0.958046 2 2 0
156.84 0.957742 0.957742 2 2 0
156.64 0.957435 0.957435 2 2 0
156.44 0.957127 0.957127 2 2 0
156.24 0.956816 0.956816 2 2 0
156.04 0.956503 0.956503 2 2 0
155.84 0.956189 0.956189 2 2 0
155.64 0.955871 0.955871 2 2 0
155.44 0.955552 0.955552 2 2 0
155.24 0.95523 0.95523 2 2 0
155.04 0.954906 0.954906 2 2 0
154.84 0.95458 0.95458 2 2 0
154.64 0.954252 0.954252 2 2 0
154.44 0.953921 0.953921 2 2 0
154.24 0.953588 0.953588 2 2 0
154.04 0.953253 0.953253 2 2 0
153.84 0.952915 0.952915 2 2 0
153.64 0.952575 0.952575 2 2 0
153.44 0.952232 0.952232 2 2 0
153.24 0.951887 0.951887 2 2 0
153.04 0.95154 0.95154 2 2 0
152.84 0.951191 0.951191 2 2 0
152.64 0.950838 0.950838 2 2 0
152.44 0.950484 0.950484 2 2 0
152.24 0.950127 0.950127 2 2 0
152.04 0.949767 0.949767 2 2 0
151.84 0.949405 0.949405 2 2 0
151.64 0.949041 0.949041 2 2 0
151.44 0.948674 0.948674 2 2 0
151.24 0.948304 0.948304 2 2 0
151.04 0.947932 0.947932 2 2 0
150.84 0.947557 0.947557 2 2 0
189.036 0.0729355 0.0729355 2 2 0
189.056 0.0727463 0.0727463 2 2 0
189.076 0.0726738 0.0726738 1 2 0
189.098 0.0726132 0.0726132 1 2 0
189.131 0.0725402 0.0725402 1 2 0
189.181 0.0724519 0.0724519 1 2 0
189.255 0.0723449 0.0723449 1 2 0
189.366 0.0722153 0.0722153 1 2 0
189.533 0.0720583 0.0720583 1 2 0
189.733 0.0719035 0.0719035 1 2 0
189.933 0.0717711 0.0717711 1 2 0
190.133 0.0716538 0.0716538 1 2 0
190.333 0.0715476 0.0715476 1 2 0
190.533 0.07145 0.07145 1 2 0
190.733 0.0713595 0.0713595 1 2 0
190.933 0.0712748 0.0712748 1 2 0
191.133 0.0711949 0.0711949 1 2 0
191.333 0.0711193 0.0711193 1 2 0
191.533 0.0710473 0.0710473 1 2 0
191.733 0.0709787 0.0709787 1 2 0
191.933 0.0709129 0.0709129 1 2 0
192.133 0.0708497 0.0708497 1 2 0
192.333 0.0707889 0.0707889 1 2 0
192.533 0.0707302 0.0707302 1 2 0
192.733 0.0706735 0.0706735 1 2 0
192.933 0.0706187 0.0706187 1 2 0
193.133 0.0705655 0.0705655 1 2 0
193.333 0.0705139 0.0705139 1 2 0
193.533 0.0704638 0.0704638 1 2 0
193.733 0.070415 0.070415 1 2 0
193.933 0.0703675 0.0703675 1 2 0
194.133 0.0703211 0.0703211 1 2 0
194.333 0.070276 0.070276 1 2 0
194.533 0.0702319 0.0702319 1 2 0
194.733 0.0701888 0.0701888 1 2 0
194.933 0.0701466 0.0701466 1 2 0
195.133 0.0701054 0.0701054 1 2 0
195.333 0.0700651 0.0700651 1 2 0
195.533 0.0700256 0.0700256 1 2 0
195.733 0.0699869 0.0699869 1 2 0
195.933 0.0699489 0.0699489 1 2 0
196.133 0.0699117 0.0699117 1 2 0
196.333 0.0698751 0.0698751 1 2 0
196.533 0.0698392 0.0698392 1 2 0
196.733 0.069804 0.069804 1 2 0
196.933 0.0697694 0.0697694 1 2 0
197.133 0.0697354 0.0697354 1 2 0
197.333 0.0697019 0.0697019 1 2 0
197.533 0.069669 0.069669 1 2 0
197.733 0.0696367 0.0696367 1 2 0
197.933 0.0696048 0.0696048 1 2 0
198.133 0.0695735 0.0695735 1 2 0
198.333 0.0695426 0.0695426 1 2 0
198.533 0.0695122 0.0695122 1 2 0
198.733 0.0694823 0.0694823 1 2 0
198.933 0.0694528 0.0694528 1 2 0
199.133 0.0694237 0.0694237 1 2 0
199.333 0.0693951 0.0693951 1 2 0
199.533 0.0693668 0.0693668 1 2 0
199.733 0.0693389 0.0693389 1 2 0
199.933 0.0693114 0.0693114 1 2 0
200.133 0.0692843 0.0692843 1 2 0
200.333 0.0692576 0.0692576 1 2 0
200.533 0.0692311 0.0692311 1 2 0
200.733 0.0692051 0.0692051 1 2 0
200.933 0.0691793 0.0691793 1 2 0
201.133 0.0691539 0.0691539 1 2 0
201.333 0.0691288 0.0691288 1 2 0
201.533 0.0691041 0.0691041 1 2 0
201.733 0.0690796 0.0690796 1 2 0
201.933 0.0690554 0.0690554 1 2 0
202.133 0.0690315 0.0690315 1 2 0
202.333 0.0690079 0.0690079 1 2 0
202.533 0.0689845 0.0689845 1 2 0
202.733 0.0689615 0.0689615 1 2 0
202.933 0.0689387 0.0689387 1 2 0
203.133 0.0689161 0.0689161 1 2 0
203.333 0.0688938 0.0688938 1 2 0
203.533 0.0688718 0.0688718 1 2 0
203.733 0.0688499 0.0688499 1 2 0
203.933 0.0688284 0.0688284 1 2 0
204.133 0.068807 0.068807 1 2 0
204.333 0.0687859 0.0687859 1 2 0
204.533 0.068765 0.068765 1 2 0
204.733 0.0687444 0.0687444 1 2 0
204.933 0.0687239 0.0687239 1 2 0
205.133 0.0687037 0.0687037 1 2 0
205.333 0.0686836 0.0686836 1 2 0
205.533 0.0686638 0.0686638 1 2 0
205.733 0.0686441 0.0686441 1 2 0
205.933 0.0686247 0.0686247 1 2 0
206.133 0.0686055 0.0686055 1 2 0
206.333 0.0685864 0.0685864 1 2 0
206.533 0.0685675 0.0685675 1 2 0
206.733 0.0685488 0.0685488 1 2 0
206.933 0.0685303 0.0685303 1 2 0
207.133 0.068512 0.068512 1 2 0
207.333 0.0684938 0.0684938 1 2 0
207.533 0.0684758 0.0684758 1 2 0
207.733 0.068458 0.068458 1 2 0
207.933 0.0684404 0.0684404 1 2 0
208.133 0.0684229 0.0684229 1 2 0
208.333 0.0684055 0.0684055 1 2 0
208.533 0.0683883 0.0683883 1 2 0
208.733 0.0683713 0.0683713 1 2 0
208.933 0.0683544 0.0683544 1 2 0
209.133 0.0683377 0.0683377 1 2 0
209.333 0.0683211 0.0683211 1 2 0
209.533 0.0683047 0.0683047 1 2 0
209.733 0.0682884 0.0682884 1 2 0
209.933 0.0682723 0.0682723 1 2 0
210.133 0.0682563 0.0682563 1 2 0
210.333 0.0682404 0.0682404 1 2 0
210.533 0.0682247 0.0682247 1 2 0
210.733 0.0682091 0.0682091 1 2 0
210.933 0.0681936 0.0681936 1 2 0
211.133 0.0681783 0.0681783 1 2 0
211.333 0.0681631 0.0681631 1 2 0
211.533 0.068148 0.068148 1 2 0
211.733 0.068133 0.068133 1 2 0
211.933 0.0681182 0.0681182 1 2 0
212.133 0.0681035 0.0681035 1 2 0
212.333 0.0680889 0.0680889 1 2 0
212.533 0.0680744 0.0680744 1 2 0
212.733 0.06806 0.06806 1 2 0
212.933 0.0680458 0.0680458 1 2 0
213.133 0.0680316 0.0680316 1 2 0
213.333 0.0680176 0.0680176 1 2 0
213.533 0.0680037 0.0680037 1 2 0
213.733 0.0679899 0.0679899 1 2 0
213.933 0.0679762 0.0679762 1 2 0
214.133 0.0679626 0.0679626 1 2 0
214.333 0.0679491 0.0679491 1 2 0
214.533 0.0679357 0.0679357 1 2 0
214.733 0.0679225 0.0679225 1 2 0
214.933 0.0679093 0.0679093 1 2 0
215.133 0.0678962 0.0678962 1 2 0
215.333 0.0678832 0.0678832 1 2 0
215.533 0.0678703 0.0678703 1 2 0
215.733 0.0678576 0.0678576 1 2 0
215.933 0.0678449 0.0678449 1 2 0
216.133 0.0678323 0.0678323 1 2 0
216.333 0.0678198 0.0678198 1 2 0
216.533 0.0678073 0.0678073 1 2 0
216.733 0.067795 0.067795 1 2 0
216.933 0.0677828 0.0677828 1 2 0
217.133 0.0677707 0.0677707 1 2 0
217.333 0.0677586 0.0677586 1 2 0
217.533 0.0677466 0.0677466 1 2 0
217.733 0.0677347 0.0677347 1 2 0
217.933 0.0677229 0.0677229 1 2 0
218.133 0.0677112 0.0677112 1 2 0
218.333 0.0676996 0.0676996 1 2 0
218.533 0.067688 0.067688 1 2 0
218.733 0.0676766 0.0676766 1 2 0
218.933 0.0676652 0.0676652 1 2 0
219.133 0.0676539 0.0676539 1 2 0
219.333 0.0676427 0.0676427 1 2 0
219.533 0.0676315 0.0676315 1 2 0
219.733 0.0676204 0.0676204 1 2 0
219.933 0.0676094 0.0676094 1 2 0
220.133 0.0675985 0.0675985 1 2 0
220.333 0.0675877 0.0675877 1 2 0
220.533 0.0675769 0.0675769 1 2 0
220.733 0.0675662 0.0675662 1 2 0
220.933 0.0675555 0.0675555 1 2 0
221.133 0.067545 0.067545 1 2 0
221.333 0.0675345 0.0675345 1 2 0
221.533 0.0675241 0.0675241 1 2 0
221.733 0.0675137 0.0675137 1 2 0
221.933 0.0675035 0.0675035 1 2 0
222.133 0.0674932 0.0674932 1 2 0
222.333 0.0674831 0.0674831 1 2 0
222.533 0.067473 0.067473 1 2 0
222.733 0.067463 0.067463 1 2 0
222.933 0.0674531 0.0674531 1 2 0
223.133 0.0674432 0.0674432 1 2 0
223.333 0.0674334 0.0674334 1 2 0
223.533 0.0674236 0.0674236 1 2 0
223.733 0.0674139 0.0674139 1 2 0
223.933 0.0674043 0.0674043 1 2 0
224.133 0.0673947 0.0673947 1 2 0
224.333 0.0673852 0.0673852 1 2 0
224.533 0.0673758 0.0673758 1 2 0
224.733 0.0673664 0.0673664 1 2 0
224.933 0.0673571 0.0673571 1 2 0
225.133 0.0673478 0.0673478 1 2 0
225.333 0.0673386 0.0673386 1 2 0
225.533 0.0673295 0.0673295 1 2 0
225.733 0.0673204 0.0673204 1 2 0
225.933 0.0673113 0.0673113 1 2 0
226.133 0.0673024 0.0673024 1 2 0
226.333 0.0672934 0.0672934 1 2 0
226.533 0.0672846 0.0672846 1 2 0
226.733 0.0672758 0.0672758 1 2 0
226.933 0.067267 0.067267 1 2 0
227.133 0.0672583 0.0672583 1 2 0
227.333 0.0672496 0.0672496 1 2 0
227.533 0.067241 0.067241 1 2 0
227.733 0.0672325 0.0672325 1 2 0
150.84 0.947557 0.947557 2 2 0
150.8 0.947482 0.947482 2 2 0
150.76 0.947407 0.947407 2 2 0
150.68 0.947255 0.947255 2 2 0
150.52 0.946952 0.946952 2 2 0
150.32 0.946571 0.946571 2 2 0
150.12 0.946186 0.946186 2 2 0
149.92 0.9458 0.9458 2 2 0
149.72 0.94541 0.94541 2 2 0
149.52 0.945018 0.945018 2 2 0
149.32 0.944623 0.944623 2 2 0
149.12 0.944225 0.944225 2 2 0
148.92 0.943825 0.943825 2 2 0
148.72 0.943422 0.943422 2 2 0
148.52 0.943016 0.943016 2 2 0
148.32 0.942607 0.942607 2 2 0
148.12 0.942196 0.942196 2 2 0
147.92 0.941782 0.941782 2 2 0
147.72 0.941364 0.941364 2 2 0
147.52 0.940944 0.940944 2 2 0
147.32 0.940521 0.940521 2 2 0
147.12 0.940096 0.940096 2 2 0
146.92 0.939667 0.939667 2 2 0
146.72 0.939235 0.939235 2 2 0
146.52 0.938801 0.938801 2 2 0
146.32 0.938363 0.938363 2 2 0
146.12 0.937923 0.937923 2 2 0
145.921 0.937479 0.937479 2 2 0
145.721 0.937032 0.937032 2 2 0
145.521 0.936583 0.936583 2 2 0
145.321 0.93613 0.93613 2 2 0
145.121 0.935674 0.935674 2 2 0
144.921 0.935216 0.935216 2 2 0
144.721 0.934754 0.934754 2 2 0
144.521 0.934289 0.934289 2 2 0
144.321 0.93382 0.93382 2 2 0
144.121 0.933349 0.933349 2 2 0
143.921 0.932874 0.932874 2 2 0
143.721 0.932396 0.932396 2 2 0
143.521 0.931915 0.931915 2 2 0
143.321 0.931431 0.931431 2 2 0
143.121 0.930944 0.930944 2 2 0
142.921 0.930453 0.930453 2 2 0
142.721 0.929959 0.929959 2 2 0
142.521 0.929461 0.929461 2 2 0
142.321 0.92896 0.92896 2 2 0
142.121 0.928456 0.928456 2 2 0
141.921 0.927948 0.927948 2 2 0
141.721 0.927438 0.927438 2 2 0
141.521 0.926923 0.926923 2 2 0
141.321 0.926405 0.926405 2 2 0
141.121 0.925884 0.925884 2 2 0
140.921 0.925359 0.925359 2 2 0
140.721 0.924831 0.924831 2 2 0
140.521 0.924299 0.924299 2 2 0
140.321 0.923764 0.923764 2 2 0
140.121 0.923225 0.923225 2 2 0
139.921 0.922682 0.922682 2 2 0
139.721 0.922136 0.922136 2 2 0
139.521 0.921586 0.921586 2 2 0
139.321 0.921033 0.921033 2 2 0
139.121 0.920476 0.920476 2 2 0
138.921 0.919915 0.919915 2 2 0
138.721 0.919351 0.919351 2 2 0
138.521 0.918783 0.918783 2 2 0
138.321 0.918211 0.918211 2 2 0
138.121 0.917635 0.917635 2 2 0
137.921 0.917056 0.917056 2 2 0
137.721 0.916472 0.916472 2 2 0
137.521 0.915885 0.915885 2 2 0
137.321 0.915294 0.915294 2 2 0
137.121 0.914699 0.914699 2 2 0
136.921 0.914101 0.914101 2 2 0
136.721 0.913498 0.913498 2 2 0
136.521 0.912891 0.912891 2 2 0
136.321 0.912281 0.912281 2 2 0
136.121 0.911666 0.911666 2 2 0
135.921 0.911048 0.911048 2 2 0
135.721 0.910425 0.910425 2 2 0
135.521 0.909798 0.909798 2 2 0
135.321 0.909168 0.909168 2 2 0
135.121 0.908533 0.908533 2 2 0
134.921 0.907894 0.907894 2 2 0
134.721 0.907251 0.907251 2 2 0
134.521 0.906604 0.906604 2 2 0
134.321 0.905952 0.905952 2 2 0
134.121 0.905297 0.905297 2 2 0
133.921 0.904637 0.904637 2 2 0
133.721 0.903973 0.903973 2 2 0
133.521 0.903305 0.903305 2 2 0
133.321 0.902632 0.902632 2 2 0
133.121 0.901955 0.901955 2 2 0
132.921 0.901274 0.901274 2 2 0
132.721 0.900588 0.900588 2 2 0
132.521 0.899898 0.899898 2 2 0
132.321 0.899204 0.899204 2 2 0
132.121 0.898505 0.898505 2 2 0
131.921 0.897802 0.897802 2 2 0
131.721 0.897094 0.897094 2 2 0
131.521 0.896382 0.896382 2 2 0
131.321 0.895665 0.895665 2 2 0
131.121 0.894944 0.894944 2 2 0
130.921 0.894218 0.894218 2 2 0
130.721 0.893488 0.893488 2 2 0
130.521 0.892753 0.892753 2 2 0
130.321 0.892014 0.892014 2 2 0
130.121 0.891269 0.891269 2 2 0
129.921 0.89052 0.89052 2 2 0
129.721 0.889767 0.889767 2 2 0
129.521 0.889009 0.889009 2 2 0
129.321 0.888246 0.888246 2 2 0
129.121 0.887478 0.887478 2 2 0
128.921 0.886705 0.886705 2 2 0
128.721 0.885928 0.885928 2 2 0
128.521 0.885146 0.885146 2 2 0
128.321 0.884359 0.884359 2 2 0
128.121 0.883567 0.883567 2 2 0
127.921 0.88277 0.88277 2 2 0
127.721 0.881968 0.881968 2 2 0
127.521 0.881162 0.881162 2 2 0
127.321 0.88035 0.88035 2 2 0
127.121 0.879534 0.879534 2 2 0
126.921 0.878712 0.878712 2 2 0
126.721 0.877885 0.877885 2 2 0
126.521 0.877054 0.877054 2 2 0
126.321 0.876217 0.876217 2 2 0
126.121 0.875375 0.875375 2 2 0
125.921 0.874528 0.874528 2 2 0
125.721 0.873676 0.873676 2 2 0
125.521 0.872819 0.872819 2 2 0
125.321 0.871957 0.871957 2 2 0
125.121 0.871089 0.871089 2 2 0
124.921 0.870216 0.870216 2 2 0
124.721 0.869338 0.869338 2 2 0
124.521 0.868455 0.868455 2 2 0
124.321 0.867566 0.867566 2 2 0
124.121 0.866673 0.866673 2 2 0
123.921 0.865773 0.865773 2 2 0
123.721 0.864869 0.864869 2 2 0
123.521 0.863959 0.863959 2 2 0
123.321 0.863043 0.863043 2 2 0
123.121 0.862122 0.862122 2 2 0
122.921 0.861196 0.861196 2 2 0
122.721 0.860265 0.860265 2 2 0
122.521 0.859327 0.859327 2 2 0
122.321 0.858385 0.858385 2 2 0
122.121 0.857436 0.857436 2 2 0
121.921 0.856483 0.856483 2 2 0
121.721 0.855523 0.855523 2 2 0
121.521 0.854558 0.854558 2 2 0
121.321 0.853588 0.853588 2 2 0
121.121 0.852612 0.852612 2 2 0
120.921 0.85163 0.85163 2 2 0
120.721 0.850642 0.850642 2 2 0
120.521 0.849649 0.849649 2 2 0
120.321 0.84865 0.84865 2 2 0
120.121 0.847646 0.847646 2 2 0
119.921 0.846635 0.846635 2 2 0
119.721 0.845619 0.845619 2 2 0
119.521 0.844597 0.844597 2 2 0
119.321 0.84357 0.84357 2 2 0
119.121 0.842536 0.842536 2 2 0
118.921 0.841497 0.841497 2 2 0
118.721 0.840451 0.840451 2 2 0
118.521 0.8394 0.8394 2 2 0
118.321 0.838343 0.838343 2 2 0
118.121 0.83728 0.83728 2 2 0
117.921 0.836211 0.836211 2 2 0
117.721 0.835136 0.835136 2 2 0
117.521 0.834056 0.834056 2 2 0
117.321 0.832969 0.832969 2 2 0
117.121 0.831876 0.831876 2 2 0
116.921 0.830777 0.830777 2 2 0
116.721 0.829672 0.829672 2 2 0
116.521 0.828561 0.828561 2 2 0
116.321 0.827444 0.827444 2 2 0
116.121 0.826321 0.826321 2 2 0
115.921 0.825191 0.825191 2 2 0
115.721 0.824056 0.824056 2 2 0
115.521 0.822914 0.822914 2 2 0
115.321 0.821766 0.821766 2 2 0
115.121 0.820612 0.820612 2 2 0
114.921 0.819452 0.819452 2 2 0
114.721 0.818286 0.818286 2 2 0
114.521 0.817113 0.817113 2 2 0
114.321 0.815934 0.815934 2 2 0
114.121 0.814749 0.814749 2 2 0
113.921 0.813558 0.813558 2 2 0
113.721 0.81236 0.81236 2 2 0
113.521 0.811156 0.811156 2 2 0
113.321 0.809946 0.809946 2 2 0
113.121 0.808729 0.808729 2 2 0
112.921 0.807506 0.807506 2 2 0
112.721 0.806277 0.806277 2 2 0
112.521 0.805041 0.805041 2 2 0
112.321 0.803799 0.803799 2 2 0
112.121 0.80255 0.80255 2 2 0
111.921 0.801295 0.801295 2 2 0
111.721 0.800034 0.800034 2 2 0
111.521 0.798766 0.798766 2 2 0
111.521 0.798766 0.798766 2 2 0
111.481 0.798512 0.798512 2 2 0
111.441 0.798257 0.798257 2 2 0
111.361 0.797747 0.797747 2 2 0
111.201 0.796724 0.796724 2 2 0
111.001 0.79544 0.79544 2 2 0
110.801 0.794149 0.794149 2 2 0
110.601 0.792851 0.792851 2 2 0
110.401 0.791547 0.791547 2 2 0
110.201 0.790237 0.790237 2 2 0
110.001 0.78892 0.78892 2 2 0
109.801 0.787596 0.787596 2 2 0
109.601 0.786266 0.786266 2 2 0
109.401 0.78493 0.78493 2 2 0
109.201 0.783587 0.783587 2 2 0
109.001 0.782237 0.782237 2 2 0
108.801 0.780881 0.780881 2 2 0
108.601 0.779518 0.779518 2 2 0
108.401 0.778149 0.778149 2 2 0
108.201 0.776773 0.776773 2 2 0
108.001 0.77539 0.77539 2 2 0
107.801 0.774001 0.774001 2 2 0
107.601 0.772605 0.772605 2 2 0
107.401 0.771203 0.771203 2 2 0
107.201 0.769794 0.769794 2 2 0
107.001 0.768379 0.768379 2 2 0
106.801 0.766956 0.766956 2 2 0
106.601 0.765528 0.765528 2 2 0
106.401 0.764092 0.764092 2 2 0
106.201 0.76265 0.76265 2 2 0
106.001 0.761202 0.761202 2 2 0
105.801 0.759747 0.759747 2 2 0
105.601 0.758285 0.758285 2 2 0
105.401 0.756816 0.756816 2 2 0
105.201 0.755341 0.755341 2 2 0
105.001 0.75386 0.75386 2 2 0
104.801 0.752371 0.752371 2 2 0
104.601 0.750876 0.750876 2 2 0
104.401 0.749375 0.749375 2 2 0
104.201 0.747867 0.747867 2 2 0
104.001 0.746352 0.746352 2 2 0
103.801 0.744831 0.744831 2 2 0
103.601 0.743303 0.743303 2 2 0
103.401 0.741768 0.741768 2 2 0
103.201 0.740227 0.740227 2 2 0
103.001 0.738679 0.738679 2 2 0
102.801 0.737125 0.737125 2 2 0
102.601 0.735564 0.735564 2 2 0
102.401 0.733997 0.733997 2 2 0
102.201 0.732423 0.732423 2 2 0
102.001 0.730842 0.730842 2 2 0
101.801 0.729255 0.729255 2 2 0
101.601 0.727661 0.727661 2 2 0
101.401 0.726061 0.726061 2 2 0
101.201 0.724455 0.724455 2 2 0
101.001 0.722841 0.722841 2 2 0
100.801 0.721222 0.721222 2 2 0
100.601 0.719595 0.719595 2 2 0
100.401 0.717963 0.717963 2 2 0
100.201 0.716324 0.716324 2 2 0
100.001 0.714678 0.714678 2 2 0
99.8011 0.713026 0.713026 2 2 0
99.6011 0.711368 0.711368 2 2 0
99.4011 0.709703 0.709703 2 2 0
99.2011 0.708032 0.708032 2 2 0
99.0012 0.706354 0.706354 2 2 0
98.8012 0.70467 0.70467 2 2 0
98.6012 0.70298 0.70298 2 2 0
98.4012 0.701283 0.701283 2 2 0
98.2012 0.69958 0.69958 2 2 0
98.0012 0.697871 0.697871 2 2 0
97.8012 0.696156 0.696156 2 2 0
97.6012 0.694434 0.694434 2 2 0
97.4012 0.692706 0.692706 2 2 0
97.2012 0.690972 0.690972 2 2 0
97.0012 0.689232 0.689232 2 2 0
96.8012 0.687486 0.687486 2 2 0
96.6012 0.685733 0.685733 2 2 0
96.4012 0.683974 0.683974 2 2 0
96.2013 0.68221 0.68221 2 2 0
96.0013 0.680439 0.680439 2 2 0
95.8013 0.678662 0.678662 2 2 0
95.6013 0.676879 0.676879 2 2 0
95.4013 0.67509 0.67509 2 2 0
95.2013 0.673296 0.673296 2 2 0
95.0013 0.671495 0.671495 2 2 0
94.8013 0.669688 0.669688 2 2 0
94.6013 0.667876 0.667876 2 2 0
94.4013 0.666058 0.666058 2 2 0
94.2013 0.664234 0.664234 2 2 0
94.0013 0.662404 0.662404 2 2 0
93.8014 0.660568 0.660568 2 2 0
93.6014 0.658727 0.658727 2 2 0
93.4014 0.65688 0.65688 2 2 0
93.2014 0.655028 0.655028 2 2 0
93.0014 0.653169 0.653169 2 2 0
92.8014 0.651306 0.651306 2 2 0
92.6014 0.649437 0.649437 2 2 0
92.4014 0.647562 0.647562 2 2 0
92.2014 0.645682 0.645682 2 2 0
92.0014 0.643796 0.643796 2 2 0
91.8014 0.641905 0.641905 2 2 0
91.6015 0.640009 0.640009 2 2 0
91.4015 0.638108 0.638108 2 2 0
91.2015 0.636201 0.636201 2 2 0
91.0015 0.634289 0.634289 2 2 0
90.8015 0.632372 0.632372 2 2 0
90.6015 0.630449 0.630449 2 2 0
90.4015 0.628522 0.628522 2 2 0
90.2015 0.62659 0.62659 2 2 0
90.0015 0.624652 0.624652 2 2 0
89.8015 0.62271 0.62271 2 2 0
89.6016 0.620763 0.620763 2 2 0
89.4016 0.618811 0.618811 2 2 0
89.2016 0.616854 0.616854 2 2 0
89.0016 0.614893 0.614893 2 2 0
88.8016 0.612927 0.612927 2 2 0
88.6016 0.610956 0.610956 2 2 0
88.4016 0.60898 0.60898 2 2 0
88.2016 0.607 0.607 2 2 0
88.0016 0.605016 0.605016 2 2 0
87.8016 0.603027 0.603027 2 2 0
87.6017 0.601034 0.601034 2 2 0
87.4017 0.599036 0.599036 2 2 0
87.2017 0.597034 0.597034 2 2 0
87.0017 0.595028 0.595028 2 2 0
86.8017 0.593018 0.593018 2 2 0
86.6017 0.591004 0.591004 2 2 0
86.4017 0.588986 0.588986 2 2 0
86.2017 0.586963 0.586963 2 2 0
86.0017 0.584937 0.584937 2 2 0
85.8017 0.582907 0.582907 2 2 0
85.6018 0.580873 0.580873 2 2 0
85.4018 0.578836 0.578836 2 2 0
85.2018 0.576795 0.576795 2 2 0
85.0018 0.57475 0.57475 2 2 0
84.8018 0.572701 0.572701 2 2 0
84.6018 0.57065 0.57065 2 2 0
84.4018 0.568594 0.568594 2 2 0
84.2018 0.566536 0.566536 2 2 0
84.0018 0.564474 0.564474 2 2 0
83.8019 0.562409 0.562409 2 2 0
83.6019 0.560341 0.560341 2 2 0
83.4019 0.558269 0.558269 2 2 0
83.2019 0.556195 0.556195 2 2 0
83.0019 0.554118 0.554118 2 2 0
82.8019 0.552038 0.552038 2 2 0
82.6019 0.549955 0.549955 2 2 0
82.4019 0.547869 0.547869 2 2 0
82.2019 0.545781 0.545781 2 2 0
82.002 0.54369 0.54369 2 2 0
81.802 0.541597 0.541597 2 2 0
81.602 0.539501 0.539501 2 2 0
81.402 0.537403 0.537403 2 2 0
81.202 0.535303 0.535303 2 2 0
81.002 0.533201 0.533201 2 2 0
80.802 0.531096 0.531096 2 2 0
80.602 0.528989 0.528989 2 2 0
80.4021 0.526881 0.526881 2 2 0
80.2021 0.52477 0.52477 2 2 0
80.0021 0.522658 0.522658 2 2 0
79.8021 0.520544 0.520544 2 2 0
79.6021 0.518428 0.518428 2 2 0
79.4021 0.516311 0.516311 2 2 0
79.2021 0.514193 0.514193 2 2 0
79.0021 0.512073 0.512073 2 2 0
78.8021 0.509951 0.509951 2 2 0
78.6022 0.507829 0.507829 2 2 0
78.4022 0.505705 0.505705 2 2 0
78.2022 0.50358 0.50358 2 2 0
78.0022 0.501454 0.501454 2 2 0
77.8022 0.499328 0.499328 2 2 0
77.6022 0.4972 0.4972 2 2 0
77.4022 0.495072 0.495072 2 2 0
77.2022 0.492943 0.492943 2 2 0
77.0023 0.490814 0.490814 2 2 0
76.8023 0.488684 0.488684 2 2 0
76.6023 0.486554 0.486554 2 2 0
76.4023 0.484424 0.484424 2 2 0
76.2023 0.482293 0.482293 2 2 0
76.0023 0.480162 0.480162 2 2 0
75.8023 0.478032 0.478032 2 2 0
75.6023 0.475901 0.475901 2 2 0
75.4024 0.473771 0.473771 2 2 0
75.2024 0.471641 0.471641 2 2 0
75.0024 0.469511 0.469511 2 2 0
74.8024 0.467382 0.467382 2 2 0
74.6024 0.465253 0.465253 2 2 0
74.4024 0.463125 0.463125 2 2 0
74.2024 0.460998 0.460998 2 2 0
74.0024 0.458871 0.458871 2 2 0
73.8025 0.456746 0.456746 2 2 0
73.6025 0.454621 0.454621 2 2 0
73.4025 0.452498 0.452498 2 2 0
73.2025 0.450375 0.450375 2 2 0
73.0025 0.448255 0.448255 2 2 0
72.8025 0.446135 0.446135 2 2 0
72.6025 0.444017 0.444017 2 2 0
72.4025 0.441901 0.441901 2 2 0
72.2026 0.439786 0.439786 2 2 0
72.2026 0.439786 0.439786 2 2 0
72.1626 0.439363 0.439363 2 2 0
72.1226 0.438941 0.438941 2 2 0
72.0426 0.438096 0.438096 2 2 0
71.8826 0.436407 0.436407 2 2 0
71.6826 0.434297 0.434297 2 2 0
71.4826 0.432189 0.432189 2 2 0
71.2826 0.430084 0.430084 2 2 0
71.0826 0.42798 0.42798 2 2 0
70.8826 0.42588 0.42588 2 2 0
70.6827 0.423781 0.423781 2 2 0
70.4827 0.421685 0.421685 2 2 0
70.2827 0.419592 0.419592 2 2 0
70.0827 0.417502 0.417502 2 2 0
69.8827 0.415414 0.415414 2 2 0
69.6827 0.413329 0.413329 2 2 0
69.4827 0.411248 0.411248 2 2 0
69.2827 0.409169 0.409169 2 2 0
69.0828 0.407094 0.407094 2 2 0
68.8828 0.405022 0.405022 2 2 0
68.6828 0.402954 0.402954 2 2 0
68.4828 0.400889 0.400889 2 2 0
68.2828 0.398828 0.398828 2 2 0
68.0828 0.396771 0.396771 2 2 0
67.8828 0.394718 0.394718 2 2 0
67.6828 0.392668 0.392668 2 2 0
67.4829 0.390623 0.390623 2 2 0
67.2829 0.388582 0.388582 2 2 0
67.0829 0.386545 0.386545 2 2 0
66.8829 0.384513 0.384513 2 2 0
66.6829 0.382485 0.382485 2 2 0
66.4829 0.380461 0.380461 2 2 0
66.2829 0.378443 0.378443 2 2 0
66.0829 0.376429 0.376429 2 2 0
65.883 0.37442 0.37442 2 2 0
65.683 0.372416 0.372416 2 2 0
65.483 0.370417 0.370417 2 2 0
65.283 0.368423 0.368423 2 2 0
65.083 0.366435 0.366435 2 2 0
64.883 0.364452 0.364452 2 2 0
64.683 0.362475 0.362475 2 2 0
64.483 0.360503 0.360503 2 2 0
64.2831 0.358537 0.358537 2 2 0
64.0831 0.356577 0.356577 2 2 0
63.8831 0.354622 0.354622 2 2 0
63.6831 0.352674 0.352674 2 2 0
63.4831 0.350732 0.350732 2 2 0
63.2831 0.348796 0.348796 2 2 0
63.0831 0.346867 0.346867 2 2 0
62.8831 0.344943 0.344943 2 2 0
62.6832 0.343027 0.343027 2 2 0
62.4832 0.341117 0.341117 2 2 0
62.2832 0.339214 0.339214 2 2 0
62.0832 0.337317 0.337317 2 2 0
61.8832 0.335428 0.335428 2 2 0
61.6832 0.333545 0.333545 2 2 0
61.4832 0.33167 0.33167 2 2 0
61.2832 0.329802 0.329802 2 2 0
61.0833 0.327941 0.327941 2 2 0
60.8833 0.326088 0.326088 2 2 0
60.6833 0.324242 0.324242 2 2 0
60.4833 0.322403 0.322403 2 2 0
60.2833 0.320573 0.320573 2 2 0
60.0833 0.31875 0.31875 2 2 0
59.8833 0.316935 0.316935 2 2 0
59.6833 0.315128 0.315128 2 2 0
59.4834 0.313329 0.313329 2 2 0
59.2834 0.311539 0.311539 2 2 0
59.0834 0.309756 0.309756 2 2 0
58.8834 0.307982 0.307982 2 2 0
58.6834 0.306217 0.306217 2 2 0
58.4834 0.30446 0.30446 2 2 0
58.2834 0.302711 0.302711 2 2 0
58.0834 0.300971 0.300971 2 2 0
57.8834 0.29924 0.29924 2 2 0
57.6835 0.297518 0.297518 2 2 0
57.4835 0.295805 0.295805 2 2 0
57.2835 0.294101 0.294101 2 2 0
57.0835 0.292406 0.292406 2 2 0
56.8835 0.29072 0.29072 2 2 0
56.6835 0.289043 0.289043 2 2 0
56.4835 0.287376 0.287376 2 2 0
56.2835 0.285719 0.285719 2 2 0
56.283 0.285714 0.285714 2 2 0
56.083 0.284066 0.284066 1 2 0
55.8831 0.282427 0.282427 1 2 0
55.6831 0.280799 0.280799 1 2 0
55.4831 0.279179 0.279179 1 2 0
55.2831 0.27757 0.27757 1 2 0
55.0831 0.27597 0.27597 1 2 0
54.8831 0.274381 0.274381 1 2 0
54.6831 0.272801 0.272801 1 2 0
54.4831 0.271232 0.271232 1 2 0
54.2831 0.269672 0.269672 1 2 0
54.0832 0.268123 0.268123 1 2 0
53.8832 0.266584 0.266584 1 2 0
53.6832 0.265056 0.265056 1 2 0
53.4832 0.263538 0.263538 1 2 0
53.2832 0.26203 0.26203 1 2 0
53.0832 0.260533 0.260533 1 2 0
52.8832 0.259046 0.259046 1 2 0
52.6832 0.25757 0.25757 1 2 0
52.4832 0.256104 0.256104 1 2 0
52.2833 0.25465 0.25465 1 2 0
52.0833 0.253206 0.253206 1 2 0
51.8833 0.251772 0.251772 1 2 0
51.6833 0.25035 0.25035 1 2 0
51.4833 0.248938 0.248938 1 2 0
51.2833 0.247537 0.247537 1 2 0
51.0833 0.246148 0.246148 1 2 0
50.8833 0.244769 0.244769 1 2 0
50.6833 0.243401 0.243401 1 2 0
50.4834 0.242044 0.242044 1 2 0
50.2834 0.240698 0.240698 1 2 0
50.0834 0.239363 0.239363 1 2 0
49.8834 0.23804 0.23804 1 2 0
49.6834 0.236727 0.236727 1 2 0
49.4834 0.235425 0.235425 1 2 0
49.2834 0.234135 0.234135 1 2 0
49.0834 0.232856 0.232856 1 2 0
48.8834 0.231588 0.231588 1 2 0
48.6835 0.230331 0.230331 1 2 0
48.4835 0.229085 0.229085 1 2 0
48.2835 0.22785 0.22785 1 2 0
48.0835 0.226627 0.226627 1 2 0
47.8835 0.225414 0.225414 1 2 0
47.6835 0.224213 0.224213 1 2 0
47.4835 0.223023 0.223023 1 2 0
47.2835 0.221844 0.221844 1 2 0
47.0835 0.220676 0.220676 1 2 0
46.8836 0.219519 0.219519 1 2 0
46.6836 0.218374 0.218374 1 2 0
46.4836 0.217239 0.217239 1 2 0
46.2836 0.216116 0.216116 1 2 0
46.0836 0.215003 0.215003 1 2 0
45.8836 0.213901 0.213901 1 2 0
45.6836 0.212811 0.212811 1 2 0
45.4836 0.211731 0.211731 1 2 0
45.2836 0.210662 0.210662 1 2 0
45.0836 0.209604 0.209604 1 2 0
44.8837 0.208557 0.208557 1 2 0
44.6837 0.207521 0.207521 1 2 0
44.4837 0.206495 0.206495 1 2 0
44.2837 0.20548 0.20548 1 2 0
44.0837 0.204476 0.204476 1 2 0
43.8837 0.203482 0.203482 1 2 0
43.6837 0.202499 0.202499 1 2 0
43.4837 0.201526 0.201526 1 2 0
43.2837 0.200564 0.200564 1 2 0
43.0837 0.199612 0.199612 1 2 0
42.8837 0.19867 0.19867 1 2 0
42.6838 0.197739 0.197739 1 2 0
42.4838 0.196818 0.196818 1 2 0
42.2838 0.195907 0.195907 1 2 0
42.0838 0.195006 0.195006 1 2 0
41.8838 0.194115 0.194115 1 2 0
41.6838 0.193234 0.193234 1 2 0
41.4838 0.192363 0.192363 1 2 0
41.2838 0.191501 0.191501 1 2 0
41.0838 0.19065 0.19065 1 2 0
40.8838 0.189808 0.189808 1 2 0
40.6838 0.188975 0.188975 1 2 0
40.4839 0.188152 0.188152 1 2 0
40.2839 0.187339 0.187339 1 2 0
40.0839 0.186534 0.186534 1 2 0
39.8839 0.185739 0.185739 1 2 0
39.6839 0.184954 0.184954 1 2 0
39.4839 0.184177 0.184177 1 2 0
39.2839 0.183409 0.183409 1 2 0
39.0839 0.182651 0.182651 1 2 0
38.8839 0.181901 0.181901 1 2 0
38.6839 0.18116 0.18116 1 2 0
38.4839 0.180427 0.180427 1 2 0
38.2839 0.179703 0.179703 1 2 0
38.0839 0.178988 0.178988 1 2 0
37.884 0.178281 0.178281 1 2 0
37.684 0.177583 0.177583 1 2 0
37.484 0.176892 0.176892 1 2 0
37.284 0.17621 0.17621 1 2 0
37.084 0.175536 0.175536 1 2 0
36.884 0.17487 0.17487 1 2 0
36.684 0.174212 0.174212 1 2 0
36.484 0.173562 0.173562 1 2 0
36.284 0.17292 0.17292 1 2 0
36.084 0.172285 0.172285 1 2 0
35.884 0.171657 0.171657 1 2 0
35.684 0.171038 0.171038 1 2 0
35.484 0.170425 0.170425 1 2 0
35.284 0.16982 0.16982 1 2 0
35.084 0.169222 0.169222 1 2 0
34.8841 0.168631 0.168631 1 2 0
34.6841 0.168048 0.168048 1 2 0
34.4841 0.167471 0.167471 1 2 0
34.2841 0.166901 0.166901 1 2 0
34.0841 0.166338 0.166338 1 2 0
33.8841 0.165782 0.165782 1 2 0
33.6841 0.165232 0.165232 1 2 0
33.4841 0.164689 0.164689 1 2 0
33.2841 0.164152 0.164152 1 2 0
33.0841 0.163622 0.163622 1 2 0
56.283 0.285714 0.285714 2 3 0
58.3828 0.285714 0.285714 1 3 0
58.3879 0.285714 0.285714 1 3 0
58.3904 0.285714 0.285714 1 3 0
58.3954 0.285714 0.285714 1 3 0
58.4054 0.285714 0.285714 1 3 0
58.4254 0.285714 0.285714 1 3 0
58.4654 0.285714 0.285714 1 3 0
58.5454 0.285714 0.285714 1 3 0
58.7054 0.285714 0.285714 1 3 0
58.9054 0.285714 0.285714 1 3 0
59.1054 0.285714 0.285714 1 3 0
59.3054 0.285714 0.285714 1 3 0
59.5054 0.285714 0.285714 1 3 0
59.7054 0.285714 0.285714 1 3 0
59.9054 0.285714 0.285714 1 3 0
60.1054 0.285714 0.285714 1 3 0
60.3054 0.285714 0.285714 1 3 0
60.5054 0.285714 0.285714 1 3 0
60.7054 0.285714 0.285714 1 3 0
60.9054 0.285714 0.285714 1 3 0
61.1054 0.285714 0.285714 1 3 0
61.3054 0.285714 0.285714 1 3 0
61.5054 0.285714 0.285714 1 3 0
61.7054 0.285714 0.285714 1 3 0
61.9054 0.285714 0.285714 1 3 0
62.1054 0.285714 0.285714 1 3 0
62.3054 0.285714 0.285714 1 3 0
62.5054 0.285714 0.285714 1 3 0
62.7054 0.285714 0.285714 1 3 0
62.9054 0.285714 0.285714 1 3 0
63.1054 0.285714 0.285714 1 3 0
63.3054 0.285714 0.285714 1 3 0
63.5054 0.285714 0.285714 1 3 0
63.7054 0.285714 0.285714 1 3 0
63.9054 0.285714 0.285714 1 3 0
64.1054 0.285714 0.285714 1 3 0
64.3054 0.285714 0.285714 1 3 0
64.5054 0.285714 0.285714 1 3 0
64.7054 0.285714 0.285714 1 3 0
64.9054 0.285714 0.285714 1 3 0
65.1054 0.285714 0.285714 1 3 0
65.3054 0.285714 0.285714 1 3 0
65.5054 0.285714 0.285714 1 3 0
65.7054 0.285714 0.285714 1 3 0
65.9054 0.285714 0.285714 1 3 0
66.1054 0.285714 0.285714 1 3 0
66.3054 0.285714 0.285714 1 3 0
66.5054 0.285714 0.285714 1 3 0
66.7054 0.285714 0.285714 1 3 0
66.9054 0.285714 0.285714 1 3 0
67.1054 0.285714 0.285714 1 3 0
67.3054 0.285714 0.285714 1 3 0
67.5054 0.285714 0.285714 1 3 0
67.7054 0.285714 0.285714 1 3 0
67.9054 0.285714 0.285714 1 3 0
68.1054 0.285714 0.285714 1 3 0
68.3054 0.285714 0.285714 1 3 0
68.5054 0.285714 0.285714 1 3 0
68.7054 0.285714 0.285714 1 3 0
68.9054 0.285714 0.285714 1 3 0
69.1054 0.285714 0.285714 1 3 0
69.3054 0.285714 0.285714 1 3 0
69.5054 0.285714 0.285714 1 3 0
69.7054 0.285714 0.285714 1 3 0
69.9054 0.285714 0.285714 1 3 0
70.1054 0.285714 0.285714 1 3 0
70.3054 0.285714 0.285714 1 3 0
70.5054 0.285714 0.285714 1 3 0
70.7054 0.285714 0.285714 1 3 0
70.9054 0.285714 0.285714 1 3 0
71.1054 0.285714 0.285714 1 3 0
71.3054 0.285714 0.285714 1 3 0
71.5054 0.285714 0.285714 1 3 0
71.7054 0.285714 0.285714 1 3 0
71.9054 0.285714 0.285714 1 3 0
72.1054 0.285714 0.285714 1 3 0
72.3054 0.285714 0.285714 1 3 0
72.5054 0.285714 0.285714 1 3 0
72.7054 0.285714 0.285714 1 3 0
72.9054 0.285714 0.285714 1 3 0
73.1054 0.285714 0.285714 1 3 0
73.3054 0.285714 0.285714 1 3 0
73.5054 0.285714 0.285714 1 3 0
73.7054 0.285714 0.285714 1 3 0
73.9054 0.285714 0.285714 1 3 0
74.1054 0.285714 0.285714 1 3 0
74.3054 0.285714 0.285714 1 3 0
74.5054 0.285714 0.285714 1 3 0
74.7054 0.285714 0.285714 1 3 0
74.9054 0.285714 0.285714 1 3 0
75.1054 0.285714 0.285714 1 3 0
75.3054 0.285714 0.285714 1 3 0
75.5054 0.285714 0.285714 1 3 0
75.7054 0.285714 0.285714 1 3 0
75.9054 0.285714 0.285714 1 3 0
76.1054 0.285714 0.285714 1 3 0
76.3054 0.285714 0.285714 1 3 0
76.5054 0.285714 0.285714 1 3 0
76.7054 0.285714 0.285714 1 3 0
76.9054 0.285714 0.285714 1 3 0
77.1054 0.285714 0.285714 1 3 0
77.3054 0.285714 0.285714 1 3 0
77.5054 0.285714 0.285714 1 3 0
77.7054 0.285714 0.285714 1 3 0
77.9054 0.285714 0.285714 1 3 0
78.1054 0.285714 0.285714 1 3 0
78.3054 0.285714 0.285714 1 3 0
78.5054 0.285714 0.285714 1 3 0
78.7054 0.285714 0.285714 1 3 0
78.9054 0.285714 0.285714 1 3 0
79.1054 0.285714 0.285714 1 3 0
79.3054 0.285714 0.285714 1 3 0
79.5054 0.285714 0.285714 1 3 0
79.7054 0.285714 0.285714 1 3 0
79.9054 0.285714 0.285714 1 3 0
80.1054 0.285714 0.285714 1 3 0
80.3054 0.285714 0.285714 1 3 0
80.5054 0.285714 0.285714 1 3 0
80.7054 0.285714 0.285714 1 3 0
80.9054 0.285714 0.285714 1 3 0
81.1054 0.285714 0.285714 1 3 0
81.3054 0.285714 0.285714 1 3 0
81.5054 0.285714 0.285714 1 3 0
81.7054 0.285714 0.285714 1 3 0
81.9054 0.285714 0.285714 1 3 0
82.1054 0.285714 0.285714 1 3 0
82.3054 0.285714 0.285714 1 3 0
82.5054 0.285714 0.285714 1 3 0
82.7054 0.285714 0.285714 1 3 0
82.9054 0.285714 0.285714 1 3 0
83.1054 0.285714 0.285714 1 3 0
83.3054 0.285714 0.285714 1 3 0
83.5054 0.285714 0.285714 1 3 0
83.7054 0.285714 0.285714 1 3 0
83.9054 0.285714 0.285714 1 3 0
84.1054 0.285714 0.285714 1 3 0
84.3054 0.285714 0.285714 1 3 0
84.5054 0.285714 0.285714 1 3 0
84.7054 0.285714 0.285714 1 3 0
84.9054 0.285714 0.285714 1 3 0
85.1054 0.285714 0.285714 1 3 0
85.3054 0.285714 0.285714 1 3 0
85.5054 0.285714 0.285714 1 3 0
85.7054 0.285714 0.285714 1 3 0
85.9054 0.285714 0.285714 1 3 0
86.1054 0.285714 0.285714 1 3 0
86.3054 0.285714 0.285714 1 3 0
86.5054 0.285714 0.285714 1 3 0
86.7054 0.285714 0.285714 1 3 0
86.9054 0.285714 0.285714 1 3 0
87.1054 0.285714 0.285714 1 3 0
87.3054 0.285714 0.285714 1 3 0
87.5054 0.285714 0.285714 1 3 0
87.7054 0.285714 0.285714 1 3 0
87.9054 0.285714 0.285714 1 3 0
88.1054 0.285714 0.285714 1 3 0
88.3054 0.285714 0.285714 1 3 0
88.5054 0.285714 0.285714 1 3 0
88.7054 0.285714 0.285714 1 3 0
88.9054 0.285714 0.285714 1 3 0
89.1054 0.285714 0.285714 1 3 0
89.3054 0.285714 0.285714 1 3 0
89.5054 0.285714 0.285714 1 3 0
89.7054 0.285714 0.285714 1 3 0
89.9054 0.285714 0.285714 1 3 0
90.1054 0.285714 0.285714 1 3 0
90.3054 0.285714 0.285714 1 3 0
90.5054 0.285714 0.285714 1 3 0
90.7054 0.285714 0.285714 1 3 0
90.9054 0.285714 0.285714 1 3 0
91.1054 0.285714 0.285714 1 3 0
91.3054 0.285714 0.285714 1 3 0
91.5054 0.285714 0.285714 1 3 0
91.7054 0.285714 0.285714 1 3 0
91.9054 0.285714 0.285714 1 3 0
92.1054 0.285714 0.285714 1 3 0
92.3054 0.285714 0.285714 1 3 0
92.5054 0.285714 0.285714 1 3 0
92.7054 0.285714 0.285714 1 3 0
92.9054 0.285714 0.285714 1 3 0
93.1054 0.285714 0.285714 1 3 0
93.3054 0.285714 0.285714 1 3 0
93.5054 0.285714 0.285714 1 3 0
93.7054 0.285714 0.285714 1 3 0
93.9054 0.285714 0.285714 1 3 0
94.1054 0.285714 0.285714 1 3 0
94.3054 0.285714 0.285714 1 3 0
94.5054 0.285714 0.285714 1 3 0
94.7054 0.285714 0.285714 1 3 0
94.9054 0.285714 0.285714 1 3 0
95.1054 0.285714 0.285714 1 3 0
95.3054 0.285714 0.285714 1 3 0
95.5054 0.285714 0.285714 1 3 0
95.7054 0.285714 0.285714 1 3 0
95.9054 0.285714 0.285714 1 3 0
96.1054 0.285714 0.285714 1 3 0
96.3054 0.285714 0.285714 1 3 0
96.5054 0.285714 0.285714 1 3 0
96.7054 0.285714 0.285714 1 3 0
56.283 0.285714 0.285714 2 3 0
54.1723 0.285714 0.285714 1 3 0
54.1672 0.285714 0.285714 2 3 0
54.1647 0.285714 0.285714 2 3 0
54.1597 0.285714 0.285714 2 3 0
54.1497 0.285714 0.285714 2 3 0
54.1297 0.285714 0.285714 2 3 0
54.0897 0.285714 0.285714 2 3 0
54.0097 0.285714 0.285714 2 3 0
53.8497 0.285714 0.285714 2 3 0
53.6497 0.285714 0.285714 2 3 0
53.4497 0.285714 0.285714 2 3 0
53.2497 0.285714 0.285714 2 3 0
53.0497 0.285714 0.285714 2 3 0
52.8497 0.285714 0.285714 2 3 0
52.6497 0.285714 0.285714 2 3 0
52.4497 0.285714 0.285714 2 3 0
52.2497 0.285714 0.285714 2 3 0
52.0497 0.285714 0.285714 2 3 0
51.8497 0.285714 0.285714 2 3 0
51.6497 0.285714 0.285714 2 3 0
51.4497 0.285714 0.285714 2 3 0
51.2497 0.285714 0.285714 2 3 0
51.0497 0.285714 0.285714 2 3 0
50.8497 0.285714 0.285714 2 3 0
50.6497 0.285714 0.285714 2 3 0
50.4497 0.285714 0.285714 2 3 0
50.2497 0.285714 0.285714 2 3 0
50.0497 0.285714 0.285714 2 3 0
49.8497 0.285714 0.285714 2 3 0
49.6497 0.285714 0.285714 2 3 0
49.4497 0.285714 0.285714 2 3 0
49.2497 0.285714 0.285714 2 3 0
49.0497 0.285714 0.285714 2 3 0
48.8497 0.285714 0.285714 2 3 0
48.6497 0.285714 0.285714 2 3 0
48.4497 0.285714 0.285714 2 3 0
48.2497 0.285714 0.285714 2 3 0
48.0497 0.285714 0.285714 2 3 0
47.8497 0.285714 0.285714 2 3 0
47.6497 0.285714 0.285714 2 3 0
47.4497 0.285714 0.285714 2 3 0
47.2497 0.285714 0.285714 2 3 0
47.0497 0.285714 0.285714 2 3 0
46.8497 0.285714 0.285714 2 3 0
46.6497 0.285714 0.285714 2 3 0
46.4497 0.285714 0.285714 2 3 0
46.2497 0.285714 0.285714 2 3 0
46.0497 0.285714 0.285714 2 3 0
45.8497 0.285714 0.285714 2 3 0
45.6497 0.285714 0.285714 2 3 0
45.4497 0.285714 0.285714 2 3 0
45.2497 0.285714 0.285714 2 3 0
45.0497 0.285714 0.285714 2 3 0
44.8497 0.285714 0.285714 2 3 0
44.6497 0.285714 0.285714 2 3 0
44.4497 0.285714 0.285714 2 3 0
44.2497 0.285714 0.285714 2 3 0
44.0497 0.285714 0.285714 2 3 0
43.8497 0.285714 0.285714 2 3 0
43.6497 0.285714 0.285714 2 3 0
43.4497 0.285714 0.285714 2 3 0
43.2497 0.285714 0.285714 2 3 0
43.0497 0.285714 0.285714 2 3 0
42.8497 0.285714 0.285714 2 3 0
42.6497 0.285714 0.285714 2 3 0
42.4497 0.285714 0.285714 2 3 0
42.2497 0.285714 0.285714 2 3 0
42.0497 0.285714 0.285714 2 3 0
41.8497 0.285714 0.285714 2 3 0
41.6497 0.285714 0.285714 2 3 0
41.4497 0.285714 0.285714 2 3 0
41.2497 0.285714 0.285714 2 3 0
41.0497 0.285714 0.285714 2 3 0
40.8497 0.285714 0.285714 2 3 0
40.6497 0.285714 0.285714 2 3 0
40.4497 0.285714 0.285714 2 3 0
40.2497 0.285714 0.285714 2 3 0
40.0497 0.285714 0.285714 2 3 0
39.8497 0.285714 0.285714 2 3 0
39.6498 0.285714 0.285714 2 3 0
39.4498 0.285714 0.285714 2 3 0
39.2498 0.285714 0.285714 2 3 0
39.0498 0.285714 0.285714 2 3 0
38.8498 0.285714 0.285714 2 3 0
38.6498 0.285714 0.285714 2 3 0
38.4498 0.285714 0.285714 2 3 0
38.2498 0.285714 0.285714 2 3 0
38.0498 0.285714 0.285714 2 3 0
37.8498 0.285714 0.285714 2 3 0
37.6498 0.285714 0.285714 2 3 0
37.4498 0.285714 0.285714 2 3 0
37.2498 0.285714 0.285714 2 3 0
37.0498 0.285714 0.285714 2 3 0
36.8498 0.285714 0.285714 2 3 0
36.6498 0.285714 0.285714 2 3 0
36.4498 0.285714 0.285714 2 3 0
36.2498 0.285714 0.285714 2 3 0
36.0498 0.285714 0.285714 2 3 0
35.8498 0.285714 0.285714 2 3 0
35.6498 0.285714 0.285714 2 3 0
35.4498 0.285714 0.285714 2 3 0
35.2498 0.285714 0.285714 2 3 0
35.0498 0.285714 0.285714 2 3 0
34.8498 0.285714 0.285714 2 3 0
34.6498 0.285714 0.285714 2 3 0
34.4498 0.285714 0.285714 2 3 0
34.2498 0.285714 0.285714 2 3 0
34.0498 0.285714 0.285714 2 3 0
33.8498 0.285714 0.285714 2 3 0
33.6498 0.285714 0.285714 2 3 0
33.4498 0.285714 0.285714 2 3 0
33.2498 0.285714 0.285714 2 3 0
33.0498 0.285714 0.285714 2 3 0
32.8498 0.285714 0.285714 2 3 0
32.6498 0.285714 0.285714 2 3 0
32.4498 0.285714 0.285714 2 3 0
32.2498 0.285714 0.285714 2 3 0
32.0498 0.285714 0.285714 2 3 0
31.8498 0.285714 0.285714 2 3 0
31.6498 0.285714 0.285714 2 3 0
31.4498 0.285714 0.285714 2 3 0
31.2498 0.285714 0.285714 2 3 0
31.0498 0.285714 0.285714 2 3 0
30.8498 0.285714 0.285714 2 3 0
30.6498 0.285714 0.285714 2 3 0
30.4498 0.285714 0.285714 2 3 0
30.2498 0.285714 0.285714 2 3 0
30.0498 0.285714 0.285714 2 3 0
29.8498 0.285714 0.285714 2 3 0
29.6498 0.285714 0.285714 2 3 0
29.4498 0.285714 0.285714 2 3 0
29.2498 0.285714 0.285714 2 3 0
29.0498 0.285714 0.285714 2 3 0
28.8498 0.285714 0.285714 2 3 0
28.6498 0.285714 0.285714 2 3 0
28.4499 0.285714 0.285714 2 3 0
28.2499 0.285714 0.285714 2 3 0
28.0499 0.285714 0.285714 2 3 0
27.8499 0.285714 0.285714 2 3 0
27.6499 0.285714 0.285714 2 3 0
27.4499 0.285714 0.285714 2 3 0
27.2499 0.285714 0.285714 2 3 0
27.0499 0.285714 0.285714 2 3 0
26.8499 0.285714 0.285714 2 3 0
26.6499 0.285714 0.285714 2 3 0
26.4499 0.285714 0.285714 2 3 0
26.2499 0.285714 0.285714 2 3 0
26.0499 0.285714 0.285714 2 3 0
25.8499 0.285714 0.285714 2 3 0
25.6499 0.285714 0.285714 2 3 0
25.4499 0.285714 0.285714 2 3 0
25.2499 0.285714 0.285714 2 3 0
25.0499 0.285714 0.285714 2 3 0
24.8499 0.285714 0.285714 2 3 0
24.6499 0.285714 0.285714 2 3 0
24.4499 0.285714 0.285714 2 3 0
24.2499 0.285714 0.285714 2 3 0
24.0499 0.285714 0.285714 2 3 0
23.8499 0.285714 0.285714 2 3 0
23.6499 0.285714 0.285714 2 3 0
23.4499 0.285714 0.285714 2 3 0
23.2499 0.285714 0.285714 2 3 0
23.0499 0.285714 0.285714 2 3 0
22.8499 0.285714 0.285714 2 3 0
22.6499 0.285714 0.285714 2 3 0
22.4499 0.285714 0.285714 2 3 0
22.2499 0.285714 0.285714 2 3 0
22.0499 0.285714 0.285714 2 3 0
21.85 0.285714 0.285714 2 3 0
21.65 0.285714 0.285714 2 3 0
21.45 0.285714 0.285714 2 3 0
21.25 0.285714 0.285714 2 3 0
21.05 0.285714 0.285714 2 3 0
20.85 0.285714 0.285714 2 3 0
20.65 0.285714 0.285714 2 3 0
20.45 0.285714 0.285714 2 3 0
20.25 0.285714 0.285714 2 3 0
20.05 0.285714 0.285714 2 3 0
19.85 0.285714 0.285714 2 3 0
19.65 0.285714 0.285714 2 3 0
19.45 0.285714 0.285714 2 3 0
19.25 0.285714 0.285714 2 3 0
19.05 0.285714 0.285714 2 3 0
18.85 0.285714 0.285714 2 3 0
18.65 0.285714 0.285714 2 3 0
18.45 0.285714 0.285714 2 3 0
18.25 0.285714 0.285714 2 3 0
18.05 0.285714 0.285714 2 3 0
17.85 0.285714 0.285714 2 3 0
17.65 0.285714 0.285714 2 3 0
17.45 0.285714 0.285714 2 3 0
17.25 0.285714 0.285714 2 3 0
17.0501 0.285714 0.285714 2 3 0
16.8501 0.285714 0.285714 2 3 0
16.6501 0.285714 0.285714 2 3 0
16.4501 0.285714 0.285714 2 3 0
16.2501 0.285714 0.285714 2 3 0
16.0501 0.285714 0.285714 2 3 0
15.8501 0.285714 0.285714 2 3 0
33.0841 0.163622 0.163622 2 2 0
33.0441 0.163517 0.163517 1 2 0
33.0041 0.163412 0.163412 1 2 0
32.9241 0.163202 0.163202 1 2 0
32.7641 0.162787 0.162787 1 2 0
32.5641 0.162273 0.162273 1 2 0
32.3641 0.161765 0.161765 1 2 0
32.1641 0.161263 0.161263 1 2 0
31.9641 0.160767 0.160767 1 2 0
31.7641 0.160277 0.160277 1 2 0
31.5641 0.159793 0.159793 1 2 0
31.3641 0.159314 0.159314 1 2 0
31.1642 0.158841 0.158841 1 2 0
30.9642 0.158374 0.158374 1 2 0
30.7642 0.157912 0.157912 1 2 0
30.5642 0.157455 0.157455 1 2 0
30.3642 0.157004 0.157004 1 2 0
30.1642 0.156558 0.156558 1 2 0
29.9642 0.156118 0.156118 1 2 0
29.7642 0.155682 0.155682 1 2 0
29.5642 0.155252 0.155252 1 2 0
29.3642 0.154826 0.154826 1 2 0
29.1642 0.154406 0.154406 1 2 0
28.9642 0.15399 0.15399 1 2 0
28.7642 0.153579 0.153579 1 2 0
28.5642 0.153173 0.153173 1 2 0
28.3642 0.152771 0.152771 1 2 0
28.1642 0.152375 0.152375 1 2 0
27.9642 0.151982 0.151982 1 2 0
27.7642 0.151594 0.151594 1 2 0
27.5642 0.151211 0.151211 1 2 0
27.3642 0.150832 0.150832 1 2 0
27.1642 0.150457 0.150457 1 2 0
26.9642 0.150086 0.150086 1 2 0
26.7642 0.14972 0.14972 1 2 0
26.5642 0.149357 0.149357 1 2 0
26.3642 0.148999 0.148999 1 2 0
26.1643 0.148645 0.148645 1 2 0
25.9643 0.148294 0.148294 1 2 0
25.7643 0.147948 0.147948 1 2 0
25.5643 0.147605 0.147605 1 2 0
25.3643 0.147267 0.147267 1 2 0
25.1643 0.146931 0.146931 1 2 0
24.9643 0.1466 0.1466 1 2 0
24.7643 0.146272 0.146272 1 2 0
24.5643 0.145948 0.145948 1 2 0
24.3643 0.145627 0.145627 1 2 0
24.1643 0.14531 0.14531 1 2 0
23.9643 0.144996 0.144996 1 2 0
23.7643 0.144686 0.144686 1 2 0
23.5643 0.144379 0.144379 1 2 0
23.3643 0.144075 0.144075 1 2 0
23.1643 0.143775 0.143775 1 2 0
22.9643 0.143477 0.143477 1 2 0
22.7643 0.143183 0.143183 1 2 0
22.5643 0.142892 0.142892 1 2 0
22.3643 0.142604 0.142604 1 2 0
22.1643 0.142319 0.142319 1 2 0
21.9643 0.142037 0.142037 1 2 0
21.7643 0.141758 0.141758 1 2 0
21.5643 0.141482 0.141482 1 2 0
21.3643 0.141209 0.141209 1 2 0
21.1643 0.140939 0.140939 1 2 0
20.9643 0.140671 0.140671 1 2 0
20.7643 0.140406 0.140406 1 2 0
20.5643 0.140144 0.140144 1 2 0
20.3643 0.139884 0.139884 1 2 0
20.1643 0.139628 0.139628 1 2 0
19.9643 0.139373 0.139373 1 2 0
19.7643 0.139122 0.139122 1 2 0
19.5643 0.138873 0.138873 1 2 0
19.3643 0.138626 0.138626 1 2 0
19.1643 0.138382 0.138382 1 2 0
18.9643 0.13814 0.13814 1 2 0
18.7644 0.137901 0.137901 1 2 0
18.5644 0.137664 0.137664 1 2 0
18.3644 0.137429 0.137429 1 2 0
18.1644 0.137197 0.137197 1 2 0
17.9644 0.136967 0.136967 1 2 0
17.7644 0.136739 0.136739 1 2 0
17.5644 0.136513 0.136513 1 2 0
17.3644 0.13629 0.13629 1 2 0
17.1644 0.136069 0.136069 1 2 0
16.9644 0.135849 0.135849 1 2 0
16.7644 0.135632 0.135632 1 2 0
16.5644 0.135417 0.135417 1 2 0
16.3644 0.135205 0.135205 1 2 0
16.1644 0.134994 0.134994 1 2 0
15.9644 0.134785 0.134785 1 2 0
15.7644 0.134578 0.134578 1 2 0
15.5644 0.134373 0.134373 1 2 0
15.3644 0.13417 0.13417 1 2 0
15.1644 0.133969 0.133969 1 2 0
14.9644 0.133769 0.133769 1 2 0
14.7644 0.133572 0.133572 1 2 0
14.5644 0.133376 0.133376 1 2 0
14.3644 0.133182 0.133182 1 2 0
14.1644 0.13299 0.13299 1 2 0
13.9644 0.1328 0.1328 1 2 0
13.7644 0.132611 0.132611 1 2 0
13.5644 0.132424 0.132424 1 2 0
13.3644 0.132239 0.132239 1 2 0
13.1644 0.132056 0.132056 1 2 0
12.9644 0.131874 0.131874 1 2 0
12.7644 0.131693 0.131693 1 2 0
12.5644 0.131515 0.131515 1 2 0
12.3644 0.131338 0.131338 1 2 0
12.1644 0.131162 0.131162 1 2 0
11.9644 0.130988 0.130988 1 2 0
11.7644 0.130816 0.130816 1 2 0
11.5644 0.130645 0.130645 1 2 0
11.3644 0.130475 0.130475 1 2 0
11.1644 0.130307 0.130307 1 2 0
10.9644 0.130141 0.130141 1 2 0
10.7644 0.129976 0.129976 1 2 0
10.5644 0.129812 0.129812 1 2 0
10.3644 0.12965 0.12965 1 2 0
10.1644 0.129489 0.129489 1 2 0
9.96442 0.129329 0.129329 1 2 0
9.76442 0.129171 0.129171 1 2 0
9.56442 0.129014 0.129014 1 2 0
9.36442 0.128859 0.128859 1 2 0
9.16442 0.128705 0.128705 1 2 0
8.96443 0.128552 0.128552 1 2 0
8.76443 0.1284 0.1284 1 2 0
8.56443 0.128249 0.128249 1 2 0
8.36443 0.1281 0.1281 1 2 0
8.16443 0.127952 0.127952 1 2 0
7.96443 0.127806 0.127806 1 2 0
7.76443 0.12766 0.12766 1 2 0
7.56443 0.127516 0.127516 1 2 0
7.36443 0.127373 0.127373 1 2 0
7.16443 0.12723 0.12723 1 2 0
6.96444 0.12709 0.12709 1 2 0
6.76444 0.12695 0.12695 1 2 0
6.56444 0.126811 0.126811 1 2 0
6.36444 0.126674 0.126674 1 2 0
6.16444 0.126537 0.126537 1 2 0
5.96444 0.126402 0.126402 1 2 0
5.76444 0.126268 0.126268 1 2 0
5.56444 0.126134 0.126134 1 2 0
5.36444 0.126002 0.126002 1 2 0
5.16444 0.125871 0.125871 1 2 0
4.96444 0.125741 0.125741 1 2 0
4.76445 0.125612 0.125612 1 2 0
4.56445 0.125484 0.125484 1 2 0
4.36445 0.125356 0.125356 1 2 0
4.16445 0.12523 0.12523 1 2 0
3.96445 0.125105 0.125105 1 2 0
3.76445 0.124981 0.124981 1 2 0
3.56445 0.124857 0.124857 1 2 0
3.36445 0.124735 0.124735 1 2 0
3.16445 0.124614 0.124614 1 2 0
2.96445 0.124493 0.124493 1 2 0
2.76445 0.124373 0.124373 1 2 0
2.56445 0.124255 0.124255 1 2 0
2.36445 0.124137 0.124137 1 2 0
2.16446 0.12402 0.12402 1 2 0
1.96446 0.123904 0.123904 1 2 0
1.76446 0.123788 0.123788 1 2 0
1.56446 0.123674 0.123674 1 2 0
1.36446 0.12356 0.12356 1 2 0
1.16446 0.123448 0.123448 1 2 0
0.96446 0.123336 0.123336 1 2 0
0.76446 0.123224 0.123224 1 2 0
0.564461 0.123114 0.123114 1 2 0
0.364461 0.123005 0.123005 1 2 0
0.164462 0.122896 0.122896 1 2 0
-0.0355372 0.122788 0.122788 1 2 0
15.8501 0.285714 0.285714 2 3 0
15.8101 0.285714 0.285714 2 3 0
15.7701 0.285714 0.285714 2 3 0
15.6901 0.285714 0.285714 2 3 0
15.5301 0.285714 0.285714 2 3 0
15.3301 0.285714 0.285714 2 3 0
15.1301 0.285714 0.285714 2 3 0
14.9301 0.285714 0.285714 2 3 0
14.7301 0.285714 0.285714 2 3 0
14.5301 0.285714 0.285714 2 3 0
14.3301 0.285714 0.285714 2 3 0
14.1301 0.285714 0.285714 2 3 0
13.9301 0.285714 0.285714 2 3 0
13.7301 0.285714 0.285714 2 3 0
13.5302 0.285714 0.285714 2 3 0
13.3302 0.285714 0.285714 2 3 0
13.1302 0.285714 0.285714 2 3 0
12.9302 0.285714 0.285714 2 3 0
12.7302 0.285714 0.285714 2 3 0
12.5302 0.285714 0.285714 2 3 0
12.3302 0.285714 0.285714 2 3 0
12.1302 0.285714 0.285714 2 3 0
11.9302 0.285714 0.285714 2 3 0
11.7302 0.285714 0.285714 2 3 0
11.5302 0.285714 0.285714 2 3 0
11.3302 0.285714 0.285714 2 3 0
11.1302 0.285714 0.285714 2 3 0
10.9302 0.285714 0.285714 2 3 0
10.7303 0.285714 0.285714 2 3 0
10.5303 0.285714 0.285714 2 3 0
10.3303 0.285714 0.285714 2 3 0
10.1303 0.285714 0.285714 2 3 0
9.93029 0.285714 0.285714 2 3 0
9.7303 0.285714 0.285714 2 3 0
9.53031 0.285714 0.285714 2 3 0
9.33032 0.285714 0.285714 2 3 0
9.13033 0.285714 0.285714 2 3 0
8.93033 0.285714 0.285714 2 3 0
8.73034 0.285714 0.285714 2 3 0
8.53035 0.285714 0.285714 2 3 0
8.33036 0.285714 0.285714 2 3 0
8.13037 0.285714 0.285714 2 3 0
7.93038 0.285714 0.285714 2 3 0
7.73039 0.285714 0.285714 2 3 0
7.5304 0.285714 0.285714 2 3 0
7.33041 0.285714 0.285714 2 3 0
7.13042 0.285714 0.285714 2 3 0
6.93043 0.285714 0.285714 2 3 0
6.73045 0.285714 0.285714 2 3 0
6.53046 0.285714 0.285714 2 3 0
6.33047 0.285714 0.285714 2 3 0
6.13048 0.285714 0.285714 2 3 0
5.93049 0.285714 0.285714 2 3 0
5.7305 0.285714 0.285714 2 3 0
5.53052 0.285714 0.285714 2 3 0
5.33053 0.285714 0.285714 2 3 0
5.13054 0.285714 0.285714 2 3 0
4.93055 0.285714 0.285714 2 3 0
4.73057 0.285714 0.285714 2 3 0
4.53058 0.285714 0.285714 2 3 0
4.33059 0.285714 0.285714 2 3 0
4.13061 0.285714 0.285714 2 3 0
3.93062 0.285714 0.285714 2 3 0
3.73063 0.285714 0.285714 2 3 0
3.53065 0.285714 0.285714 2 3 0
3.33066 0.285714 0.285714 2 3 0
3.13068 0.285714 0.285714 2 3 0
2.93069 0.285714 0.285714 2 3 0
2.73071 0.285714 0.285714 2 3 0
2.53072 0.285714 0.285714 2 3 0
2.33074 0.285714 0.285714 2 3 0
2.13075 0.285714 0.285714 2 3 0
1.93077 0.285714 0.285714 2 3 0
1.73079 0.285714 0.285714 2 3 0
1.5308 0.285714 0.285714 2 3 0
1.33082 0.285714 0.285714 2 3 0
1.13084 0.285714 0.285714 2 3 0
0.930855 0.285714 0.285714 2 3 0
0.730873 0.285714 0.285714 2 3 0
0.530891 0.285714 0.285714 2 3 0
0.33091 0.285714 0.285714 2 3 0
0.130928 0.285714 0.285714 2 3 0
-0.0690528 0.285714 0.285714 2 3 0
229.063 0.997023 0.997023 2 2 0
229.103 0.997027 0.997027 2 2 0
229.143 0.997031 0.997031 2 2 0
229.223 0.99704 0.99704 2 2 0
229.383 0.997058 0.997058 2 2 0
229.583 0.997079 0.997079 2 2 0
229.783 0.997101 0.997101 2 2 0
229.983 0.997122 0.997122 2 2 0
230.183 0.997143 0.997143 2 2 0
230.383 0.997164 0.997164 2 2 0
230.583 0.997185 0.997185 2 2 0
230.783 0.997206 0.997206 2 2 0
230.983 0.997227 0.997227 2 2 0
231.183 0.997247 0.997247 2 2 0
231.383 0.997267 0.997267 2 2 0
231.583 0.997287 0.997287 2 2 0
231.783 0.997307 0.997307 2 2 0
231.983 0.997327 0.997327 2 2 0
232.183 0.997347 0.997347 2 2 0
232.383 0.997366 0.997366 2 2 0
232.583 0.997386 0.997386 2 2 0
232.783 0.997405 0.997405 2 2 0
232.983 0.997424 0.997424 2 2 0
233.183 0.997443 0.997443 2 2 0
233.383 0.997462 0.997462 2 2 0
233.583 0.997481 0.997481 2 2 0
233.783 0.997499 0.997499 2 2 0
233.983 0.997518 0.997518 2 2 0
234.183 0.997536 0.997536 2 2 0
234.383 0.997554 0.997554 2 2 0
234.583 0.997572 0.997572 2 2 0
234.783 0.99759 0.99759 2 2 0
234.983 0.997608 0.997608 2 2 0
235.183 0.997625 0.997625 2 2 0
235.383 0.997643 0.997643 2 2 0
235.583 0.99766 0.99766 2 2 0
235.783 0.997678 0.997678 2 2 0
235.983 0.997695 0.997695 2 2 0
236.183 0.997712 0.997712 2 2 0
236.383 0.997728 0.997728 2 2 0
236.583 0.997745 0.997745 2 2 0
236.783 0.997762 0.997762 2 2 0
236.983 0.997778 0.997778 2 2 0
237.183 0.997795 0.997795 2 2 0
237.383 0.997811 0.997811 2 2 0
237.583 0.997827 0.997827 2 2 0
237.783 0.997843 0.997843 2 2 0
237.983 0.997859 0.997859 2 2 0
238.183 0.997875 0.997875 2 2 0
238.383 0.99789 0.99789 2 2 0
238.583 0.997906 0.997906 2 2 0
238.783 0.997921 0.997921 2 2 0
238.983 0.997937 0.997937 2 2 0
239.183 0.997952 0.997952 2 2 0
239.383 0.997967 0.997967 2 2 0
239.583 0.997982 0.997982 2 2 0
239.783 0.997997 0.997997 2 2 0
239.983 0.998012 0.998012 2 2 0
240.183 0.998026 0.998026 2 2 0
240.383 0.998041 0.998041 2 2 0
240.583 0.998055 0.998055 2 2 0
240.783 0.99807 0.99807 2 2 0
240.983 0.998084 0.998084 2 2 0
241.183 0.998098 0.998098 2 2 0
241.383 0.998112 0.998112 2 2 0
241.583 0.998126 0.998126 2 2 0
241.783 0.99814 0.99814 2 2 0
241.983 0.998153 0.998153 2 2 0
242.183 0.998167 0.998167 2 2 0
242.383 0.99818 0.99818 2 2 0
242.583 0.998194 0.998194 2 2 0
242.783 0.998207 0.998207 2 2 0
242.983 0.99822 0.99822 2 2 0
243.183 0.998234 0.998234 2 2 0
243.383 0.998247 0.998247 2 2 0
243.583 0.998259 0.998259 2 2 0
243.783 0.998272 0.998272 2 2 0
243.983 0.998285 0.998285 2 2 0
244.183 0.998298 0.998298 2 2 0
244.383 0.99831 0.99831 2 2 0
244.583 0.998323 0.998323 2 2 0
244.783 0.998335 0.998335 2 2 0
244.983 0.998347 0.998347 2 2 0
245.183 0.998359 0.998359 2 2 0
245.383 0.998372 0.998372 2 2 0
245.583 0.998384 0.998384 2 2 0
245.783 0.998395 0.998395 2 2 0
245.983 0.998407 0.998407 2 2 0
246.183 0.998419 0.998419 2 2 0
246.383 0.998431 0.998431 2 2 0
246.583 0.998442 0.998442 2 2 0
246.783 0.998454 0.998454 2 2 0
246.983 0.998465 0.998465 2 2 0
247.183 0.998476 0.998476 2 2 0
247.383 0.998488 0.998488 2 2 0
247.583 0.998499 0.998499 2 2 0
247.783 0.99851 0.99851 2 2 0
247.983 0.998521 0.998521 2 2 0
248.183 0.998532 0.998532 2 2 0
248.383 0.998543 0.998543 2 2 0
248.583 0.998553 0.998553 2 2 0
248.783 0.998564 0.998564 2 2 0
248.983 0.998575 0.998575 2 2 0
249.183 0.998585 0.998585 2 2 0
249.383 0.998596 0.998596 2 2 0
249.583 0.998606 0.998606 2 2 0
249.783 0.998616 0.998616 2 2 0
249.983 0.998626 0.998626 2 2 0
250.183 0.998636 0.998636 2 2 0
250.383 0.998647 0.998647 2 2 0
250.583 0.998656 0.998656 2 2 0
250.783 0.998666 0.998666 2 2 0
250.983 0.998676 0.998676 2 2 0
251.183 0.998686 0.998686 2 2 0
251.383 0.998696 0.998696 2 2 0
251.583 0.998705 0.998705 2 2 0
251.783 0.998715 0.998715 2 2 0
251.983 0.998724 0.998724 2 2 0
252.183 0.998734 0.998734 2 2 0
252.383 0.998743 0.998743 2 2 0
252.583 0.998752 0.998752 2 2 0
252.783 0.998761 0.998761 2 2 0
252.983 0.998771 0.998771 2 2 0
253.183 0.99878 0.99878 2 2 0
253.383 0.998789 0.998789 2 2 0
253.583 0.998798 0.998798 2 2 0
253.783 0.998806 0.998806 2 2 0
253.983 0.998815 0.998815 2 2 0
254.183 0.998824 0.998824 2 2 0
254.383 0.998833 0.998833 2 2 0
254.583 0.998841 0.998841 2 2 0
254.783 0.99885 0.99885 2 2 0
254.983 0.998858 0.998858 2 2 0
255.183 0.998867 0.998867 2 2 0
255.383 0.998875 0.998875 2 2 0
255.583 0.998883 0.998883 2 2 0
255.783 0.998892 0.998892 2 2 0
255.983 0.9989 0.9989 2 2 0
256.183 0.998908 0.998908 2 2 0
256.383 0.998916 0.998916 2 2 0
256.583 0.998924 0.998924 2 2 0
256.783 0.998932 0.998932 2 2 0
256.983 0.99894 0.99894 2 2 0
257.183 0.998948 0.998948 2 2 0
257.383 0.998955 0.998955 2 2 0
257.583 0.998963 0.998963 2 2 0
257.783 0.998971 0.998971 2 2 0
257.983 0.998978 0.998978 2 2 0
258.183 0.998986 0.998986 2 2 0
258.383 0.998993 0.998993 2 2 0
258.583 0.999001 0.999001 2 2 0
258.783 0.999008 0.999008 2 2 0
258.983 0.999015 0.999015 2 2 0
259.183 0.999023 0.999023 2 2 0
259.383 0.99903 0.99903 2 2 0
259.583 0.999037 0.999037 2 2 0
259.783 0.999044 0.999044 2 2 0
259.983 0.999051 0.999051 2 2 0
260.183 0.999058 0.999058 2 2 0
260.383 0.999065 0.999065 2 2 0
260.583 0.999072 0.999072 2 2 0
260.783 0.999079 0.999079 2 2 0
260.983 0.999086 0.999086 2 2 0
261.183 0.999092 0.999092 2 2 0
261.383 0.999099 0.999099 2 2 0
261.583 0.999106 0.999106 2 2 0
261.783 0.999112 0.999112 2 2 0
261.983 0.999119 0.999119 2 2 0
262.183 0.999125 0.999125 2 2 0
262.383 0.999132 0.999132 2 2 0
262.583 0.999138 0.999138 2 2 0
262.783 0.999144 0.999144 2 2 0
262.983 0.999151 0.999151 2 2 0
263.183 0.999157 0.999157 2 2 0
263.383 0.999163 0.999163 2 2 0
263.583 0.999169 0.999169 2 2 0
263.783 0.999176 0.999176 2 2 0
263.983 0.999182 0.999182 2 2 0
264.183 0.999188 0.999188 2 2 0
264.383 0.999194 0.999194 2 2 0
264.583 0.9992 0.9992 2 2 0
264.783 0.999205 0.999205 2 2 0
264.983 0.999211 0.999211 2 2 0
265.183 0.999217 0.999217 2 2 0
265.383 0.999223 0.999223 2 2 0
265.583 0.999229 0.999229 2 2 0
265.783 0.999234 0.999234 2 2 0
265.983 0.99924 0.99924 2 2 0
266.183 0.999246 0.999246 2 2 0
266.383 0.999251 0.999251 2 2 0
266.583 0.999257 0.999257 2 2 0
266.783 0.999262 0.999262 2 2 0
266.983 0.999268 0.999268 2 2 0
267.183 0.999273 0.999273 2 2 0
267.383 0.999278 0.999278 2 2 0
267.583 0.999284 0.999284 2 2 0
267.783 0.999289 0.999289 2 2 0
267.983 0.999294 0.999294 2 2 0
268.183 0.999299 0.999299 2 2 0
268.383 0.999305 0.999305 2 2 0
268.383 0.999305 0.999305 2 2 0
268.423 0.999306 0.999306 2 2 0
268.463 0.999307 0.999307 2 2 0
268.543 0.999309 0.999309 2 2 0
268.703 0.999313 0.999313 2 2 0
268.903 0.999318 0.999318 2 2 0
269.103 0.999323 0.999323 2 2 0
269.303 0.999328 0.999328 2 2 0
269.503 0.999333 0.999333 2 2 0
269.703 0.999338 0.999338 2 2 0
269.903 0.999343 0.999343 2 2 0
270.103 0.999347 0.999347 2 2 0
270.303 0.999352 0.999352 2 2 0
270.503 0.999357 0.999357 2 2 0
270.703 0.999362 0.999362 2 2 0
270.903 0.999366 0.999366 2 2 0
271.103 0.999371 0.999371 2 2 0
271.303 0.999376 0.999376 2 2 0
271.503 0.99938 0.99938 2 2 0
271.703 0.999385 0.999385 2 2 0
271.903 0.999389 0.999389 2 2 0
272.103 0.999394 0.999394 2 2 0
272.303 0.999398 0.999398 2 2 0
272.503 0.999403 0.999403 2 2 0
272.703 0.999407 0.999407 2 2 0
272.903 0.999412 0.999412 2 2 0
273.103 0.999416 0.999416 2 2 0
273.303 0.99942 0.99942 2 2 0
273.503 0.999425 0.999425 2 2 0
273.703 0.999429 0.999429 2 2 0
273.903 0.999433 0.999433 2 2 0
274.103 0.999437 0.999437 2 2 0
274.303 0.999441 0.999441 2 2 0
274.503 0.999445 0.999445 2 2 0
274.703 0.99945 0.99945 2 2 0
274.903 0.999454 0.999454 2 2 0
275.103 0.999458 0.999458 2 2 0
275.303 0.999462 0.999462 2 2 0
275.503 0.999466 0.999466 2 2 0
275.703 0.99947 0.99947 2 2 0
275.903 0.999473 0.999473 2 2 0
276.103 0.999477 0.999477 2 2 0
276.303 0.999481 0.999481 2 2 0
276.503 0.999485 0.999485 2 2 0
276.703 0.999489 0.999489 2 2 0
276.903 0.999493 0.999493 2 2 0
277.103 0.999496 0.999496 2 2 0
277.303 0.9995 0.9995 2 2 0
277.503 0.999504 0.999504 2 2 0
277.703 0.999507 0.999507 2 2 0
277.903 0.999511 0.999511 2 2 0
278.103 0.999515 0.999515 2 2 0
278.303 0.999518 0.999518 2 2 0
278.503 0.999522 0.999522 2 2 0
278.703 0.999525 0.999525 2 2 0
278.903 0.999529 0.999529 2 2 0
279.103 0.999532 0.999532 2 2 0
279.303 0.999536 0.999536 2 2 0
279.503 0.999539 0.999539 2 2 0
279.703 0.999543 0.999543 2 2 0
279.903 0.999546 0.999546 2 2 0
280.103 0.999549 0.999549 2 2 0
280.303 0.999553 0.999553 2 2 0
280.503 0.999556 0.999556 2 2 0
280.703 0.999559 0.999559 2 2 0
280.903 0.999562 0.999562 2 2 0
281.103 0.999566 0.999566 2 2 0
281.303 0.999569 0.999569 2 2 0
281.503 0.999572 0.999572 2 2 0
281.703 0.999575 0.999575 2 2 0
281.903 0.999578 0.999578 2 2 0
282.103 0.999581 0.999581 2 2 0
282.303 0.999584 0.999584 2 2 0
282.503 0.999588 0.999588 2 2 0
282.703 0.999591 0.999591 2 2 0
282.903 0.999594 0.999594 2 2 0
283.103 0.999597 0.999597 2 2 0
283.303 0.9996 0.9996 2 2 0
283.503 0.999603 0.999603 2 2 0
283.703 0.999605 0.999605 2 2 0
283.903 0.999608 0.999608 2 2 0
284.103 0.999611 0.999611 2 2 0
284.303 0.999614 0.999614 2 2 0
284.503 0.999617 0.999617 2 2 0
284.703 0.99962 0.99962 2 2 0
284.903 0.999623 0.999623 2 2 0
285.103 0.999625 0.999625 2 2 0
285.303 0.999628 0.999628 2 2 0
285.503 0.999631 0.999631 2 2 0
285.703 0.999634 0.999634 2 2 0
285.903 0.999636 0.999636 2 2 0
286.103 0.999639 0.999639 2 2 0
286.303 0.999642 0.999642 2 2 0
286.503 0.999644 0.999644 2 2 0
286.703 0.999647 0.999647 2 2 0
286.903 0.999649 0.999649 2 2 0
287.103 0.999652 0.999652 2 2 0
287.303 0.999655 0.999655 2 2 0
287.503 0.999657 0.999657 2 2 0
287.703 0.99966 0.99966 2 2 0
287.903 0.999662 0.999662 2 2 0
288.103 0.999665 0.999665 2 2 0
288.303 0.999667 0.999667 2 2 0
288.503 0.99967 0.99967 2 2 0
288.703 0.999672 0.999672 2 2 0
288.903 0.999674 0.999674 2 2 0
289.103 0.999677 0.999677 2 2 0
289.303 0.999679 0.999679 2 2 0
289.503 0.999682 0.999682 2 2 0
289.703 0.999684 0.999684 2 2 0
289.903 0.999686 0.999686 2 2 0
290.103 0.999689 0.999689 2 2 0
290.303 0.999691 0.999691 2 2 0
290.503 0.999693 0.999693 2 2 0
290.703 0.999695 0.999695 2 2 0
290.903 0.999698 0.999698 2 2 0
291.103 0.9997 0.9997 2 2 0
291.303 0.999702 0.999702 2 2 0
291.503 0.999704 0.999704 2 2 0
291.703 0.999707 0.999707 2 2 0
291.903 0.999709 0.999709 2 2 0
292.103 0.999711 0.999711 2 2 0
292.303 0.999713 0.999713 2 2 0
292.503 0.999715 0.999715 2 2 0
292.703 0.999717 0.999717 2 2 0
292.903 0.999719 0.999719 2 2 0
293.103 0.999721 0.999721 2 2 0
293.303 0.999723 0.999723 2 2 0
293.503 0.999725 0.999725 2 2 0
293.703 0.999727 0.999727 2 2 0
293.903 0.999729 0.999729 2 2 0
294.103 0.999731 0.999731 2 2 0
294.303 0.999733 0.999733 2 2 0
294.503 0.999735 0.999735 2 2 0
294.703 0.999737 0.999737 2 2 0
294.903 0.999739 0.999739 2 2 0
295.103 0.999741 0.999741 2 2 0
295.303 0.999743 0.999743 2 2 0
295.503 0.999745 0.999745 2 2 0
295.703 0.999747 0.999747 2 2 0
295.903 0.999749 0.999749 2 2 0
296.103 0.999751 0.999751 2 2 0
296.303 0.999752 0.999752 2 2 0
296.503 0.999754 0.999754 2 2 0
296.703 0.999756 0.999756 2 2 0
296.903 0.999758 0.999758 2 2 0
297.103 0.99976 0.99976 2 2 0
297.303 0.999761 0.999761 2 2 0
297.503 0.999763 0.999763 2 2 0
297.703 0.999765 0.999765 2 2 0
297.903 0.999767 0.999767 2 2 0
298.103 0.999768 0.999768 2 2 0
298.303 0.99977 0.99977 2 2 0
298.503 0.999772 0.999772 2 2 0
298.703 0.999773 0.999773 2 2 0
298.903 0.999775 0.999775 2 2 0
299.103 0.999777 0.999777 2 2 0
299.303 0.999778 0.999778 2 2 0
299.503 0.99978 0.99978 2 2 0
299.703 0.999782 0.999782 2 2 0
299.903 0.999783 0.999783 2 2 0
300.103 0.999785 0.999785 2 2 0
300.303 0.999787 0.999787 2 2 0
300.503 0.999788 0.999788 2 2 0
300.703 0.99979 0.99979 2 2 0
300.903 0.999791 0.999791 2 2 0
301.103 0.999793 0.999793 2 2 0
301.303 0.999794 0.999794 2 2 0
301.503 0.999796 0.999796 2 2 0
301.703 0.999797 0.999797 2 2 0
301.903 0.999799 0.999799 2 2 0
302.103 0.9998 0.9998 2 2 0
302.303 0.999802 0.999802 2 2 0
302.503 0.999803 0.999803 2 2 0
302.703 0.999805 0.999805 2 2 0
302.903 0.999806 0.999806 2 2 0
303.103 0.999808 0.999808 2 2 0
303.303 0.999809 0.999809 2 2 0
303.503 0.99981 0.99981 2 2 0
303.703 0.999812 0.999812 2 2 0
303.903 0.999813 0.999813 2 2 0
304.103 0.999815 0.999815 2 2 0
304.303 0.999816 0.999816 2 2 0
304.503 0.999817 0.999817 2 2 0
304.703 0.999819 0.999819 2 2 0
304.903 0.99982 0.99982 2 2 0
305.103 0.999821 0.999821 2 2 0
305.303 0.999823 0.999823 2 2 0
305.503 0.999824 0.999824 2 2 0
305.703 0.999825 0.999825 2 2 0
305.903 0.999826 0.999826 2 2 0
306.103 0.999828 0.999828 2 2 0
306.303 0.999829 0.999829 2 2 0
306.503 0.99983 0.99983 2 2 0
306.703 0.999832 0.999832 2 2 0
306.903 0.999833 0.999833 2 2 0
307.103 0.999834 0.999834 2 2 0
307.303 0.999835 0.999835 2 2 0
307.503 0.999836 0.999836 2 2 0
307.703 0.999838 0.999838 2 2 0
307.703 0.999838 0.999838 2 2 0
307.743 0.999838 0.999838 2 2 0
307.783 0.999838 0.999838 2 2 0
307.863 0.999839 0.999839 2 2 0
308.023 0.99984 0.99984 2 2 0
308.223 0.999841 0.999841 2 2 0
308.423 0.999842 0.999842 2 2 0
308.623 0.999843 0.999843 2 2 0
308.823 0.999844 0.999844 2 2 0
309.023 0.999845 0.999845 2 2 0
309.223 0.999847 0.999847 2 2 0
309.423 0.999848 0.999848 2 2 0
309.623 0.999849 0.999849 2 2 0
309.823 0.99985 0.99985 2 2 0
310.023 0.999851 0.999851 2 2 0
310.223 0.999852 0.999852 2 2 0
310.423 0.999853 0.999853 2 2 0
310.623 0.999854 0.999854 2 2 0
310.823 0.999855 0.999855 2 2 0
311.023 0.999856 0.999856 2 2 0
311.223 0.999857 0.999857 2 2 0
311.423 0.999859 0.999859 2 2 0
311.623 0.99986 0.99986 2 2 0
311.823 0.999861 0.999861 2 2 0
312.023 0.999862 0.999862 2 2 0
312.223 0.999863 0.999863 2 2 0
312.423 0.999864 0.999864 2 2 0
312.623 0.999865 0.999865 2 2 0
312.823 0.999866 0.999866 2 2 0
313.023 0.999867 0.999867 2 2 0
313.223 0.999868 0.999868 2 2 0
313.423 0.999869 0.999869 2 2 0
313.623 0.99987 0.99987 2 2 0
313.823 0.999871 0.999871 2 2 0
314.023 0.999871 0.999871 2 2 0
314.223 0.999872 0.999872 2 2 0
314.423 0.999873 0.999873 2 2 0
314.623 0.999874 0.999874 2 2 0
314.823 0.999875 0.999875 2 2 0
315.023 0.999876 0.999876 2 2 0
315.223 0.999877 0.999877 2 2 0
315.423 0.999878 0.999878 2 2 0
315.623 0.999879 0.999879 2 2 0
315.823 0.99988 0.99988 2 2 0
316.023 0.999881 0.999881 2 2 0
316.223 0.999882 0.999882 2 2 0
316.423 0.999882 0.999882 2 2 0
316.623 0.999883 0.999883 2 2 0
316.823 0.999884 0.999884 2 2 0
317.023 0.999885 0.999885 2 2 0
317.223 0.999886 0.999886 2 2 0
317.423 0.999887 0.999887 2 2 0
317.623 0.999888 0.999888 2 2 0
317.823 0.999888 0.999888 2 2 0
318.023 0.999889 0.999889 2 2 0
318.223 0.99989 0.99989 2 2 0
318.423 0.999891 0.999891 2 2 0
318.623 0.999892 0.999892 2 2 0
318.823 0.999892 0.999892 2 2 0
319.023 0.999893 0.999893 2 2 0
319.223 0.999894 0.999894 2 2 0
319.423 0.999895 0.999895 2 2 0
319.623 0.999896 0.999896 2 2 0
319.823 0.999896 0.999896 2 2 0
320.023 0.999897 0.999897 2 2 0
320.223 0.999898 0.999898 2 2 0
320.423 0.999899 0.999899 2 2 0
320.623 0.999899 0.999899 2 2 0
320.823 0.9999 0.9999 2 2 0
321.023 0.999901 0.999901 2 2 0
321.223 0.999902 0.999902 2 2 0
321.423 0.999902 0.999902 2 2 0
321.623 0.999903 0.999903 2 2 0
321.823 0.999904 0.999904 2 2 0
322.023 0.999904 0.999904 2 2 0
322.223 0.999905 0.999905 2 2 0
322.423 0.999906 0.999906 2 2 0
322.623 0.999907 0.999907 2 2 0
322.823 0.999907 0.999907 2 2 0
323.023 0.999908 0.999908 2 2 0
323.223 0.999909 0.999909 2 2 0
323.423 0.999909 0.999909 2 2 0
323.623 0.99991 0.99991 2 2 0
323.823 0.999911 0.999911 2 2 0
324.023 0.999911 0.999911 2 2 0
324.223 0.999912 0.999912 2 2 0
324.423 0.999913 0.999913 2 2 0
324.623 0.999913 0.999913 2 2 0
324.823 0.999914 0.999914 2 2 0
325.023 0.999914 0.999914 2 2 0
325.223 0.999915 0.999915 2 2 0
325.423 0.999916 0.999916 2 2 0
325.623 0.999916 0.999916 2 2 0
325.823 0.999917 0.999917 2 2 0
326.023 0.999918 0.999918 2 2 0
326.223 0.999918 0.999918 2 2 0
326.423 0.999919 0.999919 2 2 0
326.623 0.999919 0.999919 2 2 0
326.823 0.99992 0.99992 2 2 0
327.023 0.999921 0.999921 2 2 0
327.223 0.999921 0.999921 2 2 0
327.423 0.999922 0.999922 2 2 0
327.623 0.999922 0.999922 2 2 0
327.823 0.999923 0.999923 2 2 0
328.023 0.999923 0.999923 2 2 0
328.223 0.999924 0.999924 2 2 0
328.423 0.999925 0.999925 2 2 0
328.623 0.999925 0.999925 2 2 0
328.823 0.999926 0.999926 2 2 0
329.023 0.999926 0.999926 2 2 0
329.223 0.999927 0.999927 2 2 0
329.423 0.999927 0.999927 2 2 0
329.623 0.999928 0.999928 2 2 0
329.823 0.999928 0.999928 2 2 0
330.023 0.999929 0.999929 2 2 0
330.223 0.999929 0.999929 2 2 0
330.423 0.99993 0.99993 2 2 0
330.623 0.99993 0.99993 2 2 0
330.823 0.999931 0.999931 2 2 0
331.023 0.999931 0.999931 2 2 0
331.223 0.999932 0.999932 2 2 0
331.423 0.999932 0.999932 2 2 0
331.623 0.999933 0.999933 2 2 0
331.823 0.999933 0.999933 2 2 0
332.023 0.999934 0.999934 2 2 0
332.223 0.999934 0.999934 2 2 0
332.423 0.999935 0.999935 2 2 0
332.623 0.999935 0.999935 2 2 0
332.823 0.999936 0.999936 2 2 0
333.023 0.999936 0.999936 2 2 0
333.223 0.999937 0.999937 2 2 0
333.423 0.999937 0.999937 2 2 0
333.623 0.999938 0.999938 2 2 0
333.823 0.999938 0.999938 2 2 0
334.023 0.999939 0.999939 2 2 0
334.223 0.999939 0.999939 2 2 0
334.423 0.99994 0.99994 2 2 0
334.623 0.99994 0.99994 2 2 0
334.823 0.99994 0.99994 2 2 0
335.023 0.999941 0.999941 2 2 0
335.223 0.999941 0.999941 2 2 0
335.423 0.999942 0.999942 2 2 0
335.623 0.999942 0.999942 2 2 0
335.823 0.999943 0.999943 2 2 0
336.023 0.999943 0.999943 2 2 0
336.223 0.999943 0.999943 2 2 0
336.423 0.999944 0.999944 2 2 0
336.623 0.999944 0.999944 2 2 0
336.823 0.999945 0.999945 2 2 0
337.023 0.999945 0.999945 2 2 0
337.223 0.999946 0.999946 2 2 0
337.423 0.999946 0.999946 2 2 0
337.623 0.999946 0.999946 2 2 0
337.823 0.999947 0.999947 2 2 0
338.023 0.999947 0.999947 2 2 0
338.223 0.999948 0.999948 2 2 0
338.423 0.999948 0.999948 2 2 0
338.623 0.999948 0.999948 2 2 0
338.823 0.999949 0.999949 2 2 0
339.023 0.999949 0.999949 2 2 0
339.223 0.999949 0.999949 2 2 0
339.423 0.99995 0.99995 2 2 0
339.623 0.99995 0.99995 2 2 0
339.823 0.999951 0.999951 2 2 0
340.023 0.999951 0.999951 2 2 0
340.223 0.999951 0.999951 2 2 0
340.423 0.999952 0.999952 2 2 0
340.623 0.999952 0.999952 2 2 0
340.823 0.999952 0.999952 2 2 0
341.023 0.999953 0.999953 2 2 0
341.223 0.999953 0.999953 2 2 0
341.423 0.999953 0.999953 2 2 0
341.623 0.999954 0.999954 2 2 0
341.823 0.999954 0.999954 2 2 0
342.023 0.999954 0.999954 2 2 0
342.223 0.999955 0.999955 2 2 0
342.423 0.999955 0.999955 2 2 0
342.623 0.999955 0.999955 2 2 0
342.823 0.999956 0.999956 2 2 0
343.023 0.999956 0.999956 2 2 0
343.223 0.999956 0.999956 2 2 0
343.423 0.999957 0.999957 2 2 0
343.623 0.999957 0.999957 2 2 0
343.823 0.999957 0.999957 2 2 0
344.023 0.999958 0.999958 2 2 0
344.223 0.999958 0.999958 2 2 0
344.423 0.999958 0.999958 2 2 0
344.623 0.999959 0.999959 2 2 0
344.823 0.999959 0.999959 2 2 0
345.023 0.999959 0.999959 2 2 0
345.223 0.999959 0.999959 2 2 0
345.423 0.99996 0.99996 2 2 0
345.623 0.99996 0.99996 2 2 0
345.823 0.99996 0.99996 2 2 0
346.023 0.999961 0.999961 2 2 0
346.223 0.999961 0.999961 2 2 0
346.423 0.999961 0.999961 2 2 0
346.623 0.999962 0.999962 2 2 0
346.823 0.999962 0.999962 2 2 0
347.023 0.999962 0.999962 2 2 0
347.023 0.999962 0.999962 2 2 0
347.063 0.999962 0.999962 2 2 0
347.103 0.999962 0.999962 2 2 0
347.183 0.999962 0.999962 2 2 0
347.343 0.999963 0.999963 2 2 0
347.543 0.999963 0.999963 2 2 0
347.743 0.999963 0.999963 2 2 0
347.943 0.999963 0.999963 2 2 0
348.143 0.999964 0.999964 2 2 0
348.343 0.999964 0.999964 2 2 0
348.543 0.999964 0.999964 2 2 0
348.743 0.999964 0.999964 2 2 0
348.943 0.999965 0.999965 2 2 0
349.143 0.999965 0.999965 2 2 0
349.343 0.999965 0.999965 2 2 0
349.543 0.999965 0.999965 2 2 0
349.743 0.999966 0.999966 2 2 0
349.943 0.999966 0.999966 2 2 0
350.143 0.999966 0.999966 2 2 0
350.343 0.999966 0.999966 2 2 0
350.543 0.999967 0.999967 2 2 0
350.743 0.999967 0.999967 2 2 0
350.943 0.999967 0.999967 2 2 0
351.143 0.999967 0.999967 2 2 0
351.343 0.999968 0.999968 2 2 0
351.543 0.999968 0.999968 2 2 0
351.743 0.999968 0.999968 2 2 0
351.943 0.999968 0.999968 2 2 0
352.143 0.999969 0.999969 2 2 0
352.343 0.999969 0.999969 2 2 0
352.543 0.999969 0.999969 2 2 0
352.743 0.999969 0.999969 2 2 0
352.943 0.99997 0.99997 2 2 0
353.143 0.99997 0.99997 2 2 0
353.343 0.99997 0.99997 2 2 0
353.543 0.99997 0.99997 2 2 0
353.743 0.99997 0.99997 2 2 0
353.943 0.999971 0.999971 2 2 0
354.143 0.999971 0.999971 2 2 0
354.343 0.999971 0.999971 2 2 0
354.543 0.999971 0.999971 2 2 0
354.743 0.999972 0.999972 2 2 0
354.943 0.999972 0.999972 2 2 0
355.143 0.999972 0.999972 2 2 0
355.343 0.999972 0.999972 2 2 0
355.543 0.999972 0.999972 2 2 0
355.743 0.999973 0.999973 2 2 0
355.943 0.999973 0.999973 2 2 0
356.143 0.999973 0.999973 2 2 0
356.343 0.999973 0.999973 2 2 0
356.543 0.999973 0.999973 2 2 0
356.743 0.999974 0.999974 2 2 0
356.943 0.999974 0.999974 2 2 0
357.143 0.999974 0.999974 2 2 0
357.343 0.999974 0.999974 2 2 0
357.543 0.999974 0.999974 2 2 0
357.743 0.999975 0.999975 2 2 0
357.943 0.999975 0.999975 2 2 0
358.143 0.999975 0.999975 2 2 0
358.343 0.999975 0.999975 2 2 0
358.543 0.999975 0.999975 2 2 0
358.743 0.999975 0.999975 2 2 0
358.943 0.999976 0.999976 2 2 0
359.143 0.999976 0.999976 2 2 0
359.343 0.999976 0.999976 2 2 0
359.543 0.999976 0.999976 2 2 0
359.743 0.999976 0.999976 2 2 0
359.943 0.999977 0.999977 2 2 0
360.143 0.999977 0.999977 2 2 0
360.343 0.999977 0.999977 2 2 0
360.543 0.999977 0.999977 2 2 0
360.743 0.999977 0.999977 2 2 0
360.943 0.999977 0.999977 2 2 0
361.143 0.999978 0.999978 2 2 0
361.343 0.999978 0.999978 2 2 0
361.543 0.999978 0.999978 2 2 0
361.743 0.999978 0.999978 2 2 0
361.943 0.999978 0.999978 2 2 0
362.143 0.999978 0.999978 2 2 0
362.343 0.999978 0.999978 2 2 0
362.543 0.999979 0.999979 2 2 0
362.743 0.999979 0.999979 2 2 0
362.943 0.999979 0.999979 2 2 0
363.143 0.999979 0.999979 2 2 0
363.343 0.999979 0.999979 2 2 0
363.543 0.999979 0.999979 2 2 0
363.743 0.99998 0.99998 2 2 0
363.943 0.99998 0.99998 2 2 0
364.143 0.99998 0.99998 2 2 0
364.343 0.99998 0.99998 2 2 0
364.543 0.99998 0.99998 2 2 0
364.743 0.99998 0.99998 2 2 0
364.943 0.99998 0.99998 2 2 0
365.143 0.999981 0.999981 2 2 0
365.343 0.999981 0.999981 2 2 0
365.543 0.999981 0.999981 2 2 0
365.743 0.999981 0.999981 2 2 0
365.943 0.999981 0.999981 2 2 0
366.143 0.999981 0.999981 2 2 0
366.343 0.999981 0.999981 2 2 0
366.543 0.999982 0.999982 2 2 0
366.743 0.999982 0.999982 2 2 0
366.943 0.999982 0.999982 2 2 0
367.143 0.999982 0.999982 2 2 0
367.343 0.999982 0.999982 2 2 0
367.543 0.999982 0.999982 2 2 0
367.743 0.999982 0.999982 2 2 0
367.943 0.999983 0.999983 2 2 0
368.143 0.999983 0.999983 2 2 0
368.343 0.999983 0.999983 2 2 0
368.543 0.999983 0.999983 2 2 0
368.743 0.999983 0.999983 2 2 0
368.943 0.999983 0.999983 2 2 0
369.143 0.999983 0.999983 2 2 0
369.343 0.999983 0.999983 2 2 0
369.543 0.999984 0.999984 2 2 0
369.743 0.999984 0.999984 2 2 0
369.943 0.999984 0.999984 2 2 0
370.143 0.999984 0.999984 2 2 0
370.343 0.999984 0.999984 2 2 0
370.543 0.999984 0.999984 2 2 0
370.743 0.999984 0.999984 2 2 0
370.943 0.999984 0.999984 2 2 0
371.143 0.999984 0.999984 2 2 0
371.343 0.999985 0.999985 2 2 0
371.543 0.999985 0.999985 2 2 0
371.743 0.999985 0.999985 2 2 0
371.943 0.999985 0.999985 2 2 0
372.143 0.999985 0.999985 2 2 0
372.343 0.999985 0.999985 2 2 0
372.543 0.999985 0.999985 2 2 0
372.743 0.999985 0.999985 2 2 0
372.943 0.999985 0.999985 2 2 0
373.143 0.999986 0.999986 2 2 0
373.343 0.999986 0.999986 2 2 0
373.543 0.999986 0.999986 2 2 0
373.743 0.999986 0.999986 2 2 0
373.943 0.999986 0.999986 2 2 0
374.143 0.999986 0.999986 2 2 0
374.343 0.999986 0.999986 2 2 0
374.543 0.999986 0.999986 2 2 0
374.743 0.999986 0.999986 2 2 0
374.943 0.999987 0.999987 2 2 0
375.143 0.999987 0.999987 2 2 0
375.343 0.999987 0.999987 2 2 0
375.543 0.999987 0.999987 2 2 0
375.743 0.999987 0.999987 2 2 0
375.943 0.999987 0.999987 2 2 0
376.143 0.999987 0.999987 2 2 0
376.343 0.999987 0.999987 2 2 0
376.543 0.999987 0.999987 2 2 0
376.743 0.999987 0.999987 2 2 0
376.943 0.999987 0.999987 2 2 0
377.143 0.999988 0.999988 2 2 0
377.343 0.999988 0.999988 2 2 0
377.543 0.999988 0.999988 2 2 0
377.743 0.999988 0.999988 2 2 0
377.943 0.999988 0.999988 2 2 0
378.143 0.999988 0.999988 2 2 0
378.343 0.999988 0.999988 2 2 0
378.543 0.999988 0.999988 2 2 0
378.743 0.999988 0.999988 2 2 0
378.943 0.999988 0.999988 2 2 0
379.143 0.999988 0.999988 2 2 0
379.343 0.999989 0.999989 2 2 0
379.543 0.999989 0.999989 2 2 0
379.743 0.999989 0.999989 2 2 0
379.943 0.999989 0.999989 2 2 0
380.143 0.999989 0.999989 2 2 0
380.343 0.999989 0.999989 2 2 0
380.543 0.999989 0.999989 2 2 0
380.743 0.999989 0.999989 2 2 0
380.943 0.999989 0.999989 2 2 0
381.143 0.999989 0.999989 2 2 0
381.343 0.999989 0.999989 2 2 0
381.543 0.999989 0.999989 2 2 0
381.743 0.99999 0.99999 2 2 0
381.943 0.99999 0.99999 2 2 0
382.143 0.99999 0.99999 2 2 0
382.343 0.99999 0.99999 2 2 0
382.543 0.99999 0.99999 2 2 0
382.743 0.99999 0.99999 2 2 0
382.943 0.99999 0.99999 2 2 0
383.143 0.99999 0.99999 2 2 0
383.343 0.99999 0.99999 2 2 0
383.543 0.99999 0.99999 2 2 0
383.743 0.99999 0.99999 2 2 0
383.943 0.99999 0.99999 2 2 0
384.143 0.99999 0.99999 2 2 0
384.343 0.99999 0.99999 2 2 0
384.543 0.999991 0.999991 2 2 0
384.743 0.999991 0.999991 2 2 0
384.943 0.999991 0.999991 2 2 0
385.143 0.999991 0.999991 2 2 0
385.343 0.999991 0.999991 2 2 0
385.543 0.999991 0.999991 2 2 0
385.743 0.999991 0.999991 2 2 0
385.943 0.999991 0.999991 2 2 0
386.143 0.999991 0.999991 2 2 0
386.343 0.999991 0.999991 2 2 0
386.343 0.999991 0.999991 2 2 0
386.383 0.999991 0.999991 2 2 0
386.423 0.999991 0.999991 2 2 0
386.503 0.999991 0.999991 2 2 0
386.663 0.999991 0.999991 2 2 0
386.863 0.999991 0.999991 2 2 0
387.063 0.999991 0.999991 2 2 0
387.263 0.999991 0.999991 2 2 0
387.463 0.999992 0.999992 2 2 0
387.663 0.999992 0.999992 2 2 0
387.863 0.999992 0.999992 2 2 0
388.063 0.999992 0.999992 2 2 0
388.263 0.999992 0.999992 2 2 0
388.463 0.999992 0.999992 2 2 0
388.663 0.999992 0.999992 2 2 0
388.863 0.999992 0.999992 2 2 0
389.063 0.999992 0.999992 2 2 0
389.263 0.999992 0.999992 2 2 0
389.463 0.999992 0.999992 2 2 0
389.663 0.999992 0.999992 2 2 0
389.863 0.999992 0.999992 2 2 0
390.063 0.999992 0.999992 2 2 0
390.263 0.999992 0.999992 2 2 0
390.463 0.999992 0.999992 2 2 0
390.663 0.999992 0.999992 2 2 0
390.863 0.999993 0.999993 2 2 0
391.063 0.999993 0.999993 2 2 0
391.263 0.999993 0.999993 2 2 0
391.463 0.999993 0.999993 2 2 0
391.663 0.999993 0.999993 2 2 0
391.863 0.999993 0.999993 2 2 0
392.063 0.999993 0.999993 2 2 0
392.263 0.999993 0.999993 2 2 0
392.463 0.999993 0.999993 2 2 0
392.663 0.999993 0.999993 2 2 0
392.863 0.999993 0.999993 2 2 0
393.063 0.999993 0.999993 2 2 0
393.263 0.999993 0.999993 2 2 0
393.463 0.999993 0.999993 2 2 0
393.663 0.999993 0.999993 2 2 0
393.863 0.999993 0.999993 2 2 0
394.063 0.999993 0.999993 2 2 0
394.263 0.999993 0.999993 2 2 0
394.463 0.999993 0.999993 2 2 0
394.663 0.999993 0.999993 2 2 0
394.863 0.999994 0.999994 2 2 0
395.063 0.999994 0.999994 2 2 0
395.263 0.999994 0.999994 2 2 0
395.463 0.999994 0.999994 2 2 0
395.663 0.999994 0.999994 2 2 0
395.863 0.999994 0.999994 2 2 0
396.063 0.999994 0.999994 2 2 0
396.263 0.999994 0.999994 2 2 0
396.463 0.999994 0.999994 2 2 0
396.663 0.999994 0.999994 2 2 0
396.863 0.999994 0.999994 2 2 0
397.063 0.999994 0.999994 2 2 0
397.263 0.999994 0.999994 2 2 0
397.463 0.999994 0.999994 2 2 0
397.663 0.999994 0.999994 2 2 0
397.863 0.999994 0.999994 2 2 0
398.063 0.999994 0.999994 2 2 0
398.263 0.999994 0.999994 2 2 0
398.463 0.999994 0.999994 2 2 0
398.663 0.999994 0.999994 2 2 0
398.863 0.999994 0.999994 2 2 0
399.063 0.999994 0.999994 2 2 0
399.263 0.999995 0.999995 2 2 0
399.463 0.999995 0.999995 2 2 0
399.663 0.999995 0.999995 2 2 0
399.863 0.999995 0.999995 2 2 0
400.063 0.999995 0.999995 2 2 0
400.263 0.999995 0.999995 2 2 0
400.463 0.999995 0.999995 2 2 0
400.663 0.999995 0.999995 2 2 0
400.863 0.999995 0.999995 2 2 0
401.063 0.999995 0.999995 2 2 0
401.263 0.999995 0.999995 2 2 0
401.463 0.999995 0.999995 2 2 0
401.663 0.999995 0.999995 2 2 0
401.863 0.999995 0.999995 2 2 0
402.063 0.999995 0.999995 2 2 0
402.263 0.999995 0.999995 2 2 0
402.463 0.999995 0.999995 2 2 0
402.663 0.999995 0.999995 2 2 0
402.863 0.999995 0.999995 2 2 0
403.063 0.999995 0.999995 2 2 0
403.263 0.999995 0.999995 2 2 0
403.463 0.999995 0.999995 2 2 0
403.663 0.999995 0.999995 2 2 0
403.863 0.999995 0.999995 2 2 0
404.063 0.999995 0.999995 2 2 0
404.263 0.999995 0.999995 2 2 0
404.463 0.999995 0.999995 2 2 0
404.663 0.999996 0.999996 2 2 0
404.863 0.999996 0.999996 2 2 0
405.063 0.999996 0.999996 2 2 0
405.263 0.999996 0.999996 2 2 0
405.463 0.999996 0.999996 2 2 0
405.663 0.999996 0.999996 2 2 0
405.863 0.999996 0.999996 2 2 0
406.063 0.999996 0.999996 2 2 0
406.263 0.999996 0.999996 2 2 0
406.463 0.999996 0.999996 2 2 0
406.663 0.999996 0.999996 2 2 0
406.863 0.999996 0.999996 2 2 0
407.063 0.999996 0.999996 2 2 0
407.263 0.999996 0.999996 2 2 0
407.463 0.999996 0.999996 2 2 0
407.663 0.999996 0.999996 2 2 0
407.863 0.999996 0.999996 2 2 0
408.063 0.999996 0.999996 2 2 0
408.263 0.999996 0.999996 2 2 0
408.463 0.999996 0.999996 2 2 0
408.663 0.999996 0.999996 2 2 0
408.863 0.999996 0.999996 2 2 0
409.063 0.999996 0.999996 2 2 0
409.263 0.999996 0.999996 2 2 0
409.463 0.999996 0.999996 2 2 0
409.663 0.999996 0.999996 2 2 0
409.863 0.999996 0.999996 2 2 0
410.063 0.999996 0.999996 2 2 0
410.263 0.999996 0.999996 2 2 0
410.463 0.999996 0.999996 2 2 0
410.663 0.999996 0.999996 2 2 0
410.863 0.999996 0.999996 2 2 0
411.063 0.999996 0.999996 2 2 0
411.263 0.999996 0.999996 2 2 0
411.463 0.999997 0.999997 2 2 0
411.663 0.999997 0.999997 2 2 0
411.863 0.999997 0.999997 2 2 0
412.063 0.999997 0.999997 2 2 0
412.263 0.999997 0.999997 2 2 0
412.463 0.999997 0.999997 2 2 0
412.663 0.999997 0.999997 2 2 0
412.863 0.999997 0.999997 2 2 0
413.063 0.999997 0.999997 2 2 0
413.263 0.999997 0.999997 2 2 0
413.463 0.999997 0.999997 2 2 0
413.663 0.999997 0.999997 2 2 0
413.863 0.999997 0.999997 2 2 0
414.063 0.999997 0.999997 2 2 0
414.263 0.999997 0.999997 2 2 0
414.463 0.999997 0.999997 2 2 0
414.663 0.999997 0.999997 2 2 0
414.863 0.999997 0.999997 2 2 0
415.063 0.999997 0.999997 2 2 0
415.263 0.999997 0.999997 2 2 0
415.463 0.999997 0.999997 2 2 0
415.663 0.999997 0.999997 2 2 0
415.863 0.999997 0.999997 2 2 0
416.063 0.999997 0.999997 2 2 0
416.263 0.999997 0.999997 2 2 0
416.463 0.999997 0.999997 2 2 0
416.663 0.999997 0.999997 2 2 0
416.863 0.999997 0.999997 2 2 0
417.063 0.999997 0.999997 2 2 0
417.263 0.999997 0.999997 2 2 0
417.463 0.999997 0.999997 2 2 0
417.663 0.999997 0.999997 2 2 0
417.863 0.999997 0.999997 2 2 0
418.063 0.999997 0.999997 2 2 0
418.263 0.999997 0.999997 2 2 0
418.463 0.999997 0.999997 2 2 0
418.663 0.999997 0.999997 2 2 0
418.863 0.999997 0.999997 2 2 0
419.063 0.999997 0.999997 2 2 0
419.263 0.999997 0.999997 2 2 0
419.463 0.999997 0.999997 2 2 0
419.663 0.999997 0.999997 2 2 0
419.863 0.999997 0.999997 2 2 0
420.063 0.999997 0.999997 2 2 0
420.263 0.999997 0.999997 2 2 0
420.463 0.999997 0.999997 2 2 0
420.663 0.999998 0.999998 2 2 0
420.863 0.999998 0.999998 2 2 0
421.063 0.999998 0.999998 2 2 0
421.263 0.999998 0.999998 2 2 0
421.463 0.999998 0.999998 2 2 0
421.663 0.999998 0.999998 2 2 0
421.863 0.999998 0.999998 2 2 0
422.063 0.999998 0.999998 2 2 0
422.263 0.999998 0.999998 2 2 0
422.463 0.999998 0.999998 2 2 0
422.663 0.999998 0.999998 2 2 0
422.863 0.999998 0.999998 2 2 0
423.063 0.999998 0.999998 2 2 0
423.263 0.999998 0.999998 2 2 0
423.463 0.999998 0.999998 2 2 0
423.663 0.999998 0.999998 2 2 0
423.863 0.999998 0.999998 2 2 0
424.063 0.999998 0.999998 2 2 0
424.263 0.999998 0.999998 2 2 0
424.463 0.999998 0.999998 2 2 0
424.663 0.999998 0.999998 2 2 0
424.863 0.999998 0.999998 2 2 0
425.063 0.999998 0.999998 2 2 0
425.263 0.999998 0.999998 2 2 0
425.463 0.999998 0.999998 2 2 0
425.663 0.999998 0.999998 2 2 0
425.663 0.999998 0.999998 2 2 0
425.703 0.999998 0.999998 2 2 0
425.743 0.999998 0.999998 2 2 0
425.823 0.999998 0.999998 2 2 0
425.983 0.999998 0.999998 2 2 0
426.183 0.999998 0.999998 2 2 0
426.383 0.999998 0.999998 2 2 0
426.583 0.999998 0.999998 2 2 0
426.783 0.999998 0.999998 2 2 0
426.983 0.999998 0.999998 2 2 0
427.183 0.999998 0.999998 2 2 0
427.383 0.999998 0.999998 2 2 0
427.583 0.999998 0.999998 2 2 0
427.783 0.999998 0.999998 2 2 0
427.983 0.999998 0.999998 2 2 0
428.183 0.999998 0.999998 2 2 0
428.383 0.999998 0.999998 2 2 0
428.583 0.999998 0.999998 2 2 0
428.783 0.999998 0.999998 2 2 0
428.983 0.999998 0.999998 2 2 0
429.183 0.999998 0.999998 2 2 0
429.383 0.999998 0.999998 2 2 0
429.583 0.999998 0.999998 2 2 0
429.783 0.999998 0.999998 2 2 0
429.983 0.999998 0.999998 2 2 0
430.183 0.999998 0.999998 2 2 0
430.383 0.999998 0.999998 2 2 0
430.583 0.999998 0.999998 2 2 0
430.783 0.999998 0.999998 2 2 0
430.983 0.999998 0.999998 2 2 0
431.183 0.999998 0.999998 2 2 0
431.383 0.999998 0.999998 2 2 0
431.583 0.999998 0.999998 2 2 0
431.783 0.999998 0.999998 2 2 0
431.983 0.999998 0.999998 2 2 0
432.183 0.999998 0.999998 2 2 0
432.383 0.999998 0.999998 2 2 0
432.583 0.999998 0.999998 2 2 0
432.783 0.999998 0.999998 2 2 0
432.983 0.999998 0.999998 2 2 0
433.183 0.999998 0.999998 2 2 0
433.383 0.999998 0.999998 2 2 0
433.583 0.999998 0.999998 2 2 0
433.783 0.999998 0.999998 2 2 0
433.983 0.999998 0.999998 2 2 0
434.183 0.999998 0.999998 2 2 0
434.383 0.999999 0.999999 2 2 0
434.583 0.999999 0.999999 2 2 0
434.783 0.999999 0.999999 2 2 0
434.983 0.999999 0.999999 2 2 0
435.183 0.999999 0.999999 2 2 0
435.383 0.999999 0.999999 2 2 0
435.583 0.999999 0.999999 2 2 0
435.783 0.999999 0.999999 2 2 0
435.983 0.999999 0.999999 2 2 0
436.183 0.999999 0.999999 2 2 0
436.383 0.999999 0.999999 2 2 0
436.583 0.999999 0.999999 2 2 0
436.783 0.999999 0.999999 2 2 0
436.983 0.999999 0.999999 2 2 0
437.183 0.999999 0.999999 2 2 0
437.383 0.999999 0.999999 2 2 0
437.583 0.999999 0.999999 2 2 0
437.783 0.999999 0.999999 2 2 0
437.983 0.999999 0.999999 2 2 0
438.183 0.999999 0.999999 2 2 0
438.383 0.999999 0.999999 2 2 0
438.583 0.999999 0.999999 2 2 0
438.783 0.999999 0.999999 2 2 0
438.983 0.999999 0.999999 2 2 0
439.183 0.999999 0.999999 2 2 0
439.383 0.999999 0.999999 2 2 0
439.583 0.999999 0.999999 2 2 0
439.783 0.999999 0.999999 2 2 0
439.983 0.999999 0.999999 2 2 0
440.183 0.999999 0.999999 2 2 0
440.383 0.999999 0.999999 2 2 0
440.583 0.999999 0.999999 2 2 0
440.783 0.999999 0.999999 2 2 0
440.983 0.999999 0.999999 2 2 0
441.183 0.999999 0.999999 2 2 0
441.383 0.999999 0.999999 2 2 0
441.583 0.999999 0.999999 2 2 0
441.783 0.999999 0.999999 2 2 0
441.983 0.999999 0.999999 2 2 0
442.183 0.999999 0.999999 2 2 0
442.383 0.999999 0.999999 2 2 0
442.583 0.999999 0.999999 2 2 0
442.783 0.999999 0.999999 2 2 0
442.983 0.999999 0.999999 2 2 0
443.183 0.999999 0.999999 2 2 0
443.383 0.999999 0.999999 2 2 0
443.583 0.999999 0.999999 2 2 0
443.783 0.999999 0.999999 2 2 0
443.983 0.999999 0.999999 2 2 0
444.183 0.999999 0.999999 2 2 0
444.383 0.999999 0.999999 2 2 0
444.583 0.999999 0.999999 2 2 0
444.783 0.999999 0.999999 2 2 0
444.983 0.999999 0.999999 2 2 0
445.183 0.999999 0.999999 2 2 0
445.383 0.999999 0.999999 2 2 0
445.583 0.999999 0.999999 2 2 0
445.783 0.999999 0.999999 2 2 0
445.983 0.999999 0.999999 2 2 0
446.183 0.999999 0.999999 2 2 0
446.383 0.999999 0.999999 2 2 0
446.583 0.999999 0.999999 2 2 0
446.783 0.999999 0.999999 2 2 0
446.983 0.999999 0.999999 2 2 0
447.183 0.999999 0.999999 2 2 0
447.383 0.999999 0.999999 2 2 0
447.583 0.999999 0.999999 2 2 0
447.783 0.999999 0.999999 2 2 0
447.983 0.999999 0.999999 2 2 0
448.183 0.999999 0.999999 2 2 0
448.383 0.999999 0.999999 2 2 0
448.583 0.999999 0.999999 2 2 0
448.783 0.999999 0.999999 2 2 0
448.983 0.999999 0.999999 2 2 0
449.183 0.999999 0.999999 2 2 0
449.383 0.999999 0.999999 2 2 0
449.583 0.999999 0.999999 2 2 0
449.783 0.999999 0.999999 2 2 0
449.983 0.999999 0.999999 2 2 0
450.183 0.999999 0.999999 2 2 0
450.383 0.999999 0.999999 2 2 0
450.583 0.999999 0.999999 2 2 0
450.783 0.999999 0.999999 2 2 0
450.983 0.999999 0.999999 2 2 0
451.183 0.999999 0.999999 2 2 0
451.383 0.999999 0.999999 2 2 0
451.583 0.999999 0.999999 2 2 0
451.783 0.999999 0.999999 2 2 0
451.983 0.999999 0.999999 2 2 0
452.183 0.999999 0.999999 2 2 0
452.383 0.999999 0.999999 2 2 0
452.583 0.999999 0.999999 2 2 0
452.783 0.999999 0.999999 2 2 0
452.983 0.999999 0.999999 2 2 0
453.183 0.999999 0.999999 2 2 0
453.383 0.999999 0.999999 2 2 0
453.583 0.999999 0.999999 2 2 0
453.783 0.999999 0.999999 2 2 0
453.983 0.999999 0.999999 2 2 0
454.183 0.999999 0.999999 2 2 0
454.383 0.999999 0.999999 2 2 0
454.583 0.999999 0.999999 2 2 0
454.783 0.999999 0.999999 2 2 0
454.983 0.999999 0.999999 2 2 0
455.183 0.999999 0.999999 2 2 0
455.383 0.999999 0.999999 2 2 0
455.583 0.999999 0.999999 2 2 0
455.783 0.999999 0.999999 2 2 0
455.983 0.999999 0.999999 2 2 0
456.183 0.999999 0.999999 2 2 0
456.383 0.999999 0.999999 2 2 0
456.583 0.999999 0.999999 2 2 0
456.783 0.999999 0.999999 2 2 0
456.983 0.999999 0.999999 2 2 0
457.183 0.999999 0.999999 2 2 0
457.383 0.999999 0.999999 2 2 0
457.583 0.999999 0.999999 2 2 0
457.783 0.999999 0.999999 2 2 0
457.983 0.999999 0.999999 2 2 0
458.183 0.999999 0.999999 2 2 0
458.383 0.999999 0.999999 2 2 0
458.583 0.999999 0.999999 2 2 0
458.783 0.999999 0.999999 2 2 0
458.983 0.999999 0.999999 2 2 0
459.183 0.999999 0.999999 2 2 0
459.383 0.999999 0.999999 2 2 0
459.583 0.999999 0.999999 2 2 0
459.783 0.999999 0.999999 2 2 0
459.983 0.999999 0.999999 2 2 0
460.183 0.999999 0.999999 2 2 0
460.383 0.999999 0.999999 2 2 0
460.583 0.999999 0.999999 2 2 0
460.783 0.999999 0.999999 2 2 0
460.983 0.999999 0.999999 2 2 0
461.183 0.999999 0.999999 2 2 0
461.383 0.999999 0.999999 2 2 0
461.583 0.999999 0.999999 2 2 0
461.783 0.999999 0.999999 2 2 0
461.983 0.999999 0.999999 2 2 0
462.183 0.999999 0.999999 2 2 0
462.383 0.999999 0.999999 2 2 0
462.583 0.999999 0.999999 2 2 0
462.783 0.999999 0.999999 2 2 0
462.983 0.999999 0.999999 2 2 0
463.183 0.999999 0.999999 2 2 0
463.383 0.999999 0.999999 2 2 0
463.583 0.999999 0.999999 2 2 0
463.783 0.999999 0.999999 2 2 0
463.983 0.999999 0.999999 2 2 0
464.183 1 1 2 2 0
464.383 1 1 2 2 0
464.583 1 1 2 2 0
464.783 1 1 2 2 0
464.983 1 1 2 2 0
464.983 1 1 2 2 0
465.023 1 1 2 2 0
465.063 1 1 2 2 0
465.143 1 1 2 2 0
465.303 1 1 2 2 0
465.503 1 1 2 2 0
465.703 1 1 2 2 0
465.903 1 1 2 2 0
466.103 1 1 2 2 0
466.303 1 1 2 2 0
466.503 1 1 2 2 0
466.703 1 1 2 2 0
466.903 1 1 2 2 0
467.103 1 1 2 2 0
467.303 1 1 2 2 0
467.503 1 1 2 2 0
467.703 1 1 2 2 0
467.903 1 1 2 2 0
468.103 1 1 2 2 0
468.303 1 1 2 2 0
468.503 1 1 2 2 0
468.703 1 1 2 2 0
468.903 1 1 2 2 0
469.103 1 1 2 2 0
469.303 1 1 2 2 0
469.503 1 1 2 2 0
469.703 1 1 2 2 0
469.903 1 1 2 2 0
470.103 1 1 2 2 0
470.303 1 1 2 2 0
470.503 1 1 2 2 0
470.703 1 1 2 2 0
470.903 1 1 2 2 0
471.103 1 1 2 2 0
471.303 1 1 2 2 0
471.503 1 1 2 2 0
471.703 1 1 2 2 0
471.903 1 1 2 2 0
472.103 1 1 2 2 0
472.303 1 1 2 2 0
472.503 1 1 2 2 0
472.703 1 1 2 2 0
472.903 1 1 2 2 0
473.103 1 1 2 2 0
473.303 1 1 2 2 0
473.503 1 1 2 2 0
473.703 1 1 2 2 0
473.903 1 1 2 2 0
474.103 1 1 2 2 0
474.303 1 1 2 2 0
474.503 1 1 2 2 0
474.703 1 1 2 2 0
474.903 1 1 2 2 0
475.103 1 1 2 2 0
475.303 1 1 2 2 0
475.503 1 1 2 2 0
475.703 1 1 2 2 0
475.903 1 1 2 2 0
476.103 1 1 2 2 0
476.303 1 1 2 2 0
476.503 1 1 2 2 0
476.703 1 1 2 2 0
476.903 1 1 2 2 0
477.103 1 1 2 2 0
477.303 1 1 2 2 0
477.503 1 1 2 2 0
477.703 1 1 2 2 0
477.903 1 1 2 2 0
478.103 1 1 2 2 0
478.303 1 1 2 2 0
478.503 1 1 2 2 0
478.703 1 1 2 2 0
478.903 1 1 2 2 0
479.103 1 1 2 2 0
479.303 1 1 2 2 0
479.503 1 1 2 2 0
479.703 1 1 2 2 0
479.903 1 1 2 2 0
480.103 1 1 2 2 0
480.303 1 1 2 2 0
480.503 1 1 2 2 0
480.703 1 1 2 2 0
480.903 1 1 2 2 0
481.103 1 1 2 2 0
481.303 1 1 2 2 0
481.503 1 1 2 2 0
481.703 1 1 2 2 0
481.903 1 1 2 2 0
482.103 1 1 2 2 0
482.303 1 1 2 2 0
482.503 1 1 2 2 0
482.703 1 1 2 2 0
482.903 1 1 2 2 0
483.103 1 1 2 2 0
483.303 1 1 2 2 0
483.503 1 1 2 2 0
483.703 1 1 2 2 0
483.903 1 1 2 2 0
484.103 1 1 2 2 0
484.303 1 1 2 2 0
484.503 1 1 2 2 0
484.703 1 1 2 2 0
484.903 1 1 2 2 0
485.103 1 1 2 2 0
485.303 1 1 2 2 0
485.503 1 1 2 2 0
485.703 1 1 2 2 0
485.903 1 1 2 2 0
486.103 1 1 2 2 0
486.303 1 1 2 2 0
486.503 1 1 2 2 0
486.703 1 1 2 2 0
486.903 1 1 2 2 0
487.103 1 1 2 2 0
487.303 1 1 2 2 0
487.503 1 1 2 2 0
487.703 1 1 2 2 0
487.903 1 1 2 2 0
488.103 1 1 2 2 0
488.303 1 1 2 2 0
488.503 1 1 2 2 0
488.703 1 1 2 2 0
488.903 1 1 2 2 0
489.103 1 1 2 2 0
489.303 1 1 2 2 0
489.503 1 1 2 2 0
489.703 1 1 2 2 0
489.903 1 1 2 2 0
490.103 1 1 2 2 0
490.303 1 1 2 2 0
490.503 1 1 2 2 0
490.703 1 1 2 2 0
490.903 1 1 2 2 0
491.103 1 1 2 2 0
491.303 1 1 2 2 0
491.503 1 1 2 2 0
491.703 1 1 2 2 0
491.903 1 1 2 2 0
492.103 1 1 2 2 0
492.303 1 1 2 2 0
492.503 1 1 2 2 0
492.703 1 1 2 2 0
492.903 1 1 2 2 0
493.103 1 1 2 2 0
493.303 1 1 2 2 0
493.503 1 1 2 2 0
493.703 1 1 2 2 0
493.903 1 1 2 2 0
494.103 1 1 2 2 0
494.303 1 1 2 2 0
494.503 1 1 2 2 0
494.703 1 1 2 2 0
494.903 1 1 2 2 0
495.103 1 1 2 2 0
495.303 1 1 2 2 0
495.503 1 1 2 2 0
495.703 1 1 2 2 0
495.903 1 1 2 2 0
496.103 1 1 2 2 0
496.303 1 1 2 2 0
496.503 1 1 2 2 0
496.703 1 1 2 2 0
496.903 1 1 2 2 0
497.103 1 1 2 2 0
497.303 1 1 2 2 0
497.503 1 1 2 2 0
497.703 1 1 2 2 0
497.903 1 1 2 2 0
498.103 1 1 2 2 0
498.303 1 1 2 2 0
498.503 1 1 2 2 0
498.703 1 1 2 2 0
498.903 1 1 2 2 0
499.103 1 1 2 2 0
499.303 1 1 2 2 0
499.503 1 1 2 2 0
499.703 1 1 2 2 0
499.903 1 1 2 2 0
500.103 1 1 2 2 0
500.303 1 1 2 2 0
500.503 1 1 2 2 0
500.703 1 1 2 2 0
500.903 1 1 2 2 0
501.103 1 1 2 2 0
501.303 1 1 2 2 0
501.503 1 1 2 2 0
501.703 1 1 2 2 0
501.903 1 1 2 2 0
502.103 1 1 2 2 0
502.303 1 1 2 2 0
502.503 1 1 2 2 0
502.703 1 1 2 2 0
502.903 1 1 2 2 0
503.103 1 1 2 2 0
503.303 1 1 2 2 0
503.503 1 1 2 2 0
503.703 1 1 2 2 0
503.903 1 1 2 2 0
504.103 1 1 2 2 0
504.303 1 1 2 2 0
504.303 1 1 2 2 0
504.343 1 1 2 2 0
504.383 1 1 2 2 0
504.463 1 1 2 2 0
504.623 1 1 2 2 0
504.823 1 1 2 2 0
505.023 1 1 2 2 0
505.223 1 1 2 2 0
505.423 1 1 2 2 0
505.623 1 1 2 2 0
505.823 1 1 2 2 0
506.023 1 1 2 2 0
506.223 1 1 2 2 0
506.423 1 1 2 2 0
506.623 1 1 2 2 0
506.823 1 1 2 2 0
507.023 1 1 2 2 0
507.223 1 1 2 2 0
507.423 1 1 2 2 0
507.623 1 1 2 2 0
507.823 1 1 2 2 0
508.023 1 1 2 2 0
508.223 1 1 2 2 0
508.423 1 1 2 2 0
508.623 1 1 2 2 0
508.823 1 1 2 2 0
509.023 1 1 2 2 0
509.223 1 1 2 2 0
509.423 1 1 2 2 0
509.623 1 1 2 2 0
509.823 1 1 2 2 0
510.023 1 1 2 2 0
510.223 1 1 2 2 0
510.423 1 1 2 2 0
510.623 1 1 2 2 0
510.823 1 1 2 2 0
511.023 1 1 2 2 0
511.223 1 1 2 2 0
511.423 1 1 2 2 0
511.623 1 1 2 2 0
511.823 1 1 2 2 0
512.023 1 1 2 2 0
512.223 1 1 2 2 0
512.423 1 1 2 2 0
512.623 1 1 2 2 0
512.823 1 1 2 2 0
513.023 1 1 2 2 0
513.223 1 1 2 2 0
513.423 1 1 2 2 0
513.623 1 1 2 2 0
513.823 1 1 2 2 0
514.023 1 1 2 2 0
514.223 1 1 2 2 0
514.423 1 1 2 2 0
514.623 1 1 2 2 0
514.823 1 1 2 2 0
515.023 1 1 2 2 0
515.223 1 1 2 2 0
515.423 1 1 2 2 0
515.623 1 1 2 2 0
515.823 1 1 2 2 0
516.023 1 1 2 2 0
516.223 1 1 2 2 0
516.423 1 1 2 2 0
516.623 1 1 2 2 0
516.823 1 1 2 2 0
517.023 1 1 2 2 0
517.223 1 1 2 2 0
517.423 1 1 2 2 0
517.623 1 1 2 2 0
517.823 1 1 2 2 0
518.023 1 1 2 2 0
518.223 1 1 2 2 0
518.423 1 1 2 2 0
518.623 1 1 2 2 0
518.823 1 1 2 2 0
519.023 1 1 2 2 0
519.223 1 1 2 2 0
519.423 1 1 2 2 0
519.623 1 1 2 2 0
519.823 1 1 2 2 0
520.023 1 1 2 2 0
520.223 1 1 2 2 0
520.423 1 1 2 2 0
520.623 1 1 2 2 0
520.823 1 1 2 2 0
521.023 1 1 2 2 0
521.223 1 1 2 2 0
521.423 1 1 2 2 0
521.623 1 1 2 2 0
521.823 1 1 2 2 0
522.023 1 1 2 2 0
522.223 1 1 2 2 0
522.423 1 1 2 2 0
522.623 1 1 2 2 0
522.823 1 1 2 2 0
523.023 1 1 2 2 0
523.223 1 1 2 2 0
523.423 1 1 2 2 0
523.623 1 1 2 2 0
523.823 1 1 2 2 0
524.023 1 1 2 2 0
524.223 1 1 2 2 0
524.423 1 1 2 2 0
524.623 1 1 2 2 0
524.823 1 1 2 2 0
525.023 1 1 2 2 0
525.223 1 1 2 2 0
525.423 1 1 2 2 0
525.623 1 1 2 2 0
525.823 1 1 2 2 0
526.023 1 1 2 2 0
526.223 1 1 2 2 0
526.423 1 1 2 2 0
526.623 1 1 2 2 0
526.823 1 1 2 2 0
527.023 1 1 2 2 0
527.223 1 1 2 2 0
527.423 1 1 2 2 0
527.623 1 1 2 2 0
527.823 1 1 2 2 0
528.023 1 1 2 2 0
528.223 1 1 2 2 0
528.423 1 1 2 2 0
528.623 1 1 2 2 0
528.823 1 1 2 2 0
529.023 1 1 2 2 0
529.223 1 1 2 2 0
529.423 1 1 2 2 0
529.623 1 1 2 2 0
529.823 1 1 2 2 0
530.023 1 1 2 2 0
530.223 1 1 2 2 0
530.423 1 1 2 2 0
530.623 1 1 2 2 0
530.823 1 1 2 2 0
531.023 1 1 2 2 0
531.223 1 1 2 2 0
531.423 1 1 2 2 0
531.623 1 1 2 2 0
531.823 1 1 2 2 0
532.023 1 1 2 2 0
532.223 1 1 2 2 0
532.423 1 1 2 2 0
532.623 1 1 2 2 0
532.823 1 1 2 2 0
533.023 1 1 2 2 0
533.223 1 1 2 2 0
533.423 1 1 2 2 0
533.623 1 1 2 2 0
533.823 1 1 2 2 0
534.023 1 1 2 2 0
534.223 1 1 2 2 0
534.423 1 1 2 2 0
534.623 1 1 2 2 0
534.823 1 1 2 2 0
535.023 1 1 2 2 0
535.223 1 1 2 2 0
535.423 1 1 2 2 0
535.623 1 1 2 2 0
535.823 1 1 2 2 0
536.023 1 1 2 2 0
536.223 1 1 2 2 0
536.423 1 1 2 2 0
536.623 1 1 2 2 0
536.823 1 1 2 2 0
537.023 1 1 2 2 0
537.223 1 1 2 2 0
537.423 1 1 2 2 0
537.623 1 1 2 2 0
537.823 1 1 2 2 0
538.023 1 1 2 2 0
538.223 1 1 2 2 0
538.423 1 1 2 2 0
538.623 1 1 2 2 0
538.823 1 1 2 2 0
539.023 1 1 2 2 0
539.223 1 1 2 2 0
539.423 1 1 2 2 0
539.623 1 1 2 2 0
539.823 1 1 2 2 0
540.023 1 1 2 2 0
540.223 1 1 2 2 0
540.423 1 1 2 2 0
540.623 1 1 2 2 0
540.823 1 1 2 2 0
541.023 1 1 2 2 0
541.223 1 1 2 2 0
541.423 1 1 2 2 0
541.623 1 1 2 2 0
541.823 1 1 2 2 0
542.023 1 1 2 2 0
542.223 1 1 2 2 0
542.423 1 1 2 2 0
542.623 1 1 2 2 0
542.823 1 1 2 2 0
543.023 1 1 2 2 0
543.223 1 1 2 2 0
543.423 1 1 2 2 0
543.623 1 1 2 2 0
543.623 1 1 2 2 0
543.663 1 1 2 2 0
543.703 1 1 2 2 0
543.783 1 1 2 2 0
543.943 1 1 2 2 0
544.143 1 1 2 2 0
544.343 1 1 2 2 0
544.543 1 1 2 2 0
544.743 1 1 2 2 0
544.943 1 1 2 2 0
545.143 1 1 2 2 0
545.343 1 1 2 2 0
545.543 1 1 2 2 0
545.743 1 1 2 2 0
545.943 1 1 2 2 0
546.143 1 1 2 2 0
546.343 1 1 2 2 0
546.543 1 1 2 2 0
546.743 1 1 2 2 0
546.943 1 1 2 2 0
547.143 1 1 2 2 0
547.343 1 1 2 2 0
547.543 1 1 2 2 0
547.743 1 1 2 2 0
547.943 1 1 2 2 0
548.143 1 1 2 2 0
548.343 1 1 2 2 0
548.543 1 1 2 2 0
548.743 1 1 2 2 0
548.943 1 1 2 2 0
549.143 1 1 2 2 0
549.343 1 1 2 2 0
549.543 1 1 2 2 0
549.743 1 1 2 2 0
549.943 1 1 2 2 0
550.143 1 1 2 2 0
550.343 1 1 2 2 0
550.543 1 1 2 2 0
550.743 1 1 2 2 0
550.943 1 1 2 2 0
551.143 1 1 2 2 0
551.343 1 1 2 2 0
551.543 1 1 2 2 0
551.743 1 1 2 2 0
551.943 1 1 2 2 0
552.143 1 1 2 2 0
552.343 1 1 2 2 0
552.543 1 1 2 2 0
552.743 1 1 2 2 0
552.943 1 1 2 2 0
553.143 1 1 2 2 0
553.343 1 1 2 2 0
553.543 1 1 2 2 0
553.743 1 1 2 2 0
553.943 1 1 2 2 0
554.143 1 1 2 2 0
554.343 1 1 2 2 0
554.543 1 1 2 2 0
554.743 1 1 2 2 0
554.943 1 1 2 2 0
555.143 1 1 2 2 0
555.343 1 1 2 2 0
555.543 1 1 2 2 0
555.743 1 1 2 2 0
555.943 1 1 2 2 0
556.143 1 1 2 2 0
556.343 1 1 2 2 0
556.543 1 1 2 2 0
556.743 1 1 2 2 0
556.943 1 1 2 2 0
557.143 1 1 2 2 0
557.343 1 1 2 2 0
557.543 1 1 2 2 0
557.743 1 1 2 2 0
557.943 1 1 2 2 0
558.143 1 1 2 2 0
558.343 1 1 2 2 0
558.543 1 1 2 2 0
558.743 1 1 2 2 0
558.943 1 1 2 2 0
559.143 1 1 2 2 0
559.343 1 1 2 2 0
559.543 1 1 2 2 0
559.743 1 1 2 2 0
559.943 1 1 2 2 0
560.143 1 1 2 2 0
560.343 1 1 2 2 0
560.543 1 1 2 2 0
560.743 1 1 2 2 0
560.943 1 1 2 2 0
561.143 1 1 2 2 0
561.343 1 1 2 2 0
561.543 1 1 2 2 0
561.743 1 1 2 2 0
561.943 1 1 2 2 0
562.143 1 1 2 2 0
562.343 1 1 2 2 0
562.543 1 1 2 2 0
562.743 1 1 2 2 0
562.943 1 1 2 2 0
563.143 1 1 2 2 0
563.343 1 1 2 2 0
563.543 1 1 2 2 0
563.743 1 1 2 2 0
563.943 1 1 2 2 0
564.143 1 1 2 2 0
564.343 1 1 2 2 0
564.543 1 1 2 2 0
564.743 1 1 2 2 0
564.943 1 1 2 2 0
565.143 1 1 2 2 0
565.343 1 1 2 2 0
565.543 1 1 2 2 0
565.743 1 1 2 2 0
565.943 1 1 2 2 0
566.143 1 1 2 2 0
566.343 1 1 2 2 0
566.543 1 1 2 2 0
566.743 1 1 2 2 0
566.943 1 1 2 2 0
567.143 1 1 2 2 0
567.343 1 1 2 2 0
567.543 1 1 2 2 0
567.743 1 1 2 2 0
567.943 1 1 2 2 0
568.143 1 1 2 2 0
568.343 1 1 2 2 0
568.543 1 1 2 2 0
568.743 1 1 2 2 0
568.943 1 1 2 2 0
569.143 1 1 2 2 0
569.343 1 1 2 2 0
569.543 1 1 2 2 0
569.743 1 1 2 2 0
569.943 1 1 2 2 0
570.143 1 1 2 2 0
570.343 1 1 2 2 0
570.543 1 1 2 2 0
570.743 1 1 2 2 0
570.943 1 1 2 2 0
571.143 1 1 2 2 0
571.343 1 1 2 2 0
571.543 1 1 2 2 0
571.743 1 1 2 2 0
571.943 1 1 2 2 0
572.143 1 1 2 2 0
572.343 1 1 2 2 0
572.543 1 1 2 2 0
572.743 1 1 2 2 0
572.943 1 1 2 2 0
573.143 1 1 2 2 0
573.343 1 1 2 2 0
573.543 1 1 2 2 0
573.743 1 1 2 2 0
573.943 1 1 2 2 0
574.143 1 1 2 2 0
574.343 1 1 2 2 0
574.543 1 1 2 2 0
574.743 1 1 2 2 0
574.943 1 1 2 2 0
575.143 1 1 2 2 0
575.343 1 1 2 2 0
575.543 1 1 2 2 0
575.743 1 1 2 2 0
575.943 1 1 2 2 0
576.143 1 1 2 2 0
576.343 1 1 2 2 0
576.543 1 1 2 2 0
576.743 1 1 2 2 0
576.943 1 1 2 2 0
577.143 1 1 2 2 0
577.343 1 1 2 2 0
577.543 1 1 2 2 0
577.743 1 1 2 2 0
577.943 1 1 2 2 0
578.143 1 1 2 2 0
578.343 1 1 2 2 0
578.543 1 1 2 2 0
578.743 1 1 2 2 0
578.943 1 1 2 2 0
579.143 1 1 2 2 0
579.343 1 1 2 2 0
579.543 1 1 2 2 0
579.743 1 1 2 2 0
579.943 1 1 2 2 0
580.143 1 1 2 2 0
580.343 1 1 2 2 0
580.543 1 1 2 2 0
580.743 1 1 2 2 0
580.943 1 1 2 2 0
581.143 1 1 2 2 0
581.343 1 1 2 2 0
581.543 1 1 2 2 0
581.743 1 1 2 2 0
581.943 1 1 2 2 0
582.143 1 1 2 2 0
582.343 1 1 2 2 0
582.543 1 1 2 2 0
582.743 1 1 2 2 0
582.943 1 1 2 2 0
582.943 1 1 2 2 0
582.983 1 1 2 2 0
583.023 1 1 2 2 0
583.103 1 1 2 2 0
583.263 1 1 2 2 0
583.463 1 1 2 2 0
583.663 1 1 2 2 0
583.863 1 1 2 2 0
584.063 1 1 2 2 0
584.263 1 1 2 2 0
584.463 1 1 2 2 0
584.663 1 1 2 2 0
584.863 1 1 2 2 0
585.063 1 1 2 2 0
585.263 1 1 2 2 0
585.463 1 1 2 2 0
585.663 1 1 2 2 0
585.863 1 1 2 2 0
586.063 1 1 2 2 0
586.263 1 1 2 2 0
586.463 1 1 2 2 0
586.663 1 1 2 2 0
586.863 1 1 2 2 0
587.063 1 1 2 2 0
587.263 1 1 2 2 0
587.463 1 1 2 2 0
587.663 1 1 2 2 0
587.863 1 1 2 2 0
588.063 1 1 2 2 0
588.263 1 1 2 2 0
588.463 1 1 2 2 0
588.663 1 1 2 2 0
588.863 1 1 2 2 0
589.063 1 1 2 2 0
589.263 1 1 2 2 0
589.463 1 1 2 2 0
589.663 1 1 2 2 0
589.863 1 1 2 2 0
590.063 1 1 2 2 0
590.263 1 1 2 2 0
590.463 1 1 2 2 0
590.663 1 1 2 2 0
590.863 1 1 2 2 0
591.063 1 1 2 2 0
591.263 1 1 2 2 0
591.463 1 1 2 2 0
591.663 1 1 2 2 0
591.863 1 1 2 2 0
592.063 1 1 2 2 0
592.263 1 1 2 2 0
592.463 1 1 2 2 0
592.663 1 1 2 2 0
592.863 1 1 2 2 0
593.063 1 1 2 2 0
593.263 1 1 2 2 0
593.463 1 1 2 2 0
593.663 1 1 2 2 0
593.863 1 1 2 2 0
594.063 1 1 2 2 0
594.263 1 1 2 2 0
594.463 1 1 2 2 0
594.663 1 1 2 2 0
594.863 1 1 2 2 0
595.063 1 1 2 2 0
595.263 1 1 2 2 0
595.463 1 1 2 2 0
595.663 1 1 2 2 0
595.863 1 1 2 2 0
596.063 1 1 2 2 0
596.263 1 1 2 2 0
596.463 1 1 2 2 0
596.663 1 1 2 2 0
596.863 1 1 2 2 0
597.063 1 1 2 2 0
597.263 1 1 2 2 0
597.463 1 1 2 2 0
597.663 1 1 2 2 0
597.863 1 1 2 2 0
598.063 1 1 2 2 0
598.263 1 1 2 2 0
598.463 1 1 2 2 0
598.663 1 1 2 2 0
598.863 1 1 2 2 0
599.063 1 1 2 2 0
599.263 1 1 2 2 0
599.463 1 1 2 2 0
599.663 1 1 2 2 0
599.863 1 1 2 2 0
600.063 1 1 2 2 0
600.263 1 1 2 2 0
600.463 1 1 2 2 0
600.663 1 1 2 2 0
600.863 1 1 2 2 0
601.063 1 1 2 2 0
601.263 1 1 2 2 0
601.463 1 1 2 2 0
601.663 1 1 2 2 0
601.863 1 1 2 2 0
602.063 1 1 2 2 0
602.263 1 1 2 2 0
602.463 1 1 2 2 0
602.663 1 1 2 2 0
602.863 1 1 2 2 0
603.063 1 1 2 2 0
603.263 1 1 2 2 0
603.463 1 1 2 2 0
603.663 1 1 2 2 0
603.863 1 1 2 2 0
604.063 1 1 2 2 0
604.263 1 1 2 2 0
604.463 1 1 2 2 0
604.663 1 1 2 2 0
604.863 1 1 2 2 0
605.063 1 1 2 2 0
605.263 1 1 2 2 0
605.463 1 1 2 2 0
605.663 1 1 2 2 0
605.863 1 1 2 2 0
606.063 1 1 2 2 0
606.263 1 1 2 2 0
606.463 1 1 2 2 0
606.663 1 1 2 2 0
606.863 1 1 2 2 0
607.063 1 1 2 2 0
607.263 1 1 2 2 0
607.463 1 1 2 2 0
607.663 1 1 2 2 0
607.863 1 1 2 2 0
608.063 1 1 2 2 0
608.263 1 1 2 2 0
608.463 1 1 2 2 0
608.663 1 1 2 2 0
608.863 1 1 2 2 0
609.063 1 1 2 2 0
609.263 1 1 2 2 0
609.463 1 1 2 2 0
609.663 1 1 2 2 0
609.863 1 1 2 2 0
610.063 1 1 2 2 0
610.263 1 1 2 2 0
610.463 1 1 2 2 0
610.663 1 1 2 2 0
610.863 1 1 2 2 0
611.063 1 1 2 2 0
611.263 1 1 2 2 0
611.463 1 1 2 2 0
611.663 1 1 2 2 0
611.863 1 1 2 2 0
612.063 1 1 2 2 0
612.263 1 1 2 2 0
612.463 1 1 2 2 0
612.663 1 1 2 2 0
612.863 1 1 2 2 0
613.063 1 1 2 2 0
613.263 1 1 2 2 0
613.463 1 1 2 2 0
613.663 1 1 2 2 0
613.863 1 1 2 2 0
614.063 1 1 2 2 0
614.263 1 1 2 2 0
614.463 1 1 2 2 0
614.663 1 1 2 2 0
614.863 1 1 2 2 0
615.063 1 1 2 2 0
615.263 1 1 2 2 0
615.463 1 1 2 2 0
615.663 1 1 2 2 0
615.863 1 1 2 2 0
616.063 1 1 2 2 0
616.263 1 1 2 2 0
616.463 1 1 2 2 0
616.663 1 1 2 2 0
616.863 1 1 2 2 0
617.063 1 1 2 2 0
617.263 1 1 2 2 0
617.463 1 1 2 2 0
617.663 1 1 2 2 0
617.863 1 1 2 2 0
618.063 1 1 2 2 0
618.263 1 1 2 2 0
618.463 1 1 2 2 0
618.663 1 1 2 2 0
618.863 1 1 2 2 0
619.063 1 1 2 2 0
619.263 1 1 2 2 0
619.463 1 1 2 2 0
619.663 1 1 2 2 0
619.863 1 1 2 2 0
620.063 1 1 2 2 0
620.263 1 1 2 2 0
620.463 1 1 2 2 0
620.663 1 1 2 2 0
620.863 1 1 2 2 0
621.063 1 1 2 2 0
621.263 1 1 2 2 0
621.463 1 1 2 2 0
621.663 1 1 2 2 0
621.863 1 1 2 2 0
622.063 1 1 2 2 0
622.263 1 1 2 2 0
622.263 1 1 2 2 0
622.303 1 1 2 2 0
622.343 1 1 2 2 0
622.423 1 1 2 2 0
622.583 1 1 2 2 0
622.783 1 1 2 2 0
622.983 1 1 2 2 0
623.183 1 1 2 2 0
623.383 1 1 2 2 0
623.583 1 1 2 2 0
623.783 1 1 2 2 0
623.983 1 1 2 2 0
624.183 1 1 2 2 0
624.383 1 1 2 2 0
624.583 1 1 2 2 0
624.783 1 1 2 2 0
624.983 1 1 2 2 0
625.183 1 1 2 2 0
625.383 1 1 2 2 0
625.583 1 1 2 2 0
625.783 1 1 2 2 0
625.983 1 1 2 2 0
626.183 1 1 2 2 0
626.383 1 1 2 2 0
626.583 1 1 2 2 0
626.783 1 1 2 2 0
626.983 1 1 2 2 0
627.183 1 1 2 2 0
627.383 1 1 2 2 0
627.583 1 1 2 2 0
627.783 1 1 2 2 0
627.983 1 1 2 2 0
628.183 1 1 2 2 0
628.383 1 1 2 2 0
628.583 1 1 2 2 0
628.783 1 1 2 2 0
628.983 1 1 2 2 0
629.183 1 1 2 2 0
629.383 1 1 2 2 0
629.583 1 1 2 2 0
629.783 1 1 2 2 0
629.983 1 1 2 2 0
630.183 1 1 2 2 0
630.383 1 1 2 2 0
630.583 1 1 2 2 0
630.783 1 1 2 2 0
630.983 1 1 2 2 0
631.183 1 1 2 2 0
631.383 1 1 2 2 0
631.583 1 1 2 2 0
631.783 1 1 2 2 0
631.983 1 1 2 2 0
632.183 1 1 2 2 0
632.383 1 1 2 2 0
632.583 1 1 2 2 0
632.783 1 1 2 2 0
632.983 1 1 2 2 0
633.183 1 1 2 2 0
633.383 1 1 2 2 0
633.583 1 1 2 2 0
633.783 1 1 2 2 0
633.983 1 1 2 2 0
634.183 1 1 2 2 0
634.383 1 1 2 2 0
634.583 1 1 2 2 0
634.783 1 1 2 2 0
634.983 1 1 2 2 0
635.183 1 1 2 2 0
635.383 1 1 2 2 0
635.583 1 1 2 2 0
635.783 1 1 2 2 0
635.983 1 1 2 2 0
636.183 1 1 2 2 0
636.383 1 1 2 2 0
636.583 1 1 2 2 0
636.783 1 1 2 2 0
636.983 1 1 2 2 0
637.183 1 1 2 2 0
637.383 1 1 2 2 0
637.583 1 1 2 2 0
637.783 1 1 2 2 0
637.983 1 1 2 2 0
638.183 1 1 2 2 0
638.383 1 1 2 2 0
638.583 1 1 2 2 0
638.783 1 1 2 2 0
638.983 1 1 2 2 0
639.183 1 1 2 2 0
639.383 1 1 2 2 0
639.583 1 1 2 2 0
639.783 1 1 2 2 0
639.983 1 1 2 2 0
640.183 1 1 2 2 0
640.383 1 1 2 2 0
640.583 1 1 2 2 0
640.783 1 1 2 2 0
640.983 1 1 2 2 0
641.183 1 1 2 2 0
641.383 1 1 2 2 0
641.583 1 1 2 2 0
641.783 1 1 2 2 0
641.983 1 1 2 2 0
642.183 1 1 2 2 0
642.383 1 1 2 2 0
642.583 1 1 2 2 0
642.783 1 1 2 2 0
642.983 1 1 2 2 0
643.183 1 1 2 2 0
643.383 1 1 2 2 0
643.583 1 1 2 2 0
643.783 1 1 2 2 0
643.983 1 1 2 2 0
644.183 1 1 2 2 0
644.383 1 1 2 2 0
644.583 1 1 2 2 0
644.783 1 1 2 2 0
644.983 1 1 2 2 0
645.183 1 1 2 2 0
645.383 1 1 2 2 0
645.583 1 1 2 2 0
645.783 1 1 2 2 0
645.983 1 1 2 2 0
646.183 1 1 2 2 0
646.383 1 1 2 2 0
646.583 1 1 2 2 0
646.783 1 1 2 2 0
646.983 1 1 2 2 0
647.183 1 1 2 2 0
647.383 1 1 2 2 0
647.583 1 1 2 2 0
647.783 1 1 2 2 0
647.983 1 1 2 2 0
648.183 1 1 2 2 0
648.383 1 1 2 2 0
648.583 1 1 2 2 0
648.783 1 1 2 2 0
648.983 1 1 2 2 0
649.183 1 1 2 2 0
649.383 1 1 2 2 0
649.583 1 1 2 2 0
649.783 1 1 2 2 0
649.983 1 1 2 2 0
650.183 1 1 2 2 0
650.383 1 1 2 2 0
650.583 1 1 2 2 0
650.783 1 1 2 2 0
650.983 1 1 2 2 0
651.183 1 1 2 2 0
651.383 1 1 2 2 0
651.583 1 1 2 2 0
651.783 1 1 2 2 0
651.983 1 1 2 2 0
652.183 1 1 2 2 0
652.383 1 1 2 2 0
652.583 1 1 2 2 0
652.783 1 1 2 2 0
652.983 1 1 2 2 0
653.183 1 1 2 2 0
653.383 1 1 2 2 0
653.583 1 1 2 2 0
653.783 1 1 2 2 0
653.983 1 1 2 2 0
654.183 1 1 2 2 0
654.383 1 1 2 2 0
654.583 1 1 2 2 0
654.783 1 1 2 2 0
654.983 1 1 2 2 0
655.183 1 1 2 2 0
655.383 1 1 2 2 0
655.583 1 1 2 2 0
655.783 1 1 2 2 0
655.983 1 1 2 2 0
656.183 1 1 2 2 0
656.383 1 1 2 2 0
656.583 1 1 2 2 0
656.783 1 1 2 2 0
656.983 1 1 2 2 0
657.183 1 1 2 2 0
657.383 1 1 2 2 0
657.583 1 1 2 2 0
657.783 1 1 2 2 0
657.983 1 1 2 2 0
658.183 1 1 2 2 0
658.383 1 1 2 2 0
658.583 1 1 2 2 0
658.783 1 1 2 2 0
658.983 1 1 2 2 0
659.183 1 1 2 2 0
659.383 1 1 2 2 0
659.583 1 1 2 2 0
659.783 1 1 2 2 0
659.983 1 1 2 2 0
660.183 1 1 2 2 0
660.383 1 1 2 2 0
660.583 1 1 2 2 0
660.783 1 1 2 2 0
660.983 1 1 2 2 0
661.183 1 1 2 2 0
661.383 1 1 2 2 0
661.583 1 1 2 2 0
661.583 1 1 2 2 0
661.623 1 1 2 2 0
661.663 1 1 2 2 0
661.743 1 1 2 2 0
661.903 1 1 2 2 0
662.103 1 1 2 2 0
662.303 1 1 2 2 0
662.503 1 1 2 2 0
662.703 1 1 2 2 0
662.903 1 1 2 2 0
663.103 1 1 2 2 0
663.303 1 1 2 2 0
663.503 1 1 2 2 0
663.703 1 1 2 2 0
663.903 1 1 2 2 0
664.103 1 1 2 2 0
664.303 1 1 2 2 0
664.503 1 1 2 2 0
664.703 1 1 2 2 0
664.903 1 1 2 2 0
665.103 1 1 2 2 0
665.303 1 1 2 2 0
665.503 1 1 2 2 0
665.703 1 1 2 2 0
665.903 1 1 2 2 0
666.103 1 1 2 2 0
666.303 1 1 2 2 0
666.503 1 1 2 2 0
666.703 1 1 2 2 0
666.903 1 1 2 2 0
667.103 1 1 2 2 0
667.303 1 1 2 2 0
667.503 1 1 2 2 0
667.703 1 1 2 2 0
667.903 1 1 2 2 0
668.103 1 1 2 2 0
668.303 1 1 2 2 0
668.503 1 1 2 2 0
668.703 1 1 2 2 0
668.903 1 1 2 2 0
669.103 1 1 2 2 0
669.303 1 1 2 2 0
669.503 1 1 2 2 0
669.703 1 1 2 2 0
669.903 1 1 2 2 0
670.103 1 1 2 2 0
670.303 1 1 2 2 0
670.503 1 1 2 2 0
670.703 1 1 2 2 0
670.903 1 1 2 2 0
671.103 1 1 2 2 0
671.303 1 1 2 2 0
671.503 1 1 2 2 0
671.703 1 1 2 2 0
671.903 1 1 2 2 0
672.103 1 1 2 2 0
672.303 1 1 2 2 0
672.503 1 1 2 2 0
672.703 1 1 2 2 0
672.903 1 1 2 2 0
673.103 1 1 2 2 0
673.303 1 1 2 2 0
673.503 1 1 2 2 0
673.703 1 1 2 2 0
673.903 1 1 2 2 0
674.103 1 1 2 2 0
674.303 1 1 2 2 0
674.503 1 1 2 2 0
674.703 1 1 2 2 0
674.903 1 1 2 2 0
675.103 1 1 2 2 0
675.303 1 1 2 2 0
675.503 1 1 2 2 0
675.703 1 1 2 2 0
675.903 1 1 2 2 0
676.103 1 1 2 2 0
676.303 1 1 2 2 0
676.503 1 1 2 2 0
676.703 1 1 2 2 0
676.903 1 1 2 2 0
677.103 1 1 2 2 0
677.303 1 1 2 2 0
677.503 1 1 2 2 0
677.703 1 1 2 2 0
677.903 1 1 2 2 0
678.103 1 1 2 2 0
678.303 1 1 2 2 0
678.503 1 1 2 2 0
678.703 1 1 2 2 0
678.903 1 1 2 2 0
679.103 1 1 2 2 0
679.303 1 1 2 2 0
679.503 1 1 2 2 0
679.703 1 1 2 2 0
679.903 1 1 2 2 0
680.103 1 1 2 2 0
680.303 1 1 2 2 0
680.503 1 1 2 2 0
680.703 1 1 2 2 0
680.903 1 1 2 2 0
681.103 1 1 2 2 0
681.303 1 1 2 2 0
681.503 1 1 2 2 0
681.703 1 1 2 2 0
681.903 1 1 2 2 0
682.103 1 1 2 2 0
682.303 1 1 2 2 0
682.503 1 1 2 2 0
682.703 1 1 2 2 0
682.903 1 1 2 2 0
683.103 1 1 2 2 0
683.303 1 1 2 2 0
683.503 1 1 2 2 0
683.703 1 1 2 2 0
683.903 1 1 2 2 0
684.103 1 1 2 2 0
684.303 1 1 2 2 0
684.503 1 1 2 2 0
684.703 1 1 2 2 0
684.903 1 1 2 2 0
685.103 1 1 2 2 0
685.303 1 1 2 2 0
685.503 1 1 2 2 0
685.703 1 1 2 2 0
685.903 1 1 2 2 0
686.103 1 1 2 2 0
686.303 1 1 2 2 0
686.503 1 1 2 2 0
686.703 1 1 2 2 0
686.903 1 1 2 2 0
687.103 1 1 2 2 0
687.303 1 1 2 2 0
687.503 1 1 2 2 0
687.703 1 1 2 2 0
687.903 1 1 2 2 0
688.103 1 1 2 2 0
688.303 1 1 2 2 0
688.503 1 1 2 2 0
688.703 1 1 2 2 0
688.903 1 1 2 2 0
689.103 1 1 2 2 0
689.303 1 1 2 2 0
689.503 1 1 2 2 0
689.703 1 1 2 2 0
689.903 1 1 2 2 0
690.103 1 1 2 2 0
690.303 1 1 2 2 0
690.503 1 1 2 2 0
690.703 1 1 2 2 0
690.903 1 1 2 2 0
691.103 1 1 2 2 0
691.303 1 1 2 2 0
691.503 1 1 2 2 0
691.703 1 1 2 2 0
691.903 1 1 2 2 0
692.103 1 1 2 2 0
692.303 1 1 2 2 0
692.503 1 1 2 2 0
692.703 1 1 2 2 0
692.903 1 1 2 2 0
693.103 1 1 2 2 0
693.303 1 1 2 2 0
693.503 1 1 2 2 0
693.703 1 1 2 2 0
693.903 1 1 2 2 0
694.103 1 1 2 2 0
694.303 1 1 2 2 0
694.503 1 1 2 2 0
694.703 1 1 2 2 0
694.903 1 1 2 2 0
695.103 1 1 2 2 0
695.303 1 1 2 2 0
695.503 1 1 2 2 0
695.703 1 1 2 2 0
695.903 1 1 2 2 0
696.103 1 1 2 2 0
696.303 1 1 2 2 0
696.503 1 1 2 2 0
696.703 1 1 2 2 0
696.903 1 1 2 2 0
697.103 1 1 2 2 0
697.303 1 1 2 2 0
697.503 1 1 2 2 0
697.703 1 1 2 2 0
697.903 1 1 2 2 0
698.103 1 1 2 2 0
698.303 1 1 2 2 0
698.503 1 1 2 2 0
698.703 1 1 2 2 0
698.903 1 1 2 2 0
699.103 1 1 2 2 0
699.303 1 1 2 2 0
699.503 1 1 2 2 0
699.703 1 1 2 2 0
699.903 1 1 2 2 0
700.103 1 1 2 2 0
700.303 1 1 2 2 0
700.503 1 1 2 2 0
700.703 1 1 2 2 0
700.903 1 1 2 2 0
221.233 0.0802214 0.0802214 2 1 0
221.273 0.0802255 0.0802255 2 1 0
221.313 0.0802297 0.0802297 2 1 0
221.393 0.0802379 0.0802379 2 1 0
221.553 0.0802544 0.0802544 2 1 0
221.753 0.0802749 0.0802749 2 1 0
221.953 0.0802953 0.0802953 2 1 0
222.153 0.0803156 0.0803156 2 1 0
222.353 0.0803359 0.0803359 2 1 0
222.553 0.080356 0.080356 2 1 0
222.753 0.0803761 0.0803761 2 1 0
222.953 0.0803961 0.0803961 2 1 0
223.153 0.080416 0.080416 2 1 0
223.353 0.0804358 0.0804358 2 1 0
223.553 0.0804556 0.0804556 2 1 0
223.753 0.0804752 0.0804752 2 1 0
223.953 0.0804948 0.0804948 2 1 0
224.153 0.0805143 0.0805143 2 1 0
224.353 0.0805338 0.0805338 2 1 0
224.553 0.0805531 0.0805531 2 1 0
224.753 0.0805724 0.0805724 2 1 0
224.953 0.0805916 0.0805916 2 1 0
225.153 0.0806107 0.0806107 2 1 0
225.353 0.0806298 0.0806298 2 1 0
225.553 0.0806487 0.0806487 2 1 0
225.753 0.0806676 0.0806676 2 1 0
225.953 0.0806865 0.0806865 2 1 0
226.153 0.0807052 0.0807052 2 1 0
226.353 0.0807239 0.0807239 2 1 0
226.553 0.0807425 0.0807425 2 1 0
226.753 0.080761 0.080761 2 1 0
226.953 0.0807795 0.0807795 2 1 0
227.153 0.0807979 0.0807979 2 1 0
227.353 0.0808162 0.0808162 2 1 0
227.553 0.0808344 0.0808344 2 1 0
227.753 0.0808526 0.0808526 2 1 0
227.953 0.0808707 0.0808707 2 1 0
228.153 0.0808888 0.0808888 2 1 0
228.353 0.0809068 0.0809068 2 1 0
228.553 0.0809247 0.0809247 2 1 0
228.753 0.0809425 0.0809425 2 1 0
228.953 0.0809603 0.0809603 2 1 0
229.153 0.080978 0.080978 2 1 0
229.353 0.0809957 0.0809957 2 1 0
229.553 0.0810133 0.0810133 2 1 0
229.753 0.0810308 0.0810308 2 1 0
229.953 0.0810482 0.0810482 2 1 0
230.153 0.0810656 0.0810656 2 1 0
230.353 0.081083 0.081083 2 1 0
230.553 0.0811002 0.0811002 2 1 0
230.753 0.0811174 0.0811174 2 1 0
230.953 0.0811346 0.0811346 2 1 0
231.153 0.0811517 0.0811517 2 1 0
231.353 0.0811687 0.0811687 2 1 0
231.553 0.0811856 0.0811856 2 1 0
231.753 0.0812025 0.0812025 2 1 0
231.953 0.0812194 0.0812194 2 1 0
232.153 0.0812362 0.0812362 2 1 0
232.353 0.0812529 0.0812529 2 1 0
232.553 0.0812696 0.0812696 2 1 0
232.753 0.0812862 0.0812862 2 1 0
232.953 0.0813027 0.0813027 2 1 0
233.153 0.0813192 0.0813192 2 1 0
233.353 0.0813356 0.0813356 2 1 0
233.553 0.081352 0.081352 2 1 0
233.753 0.0813683 0.0813683 2 1 0
233.953 0.0813846 0.0813846 2 1 0
234.153 0.0814008 0.0814008 2 1 0
234.353 0.081417 0.081417 2 1 0
234.553 0.0814331 0.0814331 2 1 0
234.753 0.0814491 0.0814491 2 1 0
234.953 0.0814651 0.0814651 2 1 0
235.153 0.081481 0.081481 2 1 0
235.353 0.0814969 0.0814969 2 1 0
235.553 0.0815128 0.0815128 2 1 0
235.753 0.0815285 0.0815285 2 1 0
235.953 0.0815443 0.0815443 2 1 0
236.153 0.0815599 0.0815599 2 1 0
236.353 0.0815756 0.0815756 2 1 0
236.553 0.0815911 0.0815911 2 1 0
236.753 0.0816067 0.0816067 2 1 0
236.953 0.0816221 0.0816221 2 1 0
237.153 0.0816375 0.0816375 2 1 0
237.353 0.0816529 0.0816529 2 1 0
237.553 0.0816682 0.0816682 2 1 0
237.753 0.0816835 0.0816835 2 1 0
237.953 0.0816987 0.0816987 2 1 0
238.153 0.0817139 0.0817139 2 1 0
238.353 0.081729 0.081729 2 1 0
238.553 0.0817441 0.0817441 2 1 0
238.753 0.0817591 0.0817591 2 1 0
238.953 0.0817741 0.0817741 2 1 0
239.153 0.081789 0.081789 2 1 0
239.353 0.0818039 0.0818039 2 1 0
239.553 0.0818187 0.0818187 2 1 0
239.753 0.0818335 0.0818335 2 1 0
239.953 0.0818482 0.0818482 2 1 0
240.153 0.0818629 0.0818629 2 1 0
240.353 0.0818776 0.0818776 2 1 0
240.553 0.0818922 0.0818922 2 1 0
240.753 0.0819067 0.0819067 2 1 0
240.953 0.0819212 0.0819212 2 1 0
241.153 0.0819357 0.0819357 2 1 0
241.353 0.0819501 0.0819501 2 1 0
241.553 0.0819645 0.0819645 2 1 0
241.753 0.0819788 0.0819788 2 1 0
241.953 0.0819931 0.0819931 2 1 0
242.153 0.0820074 0.0820074 2 1 0
242.353 0.0820216 0.0820216 2 1 0
242.553 0.0820357 0.0820357 2 1 0
242.753 0.0820498 0.0820498 2 1 0
242.953 0.0820639 0.0820639 2 1 0
243.153 0.0820779 0.0820779 2 1 0
243.353 0.0820919 0.0820919 2 1 0
243.553 0.0821058 0.0821058 2 1 0
243.753 0.0821197 0.0821197 2 1 0
243.953 0.0821336 0.0821336 2 1 0
244.153 0.0821474 0.0821474 2 1 0
244.353 0.0821612 0.0821612 2 1 0
244.553 0.0821749 0.0821749 2 1 0
244.753 0.0821886 0.0821886 2 1 0
244.953 0.0822023 0.0822023 2 1 0
245.153 0.0822159 0.0822159 2 1 0
245.353 0.0822295 0.0822295 2 1 0
245.553 0.082243 0.082243 2 1 0
245.753 0.0822565 0.0822565 2 1 0
245.953 0.0822699 0.0822699 2 1 0
246.153 0.0822833 0.0822833 2 1 0
246.353 0.0822967 0.0822967 2 1 0
246.553 0.0823101 0.0823101 2 1 0
246.753 0.0823234 0.0823234 2 1 0
246.953 0.0823366 0.0823366 2 1 0
247.153 0.0823498 0.0823498 2 1 0
247.353 0.082363 0.082363 2 1 0
247.553 0.0823762 0.0823762 2 1 0
247.753 0.0823893 0.0823893 2 1 0
247.953 0.0824023 0.0824023 2 1 0
248.153 0.0824154 0.0824154 2 1 0
248.353 0.0824283 0.0824283 2 1 0
248.553 0.0824413 0.0824413 2 1 0
248.753 0.0824542 0.0824542 2 1 0
248.953 0.0824671 0.0824671 2 1 0
249.153 0.0824799 0.0824799 2 1 0
249.353 0.0824928 0.0824928 2 1 0
249.553 0.0825055 0.0825055 2 1 0
249.753 0.0825183 0.0825183 2 1 0
249.953 0.082531 0.082531 2 1 0
250.153 0.0825436 0.0825436 2 1 0
250.353 0.0825563 0.0825563 2 1 0
250.553 0.0825688 0.0825688 2 1 0
250.753 0.0825814 0.0825814 2 1 0
250.953 0.0825939 0.0825939 2 1 0
251.153 0.0826064 0.0826064 2 1 0
251.353 0.0826189 0.0826189 2 1 0
251.553 0.0826313 0.0826313 2 1 0
251.753 0.0826437 0.0826437 2 1 0
251.953 0.082656 0.082656 2 1 0
252.153 0.0826684 0.0826684 2 1 0
252.353 0.0826806 0.0826806 2 1 0
252.553 0.0826929 0.0826929 2 1 0
252.753 0.0827051 0.0827051 2 1 0
252.953 0.0827173 0.0827173 2 1 0
253.153 0.0827294 0.0827294 2 1 0
253.353 0.0827416 0.0827416 2 1 0
253.553 0.0827536 0.0827536 2 1 0
253.753 0.0827657 0.0827657 2 1 0
253.953 0.0827777 0.0827777 2 1 0
254.153 0.0827897 0.0827897 2 1 0
254.353 0.0828016 0.0828016 2 1 0
254.553 0.0828136 0.0828136 2 1 0
254.753 0.0828255 0.0828255 2 1 0
254.953 0.0828373 0.0828373 2 1 0
255.153 0.0828491 0.0828491 2 1 0
255.353 0.0828609 0.0828609 2 1 0
255.553 0.0828727 0.0828727 2 1 0
255.753 0.0828844 0.0828844 2 1 0
255.953 0.0828961 0.0828961 2 1 0
256.153 0.0829078 0.0829078 2 1 0
256.353 0.0829194 0.0829194 2 1 0
256.553 0.0829311 0.0829311 2 1 0
256.753 0.0829426 0.0829426 2 1 0
256.953 0.0829542 0.0829542 2 1 0
257.153 0.0829657 0.0829657 2 1 0
257.353 0.0829772 0.0829772 2 1 0
257.553 0.0829886 0.0829886 2 1 0
257.753 0.0830001 0.0830001 2 1 0
257.953 0.0830115 0.0830115 2 1 0
258.153 0.0830228 0.0830228 2 1 0
258.353 0.0830342 0.0830342 2 1 0
258.553 0.0830455 0.0830455 2 1 0
258.753 0.0830568 0.0830568 2 1 0
258.953 0.083068 0.083068 2 1 0
259.153 0.0830792 0.0830792 2 1 0
259.353 0.0830904 0.0830904 2 1 0
259.553 0.0831016 0.0831016 2 1 0
259.753 0.0831127 0.0831127 2 1 0
259.953 0.0831238 0.0831238 2 1 0
260.153 0.0831349 0.0831349 2 1 0
260.353 0.083146 0.083146 2 1 0
260.553 0.083157 0.083157 2 1 0
260.553 0.083157 0.083157 2 1 0
260.593 0.0831592 0.0831592 2 1 0
260.633 0.0831614 0.0831614 2 1 0
260.713 0.0831658 0.0831658 2 1 0
260.873 0.0831746 0.0831746 2 1 0
261.073 0.0831855 0.0831855 2 1 0
261.273 0.0831964 0.0831964 2 1 0
261.473 0.0832073 0.0832073 2 1 0
261.673 0.0832182 0.0832182 2 1 0
261.873 0.083229 0.083229 2 1 0
262.073 0.0832399 0.0832399 2 1 0
262.273 0.0832506 0.0832506 2 1 0
262.473 0.0832614 0.0832614 2 1 0
262.673 0.0832721 0.0832721 2 1 0
262.873 0.0832828 0.0832828 2 1 0
263.073 0.0832935 0.0832935 2 1 0
263.273 0.0833042 0.0833042 2 1 0
263.473 0.0833148 0.0833148 2 1 0
263.673 0.0833254 0.0833254 2 1 0
263.873 0.083336 0.083336 2 1 0
264.073 0.0833465 0.0833465 2 1 0
264.273 0.083357 0.083357 2 1 0
264.473 0.0833675 0.0833675 2 1 0
264.673 0.083378 0.083378 2 1 0
264.873 0.0833884 0.0833884 2 1 0
265.073 0.0833989 0.0833989 2 1 0
265.273 0.0834093 0.0834093 2 1 0
265.473 0.0834196 0.0834196 2 1 0
265.673 0.08343 0.08343 2 1 0
265.873 0.0834403 0.0834403 2 1 0
266.073 0.0834506 0.0834506 2 1 0
266.273 0.0834608 0.0834608 2 1 0
266.473 0.0834711 0.0834711 2 1 0
266.673 0.0834813 0.0834813 2 1 0
266.873 0.0834915 0.0834915 2 1 0
267.073 0.0835017 0.0835017 2 1 0
267.273 0.0835118 0.0835118 2 1 0
267.473 0.0835219 0.0835219 2 1 0
267.673 0.083532 0.083532 2 1 0
267.873 0.0835421 0.0835421 2 1 0
268.073 0.0835521 0.0835521 2 1 0
268.273 0.0835622 0.0835622 2 1 0
268.473 0.0835722 0.0835722 2 1 0
268.673 0.0835821 0.0835821 2 1 0
268.873 0.0835921 0.0835921 2 1 0
269.073 0.083602 0.083602 2 1 0
269.273 0.0836119 0.0836119 2 1 0
269.473 0.0836218 0.0836218 2 1 0
269.673 0.0836317 0.0836317 2 1 0
269.873 0.0836415 0.0836415 2 1 0
270.073 0.0836513 0.0836513 2 1 0
270.273 0.0836611 0.0836611 2 1 0
270.473 0.0836709 0.0836709 2 1 0
270.673 0.0836806 0.0836806 2 1 0
270.873 0.0836903 0.0836903 2 1 0
271.073 0.0837 0.0837 2 1 0
271.273 0.0837097 0.0837097 2 1 0
271.473 0.0837194 0.0837194 2 1 0
271.673 0.083729 0.083729 2 1 0
271.873 0.0837386 0.0837386 2 1 0
272.073 0.0837482 0.0837482 2 1 0
272.273 0.0837577 0.0837577 2 1 0
272.473 0.0837673 0.0837673 2 1 0
272.673 0.0837768 0.0837768 2 1 0
272.873 0.0837863 0.0837863 2 1 0
273.073 0.0837958 0.0837958 2 1 0
273.273 0.0838052 0.0838052 2 1 0
273.473 0.0838147 0.0838147 2 1 0
273.673 0.0838241 0.0838241 2 1 0
273.873 0.0838335 0.0838335 2 1 0
274.073 0.0838428 0.0838428 2 1 0
274.273 0.0838522 0.0838522 2 1 0
274.473 0.0838615 0.0838615 2 1 0
274.673 0.0838708 0.0838708 2 1 0
274.873 0.0838801 0.0838801 2 1 0
275.073 0.0838893 0.0838893 2 1 0
275.273 0.0838986 0.0838986 2 1 0
275.473 0.0839078 0.0839078 2 1 0
275.673 0.083917 0.083917 2 1 0
275.873 0.0839262 0.0839262 2 1 0
276.073 0.0839353 0.0839353 2 1 0
276.273 0.0839445 0.0839445 2 1 0
276.473 0.0839536 0.0839536 2 1 0
276.673 0.0839627 0.0839627 2 1 0
276.873 0.0839718 0.0839718 2 1 0
277.073 0.0839808 0.0839808 2 1 0
277.273 0.0839899 0.0839899 2 1 0
277.473 0.0839989 0.0839989 2 1 0
277.673 0.0840079 0.0840079 2 1 0
277.873 0.0840169 0.0840169 2 1 0
278.073 0.0840258 0.0840258 2 1 0
278.273 0.0840347 0.0840347 2 1 0
278.473 0.0840437 0.0840437 2 1 0
278.673 0.0840526 0.0840526 2 1 0
278.873 0.0840614 0.0840614 2 1 0
279.073 0.0840703 0.0840703 2 1 0
279.273 0.0840791 0.0840791 2 1 0
279.473 0.0840879 0.0840879 2 1 0
279.673 0.0840967 0.0840967 2 1 0
279.873 0.0841055 0.0841055 2 1 0
280.073 0.0841143 0.0841143 2 1 0
280.273 0.084123 0.084123 2 1 0
280.473 0.0841318 0.0841318 2 1 0
280.673 0.0841405 0.0841405 2 1 0
280.873 0.0841491 0.0841491 2 1 0
281.073 0.0841578 0.0841578 2 1 0
281.273 0.0841665 0.0841665 2 1 0
281.473 0.0841751 0.0841751 2 1 0
281.673 0.0841837 0.0841837 2 1 0
281.873 0.0841923 0.0841923 2 1 0
282.073 0.0842009 0.0842009 2 1 0
282.273 0.0842094 0.0842094 2 1 0
282.473 0.0842179 0.0842179 2 1 0
282.673 0.0842265 0.0842265 2 1 0
282.873 0.084235 0.084235 2 1 0
283.073 0.0842434 0.0842434 2 1 0
283.273 0.0842519 0.0842519 2 1 0
283.473 0.0842604 0.0842604 2 1 0
283.673 0.0842688 0.0842688 2 1 0
283.873 0.0842772 0.0842772 2 1 0
284.073 0.0842856 0.0842856 2 1 0
284.273 0.084294 0.084294 2 1 0
284.473 0.0843023 0.0843023 2 1 0
284.673 0.0843106 0.0843106 2 1 0
284.873 0.084319 0.084319 2 1 0
285.073 0.0843273 0.0843273 2 1 0
285.273 0.0843356 0.0843356 2 1 0
285.473 0.0843438 0.0843438 2 1 0
285.673 0.0843521 0.0843521 2 1 0
285.873 0.0843603 0.0843603 2 1 0
286.073 0.0843685 0.0843685 2 1 0
286.273 0.0843767 0.0843767 2 1 0
286.473 0.0843849 0.0843849 2 1 0
286.673 0.0843931 0.0843931 2 1 0
286.873 0.0844012 0.0844012 2 1 0
287.073 0.0844093 0.0844093 2 1 0
287.273 0.0844175 0.0844175 2 1 0
287.473 0.0844255 0.0844255 2 1 0
287.673 0.0844336 0.0844336 2 1 0
287.873 0.0844417 0.0844417 2 1 0
288.073 0.0844497 0.0844497 2 1 0
288.273 0.0844578 0.0844578 2 1 0
288.473 0.0844658 0.0844658 2 1 0
288.673 0.0844738 0.0844738 2 1 0
288.873 0.0844818 0.0844818 2 1 0
289.073 0.0844897 0.0844897 2 1 0
289.273 0.0844977 0.0844977 2 1 0
289.473 0.0845056 0.0845056 2 1 0
289.673 0.0845135 0.0845135 2 1 0
289.873 0.0845214 0.0845214 2 1 0
290.073 0.0845293 0.0845293 2 1 0
290.273 0.0845372 0.0845372 2 1 0
290.473 0.084545 0.084545 2 1 0
290.673 0.0845528 0.0845528 2 1 0
290.873 0.0845607 0.0845607 2 1 0
291.073 0.0845685 0.0845685 2 1 0
291.273 0.0845762 0.0845762 2 1 0
291.473 0.084584 0.084584 2 1 0
291.673 0.0845918 0.0845918 2 1 0
291.873 0.0845995 0.0845995 2 1 0
292.073 0.0846072 0.0846072 2 1 0
292.273 0.0846149 0.0846149 2 1 0
292.473 0.0846226 0.0846226 2 1 0
292.673 0.0846303 0.0846303 2 1 0
292.873 0.084638 0.084638 2 1 0
293.073 0.0846456 0.0846456 2 1 0
293.273 0.0846532 0.0846532 2 1 0
293.473 0.0846609 0.0846609 2 1 0
293.673 0.0846685 0.0846685 2 1 0
293.873 0.084676 0.084676 2 1 0
294.073 0.0846836 0.0846836 2 1 0
294.273 0.0846912 0.0846912 2 1 0
294.473 0.0846987 0.0846987 2 1 0
294.673 0.0847062 0.0847062 2 1 0
294.873 0.0847137 0.0847137 2 1 0
295.073 0.0847212 0.0847212 2 1 0
295.273 0.0847287 0.0847287 2 1 0
295.473 0.0847362 0.0847362 2 1 0
295.673 0.0847436 0.0847436 2 1 0
295.873 0.0847511 0.0847511 2 1 0
296.073 0.0847585 0.0847585 2 1 0
296.273 0.0847659 0.0847659 2 1 0
296.473 0.0847733 0.0847733 2 1 0
296.673 0.0847807 0.0847807 2 1 0
296.873 0.084788 0.084788 2 1 0
297.073 0.0847954 0.0847954 2 1 0
297.273 0.0848027 0.0848027 2 1 0
297.473 0.08481 0.08481 2 1 0
297.673 0.0848173 0.0848173 2 1 0
297.873 0.0848246 0.0848246 2 1 0
298.073 0.0848319 0.0848319 2 1 0
298.273 0.0848392 0.0848392 2 1 0
298.473 0.0848464 0.0848464 2 1 0
298.673 0.0848537 0.0848537 2 1 0
298.873 0.0848609 0.0848609 2 1 0
299.073 0.0848681 0.0848681 2 1 0
299.273 0.0848753 0.0848753 2 1 0
299.473 0.0848824 0.0848824 2 1 0
299.673 0.0848896 0.0848896 2 1 0
299.873 0.0848968 0.0848968 2 1 0
299.873 0.0848968 0.0848968 2 1 0
299.913 0.0848982 0.0848982 2 1 0
299.953 0.0848996 0.0848996 2 1 0
300.033 0.0849025 0.0849025 2 1 0
300.193 0.0849082 0.0849082 2 1 0
300.393 0.0849153 0.0849153 2 1 0
300.593 0.0849224 0.0849224 2 1 0
300.793 0.0849295 0.0849295 2 1 0
300.993 0.0849366 0.0849366 2 1 0
301.193 0.0849436 0.0849436 2 1 0
301.393 0.0849507 0.0849507 2 1 0
301.593 0.0849577 0.0849577 2 1 0
301.793 0.0849647 0.0849647 2 1 0
301.993 0.0849717 0.0849717 2 1 0
302.193 0.0849787 0.0849787 2 1 0
302.393 0.0849857 0.0849857 2 1 0
302.593 0.0849927 0.0849927 2 1 0
302.793 0.0849996 0.0849996 2 1 0
302.993 0.0850066 0.0850066 2 1 0
303.193 0.0850135 0.0850135 2 1 0
303.393 0.0850204 0.0850204 2 1 0
303.593 0.0850273 0.0850273 2 1 0
303.793 0.0850342 0.0850342 2 1 0
303.993 0.0850411 0.0850411 2 1 0
304.193 0.0850479 0.0850479 2 1 0
304.393 0.0850548 0.0850548 2 1 0
304.593 0.0850616 0.0850616 2 1 0
304.793 0.0850684 0.0850684 2 1 0
304.993 0.0850753 0.0850753 2 1 0
305.193 0.0850821 0.0850821 2 1 0
305.393 0.0850888 0.0850888 2 1 0
305.593 0.0850956 0.0850956 2 1 0
305.793 0.0851024 0.0851024 2 1 0
305.993 0.0851091 0.0851091 2 1 0
306.193 0.0851159 0.0851159 2 1 0
306.393 0.0851226 0.0851226 2 1 0
306.593 0.0851293 0.0851293 2 1 0
306.793 0.085136 0.085136 2 1 0
306.993 0.0851427 0.0851427 2 1 0
307.193 0.0851493 0.0851493 2 1 0
307.393 0.085156 0.085156 2 1 0
307.593 0.0851627 0.0851627 2 1 0
307.793 0.0851693 0.0851693 2 1 0
307.993 0.0851759 0.0851759 2 1 0
308.193 0.0851825 0.0851825 2 1 0
308.393 0.0851891 0.0851891 2 1 0
308.593 0.0851957 0.0851957 2 1 0
308.793 0.0852023 0.0852023 2 1 0
308.993 0.0852089 0.0852089 2 1 0
309.193 0.0852154 0.0852154 2 1 0
309.393 0.0852219 0.0852219 2 1 0
309.593 0.0852285 0.0852285 2 1 0
309.793 0.085235 0.085235 2 1 0
309.993 0.0852415 0.0852415 2 1 0
310.193 0.085248 0.085248 2 1 0
310.393 0.0852545 0.0852545 2 1 0
310.593 0.0852609 0.0852609 2 1 0
310.793 0.0852674 0.0852674 2 1 0
310.993 0.0852738 0.0852738 2 1 0
311.193 0.0852803 0.0852803 2 1 0
311.393 0.0852867 0.0852867 2 1 0
311.593 0.0852931 0.0852931 2 1 0
311.793 0.0852995 0.0852995 2 1 0
311.993 0.0853059 0.0853059 2 1 0
312.193 0.0853123 0.0853123 2 1 0
312.393 0.0853186 0.0853186 2 1 0
312.593 0.085325 0.085325 2 1 0
312.793 0.0853313 0.0853313 2 1 0
312.993 0.0853376 0.0853376 2 1 0
313.193 0.085344 0.085344 2 1 0
313.393 0.0853503 0.0853503 2 1 0
313.593 0.0853566 0.0853566 2 1 0
313.793 0.0853628 0.0853628 2 1 0
313.993 0.0853691 0.0853691 2 1 0
314.193 0.0853754 0.0853754 2 1 0
314.393 0.0853816 0.0853816 2 1 0
314.593 0.0853879 0.0853879 2 1 0
314.793 0.0853941 0.0853941 2 1 0
314.993 0.0854003 0.0854003 2 1 0
315.193 0.0854065 0.0854065 2 1 0
315.393 0.0854127 0.0854127 2 1 0
315.593 0.0854189 0.0854189 2 1 0
315.793 0.0854251 0.0854251 2 1 0
315.993 0.0854312 0.0854312 2 1 0
316.193 0.0854374 0.0854374 2 1 0
316.393 0.0854435 0.0854435 2 1 0
316.593 0.0854497 0.0854497 2 1 0
316.793 0.0854558 0.0854558 2 1 0
316.993 0.0854619 0.0854619 2 1 0
317.193 0.085468 0.085468 2 1 0
317.393 0.0854741 0.0854741 2 1 0
317.593 0.0854801 0.0854801 2 1 0
317.793 0.0854862 0.0854862 2 1 0
317.993 0.0854923 0.0854923 2 1 0
318.193 0.0854983 0.0854983 2 1 0
318.393 0.0855043 0.0855043 2 1 0
318.593 0.0855104 0.0855104 2 1 0
318.793 0.0855164 0.0855164 2 1 0
318.993 0.0855224 0.0855224 2 1 0
319.193 0.0855284 0.0855284 2 1 0
319.393 0.0855344 0.0855344 2 1 0
319.593 0.0855403 0.0855403 2 1 0
319.793 0.0855463 0.0855463 2 1 0
319.993 0.0855522 0.0855522 2 1 0
320.193 0.0855582 0.0855582 2 1 0
320.393 0.0855641 0.0855641 2 1 0
320.593 0.08557 0.08557 2 1 0
320.793 0.0855759 0.0855759 2 1 0
320.993 0.0855818 0.0855818 2 1 0
321.193 0.0855877 0.0855877 2 1 0
321.393 0.0855936 0.0855936 2 1 0
321.593 0.0855995 0.0855995 2 1 0
321.793 0.0856053 0.0856053 2 1 0
321.993 0.0856112 0.0856112 2 1 0
322.193 0.085617 0.085617 2 1 0
322.393 0.0856228 0.0856228 2 1 0
322.593 0.0856287 0.0856287 2 1 0
322.793 0.0856345 0.0856345 2 1 0
322.993 0.0856403 0.0856403 2 1 0
323.193 0.0856461 0.0856461 2 1 0
323.393 0.0856518 0.0856518 2 1 0
323.593 0.0856576 0.0856576 2 1 0
323.793 0.0856634 0.0856634 2 1 0
323.993 0.0856691 0.0856691 2 1 0
324.193 0.0856749 0.0856749 2 1 0
324.393 0.0856806 0.0856806 2 1 0
324.593 0.0856863 0.0856863 2 1 0
324.793 0.085692 0.085692 2 1 0
324.993 0.0856977 0.0856977 2 1 0
325.193 0.0857034 0.0857034 2 1 0
325.393 0.0857091 0.0857091 2 1 0
325.593 0.0857148 0.0857148 2 1 0
325.793 0.0857204 0.0857204 2 1 0
325.993 0.0857261 0.0857261 2 1 0
326.193 0.0857317 0.0857317 2 1 0
326.393 0.0857374 0.0857374 2 1 0
326.593 0.085743 0.085743 2 1 0
326.793 0.0857486 0.0857486 2 1 0
326.993 0.0857542 0.0857542 2 1 0
327.193 0.0857598 0.0857598 2 1 0
327.393 0.0857654 0.0857654 2 1 0
327.593 0.085771 0.085771 2 1 0
327.793 0.0857765 0.0857765 2 1 0
327.993 0.0857821 0.0857821 2 1 0
328.193 0.0857877 0.0857877 2 1 0
328.393 0.0857932 0.0857932 2 1 0
328.593 0.0857987 0.0857987 2 1 0
328.793 0.0858042 0.0858042 2 1 0
328.993 0.0858098 0.0858098 2 1 0
329.193 0.0858153 0.0858153 2 1 0
329.393 0.0858208 0.0858208 2 1 0
329.593 0.0858262 0.0858262 2 1 0
329.793 0.0858317 0.0858317 2 1 0
329.993 0.0858372 0.0858372 2 1 0
330.193 0.0858427 0.0858427 2 1 0
330.393 0.0858481 0.0858481 2 1 0
330.593 0.0858535 0.0858535 2 1 0
330.793 0.085859 0.085859 2 1 0
330.993 0.0858644 0.0858644 2 1 0
331.193 0.0858698 0.0858698 2 1 0
331.393 0.0858752 0.0858752 2 1 0
331.593 0.0858806 0.0858806 2 1 0
331.793 0.085886 0.085886 2 1 0
331.993 0.0858914 0.0858914 2 1 0
332.193 0.0858968 0.0858968 2 1 0
332.393 0.0859021 0.0859021 2 1 0
332.593 0.0859075 0.0859075 2 1 0
332.793 0.0859128 0.0859128 2 1 0
332.993 0.0859181 0.0859181 2 1 0
333.193 0.0859235 0.0859235 2 1 0
333.393 0.0859288 0.0859288 2 1 0
333.593 0.0859341 0.0859341 2 1 0
333.793 0.0859394 0.0859394 2 1 0
333.993 0.0859447 0.0859447 2 1 0
334.193 0.08595 0.08595 2 1 0
334.393 0.0859552 0.0859552 2 1 0
334.593 0.0859605 0.0859605 2 1 0
334.793 0.0859658 0.0859658 2 1 0
334.993 0.085971 0.085971 2 1 0
335.193 0.0859763 0.0859763 2 1 0
335.393 0.0859815 0.0859815 2 1 0
335.593 0.0859867 0.0859867 2 1 0
335.793 0.0859919 0.0859919 2 1 0
335.993 0.0859971 0.0859971 2 1 0
336.193 0.0860023 0.0860023 2 1 0
336.393 0.0860075 0.0860075 2 1 0
336.593 0.0860127 0.0860127 2 1 0
336.793 0.0860179 0.0860179 2 1 0
336.993 0.0860231 0.0860231 2 1 0
337.193 0.0860282 0.0860282 2 1 0
337.393 0.0860334 0.0860334 2 1 0
337.593 0.0860385 0.0860385 2 1 0
337.793 0.0860436 0.0860436 2 1 0
337.993 0.0860488 0.0860488 2 1 0
338.193 0.0860539 0.0860539 2 1 0
338.393 0.086059 0.086059 2 1 0
338.593 0.0860641 0.0860641 2 1 0
338.793 0.0860692 0.0860692 2 1 0
338.993 0.0860743 0.0860743 2 1 0
339.193 0.0860793 0.0860793 2 1 0
339.193 0.0860793 0.0860793 2 1 0
339.233 0.0860804 0.0860804 2 1 0
339.273 0.0860814 0.0860814 2 1 0
339.353 0.0860834 0.0860834 2 1 0
339.513 0.0860874 0.0860874 2 1 0
339.713 0.0860925 0.0860925 2 1 0
339.913 0.0860975 0.0860975 2 1 0
340.113 0.0861026 0.0861026 2 1 0
340.313 0.0861076 0.0861076 2 1 0
340.513 0.0861126 0.0861126 2 1 0
340.713 0.0861177 0.0861177 2 1 0
340.913 0.0861227 0.0861227 2 1 0
341.113 0.0861277 0.0861277 2 1 0
341.313 0.0861327 0.0861327 2 1 0
341.513 0.0861376 0.0861376 2 1 0
341.713 0.0861426 0.0861426 2 1 0
341.913 0.0861476 0.0861476 2 1 0
342.113 0.0861525 0.0861525 2 1 0
342.313 0.0861575 0.0861575 2 1 0
342.513 0.0861624 0.0861624 2 1 0
342.713 0.0861674 0.0861674 2 1 0
342.913 0.0861723 0.0861723 2 1 0
343.113 0.0861772 0.0861772 2 1 0
343.313 0.0861821 0.0861821 2 1 0
343.513 0.0861871 0.0861871 2 1 0
343.713 0.086192 0.086192 2 1 0
343.913 0.0861968 0.0861968 2 1 0
344.113 0.0862017 0.0862017 2 1 0
344.313 0.0862066 0.0862066 2 1 0
344.513 0.0862115 0.0862115 2 1 0
344.713 0.0862163 0.0862163 2 1 0
344.913 0.0862212 0.0862212 2 1 0
345.113 0.086226 0.086226 2 1 0
345.313 0.0862309 0.0862309 2 1 0
345.513 0.0862357 0.0862357 2 1 0
345.713 0.0862405 0.0862405 2 1 0
345.913 0.0862453 0.0862453 2 1 0
346.113 0.0862502 0.0862502 2 1 0
346.313 0.086255 0.086255 2 1 0
346.513 0.0862598 0.0862598 2 1 0
346.713 0.0862645 0.0862645 2 1 0
346.913 0.0862693 0.0862693 2 1 0
347.113 0.0862741 0.0862741 2 1 0
347.313 0.0862789 0.0862789 2 1 0
347.513 0.0862836 0.0862836 2 1 0
347.713 0.0862884 0.0862884 2 1 0
347.913 0.0862931 0.0862931 2 1 0
348.113 0.0862978 0.0862978 2 1 0
348.313 0.0863026 0.0863026 2 1 0
348.513 0.0863073 0.0863073 2 1 0
348.713 0.086312 0.086312 2 1 0
348.913 0.0863167 0.0863167 2 1 0
349.113 0.0863214 0.0863214 2 1 0
349.313 0.0863261 0.0863261 2 1 0
349.513 0.0863308 0.0863308 2 1 0
349.713 0.0863355 0.0863355 2 1 0
349.913 0.0863402 0.0863402 2 1 0
350.113 0.0863448 0.0863448 2 1 0
350.313 0.0863495 0.0863495 2 1 0
350.513 0.0863541 0.0863541 2 1 0
350.713 0.0863588 0.0863588 2 1 0
350.913 0.0863634 0.0863634 2 1 0
351.113 0.086368 0.086368 2 1 0
351.313 0.0863727 0.0863727 2 1 0
351.513 0.0863773 0.0863773 2 1 0
351.713 0.0863819 0.0863819 2 1 0
351.913 0.0863865 0.0863865 2 1 0
352.113 0.0863911 0.0863911 2 1 0
352.313 0.0863957 0.0863957 2 1 0
352.513 0.0864003 0.0864003 2 1 0
352.713 0.0864048 0.0864048 2 1 0
352.913 0.0864094 0.0864094 2 1 0
353.113 0.086414 0.086414 2 1 0
353.313 0.0864185 0.0864185 2 1 0
353.513 0.0864231 0.0864231 2 1 0
353.713 0.0864276 0.0864276 2 1 0
353.913 0.0864321 0.0864321 2 1 0
354.113 0.0864367 0.0864367 2 1 0
354.313 0.0864412 0.0864412 2 1 0
354.513 0.0864457 0.0864457 2 1 0
354.713 0.0864502 0.0864502 2 1 0
354.913 0.0864547 0.0864547 2 1 0
355.113 0.0864592 0.0864592 2 1 0
355.313 0.0864637 0.0864637 2 1 0
355.513 0.0864682 0.0864682 2 1 0
355.713 0.0864726 0.0864726 2 1 0
355.913 0.0864771 0.0864771 2 1 0
356.113 0.0864816 0.0864816 2 1 0
356.313 0.086486 0.086486 2 1 0
356.513 0.0864905 0.0864905 2 1 0
356.713 0.0864949 0.0864949 2 1 0
356.913 0.0864993 0.0864993 2 1 0
357.113 0.0865038 0.0865038 2 1 0
357.313 0.0865082 0.0865082 2 1 0
357.513 0.0865126 0.0865126 2 1 0
357.713 0.086517 0.086517 2 1 0
357.913 0.0865214 0.0865214 2 1 0
358.113 0.0865258 0.0865258 2 1 0
358.313 0.0865302 0.0865302 2 1 0
358.513 0.0865346 0.0865346 2 1 0
358.713 0.086539 0.086539 2 1 0
358.913 0.0865433 0.0865433 2 1 0
359.113 0.0865477 0.0865477 2 1 0
359.313 0.0865521 0.0865521 2 1 0
359.513 0.0865564 0.0865564 2 1 0
359.713 0.0865608 0.0865608 2 1 0
359.913 0.0865651 0.0865651 2 1 0
360.113 0.0865694 0.0865694 2 1 0
360.313 0.0865738 0.0865738 2 1 0
360.513 0.0865781 0.0865781 2 1 0
360.713 0.0865824 0.0865824 2 1 0
360.913 0.0865867 0.0865867 2 1 0
361.113 0.086591 0.086591 2 1 0
361.313 0.0865953 0.0865953 2 1 0
361.513 0.0865996 0.0865996 2 1 0
361.713 0.0866039 0.0866039 2 1 0
361.913 0.0866081 0.0866081 2 1 0
362.113 0.0866124 0.0866124 2 1 0
362.313 0.0866167 0.0866167 2 1 0
362.513 0.0866209 0.0866209 2 1 0
362.713 0.0866252 0.0866252 2 1 0
362.913 0.0866294 0.0866294 2 1 0
363.113 0.0866337 0.0866337 2 1 0
363.313 0.0866379 0.0866379 2 1 0
363.513 0.0866421 0.0866421 2 1 0
363.713 0.0866463 0.0866463 2 1 0
363.913 0.0866506 0.0866506 2 1 0
364.113 0.0866548 0.0866548 2 1 0
364.313 0.086659 0.086659 2 1 0
364.513 0.0866632 0.0866632 2 1 0
364.713 0.0866674 0.0866674 2 1 0
364.913 0.0866715 0.0866715 2 1 0
365.113 0.0866757 0.0866757 2 1 0
365.313 0.0866799 0.0866799 2 1 0
365.513 0.0866841 0.0866841 2 1 0
365.713 0.0866882 0.0866882 2 1 0
365.913 0.0866924 0.0866924 2 1 0
366.113 0.0866965 0.0866965 2 1 0
366.313 0.0867007 0.0867007 2 1 0
366.513 0.0867048 0.0867048 2 1 0
366.713 0.0867089 0.0867089 2 1 0
366.913 0.0867131 0.0867131 2 1 0
367.113 0.0867172 0.0867172 2 1 0
367.313 0.0867213 0.0867213 2 1 0
367.513 0.0867254 0.0867254 2 1 0
367.713 0.0867295 0.0867295 2 1 0
367.913 0.0867336 0.0867336 2 1 0
368.113 0.0867377 0.0867377 2 1 0
368.313 0.0867418 0.0867418 2 1 0
368.513 0.0867459 0.0867459 2 1 0
368.713 0.0867499 0.0867499 2 1 0
368.913 0.086754 0.086754 2 1 0
369.113 0.0867581 0.0867581 2 1 0
369.313 0.0867621 0.0867621 2 1 0
369.513 0.0867662 0.0867662 2 1 0
369.713 0.0867702 0.0867702 2 1 0
369.913 0.0867743 0.0867743 2 1 0
370.113 0.0867783 0.0867783 2 1 0
370.313 0.0867823 0.0867823 2 1 0
370.513 0.0867864 0.0867864 2 1 0
370.713 0.0867904 0.0867904 2 1 0
370.913 0.0867944 0.0867944 2 1 0
371.113 0.0867984 0.0867984 2 1 0
371.313 0.0868024 0.0868024 2 1 0
371.513 0.0868064 0.0868064 2 1 0
371.713 0.0868104 0.0868104 2 1 0
371.913 0.0868144 0.0868144 2 1 0
372.113 0.0868183 0.0868183 2 1 0
372.313 0.0868223 0.0868223 2 1 0
372.513 0.0868263 0.0868263 2 1 0
372.713 0.0868303 0.0868303 2 1 0
372.913 0.0868342 0.0868342 2 1 0
373.113 0.0868382 0.0868382 2 1 0
373.313 0.0868421 0.0868421 2 1 0
373.513 0.086846 0.086846 2 1 0
373.713 0.08685 0.08685 2 1 0
373.913 0.0868539 0.0868539 2 1 0
374.113 0.0868578 0.0868578 2 1 0
374.313 0.0868618 0.0868618 2 1 0
374.513 0.0868657 0.0868657 2 1 0
374.713 0.0868696 0.0868696 2 1 0
374.913 0.0868735 0.0868735 2 1 0
375.113 0.0868774 0.0868774 2 1 0
375.313 0.0868813 0.0868813 2 1 0
375.513 0.0868852 0.0868852 2 1 0
375.713 0.086889 0.086889 2 1 0
375.913 0.0868929 0.0868929 2 1 0
376.113 0.0868968 0.0868968 2 1 0
376.313 0.0869007 0.0869007 2 1 0
376.513 0.0869045 0.0869045 2 1 0
376.713 0.0869084 0.0869084 2 1 0
376.913 0.0869122 0.0869122 2 1 0
377.113 0.0869161 0.0869161 2 1 0
377.313 0.0869199 0.0869199 2 1 0
377.513 0.0869237 0.0869237 2 1 0
377.713 0.0869276 0.0869276 2 1 0
377.913 0.0869314 0.0869314 2 1 0
378.113 0.0869352 0.0869352 2 1 0
378.313 0.086939 0.086939 2 1 0
378.513 0.0869428 0.0869428 2 1 0
378.513 0.0869428 0.0869428 2 1 0
378.553 0.0869436 0.0869436 2 1 0
378.593 0.0869444 0.0869444 2 1 0
378.673 0.0869459 0.0869459 2 1 0
378.833 0.0869489 0.0869489 2 1 0
379.033 0.0869527 0.0869527 2 1 0
379.233 0.0869565 0.0869565 2 1 0
379.433 0.0869603 0.0869603 2 1 0
379.633 0.0869641 0.0869641 2 1 0
379.833 0.0869678 0.0869678 2 1 0
380.033 0.0869716 0.0869716 2 1 0
380.233 0.0869754 0.0869754 2 1 0
380.433 0.0869791 0.0869791 2 1 0
380.633 0.0869829 0.0869829 2 1 0
380.833 0.0869866 0.0869866 2 1 0
381.033 0.0869904 0.0869904 2 1 0
381.233 0.0869941 0.0869941 2 1 0
381.433 0.0869979 0.0869979 2 1 0
381.633 0.0870016 0.0870016 2 1 0
381.833 0.0870053 0.0870053 2 1 0
382.033 0.087009 0.087009 2 1 0
382.233 0.0870127 0.0870127 2 1 0
382.433 0.0870165 0.0870165 2 1 0
382.633 0.0870202 0.0870202 2 1 0
382.833 0.0870239 0.0870239 2 1 0
383.033 0.0870275 0.0870275 2 1 0
383.233 0.0870312 0.0870312 2 1 0
383.433 0.0870349 0.0870349 2 1 0
383.633 0.0870386 0.0870386 2 1 0
383.833 0.0870423 0.0870423 2 1 0
384.033 0.0870459 0.0870459 2 1 0
384.233 0.0870496 0.0870496 2 1 0
384.433 0.0870533 0.0870533 2 1 0
384.633 0.0870569 0.0870569 2 1 0
384.833 0.0870606 0.0870606 2 1 0
385.033 0.0870642 0.0870642 2 1 0
385.233 0.0870679 0.0870679 2 1 0
385.433 0.0870715 0.0870715 2 1 0
385.633 0.0870751 0.0870751 2 1 0
385.833 0.0870788 0.0870788 2 1 0
386.033 0.0870824 0.0870824 2 1 0
386.233 0.087086 0.087086 2 1 0
386.433 0.0870896 0.0870896 2 1 0
386.633 0.0870932 0.0870932 2 1 0
386.833 0.0870968 0.0870968 2 1 0
387.033 0.0871004 0.0871004 2 1 0
387.233 0.087104 0.087104 2 1 0
387.433 0.0871076 0.0871076 2 1 0
387.633 0.0871112 0.0871112 2 1 0
387.833 0.0871148 0.0871148 2 1 0
388.033 0.0871183 0.0871183 2 1 0
388.233 0.0871219 0.0871219 2 1 0
388.433 0.0871255 0.0871255 2 1 0
388.633 0.087129 0.087129 2 1 0
388.833 0.0871326 0.0871326 2 1 0
389.033 0.0871361 0.0871361 2 1 0
389.233 0.0871397 0.0871397 2 1 0
389.433 0.0871432 0.0871432 2 1 0
389.633 0.0871468 0.0871468 2 1 0
389.833 0.0871503 0.0871503 2 1 0
390.033 0.0871538 0.0871538 2 1 0
390.233 0.0871574 0.0871574 2 1 0
390.433 0.0871609 0.0871609 2 1 0
390.633 0.0871644 0.0871644 2 1 0
390.833 0.0871679 0.0871679 2 1 0
391.033 0.0871714 0.0871714 2 1 0
391.233 0.0871749 0.0871749 2 1 0
391.433 0.0871784 0.0871784 2 1 0
391.633 0.0871819 0.0871819 2 1 0
391.833 0.0871854 0.0871854 2 1 0
392.033 0.0871889 0.0871889 2 1 0
392.233 0.0871924 0.0871924 2 1 0
392.433 0.0871958 0.0871958 2 1 0
392.633 0.0871993 0.0871993 2 1 0
392.833 0.0872028 0.0872028 2 1 0
393.033 0.0872062 0.0872062 2 1 0
393.233 0.0872097 0.0872097 2 1 0
393.433 0.0872131 0.0872131 2 1 0
393.633 0.0872166 0.0872166 2 1 0
393.833 0.08722 0.08722 2 1 0
394.033 0.0872235 0.0872235 2 1 0
394.233 0.0872269 0.0872269 2 1 0
394.433 0.0872303 0.0872303 2 1 0
394.633 0.0872337 0.0872337 2 1 0
394.833 0.0872372 0.0872372 2 1 0
395.033 0.0872406 0.0872406 2 1 0
395.233 0.087244 0.087244 2 1 0
395.433 0.0872474 0.0872474 2 1 0
395.633 0.0872508 0.0872508 2 1 0
395.833 0.0872542 0.0872542 2 1 0
396.033 0.0872576 0.0872576 2 1 0
396.233 0.087261 0.087261 2 1 0
396.433 0.0872644 0.0872644 2 1 0
396.633 0.0872678 0.0872678 2 1 0
396.833 0.0872711 0.0872711 2 1 0
397.033 0.0872745 0.0872745 2 1 0
397.233 0.0872779 0.0872779 2 1 0
397.433 0.0872812 0.0872812 2 1 0
397.633 0.0872846 0.0872846 2 1 0
397.833 0.087288 0.087288 2 1 0
398.033 0.0872913 0.0872913 2 1 0
398.233 0.0872947 0.0872947 2 1 0
398.433 0.087298 0.087298 2 1 0
398.633 0.0873013 0.0873013 2 1 0
398.833 0.0873047 0.0873047 2 1 0
399.033 0.087308 0.087308 2 1 0
399.233 0.0873113 0.0873113 2 1 0
399.433 0.0873147 0.0873147 2 1 0
399.633 0.087318 0.087318 2 1 0
399.833 0.0873213 0.0873213 2 1 0
400.033 0.0873246 0.0873246 2 1 0
400.233 0.0873279 0.0873279 2 1 0
400.433 0.0873312 0.0873312 2 1 0
400.633 0.0873345 0.0873345 2 1 0
400.833 0.0873378 0.0873378 2 1 0
401.033 0.0873411 0.0873411 2 1 0
401.233 0.0873444 0.0873444 2 1 0
401.433 0.0873477 0.0873477 2 1 0
401.633 0.0873509 0.0873509 2 1 0
401.833 0.0873542 0.0873542 2 1 0
402.033 0.0873575 0.0873575 2 1 0
402.233 0.0873608 0.0873608 2 1 0
402.433 0.087364 0.087364 2 1 0
402.633 0.0873673 0.0873673 2 1 0
402.833 0.0873705 0.0873705 2 1 0
403.033 0.0873738 0.0873738 2 1 0
403.233 0.087377 0.087377 2 1 0
403.433 0.0873803 0.0873803 2 1 0
403.633 0.0873835 0.0873835 2 1 0
403.833 0.0873867 0.0873867 2 1 0
404.033 0.08739 0.08739 2 1 0
404.233 0.0873932 0.0873932 2 1 0
404.433 0.0873964 0.0873964 2 1 0
404.633 0.0873996 0.0873996 2 1 0
404.833 0.0874028 0.0874028 2 1 0
405.033 0.087406 0.087406 2 1 0
405.233 0.0874092 0.0874092 2 1 0
405.433 0.0874124 0.0874124 2 1 0
405.633 0.0874156 0.0874156 2 1 0
405.833 0.0874188 0.0874188 2 1 0
406.033 0.087422 0.087422 2 1 0
406.233 0.0874252 0.0874252 2 1 0
406.433 0.0874284 0.0874284 2 1 0
406.633 0.0874316 0.0874316 2 1 0
406.833 0.0874347 0.0874347 2 1 0
407.033 0.0874379 0.0874379 2 1 0
407.233 0.0874411 0.0874411 2 1 0
407.433 0.0874442 0.0874442 2 1 0
407.633 0.0874474 0.0874474 2 1 0
407.833 0.0874506 0.0874506 2 1 0
408.033 0.0874537 0.0874537 2 1 0
408.233 0.0874568 0.0874568 2 1 0
408.433 0.08746 0.08746 2 1 0
408.633 0.0874631 0.0874631 2 1 0
408.833 0.0874663 0.0874663 2 1 0
409.033 0.0874694 0.0874694 2 1 0
409.233 0.0874725 0.0874725 2 1 0
409.433 0.0874756 0.0874756 2 1 0
409.633 0.0874788 0.0874788 2 1 0
409.833 0.0874819 0.0874819 2 1 0
410.033 0.087485 0.087485 2 1 0
410.233 0.0874881 0.0874881 2 1 0
410.433 0.0874912 0.0874912 2 1 0
410.633 0.0874943 0.0874943 2 1 0
410.833 0.0874974 0.0874974 2 1 0
411.033 0.0875005 0.0875005 2 1 0
411.233 0.0875036 0.0875036 2 1 0
411.433 0.0875067 0.0875067 2 1 0
411.633 0.0875098 0.0875098 2 1 0
411.833 0.0875128 0.0875128 2 1 0
412.033 0.0875159 0.0875159 2 1 0
412.233 0.087519 0.087519 2 1 0
412.433 0.087522 0.087522 2 1 0
412.633 0.0875251 0.0875251 2 1 0
412.833 0.0875282 0.0875282 2 1 0
413.033 0.0875312 0.0875312 2 1 0
413.233 0.0875343 0.0875343 2 1 0
413.433 0.0875373 0.0875373 2 1 0
413.633 0.0875404 0.0875404 2 1 0
413.833 0.0875434 0.0875434 2 1 0
414.033 0.0875465 0.0875465 2 1 0
414.233 0.0875495 0.0875495 2 1 0
414.433 0.0875525 0.0875525 2 1 0
414.633 0.0875555 0.0875555 2 1 0
414.833 0.0875586 0.0875586 2 1 0
415.033 0.0875616 0.0875616 2 1 0
415.233 0.0875646 0.0875646 2 1 0
415.433 0.0875676 0.0875676 2 1 0
415.633 0.0875706 0.0875706 2 1 0
415.833 0.0875736 0.0875736 2 1 0
416.033 0.0875766 0.0875766 2 1 0
416.233 0.0875796 0.0875796 2 1 0
416.433 0.0875826 0.0875826 2 1 0
416.633 0.0875856 0.0875856 2 1 0
416.833 0.0875886 0.0875886 2 1 0
417.033 0.0875916 0.0875916 2 1 0
417.233 0.0875946 0.0875946 2 1 0
417.433 0.0875975 0.0875975 2 1 0
417.633 0.0876005 0.0876005 2 1 0
417.833 0.0876035 0.0876035 2 1 0
417.833 0.0876035 0.0876035 2 1 0
417.873 0.0876041 0.0876041 2 1 0
417.913 0.0876047 0.0876047 2 1 0
417.993 0.0876059 0.0876059 2 1 0
418.153 0.0876082 0.0876082 2 1 0
418.353 0.0876112 0.0876112 2 1 0
418.553 0.0876142 0.0876142 2 1 0
418.753 0.0876171 0.0876171 2 1 0
418.953 0.0876201 0.0876201 2 1 0
419.153 0.087623 0.087623 2 1 0
419.353 0.0876259 0.0876259 2 1 0
419.553 0.0876289 0.0876289 2 1 0
419.753 0.0876318 0.0876318 2 1 0
419.953 0.0876348 0.0876348 2 1 0
420.153 0.0876377 0.0876377 2 1 0
420.353 0.0876406 0.0876406 2 1 0
420.553 0.0876435 0.0876435 2 1 0
420.753 0.0876465 0.0876465 2 1 0
420.953 0.0876494 0.0876494 2 1 0
421.153 0.0876523 0.0876523 2 1 0
421.353 0.0876552 0.0876552 2 1 0
421.553 0.0876581 0.0876581 2 1 0
421.753 0.087661 0.087661 2 1 0
421.953 0.0876639 0.0876639 2 1 0
422.153 0.0876668 0.0876668 2 1 0
422.353 0.0876697 0.0876697 2 1 0
422.553 0.0876726 0.0876726 2 1 0
422.753 0.0876755 0.0876755 2 1 0
422.953 0.0876783 0.0876783 2 1 0
423.153 0.0876812 0.0876812 2 1 0
423.353 0.0876841 0.0876841 2 1 0
423.553 0.087687 0.087687 2 1 0
423.753 0.0876898 0.0876898 2 1 0
423.953 0.0876927 0.0876927 2 1 0
424.153 0.0876956 0.0876956 2 1 0
424.353 0.0876984 0.0876984 2 1 0
424.553 0.0877013 0.0877013 2 1 0
424.753 0.0877041 0.0877041 2 1 0
424.953 0.087707 0.087707 2 1 0
425.153 0.0877098 0.0877098 2 1 0
425.353 0.0877127 0.0877127 2 1 0
425.553 0.0877155 0.0877155 2 1 0
425.753 0.0877183 0.0877183 2 1 0
425.953 0.0877212 0.0877212 2 1 0
426.153 0.087724 0.087724 2 1 0
426.353 0.0877268 0.0877268 2 1 0
426.553 0.0877296 0.0877296 2 1 0
426.753 0.0877325 0.0877325 2 1 0
426.953 0.0877353 0.0877353 2 1 0
427.153 0.0877381 0.0877381 2 1 0
427.353 0.0877409 0.0877409 2 1 0
427.553 0.0877437 0.0877437 2 1 0
427.753 0.0877465 0.0877465 2 1 0
427.953 0.0877493 0.0877493 2 1 0
428.153 0.0877521 0.0877521 2 1 0
428.353 0.0877549 0.0877549 2 1 0
428.553 0.0877577 0.0877577 2 1 0
428.753 0.0877605 0.0877605 2 1 0
428.953 0.0877633 0.0877633 2 1 0
429.153 0.087766 0.087766 2 1 0
429.353 0.0877688 0.0877688 2 1 0
429.553 0.0877716 0.0877716 2 1 0
429.753 0.0877744 0.0877744 2 1 0
429.953 0.0877771 0.0877771 2 1 0
430.153 0.0877799 0.0877799 2 1 0
430.353 0.0877827 0.0877827 2 1 0
430.553 0.0877854 0.0877854 2 1 0
430.753 0.0877882 0.0877882 2 1 0
430.953 0.0877909 0.0877909 2 1 0
431.153 0.0877937 0.0877937 2 1 0
431.353 0.0877964 0.0877964 2 1 0
431.553 0.0877992 0.0877992 2 1 0
431.753 0.0878019 0.0878019 2 1 0
431.953 0.0878046 0.0878046 2 1 0
432.153 0.0878074 0.0878074 2 1 0
432.353 0.0878101 0.0878101 2 1 0
432.553 0.0878128 0.0878128 2 1 0
432.753 0.0878155 0.0878155 2 1 0
432.953 0.0878183 0.0878183 2 1 0
433.153 0.087821 0.087821 2 1 0
433.353 0.0878237 0.0878237 2 1 0
433.553 0.0878264 0.0878264 2 1 0
433.753 0.0878291 0.0878291 2 1 0
433.953 0.0878318 0.0878318 2 1 0
434.153 0.0878345 0.0878345 2 1 0
434.353 0.0878372 0.0878372 2 1 0
434.553 0.0878399 0.0878399 2 1 0
434.753 0.0878426 0.0878426 2 1 0
434.953 0.0878453 0.0878453 2 1 0
435.153 0.087848 0.087848 2 1 0
435.353 0.0878507 0.0878507 2 1 0
435.553 0.0878534 0.0878534 2 1 0
435.753 0.087856 0.087856 2 1 0
435.953 0.0878587 0.0878587 2 1 0
436.153 0.0878614 0.0878614 2 1 0
436.353 0.0878641 0.0878641 2 1 0
436.553 0.0878667 0.0878667 2 1 0
436.753 0.0878694 0.0878694 2 1 0
436.953 0.087872 0.087872 2 1 0
437.153 0.0878747 0.0878747 2 1 0
437.353 0.0878774 0.0878774 2 1 0
437.553 0.08788 0.08788 2 1 0
437.753 0.0878827 0.0878827 2 1 0
437.953 0.0878853 0.0878853 2 1 0
438.153 0.0878879 0.0878879 2 1 0
438.353 0.0878906 0.0878906 2 1 0
438.553 0.0878932 0.0878932 2 1 0
438.753 0.0878959 0.0878959 2 1 0
438.953 0.0878985 0.0878985 2 1 0
439.153 0.0879011 0.0879011 2 1 0
439.353 0.0879037 0.0879037 2 1 0
439.553 0.0879064 0.0879064 2 1 0
439.753 0.087909 0.087909 2 1 0
439.953 0.0879116 0.0879116 2 1 0
440.153 0.0879142 0.0879142 2 1 0
440.353 0.0879168 0.0879168 2 1 0
440.553 0.0879194 0.0879194 2 1 0
440.753 0.087922 0.087922 2 1 0
440.953 0.0879246 0.0879246 2 1 0
441.153 0.0879272 0.0879272 2 1 0
441.353 0.0879298 0.0879298 2 1 0
441.553 0.0879324 0.0879324 2 1 0
441.753 0.087935 0.087935 2 1 0
441.953 0.0879376 0.0879376 2 1 0
442.153 0.0879402 0.0879402 2 1 0
442.353 0.0879428 0.0879428 2 1 0
442.553 0.0879454 0.0879454 2 1 0
442.753 0.0879479 0.0879479 2 1 0
442.953 0.0879505 0.0879505 2 1 0
443.153 0.0879531 0.0879531 2 1 0
443.353 0.0879556 0.0879556 2 1 0
443.553 0.0879582 0.0879582 2 1 0
443.753 0.0879608 0.0879608 2 1 0
443.953 0.0879633 0.0879633 2 1 0
444.153 0.0879659 0.0879659 2 1 0
444.353 0.0879684 0.0879684 2 1 0
444.553 0.087971 0.087971 2 1 0
444.753 0.0879735 0.0879735 2 1 0
444.953 0.0879761 0.0879761 2 1 0
445.153 0.0879786 0.0879786 2 1 0
445.353 0.0879812 0.0879812 2 1 0
445.553 0.0879837 0.0879837 2 1 0
445.753 0.0879862 0.0879862 2 1 0
445.953 0.0879888 0.0879888 2 1 0
446.153 0.0879913 0.0879913 2 1 0
446.353 0.0879938 0.0879938 2 1 0
446.553 0.0879963 0.0879963 2 1 0
446.753 0.0879989 0.0879989 2 1 0
446.953 0.0880014 0.0880014 2 1 0
447.153 0.0880039 0.0880039 2 1 0
447.353 0.0880064 0.0880064 2 1 0
447.553 0.0880089 0.0880089 2 1 0
447.753 0.0880114 0.0880114 2 1 0
447.953 0.0880139 0.0880139 2 1 0
448.153 0.0880164 0.0880164 2 1 0
448.353 0.0880189 0.0880189 2 1 0
448.553 0.0880214 0.0880214 2 1 0
448.753 0.0880239 0.0880239 2 1 0
448.953 0.0880264 0.0880264 2 1 0
449.153 0.0880289 0.0880289 2 1 0
449.353 0.0880314 0.0880314 2 1 0
449.553 0.0880339 0.0880339 2 1 0
449.753 0.0880363 0.0880363 2 1 0
449.953 0.0880388 0.0880388 2 1 0
450.153 0.0880413 0.0880413 2 1 0
450.353 0.0880438 0.0880438 2 1 0
450.553 0.0880462 0.0880462 2 1 0
450.753 0.0880487 0.0880487 2 1 0
450.953 0.0880512 0.0880512 2 1 0
451.153 0.0880536 0.0880536 2 1 0
451.353 0.0880561 0.0880561 2 1 0
451.553 0.0880585 0.0880585 2 1 0
451.753 0.088061 0.088061 2 1 0
451.953 0.0880634 0.0880634 2 1 0
452.153 0.0880659 0.0880659 2 1 0
452.353 0.0880683 0.0880683 2 1 0
452.553 0.0880708 0.0880708 2 1 0
452.753 0.0880732 0.0880732 2 1 0
452.953 0.0880757 0.0880757 2 1 0
453.153 0.0880781 0.0880781 2 1 0
453.353 0.0880805 0.0880805 2 1 0
453.553 0.088083 0.088083 2 1 0
453.753 0.0880854 0.0880854 2 1 0
453.953 0.0880878 0.0880878 2 1 0
454.153 0.0880902 0.0880902 2 1 0
454.353 0.0880927 0.0880927 2 1 0
454.553 0.0880951 0.0880951 2 1 0
454.753 0.0880975 0.0880975 2 1 0
454.953 0.0880999 0.0880999 2 1 0
455.153 0.0881023 0.0881023 2 1 0
455.353 0.0881047 0.0881047 2 1 0
455.553 0.0881071 0.0881071 2 1 0
455.753 0.0881095 0.0881095 2 1 0
455.953 0.0881119 0.0881119 2 1 0
456.153 0.0881143 0.0881143 2 1 0
456.353 0.0881167 0.0881167 2 1 0
456.553 0.0881191 0.0881191 2 1 0
456.753 0.0881215 0.0881215 2 1 0
456.953 0.0881239 0.0881239 2 1 0
457.153 0.0881263 0.0881263 2 1 0
457.153 0.0881263 0.0881263 2 1 0
457.193 0.0881267 0.0881267 2 1 0
457.233 0.0881272 0.0881272 2 1 0
457.313 0.0881282 0.0881282 2 1 0
457.473 0.0881301 0.0881301 2 1 0
457.673 0.0881324 0.0881324 2 1 0
457.873 0.0881348 0.0881348 2 1 0
458.073 0.0881372 0.0881372 2 1 0
458.273 0.0881396 0.0881396 2 1 0
458.473 0.0881419 0.0881419 2 1 0
458.673 0.0881443 0.0881443 2 1 0
458.873 0.0881467 0.0881467 2 1 0
459.073 0.088149 0.088149 2 1 0
459.273 0.0881514 0.0881514 2 1 0
459.473 0.0881537 0.0881537 2 1 0
459.673 0.0881561 0.0881561 2 1 0
459.873 0.0881584 0.0881584 2 1 0
460.073 0.0881608 0.0881608 2 1 0
460.273 0.0881631 0.0881631 2 1 0
460.473 0.0881655 0.0881655 2 1 0
460.673 0.0881678 0.0881678 2 1 0
460.873 0.0881701 0.0881701 2 1 0
461.073 0.0881725 0.0881725 2 1 0
461.273 0.0881748 0.0881748 2 1 0
461.473 0.0881771 0.0881771 2 1 0
461.673 0.0881795 0.0881795 2 1 0
461.873 0.0881818 0.0881818 2 1 0
462.073 0.0881841 0.0881841 2 1 0
462.273 0.0881864 0.0881864 2 1 0
462.473 0.0881888 0.0881888 2 1 0
462.673 0.0881911 0.0881911 2 1 0
462.873 0.0881934 0.0881934 2 1 0
463.073 0.0881957 0.0881957 2 1 0
463.273 0.088198 0.088198 2 1 0
463.473 0.0882003 0.0882003 2 1 0
463.673 0.0882026 0.0882026 2 1 0
463.873 0.0882049 0.0882049 2 1 0
464.073 0.0882072 0.0882072 2 1 0
464.273 0.0882095 0.0882095 2 1 0
464.473 0.0882118 0.0882118 2 1 0
464.673 0.0882141 0.0882141 2 1 0
464.873 0.0882164 0.0882164 2 1 0
465.073 0.0882187 0.0882187 2 1 0
465.273 0.088221 0.088221 2 1 0
465.473 0.0882232 0.0882232 2 1 0
465.673 0.0882255 0.0882255 2 1 0
465.873 0.0882278 0.0882278 2 1 0
466.073 0.0882301 0.0882301 2 1 0
466.273 0.0882324 0.0882324 2 1 0
466.473 0.0882346 0.0882346 2 1 0
466.673 0.0882369 0.0882369 2 1 0
466.873 0.0882392 0.0882392 2 1 0
467.073 0.0882414 0.0882414 2 1 0
467.273 0.0882437 0.0882437 2 1 0
467.473 0.0882459 0.0882459 2 1 0
467.673 0.0882482 0.0882482 2 1 0
467.873 0.0882505 0.0882505 2 1 0
468.073 0.0882527 0.0882527 2 1 0
468.273 0.088255 0.088255 2 1 0
468.473 0.0882572 0.0882572 2 1 0
468.673 0.0882594 0.0882594 2 1 0
468.873 0.0882617 0.0882617 2 1 0
469.073 0.0882639 0.0882639 2 1 0
469.273 0.0882662 0.0882662 2 1 0
469.473 0.0882684 0.0882684 2 1 0
469.673 0.0882706 0.0882706 2 1 0
469.873 0.0882729 0.0882729 2 1 0
470.073 0.0882751 0.0882751 2 1 0
470.273 0.0882773 0.0882773 2 1 0
470.473 0.0882796 0.0882796 2 1 0
470.673 0.0882818 0.0882818 2 1 0
470.873 0.088284 0.088284 2 1 0
471.073 0.0882862 0.0882862 2 1 0
471.273 0.0882884 0.0882884 2 1 0
471.473 0.0882906 0.0882906 2 1 0
471.673 0.0882929 0.0882929 2 1 0
471.873 0.0882951 0.0882951 2 1 0
472.073 0.0882973 0.0882973 2 1 0
472.273 0.0882995 0.0882995 2 1 0
472.473 0.0883017 0.0883017 2 1 0
472.673 0.0883039 0.0883039 2 1 0
472.873 0.0883061 0.0883061 2 1 0
473.073 0.0883083 0.0883083 2 1 0
473.273 0.0883105 0.0883105 2 1 0
473.473 0.0883127 0.0883127 2 1 0
473.673 0.0883148 0.0883148 2 1 0
473.873 0.088317 0.088317 2 1 0
474.073 0.0883192 0.0883192 2 1 0
474.273 0.0883214 0.0883214 2 1 0
474.473 0.0883236 0.0883236 2 1 0
474.673 0.0883258 0.0883258 2 1 0
474.873 0.0883279 0.0883279 2 1 0
475.073 0.0883301 0.0883301 2 1 0
475.273 0.0883323 0.0883323 2 1 0
475.473 0.0883344 0.0883344 2 1 0
475.673 0.0883366 0.0883366 2 1 0
475.873 0.0883388 0.0883388 2 1 0
476.073 0.0883409 0.0883409 2 1 0
476.273 0.0883431 0.0883431 2 1 0
476.473 0.0883453 0.0883453 2 1 0
476.673 0.0883474 0.0883474 2 1 0
476.873 0.0883496 0.0883496 2 1 0
477.073 0.0883517 0.0883517 2 1 0
477.273 0.0883539 0.0883539 2 1 0
477.473 0.088356 0.088356 2 1 0
477.673 0.0883582 0.0883582 2 1 0
477.873 0.0883603 0.0883603 2 1 0
478.073 0.0883624 0.0883624 2 1 0
478.273 0.0883646 0.0883646 2 1 0
478.473 0.0883667 0.0883667 2 1 0
478.673 0.0883689 0.0883689 2 1 0
478.873 0.088371 0.088371 2 1 0
479.073 0.0883731 0.0883731 2 1 0
479.273 0.0883752 0.0883752 2 1 0
479.473 0.0883774 0.0883774 2 1 0
479.673 0.0883795 0.0883795 2 1 0
479.873 0.0883816 0.0883816 2 1 0
480.073 0.0883837 0.0883837 2 1 0
480.273 0.0883859 0.0883859 2 1 0
480.473 0.088388 0.088388 2 1 0
480.673 0.0883901 0.0883901 2 1 0
480.873 0.0883922 0.0883922 2 1 0
481.073 0.0883943 0.0883943 2 1 0
481.273 0.0883964 0.0883964 2 1 0
481.473 0.0883985 0.0883985 2 1 0
481.673 0.0884006 0.0884006 2 1 0
481.873 0.0884027 0.0884027 2 1 0
482.073 0.0884048 0.0884048 2 1 0
482.273 0.0884069 0.0884069 2 1 0
482.473 0.088409 0.088409 2 1 0
482.673 0.0884111 0.0884111 2 1 0
482.873 0.0884132 0.0884132 2 1 0
483.073 0.0884153 0.0884153 2 1 0
483.273 0.0884174 0.0884174 2 1 0
483.473 0.0884195 0.0884195 2 1 0
483.673 0.0884215 0.0884215 2 1 0
483.873 0.0884236 0.0884236 2 1 0
484.073 0.0884257 0.0884257 2 1 0
484.273 0.0884278 0.0884278 2 1 0
484.473 0.0884299 0.0884299 2 1 0
484.673 0.0884319 0.0884319 2 1 0
484.873 0.088434 0.088434 2 1 0
485.073 0.0884361 0.0884361 2 1 0
485.273 0.0884381 0.0884381 2 1 0
485.473 0.0884402 0.0884402 2 1 0
485.673 0.0884423 0.0884423 2 1 0
485.873 0.0884443 0.0884443 2 1 0
486.073 0.0884464 0.0884464 2 1 0
486.273 0.0884484 0.0884484 2 1 0
486.473 0.0884505 0.0884505 2 1 0
486.673 0.0884525 0.0884525 2 1 0
486.873 0.0884546 0.0884546 2 1 0
487.073 0.0884566 0.0884566 2 1 0
487.273 0.0884587 0.0884587 2 1 0
487.473 0.0884607 0.0884607 2 1 0
487.673 0.0884628 0.0884628 2 1 0
487.873 0.0884648 0.0884648 2 1 0
488.073 0.0884668 0.0884668 2 1 0
488.273 0.0884689 0.0884689 2 1 0
488.473 0.0884709 0.0884709 2 1 0
488.673 0.0884729 0.0884729 2 1 0
488.873 0.088475 0.088475 2 1 0
489.073 0.088477 0.088477 2 1 0
489.273 0.088479 0.088479 2 1 0
489.473 0.0884811 0.0884811 2 1 0
489.673 0.0884831 0.0884831 2 1 0
489.873 0.0884851 0.0884851 2 1 0
490.073 0.0884871 0.0884871 2 1 0
490.273 0.0884891 0.0884891 2 1 0
490.473 0.0884911 0.0884911 2 1 0
490.673 0.0884932 0.0884932 2 1 0
490.873 0.0884952 0.0884952 2 1 0
491.073 0.0884972 0.0884972 2 1 0
491.273 0.0884992 0.0884992 2 1 0
491.473 0.0885012 0.0885012 2 1 0
491.673 0.0885032 0.0885032 2 1 0
491.873 0.0885052 0.0885052 2 1 0
492.073 0.0885072 0.0885072 2 1 0
492.273 0.0885092 0.0885092 2 1 0
492.473 0.0885112 0.0885112 2 1 0
492.673 0.0885132 0.0885132 2 1 0
492.873 0.0885152 0.0885152 2 1 0
493.073 0.0885172 0.0885172 2 1 0
493.273 0.0885191 0.0885191 2 1 0
493.473 0.0885211 0.0885211 2 1 0
493.673 0.0885231 0.0885231 2 1 0
493.873 0.0885251 0.0885251 2 1 0
494.073 0.0885271 0.0885271 2 1 0
494.273 0.0885291 0.0885291 2 1 0
494.473 0.088531 0.088531 2 1 0
494.673 0.088533 0.088533 2 1 0
494.873 0.088535 0.088535 2 1 0
495.073 0.0885369 0.0885369 2 1 0
495.273 0.0885389 0.0885389 2 1 0
495.473 0.0885409 0.0885409 2 1 0
495.673 0.0885428 0.0885428 2 1 0
495.873 0.0885448 0.0885448 2 1 0
496.073 0.0885468 0.0885468 2 1 0
496.273 0.0885487 0.0885487 2 1 0
496.473 0.0885507 0.0885507 2 1 0
496.473 0.0885507 0.0885507 2 1 0
496.513 0.0885511 0.0885511 2 1 0
496.553 0.0885515 0.0885515 2 1 0
496.633 0.0885522 0.0885522 2 1 0
496.793 0.0885538 0.0885538 2 1 0
496.993 0.0885558 0.0885558 2 1 0
497.193 0.0885577 0.0885577 2 1 0
497.393 0.0885597 0.0885597 2 1 0
497.593 0.0885616 0.0885616 2 1 0
497.793 0.0885636 0.0885636 2 1 0
497.993 0.0885655 0.0885655 2 1 0
498.193 0.0885674 0.0885674 2 1 0
498.393 0.0885694 0.0885694 2 1 0
498.593 0.0885713 0.0885713 2 1 0
498.793 0.0885733 0.0885733 2 1 0
498.993 0.0885752 0.0885752 2 1 0
499.193 0.0885771 0.0885771 2 1 0
499.393 0.088579 0.088579 2 1 0
499.593 0.088581 0.088581 2 1 0
499.793 0.0885829 0.0885829 2 1 0
499.993 0.0885848 0.0885848 2 1 0
500.193 0.0885868 0.0885868 2 1 0
500.393 0.0885887 0.0885887 2 1 0
500.593 0.0885906 0.0885906 2 1 0
500.793 0.0885925 0.0885925 2 1 0
500.993 0.0885944 0.0885944 2 1 0
501.193 0.0885963 0.0885963 2 1 0
501.393 0.0885983 0.0885983 2 1 0
501.593 0.0886002 0.0886002 2 1 0
501.793 0.0886021 0.0886021 2 1 0
501.993 0.088604 0.088604 2 1 0
502.193 0.0886059 0.0886059 2 1 0
502.393 0.0886078 0.0886078 2 1 0
502.593 0.0886097 0.0886097 2 1 0
502.793 0.0886116 0.0886116 2 1 0
502.993 0.0886135 0.0886135 2 1 0
503.193 0.0886154 0.0886154 2 1 0
503.393 0.0886173 0.0886173 2 1 0
503.593 0.0886192 0.0886192 2 1 0
503.793 0.0886211 0.0886211 2 1 0
503.993 0.0886229 0.0886229 2 1 0
504.193 0.0886248 0.0886248 2 1 0
504.393 0.0886267 0.0886267 2 1 0
504.593 0.0886286 0.0886286 2 1 0
504.793 0.0886305 0.0886305 2 1 0
504.993 0.0886324 0.0886324 2 1 0
505.193 0.0886342 0.0886342 2 1 0
505.393 0.0886361 0.0886361 2 1 0
505.593 0.088638 0.088638 2 1 0
505.793 0.0886399 0.0886399 2 1 0
505.993 0.0886417 0.0886417 2 1 0
506.193 0.0886436 0.0886436 2 1 0
506.393 0.0886455 0.0886455 2 1 0
506.593 0.0886473 0.0886473 2 1 0
506.793 0.0886492 0.0886492 2 1 0
506.993 0.0886511 0.0886511 2 1 0
507.193 0.0886529 0.0886529 2 1 0
507.393 0.0886548 0.0886548 2 1 0
507.593 0.0886566 0.0886566 2 1 0
507.793 0.0886585 0.0886585 2 1 0
507.993 0.0886604 0.0886604 2 1 0
508.193 0.0886622 0.0886622 2 1 0
508.393 0.0886641 0.0886641 2 1 0
508.593 0.0886659 0.0886659 2 1 0
508.793 0.0886678 0.0886678 2 1 0
508.993 0.0886696 0.0886696 2 1 0
509.193 0.0886714 0.0886714 2 1 0
509.393 0.0886733 0.0886733 2 1 0
509.593 0.0886751 0.0886751 2 1 0
509.793 0.088677 0.088677 2 1 0
509.993 0.0886788 0.0886788 2 1 0
510.193 0.0886806 0.0886806 2 1 0
510.393 0.0886825 0.0886825 2 1 0
510.593 0.0886843 0.0886843 2 1 0
510.793 0.0886861 0.0886861 2 1 0
510.993 0.088688 0.088688 2 1 0
511.193 0.0886898 0.0886898 2 1 0
511.393 0.0886916 0.0886916 2 1 0
511.593 0.0886934 0.0886934 2 1 0
511.793 0.0886953 0.0886953 2 1 0
511.993 0.0886971 0.0886971 2 1 0
512.193 0.0886989 0.0886989 2 1 0
512.393 0.0887007 0.0887007 2 1 0
512.593 0.0887025 0.0887025 2 1 0
512.793 0.0887043 0.0887043 2 1 0
512.993 0.0887062 0.0887062 2 1 0
513.193 0.088708 0.088708 2 1 0
513.393 0.0887098 0.0887098 2 1 0
513.593 0.0887116 0.0887116 2 1 0
513.793 0.0887134 0.0887134 2 1 0
513.993 0.0887152 0.0887152 2 1 0
514.193 0.088717 0.088717 2 1 0
514.393 0.0887188 0.0887188 2 1 0
514.593 0.0887206 0.0887206 2 1 0
514.793 0.0887224 0.0887224 2 1 0
514.993 0.0887242 0.0887242 2 1 0
515.193 0.088726 0.088726 2 1 0
515.393 0.0887278 0.0887278 2 1 0
515.593 0.0887296 0.0887296 2 1 0
515.793 0.0887313 0.0887313 2 1 0
515.993 0.0887331 0.0887331 2 1 0
516.193 0.0887349 0.0887349 2 1 0
516.393 0.0887367 0.0887367 2 1 0
516.593 0.0887385 0.0887385 2 1 0
516.793 0.0887403 0.0887403 2 1 0
516.993 0.088742 0.088742 2 1 0
517.193 0.0887438 0.0887438 2 1 0
517.393 0.0887456 0.0887456 2 1 0
517.593 0.0887474 0.0887474 2 1 0
517.793 0.0887491 0.0887491 2 1 0
517.993 0.0887509 0.0887509 2 1 0
518.193 0.0887527 0.0887527 2 1 0
518.393 0.0887545 0.0887545 2 1 0
518.593 0.0887562 0.0887562 2 1 0
518.793 0.088758 0.088758 2 1 0
518.993 0.0887597 0.0887597 2 1 0
519.193 0.0887615 0.0887615 2 1 0
519.393 0.0887633 0.0887633 2 1 0
519.593 0.088765 0.088765 2 1 0
519.793 0.0887668 0.0887668 2 1 0
519.993 0.0887685 0.0887685 2 1 0
520.193 0.0887703 0.0887703 2 1 0
520.393 0.088772 0.088772 2 1 0
520.593 0.0887738 0.0887738 2 1 0
520.793 0.0887755 0.0887755 2 1 0
520.993 0.0887773 0.0887773 2 1 0
521.193 0.088779 0.088779 2 1 0
521.393 0.0887808 0.0887808 2 1 0
521.593 0.0887825 0.0887825 2 1 0
521.793 0.0887843 0.0887843 2 1 0
521.993 0.088786 0.088786 2 1 0
522.193 0.0887877 0.0887877 2 1 0
522.393 0.0887895 0.0887895 2 1 0
522.593 0.0887912 0.0887912 2 1 0
522.793 0.0887929 0.0887929 2 1 0
522.993 0.0887947 0.0887947 2 1 0
523.193 0.0887964 0.0887964 2 1 0
523.393 0.0887981 0.0887981 2 1 0
523.593 0.0887999 0.0887999 2 1 0
523.793 0.0888016 0.0888016 2 1 0
523.993 0.0888033 0.0888033 2 1 0
524.193 0.088805 0.088805 2 1 0
524.393 0.0888068 0.0888068 2 1 0
524.593 0.0888085 0.0888085 2 1 0
524.793 0.0888102 0.0888102 2 1 0
524.993 0.0888119 0.0888119 2 1 0
525.193 0.0888136 0.0888136 2 1 0
525.393 0.0888153 0.0888153 2 1 0
525.593 0.088817 0.088817 2 1 0
525.793 0.0888188 0.0888188 2 1 0
525.993 0.0888205 0.0888205 2 1 0
526.193 0.0888222 0.0888222 2 1 0
526.393 0.0888239 0.0888239 2 1 0
526.593 0.0888256 0.0888256 2 1 0
526.793 0.0888273 0.0888273 2 1 0
526.993 0.088829 0.088829 2 1 0
527.193 0.0888307 0.0888307 2 1 0
527.393 0.0888324 0.0888324 2 1 0
527.593 0.0888341 0.0888341 2 1 0
527.793 0.0888358 0.0888358 2 1 0
527.993 0.0888375 0.0888375 2 1 0
528.193 0.0888392 0.0888392 2 1 0
528.393 0.0888409 0.0888409 2 1 0
528.593 0.0888425 0.0888425 2 1 0
528.793 0.0888442 0.0888442 2 1 0
528.993 0.0888459 0.0888459 2 1 0
529.193 0.0888476 0.0888476 2 1 0
529.393 0.0888493 0.0888493 2 1 0
529.593 0.088851 0.088851 2 1 0
529.793 0.0888526 0.0888526 2 1 0
529.993 0.0888543 0.0888543 2 1 0
530.193 0.088856 0.088856 2 1 0
530.393 0.0888577 0.0888577 2 1 0
530.593 0.0888593 0.0888593 2 1 0
530.793 0.088861 0.088861 2 1 0
530.993 0.0888627 0.0888627 2 1 0
531.193 0.0888644 0.0888644 2 1 0
531.393 0.088866 0.088866 2 1 0
531.593 0.0888677 0.0888677 2 1 0
531.793 0.0888694 0.0888694 2 1 0
531.993 0.088871 0.088871 2 1 0
532.193 0.0888727 0.0888727 2 1 0
532.393 0.0888743 0.0888743 2 1 0
532.593 0.088876 0.088876 2 1 0
532.793 0.0888777 0.0888777 2 1 0
532.993 0.0888793 0.0888793 2 1 0
533.193 0.088881 0.088881 2 1 0
533.393 0.0888826 0.0888826 2 1 0
533.593 0.0888843 0.0888843 2 1 0
533.793 0.0888859 0.0888859 2 1 0
533.993 0.0888876 0.0888876 2 1 0
534.193 0.0888892 0.0888892 2 1 0
534.393 0.0888909 0.0888909 2 1 0
534.593 0.0888925 0.0888925 2 1 0
534.793 0.0888942 0.0888942 2 1 0
534.993 0.0888958 0.0888958 2 1 0
535.193 0.0888975 0.0888975 2 1 0
535.393 0.0888991 0.0888991 2 1 0
535.593 0.0889007 0.0889007 2 1 0
535.793 0.0889024 0.0889024 2 1 0
535.793 0.0889024 0.0889024 2 1 0
535.833 0.0889027 0.0889027 2 1 0
535.873 0.088903 0.088903 2 1 0
535.953 0.0889037 0.0889037 2 1 0
536.113 0.088905 0.088905 2 1 0
536.313 0.0889066 0.0889066 2 1 0
536.513 0.0889082 0.0889082 2 1 0
536.713 0.0889099 0.0889099 2 1 0
536.913 0.0889115 0.0889115 2 1 0
537.113 0.0889131 0.0889131 2 1 0
537.313 0.0889148 0.0889148 2 1 0
537.513 0.0889164 0.0889164 2 1 0
537.713 0.088918 0.088918 2 1 0
537.913 0.0889196 0.0889196 2 1 0
538.113 0.0889212 0.0889212 2 1 0
538.313 0.0889229 0.0889229 2 1 0
538.513 0.0889245 0.0889245 2 1 0
538.713 0.0889261 0.0889261 2 1 0
538.913 0.0889277 0.0889277 2 1 0
539.113 0.0889293 0.0889293 2 1 0
539.313 0.0889309 0.0889309 2 1 0
539.513 0.0889325 0.0889325 2 1 0
539.713 0.0889342 0.0889342 2 1 0
539.913 0.0889358 0.0889358 2 1 0
540.113 0.0889374 0.0889374 2 1 0
540.313 0.088939 0.088939 2 1 0
540.513 0.0889406 0.0889406 2 1 0
540.713 0.0889422 0.0889422 2 1 0
540.913 0.0889438 0.0889438 2 1 0
541.113 0.0889454 0.0889454 2 1 0
541.313 0.088947 0.088947 2 1 0
541.513 0.0889486 0.0889486 2 1 0
541.713 0.0889502 0.0889502 2 1 0
541.913 0.0889518 0.0889518 2 1 0
542.113 0.0889534 0.0889534 2 1 0
542.313 0.0889549 0.0889549 2 1 0
542.513 0.0889565 0.0889565 2 1 0
542.713 0.0889581 0.0889581 2 1 0
542.913 0.0889597 0.0889597 2 1 0
543.113 0.0889613 0.0889613 2 1 0
543.313 0.0889629 0.0889629 2 1 0
543.513 0.0889645 0.0889645 2 1 0
543.713 0.088966 0.088966 2 1 0
543.913 0.0889676 0.0889676 2 1 0
544.113 0.0889692 0.0889692 2 1 0
544.313 0.0889708 0.0889708 2 1 0
544.513 0.0889724 0.0889724 2 1 0
544.713 0.0889739 0.0889739 2 1 0
544.913 0.0889755 0.0889755 2 1 0
545.113 0.0889771 0.0889771 2 1 0
545.313 0.0889786 0.0889786 2 1 0
545.513 0.0889802 0.0889802 2 1 0
545.713 0.0889818 0.0889818 2 1 0
545.913 0.0889834 0.0889834 2 1 0
546.113 0.0889849 0.0889849 2 1 0
546.313 0.0889865 0.0889865 2 1 0
546.513 0.088988 0.088988 2 1 0
546.713 0.0889896 0.0889896 2 1 0
546.913 0.0889912 0.0889912 2 1 0
547.113 0.0889927 0.0889927 2 1 0
547.313 0.0889943 0.0889943 2 1 0
547.513 0.0889958 0.0889958 2 1 0
547.713 0.0889974 0.0889974 2 1 0
547.913 0.0889989 0.0889989 2 1 0
548.113 0.0890005 0.0890005 2 1 0
548.313 0.0890021 0.0890021 2 1 0
548.513 0.0890036 0.0890036 2 1 0
548.713 0.0890052 0.0890052 2 1 0
548.913 0.0890067 0.0890067 2 1 0
549.113 0.0890082 0.0890082 2 1 0
549.313 0.0890098 0.0890098 2 1 0
549.513 0.0890113 0.0890113 2 1 0
549.713 0.0890129 0.0890129 2 1 0
549.913 0.0890144 0.0890144 2 1 0
550.113 0.089016 0.089016 2 1 0
550.313 0.0890175 0.0890175 2 1 0
550.513 0.089019 0.089019 2 1 0
550.713 0.0890206 0.0890206 2 1 0
550.913 0.0890221 0.0890221 2 1 0
551.113 0.0890236 0.0890236 2 1 0
551.313 0.0890252 0.0890252 2 1 0
551.513 0.0890267 0.0890267 2 1 0
551.713 0.0890282 0.0890282 2 1 0
551.913 0.0890297 0.0890297 2 1 0
552.113 0.0890313 0.0890313 2 1 0
552.313 0.0890328 0.0890328 2 1 0
552.513 0.0890343 0.0890343 2 1 0
552.713 0.0890358 0.0890358 2 1 0
552.913 0.0890374 0.0890374 2 1 0
553.113 0.0890389 0.0890389 2 1 0
553.313 0.0890404 0.0890404 2 1 0
553.513 0.0890419 0.0890419 2 1 0
553.713 0.0890434 0.0890434 2 1 0
553.913 0.089045 0.089045 2 1 0
554.113 0.0890465 0.0890465 2 1 0
554.313 0.089048 0.089048 2 1 0
554.513 0.0890495 0.0890495 2 1 0
554.713 0.089051 0.089051 2 1 0
554.913 0.0890525 0.0890525 2 1 0
555.113 0.089054 0.089054 2 1 0
555.313 0.0890555 0.0890555 2 1 0
555.513 0.089057 0.089057 2 1 0
555.713 0.0890585 0.0890585 2 1 0
555.913 0.08906 0.08906 2 1 0
556.113 0.0890615 0.0890615 2 1 0
556.313 0.089063 0.089063 2 1 0
556.513 0.0890645 0.0890645 2 1 0
556.713 0.089066 0.089066 2 1 0
556.913 0.0890675 0.0890675 2 1 0
557.113 0.089069 0.089069 2 1 0
557.313 0.0890705 0.0890705 2 1 0
557.513 0.089072 0.089072 2 1 0
557.713 0.0890735 0.0890735 2 1 0
557.913 0.089075 0.089075 2 1 0
558.113 0.0890765 0.0890765 2 1 0
558.313 0.089078 0.089078 2 1 0
558.513 0.0890794 0.0890794 2 1 0
558.713 0.0890809 0.0890809 2 1 0
558.913 0.0890824 0.0890824 2 1 0
559.113 0.0890839 0.0890839 2 1 0
559.313 0.0890854 0.0890854 2 1 0
559.513 0.0890869 0.0890869 2 1 0
559.713 0.0890883 0.0890883 2 1 0
559.913 0.0890898 0.0890898 2 1 0
560.113 0.0890913 0.0890913 2 1 0
560.313 0.0890928 0.0890928 2 1 0
560.513 0.0890942 0.0890942 2 1 0
560.713 0.0890957 0.0890957 2 1 0
560.913 0.0890972 0.0890972 2 1 0
561.113 0.0890987 0.0890987 2 1 0
561.313 0.0891001 0.0891001 2 1 0
561.513 0.0891016 0.0891016 2 1 0
561.713 0.0891031 0.0891031 2 1 0
561.913 0.0891045 0.0891045 2 1 0
562.113 0.089106 0.089106 2 1 0
562.313 0.0891075 0.0891075 2 1 0
562.513 0.0891089 0.0891089 2 1 0
562.713 0.0891104 0.0891104 2 1 0
562.913 0.0891118 0.0891118 2 1 0
563.113 0.0891133 0.0891133 2 1 0
563.313 0.0891147 0.0891147 2 1 0
563.513 0.0891162 0.0891162 2 1 0
563.713 0.0891177 0.0891177 2 1 0
563.913 0.0891191 0.0891191 2 1 0
564.113 0.0891206 0.0891206 2 1 0
564.313 0.089122 0.089122 2 1 0
564.513 0.0891235 0.0891235 2 1 0
564.713 0.0891249 0.0891249 2 1 0
564.913 0.0891264 0.0891264 2 1 0
565.113 0.0891278 0.0891278 2 1 0
565.313 0.0891293 0.0891293 2 1 0
565.513 0.0891307 0.0891307 2 1 0
565.713 0.0891321 0.0891321 2 1 0
565.913 0.0891336 0.0891336 2 1 0
566.113 0.089135 0.089135 2 1 0
566.313 0.0891365 0.0891365 2 1 0
566.513 0.0891379 0.0891379 2 1 0
566.713 0.0891393 0.0891393 2 1 0
566.913 0.0891408 0.0891408 2 1 0
567.113 0.0891422 0.0891422 2 1 0
567.313 0.0891436 0.0891436 2 1 0
567.513 0.0891451 0.0891451 2 1 0
567.713 0.0891465 0.0891465 2 1 0
567.913 0.0891479 0.0891479 2 1 0
568.113 0.0891494 0.0891494 2 1 0
568.313 0.0891508 0.0891508 2 1 0
568.513 0.0891522 0.0891522 2 1 0
568.713 0.0891536 0.0891536 2 1 0
568.913 0.0891551 0.0891551 2 1 0
569.113 0.0891565 0.0891565 2 1 0
569.313 0.0891579 0.0891579 2 1 0
569.513 0.0891593 0.0891593 2 1 0
569.713 0.0891608 0.0891608 2 1 0
569.913 0.0891622 0.0891622 2 1 0
570.113 0.0891636 0.0891636 2 1 0
570.313 0.089165 0.089165 2 1 0
570.513 0.0891664 0.0891664 2 1 0
570.713 0.0891678 0.0891678 2 1 0
570.913 0.0891692 0.0891692 2 1 0
571.113 0.0891707 0.0891707 2 1 0
571.313 0.0891721 0.0891721 2 1 0
571.513 0.0891735 0.0891735 2 1 0
571.713 0.0891749 0.0891749 2 1 0
571.913 0.0891763 0.0891763 2 1 0
572.113 0.0891777 0.0891777 2 1 0
572.313 0.0891791 0.0891791 2 1 0
572.513 0.0891805 0.0891805 2 1 0
572.713 0.0891819 0.0891819 2 1 0
572.913 0.0891833 0.0891833 2 1 0
573.113 0.0891847 0.0891847 2 1 0
573.313 0.0891861 0.0891861 2 1 0
573.513 0.0891875 0.0891875 2 1 0
573.713 0.0891889 0.0891889 2 1 0
573.913 0.0891903 0.0891903 2 1 0
574.113 0.0891917 0.0891917 2 1 0
574.313 0.0891931 0.0891931 2 1 0
574.513 0.0891945 0.0891945 2 1 0
574.713 0.0891959 0.0891959 2 1 0
574.913 0.0891973 0.0891973 2 1 0
575.113 0.0891987 0.0891987 2 1 0
575.113 0.0891987 0.0891987 2 1 0
575.153 0.0891989 0.0891989 2 1 0
575.193 0.0891992 0.0891992 2 1 0
575.273 0.0891998 0.0891998 2 1 0
575.433 0.0892009 0.0892009 2 1 0
575.633 0.0892023 0.0892023 2 1 0
575.833 0.0892036 0.0892036 2 1 0
576.033 0.089205 0.089205 2 1 0
576.233 0.0892064 0.0892064 2 1 0
576.433 0.0892078 0.0892078 2 1 0
576.633 0.0892092 0.0892092 2 1 0
576.833 0.0892106 0.0892106 2 1 0
577.033 0.0892119 0.0892119 2 1 0
577.233 0.0892133 0.0892133 2 1 0
577.433 0.0892147 0.0892147 2 1 0
577.633 0.0892161 0.0892161 2 1 0
577.833 0.0892174 0.0892174 2 1 0
578.033 0.0892188 0.0892188 2 1 0
578.233 0.0892202 0.0892202 2 1 0
578.433 0.0892215 0.0892215 2 1 0
578.633 0.0892229 0.0892229 2 1 0
578.833 0.0892243 0.0892243 2 1 0
579.033 0.0892257 0.0892257 2 1 0
579.233 0.089227 0.089227 2 1 0
579.433 0.0892284 0.0892284 2 1 0
579.633 0.0892297 0.0892297 2 1 0
579.833 0.0892311 0.0892311 2 1 0
580.033 0.0892325 0.0892325 2 1 0
580.233 0.0892338 0.0892338 2 1 0
580.433 0.0892352 0.0892352 2 1 0
580.633 0.0892366 0.0892366 2 1 0
580.833 0.0892379 0.0892379 2 1 0
581.033 0.0892393 0.0892393 2 1 0
581.233 0.0892406 0.0892406 2 1 0
581.433 0.089242 0.089242 2 1 0
581.633 0.0892433 0.0892433 2 1 0
581.833 0.0892447 0.0892447 2 1 0
582.033 0.089246 0.089246 2 1 0
582.233 0.0892474 0.0892474 2 1 0
582.433 0.0892487 0.0892487 2 1 0
582.633 0.0892501 0.0892501 2 1 0
582.833 0.0892514 0.0892514 2 1 0
583.033 0.0892528 0.0892528 2 1 0
583.233 0.0892541 0.0892541 2 1 0
583.433 0.0892555 0.0892555 2 1 0
583.633 0.0892568 0.0892568 2 1 0
583.833 0.0892582 0.0892582 2 1 0
584.033 0.0892595 0.0892595 2 1 0
584.233 0.0892608 0.0892608 2 1 0
584.433 0.0892622 0.0892622 2 1 0
584.633 0.0892635 0.0892635 2 1 0
584.833 0.0892648 0.0892648 2 1 0
585.033 0.0892662 0.0892662 2 1 0
585.233 0.0892675 0.0892675 2 1 0
585.433 0.0892688 0.0892688 2 1 0
585.633 0.0892702 0.0892702 2 1 0
585.833 0.0892715 0.0892715 2 1 0
586.033 0.0892728 0.0892728 2 1 0
586.233 0.0892742 0.0892742 2 1 0
586.433 0.0892755 0.0892755 2 1 0
586.633 0.0892768 0.0892768 2 1 0
586.833 0.0892782 0.0892782 2 1 0
587.033 0.0892795 0.0892795 2 1 0
587.233 0.0892808 0.0892808 2 1 0
587.433 0.0892821 0.0892821 2 1 0
587.633 0.0892834 0.0892834 2 1 0
587.833 0.0892848 0.0892848 2 1 0
588.033 0.0892861 0.0892861 2 1 0
588.233 0.0892874 0.0892874 2 1 0
588.433 0.0892887 0.0892887 2 1 0
588.633 0.08929 0.08929 2 1 0
588.833 0.0892914 0.0892914 2 1 0
589.033 0.0892927 0.0892927 2 1 0
589.233 0.089294 0.089294 2 1 0
589.433 0.0892953 0.0892953 2 1 0
589.633 0.0892966 0.0892966 2 1 0
589.833 0.0892979 0.0892979 2 1 0
590.033 0.0892992 0.0892992 2 1 0
590.233 0.0893005 0.0893005 2 1 0
590.433 0.0893019 0.0893019 2 1 0
590.633 0.0893032 0.0893032 2 1 0
590.833 0.0893045 0.0893045 2 1 0
591.033 0.0893058 0.0893058 2 1 0
591.233 0.0893071 0.0893071 2 1 0
591.433 0.0893084 0.0893084 2 1 0
591.633 0.0893097 0.0893097 2 1 0
591.833 0.089311 0.089311 2 1 0
592.033 0.0893123 0.0893123 2 1 0
592.233 0.0893136 0.0893136 2 1 0
592.433 0.0893149 0.0893149 2 1 0
592.633 0.0893162 0.0893162 2 1 0
592.833 0.0893175 0.0893175 2 1 0
593.033 0.0893188 0.0893188 2 1 0
593.233 0.0893201 0.0893201 2 1 0
593.433 0.0893213 0.0893213 2 1 0
593.633 0.0893226 0.0893226 2 1 0
593.833 0.0893239 0.0893239 2 1 0
594.033 0.0893252 0.0893252 2 1 0
594.233 0.0893265 0.0893265 2 1 0
594.433 0.0893278 0.0893278 2 1 0
594.633 0.0893291 0.0893291 2 1 0
594.833 0.0893304 0.0893304 2 1 0
595.033 0.0893317 0.0893317 2 1 0
595.233 0.0893329 0.0893329 2 1 0
595.433 0.0893342 0.0893342 2 1 0
595.633 0.0893355 0.0893355 2 1 0
595.833 0.0893368 0.0893368 2 1 0
596.033 0.0893381 0.0893381 2 1 0
596.233 0.0893393 0.0893393 2 1 0
596.433 0.0893406 0.0893406 2 1 0
596.633 0.0893419 0.0893419 2 1 0
596.833 0.0893432 0.0893432 2 1 0
597.033 0.0893444 0.0893444 2 1 0
597.233 0.0893457 0.0893457 2 1 0
597.433 0.089347 0.089347 2 1 0
597.633 0.0893483 0.0893483 2 1 0
597.833 0.0893495 0.0893495 2 1 0
598.033 0.0893508 0.0893508 2 1 0
598.233 0.0893521 0.0893521 2 1 0
598.433 0.0893533 0.0893533 2 1 0
598.633 0.0893546 0.0893546 2 1 0
598.833 0.0893559 0.0893559 2 1 0
599.033 0.0893571 0.0893571 2 1 0
599.233 0.0893584 0.0893584 2 1 0
599.433 0.0893597 0.0893597 2 1 0
599.633 0.0893609 0.0893609 2 1 0
599.833 0.0893622 0.0893622 2 1 0
600.033 0.0893635 0.0893635 2 1 0
600.233 0.0893647 0.0893647 2 1 0
600.433 0.089366 0.089366 2 1 0
600.633 0.0893672 0.0893672 2 1 0
600.833 0.0893685 0.0893685 2 1 0
601.033 0.0893697 0.0893697 2 1 0
601.233 0.089371 0.089371 2 1 0
601.433 0.0893722 0.0893722 2 1 0
601.633 0.0893735 0.0893735 2 1 0
601.833 0.0893748 0.0893748 2 1 0
602.033 0.089376 0.089376 2 1 0
602.233 0.0893773 0.0893773 2 1 0
602.433 0.0893785 0.0893785 2 1 0
602.633 0.0893797 0.0893797 2 1 0
602.833 0.089381 0.089381 2 1 0
603.033 0.0893822 0.0893822 2 1 0
603.233 0.0893835 0.0893835 2 1 0
603.433 0.0893847 0.0893847 2 1 0
603.633 0.089386 0.089386 2 1 0
603.833 0.0893872 0.0893872 2 1 0
604.033 0.0893885 0.0893885 2 1 0
604.233 0.0893897 0.0893897 2 1 0
604.433 0.0893909 0.0893909 2 1 0
604.633 0.0893922 0.0893922 2 1 0
604.833 0.0893934 0.0893934 2 1 0
605.033 0.0893947 0.0893947 2 1 0
605.233 0.0893959 0.0893959 2 1 0
605.433 0.0893971 0.0893971 2 1 0
605.633 0.0893984 0.0893984 2 1 0
605.833 0.0893996 0.0893996 2 1 0
606.033 0.0894008 0.0894008 2 1 0
606.233 0.0894021 0.0894021 2 1 0
606.433 0.0894033 0.0894033 2 1 0
606.633 0.0894045 0.0894045 2 1 0
606.833 0.0894057 0.0894057 2 1 0
607.033 0.089407 0.089407 2 1 0
607.233 0.0894082 0.0894082 2 1 0
607.433 0.0894094 0.0894094 2 1 0
607.633 0.0894106 0.0894106 2 1 0
607.833 0.0894119 0.0894119 2 1 0
608.033 0.0894131 0.0894131 2 1 0
608.233 0.0894143 0.0894143 2 1 0
608.433 0.0894155 0.0894155 2 1 0
608.633 0.0894168 0.0894168 2 1 0
608.833 0.089418 0.089418 2 1 0
609.033 0.0894192 0.0894192 2 1 0
609.233 0.0894204 0.0894204 2 1 0
609.433 0.0894216 0.0894216 2 1 0
609.633 0.0894228 0.0894228 2 1 0
609.833 0.0894241 0.0894241 2 1 0
610.033 0.0894253 0.0894253 2 1 0
610.233 0.0894265 0.0894265 2 1 0
610.433 0.0894277 0.0894277 2 1 0
610.633 0.0894289 0.0894289 2 1 0
610.833 0.0894301 0.0894301 2 1 0
611.033 0.0894313 0.0894313 2 1 0
611.233 0.0894325 0.0894325 2 1 0
611.433 0.0894337 0.0894337 2 1 0
611.633 0.0894349 0.0894349 2 1 0
611.833 0.0894362 0.0894362 2 1 0
612.033 0.0894374 0.0894374 2 1 0
612.233 0.0894386 0.0894386 2 1 0
612.433 0.0894398 0.0894398 2 1 0
612.633 0.089441 0.089441 2 1 0
612.833 0.0894422 0.0894422 2 1 0
613.033 0.0894434 0.0894434 2 1 0
613.233 0.0894446 0.0894446 2 1 0
613.433 0.0894458 0.0894458 2 1 0
613.633 0.089447 0.089447 2 1 0
613.833 0.0894482 0.0894482 2 1 0
614.033 0.0894494 0.0894494 2 1 0
614.233 0.0894506 0.0894506 2 1 0
614.433 0.0894517 0.0894517 2 1 0
614.433 0.0894517 0.0894517 2 1 0
614.473 0.089452 0.089452 2 1 0
614.513 0.0894522 0.0894522 2 1 0
614.593 0.0894527 0.0894527 2 1 0
614.753 0.0894537 0.0894537 2 1 0
614.953 0.0894548 0.0894548 2 1 0
615.153 0.089456 0.089456 2 1 0
615.353 0.0894572 0.0894572 2 1 0
615.553 0.0894584 0.0894584 2 1 0
615.753 0.0894596 0.0894596 2 1 0
615.953 0.0894608 0.0894608 2 1 0
616.153 0.089462 0.089462 2 1 0
616.353 0.0894632 0.0894632 2 1 0
616.553 0.0894643 0.0894643 2 1 0
616.753 0.0894655 0.0894655 2 1 0
616.953 0.0894667 0.0894667 2 1 0
617.153 0.0894679 0.0894679 2 1 0
617.353 0.0894691 0.0894691 2 1 0
617.553 0.0894703 0.0894703 2 1 0
617.753 0.0894714 0.0894714 2 1 0
617.953 0.0894726 0.0894726 2 1 0
618.153 0.0894738 0.0894738 2 1 0
618.353 0.089475 0.089475 2 1 0
618.553 0.0894761 0.0894761 2 1 0
618.753 0.0894773 0.0894773 2 1 0
618.953 0.0894785 0.0894785 2 1 0
619.153 0.0894797 0.0894797 2 1 0
619.353 0.0894808 0.0894808 2 1 0
619.553 0.089482 0.089482 2 1 0
619.753 0.0894832 0.0894832 2 1 0
619.953 0.0894844 0.0894844 2 1 0
620.153 0.0894855 0.0894855 2 1 0
620.353 0.0894867 0.0894867 2 1 0
620.553 0.0894879 0.0894879 2 1 0
620.753 0.089489 0.089489 2 1 0
620.953 0.0894902 0.0894902 2 1 0
621.153 0.0894914 0.0894914 2 1 0
621.353 0.0894925 0.0894925 2 1 0
621.553 0.0894937 0.0894937 2 1 0
621.753 0.0894948 0.0894948 2 1 0
621.953 0.089496 0.089496 2 1 0
622.153 0.0894972 0.0894972 2 1 0
622.353 0.0894983 0.0894983 2 1 0
622.553 0.0894995 0.0894995 2 1 0
622.753 0.0895006 0.0895006 2 1 0
622.953 0.0895018 0.0895018 2 1 0
623.153 0.089503 0.089503 2 1 0
623.353 0.0895041 0.0895041 2 1 0
623.553 0.0895053 0.0895053 2 1 0
623.753 0.0895064 0.0895064 2 1 0
623.953 0.0895076 0.0895076 2 1 0
624.153 0.0895087 0.0895087 2 1 0
624.353 0.0895099 0.0895099 2 1 0
624.553 0.089511 0.089511 2 1 0
624.753 0.0895122 0.0895122 2 1 0
624.953 0.0895133 0.0895133 2 1 0
625.153 0.0895145 0.0895145 2 1 0
625.353 0.0895156 0.0895156 2 1 0
625.553 0.0895168 0.0895168 2 1 0
625.753 0.0895179 0.0895179 2 1 0
625.953 0.0895191 0.0895191 2 1 0
626.153 0.0895202 0.0895202 2 1 0
626.353 0.0895214 0.0895214 2 1 0
626.553 0.0895225 0.0895225 2 1 0
626.753 0.0895236 0.0895236 2 1 0
626.953 0.0895248 0.0895248 2 1 0
627.153 0.0895259 0.0895259 2 1 0
627.353 0.0895271 0.0895271 2 1 0
627.553 0.0895282 0.0895282 2 1 0
627.753 0.0895293 0.0895293 2 1 0
627.953 0.0895305 0.0895305 2 1 0
628.153 0.0895316 0.0895316 2 1 0
628.353 0.0895327 0.0895327 2 1 0
628.553 0.0895339 0.0895339 2 1 0
628.753 0.089535 0.089535 2 1 0
628.953 0.0895361 0.0895361 2 1 0
629.153 0.0895373 0.0895373 2 1 0
629.353 0.0895384 0.0895384 2 1 0
629.553 0.0895395 0.0895395 2 1 0
629.753 0.0895407 0.0895407 2 1 0
629.953 0.0895418 0.0895418 2 1 0
630.153 0.0895429 0.0895429 2 1 0
630.353 0.089544 0.089544 2 1 0
630.553 0.0895452 0.0895452 2 1 0
630.753 0.0895463 0.0895463 2 1 0
630.953 0.0895474 0.0895474 2 1 0
631.153 0.0895485 0.0895485 2 1 0
631.353 0.0895497 0.0895497 2 1 0
631.553 0.0895508 0.0895508 2 1 0
631.753 0.0895519 0.0895519 2 1 0
631.953 0.089553 0.089553 2 1 0
632.153 0.0895541 0.0895541 2 1 0
632.353 0.0895553 0.0895553 2 1 0
632.553 0.0895564 0.0895564 2 1 0
632.753 0.0895575 0.0895575 2 1 0
632.953 0.0895586 0.0895586 2 1 0
633.153 0.0895597 0.0895597 2 1 0
633.353 0.0895608 0.0895608 2 1 0
633.553 0.089562 0.089562 2 1 0
633.753 0.0895631 0.0895631 2 1 0
633.953 0.0895642 0.0895642 2 1 0
634.153 0.0895653 0.0895653 2 1 0
634.353 0.0895664 0.0895664 2 1 0
634.553 0.0895675 0.0895675 2 1 0
634.753 0.0895686 0.0895686 2 1 0
634.953 0.0895697 0.0895697 2 1 0
635.153 0.0895708 0.0895708 2 1 0
635.353 0.0895719 0.0895719 2 1 0
635.553 0.0895731 0.0895731 2 1 0
635.753 0.0895742 0.0895742 2 1 0
635.953 0.0895753 0.0895753 2 1 0
636.153 0.0895764 0.0895764 2 1 0
636.353 0.0895775 0.0895775 2 1 0
636.553 0.0895786 0.0895786 2 1 0
636.753 0.0895797 0.0895797 2 1 0
636.953 0.0895808 0.0895808 2 1 0
637.153 0.0895819 0.0895819 2 1 0
637.353 0.089583 0.089583 2 1 0
637.553 0.0895841 0.0895841 2 1 0
637.753 0.0895852 0.0895852 2 1 0
637.953 0.0895863 0.0895863 2 1 0
638.153 0.0895874 0.0895874 2 1 0
638.353 0.0895885 0.0895885 2 1 0
638.553 0.0895895 0.0895895 2 1 0
638.753 0.0895906 0.0895906 2 1 0
638.953 0.0895917 0.0895917 2 1 0
639.153 0.0895928 0.0895928 2 1 0
639.353 0.0895939 0.0895939 2 1 0
639.553 0.089595 0.089595 2 1 0
639.753 0.0895961 0.0895961 2 1 0
639.953 0.0895972 0.0895972 2 1 0
640.153 0.0895983 0.0895983 2 1 0
640.353 0.0895994 0.0895994 2 1 0
640.553 0.0896004 0.0896004 2 1 0
640.753 0.0896015 0.0896015 2 1 0
640.953 0.0896026 0.0896026 2 1 0
641.153 0.0896037 0.0896037 2 1 0
641.353 0.0896048 0.0896048 2 1 0
641.553 0.0896059 0.0896059 2 1 0
641.753 0.089607 0.089607 2 1 0
641.953 0.089608 0.089608 2 1 0
642.153 0.0896091 0.0896091 2 1 0
642.353 0.0896102 0.0896102 2 1 0
642.553 0.0896113 0.0896113 2 1 0
642.753 0.0896123 0.0896123 2 1 0
642.953 0.0896134 0.0896134 2 1 0
643.153 0.0896145 0.0896145 2 1 0
643.353 0.0896156 0.0896156 2 1 0
643.553 0.0896167 0.0896167 2 1 0
643.753 0.0896177 0.0896177 2 1 0
643.953 0.0896188 0.0896188 2 1 0
644.153 0.0896199 0.0896199 2 1 0
644.353 0.0896209 0.0896209 2 1 0
644.553 0.089622 0.089622 2 1 0
644.753 0.0896231 0.0896231 2 1 0
644.953 0.0896242 0.0896242 2 1 0
645.153 0.0896252 0.0896252 2 1 0
645.353 0.0896263 0.0896263 2 1 0
645.553 0.0896274 0.0896274 2 1 0
645.753 0.0896284 0.0896284 2 1 0
645.953 0.0896295 0.0896295 2 1 0
646.153 0.0896306 0.0896306 2 1 0
646.353 0.0896316 0.0896316 2 1 0
646.553 0.0896327 0.0896327 2 1 0
646.753 0.0896338 0.0896338 2 1 0
646.953 0.0896348 0.0896348 2 1 0
647.153 0.0896359 0.0896359 2 1 0
647.353 0.0896369 0.0896369 2 1 0
647.553 0.089638 0.089638 2 1 0
647.753 0.0896391 0.0896391 2 1 0
647.953 0.0896401 0.0896401 2 1 0
648.153 0.0896412 0.0896412 2 1 0
648.353 0.0896422 0.0896422 2 1 0
648.553 0.0896433 0.0896433 2 1 0
648.753 0.0896443 0.0896443 2 1 0
648.953 0.0896454 0.0896454 2 1 0
649.153 0.0896465 0.0896465 2 1 0
649.353 0.0896475 0.0896475 2 1 0
649.553 0.0896486 0.0896486 2 1 0
649.753 0.0896496 0.0896496 2 1 0
649.953 0.0896507 0.0896507 2 1 0
650.153 0.0896517 0.0896517 2 1 0
650.353 0.0896528 0.0896528 2 1 0
650.553 0.0896538 0.0896538 2 1 0
650.753 0.0896549 0.0896549 2 1 0
650.953 0.0896559 0.0896559 2 1 0
651.153 0.089657 0.089657 2 1 0
651.353 0.089658 0.089658 2 1 0
651.553 0.089659 0.089659 2 1 0
651.753 0.0896601 0.0896601 2 1 0
651.953 0.0896611 0.0896611 2 1 0
652.153 0.0896622 0.0896622 2 1 0
652.353 0.0896632 0.0896632 2 1 0
652.553 0.0896643 0.0896643 2 1 0
652.753 0.0896653 0.0896653 2 1 0
652.953 0.0896663 0.0896663 2 1 0
653.153 0.0896674 0.0896674 2 1 0
653.353 0.0896684 0.0896684 2 1 0
653.553 0.0896695 0.0896695 2 1 0
653.753 0.0896705 0.0896705 2 1 0
653.753 0.0896705 0.0896705 2 1 0
653.793 0.0896707 0.0896707 2 1 0
653.833 0.0896709 0.0896709 2 1 0
653.913 0.0896713 0.0896713 2 1 0
654.073 0.0896722 0.0896722 2 1 0
654.273 0.0896732 0.0896732 2 1 0
654.473 0.0896742 0.0896742 2 1 0
654.673 0.0896753 0.0896753 2 1 0
654.873 0.0896763 0.0896763 2 1 0
655.073 0.0896773 0.0896773 2 1 0
655.273 0.0896784 0.0896784 2 1 0
655.473 0.0896794 0.0896794 2 1 0
655.673 0.0896804 0.0896804 2 1 0
655.873 0.0896815 0.0896815 2 1 0
656.073 0.0896825 0.0896825 2 1 0
656.273 0.0896835 0.0896835 2 1 0
656.473 0.0896845 0.0896845 2 1 0
656.673 0.0896856 0.0896856 2 1 0
656.873 0.0896866 0.0896866 2 1 0
657.073 0.0896876 0.0896876 2 1 0
657.273 0.0896886 0.0896886 2 1 0
657.473 0.0896897 0.0896897 2 1 0
657.673 0.0896907 0.0896907 2 1 0
657.873 0.0896917 0.0896917 2 1 0
658.073 0.0896927 0.0896927 2 1 0
658.273 0.0896938 0.0896938 2 1 0
658.473 0.0896948 0.0896948 2 1 0
658.673 0.0896958 0.0896958 2 1 0
658.873 0.0896968 0.0896968 2 1 0
659.073 0.0896978 0.0896978 2 1 0
659.273 0.0896989 0.0896989 2 1 0
659.473 0.0896999 0.0896999 2 1 0
659.673 0.0897009 0.0897009 2 1 0
659.873 0.0897019 0.0897019 2 1 0
660.073 0.0897029 0.0897029 2 1 0
660.273 0.0897039 0.0897039 2 1 0
660.473 0.089705 0.089705 2 1 0
660.673 0.089706 0.089706 2 1 0
660.873 0.089707 0.089707 2 1 0
661.073 0.089708 0.089708 2 1 0
661.273 0.089709 0.089709 2 1 0
661.473 0.08971 0.08971 2 1 0
661.673 0.089711 0.089711 2 1 0
661.873 0.089712 0.089712 2 1 0
662.073 0.089713 0.089713 2 1 0
662.273 0.089714 0.089714 2 1 0
662.473 0.0897151 0.0897151 2 1 0
662.673 0.0897161 0.0897161 2 1 0
662.873 0.0897171 0.0897171 2 1 0
663.073 0.0897181 0.0897181 2 1 0
663.273 0.0897191 0.0897191 2 1 0
663.473 0.0897201 0.0897201 2 1 0
663.673 0.0897211 0.0897211 2 1 0
663.873 0.0897221 0.0897221 2 1 0
664.073 0.0897231 0.0897231 2 1 0
664.273 0.0897241 0.0897241 2 1 0
664.473 0.0897251 0.0897251 2 1 0
664.673 0.0897261 0.0897261 2 1 0
664.873 0.0897271 0.0897271 2 1 0
665.073 0.0897281 0.0897281 2 1 0
665.273 0.0897291 0.0897291 2 1 0
665.473 0.0897301 0.0897301 2 1 0
665.673 0.0897311 0.0897311 2 1 0
665.873 0.0897321 0.0897321 2 1 0
666.073 0.0897331 0.0897331 2 1 0
666.273 0.0897341 0.0897341 2 1 0
666.473 0.0897351 0.0897351 2 1 0
666.673 0.089736 0.089736 2 1 0
666.873 0.089737 0.089737 2 1 0
667.073 0.089738 0.089738 2 1 0
667.273 0.089739 0.089739 2 1 0
667.473 0.08974 0.08974 2 1 0
667.673 0.089741 0.089741 2 1 0
667.873 0.089742 0.089742 2 1 0
668.073 0.089743 0.089743 2 1 0
668.273 0.089744 0.089744 2 1 0
668.473 0.089745 0.089745 2 1 0
668.673 0.0897459 0.0897459 2 1 0
668.873 0.0897469 0.0897469 2 1 0
669.073 0.0897479 0.0897479 2 1 0
669.273 0.0897489 0.0897489 2 1 0
669.473 0.0897499 0.0897499 2 1 0
669.673 0.0897509 0.0897509 2 1 0
669.873 0.0897518 0.0897518 2 1 0
670.073 0.0897528 0.0897528 2 1 0
670.273 0.0897538 0.0897538 2 1 0
670.473 0.0897548 0.0897548 2 1 0
670.673 0.0897558 0.0897558 2 1 0
670.873 0.0897567 0.0897567 2 1 0
671.073 0.0897577 0.0897577 2 1 0
671.273 0.0897587 0.0897587 2 1 0
671.473 0.0897597 0.0897597 2 1 0
671.673 0.0897607 0.0897607 2 1 0
671.873 0.0897616 0.0897616 2 1 0
672.073 0.0897626 0.0897626 2 1 0
672.273 0.0897636 0.0897636 2 1 0
672.473 0.0897646 0.0897646 2 1 0
672.673 0.0897655 0.0897655 2 1 0
672.873 0.0897665 0.0897665 2 1 0
673.073 0.0897675 0.0897675 2 1 0
673.273 0.0897684 0.0897684 2 1 0
673.473 0.0897694 0.0897694 2 1 0
673.673 0.0897704 0.0897704 2 1 0
673.873 0.0897714 0.0897714 2 1 0
674.073 0.0897723 0.0897723 2 1 0
674.273 0.0897733 0.0897733 2 1 0
674.473 0.0897743 0.0897743 2 1 0
674.673 0.0897752 0.0897752 2 1 0
674.873 0.0897762 0.0897762 2 1 0
675.073 0.0897772 0.0897772 2 1 0
675.273 0.0897781 0.0897781 2 1 0
675.473 0.0897791 0.0897791 2 1 0
675.673 0.08978 0.08978 2 1 0
675.873 0.089781 0.089781 2 1 0
676.073 0.089782 0.089782 2 1 0
676.273 0.0897829 0.0897829 2 1 0
676.473 0.0897839 0.0897839 2 1 0
676.673 0.0897849 0.0897849 2 1 0
676.873 0.0897858 0.0897858 2 1 0
677.073 0.0897868 0.0897868 2 1 0
677.273 0.0897877 0.0897877 2 1 0
677.473 0.0897887 0.0897887 2 1 0
677.673 0.0897896 0.0897896 2 1 0
677.873 0.0897906 0.0897906 2 1 0
678.073 0.0897916 0.0897916 2 1 0
678.273 0.0897925 0.0897925 2 1 0
678.473 0.0897935 0.0897935 2 1 0
678.673 0.0897944 0.0897944 2 1 0
678.873 0.0897954 0.0897954 2 1 0
679.073 0.0897963 0.0897963 2 1 0
679.273 0.0897973 0.0897973 2 1 0
679.473 0.0897982 0.0897982 2 1 0
679.673 0.0897992 0.0897992 2 1 0
679.873 0.0898001 0.0898001 2 1 0
680.073 0.0898011 0.0898011 2 1 0
680.273 0.089802 0.089802 2 1 0
680.473 0.089803 0.089803 2 1 0
680.673 0.0898039 0.0898039 2 1 0
680.873 0.0898049 0.0898049 2 1 0
681.073 0.0898058 0.0898058 2 1 0
681.273 0.0898068 0.0898068 2 1 0
681.473 0.0898077 0.0898077 2 1 0
681.673 0.0898087 0.0898087 2 1 0
681.873 0.0898096 0.0898096 2 1 0
682.073 0.0898105 0.0898105 2 1 0
682.273 0.0898115 0.0898115 2 1 0
682.473 0.0898124 0.0898124 2 1 0
682.673 0.0898134 0.0898134 2 1 0
682.873 0.0898143 0.0898143 2 1 0
683.073 0.0898152 0.0898152 2 1 0
683.273 0.0898162 0.0898162 2 1 0
683.473 0.0898171 0.0898171 2 1 0
683.673 0.0898181 0.0898181 2 1 0
683.873 0.089819 0.089819 2 1 0
684.073 0.0898199 0.0898199 2 1 0
684.273 0.0898209 0.0898209 2 1 0
684.473 0.0898218 0.0898218 2 1 0
684.673 0.0898227 0.0898227 2 1 0
684.873 0.0898237 0.0898237 2 1 0
685.073 0.0898246 0.0898246 2 1 0
685.273 0.0898255 0.0898255 2 1 0
685.473 0.0898265 0.0898265 2 1 0
685.673 0.0898274 0.0898274 2 1 0
685.873 0.0898283 0.0898283 2 1 0
686.073 0.0898293 0.0898293 2 1 0
686.273 0.0898302 0.0898302 2 1 0
686.473 0.0898311 0.0898311 2 1 0
686.673 0.0898321 0.0898321 2 1 0
686.873 0.089833 0.089833 2 1 0
687.073 0.0898339 0.0898339 2 1 0
687.273 0.0898349 0.0898349 2 1 0
687.473 0.0898358 0.0898358 2 1 0
687.673 0.0898367 0.0898367 2 1 0
687.873 0.0898376 0.0898376 2 1 0
688.073 0.0898386 0.0898386 2 1 0
688.273 0.0898395 0.0898395 2 1 0
688.473 0.0898404 0.0898404 2 1 0
688.673 0.0898413 0.0898413 2 1 0
688.873 0.0898422 0.0898422 2 1 0
689.073 0.0898432 0.0898432 2 1 0
689.273 0.0898441 0.0898441 2 1 0
689.473 0.089845 0.089845 2 1 0
689.673 0.0898459 0.0898459 2 1 0
689.873 0.0898469 0.0898469 2 1 0
690.073 0.0898478 0.0898478 2 1 0
690.273 0.0898487 0.0898487 2 1 0
690.473 0.0898496 0.0898496 2 1 0
690.673 0.0898505 0.0898505 2 1 0
690.873 0.0898514 0.0898514 2 1 0
691.073 0.0898524 0.0898524 2 1 0
691.273 0.0898533 0.0898533 2 1 0
691.473 0.0898542 0.0898542 2 1 0
691.673 0.0898551 0.0898551 2 1 0
691.873 0.089856 0.089856 2 1 0
692.073 0.0898569 0.0898569 2 1 0
692.273 0.0898578 0.0898578 2 1 0
692.473 0.0898588 0.0898588 2 1 0
692.673 0.0898597 0.0898597 2 1 0
692.873 0.0898606 0.0898606 2 1 0
693.073 0.0898615 0.0898615 2 1 0
96.7054 0.285714 0.285714 2 3 0
96.7454 0.285714 0.285714 1 3 0
96.7854 0.285714 0.285714 1 3 0
96.8654 0.285714 0.285714 1 3 0
97.0254 0.285714 0.285714 1 3 0
97.2254 0.285714 0.285714 1 3 0
97.4254 0.285714 0.285714 1 3 0
97.6254 0.285714 0.285714 1 3 0
97.8254 0.285714 0.285714 1 3 0
98.0254 0.285714 0.285714 1 3 0
98.2254 0.285714 0.285714 1 3 0
98.4254 0.285714 0.285714 1 3 0
98.6254 0.285714 0.285714 1 3 0
98.8254 0.285714 0.285714 1 3 0
99.0254 0.285714 0.285714 1 3 0
99.2254 0.285714 0.285714 1 3 0
99.4254 0.285714 0.285714 1 3 0
99.6254 0.285714 0.285714 1 3 0
99.8254 0.285714 0.285714 1 3 0
100.025 0.285714 0.285714 1 3 0
100.225 0.285714 0.285714 1 3 0
100.425 0.285714 0.285714 1 3 0
100.625 0.285714 0.285714 1 3 0
100.825 0.285714 0.285714 1 3 0
101.025 0.285714 0.285714 1 3 0
101.225 0.285714 0.285714 1 3 0
101.425 0.285714 0.285714 1 3 0
101.625 0.285714 0.285714 1 3 0
101.825 0.285714 0.285714 1 3 0
102.025 0.285714 0.285714 1 3 0
102.225 0.285714 0.285714 1 3 0
102.425 0.285714 0.285714 1 3 0
102.625 0.285714 0.285714 1 3 0
102.825 0.285714 0.285714 1 3 0
103.025 0.285714 0.285714 1 3 0
103.225 0.285714 0.285714 1 3 0
103.425 0.285714 0.285714 1 3 0
103.625 0.285714 0.285714 1 3 0
103.825 0.285714 0.285714 1 3 0
104.025 0.285714 0.285714 1 3 0
104.225 0.285714 0.285714 1 3 0
104.425 0.285714 0.285714 1 3 0
104.625 0.285714 0.285714 1 3 0
104.825 0.285714 0.285714 1 3 0
105.025 0.285714 0.285714 1 3 0
105.225 0.285714 0.285714 1 3 0
105.425 0.285714 0.285714 1 3 0
105.625 0.285714 0.285714 1 3 0
105.825 0.285714 0.285714 1 3 0
106.025 0.285714 0.285714 1 3 0
106.225 0.285714 0.285714 1 3 0
106.425 0.285714 0.285714 1 3 0
106.625 0.285714 0.285714 1 3 0
106.825 0.285714 0.285714 1 3 0
107.025 0.285714 0.285714 1 3 0
107.225 0.285714 0.285714 1 3 0
107.425 0.285714 0.285714 1 3 0
107.625 0.285714 0.285714 1 3 0
107.825 0.285714 0.285714 1 3 0
108.025 0.285714 0.285714 1 3 0
108.225 0.285714 0.285714 1 3 0
108.425 0.285714 0.285714 1 3 0
108.625 0.285714 0.285714 1 3 0
108.825 0.285714 0.285714 1 3 0
109.025 0.285714 0.285714 1 3 0
109.225 0.285714 0.285714 1 3 0
109.425 0.285714 0.285714 1 3 0
109.625 0.285714 0.285714 1 3 0
109.825 0.285714 0.285714 1 3 0
110.025 0.285714 0.285714 1 3 0
110.225 0.285714 0.285714 1 3 0
110.425 0.285714 0.285714 1 3 0
110.625 0.285714 0.285714 1 3 0
110.825 0.285714 0.285714 1 3 0
111.025 0.285714 0.285714 1 3 0
111.225 0.285714 0.285714 1 3 0
111.425 0.285714 0.285714 1 3 0
111.625 0.285714 0.285714 1 3 0
111.825 0.285714 0.285714 1 3 0
112.025 0.285714 0.285714 1 3 0
112.225 0.285714 0.285714 1 3 0
112.425 0.285714 0.285714 1 3 0
112.625 0.285714 0.285714 1 3 0
112.825 0.285714 0.285714 1 3 0
113.025 0.285714 0.285714 1 3 0
113.225 0.285714 0.285714 1 3 0
113.425 0.285714 0.285714 1 3 0
113.625 0.285714 0.285714 1 3 0
113.825 0.285714 0.285714 1 3 0
114.025 0.285714 0.285714 1 3 0
114.225 0.285714 0.285714 1 3 0
114.425 0.285714 0.285714 1 3 0
114.625 0.285714 0.285714 1 3 0
114.825 0.285714 0.285714 1 3 0
115.025 0.285714 0.285714 1 3 0
115.225 0.285714 0.285714 1 3 0
115.425 0.285714 0.285714 1 3 0
115.625 0.285714 0.285714 1 3 0
115.825 0.285714 0.285714 1 3 0
116.025 0.285714 0.285714 1 3 0
116.225 0.285714 0.285714 1 3 0
116.425 0.285714 0.285714 1 3 0
116.625 0.285714 0.285714 1 3 0
116.825 0.285714 0.285714 1 3 0
117.025 0.285714 0.285714 1 3 0
117.225 0.285714 0.285714 1 3 0
117.425 0.285714 0.285714 1 3 0
117.625 0.285714 0.285714 1 3 0
117.825 0.285714 0.285714 1 3 0
118.025 0.285714 0.285714 1 3 0
118.225 0.285714 0.285714 1 3 0
118.425 0.285714 0.285714 1 3 0
118.625 0.285714 0.285714 1 3 0
118.825 0.285714 0.285714 1 3 0
119.025 0.285714 0.285714 1 3 0
119.225 0.285714 0.285714 1 3 0
119.425 0.285714 0.285714 1 3 0
119.625 0.285714 0.285714 1 3 0
119.825 0.285714 0.285714 1 3 0
120.025 0.285714 0.285714 1 3 0
120.225 0.285714 0.285714 1 3 0
120.425 0.285714 0.285714 1 3 0
120.625 0.285714 0.285714 1 3 0
120.825 0.285714 0.285714 1 3 0
121.025 0.285714 0.285714 1 3 0
121.225 0.285714 0.285714 1 3 0
121.425 0.285714 0.285714 1 3 0
121.625 0.285714 0.285714 1 3 0
121.825 0.285714 0.285714 1 3 0
122.025 0.285714 0.285714 1 3 0
122.225 0.285714 0.285714 1 3 0
122.425 0.285714 0.285714 1 3 0
122.625 0.285714 0.285714 1 3 0
122.825 0.285714 0.285714 1 3 0
123.025 0.285714 0.285714 1 3 0
123.225 0.285714 0.285714 1 3 0
123.425 0.285714 0.285714 1 3 0
123.625 0.285714 0.285714 1 3 0
123.825 0.285714 0.285714 1 3 0
124.025 0.285714 0.285714 1 3 0
124.225 0.285714 0.285714 1 3 0
124.425 0.285714 0.285714 1 3 0
124.625 0.285714 0.285714 1 3 0
124.825 0.285714 0.285714 1 3 0
125.025 0.285714 0.285714 1 3 0
125.225 0.285714 0.285714 1 3 0
125.425 0.285714 0.285714 1 3 0
125.625 0.285714 0.285714 1 3 0
125.825 0.285714 0.285714 1 3 0
126.025 0.285714 0.285714 1 3 0
126.225 0.285714 0.285714 1 3 0
126.425 0.285714 0.285714 1 3 0
126.625 0.285714 0.285714 1 3 0
126.825 0.285714 0.285714 1 3 0
127.025 0.285714 0.285714 1 3 0
127.225 0.285714 0.285714 1 3 0
127.425 0.285714 0.285714 1 3 0
127.625 0.285714 0.285714 1 3 0
127.825 0.285714 0.285714 1 3 0
128.025 0.285714 0.285714 1 3 0
128.225 0.285714 0.285714 1 3 0
128.425 0.285714 0.285714 1 3 0
128.625 0.285714 0.285714 1 3 0
128.825 0.285714 0.285714 1 3 0
129.025 0.285714 0.285714 1 3 0
129.225 0.285714 0.285714 1 3 0
129.425 0.285714 0.285714 1 3 0
129.625 0.285714 0.285714 1 3 0
129.825 0.285714 0.285714 1 3 0
130.025 0.285714 0.285714 1 3 0
130.225 0.285714 0.285714 1 3 0
130.425 0.285714 0.285714 1 3 0
130.625 0.285714 0.285714 1 3 0
130.825 0.285714 0.285714 1 3 0
131.025 0.285714 0.285714 1 3 0
131.225 0.285714 0.285714 1 3 0
131.425 0.285714 0.285714 1 3 0
131.625 0.285714 0.285714 1 3 0
131.825 0.285714 0.285714 1 3 0
132.025 0.285714 0.285714 1 3 0
132.225 0.285714 0.285714 1 3 0
132.425 0.285714 0.285714 1 3 0
132.625 0.285714 0.285714 1 3 0
132.825 0.285714 0.285714 1 3 0
133.025 0.285714 0.285714 1 3 0
133.225 0.285714 0.285714 1 3 0
133.425 0.285714 0.285714 1 3 0
133.625 0.285714 0.285714 1 3 0
133.825 0.285714 0.285714 1 3 0
134.025 0.285714 0.285714 1 3 0
134.225 0.285714 0.285714 1 3 0
134.425 0.285714 0.285714 1 3 0
134.625 0.285714 0.285714 1 3 0
134.825 0.285714 0.285714 1 3 0
135.025 0.285714 0.285714 1 3 0
135.225 0.285714 0.285714 1 3 0
135.425 0.285714 0.285714 1 3 0
135.625 0.285714 0.285714 1 3 0
135.825 0.285714 0.285714 1 3 0
136.025 0.285714 0.285714 1 3 0
136.025 0.285714 0.285714 2 3 0
136.065 0.285714 0.285714 1 3 0
136.105 0.285714 0.285714 1 3 0
136.185 0.285714 0.285714 1 3 0
136.345 0.285714 0.285714 1 3 0
136.545 0.285714 0.285714 1 3 0
136.745 0.285714 0.285714 1 3 0
136.945 0.285714 0.285714 1 3 0
137.145 0.285714 0.285714 1 3 0
137.345 0.285714 0.285714 1 3 0
137.545 0.285714 0.285714 1 3 0
137.745 0.285714 0.285714 1 3 0
137.945 0.285714 0.285714 1 3 0
138.145 0.285714 0.285714 1 3 0
138.345 0.285714 0.285714 1 3 0
138.545 0.285714 0.285714 1 3 0
138.745 0.285714 0.285714 1 3 0
138.945 0.285714 0.285714 1 3 0
139.145 0.285714 0.285714 1 3 0
139.345 0.285714 0.285714 1 3 0
139.545 0.285714 0.285714 1 3 0
139.745 0.285714 0.285714 1 3 0
139.945 0.285714 0.285714 1 3 0
140.145 0.285714 0.285714 1 3 0
140.345 0.285714 0.285714 1 3 0
140.545 0.285714 0.285714 1 3 0
140.745 0.285714 0.285714 1 3 0
140.945 0.285714 0.285714 1 3 0
141.145 0.285714 0.285714 1 3 0
141.345 0.285714 0.285714 1 3 0
141.545 0.285714 0.285714 1 3 0
141.745 0.285714 0.285714 1 3 0
141.945 0.285714 0.285714 1 3 0
142.145 0.285714 0.285714 1 3 0
142.345 0.285714 0.285714 1 3 0
142.545 0.285714 0.285714 1 3 0
142.745 0.285714 0.285714 1 3 0
142.945 0.285714 0.285714 1 3 0
143.145 0.285714 0.285714 1 3 0
143.345 0.285714 0.285714 1 3 0
143.545 0.285714 0.285714 1 3 0
143.745 0.285714 0.285714 1 3 0
143.945 0.285714 0.285714 1 3 0
144.145 0.285714 0.285714 1 3 0
144.345 0.285714 0.285714 1 3 0
144.545 0.285714 0.285714 1 3 0
144.745 0.285714 0.285714 1 3 0
144.945 0.285714 0.285714 1 3 0
145.145 0.285714 0.285714 1 3 0
145.345 0.285714 0.285714 1 3 0
145.545 0.285714 0.285714 1 3 0
145.745 0.285714 0.285714 1 3 0
145.945 0.285714 0.285714 1 3 0
146.145 0.285714 0.285714 1 3 0
146.345 0.285714 0.285714 1 3 0
146.545 0.285714 0.285714 1 3 0
146.745 0.285714 0.285714 1 3 0
146.945 0.285714 0.285714 1 3 0
147.145 0.285714 0.285714 1 3 0
147.345 0.285714 0.285714 1 3 0
147.545 0.285714 0.285714 1 3 0
147.745 0.285714 0.285714 1 3 0
147.945 0.285714 0.285714 1 3 0
148.145 0.285714 0.285714 1 3 0
148.345 0.285714 0.285714 1 3 0
148.545 0.285714 0.285714 1 3 0
148.745 0.285714 0.285714 1 3 0
148.945 0.285714 0.285714 1 3 0
149.145 0.285714 0.285714 1 3 0
149.345 0.285714 0.285714 1 3 0
149.545 0.285714 0.285714 1 3 0
149.745 0.285714 0.285714 1 3 0
149.945 0.285714 0.285714 1 3 0
150.145 0.285714 0.285714 1 3 0
150.345 0.285714 0.285714 1 3 0
150.545 0.285714 0.285714 1 3 0
150.745 0.285714 0.285714 1 3 0
150.945 0.285714 0.285714 1 3 0
151.145 0.285714 0.285714 1 3 0
151.345 0.285714 0.285714 1 3 0
151.545 0.285714 0.285714 1 3 0
151.745 0.285714 0.285714 1 3 0
151.945 0.285714 0.285714 1 3 0
152.145 0.285714 0.285714 1 3 0
152.345 0.285714 0.285714 1 3 0
152.545 0.285714 0.285714 1 3 0
152.745 0.285714 0.285714 1 3 0
152.945 0.285714 0.285714 1 3 0
153.145 0.285714 0.285714 1 3 0
153.345 0.285714 0.285714 1 3 0
153.545 0.285714 0.285714 1 3 0
153.745 0.285714 0.285714 1 3 0
153.945 0.285714 0.285714 1 3 0
154.145 0.285714 0.285714 1 3 0
154.345 0.285714 0.285714 1 3 0
154.545 0.285714 0.285714 1 3 0
154.745 0.285714 0.285714 1 3 0
154.945 0.285714 0.285714 1 3 0
155.145 0.285714 0.285714 1 3 0
155.345 0.285714 0.285714 1 3 0
155.545 0.285714 0.285714 1 3 0
155.745 0.285714 0.285714 1 3 0
155.945 0.285714 0.285714 1 3 0
156.145 0.285714 0.285714 1 3 0
156.345 0.285714 0.285714 1 3 0
156.545 0.285714 0.285714 1 3 0
156.745 0.285714 0.285714 1 3 0
156.945 0.285714 0.285714 1 3 0
157.145 0.285714 0.285714 1 3 0
157.345 0.285714 0.285714 1 3 0
157.545 0.285714 0.285714 1 3 0
157.745 0.285714 0.285714 1 3 0
157.945 0.285714 0.285714 1 3 0
158.145 0.285714 0.285714 1 3 0
158.345 0.285714 0.285714 1 3 0
158.545 0.285714 0.285714 1 3 0
158.745 0.285714 0.285714 1 3 0
158.945 0.285714 0.285714 1 3 0
159.145 0.285714 0.285714 1 3 0
159.345 0.285714 0.285714 1 3 0
159.545 0.285714 0.285714 1 3 0
159.745 0.285714 0.285714 1 3 0
159.945 0.285714 0.285714 1 3 0
160.145 0.285714 0.285714 1 3 0
160.345 0.285714 0.285714 1 3 0
160.545 0.285714 0.285714 1 3 0
160.745 0.285714 0.285714 1 3 0
160.945 0.285714 0.285714 1 3 0
161.145 0.285714 0.285714 1 3 0
161.345 0.285714 0.285714 1 3 0
161.545 0.285714 0.285714 1 3 0
161.745 0.285714 0.285714 1 3 0
161.945 0.285714 0.285714 1 3 0
162.145 0.285714 0.285714 1 3 0
162.345 0.285714 0.285714 1 3 0
162.545 0.285714 0.285714 1 3 0
162.745 0.285714 0.285714 1 3 0
162.945 0.285714 0.285714 1 3 0
163.145 0.285714 0.285714 1 3 0
163.345 0.285714 0.285714 1 3 0
163.545 0.285714 0.285714 1 3 0
163.745 0.285714 0.285714 1 3 0
163.945 0.285714 0.285714 1 3 0
164.145 0.285714 0.285714 1 3 0
164.345 0.285714 0.285714 1 3 0
164.545 0.285714 0.285714 1 3 0
164.745 0.285714 0.285714 1 3 0
164.945 0.285714 0.285714 1 3 0
165.145 0.285714 0.285714 1 3 0
165.345 0.285714 0.285714 1 3 0
165.545 0.285714 0.285714 1 3 0
165.745 0.285714 0.285714 1 3 0
165.945 0.285714 0.285714 1 3 0
166.145 0.285714 0.285714 1 3 0
166.345 0.285714 0.285714 1 3 0
166.545 0.285714 0.285714 1 3 0
166.745 0.285714 0.285714 1 3 0
166.945 0.285714 0.285714 1 3 0
167.145 0.285714 0.285714 1 3 0
167.345 0.285714 0.285714 1 3 0
167.545 0.285714 0.285714 1 3 0
167.745 0.285714 0.285714 1 3 0
167.945 0.285714 0.285714 1 3 0
168.145 0.285714 0.285714 1 3 0
168.345 0.285714 0.285714 1 3 0
168.545 0.285714 0.285714 1 3 0
168.745 0.285714 0.285714 1 3 0
168.945 0.285714 0.285714 1 3 0
169.145 0.285714 0.285714 1 3 0
169.345 0.285714 0.285714 1 3 0
169.545 0.285714 0.285714 1 3 0
169.745 0.285714 0.285714 1 3 0
169.945 0.285714 0.285714 1 3 0
170.145 0.285714 0.285714 1 3 0
170.345 0.285714 0.285714 1 3 0
170.545 0.285714 0.285714 1 3 0
170.745 0.285714 0.285714 1 3 0
170.945 0.285714 0.285714 1 3 0
171.145 0.285714 0.285714 1 3 0
171.345 0.285714 0.285714 1 3 0
171.545 0.285714 0.285714 1 3 0
171.745 0.285714 0.285714 1 3 0
171.945 0.285714 0.285714 1 3 0
172.145 0.285714 0.285714 1 3 0
172.345 0.285714 0.285714 1 3 0
172.545 0.285714 0.285714 1 3 0
172.745 0.285714 0.285714 1 3 0
172.945 0.285714 0.285714 1 3 0
173.145 0.285714 0.285714 1 3 0
173.345 0.285714 0.285714 1 3 0
173.545 0.285714 0.285714 1 3 0
173.745 0.285714 0.285714 1 3 0
173.945 0.285714 0.285714 1 3 0
174.145 0.285714 0.285714 1 3 0
174.345 0.285714 0.285714 1 3 0
174.545 0.285714 0.285714 1 3 0
174.745 0.285714 0.285714 1 3 0
174.945 0.285714 0.285714 1 3 0
175.145 0.285714 0.285714 1 3 0
175.345 0.285714 0.285714 1 3 0
175.345 0.285714 0.285714 2 3 0
175.385 0.285714 0.285714 1 3 0
175.425 0.285714 0.285714 1 3 0
175.505 0.285714 0.285714 1 3 0
175.665 0.285714 0.285714 1 3 0
175.865 0.285714 0.285714 1 3 0
176.065 0.285714 0.285714 1 3 0
176.265 0.285714 0.285714 1 3 0
176.465 0.285714 0.285714 1 3 0
176.665 0.285714 0.285714 1 3 0
176.865 0.285714 0.285714 1 3 0
177.065 0.285714 0.285714 1 3 0
177.265 0.285714 0.285714 1 3 0
177.465 0.285714 0.285714 1 3 0
177.665 0.285714 0.285714 1 3 0
177.865 0.285714 0.285714 1 3 0
178.065 0.285714 0.285714 1 3 0
178.265 0.285714 0.285714 1 3 0
178.465 0.285714 0.285714 1 3 0
178.665 0.285714 0.285714 1 3 0
178.865 0.285714 0.285714 1 3 0
179.065 0.285714 0.285714 1 3 0
179.265 0.285714 0.285714 1 3 0
179.465 0.285714 0.285714 1 3 0
179.665 0.285714 0.285714 1 3 0
179.865 0.285714 0.285714 1 3 0
180.065 0.285714 0.285714 1 3 0
180.265 0.285714 0.285714 1 3 0
180.465 0.285714 0.285714 1 3 0
180.665 0.285714 0.285714 1 3 0
180.865 0.285714 0.285714 1 3 0
181.065 0.285714 0.285714 1 3 0
181.265 0.285714 0.285714 1 3 0
181.465 0.285714 0.285714 1 3 0
181.665 0.285714 0.285714 1 3 0
181.865 0.285714 0.285714 1 3 0
182.065 0.285714 0.285714 1 3 0
182.265 0.285714 0.285714 1 3 0
182.465 0.285714 0.285714 1 3 0
182.665 0.285714 0.285714 1 3 0
182.865 0.285714 0.285714 1 3 0
183.065 0.285714 0.285714 1 3 0
183.265 0.285714 0.285714 1 3 0
183.465 0.285714 0.285714 1 3 0
183.665 0.285714 0.285714 1 3 0
183.865 0.285714 0.285714 1 3 0
184.065 0.285714 0.285714 1 3 0
184.265 0.285714 0.285714 1 3 0
184.465 0.285714 0.285714 1 3 0
184.665 0.285714 0.285714 1 3 0
184.865 0.285714 0.285714 1 3 0
185.065 0.285714 0.285714 1 3 0
185.265 0.285714 0.285714 1 3 0
185.465 0.285714 0.285714 1 3 0
185.665 0.285714 0.285714 1 3 0
185.865 0.285714 0.285714 1 3 0
186.065 0.285714 0.285714 1 3 0
186.265 0.285714 0.285714 1 3 0
186.465 0.285714 0.285714 1 3 0
186.665 0.285714 0.285714 1 3 0
186.865 0.285714 0.285714 1 3 0
187.065 0.285714 0.285714 1 3 0
187.265 0.285714 0.285714 1 3 0
187.465 0.285714 0.285714 1 3 0
187.665 0.285714 0.285714 1 3 0
187.865 0.285714 0.285714 1 3 0
188.065 0.285714 0.285714 1 3 0
188.265 0.285714 0.285714 1 3 0
188.465 0.285714 0.285714 1 3 0
188.665 0.285714 0.285714 1 3 0
188.865 0.285714 0.285714 1 3 0
189.065 0.285714 0.285714 1 3 0
189.265 0.285714 0.285714 1 3 0
189.465 0.285714 0.285714 1 3 0
189.665 0.285714 0.285714 1 3 0
189.865 0.285714 0.285714 1 3 0
190.065 0.285714 0.285714 1 3 0
190.265 0.285714 0.285714 1 3 0
190.465 0.285714 0.285714 1 3 0
190.665 0.285714 0.285714 1 3 0
190.865 0.285714 0.285714 1 3 0
191.065 0.285714 0.285714 1 3 0
191.265 0.285714 0.285714 1 3 0
191.465 0.285714 0.285714 1 3 0
191.665 0.285714 0.285714 1 3 0
191.865 0.285714 0.285714 1 3 0
192.065 0.285714 0.285714 1 3 0
192.265 0.285714 0.285714 1 3 0
192.465 0.285714 0.285714 1 3 0
192.665 0.285714 0.285714 1 3 0
192.865 0.285714 0.285714 1 3 0
193.065 0.285714 0.285714 1 3 0
193.265 0.285714 0.285714 1 3 0
193.465 0.285714 0.285714 1 3 0
193.665 0.285714 0.285714 1 3 0
193.865 0.285714 0.285714 1 3 0
194.065 0.285714 0.285714 1 3 0
194.265 0.285714 0.285714 1 3 0
194.465 0.285714 0.285714 1 3 0
194.665 0.285714 0.285714 1 3 0
194.865 0.285714 0.285714 1 3 0
195.065 0.285714 0.285714 1 3 0
195.265 0.285714 0.285714 1 3 0
195.465 0.285714 0.285714 1 3 0
195.665 0.285714 0.285714 1 3 0
195.865 0.285714 0.285714 1 3 0
196.065 0.285714 0.285714 1 3 0
196.265 0.285714 0.285714 1 3 0
196.465 0.285714 0.285714 1 3 0
196.665 0.285714 0.285714 1 3 0
196.865 0.285714 0.285714 1 3 0
197.065 0.285714 0.285714 1 3 0
197.265 0.285714 0.285714 1 3 0
197.465 0.285714 0.285714 1 3 0
197.665 0.285714 0.285714 1 3 0
197.865 0.285714 0.285714 1 3 0
198.065 0.285714 0.285714 1 3 0
198.265 0.285714 0.285714 1 3 0
198.465 0.285714 0.285714 1 3 0
198.665 0.285714 0.285714 1 3 0
198.865 0.285714 0.285714 1 3 0
199.065 0.285714 0.285714 1 3 0
199.265 0.285714 0.285714 1 3 0
199.465 0.285714 0.285714 1 3 0
199.665 0.285714 0.285714 1 3 0
199.865 0.285714 0.285714 1 3 0
200.065 0.285714 0.285714 1 3 0
200.265 0.285714 0.285714 1 3 0
200.465 0.285714 0.285714 1 3 0
200.665 0.285714 0.285714 1 3 0
200.865 0.285714 0.285714 1 3 0
201.065 0.285714 0.285714 1 3 0
201.265 0.285714 0.285714 1 3 0
201.465 0.285714 0.285714 1 3 0
201.665 0.285714 0.285714 1 3 0
201.865 0.285714 0.285714 1 3 0
202.065 0.285714 0.285714 1 3 0
202.265 0.285714 0.285714 1 3 0
202.465 0.285714 0.285714 1 3 0
202.665 0.285714 0.285714 1 3 0
202.865 0.285714 0.285714 1 3 0
203.065 0.285714 0.285714 1 3 0
203.265 0.285714 0.285714 1 3 0
203.465 0.285714 0.285714 1 3 0
203.665 0.285714 0.285714 1 3 0
203.865 0.285714 0.285714 1 3 0
204.065 0.285714 0.285714 1 3 0
204.265 0.285714 0.285714 1 3 0
204.465 0.285714 0.285714 1 3 0
204.665 0.285714 0.285714 1 3 0
204.865 0.285714 0.285714 1 3 0
205.065 0.285714 0.285714 1 3 0
205.265 0.285714 0.285714 1 3 0
205.465 0.285714 0.285714 1 3 0
205.665 0.285714 0.285714 1 3 0
205.865 0.285714 0.285714 1 3 0
206.065 0.285714 0.285714 1 3 0
206.265 0.285714 0.285714 1 3 0
206.465 0.285714 0.285714 1 3 0
206.665 0.285714 0.285714 1 3 0
206.865 0.285714 0.285714 1 3 0
207.065 0.285714 0.285714 1 3 0
207.265 0.285714 0.285714 1 3 0
207.465 0.285714 0.285714 1 3 0
207.665 0.285714 0.285714 1 3 0
207.865 0.285714 0.285714 1 3 0
208.065 0.285714 0.285714 1 3 0
208.265 0.285714 0.285714 1 3 0
208.465 0.285714 0.285714 1 3 0
208.665 0.285714 0.285714 1 3 0
208.865 0.285714 0.285714 1 3 0
209.065 0.285714 0.285714 1 3 0
209.265 0.285714 0.285714 1 3 0
209.465 0.285714 0.285714 1 3 0
209.665 0.285714 0.285714 1 3 0
209.865 0.285714 0.285714 1 3 0
210.065 0.285714 0.285714 1 3 0
210.265 0.285714 0.285714 1 3 0
210.465 0.285714 0.285714 1 3 0
210.665 0.285714 0.285714 1 3 0
210.865 0.285714 0.285714 1 3 0
211.065 0.285714 0.285714 1 3 0
211.265 0.285714 0.285714 1 3 0
211.465 0.285714 0.285714 1 3 0
211.665 0.285714 0.285714 1 3 0
211.865 0.285714 0.285714 1 3 0
212.065 0.285714 0.285714 1 3 0
212.265 0.285714 0.285714 1 3 0
212.465 0.285714 0.285714 1 3 0
212.665 0.285714 0.285714 1 3 0
212.865 0.285714 0.285714 1 3 0
213.065 0.285714 0.285714 1 3 0
213.265 0.285714 0.285714 1 3 0
213.465 0.285714 0.285714 1 3 0
213.665 0.285714 0.285714 1 3 0
213.865 0.285714 0.285714 1 3 0
214.065 0.285714 0.285714 1 3 0
214.265 0.285714 0.285714 1 3 0
214.465 0.285714 0.285714 1 3 0
214.665 0.285714 0.285714 1 3 0
214.665 0.285714 0.285714 2 3 0
214.705 0.285714 0.285714 1 3 0
214.745 0.285714 0.285714 1 3 0
214.825 0.285714 0.285714 1 3 0
214.985 0.285714 0.285714 1 3 0
215.185 0.285714 0.285714 1 3 0
215.385 0.285714 0.285714 1 3 0
215.585 0.285714 0.285714 1 3 0
215.785 0.285714 0.285714 1 3 0
215.985 0.285714 0.285714 1 3 0
216.185 0.285714 0.285714 1 3 0
216.385 0.285714 0.285714 1 3 0
216.585 0.285714 0.285714 1 3 0
216.785 0.285714 0.285714 1 3 0
216.985 0.285714 0.285714 1 3 0
217.185 0.285714 0.285714 1 3 0
217.385 0.285714 0.285714 1 3 0
217.585 0.285714 0.285714 1 3 0
217.785 0.285714 0.285714 1 3 0
217.985 0.285714 0.285714 1 3 0
218.185 0.285714 0.285714 1 3 0
218.385 0.285714 0.285714 1 3 0
218.585 0.285714 0.285714 1 3 0
218.785 0.285714 0.285714 1 3 0
218.985 0.285714 0.285714 1 3 0
219.185 0.285714 0.285714 1 3 0
219.385 0.285714 0.285714 1 3 0
219.585 0.285714 0.285714 1 3 0
219.785 0.285714 0.285714 1 3 0
219.985 0.285714 0.285714 1 3 0
220.185 0.285714 0.285714 1 3 0
220.385 0.285714 0.285714 1 3 0
220.585 0.285714 0.285714 1 3 0
220.785 0.285714 0.285714 1 3 0
220.985 0.285714 0.285714 1 3 0
221.185 0.285714 0.285714 1 3 0
221.385 0.285714 0.285714 1 3 0
221.585 0.285714 0.285714 1 3 0
221.785 0.285714 0.285714 1 3 0
221.985 0.285714 0.285714 1 3 0
222.185 0.285714 0.285714 1 3 0
222.385 0.285714 0.285714 1 3 0
222.585 0.285714 0.285714 1 3 0
222.785 0.285714 0.285714 1 3 0
222.985 0.285714 0.285714 1 3 0
223.185 0.285714 0.285714 1 3 0
223.385 0.285714 0.285714 1 3 0
223.585 0.285714 0.285714 1 3 0
223.785 0.285714 0.285714 1 3 0
223.985 0.285714 0.285714 1 3 0
224.185 0.285714 0.285714 1 3 0
224.385 0.285714 0.285714 1 3 0
224.585 0.285714 0.285714 1 3 0
224.785 0.285714 0.285714 1 3 0
224.985 0.285714 0.285714 1 3 0
225.185 0.285714 0.285714 1 3 0
225.385 0.285714 0.285714 1 3 0
225.585 0.285714 0.285714 1 3 0
225.785 0.285714 0.285714 1 3 0
225.985 0.285714 0.285714 1 3 0
226.185 0.285714 0.285714 1 3 0
226.385 0.285714 0.285714 1 3 0
226.585 0.285714 0.285714 1 3 0
226.785 0.285714 0.285714 1 3 0
226.985 0.285714 0.285714 1 3 0
227.185 0.285714 0.285714 1 3 0
227.385 0.285714 0.285714 1 3 0
227.585 0.285714 0.285714 1 3 0
227.785 0.285714 0.285714 1 3 0
227.985 0.285714 0.285714 1 3 0
228.185 0.285714 0.285714 1 3 0
228.385 0.285714 0.285714 1 3 0
228.585 0.285714 0.285714 1 3 0
228.785 0.285714 0.285714 1 3 0
228.985 0.285714 0.285714 1 3 0
229.185 0.285714 0.285714 1 3 0
229.385 0.285714 0.285714 1 3 0
229.585 0.285714 0.285714 1 3 0
229.785 0.285714 0.285714 1 3 0
229.985 0.285714 0.285714 1 3 0
230.185 0.285714 0.285714 1 3 0
230.385 0.285714 0.285714 1 3 0
230.585 0.285714 0.285714 1 3 0
230.785 0.285714 0.285714 1 3 0
230.985 0.285714 0.285714 1 3 0
231.185 0.285714 0.285714 1 3 0
231.385 0.285714 0.285714 1 3 0
231.585 0.285714 0.285714 1 3 0
231.785 0.285714 0.285714 1 3 0
231.985 0.285714 0.285714 1 3 0
232.185 0.285714 0.285714 1 3 0
232.385 0.285714 0.285714 1 3 0
232.585 0.285714 0.285714 1 3 0
232.785 0.285714 0.285714 1 3 0
232.985 0.285714 0.285714 1 3 0
233.185 0.285714 0.285714 1 3 0
233.385 0.285714 0.285714 1 3 0
233.585 0.285714 0.285714 1 3 0
233.785 0.285714 0.285714 1 3 0
233.985 0.285714 0.285714 1 3 0
234.185 0.285714 0.285714 1 3 0
234.385 0.285714 0.285714 1 3 0
234.585 0.285714 0.285714 1 3 0
234.785 0.285714 0.285714 1 3 0
234.985 0.285714 0.285714 1 3 0
235.185 0.285714 0.285714 1 3 0
235.385 0.285714 0.285714 1 3 0
235.585 0.285714 0.285714 1 3 0
235.785 0.285714 0.285714 1 3 0
235.985 0.285714 0.285714 1 3 0
236.185 0.285714 0.285714 1 3 0
236.385 0.285714 0.285714 1 3 0
236.585 0.285714 0.285714 1 3 0
236.785 0.285714 0.285714 1 3 0
236.985 0.285714 0.285714 1 3 0
237.185 0.285714 0.285714 1 3 0
237.385 0.285714 0.285714 1 3 0
237.585 0.285714 0.285714 1 3 0
237.785 0.285714 0.285714 1 3 0
237.985 0.285714 0.285714 1 3 0
238.185 0.285714 0.285714 1 3 0
238.385 0.285714 0.285714 1 3 0
238.585 0.285714 0.285714 1 3 0
238.785 0.285714 0.285714 1 3 0
238.985 0.285714 0.285714 1 3 0
239.185 0.285714 0.285714 1 3 0
239.385 0.285714 0.285714 1 3 0
239.585 0.285714 0.285714 1 3 0
239.785 0.285714 0.285714 1 3 0
239.985 0.285714 0.285714 1 3 0
240.185 0.285714 0.285714 1 3 0
240.385 0.285714 0.285714 1 3 0
240.585 0.285714 0.285714 1 3 0
240.785 0.285714 0.285714 1 3 0
240.985 0.285714 0.285714 1 3 0
241.185 0.285714 0.285714 1 3 0
241.385 0.285714 0.285714 1 3 0
241.585 0.285714 0.285714 1 3 0
241.785 0.285714 0.285714 1 3 0
241.985 0.285714 0.285714 1 3 0
242.185 0.285714 0.285714 1 3 0
242.385 0.285714 0.285714 1 3 0
242.585 0.285714 0.285714 1 3 0
242.785 0.285714 0.285714 1 3 0
242.985 0.285714 0.285714 1 3 0
243.185 0.285714 0.285714 1 3 0
243.385 0.285714 0.285714 1 3 0
243.585 0.285714 0.285714 1 3 0
243.785 0.285714 0.285714 1 3 0
243.985 0.285714 0.285714 1 3 0
244.185 0.285714 0.285714 1 3 0
244.385 0.285714 0.285714 1 3 0
244.585 0.285714 0.285714 1 3 0
244.785 0.285714 0.285714 1 3 0
244.985 0.285714 0.285714 1 3 0
245.185 0.285714 0.285714 1 3 0
245.385 0.285714 0.285714 1 3 0
245.585 0.285714 0.285714 1 3 0
245.785 0.285714 0.285714 1 3 0
245.985 0.285714 0.285714 1 3 0
246.185 0.285714 0.285714 1 3 0
246.385 0.285714 0.285714 1 3 0
246.585 0.285714 0.285714 1 3 0
246.785 0.285714 0.285714 1 3 0
246.985 0.285714 0.285714 1 3 0
247.185 0.285714 0.285714 1 3 0
247.385 0.285714 0.285714 1 3 0
247.585 0.285714 0.285714 1 3 0
247.785 0.285714 0.285714 1 3 0
247.985 0.285714 0.285714 1 3 0
248.185 0.285714 0.285714 1 3 0
248.385 0.285714 0.285714 1 3 0
248.585 0.285714 0.285714 1 3 0
248.785 0.285714 0.285714 1 3 0
248.985 0.285714 0.285714 1 3 0
249.185 0.285714 0.285714 1 3 0
249.385 0.285714 0.285714 1 3 0
249.585 0.285714 0.285714 1 3 0
249.785 0.285714 0.285714 1 3 0
249.985 0.285714 0.285714 1 3 0
250.185 0.285714 0.285714 1 3 0
250.385 0.285714 0.285714 1 3 0
250.585 0.285714 0.285714 1 3 0
250.785 0.285714 0.285714 1 3 0
250.985 0.285714 0.285714 1 3 0
251.185 0.285714 0.285714 1 3 0
251.385 0.285714 0.285714 1 3 0
251.585 0.285714 0.285714 1 3 0
251.785 0.285714 0.285714 1 3 0
251.985 0.285714 0.285714 1 3 0
252.185 0.285714 0.285714 1 3 0
252.385 0.285714 0.285714 1 3 0
252.585 0.285714 0.285714 1 3 0
252.785 0.285714 0.285714 1 3 0
252.985 0.285714 0.285714 1 3 0
253.185 0.285714 0.285714 1 3 0
253.385 0.285714 0.285714 1 3 0
253.585 0.285714 0.285714 1 3 0
253.785 0.285714 0.285714 1 3 0
253.985 0.285714 0.285714 1 3 0
253.985 0.285714 0.285714 2 3 0
254.025 0.285714 0.285714 1 3 0
254.065 0.285714 0.285714 1 3 0
254.145 0.285714 0.285714 1 3 0
254.305 0.285714 0.285714 1 3 0
254.505 0.285714 0.285714 1 3 0
254.705 0.285714 0.285714 1 3 0
254.905 0.285714 0.285714 1 3 0
255.105 0.285714 0.285714 1 3 0
255.305 0.285714 0.285714 1 3 0
255.505 0.285714 0.285714 1 3 0
255.705 0.285714 0.285714 1 3 0
255.905 0.285714 0.285714 1 3 0
256.105 0.285714 0.285714 1 3 0
256.305 0.285714 0.285714 1 3 0
256.505 0.285714 0.285714 1 3 0
256.705 0.285714 0.285714 1 3 0
256.905 0.285714 0.285714 1 3 0
257.105 0.285714 0.285714 1 3 0
257.305 0.285714 0.285714 1 3 0
257.505 0.285714 0.285714 1 3 0
257.705 0.285714 0.285714 1 3 0
257.905 0.285714 0.285714 1 3 0
258.105 0.285714 0.285714 1 3 0
258.305 0.285714 0.285714 1 3 0
258.505 0.285714 0.285714 1 3 0
258.705 0.285714 0.285714 1 3 0
258.905 0.285714 0.285714 1 3 0
259.105 0.285714 0.285714 1 3 0
259.305 0.285714 0.285714 1 3 0
259.505 0.285714 0.285714 1 3 0
259.705 0.285714 0.285714 1 3 0
259.905 0.285714 0.285714 1 3 0
260.105 0.285714 0.285714 1 3 0
260.305 0.285714 0.285714 1 3 0
260.505 0.285714 0.285714 1 3 0
260.705 0.285714 0.285714 1 3 0
260.905 0.285714 0.285714 1 3 0
261.105 0.285714 0.285714 1 3 0
261.305 0.285714 0.285714 1 3 0
261.505 0.285714 0.285714 1 3 0
261.705 0.285714 0.285714 1 3 0
261.905 0.285714 0.285714 1 3 0
262.105 0.285714 0.285714 1 3 0
262.305 0.285714 0.285714 1 3 0
262.505 0.285714 0.285714 1 3 0
262.705 0.285714 0.285714 1 3 0
262.905 0.285714 0.285714 1 3 0
263.105 0.285714 0.285714 1 3 0
263.305 0.285714 0.285714 1 3 0
263.505 0.285714 0.285714 1 3 0
263.705 0.285714 0.285714 1 3 0
263.905 0.285714 0.285714 1 3 0
264.105 0.285714 0.285714 1 3 0
264.305 0.285714 0.285714 1 3 0
264.505 0.285714 0.285714 1 3 0
264.705 0.285714 0.285714 1 3 0
264.905 0.285714 0.285714 1 3 0
265.105 0.285714 0.285714 1 3 0
265.305 0.285714 0.285714 1 3 0
265.505 0.285714 0.285714 1 3 0
265.705 0.285714 0.285714 1 3 0
265.905 0.285714 0.285714 1 3 0
266.105 0.285714 0.285714 1 3 0
266.305 0.285714 0.285714 1 3 0
266.505 0.285714 0.285714 1 3 0
266.705 0.285714 0.285714 1 3 0
266.905 0.285714 0.285714 1 3 0
267.105 0.285714 0.285714 1 3 0
267.305 0.285714 0.285714 1 3 0
267.505 0.285714 0.285714 1 3 0
267.705 0.285714 0.285714 1 3 0
267.905 0.285714 0.285714 1 3 0
268.105 0.285714 0.285714 1 3 0
268.305 0.285714 0.285714 1 3 0
268.505 0.285714 0.285714 1 3 0
268.705 0.285714 0.285714 1 3 0
268.905 0.285714 0.285714 1 3 0
269.105 0.285714 0.285714 1 3 0
269.305 0.285714 0.285714 1 3 0
269.505 0.285714 0.285714 1 3 0
269.705 0.285714 0.285714 1 3 0
269.905 0.285714 0.285714 1 3 0
270.105 0.285714 0.285714 1 3 0
270.305 0.285714 0.285714 1 3 0
270.505 0.285714 0.285714 1 3 0
270.705 0.285714 0.285714 1 3 0
270.905 0.285714 0.285714 1 3 0
271.105 0.285714 0.285714 1 3 0
271.305 0.285714 0.285714 1 3 0
271.505 0.285714 0.285714 1 3 0
271.705 0.285714 0.285714 1 3 0
271.905 0.285714 0.285714 1 3 0
272.105 0.285714 0.285714 1 3 0
272.305 0.285714 0.285714 1 3 0
272.505 0.285714 0.285714 1 3 0
272.705 0.285714 0.285714 1 3 0
272.905 0.285714 0.285714 1 3 0
273.105 0.285714 0.285714 1 3 0
273.305 0.285714 0.285714 1 3 0
273.505 0.285714 0.285714 1 3 0
273.705 0.285714 0.285714 1 3 0
273.905 0.285714 0.285714 1 3 0
274.105 0.285714 0.285714 1 3 0
274.305 0.285714 0.285714 1 3 0
274.505 0.285714 0.285714 1 3 0
274.705 0.285714 0.285714 1 3 0
274.905 0.285714 0.285714 1 3 0
275.105 0.285714 0.285714 1 3 0
275.305 0.285714 0.285714 1 3 0
275.505 0.285714 0.285714 1 3 0
275.705 0.285714 0.285714 1 3 0
275.905 0.285714 0.285714 1 3 0
276.105 0.285714 0.285714 1 3 0
276.305 0.285714 0.285714 1 3 0
276.505 0.285714 0.285714 1 3 0
276.705 0.285714 0.285714 1 3 0
276.905 0.285714 0.285714 1 3 0
277.105 0.285714 0.285714 1 3 0
277.305 0.285714 0.285714 1 3 0
277.505 0.285714 0.285714 1 3 0
277.705 0.285714 0.285714 1 3 0
277.905 0.285714 0.285714 1 3 0
278.105 0.285714 0.285714 1 3 0
278.305 0.285714 0.285714 1 3 0
278.505 0.285714 0.285714 1 3 0
278.705 0.285714 0.285714 1 3 0
278.905 0.285714 0.285714 1 3 0
279.105 0.285714 0.285714 1 3 0
279.305 0.285714 0.285714 1 3 0
279.505 0.285714 0.285714 1 3 0
279.705 0.285714 0.285714 1 3 0
279.905 0.285714 0.285714 1 3 0
280.105 0.285714 0.285714 1 3 0
280.305 0.285714 0.285714 1 3 0
280.505 0.285714 0.285714 1 3 0
280.705 0.285714 0.285714 1 3 0
280.905 0.285714 0.285714 1 3 0
281.105 0.285714 0.285714 1 3 0
281.305 0.285714 0.285714 1 3 0
281.505 0.285714 0.285714 1 3 0
281.705 0.285714 0.285714 1 3 0
281.905 0.285714 0.285714 1 3 0
282.105 0.285714 0.285714 1 3 0
282.305 0.285714 0.285714 1 3 0
282.505 0.285714 0.285714 1 3 0
282.705 0.285714 0.285714 1 3 0
282.905 0.285714 0.285714 1 3 0
283.105 0.285714 0.285714 1 3 0
283.305 0.285714 0.285714 1 3 0
283.505 0.285714 0.285714 1 3 0
283.705 0.285714 0.285714 1 3 0
283.905 0.285714 0.285714 1 3 0
284.105 0.285714 0.285714 1 3 0
284.305 0.285714 0.285714 1 3 0
284.505 0.285714 0.285714 1 3 0
284.705 0.285714 0.285714 1 3 0
284.905 0.285714 0.285714 1 3 0
285.105 0.285714 0.285714 1 3 0
285.305 0.285714 0.285714 1 3 0
285.505 0.285714 0.285714 1 3 0
285.705 0.285714 0.285714 1 3 0
285.905 0.285714 0.285714 1 3 0
286.105 0.285714 0.285714 1 3 0
286.305 0.285714 0.285714 1 3 0
286.505 0.285714 0.285714 1 3 0
286.705 0.285714 0.285714 1 3 0
286.905 0.285714 0.285714 1 3 0
287.105 0.285714 0.285714 1 3 0
287.305 0.285714 0.285714 1 3 0
287.505 0.285714 0.285714 1 3 0
287.705 0.285714 0.285714 1 3 0
287.905 0.285714 0.285714 1 3 0
288.105 0.285714 0.285714 1 3 0
288.305 0.285714 0.285714 1 3 0
288.505 0.285714 0.285714 1 3 0
288.705 0.285714 0.285714 1 3 0
288.905 0.285714 0.285714 1 3 0
289.105 0.285714 0.285714 1 3 0
289.305 0.285714 0.285714 1 3 0
289.505 0.285714 0.285714 1 3 0
289.705 0.285714 0.285714 1 3 0
289.905 0.285714 0.285714 1 3 0
290.105 0.285714 0.285714 1 3 0
290.305 0.285714 0.285714 1 3 0
290.505 0.285714 0.285714 1 3 0
290.705 0.285714 0.285714 1 3 0
290.905 0.285714 0.285714 1 3 0
291.105 0.285714 0.285714 1 3 0
291.305 0.285714 0.285714 1 3 0
291.505 0.285714 0.285714 1 3 0
291.705 0.285714 0.285714 1 3 0
291.905 0.285714 0.285714 1 3 0
292.105 0.285714 0.285714 1 3 0
292.305 0.285714 0.285714 1 3 0
292.505 0.285714 0.285714 1 3 0
292.705 0.285714 0.285714 1 3 0
292.905 0.285714 0.285714 1 3 0
293.105 0.285714 0.285714 1 3 0
293.305 0.285714 0.285714 1 3 0
293.305 0.285714 0.285714 2 3 0
293.345 0.285714 0.285714 1 3 0
293.385 0.285714 0.285714 1 3 0
293.465 0.285714 0.285714 1 3 0
293.625 0.285714 0.285714 1 3 0
293.825 0.285714 0.285714 1 3 0
294.025 0.285714 0.285714 1 3 0
294.225 0.285714 0.285714 1 3 0
294.425 0.285714 0.285714 1 3 0
294.625 0.285714 0.285714 1 3 0
294.825 0.285714 0.285714 1 3 0
295.025 0.285714 0.285714 1 3 0
295.225 0.285714 0.285714 1 3 0
295.425 0.285714 0.285714 1 3 0
295.625 0.285714 0.285714 1 3 0
295.825 0.285714 0.285714 1 3 0
296.025 0.285714 0.285714 1 3 0
296.225 0.285714 0.285714 1 3 0
296.425 0.285714 0.285714 1 3 0
296.625 0.285714 0.285714 1 3 0
296.825 0.285714 0.285714 1 3 0
297.025 0.285714 0.285714 1 3 0
297.225 0.285714 0.285714 1 3 0
297.425 0.285714 0.285714 1 3 0
297.625 0.285714 0.285714 1 3 0
297.825 0.285714 0.285714 1 3 0
298.025 0.285714 0.285714 1 3 0
298.225 0.285714 0.285714 1 3 0
298.425 0.285714 0.285714 1 3 0
298.625 0.285714 0.285714 1 3 0
298.825 0.285714 0.285714 1 3 0
299.025 0.285714 0.285714 1 3 0
299.225 0.285714 0.285714 1 3 0
299.425 0.285714 0.285714 1 3 0
299.625 0.285714 0.285714 1 3 0
299.825 0.285714 0.285714 1 3 0
300.025 0.285714 0.285714 1 3 0
300.225 0.285714 0.285714 1 3 0
300.425 0.285714 0.285714 1 3 0
300.625 0.285714 0.285714 1 3 0
300.825 0.285714 0.285714 1 3 0
301.025 0.285714 0.285714 1 3 0
301.225 0.285714 0.285714 1 3 0
301.425 0.285714 0.285714 1 3 0
301.625 0.285714 0.285714 1 3 0
301.825 0.285714 0.285714 1 3 0
302.025 0.285714 0.285714 1 3 0
302.225 0.285714 0.285714 1 3 0
302.425 0.285714 0.285714 1 3 0
302.625 0.285714 0.285714 1 3 0
302.825 0.285714 0.285714 1 3 0
303.025 0.285714 0.285714 1 3 0
303.225 0.285714 0.285714 1 3 0
303.425 0.285714 0.285714 1 3 0
303.625 0.285714 0.285714 1 3 0
303.825 0.285714 0.285714 1 3 0
304.025 0.285714 0.285714 1 3 0
304.225 0.285714 0.285714 1 3 0
304.425 0.285714 0.285714 1 3 0
304.625 0.285714 0.285714 1 3 0
304.825 0.285714 0.285714 1 3 0
305.025 0.285714 0.285714 1 3 0
305.225 0.285714 0.285714 1 3 0
305.425 0.285714 0.285714 1 3 0
305.625 0.285714 0.285714 1 3 0
305.825 0.285714 0.285714 1 3 0
306.025 0.285714 0.285714 1 3 0
306.225 0.285714 0.285714 1 3 0
306.425 0.285714 0.285714 1 3 0
306.625 0.285714 0.285714 1 3 0
306.825 0.285714 0.285714 1 3 0
307.025 0.285714 0.285714 1 3 0
307.225 0.285714 0.285714 1 3 0
307.425 0.285714 0.285714 1 3 0
307.625 0.285714 0.285714 1 3 0
307.825 0.285714 0.285714 1 3 0
308.025 0.285714 0.285714 1 3 0
308.225 0.285714 0.285714 1 3 0
308.425 0.285714 0.285714 1 3 0
308.625 0.285714 0.285714 1 3 0
308.825 0.285714 0.285714 1 3 0
309.025 0.285714 0.285714 1 3 0
309.225 0.285714 0.285714 1 3 0
309.425 0.285714 0.285714 1 3 0
309.625 0.285714 0.285714 1 3 0
309.825 0.285714 0.285714 1 3 0
310.025 0.285714 0.285714 1 3 0
310.225 0.285714 0.285714 1 3 0
310.425 0.285714 0.285714 1 3 0
310.625 0.285714 0.285714 1 3 0
310.825 0.285714 0.285714 1 3 0
311.025 0.285714 0.285714 1 3 0
311.225 0.285714 0.285714 1 3 0
311.425 0.285714 0.285714 1 3 0
311.625 0.285714 0.285714 1 3 0
311.825 0.285714 0.285714 1 3 0
312.025 0.285714 0.285714 1 3 0
312.225 0.285714 0.285714 1 3 0
312.425 0.285714 0.285714 1 3 0
312.625 0.285714 0.285714 1 3 0
312.825 0.285714 0.285714 1 3 0
313.025 0.285714 0.285714 1 3 0
313.225 0.285714 0.285714 1 3 0
313.425 0.285714 0.285714 1 3 0
313.625 0.285714 0.285714 1 3 0
313.825 0.285714 0.285714 1 3 0
314.025 0.285714 0.285714 1 3 0
314.225 0.285714 0.285714 1 3 0
314.425 0.285714 0.285714 1 3 0
314.625 0.285714 0.285714 1 3 0
314.825 0.285714 0.285714 1 3 0
315.025 0.285714 0.285714 1 3 0
315.225 0.285714 0.285714 1 3 0
315.425 0.285714 0.285714 1 3 0
315.625 0.285714 0.285714 1 3 0
315.825 0.285714 0.285714 1 3 0
316.025 0.285714 0.285714 1 3 0
316.225 0.285714 0.285714 1 3 0
316.425 0.285714 0.285714 1 3 0
316.625 0.285714 0.285714 1 3 0
316.825 0.285714 0.285714 1 3 0
317.025 0.285714 0.285714 1 3 0
317.225 0.285714 0.285714 1 3 0
317.425 0.285714 0.285714 1 3 0
317.625 0.285714 0.285714 1 3 0
317.825 0.285714 0.285714 1 3 0
318.025 0.285714 0.285714 1 3 0
318.225 0.285714 0.285714 1 3 0
318.425 0.285714 0.285714 1 3 0
318.625 0.285714 0.285714 1 3 0
318.825 0.285714 0.285714 1 3 0
319.025 0.285714 0.285714 1 3 0
319.225 0.285714 0.285714 1 3 0
319.425 0.285714 0.285714 1 3 0
319.625 0.285714 0.285714 1 3 0
319.825 0.285714 0.285714 1 3 0
320.025 0.285714 0.285714 1 3 0
320.225 0.285714 0.285714 1 3 0
320.425 0.285714 0.285714 1 3 0
320.625 0.285714 0.285714 1 3 0
320.825 0.285714 0.285714 1 3 0
321.025 0.285714 0.285714 1 3 0
321.225 0.285714 0.285714 1 3 0
321.425 0.285714 0.285714 1 3 0
321.625 0.285714 0.285714 1 3 0
321.825 0.285714 0.285714 1 3 0
322.025 0.285714 0.285714 1 3 0
322.225 0.285714 0.285714 1 3 0
322.425 0.285714 0.285714 1 3 0
322.625 0.285714 0.285714 1 3 0
322.825 0.285714 0.285714 1 3 0
323.025 0.285714 0.285714 1 3 0
323.225 0.285714 0.285714 1 3 0
323.425 0.285714 0.285714 1 3 0
323.625 0.285714 0.285714 1 3 0
323.825 0.285714 0.285714 1 3 0
324.025 0.285714 0.285714 1 3 0
324.225 0.285714 0.285714 1 3 0
324.425 0.285714 0.285714 1 3 0
324.625 0.285714 0.285714 1 3 0
324.825 0.285714 0.285714 1 3 0
325.025 0.285714 0.285714 1 3 0
325.225 0.285714 0.285714 1 3 0
325.425 0.285714 0.285714 1 3 0
325.625 0.285714 0.285714 1 3 0
325.825 0.285714 0.285714 1 3 0
326.025 0.285714 0.285714 1 3 0
326.225 0.285714 0.285714 1 3 0
326.425 0.285714 0.285714 1 3 0
326.625 0.285714 0.285714 1 3 0
326.825 0.285714 0.285714 1 3 0
327.025 0.285714 0.285714 1 3 0
327.225 0.285714 0.285714 1 3 0
327.425 0.285714 0.285714 1 3 0
327.625 0.285714 0.285714 1 3 0
327.825 0.285714 0.285714 1 3 0
328.025 0.285714 0.285714 1 3 0
328.225 0.285714 0.285714 1 3 0
328.425 0.285714 0.285714 1 3 0
328.625 0.285714 0.285714 1 3 0
328.825 0.285714 0.285714 1 3 0
329.025 0.285714 0.285714 1 3 0
329.225 0.285714 0.285714 1 3 0
329.425 0.285714 0.285714 1 3 0
329.625 0.285714 0.285714 1 3 0
329.825 0.285714 0.285714 1 3 0
330.025 0.285714 0.285714 1 3 0
330.225 0.285714 0.285714 1 3 0
330.425 0.285714 0.285714 1 3 0
330.625 0.285714 0.285714 1 3 0
330.825 0.285714 0.285714 1 3 0
331.025 0.285714 0.285714 1 3 0
331.225 0.285714 0.285714 1 3 0
331.425 0.285714 0.285714 1 3 0
331.625 0.285714 0.285714 1 3 0
331.825 0.285714 0.285714 1 3 0
332.025 0.285714 0.285714 1 3 0
332.225 0.285714 0.285714 1 3 0
332.425 0.285714 0.285714 1 3 0
332.625 0.285714 0.285714 1 3 0
332.625 0.285714 0.285714 2 3 0
332.665 0.285714 0.285714 1 3 0
332.705 0.285714 0.285714 1 3 0
332.785 0.285714 0.285714 1 3 0
332.945 0.285714 0.285714 1 3 0
333.145 0.285714 0.285714 1 3 0
333.345 0.285714 0.285714 1 3 0
333.545 0.285714 0.285714 1 3 0
333.745 0.285714 0.285714 1 3 0
333.945 0.285714 0.285714 1 3 0
334.145 0.285714 0.285714 1 3 0
334.345 0.285714 0.285714 1 3 0
334.545 0.285714 0.285714 1 3 0
334.745 0.285714 0.285714 1 3 0
334.945 0.285714 0.285714 1 3 0
335.145 0.285714 0.285714 1 3 0
335.345 0.285714 0.285714 1 3 0
335.545 0.285714 0.285714 1 3 0
335.745 0.285714 0.285714 1 3 0
335.945 0.285714 0.285714 1 3 0
336.145 0.285714 0.285714 1 3 0
336.345 0.285714 0.285714 1 3 0
336.545 0.285714 0.285714 1 3 0
336.745 0.285714 0.285714 1 3 0
336.945 0.285714 0.285714 1 3 0
337.145 0.285714 0.285714 1 3 0
337.345 0.285714 0.285714 1 3 0
337.545 0.285714 0.285714 1 3 0
337.745 0.285714 0.285714 1 3 0
337.945 0.285714 0.285714 1 3 0
338.145 0.285714 0.285714 1 3 0
338.345 0.285714 0.285714 1 3 0
338.545 0.285714 0.285714 1 3 0
338.745 0.285714 0.285714 1 3 0
338.945 0.285714 0.285714 1 3 0
339.145 0.285714 0.285714 1 3 0
339.345 0.285714 0.285714 1 3 0
339.545 0.285714 0.285714 1 3 0
339.745 0.285714 0.285714 1 3 0
339.945 0.285714 0.285714 1 3 0
340.145 0.285714 0.285714 1 3 0
340.345 0.285714 0.285714 1 3 0
340.545 0.285714 0.285714 1 3 0
340.745 0.285714 0.285714 1 3 0
340.945 0.285714 0.285714 1 3 0
341.145 0.285714 0.285714 1 3 0
341.345 0.285714 0.285714 1 3 0
341.545 0.285714 0.285714 1 3 0
341.745 0.285714 0.285714 1 3 0
341.945 0.285714 0.285714 1 3 0
342.145 0.285714 0.285714 1 3 0
342.345 0.285714 0.285714 1 3 0
342.545 0.285714 0.285714 1 3 0
342.745 0.285714 0.285714 1 3 0
342.945 0.285714 0.285714 1 3 0
343.145 0.285714 0.285714 1 3 0
343.345 0.285714 0.285714 1 3 0
343.545 0.285714 0.285714 1 3 0
343.745 0.285714 0.285714 1 3 0
343.945 0.285714 0.285714 1 3 0
344.145 0.285714 0.285714 1 3 0
344.345 0.285714 0.285714 1 3 0
344.545 0.285714 0.285714 1 3 0
344.745 0.285714 0.285714 1 3 0
344.945 0.285714 0.285714 1 3 0
345.145 0.285714 0.285714 1 3 0
345.345 0.285714 0.285714 1 3 0
345.545 0.285714 0.285714 1 3 0
345.745 0.285714 0.285714 1 3 0
345.945 0.285714 0.285714 1 3 0
346.145 0.285714 0.285714 1 3 0
346.345 0.285714 0.285714 1 3 0
346.545 0.285714 0.285714 1 3 0
346.745 0.285714 0.285714 1 3 0
346.945 0.285714 0.285714 1 3 0
347.145 0.285714 0.285714 1 3 0
347.345 0.285714 0.285714 1 3 0
347.545 0.285714 0.285714 1 3 0
347.745 0.285714 0.285714 1 3 0
347.945 0.285714 0.285714 1 3 0
348.145 0.285714 0.285714 1 3 0
348.345 0.285714 0.285714 1 3 0
348.545 0.285714 0.285714 1 3 0
348.745 0.285714 0.285714 1 3 0
348.945 0.285714 0.285714 1 3 0
349.145 0.285714 0.285714 1 3 0
349.345 0.285714 0.285714 1 3 0
349.545 0.285714 0.285714 1 3 0
349.745 0.285714 0.285714 1 3 0
349.945 0.285714 0.285714 1 3 0
350.145 0.285714 0.285714 1 3 0
350.345 0.285714 0.285714 1 3 0
350.545 0.285714 0.285714 1 3 0
350.745 0.285714 0.285714 1 3 0
350.945 0.285714 0.285714 1 3 0
351.145 0.285714 0.285714 1 3 0
351.345 0.285714 0.285714 1 3 0
351.545 0.285714 0.285714 1 3 0
351.745 0.285714 0.285714 1 3 0
351.945 0.285714 0.285714 1 3 0
352.145 0.285714 0.285714 1 3 0
352.345 0.285714 0.285714 1 3 0
352.545 0.285714 0.285714 1 3 0
352.745 0.285714 0.285714 1 3 0
352.945 0.285714 0.285714 1 3 0
353.145 0.285714 0.285714 1 3 0
353.345 0.285714 0.285714 1 3 0
353.545 0.285714 0.285714 1 3 0
353.745 0.285714 0.285714 1 3 0
353.945 0.285714 0.285714 1 3 0
354.145 0.285714 0.285714 1 3 0
354.345 0.285714 0.285714 1 3 0
354.545 0.285714 0.285714 1 3 0
354.745 0.285714 0.285714 1 3 0
354.945 0.285714 0.285714 1 3 0
355.145 0.285714 0.285714 1 3 0
355.345 0.285714 0.285714 1 3 0
355.545 0.285714 0.285714 1 3 0
355.745 0.285714 0.285714 1 3 0
355.945 0.285714 0.285714 1 3 0
356.145 0.285714 0.285714 1 3 0
356.345 0.285714 0.285714 1 3 0
356.545 0.285714 0.285714 1 3 0
356.745 0.285714 0.285714 1 3 0
356.945 0.285714 0.285714 1 3 0
357.145 0.285714 0.285714 1 3 0
357.345 0.285714 0.285714 1 3 0
357.545 0.285714 0.285714 1 3 0
357.745 0.285714 0.285714 1 3 0
357.945 0.285714 0.285714 1 3 0
358.145 0.285714 0.285714 1 3 0
358.345 0.285714 0.285714 1 3 0
358.545 0.285714 0.285714 1 3 0
358.745 0.285714 0.285714 1 3 0
358.945 0.285714 0.285714 1 3 0
359.145 0.285714 0.285714 1 3 0
359.345 0.285714 0.285714 1 3 0
359.545 0.285714 0.285714 1 3 0
359.745 0.285714 0.285714 1 3 0
359.945 0.285714 0.285714 1 3 0
360.145 0.285714 0.285714 1 3 0
360.345 0.285714 0.285714 1 3 0
360.545 0.285714 0.285714 1 3 0
360.745 0.285714 0.285714 1 3 0
360.945 0.285714 0.285714 1 3 0
361.145 0.285714 0.285714 1 3 0
361.345 0.285714 0.285714 1 3 0
361.545 0.285714 0.285714 1 3 0
361.745 0.285714 0.285714 1 3 0
361.945 0.285714 0.285714 1 3 0
362.145 0.285714 0.285714 1 3 0
362.345 0.285714 0.285714 1 3 0
362.545 0.285714 0.285714 1 3 0
362.745 0.285714 0.285714 1 3 0
362.945 0.285714 0.285714 1 3 0
363.145 0.285714 0.285714 1 3 0
363.345 0.285714 0.285714 1 3 0
363.545 0.285714 0.285714 1 3 0
363.745 0.285714 0.285714 1 3 0
363.945 0.285714 0.285714 1 3 0
364.145 0.285714 0.285714 1 3 0
364.345 0.285714 0.285714 1 3 0
364.545 0.285714 0.285714 1 3 0
364.745 0.285714 0.285714 1 3 0
364.945 0.285714 0.285714 1 3 0
365.145 0.285714 0.285714 1 3 0
365.345 0.285714 0.285714 1 3 0
365.545 0.285714 0.285714 1 3 0
365.745 0.285714 0.285714 1 3 0
365.945 0.285714 0.285714 1 3 0
366.145 0.285714 0.285714 1 3 0
366.345 0.285714 0.285714 1 3 0
366.545 0.285714 0.285714 1 3 0
366.745 0.285714 0.285714 1 3 0
366.945 0.285714 0.285714 1 3 0
367.145 0.285714 0.285714 1 3 0
367.345 0.285714 0.285714 1 3 0
367.545 0.285714 0.285714 1 3 0
367.745 0.285714 0.285714 1 3 0
367.945 0.285714 0.285714 1 3 0
368.145 0.285714 0.285714 1 3 0
368.345 0.285714 0.285714 1 3 0
368.545 0.285714 0.285714 1 3 0
368.745 0.285714 0.285714 1 3 0
368.945 0.285714 0.285714 1 3 0
369.145 0.285714 0.285714 1 3 0
369.345 0.285714 0.285714 1 3 0
369.545 0.285714 0.285714 1 3 0
369.745 0.285714 0.285714 1 3 0
369.945 0.285714 0.285714 1 3 0
370.145 0.285714 0.285714 1 3 0
370.345 0.285714 0.285714 1 3 0
370.545 0.285714 0.285714 1 3 0
370.745 0.285714 0.285714 1 3 0
370.945 0.285714 0.285714 1 3 0
371.145 0.285714 0.285714 1 3 0
371.345 0.285714 0.285714 1 3 0
371.545 0.285714 0.285714 1 3 0
371.745 0.285714 0.285714 1 3 0
371.945 0.285714 0.285714 1 3 0
371.945 0.285714 0.285714 2 3 0
371.985 0.285714 0.285714 1 3 0
372.025 0.285714 0.285714 1 3 0
372.105 0.285714 0.285714 1 3 0
372.265 0.285714 0.285714 1 3 0
372.465 0.285714 0.285714 1 3 0
372.665 0.285714 0.285714 1 3 0
372.865 0.285714 0.285714 1 3 0
373.065 0.285714 0.285714 1 3 0
373.265 0.285714 0.285714 1 3 0
373.465 0.285714 0.285714 1 3 0
373.665 0.285714 0.285714 1 3 0
373.865 0.285714 0.285714 1 3 0
374.065 0.285714 0.285714 1 3 0
374.265 0.285714 0.285714 1 3 0
374.465 0.285714 0.285714 1 3 0
374.665 0.285714 0.285714 1 3 0
374.865 0.285714 0.285714 1 3 0
375.065 0.285714 0.285714 1 3 0
375.265 0.285714 0.285714 1 3 0
375.465 0.285714 0.285714 1 3 0
375.665 0.285714 0.285714 1 3 0
375.865 0.285714 0.285714 1 3 0
376.065 0.285714 0.285714 1 3 0
376.265 0.285714 0.285714 1 3 0
376.465 0.285714 0.285714 1 3 0
376.665 0.285714 0.285714 1 3 0
376.865 0.285714 0.285714 1 3 0
377.065 0.285714 0.285714 1 3 0
377.265 0.285714 0.285714 1 3 0
377.465 0.285714 0.285714 1 3 0
377.665 0.285714 0.285714 1 3 0
377.865 0.285714 0.285714 1 3 0
378.065 0.285714 0.285714 1 3 0
378.265 0.285714 0.285714 1 3 0
378.465 0.285714 0.285714 1 3 0
378.665 0.285714 0.285714 1 3 0
378.865 0.285714 0.285714 1 3 0
379.065 0.285714 0.285714 1 3 0
379.265 0.285714 0.285714 1 3 0
379.465 0.285714 0.285714 1 3 0
379.665 0.285714 0.285714 1 3 0
379.865 0.285714 0.285714 1 3 0
380.065 0.285714 0.285714 1 3 0
380.265 0.285714 0.285714 1 3 0
380.465 0.285714 0.285714 1 3 0
380.665 0.285714 0.285714 1 3 0
380.865 0.285714 0.285714 1 3 0
381.065 0.285714 0.285714 1 3 0
381.265 0.285714 0.285714 1 3 0
381.465 0.285714 0.285714 1 3 0
381.665 0.285714 0.285714 1 3 0
381.865 0.285714 0.285714 1 3 0
382.065 0.285714 0.285714 1 3 0
382.265 0.285714 0.285714 1 3 0
382.465 0.285714 0.285714 1 3 0
382.665 0.285714 0.285714 1 3 0
382.865 0.285714 0.285714 1 3 0
383.065 0.285714 0.285714 1 3 0
383.265 0.285714 0.285714 1 3 0
383.465 0.285714 0.285714 1 3 0
383.665 0.285714 0.285714 1 3 0
383.865 0.285714 0.285714 1 3 0
384.065 0.285714 0.285714 1 3 0
384.265 0.285714 0.285714 1 3 0
384.465 0.285714 0.285714 1 3 0
384.665 0.285714 0.285714 1 3 0
384.865 0.285714 0.285714 1 3 0
385.065 0.285714 0.285714 1 3 0
385.265 0.285714 0.285714 1 3 0
385.465 0.285714 0.285714 1 3 0
385.665 0.285714 0.285714 1 3 0
385.865 0.285714 0.285714 1 3 0
386.065 0.285714 0.285714 1 3 0
386.265 0.285714 0.285714 1 3 0
386.465 0.285714 0.285714 1 3 0
386.665 0.285714 0.285714 1 3 0
386.865 0.285714 0.285714 1 3 0
387.065 0.285714 0.285714 1 3 0
387.265 0.285714 0.285714 1 3 0
387.465 0.285714 0.285714 1 3 0
387.665 0.285714 0.285714 1 3 0
387.865 0.285714 0.285714 1 3 0
388.065 0.285714 0.285714 1 3 0
388.265 0.285714 0.285714 1 3 0
388.465 0.285714 0.285714 1 3 0
388.665 0.285714 0.285714 1 3 0
388.865 0.285714 0.285714 1 3 0
389.065 0.285714 0.285714 1 3 0
389.265 0.285714 0.285714 1 3 0
389.465 0.285714 0.285714 1 3 0
389.665 0.285714 0.285714 1 3 0
389.865 0.285714 0.285714 1 3 0
390.065 0.285714 0.285714 1 3 0
390.265 0.285714 0.285714 1 3 0
390.465 0.285714 0.285714 1 3 0
390.665 0.285714 0.285714 1 3 0
390.865 0.285714 0.285714 1 3 0
391.065 0.285714 0.285714 1 3 0
391.265 0.285714 0.285714 1 3 0
391.465 0.285714 0.285714 1 3 0
391.665 0.285714 0.285714 1 3 0
391.865 0.285714 0.285714 1 3 0
392.065 0.285714 0.285714 1 3 0
392.265 0.285714 0.285714 1 3 0
392.465 0.285714 0.285714 1 3 0
392.665 0.285714 0.285714 1 3 0
392.865 0.285714 0.285714 1 3 0
393.065 0.285714 0.285714 1 3 0
393.265 0.285714 0.285714 1 3 0
393.465 0.285714 0.285714 1 3 0
393.665 0.285714 0.285714 1 3 0
393.865 0.285714 0.285714 1 3 0
394.065 0.285714 0.285714 1 3 0
394.265 0.285714 0.285714 1 3 0
394.465 0.285714 0.285714 1 3 0
394.665 0.285714 0.285714 1 3 0
394.865 0.285714 0.285714 1 3 0
395.065 0.285714 0.285714 1 3 0
395.265 0.285714 0.285714 1 3 0
395.465 0.285714 0.285714 1 3 0
395.665 0.285714 0.285714 1 3 0
395.865 0.285714 0.285714 1 3 0
396.065 0.285714 0.285714 1 3 0
396.265 0.285714 0.285714 1 3 0
396.465 0.285714 0.285714 1 3 0
396.665 0.285714 0.285714 1 3 0
396.865 0.285714 0.285714 1 3 0
397.065 0.285714 0.285714 1 3 0
397.265 0.285714 0.285714 1 3 0
397.465 0.285714 0.285714 1 3 0
397.665 0.285714 0.285714 1 3 0
397.865 0.285714 0.285714 1 3 0
398.065 0.285714 0.285714 1 3 0
398.265 0.285714 0.285714 1 3 0
398.465 0.285714 0.285714 1 3 0
398.665 0.285714 0.285714 1 3 0
398.865 0.285714 0.285714 1 3 0
399.065 0.285714 0.285714 1 3 0
399.265 0.285714 0.285714 1 3 0
399.465 0.285714 0.285714 1 3 0
399.665 0.285714 0.285714 1 3 0
399.865 0.285714 0.285714 1 3 0
400.065 0.285714 0.285714 1 3 0
400.265 0.285714 0.285714 1 3 0
400.465 0.285714 0.285714 1 3 0
400.665 0.285714 0.285714 1 3 0
400.865 0.285714 0.285714 1 3 0
401.065 0.285714 0.285714 1 3 0
401.265 0.285714 0.285714 1 3 0
401.465 0.285714 0.285714 1 3 0
401.665 0.285714 0.285714 1 3 0
401.865 0.285714 0.285714 1 3 0
402.065 0.285714 0.285714 1 3 0
402.265 0.285714 0.285714 1 3 0
402.465 0.285714 0.285714 1 3 0
402.665 0.285714 0.285714 1 3 0
402.865 0.285714 0.285714 1 3 0
403.065 0.285714 0.285714 1 3 0
403.265 0.285714 0.285714 1 3 0
403.465 0.285714 0.285714 1 3 0
403.665 0.285714 0.285714 1 3 0
403.865 0.285714 0.285714 1 3 0
404.065 0.285714 0.285714 1 3 0
404.265 0.285714 0.285714 1 3 0
404.465 0.285714 0.285714 1 3 0
404.665 0.285714 0.285714 1 3 0
404.865 0.285714 0.285714 1 3 0
405.065 0.285714 0.285714 1 3 0
405.265 0.285714 0.285714 1 3 0
405.465 0.285714 0.285714 1 3 0
405.665 0.285714 0.285714 1 3 0
405.865 0.285714 0.285714 1 3 0
406.065 0.285714 0.285714 1 3 0
406.265 0.285714 0.285714 1 3 0
406.465 0.285714 0.285714 1 3 0
406.665 0.285714 0.285714 1 3 0
406.865 0.285714 0.285714 1 3 0
407.065 0.285714 0.285714 1 3 0
407.265 0.285714 0.285714 1 3 0
407.465 0.285714 0.285714 1 3 0
407.665 0.285714 0.285714 1 3 0
407.865 0.285714 0.285714 1 3 0
408.065 0.285714 0.285714 1 3 0
408.265 0.285714 0.285714 1 3 0
408.465 0.285714 0.285714 1 3 0
408.665 0.285714 0.285714 1 3 0
408.865 0.285714 0.285714 1 3 0
409.065 0.285714 0.285714 1 3 0
409.265 0.285714 0.285714 1 3 0
409.465 0.285714 0.285714 1 3 0
409.665 0.285714 0.285714 1 3 0
409.865 0.285714 0.285714 1 3 0
410.065 0.285714 0.285714 1 3 0
410.265 0.285714 0.285714 1 3 0
410.465 0.285714 0.285714 1 3 0
410.665 0.285714 0.285714 1 3 0
410.865 0.285714 0.285714 1 3 0
411.065 0.285714 0.285714 1 3 0
411.265 0.285714 0.285714 1 3 0
411.265 0.285714 0.285714 2 3 0
411.305 0.285714 0.285714 1 3 0
411.345 0.285714 0.285714 1 3 0
411.425 0.285714 0.285714 1 3 0
411.585 0.285714 0.285714 1 3 0
411.785 0.285714 0.285714 1 3 0
411.985 0.285714 0.285714 1 3 0
412.185 0.285714 0.285714 1 3 0
412.385 0.285714 0.285714 1 3 0
412.585 0.285714 0.285714 1 3 0
412.785 0.285714 0.285714 1 3 0
412.985 0.285714 0.285714 1 3 0
413.185 0.285714 0.285714 1 3 0
413.385 0.285714 0.285714 1 3 0
413.585 0.285714 0.285714 1 3 0
413.785 0.285714 0.285714 1 3 0
413.985 0.285714 0.285714 1 3 0
414.185 0.285714 0.285714 1 3 0
414.385 0.285714 0.285714 1 3 0
414.585 0.285714 0.285714 1 3 0
414.785 0.285714 0.285714 1 3 0
414.985 0.285714 0.285714 1 3 0
415.185 0.285714 0.285714 1 3 0
415.385 0.285714 0.285714 1 3 0
415.585 0.285714 0.285714 1 3 0
415.785 0.285714 0.285714 1 3 0
415.985 0.285714 0.285714 1 3 0
416.185 0.285714 0.285714 1 3 0
416.385 0.285714 0.285714 1 3 0
416.585 0.285714 0.285714 1 3 0
416.785 0.285714 0.285714 1 3 0
416.985 0.285714 0.285714 1 3 0
417.185 0.285714 0.285714 1 3 0
417.385 0.285714 0.285714 1 3 0
417.585 0.285714 0.285714 1 3 0
417.785 0.285714 0.285714 1 3 0
417.985 0.285714 0.285714 1 3 0
418.185 0.285714 0.285714 1 3 0
418.385 0.285714 0.285714 1 3 0
418.585 0.285714 0.285714 1 3 0
418.785 0.285714 0.285714 1 3 0
418.985 0.285714 0.285714 1 3 0
419.185 0.285714 0.285714 1 3 0
419.385 0.285714 0.285714 1 3 0
419.585 0.285714 0.285714 1 3 0
419.785 0.285714 0.285714 1 3 0
419.985 0.285714 0.285714 1 3 0
420.185 0.285714 0.285714 1 3 0
420.385 0.285714 0.285714 1 3 0
420.585 0.285714 0.285714 1 3 0
420.785 0.285714 0.285714 1 3 0
420.985 0.285714 0.285714 1 3 0
421.185 0.285714 0.285714 1 3 0
421.385 0.285714 0.285714 1 3 0
421.585 0.285714 0.285714 1 3 0
421.785 0.285714 0.285714 1 3 0
421.985 0.285714 0.285714 1 3 0
422.185 0.285714 0.285714 1 3 0
422.385 0.285714 0.285714 1 3 0
422.585 0.285714 0.285714 1 3 0
422.785 0.285714 0.285714 1 3 0
422.985 0.285714 0.285714 1 3 0
423.185 0.285714 0.285714 1 3 0
423.385 0.285714 0.285714 1 3 0
423.585 0.285714 0.285714 1 3 0
423.785 0.285714 0.285714 1 3 0
423.985 0.285714 0.285714 1 3 0
424.185 0.285714 0.285714 1 3 0
424.385 0.285714 0.285714 1 3 0
424.585 0.285714 0.285714 1 3 0
424.785 0.285714 0.285714 1 3 0
424.985 0.285714 0.285714 1 3 0
425.185 0.285714 0.285714 1 3 0
425.385 0.285714 0.285714 1 3 0
425.585 0.285714 0.285714 1 3 0
425.785 0.285714 0.285714 1 3 0
425.985 0.285714 0.285714 1 3 0
426.185 0.285714 0.285714 1 3 0
426.385 0.285714 0.285714 1 3 0
426.585 0.285714 0.285714 1 3 0
426.785 0.285714 0.285714 1 3 0
426.985 0.285714 0.285714 1 3 0
427.185 0.285714 0.285714 1 3 0
427.385 0.285714 0.285714 1 3 0
427.585 0.285714 0.285714 1 3 0
427.785 0.285714 0.285714 1 3 0
427.985 0.285714 0.285714 1 3 0
428.185 0.285714 0.285714 1 3 0
428.385 0.285714 0.285714 1 3 0
428.585 0.285714 0.285714 1 3 0
428.785 0.285714 0.285714 1 3 0
428.985 0.285714 0.285714 1 3 0
429.185 0.285714 0.285714 1 3 0
429.385 0.285714 0.285714 1 3 0
429.585 0.285714 0.285714 1 3 0
429.785 0.285714 0.285714 1 3 0
429.985 0.285714 0.285714 1 3 0
430.185 0.285714 0.285714 1 3 0
430.385 0.285714 0.285714 1 3 0
430.585 0.285714 0.285714 1 3 0
430.785 0.285714 0.285714 1 3 0
430.985 0.285714 0.285714 1 3 0
431.185 0.285714 0.285714 1 3 0
431.385 0.285714 0.285714 1 3 0
431.585 0.285714 0.285714 1 3 0
431.785 0.285714 0.285714 1 3 0
431.985 0.285714 0.285714 1 3 0
432.185 0.285714 0.285714 1 3 0
432.385 0.285714 0.285714 1 3 0
432.585 0.285714 0.285714 1 3 0
432.785 0.285714 0.285714 1 3 0
432.985 0.285714 0.285714 1 3 0
433.185 0.285714 0.285714 1 3 0
433.385 0.285714 0.285714 1 3 0
433.585 0.285714 0.285714 1 3 0
433.785 0.285714 0.285714 1 3 0
433.985 0.285714 0.285714 1 3 0
434.185 0.285714 0.285714 1 3 0
434.385 0.285714 0.285714 1 3 0
434.585 0.285714 0.285714 1 3 0
434.785 0.285714 0.285714 1 3 0
434.985 0.285714 0.285714 1 3 0
435.185 0.285714 0.285714 1 3 0
435.385 0.285714 0.285714 1 3 0
435.585 0.285714 0.285714 1 3 0
435.785 0.285714 0.285714 1 3 0
435.985 0.285714 0.285714 1 3 0
436.185 0.285714 0.285714 1 3 0
436.385 0.285714 0.285714 1 3 0
436.585 0.285714 0.285714 1 3 0
436.785 0.285714 0.285714 1 3 0
436.985 0.285714 0.285714 1 3 0
437.185 0.285714 0.285714 1 3 0
437.385 0.285714 0.285714 1 3 0
437.585 0.285714 0.285714 1 3 0
437.785 0.285714 0.285714 1 3 0
437.985 0.285714 0.285714 1 3 0
438.185 0.285714 0.285714 1 3 0
438.385 0.285714 0.285714 1 3 0
438.585 0.285714 0.285714 1 3 0
438.785 0.285714 0.285714 1 3 0
438.985 0.285714 0.285714 1 3 0
439.185 0.285714 0.285714 1 3 0
439.385 0.285714 0.285714 1 3 0
439.585 0.285714 0.285714 1 3 0
439.785 0.285714 0.285714 1 3 0
439.985 0.285714 0.285714 1 3 0
440.185 0.285714 0.285714 1 3 0
440.385 0.285714 0.285714 1 3 0
440.585 0.285714 0.285714 1 3 0
440.785 0.285714 0.285714 1 3 0
440.985 0.285714 0.285714 1 3 0
441.185 0.285714 0.285714 1 3 0
441.385 0.285714 0.285714 1 3 0
441.585 0.285714 0.285714 1 3 0
441.785 0.285714 0.285714 1 3 0
441.985 0.285714 0.285714 1 3 0
442.185 0.285714 0.285714 1 3 0
442.385 0.285714 0.285714 1 3 0
442.585 0.285714 0.285714 1 3 0
442.785 0.285714 0.285714 1 3 0
442.985 0.285714 0.285714 1 3 0
443.185 0.285714 0.285714 1 3 0
443.385 0.285714 0.285714 1 3 0
443.585 0.285714 0.285714 1 3 0
443.785 0.285714 0.285714 1 3 0
443.985 0.285714 0.285714 1 3 0
444.185 0.285714 0.285714 1 3 0
444.385 0.285714 0.285714 1 3 0
444.585 0.285714 0.285714 1 3 0
444.785 0.285714 0.285714 1 3 0
444.985 0.285714 0.285714 1 3 0
445.185 0.285714 0.285714 1 3 0
445.385 0.285714 0.285714 1 3 0
445.585 0.285714 0.285714 1 3 0
445.785 0.285714 0.285714 1 3 0
445.985 0.285714 0.285714 1 3 0
446.185 0.285714 0.285714 1 3 0
446.385 0.285714 0.285714 1 3 0
446.585 0.285714 0.285714 1 3 0
446.785 0.285714 0.285714 1 3 0
446.985 0.285714 0.285714 1 3 0
447.185 0.285714 0.285714 1 3 0
447.385 0.285714 0.285714 1 3 0
447.585 0.285714 0.285714 1 3 0
447.785 0.285714 0.285714 1 3 0
447.985 0.285714 0.285714 1 3 0
448.185 0.285714 0.285714 1 3 0
448.385 0.285714 0.285714 1 3 0
448.585 0.285714 0.285714 1 3 0
448.785 0.285714 0.285714 1 3 0
448.985 0.285714 0.285714 1 3 0
449.185 0.285714 0.285714 1 3 0
449.385 0.285714 0.285714 1 3 0
449.585 0.285714 0.285714 1 3 0
449.785 0.285714 0.285714 1 3 0
449.985 0.285714 0.285714 1 3 0
450.185 0.285714 0.285714 1 3 0
450.385 0.285714 0.285714 1 3 0
450.585 0.285714 0.285714 1 3 0
450.585 0.285714 0.285714 2 3 0
450.625 0.285714 0.285714 1 3 0
450.665 0.285714 0.285714 1 3 0
450.745 0.285714 0.285714 1 3 0
450.905 0.285714 0.285714 1 3 0
451.105 0.285714 0.285714 1 3 0
451.305 0.285714 0.285714 1 3 0
451.505 0.285714 0.285714 1 3 0
451.705 0.285714 0.285714 1 3 0
451.905 0.285714 0.285714 1 3 0
452.105 0.285714 0.285714 1 3 0
452.305 0.285714 0.285714 1 3 0
452.505 0.285714 0.285714 1 3 0
452.705 0.285714 0.285714 1 3 0
452.905 0.285714 0.285714 1 3 0
453.105 0.285714 0.285714 1 3 0
453.305 0.285714 0.285714 1 3 0
453.505 0.285714 0.285714 1 3 0
453.705 0.285714 0.285714 1 3 0
453.905 0.285714 0.285714 1 3 0
454.105 0.285714 0.285714 1 3 0
454.305 0.285714 0.285714 1 3 0
454.505 0.285714 0.285714 1 3 0
454.705 0.285714 0.285714 1 3 0
454.905 0.285714 0.285714 1 3 0
455.105 0.285714 0.285714 1 3 0
455.305 0.285714 0.285714 1 3 0
455.505 0.285714 0.285714 1 3 0
455.705 0.285714 0.285714 1 3 0
455.905 0.285714 0.285714 1 3 0
456.105 0.285714 0.285714 1 3 0
456.305 0.285714 0.285714 1 3 0
456.505 0.285714 0.285714 1 3 0
456.705 0.285714 0.285714 1 3 0
456.905 0.285714 0.285714 1 3 0
457.105 0.285714 0.285714 1 3 0
457.305 0.285714 0.285714 1 3 0
457.505 0.285714 0.285714 1 3 0
457.705 0.285714 0.285714 1 3 0
457.905 0.285714 0.285714 1 3 0
458.105 0.285714 0.285714 1 3 0
458.305 0.285714 0.285714 1 3 0
458.505 0.285714 0.285714 1 3 0
458.705 0.285714 0.285714 1 3 0
458.905 0.285714 0.285714 1 3 0
459.105 0.285714 0.285714 1 3 0
459.305 0.285714 0.285714 1 3 0
459.505 0.285714 0.285714 1 3 0
459.705 0.285714 0.285714 1 3 0
459.905 0.285714 0.285714 1 3 0
460.105 0.285714 0.285714 1 3 0
460.305 0.285714 0.285714 1 3 0
460.505 0.285714 0.285714 1 3 0
460.705 0.285714 0.285714 1 3 0
460.905 0.285714 0.285714 1 3 0
461.105 0.285714 0.285714 1 3 0
461.305 0.285714 0.285714 1 3 0
461.505 0.285714 0.285714 1 3 0
461.705 0.285714 0.285714 1 3 0
461.905 0.285714 0.285714 1 3 0
462.105 0.285714 0.285714 1 3 0
462.305 0.285714 0.285714 1 3 0
462.505 0.285714 0.285714 1 3 0
462.705 0.285714 0.285714 1 3 0
462.905 0.285714 0.285714 1 3 0
463.105 0.285714 0.285714 1 3 0
463.305 0.285714 0.285714 1 3 0
463.505 0.285714 0.285714 1 3 0
463.705 0.285714 0.285714 1 3 0
463.905 0.285714 0.285714 1 3 0
464.105 0.285714 0.285714 1 3 0
464.305 0.285714 0.285714 1 3 0
464.505 0.285714 0.285714 1 3 0
464.705 0.285714 0.285714 1 3 0
464.905 0.285714 0.285714 1 3 0
465.105 0.285714 0.285714 1 3 0
465.305 0.285714 0.285714 1 3 0
465.505 0.285714 0.285714 1 3 0
465.705 0.285714 0.285714 1 3 0
465.905 0.285714 0.285714 1 3 0
466.105 0.285714 0.285714 1 3 0
466.305 0.285714 0.285714 1 3 0
466.505 0.285714 0.285714 1 3 0
466.705 0.285714 0.285714 1 3 0
466.905 0.285714 0.285714 1 3 0
467.105 0.285714 0.285714 1 3 0
467.305 0.285714 0.285714 1 3 0
467.505 0.285714 0.285714 1 3 0
467.705 0.285714 0.285714 1 3 0
467.905 0.285714 0.285714 1 3 0
468.105 0.285714 0.285714 1 3 0
468.305 0.285714 0.285714 1 3 0
468.505 0.285714 0.285714 1 3 0
468.705 0.285714 0.285714 1 3 0
468.905 0.285714 0.285714 1 3 0
469.105 0.285714 0.285714 1 3 0
469.305 0.285714 0.285714 1 3 0
469.505 0.285714 0.285714 1 3 0
469.705 0.285714 0.285714 1 3 0
469.905 0.285714 0.285714 1 3 0
470.105 0.285714 0.285714 1 3 0
470.305 0.285714 0.285714 1 3 0
470.505 0.285714 0.285714 1 3 0
470.705 0.285714 0.285714 1 3 0
470.905 0.285714 0.285714 1 3 0
471.105 0.285714 0.285714 1 3 0
471.305 0.285714 0.285714 1 3 0
471.505 0.285714 0.285714 1 3 0
471.705 0.285714 0.285714 1 3 0
471.905 0.285714 0.285714 1 3 0
472.105 0.285714 0.285714 1 3 0
472.305 0.285714 0.285714 1 3 0
472.505 0.285714 0.285714 1 3 0
472.705 0.285714 0.285714 1 3 0
472.905 0.285714 0.285714 1 3 0
473.105 0.285714 0.285714 1 3 0
473.305 0.285714 0.285714 1 3 0
473.505 0.285714 0.285714 1 3 0
473.705 0.285714 0.285714 1 3 0
473.905 0.285714 0.285714 1 3 0
474.105 0.285714 0.285714 1 3 0
474.305 0.285714 0.285714 1 3 0
474.505 0.285714 0.285714 1 3 0
474.705 0.285714 0.285714 1 3 0
474.905 0.285714 0.285714 1 3 0
475.105 0.285714 0.285714 1 3 0
475.305 0.285714 0.285714 1 3 0
475.505 0.285714 0.285714 1 3 0
475.705 0.285714 0.285714 1 3 0
475.905 0.285714 0.285714 1 3 0
476.105 0.285714 0.285714 1 3 0
476.305 0.285714 0.285714 1 3 0
476.505 0.285714 0.285714 1 3 0
476.705 0.285714 0.285714 1 3 0
476.905 0.285714 0.285714 1 3 0
477.105 0.285714 0.285714 1 3 0
477.305 0.285714 0.285714 1 3 0
477.505 0.285714 0.285714 1 3 0
477.705 0.285714 0.285714 1 3 0
477.905 0.285714 0.285714 1 3 0
478.105 0.285714 0.285714 1 3 0
478.305 0.285714 0.285714 1 3 0
478.505 0.285714 0.285714 1 3 0
478.705 0.285714 0.285714 1 3 0
478.905 0.285714 0.285714 1 3 0
479.105 0.285714 0.285714 1 3 0
479.305 0.285714 0.285714 1 3 0
479.505 0.285714 0.285714 1 3 0
479.705 0.285714 0.285714 1 3 0
479.905 0.285714 0.285714 1 3 0
480.105 0.285714 0.285714 1 3 0
480.305 0.285714 0.285714 1 3 0
480.505 0.285714 0.285714 1 3 0
480.705 0.285714 0.285714 1 3 0
480.905 0.285714 0.285714 1 3 0
481.105 0.285714 0.285714 1 3 0
481.305 0.285714 0.285714 1 3 0
481.505 0.285714 0.285714 1 3 0
481.705 0.285714 0.285714 1 3 0
481.905 0.285714 0.285714 1 3 0
482.105 0.285714 0.285714 1 3 0
482.305 0.285714 0.285714 1 3 0
482.505 0.285714 0.285714 1 3 0
482.705 0.285714 0.285714 1 3 0
482.905 0.285714 0.285714 1 3 0
483.105 0.285714 0.285714 1 3 0
483.305 0.285714 0.285714 1 3 0
483.505 0.285714 0.285714 1 3 0
483.705 0.285714 0.285714 1 3 0
483.905 0.285714 0.285714 1 3 0
484.105 0.285714 0.285714 1 3 0
484.305 0.285714 0.285714 1 3 0
484.505 0.285714 0.285714 1 3 0
484.705 0.285714 0.285714 1 3 0
484.905 0.285714 0.285714 1 3 0
485.105 0.285714 0.285714 1 3 0
485.305 0.285714 0.285714 1 3 0
485.505 0.285714 0.285714 1 3 0
485.705 0.285714 0.285714 1 3 0
485.905 0.285714 0.285714 1 3 0
486.105 0.285714 0.285714 1 3 0
486.305 0.285714 0.285714 1 3 0
486.505 0.285714 0.285714 1 3 0
486.705 0.285714 0.285714 1 3 0
486.905 0.285714 0.285714 1 3 0
487.105 0.285714 0.285714 1 3 0
487.305 0.285714 0.285714 1 3 0
487.505 0.285714 0.285714 1 3 0
487.705 0.285714 0.285714 1 3 0
487.905 0.285714 0.285714 1 3 0
488.105 0.285714 0.285714 1 3 0
488.305 0.285714 0.285714 1 3 0
488.505 0.285714 0.285714 1 3 0
488.705 0.285714 0.285714 1 3 0
488.905 0.285714 0.285714 1 3 0
489.105 0.285714 0.285714 1 3 0
489.305 0.285714 0.285714 1 3 0
489.505 0.285714 0.285714 1 3 0
489.705 0.285714 0.285714 1 3 0
489.905 0.285714 0.285714 1 3 0
489.905 0.285714 0.285714 2 3 0
489.945 0.285714 0.285714 1 3 0
489.985 0.285714 0.285714 1 3 0
490.065 0.285714 0.285714 1 3 0
490.225 0.285714 0.285714 1 3 0
490.425 0.285714 0.285714 1 3 0
490.625 0.285714 0.285714 1 3 0
490.825 0.285714 0.285714 1 3 0
491.025 0.285714 0.285714 1 3 0
491.225 0.285714 0.285714 1 3 0
491.425 0.285714 0.285714 1 3 0
491.625 0.285714 0.285714 1 3 0
491.825 0.285714 0.285714 1 3 0
492.025 0.285714 0.285714 1 3 0
492.225 0.285714 0.285714 1 3 0
492.425 0.285714 0.285714 1 3 0
492.625 0.285714 0.285714 1 3 0
492.825 0.285714 0.285714 1 3 0
493.025 0.285714 0.285714 1 3 0
493.225 0.285714 0.285714 1 3 0
493.425 0.285714 0.285714 1 3 0
493.625 0.285714 0.285714 1 3 0
493.825 0.285714 0.285714 1 3 0
494.025 0.285714 0.285714 1 3 0
494.225 0.285714 0.285714 1 3 0
494.425 0.285714 0.285714 1 3 0
494.625 0.285714 0.285714 1 3 0
494.825 0.285714 0.285714 1 3 0
495.025 0.285714 0.285714 1 3 0
495.225 0.285714 0.285714 1 3 0
495.425 0.285714 0.285714 1 3 0
495.625 0.285714 0.285714 1 3 0
495.825 0.285714 0.285714 1 3 0
496.025 0.285714 0.285714 1 3 0
496.225 0.285714 0.285714 1 3 0
496.425 0.285714 0.285714 1 3 0
496.625 0.285714 0.285714 1 3 0
496.825 0.285714 0.285714 1 3 0
497.025 0.285714 0.285714 1 3 0
497.225 0.285714 0.285714 1 3 0
497.425 0.285714 0.285714 1 3 0
497.625 0.285714 0.285714 1 3 0
497.825 0.285714 0.285714 1 3 0
498.025 0.285714 0.285714 1 3 0
498.225 0.285714 0.285714 1 3 0
498.425 0.285714 0.285714 1 3 0
498.625 0.285714 0.285714 1 3 0
498.825 0.285714 0.285714 1 3 0
499.025 0.285714 0.285714 1 3 0
499.225 0.285714 0.285714 1 3 0
499.425 0.285714 0.285714 1 3 0
499.625 0.285714 0.285714 1 3 0
499.825 0.285714 0.285714 1 3 0
500.025 0.285714 0.285714 1 3 0
500.225 0.285714 0.285714 1 3 0
500.425 0.285714 0.285714 1 3 0
500.625 0.285714 0.285714 1 3 0
500.825 0.285714 0.285714 1 3 0
501.025 0.285714 0.285714 1 3 0
501.225 0.285714 0.285714 1 3 0
501.425 0.285714 0.285714 1 3 0
501.625 0.285714 0.285714 1 3 0
501.825 0.285714 0.285714 1 3 0
502.025 0.285714 0.285714 1 3 0
502.225 0.285714 0.285714 1 3 0
502.425 0.285714 0.285714 1 3 0
502.625 0.285714 0.285714 1 3 0
502.825 0.285714 0.285714 1 3 0
503.025 0.285714 0.285714 1 3 0
503.225 0.285714 0.285714 1 3 0
503.425 0.285714 0.285714 1 3 0
503.625 0.285714 0.285714 1 3 0
503.825 0.285714 0.285714 1 3 0
504.025 0.285714 0.285714 1 3 0
504.225 0.285714 0.285714 1 3 0
504.425 0.285714 0.285714 1 3 0
504.625 0.285714 0.285714 1 3 0
504.825 0.285714 0.285714 1 3 0
505.025 0.285714 0.285714 1 3 0
505.225 0.285714 0.285714 1 3 0
505.425 0.285714 0.285714 1 3 0
505.625 0.285714 0.285714 1 3 0
505.825 0.285714 0.285714 1 3 0
506.025 0.285714 0.285714 1 3 0
506.225 0.285714 0.285714 1 3 0
506.425 0.285714 0.285714 1 3 0
506.625 0.285714 0.285714 1 3 0
506.825 0.285714 0.285714 1 3 0
507.025 0.285714 0.285714 1 3 0
507.225 0.285714 0.285714 1 3 0
507.425 0.285714 0.285714 1 3 0
507.625 0.285714 0.285714 1 3 0
507.825 0.285714 0.285714 1 3 0
508.025 0.285714 0.285714 1 3 0
508.225 0.285714 0.285714 1 3 0
508.425 0.285714 0.285714 1 3 0
508.625 0.285714 0.285714 1 3 0
508.825 0.285714 0.285714 1 3 0
509.025 0.285714 0.285714 1 3 0
509.225 0.285714 0.285714 1 3 0
509.425 0.285714 0.285714 1 3 0
509.625 0.285714 0.285714 1 3 0
509.825 0.285714 0.285714 1 3 0
510.025 0.285714 0.285714 1 3 0
510.225 0.285714 0.285714 1 3 0
510.425 0.285714 0.285714 1 3 0
510.625 0.285714 0.285714 1 3 0
510.825 0.285714 0.285714 1 3 0
511.025 0.285714 0.285714 1 3 0
511.225 0.285714 0.285714 1 3 0
511.425 0.285714 0.285714 1 3 0
511.625 0.285714 0.285714 1 3 0
511.825 0.285714 0.285714 1 3 0
512.025 0.285714 0.285714 1 3 0
512.225 0.285714 0.285714 1 3 0
512.425 0.285714 0.285714 1 3 0
512.625 0.285714 0.285714 1 3 0
512.825 0.285714 0.285714 1 3 0
513.025 0.285714 0.285714 1 3 0
513.225 0.285714 0.285714 1 3 0
513.425 0.285714 0.285714 1 3 0
513.625 0.285714 0.285714 1 3 0
513.825 0.285714 0.285714 1 3 0
514.025 0.285714 0.285714 1 3 0
514.225 0.285714 0.285714 1 3 0
514.425 0.285714 0.285714 1 3 0
514.625 0.285714 0.285714 1 3 0
514.825 0.285714 0.285714 1 3 0
515.025 0.285714 0.285714 1 3 0
515.225 0.285714 0.285714 1 3 0
515.425 0.285714 0.285714 1 3 0
515.625 0.285714 0.285714 1 3 0
515.825 0.285714 0.285714 1 3 0
516.025 0.285714 0.285714 1 3 0
516.225 0.285714 0.285714 1 3 0
516.425 0.285714 0.285714 1 3 0
516.625 0.285714 0.285714 1 3 0
516.825 0.285714 0.285714 1 3 0
517.025 0.285714 0.285714 1 3 0
517.225 0.285714 0.285714 1 3 0
517.425 0.285714 0.285714 1 3 0
517.625 0.285714 0.285714 1 3 0
517.825 0.285714 0.285714 1 3 0
518.025 0.285714 0.285714 1 3 0
518.225 0.285714 0.285714 1 3 0
518.425 0.285714 0.285714 1 3 0
518.625 0.285714 0.285714 1 3 0
518.825 0.285714 0.285714 1 3 0
519.025 0.285714 0.285714 1 3 0
519.225 0.285714 0.285714 1 3 0
519.425 0.285714 0.285714 1 3 0
519.625 0.285714 0.285714 1 3 0
519.825 0.285714 0.285714 1 3 0
520.025 0.285714 0.285714 1 3 0
520.225 0.285714 0.285714 1 3 0
520.425 0.285714 0.285714 1 3 0
520.625 0.285714 0.285714 1 3 0
520.825 0.285714 0.285714 1 3 0
521.025 0.285714 0.285714 1 3 0
521.225 0.285714 0.285714 1 3 0
521.425 0.285714 0.285714 1 3 0
521.625 0.285714 0.285714 1 3 0
521.825 0.285714 0.285714 1 3 0
522.025 0.285714 0.285714 1 3 0
522.225 0.285714 0.285714 1 3 0
522.425 0.285714 0.285714 1 3 0
522.625 0.285714 0.285714 1 3 0
522.825 0.285714 0.285714 1 3 0
523.025 0.285714 0.285714 1 3 0
523.225 0.285714 0.285714 1 3 0
523.425 0.285714 0.285714 1 3 0
523.625 0.285714 0.285714 1 3 0
523.825 0.285714 0.285714 1 3 0
524.025 0.285714 0.285714 1 3 0
524.225 0.285714 0.285714 1 3 0
524.425 0.285714 0.285714 1 3 0
524.625 0.285714 0.285714 1 3 0
524.825 0.285714 0.285714 1 3 0
525.025 0.285714 0.285714 1 3 0
525.225 0.285714 0.285714 1 3 0
525.425 0.285714 0.285714 1 3 0
525.625 0.285714 0.285714 1 3 0
525.825 0.285714 0.285714 1 3 0
526.025 0.285714 0.285714 1 3 0
526.225 0.285714 0.285714 1 3 0
526.425 0.285714 0.285714 1 3 0
526.625 0.285714 0.285714 1 3 0
526.825 0.285714 0.285714 1 3 0
527.025 0.285714 0.285714 1 3 0
527.225 0.285714 0.285714 1 3 0
527.425 0.285714 0.285714 1 3 0
527.625 0.285714 0.285714 1 3 0
527.825 0.285714 0.285714 1 3 0
528.025 0.285714 0.285714 1 3 0
528.225 0.285714 0.285714 1 3 0
528.425 0.285714 0.285714 1 3 0
528.625 0.285714 0.285714 1 3 0
528.825 0.285714 0.285714 1 3 0
529.025 0.285714 0.285714 1 3 0
529.225 0.285714 0.285714 1 3 0
529.225 0.285714 0.285714 2 3 0
529.265 0.285714 0.285714 1 3 0
529.305 0.285714 0.285714 1 3 0
529.385 0.285714 0.285714 1 3 0
529.545 0.285714 0.285714 1 3 0
529.745 0.285714 0.285714 1 3 0
529.945 0.285714 0.285714 1 3 0
530.145 0.285714 0.285714 1 3 0
530.345 0.285714 0.285714 1 3 0
530.545 0.285714 0.285714 1 3 0
530.745 0.285714 0.285714 1 3 0
530.945 0.285714 0.285714 1 3 0
531.145 0.285714 0.285714 1 3 0
531.345 0.285714 0.285714 1 3 0
531.545 0.285714 0.285714 1 3 0
531.745 0.285714 0.285714 1 3 0
531.945 0.285714 0.285714 1 3 0
532.145 0.285714 0.285714 1 3 0
532.345 0.285714 0.285714 1 3 0
532.545 0.285714 0.285714 1 3 0
532.745 0.285714 0.285714 1 3 0
532.945 0.285714 0.285714 1 3 0
533.145 0.285714 0.285714 1 3 0
533.345 0.285714 0.285714 1 3 0
533.545 0.285714 0.285714 1 3 0
533.745 0.285714 0.285714 1 3 0
533.945 0.285714 0.285714 1 3 0
534.145 0.285714 0.285714 1 3 0
534.345 0.285714 0.285714 1 3 0
534.545 0.285714 0.285714 1 3 0
534.745 0.285714 0.285714 1 3 0
534.945 0.285714 0.285714 1 3 0
535.145 0.285714 0.285714 1 3 0
535.345 0.285714 0.285714 1 3 0
535.545 0.285714 0.285714 1 3 0
535.745 0.285714 0.285714 1 3 0
535.945 0.285714 0.285714 1 3 0
536.145 0.285714 0.285714 1 3 0
536.345 0.285714 0.285714 1 3 0
536.545 0.285714 0.285714 1 3 0
536.745 0.285714 0.285714 1 3 0
536.945 0.285714 0.285714 1 3 0
537.145 0.285714 0.285714 1 3 0
537.345 0.285714 0.285714 1 3 0
537.545 0.285714 0.285714 1 3 0
537.745 0.285714 0.285714 1 3 0
537.945 0.285714 0.285714 1 3 0
538.145 0.285714 0.285714 1 3 0
538.345 0.285714 0.285714 1 3 0
538.545 0.285714 0.285714 1 3 0
538.745 0.285714 0.285714 1 3 0
538.945 0.285714 0.285714 1 3 0
539.145 0.285714 0.285714 1 3 0
539.345 0.285714 0.285714 1 3 0
539.545 0.285714 0.285714 1 3 0
539.745 0.285714 0.285714 1 3 0
539.945 0.285714 0.285714 1 3 0
540.145 0.285714 0.285714 1 3 0
540.345 0.285714 0.285714 1 3 0
540.545 0.285714 0.285714 1 3 0
540.745 0.285714 0.285714 1 3 0
540.945 0.285714 0.285714 1 3 0
541.145 0.285714 0.285714 1 3 0
541.345 0.285714 0.285714 1 3 0
541.545 0.285714 0.285714 1 3 0
541.745 0.285714 0.285714 1 3 0
541.945 0.285714 0.285714 1 3 0
542.145 0.285714 0.285714 1 3 0
542.345 0.285714 0.285714 1 3 0
542.545 0.285714 0.285714 1 3 0
542.745 0.285714 0.285714 1 3 0
542.945 0.285714 0.285714 1 3 0
543.145 0.285714 0.285714 1 3 0
543.345 0.285714 0.285714 1 3 0
543.545 0.285714 0.285714 1 3 0
543.745 0.285714 0.285714 1 3 0
543.945 0.285714 0.285714 1 3 0
544.145 0.285714 0.285714 1 3 0
544.345 0.285714 0.285714 1 3 0
544.545 0.285714 0.285714 1 3 0
544.745 0.285714 0.285714 1 3 0
544.945 0.285714 0.285714 1 3 0
545.145 0.285714 0.285714 1 3 0
545.345 0.285714 0.285714 1 3 0
545.545 0.285714 0.285714 1 3 0
545.745 0.285714 0.285714 1 3 0
545.945 0.285714 0.285714 1 3 0
546.145 0.285714 0.285714 1 3 0
546.345 0.285714 0.285714 1 3 0
546.545 0.285714 0.285714 1 3 0
546.745 0.285714 0.285714 1 3 0
546.945 0.285714 0.285714 1 3 0
547.145 0.285714 0.285714 1 3 0
547.345 0.285714 0.285714 1 3 0
547.545 0.285714 0.285714 1 3 0
547.745 0.285714 0.285714 1 3 0
547.945 0.285714 0.285714 1 3 0
548.145 0.285714 0.285714 1 3 0
548.345 0.285714 0.285714 1 3 0
548.545 0.285714 0.285714 1 3 0
548.745 0.285714 0.285714 1 3 0
548.945 0.285714 0.285714 1 3 0
549.145 0.285714 0.285714 1 3 0
549.345 0.285714 0.285714 1 3 0
549.545 0.285714 0.285714 1 3 0
549.745 0.285714 0.285714 1 3 0
549.945 0.285714 0.285714 1 3 0
550.145 0.285714 0.285714 1 3 0
550.345 0.285714 0.285714 1 3 0
550.545 0.285714 0.285714 1 3 0
550.745 0.285714 0.285714 1 3 0
550.945 0.285714 0.285714 1 3 0
551.145 0.285714 0.285714 1 3 0
551.345 0.285714 0.285714 1 3 0
551.545 0.285714 0.285714 1 3 0
551.745 0.285714 0.285714 1 3 0
551.945 0.285714 0.285714 1 3 0
552.145 0.285714 0.285714 1 3 0
552.345 0.285714 0.285714 1 3 0
552.545 0.285714 0.285714 1 3 0
552.745 0.285714 0.285714 1 3 0
552.945 0.285714 0.285714 1 3 0
553.145 0.285714 0.285714 1 3 0
553.345 0.285714 0.285714 1 3 0
553.545 0.285714 0.285714 1 3 0
553.745 0.285714 0.285714 1 3 0
553.945 0.285714 0.285714 1 3 0
554.145 0.285714 0.285714 1 3 0
554.345 0.285714 0.285714 1 3 0
554.545 0.285714 0.285714 1 3 0
554.745 0.285714 0.285714 1 3 0
554.945 0.285714 0.285714 1 3 0
555.145 0.285714 0.285714 1 3 0
555.345 0.285714 0.285714 1 3 0
555.545 0.285714 0.285714 1 3 0
555.745 0.285714 0.285714 1 3 0
555.945 0.285714 0.285714 1 3 0
556.145 0.285714 0.285714 1 3 0
556.345 0.285714 0.285714 1 3 0
556.545 0.285714 0.285714 1 3 0
556.745 0.285714 0.285714 1 3 0
556.945 0.285714 0.285714 1 3 0
557.145 0.285714 0.285714 1 3 0
557.345 0.285714 0.285714 1 3 0
557.545 0.285714 0.285714 1 3 0
557.745 0.285714 0.285714 1 3 0
557.945 0.285714 0.285714 1 3 0
558.145 0.285714 0.285714 1 3 0
558.345 0.285714 0.285714 1 3 0
558.545 0.285714 0.285714 1 3 0
558.745 0.285714 0.285714 1 3 0
558.945 0.285714 0.285714 1 3 0
559.145 0.285714 0.285714 1 3 0
559.345 0.285714 0.285714 1 3 0
559.545 0.285714 0.285714 1 3 0
559.745 0.285714 0.285714 1 3 0
559.945 0.285714 0.285714 1 3 0
560.145 0.285714 0.285714 1 3 0
560.345 0.285714 0.285714 1 3 0
560.545 0.285714 0.285714 1 3 0
560.745 0.285714 0.285714 1 3 0
560.945 0.285714 0.285714 1 3 0
561.145 0.285714 0.285714 1 3 0
561.345 0.285714 0.285714 1 3 0
561.545 0.285714 0.285714 1 3 0
561.745 0.285714 0.285714 1 3 0
561.945 0.285714 0.285714 1 3 0
562.145 0.285714 0.285714 1 3 0
562.345 0.285714 0.285714 1 3 0
562.545 0.285714 0.285714 1 3 0
562.745 0.285714 0.285714 1 3 0
562.945 0.285714 0.285714 1 3 0
563.145 0.285714 0.285714 1 3 0
563.345 0.285714 0.285714 1 3 0
563.545 0.285714 0.285714 1 3 0
563.745 0.285714 0.285714 1 3 0
563.945 0.285714 0.285714 1 3 0
564.145 0.285714 0.285714 1 3 0
564.345 0.285714 0.285714 1 3 0
564.545 0.285714 0.285714 1 3 0
564.745 0.285714 0.285714 1 3 0
564.945 0.285714 0.285714 1 3 0
565.145 0.285714 0.285714 1 3 0
565.345 0.285714 0.285714 1 3 0
565.545 0.285714 0.285714 1 3 0
565.745 0.285714 0.285714 1 3 0
565.945 0.285714 0.285714 1 3 0
566.145 0.285714 0.285714 1 3 0
566.345 0.285714 0.285714 1 3 0
566.545 0.285714 0.285714 1 3 0
566.745 0.285714 0.285714 1 3 0
566.945 0.285714 0.285714 1 3 0
567.145 0.285714 0.285714 1 3 0
567.345 0.285714 0.285714 1 3 0
567.545 0.285714 0.285714 1 3 0
567.745 0.285714 0.285714 1 3 0
567.945 0.285714 0.285714 1 3 0
568.145 0.285714 0.285714 1 3 0
568.345 0.285714 0.285714 1 3 0
568.545 0.285714 0.285714 1 3 0
568.545 0.285714 0.285714 2 3 0
568.585 0.285714 0.285714 1 3 0
568.625 0.285714 0.285714 1 3 0
568.705 0.285714 0.285714 1 3 0
568.865 0.285714 0.285714 1 3 0
569.065 0.285714 0.285714 1 3 0
569.265 0.285714 0.285714 1 3 0
569.465 0.285714 0.285714 1 3 0
569.665 0.285714 0.285714 1 3 0
569.865 0.285714 0.285714 1 3 0
570.065 0.285714 0.285714 1 3 0
570.265 0.285714 0.285714 1 3 0
570.465 0.285714 0.285714 1 3 0
570.665 0.285714 0.285714 1 3 0
570.865 0.285714 0.285714 1 3 0
571.065 0.285714 0.285714 1 3 0
571.265 0.285714 0.285714 1 3 0
571.465 0.285714 0.285714 1 3 0
571.665 0.285714 0.285714 1 3 0
571.865 0.285714 0.285714 1 3 0
572.065 0.285714 0.285714 1 3 0
572.265 0.285714 0.285714 1 3 0
572.465 0.285714 0.285714 1 3 0
572.665 0.285714 0.285714 1 3 0
572.865 0.285714 0.285714 1 3 0
573.065 0.285714 0.285714 1 3 0
573.265 0.285714 0.285714 1 3 0
573.465 0.285714 0.285714 1 3 0
573.665 0.285714 0.285714 1 3 0
573.865 0.285714 0.285714 1 3 0
574.065 0.285714 0.285714 1 3 0
574.265 0.285714 0.285714 1 3 0
574.465 0.285714 0.285714 1 3 0
574.665 0.285714 0.285714 1 3 0
574.865 0.285714 0.285714 1 3 0
575.065 0.285714 0.285714 1 3 0
575.265 0.285714 0.285714 1 3 0
575.465 0.285714 0.285714 1 3 0
575.665 0.285714 0.285714 1 3 0
575.865 0.285714 0.285714 1 3 0
576.065 0.285714 0.285714 1 3 0
576.265 0.285714 0.285714 1 3 0
576.465 0.285714 0.285714 1 3 0
576.665 0.285714 0.285714 1 3 0
576.865 0.285714 0.285714 1 3 0
577.065 0.285714 0.285714 1 3 0
577.265 0.285714 0.285714 1 3 0
577.465 0.285714 0.285714 1 3 0
577.665 0.285714 0.285714 1 3 0
577.865 0.285714 0.285714 1 3 0
578.065 0.285714 0.285714 1 3 0
578.265 0.285714 0.285714 1 3 0
578.465 0.285714 0.285714 1 3 0
578.665 0.285714 0.285714 1 3 0
578.865 0.285714 0.285714 1 3 0
579.065 0.285714 0.285714 1 3 0
579.265 0.285714 0.285714 1 3 0
579.465 0.285714 0.285714 1 3 0
579.665 0.285714 0.285714 1 3 0
579.865 0.285714 0.285714 1 3 0
580.065 0.285714 0.285714 1 3 0
580.265 0.285714 0.285714 1 3 0
580.465 0.285714 0.285714 1 3 0
580.665 0.285714 0.285714 1 3 0
580.865 0.285714 0.285714 1 3 0
581.065 0.285714 0.285714 1 3 0
581.265 0.285714 0.285714 1 3 0
581.465 0.285714 0.285714 1 3 0
581.665 0.285714 0.285714 1 3 0
581.865 0.285714 0.285714 1 3 0
582.065 0.285714 0.285714 1 3 0
582.265 0.285714 0.285714 1 3 0
582.465 0.285714 0.285714 1 3 0
582.665 0.285714 0.285714 1 3 0
582.865 0.285714 0.285714 1 3 0
583.065 0.285714 0.285714 1 3 0
583.265 0.285714 0.285714 1 3 0
583.465 0.285714 0.285714 1 3 0
583.665 0.285714 0.285714 1 3 0
583.865 0.285714 0.285714 1 3 0
584.065 0.285714 0.285714 1 3 0
584.265 0.285714 0.285714 1 3 0
584.465 0.285714 0.285714 1 3 0
584.665 0.285714 0.285714 1 3 0
584.865 0.285714 0.285714 1 3 0
585.065 0.285714 0.285714 1 3 0
585.265 0.285714 0.285714 1 3 0
585.465 0.285714 0.285714 1 3 0
585.665 0.285714 0.285714 1 3 0
585.865 0.285714 0.285714 1 3 0
586.065 0.285714 0.285714 1 3 0
586.265 0.285714 0.285714 1 3 0
586.465 0.285714 0.285714 1 3 0
586.665 0.285714 0.285714 1 3 0
586.865 0.285714 0.285714 1 3 0
587.065 0.285714 0.285714 1 3 0
587.265 0.285714 0.285714 1 3 0
587.465 0.285714 0.285714 1 3 0
587.665 0.285714 0.285714 1 3 0
587.865 0.285714 0.285714 1 3 0
588.065 0.285714 0.285714 1 3 0
588.265 0.285714 0.285714 1 3 0
588.465 0.285714 0.285714 1 3 0
588.665 0.285714 0.285714 1 3 0
588.865 0.285714 0.285714 1 3 0
589.065 0.285714 0.285714 1 3 0
589.265 0.285714 0.285714 1 3 0
589.465 0.285714 0.285714 1 3 0
589.665 0.285714 0.285714 1 3 0
589.865 0.285714 0.285714 1 3 0
590.065 0.285714 0.285714 1 3 0
590.265 0.285714 0.285714 1 3 0
590.465 0.285714 0.285714 1 3 0
590.665 0.285714 0.285714 1 3 0
590.865 0.285714 0.285714 1 3 0
591.065 0.285714 0.285714 1 3 0
591.265 0.285714 0.285714 1 3 0
591.465 0.285714 0.285714 1 3 0
591.665 0.285714 0.285714 1 3 0
591.865 0.285714 0.285714 1 3 0
592.065 0.285714 0.285714 1 3 0
592.265 0.285714 0.285714 1 3 0
592.465 0.285714 0.285714 1 3 0
592.665 0.285714 0.285714 1 3 0
592.865 0.285714 0.285714 1 3 0
593.065 0.285714 0.285714 1 3 0
593.265 0.285714 0.285714 1 3 0
593.465 0.285714 0.285714 1 3 0
593.665 0.285714 0.285714 1 3 0
593.865 0.285714 0.285714 1 3 0
594.065 0.285714 0.285714 1 3 0
594.265 0.285714 0.285714 1 3 0
594.465 0.285714 0.285714 1 3 0
594.665 0.285714 0.285714 1 3 0
594.865 0.285714 0.285714 1 3 0
595.065 0.285714 0.285714 1 3 0
595.265 0.285714 0.285714 1 3 0
595.465 0.285714 0.285714 1 3 0
595.665 0.285714 0.285714 1 3 0
595.865 0.285714 0.285714 1 3 0
596.065 0.285714 0.285714 1 3 0
596.265 0.285714 0.285714 1 3 0
596.465 0.285714 0.285714 1 3 0
596.665 0.285714 0.285714 1 3 0
596.865 0.285714 0.285714 1 3 0
597.065 0.285714 0.285714 1 3 0
597.265 0.285714 0.285714 1 3 0
597.465 0.285714 0.285714 1 3 0
597.665 0.285714 0.285714 1 3 0
597.865 0.285714 0.285714 1 3 0
598.065 0.285714 0.285714 1 3 0
598.265 0.285714 0.285714 1 3 0
598.465 0.285714 0.285714 1 3 0
598.665 0.285714 0.285714 1 3 0
598.865 0.285714 0.285714 1 3 0
599.065 0.285714 0.285714 1 3 0
599.265 0.285714 0.285714 1 3 0
599.465 0.285714 0.285714 1 3 0
599.665 0.285714 0.285714 1 3 0
599.865 0.285714 0.285714 1 3 0
600.065 0.285714 0.285714 1 3 0
600.265 0.285714 0.285714 1 3 0
600.465 0.285714 0.285714 1 3 0
600.665 0.285714 0.285714 1 3 0
600.865 0.285714 0.285714 1 3 0
601.065 0.285714 0.285714 1 3 0
601.265 0.285714 0.285714 1 3 0
601.465 0.285714 0.285714 1 3 0
601.665 0.285714 0.285714 1 3 0
601.865 0.285714 0.285714 1 3 0
602.065 0.285714 0.285714 1 3 0
602.265 0.285714 0.285714 1 3 0
602.465 0.285714 0.285714 1 3 0
602.665 0.285714 0.285714 1 3 0
602.865 0.285714 0.285714 1 3 0
603.065 0.285714 0.285714 1 3 0
603.265 0.285714 0.285714 1 3 0
603.465 0.285714 0.285714 1 3 0
603.665 0.285714 0.285714 1 3 0
603.865 0.285714 0.285714 1 3 0
604.065 0.285714 0.285714 1 3 0
604.265 0.285714 0.285714 1 3 0
604.465 0.285714 0.285714 1 3 0
604.665 0.285714 0.285714 1 3 0
604.865 0.285714 0.285714 1 3 0
605.065 0.285714 0.285714 1 3 0
605.265 0.285714 0.285714 1 3 0
605.465 0.285714 0.285714 1 3 0
605.665 0.285714 0.285714 1 3 0
605.865 0.285714 0.285714 1 3 0
606.065 0.285714 0.285714 1 3 0
606.265 0.285714 0.285714 1 3 0
606.465 0.285714 0.285714 1 3 0
606.665 0.285714 0.285714 1 3 0
606.865 0.285714 0.285714 1 3 0
607.065 0.285714 0.285714 1 3 0
607.265 0.285714 0.285714 1 3 0
607.465 0.285714 0.285714 1 3 0
607.665 0.285714 0.285714 1 3 0
607.865 0.285714 0.285714 1 3 0
607.865 0.285714 0.285714 2 3 0
607.905 0.285714 0.285714 1 3 0
607.945 0.285714 0.285714 1 3 0
608.025 0.285714 0.285714 1 3 0
608.185 0.285714 0.285714 1 3 0
608.385 0.285714 0.285714 1 3 0
608.585 0.285714 0.285714 1 3 0
608.785 0.285714 0.285714 1 3 0
608.985 0.285714 0.285714 1 3 0
609.185 0.285714 0.285714 1 3 0
609.385 0.285714 0.285714 1 3 0
609.585 0.285714 0.285714 1 3 0
609.785 0.285714 0.285714 1 3 0
609.985 0.285714 0.285714 1 3 0
610.185 0.285714 0.285714 1 3 0
610.385 0.285714 0.285714 1 3 0
610.585 0.285714 0.285714 1 3 0
610.785 0.285714 0.285714 1 3 0
610.985 0.285714 0.285714 1 3 0
611.185 0.285714 0.285714 1 3 0
611.385 0.285714 0.285714 1 3 0
611.585 0.285714 0.285714 1 3 0
611.785 0.285714 0.285714 1 3 0
611.985 0.285714 0.285714 1 3 0
612.185 0.285714 0.285714 1 3 0
612.385 0.285714 0.285714 1 3 0
612.585 0.285714 0.285714 1 3 0
612.785 0.285714 0.285714 1 3 0
612.985 0.285714 0.285714 1 3 0
613.185 0.285714 0.285714 1 3 0
613.385 0.285714 0.285714 1 3 0
613.585 0.285714 0.285714 1 3 0
613.785 0.285714 0.285714 1 3 0
613.985 0.285714 0.285714 1 3 0
614.185 0.285714 0.285714 1 3 0
614.385 0.285714 0.285714 1 3 0
614.585 0.285714 0.285714 1 3 0
614.785 0.285714 0.285714 1 3 0
614.985 0.285714 0.285714 1 3 0
615.185 0.285714 0.285714 1 3 0
615.385 0.285714 0.285714 1 3 0
615.585 0.285714 0.285714 1 3 0
615.785 0.285714 0.285714 1 3 0
615.985 0.285714 0.285714 1 3 0
616.185 0.285714 0.285714 1 3 0
616.385 0.285714 0.285714 1 3 0
616.585 0.285714 0.285714 1 3 0
616.785 0.285714 0.285714 1 3 0
616.985 0.285714 0.285714 1 3 0
617.185 0.285714 0.285714 1 3 0
617.385 0.285714 0.285714 1 3 0
617.585 0.285714 0.285714 1 3 0
617.785 0.285714 0.285714 1 3 0
617.985 0.285714 0.285714 1 3 0
618.185 0.285714 0.285714 1 3 0
618.385 0.285714 0.285714 1 3 0
618.585 0.285714 0.285714 1 3 0
618.785 0.285714 0.285714 1 3 0
618.985 0.285714 0.285714 1 3 0
619.185 0.285714 0.285714 1 3 0
619.385 0.285714 0.285714 1 3 0
619.585 0.285714 0.285714 1 3 0
619.785 0.285714 0.285714 1 3 0
619.985 0.285714 0.285714 1 3 0
620.185 0.285714 0.285714 1 3 0
620.385 0.285714 0.285714 1 3 0
620.585 0.285714 0.285714 1 3 0
620.785 0.285714 0.285714 1 3 0
620.985 0.285714 0.285714 1 3 0
621.185 0.285714 0.285714 1 3 0
621.385 0.285714 0.285714 1 3 0
621.585 0.285714 0.285714 1 3 0
621.785 0.285714 0.285714 1 3 0
621.985 0.285714 0.285714 1 3 0
622.185 0.285714 0.285714 1 3 0
622.385 0.285714 0.285714 1 3 0
622.585 0.285714 0.285714 1 3 0
622.785 0.285714 0.285714 1 3 0
622.985 0.285714 0.285714 1 3 0
623.185 0.285714 0.285714 1 3 0
623.385 0.285714 0.285714 1 3 0
623.585 0.285714 0.285714 1 3 0
623.785 0.285714 0.285714 1 3 0
623.985 0.285714 0.285714 1 3 0
624.185 0.285714 0.285714 1 3 0
624.385 0.285714 0.285714 1 3 0
624.585 0.285714 0.285714 1 3 0
624.785 0.285714 0.285714 1 3 0
624.985 0.285714 0.285714 1 3 0
625.185 0.285714 0.285714 1 3 0
625.385 0.285714 0.285714 1 3 0
625.585 0.285714 0.285714 1 3 0
625.785 0.285714 0.285714 1 3 0
625.985 0.285714 0.285714 1 3 0
626.185 0.285714 0.285714 1 3 0
626.385 0.285714 0.285714 1 3 0
626.585 0.285714 0.285714 1 3 0
626.785 0.285714 0.285714 1 3 0
626.985 0.285714 0.285714 1 3 0
627.185 0.285714 0.285714 1 3 0
627.385 0.285714 0.285714 1 3 0
627.585 0.285714 0.285714 1 3 0
627.785 0.285714 0.285714 1 3 0
627.985 0.285714 0.285714 1 3 0
628.185 0.285714 0.285714 1 3 0
628.385 0.285714 0.285714 1 3 0
628.585 0.285714 0.285714 1 3 0
628.785 0.285714 0.285714 1 3 0
628.985 0.285714 0.285714 1 3 0
629.185 0.285714 0.285714 1 3 0
629.385 0.285714 0.285714 1 3 0
629.585 0.285714 0.285714 1 3 0
629.785 0.285714 0.285714 1 3 0
629.985 0.285714 0.285714 1 3 0
630.185 0.285714 0.285714 1 3 0
630.385 0.285714 0.285714 1 3 0
630.585 0.285714 0.285714 1 3 0
630.785 0.285714 0.285714 1 3 0
630.985 0.285714 0.285714 1 3 0
631.185 0.285714 0.285714 1 3 0
631.385 0.285714 0.285714 1 3 0
631.585 0.285714 0.285714 1 3 0
631.785 0.285714 0.285714 1 3 0
631.985 0.285714 0.285714 1 3 0
632.185 0.285714 0.285714 1 3 0
632.385 0.285714 0.285714 1 3 0
632.585 0.285714 0.285714 1 3 0
632.785 0.285714 0.285714 1 3 0
632.985 0.285714 0.285714 1 3 0
633.185 0.285714 0.285714 1 3 0
633.385 0.285714 0.285714 1 3 0
633.585 0.285714 0.285714 1 3 0
633.785 0.285714 0.285714 1 3 0
633.985 0.285714 0.285714 1 3 0
634.185 0.285714 0.285714 1 3 0
634.385 0.285714 0.285714 1 3 0
634.585 0.285714 0.285714 1 3 0
634.785 0.285714 0.285714 1 3 0
634.985 0.285714 0.285714 1 3 0
635.185 0.285714 0.285714 1 3 0
635.385 0.285714 0.285714 1 3 0
635.585 0.285714 0.285714 1 3 0
635.785 0.285714 0.285714 1 3 0
635.985 0.285714 0.285714 1 3 0
636.185 0.285714 0.285714 1 3 0
636.385 0.285714 0.285714 1 3 0
636.585 0.285714 0.285714 1 3 0
636.785 0.285714 0.285714 1 3 0
636.985 0.285714 0.285714 1 3 0
637.185 0.285714 0.285714 1 3 0
637.385 0.285714 0.285714 1 3 0
637.585 0.285714 0.285714 1 3 0
637.785 0.285714 0.285714 1 3 0
637.985 0.285714 0.285714 1 3 0
638.185 0.285714 0.285714 1 3 0
638.385 0.285714 0.285714 1 3 0
638.585 0.285714 0.285714 1 3 0
638.785 0.285714 0.285714 1 3 0
638.985 0.285714 0.285714 1 3 0
639.185 0.285714 0.285714 1 3 0
639.385 0.285714 0.285714 1 3 0
639.585 0.285714 0.285714 1 3 0
639.785 0.285714 0.285714 1 3 0
639.985 0.285714 0.285714 1 3 0
640.185 0.285714 0.285714 1 3 0
640.385 0.285714 0.285714 1 3 0
640.585 0.285714 0.285714 1 3 0
640.785 0.285714 0.285714 1 3 0
640.985 0.285714 0.285714 1 3 0
641.185 0.285714 0.285714 1 3 0
641.385 0.285714 0.285714 1 3 0
641.585 0.285714 0.285714 1 3 0
641.785 0.285714 0.285714 1 3 0
641.985 0.285714 0.285714 1 3 0
642.185 0.285714 0.285714 1 3 0
642.385 0.285714 0.285714 1 3 0
642.585 0.285714 0.285714 1 3 0
642.785 0.285714 0.285714 1 3 0
642.985 0.285714 0.285714 1 3 0
643.185 0.285714 0.285714 1 3 0
643.385 0.285714 0.285714 1 3 0
643.585 0.285714 0.285714 1 3 0
643.785 0.285714 0.285714 1 3 0
643.985 0.285714 0.285714 1 3 0
644.185 0.285714 0.285714 1 3 0
644.385 0.285714 0.285714 1 3 0
644.585 0.285714 0.285714 1 3 0
644.785 0.285714 0.285714 1 3 0
644.985 0.285714 0.285714 1 3 0
645.185 0.285714 0.285714 1 3 0
645.385 0.285714 0.285714 1 3 0
645.585 0.285714 0.285714 1 3 0
645.785 0.285714 0.285714 1 3 0
645.985 0.285714 0.285714 1 3 0
646.185 0.285714 0.285714 1 3 0
646.385 0.285714 0.285714 1 3 0
646.585 0.285714 0.285714 1 3 0
646.785 0.285714 0.285714 1 3 0
646.985 0.285714 0.285714 1 3 0
647.185 0.285714 0.285714 1 3 0
647.185 0.285714 0.285714 2 3 0
647.225 0.285714 0.285714 1 3 0
647.265 0.285714 0.285714 1 3 0
647.345 0.285714 0.285714 1 3 0
647.505 0.285714 0.285714 1 3 0
647.705 0.285714 0.285714 1 3 0
647.905 0.285714 0.285714 1 3 0
648.105 0.285714 0.285714 1 3 0
648.305 0.285714 0.285714 1 3 0
648.505 0.285714 0.285714 1 3 0
648.705 0.285714 0.285714 1 3 0
648.905 0.285714 0.285714 1 3 0
649.105 0.285714 0.285714 1 3 0
649.305 0.285714 0.285714 1 3 0
649.505 0.285714 0.285714 1 3 0
649.705 0.285714 0.285714 1 3 0
649.905 0.285714 0.285714 1 3 0
650.105 0.285714 0.285714 1 3 0
650.305 0.285714 0.285714 1 3 0
650.505 0.285714 0.285714 1 3 0
650.705 0.285714 0.285714 1 3 0
650.905 0.285714 0.285714 1 3 0
651.105 0.285714 0.285714 1 3 0
651.305 0.285714 0.285714 1 3 0
651.505 0.285714 0.285714 1 3 0
651.705 0.285714 0.285714 1 3 0
651.905 0.285714 0.285714 1 3 0
652.105 0.285714 0.285714 1 3 0
652.305 0.285714 0.285714 1 3 0
652.505 0.285714 0.285714 1 3 0
652.705 0.285714 0.285714 1 3 0
652.905 0.285714 0.285714 1 3 0
653.105 0.285714 0.285714 1 3 0
653.305 0.285714 0.285714 1 3 0
653.505 0.285714 0.285714 1 3 0
653.705 0.285714 0.285714 1 3 0
653.905 0.285714 0.285714 1 3 0
654.105 0.285714 0.285714 1 3 0
654.305 0.285714 0.285714 1 3 0
654.505 0.285714 0.285714 1 3 0
654.705 0.285714 0.285714 1 3 0
654.905 0.285714 0.285714 1 3 0
655.105 0.285714 0.285714 1 3 0
655.305 0.285714 0.285714 1 3 0
655.505 0.285714 0.285714 1 3 0
655.705 0.285714 0.285714 1 3 0
655.905 0.285714 0.285714 1 3 0
656.105 0.285714 0.285714 1 3 0
656.305 0.285714 0.285714 1 3 0
656.505 0.285714 0.285714 1 3 0
656.705 0.285714 0.285714 1 3 0
656.905 0.285714 0.285714 1 3 0
657.105 0.285714 0.285714 1 3 0
657.305 0.285714 0.285714 1 3 0
657.505 0.285714 0.285714 1 3 0
657.705 0.285714 0.285714 1 3 0
657.905 0.285714 0.285714 1 3 0
658.105 0.285714 0.285714 1 3 0
658.305 0.285714 0.285714 1 3 0
658.505 0.285714 0.285714 1 3 0
658.705 0.285714 0.285714 1 3 0
658.905 0.285714 0.285714 1 3 0
659.105 0.285714 0.285714 1 3 0
659.305 0.285714 0.285714 1 3 0
659.505 0.285714 0.285714 1 3 0
659.705 0.285714 0.285714 1 3 0
659.905 0.285714 0.285714 1 3 0
660.105 0.285714 0.285714 1 3 0
660.305 0.285714 0.285714 1 3 0
660.505 0.285714 0.285714 1 3 0
660.705 0.285714 0.285714 1 3 0
660.905 0.285714 0.285714 1 3 0
661.105 0.285714 0.285714 1 3 0
661.305 0.285714 0.285714 1 3 0
661.505 0.285714 0.285714 1 3 0
661.705 0.285714 0.285714 1 3 0
661.905 0.285714 0.285714 1 3 0
662.105 0.285714 0.285714 1 3 0
662.305 0.285714 0.285714 1 3 0
662.505 0.285714 0.285714 1 3 0
662.705 0.285714 0.285714 1 3 0
662.905 0.285714 0.285714 1 3 0
663.105 0.285714 0.285714 1 3 0
663.305 0.285714 0.285714 1 3 0
663.505 0.285714 0.285714 1 3 0
663.705 0.285714 0.285714 1 3 0
663.905 0.285714 0.285714 1 3 0
664.105 0.285714 0.285714 1 3 0
664.305 0.285714 0.285714 1 3 0
664.505 0.285714 0.285714 1 3 0
664.705 0.285714 0.285714 1 3 0
664.905 0.285714 0.285714 1 3 0
665.105 0.285714 0.285714 1 3 0
665.305 0.285714 0.285714 1 3 0
665.505 0.285714 0.285714 1 3 0
665.705 0.285714 0.285714 1 3 0
665.905 0.285714 0.285714 1 3 0
666.105 0.285714 0.285714 1 3 0
666.305 0.285714 0.285714 1 3 0
666.505 0.285714 0.285714 1 3 0
666.705 0.285714 0.285714 1 3 0
666.905 0.285714 0.285714 1 3 0
667.105 0.285714 0.285714 1 3 0
667.305 0.285714 0.285714 1 3 0
667.505 0.285714 0.285714 1 3 0
667.705 0.285714 0.285714 1 3 0
667.905 0.285714 0.285714 1 3 0
668.105 0.285714 0.285714 1 3 0
668.305 0.285714 0.285714 1 3 0
668.505 0.285714 0.285714 1 3 0
668.705 0.285714 0.285714 1 3 0
668.905 0.285714 0.285714 1 3 0
669.105 0.285714 0.285714 1 3 0
669.305 0.285714 0.285714 1 3 0
669.505 0.285714 0.285714 1 3 0
669.705 0.285714 0.285714 1 3 0
669.905 0.285714 0.285714 1 3 0
670.105 0.285714 0.285714 1 3 0
670.305 0.285714 0.285714 1 3 0
670.505 0.285714 0.285714 1 3 0
670.705 0.285714 0.285714 1 3 0
670.905 0.285714 0.285714 1 3 0
671.105 0.285714 0.285714 1 3 0
671.305 0.285714 0.285714 1 3 0
671.505 0.285714 0.285714 1 3 0
671.705 0.285714 0.285714 1 3 0
671.905 0.285714 0.285714 1 3 0
672.105 0.285714 0.285714 1 3 0
672.305 0.285714 0.285714 1 3 0
672.505 0.285714 0.285714 1 3 0
672.705 0.285714 0.285714 1 3 0
672.905 0.285714 0.285714 1 3 0
673.105 0.285714 0.285714 1 3 0
673.305 0.285714 0.285714 1 3 0
673.505 0.285714 0.285714 1 3 0
673.705 0.285714 0.285714 1 3 0
673.905 0.285714 0.285714 1 3 0
674.105 0.285714 0.285714 1 3 0
674.305 0.285714 0.285714 1 3 0
674.505 0.285714 0.285714 1 3 0
674.705 0.285714 0.285714 1 3 0
674.905 0.285714 0.285714 1 3 0
675.105 0.285714 0.285714 1 3 0
675.305 0.285714 0.285714 1 3 0
675.505 0.285714 0.285714 1 3 0
675.705 0.285714 0.285714 1 3 0
675.905 0.285714 0.285714 1 3 0
676.105 0.285714 0.285714 1 3 0
676.305 0.285714 0.285714 1 3 0
676.505 0.285714 0.285714 1 3 0
676.705 0.285714 0.285714 1 3 0
676.905 0.285714 0.285714 1 3 0
677.105 0.285714 0.285714 1 3 0
677.305 0.285714 0.285714 1 3 0
677.505 0.285714 0.285714 1 3 0
677.705 0.285714 0.285714 1 3 0
677.905 0.285714 0.285714 1 3 0
678.105 0.285714 0.285714 1 3 0
678.305 0.285714 0.285714 1 3 0
678.505 0.285714 0.285714 1 3 0
678.705 0.285714 0.285714 1 3 0
678.905 0.285714 0.285714 1 3 0
679.105 0.285714 0.285714 1 3 0
679.305 0.285714 0.285714 1 3 0
679.505 0.285714 0.285714 1 3 0
679.705 0.285714 0.285714 1 3 0
679.905 0.285714 0.285714 1 3 0
680.105 0.285714 0.285714 1 3 0
680.305 0.285714 0.285714 1 3 0
680.505 0.285714 0.285714 1 3 0
680.705 0.285714 0.285714 1 3 0
680.905 0.285714 0.285714 1 3 0
681.105 0.285714 0.285714 1 3 0
681.305 0.285714 0.285714 1 3 0
681.505 0.285714 0.285714 1 3 0
681.705 0.285714 0.285714 1 3 0
681.905 0.285714 0.285714 1 3 0
682.105 0.285714 0.285714 1 3 0
682.305 0.285714 0.285714 1 3 0
682.505 0.285714 0.285714 1 3 0
682.705 0.285714 0.285714 1 3 0
682.905 0.285714 0.285714 1 3 0
683.105 0.285714 0.285714 1 3 0
683.305 0.285714 0.285714 1 3 0
683.505 0.285714 0.285714 1 3 0
683.705 0.285714 0.285714 1 3 0
683.905 0.285714 0.285714 1 3 0
684.105 0.285714 0.285714 1 3 0
684.305 0.285714 0.285714 1 3 0
684.505 0.285714 0.285714 1 3 0
684.705 0.285714 0.285714 1 3 0
684.905 0.285714 0.285714 1 3 0
685.105 0.285714 0.285714 1 3 0
685.305 0.285714 0.285714 1 3 0
685.505 0.285714 0.285714 1 3 0
685.705 0.285714 0.285714 1 3 0
685.905 0.285714 0.285714 1 3 0
686.105 0.285714 0.285714 1 3 0
686.305 0.285714 0.285714 1 3 0
686.505 0.285714 0.285714 1 3 0
686.505 0.285714 0.285714 2 3 0
686.545 0.285714 0.285714 1 3 0
686.585 0.285714 0.285714 1 3 0
686.665 0.285714 0.285714 1 3 0
686.825 0.285714 0.285714 1 3 0
687.025 0.285714 0.285714 1 3 0
687.225 0.285714 0.285714 1 3 0
687.425 0.285714 0.285714 1 3 0
687.625 0.285714 0.285714 1 3 0
687.825 0.285714 0.285714 1 3 0
688.025 0.285714 0.285714 1 3 0
688.225 0.285714 0.285714 1 3 0
688.425 0.285714 0.285714 1 3 0
688.625 0.285714 0.285714 1 3 0
688.825 0.285714 0.285714 1 3 0
689.025 0.285714 0.285714 1 3 0
689.225 0.285714 0.285714 1 3 0
689.425 0.285714 0.285714 1 3 0
689.625 0.285714 0.285714 1 3 0
689.825 0.285714 0.285714 1 3 0
690.025 0.285714 0.285714 1 3 0
690.225 0.285714 0.285714 1 3 0
690.425 0.285714 0.285714 1 3 0
690.625 0.285714 0.285714 1 3 0
690.825 0.285714 0.285714 1 3 0
691.025 0.285714 0.285714 1 3 0
691.225 0.285714 0.285714 1 3 0
691.425 0.285714 0.285714 1 3 0
691.625 0.285714 0.285714 1 3 0
691.825 0.285714 0.285714 1 3 0
692.025 0.285714 0.285714 1 3 0
692.225 0.285714 0.285714 1 3 0
692.425 0.285714 0.285714 1 3 0
692.625 0.285714 0.285714 1 3 0
692.825 0.285714 0.285714 1 3 0
693.025 0.285714 0.285714 1 3 0
693.225 0.285714 0.285714 1 3 0
693.425 0.285714 0.285714 1 3 0
693.625 0.285714 0.285714 1 3 0
693.825 0.285714 0.285714 1 3 0
694.025 0.285714 0.285714 1 3 0
694.225 0.285714 0.285714 1 3 0
694.425 0.285714 0.285714 1 3 0
694.625 0.285714 0.285714 1 3 0
694.825 0.285714 0.285714 1 3 0
695.025 0.285714 0.285714 1 3 0
695.225 0.285714 0.285714 1 3 0
695.425 0.285714 0.285714 1 3 0
695.625 0.285714 0.285714 1 3 0
695.825 0.285714 0.285714 1 3 0
696.025 0.285714 0.285714 1 3 0
696.225 0.285714 0.285714 1 3 0
696.425 0.285714 0.285714 1 3 0
696.625 0.285714 0.285714 1 3 0
696.825 0.285714 0.285714 1 3 0
697.025 0.285714 0.285714 1 3 0
697.225 0.285714 0.285714 1 3 0
697.425 0.285714 0.285714 1 3 0
697.625 0.285714 0.285714 1 3 0
697.825 0.285714 0.285714 1 3 0
698.025 0.285714 0.285714 1 3 0
698.225 0.285714 0.285714 1 3 0
698.425 0.285714 0.285714 1 3 0
698.625 0.285714 0.285714 1 3 0
698.825 0.285714 0.285714 1 3 0
699.025 0.285714 0.285714 1 3 0
699.225 0.285714 0.285714 1 3 0
699.425 0.285714 0.285714 1 3 0
699.625 0.285714 0.285714 1 3 0
699.825 0.285714 0.285714 1 3 0
700.025 0.285714 0.285714 1 3 0
700.225 0.285714 0.285714 1 3 0
700.425 0.285714 0.285714 1 3 0
700.625 0.285714 0.285714 1 3 0
700.825 0.285714 0.285714 1 3 0
701.025 0.285714 0.285714 1 3 0
701.225 0.285714 0.285714 1 3 0
701.425 0.285714 0.285714 1 3 0
701.625 0.285714 0.285714 1 3 0
701.825 0.285714 0.285714 1 3 0
702.025 0.285714 0.285714 1 3 0
702.225 0.285714 0.285714 1 3 0
702.425 0.285714 0.285714 1 3 0
702.625 0.285714 0.285714 1 3 0
702.825 0.285714 0.285714 1 3 0
703.025 0.285714 0.285714 1 3 0
703.225 0.285714 0.285714 1 3 0
703.425 0.285714 0.285714 1 3 0
703.625 0.285714 0.285714 1 3 0
703.825 0.285714 0.285714 1 3 0
704.025 0.285714 0.285714 1 3 0
704.225 0.285714 0.285714 1 3 0
704.425 0.285714 0.285714 1 3 0
704.625 0.285714 0.285714 1 3 0
704.825 0.285714 0.285714 1 3 0
705.025 0.285714 0.285714 1 3 0
705.225 0.285714 0.285714 1 3 0
705.425 0.285714 0.285714 1 3 0
705.625 0.285714 0.285714 1 3 0
705.825 0.285714 0.285714 1 3 0
706.025 0.285714 0.285714 1 3 0
706.225 0.285714 0.285714 1 3 0
706.425 0.285714 0.285714 1 3 0
706.625 0.285714 0.285714 1 3 0
706.825 0.285714 0.285714 1 3 0
707.025 0.285714 0.285714 1 3 0
707.225 0.285714 0.285714 1 3 0
707.425 0.285714 0.285714 1 3 0
707.625 0.285714 0.285714 1 3 0
707.825 0.285714 0.285714 1 3 0
708.025 0.285714 0.285714 1 3 0
708.225 0.285714 0.285714 1 3 0
708.425 0.285714 0.285714 1 3 0
708.625 0.285714 0.285714 1 3 0
708.825 0.285714 0.285714 1 3 0
709.025 0.285714 0.285714 1 3 0
709.225 0.285714 0.285714 1 3 0
709.425 0.285714 0.285714 1 3 0
709.625 0.285714 0.285714 1 3 0
709.825 0.285714 0.285714 1 3 0
710.025 0.285714 0.285714 1 3 0
710.225 0.285714 0.285714 1 3 0
710.425 0.285714 0.285714 1 3 0
710.625 0.285714 0.285714 1 3 0
710.825 0.285714 0.285714 1 3 0
711.025 0.285714 0.285714 1 3 0
711.225 0.285714 0.285714 1 3 0
711.425 0.285714 0.285714 1 3 0
711.625 0.285714 0.285714 1 3 0
711.825 0.285714 0.285714 1 3 0
712.025 0.285714 0.285714 1 3 0
712.225 0.285714 0.285714 1 3 0
712.425 0.285714 0.285714 1 3 0
712.625 0.285714 0.285714 1 3 0
712.825 0.285714 0.285714 1 3 0
713.025 0.285714 0.285714 1 3 0
713.225 0.285714 0.285714 1 3 0
713.425 0.285714 0.285714 1 3 0
713.625 0.285714 0.285714 1 3 0
713.825 0.285714 0.285714 1 3 0
714.025 0.285714 0.285714 1 3 0
714.225 0.285714 0.285714 1 3 0
714.425 0.285714 0.285714 1 3 0
714.625 0.285714 0.285714 1 3 0
714.825 0.285714 0.285714 1 3 0
715.025 0.285714 0.285714 1 3 0
715.225 0.285714 0.285714 1 3 0
715.425 0.285714 0.285714 1 3 0
715.625 0.285714 0.285714 1 3 0
715.825 0.285714 0.285714 1 3 0
716.025 0.285714 0.285714 1 3 0
716.225 0.285714 0.285714 1 3 0
716.425 0.285714 0.285714 1 3 0
716.625 0.285714 0.285714 1 3 0
716.825 0.285714 0.285714 1 3 0
717.025 0.285714 0.285714 1 3 0
717.225 0.285714 0.285714 1 3 0
717.425 0.285714 0.285714 1 3 0
717.625 0.285714 0.285714 1 3 0
717.825 0.285714 0.285714 1 3 0
718.025 0.285714 0.285714 1 3 0
718.225 0.285714 0.285714 1 3 0
718.425 0.285714 0.285714 1 3 0
718.625 0.285714 0.285714 1 3 0
718.825 0.285714 0.285714 1 3 0
719.025 0.285714 0.285714 1 3 0
719.225 0.285714 0.285714 1 3 0
719.425 0.285714 0.285714 1 3 0
719.625 0.285714 0.285714 1 3 0
719.825 0.285714 0.285714 1 3 0
720.025 0.285714 0.285714 1 3 0
720.225 0.285714 0.285714 1 3 0
720.425 0.285714 0.285714 1 3 0
720.625 0.285714 0.285714 1 3 0
720.825 0.285714 0.285714 1 3 0
721.025 0.285714 0.285714 1 3 0
721.225 0.285714 0.285714 1 3 0
721.425 0.285714 0.285714 1 3 0
721.625 0.285714 0.285714 1 3 0
721.825 0.285714 0.285714 1 3 0
722.025 0.285714 0.285714 1 3 0
722.225 0.285714 0.285714 1 3 0
722.425 0.285714 0.285714 1 3 0
722.625 0.285714 0.285714 1 3 0
722.825 0.285714 0.285714 1 3 0
723.025 0.285714 0.285714 1 3 0
723.225 0.285714 0.285714 1 3 0
723.425 0.285714 0.285714 1 3 0
723.625 0.285714 0.285714 1 3 0
723.825 0.285714 0.285714 1 3 0
724.025 0.285714 0.285714 1 3 0
724.225 0.285714 0.285714 1 3 0
724.425 0.285714 0.285714 1 3 0
724.625 0.285714 0.285714 1 3 0
724.825 0.285714 0.285714 1 3 0
725.025 0.285714 0.285714 1 3 0
725.225 0.285714 0.285714 1 3 0
725.425 0.285714 0.285714 1 3 0
725.625 0.285714 0.285714 1 3 0
725.825 0.285714 0.285714 1 3 0
