215.214 0 0 2 2 2
215.214 0 0 2 2 2
215.214 0 0 2 2 2
215.214 0 0 2 2 2
215.214 0 0 2 2 2
215.214 0.01 0.01 2 2 2
215.194 0.0100011 0.0100011 2 2 2
215.154 0.0100033 0.0100033 2 2 2
215.074 0.0100077 0.0100077 2 2 2
214.974 0.0100133 0.0100133 2 2 2
214.874 0.0100188 0.0100188 2 2 2
214.774 0.0100243 0.0100243 2 2 2
214.674 0.0100299 0.0100299 2 2 2
214.574 0.0100354 0.0100354 2 2 2
214.474 0.010041 0.010041 2 2 2
214.374 0.0100466 0.0100466 2 2 2
214.274 0.0100521 0.0100521 2 2 2
214.174 0.0100577 0.0100577 2 2 2
214.074 0.0100633 0.0100633 2 2 2
213.974 0.0100689 0.0100689 2 2 2
213.874 0.0100745 0.0100745 2 2 2
213.774 0.0100801 0.0100801 2 2 2
213.674 0.0100857 0.0100857 2 2 2
213.574 0.0100913 0.0100913 2 2 2
213.474 0.0100969 0.0100969 2 2 2
213.374 0.0101025 0.0101025 2 2 2
213.274 0.0101081 0.0101081 2 2 2
213.174 0.0101137 0.0101137 2 2 2
213.074 0.0101194 0.0101194 2 2 2
212.974 0.010125 0.010125 2 2 2
212.874 0.0101307 0.0101307 2 2 2
212.774 0.0101363 0.0101363 2 2 2
212.674 0.010142 0.010142 2 2 2
212.574 0.0101476 0.0101476 2 2 2
212.474 0.0101533 0.0101533 2 2 2
212.374 0.010159 0.010159 2 2 2
212.274 0.0101647 0.0101647 2 2 2
212.174 0.0101703 0.0101703 2 2 2
212.074 0.010176 0.010176 2 2 2
211.974 0.0101817 0.0101817 2 2 2
211.874 0.0101874 0.0101874 2 2 2
211.774 0.0101931 0.0101931 2 2 2
211.674 0.0101988 0.0101988 2 2 2
211.574 0.0102046 0.0102046 2 2 2
211.474 0.0102103 0.0102103 2 2 2
211.374 0.010216 0.010216 2 2 2
211.274 0.0102218 0.0102218 2 2 2
211.174 0.0102275 0.0102275 2 2 2
211.074 0.0102332 0.0102332 2 2 2
210.974 0.010239 0.010239 2 2 2
210.874 0.0102448 0.0102448 2 2 2
210.774 0.0102505 0.0102505 2 2 2
210.674 0.0102563 0.0102563 2 2 2
210.574 0.0102621 0.0102621 2 2 2
210.474 0.0102678 0.0102678 2 2 2
210.374 0.0102736 0.0102736 2 2 2
210.274 0.0102794 0.0102794 2 2 2
210.174 0.0102852 0.0102852 2 2 2
210.074 0.010291 0.010291 2 2 2
209.974 0.0102968 0.0102968 2 2 2
209.874 0.0103026 0.0103026 2 2 2
209.774 0.0103085 0.0103085 2 2 2
209.674 0.0103143 0.0103143 2 2 2
209.574 0.0103201 0.0103201 2 2 2
209.474 0.010326 0.010326 2 2 2
209.374 0.0103318 0.0103318 2 2 2
209.274 0.0103377 0.0103377 2 2 2
209.174 0.0103435 0.0103435 2 2 2
209.074 0.0103494 0.0103494 2 2 2
208.974 0.0103552 0.0103552 2 2 2
208.874 0.0103611 0.0103611 2 2 2
208.774 0.010367 0.010367 2 2 2
208.674 0.0103729 0.0103729 2 2 2
208.574 0.0103788 0.0103788 2 2 2
208.474 0.0103847 0.0103847 2 2 2
208.374 0.0103906 0.0103906 2 2 2
208.274 0.0103965 0.0103965 2 2 2
208.174 0.0104024 0.0104024 2 2 2
208.074 0.0104083 0.0104083 2 2 2
207.974 0.0104142 0.0104142 2 2 2
207.874 0.0104202 0.0104202 2 2 2
207.774 0.0104261 0.0104261 2 2 2
207.674 0.0104321 0.0104321 2 2 2
207.574 0.010438 0.010438 2 2 2
207.474 0.010444 0.010444 2 2 2
207.374 0.0104499 0.0104499 2 2 2
207.274 0.0104559 0.0104559 2 2 2
207.174 0.0104619 0.0104619 2 2 2
207.074 0.0104678 0.0104678 2 2 2
206.974 0.0104738 0.0104738 2 2 2
206.874 0.0104798 0.0104798 2 2 2
206.774 0.0104858 0.0104858 2 2 2
206.674 0.0104918 0.0104918 2 2 2
206.574 0.0104978 0.0104978 2 2 2
206.474 0.0105039 0.0105039 2 2 2
206.374 0.0105099 0.0105099 2 2 2
206.274 0.0105159 0.0105159 2 2 2
206.174 0.0105219 0.0105219 2 2 2
206.074 0.010528 0.010528 2 2 2
205.974 0.010534 0.010534 2 2 2
205.874 0.0105401 0.0105401 2 2 2
205.774 0.0105461 0.0105461 2 2 2
205.674 0.0105522 0.0105522 2 2 2
205.574 0.0105583 0.0105583 2 2 2
205.474 0.0105644 0.0105644 2 2 2
205.374 0.0105704 0.0105704 2 2 2
205.274 0.0105765 0.0105765 2 2 2
205.174 0.0105826 0.0105826 2 2 2
205.074 0.0105887 0.0105887 2 2 2
204.974 0.0105948 0.0105948 2 2 2
204.874 0.010601 0.010601 2 2 2
204.774 0.0106071 0.0106071 2 2 2
204.674 0.0106132 0.0106132 2 2 2
204.574 0.0106193 0.0106193 2 2 2
204.474 0.0106255 0.0106255 2 2 2
204.374 0.0106316 0.0106316 2 2 2
204.274 0.0106378 0.0106378 2 2 2
204.174 0.0106439 0.0106439 2 2 2
204.074 0.0106501 0.0106501 2 2 2
203.974 0.0106563 0.0106563 2 2 2
203.874 0.0106624 0.0106624 2 2 2
203.774 0.0106686 0.0106686 2 2 2
203.674 0.0106748 0.0106748 2 2 2
203.574 0.010681 0.010681 2 2 2
203.474 0.0106872 0.0106872 2 2 2
203.374 0.0106934 0.0106934 2 2 2
203.274 0.0106996 0.0106996 2 2 2
203.174 0.0107059 0.0107059 2 2 2
203.074 0.0107121 0.0107121 2 2 2
202.974 0.0107183 0.0107183 2 2 2
202.874 0.0107246 0.0107246 2 2 2
202.774 0.0107308 0.0107308 2 2 2
202.674 0.0107371 0.0107371 2 2 2
202.574 0.0107433 0.0107433 2 2 2
202.474 0.0107496 0.0107496 2 2 2
202.374 0.0107559 0.0107559 2 2 2
202.274 0.0107622 0.0107622 2 2 2
202.174 0.0107684 0.0107684 2 2 2
202.074 0.0107747 0.0107747 2 2 2
201.974 0.010781 0.010781 2 2 2
201.874 0.0107873 0.0107873 2 2 2
201.774 0.0107937 0.0107937 2 2 2
201.674 0.0108 0.0108 2 2 2
201.574 0.0108063 0.0108063 2 2 2
201.474 0.0108126 0.0108126 2 2 2
201.374 0.010819 0.010819 2 2 2
201.274 0.0108253 0.0108253 2 2 2
201.174 0.0108317 0.0108317 2 2 2
201.074 0.010838 0.010838 2 2 2
200.974 0.0108444 0.0108444 2 2 2
200.874 0.0108508 0.0108508 2 2 2
200.774 0.0108571 0.0108571 2 2 2
200.674 0.0108635 0.0108635 2 2 2
200.574 0.0108699 0.0108699 2 2 2
200.474 0.0108763 0.0108763 2 2 2
200.374 0.0108827 0.0108827 2 2 2
200.274 0.0108891 0.0108891 2 2 2
200.174 0.0108956 0.0108956 2 2 2
200.074 0.010902 0.010902 2 2 2
199.974 0.0109084 0.0109084 2 2 2
199.874 0.0109149 0.0109149 2 2 2
199.774 0.0109213 0.0109213 2 2 2
199.674 0.0109278 0.0109278 2 2 2
199.574 0.0109342 0.0109342 2 2 2
199.474 0.0109407 0.0109407 2 2 2
199.374 0.0109471 0.0109471 2 2 2
199.274 0.0109536 0.0109536 2 2 2
199.174 0.0109601 0.0109601 2 2 2
199.074 0.0109666 0.0109666 2 2 2
198.974 0.0109731 0.0109731 2 2 2
198.874 0.0109796 0.0109796 2 2 2
198.774 0.0109861 0.0109861 2 2 2
198.674 0.0109926 0.0109926 2 2 2
198.574 0.0109992 0.0109992 2 2 2
198.474 0.0110057 0.0110057 2 2 2
198.374 0.0110122 0.0110122 2 2 2
198.274 0.0110188 0.0110188 2 2 2
198.174 0.0110253 0.0110253 2 2 2
198.074 0.0110319 0.0110319 2 2 2
197.974 0.0110385 0.0110385 2 2 2
197.874 0.0110451 0.0110451 2 2 2
197.774 0.0110516 0.0110516 2 2 2
197.674 0.0110582 0.0110582 2 2 2
197.574 0.0110648 0.0110648 2 2 2
197.474 0.0110714 0.0110714 2 2 2
197.374 0.011078 0.011078 2 2 2
197.274 0.0110846 0.0110846 2 2 2
197.174 0.0110913 0.0110913 2 2 2
197.074 0.0110979 0.0110979 2 2 2
196.974 0.0111045 0.0111045 2 2 2
196.874 0.0111112 0.0111112 2 2 2
196.774 0.0111178 0.0111178 2 2 2
196.674 0.0111245 0.0111245 2 2 2
196.574 0.0111312 0.0111312 2 2 2
196.474 0.0111378 0.0111378 2 2 2
196.374 0.0111445 0.0111445 2 2 2
196.274 0.0111512 0.0111512 2 2 2
196.174 0.0111579 0.0111579 2 2 2
196.074 0.0111646 0.0111646 2 2 2
195.974 0.0111713 0.0111713 2 2 2
195.874 0.011178 0.011178 2 2 2
195.774 0.0111847 0.0111847 2 2 2
195.674 0.0111915 0.0111915 2 2 2
195.574 0.0111982 0.0111982 2 2 2
195.474 0.011205 0.011205 2 2 2
195.474 0.011205 0.011205 2 2 2
195.454 0.0112063 0.0112063 2 2 2
195.414 0.011209 0.011209 2 2 2
195.334 0.0112144 0.0112144 2 2 2
195.234 0.0112212 0.0112212 2 2 2
195.134 0.0112279 0.0112279 2 2 2
195.034 0.0112347 0.0112347 2 2 2
194.934 0.0112415 0.0112415 2 2 2
194.834 0.0112483 0.0112483 2 2 2
194.734 0.0112551 0.0112551 2 2 2
194.634 0.0112619 0.0112619 2 2 2
194.534 0.0112687 0.0112687 2 2 2
194.434 0.0112755 0.0112755 2 2 2
194.334 0.0112824 0.0112824 2 2 2
194.234 0.0112892 0.0112892 2 2 2
194.134 0.011296 0.011296 2 2 2
194.034 0.0113029 0.0113029 2 2 2
193.934 0.0113097 0.0113097 2 2 2
193.834 0.0113166 0.0113166 2 2 2
193.734 0.0113235 0.0113235 2 2 2
193.634 0.0113304 0.0113304 2 2 2
193.534 0.0113372 0.0113372 2 2 2
193.434 0.0113441 0.0113441 2 2 2
193.334 0.011351 0.011351 2 2 2
193.234 0.0113579 0.0113579 2 2 2
193.134 0.0113649 0.0113649 2 2 2
193.034 0.0113718 0.0113718 2 2 2
192.934 0.0113787 0.0113787 2 2 2
192.834 0.0113857 0.0113857 2 2 2
192.734 0.0113926 0.0113926 2 2 2
192.634 0.0113996 0.0113996 2 2 2
192.534 0.0114065 0.0114065 2 2 2
192.434 0.0114135 0.0114135 2 2 2
192.334 0.0114205 0.0114205 2 2 2
192.234 0.0114274 0.0114274 2 2 2
192.134 0.0114344 0.0114344 2 2 2
192.034 0.0114414 0.0114414 2 2 2
191.934 0.0114484 0.0114484 2 2 2
191.834 0.0114555 0.0114555 2 2 2
191.734 0.0114625 0.0114625 2 2 2
191.634 0.0114695 0.0114695 2 2 2
191.534 0.0114765 0.0114765 2 2 2
191.434 0.0114836 0.0114836 2 2 2
191.334 0.0114906 0.0114906 2 2 2
191.234 0.0114977 0.0114977 2 2 2
191.134 0.0115048 0.0115048 2 2 2
191.034 0.0115118 0.0115118 2 2 2
190.934 0.0115189 0.0115189 2 2 2
190.834 0.011526 0.011526 2 2 2
190.734 0.0115331 0.0115331 2 2 2
190.634 0.0115402 0.0115402 2 2 2
190.534 0.0115473 0.0115473 2 2 2
190.434 0.0115545 0.0115545 2 2 2
190.334 0.0115616 0.0115616 2 2 2
190.234 0.0115687 0.0115687 2 2 2
190.134 0.0115759 0.0115759 2 2 2
190.034 0.011583 0.011583 2 2 2
189.934 0.0115902 0.0115902 2 2 2
189.834 0.0115974 0.0115974 2 2 2
189.734 0.0116045 0.0116045 2 2 2
189.634 0.0116117 0.0116117 2 2 2
189.534 0.0116189 0.0116189 2 2 2
189.434 0.0116261 0.0116261 2 2 2
189.334 0.0116333 0.0116333 2 2 2
189.234 0.0116405 0.0116405 2 2 2
189.134 0.0116478 0.0116478 2 2 2
189.034 0.011655 0.011655 2 2 2
188.934 0.0116622 0.0116622 2 2 2
188.834 0.0116695 0.0116695 2 2 2
188.734 0.0116767 0.0116767 2 2 2
188.634 0.011684 0.011684 2 2 2
188.534 0.0116913 0.0116913 2 2 2
188.434 0.0116986 0.0116986 2 2 2
188.334 0.0117058 0.0117058 2 2 2
188.234 0.0117131 0.0117131 2 2 2
188.134 0.0117204 0.0117204 2 2 2
188.034 0.0117278 0.0117278 2 2 2
187.934 0.0117351 0.0117351 2 2 2
187.834 0.0117424 0.0117424 2 2 2
187.734 0.0117497 0.0117497 2 2 2
187.634 0.0117571 0.0117571 2 2 2
187.534 0.0117644 0.0117644 2 2 2
187.434 0.0117718 0.0117718 2 2 2
187.334 0.0117792 0.0117792 2 2 2
187.234 0.0117866 0.0117866 2 2 2
187.134 0.0117939 0.0117939 2 2 2
187.034 0.0118013 0.0118013 2 2 2
186.934 0.0118087 0.0118087 2 2 2
186.834 0.0118162 0.0118162 2 2 2
186.734 0.0118236 0.0118236 2 2 2
186.634 0.011831 0.011831 2 2 2
186.534 0.0118384 0.0118384 2 2 2
186.434 0.0118459 0.0118459 2 2 2
186.334 0.0118533 0.0118533 2 2 2
186.234 0.0118608 0.0118608 2 2 2
186.134 0.0118683 0.0118683 2 2 2
186.034 0.0118757 0.0118757 2 2 2
185.934 0.0118832 0.0118832 2 2 2
185.834 0.0118907 0.0118907 2 2 2
185.734 0.0118982 0.0118982 2 2 2
185.634 0.0119057 0.0119057 2 2 2
185.534 0.0119133 0.0119133 2 2 2
185.434 0.0119208 0.0119208 2 2 2
185.334 0.0119283 0.0119283 2 2 2
185.234 0.0119359 0.0119359 2 2 2
185.134 0.0119434 0.0119434 2 2 2
185.034 0.011951 0.011951 2 2 2
184.934 0.0119586 0.0119586 2 2 2
184.834 0.0119661 0.0119661 2 2 2
184.734 0.0119737 0.0119737 2 2 2
184.634 0.0119813 0.0119813 2 2 2
184.534 0.0119889 0.0119889 2 2 2
184.434 0.0119965 0.0119965 2 2 2
184.334 0.0120042 0.0120042 2 2 2
184.234 0.0120118 0.0120118 2 2 2
184.134 0.0120194 0.0120194 2 2 2
184.034 0.0120271 0.0120271 2 2 2
183.934 0.0120347 0.0120347 2 2 2
183.834 0.0120424 0.0120424 2 2 2
183.734 0.0120501 0.0120501 2 2 2
183.634 0.0120578 0.0120578 2 2 2
183.534 0.0120655 0.0120655 2 2 2
183.434 0.0120732 0.0120732 2 2 2
183.334 0.0120809 0.0120809 2 2 2
183.234 0.0120886 0.0120886 2 2 2
183.134 0.0120963 0.0120963 2 2 2
183.034 0.012104 0.012104 2 2 2
182.934 0.0121118 0.0121118 2 2 2
182.834 0.0121195 0.0121195 2 2 2
182.734 0.0121273 0.0121273 2 2 2
182.634 0.0121351 0.0121351 2 2 2
182.534 0.0121429 0.0121429 2 2 2
182.434 0.0121506 0.0121506 2 2 2
182.334 0.0121584 0.0121584 2 2 2
182.234 0.0121662 0.0121662 2 2 2
182.134 0.0121741 0.0121741 2 2 2
182.034 0.0121819 0.0121819 2 2 2
181.934 0.0121897 0.0121897 2 2 2
181.834 0.0121976 0.0121976 2 2 2
181.734 0.0122054 0.0122054 2 2 2
181.634 0.0122133 0.0122133 2 2 2
181.534 0.0122211 0.0122211 2 2 2
181.434 0.012229 0.012229 2 2 2
181.334 0.0122369 0.0122369 2 2 2
181.234 0.0122448 0.0122448 2 2 2
181.134 0.0122527 0.0122527 2 2 2
181.034 0.0122606 0.0122606 2 2 2
180.934 0.0122686 0.0122686 2 2 2
180.834 0.0122765 0.0122765 2 2 2
180.734 0.0122844 0.0122844 2 2 2
180.634 0.0122924 0.0122924 2 2 2
180.534 0.0123003 0.0123003 2 2 2
180.434 0.0123083 0.0123083 2 2 2
180.334 0.0123163 0.0123163 2 2 2
180.234 0.0123243 0.0123243 2 2 2
180.134 0.0123323 0.0123323 2 2 2
180.034 0.0123403 0.0123403 2 2 2
179.934 0.0123483 0.0123483 2 2 2
179.834 0.0123563 0.0123563 2 2 2
179.734 0.0123644 0.0123644 2 2 2
179.634 0.0123724 0.0123724 2 2 2
179.534 0.0123805 0.0123805 2 2 2
179.434 0.0123885 0.0123885 2 2 2
179.334 0.0123966 0.0123966 2 2 2
179.234 0.0124047 0.0124047 2 2 2
179.134 0.0124128 0.0124128 2 2 2
179.034 0.0124209 0.0124209 2 2 2
178.934 0.012429 0.012429 2 2 2
178.834 0.0124371 0.0124371 2 2 2
178.734 0.0124452 0.0124452 2 2 2
178.634 0.0124534 0.0124534 2 2 2
178.534 0.0124615 0.0124615 2 2 2
178.434 0.0124697 0.0124697 2 2 2
178.334 0.0124778 0.0124778 2 2 2
178.234 0.012486 0.012486 2 2 2
178.134 0.0124942 0.0124942 2 2 2
178.034 0.0125024 0.0125024 2 2 2
177.934 0.0125106 0.0125106 2 2 2
177.834 0.0125188 0.0125188 2 2 2
177.734 0.012527 0.012527 2 2 2
177.634 0.0125353 0.0125353 2 2 2
177.534 0.0125435 0.0125435 2 2 2
177.434 0.0125518 0.0125518 2 2 2
177.334 0.01256 0.01256 2 2 2
177.234 0.0125683 0.0125683 2 2 2
177.134 0.0125766 0.0125766 2 2 2
177.034 0.0125849 0.0125849 2 2 2
176.934 0.0125932 0.0125932 2 2 2
176.834 0.0126015 0.0126015 2 2 2
176.734 0.0126098 0.0126098 2 2 2
176.634 0.0126182 0.0126182 2 2 2
176.534 0.0126265 0.0126265 2 2 2
176.434 0.0126348 0.0126348 2 2 2
176.334 0.0126432 0.0126432 2 2 2
176.234 0.0126516 0.0126516 2 2 2
176.134 0.01266 0.01266 2 2 2
176.034 0.0126683 0.0126683 2 2 2
175.934 0.0126767 0.0126767 2 2 2
175.834 0.0126852 0.0126852 2 2 2
175.734 0.0126936 0.0126936 2 2 2
175.734 0.0126936 0.0126936 2 2 2
175.714 0.0126953 0.0126953 2 2 2
175.674 0.0126986 0.0126986 2 2 2
175.594 0.0127054 0.0127054 2 2 2
175.494 0.0127138 0.0127138 2 2 2
175.394 0.0127223 0.0127223 2 2 2
175.294 0.0127308 0.0127308 2 2 2
175.194 0.0127392 0.0127392 2 2 2
175.094 0.0127477 0.0127477 2 2 2
174.994 0.0127562 0.0127562 2 2 2
174.894 0.0127647 0.0127647 2 2 2
174.794 0.0127732 0.0127732 2 2 2
174.694 0.0127818 0.0127818 2 2 2
174.594 0.0127903 0.0127903 2 2 2
174.494 0.0127988 0.0127988 2 2 2
174.394 0.0128074 0.0128074 2 2 2
174.294 0.012816 0.012816 2 2 2
174.194 0.0128245 0.0128245 2 2 2
174.094 0.0128331 0.0128331 2 2 2
173.994 0.0128417 0.0128417 2 2 2
173.894 0.0128503 0.0128503 2 2 2
173.794 0.0128589 0.0128589 2 2 2
173.694 0.0128676 0.0128676 2 2 2
173.594 0.0128762 0.0128762 2 2 2
173.494 0.0128849 0.0128849 2 2 2
173.394 0.0128935 0.0128935 2 2 2
173.294 0.0129022 0.0129022 2 2 2
173.194 0.0129109 0.0129109 2 2 2
173.094 0.0129196 0.0129196 2 2 2
172.994 0.0129283 0.0129283 2 2 2
172.894 0.012937 0.012937 2 2 2
172.794 0.0129457 0.0129457 2 2 2
172.694 0.0129544 0.0129544 2 2 2
172.594 0.0129632 0.0129632 2 2 2
172.494 0.0129719 0.0129719 2 2 2
172.394 0.0129807 0.0129807 2 2 2
172.294 0.0129895 0.0129895 2 2 2
172.194 0.0129983 0.0129983 2 2 2
172.094 0.0130071 0.0130071 2 2 2
171.994 0.0130159 0.0130159 2 2 2
171.894 0.0130247 0.0130247 2 2 2
171.794 0.0130335 0.0130335 2 2 2
171.694 0.0130423 0.0130423 2 2 2
171.594 0.0130512 0.0130512 2 2 2
171.494 0.0130601 0.0130601 2 2 2
171.394 0.0130689 0.0130689 2 2 2
171.294 0.0130778 0.0130778 2 2 2
171.194 0.0130867 0.0130867 2 2 2
171.094 0.0130956 0.0130956 2 2 2
170.994 0.0131045 0.0131045 2 2 2
170.894 0.0131134 0.0131134 2 2 2
170.794 0.0131224 0.0131224 2 2 2
170.694 0.0131313 0.0131313 2 2 2
170.594 0.0131403 0.0131403 2 2 2
170.494 0.0131493 0.0131493 2 2 2
170.394 0.0131582 0.0131582 2 2 2
170.294 0.0131672 0.0131672 2 2 2
170.194 0.0131762 0.0131762 2 2 2
170.094 0.0131853 0.0131853 2 2 2
169.994 0.0131943 0.0131943 2 2 2
169.894 0.0132033 0.0132033 2 2 2
169.794 0.0132124 0.0132124 2 2 2
169.694 0.0132214 0.0132214 2 2 2
169.594 0.0132305 0.0132305 2 2 2
169.494 0.0132396 0.0132396 2 2 2
169.394 0.0132487 0.0132487 2 2 2
169.294 0.0132578 0.0132578 2 2 2
169.194 0.0132669 0.0132669 2 2 2
169.094 0.013276 0.013276 2 2 2
168.994 0.0132851 0.0132851 2 2 2
168.894 0.0132943 0.0132943 2 2 2
168.794 0.0133034 0.0133034 2 2 2
168.694 0.0133126 0.0133126 2 2 2
168.594 0.0133218 0.0133218 2 2 2
168.494 0.013331 0.013331 2 2 2
168.394 0.0133402 0.0133402 2 2 2
168.294 0.0133494 0.0133494 2 2 2
168.194 0.0133586 0.0133586 2 2 2
168.094 0.0133679 0.0133679 2 2 2
167.994 0.0133771 0.0133771 2 2 2
167.894 0.0133864 0.0133864 2 2 2
167.794 0.0133957 0.0133957 2 2 2
167.694 0.0134049 0.0134049 2 2 2
167.594 0.0134142 0.0134142 2 2 2
167.494 0.0134235 0.0134235 2 2 2
167.394 0.0134329 0.0134329 2 2 2
167.294 0.0134422 0.0134422 2 2 2
167.194 0.0134515 0.0134515 2 2 2
167.094 0.0134609 0.0134609 2 2 2
166.994 0.0134703 0.0134703 2 2 2
166.894 0.0134796 0.0134796 2 2 2
166.794 0.013489 0.013489 2 2 2
166.694 0.0134984 0.0134984 2 2 2
166.594 0.0135078 0.0135078 2 2 2
166.494 0.0135173 0.0135173 2 2 2
166.394 0.0135267 0.0135267 2 2 2
166.294 0.0135361 0.0135361 2 2 2
166.194 0.0135456 0.0135456 2 2 2
166.094 0.0135551 0.0135551 2 2 2
165.994 0.0135646 0.0135646 2 2 2
165.894 0.0135741 0.0135741 2 2 2
165.794 0.0135836 0.0135836 2 2 2
165.694 0.0135931 0.0135931 2 2 2
165.594 0.0136026 0.0136026 2 2 2
165.494 0.0136122 0.0136122 2 2 2
165.394 0.0136217 0.0136217 2 2 2
165.294 0.0136313 0.0136313 2 2 2
165.194 0.0136409 0.0136409 2 2 2
165.094 0.0136505 0.0136505 2 2 2
164.994 0.0136601 0.0136601 2 2 2
164.894 0.0136697 0.0136697 2 2 2
164.794 0.0136793 0.0136793 2 2 2
164.694 0.013689 0.013689 2 2 2
164.594 0.0136986 0.0136986 2 2 2
164.494 0.0137083 0.0137083 2 2 2
164.394 0.0137179 0.0137179 2 2 2
164.294 0.0137276 0.0137276 2 2 2
164.194 0.0137373 0.0137373 2 2 2
164.094 0.0137471 0.0137471 2 2 2
163.994 0.0137568 0.0137568 2 2 2
163.894 0.0137665 0.0137665 2 2 2
163.794 0.0137763 0.0137763 2 2 2
163.694 0.013786 0.013786 2 2 2
163.594 0.0137958 0.0137958 2 2 2
163.494 0.0138056 0.0138056 2 2 2
163.394 0.0138154 0.0138154 2 2 2
163.294 0.0138252 0.0138252 2 2 2
163.194 0.013835 0.013835 2 2 2
163.094 0.0138449 0.0138449 2 2 2
162.994 0.0138547 0.0138547 2 2 2
162.894 0.0138646 0.0138646 2 2 2
162.794 0.0138745 0.0138745 2 2 2
162.694 0.0138844 0.0138844 2 2 2
162.594 0.0138943 0.0138943 2 2 2
162.494 0.0139042 0.0139042 2 2 2
162.394 0.0139141 0.0139141 2 2 2
162.294 0.013924 0.013924 2 2 2
162.194 0.013934 0.013934 2 2 2
162.094 0.013944 0.013944 2 2 2
161.994 0.0139539 0.0139539 2 2 2
161.894 0.0139639 0.0139639 2 2 2
161.794 0.0139739 0.0139739 2 2 2
161.694 0.013984 0.013984 2 2 2
161.594 0.013994 0.013994 2 2 2
161.494 0.014004 0.014004 2 2 2
161.394 0.0140141 0.0140141 2 2 2
161.294 0.0140242 0.0140242 2 2 2
161.194 0.0140342 0.0140342 2 2 2
161.094 0.0140443 0.0140443 2 2 2
160.994 0.0140544 0.0140544 2 2 2
160.894 0.0140646 0.0140646 2 2 2
160.794 0.0140747 0.0140747 2 2 2
160.694 0.0140849 0.0140849 2 2 2
160.594 0.014095 0.014095 2 2 2
160.494 0.0141052 0.0141052 2 2 2
160.394 0.0141154 0.0141154 2 2 2
160.294 0.0141256 0.0141256 2 2 2
160.194 0.0141358 0.0141358 2 2 2
160.094 0.014146 0.014146 2 2 2
159.994 0.0141563 0.0141563 2 2 2
159.894 0.0141665 0.0141665 2 2 2
159.794 0.0141768 0.0141768 2 2 2
159.694 0.0141871 0.0141871 2 2 2
159.594 0.0141974 0.0141974 2 2 2
159.494 0.0142077 0.0142077 2 2 2
159.394 0.014218 0.014218 2 2 2
159.294 0.0142283 0.0142283 2 2 2
159.194 0.0142387 0.0142387 2 2 2
159.094 0.014249 0.014249 2 2 2
158.994 0.0142594 0.0142594 2 2 2
158.894 0.0142698 0.0142698 2 2 2
158.794 0.0142802 0.0142802 2 2 2
158.694 0.0142906 0.0142906 2 2 2
158.594 0.014301 0.014301 2 2 2
158.494 0.0143115 0.0143115 2 2 2
158.394 0.0143219 0.0143219 2 2 2
158.294 0.0143324 0.0143324 2 2 2
158.194 0.0143429 0.0143429 2 2 2
158.094 0.0143534 0.0143534 2 2 2
157.994 0.0143639 0.0143639 2 2 2
157.894 0.0143744 0.0143744 2 2 2
157.794 0.014385 0.014385 2 2 2
157.694 0.0143955 0.0143955 2 2 2
157.594 0.0144061 0.0144061 2 2 2
157.494 0.0144167 0.0144167 2 2 2
157.394 0.0144273 0.0144273 2 2 2
157.294 0.0144379 0.0144379 2 2 2
157.194 0.0144485 0.0144485 2 2 2
157.094 0.0144592 0.0144592 2 2 2
156.994 0.0144698 0.0144698 2 2 2
156.894 0.0144805 0.0144805 2 2 2
156.794 0.0144912 0.0144912 2 2 2
156.694 0.0145019 0.0145019 2 2 2
156.594 0.0145126 0.0145126 2 2 2
156.494 0.0145233 0.0145233 2 2 2
156.394 0.014534 0.014534 2 2 2
156.294 0.0145448 0.0145448 2 2 2
156.194 0.0145555 0.0145555 2 2 2
156.094 0.0145663 0.0145663 2 2 2
155.994 0.0145771 0.0145771 2 2 2
155.994 0.0145771 0.0145771 2 2 2
155.974 0.0145793 0.0145793 2 2 2
155.934 0.0145836 0.0145836 2 2 2
155.854 0.0145923 0.0145923 2 2 2
155.754 0.0146031 0.0146031 2 2 2
155.654 0.0146139 0.0146139 2 2 2
155.554 0.0146248 0.0146248 2 2 2
155.454 0.0146357 0.0146357 2 2 2
155.354 0.0146466 0.0146466 2 2 2
155.254 0.0146575 0.0146575 2 2 2
155.154 0.0146684 0.0146684 2 2 2
155.054 0.0146793 0.0146793 2 2 2
154.954 0.0146903 0.0146903 2 2 2
154.854 0.0147012 0.0147012 2 2 2
154.754 0.0147122 0.0147122 2 2 2
154.654 0.0147232 0.0147232 2 2 2
154.554 0.0147342 0.0147342 2 2 2
154.454 0.0147452 0.0147452 2 2 2
154.354 0.0147563 0.0147563 2 2 2
154.254 0.0147673 0.0147673 2 2 2
154.154 0.0147784 0.0147784 2 2 2
154.054 0.0147895 0.0147895 2 2 2
153.954 0.0148006 0.0148006 2 2 2
153.854 0.0148117 0.0148117 2 2 2
153.754 0.0148228 0.0148228 2 2 2
153.654 0.0148339 0.0148339 2 2 2
153.554 0.0148451 0.0148451 2 2 2
153.454 0.0148563 0.0148563 2 2 2
153.354 0.0148675 0.0148675 2 2 2
153.254 0.0148787 0.0148787 2 2 2
153.154 0.0148899 0.0148899 2 2 2
153.054 0.0149011 0.0149011 2 2 2
152.954 0.0149124 0.0149124 2 2 2
152.854 0.0149236 0.0149236 2 2 2
152.754 0.0149349 0.0149349 2 2 2
152.654 0.0149462 0.0149462 2 2 2
152.554 0.0149575 0.0149575 2 2 2
152.454 0.0149688 0.0149688 2 2 2
152.354 0.0149802 0.0149802 2 2 2
152.254 0.0149915 0.0149915 2 2 2
152.154 0.0150029 0.0150029 2 2 2
152.054 0.0150143 0.0150143 2 2 2
151.954 0.0150257 0.0150257 2 2 2
151.854 0.0150371 0.0150371 2 2 2
151.754 0.0150485 0.0150485 2 2 2
151.654 0.01506 0.01506 2 2 2
151.554 0.0150715 0.0150715 2 2 2
151.454 0.0150829 0.0150829 2 2 2
151.354 0.0150944 0.0150944 2 2 2
151.254 0.0151059 0.0151059 2 2 2
151.154 0.0151175 0.0151175 2 2 2
151.054 0.015129 0.015129 2 2 2
150.954 0.0151406 0.0151406 2 2 2
150.854 0.0151522 0.0151522 2 2 2
150.754 0.0151638 0.0151638 2 2 2
150.654 0.0151754 0.0151754 2 2 2
150.554 0.015187 0.015187 2 2 2
150.454 0.0151986 0.0151986 2 2 2
150.354 0.0152103 0.0152103 2 2 2
150.254 0.015222 0.015222 2 2 2
150.154 0.0152337 0.0152337 2 2 2
150.054 0.0152454 0.0152454 2 2 2
149.954 0.0152571 0.0152571 2 2 2
149.854 0.0152688 0.0152688 2 2 2
149.754 0.0152806 0.0152806 2 2 2
149.654 0.0152923 0.0152923 2 2 2
149.554 0.0153041 0.0153041 2 2 2
149.454 0.0153159 0.0153159 2 2 2
149.354 0.0153278 0.0153278 2 2 2
149.254 0.0153396 0.0153396 2 2 2
149.154 0.0153515 0.0153515 2 2 2
149.054 0.0153633 0.0153633 2 2 2
148.954 0.0153752 0.0153752 2 2 2
148.854 0.0153871 0.0153871 2 2 2
148.754 0.015399 0.015399 2 2 2
148.654 0.015411 0.015411 2 2 2
148.554 0.0154229 0.0154229 2 2 2
148.454 0.0154349 0.0154349 2 2 2
148.354 0.0154469 0.0154469 2 2 2
148.254 0.0154589 0.0154589 2 2 2
148.154 0.0154709 0.0154709 2 2 2
148.054 0.015483 0.015483 2 2 2
147.954 0.015495 0.015495 2 2 2
147.854 0.0155071 0.0155071 2 2 2
147.754 0.0155192 0.0155192 2 2 2
147.654 0.0155313 0.0155313 2 2 2
147.554 0.0155434 0.0155434 2 2 2
147.454 0.0155555 0.0155555 2 2 2
147.354 0.0155677 0.0155677 2 2 2
147.254 0.0155799 0.0155799 2 2 2
147.154 0.0155921 0.0155921 2 2 2
147.054 0.0156043 0.0156043 2 2 2
146.954 0.0156165 0.0156165 2 2 2
146.854 0.0156288 0.0156288 2 2 2
146.754 0.015641 0.015641 2 2 2
146.654 0.0156533 0.0156533 2 2 2
146.554 0.0156656 0.0156656 2 2 2
146.454 0.0156779 0.0156779 2 2 2
146.354 0.0156902 0.0156902 2 2 2
146.254 0.0157026 0.0157026 2 2 2
146.154 0.015715 0.015715 2 2 2
146.054 0.0157273 0.0157273 2 2 2
145.954 0.0157397 0.0157397 2 2 2
145.854 0.0157522 0.0157522 2 2 2
145.754 0.0157646 0.0157646 2 2 2
145.654 0.0157771 0.0157771 2 2 2
145.554 0.0157895 0.0157895 2 2 2
145.454 0.015802 0.015802 2 2 2
145.354 0.0158145 0.0158145 2 2 2
145.254 0.0158271 0.0158271 2 2 2
145.154 0.0158396 0.0158396 2 2 2
145.054 0.0158522 0.0158522 2 2 2
144.954 0.0158648 0.0158648 2 2 2
144.854 0.0158774 0.0158774 2 2 2
144.754 0.01589 0.01589 2 2 2
144.654 0.0159026 0.0159026 2 2 2
144.554 0.0159153 0.0159153 2 2 2
144.454 0.0159279 0.0159279 2 2 2
144.354 0.0159406 0.0159406 2 2 2
144.254 0.0159533 0.0159533 2 2 2
144.154 0.0159661 0.0159661 2 2 2
144.054 0.0159788 0.0159788 2 2 2
143.954 0.0159916 0.0159916 2 2 2
143.854 0.0160044 0.0160044 2 2 2
143.754 0.0160172 0.0160172 2 2 2
143.654 0.01603 0.01603 2 2 2
143.554 0.0160428 0.0160428 2 2 2
143.454 0.0160557 0.0160557 2 2 2
143.354 0.0160686 0.0160686 2 2 2
143.254 0.0160815 0.0160815 2 2 2
143.154 0.0160944 0.0160944 2 2 2
143.054 0.0161073 0.0161073 2 2 2
142.954 0.0161203 0.0161203 2 2 2
142.854 0.0161332 0.0161332 2 2 2
142.754 0.0161462 0.0161462 2 2 2
142.654 0.0161592 0.0161592 2 2 2
142.554 0.0161722 0.0161722 2 2 2
142.454 0.0161853 0.0161853 2 2 2
142.354 0.0161984 0.0161984 2 2 2
142.254 0.0162114 0.0162114 2 2 2
142.154 0.0162246 0.0162246 2 2 2
142.054 0.0162377 0.0162377 2 2 2
141.954 0.0162508 0.0162508 2 2 2
141.854 0.016264 0.016264 2 2 2
141.754 0.0162772 0.0162772 2 2 2
141.654 0.0162904 0.0162904 2 2 2
141.554 0.0163036 0.0163036 2 2 2
141.454 0.0163168 0.0163168 2 2 2
141.354 0.0163301 0.0163301 2 2 2
141.254 0.0163434 0.0163434 2 2 2
141.154 0.0163567 0.0163567 2 2 2
141.054 0.01637 0.01637 2 2 2
140.954 0.0163833 0.0163833 2 2 2
140.854 0.0163967 0.0163967 2 2 2
140.754 0.0164101 0.0164101 2 2 2
140.654 0.0164235 0.0164235 2 2 2
140.554 0.0164369 0.0164369 2 2 2
140.454 0.0164503 0.0164503 2 2 2
140.354 0.0164638 0.0164638 2 2 2
140.254 0.0164772 0.0164772 2 2 2
140.154 0.0164907 0.0164907 2 2 2
140.054 0.0165043 0.0165043 2 2 2
139.954 0.0165178 0.0165178 2 2 2
139.854 0.0165314 0.0165314 2 2 2
139.754 0.0165449 0.0165449 2 2 2
139.654 0.0165585 0.0165585 2 2 2
139.554 0.0165722 0.0165722 2 2 2
139.454 0.0165858 0.0165858 2 2 2
139.354 0.0165995 0.0165995 2 2 2
139.254 0.0166131 0.0166131 2 2 2
139.154 0.0166268 0.0166268 2 2 2
139.054 0.0166406 0.0166406 2 2 2
138.954 0.0166543 0.0166543 2 2 2
138.854 0.0166681 0.0166681 2 2 2
138.754 0.0166818 0.0166818 2 2 2
138.654 0.0166956 0.0166956 2 2 2
138.554 0.0167095 0.0167095 2 2 2
138.454 0.0167233 0.0167233 2 2 2
138.354 0.0167372 0.0167372 2 2 2
138.254 0.0167511 0.0167511 2 2 2
138.154 0.016765 0.016765 2 2 2
138.054 0.0167789 0.0167789 2 2 2
137.954 0.0167929 0.0167929 2 2 2
137.854 0.0168068 0.0168068 2 2 2
137.754 0.0168208 0.0168208 2 2 2
137.654 0.0168348 0.0168348 2 2 2
137.554 0.0168489 0.0168489 2 2 2
137.454 0.0168629 0.0168629 2 2 2
137.354 0.016877 0.016877 2 2 2
137.254 0.0168911 0.0168911 2 2 2
137.154 0.0169052 0.0169052 2 2 2
137.054 0.0169194 0.0169194 2 2 2
136.954 0.0169335 0.0169335 2 2 2
136.854 0.0169477 0.0169477 2 2 2
136.754 0.0169619 0.0169619 2 2 2
136.654 0.0169762 0.0169762 2 2 2
136.554 0.0169904 0.0169904 2 2 2
136.454 0.0170047 0.0170047 2 2 2
136.354 0.017019 0.017019 2 2 2
136.254 0.0170333 0.0170333 2 2 2
136.254 0.0170333 0.0170333 2 2 2
136.234 0.0170362 0.0170362 2 2 2
136.194 0.0170419 0.0170419 2 2 2
136.114 0.0170534 0.0170534 2 2 2
136.014 0.0170677 0.0170677 2 2 2
135.914 0.0170821 0.0170821 2 2 2
135.814 0.0170965 0.0170965 2 2 2
135.714 0.017111 0.017111 2 2 2
135.614 0.0171254 0.0171254 2 2 2
135.514 0.0171399 0.0171399 2 2 2
135.414 0.0171544 0.0171544 2 2 2
135.314 0.0171689 0.0171689 2 2 2
135.214 0.0171835 0.0171835 2 2 2
135.114 0.0171981 0.0171981 2 2 2
135.014 0.0172127 0.0172127 2 2 2
134.914 0.0172273 0.0172273 2 2 2
134.814 0.0172419 0.0172419 2 2 2
134.714 0.0172566 0.0172566 2 2 2
134.614 0.0172713 0.0172713 2 2 2
134.514 0.017286 0.017286 2 2 2
134.414 0.0173007 0.0173007 2 2 2
134.314 0.0173154 0.0173154 2 2 2
134.214 0.0173302 0.0173302 2 2 2
134.114 0.017345 0.017345 2 2 2
134.014 0.0173598 0.0173598 2 2 2
133.914 0.0173747 0.0173747 2 2 2
133.814 0.0173895 0.0173895 2 2 2
133.714 0.0174044 0.0174044 2 2 2
133.614 0.0174193 0.0174193 2 2 2
133.514 0.0174343 0.0174343 2 2 2
133.414 0.0174492 0.0174492 2 2 2
133.314 0.0174642 0.0174642 2 2 2
133.214 0.0174792 0.0174792 2 2 2
133.114 0.0174943 0.0174943 2 2 2
133.014 0.0175093 0.0175093 2 2 2
132.914 0.0175244 0.0175244 2 2 2
132.814 0.0175395 0.0175395 2 2 2
132.714 0.0175546 0.0175546 2 2 2
132.614 0.0175698 0.0175698 2 2 2
132.514 0.0175849 0.0175849 2 2 2
132.414 0.0176001 0.0176001 2 2 2
132.314 0.0176154 0.0176154 2 2 2
132.214 0.0176306 0.0176306 2 2 2
132.114 0.0176459 0.0176459 2 2 2
132.014 0.0176612 0.0176612 2 2 2
131.914 0.0176765 0.0176765 2 2 2
131.814 0.0176918 0.0176918 2 2 2
131.714 0.0177072 0.0177072 2 2 2
131.614 0.0177226 0.0177226 2 2 2
131.514 0.017738 0.017738 2 2 2
131.414 0.0177534 0.0177534 2 2 2
131.314 0.0177689 0.0177689 2 2 2
131.214 0.0177844 0.0177844 2 2 2
131.114 0.0177999 0.0177999 2 2 2
131.014 0.0178154 0.0178154 2 2 2
130.914 0.017831 0.017831 2 2 2
130.814 0.0178466 0.0178466 2 2 2
130.714 0.0178622 0.0178622 2 2 2
130.614 0.0178778 0.0178778 2 2 2
130.514 0.0178935 0.0178935 2 2 2
130.414 0.0179092 0.0179092 2 2 2
130.314 0.0179249 0.0179249 2 2 2
130.214 0.0179406 0.0179406 2 2 2
130.114 0.0179564 0.0179564 2 2 2
130.014 0.0179722 0.0179722 2 2 2
129.914 0.017988 0.017988 2 2 2
129.814 0.0180038 0.0180038 2 2 2
129.714 0.0180197 0.0180197 2 2 2
129.614 0.0180356 0.0180356 2 2 2
129.514 0.0180515 0.0180515 2 2 2
129.414 0.0180674 0.0180674 2 2 2
129.314 0.0180834 0.0180834 2 2 2
129.214 0.0180994 0.0180994 2 2 2
129.114 0.0181154 0.0181154 2 2 2
129.014 0.0181315 0.0181315 2 2 2
128.914 0.0181475 0.0181475 2 2 2
128.814 0.0181636 0.0181636 2 2 2
128.714 0.0181798 0.0181798 2 2 2
128.614 0.0181959 0.0181959 2 2 2
128.514 0.0182121 0.0182121 2 2 2
128.414 0.0182283 0.0182283 2 2 2
128.314 0.0182445 0.0182445 2 2 2
128.214 0.0182608 0.0182608 2 2 2
128.114 0.0182771 0.0182771 2 2 2
128.014 0.0182934 0.0182934 2 2 2
127.914 0.0183097 0.0183097 2 2 2
127.814 0.0183261 0.0183261 2 2 2
127.714 0.0183424 0.0183424 2 2 2
127.614 0.0183589 0.0183589 2 2 2
127.514 0.0183753 0.0183753 2 2 2
127.414 0.0183918 0.0183918 2 2 2
127.314 0.0184083 0.0184083 2 2 2
127.214 0.0184248 0.0184248 2 2 2
127.114 0.0184413 0.0184413 2 2 2
127.014 0.0184579 0.0184579 2 2 2
126.914 0.0184745 0.0184745 2 2 2
126.814 0.0184911 0.0184911 2 2 2
126.714 0.0185078 0.0185078 2 2 2
126.614 0.0185245 0.0185245 2 2 2
126.514 0.0185412 0.0185412 2 2 2
126.414 0.0185579 0.0185579 2 2 2
126.314 0.0185747 0.0185747 2 2 2
126.214 0.0185915 0.0185915 2 2 2
126.114 0.0186083 0.0186083 2 2 2
126.014 0.0186252 0.0186252 2 2 2
125.914 0.0186421 0.0186421 2 2 2
125.814 0.018659 0.018659 2 2 2
125.714 0.0186759 0.0186759 2 2 2
125.614 0.0186929 0.0186929 2 2 2
125.514 0.0187099 0.0187099 2 2 2
125.414 0.0187269 0.0187269 2 2 2
125.314 0.0187439 0.0187439 2 2 2
125.214 0.018761 0.018761 2 2 2
125.114 0.0187781 0.0187781 2 2 2
125.014 0.0187953 0.0187953 2 2 2
124.914 0.0188124 0.0188124 2 2 2
124.814 0.0188296 0.0188296 2 2 2
124.714 0.0188468 0.0188468 2 2 2
124.614 0.0188641 0.0188641 2 2 2
124.514 0.0188814 0.0188814 2 2 2
124.414 0.0188987 0.0188987 2 2 2
124.314 0.018916 0.018916 2 2 2
124.214 0.0189334 0.0189334 2 2 2
124.114 0.0189508 0.0189508 2 2 2
124.014 0.0189682 0.0189682 2 2 2
123.914 0.0189857 0.0189857 2 2 2
123.814 0.0190032 0.0190032 2 2 2
123.714 0.0190207 0.0190207 2 2 2
123.614 0.0190382 0.0190382 2 2 2
123.514 0.0190558 0.0190558 2 2 2
123.414 0.0190734 0.0190734 2 2 2
123.314 0.019091 0.019091 2 2 2
123.214 0.0191087 0.0191087 2 2 2
123.114 0.0191264 0.0191264 2 2 2
123.014 0.0191441 0.0191441 2 2 2
122.914 0.0191619 0.0191619 2 2 2
122.814 0.0191796 0.0191796 2 2 2
122.714 0.0191974 0.0191974 2 2 2
122.614 0.0192153 0.0192153 2 2 2
122.514 0.0192332 0.0192332 2 2 2
122.414 0.0192511 0.0192511 2 2 2
122.314 0.019269 0.019269 2 2 2
122.214 0.019287 0.019287 2 2 2
122.114 0.019305 0.019305 2 2 2
122.014 0.019323 0.019323 2 2 2
121.914 0.0193411 0.0193411 2 2 2
121.814 0.0193591 0.0193591 2 2 2
121.714 0.0193773 0.0193773 2 2 2
121.614 0.0193954 0.0193954 2 2 2
121.514 0.0194136 0.0194136 2 2 2
121.414 0.0194318 0.0194318 2 2 2
121.314 0.0194501 0.0194501 2 2 2
121.214 0.0194683 0.0194683 2 2 2
121.114 0.0194866 0.0194866 2 2 2
121.014 0.019505 0.019505 2 2 2
120.914 0.0195234 0.0195234 2 2 2
120.814 0.0195418 0.0195418 2 2 2
120.714 0.0195602 0.0195602 2 2 2
120.614 0.0195787 0.0195787 2 2 2
120.514 0.0195972 0.0195972 2 2 2
120.414 0.0196157 0.0196157 2 2 2
120.314 0.0196343 0.0196343 2 2 2
120.214 0.0196529 0.0196529 2 2 2
120.114 0.0196715 0.0196715 2 2 2
120.014 0.0196901 0.0196901 2 2 2
119.914 0.0197088 0.0197088 2 2 2
119.814 0.0197276 0.0197276 2 2 2
119.714 0.0197463 0.0197463 2 2 2
119.614 0.0197651 0.0197651 2 2 2
119.514 0.0197839 0.0197839 2 2 2
119.414 0.0198028 0.0198028 2 2 2
119.314 0.0198217 0.0198217 2 2 2
119.214 0.0198406 0.0198406 2 2 2
119.114 0.0198596 0.0198596 2 2 2
119.014 0.0198786 0.0198786 2 2 2
118.914 0.0198976 0.0198976 2 2 2
118.814 0.0199166 0.0199166 2 2 2
118.714 0.0199357 0.0199357 2 2 2
118.614 0.0199549 0.0199549 2 2 2
118.514 0.019974 0.019974 2 2 2
118.414 0.0199932 0.0199932 2 2 2
118.314 0.0200124 0.0200124 2 2 2
118.214 0.0200317 0.0200317 2 2 2
118.114 0.020051 0.020051 2 2 2
118.014 0.0200703 0.0200703 2 2 2
117.914 0.0200897 0.0200897 2 2 2
117.814 0.0201091 0.0201091 2 2 2
117.714 0.0201285 0.0201285 2 2 2
117.614 0.020148 0.020148 2 2 2
117.514 0.0201675 0.0201675 2 2 2
117.414 0.020187 0.020187 2 2 2
117.314 0.0202066 0.0202066 2 2 2
117.214 0.0202262 0.0202262 2 2 2
117.114 0.0202458 0.0202458 2 2 2
117.014 0.0202655 0.0202655 2 2 2
116.914 0.0202852 0.0202852 2 2 2
116.814 0.020305 0.020305 2 2 2
116.714 0.0203247 0.0203247 2 2 2
116.614 0.0203446 0.0203446 2 2 2
116.514 0.0203644 0.0203644 2 2 2
116.514 0.0203644 0.0203644 2 2 2
116.494 0.0203684 0.0203684 2 2 2
116.454 0.0203763 0.0203763 2 2 2
116.374 0.0203923 0.0203923 2 2 2
116.274 0.0204122 0.0204122 2 2 2
116.174 0.0204322 0.0204322 2 2 2
116.074 0.0204522 0.0204522 2 2 2
115.974 0.0204722 0.0204722 2 2 2
115.874 0.0204923 0.0204923 2 2 2
115.774 0.0205124 0.0205124 2 2 2
115.674 0.0205326 0.0205326 2 2 2
115.574 0.0205528 0.0205528 2 2 2
115.474 0.020573 0.020573 2 2 2
115.374 0.0205933 0.0205933 2 2 2
115.274 0.0206136 0.0206136 2 2 2
115.174 0.0206339 0.0206339 2 2 2
115.074 0.0206543 0.0206543 2 2 2
114.974 0.0206747 0.0206747 2 2 2
114.874 0.0206951 0.0206951 2 2 2
114.774 0.0207156 0.0207156 2 2 2
114.674 0.0207361 0.0207361 2 2 2
114.574 0.0207567 0.0207567 2 2 2
114.474 0.0207773 0.0207773 2 2 2
114.374 0.0207979 0.0207979 2 2 2
114.274 0.0208186 0.0208186 2 2 2
114.174 0.0208393 0.0208393 2 2 2
114.074 0.0208601 0.0208601 2 2 2
113.974 0.0208809 0.0208809 2 2 2
113.874 0.0209017 0.0209017 2 2 2
113.774 0.0209226 0.0209226 2 2 2
113.674 0.0209435 0.0209435 2 2 2
113.574 0.0209644 0.0209644 2 2 2
113.474 0.0209854 0.0209854 2 2 2
113.374 0.0210064 0.0210064 2 2 2
113.274 0.0210275 0.0210275 2 2 2
113.174 0.0210486 0.0210486 2 2 2
113.074 0.0210697 0.0210697 2 2 2
112.974 0.0210909 0.0210909 2 2 2
112.874 0.0211121 0.0211121 2 2 2
112.774 0.0211333 0.0211333 2 2 2
112.674 0.0211546 0.0211546 2 2 2
112.574 0.021176 0.021176 2 2 2
112.474 0.0211973 0.0211973 2 2 2
112.374 0.0212187 0.0212187 2 2 2
112.274 0.0212402 0.0212402 2 2 2
112.174 0.0212617 0.0212617 2 2 2
112.074 0.0212832 0.0212832 2 2 2
111.974 0.0213048 0.0213048 2 2 2
111.874 0.0213264 0.0213264 2 2 2
111.774 0.0213481 0.0213481 2 2 2
111.674 0.0213698 0.0213698 2 2 2
111.574 0.0213915 0.0213915 2 2 2
111.474 0.0214133 0.0214133 2 2 2
111.374 0.0214351 0.0214351 2 2 2
111.274 0.021457 0.021457 2 2 2
111.174 0.0214788 0.0214788 2 2 2
111.074 0.0215008 0.0215008 2 2 2
110.974 0.0215228 0.0215228 2 2 2
110.874 0.0215448 0.0215448 2 2 2
110.774 0.0215669 0.0215669 2 2 2
110.674 0.021589 0.021589 2 2 2
110.574 0.0216111 0.0216111 2 2 2
110.474 0.0216333 0.0216333 2 2 2
110.374 0.0216555 0.0216555 2 2 2
110.274 0.0216778 0.0216778 2 2 2
110.174 0.0217001 0.0217001 2 2 2
110.074 0.0217225 0.0217225 2 2 2
109.974 0.0217449 0.0217449 2 2 2
109.874 0.0217673 0.0217673 2 2 2
109.774 0.0217898 0.0217898 2 2 2
109.674 0.0218124 0.0218124 2 2 2
109.574 0.0218349 0.0218349 2 2 2
109.474 0.0218575 0.0218575 2 2 2
109.374 0.0218802 0.0218802 2 2 2
109.274 0.0219029 0.0219029 2 2 2
109.174 0.0219256 0.0219256 2 2 2
109.074 0.0219484 0.0219484 2 2 2
108.974 0.0219713 0.0219713 2 2 2
108.874 0.0219941 0.0219941 2 2 2
108.774 0.0220171 0.0220171 2 2 2
108.674 0.02204 0.02204 2 2 2
108.574 0.022063 0.022063 2 2 2
108.474 0.0220861 0.0220861 2 2 2
108.374 0.0221092 0.0221092 2 2 2
108.274 0.0221323 0.0221323 2 2 2
108.174 0.0221555 0.0221555 2 2 2
108.074 0.0221788 0.0221788 2 2 2
107.974 0.022202 0.022202 2 2 2
107.874 0.0222254 0.0222254 2 2 2
107.774 0.0222487 0.0222487 2 2 2
107.674 0.0222722 0.0222722 2 2 2
107.574 0.0222956 0.0222956 2 2 2
107.474 0.0223191 0.0223191 2 2 2
107.374 0.0223427 0.0223427 2 2 2
107.274 0.0223663 0.0223663 2 2 2
107.174 0.0223899 0.0223899 2 2 2
107.074 0.0224136 0.0224136 2 2 2
106.974 0.0224373 0.0224373 2 2 2
106.874 0.0224611 0.0224611 2 2 2
106.774 0.022485 0.022485 2 2 2
106.674 0.0225088 0.0225088 2 2 2
106.574 0.0225328 0.0225328 2 2 2
106.474 0.0225567 0.0225567 2 2 2
106.374 0.0225807 0.0225807 2 2 2
106.274 0.0226048 0.0226048 2 2 2
106.174 0.0226289 0.0226289 2 2 2
106.074 0.0226531 0.0226531 2 2 2
105.974 0.0226773 0.0226773 2 2 2
105.874 0.0227015 0.0227015 2 2 2
105.774 0.0227259 0.0227259 2 2 2
105.674 0.0227502 0.0227502 2 2 2
105.574 0.0227746 0.0227746 2 2 2
105.474 0.0227991 0.0227991 2 2 2
105.374 0.0228236 0.0228236 2 2 2
105.274 0.0228481 0.0228481 2 2 2
105.174 0.0228727 0.0228727 2 2 2
105.074 0.0228973 0.0228973 2 2 2
104.974 0.022922 0.022922 2 2 2
104.874 0.0229468 0.0229468 2 2 2
104.774 0.0229716 0.0229716 2 2 2
104.674 0.0229964 0.0229964 2 2 2
104.574 0.0230213 0.0230213 2 2 2
104.474 0.0230462 0.0230462 2 2 2
104.374 0.0230712 0.0230712 2 2 2
104.274 0.0230963 0.0230963 2 2 2
104.174 0.0231214 0.0231214 2 2 2
104.074 0.0231465 0.0231465 2 2 2
103.974 0.0231717 0.0231717 2 2 2
103.874 0.023197 0.023197 2 2 2
103.774 0.0232223 0.0232223 2 2 2
103.674 0.0232476 0.0232476 2 2 2
103.574 0.023273 0.023273 2 2 2
103.474 0.0232985 0.0232985 2 2 2
103.374 0.023324 0.023324 2 2 2
103.274 0.0233495 0.0233495 2 2 2
103.174 0.0233751 0.0233751 2 2 2
103.074 0.0234008 0.0234008 2 2 2
102.974 0.0234265 0.0234265 2 2 2
102.874 0.0234522 0.0234522 2 2 2
102.774 0.0234781 0.0234781 2 2 2
102.674 0.0235039 0.0235039 2 2 2
102.574 0.0235298 0.0235298 2 2 2
102.474 0.0235558 0.0235558 2 2 2
102.374 0.0235818 0.0235818 2 2 2
102.274 0.0236079 0.0236079 2 2 2
102.174 0.023634 0.023634 2 2 2
102.074 0.0236602 0.0236602 2 2 2
101.974 0.0236865 0.0236865 2 2 2
101.874 0.0237128 0.0237128 2 2 2
101.774 0.0237391 0.0237391 2 2 2
101.674 0.0237655 0.0237655 2 2 2
101.574 0.023792 0.023792 2 2 2
101.474 0.0238185 0.0238185 2 2 2
101.374 0.0238451 0.0238451 2 2 2
101.274 0.0238717 0.0238717 2 2 2
101.174 0.0238984 0.0238984 2 2 2
101.074 0.0239251 0.0239251 2 2 2
100.974 0.0239519 0.0239519 2 2 2
100.874 0.0239787 0.0239787 2 2 2
100.774 0.0240056 0.0240056 2 2 2
100.674 0.0240326 0.0240326 2 2 2
100.574 0.0240596 0.0240596 2 2 2
100.474 0.0240867 0.0240867 2 2 2
100.374 0.0241138 0.0241138 2 2 2
100.274 0.024141 0.024141 2 2 2
100.174 0.0241682 0.0241682 2 2 2
100.074 0.0241955 0.0241955 2 2 2
99.9741 0.0242228 0.0242228 2 2 2
99.8741 0.0242503 0.0242503 2 2 2
99.7741 0.0242777 0.0242777 2 2 2
99.6741 0.0243052 0.0243052 2 2 2
99.5741 0.0243328 0.0243328 2 2 2
99.4741 0.0243605 0.0243605 2 2 2
99.3741 0.0243882 0.0243882 2 2 2
99.2741 0.0244159 0.0244159 2 2 2
99.1741 0.0244437 0.0244437 2 2 2
99.0741 0.0244716 0.0244716 2 2 2
98.9741 0.0244996 0.0244996 2 2 2
98.8741 0.0245276 0.0245276 2 2 2
98.7741 0.0245556 0.0245556 2 2 2
98.6741 0.0245837 0.0245837 2 2 2
98.5741 0.0246119 0.0246119 2 2 2
98.4741 0.0246401 0.0246401 2 2 2
98.3741 0.0246684 0.0246684 2 2 2
98.2741 0.0246968 0.0246968 2 2 2
98.1741 0.0247252 0.0247252 2 2 2
98.0741 0.0247537 0.0247537 2 2 2
97.9741 0.0247822 0.0247822 2 2 2
97.8741 0.0248108 0.0248108 2 2 2
97.7741 0.0248395 0.0248395 2 2 2
97.6741 0.0248682 0.0248682 2 2 2
97.5741 0.024897 0.024897 2 2 2
97.4741 0.0249258 0.0249258 2 2 2
97.3741 0.0249547 0.0249547 2 2 2
97.2741 0.0249837 0.0249837 2 2 2
97.1741 0.0250127 0.0250127 2 2 2
97.0741 0.0250418 0.0250418 2 2 2
96.9741 0.025071 0.025071 2 2 2
96.8741 0.0251002 0.0251002 2 2 2
96.7741 0.0251295 0.0251295 2 2 2
96.7741 0.0251295 0.0251295 2 2 2
96.7541 0.0251353 0.0251353 2 2 2
96.7141 0.0251471 0.0251471 2 2 2
96.6341 0.0251706 0.0251706 2 2 2
96.5341 0.0252 0.0252 2 2 2
96.4341 0.0252295 0.0252295 2 2 2
96.3341 0.0252591 0.0252591 2 2 2
96.2341 0.0252887 0.0252887 2 2 2
96.1341 0.0253184 0.0253184 2 2 2
96.0341 0.0253482 0.0253482 2 2 2
95.9341 0.025378 0.025378 2 2 2
95.8341 0.0254079 0.0254079 2 2 2
95.7341 0.0254378 0.0254378 2 2 2
95.6341 0.0254679 0.0254679 2 2 2
95.5341 0.025498 0.025498 2 2 2
95.4341 0.0255281 0.0255281 2 2 2
95.3341 0.0255583 0.0255583 2 2 2
95.2341 0.0255886 0.0255886 2 2 2
95.1341 0.025619 0.025619 2 2 2
95.0341 0.0256494 0.0256494 2 2 2
94.9341 0.0256799 0.0256799 2 2 2
94.8341 0.0257104 0.0257104 2 2 2
94.7341 0.0257411 0.0257411 2 2 2
94.6341 0.0257717 0.0257717 2 2 2
94.5341 0.0258025 0.0258025 2 2 2
94.4341 0.0258333 0.0258333 2 2 2
94.3341 0.0258642 0.0258642 2 2 2
94.2341 0.0258952 0.0258952 2 2 2
94.1341 0.0259262 0.0259262 2 2 2
94.0341 0.0259573 0.0259573 2 2 2
93.9341 0.0259885 0.0259885 2 2 2
93.8341 0.0260197 0.0260197 2 2 2
93.7341 0.0260511 0.0260511 2 2 2
93.6341 0.0260824 0.0260824 2 2 2
93.5341 0.0261139 0.0261139 2 2 2
93.4341 0.0261454 0.0261454 2 2 2
93.3341 0.026177 0.026177 2 2 2
93.2341 0.0262087 0.0262087 2 2 2
93.1341 0.0262404 0.0262404 2 2 2
93.0341 0.0262722 0.0262722 2 2 2
92.9341 0.0263041 0.0263041 2 2 2
92.8341 0.0263361 0.0263361 2 2 2
92.7341 0.0263681 0.0263681 2 2 2
92.6341 0.0264002 0.0264002 2 2 2
92.5341 0.0264323 0.0264323 2 2 2
92.4341 0.0264646 0.0264646 2 2 2
92.3341 0.0264969 0.0264969 2 2 2
92.2341 0.0265293 0.0265293 2 2 2
92.1341 0.0265618 0.0265618 2 2 2
92.0341 0.0265943 0.0265943 2 2 2
91.9341 0.0266269 0.0266269 2 2 2
91.8341 0.0266596 0.0266596 2 2 2
91.7341 0.0266924 0.0266924 2 2 2
91.6341 0.0267252 0.0267252 2 2 2
91.5341 0.0267581 0.0267581 2 2 2
91.4341 0.0267911 0.0267911 2 2 2
91.3341 0.0268242 0.0268242 2 2 2
91.2341 0.0268573 0.0268573 2 2 2
91.1341 0.0268906 0.0268906 2 2 2
91.0341 0.0269239 0.0269239 2 2 2
90.9341 0.0269572 0.0269572 2 2 2
90.8341 0.0269907 0.0269907 2 2 2
90.7341 0.0270242 0.0270242 2 2 2
90.6341 0.0270578 0.0270578 2 2 2
90.5341 0.0270915 0.0270915 2 2 2
90.4341 0.0271252 0.0271252 2 2 2
90.3341 0.0271591 0.0271591 2 2 2
90.2341 0.027193 0.027193 2 2 2
90.1341 0.027227 0.027227 2 2 2
90.0341 0.0272611 0.0272611 2 2 2
89.9341 0.0272952 0.0272952 2 2 2
89.8341 0.0273295 0.0273295 2 2 2
89.7341 0.0273638 0.0273638 2 2 2
89.6341 0.0273982 0.0273982 2 2 2
89.5341 0.0274327 0.0274327 2 2 2
89.4341 0.0274672 0.0274672 2 2 2
89.3341 0.0275019 0.0275019 2 2 2
89.2341 0.0275366 0.0275366 2 2 2
89.1341 0.0275714 0.0275714 2 2 2
89.0341 0.0276063 0.0276063 2 2 2
88.9341 0.0276412 0.0276412 2 2 2
88.8341 0.0276763 0.0276763 2 2 2
88.7341 0.0277114 0.0277114 2 2 2
88.6341 0.0277467 0.0277467 2 2 2
88.5341 0.027782 0.027782 2 2 2
88.4341 0.0278173 0.0278173 2 2 2
88.3341 0.0278528 0.0278528 2 2 2
88.2341 0.0278884 0.0278884 2 2 2
88.1341 0.027924 0.027924 2 2 2
88.0341 0.0279597 0.0279597 2 2 2
87.9341 0.0279955 0.0279955 2 2 2
87.8341 0.0280314 0.0280314 2 2 2
87.7341 0.0280674 0.0280674 2 2 2
87.6341 0.0281035 0.0281035 2 2 2
87.5341 0.0281396 0.0281396 2 2 2
87.4341 0.0281759 0.0281759 2 2 2
87.3341 0.0282122 0.0282122 2 2 2
87.2341 0.0282486 0.0282486 2 2 2
87.1341 0.0282851 0.0282851 2 2 2
87.0341 0.0283217 0.0283217 2 2 2
86.9341 0.0283584 0.0283584 2 2 2
86.8341 0.0283952 0.0283952 2 2 2
86.7341 0.028432 0.028432 2 2 2
86.6341 0.028469 0.028469 2 2 2
86.5341 0.028506 0.028506 2 2 2
86.4341 0.0285432 0.0285432 2 2 2
86.3341 0.0285804 0.0285804 2 2 2
86.2341 0.0286177 0.0286177 2 2 2
86.1341 0.0286551 0.0286551 2 2 2
86.0341 0.0286926 0.0286926 2 2 2
85.9341 0.0287302 0.0287302 2 2 2
85.8341 0.0287679 0.0287679 2 2 2
85.7341 0.0288056 0.0288056 2 2 2
85.6341 0.0288435 0.0288435 2 2 2
85.5341 0.0288814 0.0288814 2 2 2
85.4341 0.0289195 0.0289195 2 2 2
85.3341 0.0289576 0.0289576 2 2 2
85.2341 0.0289959 0.0289959 2 2 2
85.1341 0.0290342 0.0290342 2 2 2
85.0341 0.0290726 0.0290726 2 2 2
84.9341 0.0291112 0.0291112 2 2 2
84.8341 0.0291498 0.0291498 2 2 2
84.7341 0.0291885 0.0291885 2 2 2
84.6341 0.0292273 0.0292273 2 2 2
84.5341 0.0292662 0.0292662 2 2 2
84.4341 0.0293052 0.0293052 2 2 2
84.3341 0.0293443 0.0293443 2 2 2
84.2341 0.0293835 0.0293835 2 2 2
84.1341 0.0294228 0.0294228 2 2 2
84.0341 0.0294622 0.0294622 2 2 2
83.9341 0.0295017 0.0295017 2 2 2
83.8341 0.0295413 0.0295413 2 2 2
83.7341 0.029581 0.029581 2 2 2
83.6341 0.0296208 0.0296208 2 2 2
83.5341 0.0296607 0.0296607 2 2 2
83.4341 0.0297007 0.0297007 2 2 2
83.3341 0.0297408 0.0297408 2 2 2
83.2341 0.029781 0.029781 2 2 2
83.1341 0.0298213 0.0298213 2 2 2
83.0341 0.0298617 0.0298617 2 2 2
82.9341 0.0299022 0.0299022 2 2 2
82.8341 0.0299428 0.0299428 2 2 2
82.7341 0.0299835 0.0299835 2 2 2
82.6341 0.0300243 0.0300243 2 2 2
82.5341 0.0300652 0.0300652 2 2 2
82.4341 0.0301063 0.0301063 2 2 2
82.3341 0.0301474 0.0301474 2 2 2
82.2341 0.0301886 0.0301886 2 2 2
82.1341 0.03023 0.03023 2 2 2
82.0341 0.0302714 0.0302714 2 2 2
81.9341 0.030313 0.030313 2 2 2
81.8341 0.0303546 0.0303546 2 2 2
81.7341 0.0303964 0.0303964 2 2 2
81.6341 0.0304383 0.0304383 2 2 2
81.5341 0.0304802 0.0304802 2 2 2
81.4341 0.0305223 0.0305223 2 2 2
81.3341 0.0305645 0.0305645 2 2 2
81.2341 0.0306068 0.0306068 2 2 2
81.1341 0.0306493 0.0306493 2 2 2
81.0341 0.0306918 0.0306918 2 2 2
80.9341 0.0307344 0.0307344 2 2 2
80.8341 0.0307772 0.0307772 2 2 2
80.7341 0.0308201 0.0308201 2 2 2
80.6341 0.030863 0.030863 2 2 2
80.5341 0.0309061 0.0309061 2 2 2
80.4341 0.0309493 0.0309493 2 2 2
80.3341 0.0309926 0.0309926 2 2 2
80.2341 0.0310361 0.0310361 2 2 2
80.1341 0.0310796 0.0310796 2 2 2
80.0341 0.0311233 0.0311233 2 2 2
79.9341 0.031167 0.031167 2 2 2
79.8341 0.0312109 0.0312109 2 2 2
79.7341 0.0312549 0.0312549 2 2 2
79.6341 0.0312991 0.0312991 2 2 2
79.5341 0.0313433 0.0313433 2 2 2
79.4341 0.0313877 0.0313877 2 2 2
79.3341 0.0314321 0.0314321 2 2 2
79.2341 0.0314767 0.0314767 2 2 2
79.1341 0.0315214 0.0315214 2 2 2
79.0341 0.0315663 0.0315663 2 2 2
78.9341 0.0316112 0.0316112 2 2 2
78.8341 0.0316563 0.0316563 2 2 2
78.7341 0.0317015 0.0317015 2 2 2
78.6341 0.0317468 0.0317468 2 2 2
78.5341 0.0317922 0.0317922 2 2 2
78.4341 0.0318378 0.0318378 2 2 2
78.3341 0.0318835 0.0318835 2 2 2
78.2341 0.0319293 0.0319293 2 2 2
78.1341 0.0319752 0.0319752 2 2 2
78.0341 0.0320213 0.0320213 2 2 2
77.9341 0.0320674 0.0320674 2 2 2
77.8341 0.0321137 0.0321137 2 2 2
77.7341 0.0321602 0.0321602 2 2 2
77.6341 0.0322067 0.0322067 2 2 2
77.5341 0.0322534 0.0322534 2 2 2
77.4341 0.0323002 0.0323002 2 2 2
77.3341 0.0323471 0.0323471 2 2 2
77.2341 0.0323942 0.0323942 2 2 2
77.1341 0.0324414 0.0324414 2 2 2
77.0341 0.0324887 0.0324887 2 2 2
77.0341 0.0324887 0.0324887 2 2 2
77.0141 0.0324982 0.0324982 2 2 2
76.9741 0.0325172 0.0325172 2 2 2
76.8941 0.0325552 0.0325552 2 2 2
76.7941 0.0326028 0.0326028 2 2 2
76.6941 0.0326506 0.0326506 2 2 2
76.5941 0.0326985 0.0326985 2 2 2
76.4941 0.0327465 0.0327465 2 2 2
76.3941 0.0327947 0.0327947 2 2 2
76.2941 0.032843 0.032843 2 2 2
76.1941 0.0328914 0.0328914 2 2 2
76.0941 0.0329399 0.0329399 2 2 2
75.9941 0.0329886 0.0329886 2 2 2
75.8941 0.0330375 0.0330375 2 2 2
75.7941 0.0330865 0.0330865 2 2 2
75.6941 0.0331356 0.0331356 2 2 2
75.5941 0.0331848 0.0331848 2 2 2
75.4941 0.0332342 0.0332342 2 2 2
75.3941 0.0332837 0.0332837 2 2 2
75.2941 0.0333334 0.0333334 2 2 2
75.1941 0.0333832 0.0333832 2 2 2
75.0941 0.0334331 0.0334331 2 2 2
74.9941 0.0334832 0.0334832 2 2 2
74.8941 0.0335334 0.0335334 2 2 2
74.7941 0.0335838 0.0335838 2 2 2
74.6941 0.0336343 0.0336343 2 2 2
74.5941 0.0336849 0.0336849 2 2 2
74.4941 0.0337357 0.0337357 2 2 2
74.3941 0.0337866 0.0337866 2 2 2
74.2941 0.0338377 0.0338377 2 2 2
74.1941 0.0338889 0.0338889 2 2 2
74.0941 0.0339403 0.0339403 2 2 2
73.9941 0.0339918 0.0339918 2 2 2
73.8941 0.0340435 0.0340435 2 2 2
73.7941 0.0340953 0.0340953 2 2 2
73.6941 0.0341473 0.0341473 2 2 2
73.5941 0.0341994 0.0341994 2 2 2
73.4941 0.0342516 0.0342516 2 2 2
73.3941 0.0343041 0.0343041 2 2 2
73.2941 0.0343566 0.0343566 2 2 2
73.1941 0.0344093 0.0344093 2 2 2
73.0941 0.0344622 0.0344622 2 2 2
72.9941 0.0345152 0.0345152 2 2 2
72.8941 0.0345684 0.0345684 2 2 2
72.7941 0.0346217 0.0346217 2 2 2
72.6941 0.0346752 0.0346752 2 2 2
72.5941 0.0347288 0.0347288 2 2 2
72.4941 0.0347826 0.0347826 2 2 2
72.3941 0.0348366 0.0348366 2 2 2
72.2941 0.0348907 0.0348907 2 2 2
72.1941 0.034945 0.034945 2 2 2
72.0941 0.0349994 0.0349994 2 2 2
71.9941 0.035054 0.035054 2 2 2
71.8941 0.0351087 0.0351087 2 2 2
71.7941 0.0351636 0.0351636 2 2 2
71.6941 0.0352187 0.0352187 2 2 2
71.5941 0.0352739 0.0352739 2 2 2
71.4941 0.0353293 0.0353293 2 2 2
71.3941 0.0353849 0.0353849 2 2 2
71.2941 0.0354406 0.0354406 2 2 2
71.1941 0.0354965 0.0354965 2 2 2
71.0941 0.0355526 0.0355526 2 2 2
70.9941 0.0356088 0.0356088 2 2 2
70.8941 0.0356652 0.0356652 2 2 2
70.7941 0.0357218 0.0357218 2 2 2
70.6941 0.0357785 0.0357785 2 2 2
70.5941 0.0358354 0.0358354 2 2 2
70.4941 0.0358925 0.0358925 2 2 2
70.3941 0.0359497 0.0359497 2 2 2
70.2941 0.0360071 0.0360071 2 2 2
70.1941 0.0360647 0.0360647 2 2 2
70.0941 0.0361225 0.0361225 2 2 2
69.9941 0.0361804 0.0361804 2 2 2
69.8941 0.0362385 0.0362385 2 2 2
69.7941 0.0362968 0.0362968 2 2 2
69.6941 0.0363553 0.0363553 2 2 2
69.5941 0.0364139 0.0364139 2 2 2
69.4941 0.0364727 0.0364727 2 2 2
69.3941 0.0365317 0.0365317 2 2 2
69.2941 0.0365909 0.0365909 2 2 2
69.1941 0.0366503 0.0366503 2 2 2
69.0941 0.0367098 0.0367098 2 2 2
68.9941 0.0367695 0.0367695 2 2 2
68.8941 0.0368294 0.0368294 2 2 2
68.7941 0.0368895 0.0368895 2 2 2
68.6941 0.0369498 0.0369498 2 2 2
68.5941 0.0370103 0.0370103 2 2 2
68.4941 0.0370709 0.0370709 2 2 2
68.3941 0.0371318 0.0371318 2 2 2
68.2941 0.0371928 0.0371928 2 2 2
68.1941 0.037254 0.037254 2 2 2
68.0941 0.0373154 0.0373154 2 2 2
67.9941 0.037377 0.037377 2 2 2
67.8941 0.0374388 0.0374388 2 2 2
67.7941 0.0375008 0.0375008 2 2 2
67.6941 0.037563 0.037563 2 2 2
67.5941 0.0376253 0.0376253 2 2 2
67.4941 0.0376879 0.0376879 2 2 2
67.3941 0.0377507 0.0377507 2 2 2
67.2941 0.0378136 0.0378136 2 2 2
67.1941 0.0378768 0.0378768 2 2 2
67.0941 0.0379401 0.0379401 2 2 2
66.9941 0.0380037 0.0380037 2 2 2
66.8941 0.0380674 0.0380674 2 2 2
66.7941 0.0381314 0.0381314 2 2 2
66.6941 0.0381956 0.0381956 2 2 2
66.5941 0.0382599 0.0382599 2 2 2
66.4941 0.0383245 0.0383245 2 2 2
66.3941 0.0383893 0.0383893 2 2 2
66.2941 0.0384543 0.0384543 2 2 2
66.1941 0.0385195 0.0385195 2 2 2
66.0941 0.0385849 0.0385849 2 2 2
65.9941 0.0386505 0.0386505 2 2 2
65.8941 0.0387163 0.0387163 2 2 2
65.7941 0.0387823 0.0387823 2 2 2
65.6941 0.0388486 0.0388486 2 2 2
65.5941 0.038915 0.038915 2 2 2
65.4941 0.0389817 0.0389817 2 2 2
65.3941 0.0390486 0.0390486 2 2 2
65.2941 0.0391157 0.0391157 2 2 2
65.1941 0.039183 0.039183 2 2 2
65.0941 0.0392506 0.0392506 2 2 2
64.9941 0.0393184 0.0393184 2 2 2
64.8941 0.0393863 0.0393863 2 2 2
64.7941 0.0394545 0.0394545 2 2 2
64.6941 0.039523 0.039523 2 2 2
64.5941 0.0395916 0.0395916 2 2 2
64.4941 0.0396605 0.0396605 2 2 2
64.3941 0.0397296 0.0397296 2 2 2
64.2941 0.0397989 0.0397989 2 2 2
64.1941 0.0398685 0.0398685 2 2 2
64.0941 0.0399383 0.0399383 2 2 2
63.9941 0.0400083 0.0400083 2 2 2
63.8941 0.0400786 0.0400786 2 2 2
63.7941 0.0401491 0.0401491 2 2 2
63.6941 0.0402198 0.0402198 2 2 2
63.5941 0.0402908 0.0402908 2 2 2
63.4941 0.040362 0.040362 2 2 2
63.3941 0.0404334 0.0404334 2 2 2
63.2941 0.0405051 0.0405051 2 2 2
63.1941 0.040577 0.040577 2 2 2
63.0941 0.0406491 0.0406491 2 2 2
62.9941 0.0407215 0.0407215 2 2 2
62.8941 0.0407942 0.0407942 2 2 2
62.7941 0.040867 0.040867 2 2 2
62.6941 0.0409402 0.0409402 2 2 2
62.5941 0.0410135 0.0410135 2 2 2
62.4941 0.0410872 0.0410872 2 2 2
62.3941 0.0411611 0.0411611 2 2 2
62.2941 0.0412352 0.0412352 2 2 2
62.1941 0.0413096 0.0413096 2 2 2
62.0941 0.0413842 0.0413842 2 2 2
61.9941 0.0414591 0.0414591 2 2 2
61.8941 0.0415342 0.0415342 2 2 2
61.7941 0.0416096 0.0416096 2 2 2
61.6941 0.0416853 0.0416853 2 2 2
61.5941 0.0417612 0.0417612 2 2 2
61.4941 0.0418374 0.0418374 2 2 2
61.3941 0.0419138 0.0419138 2 2 2
61.2941 0.0419905 0.0419905 2 2 2
61.1941 0.0420675 0.0420675 2 2 2
61.0941 0.0421447 0.0421447 2 2 2
60.9941 0.0422222 0.0422222 2 2 2
60.8941 0.0423 0.0423 2 2 2
60.7941 0.042378 0.042378 2 2 2
60.6941 0.0424564 0.0424564 2 2 2
60.5941 0.042535 0.042535 2 2 2
60.4941 0.0426138 0.0426138 2 2 2
60.3941 0.042693 0.042693 2 2 2
60.2941 0.0427724 0.0427724 2 2 2
60.1941 0.0428521 0.0428521 2 2 2
60.0941 0.0429321 0.0429321 2 2 2
59.9941 0.0430123 0.0430123 2 2 2
59.8941 0.0430929 0.0430929 2 2 2
59.7941 0.0431737 0.0431737 2 2 2
59.6941 0.0432548 0.0432548 2 2 2
59.5941 0.0433362 0.0433362 2 2 2
59.4941 0.0434179 0.0434179 2 2 2
59.3941 0.0434999 0.0434999 2 2 2
59.2941 0.0435822 0.0435822 2 2 2
59.1941 0.0436647 0.0436647 2 2 2
59.0941 0.0437476 0.0437476 2 2 2
58.9941 0.0438308 0.0438308 2 2 2
58.8941 0.0439142 0.0439142 2 2 2
58.7941 0.043998 0.043998 2 2 2
58.6941 0.0440821 0.0440821 2 2 2
58.5941 0.0441664 0.0441664 2 2 2
58.4941 0.0442511 0.0442511 2 2 2
58.3941 0.0443361 0.0443361 2 2 2
58.2941 0.0444214 0.0444214 2 2 2
58.1941 0.0445069 0.0445069 2 2 2
58.0941 0.0445928 0.0445928 2 2 2
57.9941 0.0446791 0.0446791 2 2 2
57.8941 0.0447656 0.0447656 2 2 2
57.7941 0.0448524 0.0448524 2 2 2
57.6941 0.0449396 0.0449396 2 2 2
57.5941 0.0450271 0.0450271 2 2 2
57.4941 0.0451149 0.0451149 2 2 2
57.3941 0.045203 0.045203 2 2 2
57.2941 0.0452915 0.0452915 2 2 2
57.2941 0.0452915 0.0452915 2 2 2
57.2741 0.0453092 0.0453092 2 2 2
57.2341 0.0453447 0.0453447 2 2 2
57.1541 0.0454159 0.0454159 2 2 2
57.0541 0.0455051 0.0455051 2 2 2
56.9541 0.0455947 0.0455947 2 2 2
56.8541 0.0456846 0.0456846 2 2 2
56.7541 0.0457749 0.0457749 2 2 2
56.6541 0.0458654 0.0458654 2 2 2
56.5541 0.0459563 0.0459563 2 2 2
56.4541 0.0460476 0.0460476 2 2 2
56.3541 0.0461392 0.0461392 2 2 2
56.2541 0.0462311 0.0462311 2 2 2
56.1541 0.0463234 0.0463234 2 2 2
56.0541 0.046416 0.046416 2 2 2
55.9541 0.046509 0.046509 2 2 2
55.8541 0.0466024 0.0466024 2 2 2
55.7541 0.0466961 0.0466961 2 2 2
55.6541 0.0467901 0.0467901 2 2 2
55.5541 0.0468845 0.0468845 2 2 2
55.4541 0.0469792 0.0469792 2 2 2
55.3541 0.0470744 0.0470744 2 2 2
55.2541 0.0471698 0.0471698 2 2 2
55.1541 0.0472657 0.0472657 2 2 2
55.0541 0.0473619 0.0473619 2 2 2
54.9541 0.0474585 0.0474585 2 2 2
54.8541 0.0475554 0.0475554 2 2 2
54.7541 0.0476527 0.0476527 2 2 2
54.6541 0.0477504 0.0477504 2 2 2
54.5541 0.0478485 0.0478485 2 2 2
54.4541 0.047947 0.047947 2 2 2
54.3541 0.0480458 0.0480458 2 2 2
54.2541 0.048145 0.048145 2 2 2
54.1541 0.0482446 0.0482446 2 2 2
54.0541 0.0483446 0.0483446 2 2 2
53.9541 0.048445 0.048445 2 2 2
53.8541 0.0485458 0.0485458 2 2 2
53.7541 0.0486469 0.0486469 2 2 2
53.6541 0.0487485 0.0487485 2 2 2
53.5541 0.0488505 0.0488505 2 2 2
53.4541 0.0489528 0.0489528 2 2 2
53.3541 0.0490556 0.0490556 2 2 2
53.2541 0.0491588 0.0491588 2 2 2
53.1541 0.0492623 0.0492623 2 2 2
53.0541 0.0493663 0.0493663 2 2 2
52.9541 0.0494707 0.0494707 2 2 2
52.8541 0.0495755 0.0495755 2 2 2
52.7541 0.0496808 0.0496808 2 2 2
52.6541 0.0497864 0.0497864 2 2 2
52.5541 0.0498925 0.0498925 2 2 2
52.4541 0.049999 0.049999 2 2 2
52.3541 0.0501059 0.0501059 2 2 2
52.2541 0.0502132 0.0502132 2 2 2
52.1541 0.050321 0.050321 2 2 2
52.0541 0.0504292 0.0504292 2 2 2
51.9541 0.0505379 0.0505379 2 2 2
51.8541 0.050647 0.050647 2 2 2
51.7541 0.0507565 0.0507565 2 2 2
51.6541 0.0508665 0.0508665 2 2 2
51.5541 0.0509769 0.0509769 2 2 2
51.4541 0.0510878 0.0510878 2 2 2
51.3542 0.0511991 0.0511991 2 2 2
51.2542 0.0513109 0.0513109 2 2 2
51.1542 0.0514231 0.0514231 2 2 2
51.0542 0.0515358 0.0515358 2 2 2
50.9542 0.051649 0.051649 2 2 2
50.8542 0.0517626 0.0517626 2 2 2
50.7542 0.0518767 0.0518767 2 2 2
50.6542 0.0519912 0.0519912 2 2 2
50.5542 0.0521062 0.0521062 2 2 2
50.4542 0.0522217 0.0522217 2 2 2
50.3542 0.0523377 0.0523377 2 2 2
50.2542 0.0524542 0.0524542 2 2 2
50.1542 0.0525711 0.0525711 2 2 2
50.0542 0.0526885 0.0526885 2 2 2
49.9543 0.0528064 0.0528064 2 2 2
49.8543 0.0529248 0.0529248 2 2 2
49.7543 0.0530437 0.0530437 2 2 2
49.6543 0.0531631 0.0531631 2 2 2
49.5544 0.053283 0.053283 2 2 2
49.4544 0.0534033 0.0534033 2 2 2
49.3545 0.0535242 0.0535242 2 2 2
49.2546 0.0536455 0.0536455 2 2 2
49.1547 0.0537673 0.0537673 2 2 2
49.0549 0.0538896 0.0538896 2 2 2
48.9551 0.0540123 0.0540123 2 2 2
48.8554 0.0541353 0.0541353 2 2 2
48.7559 0.0542588 0.0542588 2 2 2
48.6567 0.0543824 0.0543824 2 2 2
48.5578 0.054506 0.054506 2 2 2
48.4596 0.0546294 0.0546294 2 2 2
48.3623 0.0547522 0.0547522 2 2 2
48.2661 0.054874 0.054874 2 2 2
48.171 0.0549949 0.0549949 2 2 2
48.0768 0.0551153 0.0551153 2 2 2
47.9823 0.0552364 0.0552364 2 2 2
47.8868 0.0553593 0.0553593 2 2 2
47.7901 0.0554843 0.0554843 2 2 2
47.6923 0.0556113 0.0556113 2 2 2
47.5937 0.0557399 0.0557399 2 2 2
47.4946 0.0558696 0.0558696 2 2 2
47.3952 0.0560003 0.0560003 2 2 2
47.2956 0.0561318 0.0561318 2 2 2
47.1959 0.0562641 0.0562641 2 2 2
47.0961 0.056397 0.056397 2 2 2
46.9962 0.0565306 0.0565306 2 2 2
46.8963 0.0566649 0.0566649 2 2 2
46.7964 0.0567998 0.0567998 2 2 2
46.6965 0.0569352 0.0569352 2 2 2
46.5965 0.0570713 0.0570713 2 2 2
46.4966 0.0572081 0.0572081 2 2 2
46.3966 0.0573454 0.0573454 2 2 2
46.2966 0.0574833 0.0574833 2 2 2
46.1966 0.0576219 0.0576219 2 2 2
46.0966 0.0577611 0.0577611 2 2 2
45.9967 0.0579009 0.0579009 2 2 2
45.8967 0.0580413 0.0580413 2 2 2
45.7967 0.0581824 0.0581824 2 2 2
45.6967 0.0583241 0.0583241 2 2 2
45.5967 0.0584664 0.0584664 2 2 2
45.4967 0.0586093 0.0586093 2 2 2
45.3967 0.058753 0.058753 2 2 2
45.2967 0.0588972 0.0588972 2 2 2
45.1967 0.0590421 0.0590421 2 2 2
45.0967 0.0591877 0.0591877 2 2 2
44.9967 0.0593339 0.0593339 2 2 2
44.8967 0.0594808 0.0594808 2 2 2
44.7967 0.0596283 0.0596283 2 2 2
44.6967 0.0597765 0.0597765 2 2 2
44.5967 0.0599254 0.0599254 2 2 2
44.4967 0.0600749 0.0600749 2 2 2
44.3967 0.0602252 0.0602252 2 2 2
44.2968 0.0603761 0.0603761 2 2 2
44.1968 0.0605277 0.0605277 2 2 2
44.0968 0.06068 0.06068 2 2 2
43.9968 0.0608331 0.0608331 2 2 2
43.8968 0.0609868 0.0609868 2 2 2
43.7968 0.0611412 0.0611412 2 2 2
43.6968 0.0612963 0.0612963 2 2 2
43.5968 0.0614522 0.0614522 2 2 2
43.4968 0.0616087 0.0616087 2 2 2
43.3968 0.061766 0.061766 2 2 2
43.2968 0.061924 0.061924 2 2 2
43.1968 0.0620828 0.0620828 2 2 2
43.0968 0.0622423 0.0622423 2 2 2
42.9968 0.0624025 0.0624025 2 2 2
42.8968 0.0625634 0.0625634 2 2 2
42.7968 0.0627252 0.0627252 2 2 2
42.6968 0.0628876 0.0628876 2 2 2
42.5968 0.0630509 0.0630509 2 2 2
42.4968 0.0632149 0.0632149 2 2 2
42.3968 0.0633797 0.0633797 2 2 2
42.2968 0.0635452 0.0635452 2 2 2
42.1968 0.0637115 0.0637115 2 2 2
42.0968 0.0638786 0.0638786 2 2 2
41.9968 0.0640464 0.0640464 2 2 2
41.8968 0.0642151 0.0642151 2 2 2
41.7968 0.0643846 0.0643846 2 2 2
41.6968 0.0645548 0.0645548 2 2 2
41.5968 0.064726 0.064726 2 2 2
41.4968 0.0648978 0.0648978 2 2 2
41.3968 0.0650705 0.0650705 2 2 2
41.2968 0.065244 0.065244 2 2 2
41.1968 0.0654183 0.0654183 2 2 2
41.0968 0.0655935 0.0655935 2 2 2
40.9968 0.0657696 0.0657696 2 2 2
40.8968 0.0659464 0.0659464 2 2 2
40.7968 0.0661241 0.0661241 2 2 2
40.6968 0.0663024 0.0663024 2 2 2
40.5968 0.0664818 0.0664818 2 2 2
40.4968 0.066662 0.066662 2 2 2
40.3968 0.0668433 0.0668433 2 2 2
40.2968 0.0670253 0.0670253 2 2 2
40.1968 0.0672082 0.0672082 2 2 2
40.0968 0.0673917 0.0673917 2 2 2
39.9968 0.0675763 0.0675763 2 2 2
39.8968 0.0677618 0.0677618 2 2 2
39.7968 0.0679484 0.0679484 2 2 2
39.6968 0.0681357 0.0681357 2 2 2
39.5968 0.0683239 0.0683239 2 2 2
39.4968 0.0685129 0.0685129 2 2 2
39.3969 0.0687029 0.0687029 2 2 2
39.2969 0.0688939 0.0688939 2 2 2
39.1969 0.0690857 0.0690857 2 2 2
39.0969 0.0692785 0.0692785 2 2 2
38.9969 0.0694722 0.0694722 2 2 2
38.8969 0.069667 0.069667 2 2 2
38.7969 0.0698626 0.0698626 2 2 2
38.6969 0.0700592 0.0700592 2 2 2
38.5969 0.0702569 0.0702569 2 2 2
38.4969 0.0704553 0.0704553 2 2 2
38.3969 0.0706548 0.0706548 2 2 2
38.2969 0.0708551 0.0708551 2 2 2
38.1969 0.0710565 0.0710565 2 2 2
38.0969 0.0712589 0.0712589 2 2 2
37.9969 0.0714623 0.0714623 2 2 2
37.8969 0.0716667 0.0716667 2 2 2
37.7969 0.0718721 0.0718721 2 2 2
37.6969 0.0720783 0.0720783 2 2 2
37.5969 0.0722856 0.0722856 2 2 2
37.5969 0.0722856 0.0722856 2 2 2
37.5769 0.0723272 0.0723272 2 2 2
37.5469 0.0723897 0.0723897 2 2 2
37.5019 0.0724838 0.0724838 2 2 2
37.4344 0.072625 0.072625 2 2 2
37.3344 0.072835 0.072835 2 2 2
37.2344 0.073046 0.073046 2 2 2
37.1344 0.0732581 0.0732581 2 2 2
37.0344 0.0734713 0.0734713 2 2 2
36.9344 0.0736855 0.0736855 2 2 2
36.8344 0.0739008 0.0739008 2 2 2
36.7344 0.0741171 0.0741171 2 2 2
36.6344 0.0743346 0.0743346 2 2 2
36.5344 0.074553 0.074553 2 2 2
36.4345 0.0747726 0.0747726 2 2 2
36.3345 0.0749933 0.0749933 2 2 2
36.2345 0.0752149 0.0752149 2 2 2
36.1345 0.0754377 0.0754377 2 2 2
36.0345 0.0756617 0.0756617 2 2 2
35.9345 0.0758866 0.0758866 2 2 2
35.8345 0.0761127 0.0761127 2 2 2
35.7345 0.07634 0.07634 2 2 2
35.6345 0.0765683 0.0765683 2 2 2
35.5345 0.0767977 0.0767977 2 2 2
35.4345 0.0770282 0.0770282 2 2 2
35.3345 0.0772599 0.0772599 2 2 2
35.2345 0.0774927 0.0774927 2 2 2
35.1345 0.0777265 0.0777265 2 2 2
35.0345 0.0779616 0.0779616 2 2 2
34.9345 0.0781979 0.0781979 2 2 2
34.8345 0.0784353 0.0784353 2 2 2
34.7345 0.0786739 0.0786739 2 2 2
34.6346 0.0789136 0.0789136 2 2 2
34.5346 0.0791546 0.0791546 2 2 2
34.4346 0.0793967 0.0793967 2 2 2
34.3346 0.0796399 0.0796399 2 2 2
34.2346 0.0798843 0.0798843 2 2 2
34.1346 0.0801299 0.0801299 2 2 2
34.0346 0.0803768 0.0803768 2 2 2
33.9346 0.0806245 0.0806245 2 2 2
33.8346 0.0808737 0.0808737 2 2 2
33.7346 0.0811241 0.0811241 2 2 2
33.6346 0.0813755 0.0813755 2 2 2
33.5346 0.0816283 0.0816283 2 2 2
33.4347 0.0818824 0.0818824 2 2 2
33.3347 0.082138 0.082138 2 2 2
33.2347 0.0823945 0.0823945 2 2 2
33.1347 0.0826523 0.0826523 2 2 2
33.0347 0.0829115 0.0829115 2 2 2
32.9347 0.0831718 0.0831718 2 2 2
32.8347 0.0834333 0.0834333 2 2 2
32.7347 0.0836957 0.0836957 2 2 2
32.6347 0.0839598 0.0839598 2 2 2
32.5347 0.0842251 0.0842251 2 2 2
32.4348 0.0844919 0.0844919 2 2 2
32.3348 0.0847598 0.0847598 2 2 2
32.2348 0.0850289 0.0850289 2 2 2
32.1348 0.0852992 0.0852992 2 2 2
32.0348 0.0855708 0.0855708 2 2 2
31.9348 0.0858438 0.0858438 2 2 2
31.8348 0.0861178 0.0861178 2 2 2
31.7349 0.0863934 0.0863934 2 2 2
31.6349 0.0866702 0.0866702 2 2 2
31.5349 0.0869486 0.0869486 2 2 2
31.4349 0.0872281 0.0872281 2 2 2
31.3349 0.0875088 0.0875088 2 2 2
31.2349 0.0877913 0.0877913 2 2 2
31.135 0.0880746 0.0880746 2 2 2
31.035 0.0883593 0.0883593 2 2 2
30.935 0.0886455 0.0886455 2 2 2
30.835 0.0889328 0.0889328 2 2 2
30.7351 0.0892214 0.0892214 2 2 2
30.6351 0.0895113 0.0895113 2 2 2
30.5351 0.0898026 0.0898026 2 2 2
30.4351 0.0900951 0.0900951 2 2 2
30.3351 0.0903893 0.0903893 2 2 2
30.2352 0.0906845 0.0906845 2 2 2
30.1352 0.0909811 0.0909811 2 2 2
30.0352 0.0912785 0.0912785 2 2 2
29.9352 0.0915777 0.0915777 2 2 2
29.8353 0.0918783 0.0918783 2 2 2
29.7353 0.0921804 0.0921804 2 2 2
29.6354 0.0924837 0.0924837 2 2 2
29.5354 0.0927883 0.0927883 2 2 2
29.4354 0.0930938 0.0930938 2 2 2
29.3355 0.093401 0.093401 2 2 2
29.2355 0.0937096 0.0937096 2 2 2
29.1356 0.0940192 0.0940192 2 2 2
29.0356 0.0943304 0.0943304 2 2 2
28.9357 0.0946429 0.0946429 2 2 2
28.8357 0.0949557 0.0949557 2 2 2
28.7358 0.095271 0.095271 2 2 2
28.6358 0.0955875 0.0955875 2 2 2
28.536 0.0959053 0.0959053 2 2 2
28.436 0.0962247 0.0962247 2 2 2
28.3361 0.0965454 0.0965454 2 2 2
28.2362 0.0968679 0.0968679 2 2 2
28.1362 0.0971913 0.0971913 2 2 2
28.0363 0.0975158 0.0975158 2 2 2
27.9364 0.0978413 0.0978413 2 2 2
27.8365 0.0981686 0.0981686 2 2 2
27.7366 0.098497 0.098497 2 2 2
27.6368 0.0988263 0.0988263 2 2 2
27.5369 0.0991573 0.0991573 2 2 2
27.4371 0.0994896 0.0994896 2 2 2
27.3373 0.0998247 0.0998247 2 2 2
27.2376 0.100159 0.100159 2 2 2
27.138 0.100495 0.100495 2 2 2
27.0381 0.100832 0.100832 2 2 2
26.9383 0.101171 0.101171 2 2 2
26.8387 0.10151 0.10151 2 2 2
26.7392 0.101853 0.101853 2 2 2
26.6395 0.102196 0.102196 2 2 2
26.5402 0.102539 0.102539 2 2 2
26.4901 0.102717 0.102717 2 2 2
26.4901 0.102717 0.102717 2 2 2
210.474 0.0102678 0.0102678 2 2 2
210.494 0.0102667 0.0102667 2 2 2
210.534 0.0102644 0.0102644 2 2 2
210.614 0.0102597 0.0102597 2 2 2
210.714 0.010254 0.010254 2 2 2
210.814 0.0102482 0.0102482 2 2 2
210.914 0.0102424 0.0102424 2 2 2
211.014 0.0102367 0.0102367 2 2 2
211.114 0.0102309 0.0102309 2 2 2
211.214 0.0102252 0.0102252 2 2 2
211.314 0.0102195 0.0102195 2 2 2
211.414 0.0102137 0.0102137 2 2 2
211.514 0.010208 0.010208 2 2 2
211.614 0.0102023 0.0102023 2 2 2
211.714 0.0101966 0.0101966 2 2 2
211.814 0.0101909 0.0101909 2 2 2
211.914 0.0101851 0.0101851 2 2 2
212.014 0.0101794 0.0101794 2 2 2
212.114 0.0101738 0.0101738 2 2 2
212.214 0.0101681 0.0101681 2 2 2
212.314 0.0101624 0.0101624 2 2 2
212.414 0.0101567 0.0101567 2 2 2
212.514 0.010151 0.010151 2 2 2
212.614 0.0101454 0.0101454 2 2 2
212.714 0.0101397 0.0101397 2 2 2
212.814 0.0101341 0.0101341 2 2 2
212.914 0.0101284 0.0101284 2 2 2
213.014 0.0101228 0.0101228 2 2 2
213.114 0.0101171 0.0101171 2 2 2
213.214 0.0101115 0.0101115 2 2 2
213.314 0.0101059 0.0101059 2 2 2
213.414 0.0101002 0.0101002 2 2 2
213.514 0.0100946 0.0100946 2 2 2
213.614 0.010089 0.010089 2 2 2
213.714 0.0100834 0.0100834 2 2 2
213.814 0.0100778 0.0100778 2 2 2
213.914 0.0100722 0.0100722 2 2 2
214.014 0.0100666 0.0100666 2 2 2
214.114 0.0100611 0.0100611 2 2 2
214.214 0.0100555 0.0100555 2 2 2
214.314 0.0100499 0.0100499 2 2 2
214.414 0.0100443 0.0100443 2 2 2
214.514 0.0100388 0.0100388 2 2 2
214.614 0.0100332 0.0100332 2 2 2
214.714 0.0100277 0.0100277 2 2 2
214.814 0.0100221 0.0100221 2 2 2
214.914 0.0100166 0.0100166 2 2 2
215.014 0.0100111 0.0100111 2 2 2
215.114 0.0100055 0.0100055 2 2 2
215.214 0.01 0.01 2 2 2
215.314 0.00999448 0.00999448 2 2 2
215.414 0.00998897 0.00998897 2 2 2
215.514 0.00998346 0.00998346 2 2 2
215.614 0.00997796 0.00997796 2 2 2
215.714 0.00997246 0.00997246 2 2 2
215.814 0.00996697 0.00996697 2 2 2
215.914 0.00996149 0.00996149 2 2 2
216.014 0.00995601 0.00995601 2 2 2
216.114 0.00995053 0.00995053 2 2 2
216.214 0.00994506 0.00994506 2 2 2
216.314 0.00993959 0.00993959 2 2 2
216.414 0.00993413 0.00993413 2 2 2
216.514 0.00992868 0.00992868 2 2 2
216.614 0.00992323 0.00992323 2 2 2
216.714 0.00991779 0.00991779 2 2 2
216.814 0.00991235 0.00991235 2 2 2
216.914 0.00990691 0.00990691 2 2 2
217.014 0.00990149 0.00990149 2 2 2
217.114 0.00989606 0.00989606 2 2 2
217.214 0.00989065 0.00989065 2 2 2
217.314 0.00988523 0.00988523 2 2 2
217.414 0.00987983 0.00987983 2 2 2
217.514 0.00987442 0.00987442 2 2 2
217.614 0.00986903 0.00986903 2 2 2
217.714 0.00986363 0.00986363 2 2 2
217.814 0.00985825 0.00985825 2 2 2
217.914 0.00985287 0.00985287 2 2 2
218.014 0.00984749 0.00984749 2 2 2
218.114 0.00984212 0.00984212 2 2 2
218.214 0.00983675 0.00983675 2 2 2
218.314 0.00983139 0.00983139 2 2 2
218.414 0.00982604 0.00982604 2 2 2
218.514 0.00982069 0.00982069 2 2 2
218.614 0.00981534 0.00981534 2 2 2
218.714 0.00981 0.00981 2 2 2
218.814 0.00980466 0.00980466 2 2 2
218.914 0.00979933 0.00979933 2 2 2
219.014 0.00979401 0.00979401 2 2 2
219.114 0.00978869 0.00978869 2 2 2
219.214 0.00978337 0.00978337 2 2 2
219.314 0.00977806 0.00977806 2 2 2
219.414 0.00977276 0.00977276 2 2 2
219.514 0.00976746 0.00976746 2 2 2
219.614 0.00976216 0.00976216 2 2 2
219.714 0.00975687 0.00975687 2 2 2
219.814 0.00975159 0.00975159 2 2 2
219.914 0.00974631 0.00974631 2 2 2
220.014 0.00974103 0.00974103 2 2 2
220.114 0.00973576 0.00973576 2 2 2
220.214 0.0097305 0.0097305 2 2 2
220.314 0.00972524 0.00972524 2 2 2
220.414 0.00971998 0.00971998 2 2 2
220.514 0.00971473 0.00971473 2 2 2
220.614 0.00970949 0.00970949 2 2 2
220.714 0.00970425 0.00970425 2 2 2
220.814 0.00969901 0.00969901 2 2 2
220.914 0.00969378 0.00969378 2 2 2
221.014 0.00968856 0.00968856 2 2 2
221.114 0.00968334 0.00968334 2 2 2
221.214 0.00967812 0.00967812 2 2 2
221.314 0.00967291 0.00967291 2 2 2
221.414 0.00966771 0.00966771 2 2 2
221.514 0.00966251 0.00966251 2 2 2
221.614 0.00965731 0.00965731 2 2 2
221.714 0.00965212 0.00965212 2 2 2
221.814 0.00964694 0.00964694 2 2 2
221.914 0.00964175 0.00964175 2 2 2
222.014 0.00963658 0.00963658 2 2 2
222.114 0.00963141 0.00963141 2 2 2
222.214 0.00962624 0.00962624 2 2 2
222.314 0.00962108 0.00962108 2 2 2
222.414 0.00961592 0.00961592 2 2 2
222.514 0.00961077 0.00961077 2 2 2
222.614 0.00960562 0.00960562 2 2 2
222.714 0.00960048 0.00960048 2 2 2
222.814 0.00959534 0.00959534 2 2 2
222.914 0.00959021 0.00959021 2 2 2
223.014 0.00958508 0.00958508 2 2 2
223.114 0.00957996 0.00957996 2 2 2
223.214 0.00957484 0.00957484 2 2 2
223.314 0.00956973 0.00956973 2 2 2
223.414 0.00956462 0.00956462 2 2 2
223.514 0.00955952 0.00955952 2 2 2
223.614 0.00955442 0.00955442 2 2 2
223.714 0.00954932 0.00954932 2 2 2
223.814 0.00954423 0.00954423 2 2 2
223.914 0.00953915 0.00953915 2 2 2
224.014 0.00953407 0.00953407 2 2 2
224.114 0.00952899 0.00952899 2 2 2
224.214 0.00952392 0.00952392 2 2 2
224.314 0.00951886 0.00951886 2 2 2
224.414 0.0095138 0.0095138 2 2 2
224.514 0.00950874 0.00950874 2 2 2
224.614 0.00950369 0.00950369 2 2 2
224.714 0.00949864 0.00949864 2 2 2
224.814 0.0094936 0.0094936 2 2 2
224.914 0.00948856 0.00948856 2 2 2
225.014 0.00948353 0.00948353 2 2 2
225.114 0.0094785 0.0094785 2 2 2
225.214 0.00947348 0.00947348 2 2 2
225.314 0.00946846 0.00946846 2 2 2
225.414 0.00946344 0.00946344 2 2 2
225.514 0.00945843 0.00945843 2 2 2
225.614 0.00945343 0.00945343 2 2 2
225.714 0.00944843 0.00944843 2 2 2
225.814 0.00944343 0.00944343 2 2 2
225.914 0.00943844 0.00943844 2 2 2
226.014 0.00943345 0.00943345 2 2 2
226.114 0.00942847 0.00942847 2 2 2
226.214 0.00942349 0.00942349 2 2 2
226.314 0.00941852 0.00941852 2 2 2
226.414 0.00941355 0.00941355 2 2 2
226.514 0.00940859 0.00940859 2 2 2
226.614 0.00940363 0.00940363 2 2 2
226.714 0.00939867 0.00939867 2 2 2
226.814 0.00939372 0.00939372 2 2 2
226.914 0.00938878 0.00938878 2 2 2
227.014 0.00938384 0.00938384 2 2 2
227.114 0.0093789 0.0093789 2 2 2
227.214 0.00937397 0.00937397 2 2 2
227.314 0.00936904 0.00936904 2 2 2
227.414 0.00936412 0.00936412 2 2 2
227.514 0.0093592 0.0093592 2 2 2
227.614 0.00935429 0.00935429 2 2 2
227.714 0.00934938 0.00934938 2 2 2
227.814 0.00934447 0.00934447 2 2 2
227.914 0.00933957 0.00933957 2 2 2
228.014 0.00933468 0.00933468 2 2 2
228.114 0.00932979 0.00932979 2 2 2
228.214 0.0093249 0.0093249 2 2 2
228.314 0.00932002 0.00932002 2 2 2
228.414 0.00931514 0.00931514 2 2 2
228.514 0.00931027 0.00931027 2 2 2
228.614 0.0093054 0.0093054 2 2 2
228.714 0.00930053 0.00930053 2 2 2
228.814 0.00929567 0.00929567 2 2 2
228.914 0.00929082 0.00929082 2 2 2
229.014 0.00928597 0.00928597 2 2 2
229.114 0.00928112 0.00928112 2 2 2
229.214 0.00927628 0.00927628 2 2 2
229.314 0.00927144 0.00927144 2 2 2
229.414 0.00926661 0.00926661 2 2 2
229.514 0.00926178 0.00926178 2 2 2
229.614 0.00925695 0.00925695 2 2 2
229.714 0.00925213 0.00925213 2 2 2
229.814 0.00924732 0.00924732 2 2 2
229.914 0.0092425 0.0092425 2 2 2
230.014 0.0092377 0.0092377 2 2 2
230.114 0.00923289 0.00923289 2 2 2
230.214 0.0092281 0.0092281 2 2 2
230.214 0.0092281 0.0092281 2 2 2
230.234 0.00922714 0.00922714 2 2 2
230.274 0.00922522 0.00922522 2 2 2
230.354 0.00922138 0.00922138 2 2 2
230.454 0.0092166 0.0092166 2 2 2
230.554 0.00921181 0.00921181 2 2 2
230.654 0.00920703 0.00920703 2 2 2
230.754 0.00920226 0.00920226 2 2 2
230.854 0.00919749 0.00919749 2 2 2
230.954 0.00919272 0.00919272 2 2 2
231.054 0.00918796 0.00918796 2 2 2
231.154 0.0091832 0.0091832 2 2 2
231.254 0.00917845 0.00917845 2 2 2
231.354 0.0091737 0.0091737 2 2 2
231.454 0.00916895 0.00916895 2 2 2
231.554 0.00916421 0.00916421 2 2 2
231.654 0.00915948 0.00915948 2 2 2
231.754 0.00915474 0.00915474 2 2 2
231.854 0.00915002 0.00915002 2 2 2
231.954 0.00914529 0.00914529 2 2 2
232.054 0.00914057 0.00914057 2 2 2
232.154 0.00913586 0.00913586 2 2 2
232.254 0.00913115 0.00913115 2 2 2
232.354 0.00912644 0.00912644 2 2 2
232.454 0.00912174 0.00912174 2 2 2
232.554 0.00911704 0.00911704 2 2 2
232.654 0.00911235 0.00911235 2 2 2
232.754 0.00910766 0.00910766 2 2 2
232.854 0.00910297 0.00910297 2 2 2
232.954 0.00909829 0.00909829 2 2 2
233.054 0.00909361 0.00909361 2 2 2
233.154 0.00908894 0.00908894 2 2 2
233.254 0.00908427 0.00908427 2 2 2
233.354 0.0090796 0.0090796 2 2 2
233.454 0.00907494 0.00907494 2 2 2
233.554 0.00907029 0.00907029 2 2 2
233.654 0.00906564 0.00906564 2 2 2
233.754 0.00906099 0.00906099 2 2 2
233.854 0.00905634 0.00905634 2 2 2
233.954 0.0090517 0.0090517 2 2 2
234.054 0.00904707 0.00904707 2 2 2
234.154 0.00904244 0.00904244 2 2 2
234.254 0.00903781 0.00903781 2 2 2
234.354 0.00903319 0.00903319 2 2 2
234.454 0.00902857 0.00902857 2 2 2
234.554 0.00902395 0.00902395 2 2 2
234.654 0.00901934 0.00901934 2 2 2
234.754 0.00901474 0.00901474 2 2 2
234.854 0.00901013 0.00901013 2 2 2
234.954 0.00900553 0.00900553 2 2 2
235.054 0.00900094 0.00900094 2 2 2
235.154 0.00899635 0.00899635 2 2 2
235.254 0.00899176 0.00899176 2 2 2
235.354 0.00898718 0.00898718 2 2 2
235.454 0.0089826 0.0089826 2 2 2
235.554 0.00897803 0.00897803 2 2 2
235.654 0.00897346 0.00897346 2 2 2
235.754 0.00896889 0.00896889 2 2 2
235.854 0.00896433 0.00896433 2 2 2
235.954 0.00895977 0.00895977 2 2 2
236.054 0.00895522 0.00895522 2 2 2
236.154 0.00895067 0.00895067 2 2 2
236.254 0.00894612 0.00894612 2 2 2
236.354 0.00894158 0.00894158 2 2 2
236.454 0.00893704 0.00893704 2 2 2
236.554 0.00893251 0.00893251 2 2 2
236.654 0.00892798 0.00892798 2 2 2
236.754 0.00892345 0.00892345 2 2 2
236.854 0.00891893 0.00891893 2 2 2
236.954 0.00891441 0.00891441 2 2 2
237.054 0.0089099 0.0089099 2 2 2
237.154 0.00890539 0.00890539 2 2 2
237.254 0.00890088 0.00890088 2 2 2
237.354 0.00889638 0.00889638 2 2 2
237.454 0.00889189 0.00889189 2 2 2
237.554 0.00888739 0.00888739 2 2 2
237.654 0.0088829 0.0088829 2 2 2
237.754 0.00887841 0.00887841 2 2 2
237.854 0.00887393 0.00887393 2 2 2
237.954 0.00886945 0.00886945 2 2 2
238.054 0.00886498 0.00886498 2 2 2
238.154 0.00886051 0.00886051 2 2 2
238.254 0.00885604 0.00885604 2 2 2
238.354 0.00885158 0.00885158 2 2 2
238.454 0.00884712 0.00884712 2 2 2
238.554 0.00884267 0.00884267 2 2 2
238.654 0.00883822 0.00883822 2 2 2
238.754 0.00883377 0.00883377 2 2 2
238.854 0.00882933 0.00882933 2 2 2
238.954 0.00882489 0.00882489 2 2 2
239.054 0.00882045 0.00882045 2 2 2
239.154 0.00881602 0.00881602 2 2 2
239.254 0.00881159 0.00881159 2 2 2
239.354 0.00880717 0.00880717 2 2 2
239.454 0.00880275 0.00880275 2 2 2
239.554 0.00879833 0.00879833 2 2 2
239.654 0.00879392 0.00879392 2 2 2
239.754 0.00878951 0.00878951 2 2 2
239.854 0.00878511 0.00878511 2 2 2
239.954 0.00878071 0.00878071 2 2 2
240.054 0.00877631 0.00877631 2 2 2
240.154 0.00877192 0.00877192 2 2 2
240.254 0.00876753 0.00876753 2 2 2
240.354 0.00876314 0.00876314 2 2 2
240.454 0.00875876 0.00875876 2 2 2
240.554 0.00875438 0.00875438 2 2 2
240.654 0.00875001 0.00875001 2 2 2
240.754 0.00874564 0.00874564 2 2 2
240.854 0.00874127 0.00874127 2 2 2
240.954 0.00873691 0.00873691 2 2 2
241.054 0.00873255 0.00873255 2 2 2
241.154 0.0087282 0.0087282 2 2 2
241.254 0.00872385 0.00872385 2 2 2
241.354 0.0087195 0.0087195 2 2 2
241.454 0.00871516 0.00871516 2 2 2
241.554 0.00871082 0.00871082 2 2 2
241.654 0.00870648 0.00870648 2 2 2
241.754 0.00870215 0.00870215 2 2 2
241.854 0.00869782 0.00869782 2 2 2
241.954 0.00869349 0.00869349 2 2 2
242.054 0.00868917 0.00868917 2 2 2
242.154 0.00868485 0.00868485 2 2 2
242.254 0.00868054 0.00868054 2 2 2
242.354 0.00867623 0.00867623 2 2 2
242.454 0.00867192 0.00867192 2 2 2
242.554 0.00866762 0.00866762 2 2 2
242.654 0.00866332 0.00866332 2 2 2
242.754 0.00865903 0.00865903 2 2 2
242.854 0.00865474 0.00865474 2 2 2
242.954 0.00865045 0.00865045 2 2 2
243.054 0.00864616 0.00864616 2 2 2
243.154 0.00864188 0.00864188 2 2 2
243.254 0.00863761 0.00863761 2 2 2
243.354 0.00863333 0.00863333 2 2 2
243.454 0.00862906 0.00862906 2 2 2
243.554 0.0086248 0.0086248 2 2 2
243.654 0.00862054 0.00862054 2 2 2
243.754 0.00861628 0.00861628 2 2 2
243.854 0.00861202 0.00861202 2 2 2
243.954 0.00860777 0.00860777 2 2 2
244.054 0.00860352 0.00860352 2 2 2
244.154 0.00859928 0.00859928 2 2 2
244.254 0.00859504 0.00859504 2 2 2
244.354 0.0085908 0.0085908 2 2 2
244.454 0.00858657 0.00858657 2 2 2
244.554 0.00858234 0.00858234 2 2 2
244.654 0.00857812 0.00857812 2 2 2
244.754 0.00857389 0.00857389 2 2 2
244.854 0.00856967 0.00856967 2 2 2
244.954 0.00856546 0.00856546 2 2 2
245.054 0.00856125 0.00856125 2 2 2
245.154 0.00855704 0.00855704 2 2 2
245.254 0.00855284 0.00855284 2 2 2
245.354 0.00854864 0.00854864 2 2 2
245.454 0.00854444 0.00854444 2 2 2
245.554 0.00854024 0.00854024 2 2 2
245.654 0.00853605 0.00853605 2 2 2
245.754 0.00853187 0.00853187 2 2 2
245.854 0.00852769 0.00852769 2 2 2
245.954 0.00852351 0.00852351 2 2 2
246.054 0.00851933 0.00851933 2 2 2
246.154 0.00851516 0.00851516 2 2 2
246.254 0.00851099 0.00851099 2 2 2
246.354 0.00850682 0.00850682 2 2 2
246.454 0.00850266 0.00850266 2 2 2
246.554 0.0084985 0.0084985 2 2 2
246.654 0.00849435 0.00849435 2 2 2
246.754 0.0084902 0.0084902 2 2 2
246.854 0.00848605 0.00848605 2 2 2
246.954 0.00848191 0.00848191 2 2 2
247.054 0.00847777 0.00847777 2 2 2
247.154 0.00847363 0.00847363 2 2 2
247.254 0.0084695 0.0084695 2 2 2
247.354 0.00846537 0.00846537 2 2 2
247.454 0.00846124 0.00846124 2 2 2
247.554 0.00845712 0.00845712 2 2 2
247.654 0.008453 0.008453 2 2 2
247.754 0.00844888 0.00844888 2 2 2
247.854 0.00844477 0.00844477 2 2 2
247.954 0.00844066 0.00844066 2 2 2
248.054 0.00843656 0.00843656 2 2 2
248.154 0.00843245 0.00843245 2 2 2
248.254 0.00842835 0.00842835 2 2 2
248.354 0.00842426 0.00842426 2 2 2
248.454 0.00842017 0.00842017 2 2 2
248.554 0.00841608 0.00841608 2 2 2
248.654 0.00841199 0.00841199 2 2 2
248.754 0.00840791 0.00840791 2 2 2
248.854 0.00840383 0.00840383 2 2 2
248.954 0.00839976 0.00839976 2 2 2
249.054 0.00839569 0.00839569 2 2 2
249.154 0.00839162 0.00839162 2 2 2
249.254 0.00838756 0.00838756 2 2 2
249.354 0.00838349 0.00838349 2 2 2
249.454 0.00837944 0.00837944 2 2 2
249.554 0.00837538 0.00837538 2 2 2
249.654 0.00837133 0.00837133 2 2 2
249.754 0.00836728 0.00836728 2 2 2
249.854 0.00836324 0.00836324 2 2 2
249.954 0.0083592 0.0083592 2 2 2
249.954 0.0083592 0.0083592 2 2 2
249.974 0.00835839 0.00835839 2 2 2
250.014 0.00835678 0.00835678 2 2 2
250.094 0.00835355 0.00835355 2 2 2
250.194 0.00834952 0.00834952 2 2 2
250.294 0.00834549 0.00834549 2 2 2
250.394 0.00834146 0.00834146 2 2 2
250.494 0.00833744 0.00833744 2 2 2
250.594 0.00833342 0.00833342 2 2 2
250.694 0.0083294 0.0083294 2 2 2
250.794 0.00832539 0.00832539 2 2 2
250.894 0.00832138 0.00832138 2 2 2
250.994 0.00831738 0.00831738 2 2 2
251.094 0.00831337 0.00831337 2 2 2
251.194 0.00830937 0.00830937 2 2 2
251.294 0.00830538 0.00830538 2 2 2
251.394 0.00830139 0.00830139 2 2 2
251.494 0.0082974 0.0082974 2 2 2
251.594 0.00829341 0.00829341 2 2 2
251.694 0.00828943 0.00828943 2 2 2
251.794 0.00828545 0.00828545 2 2 2
251.894 0.00828147 0.00828147 2 2 2
251.994 0.0082775 0.0082775 2 2 2
252.094 0.00827353 0.00827353 2 2 2
252.194 0.00826956 0.00826956 2 2 2
252.294 0.0082656 0.0082656 2 2 2
252.394 0.00826164 0.00826164 2 2 2
252.494 0.00825769 0.00825769 2 2 2
252.594 0.00825373 0.00825373 2 2 2
252.694 0.00824978 0.00824978 2 2 2
252.794 0.00824584 0.00824584 2 2 2
252.894 0.00824189 0.00824189 2 2 2
252.994 0.00823795 0.00823795 2 2 2
253.094 0.00823402 0.00823402 2 2 2
253.194 0.00823008 0.00823008 2 2 2
253.294 0.00822615 0.00822615 2 2 2
253.394 0.00822223 0.00822223 2 2 2
253.494 0.0082183 0.0082183 2 2 2
253.594 0.00821438 0.00821438 2 2 2
253.694 0.00821047 0.00821047 2 2 2
253.794 0.00820655 0.00820655 2 2 2
253.894 0.00820264 0.00820264 2 2 2
253.994 0.00819873 0.00819873 2 2 2
254.094 0.00819483 0.00819483 2 2 2
254.194 0.00819093 0.00819093 2 2 2
254.294 0.00818703 0.00818703 2 2 2
254.394 0.00818314 0.00818314 2 2 2
254.494 0.00817924 0.00817924 2 2 2
254.594 0.00817536 0.00817536 2 2 2
254.694 0.00817147 0.00817147 2 2 2
254.794 0.00816759 0.00816759 2 2 2
254.894 0.00816371 0.00816371 2 2 2
254.994 0.00815983 0.00815983 2 2 2
255.094 0.00815596 0.00815596 2 2 2
255.194 0.00815209 0.00815209 2 2 2
255.294 0.00814823 0.00814823 2 2 2
255.394 0.00814436 0.00814436 2 2 2
255.494 0.0081405 0.0081405 2 2 2
255.594 0.00813665 0.00813665 2 2 2
255.694 0.00813279 0.00813279 2 2 2
255.794 0.00812894 0.00812894 2 2 2
255.894 0.0081251 0.0081251 2 2 2
255.994 0.00812125 0.00812125 2 2 2
256.094 0.00811741 0.00811741 2 2 2
256.194 0.00811357 0.00811357 2 2 2
256.294 0.00810974 0.00810974 2 2 2
256.394 0.00810591 0.00810591 2 2 2
256.494 0.00810208 0.00810208 2 2 2
256.594 0.00809826 0.00809826 2 2 2
256.694 0.00809443 0.00809443 2 2 2
256.794 0.00809061 0.00809061 2 2 2
256.894 0.0080868 0.0080868 2 2 2
256.994 0.00808299 0.00808299 2 2 2
257.094 0.00807918 0.00807918 2 2 2
257.194 0.00807537 0.00807537 2 2 2
257.294 0.00807157 0.00807157 2 2 2
257.394 0.00806777 0.00806777 2 2 2
257.494 0.00806397 0.00806397 2 2 2
257.594 0.00806017 0.00806017 2 2 2
257.694 0.00805638 0.00805638 2 2 2
257.794 0.00805259 0.00805259 2 2 2
257.894 0.00804881 0.00804881 2 2 2
257.994 0.00804503 0.00804503 2 2 2
258.094 0.00804125 0.00804125 2 2 2
258.194 0.00803748 0.00803748 2 2 2
258.294 0.0080337 0.0080337 2 2 2
258.394 0.00802993 0.00802993 2 2 2
258.494 0.00802616 0.00802616 2 2 2
258.594 0.0080224 0.0080224 2 2 2
258.694 0.00801864 0.00801864 2 2 2
258.794 0.00801488 0.00801488 2 2 2
258.894 0.00801113 0.00801113 2 2 2
258.994 0.00800738 0.00800738 2 2 2
259.094 0.00800363 0.00800363 2 2 2
259.194 0.00799988 0.00799988 2 2 2
259.294 0.00799614 0.00799614 2 2 2
259.394 0.0079924 0.0079924 2 2 2
259.494 0.00798866 0.00798866 2 2 2
259.594 0.00798493 0.00798493 2 2 2
259.694 0.0079812 0.0079812 2 2 2
259.794 0.00797747 0.00797747 2 2 2
259.894 0.00797375 0.00797375 2 2 2
259.994 0.00797003 0.00797003 2 2 2
260.094 0.00796631 0.00796631 2 2 2
260.194 0.00796259 0.00796259 2 2 2
260.294 0.00795888 0.00795888 2 2 2
260.394 0.00795517 0.00795517 2 2 2
260.494 0.00795147 0.00795147 2 2 2
260.594 0.00794776 0.00794776 2 2 2
260.694 0.00794406 0.00794406 2 2 2
260.794 0.00794036 0.00794036 2 2 2
260.894 0.00793667 0.00793667 2 2 2
260.994 0.00793298 0.00793298 2 2 2
261.094 0.00792929 0.00792929 2 2 2
261.194 0.0079256 0.0079256 2 2 2
261.294 0.00792192 0.00792192 2 2 2
261.394 0.00791824 0.00791824 2 2 2
261.494 0.00791456 0.00791456 2 2 2
261.594 0.00791089 0.00791089 2 2 2
261.694 0.00790722 0.00790722 2 2 2
261.794 0.00790355 0.00790355 2 2 2
261.894 0.00789989 0.00789989 2 2 2
261.994 0.00789622 0.00789622 2 2 2
262.094 0.00789257 0.00789257 2 2 2
262.194 0.00788891 0.00788891 2 2 2
262.294 0.00788526 0.00788526 2 2 2
262.394 0.00788161 0.00788161 2 2 2
262.494 0.00787796 0.00787796 2 2 2
262.594 0.00787431 0.00787431 2 2 2
262.694 0.00787067 0.00787067 2 2 2
262.794 0.00786703 0.00786703 2 2 2
262.894 0.0078634 0.0078634 2 2 2
262.994 0.00785976 0.00785976 2 2 2
263.094 0.00785613 0.00785613 2 2 2
263.194 0.0078525 0.0078525 2 2 2
263.294 0.00784888 0.00784888 2 2 2
263.394 0.00784526 0.00784526 2 2 2
263.494 0.00784164 0.00784164 2 2 2
263.594 0.00783802 0.00783802 2 2 2
263.694 0.00783441 0.00783441 2 2 2
263.794 0.0078308 0.0078308 2 2 2
263.894 0.00782719 0.00782719 2 2 2
263.994 0.00782359 0.00782359 2 2 2
264.094 0.00781999 0.00781999 2 2 2
264.194 0.00781639 0.00781639 2 2 2
264.294 0.00781279 0.00781279 2 2 2
264.394 0.0078092 0.0078092 2 2 2
264.494 0.00780561 0.00780561 2 2 2
264.594 0.00780202 0.00780202 2 2 2
264.694 0.00779844 0.00779844 2 2 2
264.794 0.00779486 0.00779486 2 2 2
264.894 0.00779128 0.00779128 2 2 2
264.994 0.0077877 0.0077877 2 2 2
265.094 0.00778413 0.00778413 2 2 2
265.194 0.00778056 0.00778056 2 2 2
265.294 0.00777699 0.00777699 2 2 2
265.394 0.00777343 0.00777343 2 2 2
265.494 0.00776986 0.00776986 2 2 2
265.594 0.0077663 0.0077663 2 2 2
265.694 0.00776275 0.00776275 2 2 2
265.794 0.00775919 0.00775919 2 2 2
265.894 0.00775564 0.00775564 2 2 2
265.994 0.0077521 0.0077521 2 2 2
266.094 0.00774855 0.00774855 2 2 2
266.194 0.00774501 0.00774501 2 2 2
266.294 0.00774147 0.00774147 2 2 2
266.394 0.00773793 0.00773793 2 2 2
266.494 0.0077344 0.0077344 2 2 2
266.594 0.00773087 0.00773087 2 2 2
266.694 0.00772734 0.00772734 2 2 2
266.794 0.00772381 0.00772381 2 2 2
266.894 0.00772029 0.00772029 2 2 2
266.994 0.00771677 0.00771677 2 2 2
267.094 0.00771325 0.00771325 2 2 2
267.194 0.00770974 0.00770974 2 2 2
267.294 0.00770623 0.00770623 2 2 2
267.394 0.00770272 0.00770272 2 2 2
267.494 0.00769921 0.00769921 2 2 2
267.594 0.00769571 0.00769571 2 2 2
267.694 0.0076922 0.0076922 2 2 2
267.794 0.00768871 0.00768871 2 2 2
267.894 0.00768521 0.00768521 2 2 2
267.994 0.00768172 0.00768172 2 2 2
268.094 0.00767823 0.00767823 2 2 2
268.194 0.00767474 0.00767474 2 2 2
268.294 0.00767126 0.00767126 2 2 2
268.394 0.00766777 0.00766777 2 2 2
268.494 0.00766429 0.00766429 2 2 2
268.594 0.00766082 0.00766082 2 2 2
268.694 0.00765735 0.00765735 2 2 2
268.794 0.00765387 0.00765387 2 2 2
268.894 0.00765041 0.00765041 2 2 2
268.994 0.00764694 0.00764694 2 2 2
269.094 0.00764348 0.00764348 2 2 2
269.194 0.00764002 0.00764002 2 2 2
269.294 0.00763656 0.00763656 2 2 2
269.394 0.0076331 0.0076331 2 2 2
269.494 0.00762965 0.00762965 2 2 2
269.594 0.0076262 0.0076262 2 2 2
269.694 0.00762276 0.00762276 2 2 2
269.694 0.00762276 0.00762276 2 2 2
269.714 0.00762207 0.00762207 2 2 2
269.754 0.00762069 0.00762069 2 2 2
269.834 0.00761793 0.00761793 2 2 2
269.934 0.00761449 0.00761449 2 2 2
270.034 0.00761106 0.00761106 2 2 2
270.134 0.00760762 0.00760762 2 2 2
270.234 0.00760419 0.00760419 2 2 2
270.334 0.00760076 0.00760076 2 2 2
270.434 0.00759733 0.00759733 2 2 2
270.534 0.00759391 0.00759391 2 2 2
270.634 0.00759048 0.00759048 2 2 2
270.734 0.00758706 0.00758706 2 2 2
270.834 0.00758365 0.00758365 2 2 2
270.934 0.00758023 0.00758023 2 2 2
271.034 0.00757682 0.00757682 2 2 2
271.134 0.00757341 0.00757341 2 2 2
271.234 0.00757001 0.00757001 2 2 2
271.334 0.0075666 0.0075666 2 2 2
271.434 0.0075632 0.0075632 2 2 2
271.534 0.00755981 0.00755981 2 2 2
271.634 0.00755641 0.00755641 2 2 2
271.734 0.00755302 0.00755302 2 2 2
271.834 0.00754963 0.00754963 2 2 2
271.934 0.00754624 0.00754624 2 2 2
272.034 0.00754285 0.00754285 2 2 2
272.134 0.00753947 0.00753947 2 2 2
272.234 0.00753609 0.00753609 2 2 2
272.334 0.00753271 0.00753271 2 2 2
272.434 0.00752934 0.00752934 2 2 2
272.534 0.00752597 0.00752597 2 2 2
272.634 0.0075226 0.0075226 2 2 2
272.734 0.00751923 0.00751923 2 2 2
272.834 0.00751587 0.00751587 2 2 2
272.934 0.0075125 0.0075125 2 2 2
273.034 0.00750914 0.00750914 2 2 2
273.134 0.00750579 0.00750579 2 2 2
273.234 0.00750243 0.00750243 2 2 2
273.334 0.00749908 0.00749908 2 2 2
273.434 0.00749573 0.00749573 2 2 2
273.534 0.00749239 0.00749239 2 2 2
273.634 0.00748904 0.00748904 2 2 2
273.734 0.0074857 0.0074857 2 2 2
273.834 0.00748236 0.00748236 2 2 2
273.934 0.00747903 0.00747903 2 2 2
274.034 0.00747569 0.00747569 2 2 2
274.134 0.00747236 0.00747236 2 2 2
274.234 0.00746903 0.00746903 2 2 2
274.334 0.00746571 0.00746571 2 2 2
274.434 0.00746238 0.00746238 2 2 2
274.534 0.00745906 0.00745906 2 2 2
274.634 0.00745574 0.00745574 2 2 2
274.734 0.00745243 0.00745243 2 2 2
274.834 0.00744911 0.00744911 2 2 2
274.934 0.0074458 0.0074458 2 2 2
275.034 0.0074425 0.0074425 2 2 2
275.134 0.00743919 0.00743919 2 2 2
275.234 0.00743589 0.00743589 2 2 2
275.334 0.00743259 0.00743259 2 2 2
275.434 0.00742929 0.00742929 2 2 2
275.534 0.00742599 0.00742599 2 2 2
275.634 0.0074227 0.0074227 2 2 2
275.734 0.00741941 0.00741941 2 2 2
275.834 0.00741612 0.00741612 2 2 2
275.934 0.00741283 0.00741283 2 2 2
276.034 0.00740955 0.00740955 2 2 2
276.134 0.00740627 0.00740627 2 2 2
276.234 0.00740299 0.00740299 2 2 2
276.334 0.00739971 0.00739971 2 2 2
276.434 0.00739644 0.00739644 2 2 2
276.534 0.00739317 0.00739317 2 2 2
276.634 0.0073899 0.0073899 2 2 2
276.734 0.00738664 0.00738664 2 2 2
276.834 0.00738337 0.00738337 2 2 2
276.934 0.00738011 0.00738011 2 2 2
277.034 0.00737685 0.00737685 2 2 2
277.134 0.0073736 0.0073736 2 2 2
277.234 0.00737034 0.00737034 2 2 2
277.334 0.00736709 0.00736709 2 2 2
277.434 0.00736384 0.00736384 2 2 2
277.534 0.0073606 0.0073606 2 2 2
277.634 0.00735735 0.00735735 2 2 2
277.734 0.00735411 0.00735411 2 2 2
277.834 0.00735087 0.00735087 2 2 2
277.934 0.00734764 0.00734764 2 2 2
278.034 0.0073444 0.0073444 2 2 2
278.134 0.00734117 0.00734117 2 2 2
278.234 0.00733794 0.00733794 2 2 2
278.334 0.00733471 0.00733471 2 2 2
278.434 0.00733149 0.00733149 2 2 2
278.534 0.00732827 0.00732827 2 2 2
278.634 0.00732505 0.00732505 2 2 2
278.734 0.00732183 0.00732183 2 2 2
278.834 0.00731862 0.00731862 2 2 2
278.934 0.0073154 0.0073154 2 2 2
279.034 0.00731219 0.00731219 2 2 2
279.134 0.00730899 0.00730899 2 2 2
279.234 0.00730578 0.00730578 2 2 2
279.334 0.00730258 0.00730258 2 2 2
279.434 0.00729938 0.00729938 2 2 2
279.534 0.00729618 0.00729618 2 2 2
279.634 0.00729298 0.00729298 2 2 2
279.734 0.00728979 0.00728979 2 2 2
279.834 0.0072866 0.0072866 2 2 2
279.934 0.00728341 0.00728341 2 2 2
280.034 0.00728023 0.00728023 2 2 2
280.134 0.00727704 0.00727704 2 2 2
280.234 0.00727386 0.00727386 2 2 2
280.334 0.00727068 0.00727068 2 2 2
280.434 0.00726751 0.00726751 2 2 2
280.534 0.00726433 0.00726433 2 2 2
280.634 0.00726116 0.00726116 2 2 2
280.734 0.00725799 0.00725799 2 2 2
280.834 0.00725482 0.00725482 2 2 2
280.934 0.00725166 0.00725166 2 2 2
281.034 0.0072485 0.0072485 2 2 2
281.134 0.00724534 0.00724534 2 2 2
281.234 0.00724218 0.00724218 2 2 2
281.334 0.00723902 0.00723902 2 2 2
281.434 0.00723587 0.00723587 2 2 2
281.534 0.00723272 0.00723272 2 2 2
281.634 0.00722957 0.00722957 2 2 2
281.734 0.00722643 0.00722643 2 2 2
281.834 0.00722328 0.00722328 2 2 2
281.934 0.00722014 0.00722014 2 2 2
282.034 0.007217 0.007217 2 2 2
282.134 0.00721387 0.00721387 2 2 2
282.234 0.00721073 0.00721073 2 2 2
282.334 0.0072076 0.0072076 2 2 2
282.434 0.00720447 0.00720447 2 2 2
282.534 0.00720134 0.00720134 2 2 2
282.634 0.00719822 0.00719822 2 2 2
282.734 0.0071951 0.0071951 2 2 2
282.834 0.00719198 0.00719198 2 2 2
282.934 0.00718886 0.00718886 2 2 2
283.034 0.00718574 0.00718574 2 2 2
283.134 0.00718263 0.00718263 2 2 2
283.234 0.00717952 0.00717952 2 2 2
283.334 0.00717641 0.00717641 2 2 2
283.434 0.0071733 0.0071733 2 2 2
283.534 0.0071702 0.0071702 2 2 2
283.634 0.0071671 0.0071671 2 2 2
283.734 0.007164 0.007164 2 2 2
283.834 0.0071609 0.0071609 2 2 2
283.934 0.0071578 0.0071578 2 2 2
284.034 0.00715471 0.00715471 2 2 2
284.134 0.00715162 0.00715162 2 2 2
284.234 0.00714853 0.00714853 2 2 2
284.334 0.00714545 0.00714545 2 2 2
284.434 0.00714236 0.00714236 2 2 2
284.534 0.00713928 0.00713928 2 2 2
284.634 0.0071362 0.0071362 2 2 2
284.734 0.00713313 0.00713313 2 2 2
284.834 0.00713005 0.00713005 2 2 2
284.934 0.00712698 0.00712698 2 2 2
285.034 0.00712391 0.00712391 2 2 2
285.134 0.00712084 0.00712084 2 2 2
285.234 0.00711778 0.00711778 2 2 2
285.334 0.00711471 0.00711471 2 2 2
285.434 0.00711165 0.00711165 2 2 2
285.534 0.00710859 0.00710859 2 2 2
285.634 0.00710554 0.00710554 2 2 2
285.734 0.00710248 0.00710248 2 2 2
285.834 0.00709943 0.00709943 2 2 2
285.934 0.00709638 0.00709638 2 2 2
286.034 0.00709333 0.00709333 2 2 2
286.134 0.00709029 0.00709029 2 2 2
286.234 0.00708724 0.00708724 2 2 2
286.334 0.0070842 0.0070842 2 2 2
286.434 0.00708116 0.00708116 2 2 2
286.534 0.00707813 0.00707813 2 2 2
286.634 0.00707509 0.00707509 2 2 2
286.734 0.00707206 0.00707206 2 2 2
286.834 0.00706903 0.00706903 2 2 2
286.934 0.007066 0.007066 2 2 2
287.034 0.00706298 0.00706298 2 2 2
287.134 0.00705995 0.00705995 2 2 2
287.234 0.00705693 0.00705693 2 2 2
287.334 0.00705391 0.00705391 2 2 2
287.434 0.0070509 0.0070509 2 2 2
287.534 0.00704788 0.00704788 2 2 2
287.634 0.00704487 0.00704487 2 2 2
287.734 0.00704186 0.00704186 2 2 2
287.834 0.00703885 0.00703885 2 2 2
287.934 0.00703585 0.00703585 2 2 2
288.034 0.00703284 0.00703284 2 2 2
288.134 0.00702984 0.00702984 2 2 2
288.234 0.00702684 0.00702684 2 2 2
288.334 0.00702385 0.00702385 2 2 2
288.434 0.00702085 0.00702085 2 2 2
288.534 0.00701786 0.00701786 2 2 2
288.634 0.00701487 0.00701487 2 2 2
288.734 0.00701188 0.00701188 2 2 2
288.834 0.00700889 0.00700889 2 2 2
288.934 0.00700591 0.00700591 2 2 2
289.034 0.00700293 0.00700293 2 2 2
289.134 0.00699995 0.00699995 2 2 2
289.234 0.00699697 0.00699697 2 2 2
289.334 0.00699399 0.00699399 2 2 2
289.434 0.00699102 0.00699102 2 2 2
289.434 0.00699102 0.00699102 2 2 2
289.454 0.00699043 0.00699043 2 2 2
289.494 0.00698924 0.00698924 2 2 2
289.574 0.00698686 0.00698686 2 2 2
289.674 0.00698389 0.00698389 2 2 2
289.774 0.00698093 0.00698093 2 2 2
289.874 0.00697796 0.00697796 2 2 2
289.974 0.006975 0.006975 2 2 2
290.074 0.00697204 0.00697204 2 2 2
290.174 0.00696909 0.00696909 2 2 2
290.274 0.00696613 0.00696613 2 2 2
290.374 0.00696318 0.00696318 2 2 2
290.474 0.00696023 0.00696023 2 2 2
290.574 0.00695728 0.00695728 2 2 2
290.674 0.00695433 0.00695433 2 2 2
290.774 0.00695139 0.00695139 2 2 2
290.874 0.00694844 0.00694844 2 2 2
290.974 0.0069455 0.0069455 2 2 2
291.074 0.00694257 0.00694257 2 2 2
291.174 0.00693963 0.00693963 2 2 2
291.274 0.0069367 0.0069367 2 2 2
291.374 0.00693376 0.00693376 2 2 2
291.474 0.00693083 0.00693083 2 2 2
291.574 0.00692791 0.00692791 2 2 2
291.674 0.00692498 0.00692498 2 2 2
291.774 0.00692206 0.00692206 2 2 2
291.874 0.00691914 0.00691914 2 2 2
291.974 0.00691622 0.00691622 2 2 2
292.074 0.0069133 0.0069133 2 2 2
292.174 0.00691038 0.00691038 2 2 2
292.274 0.00690747 0.00690747 2 2 2
292.374 0.00690456 0.00690456 2 2 2
292.474 0.00690165 0.00690165 2 2 2
292.574 0.00689874 0.00689874 2 2 2
292.674 0.00689584 0.00689584 2 2 2
292.774 0.00689294 0.00689294 2 2 2
292.874 0.00689004 0.00689004 2 2 2
292.974 0.00688714 0.00688714 2 2 2
293.074 0.00688424 0.00688424 2 2 2
293.174 0.00688135 0.00688135 2 2 2
293.274 0.00687846 0.00687846 2 2 2
293.374 0.00687556 0.00687556 2 2 2
293.474 0.00687268 0.00687268 2 2 2
293.574 0.00686979 0.00686979 2 2 2
293.674 0.00686691 0.00686691 2 2 2
293.774 0.00686402 0.00686402 2 2 2
293.874 0.00686114 0.00686114 2 2 2
293.974 0.00685827 0.00685827 2 2 2
294.074 0.00685539 0.00685539 2 2 2
294.174 0.00685252 0.00685252 2 2 2
294.274 0.00684965 0.00684965 2 2 2
294.374 0.00684678 0.00684678 2 2 2
294.474 0.00684391 0.00684391 2 2 2
294.574 0.00684104 0.00684104 2 2 2
294.674 0.00683818 0.00683818 2 2 2
294.774 0.00683532 0.00683532 2 2 2
294.874 0.00683246 0.00683246 2 2 2
294.974 0.0068296 0.0068296 2 2 2
295.074 0.00682675 0.00682675 2 2 2
295.174 0.00682389 0.00682389 2 2 2
295.274 0.00682104 0.00682104 2 2 2
295.374 0.00681819 0.00681819 2 2 2
295.474 0.00681534 0.00681534 2 2 2
295.574 0.0068125 0.0068125 2 2 2
295.674 0.00680965 0.00680965 2 2 2
295.774 0.00680681 0.00680681 2 2 2
295.874 0.00680397 0.00680397 2 2 2
295.974 0.00680114 0.00680114 2 2 2
296.074 0.0067983 0.0067983 2 2 2
296.174 0.00679547 0.00679547 2 2 2
296.274 0.00679264 0.00679264 2 2 2
296.374 0.00678981 0.00678981 2 2 2
296.474 0.00678698 0.00678698 2 2 2
296.574 0.00678416 0.00678416 2 2 2
296.674 0.00678133 0.00678133 2 2 2
296.774 0.00677851 0.00677851 2 2 2
296.874 0.00677569 0.00677569 2 2 2
296.974 0.00677287 0.00677287 2 2 2
297.074 0.00677006 0.00677006 2 2 2
297.174 0.00676725 0.00676725 2 2 2
297.274 0.00676443 0.00676443 2 2 2
297.374 0.00676162 0.00676162 2 2 2
297.474 0.00675882 0.00675882 2 2 2
297.574 0.00675601 0.00675601 2 2 2
297.674 0.00675321 0.00675321 2 2 2
297.774 0.00675041 0.00675041 2 2 2
297.874 0.00674761 0.00674761 2 2 2
297.974 0.00674481 0.00674481 2 2 2
298.074 0.00674201 0.00674201 2 2 2
298.174 0.00673922 0.00673922 2 2 2
298.274 0.00673643 0.00673643 2 2 2
298.374 0.00673364 0.00673364 2 2 2
298.474 0.00673085 0.00673085 2 2 2
298.574 0.00672807 0.00672807 2 2 2
298.674 0.00672528 0.00672528 2 2 2
298.774 0.0067225 0.0067225 2 2 2
298.874 0.00671972 0.00671972 2 2 2
298.974 0.00671694 0.00671694 2 2 2
299.074 0.00671417 0.00671417 2 2 2
299.174 0.00671139 0.00671139 2 2 2
299.274 0.00670862 0.00670862 2 2 2
299.374 0.00670585 0.00670585 2 2 2
299.474 0.00670308 0.00670308 2 2 2
299.574 0.00670031 0.00670031 2 2 2
299.674 0.00669755 0.00669755 2 2 2
299.774 0.00669479 0.00669479 2 2 2
299.874 0.00669203 0.00669203 2 2 2
299.974 0.00668927 0.00668927 2 2 2
300.074 0.00668651 0.00668651 2 2 2
300.174 0.00668376 0.00668376 2 2 2
300.274 0.006681 0.006681 2 2 2
300.374 0.00667825 0.00667825 2 2 2
300.474 0.0066755 0.0066755 2 2 2
300.574 0.00667276 0.00667276 2 2 2
300.674 0.00667001 0.00667001 2 2 2
300.774 0.00666727 0.00666727 2 2 2
300.874 0.00666453 0.00666453 2 2 2
300.974 0.00666179 0.00666179 2 2 2
301.074 0.00665905 0.00665905 2 2 2
301.174 0.00665631 0.00665631 2 2 2
301.274 0.00665358 0.00665358 2 2 2
301.374 0.00665085 0.00665085 2 2 2
301.474 0.00664812 0.00664812 2 2 2
301.574 0.00664539 0.00664539 2 2 2
301.674 0.00664266 0.00664266 2 2 2
301.774 0.00663994 0.00663994 2 2 2
301.874 0.00663722 0.00663722 2 2 2
301.974 0.0066345 0.0066345 2 2 2
302.074 0.00663178 0.00663178 2 2 2
302.174 0.00662906 0.00662906 2 2 2
302.274 0.00662635 0.00662635 2 2 2
302.374 0.00662363 0.00662363 2 2 2
302.474 0.00662092 0.00662092 2 2 2
302.574 0.00661821 0.00661821 2 2 2
302.674 0.00661551 0.00661551 2 2 2
302.774 0.0066128 0.0066128 2 2 2
302.874 0.0066101 0.0066101 2 2 2
302.974 0.0066074 0.0066074 2 2 2
303.074 0.0066047 0.0066047 2 2 2
303.174 0.006602 0.006602 2 2 2
303.274 0.0065993 0.0065993 2 2 2
303.374 0.00659661 0.00659661 2 2 2
303.474 0.00659392 0.00659392 2 2 2
303.574 0.00659123 0.00659123 2 2 2
303.674 0.00658854 0.00658854 2 2 2
303.774 0.00658585 0.00658585 2 2 2
303.874 0.00658316 0.00658316 2 2 2
303.974 0.00658048 0.00658048 2 2 2
304.074 0.0065778 0.0065778 2 2 2
304.174 0.00657512 0.00657512 2 2 2
304.274 0.00657244 0.00657244 2 2 2
304.374 0.00656977 0.00656977 2 2 2
304.474 0.00656709 0.00656709 2 2 2
304.574 0.00656442 0.00656442 2 2 2
304.674 0.00656175 0.00656175 2 2 2
304.774 0.00655908 0.00655908 2 2 2
304.874 0.00655642 0.00655642 2 2 2
304.974 0.00655375 0.00655375 2 2 2
305.074 0.00655109 0.00655109 2 2 2
305.174 0.00654843 0.00654843 2 2 2
305.274 0.00654577 0.00654577 2 2 2
305.374 0.00654311 0.00654311 2 2 2
305.474 0.00654046 0.00654046 2 2 2
305.574 0.0065378 0.0065378 2 2 2
305.674 0.00653515 0.00653515 2 2 2
305.774 0.0065325 0.0065325 2 2 2
305.874 0.00652985 0.00652985 2 2 2
305.974 0.0065272 0.0065272 2 2 2
306.074 0.00652456 0.00652456 2 2 2
306.174 0.00652192 0.00652192 2 2 2
306.274 0.00651928 0.00651928 2 2 2
306.374 0.00651664 0.00651664 2 2 2
306.474 0.006514 0.006514 2 2 2
306.574 0.00651136 0.00651136 2 2 2
306.674 0.00650873 0.00650873 2 2 2
306.774 0.0065061 0.0065061 2 2 2
306.874 0.00650347 0.00650347 2 2 2
306.974 0.00650084 0.00650084 2 2 2
307.074 0.00649821 0.00649821 2 2 2
307.174 0.00649559 0.00649559 2 2 2
307.274 0.00649296 0.00649296 2 2 2
307.374 0.00649034 0.00649034 2 2 2
307.474 0.00648772 0.00648772 2 2 2
307.574 0.00648511 0.00648511 2 2 2
307.674 0.00648249 0.00648249 2 2 2
307.774 0.00647988 0.00647988 2 2 2
307.874 0.00647726 0.00647726 2 2 2
307.974 0.00647465 0.00647465 2 2 2
308.074 0.00647204 0.00647204 2 2 2
308.174 0.00646944 0.00646944 2 2 2
308.274 0.00646683 0.00646683 2 2 2
308.374 0.00646423 0.00646423 2 2 2
308.474 0.00646163 0.00646163 2 2 2
308.574 0.00645903 0.00645903 2 2 2
308.674 0.00645643 0.00645643 2 2 2
308.774 0.00645383 0.00645383 2 2 2
308.874 0.00645124 0.00645124 2 2 2
308.974 0.00644864 0.00644864 2 2 2
309.074 0.00644605 0.00644605 2 2 2
309.174 0.00644346 0.00644346 2 2 2
309.174 0.00644346 0.00644346 2 2 2
309.194 0.00644295 0.00644295 2 2 2
309.234 0.00644191 0.00644191 2 2 2
309.314 0.00643984 0.00643984 2 2 2
309.414 0.00643726 0.00643726 2 2 2
309.514 0.00643467 0.00643467 2 2 2
309.614 0.00643209 0.00643209 2 2 2
309.714 0.00642951 0.00642951 2 2 2
309.814 0.00642693 0.00642693 2 2 2
309.914 0.00642436 0.00642436 2 2 2
310.014 0.00642178 0.00642178 2 2 2
310.114 0.00641921 0.00641921 2 2 2
310.214 0.00641664 0.00641664 2 2 2
310.314 0.00641407 0.00641407 2 2 2
310.414 0.0064115 0.0064115 2 2 2
310.514 0.00640893 0.00640893 2 2 2
310.614 0.00640637 0.00640637 2 2 2
310.714 0.00640381 0.00640381 2 2 2
310.814 0.00640125 0.00640125 2 2 2
310.914 0.00639869 0.00639869 2 2 2
311.014 0.00639613 0.00639613 2 2 2
311.114 0.00639357 0.00639357 2 2 2
311.214 0.00639102 0.00639102 2 2 2
311.314 0.00638847 0.00638847 2 2 2
311.414 0.00638592 0.00638592 2 2 2
311.514 0.00638337 0.00638337 2 2 2
311.614 0.00638082 0.00638082 2 2 2
311.714 0.00637827 0.00637827 2 2 2
311.814 0.00637573 0.00637573 2 2 2
311.914 0.00637319 0.00637319 2 2 2
312.014 0.00637065 0.00637065 2 2 2
312.114 0.00636811 0.00636811 2 2 2
312.214 0.00636557 0.00636557 2 2 2
312.314 0.00636304 0.00636304 2 2 2
312.414 0.0063605 0.0063605 2 2 2
312.514 0.00635797 0.00635797 2 2 2
312.614 0.00635544 0.00635544 2 2 2
312.714 0.00635291 0.00635291 2 2 2
312.814 0.00635039 0.00635039 2 2 2
312.914 0.00634786 0.00634786 2 2 2
313.014 0.00634534 0.00634534 2 2 2
313.114 0.00634282 0.00634282 2 2 2
313.214 0.0063403 0.0063403 2 2 2
313.314 0.00633778 0.00633778 2 2 2
313.414 0.00633526 0.00633526 2 2 2
313.514 0.00633275 0.00633275 2 2 2
313.614 0.00633023 0.00633023 2 2 2
313.714 0.00632772 0.00632772 2 2 2
313.814 0.00632521 0.00632521 2 2 2
313.914 0.00632271 0.00632271 2 2 2
314.014 0.0063202 0.0063202 2 2 2
314.114 0.00631769 0.00631769 2 2 2
314.214 0.00631519 0.00631519 2 2 2
314.314 0.00631269 0.00631269 2 2 2
314.414 0.00631019 0.00631019 2 2 2
314.514 0.00630769 0.00630769 2 2 2
314.614 0.00630519 0.00630519 2 2 2
314.714 0.0063027 0.0063027 2 2 2
314.814 0.00630021 0.00630021 2 2 2
314.914 0.00629772 0.00629772 2 2 2
315.014 0.00629523 0.00629523 2 2 2
315.114 0.00629274 0.00629274 2 2 2
315.214 0.00629025 0.00629025 2 2 2
315.314 0.00628777 0.00628777 2 2 2
315.414 0.00628528 0.00628528 2 2 2
315.514 0.0062828 0.0062828 2 2 2
315.614 0.00628032 0.00628032 2 2 2
315.714 0.00627784 0.00627784 2 2 2
315.814 0.00627537 0.00627537 2 2 2
315.914 0.00627289 0.00627289 2 2 2
316.014 0.00627042 0.00627042 2 2 2
316.114 0.00626795 0.00626795 2 2 2
316.214 0.00626548 0.00626548 2 2 2
316.314 0.00626301 0.00626301 2 2 2
316.414 0.00626054 0.00626054 2 2 2
316.514 0.00625808 0.00625808 2 2 2
316.614 0.00625561 0.00625561 2 2 2
316.714 0.00625315 0.00625315 2 2 2
316.814 0.00625069 0.00625069 2 2 2
316.914 0.00624823 0.00624823 2 2 2
317.014 0.00624577 0.00624577 2 2 2
317.114 0.00624332 0.00624332 2 2 2
317.214 0.00624087 0.00624087 2 2 2
317.314 0.00623841 0.00623841 2 2 2
317.414 0.00623596 0.00623596 2 2 2
317.514 0.00623351 0.00623351 2 2 2
317.614 0.00623107 0.00623107 2 2 2
317.714 0.00622862 0.00622862 2 2 2
317.814 0.00622618 0.00622618 2 2 2
317.914 0.00622373 0.00622373 2 2 2
318.014 0.00622129 0.00622129 2 2 2
318.114 0.00621885 0.00621885 2 2 2
318.214 0.00621642 0.00621642 2 2 2
318.314 0.00621398 0.00621398 2 2 2
318.414 0.00621155 0.00621155 2 2 2
318.514 0.00620911 0.00620911 2 2 2
318.614 0.00620668 0.00620668 2 2 2
318.714 0.00620425 0.00620425 2 2 2
318.814 0.00620182 0.00620182 2 2 2
318.914 0.0061994 0.0061994 2 2 2
319.014 0.00619697 0.00619697 2 2 2
319.114 0.00619455 0.00619455 2 2 2
319.214 0.00619213 0.00619213 2 2 2
319.314 0.00618971 0.00618971 2 2 2
319.414 0.00618729 0.00618729 2 2 2
319.514 0.00618487 0.00618487 2 2 2
319.614 0.00618246 0.00618246 2 2 2
319.714 0.00618004 0.00618004 2 2 2
319.814 0.00617763 0.00617763 2 2 2
319.914 0.00617522 0.00617522 2 2 2
320.014 0.00617281 0.00617281 2 2 2
320.114 0.0061704 0.0061704 2 2 2
320.214 0.006168 0.006168 2 2 2
320.314 0.00616559 0.00616559 2 2 2
320.414 0.00616319 0.00616319 2 2 2
320.514 0.00616079 0.00616079 2 2 2
320.614 0.00615839 0.00615839 2 2 2
320.714 0.00615599 0.00615599 2 2 2
320.814 0.0061536 0.0061536 2 2 2
320.914 0.0061512 0.0061512 2 2 2
321.014 0.00614881 0.00614881 2 2 2
321.114 0.00614642 0.00614642 2 2 2
321.214 0.00614403 0.00614403 2 2 2
321.314 0.00614164 0.00614164 2 2 2
321.414 0.00613925 0.00613925 2 2 2
321.514 0.00613687 0.00613687 2 2 2
321.614 0.00613448 0.00613448 2 2 2
321.714 0.0061321 0.0061321 2 2 2
321.814 0.00612972 0.00612972 2 2 2
321.914 0.00612734 0.00612734 2 2 2
322.014 0.00612496 0.00612496 2 2 2
322.114 0.00612259 0.00612259 2 2 2
322.214 0.00612021 0.00612021 2 2 2
322.314 0.00611784 0.00611784 2 2 2
322.414 0.00611547 0.00611547 2 2 2
322.514 0.0061131 0.0061131 2 2 2
322.614 0.00611073 0.00611073 2 2 2
322.714 0.00610836 0.00610836 2 2 2
322.814 0.006106 0.006106 2 2 2
322.914 0.00610363 0.00610363 2 2 2
323.014 0.00610127 0.00610127 2 2 2
323.114 0.00609891 0.00609891 2 2 2
323.214 0.00609655 0.00609655 2 2 2
323.314 0.00609419 0.00609419 2 2 2
323.414 0.00609184 0.00609184 2 2 2
323.514 0.00608948 0.00608948 2 2 2
323.614 0.00608713 0.00608713 2 2 2
323.714 0.00608478 0.00608478 2 2 2
323.814 0.00608243 0.00608243 2 2 2
323.914 0.00608008 0.00608008 2 2 2
324.014 0.00607773 0.00607773 2 2 2
324.114 0.00607538 0.00607538 2 2 2
324.214 0.00607304 0.00607304 2 2 2
324.314 0.0060707 0.0060707 2 2 2
324.414 0.00606836 0.00606836 2 2 2
324.514 0.00606602 0.00606602 2 2 2
324.614 0.00606368 0.00606368 2 2 2
324.714 0.00606134 0.00606134 2 2 2
324.814 0.00605901 0.00605901 2 2 2
324.914 0.00605667 0.00605667 2 2 2
325.014 0.00605434 0.00605434 2 2 2
325.114 0.00605201 0.00605201 2 2 2
325.214 0.00604968 0.00604968 2 2 2
325.314 0.00604736 0.00604736 2 2 2
325.414 0.00604503 0.00604503 2 2 2
325.514 0.00604271 0.00604271 2 2 2
325.614 0.00604038 0.00604038 2 2 2
325.714 0.00603806 0.00603806 2 2 2
325.814 0.00603574 0.00603574 2 2 2
325.914 0.00603342 0.00603342 2 2 2
326.014 0.00603111 0.00603111 2 2 2
326.114 0.00602879 0.00602879 2 2 2
326.214 0.00602648 0.00602648 2 2 2
326.314 0.00602416 0.00602416 2 2 2
326.414 0.00602185 0.00602185 2 2 2
326.514 0.00601954 0.00601954 2 2 2
326.614 0.00601724 0.00601724 2 2 2
326.714 0.00601493 0.00601493 2 2 2
326.814 0.00601262 0.00601262 2 2 2
326.914 0.00601032 0.00601032 2 2 2
327.014 0.00600802 0.00600802 2 2 2
327.114 0.00600572 0.00600572 2 2 2
327.214 0.00600342 0.00600342 2 2 2
327.314 0.00600112 0.00600112 2 2 2
327.414 0.00599882 0.00599882 2 2 2
327.514 0.00599653 0.00599653 2 2 2
327.614 0.00599424 0.00599424 2 2 2
327.714 0.00599194 0.00599194 2 2 2
327.814 0.00598965 0.00598965 2 2 2
327.914 0.00598737 0.00598737 2 2 2
328.014 0.00598508 0.00598508 2 2 2
328.114 0.00598279 0.00598279 2 2 2
328.214 0.00598051 0.00598051 2 2 2
328.314 0.00597822 0.00597822 2 2 2
328.414 0.00597594 0.00597594 2 2 2
328.514 0.00597366 0.00597366 2 2 2
328.614 0.00597138 0.00597138 2 2 2
328.714 0.00596911 0.00596911 2 2 2
328.814 0.00596683 0.00596683 2 2 2
328.914 0.00596456 0.00596456 2 2 2
328.914 0.00596456 0.00596456 2 2 2
328.934 0.0059641 0.0059641 2 2 2
328.974 0.00596319 0.00596319 2 2 2
329.054 0.00596138 0.00596138 2 2 2
329.154 0.0059591 0.0059591 2 2 2
329.254 0.00595683 0.00595683 2 2 2
329.354 0.00595457 0.00595457 2 2 2
329.454 0.0059523 0.0059523 2 2 2
329.554 0.00595004 0.00595004 2 2 2
329.654 0.00594777 0.00594777 2 2 2
329.754 0.00594551 0.00594551 2 2 2
329.854 0.00594325 0.00594325 2 2 2
329.954 0.00594099 0.00594099 2 2 2
330.054 0.00593873 0.00593873 2 2 2
330.154 0.00593648 0.00593648 2 2 2
330.254 0.00593422 0.00593422 2 2 2
330.354 0.00593197 0.00593197 2 2 2
330.454 0.00592971 0.00592971 2 2 2
330.554 0.00592746 0.00592746 2 2 2
330.654 0.00592521 0.00592521 2 2 2
330.754 0.00592297 0.00592297 2 2 2
330.854 0.00592072 0.00592072 2 2 2
330.954 0.00591848 0.00591848 2 2 2
331.054 0.00591623 0.00591623 2 2 2
331.154 0.00591399 0.00591399 2 2 2
331.254 0.00591175 0.00591175 2 2 2
331.354 0.00590951 0.00590951 2 2 2
331.454 0.00590727 0.00590727 2 2 2
331.554 0.00590504 0.00590504 2 2 2
331.654 0.0059028 0.0059028 2 2 2
331.754 0.00590057 0.00590057 2 2 2
331.854 0.00589833 0.00589833 2 2 2
331.954 0.0058961 0.0058961 2 2 2
332.054 0.00589387 0.00589387 2 2 2
332.154 0.00589165 0.00589165 2 2 2
332.254 0.00588942 0.00588942 2 2 2
332.354 0.00588719 0.00588719 2 2 2
332.454 0.00588497 0.00588497 2 2 2
332.554 0.00588275 0.00588275 2 2 2
332.654 0.00588053 0.00588053 2 2 2
332.754 0.00587831 0.00587831 2 2 2
332.854 0.00587609 0.00587609 2 2 2
332.954 0.00587387 0.00587387 2 2 2
333.054 0.00587166 0.00587166 2 2 2
333.154 0.00586944 0.00586944 2 2 2
333.254 0.00586723 0.00586723 2 2 2
333.354 0.00586502 0.00586502 2 2 2
333.454 0.00586281 0.00586281 2 2 2
333.554 0.0058606 0.0058606 2 2 2
333.654 0.00585839 0.00585839 2 2 2
333.754 0.00585619 0.00585619 2 2 2
333.854 0.00585398 0.00585398 2 2 2
333.954 0.00585178 0.00585178 2 2 2
334.054 0.00584958 0.00584958 2 2 2
334.154 0.00584738 0.00584738 2 2 2
334.254 0.00584518 0.00584518 2 2 2
334.354 0.00584298 0.00584298 2 2 2
334.454 0.00584079 0.00584079 2 2 2
334.554 0.00583859 0.00583859 2 2 2
334.654 0.0058364 0.0058364 2 2 2
334.754 0.00583421 0.00583421 2 2 2
334.854 0.00583202 0.00583202 2 2 2
334.954 0.00582983 0.00582983 2 2 2
335.054 0.00582764 0.00582764 2 2 2
335.154 0.00582545 0.00582545 2 2 2
335.254 0.00582327 0.00582327 2 2 2
335.354 0.00582108 0.00582108 2 2 2
335.454 0.0058189 0.0058189 2 2 2
335.554 0.00581672 0.00581672 2 2 2
335.654 0.00581454 0.00581454 2 2 2
335.754 0.00581236 0.00581236 2 2 2
335.854 0.00581019 0.00581019 2 2 2
335.954 0.00580801 0.00580801 2 2 2
336.054 0.00580584 0.00580584 2 2 2
336.154 0.00580366 0.00580366 2 2 2
336.254 0.00580149 0.00580149 2 2 2
336.354 0.00579932 0.00579932 2 2 2
336.454 0.00579715 0.00579715 2 2 2
336.554 0.00579499 0.00579499 2 2 2
336.654 0.00579282 0.00579282 2 2 2
336.754 0.00579066 0.00579066 2 2 2
336.854 0.00578849 0.00578849 2 2 2
336.954 0.00578633 0.00578633 2 2 2
337.054 0.00578417 0.00578417 2 2 2
337.154 0.00578201 0.00578201 2 2 2
337.254 0.00577985 0.00577985 2 2 2
337.354 0.0057777 0.0057777 2 2 2
337.454 0.00577554 0.00577554 2 2 2
337.554 0.00577339 0.00577339 2 2 2
337.654 0.00577124 0.00577124 2 2 2
337.754 0.00576908 0.00576908 2 2 2
337.854 0.00576693 0.00576693 2 2 2
337.954 0.00576479 0.00576479 2 2 2
338.054 0.00576264 0.00576264 2 2 2
338.154 0.00576049 0.00576049 2 2 2
338.254 0.00575835 0.00575835 2 2 2
338.354 0.0057562 0.0057562 2 2 2
338.454 0.00575406 0.00575406 2 2 2
338.554 0.00575192 0.00575192 2 2 2
338.654 0.00574978 0.00574978 2 2 2
338.754 0.00574765 0.00574765 2 2 2
338.854 0.00574551 0.00574551 2 2 2
338.954 0.00574337 0.00574337 2 2 2
339.054 0.00574124 0.00574124 2 2 2
339.154 0.00573911 0.00573911 2 2 2
339.254 0.00573698 0.00573698 2 2 2
339.354 0.00573485 0.00573485 2 2 2
339.454 0.00573272 0.00573272 2 2 2
339.554 0.00573059 0.00573059 2 2 2
339.654 0.00572846 0.00572846 2 2 2
339.754 0.00572634 0.00572634 2 2 2
339.854 0.00572422 0.00572422 2 2 2
339.954 0.00572209 0.00572209 2 2 2
340.054 0.00571997 0.00571997 2 2 2
340.154 0.00571785 0.00571785 2 2 2
340.254 0.00571573 0.00571573 2 2 2
340.354 0.00571362 0.00571362 2 2 2
340.454 0.0057115 0.0057115 2 2 2
340.554 0.00570939 0.00570939 2 2 2
340.654 0.00570727 0.00570727 2 2 2
340.754 0.00570516 0.00570516 2 2 2
340.854 0.00570305 0.00570305 2 2 2
340.954 0.00570094 0.00570094 2 2 2
341.054 0.00569884 0.00569884 2 2 2
341.154 0.00569673 0.00569673 2 2 2
341.254 0.00569462 0.00569462 2 2 2
341.354 0.00569252 0.00569252 2 2 2
341.454 0.00569042 0.00569042 2 2 2
341.554 0.00568832 0.00568832 2 2 2
341.654 0.00568622 0.00568622 2 2 2
341.754 0.00568412 0.00568412 2 2 2
341.854 0.00568202 0.00568202 2 2 2
341.954 0.00567992 0.00567992 2 2 2
342.054 0.00567783 0.00567783 2 2 2
342.154 0.00567574 0.00567574 2 2 2
342.254 0.00567364 0.00567364 2 2 2
342.354 0.00567155 0.00567155 2 2 2
342.454 0.00566946 0.00566946 2 2 2
342.554 0.00566737 0.00566737 2 2 2
342.654 0.00566529 0.00566529 2 2 2
342.754 0.0056632 0.0056632 2 2 2
342.854 0.00566112 0.00566112 2 2 2
342.954 0.00565903 0.00565903 2 2 2
343.054 0.00565695 0.00565695 2 2 2
343.154 0.00565487 0.00565487 2 2 2
343.254 0.00565279 0.00565279 2 2 2
343.354 0.00565071 0.00565071 2 2 2
343.454 0.00564864 0.00564864 2 2 2
343.554 0.00564656 0.00564656 2 2 2
343.654 0.00564449 0.00564449 2 2 2
343.754 0.00564241 0.00564241 2 2 2
343.854 0.00564034 0.00564034 2 2 2
343.954 0.00563827 0.00563827 2 2 2
344.054 0.0056362 0.0056362 2 2 2
344.154 0.00563413 0.00563413 2 2 2
344.254 0.00563207 0.00563207 2 2 2
344.354 0.00563 0.00563 2 2 2
344.454 0.00562794 0.00562794 2 2 2
344.554 0.00562587 0.00562587 2 2 2
344.654 0.00562381 0.00562381 2 2 2
344.754 0.00562175 0.00562175 2 2 2
344.854 0.00561969 0.00561969 2 2 2
344.954 0.00561763 0.00561763 2 2 2
345.054 0.00561558 0.00561558 2 2 2
345.154 0.00561352 0.00561352 2 2 2
345.254 0.00561147 0.00561147 2 2 2
345.354 0.00560941 0.00560941 2 2 2
345.454 0.00560736 0.00560736 2 2 2
345.554 0.00560531 0.00560531 2 2 2
345.654 0.00560326 0.00560326 2 2 2
345.754 0.00560121 0.00560121 2 2 2
345.854 0.00559917 0.00559917 2 2 2
345.954 0.00559712 0.00559712 2 2 2
346.054 0.00559508 0.00559508 2 2 2
346.154 0.00559303 0.00559303 2 2 2
346.254 0.00559099 0.00559099 2 2 2
346.354 0.00558895 0.00558895 2 2 2
346.454 0.00558691 0.00558691 2 2 2
346.554 0.00558487 0.00558487 2 2 2
346.654 0.00558284 0.00558284 2 2 2
346.754 0.0055808 0.0055808 2 2 2
346.854 0.00557877 0.00557877 2 2 2
346.954 0.00557673 0.00557673 2 2 2
347.054 0.0055747 0.0055747 2 2 2
347.154 0.00557267 0.00557267 2 2 2
347.254 0.00557064 0.00557064 2 2 2
347.354 0.00556861 0.00556861 2 2 2
347.454 0.00556659 0.00556659 2 2 2
347.554 0.00556456 0.00556456 2 2 2
347.654 0.00556253 0.00556253 2 2 2
347.754 0.00556051 0.00556051 2 2 2
347.854 0.00555849 0.00555849 2 2 2
347.954 0.00555647 0.00555647 2 2 2
348.054 0.00555445 0.00555445 2 2 2
348.154 0.00555243 0.00555243 2 2 2
348.254 0.00555041 0.00555041 2 2 2
348.354 0.0055484 0.0055484 2 2 2
348.454 0.00554638 0.00554638 2 2 2
348.554 0.00554437 0.00554437 2 2 2
348.654 0.00554236 0.00554236 2 2 2
348.654 0.00554236 0.00554236 2 2 2
348.674 0.00554195 0.00554195 2 2 2
348.714 0.00554115 0.00554115 2 2 2
348.794 0.00553954 0.00553954 2 2 2
348.894 0.00553753 0.00553753 2 2 2
348.994 0.00553552 0.00553552 2 2 2
349.094 0.00553351 0.00553351 2 2 2
349.194 0.00553151 0.00553151 2 2 2
349.294 0.0055295 0.0055295 2 2 2
349.394 0.0055275 0.0055275 2 2 2
349.494 0.0055255 0.0055255 2 2 2
349.594 0.0055235 0.0055235 2 2 2
349.694 0.0055215 0.0055215 2 2 2
349.794 0.0055195 0.0055195 2 2 2
349.894 0.0055175 0.0055175 2 2 2
349.994 0.0055155 0.0055155 2 2 2
350.094 0.00551351 0.00551351 2 2 2
350.194 0.00551152 0.00551152 2 2 2
350.294 0.00550952 0.00550952 2 2 2
350.394 0.00550753 0.00550753 2 2 2
350.494 0.00550554 0.00550554 2 2 2
350.594 0.00550355 0.00550355 2 2 2
350.694 0.00550156 0.00550156 2 2 2
350.794 0.00549958 0.00549958 2 2 2
350.894 0.00549759 0.00549759 2 2 2
350.994 0.00549561 0.00549561 2 2 2
351.094 0.00549362 0.00549362 2 2 2
351.194 0.00549164 0.00549164 2 2 2
351.294 0.00548966 0.00548966 2 2 2
351.394 0.00548768 0.00548768 2 2 2
351.494 0.0054857 0.0054857 2 2 2
351.594 0.00548373 0.00548373 2 2 2
351.694 0.00548175 0.00548175 2 2 2
351.794 0.00547977 0.00547977 2 2 2
351.894 0.0054778 0.0054778 2 2 2
351.994 0.00547583 0.00547583 2 2 2
352.094 0.00547386 0.00547386 2 2 2
352.194 0.00547189 0.00547189 2 2 2
352.294 0.00546992 0.00546992 2 2 2
352.394 0.00546795 0.00546795 2 2 2
352.494 0.00546598 0.00546598 2 2 2
352.594 0.00546402 0.00546402 2 2 2
352.694 0.00546205 0.00546205 2 2 2
352.794 0.00546009 0.00546009 2 2 2
352.894 0.00545813 0.00545813 2 2 2
352.994 0.00545617 0.00545617 2 2 2
353.094 0.00545421 0.00545421 2 2 2
353.194 0.00545225 0.00545225 2 2 2
353.294 0.00545029 0.00545029 2 2 2
353.394 0.00544833 0.00544833 2 2 2
353.494 0.00544638 0.00544638 2 2 2
353.594 0.00544443 0.00544443 2 2 2
353.694 0.00544247 0.00544247 2 2 2
353.794 0.00544052 0.00544052 2 2 2
353.894 0.00543857 0.00543857 2 2 2
353.994 0.00543662 0.00543662 2 2 2
354.094 0.00543467 0.00543467 2 2 2
354.194 0.00543273 0.00543273 2 2 2
354.294 0.00543078 0.00543078 2 2 2
354.394 0.00542884 0.00542884 2 2 2
354.494 0.00542689 0.00542689 2 2 2
354.594 0.00542495 0.00542495 2 2 2
354.694 0.00542301 0.00542301 2 2 2
354.794 0.00542107 0.00542107 2 2 2
354.894 0.00541913 0.00541913 2 2 2
354.994 0.00541719 0.00541719 2 2 2
355.094 0.00541526 0.00541526 2 2 2
355.194 0.00541332 0.00541332 2 2 2
355.294 0.00541139 0.00541139 2 2 2
355.394 0.00540945 0.00540945 2 2 2
355.494 0.00540752 0.00540752 2 2 2
355.594 0.00540559 0.00540559 2 2 2
355.694 0.00540366 0.00540366 2 2 2
355.794 0.00540173 0.00540173 2 2 2
355.894 0.0053998 0.0053998 2 2 2
355.994 0.00539788 0.00539788 2 2 2
356.094 0.00539595 0.00539595 2 2 2
356.194 0.00539403 0.00539403 2 2 2
356.294 0.00539211 0.00539211 2 2 2
356.394 0.00539018 0.00539018 2 2 2
356.494 0.00538826 0.00538826 2 2 2
356.594 0.00538634 0.00538634 2 2 2
356.694 0.00538442 0.00538442 2 2 2
356.794 0.00538251 0.00538251 2 2 2
356.894 0.00538059 0.00538059 2 2 2
356.994 0.00537868 0.00537868 2 2 2
357.094 0.00537676 0.00537676 2 2 2
357.194 0.00537485 0.00537485 2 2 2
357.294 0.00537294 0.00537294 2 2 2
357.394 0.00537103 0.00537103 2 2 2
357.494 0.00536912 0.00536912 2 2 2
357.594 0.00536721 0.00536721 2 2 2
357.694 0.0053653 0.0053653 2 2 2
357.794 0.0053634 0.0053634 2 2 2
357.894 0.00536149 0.00536149 2 2 2
357.994 0.00535959 0.00535959 2 2 2
358.094 0.00535769 0.00535769 2 2 2
358.194 0.00535578 0.00535578 2 2 2
358.294 0.00535388 0.00535388 2 2 2
358.394 0.00535198 0.00535198 2 2 2
358.494 0.00535009 0.00535009 2 2 2
358.594 0.00534819 0.00534819 2 2 2
358.694 0.00534629 0.00534629 2 2 2
358.794 0.0053444 0.0053444 2 2 2
358.894 0.0053425 0.0053425 2 2 2
358.994 0.00534061 0.00534061 2 2 2
359.094 0.00533872 0.00533872 2 2 2
359.194 0.00533683 0.00533683 2 2 2
359.294 0.00533494 0.00533494 2 2 2
359.394 0.00533305 0.00533305 2 2 2
359.494 0.00533116 0.00533116 2 2 2
359.594 0.00532928 0.00532928 2 2 2
359.694 0.00532739 0.00532739 2 2 2
359.794 0.00532551 0.00532551 2 2 2
359.894 0.00532363 0.00532363 2 2 2
359.994 0.00532175 0.00532175 2 2 2
360.094 0.00531986 0.00531986 2 2 2
360.194 0.00531799 0.00531799 2 2 2
360.294 0.00531611 0.00531611 2 2 2
360.394 0.00531423 0.00531423 2 2 2
360.494 0.00531235 0.00531235 2 2 2
360.594 0.00531048 0.00531048 2 2 2
360.694 0.0053086 0.0053086 2 2 2
360.794 0.00530673 0.00530673 2 2 2
360.894 0.00530486 0.00530486 2 2 2
360.994 0.00530299 0.00530299 2 2 2
361.094 0.00530112 0.00530112 2 2 2
361.194 0.00529925 0.00529925 2 2 2
361.294 0.00529738 0.00529738 2 2 2
361.394 0.00529552 0.00529552 2 2 2
361.494 0.00529365 0.00529365 2 2 2
361.594 0.00529179 0.00529179 2 2 2
361.694 0.00528992 0.00528992 2 2 2
361.794 0.00528806 0.00528806 2 2 2
361.894 0.0052862 0.0052862 2 2 2
361.994 0.00528434 0.00528434 2 2 2
362.094 0.00528248 0.00528248 2 2 2
362.194 0.00528062 0.00528062 2 2 2
362.294 0.00527877 0.00527877 2 2 2
362.394 0.00527691 0.00527691 2 2 2
362.494 0.00527506 0.00527506 2 2 2
362.594 0.0052732 0.0052732 2 2 2
362.694 0.00527135 0.00527135 2 2 2
362.794 0.0052695 0.0052695 2 2 2
362.894 0.00526765 0.00526765 2 2 2
362.994 0.0052658 0.0052658 2 2 2
363.094 0.00526395 0.00526395 2 2 2
363.194 0.00526211 0.00526211 2 2 2
363.294 0.00526026 0.00526026 2 2 2
363.394 0.00525842 0.00525842 2 2 2
363.494 0.00525657 0.00525657 2 2 2
363.594 0.00525473 0.00525473 2 2 2
363.694 0.00525289 0.00525289 2 2 2
363.794 0.00525105 0.00525105 2 2 2
363.894 0.00524921 0.00524921 2 2 2
363.994 0.00524737 0.00524737 2 2 2
364.094 0.00524553 0.00524553 2 2 2
364.194 0.0052437 0.0052437 2 2 2
364.294 0.00524186 0.00524186 2 2 2
364.394 0.00524003 0.00524003 2 2 2
364.494 0.00523819 0.00523819 2 2 2
364.594 0.00523636 0.00523636 2 2 2
364.694 0.00523453 0.00523453 2 2 2
364.794 0.0052327 0.0052327 2 2 2
364.894 0.00523087 0.00523087 2 2 2
364.994 0.00522904 0.00522904 2 2 2
365.094 0.00522722 0.00522722 2 2 2
365.194 0.00522539 0.00522539 2 2 2
365.294 0.00522357 0.00522357 2 2 2
365.394 0.00522174 0.00522174 2 2 2
365.494 0.00521992 0.00521992 2 2 2
365.594 0.0052181 0.0052181 2 2 2
365.694 0.00521628 0.00521628 2 2 2
365.794 0.00521446 0.00521446 2 2 2
365.894 0.00521264 0.00521264 2 2 2
365.994 0.00521082 0.00521082 2 2 2
366.094 0.005209 0.005209 2 2 2
366.194 0.00520719 0.00520719 2 2 2
366.294 0.00520538 0.00520538 2 2 2
366.394 0.00520356 0.00520356 2 2 2
366.494 0.00520175 0.00520175 2 2 2
366.594 0.00519994 0.00519994 2 2 2
366.694 0.00519813 0.00519813 2 2 2
366.794 0.00519632 0.00519632 2 2 2
366.894 0.00519451 0.00519451 2 2 2
366.994 0.0051927 0.0051927 2 2 2
367.094 0.0051909 0.0051909 2 2 2
367.194 0.00518909 0.00518909 2 2 2
367.294 0.00518729 0.00518729 2 2 2
367.394 0.00518549 0.00518549 2 2 2
367.494 0.00518368 0.00518368 2 2 2
367.594 0.00518188 0.00518188 2 2 2
367.694 0.00518008 0.00518008 2 2 2
367.794 0.00517829 0.00517829 2 2 2
367.894 0.00517649 0.00517649 2 2 2
367.994 0.00517469 0.00517469 2 2 2
368.094 0.00517289 0.00517289 2 2 2
368.194 0.0051711 0.0051711 2 2 2
368.294 0.00516931 0.00516931 2 2 2
368.394 0.00516751 0.00516751 2 2 2
368.394 0.00516751 0.00516751 2 2 2
368.414 0.00516716 0.00516716 2 2 2
368.454 0.00516644 0.00516644 2 2 2
368.534 0.00516501 0.00516501 2 2 2
368.634 0.00516322 0.00516322 2 2 2
368.734 0.00516143 0.00516143 2 2 2
368.834 0.00515964 0.00515964 2 2 2
368.934 0.00515785 0.00515785 2 2 2
369.034 0.00515607 0.00515607 2 2 2
369.134 0.00515428 0.00515428 2 2 2
369.234 0.0051525 0.0051525 2 2 2
369.334 0.00515071 0.00515071 2 2 2
369.434 0.00514893 0.00514893 2 2 2
369.534 0.00514715 0.00514715 2 2 2
369.634 0.00514537 0.00514537 2 2 2
369.734 0.00514359 0.00514359 2 2 2
369.834 0.00514181 0.00514181 2 2 2
369.934 0.00514004 0.00514004 2 2 2
370.034 0.00513826 0.00513826 2 2 2
370.134 0.00513648 0.00513648 2 2 2
370.234 0.00513471 0.00513471 2 2 2
370.334 0.00513294 0.00513294 2 2 2
370.434 0.00513117 0.00513117 2 2 2
370.534 0.0051294 0.0051294 2 2 2
370.634 0.00512763 0.00512763 2 2 2
370.734 0.00512586 0.00512586 2 2 2
370.834 0.00512409 0.00512409 2 2 2
370.934 0.00512232 0.00512232 2 2 2
371.034 0.00512056 0.00512056 2 2 2
371.134 0.00511879 0.00511879 2 2 2
371.234 0.00511703 0.00511703 2 2 2
371.334 0.00511526 0.00511526 2 2 2
371.434 0.0051135 0.0051135 2 2 2
371.534 0.00511174 0.00511174 2 2 2
371.634 0.00510998 0.00510998 2 2 2
371.734 0.00510822 0.00510822 2 2 2
371.834 0.00510646 0.00510646 2 2 2
371.934 0.00510471 0.00510471 2 2 2
372.034 0.00510295 0.00510295 2 2 2
372.134 0.0051012 0.0051012 2 2 2
372.234 0.00509944 0.00509944 2 2 2
372.334 0.00509769 0.00509769 2 2 2
372.434 0.00509594 0.00509594 2 2 2
372.534 0.00509419 0.00509419 2 2 2
372.634 0.00509244 0.00509244 2 2 2
372.734 0.00509069 0.00509069 2 2 2
372.834 0.00508894 0.00508894 2 2 2
372.934 0.00508719 0.00508719 2 2 2
373.034 0.00508545 0.00508545 2 2 2
373.134 0.0050837 0.0050837 2 2 2
373.234 0.00508196 0.00508196 2 2 2
373.334 0.00508021 0.00508021 2 2 2
373.434 0.00507847 0.00507847 2 2 2
373.534 0.00507673 0.00507673 2 2 2
373.634 0.00507499 0.00507499 2 2 2
373.734 0.00507325 0.00507325 2 2 2
373.834 0.00507151 0.00507151 2 2 2
373.934 0.00506977 0.00506977 2 2 2
374.034 0.00506804 0.00506804 2 2 2
374.134 0.0050663 0.0050663 2 2 2
374.234 0.00506457 0.00506457 2 2 2
374.334 0.00506284 0.00506284 2 2 2
374.434 0.0050611 0.0050611 2 2 2
374.534 0.00505937 0.00505937 2 2 2
374.634 0.00505764 0.00505764 2 2 2
374.734 0.00505591 0.00505591 2 2 2
374.834 0.00505418 0.00505418 2 2 2
374.934 0.00505246 0.00505246 2 2 2
375.034 0.00505073 0.00505073 2 2 2
375.134 0.005049 0.005049 2 2 2
375.234 0.00504728 0.00504728 2 2 2
375.334 0.00504556 0.00504556 2 2 2
375.434 0.00504383 0.00504383 2 2 2
375.534 0.00504211 0.00504211 2 2 2
375.634 0.00504039 0.00504039 2 2 2
375.734 0.00503867 0.00503867 2 2 2
375.834 0.00503695 0.00503695 2 2 2
375.934 0.00503523 0.00503523 2 2 2
376.034 0.00503352 0.00503352 2 2 2
376.134 0.0050318 0.0050318 2 2 2
376.234 0.00503009 0.00503009 2 2 2
376.334 0.00502837 0.00502837 2 2 2
376.434 0.00502666 0.00502666 2 2 2
376.534 0.00502495 0.00502495 2 2 2
376.634 0.00502323 0.00502323 2 2 2
376.734 0.00502152 0.00502152 2 2 2
376.834 0.00501982 0.00501982 2 2 2
376.934 0.00501811 0.00501811 2 2 2
377.034 0.0050164 0.0050164 2 2 2
377.134 0.00501469 0.00501469 2 2 2
377.234 0.00501299 0.00501299 2 2 2
377.334 0.00501128 0.00501128 2 2 2
377.434 0.00500958 0.00500958 2 2 2
377.534 0.00500788 0.00500788 2 2 2
377.634 0.00500618 0.00500618 2 2 2
377.734 0.00500447 0.00500447 2 2 2
377.834 0.00500277 0.00500277 2 2 2
377.934 0.00500108 0.00500108 2 2 2
378.034 0.00499938 0.00499938 2 2 2
378.134 0.00499768 0.00499768 2 2 2
378.234 0.00499598 0.00499598 2 2 2
378.334 0.00499429 0.00499429 2 2 2
378.434 0.0049926 0.0049926 2 2 2
378.534 0.0049909 0.0049909 2 2 2
378.634 0.00498921 0.00498921 2 2 2
378.734 0.00498752 0.00498752 2 2 2
378.834 0.00498583 0.00498583 2 2 2
378.934 0.00498414 0.00498414 2 2 2
379.034 0.00498245 0.00498245 2 2 2
379.134 0.00498076 0.00498076 2 2 2
379.234 0.00497908 0.00497908 2 2 2
379.334 0.00497739 0.00497739 2 2 2
379.434 0.00497571 0.00497571 2 2 2
379.534 0.00497402 0.00497402 2 2 2
379.634 0.00497234 0.00497234 2 2 2
379.734 0.00497066 0.00497066 2 2 2
379.834 0.00496898 0.00496898 2 2 2
379.934 0.0049673 0.0049673 2 2 2
380.034 0.00496562 0.00496562 2 2 2
380.134 0.00496394 0.00496394 2 2 2
380.234 0.00496226 0.00496226 2 2 2
380.334 0.00496059 0.00496059 2 2 2
380.434 0.00495891 0.00495891 2 2 2
380.534 0.00495724 0.00495724 2 2 2
380.634 0.00495556 0.00495556 2 2 2
380.734 0.00495389 0.00495389 2 2 2
380.834 0.00495222 0.00495222 2 2 2
380.934 0.00495055 0.00495055 2 2 2
381.034 0.00494888 0.00494888 2 2 2
381.134 0.00494721 0.00494721 2 2 2
381.234 0.00494554 0.00494554 2 2 2
381.334 0.00494387 0.00494387 2 2 2
381.434 0.00494221 0.00494221 2 2 2
381.534 0.00494054 0.00494054 2 2 2
381.634 0.00493888 0.00493888 2 2 2
381.734 0.00493721 0.00493721 2 2 2
381.834 0.00493555 0.00493555 2 2 2
381.934 0.00493389 0.00493389 2 2 2
382.034 0.00493223 0.00493223 2 2 2
382.134 0.00493057 0.00493057 2 2 2
382.234 0.00492891 0.00492891 2 2 2
382.334 0.00492725 0.00492725 2 2 2
382.434 0.00492559 0.00492559 2 2 2
382.534 0.00492394 0.00492394 2 2 2
382.634 0.00492228 0.00492228 2 2 2
382.734 0.00492063 0.00492063 2 2 2
382.834 0.00491897 0.00491897 2 2 2
382.934 0.00491732 0.00491732 2 2 2
383.034 0.00491567 0.00491567 2 2 2
383.134 0.00491402 0.00491402 2 2 2
383.234 0.00491237 0.00491237 2 2 2
383.334 0.00491072 0.00491072 2 2 2
383.434 0.00490907 0.00490907 2 2 2
383.534 0.00490743 0.00490743 2 2 2
383.634 0.00490578 0.00490578 2 2 2
383.734 0.00490413 0.00490413 2 2 2
383.834 0.00490249 0.00490249 2 2 2
383.934 0.00490085 0.00490085 2 2 2
384.034 0.0048992 0.0048992 2 2 2
384.134 0.00489756 0.00489756 2 2 2
384.234 0.00489592 0.00489592 2 2 2
384.334 0.00489428 0.00489428 2 2 2
384.434 0.00489264 0.00489264 2 2 2
384.534 0.004891 0.004891 2 2 2
384.634 0.00488937 0.00488937 2 2 2
384.734 0.00488773 0.00488773 2 2 2
384.834 0.0048861 0.0048861 2 2 2
384.934 0.00488446 0.00488446 2 2 2
385.034 0.00488283 0.00488283 2 2 2
385.134 0.00488119 0.00488119 2 2 2
385.234 0.00487956 0.00487956 2 2 2
385.334 0.00487793 0.00487793 2 2 2
385.434 0.0048763 0.0048763 2 2 2
385.534 0.00487467 0.00487467 2 2 2
385.634 0.00487304 0.00487304 2 2 2
385.734 0.00487142 0.00487142 2 2 2
385.834 0.00486979 0.00486979 2 2 2
385.934 0.00486816 0.00486816 2 2 2
386.034 0.00486654 0.00486654 2 2 2
386.134 0.00486492 0.00486492 2 2 2
386.234 0.00486329 0.00486329 2 2 2
386.334 0.00486167 0.00486167 2 2 2
386.434 0.00486005 0.00486005 2 2 2
386.534 0.00485843 0.00485843 2 2 2
386.634 0.00485681 0.00485681 2 2 2
386.734 0.00485519 0.00485519 2 2 2
386.834 0.00485357 0.00485357 2 2 2
386.934 0.00485196 0.00485196 2 2 2
387.034 0.00485034 0.00485034 2 2 2
387.134 0.00484873 0.00484873 2 2 2
387.234 0.00484711 0.00484711 2 2 2
387.334 0.0048455 0.0048455 2 2 2
387.434 0.00484389 0.00484389 2 2 2
387.534 0.00484227 0.00484227 2 2 2
387.634 0.00484066 0.00484066 2 2 2
387.734 0.00483905 0.00483905 2 2 2
387.834 0.00483744 0.00483744 2 2 2
387.934 0.00483584 0.00483584 2 2 2
388.034 0.00483423 0.00483423 2 2 2
388.134 0.00483262 0.00483262 2 2 2
388.134 0.00483262 0.00483262 2 2 2
388.154 0.0048323 0.0048323 2 2 2
388.194 0.00483166 0.00483166 2 2 2
388.274 0.00483038 0.00483038 2 2 2
388.374 0.00482877 0.00482877 2 2 2
388.474 0.00482717 0.00482717 2 2 2
388.574 0.00482557 0.00482557 2 2 2
388.674 0.00482396 0.00482396 2 2 2
388.774 0.00482236 0.00482236 2 2 2
388.874 0.00482076 0.00482076 2 2 2
388.974 0.00481916 0.00481916 2 2 2
389.074 0.00481757 0.00481757 2 2 2
389.174 0.00481597 0.00481597 2 2 2
389.274 0.00481437 0.00481437 2 2 2
389.374 0.00481278 0.00481278 2 2 2
389.474 0.00481118 0.00481118 2 2 2
389.574 0.00480959 0.00480959 2 2 2
389.674 0.00480799 0.00480799 2 2 2
389.774 0.0048064 0.0048064 2 2 2
389.874 0.00480481 0.00480481 2 2 2
389.974 0.00480322 0.00480322 2 2 2
390.074 0.00480163 0.00480163 2 2 2
390.174 0.00480004 0.00480004 2 2 2
390.274 0.00479845 0.00479845 2 2 2
390.374 0.00479687 0.00479687 2 2 2
390.474 0.00479528 0.00479528 2 2 2
390.574 0.0047937 0.0047937 2 2 2
390.674 0.00479211 0.00479211 2 2 2
390.774 0.00479053 0.00479053 2 2 2
390.874 0.00478895 0.00478895 2 2 2
390.974 0.00478736 0.00478736 2 2 2
391.074 0.00478578 0.00478578 2 2 2
391.174 0.0047842 0.0047842 2 2 2
391.274 0.00478262 0.00478262 2 2 2
391.374 0.00478104 0.00478104 2 2 2
391.474 0.00477947 0.00477947 2 2 2
391.574 0.00477789 0.00477789 2 2 2
391.674 0.00477631 0.00477631 2 2 2
391.774 0.00477474 0.00477474 2 2 2
391.874 0.00477317 0.00477317 2 2 2
391.974 0.00477159 0.00477159 2 2 2
392.074 0.00477002 0.00477002 2 2 2
392.174 0.00476845 0.00476845 2 2 2
392.274 0.00476688 0.00476688 2 2 2
392.374 0.00476531 0.00476531 2 2 2
392.474 0.00476374 0.00476374 2 2 2
392.574 0.00476217 0.00476217 2 2 2
392.674 0.0047606 0.0047606 2 2 2
392.774 0.00475903 0.00475903 2 2 2
392.874 0.00475747 0.00475747 2 2 2
392.974 0.0047559 0.0047559 2 2 2
393.074 0.00475434 0.00475434 2 2 2
393.174 0.00475278 0.00475278 2 2 2
393.274 0.00475121 0.00475121 2 2 2
393.374 0.00474965 0.00474965 2 2 2
393.474 0.00474809 0.00474809 2 2 2
393.574 0.00474653 0.00474653 2 2 2
393.674 0.00474497 0.00474497 2 2 2
393.774 0.00474341 0.00474341 2 2 2
393.874 0.00474186 0.00474186 2 2 2
393.974 0.0047403 0.0047403 2 2 2
394.074 0.00473874 0.00473874 2 2 2
394.174 0.00473719 0.00473719 2 2 2
394.274 0.00473564 0.00473564 2 2 2
394.374 0.00473408 0.00473408 2 2 2
394.474 0.00473253 0.00473253 2 2 2
394.574 0.00473098 0.00473098 2 2 2
394.674 0.00472943 0.00472943 2 2 2
394.774 0.00472788 0.00472788 2 2 2
394.874 0.00472633 0.00472633 2 2 2
394.974 0.00472478 0.00472478 2 2 2
395.074 0.00472323 0.00472323 2 2 2
395.174 0.00472168 0.00472168 2 2 2
395.274 0.00472014 0.00472014 2 2 2
395.374 0.00471859 0.00471859 2 2 2
395.474 0.00471705 0.00471705 2 2 2
395.574 0.00471551 0.00471551 2 2 2
395.674 0.00471396 0.00471396 2 2 2
395.774 0.00471242 0.00471242 2 2 2
395.874 0.00471088 0.00471088 2 2 2
395.974 0.00470934 0.00470934 2 2 2
396.074 0.0047078 0.0047078 2 2 2
396.174 0.00470626 0.00470626 2 2 2
396.274 0.00470473 0.00470473 2 2 2
396.374 0.00470319 0.00470319 2 2 2
396.474 0.00470165 0.00470165 2 2 2
396.574 0.00470012 0.00470012 2 2 2
396.674 0.00469858 0.00469858 2 2 2
396.774 0.00469705 0.00469705 2 2 2
396.874 0.00469552 0.00469552 2 2 2
396.974 0.00469398 0.00469398 2 2 2
397.074 0.00469245 0.00469245 2 2 2
397.174 0.00469092 0.00469092 2 2 2
397.274 0.00468939 0.00468939 2 2 2
397.374 0.00468786 0.00468786 2 2 2
397.474 0.00468634 0.00468634 2 2 2
397.574 0.00468481 0.00468481 2 2 2
397.674 0.00468328 0.00468328 2 2 2
397.774 0.00468176 0.00468176 2 2 2
397.874 0.00468023 0.00468023 2 2 2
397.974 0.00467871 0.00467871 2 2 2
398.074 0.00467719 0.00467719 2 2 2
398.174 0.00467566 0.00467566 2 2 2
398.274 0.00467414 0.00467414 2 2 2
398.374 0.00467262 0.00467262 2 2 2
398.474 0.0046711 0.0046711 2 2 2
398.574 0.00466958 0.00466958 2 2 2
398.674 0.00466806 0.00466806 2 2 2
398.774 0.00466655 0.00466655 2 2 2
398.874 0.00466503 0.00466503 2 2 2
398.974 0.00466351 0.00466351 2 2 2
399.074 0.004662 0.004662 2 2 2
399.174 0.00466048 0.00466048 2 2 2
399.274 0.00465897 0.00465897 2 2 2
399.374 0.00465746 0.00465746 2 2 2
399.474 0.00465595 0.00465595 2 2 2
399.574 0.00465444 0.00465444 2 2 2
399.674 0.00465292 0.00465292 2 2 2
399.774 0.00465142 0.00465142 2 2 2
399.874 0.00464991 0.00464991 2 2 2
399.974 0.0046484 0.0046484 2 2 2
400.074 0.00464689 0.00464689 2 2 2
400.174 0.00464539 0.00464539 2 2 2
400.274 0.00464388 0.00464388 2 2 2
400.374 0.00464238 0.00464238 2 2 2
400.474 0.00464087 0.00464087 2 2 2
400.574 0.00463937 0.00463937 2 2 2
400.674 0.00463787 0.00463787 2 2 2
400.774 0.00463636 0.00463636 2 2 2
400.874 0.00463486 0.00463486 2 2 2
400.974 0.00463336 0.00463336 2 2 2
401.074 0.00463186 0.00463186 2 2 2
401.174 0.00463037 0.00463037 2 2 2
401.274 0.00462887 0.00462887 2 2 2
401.374 0.00462737 0.00462737 2 2 2
401.474 0.00462587 0.00462587 2 2 2
401.574 0.00462438 0.00462438 2 2 2
401.674 0.00462289 0.00462289 2 2 2
401.774 0.00462139 0.00462139 2 2 2
401.874 0.0046199 0.0046199 2 2 2
401.974 0.00461841 0.00461841 2 2 2
402.074 0.00461691 0.00461691 2 2 2
402.174 0.00461542 0.00461542 2 2 2
402.274 0.00461393 0.00461393 2 2 2
402.374 0.00461245 0.00461245 2 2 2
402.474 0.00461096 0.00461096 2 2 2
402.574 0.00460947 0.00460947 2 2 2
402.674 0.00460798 0.00460798 2 2 2
402.774 0.0046065 0.0046065 2 2 2
402.874 0.00460501 0.00460501 2 2 2
402.974 0.00460353 0.00460353 2 2 2
403.074 0.00460204 0.00460204 2 2 2
403.174 0.00460056 0.00460056 2 2 2
403.274 0.00459908 0.00459908 2 2 2
403.374 0.0045976 0.0045976 2 2 2
403.474 0.00459612 0.00459612 2 2 2
403.574 0.00459464 0.00459464 2 2 2
403.674 0.00459316 0.00459316 2 2 2
403.774 0.00459168 0.00459168 2 2 2
403.874 0.0045902 0.0045902 2 2 2
403.974 0.00458873 0.00458873 2 2 2
404.074 0.00458725 0.00458725 2 2 2
404.174 0.00458577 0.00458577 2 2 2
404.274 0.0045843 0.0045843 2 2 2
404.374 0.00458283 0.00458283 2 2 2
404.474 0.00458135 0.00458135 2 2 2
404.574 0.00457988 0.00457988 2 2 2
404.674 0.00457841 0.00457841 2 2 2
404.774 0.00457694 0.00457694 2 2 2
404.874 0.00457547 0.00457547 2 2 2
404.974 0.004574 0.004574 2 2 2
405.074 0.00457253 0.00457253 2 2 2
405.174 0.00457107 0.00457107 2 2 2
405.274 0.0045696 0.0045696 2 2 2
405.374 0.00456813 0.00456813 2 2 2
405.474 0.00456667 0.00456667 2 2 2
405.574 0.0045652 0.0045652 2 2 2
405.674 0.00456374 0.00456374 2 2 2
405.774 0.00456228 0.00456228 2 2 2
405.874 0.00456081 0.00456081 2 2 2
405.974 0.00455935 0.00455935 2 2 2
406.074 0.00455789 0.00455789 2 2 2
406.174 0.00455643 0.00455643 2 2 2
406.274 0.00455497 0.00455497 2 2 2
406.374 0.00455352 0.00455352 2 2 2
406.474 0.00455206 0.00455206 2 2 2
406.574 0.0045506 0.0045506 2 2 2
406.674 0.00454914 0.00454914 2 2 2
406.774 0.00454769 0.00454769 2 2 2
406.874 0.00454623 0.00454623 2 2 2
406.974 0.00454478 0.00454478 2 2 2
407.074 0.00454333 0.00454333 2 2 2
407.174 0.00454188 0.00454188 2 2 2
407.274 0.00454042 0.00454042 2 2 2
407.374 0.00453897 0.00453897 2 2 2
407.474 0.00453752 0.00453752 2 2 2
407.574 0.00453607 0.00453607 2 2 2
407.674 0.00453463 0.00453463 2 2 2
407.774 0.00453318 0.00453318 2 2 2
407.874 0.00453173 0.00453173 2 2 2
407.874 0.00453173 0.00453173 2 2 2
407.894 0.00453144 0.00453144 2 2 2
407.934 0.00453086 0.00453086 2 2 2
408.014 0.00452971 0.00452971 2 2 2
408.114 0.00452826 0.00452826 2 2 2
408.214 0.00452682 0.00452682 2 2 2
408.314 0.00452537 0.00452537 2 2 2
408.414 0.00452393 0.00452393 2 2 2
408.514 0.00452249 0.00452249 2 2 2
408.614 0.00452104 0.00452104 2 2 2
408.714 0.0045196 0.0045196 2 2 2
408.814 0.00451816 0.00451816 2 2 2
408.914 0.00451672 0.00451672 2 2 2
409.014 0.00451529 0.00451529 2 2 2
409.114 0.00451385 0.00451385 2 2 2
409.214 0.00451241 0.00451241 2 2 2
409.314 0.00451097 0.00451097 2 2 2
409.414 0.00450954 0.00450954 2 2 2
409.514 0.0045081 0.0045081 2 2 2
409.614 0.00450667 0.00450667 2 2 2
409.714 0.00450524 0.00450524 2 2 2
409.814 0.0045038 0.0045038 2 2 2
409.914 0.00450237 0.00450237 2 2 2
410.014 0.00450094 0.00450094 2 2 2
410.114 0.00449951 0.00449951 2 2 2
410.214 0.00449808 0.00449808 2 2 2
410.314 0.00449665 0.00449665 2 2 2
410.414 0.00449522 0.00449522 2 2 2
410.514 0.0044938 0.0044938 2 2 2
410.614 0.00449237 0.00449237 2 2 2
410.714 0.00449094 0.00449094 2 2 2
410.814 0.00448952 0.00448952 2 2 2
410.914 0.00448809 0.00448809 2 2 2
411.014 0.00448667 0.00448667 2 2 2
411.114 0.00448524 0.00448524 2 2 2
411.214 0.00448382 0.00448382 2 2 2
411.314 0.0044824 0.0044824 2 2 2
411.414 0.00448098 0.00448098 2 2 2
411.514 0.00447956 0.00447956 2 2 2
411.614 0.00447814 0.00447814 2 2 2
411.714 0.00447672 0.00447672 2 2 2
411.814 0.0044753 0.0044753 2 2 2
411.914 0.00447389 0.00447389 2 2 2
412.014 0.00447247 0.00447247 2 2 2
412.114 0.00447105 0.00447105 2 2 2
412.214 0.00446964 0.00446964 2 2 2
412.314 0.00446822 0.00446822 2 2 2
412.414 0.00446681 0.00446681 2 2 2
412.514 0.0044654 0.0044654 2 2 2
412.614 0.00446398 0.00446398 2 2 2
412.714 0.00446257 0.00446257 2 2 2
412.814 0.00446116 0.00446116 2 2 2
412.914 0.00445975 0.00445975 2 2 2
413.014 0.00445834 0.00445834 2 2 2
413.114 0.00445693 0.00445693 2 2 2
413.214 0.00445553 0.00445553 2 2 2
413.314 0.00445412 0.00445412 2 2 2
413.414 0.00445271 0.00445271 2 2 2
413.514 0.00445131 0.00445131 2 2 2
413.614 0.0044499 0.0044499 2 2 2
413.714 0.0044485 0.0044485 2 2 2
413.814 0.00444709 0.00444709 2 2 2
413.914 0.00444569 0.00444569 2 2 2
414.014 0.00444429 0.00444429 2 2 2
414.114 0.00444289 0.00444289 2 2 2
414.214 0.00444148 0.00444148 2 2 2
414.314 0.00444008 0.00444008 2 2 2
414.414 0.00443869 0.00443869 2 2 2
414.514 0.00443729 0.00443729 2 2 2
414.614 0.00443589 0.00443589 2 2 2
414.714 0.00443449 0.00443449 2 2 2
414.814 0.00443309 0.00443309 2 2 2
414.914 0.0044317 0.0044317 2 2 2
415.014 0.0044303 0.0044303 2 2 2
415.114 0.00442891 0.00442891 2 2 2
415.214 0.00442752 0.00442752 2 2 2
415.314 0.00442612 0.00442612 2 2 2
415.414 0.00442473 0.00442473 2 2 2
415.514 0.00442334 0.00442334 2 2 2
415.614 0.00442195 0.00442195 2 2 2
415.714 0.00442056 0.00442056 2 2 2
415.814 0.00441917 0.00441917 2 2 2
415.914 0.00441778 0.00441778 2 2 2
416.014 0.00441639 0.00441639 2 2 2
416.114 0.004415 0.004415 2 2 2
416.214 0.00441362 0.00441362 2 2 2
416.314 0.00441223 0.00441223 2 2 2
416.414 0.00441084 0.00441084 2 2 2
416.514 0.00440946 0.00440946 2 2 2
416.614 0.00440808 0.00440808 2 2 2
416.714 0.00440669 0.00440669 2 2 2
416.814 0.00440531 0.00440531 2 2 2
416.914 0.00440393 0.00440393 2 2 2
417.014 0.00440255 0.00440255 2 2 2
417.114 0.00440117 0.00440117 2 2 2
417.214 0.00439979 0.00439979 2 2 2
417.314 0.00439841 0.00439841 2 2 2
417.414 0.00439703 0.00439703 2 2 2
417.514 0.00439565 0.00439565 2 2 2
417.614 0.00439428 0.00439428 2 2 2
417.714 0.0043929 0.0043929 2 2 2
417.814 0.00439152 0.00439152 2 2 2
417.914 0.00439015 0.00439015 2 2 2
418.014 0.00438877 0.00438877 2 2 2
418.114 0.0043874 0.0043874 2 2 2
418.214 0.00438603 0.00438603 2 2 2
418.314 0.00438466 0.00438466 2 2 2
418.414 0.00438328 0.00438328 2 2 2
418.514 0.00438191 0.00438191 2 2 2
418.614 0.00438054 0.00438054 2 2 2
418.714 0.00437917 0.00437917 2 2 2
418.814 0.00437781 0.00437781 2 2 2
418.914 0.00437644 0.00437644 2 2 2
419.014 0.00437507 0.00437507 2 2 2
419.114 0.0043737 0.0043737 2 2 2
419.214 0.00437234 0.00437234 2 2 2
419.314 0.00437097 0.00437097 2 2 2
419.414 0.00436961 0.00436961 2 2 2
419.514 0.00436824 0.00436824 2 2 2
419.614 0.00436688 0.00436688 2 2 2
419.714 0.00436552 0.00436552 2 2 2
419.814 0.00436416 0.00436416 2 2 2
419.914 0.0043628 0.0043628 2 2 2
420.014 0.00436144 0.00436144 2 2 2
420.114 0.00436008 0.00436008 2 2 2
420.214 0.00435872 0.00435872 2 2 2
420.314 0.00435736 0.00435736 2 2 2
420.414 0.004356 0.004356 2 2 2
420.514 0.00435464 0.00435464 2 2 2
420.614 0.00435329 0.00435329 2 2 2
420.714 0.00435193 0.00435193 2 2 2
420.814 0.00435058 0.00435058 2 2 2
420.914 0.00434922 0.00434922 2 2 2
421.014 0.00434787 0.00434787 2 2 2
421.114 0.00434652 0.00434652 2 2 2
421.214 0.00434516 0.00434516 2 2 2
421.314 0.00434381 0.00434381 2 2 2
421.414 0.00434246 0.00434246 2 2 2
421.514 0.00434111 0.00434111 2 2 2
421.614 0.00433976 0.00433976 2 2 2
421.714 0.00433841 0.00433841 2 2 2
421.814 0.00433706 0.00433706 2 2 2
421.914 0.00433572 0.00433572 2 2 2
422.014 0.00433437 0.00433437 2 2 2
422.114 0.00433302 0.00433302 2 2 2
422.214 0.00433168 0.00433168 2 2 2
422.314 0.00433033 0.00433033 2 2 2
422.414 0.00432899 0.00432899 2 2 2
422.514 0.00432765 0.00432765 2 2 2
422.614 0.0043263 0.0043263 2 2 2
422.714 0.00432496 0.00432496 2 2 2
422.814 0.00432362 0.00432362 2 2 2
422.914 0.00432228 0.00432228 2 2 2
423.014 0.00432094 0.00432094 2 2 2
423.114 0.0043196 0.0043196 2 2 2
423.214 0.00431826 0.00431826 2 2 2
423.314 0.00431692 0.00431692 2 2 2
423.414 0.00431558 0.00431558 2 2 2
423.514 0.00431425 0.00431425 2 2 2
423.614 0.00431291 0.00431291 2 2 2
423.714 0.00431158 0.00431158 2 2 2
423.814 0.00431024 0.00431024 2 2 2
423.914 0.00430891 0.00430891 2 2 2
424.014 0.00430757 0.00430757 2 2 2
424.114 0.00430624 0.00430624 2 2 2
424.214 0.00430491 0.00430491 2 2 2
424.314 0.00430358 0.00430358 2 2 2
424.414 0.00430225 0.00430225 2 2 2
424.514 0.00430091 0.00430091 2 2 2
424.614 0.00429959 0.00429959 2 2 2
424.714 0.00429826 0.00429826 2 2 2
424.814 0.00429693 0.00429693 2 2 2
424.914 0.0042956 0.0042956 2 2 2
425.014 0.00429427 0.00429427 2 2 2
425.114 0.00429295 0.00429295 2 2 2
425.214 0.00429162 0.00429162 2 2 2
425.314 0.0042903 0.0042903 2 2 2
425.414 0.00428897 0.00428897 2 2 2
425.514 0.00428765 0.00428765 2 2 2
425.614 0.00428633 0.00428633 2 2 2
425.714 0.004285 0.004285 2 2 2
425.814 0.00428368 0.00428368 2 2 2
425.914 0.00428236 0.00428236 2 2 2
426.014 0.00428104 0.00428104 2 2 2
426.114 0.00427972 0.00427972 2 2 2
426.214 0.0042784 0.0042784 2 2 2
426.314 0.00427708 0.00427708 2 2 2
426.414 0.00427577 0.00427577 2 2 2
426.514 0.00427445 0.00427445 2 2 2
426.614 0.00427313 0.00427313 2 2 2
426.714 0.00427182 0.00427182 2 2 2
426.814 0.0042705 0.0042705 2 2 2
426.914 0.00426919 0.00426919 2 2 2
427.014 0.00426787 0.00426787 2 2 2
427.114 0.00426656 0.00426656 2 2 2
427.214 0.00426525 0.00426525 2 2 2
427.314 0.00426393 0.00426393 2 2 2
427.414 0.00426262 0.00426262 2 2 2
427.514 0.00426131 0.00426131 2 2 2
427.614 0.00426 0.00426 2 2 2
427.614 0.00426 0.00426 2 2 2
427.634 0.00425974 0.00425974 2 2 2
427.674 0.00425922 0.00425922 2 2 2
427.754 0.00425817 0.00425817 2 2 2
427.854 0.00425686 0.00425686 2 2 2
427.954 0.00425555 0.00425555 2 2 2
428.054 0.00425425 0.00425425 2 2 2
428.154 0.00425294 0.00425294 2 2 2
428.254 0.00425163 0.00425163 2 2 2
428.354 0.00425033 0.00425033 2 2 2
428.454 0.00424902 0.00424902 2 2 2
428.554 0.00424772 0.00424772 2 2 2
428.654 0.00424642 0.00424642 2 2 2
428.754 0.00424511 0.00424511 2 2 2
428.854 0.00424381 0.00424381 2 2 2
428.954 0.00424251 0.00424251 2 2 2
429.054 0.00424121 0.00424121 2 2 2
429.154 0.00423991 0.00423991 2 2 2
429.254 0.00423861 0.00423861 2 2 2
429.354 0.00423731 0.00423731 2 2 2
429.454 0.00423601 0.00423601 2 2 2
429.554 0.00423472 0.00423472 2 2 2
429.654 0.00423342 0.00423342 2 2 2
429.754 0.00423212 0.00423212 2 2 2
429.854 0.00423083 0.00423083 2 2 2
429.954 0.00422953 0.00422953 2 2 2
430.054 0.00422824 0.00422824 2 2 2
430.154 0.00422694 0.00422694 2 2 2
430.254 0.00422565 0.00422565 2 2 2
430.354 0.00422436 0.00422436 2 2 2
430.454 0.00422307 0.00422307 2 2 2
430.554 0.00422178 0.00422178 2 2 2
430.654 0.00422048 0.00422048 2 2 2
430.754 0.00421919 0.00421919 2 2 2
430.854 0.00421791 0.00421791 2 2 2
430.954 0.00421662 0.00421662 2 2 2
431.054 0.00421533 0.00421533 2 2 2
431.154 0.00421404 0.00421404 2 2 2
431.254 0.00421275 0.00421275 2 2 2
431.354 0.00421147 0.00421147 2 2 2
431.454 0.00421018 0.00421018 2 2 2
431.554 0.0042089 0.0042089 2 2 2
431.654 0.00420761 0.00420761 2 2 2
431.754 0.00420633 0.00420633 2 2 2
431.854 0.00420505 0.00420505 2 2 2
431.954 0.00420376 0.00420376 2 2 2
432.054 0.00420248 0.00420248 2 2 2
432.154 0.0042012 0.0042012 2 2 2
432.254 0.00419992 0.00419992 2 2 2
432.354 0.00419864 0.00419864 2 2 2
432.454 0.00419736 0.00419736 2 2 2
432.554 0.00419608 0.00419608 2 2 2
432.654 0.0041948 0.0041948 2 2 2
432.754 0.00419353 0.00419353 2 2 2
432.854 0.00419225 0.00419225 2 2 2
432.954 0.00419097 0.00419097 2 2 2
433.054 0.0041897 0.0041897 2 2 2
433.154 0.00418842 0.00418842 2 2 2
433.254 0.00418715 0.00418715 2 2 2
433.354 0.00418588 0.00418588 2 2 2
433.454 0.0041846 0.0041846 2 2 2
433.554 0.00418333 0.00418333 2 2 2
433.654 0.00418206 0.00418206 2 2 2
433.754 0.00418079 0.00418079 2 2 2
433.854 0.00417952 0.00417952 2 2 2
433.954 0.00417825 0.00417825 2 2 2
434.054 0.00417698 0.00417698 2 2 2
434.154 0.00417571 0.00417571 2 2 2
434.254 0.00417444 0.00417444 2 2 2
434.354 0.00417317 0.00417317 2 2 2
434.454 0.00417191 0.00417191 2 2 2
434.554 0.00417064 0.00417064 2 2 2
434.654 0.00416937 0.00416937 2 2 2
434.754 0.00416811 0.00416811 2 2 2
434.854 0.00416684 0.00416684 2 2 2
434.954 0.00416558 0.00416558 2 2 2
435.054 0.00416432 0.00416432 2 2 2
435.154 0.00416305 0.00416305 2 2 2
435.254 0.00416179 0.00416179 2 2 2
435.354 0.00416053 0.00416053 2 2 2
435.454 0.00415927 0.00415927 2 2 2
435.554 0.00415801 0.00415801 2 2 2
435.654 0.00415675 0.00415675 2 2 2
435.754 0.00415549 0.00415549 2 2 2
435.854 0.00415423 0.00415423 2 2 2
435.954 0.00415298 0.00415298 2 2 2
436.054 0.00415172 0.00415172 2 2 2
436.154 0.00415046 0.00415046 2 2 2
436.254 0.00414921 0.00414921 2 2 2
436.354 0.00414795 0.00414795 2 2 2
436.454 0.0041467 0.0041467 2 2 2
436.554 0.00414544 0.00414544 2 2 2
436.654 0.00414419 0.00414419 2 2 2
436.754 0.00414294 0.00414294 2 2 2
436.854 0.00414168 0.00414168 2 2 2
436.954 0.00414043 0.00414043 2 2 2
437.054 0.00413918 0.00413918 2 2 2
437.154 0.00413793 0.00413793 2 2 2
437.254 0.00413668 0.00413668 2 2 2
437.354 0.00413543 0.00413543 2 2 2
437.454 0.00413418 0.00413418 2 2 2
437.554 0.00413293 0.00413293 2 2 2
437.654 0.00413169 0.00413169 2 2 2
437.754 0.00413044 0.00413044 2 2 2
437.854 0.00412919 0.00412919 2 2 2
437.954 0.00412795 0.00412795 2 2 2
438.054 0.0041267 0.0041267 2 2 2
438.154 0.00412546 0.00412546 2 2 2
438.254 0.00412421 0.00412421 2 2 2
438.354 0.00412297 0.00412297 2 2 2
438.454 0.00412173 0.00412173 2 2 2
438.554 0.00412049 0.00412049 2 2 2
438.654 0.00411925 0.00411925 2 2 2
438.754 0.004118 0.004118 2 2 2
438.854 0.00411676 0.00411676 2 2 2
438.954 0.00411552 0.00411552 2 2 2
439.054 0.00411429 0.00411429 2 2 2
439.154 0.00411305 0.00411305 2 2 2
439.254 0.00411181 0.00411181 2 2 2
439.354 0.00411057 0.00411057 2 2 2
439.454 0.00410933 0.00410933 2 2 2
439.554 0.0041081 0.0041081 2 2 2
439.654 0.00410686 0.00410686 2 2 2
439.754 0.00410563 0.00410563 2 2 2
439.854 0.00410439 0.00410439 2 2 2
439.954 0.00410316 0.00410316 2 2 2
440.054 0.00410193 0.00410193 2 2 2
440.154 0.00410069 0.00410069 2 2 2
440.254 0.00409946 0.00409946 2 2 2
440.354 0.00409823 0.00409823 2 2 2
440.454 0.004097 0.004097 2 2 2
440.554 0.00409577 0.00409577 2 2 2
440.654 0.00409454 0.00409454 2 2 2
440.754 0.00409331 0.00409331 2 2 2
440.854 0.00409208 0.00409208 2 2 2
440.954 0.00409086 0.00409086 2 2 2
441.054 0.00408963 0.00408963 2 2 2
441.154 0.0040884 0.0040884 2 2 2
441.254 0.00408717 0.00408717 2 2 2
441.354 0.00408595 0.00408595 2 2 2
441.454 0.00408472 0.00408472 2 2 2
441.554 0.0040835 0.0040835 2 2 2
441.654 0.00408228 0.00408228 2 2 2
441.754 0.00408105 0.00408105 2 2 2
441.854 0.00407983 0.00407983 2 2 2
441.954 0.00407861 0.00407861 2 2 2
442.054 0.00407739 0.00407739 2 2 2
442.154 0.00407617 0.00407617 2 2 2
442.254 0.00407495 0.00407495 2 2 2
442.354 0.00407373 0.00407373 2 2 2
442.454 0.00407251 0.00407251 2 2 2
442.554 0.00407129 0.00407129 2 2 2
442.654 0.00407007 0.00407007 2 2 2
442.754 0.00406885 0.00406885 2 2 2
442.854 0.00406764 0.00406764 2 2 2
442.954 0.00406642 0.00406642 2 2 2
443.054 0.0040652 0.0040652 2 2 2
443.154 0.00406399 0.00406399 2 2 2
443.254 0.00406278 0.00406278 2 2 2
443.354 0.00406156 0.00406156 2 2 2
443.454 0.00406035 0.00406035 2 2 2
443.554 0.00405914 0.00405914 2 2 2
443.654 0.00405792 0.00405792 2 2 2
443.754 0.00405671 0.00405671 2 2 2
443.854 0.0040555 0.0040555 2 2 2
443.954 0.00405429 0.00405429 2 2 2
444.054 0.00405308 0.00405308 2 2 2
444.154 0.00405187 0.00405187 2 2 2
444.254 0.00405066 0.00405066 2 2 2
444.354 0.00404945 0.00404945 2 2 2
444.454 0.00404825 0.00404825 2 2 2
444.554 0.00404704 0.00404704 2 2 2
444.654 0.00404583 0.00404583 2 2 2
444.754 0.00404463 0.00404463 2 2 2
444.854 0.00404342 0.00404342 2 2 2
444.954 0.00404222 0.00404222 2 2 2
445.054 0.00404101 0.00404101 2 2 2
445.154 0.00403981 0.00403981 2 2 2
445.254 0.00403861 0.00403861 2 2 2
445.354 0.0040374 0.0040374 2 2 2
445.454 0.0040362 0.0040362 2 2 2
445.554 0.004035 0.004035 2 2 2
445.654 0.0040338 0.0040338 2 2 2
445.754 0.0040326 0.0040326 2 2 2
445.854 0.0040314 0.0040314 2 2 2
445.954 0.0040302 0.0040302 2 2 2
446.054 0.004029 0.004029 2 2 2
446.154 0.00402781 0.00402781 2 2 2
446.254 0.00402661 0.00402661 2 2 2
446.354 0.00402541 0.00402541 2 2 2
446.454 0.00402421 0.00402421 2 2 2
446.554 0.00402302 0.00402302 2 2 2
446.654 0.00402182 0.00402182 2 2 2
446.754 0.00402063 0.00402063 2 2 2
446.854 0.00401944 0.00401944 2 2 2
446.954 0.00401824 0.00401824 2 2 2
447.054 0.00401705 0.00401705 2 2 2
447.154 0.00401586 0.00401586 2 2 2
447.254 0.00401467 0.00401467 2 2 2
447.354 0.00401347 0.00401347 2 2 2
447.354 0.00401347 0.00401347 2 2 2
447.374 0.00401324 0.00401324 2 2 2
447.414 0.00401276 0.00401276 2 2 2
447.494 0.00401181 0.00401181 2 2 2
447.594 0.00401062 0.00401062 2 2 2
447.694 0.00400943 0.00400943 2 2 2
447.794 0.00400824 0.00400824 2 2 2
447.894 0.00400705 0.00400705 2 2 2
447.994 0.00400586 0.00400586 2 2 2
448.094 0.00400468 0.00400468 2 2 2
448.194 0.00400349 0.00400349 2 2 2
448.294 0.00400231 0.00400231 2 2 2
448.394 0.00400112 0.00400112 2 2 2
448.494 0.00399994 0.00399994 2 2 2
448.594 0.00399875 0.00399875 2 2 2
448.694 0.00399757 0.00399757 2 2 2
448.794 0.00399638 0.00399638 2 2 2
448.894 0.0039952 0.0039952 2 2 2
448.994 0.00399402 0.00399402 2 2 2
449.094 0.00399284 0.00399284 2 2 2
449.194 0.00399166 0.00399166 2 2 2
449.294 0.00399048 0.00399048 2 2 2
449.394 0.0039893 0.0039893 2 2 2
449.494 0.00398812 0.00398812 2 2 2
449.594 0.00398694 0.00398694 2 2 2
449.694 0.00398576 0.00398576 2 2 2
449.794 0.00398458 0.00398458 2 2 2
449.894 0.00398341 0.00398341 2 2 2
449.994 0.00398223 0.00398223 2 2 2
450.094 0.00398105 0.00398105 2 2 2
450.194 0.00397988 0.00397988 2 2 2
450.294 0.0039787 0.0039787 2 2 2
450.394 0.00397753 0.00397753 2 2 2
450.494 0.00397636 0.00397636 2 2 2
450.594 0.00397518 0.00397518 2 2 2
450.694 0.00397401 0.00397401 2 2 2
450.794 0.00397284 0.00397284 2 2 2
450.894 0.00397167 0.00397167 2 2 2
450.994 0.0039705 0.0039705 2 2 2
451.094 0.00396933 0.00396933 2 2 2
451.194 0.00396816 0.00396816 2 2 2
451.294 0.00396699 0.00396699 2 2 2
451.394 0.00396582 0.00396582 2 2 2
451.494 0.00396465 0.00396465 2 2 2
451.594 0.00396348 0.00396348 2 2 2
451.694 0.00396232 0.00396232 2 2 2
451.794 0.00396115 0.00396115 2 2 2
451.894 0.00395998 0.00395998 2 2 2
451.994 0.00395882 0.00395882 2 2 2
452.094 0.00395765 0.00395765 2 2 2
452.194 0.00395649 0.00395649 2 2 2
452.294 0.00395532 0.00395532 2 2 2
452.394 0.00395416 0.00395416 2 2 2
452.494 0.003953 0.003953 2 2 2
452.594 0.00395184 0.00395184 2 2 2
452.694 0.00395067 0.00395067 2 2 2
452.794 0.00394951 0.00394951 2 2 2
452.894 0.00394835 0.00394835 2 2 2
452.994 0.00394719 0.00394719 2 2 2
453.094 0.00394603 0.00394603 2 2 2
453.194 0.00394487 0.00394487 2 2 2
453.294 0.00394372 0.00394372 2 2 2
453.394 0.00394256 0.00394256 2 2 2
453.494 0.0039414 0.0039414 2 2 2
453.594 0.00394024 0.00394024 2 2 2
453.694 0.00393909 0.00393909 2 2 2
453.794 0.00393793 0.00393793 2 2 2
453.894 0.00393678 0.00393678 2 2 2
453.994 0.00393562 0.00393562 2 2 2
454.094 0.00393447 0.00393447 2 2 2
454.194 0.00393331 0.00393331 2 2 2
454.294 0.00393216 0.00393216 2 2 2
454.394 0.00393101 0.00393101 2 2 2
454.494 0.00392986 0.00392986 2 2 2
454.594 0.0039287 0.0039287 2 2 2
454.694 0.00392755 0.00392755 2 2 2
454.794 0.0039264 0.0039264 2 2 2
454.894 0.00392525 0.00392525 2 2 2
454.994 0.0039241 0.0039241 2 2 2
455.094 0.00392296 0.00392296 2 2 2
455.194 0.00392181 0.00392181 2 2 2
455.294 0.00392066 0.00392066 2 2 2
455.394 0.00391951 0.00391951 2 2 2
455.494 0.00391837 0.00391837 2 2 2
455.594 0.00391722 0.00391722 2 2 2
455.694 0.00391607 0.00391607 2 2 2
455.794 0.00391493 0.00391493 2 2 2
455.894 0.00391378 0.00391378 2 2 2
455.994 0.00391264 0.00391264 2 2 2
456.094 0.0039115 0.0039115 2 2 2
456.194 0.00391035 0.00391035 2 2 2
456.294 0.00390921 0.00390921 2 2 2
456.394 0.00390807 0.00390807 2 2 2
456.494 0.00390693 0.00390693 2 2 2
456.594 0.00390579 0.00390579 2 2 2
456.694 0.00390465 0.00390465 2 2 2
456.794 0.00390351 0.00390351 2 2 2
456.894 0.00390237 0.00390237 2 2 2
456.994 0.00390123 0.00390123 2 2 2
457.094 0.00390009 0.00390009 2 2 2
457.194 0.00389895 0.00389895 2 2 2
457.294 0.00389782 0.00389782 2 2 2
457.394 0.00389668 0.00389668 2 2 2
457.494 0.00389554 0.00389554 2 2 2
457.594 0.00389441 0.00389441 2 2 2
457.694 0.00389327 0.00389327 2 2 2
457.794 0.00389214 0.00389214 2 2 2
457.894 0.003891 0.003891 2 2 2
457.994 0.00388987 0.00388987 2 2 2
458.094 0.00388874 0.00388874 2 2 2
458.194 0.0038876 0.0038876 2 2 2
458.294 0.00388647 0.00388647 2 2 2
458.394 0.00388534 0.00388534 2 2 2
458.494 0.00388421 0.00388421 2 2 2
458.594 0.00388308 0.00388308 2 2 2
458.694 0.00388195 0.00388195 2 2 2
458.794 0.00388082 0.00388082 2 2 2
458.894 0.00387969 0.00387969 2 2 2
458.994 0.00387856 0.00387856 2 2 2
459.094 0.00387744 0.00387744 2 2 2
459.194 0.00387631 0.00387631 2 2 2
459.294 0.00387518 0.00387518 2 2 2
459.394 0.00387406 0.00387406 2 2 2
459.494 0.00387293 0.00387293 2 2 2
459.594 0.0038718 0.0038718 2 2 2
459.694 0.00387068 0.00387068 2 2 2
459.794 0.00386956 0.00386956 2 2 2
459.894 0.00386843 0.00386843 2 2 2
459.994 0.00386731 0.00386731 2 2 2
460.094 0.00386619 0.00386619 2 2 2
460.194 0.00386506 0.00386506 2 2 2
460.294 0.00386394 0.00386394 2 2 2
460.394 0.00386282 0.00386282 2 2 2
460.494 0.0038617 0.0038617 2 2 2
460.594 0.00386058 0.00386058 2 2 2
460.694 0.00385946 0.00385946 2 2 2
460.794 0.00385834 0.00385834 2 2 2
460.894 0.00385722 0.00385722 2 2 2
460.994 0.00385611 0.00385611 2 2 2
461.094 0.00385499 0.00385499 2 2 2
461.194 0.00385387 0.00385387 2 2 2
461.294 0.00385276 0.00385276 2 2 2
461.394 0.00385164 0.00385164 2 2 2
461.494 0.00385052 0.00385052 2 2 2
461.594 0.00384941 0.00384941 2 2 2
461.694 0.00384829 0.00384829 2 2 2
461.794 0.00384718 0.00384718 2 2 2
461.894 0.00384607 0.00384607 2 2 2
461.994 0.00384495 0.00384495 2 2 2
462.094 0.00384384 0.00384384 2 2 2
462.194 0.00384273 0.00384273 2 2 2
462.294 0.00384162 0.00384162 2 2 2
462.394 0.00384051 0.00384051 2 2 2
462.494 0.0038394 0.0038394 2 2 2
462.594 0.00383829 0.00383829 2 2 2
462.694 0.00383718 0.00383718 2 2 2
462.794 0.00383607 0.00383607 2 2 2
462.894 0.00383496 0.00383496 2 2 2
462.994 0.00383385 0.00383385 2 2 2
463.094 0.00383275 0.00383275 2 2 2
463.194 0.00383164 0.00383164 2 2 2
463.294 0.00383053 0.00383053 2 2 2
463.394 0.00382943 0.00382943 2 2 2
463.494 0.00382832 0.00382832 2 2 2
463.594 0.00382722 0.00382722 2 2 2
463.694 0.00382611 0.00382611 2 2 2
463.794 0.00382501 0.00382501 2 2 2
463.894 0.00382391 0.00382391 2 2 2
463.994 0.0038228 0.0038228 2 2 2
464.094 0.0038217 0.0038217 2 2 2
464.194 0.0038206 0.0038206 2 2 2
464.294 0.0038195 0.0038195 2 2 2
464.394 0.0038184 0.0038184 2 2 2
464.494 0.0038173 0.0038173 2 2 2
464.594 0.0038162 0.0038162 2 2 2
464.694 0.0038151 0.0038151 2 2 2
464.794 0.003814 0.003814 2 2 2
464.894 0.0038129 0.0038129 2 2 2
464.994 0.0038118 0.0038118 2 2 2
465.094 0.0038107 0.0038107 2 2 2
465.194 0.00380961 0.00380961 2 2 2
465.294 0.00380851 0.00380851 2 2 2
465.394 0.00380742 0.00380742 2 2 2
465.494 0.00380632 0.00380632 2 2 2
465.594 0.00380523 0.00380523 2 2 2
465.694 0.00380413 0.00380413 2 2 2
465.794 0.00380304 0.00380304 2 2 2
465.894 0.00380194 0.00380194 2 2 2
465.994 0.00380085 0.00380085 2 2 2
466.094 0.00379976 0.00379976 2 2 2
466.194 0.00379867 0.00379867 2 2 2
466.294 0.00379758 0.00379758 2 2 2
466.394 0.00379648 0.00379648 2 2 2
466.494 0.00379539 0.00379539 2 2 2
466.594 0.0037943 0.0037943 2 2 2
466.694 0.00379322 0.00379322 2 2 2
466.794 0.00379213 0.00379213 2 2 2
466.894 0.00379104 0.00379104 2 2 2
466.994 0.00378995 0.00378995 2 2 2
467.094 0.00378886 0.00378886 2 2 2
467.094 0.00378886 0.00378886 2 2 2
467.114 0.00378865 0.00378865 2 2 2
467.154 0.00378821 0.00378821 2 2 2
467.234 0.00378734 0.00378734 2 2 2
467.334 0.00378625 0.00378625 2 2 2
467.434 0.00378517 0.00378517 2 2 2
467.534 0.00378408 0.00378408 2 2 2
467.634 0.003783 0.003783 2 2 2
467.734 0.00378191 0.00378191 2 2 2
467.834 0.00378083 0.00378083 2 2 2
467.934 0.00377975 0.00377975 2 2 2
468.034 0.00377866 0.00377866 2 2 2
468.134 0.00377758 0.00377758 2 2 2
468.234 0.0037765 0.0037765 2 2 2
468.334 0.00377542 0.00377542 2 2 2
468.434 0.00377434 0.00377434 2 2 2
468.534 0.00377326 0.00377326 2 2 2
468.634 0.00377218 0.00377218 2 2 2
468.734 0.0037711 0.0037711 2 2 2
468.834 0.00377002 0.00377002 2 2 2
468.934 0.00376894 0.00376894 2 2 2
469.034 0.00376786 0.00376786 2 2 2
469.134 0.00376679 0.00376679 2 2 2
469.234 0.00376571 0.00376571 2 2 2
469.334 0.00376463 0.00376463 2 2 2
469.434 0.00376356 0.00376356 2 2 2
469.534 0.00376248 0.00376248 2 2 2
469.634 0.00376141 0.00376141 2 2 2
469.734 0.00376033 0.00376033 2 2 2
469.834 0.00375926 0.00375926 2 2 2
469.934 0.00375818 0.00375818 2 2 2
470.034 0.00375711 0.00375711 2 2 2
470.134 0.00375604 0.00375604 2 2 2
470.234 0.00375497 0.00375497 2 2 2
470.334 0.00375389 0.00375389 2 2 2
470.434 0.00375282 0.00375282 2 2 2
470.534 0.00375175 0.00375175 2 2 2
470.634 0.00375068 0.00375068 2 2 2
470.734 0.00374961 0.00374961 2 2 2
470.834 0.00374854 0.00374854 2 2 2
470.934 0.00374747 0.00374747 2 2 2
471.034 0.00374641 0.00374641 2 2 2
471.134 0.00374534 0.00374534 2 2 2
471.234 0.00374427 0.00374427 2 2 2
471.334 0.0037432 0.0037432 2 2 2
471.434 0.00374214 0.00374214 2 2 2
471.534 0.00374107 0.00374107 2 2 2
471.634 0.00374001 0.00374001 2 2 2
471.734 0.00373894 0.00373894 2 2 2
471.834 0.00373788 0.00373788 2 2 2
471.934 0.00373681 0.00373681 2 2 2
472.034 0.00373575 0.00373575 2 2 2
472.134 0.00373469 0.00373469 2 2 2
472.234 0.00373362 0.00373362 2 2 2
472.334 0.00373256 0.00373256 2 2 2
472.434 0.0037315 0.0037315 2 2 2
472.534 0.00373044 0.00373044 2 2 2
472.634 0.00372938 0.00372938 2 2 2
472.734 0.00372832 0.00372832 2 2 2
472.834 0.00372726 0.00372726 2 2 2
472.934 0.0037262 0.0037262 2 2 2
473.034 0.00372514 0.00372514 2 2 2
473.134 0.00372408 0.00372408 2 2 2
473.234 0.00372302 0.00372302 2 2 2
473.334 0.00372197 0.00372197 2 2 2
473.434 0.00372091 0.00372091 2 2 2
473.534 0.00371985 0.00371985 2 2 2
473.634 0.0037188 0.0037188 2 2 2
473.734 0.00371774 0.00371774 2 2 2
473.834 0.00371669 0.00371669 2 2 2
473.934 0.00371563 0.00371563 2 2 2
474.034 0.00371458 0.00371458 2 2 2
474.134 0.00371352 0.00371352 2 2 2
474.234 0.00371247 0.00371247 2 2 2
474.334 0.00371142 0.00371142 2 2 2
474.434 0.00371037 0.00371037 2 2 2
474.534 0.00370931 0.00370931 2 2 2
474.634 0.00370826 0.00370826 2 2 2
474.734 0.00370721 0.00370721 2 2 2
474.834 0.00370616 0.00370616 2 2 2
474.934 0.00370511 0.00370511 2 2 2
475.034 0.00370406 0.00370406 2 2 2
475.134 0.00370301 0.00370301 2 2 2
475.234 0.00370197 0.00370197 2 2 2
475.334 0.00370092 0.00370092 2 2 2
475.434 0.00369987 0.00369987 2 2 2
475.534 0.00369882 0.00369882 2 2 2
475.634 0.00369778 0.00369778 2 2 2
475.734 0.00369673 0.00369673 2 2 2
475.834 0.00369568 0.00369568 2 2 2
475.934 0.00369464 0.00369464 2 2 2
476.034 0.00369359 0.00369359 2 2 2
476.134 0.00369255 0.00369255 2 2 2
476.234 0.00369151 0.00369151 2 2 2
476.334 0.00369046 0.00369046 2 2 2
476.434 0.00368942 0.00368942 2 2 2
476.534 0.00368838 0.00368838 2 2 2
476.634 0.00368734 0.00368734 2 2 2
476.734 0.00368629 0.00368629 2 2 2
476.834 0.00368525 0.00368525 2 2 2
476.934 0.00368421 0.00368421 2 2 2
477.034 0.00368317 0.00368317 2 2 2
477.134 0.00368213 0.00368213 2 2 2
477.234 0.00368109 0.00368109 2 2 2
477.334 0.00368005 0.00368005 2 2 2
477.434 0.00367902 0.00367902 2 2 2
477.534 0.00367798 0.00367798 2 2 2
477.634 0.00367694 0.00367694 2 2 2
477.734 0.0036759 0.0036759 2 2 2
477.834 0.00367487 0.00367487 2 2 2
477.934 0.00367383 0.00367383 2 2 2
478.034 0.0036728 0.0036728 2 2 2
478.134 0.00367176 0.00367176 2 2 2
478.234 0.00367073 0.00367073 2 2 2
478.334 0.00366969 0.00366969 2 2 2
478.434 0.00366866 0.00366866 2 2 2
478.534 0.00366763 0.00366763 2 2 2
478.634 0.00366659 0.00366659 2 2 2
478.734 0.00366556 0.00366556 2 2 2
478.834 0.00366453 0.00366453 2 2 2
478.934 0.0036635 0.0036635 2 2 2
479.034 0.00366247 0.00366247 2 2 2
479.134 0.00366144 0.00366144 2 2 2
479.234 0.00366041 0.00366041 2 2 2
479.334 0.00365938 0.00365938 2 2 2
479.434 0.00365835 0.00365835 2 2 2
479.534 0.00365732 0.00365732 2 2 2
479.634 0.00365629 0.00365629 2 2 2
479.734 0.00365526 0.00365526 2 2 2
479.834 0.00365423 0.00365423 2 2 2
479.934 0.00365321 0.00365321 2 2 2
480.034 0.00365218 0.00365218 2 2 2
480.134 0.00365115 0.00365115 2 2 2
480.234 0.00365013 0.00365013 2 2 2
480.334 0.0036491 0.0036491 2 2 2
480.434 0.00364808 0.00364808 2 2 2
480.534 0.00364706 0.00364706 2 2 2
480.634 0.00364603 0.00364603 2 2 2
480.734 0.00364501 0.00364501 2 2 2
480.834 0.00364399 0.00364399 2 2 2
480.934 0.00364296 0.00364296 2 2 2
481.034 0.00364194 0.00364194 2 2 2
481.134 0.00364092 0.00364092 2 2 2
481.234 0.0036399 0.0036399 2 2 2
481.334 0.00363888 0.00363888 2 2 2
481.434 0.00363786 0.00363786 2 2 2
481.534 0.00363684 0.00363684 2 2 2
481.634 0.00363582 0.00363582 2 2 2
481.734 0.0036348 0.0036348 2 2 2
481.834 0.00363378 0.00363378 2 2 2
481.934 0.00363276 0.00363276 2 2 2
482.034 0.00363175 0.00363175 2 2 2
482.134 0.00363073 0.00363073 2 2 2
482.234 0.00362971 0.00362971 2 2 2
482.334 0.0036287 0.0036287 2 2 2
482.434 0.00362768 0.00362768 2 2 2
482.534 0.00362667 0.00362667 2 2 2
482.634 0.00362565 0.00362565 2 2 2
482.734 0.00362464 0.00362464 2 2 2
482.834 0.00362362 0.00362362 2 2 2
482.934 0.00362261 0.00362261 2 2 2
483.034 0.0036216 0.0036216 2 2 2
483.134 0.00362058 0.00362058 2 2 2
483.234 0.00361957 0.00361957 2 2 2
483.334 0.00361856 0.00361856 2 2 2
483.434 0.00361755 0.00361755 2 2 2
483.534 0.00361654 0.00361654 2 2 2
483.634 0.00361553 0.00361553 2 2 2
483.734 0.00361452 0.00361452 2 2 2
483.834 0.00361351 0.00361351 2 2 2
483.934 0.0036125 0.0036125 2 2 2
484.034 0.00361149 0.00361149 2 2 2
484.134 0.00361048 0.00361048 2 2 2
484.234 0.00360947 0.00360947 2 2 2
484.334 0.00360847 0.00360847 2 2 2
484.434 0.00360746 0.00360746 2 2 2
484.534 0.00360645 0.00360645 2 2 2
484.634 0.00360545 0.00360545 2 2 2
484.734 0.00360444 0.00360444 2 2 2
484.834 0.00360344 0.00360344 2 2 2
484.934 0.00360243 0.00360243 2 2 2
485.034 0.00360143 0.00360143 2 2 2
485.134 0.00360042 0.00360042 2 2 2
485.234 0.00359942 0.00359942 2 2 2
485.334 0.00359842 0.00359842 2 2 2
485.434 0.00359741 0.00359741 2 2 2
485.534 0.00359641 0.00359641 2 2 2
485.634 0.00359541 0.00359541 2 2 2
485.734 0.00359441 0.00359441 2 2 2
485.834 0.00359341 0.00359341 2 2 2
485.934 0.00359241 0.00359241 2 2 2
486.034 0.00359141 0.00359141 2 2 2
486.134 0.00359041 0.00359041 2 2 2
486.234 0.00358941 0.00358941 2 2 2
486.334 0.00358841 0.00358841 2 2 2
486.434 0.00358741 0.00358741 2 2 2
486.534 0.00358642 0.00358642 2 2 2
486.634 0.00358542 0.00358542 2 2 2
486.734 0.00358442 0.00358442 2 2 2
486.834 0.00358343 0.00358343 2 2 2
486.834 0.00358343 0.00358343 2 2 2
486.854 0.00358323 0.00358323 2 2 2
486.894 0.00358283 0.00358283 2 2 2
486.974 0.00358203 0.00358203 2 2 2
487.074 0.00358104 0.00358104 2 2 2
487.174 0.00358004 0.00358004 2 2 2
487.274 0.00357905 0.00357905 2 2 2
487.374 0.00357805 0.00357805 2 2 2
487.474 0.00357706 0.00357706 2 2 2
487.574 0.00357606 0.00357606 2 2 2
487.674 0.00357507 0.00357507 2 2 2
487.774 0.00357408 0.00357408 2 2 2
487.874 0.00357309 0.00357309 2 2 2
487.974 0.0035721 0.0035721 2 2 2
488.074 0.00357111 0.00357111 2 2 2
488.174 0.00357011 0.00357011 2 2 2
488.274 0.00356912 0.00356912 2 2 2
488.374 0.00356813 0.00356813 2 2 2
488.474 0.00356715 0.00356715 2 2 2
488.574 0.00356616 0.00356616 2 2 2
488.674 0.00356517 0.00356517 2 2 2
488.774 0.00356418 0.00356418 2 2 2
488.874 0.00356319 0.00356319 2 2 2
488.974 0.0035622 0.0035622 2 2 2
489.074 0.00356122 0.00356122 2 2 2
489.174 0.00356023 0.00356023 2 2 2
489.274 0.00355925 0.00355925 2 2 2
489.374 0.00355826 0.00355826 2 2 2
489.474 0.00355728 0.00355728 2 2 2
489.574 0.00355629 0.00355629 2 2 2
489.674 0.00355531 0.00355531 2 2 2
489.774 0.00355432 0.00355432 2 2 2
489.874 0.00355334 0.00355334 2 2 2
489.974 0.00355236 0.00355236 2 2 2
490.074 0.00355137 0.00355137 2 2 2
490.174 0.00355039 0.00355039 2 2 2
490.274 0.00354941 0.00354941 2 2 2
490.374 0.00354843 0.00354843 2 2 2
490.474 0.00354745 0.00354745 2 2 2
490.574 0.00354647 0.00354647 2 2 2
490.674 0.00354549 0.00354549 2 2 2
490.774 0.00354451 0.00354451 2 2 2
490.874 0.00354353 0.00354353 2 2 2
490.974 0.00354255 0.00354255 2 2 2
491.074 0.00354157 0.00354157 2 2 2
491.174 0.00354059 0.00354059 2 2 2
491.274 0.00353962 0.00353962 2 2 2
491.374 0.00353864 0.00353864 2 2 2
491.474 0.00353766 0.00353766 2 2 2
491.574 0.00353669 0.00353669 2 2 2
491.674 0.00353571 0.00353571 2 2 2
491.774 0.00353473 0.00353473 2 2 2
491.874 0.00353376 0.00353376 2 2 2
491.974 0.00353278 0.00353278 2 2 2
492.074 0.00353181 0.00353181 2 2 2
492.174 0.00353084 0.00353084 2 2 2
492.274 0.00352986 0.00352986 2 2 2
492.374 0.00352889 0.00352889 2 2 2
492.474 0.00352792 0.00352792 2 2 2
492.574 0.00352695 0.00352695 2 2 2
492.674 0.00352597 0.00352597 2 2 2
492.774 0.003525 0.003525 2 2 2
492.874 0.00352403 0.00352403 2 2 2
492.974 0.00352306 0.00352306 2 2 2
493.074 0.00352209 0.00352209 2 2 2
493.174 0.00352112 0.00352112 2 2 2
493.274 0.00352015 0.00352015 2 2 2
493.374 0.00351918 0.00351918 2 2 2
493.474 0.00351822 0.00351822 2 2 2
493.574 0.00351725 0.00351725 2 2 2
493.674 0.00351628 0.00351628 2 2 2
493.774 0.00351531 0.00351531 2 2 2
493.874 0.00351435 0.00351435 2 2 2
493.974 0.00351338 0.00351338 2 2 2
494.074 0.00351242 0.00351242 2 2 2
494.174 0.00351145 0.00351145 2 2 2
494.274 0.00351049 0.00351049 2 2 2
494.374 0.00350952 0.00350952 2 2 2
494.474 0.00350856 0.00350856 2 2 2
494.574 0.00350759 0.00350759 2 2 2
494.674 0.00350663 0.00350663 2 2 2
494.774 0.00350567 0.00350567 2 2 2
494.874 0.0035047 0.0035047 2 2 2
494.974 0.00350374 0.00350374 2 2 2
495.074 0.00350278 0.00350278 2 2 2
495.174 0.00350182 0.00350182 2 2 2
495.274 0.00350086 0.00350086 2 2 2
495.374 0.0034999 0.0034999 2 2 2
495.474 0.00349894 0.00349894 2 2 2
495.574 0.00349798 0.00349798 2 2 2
495.674 0.00349702 0.00349702 2 2 2
495.774 0.00349606 0.00349606 2 2 2
495.874 0.0034951 0.0034951 2 2 2
495.974 0.00349414 0.00349414 2 2 2
496.074 0.00349319 0.00349319 2 2 2
496.174 0.00349223 0.00349223 2 2 2
496.274 0.00349127 0.00349127 2 2 2
496.374 0.00349031 0.00349031 2 2 2
496.474 0.00348936 0.00348936 2 2 2
496.574 0.0034884 0.0034884 2 2 2
496.674 0.00348745 0.00348745 2 2 2
496.774 0.00348649 0.00348649 2 2 2
496.874 0.00348554 0.00348554 2 2 2
496.974 0.00348458 0.00348458 2 2 2
497.074 0.00348363 0.00348363 2 2 2
497.174 0.00348268 0.00348268 2 2 2
497.274 0.00348173 0.00348173 2 2 2
497.374 0.00348077 0.00348077 2 2 2
497.474 0.00347982 0.00347982 2 2 2
497.574 0.00347887 0.00347887 2 2 2
497.674 0.00347792 0.00347792 2 2 2
497.774 0.00347697 0.00347697 2 2 2
497.874 0.00347602 0.00347602 2 2 2
497.974 0.00347507 0.00347507 2 2 2
498.074 0.00347412 0.00347412 2 2 2
498.174 0.00347317 0.00347317 2 2 2
498.274 0.00347222 0.00347222 2 2 2
498.374 0.00347127 0.00347127 2 2 2
498.474 0.00347032 0.00347032 2 2 2
498.574 0.00346938 0.00346938 2 2 2
498.674 0.00346843 0.00346843 2 2 2
498.774 0.00346748 0.00346748 2 2 2
498.874 0.00346654 0.00346654 2 2 2
498.974 0.00346559 0.00346559 2 2 2
499.074 0.00346465 0.00346465 2 2 2
499.174 0.0034637 0.0034637 2 2 2
499.274 0.00346276 0.00346276 2 2 2
499.374 0.00346181 0.00346181 2 2 2
499.474 0.00346087 0.00346087 2 2 2
499.574 0.00345992 0.00345992 2 2 2
499.674 0.00345898 0.00345898 2 2 2
499.774 0.00345804 0.00345804 2 2 2
499.874 0.0034571 0.0034571 2 2 2
499.974 0.00345615 0.00345615 2 2 2
500.074 0.00345521 0.00345521 2 2 2
500.174 0.00345427 0.00345427 2 2 2
500.274 0.00345333 0.00345333 2 2 2
500.374 0.00345239 0.00345239 2 2 2
500.474 0.00345145 0.00345145 2 2 2
500.574 0.00345051 0.00345051 2 2 2
500.674 0.00344957 0.00344957 2 2 2
500.774 0.00344863 0.00344863 2 2 2
500.874 0.00344769 0.00344769 2 2 2
500.974 0.00344676 0.00344676 2 2 2
501.074 0.00344582 0.00344582 2 2 2
501.174 0.00344488 0.00344488 2 2 2
501.274 0.00344394 0.00344394 2 2 2
501.374 0.00344301 0.00344301 2 2 2
501.474 0.00344207 0.00344207 2 2 2
501.574 0.00344114 0.00344114 2 2 2
501.674 0.0034402 0.0034402 2 2 2
501.774 0.00343927 0.00343927 2 2 2
501.874 0.00343833 0.00343833 2 2 2
501.974 0.0034374 0.0034374 2 2 2
502.074 0.00343647 0.00343647 2 2 2
502.174 0.00343553 0.00343553 2 2 2
502.274 0.0034346 0.0034346 2 2 2
502.374 0.00343367 0.00343367 2 2 2
502.474 0.00343273 0.00343273 2 2 2
502.574 0.0034318 0.0034318 2 2 2
502.674 0.00343087 0.00343087 2 2 2
502.774 0.00342994 0.00342994 2 2 2
502.874 0.00342901 0.00342901 2 2 2
502.974 0.00342808 0.00342808 2 2 2
503.074 0.00342715 0.00342715 2 2 2
503.174 0.00342622 0.00342622 2 2 2
503.274 0.00342529 0.00342529 2 2 2
503.374 0.00342436 0.00342436 2 2 2
503.474 0.00342344 0.00342344 2 2 2
503.574 0.00342251 0.00342251 2 2 2
503.674 0.00342158 0.00342158 2 2 2
503.774 0.00342065 0.00342065 2 2 2
503.874 0.00341973 0.00341973 2 2 2
503.974 0.0034188 0.0034188 2 2 2
504.074 0.00341788 0.00341788 2 2 2
504.174 0.00341695 0.00341695 2 2 2
504.274 0.00341602 0.00341602 2 2 2
504.374 0.0034151 0.0034151 2 2 2
504.474 0.00341418 0.00341418 2 2 2
504.574 0.00341325 0.00341325 2 2 2
504.674 0.00341233 0.00341233 2 2 2
504.774 0.00341141 0.00341141 2 2 2
504.874 0.00341048 0.00341048 2 2 2
504.974 0.00340956 0.00340956 2 2 2
505.074 0.00340864 0.00340864 2 2 2
505.174 0.00340772 0.00340772 2 2 2
505.274 0.0034068 0.0034068 2 2 2
505.374 0.00340588 0.00340588 2 2 2
505.474 0.00340495 0.00340495 2 2 2
505.574 0.00340403 0.00340403 2 2 2
505.674 0.00340312 0.00340312 2 2 2
505.774 0.0034022 0.0034022 2 2 2
505.874 0.00340128 0.00340128 2 2 2
505.974 0.00340036 0.00340036 2 2 2
506.074 0.00339944 0.00339944 2 2 2
506.174 0.00339852 0.00339852 2 2 2
506.274 0.00339761 0.00339761 2 2 2
506.374 0.00339669 0.00339669 2 2 2
506.474 0.00339577 0.00339577 2 2 2
506.574 0.00339486 0.00339486 2 2 2
506.574 0.00339486 0.00339486 2 2 2
506.594 0.00339467 0.00339467 2 2 2
506.634 0.00339431 0.00339431 2 2 2
506.714 0.00339357 0.00339357 2 2 2
506.814 0.00339266 0.00339266 2 2 2
506.914 0.00339174 0.00339174 2 2 2
507.014 0.00339083 0.00339083 2 2 2
507.114 0.00338992 0.00338992 2 2 2
507.214 0.003389 0.003389 2 2 2
507.314 0.00338809 0.00338809 2 2 2
507.414 0.00338718 0.00338718 2 2 2
507.514 0.00338626 0.00338626 2 2 2
507.614 0.00338535 0.00338535 2 2 2
507.714 0.00338444 0.00338444 2 2 2
507.814 0.00338353 0.00338353 2 2 2
507.914 0.00338262 0.00338262 2 2 2
508.014 0.00338171 0.00338171 2 2 2
508.114 0.0033808 0.0033808 2 2 2
508.214 0.00337989 0.00337989 2 2 2
508.314 0.00337898 0.00337898 2 2 2
508.414 0.00337807 0.00337807 2 2 2
508.514 0.00337716 0.00337716 2 2 2
508.614 0.00337625 0.00337625 2 2 2
508.714 0.00337534 0.00337534 2 2 2
508.814 0.00337443 0.00337443 2 2 2
508.914 0.00337353 0.00337353 2 2 2
509.014 0.00337262 0.00337262 2 2 2
509.114 0.00337171 0.00337171 2 2 2
509.214 0.00337081 0.00337081 2 2 2
509.314 0.0033699 0.0033699 2 2 2
509.414 0.003369 0.003369 2 2 2
509.514 0.00336809 0.00336809 2 2 2
509.614 0.00336719 0.00336719 2 2 2
509.714 0.00336628 0.00336628 2 2 2
509.814 0.00336538 0.00336538 2 2 2
509.914 0.00336447 0.00336447 2 2 2
510.014 0.00336357 0.00336357 2 2 2
510.114 0.00336267 0.00336267 2 2 2
510.214 0.00336177 0.00336177 2 2 2
510.314 0.00336086 0.00336086 2 2 2
510.414 0.00335996 0.00335996 2 2 2
510.514 0.00335906 0.00335906 2 2 2
510.614 0.00335816 0.00335816 2 2 2
510.714 0.00335726 0.00335726 2 2 2
510.814 0.00335636 0.00335636 2 2 2
510.914 0.00335546 0.00335546 2 2 2
511.014 0.00335456 0.00335456 2 2 2
511.114 0.00335366 0.00335366 2 2 2
511.214 0.00335276 0.00335276 2 2 2
511.314 0.00335186 0.00335186 2 2 2
511.414 0.00335097 0.00335097 2 2 2
511.514 0.00335007 0.00335007 2 2 2
511.614 0.00334917 0.00334917 2 2 2
511.714 0.00334827 0.00334827 2 2 2
511.814 0.00334738 0.00334738 2 2 2
511.914 0.00334648 0.00334648 2 2 2
512.014 0.00334559 0.00334559 2 2 2
512.114 0.00334469 0.00334469 2 2 2
512.214 0.0033438 0.0033438 2 2 2
512.314 0.0033429 0.0033429 2 2 2
512.414 0.00334201 0.00334201 2 2 2
512.514 0.00334111 0.00334111 2 2 2
512.614 0.00334022 0.00334022 2 2 2
512.714 0.00333933 0.00333933 2 2 2
512.814 0.00333843 0.00333843 2 2 2
512.914 0.00333754 0.00333754 2 2 2
513.014 0.00333665 0.00333665 2 2 2
513.114 0.00333576 0.00333576 2 2 2
513.214 0.00333487 0.00333487 2 2 2
513.314 0.00333398 0.00333398 2 2 2
513.414 0.00333309 0.00333309 2 2 2
513.514 0.0033322 0.0033322 2 2 2
513.614 0.00333131 0.00333131 2 2 2
513.714 0.00333042 0.00333042 2 2 2
513.814 0.00332953 0.00332953 2 2 2
513.914 0.00332864 0.00332864 2 2 2
514.014 0.00332775 0.00332775 2 2 2
514.114 0.00332686 0.00332686 2 2 2
514.214 0.00332597 0.00332597 2 2 2
514.314 0.00332509 0.00332509 2 2 2
514.414 0.0033242 0.0033242 2 2 2
514.514 0.00332331 0.00332331 2 2 2
514.614 0.00332243 0.00332243 2 2 2
514.714 0.00332154 0.00332154 2 2 2
514.814 0.00332066 0.00332066 2 2 2
514.914 0.00331977 0.00331977 2 2 2
515.014 0.00331889 0.00331889 2 2 2
515.114 0.003318 0.003318 2 2 2
515.214 0.00331712 0.00331712 2 2 2
515.314 0.00331623 0.00331623 2 2 2
515.414 0.00331535 0.00331535 2 2 2
515.514 0.00331447 0.00331447 2 2 2
515.614 0.00331359 0.00331359 2 2 2
515.714 0.0033127 0.0033127 2 2 2
515.814 0.00331182 0.00331182 2 2 2
515.914 0.00331094 0.00331094 2 2 2
516.014 0.00331006 0.00331006 2 2 2
516.114 0.00330918 0.00330918 2 2 2
516.214 0.0033083 0.0033083 2 2 2
516.314 0.00330742 0.00330742 2 2 2
516.414 0.00330654 0.00330654 2 2 2
516.514 0.00330566 0.00330566 2 2 2
516.614 0.00330478 0.00330478 2 2 2
516.714 0.0033039 0.0033039 2 2 2
516.814 0.00330302 0.00330302 2 2 2
516.914 0.00330215 0.00330215 2 2 2
517.014 0.00330127 0.00330127 2 2 2
517.114 0.00330039 0.00330039 2 2 2
517.214 0.00329951 0.00329951 2 2 2
517.314 0.00329864 0.00329864 2 2 2
517.414 0.00329776 0.00329776 2 2 2
517.514 0.00329689 0.00329689 2 2 2
517.614 0.00329601 0.00329601 2 2 2
517.714 0.00329514 0.00329514 2 2 2
517.814 0.00329426 0.00329426 2 2 2
517.914 0.00329339 0.00329339 2 2 2
518.014 0.00329251 0.00329251 2 2 2
518.114 0.00329164 0.00329164 2 2 2
518.214 0.00329077 0.00329077 2 2 2
518.314 0.00328989 0.00328989 2 2 2
518.414 0.00328902 0.00328902 2 2 2
518.514 0.00328815 0.00328815 2 2 2
518.614 0.00328728 0.00328728 2 2 2
518.714 0.00328641 0.00328641 2 2 2
518.814 0.00328553 0.00328553 2 2 2
518.914 0.00328466 0.00328466 2 2 2
519.014 0.00328379 0.00328379 2 2 2
519.114 0.00328292 0.00328292 2 2 2
519.214 0.00328205 0.00328205 2 2 2
519.314 0.00328118 0.00328118 2 2 2
519.414 0.00328032 0.00328032 2 2 2
519.514 0.00327945 0.00327945 2 2 2
519.614 0.00327858 0.00327858 2 2 2
519.714 0.00327771 0.00327771 2 2 2
519.814 0.00327684 0.00327684 2 2 2
519.914 0.00327598 0.00327598 2 2 2
520.014 0.00327511 0.00327511 2 2 2
520.114 0.00327424 0.00327424 2 2 2
520.214 0.00327338 0.00327338 2 2 2
520.314 0.00327251 0.00327251 2 2 2
520.414 0.00327165 0.00327165 2 2 2
520.514 0.00327078 0.00327078 2 2 2
520.614 0.00326992 0.00326992 2 2 2
520.714 0.00326905 0.00326905 2 2 2
520.814 0.00326819 0.00326819 2 2 2
520.914 0.00326732 0.00326732 2 2 2
521.014 0.00326646 0.00326646 2 2 2
521.114 0.0032656 0.0032656 2 2 2
521.214 0.00326473 0.00326473 2 2 2
521.314 0.00326387 0.00326387 2 2 2
521.414 0.00326301 0.00326301 2 2 2
521.514 0.00326215 0.00326215 2 2 2
521.614 0.00326129 0.00326129 2 2 2
521.714 0.00326043 0.00326043 2 2 2
521.814 0.00325957 0.00325957 2 2 2
521.914 0.00325871 0.00325871 2 2 2
522.014 0.00325785 0.00325785 2 2 2
522.114 0.00325699 0.00325699 2 2 2
522.214 0.00325613 0.00325613 2 2 2
522.314 0.00325527 0.00325527 2 2 2
522.414 0.00325441 0.00325441 2 2 2
522.514 0.00325355 0.00325355 2 2 2
522.614 0.00325269 0.00325269 2 2 2
522.714 0.00325184 0.00325184 2 2 2
522.814 0.00325098 0.00325098 2 2 2
522.914 0.00325012 0.00325012 2 2 2
523.014 0.00324927 0.00324927 2 2 2
523.114 0.00324841 0.00324841 2 2 2
523.214 0.00324756 0.00324756 2 2 2
523.314 0.0032467 0.0032467 2 2 2
523.414 0.00324585 0.00324585 2 2 2
523.514 0.00324499 0.00324499 2 2 2
523.614 0.00324414 0.00324414 2 2 2
523.714 0.00324328 0.00324328 2 2 2
523.814 0.00324243 0.00324243 2 2 2
523.914 0.00324158 0.00324158 2 2 2
524.014 0.00324072 0.00324072 2 2 2
524.114 0.00323987 0.00323987 2 2 2
524.214 0.00323902 0.00323902 2 2 2
524.314 0.00323817 0.00323817 2 2 2
524.414 0.00323731 0.00323731 2 2 2
524.514 0.00323646 0.00323646 2 2 2
524.614 0.00323561 0.00323561 2 2 2
524.714 0.00323476 0.00323476 2 2 2
524.814 0.00323391 0.00323391 2 2 2
524.914 0.00323306 0.00323306 2 2 2
525.014 0.00323221 0.00323221 2 2 2
525.114 0.00323136 0.00323136 2 2 2
525.214 0.00323051 0.00323051 2 2 2
525.314 0.00322967 0.00322967 2 2 2
525.414 0.00322882 0.00322882 2 2 2
525.514 0.00322797 0.00322797 2 2 2
525.614 0.00322712 0.00322712 2 2 2
525.714 0.00322628 0.00322628 2 2 2
525.814 0.00322543 0.00322543 2 2 2
525.914 0.00322458 0.00322458 2 2 2
526.014 0.00322374 0.00322374 2 2 2
526.114 0.00322289 0.00322289 2 2 2
526.214 0.00322205 0.00322205 2 2 2
526.314 0.0032212 0.0032212 2 2 2
526.314 0.0032212 0.0032212 2 2 2
526.334 0.00322103 0.00322103 2 2 2
526.374 0.00322069 0.00322069 2 2 2
526.454 0.00322002 0.00322002 2 2 2
526.554 0.00321917 0.00321917 2 2 2
526.654 0.00321833 0.00321833 2 2 2
526.754 0.00321749 0.00321749 2 2 2
526.854 0.00321664 0.00321664 2 2 2
526.954 0.0032158 0.0032158 2 2 2
527.054 0.00321496 0.00321496 2 2 2
527.154 0.00321412 0.00321412 2 2 2
527.254 0.00321327 0.00321327 2 2 2
527.354 0.00321243 0.00321243 2 2 2
527.454 0.00321159 0.00321159 2 2 2
527.554 0.00321075 0.00321075 2 2 2
527.654 0.00320991 0.00320991 2 2 2
527.754 0.00320907 0.00320907 2 2 2
527.854 0.00320823 0.00320823 2 2 2
527.954 0.00320739 0.00320739 2 2 2
528.054 0.00320655 0.00320655 2 2 2
528.154 0.00320571 0.00320571 2 2 2
528.254 0.00320487 0.00320487 2 2 2
528.354 0.00320404 0.00320404 2 2 2
528.454 0.0032032 0.0032032 2 2 2
528.554 0.00320236 0.00320236 2 2 2
528.654 0.00320152 0.00320152 2 2 2
528.754 0.00320069 0.00320069 2 2 2
528.854 0.00319985 0.00319985 2 2 2
528.954 0.00319901 0.00319901 2 2 2
529.054 0.00319818 0.00319818 2 2 2
529.154 0.00319734 0.00319734 2 2 2
529.254 0.00319651 0.00319651 2 2 2
529.354 0.00319567 0.00319567 2 2 2
529.454 0.00319484 0.00319484 2 2 2
529.554 0.003194 0.003194 2 2 2
529.654 0.00319317 0.00319317 2 2 2
529.754 0.00319234 0.00319234 2 2 2
529.854 0.0031915 0.0031915 2 2 2
529.954 0.00319067 0.00319067 2 2 2
530.054 0.00318984 0.00318984 2 2 2
530.154 0.00318901 0.00318901 2 2 2
530.254 0.00318818 0.00318818 2 2 2
530.354 0.00318734 0.00318734 2 2 2
530.454 0.00318651 0.00318651 2 2 2
530.554 0.00318568 0.00318568 2 2 2
530.654 0.00318485 0.00318485 2 2 2
530.754 0.00318402 0.00318402 2 2 2
530.854 0.00318319 0.00318319 2 2 2
530.954 0.00318236 0.00318236 2 2 2
531.054 0.00318153 0.00318153 2 2 2
531.154 0.0031807 0.0031807 2 2 2
531.254 0.00317988 0.00317988 2 2 2
531.354 0.00317905 0.00317905 2 2 2
531.454 0.00317822 0.00317822 2 2 2
531.554 0.00317739 0.00317739 2 2 2
531.654 0.00317656 0.00317656 2 2 2
531.754 0.00317574 0.00317574 2 2 2
531.854 0.00317491 0.00317491 2 2 2
531.954 0.00317408 0.00317408 2 2 2
532.054 0.00317326 0.00317326 2 2 2
532.154 0.00317243 0.00317243 2 2 2
532.254 0.00317161 0.00317161 2 2 2
532.354 0.00317078 0.00317078 2 2 2
532.454 0.00316996 0.00316996 2 2 2
532.554 0.00316913 0.00316913 2 2 2
532.654 0.00316831 0.00316831 2 2 2
532.754 0.00316749 0.00316749 2 2 2
532.854 0.00316666 0.00316666 2 2 2
532.954 0.00316584 0.00316584 2 2 2
533.054 0.00316502 0.00316502 2 2 2
533.154 0.0031642 0.0031642 2 2 2
533.254 0.00316337 0.00316337 2 2 2
533.354 0.00316255 0.00316255 2 2 2
533.454 0.00316173 0.00316173 2 2 2
533.554 0.00316091 0.00316091 2 2 2
533.654 0.00316009 0.00316009 2 2 2
533.754 0.00315927 0.00315927 2 2 2
533.854 0.00315845 0.00315845 2 2 2
533.954 0.00315763 0.00315763 2 2 2
534.054 0.00315681 0.00315681 2 2 2
534.154 0.00315599 0.00315599 2 2 2
534.254 0.00315517 0.00315517 2 2 2
534.354 0.00315435 0.00315435 2 2 2
534.454 0.00315354 0.00315354 2 2 2
534.554 0.00315272 0.00315272 2 2 2
534.654 0.0031519 0.0031519 2 2 2
534.754 0.00315108 0.00315108 2 2 2
534.854 0.00315027 0.00315027 2 2 2
534.954 0.00314945 0.00314945 2 2 2
535.054 0.00314864 0.00314864 2 2 2
535.154 0.00314782 0.00314782 2 2 2
535.254 0.003147 0.003147 2 2 2
535.354 0.00314619 0.00314619 2 2 2
535.454 0.00314537 0.00314537 2 2 2
535.554 0.00314456 0.00314456 2 2 2
535.654 0.00314375 0.00314375 2 2 2
535.754 0.00314293 0.00314293 2 2 2
535.854 0.00314212 0.00314212 2 2 2
535.954 0.0031413 0.0031413 2 2 2
536.054 0.00314049 0.00314049 2 2 2
536.154 0.00313968 0.00313968 2 2 2
536.254 0.00313887 0.00313887 2 2 2
536.354 0.00313806 0.00313806 2 2 2
536.454 0.00313724 0.00313724 2 2 2
536.554 0.00313643 0.00313643 2 2 2
536.654 0.00313562 0.00313562 2 2 2
536.754 0.00313481 0.00313481 2 2 2
536.854 0.003134 0.003134 2 2 2
536.954 0.00313319 0.00313319 2 2 2
537.054 0.00313238 0.00313238 2 2 2
537.154 0.00313157 0.00313157 2 2 2
537.254 0.00313076 0.00313076 2 2 2
537.354 0.00312995 0.00312995 2 2 2
537.454 0.00312915 0.00312915 2 2 2
537.554 0.00312834 0.00312834 2 2 2
537.654 0.00312753 0.00312753 2 2 2
537.754 0.00312672 0.00312672 2 2 2
537.854 0.00312591 0.00312591 2 2 2
537.954 0.00312511 0.00312511 2 2 2
538.054 0.0031243 0.0031243 2 2 2
538.154 0.0031235 0.0031235 2 2 2
538.254 0.00312269 0.00312269 2 2 2
538.354 0.00312188 0.00312188 2 2 2
538.454 0.00312108 0.00312108 2 2 2
538.554 0.00312027 0.00312027 2 2 2
538.654 0.00311947 0.00311947 2 2 2
538.754 0.00311866 0.00311866 2 2 2
538.854 0.00311786 0.00311786 2 2 2
538.954 0.00311706 0.00311706 2 2 2
539.054 0.00311625 0.00311625 2 2 2
539.154 0.00311545 0.00311545 2 2 2
539.254 0.00311465 0.00311465 2 2 2
539.354 0.00311385 0.00311385 2 2 2
539.454 0.00311304 0.00311304 2 2 2
539.554 0.00311224 0.00311224 2 2 2
539.654 0.00311144 0.00311144 2 2 2
539.754 0.00311064 0.00311064 2 2 2
539.854 0.00310984 0.00310984 2 2 2
539.954 0.00310904 0.00310904 2 2 2
540.054 0.00310824 0.00310824 2 2 2
540.154 0.00310744 0.00310744 2 2 2
540.254 0.00310664 0.00310664 2 2 2
540.354 0.00310584 0.00310584 2 2 2
540.454 0.00310504 0.00310504 2 2 2
540.554 0.00310424 0.00310424 2 2 2
540.654 0.00310344 0.00310344 2 2 2
540.754 0.00310265 0.00310265 2 2 2
540.854 0.00310185 0.00310185 2 2 2
540.954 0.00310105 0.00310105 2 2 2
541.054 0.00310025 0.00310025 2 2 2
541.154 0.00309946 0.00309946 2 2 2
541.254 0.00309866 0.00309866 2 2 2
541.354 0.00309786 0.00309786 2 2 2
541.454 0.00309707 0.00309707 2 2 2
541.554 0.00309627 0.00309627 2 2 2
541.654 0.00309548 0.00309548 2 2 2
541.754 0.00309468 0.00309468 2 2 2
541.854 0.00309389 0.00309389 2 2 2
541.954 0.00309309 0.00309309 2 2 2
542.054 0.0030923 0.0030923 2 2 2
542.154 0.00309151 0.00309151 2 2 2
542.254 0.00309071 0.00309071 2 2 2
542.354 0.00308992 0.00308992 2 2 2
542.454 0.00308913 0.00308913 2 2 2
542.554 0.00308833 0.00308833 2 2 2
542.654 0.00308754 0.00308754 2 2 2
542.754 0.00308675 0.00308675 2 2 2
542.854 0.00308596 0.00308596 2 2 2
542.954 0.00308517 0.00308517 2 2 2
543.054 0.00308438 0.00308438 2 2 2
543.154 0.00308359 0.00308359 2 2 2
543.254 0.0030828 0.0030828 2 2 2
543.354 0.00308201 0.00308201 2 2 2
543.454 0.00308122 0.00308122 2 2 2
543.554 0.00308043 0.00308043 2 2 2
543.654 0.00307964 0.00307964 2 2 2
543.754 0.00307885 0.00307885 2 2 2
543.854 0.00307806 0.00307806 2 2 2
543.954 0.00307727 0.00307727 2 2 2
544.054 0.00307649 0.00307649 2 2 2
544.154 0.0030757 0.0030757 2 2 2
544.254 0.00307491 0.00307491 2 2 2
544.354 0.00307412 0.00307412 2 2 2
544.454 0.00307334 0.00307334 2 2 2
544.554 0.00307255 0.00307255 2 2 2
544.654 0.00307176 0.00307176 2 2 2
544.754 0.00307098 0.00307098 2 2 2
544.854 0.00307019 0.00307019 2 2 2
544.954 0.00306941 0.00306941 2 2 2
545.054 0.00306862 0.00306862 2 2 2
545.154 0.00306784 0.00306784 2 2 2
545.254 0.00306706 0.00306706 2 2 2
545.354 0.00306627 0.00306627 2 2 2
545.454 0.00306549 0.00306549 2 2 2
545.554 0.00306471 0.00306471 2 2 2
545.654 0.00306392 0.00306392 2 2 2
545.754 0.00306314 0.00306314 2 2 2
545.854 0.00306236 0.00306236 2 2 2
545.954 0.00306158 0.00306158 2 2 2
546.054 0.00306079 0.00306079 2 2 2
546.054 0.00306079 0.00306079 2 2 2
546.074 0.00306064 0.00306064 2 2 2
546.114 0.00306032 0.00306032 2 2 2
546.194 0.0030597 0.0030597 2 2 2
546.294 0.00305892 0.00305892 2 2 2
546.394 0.00305814 0.00305814 2 2 2
546.494 0.00305736 0.00305736 2 2 2
546.594 0.00305658 0.00305658 2 2 2
546.694 0.0030558 0.0030558 2 2 2
546.794 0.00305502 0.00305502 2 2 2
546.894 0.00305424 0.00305424 2 2 2
546.994 0.00305346 0.00305346 2 2 2
547.094 0.00305268 0.00305268 2 2 2
547.194 0.0030519 0.0030519 2 2 2
547.294 0.00305113 0.00305113 2 2 2
547.394 0.00305035 0.00305035 2 2 2
547.494 0.00304957 0.00304957 2 2 2
547.594 0.00304879 0.00304879 2 2 2
547.694 0.00304802 0.00304802 2 2 2
547.794 0.00304724 0.00304724 2 2 2
547.894 0.00304646 0.00304646 2 2 2
547.994 0.00304569 0.00304569 2 2 2
548.094 0.00304491 0.00304491 2 2 2
548.194 0.00304414 0.00304414 2 2 2
548.294 0.00304336 0.00304336 2 2 2
548.394 0.00304259 0.00304259 2 2 2
548.494 0.00304181 0.00304181 2 2 2
548.594 0.00304104 0.00304104 2 2 2
548.694 0.00304027 0.00304027 2 2 2
548.794 0.00303949 0.00303949 2 2 2
548.894 0.00303872 0.00303872 2 2 2
548.994 0.00303795 0.00303795 2 2 2
549.094 0.00303717 0.00303717 2 2 2
549.194 0.0030364 0.0030364 2 2 2
549.294 0.00303563 0.00303563 2 2 2
549.394 0.00303486 0.00303486 2 2 2
549.494 0.00303409 0.00303409 2 2 2
549.594 0.00303332 0.00303332 2 2 2
549.694 0.00303254 0.00303254 2 2 2
549.794 0.00303177 0.00303177 2 2 2
549.894 0.003031 0.003031 2 2 2
549.994 0.00303023 0.00303023 2 2 2
550.094 0.00302946 0.00302946 2 2 2
550.194 0.00302869 0.00302869 2 2 2
550.294 0.00302793 0.00302793 2 2 2
550.394 0.00302716 0.00302716 2 2 2
550.494 0.00302639 0.00302639 2 2 2
550.594 0.00302562 0.00302562 2 2 2
550.694 0.00302485 0.00302485 2 2 2
550.794 0.00302409 0.00302409 2 2 2
550.894 0.00302332 0.00302332 2 2 2
550.994 0.00302255 0.00302255 2 2 2
551.094 0.00302178 0.00302178 2 2 2
551.194 0.00302102 0.00302102 2 2 2
551.294 0.00302025 0.00302025 2 2 2
551.394 0.00301949 0.00301949 2 2 2
551.494 0.00301872 0.00301872 2 2 2
551.594 0.00301796 0.00301796 2 2 2
551.694 0.00301719 0.00301719 2 2 2
551.794 0.00301643 0.00301643 2 2 2
551.894 0.00301566 0.00301566 2 2 2
551.994 0.0030149 0.0030149 2 2 2
552.094 0.00301413 0.00301413 2 2 2
552.194 0.00301337 0.00301337 2 2 2
552.294 0.00301261 0.00301261 2 2 2
552.394 0.00301184 0.00301184 2 2 2
552.494 0.00301108 0.00301108 2 2 2
552.594 0.00301032 0.00301032 2 2 2
552.694 0.00300956 0.00300956 2 2 2
552.794 0.0030088 0.0030088 2 2 2
552.894 0.00300804 0.00300804 2 2 2
552.994 0.00300727 0.00300727 2 2 2
553.094 0.00300651 0.00300651 2 2 2
553.194 0.00300575 0.00300575 2 2 2
553.294 0.00300499 0.00300499 2 2 2
553.394 0.00300423 0.00300423 2 2 2
553.494 0.00300347 0.00300347 2 2 2
553.594 0.00300271 0.00300271 2 2 2
553.694 0.00300195 0.00300195 2 2 2
553.794 0.0030012 0.0030012 2 2 2
553.894 0.00300044 0.00300044 2 2 2
553.994 0.00299968 0.00299968 2 2 2
554.094 0.00299892 0.00299892 2 2 2
554.194 0.00299816 0.00299816 2 2 2
554.294 0.00299741 0.00299741 2 2 2
554.394 0.00299665 0.00299665 2 2 2
554.494 0.00299589 0.00299589 2 2 2
554.594 0.00299514 0.00299514 2 2 2
554.694 0.00299438 0.00299438 2 2 2
554.794 0.00299362 0.00299362 2 2 2
554.894 0.00299287 0.00299287 2 2 2
554.994 0.00299211 0.00299211 2 2 2
555.094 0.00299136 0.00299136 2 2 2
555.194 0.0029906 0.0029906 2 2 2
555.294 0.00298985 0.00298985 2 2 2
555.394 0.0029891 0.0029891 2 2 2
555.494 0.00298834 0.00298834 2 2 2
555.594 0.00298759 0.00298759 2 2 2
555.694 0.00298683 0.00298683 2 2 2
555.794 0.00298608 0.00298608 2 2 2
555.894 0.00298533 0.00298533 2 2 2
555.994 0.00298458 0.00298458 2 2 2
556.094 0.00298382 0.00298382 2 2 2
556.194 0.00298307 0.00298307 2 2 2
556.294 0.00298232 0.00298232 2 2 2
556.394 0.00298157 0.00298157 2 2 2
556.494 0.00298082 0.00298082 2 2 2
556.594 0.00298007 0.00298007 2 2 2
556.694 0.00297932 0.00297932 2 2 2
556.794 0.00297857 0.00297857 2 2 2
556.894 0.00297782 0.00297782 2 2 2
556.994 0.00297707 0.00297707 2 2 2
557.094 0.00297632 0.00297632 2 2 2
557.194 0.00297557 0.00297557 2 2 2
557.294 0.00297482 0.00297482 2 2 2
557.394 0.00297407 0.00297407 2 2 2
557.494 0.00297332 0.00297332 2 2 2
557.594 0.00297258 0.00297258 2 2 2
557.694 0.00297183 0.00297183 2 2 2
557.794 0.00297108 0.00297108 2 2 2
557.894 0.00297033 0.00297033 2 2 2
557.994 0.00296959 0.00296959 2 2 2
558.094 0.00296884 0.00296884 2 2 2
558.194 0.0029681 0.0029681 2 2 2
558.294 0.00296735 0.00296735 2 2 2
558.394 0.0029666 0.0029666 2 2 2
558.494 0.00296586 0.00296586 2 2 2
558.594 0.00296511 0.00296511 2 2 2
558.694 0.00296437 0.00296437 2 2 2
558.794 0.00296362 0.00296362 2 2 2
558.894 0.00296288 0.00296288 2 2 2
558.994 0.00296214 0.00296214 2 2 2
559.094 0.00296139 0.00296139 2 2 2
559.194 0.00296065 0.00296065 2 2 2
559.294 0.00295991 0.00295991 2 2 2
559.394 0.00295916 0.00295916 2 2 2
559.494 0.00295842 0.00295842 2 2 2
559.594 0.00295768 0.00295768 2 2 2
559.694 0.00295694 0.00295694 2 2 2
559.794 0.0029562 0.0029562 2 2 2
559.894 0.00295545 0.00295545 2 2 2
559.994 0.00295471 0.00295471 2 2 2
560.094 0.00295397 0.00295397 2 2 2
560.194 0.00295323 0.00295323 2 2 2
560.294 0.00295249 0.00295249 2 2 2
560.394 0.00295175 0.00295175 2 2 2
560.494 0.00295101 0.00295101 2 2 2
560.594 0.00295027 0.00295027 2 2 2
560.694 0.00294953 0.00294953 2 2 2
560.794 0.00294879 0.00294879 2 2 2
560.894 0.00294806 0.00294806 2 2 2
560.994 0.00294732 0.00294732 2 2 2
561.094 0.00294658 0.00294658 2 2 2
561.194 0.00294584 0.00294584 2 2 2
561.294 0.0029451 0.0029451 2 2 2
561.394 0.00294437 0.00294437 2 2 2
561.494 0.00294363 0.00294363 2 2 2
561.594 0.00294289 0.00294289 2 2 2
561.694 0.00294216 0.00294216 2 2 2
561.794 0.00294142 0.00294142 2 2 2
561.894 0.00294069 0.00294069 2 2 2
561.994 0.00293995 0.00293995 2 2 2
562.094 0.00293921 0.00293921 2 2 2
562.194 0.00293848 0.00293848 2 2 2
562.294 0.00293774 0.00293774 2 2 2
562.394 0.00293701 0.00293701 2 2 2
562.494 0.00293628 0.00293628 2 2 2
562.594 0.00293554 0.00293554 2 2 2
562.694 0.00293481 0.00293481 2 2 2
562.794 0.00293408 0.00293408 2 2 2
562.894 0.00293334 0.00293334 2 2 2
562.994 0.00293261 0.00293261 2 2 2
563.094 0.00293188 0.00293188 2 2 2
563.194 0.00293115 0.00293115 2 2 2
563.294 0.00293041 0.00293041 2 2 2
563.394 0.00292968 0.00292968 2 2 2
563.494 0.00292895 0.00292895 2 2 2
563.594 0.00292822 0.00292822 2 2 2
563.694 0.00292749 0.00292749 2 2 2
563.794 0.00292676 0.00292676 2 2 2
563.894 0.00292603 0.00292603 2 2 2
563.994 0.0029253 0.0029253 2 2 2
564.094 0.00292457 0.00292457 2 2 2
564.194 0.00292384 0.00292384 2 2 2
564.294 0.00292311 0.00292311 2 2 2
564.394 0.00292238 0.00292238 2 2 2
564.494 0.00292165 0.00292165 2 2 2
564.594 0.00292092 0.00292092 2 2 2
564.694 0.0029202 0.0029202 2 2 2
564.794 0.00291947 0.00291947 2 2 2
564.894 0.00291874 0.00291874 2 2 2
564.994 0.00291801 0.00291801 2 2 2
565.094 0.00291729 0.00291729 2 2 2
565.194 0.00291656 0.00291656 2 2 2
565.294 0.00291583 0.00291583 2 2 2
565.394 0.00291511 0.00291511 2 2 2
565.494 0.00291438 0.00291438 2 2 2
565.594 0.00291365 0.00291365 2 2 2
565.694 0.00291293 0.00291293 2 2 2
565.794 0.0029122 0.0029122 2 2 2
565.794 0.0029122 0.0029122 2 2 2
565.814 0.00291206 0.00291206 2 2 2
565.854 0.00291177 0.00291177 2 2 2
565.934 0.00291119 0.00291119 2 2 2
566.034 0.00291047 0.00291047 2 2 2
566.134 0.00290974 0.00290974 2 2 2
566.234 0.00290902 0.00290902 2 2 2
566.334 0.00290829 0.00290829 2 2 2
566.434 0.00290757 0.00290757 2 2 2
566.534 0.00290685 0.00290685 2 2 2
566.634 0.00290612 0.00290612 2 2 2
566.734 0.0029054 0.0029054 2 2 2
566.834 0.00290468 0.00290468 2 2 2
566.934 0.00290396 0.00290396 2 2 2
567.034 0.00290324 0.00290324 2 2 2
567.134 0.00290251 0.00290251 2 2 2
567.234 0.00290179 0.00290179 2 2 2
567.334 0.00290107 0.00290107 2 2 2
567.434 0.00290035 0.00290035 2 2 2
567.534 0.00289963 0.00289963 2 2 2
567.634 0.00289891 0.00289891 2 2 2
567.734 0.00289819 0.00289819 2 2 2
567.834 0.00289747 0.00289747 2 2 2
567.934 0.00289675 0.00289675 2 2 2
568.034 0.00289603 0.00289603 2 2 2
568.134 0.00289531 0.00289531 2 2 2
568.234 0.0028946 0.0028946 2 2 2
568.334 0.00289388 0.00289388 2 2 2
568.434 0.00289316 0.00289316 2 2 2
568.534 0.00289244 0.00289244 2 2 2
568.634 0.00289172 0.00289172 2 2 2
568.734 0.00289101 0.00289101 2 2 2
568.834 0.00289029 0.00289029 2 2 2
568.934 0.00288957 0.00288957 2 2 2
569.034 0.00288886 0.00288886 2 2 2
569.134 0.00288814 0.00288814 2 2 2
569.234 0.00288743 0.00288743 2 2 2
569.334 0.00288671 0.00288671 2 2 2
569.434 0.00288599 0.00288599 2 2 2
569.534 0.00288528 0.00288528 2 2 2
569.634 0.00288456 0.00288456 2 2 2
569.734 0.00288385 0.00288385 2 2 2
569.834 0.00288314 0.00288314 2 2 2
569.934 0.00288242 0.00288242 2 2 2
570.034 0.00288171 0.00288171 2 2 2
570.134 0.00288099 0.00288099 2 2 2
570.234 0.00288028 0.00288028 2 2 2
570.334 0.00287957 0.00287957 2 2 2
570.434 0.00287886 0.00287886 2 2 2
570.534 0.00287814 0.00287814 2 2 2
570.634 0.00287743 0.00287743 2 2 2
570.734 0.00287672 0.00287672 2 2 2
570.834 0.00287601 0.00287601 2 2 2
570.934 0.0028753 0.0028753 2 2 2
571.034 0.00287459 0.00287459 2 2 2
571.134 0.00287387 0.00287387 2 2 2
571.234 0.00287316 0.00287316 2 2 2
571.334 0.00287245 0.00287245 2 2 2
571.434 0.00287174 0.00287174 2 2 2
571.534 0.00287103 0.00287103 2 2 2
571.634 0.00287032 0.00287032 2 2 2
571.734 0.00286962 0.00286962 2 2 2
571.834 0.00286891 0.00286891 2 2 2
571.934 0.0028682 0.0028682 2 2 2
572.034 0.00286749 0.00286749 2 2 2
572.134 0.00286678 0.00286678 2 2 2
572.234 0.00286607 0.00286607 2 2 2
572.334 0.00286537 0.00286537 2 2 2
572.434 0.00286466 0.00286466 2 2 2
572.534 0.00286395 0.00286395 2 2 2
572.634 0.00286324 0.00286324 2 2 2
572.734 0.00286254 0.00286254 2 2 2
572.834 0.00286183 0.00286183 2 2 2
572.934 0.00286113 0.00286113 2 2 2
573.034 0.00286042 0.00286042 2 2 2
573.134 0.00285971 0.00285971 2 2 2
573.234 0.00285901 0.00285901 2 2 2
573.334 0.0028583 0.0028583 2 2 2
573.434 0.0028576 0.0028576 2 2 2
573.534 0.00285689 0.00285689 2 2 2
573.634 0.00285619 0.00285619 2 2 2
573.734 0.00285549 0.00285549 2 2 2
573.834 0.00285478 0.00285478 2 2 2
573.934 0.00285408 0.00285408 2 2 2
574.034 0.00285338 0.00285338 2 2 2
574.134 0.00285267 0.00285267 2 2 2
574.234 0.00285197 0.00285197 2 2 2
574.334 0.00285127 0.00285127 2 2 2
574.434 0.00285057 0.00285057 2 2 2
574.534 0.00284986 0.00284986 2 2 2
574.634 0.00284916 0.00284916 2 2 2
574.734 0.00284846 0.00284846 2 2 2
574.834 0.00284776 0.00284776 2 2 2
574.934 0.00284706 0.00284706 2 2 2
575.034 0.00284636 0.00284636 2 2 2
575.134 0.00284566 0.00284566 2 2 2
575.234 0.00284496 0.00284496 2 2 2
575.334 0.00284426 0.00284426 2 2 2
575.434 0.00284356 0.00284356 2 2 2
575.534 0.00284286 0.00284286 2 2 2
575.634 0.00284216 0.00284216 2 2 2
575.734 0.00284146 0.00284146 2 2 2
575.834 0.00284076 0.00284076 2 2 2
575.934 0.00284006 0.00284006 2 2 2
576.034 0.00283937 0.00283937 2 2 2
576.134 0.00283867 0.00283867 2 2 2
576.234 0.00283797 0.00283797 2 2 2
576.334 0.00283727 0.00283727 2 2 2
576.434 0.00283658 0.00283658 2 2 2
576.534 0.00283588 0.00283588 2 2 2
576.634 0.00283518 0.00283518 2 2 2
576.734 0.00283449 0.00283449 2 2 2
576.834 0.00283379 0.00283379 2 2 2
576.934 0.00283309 0.00283309 2 2 2
577.034 0.0028324 0.0028324 2 2 2
577.134 0.0028317 0.0028317 2 2 2
577.234 0.00283101 0.00283101 2 2 2
577.334 0.00283031 0.00283031 2 2 2
577.434 0.00282962 0.00282962 2 2 2
577.534 0.00282893 0.00282893 2 2 2
577.634 0.00282823 0.00282823 2 2 2
577.734 0.00282754 0.00282754 2 2 2
577.834 0.00282684 0.00282684 2 2 2
577.934 0.00282615 0.00282615 2 2 2
578.034 0.00282546 0.00282546 2 2 2
578.134 0.00282477 0.00282477 2 2 2
578.234 0.00282407 0.00282407 2 2 2
578.334 0.00282338 0.00282338 2 2 2
578.434 0.00282269 0.00282269 2 2 2
578.534 0.002822 0.002822 2 2 2
578.634 0.00282131 0.00282131 2 2 2
578.734 0.00282061 0.00282061 2 2 2
578.834 0.00281992 0.00281992 2 2 2
578.934 0.00281923 0.00281923 2 2 2
579.034 0.00281854 0.00281854 2 2 2
579.134 0.00281785 0.00281785 2 2 2
579.234 0.00281716 0.00281716 2 2 2
579.334 0.00281647 0.00281647 2 2 2
579.434 0.00281578 0.00281578 2 2 2
579.534 0.00281509 0.00281509 2 2 2
579.634 0.0028144 0.0028144 2 2 2
579.734 0.00281372 0.00281372 2 2 2
579.834 0.00281303 0.00281303 2 2 2
579.934 0.00281234 0.00281234 2 2 2
580.034 0.00281165 0.00281165 2 2 2
580.134 0.00281096 0.00281096 2 2 2
580.234 0.00281028 0.00281028 2 2 2
580.334 0.00280959 0.00280959 2 2 2
580.434 0.0028089 0.0028089 2 2 2
580.534 0.00280822 0.00280822 2 2 2
580.634 0.00280753 0.00280753 2 2 2
580.734 0.00280684 0.00280684 2 2 2
580.834 0.00280616 0.00280616 2 2 2
580.934 0.00280547 0.00280547 2 2 2
581.034 0.00280479 0.00280479 2 2 2
581.134 0.0028041 0.0028041 2 2 2
581.234 0.00280342 0.00280342 2 2 2
581.334 0.00280273 0.00280273 2 2 2
581.434 0.00280205 0.00280205 2 2 2
581.534 0.00280136 0.00280136 2 2 2
581.634 0.00280068 0.00280068 2 2 2
581.734 0.0028 0.0028 2 2 2
581.834 0.00279931 0.00279931 2 2 2
581.934 0.00279863 0.00279863 2 2 2
582.034 0.00279795 0.00279795 2 2 2
582.134 0.00279726 0.00279726 2 2 2
582.234 0.00279658 0.00279658 2 2 2
582.334 0.0027959 0.0027959 2 2 2
582.434 0.00279522 0.00279522 2 2 2
582.534 0.00279454 0.00279454 2 2 2
582.634 0.00279385 0.00279385 2 2 2
582.734 0.00279317 0.00279317 2 2 2
582.834 0.00279249 0.00279249 2 2 2
582.934 0.00279181 0.00279181 2 2 2
583.034 0.00279113 0.00279113 2 2 2
583.134 0.00279045 0.00279045 2 2 2
583.234 0.00278977 0.00278977 2 2 2
583.334 0.00278909 0.00278909 2 2 2
583.434 0.00278841 0.00278841 2 2 2
583.534 0.00278773 0.00278773 2 2 2
583.634 0.00278705 0.00278705 2 2 2
583.734 0.00278637 0.00278637 2 2 2
583.834 0.0027857 0.0027857 2 2 2
583.934 0.00278502 0.00278502 2 2 2
584.034 0.00278434 0.00278434 2 2 2
584.134 0.00278366 0.00278366 2 2 2
584.234 0.00278298 0.00278298 2 2 2
584.334 0.00278231 0.00278231 2 2 2
584.434 0.00278163 0.00278163 2 2 2
584.534 0.00278095 0.00278095 2 2 2
584.634 0.00278028 0.00278028 2 2 2
584.734 0.0027796 0.0027796 2 2 2
584.834 0.00277893 0.00277893 2 2 2
584.934 0.00277825 0.00277825 2 2 2
585.034 0.00277757 0.00277757 2 2 2
585.134 0.0027769 0.0027769 2 2 2
585.234 0.00277622 0.00277622 2 2 2
585.334 0.00277555 0.00277555 2 2 2
585.434 0.00277487 0.00277487 2 2 2
585.534 0.0027742 0.0027742 2 2 2
585.534 0.0027742 0.0027742 2 2 2
585.554 0.00277407 0.00277407 2 2 2
585.594 0.0027738 0.0027738 2 2 2
585.674 0.00277326 0.00277326 2 2 2
585.774 0.00277258 0.00277258 2 2 2
585.874 0.00277191 0.00277191 2 2 2
585.974 0.00277124 0.00277124 2 2 2
586.074 0.00277056 0.00277056 2 2 2
586.174 0.00276989 0.00276989 2 2 2
586.274 0.00276922 0.00276922 2 2 2
586.374 0.00276855 0.00276855 2 2 2
586.474 0.00276787 0.00276787 2 2 2
586.574 0.0027672 0.0027672 2 2 2
586.674 0.00276653 0.00276653 2 2 2
586.774 0.00276586 0.00276586 2 2 2
586.874 0.00276519 0.00276519 2 2 2
586.974 0.00276452 0.00276452 2 2 2
587.074 0.00276385 0.00276385 2 2 2
587.174 0.00276318 0.00276318 2 2 2
587.274 0.00276251 0.00276251 2 2 2
587.374 0.00276184 0.00276184 2 2 2
587.474 0.00276117 0.00276117 2 2 2
587.574 0.0027605 0.0027605 2 2 2
587.674 0.00275983 0.00275983 2 2 2
587.774 0.00275916 0.00275916 2 2 2
587.874 0.00275849 0.00275849 2 2 2
587.974 0.00275782 0.00275782 2 2 2
588.074 0.00275715 0.00275715 2 2 2
588.174 0.00275649 0.00275649 2 2 2
588.274 0.00275582 0.00275582 2 2 2
588.374 0.00275515 0.00275515 2 2 2
588.474 0.00275448 0.00275448 2 2 2
588.574 0.00275382 0.00275382 2 2 2
588.674 0.00275315 0.00275315 2 2 2
588.774 0.00275248 0.00275248 2 2 2
588.874 0.00275182 0.00275182 2 2 2
588.974 0.00275115 0.00275115 2 2 2
589.074 0.00275049 0.00275049 2 2 2
589.174 0.00274982 0.00274982 2 2 2
589.274 0.00274916 0.00274916 2 2 2
589.374 0.00274849 0.00274849 2 2 2
589.474 0.00274783 0.00274783 2 2 2
589.574 0.00274716 0.00274716 2 2 2
589.674 0.0027465 0.0027465 2 2 2
589.774 0.00274583 0.00274583 2 2 2
589.874 0.00274517 0.00274517 2 2 2
589.974 0.00274451 0.00274451 2 2 2
590.074 0.00274384 0.00274384 2 2 2
590.174 0.00274318 0.00274318 2 2 2
590.274 0.00274252 0.00274252 2 2 2
590.374 0.00274185 0.00274185 2 2 2
590.474 0.00274119 0.00274119 2 2 2
590.574 0.00274053 0.00274053 2 2 2
590.674 0.00273987 0.00273987 2 2 2
590.774 0.00273921 0.00273921 2 2 2
590.874 0.00273854 0.00273854 2 2 2
590.974 0.00273788 0.00273788 2 2 2
591.074 0.00273722 0.00273722 2 2 2
591.174 0.00273656 0.00273656 2 2 2
591.274 0.0027359 0.0027359 2 2 2
591.374 0.00273524 0.00273524 2 2 2
591.474 0.00273458 0.00273458 2 2 2
591.574 0.00273392 0.00273392 2 2 2
591.674 0.00273326 0.00273326 2 2 2
591.774 0.0027326 0.0027326 2 2 2
591.874 0.00273194 0.00273194 2 2 2
591.974 0.00273128 0.00273128 2 2 2
592.074 0.00273063 0.00273063 2 2 2
592.174 0.00272997 0.00272997 2 2 2
592.274 0.00272931 0.00272931 2 2 2
592.374 0.00272865 0.00272865 2 2 2
592.474 0.00272799 0.00272799 2 2 2
592.574 0.00272734 0.00272734 2 2 2
592.674 0.00272668 0.00272668 2 2 2
592.774 0.00272602 0.00272602 2 2 2
592.874 0.00272537 0.00272537 2 2 2
592.974 0.00272471 0.00272471 2 2 2
593.074 0.00272405 0.00272405 2 2 2
593.174 0.0027234 0.0027234 2 2 2
593.274 0.00272274 0.00272274 2 2 2
593.374 0.00272208 0.00272208 2 2 2
593.474 0.00272143 0.00272143 2 2 2
593.574 0.00272077 0.00272077 2 2 2
593.674 0.00272012 0.00272012 2 2 2
593.774 0.00271947 0.00271947 2 2 2
593.874 0.00271881 0.00271881 2 2 2
593.974 0.00271816 0.00271816 2 2 2
594.074 0.0027175 0.0027175 2 2 2
594.174 0.00271685 0.00271685 2 2 2
594.274 0.0027162 0.0027162 2 2 2
594.374 0.00271554 0.00271554 2 2 2
594.474 0.00271489 0.00271489 2 2 2
594.574 0.00271424 0.00271424 2 2 2
594.674 0.00271358 0.00271358 2 2 2
594.774 0.00271293 0.00271293 2 2 2
594.874 0.00271228 0.00271228 2 2 2
594.974 0.00271163 0.00271163 2 2 2
595.074 0.00271098 0.00271098 2 2 2
595.174 0.00271032 0.00271032 2 2 2
595.274 0.00270967 0.00270967 2 2 2
595.374 0.00270902 0.00270902 2 2 2
595.474 0.00270837 0.00270837 2 2 2
595.574 0.00270772 0.00270772 2 2 2
595.674 0.00270707 0.00270707 2 2 2
595.774 0.00270642 0.00270642 2 2 2
595.874 0.00270577 0.00270577 2 2 2
595.974 0.00270512 0.00270512 2 2 2
596.074 0.00270447 0.00270447 2 2 2
596.174 0.00270382 0.00270382 2 2 2
596.274 0.00270318 0.00270318 2 2 2
596.374 0.00270253 0.00270253 2 2 2
596.474 0.00270188 0.00270188 2 2 2
596.574 0.00270123 0.00270123 2 2 2
596.674 0.00270058 0.00270058 2 2 2
596.774 0.00269993 0.00269993 2 2 2
596.874 0.00269929 0.00269929 2 2 2
596.974 0.00269864 0.00269864 2 2 2
597.074 0.00269799 0.00269799 2 2 2
597.174 0.00269735 0.00269735 2 2 2
597.274 0.0026967 0.0026967 2 2 2
597.374 0.00269605 0.00269605 2 2 2
597.474 0.00269541 0.00269541 2 2 2
597.574 0.00269476 0.00269476 2 2 2
597.674 0.00269412 0.00269412 2 2 2
597.774 0.00269347 0.00269347 2 2 2
597.874 0.00269283 0.00269283 2 2 2
597.974 0.00269218 0.00269218 2 2 2
598.074 0.00269154 0.00269154 2 2 2
598.174 0.00269089 0.00269089 2 2 2
598.274 0.00269025 0.00269025 2 2 2
598.374 0.0026896 0.0026896 2 2 2
598.474 0.00268896 0.00268896 2 2 2
598.574 0.00268832 0.00268832 2 2 2
598.674 0.00268767 0.00268767 2 2 2
598.774 0.00268703 0.00268703 2 2 2
598.874 0.00268639 0.00268639 2 2 2
598.974 0.00268574 0.00268574 2 2 2
599.074 0.0026851 0.0026851 2 2 2
599.174 0.00268446 0.00268446 2 2 2
599.274 0.00268382 0.00268382 2 2 2
599.374 0.00268318 0.00268318 2 2 2
599.474 0.00268253 0.00268253 2 2 2
599.574 0.00268189 0.00268189 2 2 2
599.674 0.00268125 0.00268125 2 2 2
599.774 0.00268061 0.00268061 2 2 2
599.874 0.00267997 0.00267997 2 2 2
599.974 0.00267933 0.00267933 2 2 2
600.074 0.00267869 0.00267869 2 2 2
600.174 0.00267805 0.00267805 2 2 2
600.274 0.00267741 0.00267741 2 2 2
600.374 0.00267677 0.00267677 2 2 2
600.474 0.00267613 0.00267613 2 2 2
600.574 0.00267549 0.00267549 2 2 2
600.674 0.00267485 0.00267485 2 2 2
600.774 0.00267422 0.00267422 2 2 2
600.874 0.00267358 0.00267358 2 2 2
600.974 0.00267294 0.00267294 2 2 2
601.074 0.0026723 0.0026723 2 2 2
601.174 0.00267166 0.00267166 2 2 2
601.274 0.00267103 0.00267103 2 2 2
601.374 0.00267039 0.00267039 2 2 2
601.474 0.00266975 0.00266975 2 2 2
601.574 0.00266912 0.00266912 2 2 2
601.674 0.00266848 0.00266848 2 2 2
601.774 0.00266784 0.00266784 2 2 2
601.874 0.00266721 0.00266721 2 2 2
601.974 0.00266657 0.00266657 2 2 2
602.074 0.00266593 0.00266593 2 2 2
602.174 0.0026653 0.0026653 2 2 2
602.274 0.00266466 0.00266466 2 2 2
602.374 0.00266403 0.00266403 2 2 2
602.474 0.00266339 0.00266339 2 2 2
602.574 0.00266276 0.00266276 2 2 2
602.674 0.00266213 0.00266213 2 2 2
602.774 0.00266149 0.00266149 2 2 2
602.874 0.00266086 0.00266086 2 2 2
602.974 0.00266022 0.00266022 2 2 2
603.074 0.00265959 0.00265959 2 2 2
603.174 0.00265896 0.00265896 2 2 2
603.274 0.00265832 0.00265832 2 2 2
603.374 0.00265769 0.00265769 2 2 2
603.474 0.00265706 0.00265706 2 2 2
603.574 0.00265643 0.00265643 2 2 2
603.674 0.00265579 0.00265579 2 2 2
603.774 0.00265516 0.00265516 2 2 2
603.874 0.00265453 0.00265453 2 2 2
603.974 0.0026539 0.0026539 2 2 2
604.074 0.00265327 0.00265327 2 2 2
604.174 0.00265264 0.00265264 2 2 2
604.274 0.00265201 0.00265201 2 2 2
604.374 0.00265138 0.00265138 2 2 2
604.474 0.00265075 0.00265075 2 2 2
604.574 0.00265012 0.00265012 2 2 2
604.674 0.00264949 0.00264949 2 2 2
604.774 0.00264886 0.00264886 2 2 2
604.874 0.00264823 0.00264823 2 2 2
604.974 0.0026476 0.0026476 2 2 2
605.074 0.00264697 0.00264697 2 2 2
605.174 0.00264634 0.00264634 2 2 2
605.274 0.00264571 0.00264571 2 2 2
