50 0.15873 0.15873 2 1 0
50.04 0.15873 0.15873 1 1 0
50.08 0.15873 0.15873 1 1 0
50.16 0.15873 0.15873 1 1 0
50.32 0.15873 0.15873 1 1 0
50.64 0.15873 0.15873 1 1 0
51.14 0.15873 0.15873 1 1 0
51.64 0.15873 0.15873 1 1 0
52.14 0.15873 0.15873 1 1 0
52.64 0.15873 0.15873 1 1 0
53.14 0.15873 0.15873 1 1 0
53.64 0.15873 0.15873 1 1 0
54.14 0.15873 0.15873 1 1 0
54.64 0.15873 0.15873 1 1 0
55.14 0.15873 0.15873 1 1 0
55.64 0.15873 0.15873 1 1 0
56.14 0.15873 0.15873 1 1 0
56.64 0.15873 0.15873 1 1 0
57.14 0.15873 0.15873 1 1 0
57.64 0.15873 0.15873 1 1 0
58.14 0.15873 0.15873 1 1 0
58.64 0.15873 0.15873 1 1 0
59.14 0.15873 0.15873 1 1 0
59.64 0.15873 0.15873 1 1 0
60.14 0.15873 0.15873 1 1 0
60.64 0.15873 0.15873 1 1 0
61.14 0.15873 0.15873 1 1 0
61.64 0.15873 0.15873 1 1 0
62.14 0.15873 0.15873 1 1 0
62.64 0.15873 0.15873 1 1 0
63.14 0.15873 0.15873 1 1 0
63.64 0.15873 0.15873 1 1 0
64.14 0.15873 0.15873 1 1 0
64.64 0.15873 0.15873 1 1 0
65.14 0.15873 0.15873 1 1 0
65.64 0.15873 0.15873 1 1 0
66.14 0.15873 0.15873 1 1 0
66.64 0.15873 0.15873 1 1 0
67.14 0.15873 0.15873 1 1 0
67.64 0.15873 0.15873 1 1 0
68.14 0.15873 0.15873 1 1 0
68.64 0.15873 0.15873 1 1 0
69.14 0.15873 0.15873 1 1 0
69.64 0.15873 0.15873 1 1 0
70.14 0.15873 0.15873 1 1 0
70.64 0.15873 0.15873 1 1 0
71.14 0.15873 0.15873 1 1 0
71.64 0.15873 0.15873 1 1 0
72.14 0.15873 0.15873 1 1 0
72.64 0.15873 0.15873 1 1 0
73.14 0.15873 0.15873 1 1 0
73.64 0.15873 0.15873 1 1 0
74.14 0.15873 0.15873 1 1 0
74.64 0.15873 0.15873 1 1 0
75.14 0.15873 0.15873 1 1 0
75.64 0.15873 0.15873 1 1 0
76.14 0.15873 0.15873 1 1 0
76.64 0.15873 0.15873 1 1 0
77.14 0.15873 0.15873 1 1 0
77.64 0.15873 0.15873 1 1 0
78.14 0.15873 0.15873 1 1 0
78.64 0.15873 0.15873 1 1 0
79.14 0.15873 0.15873 1 1 0
79.64 0.15873 0.15873 1 1 0
80.14 0.15873 0.15873 1 1 0
80.64 0.15873 0.15873 1 1 0
81.14 0.15873 0.15873 1 1 0
81.64 0.15873 0.15873 1 1 0
82.14 0.15873 0.15873 1 1 0
82.64 0.15873 0.15873 1 1 0
83.14 0.15873 0.15873 1 1 0
83.64 0.15873 0.15873 1 1 0
84.14 0.15873 0.15873 1 1 0
84.64 0.15873 0.15873 1 1 0
85.14 0.15873 0.15873 1 1 0
85.64 0.15873 0.15873 1 1 0
86.14 0.15873 0.15873 1 1 0
86.64 0.15873 0.15873 1 1 0
87.14 0.15873 0.15873 1 1 0
87.64 0.15873 0.15873 1 1 0
88.14 0.15873 0.15873 1 1 0
88.64 0.15873 0.15873 1 1 0
89.14 0.15873 0.15873 1 1 0
89.64 0.15873 0.15873 1 1 0
90.14 0.15873 0.15873 1 1 0
90.64 0.15873 0.15873 1 1 0
91.14 0.15873 0.15873 1 1 0
91.64 0.15873 0.15873 1 1 0
92.14 0.15873 0.15873 1 1 0
92.64 0.15873 0.15873 1 1 0
93.14 0.15873 0.15873 1 1 0
93.64 0.15873 0.15873 1 1 0
94.14 0.15873 0.15873 1 1 0
94.64 0.15873 0.15873 1 1 0
95.14 0.15873 0.15873 1 1 0
95.64 0.15873 0.15873 1 1 0
96.14 0.15873 0.15873 1 1 0
96.64 0.15873 0.15873 1 1 0
97.14 0.15873 0.15873 1 1 0
97.64 0.15873 0.15873 1 1 0
98.14 0.15873 0.15873 1 1 0
98.64 0.15873 0.15873 1 1 0
99.14 0.15873 0.15873 1 1 0
99.64 0.15873 0.15873 1 1 0
100.14 0.15873 0.15873 1 1 0
100.64 0.15873 0.15873 1 1 0
101.14 0.15873 0.15873 1 1 0
101.64 0.15873 0.15873 1 1 0
102.14 0.15873 0.15873 1 1 0
102.64 0.15873 0.15873 1 1 0
103.14 0.15873 0.15873 1 1 0
103.64 0.15873 0.15873 1 1 0
104.14 0.15873 0.15873 1 1 0
104.64 0.15873 0.15873 1 1 0
105.14 0.15873 0.15873 1 1 0
105.64 0.15873 0.15873 1 1 0
106.14 0.15873 0.15873 1 1 0
106.64 0.15873 0.15873 1 1 0
107.14 0.15873 0.15873 1 1 0
107.64 0.15873 0.15873 1 1 0
108.14 0.15873 0.15873 1 1 0
108.64 0.15873 0.15873 1 1 0
109.14 0.15873 0.15873 1 1 0
109.64 0.15873 0.15873 1 1 0
110.14 0.15873 0.15873 1 1 0
110.64 0.15873 0.15873 1 1 0
111.14 0.15873 0.15873 1 1 0
111.64 0.15873 0.15873 1 1 0
112.14 0.15873 0.15873 1 1 0
112.64 0.15873 0.15873 1 1 0
113.14 0.15873 0.15873 1 1 0
113.64 0.15873 0.15873 1 1 0
114.14 0.15873 0.15873 1 1 0
114.64 0.15873 0.15873 1 1 0
115.14 0.15873 0.15873 1 1 0
115.64 0.15873 0.15873 1 1 0
116.14 0.15873 0.15873 1 1 0
116.64 0.15873 0.15873 1 1 0
117.14 0.15873 0.15873 1 1 0
117.64 0.15873 0.15873 1 1 0
118.14 0.15873 0.15873 1 1 0
118.64 0.15873 0.15873 1 1 0
119.14 0.15873 0.15873 1 1 0
119.64 0.15873 0.15873 1 1 0
120.14 0.15873 0.15873 1 1 0
120.64 0.15873 0.15873 1 1 0
121.14 0.15873 0.15873 1 1 0
121.64 0.15873 0.15873 1 1 0
122.14 0.15873 0.15873 1 1 0
122.64 0.15873 0.15873 1 1 0
123.14 0.15873 0.15873 1 1 0
123.64 0.15873 0.15873 1 1 0
124.14 0.15873 0.15873 1 1 0
124.64 0.15873 0.15873 1 1 0
125.14 0.15873 0.15873 1 1 0
125.64 0.15873 0.15873 1 1 0
126.14 0.15873 0.15873 1 1 0
126.64 0.15873 0.15873 1 1 0
127.14 0.15873 0.15873 1 1 0
127.64 0.15873 0.15873 1 1 0
128.14 0.15873 0.15873 1 1 0
128.64 0.15873 0.15873 1 1 0
129.14 0.15873 0.15873 1 1 0
129.64 0.15873 0.15873 1 1 0
130.14 0.15873 0.15873 1 1 0
130.64 0.15873 0.15873 1 1 0
131.14 0.15873 0.15873 1 1 0
131.64 0.15873 0.15873 1 1 0
132.14 0.15873 0.15873 1 1 0
132.64 0.15873 0.15873 1 1 0
133.14 0.15873 0.15873 1 1 0
133.64 0.15873 0.15873 1 1 0
134.14 0.15873 0.15873 1 1 0
134.64 0.15873 0.15873 1 1 0
135.14 0.15873 0.15873 1 1 0
135.64 0.15873 0.15873 1 1 0
136.14 0.15873 0.15873 1 1 0
136.64 0.15873 0.15873 1 1 0
137.14 0.15873 0.15873 1 1 0
137.64 0.15873 0.15873 1 1 0
138.14 0.15873 0.15873 1 1 0
138.64 0.15873 0.15873 1 1 0
139.14 0.15873 0.15873 1 1 0
139.64 0.15873 0.15873 1 1 0
140.14 0.15873 0.15873 1 1 0
140.64 0.15873 0.15873 1 1 0
141.14 0.15873 0.15873 1 1 0
141.64 0.15873 0.15873 1 1 0
142.14 0.15873 0.15873 1 1 0
142.64 0.15873 0.15873 1 1 0
143.14 0.15873 0.15873 1 1 0
143.64 0.15873 0.15873 1 1 0
144.14 0.15873 0.15873 1 1 0
144.64 0.15873 0.15873 1 1 0
145.14 0.15873 0.15873 1 1 0
145.64 0.15873 0.15873 1 1 0
146.14 0.15873 0.15873 1 1 0
146.64 0.15873 0.15873 1 1 0
147.14 0.15873 0.15873 1 1 0
147.64 0.15873 0.15873 1 1 0
147.64 0.15873 0.15873 2 1 0
147.68 0.15873 0.15873 1 1 0
147.72 0.15873 0.15873 1 1 0
147.8 0.15873 0.15873 1 1 0
147.96 0.15873 0.15873 1 1 0
148.28 0.15873 0.15873 1 1 0
148.78 0.15873 0.15873 1 1 0
149.28 0.15873 0.15873 1 1 0
149.78 0.15873 0.15873 1 1 0
150.28 0.15873 0.15873 1 1 0
150.78 0.15873 0.15873 1 1 0
151.28 0.15873 0.15873 1 1 0
151.78 0.15873 0.15873 1 1 0
152.28 0.15873 0.15873 1 1 0
152.78 0.15873 0.15873 1 1 0
153.28 0.15873 0.15873 1 1 0
153.78 0.15873 0.15873 1 1 0
154.28 0.15873 0.15873 1 1 0
154.78 0.15873 0.15873 1 1 0
155.28 0.15873 0.15873 1 1 0
155.78 0.15873 0.15873 1 1 0
156.28 0.15873 0.15873 1 1 0
156.78 0.15873 0.15873 1 1 0
157.28 0.15873 0.15873 1 1 0
157.78 0.15873 0.15873 1 1 0
158.28 0.15873 0.15873 1 1 0
158.78 0.15873 0.15873 1 1 0
159.28 0.15873 0.15873 1 1 0
159.78 0.15873 0.15873 1 1 0
160.28 0.15873 0.15873 1 1 0
160.78 0.15873 0.15873 1 1 0
161.28 0.15873 0.15873 1 1 0
161.78 0.15873 0.15873 1 1 0
162.28 0.15873 0.15873 1 1 0
162.78 0.15873 0.15873 1 1 0
163.28 0.15873 0.15873 1 1 0
163.78 0.15873 0.15873 1 1 0
164.28 0.15873 0.15873 1 1 0
164.78 0.15873 0.15873 1 1 0
165.28 0.15873 0.15873 1 1 0
165.78 0.15873 0.15873 1 1 0
166.28 0.15873 0.15873 1 1 0
166.78 0.15873 0.15873 1 1 0
167.28 0.15873 0.15873 1 1 0
167.642 0.15873 0.15873 2 1 0
168.142 0.15873 0.15873 2 1 0
168.642 0.15873 0.15873 2 1 0
169.142 0.15873 0.15873 2 1 0
169.642 0.15873 0.15873 2 1 0
170.142 0.15873 0.15873 2 1 0
170.642 0.15873 0.15873 2 1 0
171.142 0.15873 0.15873 2 1 0
171.642 0.15873 0.15873 2 1 0
172.142 0.15873 0.15873 2 1 0
172.642 0.15873 0.15873 2 1 0
173.142 0.15873 0.15873 2 1 0
173.642 0.15873 0.15873 2 1 0
174.142 0.15873 0.15873 2 1 0
174.642 0.15873 0.15873 2 1 0
175.142 0.15873 0.15873 2 1 0
175.642 0.15873 0.15873 2 1 0
176.142 0.15873 0.15873 2 1 0
176.642 0.15873 0.15873 2 1 0
177.142 0.15873 0.15873 2 1 0
177.642 0.15873 0.15873 2 1 0
178.142 0.15873 0.15873 2 1 0
178.642 0.15873 0.15873 2 1 0
179.142 0.15873 0.15873 2 1 0
179.642 0.15873 0.15873 2 1 0
180.142 0.15873 0.15873 2 1 0
180.642 0.15873 0.15873 2 1 0
181.142 0.15873 0.15873 2 1 0
181.642 0.15873 0.15873 2 1 0
182.142 0.15873 0.15873 2 1 0
182.642 0.15873 0.15873 2 1 0
183.142 0.15873 0.15873 2 1 0
183.642 0.15873 0.15873 2 1 0
184.142 0.15873 0.15873 2 1 0
184.642 0.15873 0.15873 2 1 0
185.142 0.15873 0.15873 2 1 0
185.642 0.15873 0.15873 2 1 0
186.142 0.15873 0.15873 2 1 0
186.642 0.15873 0.15873 2 1 0
187.142 0.15873 0.15873 2 1 0
187.642 0.15873 0.15873 2 1 0
188.142 0.15873 0.15873 2 1 0
188.642 0.15873 0.15873 2 1 0
189.142 0.15873 0.15873 2 1 0
189.642 0.15873 0.15873 2 1 0
190.142 0.15873 0.15873 2 1 0
190.642 0.15873 0.15873 2 1 0
191.142 0.15873 0.15873 2 1 0
191.642 0.15873 0.15873 2 1 0
192.142 0.15873 0.15873 2 1 0
192.642 0.15873 0.15873 2 1 0
193.142 0.15873 0.15873 2 1 0
193.642 0.15873 0.15873 2 1 0
194.142 0.15873 0.15873 2 1 0
194.642 0.15873 0.15873 2 1 0
195.142 0.15873 0.15873 2 1 0
195.642 0.15873 0.15873 2 1 0
196.142 0.15873 0.15873 2 1 0
196.642 0.15873 0.15873 2 1 0
197.142 0.15873 0.15873 2 1 0
197.642 0.15873 0.15873 2 1 0
198.142 0.15873 0.15873 2 1 0
198.642 0.15873 0.15873 2 1 0
199.142 0.15873 0.15873 2 1 0
199.642 0.15873 0.15873 2 1 0
200.142 0.15873 0.15873 2 1 0
200.642 0.15873 0.15873 2 1 0
201.142 0.15873 0.15873 2 1 0
201.642 0.15873 0.15873 2 1 0
202.142 0.15873 0.15873 2 1 0
202.642 0.15873 0.15873 2 1 0
203.142 0.15873 0.15873 2 1 0
203.642 0.15873 0.15873 2 1 0
204.142 0.15873 0.15873 2 1 0
204.642 0.15873 0.15873 2 1 0
205.142 0.15873 0.15873 2 1 0
205.642 0.15873 0.15873 2 1 0
206.142 0.15873 0.15873 2 1 0
206.642 0.15873 0.15873 2 1 0
207.142 0.15873 0.15873 2 1 0
207.642 0.15873 0.15873 2 1 0
208.142 0.15873 0.15873 2 1 0
208.642 0.15873 0.15873 2 1 0
209.142 0.15873 0.15873 2 1 0
209.642 0.15873 0.15873 2 1 0
210.142 0.15873 0.15873 2 1 0
210.642 0.15873 0.15873 2 1 0
211.142 0.15873 0.15873 2 1 0
211.642 0.15873 0.15873 2 1 0
212.142 0.15873 0.15873 2 1 0
212.642 0.15873 0.15873 2 1 0
213.142 0.15873 0.15873 2 1 0
213.642 0.15873 0.15873 2 1 0
214.142 0.15873 0.15873 2 1 0
214.642 0.15873 0.15873 2 1 0
215.142 0.15873 0.15873 2 1 0
215.642 0.15873 0.15873 2 1 0
216.142 0.15873 0.15873 2 1 0
216.642 0.15873 0.15873 2 1 0
217.142 0.15873 0.15873 2 1 0
217.642 0.15873 0.15873 2 1 0
218.142 0.15873 0.15873 2 1 0
218.642 0.15873 0.15873 2 1 0
219.142 0.15873 0.15873 2 1 0
219.642 0.15873 0.15873 2 1 0
220.142 0.15873 0.15873 2 1 0
220.642 0.15873 0.15873 2 1 0
221.142 0.15873 0.15873 2 1 0
221.642 0.15873 0.15873 2 1 0
222.142 0.15873 0.15873 2 1 0
222.642 0.15873 0.15873 2 1 0
223.142 0.15873 0.15873 2 1 0
223.642 0.15873 0.15873 2 1 0
224.142 0.15873 0.15873 2 1 0
224.642 0.15873 0.15873 2 1 0
225.142 0.15873 0.15873 2 1 0
225.642 0.15873 0.15873 2 1 0
226.142 0.15873 0.15873 2 1 0
226.642 0.15873 0.15873 2 1 0
227.142 0.15873 0.15873 2 1 0
227.642 0.15873 0.15873 2 1 0
228.142 0.15873 0.15873 2 1 0
228.642 0.15873 0.15873 2 1 0
229.142 0.15873 0.15873 2 1 0
229.642 0.15873 0.15873 2 1 0
230.142 0.15873 0.15873 2 1 0
230.642 0.15873 0.15873 2 1 0
231.142 0.15873 0.15873 2 1 0
231.642 0.15873 0.15873 2 1 0
232.142 0.15873 0.15873 2 1 0
232.642 0.15873 0.15873 2 1 0
233.142 0.15873 0.15873 2 1 0
233.642 0.15873 0.15873 2 1 0
234.142 0.15873 0.15873 2 1 0
234.642 0.15873 0.15873 2 1 0
235.142 0.15873 0.15873 2 1 0
235.642 0.15873 0.15873 2 1 0
236.142 0.15873 0.15873 2 1 0
236.642 0.15873 0.15873 2 1 0
237.142 0.15873 0.15873 2 1 0
237.642 0.15873 0.15873 2 1 0
238.142 0.15873 0.15873 2 1 0
238.642 0.15873 0.15873 2 1 0
239.142 0.15873 0.15873 2 1 0
239.642 0.15873 0.15873 2 1 0
240.142 0.15873 0.15873 2 1 0
240.642 0.15873 0.15873 2 1 0
241.142 0.15873 0.15873 2 1 0
241.642 0.15873 0.15873 2 1 0
242.142 0.15873 0.15873 2 1 0
242.642 0.15873 0.15873 2 1 0
243.142 0.15873 0.15873 2 1 0
243.642 0.15873 0.15873 2 1 0
244.142 0.15873 0.15873 2 1 0
244.642 0.15873 0.15873 2 1 0
245.142 0.15873 0.15873 2 1 0
245.142 0.15873 0.15873 2 1 0
245.182 0.15873 0.15873 2 1 0
245.222 0.15873 0.15873 2 1 0
245.302 0.15873 0.15873 2 1 0
245.462 0.15873 0.15873 2 1 0
245.782 0.15873 0.15873 2 1 0
246.282 0.15873 0.15873 2 1 0
246.782 0.15873 0.15873 2 1 0
247.282 0.15873 0.15873 2 1 0
247.782 0.15873 0.15873 2 1 0
248.282 0.15873 0.15873 2 1 0
248.782 0.15873 0.15873 2 1 0
249.282 0.15873 0.15873 2 1 0
249.782 0.15873 0.15873 2 1 0
250.282 0.15873 0.15873 2 1 0
250.782 0.15873 0.15873 2 1 0
251.282 0.15873 0.15873 2 1 0
251.782 0.15873 0.15873 2 1 0
252.282 0.15873 0.15873 2 1 0
252.782 0.15873 0.15873 2 1 0
253.282 0.15873 0.15873 2 1 0
253.782 0.15873 0.15873 2 1 0
254.282 0.15873 0.15873 2 1 0
254.782 0.15873 0.15873 2 1 0
255.282 0.15873 0.15873 2 1 0
255.782 0.15873 0.15873 2 1 0
256.282 0.15873 0.15873 2 1 0
256.782 0.15873 0.15873 2 1 0
257.282 0.15873 0.15873 2 1 0
257.782 0.15873 0.15873 2 1 0
258.282 0.15873 0.15873 2 1 0
258.782 0.15873 0.15873 2 1 0
259.282 0.15873 0.15873 2 1 0
259.782 0.15873 0.15873 2 1 0
260.282 0.15873 0.15873 2 1 0
260.782 0.15873 0.15873 2 1 0
261.282 0.15873 0.15873 2 1 0
261.782 0.15873 0.15873 2 1 0
262.282 0.15873 0.15873 2 1 0
262.782 0.15873 0.15873 2 1 0
263.282 0.15873 0.15873 2 1 0
263.782 0.15873 0.15873 2 1 0
264.282 0.15873 0.15873 2 1 0
264.782 0.15873 0.15873 2 1 0
265.282 0.15873 0.15873 2 1 0
265.782 0.15873 0.15873 2 1 0
266.282 0.15873 0.15873 2 1 0
266.782 0.15873 0.15873 2 1 0
267.282 0.15873 0.15873 2 1 0
267.782 0.15873 0.15873 2 1 0
268.282 0.15873 0.15873 2 1 0
268.782 0.15873 0.15873 2 1 0
269.282 0.15873 0.15873 2 1 0
269.782 0.15873 0.15873 2 1 0
270.282 0.15873 0.15873 2 1 0
270.782 0.15873 0.15873 2 1 0
271.282 0.15873 0.15873 2 1 0
271.782 0.15873 0.15873 2 1 0
272.282 0.15873 0.15873 2 1 0
272.782 0.15873 0.15873 2 1 0
273.282 0.15873 0.15873 2 1 0
273.782 0.15873 0.15873 2 1 0
274.282 0.15873 0.15873 2 1 0
274.782 0.15873 0.15873 2 1 0
275.282 0.15873 0.15873 2 1 0
275.782 0.15873 0.15873 2 1 0
276.282 0.15873 0.15873 2 1 0
276.782 0.15873 0.15873 2 1 0
277.282 0.15873 0.15873 2 1 0
277.782 0.15873 0.15873 2 1 0
278.282 0.15873 0.15873 2 1 0
278.782 0.15873 0.15873 2 1 0
279.282 0.15873 0.15873 2 1 0
279.782 0.15873 0.15873 2 1 0
280.282 0.15873 0.15873 2 1 0
280.782 0.15873 0.15873 2 1 0
281.282 0.15873 0.15873 2 1 0
281.782 0.15873 0.15873 2 1 0
282.282 0.15873 0.15873 2 1 0
282.782 0.15873 0.15873 2 1 0
283.282 0.15873 0.15873 2 1 0
283.782 0.15873 0.15873 2 1 0
284.282 0.15873 0.15873 2 1 0
284.782 0.15873 0.15873 2 1 0
285.282 0.15873 0.15873 2 1 0
285.782 0.15873 0.15873 2 1 0
286.282 0.15873 0.15873 2 1 0
286.782 0.15873 0.15873 2 1 0
287.282 0.15873 0.15873 2 1 0
287.782 0.15873 0.15873 2 1 0
288.282 0.15873 0.15873 2 1 0
288.782 0.15873 0.15873 2 1 0
289.282 0.15873 0.15873 2 1 0
289.782 0.15873 0.15873 2 1 0
290.282 0.15873 0.15873 2 1 0
290.782 0.15873 0.15873 2 1 0
291.282 0.15873 0.15873 2 1 0
291.782 0.15873 0.15873 2 1 0
292.282 0.15873 0.15873 2 1 0
292.782 0.15873 0.15873 2 1 0
293.282 0.15873 0.15873 2 1 0
293.782 0.15873 0.15873 2 1 0
294.282 0.15873 0.15873 2 1 0
294.782 0.15873 0.15873 2 1 0
295.282 0.15873 0.15873 2 1 0
295.782 0.15873 0.15873 2 1 0
296.282 0.15873 0.15873 2 1 0
296.782 0.15873 0.15873 2 1 0
297.282 0.15873 0.15873 2 1 0
297.782 0.15873 0.15873 2 1 0
298.282 0.15873 0.15873 2 1 0
298.782 0.15873 0.15873 2 1 0
299.282 0.15873 0.15873 2 1 0
299.782 0.15873 0.15873 2 1 0
300.282 0.15873 0.15873 2 1 0
300.782 0.15873 0.15873 2 1 0
301.282 0.15873 0.15873 2 1 0
301.782 0.15873 0.15873 2 1 0
302.282 0.15873 0.15873 2 1 0
302.782 0.15873 0.15873 2 1 0
303.282 0.15873 0.15873 2 1 0
303.782 0.15873 0.15873 2 1 0
304.282 0.15873 0.15873 2 1 0
304.782 0.15873 0.15873 2 1 0
305.282 0.15873 0.15873 2 1 0
305.782 0.15873 0.15873 2 1 0
306.282 0.15873 0.15873 2 1 0
306.782 0.15873 0.15873 2 1 0
307.282 0.15873 0.15873 2 1 0
307.782 0.15873 0.15873 2 1 0
308.282 0.15873 0.15873 2 1 0
308.782 0.15873 0.15873 2 1 0
309.282 0.15873 0.15873 2 1 0
309.782 0.15873 0.15873 2 1 0
310.282 0.15873 0.15873 2 1 0
310.782 0.15873 0.15873 2 1 0
311.282 0.15873 0.15873 2 1 0
311.782 0.15873 0.15873 2 1 0
312.282 0.15873 0.15873 2 1 0
312.782 0.15873 0.15873 2 1 0
313.282 0.15873 0.15873 2 1 0
313.782 0.15873 0.15873 2 1 0
314.282 0.15873 0.15873 2 1 0
314.782 0.15873 0.15873 2 1 0
315.282 0.15873 0.15873 2 1 0
315.782 0.15873 0.15873 2 1 0
316.282 0.15873 0.15873 2 1 0
316.782 0.15873 0.15873 2 1 0
317.282 0.15873 0.15873 2 1 0
317.782 0.15873 0.15873 2 1 0
318.282 0.15873 0.15873 2 1 0
318.782 0.15873 0.15873 2 1 0
319.282 0.15873 0.15873 2 1 0
319.782 0.15873 0.15873 2 1 0
320.282 0.15873 0.15873 2 1 0
320.782 0.15873 0.15873 2 1 0
321.282 0.15873 0.15873 2 1 0
321.782 0.15873 0.15873 2 1 0
322.282 0.15873 0.15873 2 1 0
322.782 0.15873 0.15873 2 1 0
323.282 0.15873 0.15873 2 1 0
323.782 0.15873 0.15873 2 1 0
324.282 0.15873 0.15873 2 1 0
324.782 0.15873 0.15873 2 1 0
325.282 0.15873 0.15873 2 1 0
325.782 0.15873 0.15873 2 1 0
326.282 0.15873 0.15873 2 1 0
326.782 0.15873 0.15873 2 1 0
327.282 0.15873 0.15873 2 1 0
327.782 0.15873 0.15873 2 1 0
328.282 0.15873 0.15873 2 1 0
328.782 0.15873 0.15873 2 1 0
329.282 0.15873 0.15873 2 1 0
329.782 0.15873 0.15873 2 1 0
330.282 0.15873 0.15873 2 1 0
330.782 0.15873 0.15873 2 1 0
331.282 0.15873 0.15873 2 1 0
331.782 0.15873 0.15873 2 1 0
332.282 0.15873 0.15873 2 1 0
332.782 0.15873 0.15873 2 1 0
333.282 0.15873 0.15873 2 1 0
333.782 0.15873 0.15873 2 1 0
334.282 0.15873 0.15873 2 1 0
334.782 0.15873 0.15873 2 1 0
335.282 0.15873 0.15873 2 1 0
335.782 0.15873 0.15873 2 1 0
336.282 0.15873 0.15873 2 1 0
336.782 0.15873 0.15873 2 1 0
337.282 0.15873 0.15873 2 1 0
337.782 0.15873 0.15873 2 1 0
338.282 0.15873 0.15873 2 1 0
338.782 0.15873 0.15873 2 1 0
339.282 0.15873 0.15873 2 1 0
339.782 0.15873 0.15873 2 1 0
340.282 0.15873 0.15873 2 1 0
340.782 0.15873 0.15873 2 1 0
341.282 0.15873 0.15873 2 1 0
341.782 0.15873 0.15873 2 1 0
342.282 0.15873 0.15873 2 1 0
342.782 0.15873 0.15873 2 1 0
342.782 0.15873 0.15873 2 1 0
342.822 0.15873 0.15873 2 1 0
342.862 0.15873 0.15873 2 1 0
342.942 0.15873 0.15873 2 1 0
343.102 0.15873 0.15873 2 1 0
343.422 0.15873 0.15873 2 1 0
343.922 0.15873 0.15873 2 1 0
344.422 0.15873 0.15873 2 1 0
344.922 0.15873 0.15873 2 1 0
345.422 0.15873 0.15873 2 1 0
345.922 0.15873 0.15873 2 1 0
346.422 0.15873 0.15873 2 1 0
346.922 0.15873 0.15873 2 1 0
347.422 0.15873 0.15873 2 1 0
347.922 0.15873 0.15873 2 1 0
348.422 0.15873 0.15873 2 1 0
348.922 0.15873 0.15873 2 1 0
349.422 0.15873 0.15873 2 1 0
349.922 0.15873 0.15873 2 1 0
350.422 0.15873 0.15873 2 1 0
350.922 0.15873 0.15873 2 1 0
351.422 0.15873 0.15873 2 1 0
351.922 0.15873 0.15873 2 1 0
352.422 0.15873 0.15873 2 1 0
352.922 0.15873 0.15873 2 1 0
353.422 0.15873 0.15873 2 1 0
353.922 0.15873 0.15873 2 1 0
354.422 0.15873 0.15873 2 1 0
354.922 0.15873 0.15873 2 1 0
355.422 0.15873 0.15873 2 1 0
355.922 0.15873 0.15873 2 1 0
356.422 0.15873 0.15873 2 1 0
356.922 0.15873 0.15873 2 1 0
357.422 0.15873 0.15873 2 1 0
357.922 0.15873 0.15873 2 1 0
358.422 0.15873 0.15873 2 1 0
358.922 0.15873 0.15873 2 1 0
359.422 0.15873 0.15873 2 1 0
359.922 0.15873 0.15873 2 1 0
360.422 0.15873 0.15873 2 1 0
360.922 0.15873 0.15873 2 1 0
361.422 0.15873 0.15873 2 1 0
361.922 0.15873 0.15873 2 1 0
362.422 0.15873 0.15873 2 1 0
362.922 0.15873 0.15873 2 1 0
363.422 0.15873 0.15873 2 1 0
363.922 0.15873 0.15873 2 1 0
364.422 0.15873 0.15873 2 1 0
364.922 0.15873 0.15873 2 1 0
365.422 0.15873 0.15873 2 1 0
365.922 0.15873 0.15873 2 1 0
366.422 0.15873 0.15873 2 1 0
366.922 0.15873 0.15873 2 1 0
367.422 0.15873 0.15873 2 1 0
367.922 0.15873 0.15873 2 1 0
368.422 0.15873 0.15873 2 1 0
368.922 0.15873 0.15873 2 1 0
369.422 0.15873 0.15873 2 1 0
369.922 0.15873 0.15873 2 1 0
370.422 0.15873 0.15873 2 1 0
370.922 0.15873 0.15873 2 1 0
371.422 0.15873 0.15873 2 1 0
371.922 0.15873 0.15873 2 1 0
372.422 0.15873 0.15873 2 1 0
372.922 0.15873 0.15873 2 1 0
373.422 0.15873 0.15873 2 1 0
373.922 0.15873 0.15873 2 1 0
374.422 0.15873 0.15873 2 1 0
374.922 0.15873 0.15873 2 1 0
375.422 0.15873 0.15873 2 1 0
375.922 0.15873 0.15873 2 1 0
376.422 0.15873 0.15873 2 1 0
376.922 0.15873 0.15873 2 1 0
377.422 0.15873 0.15873 2 1 0
377.922 0.15873 0.15873 2 1 0
378.422 0.15873 0.15873 2 1 0
378.922 0.15873 0.15873 2 1 0
379.422 0.15873 0.15873 2 1 0
379.922 0.15873 0.15873 2 1 0
380.422 0.15873 0.15873 2 1 0
380.922 0.15873 0.15873 2 1 0
381.422 0.15873 0.15873 2 1 0
381.922 0.15873 0.15873 2 1 0
382.422 0.15873 0.15873 2 1 0
382.922 0.15873 0.15873 2 1 0
383.422 0.15873 0.15873 2 1 0
383.922 0.15873 0.15873 2 1 0
384.422 0.15873 0.15873 2 1 0
384.922 0.15873 0.15873 2 1 0
385.422 0.15873 0.15873 2 1 0
385.922 0.15873 0.15873 2 1 0
386.422 0.15873 0.15873 2 1 0
386.922 0.15873 0.15873 2 1 0
387.422 0.15873 0.15873 2 1 0
387.922 0.15873 0.15873 2 1 0
388.422 0.15873 0.15873 2 1 0
388.922 0.15873 0.15873 2 1 0
389.422 0.15873 0.15873 2 1 0
389.922 0.15873 0.15873 2 1 0
390.422 0.15873 0.15873 2 1 0
390.922 0.15873 0.15873 2 1 0
391.422 0.15873 0.15873 2 1 0
391.922 0.15873 0.15873 2 1 0
392.422 0.15873 0.15873 2 1 0
392.922 0.15873 0.15873 2 1 0
393.422 0.15873 0.15873 2 1 0
393.922 0.15873 0.15873 2 1 0
394.422 0.15873 0.15873 2 1 0
394.922 0.15873 0.15873 2 1 0
395.422 0.15873 0.15873 2 1 0
395.922 0.15873 0.15873 2 1 0
396.422 0.15873 0.15873 2 1 0
396.922 0.15873 0.15873 2 1 0
397.422 0.15873 0.15873 2 1 0
397.922 0.15873 0.15873 2 1 0
398.422 0.15873 0.15873 2 1 0
398.922 0.15873 0.15873 2 1 0
399.422 0.15873 0.15873 2 1 0
399.922 0.15873 0.15873 2 1 0
400.422 0.15873 0.15873 2 1 0
400.922 0.15873 0.15873 2 1 0
401.422 0.15873 0.15873 2 1 0
401.922 0.15873 0.15873 2 1 0
402.422 0.15873 0.15873 2 1 0
402.922 0.15873 0.15873 2 1 0
403.422 0.15873 0.15873 2 1 0
403.922 0.15873 0.15873 2 1 0
404.422 0.15873 0.15873 2 1 0
404.922 0.15873 0.15873 2 1 0
405.422 0.15873 0.15873 2 1 0
405.922 0.15873 0.15873 2 1 0
406.422 0.15873 0.15873 2 1 0
406.922 0.15873 0.15873 2 1 0
407.422 0.15873 0.15873 2 1 0
407.922 0.15873 0.15873 2 1 0
408.422 0.15873 0.15873 2 1 0
408.922 0.15873 0.15873 2 1 0
409.422 0.15873 0.15873 2 1 0
409.922 0.15873 0.15873 2 1 0
410.422 0.15873 0.15873 2 1 0
410.922 0.15873 0.15873 2 1 0
411.422 0.15873 0.15873 2 1 0
411.922 0.15873 0.15873 2 1 0
412.422 0.15873 0.15873 2 1 0
412.922 0.15873 0.15873 2 1 0
413.422 0.15873 0.15873 2 1 0
413.922 0.15873 0.15873 2 1 0
414.422 0.15873 0.15873 2 1 0
414.922 0.15873 0.15873 2 1 0
415.422 0.15873 0.15873 2 1 0
415.922 0.15873 0.15873 2 1 0
416.422 0.15873 0.15873 2 1 0
416.922 0.15873 0.15873 2 1 0
417.422 0.15873 0.15873 2 1 0
417.922 0.15873 0.15873 2 1 0
418.422 0.15873 0.15873 2 1 0
418.922 0.15873 0.15873 2 1 0
419.422 0.15873 0.15873 2 1 0
419.922 0.15873 0.15873 2 1 0
420.422 0.15873 0.15873 2 1 0
420.922 0.15873 0.15873 2 1 0
421.422 0.15873 0.15873 2 1 0
421.922 0.15873 0.15873 2 1 0
422.422 0.15873 0.15873 2 1 0
422.922 0.15873 0.15873 2 1 0
423.422 0.15873 0.15873 2 1 0
423.922 0.15873 0.15873 2 1 0
424.422 0.15873 0.15873 2 1 0
424.922 0.15873 0.15873 2 1 0
425.422 0.15873 0.15873 2 1 0
425.922 0.15873 0.15873 2 1 0
426.422 0.15873 0.15873 2 1 0
426.922 0.15873 0.15873 2 1 0
427.422 0.15873 0.15873 2 1 0
427.922 0.15873 0.15873 2 1 0
428.422 0.15873 0.15873 2 1 0
428.922 0.15873 0.15873 2 1 0
429.422 0.15873 0.15873 2 1 0
429.922 0.15873 0.15873 2 1 0
430.422 0.15873 0.15873 2 1 0
430.922 0.15873 0.15873 2 1 0
431.422 0.15873 0.15873 2 1 0
431.922 0.15873 0.15873 2 1 0
432.422 0.15873 0.15873 2 1 0
432.922 0.15873 0.15873 2 1 0
433.422 0.15873 0.15873 2 1 0
433.922 0.15873 0.15873 2 1 0
434.422 0.15873 0.15873 2 1 0
434.922 0.15873 0.15873 2 1 0
435.422 0.15873 0.15873 2 1 0
435.922 0.15873 0.15873 2 1 0
436.422 0.15873 0.15873 2 1 0
436.922 0.15873 0.15873 2 1 0
437.422 0.15873 0.15873 2 1 0
437.922 0.15873 0.15873 2 1 0
438.422 0.15873 0.15873 2 1 0
438.922 0.15873 0.15873 2 1 0
439.422 0.15873 0.15873 2 1 0
439.922 0.15873 0.15873 2 1 0
440.422 0.15873 0.15873 2 1 0
440.422 0.15873 0.15873 2 1 0
440.462 0.15873 0.15873 2 1 0
440.502 0.15873 0.15873 2 1 0
440.582 0.15873 0.15873 2 1 0
440.742 0.15873 0.15873 2 1 0
441.062 0.15873 0.15873 2 1 0
441.562 0.15873 0.15873 2 1 0
442.062 0.15873 0.15873 2 1 0
442.562 0.15873 0.15873 2 1 0
443.062 0.15873 0.15873 2 1 0
443.562 0.15873 0.15873 2 1 0
444.062 0.15873 0.15873 2 1 0
444.562 0.15873 0.15873 2 1 0
445.062 0.15873 0.15873 2 1 0
445.562 0.15873 0.15873 2 1 0
446.062 0.15873 0.15873 2 1 0
446.562 0.15873 0.15873 2 1 0
447.062 0.15873 0.15873 2 1 0
447.562 0.15873 0.15873 2 1 0
448.062 0.15873 0.15873 2 1 0
448.562 0.15873 0.15873 2 1 0
449.062 0.15873 0.15873 2 1 0
449.562 0.15873 0.15873 2 1 0
450.062 0.15873 0.15873 2 1 0
450.562 0.15873 0.15873 2 1 0
451.062 0.15873 0.15873 2 1 0
451.562 0.15873 0.15873 2 1 0
452.062 0.15873 0.15873 2 1 0
452.562 0.15873 0.15873 2 1 0
453.062 0.15873 0.15873 2 1 0
453.562 0.15873 0.15873 2 1 0
454.062 0.15873 0.15873 2 1 0
454.562 0.15873 0.15873 2 1 0
455.062 0.15873 0.15873 2 1 0
455.562 0.15873 0.15873 2 1 0
456.062 0.15873 0.15873 2 1 0
456.562 0.15873 0.15873 2 1 0
457.062 0.15873 0.15873 2 1 0
457.562 0.15873 0.15873 2 1 0
458.062 0.15873 0.15873 2 1 0
458.562 0.15873 0.15873 2 1 0
459.062 0.15873 0.15873 2 1 0
459.562 0.15873 0.15873 2 1 0
460.062 0.15873 0.15873 2 1 0
460.562 0.15873 0.15873 2 1 0
461.062 0.15873 0.15873 2 1 0
461.562 0.15873 0.15873 2 1 0
462.062 0.15873 0.15873 2 1 0
462.562 0.15873 0.15873 2 1 0
463.062 0.15873 0.15873 2 1 0
463.562 0.15873 0.15873 2 1 0
464.062 0.15873 0.15873 2 1 0
464.562 0.15873 0.15873 2 1 0
465.062 0.15873 0.15873 2 1 0
465.562 0.15873 0.15873 2 1 0
466.062 0.15873 0.15873 2 1 0
466.562 0.15873 0.15873 2 1 0
467.062 0.15873 0.15873 2 1 0
467.562 0.15873 0.15873 2 1 0
468.062 0.15873 0.15873 2 1 0
468.562 0.15873 0.15873 2 1 0
469.062 0.15873 0.15873 2 1 0
469.562 0.15873 0.15873 2 1 0
470.062 0.15873 0.15873 2 1 0
470.562 0.15873 0.15873 2 1 0
471.062 0.15873 0.15873 2 1 0
471.562 0.15873 0.15873 2 1 0
472.062 0.15873 0.15873 2 1 0
472.562 0.15873 0.15873 2 1 0
473.062 0.15873 0.15873 2 1 0
473.562 0.15873 0.15873 2 1 0
474.062 0.15873 0.15873 2 1 0
474.562 0.15873 0.15873 2 1 0
475.062 0.15873 0.15873 2 1 0
475.562 0.15873 0.15873 2 1 0
476.062 0.15873 0.15873 2 1 0
476.562 0.15873 0.15873 2 1 0
477.062 0.15873 0.15873 2 1 0
477.562 0.15873 0.15873 2 1 0
478.062 0.15873 0.15873 2 1 0
478.562 0.15873 0.15873 2 1 0
479.062 0.15873 0.15873 2 1 0
479.562 0.15873 0.15873 2 1 0
480.062 0.15873 0.15873 2 1 0
480.562 0.15873 0.15873 2 1 0
481.062 0.15873 0.15873 2 1 0
481.562 0.15873 0.15873 2 1 0
482.062 0.15873 0.15873 2 1 0
482.562 0.15873 0.15873 2 1 0
483.062 0.15873 0.15873 2 1 0
483.562 0.15873 0.15873 2 1 0
484.062 0.15873 0.15873 2 1 0
484.562 0.15873 0.15873 2 1 0
485.062 0.15873 0.15873 2 1 0
485.562 0.15873 0.15873 2 1 0
486.062 0.15873 0.15873 2 1 0
486.562 0.15873 0.15873 2 1 0
487.062 0.15873 0.15873 2 1 0
487.562 0.15873 0.15873 2 1 0
488.062 0.15873 0.15873 2 1 0
488.562 0.15873 0.15873 2 1 0
489.062 0.15873 0.15873 2 1 0
489.562 0.15873 0.15873 2 1 0
490.062 0.15873 0.15873 2 1 0
490.562 0.15873 0.15873 2 1 0
491.062 0.15873 0.15873 2 1 0
491.562 0.15873 0.15873 2 1 0
492.062 0.15873 0.15873 2 1 0
492.562 0.15873 0.15873 2 1 0
493.062 0.15873 0.15873 2 1 0
493.562 0.15873 0.15873 2 1 0
494.062 0.15873 0.15873 2 1 0
494.562 0.15873 0.15873 2 1 0
495.062 0.15873 0.15873 2 1 0
495.562 0.15873 0.15873 2 1 0
496.062 0.15873 0.15873 2 1 0
496.562 0.15873 0.15873 2 1 0
497.062 0.15873 0.15873 2 1 0
497.562 0.15873 0.15873 2 1 0
498.062 0.15873 0.15873 2 1 0
498.562 0.15873 0.15873 2 1 0
499.062 0.15873 0.15873 2 1 0
499.562 0.15873 0.15873 2 1 0
500.062 0.15873 0.15873 2 1 0
500.562 0.15873 0.15873 2 1 0
501.062 0.15873 0.15873 2 1 0
501.562 0.15873 0.15873 2 1 0
502.062 0.15873 0.15873 2 1 0
502.562 0.15873 0.15873 2 1 0
503.062 0.15873 0.15873 2 1 0
503.562 0.15873 0.15873 2 1 0
504.062 0.15873 0.15873 2 1 0
504.562 0.15873 0.15873 2 1 0
505.062 0.15873 0.15873 2 1 0
505.562 0.15873 0.15873 2 1 0
506.062 0.15873 0.15873 2 1 0
506.562 0.15873 0.15873 2 1 0
507.062 0.15873 0.15873 2 1 0
507.562 0.15873 0.15873 2 1 0
508.062 0.15873 0.15873 2 1 0
508.562 0.15873 0.15873 2 1 0
509.062 0.15873 0.15873 2 1 0
509.562 0.15873 0.15873 2 1 0
510.062 0.15873 0.15873 2 1 0
510.562 0.15873 0.15873 2 1 0
511.062 0.15873 0.15873 2 1 0
511.562 0.15873 0.15873 2 1 0
512.062 0.15873 0.15873 2 1 0
512.562 0.15873 0.15873 2 1 0
513.062 0.15873 0.15873 2 1 0
513.562 0.15873 0.15873 2 1 0
514.062 0.15873 0.15873 2 1 0
514.562 0.15873 0.15873 2 1 0
515.062 0.15873 0.15873 2 1 0
515.562 0.15873 0.15873 2 1 0
516.062 0.15873 0.15873 2 1 0
516.562 0.15873 0.15873 2 1 0
517.062 0.15873 0.15873 2 1 0
517.562 0.15873 0.15873 2 1 0
518.062 0.15873 0.15873 2 1 0
518.562 0.15873 0.15873 2 1 0
519.062 0.15873 0.15873 2 1 0
519.562 0.15873 0.15873 2 1 0
520.062 0.15873 0.15873 2 1 0
520.562 0.15873 0.15873 2 1 0
521.062 0.15873 0.15873 2 1 0
521.562 0.15873 0.15873 2 1 0
522.062 0.15873 0.15873 2 1 0
522.562 0.15873 0.15873 2 1 0
523.062 0.15873 0.15873 2 1 0
523.562 0.15873 0.15873 2 1 0
524.062 0.15873 0.15873 2 1 0
524.562 0.15873 0.15873 2 1 0
525.062 0.15873 0.15873 2 1 0
525.562 0.15873 0.15873 2 1 0
526.062 0.15873 0.15873 2 1 0
526.562 0.15873 0.15873 2 1 0
527.062 0.15873 0.15873 2 1 0
527.562 0.15873 0.15873 2 1 0
528.062 0.15873 0.15873 2 1 0
528.562 0.15873 0.15873 2 1 0
529.062 0.15873 0.15873 2 1 0
529.562 0.15873 0.15873 2 1 0
530.062 0.15873 0.15873 2 1 0
530.562 0.15873 0.15873 2 1 0
531.062 0.15873 0.15873 2 1 0
531.562 0.15873 0.15873 2 1 0
532.062 0.15873 0.15873 2 1 0
532.562 0.15873 0.15873 2 1 0
533.062 0.15873 0.15873 2 1 0
533.562 0.15873 0.15873 2 1 0
534.062 0.15873 0.15873 2 1 0
534.562 0.15873 0.15873 2 1 0
535.062 0.15873 0.15873 2 1 0
535.562 0.15873 0.15873 2 1 0
536.062 0.15873 0.15873 2 1 0
536.562 0.15873 0.15873 2 1 0
537.062 0.15873 0.15873 2 1 0
537.562 0.15873 0.15873 2 1 0
538.062 0.15873 0.15873 2 1 0
538.062 0.15873 0.15873 2 1 0
538.102 0.15873 0.15873 2 1 0
538.142 0.15873 0.15873 2 1 0
538.222 0.15873 0.15873 2 1 0
538.382 0.15873 0.15873 2 1 0
538.702 0.15873 0.15873 2 1 0
539.202 0.15873 0.15873 2 1 0
539.702 0.15873 0.15873 2 1 0
540.202 0.15873 0.15873 2 1 0
540.702 0.15873 0.15873 2 1 0
541.202 0.15873 0.15873 2 1 0
541.702 0.15873 0.15873 2 1 0
542.202 0.15873 0.15873 2 1 0
542.702 0.15873 0.15873 2 1 0
543.202 0.15873 0.15873 2 1 0
543.702 0.15873 0.15873 2 1 0
544.202 0.15873 0.15873 2 1 0
544.702 0.15873 0.15873 2 1 0
545.202 0.15873 0.15873 2 1 0
545.702 0.15873 0.15873 2 1 0
546.202 0.15873 0.15873 2 1 0
546.702 0.15873 0.15873 2 1 0
547.202 0.15873 0.15873 2 1 0
547.702 0.15873 0.15873 2 1 0
548.202 0.15873 0.15873 2 1 0
548.702 0.15873 0.15873 2 1 0
549.202 0.15873 0.15873 2 1 0
549.702 0.15873 0.15873 2 1 0
550.202 0.15873 0.15873 2 1 0
550.702 0.15873 0.15873 2 1 0
551.202 0.15873 0.15873 2 1 0
551.702 0.15873 0.15873 2 1 0
552.202 0.15873 0.15873 2 1 0
552.702 0.15873 0.15873 2 1 0
553.202 0.15873 0.15873 2 1 0
553.702 0.15873 0.15873 2 1 0
554.202 0.15873 0.15873 2 1 0
554.702 0.15873 0.15873 2 1 0
555.202 0.15873 0.15873 2 1 0
555.702 0.15873 0.15873 2 1 0
556.202 0.15873 0.15873 2 1 0
556.702 0.15873 0.15873 2 1 0
557.202 0.15873 0.15873 2 1 0
557.702 0.15873 0.15873 2 1 0
558.202 0.15873 0.15873 2 1 0
558.702 0.15873 0.15873 2 1 0
559.202 0.15873 0.15873 2 1 0
559.702 0.15873 0.15873 2 1 0
560.202 0.15873 0.15873 2 1 0
560.702 0.15873 0.15873 2 1 0
561.202 0.15873 0.15873 2 1 0
561.702 0.15873 0.15873 2 1 0
562.202 0.15873 0.15873 2 1 0
562.702 0.15873 0.15873 2 1 0
563.202 0.15873 0.15873 2 1 0
563.702 0.15873 0.15873 2 1 0
564.202 0.15873 0.15873 2 1 0
564.702 0.15873 0.15873 2 1 0
565.202 0.15873 0.15873 2 1 0
565.702 0.15873 0.15873 2 1 0
566.202 0.15873 0.15873 2 1 0
566.702 0.15873 0.15873 2 1 0
567.202 0.15873 0.15873 2 1 0
567.702 0.15873 0.15873 2 1 0
568.202 0.15873 0.15873 2 1 0
568.702 0.15873 0.15873 2 1 0
569.202 0.15873 0.15873 2 1 0
569.702 0.15873 0.15873 2 1 0
570.202 0.15873 0.15873 2 1 0
570.702 0.15873 0.15873 2 1 0
571.202 0.15873 0.15873 2 1 0
571.702 0.15873 0.15873 2 1 0
572.202 0.15873 0.15873 2 1 0
572.702 0.15873 0.15873 2 1 0
573.202 0.15873 0.15873 2 1 0
573.702 0.15873 0.15873 2 1 0
574.202 0.15873 0.15873 2 1 0
574.702 0.15873 0.15873 2 1 0
575.202 0.15873 0.15873 2 1 0
575.702 0.15873 0.15873 2 1 0
576.202 0.15873 0.15873 2 1 0
576.702 0.15873 0.15873 2 1 0
577.202 0.15873 0.15873 2 1 0
577.702 0.15873 0.15873 2 1 0
578.202 0.15873 0.15873 2 1 0
578.702 0.15873 0.15873 2 1 0
579.202 0.15873 0.15873 2 1 0
579.702 0.15873 0.15873 2 1 0
580.202 0.15873 0.15873 2 1 0
580.702 0.15873 0.15873 2 1 0
581.202 0.15873 0.15873 2 1 0
581.702 0.15873 0.15873 2 1 0
582.202 0.15873 0.15873 2 1 0
582.702 0.15873 0.15873 2 1 0
583.202 0.15873 0.15873 2 1 0
583.702 0.15873 0.15873 2 1 0
584.202 0.15873 0.15873 2 1 0
584.702 0.15873 0.15873 2 1 0
585.202 0.15873 0.15873 2 1 0
585.702 0.15873 0.15873 2 1 0
586.202 0.15873 0.15873 2 1 0
586.702 0.15873 0.15873 2 1 0
587.202 0.15873 0.15873 2 1 0
587.702 0.15873 0.15873 2 1 0
588.202 0.15873 0.15873 2 1 0
588.702 0.15873 0.15873 2 1 0
589.202 0.15873 0.15873 2 1 0
589.702 0.15873 0.15873 2 1 0
590.202 0.15873 0.15873 2 1 0
590.702 0.15873 0.15873 2 1 0
591.202 0.15873 0.15873 2 1 0
591.702 0.15873 0.15873 2 1 0
592.202 0.15873 0.15873 2 1 0
592.702 0.15873 0.15873 2 1 0
593.202 0.15873 0.15873 2 1 0
593.702 0.15873 0.15873 2 1 0
594.202 0.15873 0.15873 2 1 0
594.702 0.15873 0.15873 2 1 0
595.202 0.15873 0.15873 2 1 0
595.702 0.15873 0.15873 2 1 0
596.202 0.15873 0.15873 2 1 0
596.702 0.15873 0.15873 2 1 0
597.202 0.15873 0.15873 2 1 0
597.702 0.15873 0.15873 2 1 0
598.202 0.15873 0.15873 2 1 0
598.702 0.15873 0.15873 2 1 0
599.202 0.15873 0.15873 2 1 0
599.702 0.15873 0.15873 2 1 0
600.202 0.15873 0.15873 2 1 0
600.702 0.15873 0.15873 2 1 0
601.202 0.15873 0.15873 2 1 0
601.702 0.15873 0.15873 2 1 0
602.202 0.15873 0.15873 2 1 0
602.702 0.15873 0.15873 2 1 0
603.202 0.15873 0.15873 2 1 0
603.702 0.15873 0.15873 2 1 0
604.202 0.15873 0.15873 2 1 0
604.702 0.15873 0.15873 2 1 0
605.202 0.15873 0.15873 2 1 0
605.702 0.15873 0.15873 2 1 0
606.202 0.15873 0.15873 2 1 0
606.702 0.15873 0.15873 2 1 0
607.202 0.15873 0.15873 2 1 0
607.702 0.15873 0.15873 2 1 0
608.202 0.15873 0.15873 2 1 0
608.702 0.15873 0.15873 2 1 0
609.202 0.15873 0.15873 2 1 0
609.702 0.15873 0.15873 2 1 0
610.202 0.15873 0.15873 2 1 0
610.702 0.15873 0.15873 2 1 0
611.202 0.15873 0.15873 2 1 0
611.702 0.15873 0.15873 2 1 0
612.202 0.15873 0.15873 2 1 0
612.702 0.15873 0.15873 2 1 0
613.202 0.15873 0.15873 2 1 0
613.702 0.15873 0.15873 2 1 0
614.202 0.15873 0.15873 2 1 0
614.702 0.15873 0.15873 2 1 0
615.202 0.15873 0.15873 2 1 0
615.702 0.15873 0.15873 2 1 0
616.202 0.15873 0.15873 2 1 0
616.702 0.15873 0.15873 2 1 0
617.202 0.15873 0.15873 2 1 0
617.702 0.15873 0.15873 2 1 0
618.202 0.15873 0.15873 2 1 0
618.702 0.15873 0.15873 2 1 0
619.202 0.15873 0.15873 2 1 0
619.702 0.15873 0.15873 2 1 0
620.202 0.15873 0.15873 2 1 0
620.702 0.15873 0.15873 2 1 0
621.202 0.15873 0.15873 2 1 0
621.702 0.15873 0.15873 2 1 0
622.202 0.15873 0.15873 2 1 0
622.702 0.15873 0.15873 2 1 0
623.202 0.15873 0.15873 2 1 0
623.702 0.15873 0.15873 2 1 0
624.202 0.15873 0.15873 2 1 0
624.702 0.15873 0.15873 2 1 0
625.202 0.15873 0.15873 2 1 0
625.702 0.15873 0.15873 2 1 0
626.202 0.15873 0.15873 2 1 0
626.702 0.15873 0.15873 2 1 0
627.202 0.15873 0.15873 2 1 0
627.702 0.15873 0.15873 2 1 0
628.202 0.15873 0.15873 2 1 0
628.702 0.15873 0.15873 2 1 0
629.202 0.15873 0.15873 2 1 0
629.702 0.15873 0.15873 2 1 0
630.202 0.15873 0.15873 2 1 0
630.702 0.15873 0.15873 2 1 0
631.202 0.15873 0.15873 2 1 0
631.702 0.15873 0.15873 2 1 0
632.202 0.15873 0.15873 2 1 0
632.702 0.15873 0.15873 2 1 0
633.202 0.15873 0.15873 2 1 0
633.702 0.15873 0.15873 2 1 0
634.202 0.15873 0.15873 2 1 0
634.702 0.15873 0.15873 2 1 0
635.202 0.15873 0.15873 2 1 0
635.702 0.15873 0.15873 2 1 0
50 0.15873 0.15873 2 1 0
49.96 0.15873 0.15873 1 1 0
49.92 0.15873 0.15873 1 1 0
49.84 0.15873 0.15873 1 1 0
49.68 0.15873 0.15873 1 1 0
49.36 0.15873 0.15873 1 1 0
48.86 0.15873 0.15873 1 1 0
48.36 0.15873 0.15873 1 1 0
47.86 0.15873 0.15873 1 1 0
47.36 0.15873 0.15873 1 1 0
46.86 0.15873 0.15873 1 1 0
46.36 0.15873 0.15873 1 1 0
45.86 0.15873 0.15873 1 1 0
45.36 0.15873 0.15873 1 1 0
44.86 0.15873 0.15873 1 1 0
44.36 0.15873 0.15873 1 1 0
43.86 0.15873 0.15873 1 1 0
43.36 0.15873 0.15873 1 1 0
42.86 0.15873 0.15873 1 1 0
42.36 0.15873 0.15873 1 1 0
41.966 0.15873 0.15873 1 1 0
41.466 0.15873 0.15873 2 1 0
40.966 0.15873 0.15873 2 1 0
40.466 0.15873 0.15873 2 1 0
39.966 0.15873 0.15873 2 1 0
39.466 0.15873 0.15873 2 1 0
38.966 0.15873 0.15873 2 1 0
38.466 0.15873 0.15873 2 1 0
37.966 0.15873 0.15873 2 1 0
37.466 0.15873 0.15873 2 1 0
36.966 0.15873 0.15873 2 1 0
36.466 0.15873 0.15873 2 1 0
35.966 0.15873 0.15873 2 1 0
35.466 0.15873 0.15873 2 1 0
34.966 0.15873 0.15873 2 1 0
34.466 0.15873 0.15873 2 1 0
33.966 0.15873 0.15873 2 1 0
33.466 0.15873 0.15873 2 1 0
32.966 0.15873 0.15873 2 1 0
32.466 0.15873 0.15873 2 1 0
31.966 0.15873 0.15873 2 1 0
31.466 0.15873 0.15873 2 1 0
30.966 0.15873 0.15873 2 1 0
30.466 0.15873 0.15873 2 1 0
29.966 0.15873 0.15873 2 1 0
29.466 0.15873 0.15873 2 1 0
28.966 0.15873 0.15873 2 1 0
28.466 0.15873 0.15873 2 1 0
27.966 0.15873 0.15873 2 1 0
27.466 0.15873 0.15873 2 1 0
26.966 0.15873 0.15873 2 1 0
26.466 0.15873 0.15873 2 1 0
25.966 0.15873 0.15873 2 1 0
25.466 0.15873 0.15873 2 1 0
24.966 0.15873 0.15873 2 1 0
24.466 0.15873 0.15873 2 1 0
23.966 0.15873 0.15873 2 1 0
23.466 0.15873 0.15873 2 1 0
22.966 0.15873 0.15873 2 1 0
22.466 0.15873 0.15873 2 1 0
21.966 0.15873 0.15873 2 1 0
21.466 0.15873 0.15873 2 1 0
20.966 0.15873 0.15873 2 1 0
20.466 0.15873 0.15873 2 1 0
19.966 0.15873 0.15873 2 1 0
19.466 0.15873 0.15873 2 1 0
18.966 0.15873 0.15873 2 1 0
18.466 0.15873 0.15873 2 1 0
17.966 0.15873 0.15873 2 1 0
17.466 0.15873 0.15873 2 1 0
16.966 0.15873 0.15873 2 1 0
16.466 0.15873 0.15873 2 1 0
15.966 0.15873 0.15873 2 1 0
15.466 0.15873 0.15873 2 1 0
14.966 0.15873 0.15873 2 1 0
14.466 0.15873 0.15873 2 1 0
13.966 0.15873 0.15873 2 1 0
13.466 0.15873 0.15873 2 1 0
12.966 0.15873 0.15873 2 1 0
12.466 0.15873 0.15873 2 1 0
11.9661 0.15873 0.15873 2 1 0
11.4661 0.15873 0.15873 2 1 0
10.9661 0.15873 0.15873 2 1 0
10.4661 0.15873 0.15873 2 1 0
9.96607 0.15873 0.15873 2 1 0
9.46607 0.15873 0.15873 2 1 0
8.96608 0.15873 0.15873 2 1 0
8.46608 0.15873 0.15873 2 1 0
7.96609 0.15873 0.15873 2 1 0
7.46609 0.15873 0.15873 2 1 0
6.9661 0.15873 0.15873 2 1 0
6.4661 0.15873 0.15873 2 1 0
5.96611 0.15873 0.15873 2 1 0
5.46611 0.15873 0.15873 2 1 0
4.96612 0.15873 0.15873 2 1 0
4.46613 0.15873 0.15873 2 1 0
3.96614 0.15873 0.15873 2 1 0
3.46614 0.15873 0.15873 2 1 0
2.96615 0.15873 0.15873 2 1 0
2.46616 0.15873 0.15873 2 1 0
1.96617 0.15873 0.15873 2 1 0
1.46618 0.15873 0.15873 2 1 0
0.96619 0.15873 0.15873 2 1 0
0.466201 0.15873 0.15873 2 1 0
-0.0337878 0.15873 0.15873 2 1 0
41.966 0.15873 0.15873 2 2 0
49.2339 0.169134 0.169134 2 2 0
49.2379 0.169139 0.169139 2 2 0
49.239 0.169141 0.169141 2 2 0
49.2404 0.169143 0.169143 2 2 0
49.2429 0.169147 0.169147 2 2 0
49.2479 0.169155 0.169155 2 2 0
49.2579 0.16917 0.16917 2 2 0
49.2779 0.169202 0.169202 2 2 0
49.3179 0.169264 0.169264 2 2 0
49.3979 0.169389 0.169389 2 2 0
49.5579 0.169639 0.169639 2 2 0
49.8779 0.170142 0.170142 2 2 0
50.3779 0.170936 0.170936 2 2 0
50.8779 0.17174 0.17174 2 2 0
51.3779 0.172552 0.172552 2 2 0
51.8779 0.173375 0.173375 2 2 0
52.3779 0.174206 0.174206 2 2 0
52.8779 0.175048 0.175048 2 2 0
53.3779 0.175899 0.175899 2 2 0
53.8779 0.17676 0.17676 2 2 0
54.3778 0.177631 0.177631 2 2 0
54.8778 0.178512 0.178512 2 2 0
55.3778 0.179404 0.179404 2 2 0
55.8778 0.180305 0.180305 2 2 0
56.3778 0.181217 0.181217 2 2 0
56.8778 0.18214 0.18214 2 2 0
57.3778 0.183073 0.183073 2 2 0
57.8778 0.184017 0.184017 2 2 0
58.3778 0.184972 0.184972 2 2 0
58.8778 0.185937 0.185937 2 2 0
59.3778 0.186914 0.186914 2 2 0
59.8778 0.187902 0.187902 2 2 0
60.3778 0.1889 0.1889 2 2 0
60.8778 0.189911 0.189911 2 2 0
61.3778 0.190932 0.190932 2 2 0
61.8778 0.191965 0.191965 2 2 0
62.3778 0.19301 0.19301 2 2 0
62.8778 0.194067 0.194067 2 2 0
63.3778 0.195135 0.195135 2 2 0
63.8778 0.196215 0.196215 2 2 0
64.3778 0.197307 0.197307 2 2 0
64.8777 0.198411 0.198411 2 2 0
65.3777 0.199528 0.199528 2 2 0
65.8777 0.200656 0.200656 2 2 0
66.3777 0.201797 0.201797 2 2 0
66.8777 0.202951 0.202951 2 2 0
67.3777 0.204117 0.204117 2 2 0
67.8777 0.205295 0.205295 2 2 0
68.3777 0.206486 0.206486 2 2 0
68.8777 0.20769 0.20769 2 2 0
69.3777 0.208907 0.208907 2 2 0
69.8777 0.210137 0.210137 2 2 0
70.3777 0.21138 0.21138 2 2 0
70.8777 0.212636 0.212636 2 2 0
71.3777 0.213904 0.213904 2 2 0
71.8777 0.215187 0.215187 2 2 0
72.3777 0.216482 0.216482 2 2 0
72.8777 0.217791 0.217791 2 2 0
73.3777 0.219113 0.219113 2 2 0
73.8777 0.220449 0.220449 2 2 0
74.3776 0.221798 0.221798 2 2 0
74.8776 0.223161 0.223161 2 2 0
75.3776 0.224538 0.224538 2 2 0
75.8776 0.225928 0.225928 2 2 0
76.3776 0.227332 0.227332 2 2 0
76.8776 0.22875 0.22875 2 2 0
77.3776 0.230181 0.230181 2 2 0
77.8776 0.231627 0.231627 2 2 0
78.3776 0.233086 0.233086 2 2 0
78.8776 0.23456 0.23456 2 2 0
79.3776 0.236047 0.236047 2 2 0
79.8776 0.237549 0.237549 2 2 0
80.3776 0.239064 0.239064 2 2 0
80.8776 0.240594 0.240594 2 2 0
81.3776 0.242138 0.242138 2 2 0
81.8776 0.243696 0.243696 2 2 0
82.3776 0.245268 0.245268 2 2 0
82.8775 0.246854 0.246854 2 2 0
83.3775 0.248455 0.248455 2 2 0
83.8775 0.25007 0.25007 2 2 0
84.3775 0.251699 0.251699 2 2 0
84.8775 0.253342 0.253342 2 2 0
85.3775 0.254999 0.254999 2 2 0
85.8775 0.256671 0.256671 2 2 0
86.3775 0.258357 0.258357 2 2 0
86.8775 0.260057 0.260057 2 2 0
87.3775 0.261771 0.261771 2 2 0
87.8775 0.2635 0.2635 2 2 0
88.3775 0.265243 0.265243 2 2 0
88.8775 0.266999 0.266999 2 2 0
89.3775 0.26877 0.26877 2 2 0
89.8775 0.270555 0.270555 2 2 0
90.3775 0.272355 0.272355 2 2 0
90.8775 0.274168 0.274168 2 2 0
91.3774 0.275995 0.275995 2 2 0
91.8774 0.277836 0.277836 2 2 0
92.3774 0.279692 0.279692 2 2 0
92.8774 0.281561 0.281561 2 2 0
93.3774 0.283443 0.283443 2 2 0
93.8774 0.28534 0.28534 2 2 0
94.3774 0.287251 0.287251 2 2 0
94.8774 0.289175 0.289175 2 2 0
95.3774 0.291113 0.291113 2 2 0
95.8774 0.293064 0.293064 2 2 0
96.3774 0.295029 0.295029 2 2 0
96.8774 0.297007 0.297007 2 2 0
97.3774 0.298999 0.298999 2 2 0
97.8774 0.301004 0.301004 2 2 0
98.3774 0.303022 0.303022 2 2 0
98.8774 0.305053 0.305053 2 2 0
99.3773 0.307098 0.307098 2 2 0
99.8773 0.309155 0.309155 2 2 0
100.377 0.311225 0.311225 2 2 0
100.877 0.313309 0.313309 2 2 0
101.377 0.315404 0.315404 2 2 0
101.877 0.317513 0.317513 2 2 0
102.377 0.319634 0.319634 2 2 0
102.877 0.321767 0.321767 2 2 0
103.377 0.323913 0.323913 2 2 0
103.877 0.326071 0.326071 2 2 0
104.377 0.32824 0.32824 2 2 0
104.877 0.330422 0.330422 2 2 0
105.377 0.332616 0.332616 2 2 0
105.877 0.334822 0.334822 2 2 0
106.377 0.337039 0.337039 2 2 0
106.877 0.339268 0.339268 2 2 0
107.377 0.341508 0.341508 2 2 0
107.877 0.343759 0.343759 2 2 0
108.377 0.346022 0.346022 2 2 0
108.877 0.348295 0.348295 2 2 0
109.377 0.35058 0.35058 2 2 0
109.877 0.352875 0.352875 2 2 0
110.377 0.355181 0.355181 2 2 0
110.877 0.357497 0.357497 2 2 0
111.377 0.359824 0.359824 2 2 0
111.877 0.362161 0.362161 2 2 0
112.377 0.364508 0.364508 2 2 0
112.877 0.366864 0.366864 2 2 0
113.377 0.369231 0.369231 2 2 0
113.877 0.371607 0.371607 2 2 0
114.377 0.373993 0.373993 2 2 0
114.877 0.376388 0.376388 2 2 0
115.377 0.378792 0.378792 2 2 0
115.877 0.381205 0.381205 2 2 0
116.377 0.383627 0.383627 2 2 0
116.877 0.386057 0.386057 2 2 0
117.377 0.388497 0.388497 2 2 0
117.877 0.390944 0.390944 2 2 0
118.377 0.3934 0.3934 2 2 0
118.877 0.395863 0.395863 2 2 0
119.377 0.398335 0.398335 2 2 0
119.877 0.400814 0.400814 2 2 0
120.377 0.403301 0.403301 2 2 0
120.877 0.405795 0.405795 2 2 0
121.377 0.408296 0.408296 2 2 0
121.877 0.410805 0.410805 2 2 0
122.377 0.41332 0.41332 2 2 0
122.877 0.415842 0.415842 2 2 0
123.377 0.41837 0.41837 2 2 0
123.877 0.420905 0.420905 2 2 0
124.377 0.423445 0.423445 2 2 0
124.877 0.425992 0.425992 2 2 0
125.377 0.428545 0.428545 2 2 0
125.877 0.431103 0.431103 2 2 0
126.377 0.433666 0.433666 2 2 0
126.877 0.436235 0.436235 2 2 0
127.377 0.438809 0.438809 2 2 0
127.877 0.441388 0.441388 2 2 0
128.377 0.443971 0.443971 2 2 0
128.877 0.446559 0.446559 2 2 0
129.377 0.449151 0.449151 2 2 0
129.877 0.451748 0.451748 2 2 0
130.377 0.454348 0.454348 2 2 0
130.877 0.456952 0.456952 2 2 0
131.377 0.45956 0.45956 2 2 0
131.877 0.462171 0.462171 2 2 0
132.377 0.464786 0.464786 2 2 0
132.877 0.467403 0.467403 2 2 0
133.377 0.470023 0.470023 2 2 0
133.877 0.472646 0.472646 2 2 0
134.377 0.475272 0.475272 2 2 0
134.877 0.4779 0.4779 2 2 0
135.377 0.48053 0.48053 2 2 0
135.877 0.483162 0.483162 2 2 0
136.377 0.485795 0.485795 2 2 0
136.877 0.48843 0.48843 2 2 0
137.377 0.491067 0.491067 2 2 0
137.877 0.493705 0.493705 2 2 0
138.377 0.496344 0.496344 2 2 0
138.877 0.498983 0.498983 2 2 0
139.377 0.501624 0.501624 2 2 0
139.877 0.504264 0.504264 2 2 0
140.377 0.506906 0.506906 2 2 0
140.877 0.509547 0.509547 2 2 0
141.377 0.512188 0.512188 2 2 0
141.877 0.514829 0.514829 2 2 0
142.377 0.51747 0.51747 2 2 0
142.877 0.52011 0.52011 2 2 0
143.377 0.522749 0.522749 2 2 0
41.966 0.15873 0.15873 2 2 0
33.8901 0.149047 0.149047 2 2 0
33.8901 0.149047 0.149047 2 2 0
143.377 0.522749 0.522749 2 2 0
143.417 0.52296 0.52296 2 2 0
143.457 0.523171 0.523171 2 2 0
143.537 0.523593 0.523593 2 2 0
143.697 0.524437 0.524437 2 2 0
144.017 0.526126 0.526126 2 2 0
144.517 0.528762 0.528762 2 2 0
145.017 0.531398 0.531398 2 2 0
145.517 0.534032 0.534032 2 2 0
146.017 0.536664 0.536664 2 2 0
146.517 0.539295 0.539295 2 2 0
147.017 0.541923 0.541923 2 2 0
147.517 0.544549 0.544549 2 2 0
148.017 0.547173 0.547173 2 2 0
148.517 0.549795 0.549795 2 2 0
149.017 0.552413 0.552413 2 2 0
149.517 0.555029 0.555029 2 2 0
150.017 0.557642 0.557642 2 2 0
150.517 0.560252 0.560252 2 2 0
151.017 0.562858 0.562858 2 2 0
151.517 0.565461 0.565461 2 2 0
152.017 0.56806 0.56806 2 2 0
152.517 0.570656 0.570656 2 2 0
153.017 0.573247 0.573247 2 2 0
153.517 0.575834 0.575834 2 2 0
154.017 0.578418 0.578418 2 2 0
154.517 0.580996 0.580996 2 2 0
155.017 0.58357 0.58357 2 2 0
155.517 0.58614 0.58614 2 2 0
156.017 0.588704 0.588704 2 2 0
156.517 0.591264 0.591264 2 2 0
157.017 0.593818 0.593818 2 2 0
157.517 0.596368 0.596368 2 2 0
158.017 0.598911 0.598911 2 2 0
158.516 0.60145 0.60145 2 2 0
159.016 0.603982 0.603982 2 2 0
159.516 0.606509 0.606509 2 2 0
160.016 0.609029 0.609029 2 2 0
160.516 0.611544 0.611544 2 2 0
161.016 0.614053 0.614053 2 2 0
161.516 0.616555 0.616555 2 2 0
162.016 0.61905 0.61905 2 2 0
162.516 0.621539 0.621539 2 2 0
163.016 0.624022 0.624022 2 2 0
163.516 0.626497 0.626497 2 2 0
164.016 0.628966 0.628966 2 2 0
164.516 0.631427 0.631427 2 2 0
165.016 0.633881 0.633881 2 2 0
165.516 0.636328 0.636328 2 2 0
166.016 0.638768 0.638768 2 2 0
166.516 0.6412 0.6412 2 2 0
167.016 0.643624 0.643624 2 2 0
167.516 0.646041 0.646041 2 2 0
168.016 0.64845 0.64845 2 2 0
168.516 0.650851 0.650851 2 2 0
169.016 0.653244 0.653244 2 2 0
169.516 0.655628 0.655628 2 2 0
170.016 0.658005 0.658005 2 2 0
170.516 0.660373 0.660373 2 2 0
171.016 0.662733 0.662733 2 2 0
171.516 0.665084 0.665084 2 2 0
172.016 0.667427 0.667427 2 2 0
172.516 0.669761 0.669761 2 2 0
173.016 0.672086 0.672086 2 2 0
173.516 0.674402 0.674402 2 2 0
174.016 0.67671 0.67671 2 2 0
174.516 0.679008 0.679008 2 2 0
175.016 0.681297 0.681297 2 2 0
175.516 0.683578 0.683578 2 2 0
176.016 0.685848 0.685848 2 2 0
176.516 0.68811 0.68811 2 2 0
177.016 0.690362 0.690362 2 2 0
177.516 0.692605 0.692605 2 2 0
178.016 0.694838 0.694838 2 2 0
178.516 0.697062 0.697062 2 2 0
179.016 0.699276 0.699276 2 2 0
179.516 0.70148 0.70148 2 2 0
180.016 0.703674 0.703674 2 2 0
180.516 0.705859 0.705859 2 2 0
181.016 0.708034 0.708034 2 2 0
181.516 0.710198 0.710198 2 2 0
182.016 0.712353 0.712353 2 2 0
182.516 0.714498 0.714498 2 2 0
183.016 0.716633 0.716633 2 2 0
183.516 0.718757 0.718757 2 2 0
184.016 0.720872 0.720872 2 2 0
184.516 0.722976 0.722976 2 2 0
185.016 0.72507 0.72507 2 2 0
185.516 0.727153 0.727153 2 2 0
186.016 0.729226 0.729226 2 2 0
186.516 0.731289 0.731289 2 2 0
187.016 0.733341 0.733341 2 2 0
187.516 0.735383 0.735383 2 2 0
188.016 0.737415 0.737415 2 2 0
188.516 0.739436 0.739436 2 2 0
189.016 0.741446 0.741446 2 2 0
189.516 0.743446 0.743446 2 2 0
190.016 0.745435 0.745435 2 2 0
190.516 0.747414 0.747414 2 2 0
191.016 0.749382 0.749382 2 2 0
191.516 0.751339 0.751339 2 2 0
192.016 0.753285 0.753285 2 2 0
192.516 0.755221 0.755221 2 2 0
193.016 0.757146 0.757146 2 2 0
193.516 0.759061 0.759061 2 2 0
194.016 0.760964 0.760964 2 2 0
194.516 0.762857 0.762857 2 2 0
195.016 0.764739 0.764739 2 2 0
195.516 0.766611 0.766611 2 2 0
196.016 0.768471 0.768471 2 2 0
196.516 0.770321 0.770321 2 2 0
197.016 0.77216 0.77216 2 2 0
197.516 0.773988 0.773988 2 2 0
198.016 0.775805 0.775805 2 2 0
198.516 0.777612 0.777612 2 2 0
199.016 0.779407 0.779407 2 2 0
199.516 0.781192 0.781192 2 2 0
200.016 0.782966 0.782966 2 2 0
200.516 0.784729 0.784729 2 2 0
201.016 0.786482 0.786482 2 2 0
201.516 0.788223 0.788223 2 2 0
202.016 0.789954 0.789954 2 2 0
202.516 0.791674 0.791674 2 2 0
203.016 0.793383 0.793383 2 2 0
203.516 0.795082 0.795082 2 2 0
204.016 0.796769 0.796769 2 2 0
204.516 0.798446 0.798446 2 2 0
205.016 0.800113 0.800113 2 2 0
205.516 0.801768 0.801768 2 2 0
206.016 0.803413 0.803413 2 2 0
206.516 0.805047 0.805047 2 2 0
207.016 0.806671 0.806671 2 2 0
207.516 0.808283 0.808283 2 2 0
208.016 0.809886 0.809886 2 2 0
208.516 0.811477 0.811477 2 2 0
209.016 0.813058 0.813058 2 2 0
209.516 0.814629 0.814629 2 2 0
210.016 0.816189 0.816189 2 2 0
210.516 0.817738 0.817738 2 2 0
211.016 0.819277 0.819277 2 2 0
211.516 0.820805 0.820805 2 2 0
212.016 0.822323 0.822323 2 2 0
212.516 0.823831 0.823831 2 2 0
213.016 0.825328 0.825328 2 2 0
213.516 0.826815 0.826815 2 2 0
214.016 0.828291 0.828291 2 2 0
214.516 0.829757 0.829757 2 2 0
215.016 0.831213 0.831213 2 2 0
215.516 0.832659 0.832659 2 2 0
216.016 0.834094 0.834094 2 2 0
216.516 0.83552 0.83552 2 2 0
217.016 0.836935 0.836935 2 2 0
217.516 0.83834 0.83834 2 2 0
218.016 0.839735 0.839735 2 2 0
218.516 0.84112 0.84112 2 2 0
219.016 0.842495 0.842495 2 2 0
219.516 0.84386 0.84386 2 2 0
220.016 0.845215 0.845215 2 2 0
220.516 0.84656 0.84656 2 2 0
221.016 0.847895 0.847895 2 2 0
221.516 0.849221 0.849221 2 2 0
222.016 0.850537 0.850537 2 2 0
222.516 0.851843 0.851843 2 2 0
223.016 0.853139 0.853139 2 2 0
223.516 0.854426 0.854426 2 2 0
224.016 0.855703 0.855703 2 2 0
224.516 0.85697 0.85697 2 2 0
225.016 0.858228 0.858228 2 2 0
225.516 0.859477 0.859477 2 2 0
226.016 0.860716 0.860716 2 2 0
226.516 0.861945 0.861945 2 2 0
227.016 0.863166 0.863166 2 2 0
227.516 0.864377 0.864377 2 2 0
228.016 0.865578 0.865578 2 2 0
228.516 0.866771 0.866771 2 2 0
229.016 0.867954 0.867954 2 2 0
229.516 0.869128 0.869128 2 2 0
230.016 0.870293 0.870293 2 2 0
230.516 0.871449 0.871449 2 2 0
231.016 0.872596 0.872596 2 2 0
231.516 0.873734 0.873734 2 2 0
232.016 0.874863 0.874863 2 2 0
232.516 0.875984 0.875984 2 2 0
233.016 0.877095 0.877095 2 2 0
233.516 0.878198 0.878198 2 2 0
234.016 0.879292 0.879292 2 2 0
234.516 0.880377 0.880377 2 2 0
235.016 0.881454 0.881454 2 2 0
235.516 0.882522 0.882522 2 2 0
236.016 0.883581 0.883581 2 2 0
236.516 0.884632 0.884632 2 2 0
237.016 0.885675 0.885675 2 2 0
237.516 0.886709 0.886709 2 2 0
238.016 0.887735 0.887735 2 2 0
238.516 0.888753 0.888753 2 2 0
239.016 0.889762 0.889762 2 2 0
239.516 0.890763 0.890763 2 2 0
240.016 0.891756 0.891756 2 2 0
240.516 0.892741 0.892741 2 2 0
241.016 0.893718 0.893718 2 2 0
241.016 0.893718 0.893718 2 2 0
241.056 0.893796 0.893796 2 2 0
241.096 0.893873 0.893873 2 2 0
241.176 0.894029 0.894029 2 2 0
241.336 0.894339 0.894339 2 2 0
241.656 0.894956 0.894956 2 2 0
242.156 0.895915 0.895915 2 2 0
242.656 0.896866 0.896866 2 2 0
243.156 0.897809 0.897809 2 2 0
243.656 0.898744 0.898744 2 2 0
244.156 0.899671 0.899671 2 2 0
244.656 0.900591 0.900591 2 2 0
245.156 0.901503 0.901503 2 2 0
245.656 0.902407 0.902407 2 2 0
246.156 0.903304 0.903304 2 2 0
246.656 0.904194 0.904194 2 2 0
247.156 0.905076 0.905076 2 2 0
247.656 0.90595 0.90595 2 2 0
248.156 0.906817 0.906817 2 2 0
248.656 0.907677 0.907677 2 2 0
249.156 0.90853 0.90853 2 2 0
249.656 0.909375 0.909375 2 2 0
250.156 0.910213 0.910213 2 2 0
250.656 0.911044 0.911044 2 2 0
251.156 0.911868 0.911868 2 2 0
251.656 0.912685 0.912685 2 2 0
252.156 0.913495 0.913495 2 2 0
252.656 0.914298 0.914298 2 2 0
253.156 0.915095 0.915095 2 2 0
253.656 0.915884 0.915884 2 2 0
254.156 0.916667 0.916667 2 2 0
254.656 0.917443 0.917443 2 2 0
255.156 0.918212 0.918212 2 2 0
255.656 0.918974 0.918974 2 2 0
256.156 0.91973 0.91973 2 2 0
256.656 0.92048 0.92048 2 2 0
257.156 0.921223 0.921223 2 2 0
257.656 0.921959 0.921959 2 2 0
258.156 0.922689 0.922689 2 2 0
258.656 0.923413 0.923413 2 2 0
259.156 0.92413 0.92413 2 2 0
259.656 0.924841 0.924841 2 2 0
260.156 0.925546 0.925546 2 2 0
260.656 0.926245 0.926245 2 2 0
261.156 0.926938 0.926938 2 2 0
261.656 0.927624 0.927624 2 2 0
262.156 0.928305 0.928305 2 2 0
262.656 0.928979 0.928979 2 2 0
263.156 0.929648 0.929648 2 2 0
263.656 0.93031 0.93031 2 2 0
264.156 0.930967 0.930967 2 2 0
264.656 0.931618 0.931618 2 2 0
265.156 0.932263 0.932263 2 2 0
265.656 0.932903 0.932903 2 2 0
266.156 0.933536 0.933536 2 2 0
266.656 0.934165 0.934165 2 2 0
267.156 0.934787 0.934787 2 2 0
267.656 0.935404 0.935404 2 2 0
268.156 0.936016 0.936016 2 2 0
268.656 0.936622 0.936622 2 2 0
269.156 0.937222 0.937222 2 2 0
269.656 0.937817 0.937817 2 2 0
270.156 0.938407 0.938407 2 2 0
270.656 0.938992 0.938992 2 2 0
271.156 0.939571 0.939571 2 2 0
271.656 0.940145 0.940145 2 2 0
272.156 0.940714 0.940714 2 2 0
272.656 0.941278 0.941278 2 2 0
273.156 0.941837 0.941837 2 2 0
273.656 0.94239 0.94239 2 2 0
274.156 0.942939 0.942939 2 2 0
274.656 0.943482 0.943482 2 2 0
275.156 0.944021 0.944021 2 2 0
275.656 0.944555 0.944555 2 2 0
276.156 0.945084 0.945084 2 2 0
276.656 0.945608 0.945608 2 2 0
277.156 0.946128 0.946128 2 2 0
277.656 0.946642 0.946642 2 2 0
278.156 0.947152 0.947152 2 2 0
278.656 0.947657 0.947657 2 2 0
279.156 0.948158 0.948158 2 2 0
279.656 0.948654 0.948654 2 2 0
280.156 0.949146 0.949146 2 2 0
280.656 0.949633 0.949633 2 2 0
281.156 0.950116 0.950116 2 2 0
281.656 0.950594 0.950594 2 2 0
282.156 0.951067 0.951067 2 2 0
282.656 0.951537 0.951537 2 2 0
283.156 0.952002 0.952002 2 2 0
283.656 0.952463 0.952463 2 2 0
284.156 0.952919 0.952919 2 2 0
284.656 0.953372 0.953372 2 2 0
285.156 0.95382 0.95382 2 2 0
285.656 0.954264 0.954264 2 2 0
286.156 0.954704 0.954704 2 2 0
286.656 0.95514 0.95514 2 2 0
287.156 0.955571 0.955571 2 2 0
287.656 0.955999 0.955999 2 2 0
288.156 0.956423 0.956423 2 2 0
288.656 0.956843 0.956843 2 2 0
289.156 0.957259 0.957259 2 2 0
289.656 0.957671 0.957671 2 2 0
290.156 0.958079 0.958079 2 2 0
290.656 0.958484 0.958484 2 2 0
291.156 0.958885 0.958885 2 2 0
291.656 0.959281 0.959281 2 2 0
292.156 0.959675 0.959675 2 2 0
292.656 0.960064 0.960064 2 2 0
293.156 0.96045 0.96045 2 2 0
293.656 0.960833 0.960833 2 2 0
294.156 0.961211 0.961211 2 2 0
294.656 0.961587 0.961587 2 2 0
295.156 0.961958 0.961958 2 2 0
295.656 0.962327 0.962327 2 2 0
296.156 0.962691 0.962691 2 2 0
296.656 0.963053 0.963053 2 2 0
297.156 0.963411 0.963411 2 2 0
297.656 0.963765 0.963765 2 2 0
298.156 0.964116 0.964116 2 2 0
298.656 0.964464 0.964464 2 2 0
299.156 0.964809 0.964809 2 2 0
299.656 0.96515 0.96515 2 2 0
300.156 0.965489 0.965489 2 2 0
300.656 0.965824 0.965824 2 2 0
301.156 0.966155 0.966155 2 2 0
301.656 0.966484 0.966484 2 2 0
302.156 0.96681 0.96681 2 2 0
302.656 0.967132 0.967132 2 2 0
303.156 0.967452 0.967452 2 2 0
303.656 0.967768 0.967768 2 2 0
304.156 0.968081 0.968081 2 2 0
304.656 0.968392 0.968392 2 2 0
305.156 0.968699 0.968699 2 2 0
305.656 0.969004 0.969004 2 2 0
306.156 0.969306 0.969306 2 2 0
306.656 0.969605 0.969605 2 2 0
307.156 0.969901 0.969901 2 2 0
307.656 0.970194 0.970194 2 2 0
308.156 0.970484 0.970484 2 2 0
308.656 0.970772 0.970772 2 2 0
309.156 0.971057 0.971057 2 2 0
309.656 0.971339 0.971339 2 2 0
310.156 0.971618 0.971618 2 2 0
310.656 0.971895 0.971895 2 2 0
311.156 0.972169 0.972169 2 2 0
311.656 0.972441 0.972441 2 2 0
312.156 0.97271 0.97271 2 2 0
312.656 0.972976 0.972976 2 2 0
313.156 0.97324 0.97324 2 2 0
313.656 0.973502 0.973502 2 2 0
314.156 0.97376 0.97376 2 2 0
314.656 0.974017 0.974017 2 2 0
315.156 0.974271 0.974271 2 2 0
315.656 0.974522 0.974522 2 2 0
316.156 0.974771 0.974771 2 2 0
316.656 0.975018 0.975018 2 2 0
317.156 0.975262 0.975262 2 2 0
317.656 0.975504 0.975504 2 2 0
318.156 0.975744 0.975744 2 2 0
318.656 0.975981 0.975981 2 2 0
319.156 0.976216 0.976216 2 2 0
319.656 0.976449 0.976449 2 2 0
320.156 0.97668 0.97668 2 2 0
320.656 0.976908 0.976908 2 2 0
321.156 0.977134 0.977134 2 2 0
321.656 0.977358 0.977358 2 2 0
322.156 0.97758 0.97758 2 2 0
322.656 0.9778 0.9778 2 2 0
323.156 0.978017 0.978017 2 2 0
323.656 0.978233 0.978233 2 2 0
324.156 0.978446 0.978446 2 2 0
324.656 0.978657 0.978657 2 2 0
325.156 0.978867 0.978867 2 2 0
325.656 0.979074 0.979074 2 2 0
326.156 0.979279 0.979279 2 2 0
326.656 0.979482 0.979482 2 2 0
327.156 0.979684 0.979684 2 2 0
327.656 0.979883 0.979883 2 2 0
328.156 0.980081 0.980081 2 2 0
328.656 0.980276 0.980276 2 2 0
329.156 0.98047 0.98047 2 2 0
329.656 0.980662 0.980662 2 2 0
330.156 0.980852 0.980852 2 2 0
330.656 0.98104 0.98104 2 2 0
331.156 0.981226 0.981226 2 2 0
331.656 0.98141 0.98141 2 2 0
332.156 0.981593 0.981593 2 2 0
332.656 0.981774 0.981774 2 2 0
333.156 0.981953 0.981953 2 2 0
333.656 0.982131 0.982131 2 2 0
334.156 0.982306 0.982306 2 2 0
334.656 0.98248 0.98248 2 2 0
335.156 0.982653 0.982653 2 2 0
335.656 0.982823 0.982823 2 2 0
336.156 0.982992 0.982992 2 2 0
336.656 0.983159 0.983159 2 2 0
337.156 0.983325 0.983325 2 2 0
337.656 0.983489 0.983489 2 2 0
338.156 0.983652 0.983652 2 2 0
338.656 0.983813 0.983813 2 2 0
338.656 0.983813 0.983813 2 2 0
338.696 0.983826 0.983826 2 2 0
338.736 0.983838 0.983838 2 2 0
338.816 0.983864 0.983864 2 2 0
338.976 0.983915 0.983915 2 2 0
339.296 0.984016 0.984016 2 2 0
339.796 0.984174 0.984174 2 2 0
340.296 0.98433 0.98433 2 2 0
340.796 0.984484 0.984484 2 2 0
341.296 0.984637 0.984637 2 2 0
341.796 0.984788 0.984788 2 2 0
342.296 0.984938 0.984938 2 2 0
342.796 0.985086 0.985086 2 2 0
343.296 0.985233 0.985233 2 2 0
343.796 0.985379 0.985379 2 2 0
344.296 0.985523 0.985523 2 2 0
344.796 0.985666 0.985666 2 2 0
345.296 0.985807 0.985807 2 2 0
345.796 0.985947 0.985947 2 2 0
346.296 0.986085 0.986085 2 2 0
346.796 0.986223 0.986223 2 2 0
347.296 0.986358 0.986358 2 2 0
347.796 0.986493 0.986493 2 2 0
348.296 0.986626 0.986626 2 2 0
348.796 0.986758 0.986758 2 2 0
349.296 0.986889 0.986889 2 2 0
349.796 0.987018 0.987018 2 2 0
350.296 0.987146 0.987146 2 2 0
350.796 0.987273 0.987273 2 2 0
351.296 0.987399 0.987399 2 2 0
351.796 0.987523 0.987523 2 2 0
352.296 0.987646 0.987646 2 2 0
352.796 0.987768 0.987768 2 2 0
353.296 0.987889 0.987889 2 2 0
353.796 0.988009 0.988009 2 2 0
354.296 0.988127 0.988127 2 2 0
354.796 0.988244 0.988244 2 2 0
355.296 0.98836 0.98836 2 2 0
355.796 0.988475 0.988475 2 2 0
356.296 0.988589 0.988589 2 2 0
356.796 0.988702 0.988702 2 2 0
357.296 0.988813 0.988813 2 2 0
357.796 0.988924 0.988924 2 2 0
358.296 0.989033 0.989033 2 2 0
358.796 0.989142 0.989142 2 2 0
359.296 0.989249 0.989249 2 2 0
359.796 0.989355 0.989355 2 2 0
360.296 0.989461 0.989461 2 2 0
360.796 0.989565 0.989565 2 2 0
361.296 0.989668 0.989668 2 2 0
361.796 0.98977 0.98977 2 2 0
362.296 0.989871 0.989871 2 2 0
362.796 0.989971 0.989971 2 2 0
363.296 0.99007 0.99007 2 2 0
363.796 0.990169 0.990169 2 2 0
364.296 0.990266 0.990266 2 2 0
364.796 0.990362 0.990362 2 2 0
365.296 0.990457 0.990457 2 2 0
365.796 0.990552 0.990552 2 2 0
366.296 0.990645 0.990645 2 2 0
366.796 0.990738 0.990738 2 2 0
367.296 0.990829 0.990829 2 2 0
367.796 0.99092 0.99092 2 2 0
368.296 0.99101 0.99101 2 2 0
368.796 0.991099 0.991099 2 2 0
369.296 0.991187 0.991187 2 2 0
369.796 0.991274 0.991274 2 2 0
370.296 0.991361 0.991361 2 2 0
370.796 0.991446 0.991446 2 2 0
371.296 0.991531 0.991531 2 2 0
371.796 0.991615 0.991615 2 2 0
372.296 0.991698 0.991698 2 2 0
372.796 0.99178 0.99178 2 2 0
373.296 0.991861 0.991861 2 2 0
373.796 0.991942 0.991942 2 2 0
374.296 0.992022 0.992022 2 2 0
374.796 0.992101 0.992101 2 2 0
375.296 0.992179 0.992179 2 2 0
375.796 0.992256 0.992256 2 2 0
376.296 0.992333 0.992333 2 2 0
376.796 0.992409 0.992409 2 2 0
377.296 0.992484 0.992484 2 2 0
377.796 0.992559 0.992559 2 2 0
378.296 0.992632 0.992632 2 2 0
378.796 0.992705 0.992705 2 2 0
379.296 0.992777 0.992777 2 2 0
379.796 0.992849 0.992849 2 2 0
380.296 0.99292 0.99292 2 2 0
380.796 0.99299 0.99299 2 2 0
381.296 0.993059 0.993059 2 2 0
381.796 0.993128 0.993128 2 2 0
382.296 0.993196 0.993196 2 2 0
382.796 0.993264 0.993264 2 2 0
383.296 0.993331 0.993331 2 2 0
383.796 0.993397 0.993397 2 2 0
384.296 0.993462 0.993462 2 2 0
384.796 0.993527 0.993527 2 2 0
385.296 0.993591 0.993591 2 2 0
385.796 0.993655 0.993655 2 2 0
386.296 0.993717 0.993717 2 2 0
386.796 0.99378 0.99378 2 2 0
387.296 0.993841 0.993841 2 2 0
387.796 0.993902 0.993902 2 2 0
388.296 0.993963 0.993963 2 2 0
388.796 0.994023 0.994023 2 2 0
389.296 0.994082 0.994082 2 2 0
389.796 0.994141 0.994141 2 2 0
390.296 0.994199 0.994199 2 2 0
390.796 0.994256 0.994256 2 2 0
391.296 0.994313 0.994313 2 2 0
391.796 0.99437 0.99437 2 2 0
392.296 0.994426 0.994426 2 2 0
392.796 0.994481 0.994481 2 2 0
393.296 0.994536 0.994536 2 2 0
393.796 0.99459 0.99459 2 2 0
394.296 0.994643 0.994643 2 2 0
394.796 0.994697 0.994697 2 2 0
395.296 0.994749 0.994749 2 2 0
395.796 0.994801 0.994801 2 2 0
396.296 0.994853 0.994853 2 2 0
396.796 0.994904 0.994904 2 2 0
397.296 0.994954 0.994954 2 2 0
397.796 0.995005 0.995005 2 2 0
398.296 0.995054 0.995054 2 2 0
398.796 0.995103 0.995103 2 2 0
399.296 0.995152 0.995152 2 2 0
399.796 0.9952 0.9952 2 2 0
400.296 0.995247 0.995247 2 2 0
400.796 0.995295 0.995295 2 2 0
401.296 0.995341 0.995341 2 2 0
401.796 0.995388 0.995388 2 2 0
402.296 0.995433 0.995433 2 2 0
402.796 0.995479 0.995479 2 2 0
403.296 0.995524 0.995524 2 2 0
403.796 0.995568 0.995568 2 2 0
404.296 0.995612 0.995612 2 2 0
404.796 0.995656 0.995656 2 2 0
405.296 0.995699 0.995699 2 2 0
405.796 0.995741 0.995741 2 2 0
406.296 0.995784 0.995784 2 2 0
406.796 0.995825 0.995825 2 2 0
407.296 0.995867 0.995867 2 2 0
407.796 0.995908 0.995908 2 2 0
408.296 0.995949 0.995949 2 2 0
408.796 0.995989 0.995989 2 2 0
409.296 0.996029 0.996029 2 2 0
409.796 0.996068 0.996068 2 2 0
410.296 0.996107 0.996107 2 2 0
410.796 0.996146 0.996146 2 2 0
411.296 0.996184 0.996184 2 2 0
411.796 0.996222 0.996222 2 2 0
412.296 0.996259 0.996259 2 2 0
412.796 0.996297 0.996297 2 2 0
413.296 0.996333 0.996333 2 2 0
413.796 0.99637 0.99637 2 2 0
414.296 0.996406 0.996406 2 2 0
414.796 0.996441 0.996441 2 2 0
415.296 0.996477 0.996477 2 2 0
415.796 0.996512 0.996512 2 2 0
416.296 0.996546 0.996546 2 2 0
416.796 0.996581 0.996581 2 2 0
417.296 0.996615 0.996615 2 2 0
417.796 0.996648 0.996648 2 2 0
418.296 0.996682 0.996682 2 2 0
418.796 0.996715 0.996715 2 2 0
419.296 0.996747 0.996747 2 2 0
419.796 0.996779 0.996779 2 2 0
420.296 0.996811 0.996811 2 2 0
420.796 0.996843 0.996843 2 2 0
421.296 0.996874 0.996874 2 2 0
421.796 0.996906 0.996906 2 2 0
422.296 0.996936 0.996936 2 2 0
422.796 0.996967 0.996967 2 2 0
423.296 0.996997 0.996997 2 2 0
423.796 0.997027 0.997027 2 2 0
424.296 0.997056 0.997056 2 2 0
424.796 0.997085 0.997085 2 2 0
425.296 0.997114 0.997114 2 2 0
425.796 0.997143 0.997143 2 2 0
426.296 0.997171 0.997171 2 2 0
426.796 0.9972 0.9972 2 2 0
427.296 0.997227 0.997227 2 2 0
427.796 0.997255 0.997255 2 2 0
428.296 0.997282 0.997282 2 2 0
428.796 0.997309 0.997309 2 2 0
429.296 0.997336 0.997336 2 2 0
429.796 0.997362 0.997362 2 2 0
430.296 0.997389 0.997389 2 2 0
430.796 0.997415 0.997415 2 2 0
431.296 0.99744 0.99744 2 2 0
431.796 0.997466 0.997466 2 2 0
432.296 0.997491 0.997491 2 2 0
432.796 0.997516 0.997516 2 2 0
433.296 0.997541 0.997541 2 2 0
433.796 0.997565 0.997565 2 2 0
434.296 0.997589 0.997589 2 2 0
434.796 0.997613 0.997613 2 2 0
435.296 0.997637 0.997637 2 2 0
435.796 0.99766 0.99766 2 2 0
436.296 0.997684 0.997684 2 2 0
436.296 0.997684 0.997684 2 2 0
436.336 0.997685 0.997685 2 2 0
436.376 0.997687 0.997687 2 2 0
436.456 0.997691 0.997691 2 2 0
436.616 0.997698 0.997698 2 2 0
436.936 0.997713 0.997713 2 2 0
437.436 0.997736 0.997736 2 2 0
437.936 0.997758 0.997758 2 2 0
438.436 0.99778 0.99778 2 2 0
438.936 0.997803 0.997803 2 2 0
439.436 0.997824 0.997824 2 2 0
439.936 0.997846 0.997846 2 2 0
440.436 0.997867 0.997867 2 2 0
440.936 0.997889 0.997889 2 2 0
441.436 0.99791 0.99791 2 2 0
441.936 0.99793 0.99793 2 2 0
442.436 0.997951 0.997951 2 2 0
442.936 0.997971 0.997971 2 2 0
443.436 0.997991 0.997991 2 2 0
443.936 0.998011 0.998011 2 2 0
444.436 0.998031 0.998031 2 2 0
444.936 0.998051 0.998051 2 2 0
445.436 0.99807 0.99807 2 2 0
445.936 0.998089 0.998089 2 2 0
446.436 0.998108 0.998108 2 2 0
446.936 0.998127 0.998127 2 2 0
447.436 0.998146 0.998146 2 2 0
447.936 0.998164 0.998164 2 2 0
448.436 0.998182 0.998182 2 2 0
448.936 0.998201 0.998201 2 2 0
449.436 0.998218 0.998218 2 2 0
449.936 0.998236 0.998236 2 2 0
450.436 0.998254 0.998254 2 2 0
450.936 0.998271 0.998271 2 2 0
451.436 0.998288 0.998288 2 2 0
451.936 0.998305 0.998305 2 2 0
452.436 0.998322 0.998322 2 2 0
452.936 0.998339 0.998339 2 2 0
453.436 0.998355 0.998355 2 2 0
453.936 0.998372 0.998372 2 2 0
454.436 0.998388 0.998388 2 2 0
454.936 0.998404 0.998404 2 2 0
455.436 0.99842 0.99842 2 2 0
455.936 0.998435 0.998435 2 2 0
456.436 0.998451 0.998451 2 2 0
456.936 0.998466 0.998466 2 2 0
457.436 0.998482 0.998482 2 2 0
457.936 0.998497 0.998497 2 2 0
458.436 0.998512 0.998512 2 2 0
458.936 0.998526 0.998526 2 2 0
459.436 0.998541 0.998541 2 2 0
459.936 0.998556 0.998556 2 2 0
460.436 0.99857 0.99857 2 2 0
460.936 0.998584 0.998584 2 2 0
461.436 0.998598 0.998598 2 2 0
461.936 0.998612 0.998612 2 2 0
462.436 0.998626 0.998626 2 2 0
462.936 0.99864 0.99864 2 2 0
463.436 0.998653 0.998653 2 2 0
463.936 0.998667 0.998667 2 2 0
464.436 0.99868 0.99868 2 2 0
464.936 0.998693 0.998693 2 2 0
465.436 0.998706 0.998706 2 2 0
465.936 0.998719 0.998719 2 2 0
466.436 0.998732 0.998732 2 2 0
466.936 0.998744 0.998744 2 2 0
467.436 0.998757 0.998757 2 2 0
467.936 0.998769 0.998769 2 2 0
468.436 0.998781 0.998781 2 2 0
468.936 0.998793 0.998793 2 2 0
469.436 0.998805 0.998805 2 2 0
469.936 0.998817 0.998817 2 2 0
470.436 0.998829 0.998829 2 2 0
470.936 0.998841 0.998841 2 2 0
471.436 0.998852 0.998852 2 2 0
471.936 0.998864 0.998864 2 2 0
472.436 0.998875 0.998875 2 2 0
472.936 0.998886 0.998886 2 2 0
473.436 0.998897 0.998897 2 2 0
473.936 0.998908 0.998908 2 2 0
474.436 0.998919 0.998919 2 2 0
474.936 0.99893 0.99893 2 2 0
475.436 0.99894 0.99894 2 2 0
475.936 0.998951 0.998951 2 2 0
476.436 0.998961 0.998961 2 2 0
476.936 0.998972 0.998972 2 2 0
477.436 0.998982 0.998982 2 2 0
477.936 0.998992 0.998992 2 2 0
478.436 0.999002 0.999002 2 2 0
478.936 0.999012 0.999012 2 2 0
479.436 0.999022 0.999022 2 2 0
479.936 0.999032 0.999032 2 2 0
480.436 0.999041 0.999041 2 2 0
480.936 0.999051 0.999051 2 2 0
481.436 0.99906 0.99906 2 2 0
481.936 0.99907 0.99907 2 2 0
482.436 0.999079 0.999079 2 2 0
482.936 0.999088 0.999088 2 2 0
483.436 0.999097 0.999097 2 2 0
483.936 0.999106 0.999106 2 2 0
484.436 0.999115 0.999115 2 2 0
484.936 0.999124 0.999124 2 2 0
485.436 0.999132 0.999132 2 2 0
485.936 0.999141 0.999141 2 2 0
486.436 0.99915 0.99915 2 2 0
486.936 0.999158 0.999158 2 2 0
487.436 0.999166 0.999166 2 2 0
487.936 0.999175 0.999175 2 2 0
488.436 0.999183 0.999183 2 2 0
488.936 0.999191 0.999191 2 2 0
489.436 0.999199 0.999199 2 2 0
489.936 0.999207 0.999207 2 2 0
490.436 0.999215 0.999215 2 2 0
490.936 0.999223 0.999223 2 2 0
491.436 0.99923 0.99923 2 2 0
491.936 0.999238 0.999238 2 2 0
492.436 0.999246 0.999246 2 2 0
492.936 0.999253 0.999253 2 2 0
493.436 0.999261 0.999261 2 2 0
493.936 0.999268 0.999268 2 2 0
494.436 0.999275 0.999275 2 2 0
494.936 0.999282 0.999282 2 2 0
495.436 0.99929 0.99929 2 2 0
495.936 0.999297 0.999297 2 2 0
496.436 0.999304 0.999304 2 2 0
496.936 0.999311 0.999311 2 2 0
497.436 0.999317 0.999317 2 2 0
497.936 0.999324 0.999324 2 2 0
498.436 0.999331 0.999331 2 2 0
498.936 0.999338 0.999338 2 2 0
499.436 0.999344 0.999344 2 2 0
499.936 0.999351 0.999351 2 2 0
500.436 0.999357 0.999357 2 2 0
500.936 0.999364 0.999364 2 2 0
501.436 0.99937 0.99937 2 2 0
501.936 0.999376 0.999376 2 2 0
502.436 0.999382 0.999382 2 2 0
502.936 0.999389 0.999389 2 2 0
503.436 0.999395 0.999395 2 2 0
503.936 0.999401 0.999401 2 2 0
504.436 0.999407 0.999407 2 2 0
504.936 0.999413 0.999413 2 2 0
505.436 0.999418 0.999418 2 2 0
505.936 0.999424 0.999424 2 2 0
506.436 0.99943 0.99943 2 2 0
506.936 0.999436 0.999436 2 2 0
507.436 0.999441 0.999441 2 2 0
507.936 0.999447 0.999447 2 2 0
508.436 0.999452 0.999452 2 2 0
508.936 0.999458 0.999458 2 2 0
509.436 0.999463 0.999463 2 2 0
509.936 0.999468 0.999468 2 2 0
510.436 0.999474 0.999474 2 2 0
510.936 0.999479 0.999479 2 2 0
511.436 0.999484 0.999484 2 2 0
511.936 0.999489 0.999489 2 2 0
512.436 0.999494 0.999494 2 2 0
512.936 0.999499 0.999499 2 2 0
513.436 0.999504 0.999504 2 2 0
513.936 0.999509 0.999509 2 2 0
514.436 0.999514 0.999514 2 2 0
514.936 0.999519 0.999519 2 2 0
515.436 0.999524 0.999524 2 2 0
515.936 0.999529 0.999529 2 2 0
516.436 0.999533 0.999533 2 2 0
516.936 0.999538 0.999538 2 2 0
517.436 0.999542 0.999542 2 2 0
517.936 0.999547 0.999547 2 2 0
518.436 0.999552 0.999552 2 2 0
518.936 0.999556 0.999556 2 2 0
519.436 0.99956 0.99956 2 2 0
519.936 0.999565 0.999565 2 2 0
520.436 0.999569 0.999569 2 2 0
520.936 0.999573 0.999573 2 2 0
521.436 0.999578 0.999578 2 2 0
521.936 0.999582 0.999582 2 2 0
522.436 0.999586 0.999586 2 2 0
522.936 0.99959 0.99959 2 2 0
523.436 0.999594 0.999594 2 2 0
523.936 0.999598 0.999598 2 2 0
524.436 0.999602 0.999602 2 2 0
524.936 0.999606 0.999606 2 2 0
525.436 0.99961 0.99961 2 2 0
525.936 0.999614 0.999614 2 2 0
526.436 0.999618 0.999618 2 2 0
526.936 0.999622 0.999622 2 2 0
527.436 0.999625 0.999625 2 2 0
527.936 0.999629 0.999629 2 2 0
528.436 0.999633 0.999633 2 2 0
528.936 0.999636 0.999636 2 2 0
529.436 0.99964 0.99964 2 2 0
529.936 0.999644 0.999644 2 2 0
530.436 0.999647 0.999647 2 2 0
530.936 0.999651 0.999651 2 2 0
531.436 0.999654 0.999654 2 2 0
531.936 0.999658 0.999658 2 2 0
532.436 0.999661 0.999661 2 2 0
532.936 0.999664 0.999664 2 2 0
533.436 0.999668 0.999668 2 2 0
533.936 0.999671 0.999671 2 2 0
533.936 0.999671 0.999671 2 2 0
533.976 0.999671 0.999671 2 2 0
534.016 0.999672 0.999672 2 2 0
534.096 0.999672 0.999672 2 2 0
534.256 0.999673 0.999673 2 2 0
534.576 0.999675 0.999675 2 2 0
535.076 0.999678 0.999678 2 2 0
535.576 0.999682 0.999682 2 2 0
536.076 0.999685 0.999685 2 2 0
536.576 0.999688 0.999688 2 2 0
537.076 0.999691 0.999691 2 2 0
537.576 0.999694 0.999694 2 2 0
538.076 0.999697 0.999697 2 2 0
538.576 0.9997 0.9997 2 2 0
539.076 0.999703 0.999703 2 2 0
539.576 0.999706 0.999706 2 2 0
540.076 0.999709 0.999709 2 2 0
540.576 0.999712 0.999712 2 2 0
541.076 0.999715 0.999715 2 2 0
541.576 0.999718 0.999718 2 2 0
542.076 0.99972 0.99972 2 2 0
542.576 0.999723 0.999723 2 2 0
543.076 0.999726 0.999726 2 2 0
543.576 0.999729 0.999729 2 2 0
544.076 0.999731 0.999731 2 2 0
544.576 0.999734 0.999734 2 2 0
545.076 0.999737 0.999737 2 2 0
545.576 0.999739 0.999739 2 2 0
546.076 0.999742 0.999742 2 2 0
546.576 0.999745 0.999745 2 2 0
547.076 0.999747 0.999747 2 2 0
547.576 0.99975 0.99975 2 2 0
548.076 0.999752 0.999752 2 2 0
548.576 0.999755 0.999755 2 2 0
549.076 0.999757 0.999757 2 2 0
549.576 0.999759 0.999759 2 2 0
550.076 0.999762 0.999762 2 2 0
550.576 0.999764 0.999764 2 2 0
551.076 0.999766 0.999766 2 2 0
551.576 0.999769 0.999769 2 2 0
552.076 0.999771 0.999771 2 2 0
552.576 0.999773 0.999773 2 2 0
553.076 0.999776 0.999776 2 2 0
553.576 0.999778 0.999778 2 2 0
554.076 0.99978 0.99978 2 2 0
554.576 0.999782 0.999782 2 2 0
555.076 0.999784 0.999784 2 2 0
555.576 0.999787 0.999787 2 2 0
556.076 0.999789 0.999789 2 2 0
556.576 0.999791 0.999791 2 2 0
557.076 0.999793 0.999793 2 2 0
557.576 0.999795 0.999795 2 2 0
558.076 0.999797 0.999797 2 2 0
558.576 0.999799 0.999799 2 2 0
559.076 0.999801 0.999801 2 2 0
559.576 0.999803 0.999803 2 2 0
560.076 0.999805 0.999805 2 2 0
560.576 0.999807 0.999807 2 2 0
561.076 0.999809 0.999809 2 2 0
561.576 0.999811 0.999811 2 2 0
562.076 0.999813 0.999813 2 2 0
562.576 0.999814 0.999814 2 2 0
563.076 0.999816 0.999816 2 2 0
563.576 0.999818 0.999818 2 2 0
564.076 0.99982 0.99982 2 2 0
564.576 0.999822 0.999822 2 2 0
565.076 0.999824 0.999824 2 2 0
565.576 0.999825 0.999825 2 2 0
566.076 0.999827 0.999827 2 2 0
566.576 0.999829 0.999829 2 2 0
567.076 0.99983 0.99983 2 2 0
567.576 0.999832 0.999832 2 2 0
568.076 0.999834 0.999834 2 2 0
568.576 0.999835 0.999835 2 2 0
569.076 0.999837 0.999837 2 2 0
569.576 0.999839 0.999839 2 2 0
570.076 0.99984 0.99984 2 2 0
570.576 0.999842 0.999842 2 2 0
571.076 0.999843 0.999843 2 2 0
571.576 0.999845 0.999845 2 2 0
572.076 0.999847 0.999847 2 2 0
572.576 0.999848 0.999848 2 2 0
573.076 0.99985 0.99985 2 2 0
573.576 0.999851 0.999851 2 2 0
574.076 0.999853 0.999853 2 2 0
574.576 0.999854 0.999854 2 2 0
575.076 0.999856 0.999856 2 2 0
575.576 0.999857 0.999857 2 2 0
576.076 0.999858 0.999858 2 2 0
576.576 0.99986 0.99986 2 2 0
577.076 0.999861 0.999861 2 2 0
577.576 0.999863 0.999863 2 2 0
578.076 0.999864 0.999864 2 2 0
578.576 0.999865 0.999865 2 2 0
579.076 0.999867 0.999867 2 2 0
579.576 0.999868 0.999868 2 2 0
580.076 0.999869 0.999869 2 2 0
580.576 0.999871 0.999871 2 2 0
581.076 0.999872 0.999872 2 2 0
581.576 0.999873 0.999873 2 2 0
582.076 0.999874 0.999874 2 2 0
582.576 0.999876 0.999876 2 2 0
583.076 0.999877 0.999877 2 2 0
583.576 0.999878 0.999878 2 2 0
584.076 0.999879 0.999879 2 2 0
584.576 0.999881 0.999881 2 2 0
585.076 0.999882 0.999882 2 2 0
585.576 0.999883 0.999883 2 2 0
586.076 0.999884 0.999884 2 2 0
586.576 0.999885 0.999885 2 2 0
587.076 0.999886 0.999886 2 2 0
587.576 0.999887 0.999887 2 2 0
588.076 0.999889 0.999889 2 2 0
588.576 0.99989 0.99989 2 2 0
589.076 0.999891 0.999891 2 2 0
589.576 0.999892 0.999892 2 2 0
590.076 0.999893 0.999893 2 2 0
590.576 0.999894 0.999894 2 2 0
591.076 0.999895 0.999895 2 2 0
591.576 0.999896 0.999896 2 2 0
592.076 0.999897 0.999897 2 2 0
592.576 0.999898 0.999898 2 2 0
593.076 0.999899 0.999899 2 2 0
593.576 0.9999 0.9999 2 2 0
594.076 0.999901 0.999901 2 2 0
594.576 0.999902 0.999902 2 2 0
595.076 0.999903 0.999903 2 2 0
595.576 0.999904 0.999904 2 2 0
596.076 0.999905 0.999905 2 2 0
596.576 0.999906 0.999906 2 2 0
597.076 0.999907 0.999907 2 2 0
597.576 0.999908 0.999908 2 2 0
598.076 0.999909 0.999909 2 2 0
598.576 0.99991 0.99991 2 2 0
599.076 0.999911 0.999911 2 2 0
599.576 0.999911 0.999911 2 2 0
600.076 0.999912 0.999912 2 2 0
600.576 0.999913 0.999913 2 2 0
601.076 0.999914 0.999914 2 2 0
601.576 0.999915 0.999915 2 2 0
602.076 0.999916 0.999916 2 2 0
602.576 0.999917 0.999917 2 2 0
603.076 0.999917 0.999917 2 2 0
603.576 0.999918 0.999918 2 2 0
604.076 0.999919 0.999919 2 2 0
604.576 0.99992 0.99992 2 2 0
605.076 0.999921 0.999921 2 2 0
605.576 0.999921 0.999921 2 2 0
606.076 0.999922 0.999922 2 2 0
606.576 0.999923 0.999923 2 2 0
607.076 0.999924 0.999924 2 2 0
607.576 0.999925 0.999925 2 2 0
608.076 0.999925 0.999925 2 2 0
608.576 0.999926 0.999926 2 2 0
609.076 0.999927 0.999927 2 2 0
609.576 0.999928 0.999928 2 2 0
610.076 0.999928 0.999928 2 2 0
610.576 0.999929 0.999929 2 2 0
611.076 0.99993 0.99993 2 2 0
611.576 0.99993 0.99993 2 2 0
612.076 0.999931 0.999931 2 2 0
612.576 0.999932 0.999932 2 2 0
613.076 0.999932 0.999932 2 2 0
613.576 0.999933 0.999933 2 2 0
614.076 0.999934 0.999934 2 2 0
614.576 0.999934 0.999934 2 2 0
615.076 0.999935 0.999935 2 2 0
615.576 0.999936 0.999936 2 2 0
616.076 0.999936 0.999936 2 2 0
616.576 0.999937 0.999937 2 2 0
617.076 0.999938 0.999938 2 2 0
617.576 0.999938 0.999938 2 2 0
618.076 0.999939 0.999939 2 2 0
618.576 0.999939 0.999939 2 2 0
619.076 0.99994 0.99994 2 2 0
619.576 0.999941 0.999941 2 2 0
620.076 0.999941 0.999941 2 2 0
620.576 0.999942 0.999942 2 2 0
621.076 0.999942 0.999942 2 2 0
621.576 0.999943 0.999943 2 2 0
622.076 0.999944 0.999944 2 2 0
622.576 0.999944 0.999944 2 2 0
623.076 0.999945 0.999945 2 2 0
623.576 0.999945 0.999945 2 2 0
624.076 0.999946 0.999946 2 2 0
624.576 0.999946 0.999946 2 2 0
625.076 0.999947 0.999947 2 2 0
625.576 0.999947 0.999947 2 2 0
626.076 0.999948 0.999948 2 2 0
626.576 0.999948 0.999948 2 2 0
627.076 0.999949 0.999949 2 2 0
627.576 0.999949 0.999949 2 2 0
628.076 0.99995 0.99995 2 2 0
628.576 0.99995 0.99995 2 2 0
629.076 0.999951 0.999951 2 2 0
629.576 0.999951 0.999951 2 2 0
630.076 0.999952 0.999952 2 2 0
630.576 0.999952 0.999952 2 2 0
631.076 0.999953 0.999953 2 2 0
631.576 0.999953 0.999953 2 2 0
167.642 0.15873 0.15873 4 6 0
167.6 0.163071 0.154271 4 6 0
167.57 0.164403 0.152857 4 6 0
167.54 0.165586 0.151593 4 6 0
167.496 0.167077 0.149964 4 6 0
167.447 0.168578 0.148297 4 6 0
167.373 0.170775 0.145826 4 6 0
167.264 0.174821 0.141154 4 6 0
167.249 0.175776 0.140027 4 6 0
167.239 0.177263 0.138257 4 6 0
167.239 0.177263 0.138257 4 6 0
167.642 0.15873 0.15873 4 6 0
167.6 0.163071 0.154271 4 6 0
167.57 0.164403 0.152857 4 6 0
167.54 0.165586 0.151593 4 6 0
167.496 0.167077 0.149964 4 6 0
167.447 0.168578 0.148297 4 6 0
167.373 0.170775 0.145826 4 6 0
167.264 0.174821 0.141154 4 6 0
167.249 0.175776 0.140027 4 6 0
167.239 0.177263 0.138257 4 6 0
167.239 0.177495 0.13798 3 6 0
167.24 0.177741 0.137685 3 6 0
167.242 0.178045 0.137333 3 6 0
167.245 0.178372 0.136942 3 6 0
167.249 0.178738 0.136504 3 6 0
167.256 0.179155 0.136006 3 6 0
167.267 0.179644 0.13542 3 6 0
167.283 0.180216 0.134733 3 6 0
167.307 0.180888 0.133938 3 6 0
167.344 0.18168 0.132983 3 6 0
167.399 0.182613 0.131857 3 6 0
167.481 0.183711 0.130531 3 6 0
167.605 0.185001 0.128974 3 6 0
167.742 0.186143 0.127598 3 6 0
167.947 0.187551 0.12592 3 6 0
168.254 0.189248 0.123891 3 6 0
168.715 0.191269 0.12149 3 6 0
169.215 0.193076 0.119401 3 6 0
169.715 0.194598 0.117645 3 6 0
170.215 0.195934 0.11612 3 6 0
170.715 0.197167 0.114784 3 6 0
171.215 0.198268 0.113556 3 6 0
171.715 0.199284 0.112435 3 6 0
172.215 0.200273 0.111415 3 6 0
172.715 0.201173 0.110457 3 6 0
173.215 0.202023 0.109563 3 6 0
173.714 0.20284 0.108698 3 6 0
174.214 0.203613 0.107909 3 6 0
174.714 0.204352 0.107161 3 6 0
175.214 0.205069 0.106473 3 6 0
175.714 0.20576 0.105798 3 6 0
176.214 0.206427 0.105153 3 6 0
176.714 0.207061 0.104526 3 6 0
177.214 0.207691 0.103933 3 6 0
177.714 0.208303 0.103364 3 6 0
178.214 0.208874 0.102839 3 6 0
178.714 0.209458 0.10231 3 6 0
179.214 0.210027 0.1018 3 6 0
179.714 0.210571 0.101284 3 6 0
180.214 0.211103 0.100807 3 6 0
180.714 0.211624 0.100345 3 6 0
181.214 0.212145 0.0999178 3 6 0
181.714 0.212645 0.099483 3 6 0
182.214 0.213136 0.0990606 3 6 0
182.714 0.21366 0.0986093 3 6 0
183.214 0.214137 0.0982085 3 6 0
183.714 0.214605 0.097818 3 6 0
184.214 0.215083 0.0974667 3 6 0
184.714 0.215539 0.0970962 3 6 0
185.214 0.215987 0.0967347 3 6 0
185.714 0.216448 0.0963551 3 6 0
186.214 0.216885 0.0960094 3 6 0
186.714 0.217315 0.0956715 3 6 0
187.214 0.217761 0.0953226 3 6 0
187.714 0.218182 0.0949984 3 6 0
188.214 0.218598 0.0946809 3 6 0
188.714 0.219025 0.0943646 3 6 0
189.214 0.219434 0.0940586 3 6 0
189.714 0.219838 0.0937585 3 6 0
190.214 0.220207 0.0935317 3 6 0
190.714 0.220608 0.0932459 3 6 0
191.214 0.221005 0.0929655 3 6 0
191.714 0.221371 0.0926437 3 6 0
192.214 0.221761 0.0923725 3 6 0
192.714 0.222147 0.0921062 3 6 0
193.214 0.222501 0.0918606 3 6 0
193.714 0.222881 0.0915988 3 6 0
194.214 0.223256 0.0913414 3 6 0
194.714 0.223615 0.0910737 3 6 0
195.214 0.223972 0.090829 3 6 0
195.714 0.224325 0.0905884 3 6 0
196.214 0.224692 0.0903182 3 6 0
196.714 0.225052 0.0900825 3 6 0
197.214 0.225408 0.0898505 3 6 0
197.714 0.22578 0.0896642 3 6 0
198.214 0.226128 0.0894371 3 6 0
198.714 0.226473 0.0892134 3 6 0
199.214 0.226819 0.0889894 3 6 0
199.714 0.227158 0.0887724 3 6 0
200.214 0.227493 0.0885585 3 6 0
200.714 0.227809 0.0883384 3 6 0
201.214 0.228141 0.088131 3 6 0
201.714 0.22847 0.0879265 3 6 0
202.214 0.228769 0.0877403 3 6 0
202.714 0.229095 0.0875407 3 6 0
203.214 0.229418 0.0873439 3 6 0
203.714 0.229759 0.0871425 3 6 0
204.214 0.230072 0.0869512 3 6 0
204.714 0.230382 0.0867626 3 6 0
205.214 0.230705 0.0865831 3 6 0
205.714 0.231012 0.086399 3 6 0
206.214 0.231317 0.0862173 3 6 0
206.714 0.231624 0.086037 3 6 0
207.214 0.231926 0.08586 3 6 0
207.714 0.232225 0.0856853 3 6 0
208.214 0.232521 0.0855265 3 6 0
208.714 0.232816 0.0853555 3 6 0
209.214 0.233109 0.0851865 3 6 0
209.714 0.233376 0.0850255 3 6 0
210.214 0.233663 0.0848604 3 6 0
210.714 0.233948 0.0846974 3 6 0
211.214 0.234269 0.0845536 3 6 0
211.714 0.234555 0.0843939 3 6 0
212.214 0.23484 0.084236 3 6 0
212.714 0.235077 0.0840813 3 6 0
213.214 0.235352 0.0839271 3 6 0
213.714 0.235626 0.0837748 3 6 0
214.214 0.235957 0.0836113 3 6 0
214.714 0.236232 0.0834654 3 6 0
215.214 0.236505 0.0833211 3 6 0
215.714 0.236773 0.083167 3 6 0
216.214 0.237042 0.0830241 3 6 0
216.714 0.237309 0.0828828 3 6 0
217.214 0.23758 0.0827409 3 6 0
217.714 0.237845 0.0826033 3 6 0
218.214 0.238108 0.0824673 3 6 0
218.714 0.238338 0.0823551 3 6 0
219.214 0.2386 0.0822233 3 6 0
219.714 0.238862 0.082093 3 6 0
220.214 0.239114 0.0819866 3 6 0
220.714 0.239373 0.0818547 3 6 0
221.214 0.23963 0.0817243 3 6 0
221.714 0.239882 0.0815573 3 6 0
222.214 0.240132 0.0814317 3 6 0
222.714 0.24038 0.0813074 3 6 0
223.214 0.24066 0.0811915 3 6 0
223.714 0.240907 0.0810711 3 6 0
224.214 0.241153 0.0809519 3 6 0
224.714 0.241395 0.0808347 3 6 0
225.214 0.241639 0.0807157 3 6 0
225.714 0.241881 0.0805978 3 6 0
226.214 0.242106 0.0805148 3 6 0
226.714 0.242343 0.080402 3 6 0
227.214 0.24258 0.0802886 3 6 0
227.714 0.242807 0.0801392 3 6 0
228.214 0.243045 0.0800291 3 6 0
228.714 0.243281 0.07992 3 6 0
229.214 0.243475 0.0798141 3 6 0
229.714 0.243709 0.0797073 3 6 0
230.214 0.243943 0.0796016 3 6 0
230.714 0.244172 0.0794819 3 6 0
231.214 0.244397 0.0793774 3 6 0
231.714 0.244621 0.079274 3 6 0
232.214 0.244857 0.0791691 3 6 0
232.714 0.245084 0.0790674 3 6 0
233.214 0.245309 0.0789668 3 6 0
233.714 0.245533 0.0788659 3 6 0
234.214 0.245751 0.0787666 3 6 0
234.714 0.245969 0.0786683 3 6 0
235.214 0.246193 0.0785752 3 6 0
235.714 0.246412 0.0784782 3 6 0
236.214 0.246631 0.0783821 3 6 0
236.714 0.246829 0.0783003 3 6 0
237.214 0.24704 0.0782054 3 6 0
237.714 0.247251 0.0781113 3 6 0
238.214 0.247476 0.0780245 3 6 0
238.714 0.24769 0.0779343 3 6 0
239.214 0.247902 0.0778449 3 6 0
239.714 0.248116 0.0777448 3 6 0
240.214 0.248326 0.0776567 3 6 0
240.714 0.248535 0.0775694 3 6 0
241.214 0.248741 0.077471 3 6 0
241.714 0.248947 0.0773847 3 6 0
242.214 0.249153 0.0772992 3 6 0
242.714 0.249375 0.0772138 3 6 0
243.214 0.249578 0.077129 3 6 0
243.714 0.24978 0.077045 3 6 0
244.214 0.249966 0.0769737 3 6 0
244.714 0.250166 0.0768905 3 6 0
245.214 0.250366 0.0768081 3 6 0
245.714 0.250541 0.0767218 3 6 0
246.214 0.250739 0.0766409 3 6 0
246.714 0.250936 0.0765608 3 6 0
247.214 0.251122 0.0764874 3 6 0
247.714 0.251313 0.0764084 3 6 0
248.214 0.251503 0.0763301 3 6 0
248.714 0.251706 0.0762538 3 6 0
249.214 0.251898 0.0761768 3 6 0
249.714 0.252089 0.0761005 3 6 0
250.214 0.252255 0.0760313 3 6 0
250.714 0.252441 0.075956 3 6 0
251.214 0.252629 0.0758814 3 6 0
251.714 0.252816 0.0758129 3 6 0
252.214 0.253003 0.0757394 3 6 0
252.714 0.253189 0.0756664 3 6 0
253.214 0.253369 0.0756032 3 6 0
253.714 0.253553 0.0755313 3 6 0
254.214 0.253737 0.0754599 3 6 0
254.714 0.253915 0.0753914 3 6 0
255.214 0.254094 0.0753231 3 6 0
255.214 0.254094 0.0753231 4 6 0
255.234 0.254101 0.0753203 3 6 0
255.274 0.254115 0.0753148 3 6 0
255.354 0.254179 0.0752965 3 6 0
255.474 0.254222 0.0752798 3 6 0
255.654 0.254287 0.0752549 3 6 0
256.014 0.254397 0.0752069 3 6 0
256.514 0.254576 0.0751382 3 6 0
257.014 0.254754 0.0750701 3 6 0
257.514 0.254934 0.0750052 3 6 0
258.014 0.25511 0.0749382 3 6 0
258.514 0.255286 0.0748717 3 6 0
259.014 0.255467 0.0748073 3 6 0
259.514 0.255641 0.0747419 3 6 0
260.014 0.255814 0.0746769 3 6 0
260.514 0.255989 0.0746138 3 6 0
261.014 0.256161 0.0745498 3 6 0
261.514 0.256332 0.0744864 3 6 0
262.014 0.256502 0.0744269 3 6 0
262.514 0.256672 0.0743644 3 6 0
263.014 0.25684 0.0743024 3 6 0
263.514 0.257013 0.0742434 3 6 0
264.014 0.25718 0.0741822 3 6 0
264.514 0.257346 0.0741216 3 6 0
265.014 0.257511 0.0740645 3 6 0
265.514 0.257675 0.0740048 3 6 0
266.014 0.257839 0.0739455 3 6 0
266.514 0.258005 0.0738903 3 6 0
267.014 0.258167 0.0738318 3 6 0
267.514 0.258329 0.0737738 3 6 0
268.014 0.258491 0.0737205 3 6 0
268.514 0.258652 0.0736633 3 6 0
269.014 0.258811 0.0736065 3 6 0
269.514 0.258973 0.0735571 3 6 0
270.014 0.259131 0.073501 3 6 0
270.514 0.259289 0.0734454 3 6 0
271.014 0.259448 0.073394 3 6 0
271.514 0.259604 0.0733391 3 6 0
272.014 0.259759 0.0732847 3 6 0
272.514 0.259913 0.0732397 3 6 0
273.014 0.260067 0.0731859 3 6 0
273.514 0.26022 0.0731325 3 6 0
274.014 0.260373 0.0730791 3 6 0
274.514 0.260525 0.0730265 3 6 0
275.014 0.260676 0.0729743 3 6 0
275.514 0.260827 0.0729408 3 6 0
276.014 0.260976 0.0728906 3 6 0
276.514 0.261125 0.0728393 3 6 0
277.014 0.261267 0.0727625 3 6 0
277.514 0.261414 0.0727123 3 6 0
278.014 0.261561 0.0726624 3 6 0
278.514 0.261715 0.0726217 3 6 0
279.014 0.261862 0.0725736 3 6 0
279.514 0.262007 0.072526 3 6 0
280.014 0.262101 0.0724528 3 6 0
280.514 0.262244 0.0724054 3 6 0
281.014 0.262386 0.0723584 3 6 0
281.514 0.262583 0.0723204 3 6 0
282.014 0.262725 0.0722736 3 6 0
282.514 0.262867 0.0722271 3 6 0
283.014 0.262995 0.0722071 3 6 0
283.514 0.263135 0.0721621 3 6 0
284.014 0.263275 0.0721174 3 6 0
284.514 0.263422 0.0720607 3 6 0
285.014 0.263561 0.0720153 3 6 0
285.514 0.263699 0.0719702 3 6 0
286.014 0.263826 0.0719383 3 6 0
286.514 0.263963 0.0718938 3 6 0
287.014 0.2641 0.0718495 3 6 0
287.514 0.264252 0.0717986 3 6 0
288.014 0.264387 0.0717562 3 6 0
288.514 0.264522 0.0717141 3 6 0
289.014 0.264631 0.0716676 3 6 0
289.514 0.264765 0.071626 3 6 0
290.014 0.264898 0.0715847 3 6 0
290.514 0.26501 0.0715397 3 6 0
291.014 0.265143 0.0714989 3 6 0
291.514 0.265275 0.0714584 3 6 0
292.014 0.265454 0.0714066 3 6 0
292.514 0.265585 0.0713664 3 6 0
293.014 0.265715 0.0713264 3 6 0
293.514 0.26583 0.0713018 3 6 0
294.014 0.265959 0.0712625 3 6 0
294.514 0.266087 0.0712234 3 6 0
295.014 0.266231 0.0711843 3 6 0
295.514 0.266359 0.071145 3 6 0
296.014 0.266486 0.0711059 3 6 0
296.514 0.266613 0.0710713 3 6 0
297.014 0.266739 0.0710332 3 6 0
297.514 0.266865 0.0709954 3 6 0
298.014 0.266955 0.0709354 3 6 0
298.514 0.267079 0.0708981 3 6 0
299.014 0.267203 0.0708611 3 6 0
299.514 0.267296 0.0708172 3 6 0
300.014 0.267419 0.0707806 3 6 0
300.514 0.267541 0.0707441 3 6 0
301.014 0.267674 0.0707157 3 6 0
301.514 0.267796 0.0706799 3 6 0
302.014 0.267917 0.0706443 3 6 0
302.514 0.268046 0.0706008 3 6 0
303.014 0.268166 0.0705655 3 6 0
303.514 0.268287 0.0705304 3 6 0
304.014 0.268435 0.0704955 3 6 0
304.514 0.268554 0.0704608 3 6 0
305.014 0.268672 0.0704263 3 6 0
305.514 0.268783 0.0704015 3 6 0
306.014 0.268901 0.0703676 3 6 0
306.514 0.269018 0.0703339 3 6 0
307.014 0.269134 0.0702899 3 6 0
307.514 0.26925 0.0702565 3 6 0
308.014 0.269366 0.0702233 3 6 0
308.514 0.269511 0.0702157 3 6 0
309.014 0.269626 0.0701824 3 6 0
309.514 0.269741 0.0701492 3 6 0
310.014 0.269853 0.0700928 3 6 0
310.514 0.269967 0.0700606 3 6 0
311.014 0.270081 0.0700286 3 6 0
311.514 0.270193 0.0699981 3 6 0
312.014 0.270305 0.0699665 3 6 0
312.514 0.270418 0.0699351 3 6 0
313.014 0.27053 0.0699052 3 6 0
313.514 0.270641 0.0698741 3 6 0
314.014 0.270752 0.0698431 3 6 0
314.514 0.27086 0.0698123 3 6 0
315.014 0.27097 0.0697817 3 6 0
315.514 0.27108 0.0697513 3 6 0
316.014 0.271194 0.0697377 3 6 0
316.514 0.271303 0.0697075 3 6 0
317.014 0.271412 0.0696774 3 6 0
317.514 0.271516 0.0696333 3 6 0
318.014 0.271624 0.0696039 3 6 0
318.514 0.271731 0.0695746 3 6 0
319.014 0.271838 0.0695468 3 6 0
319.514 0.271945 0.0695177 3 6 0
320.014 0.272051 0.0694889 3 6 0
320.514 0.272156 0.0694762 3 6 0
321.014 0.272262 0.0694481 3 6 0
321.514 0.272367 0.0694202 3 6 0
322.014 0.272438 0.0693827 3 6 0
322.514 0.272544 0.0693544 3 6 0
323.014 0.27265 0.0693263 3 6 0
323.514 0.272774 0.0693044 3 6 0
324.014 0.272878 0.0692767 3 6 0
324.514 0.272981 0.0692492 3 6 0
325.014 0.273097 0.0692192 3 6 0
325.514 0.273199 0.069192 3 6 0
326.014 0.273301 0.069165 3 6 0
326.514 0.273402 0.0691411 3 6 0
327.014 0.273504 0.0691147 3 6 0
327.514 0.273604 0.0690884 3 6 0
328.014 0.273704 0.069054 3 6 0
328.514 0.273804 0.0690278 3 6 0
329.014 0.273904 0.0690018 3 6 0
329.514 0.274004 0.0689748 3 6 0
330.014 0.274103 0.0689492 3 6 0
330.514 0.274201 0.0689238 3 6 0
331.014 0.274297 0.0689063 3 6 0
331.514 0.274395 0.0688811 3 6 0
332.014 0.274493 0.068856 3 6 0
332.514 0.27459 0.0688158 3 6 0
333.014 0.274687 0.068791 3 6 0
333.514 0.274784 0.0687663 3 6 0
334.014 0.274846 0.0687521 3 6 0
334.514 0.274942 0.0687276 3 6 0
335.014 0.275039 0.0687033 3 6 0
335.514 0.275169 0.0686853 3 6 0
336.014 0.275264 0.0686615 3 6 0
336.514 0.275359 0.0686379 3 6 0
337.014 0.275416 0.0685972 3 6 0
337.514 0.275511 0.0685736 3 6 0
338.014 0.275605 0.0685501 3 6 0
338.514 0.275732 0.0685293 3 6 0
339.014 0.275825 0.0685059 3 6 0
339.514 0.275918 0.0684827 3 6 0
340.014 0.27598 0.0684581 3 6 0
340.514 0.276072 0.0684352 3 6 0
341.014 0.276164 0.0684123 3 6 0
341.514 0.276286 0.0683888 3 6 0
342.014 0.276377 0.0683663 3 6 0
342.514 0.276468 0.0683439 3 6 0
343.014 0.276525 0.0683215 3 6 0
343.514 0.276614 0.0682994 3 6 0
344.014 0.276704 0.0682774 3 6 0
344.514 0.276828 0.0682561 3 6 0
345.014 0.276918 0.0682343 3 6 0
345.514 0.277007 0.0682125 3 6 0
346.014 0.277066 0.0681904 3 6 0
346.514 0.277154 0.068169 3 6 0
347.014 0.27724 0.0681476 3 6 0
347.514 0.277357 0.0681266 3 6 0
348.014 0.277445 0.0681054 3 6 0
348.514 0.277533 0.0680844 3 6 0
349.014 0.277595 0.0680638 3 6 0
349.514 0.277684 0.0680431 3 6 0
350.014 0.277773 0.0680226 3 6 0
350.514 0.277895 0.0680092 3 6 0
351.014 0.277981 0.067988 3 6 0
351.514 0.278067 0.067967 3 6 0
352.014 0.278135 0.0679419 3 6 0
352.514 0.278221 0.0679216 3 6 0
352.514 0.278221 0.0679216 4 6 0
352.534 0.278224 0.0679208 3 6 0
352.564 0.27823 0.0679195 3 6 0
352.624 0.278236 0.0679158 3 6 0
352.714 0.278251 0.0679122 3 6 0
352.849 0.278274 0.0679068 3 6 0
353.119 0.278313 0.067899 3 6 0
353.524 0.278381 0.0678832 3 6 0
354.024 0.278464 0.0678636 3 6 0
354.524 0.278575 0.0678431 3 6 0
355.024 0.278659 0.0678233 3 6 0
355.524 0.278742 0.0678036 3 6 0
356.024 0.278813 0.0677847 3 6 0
356.524 0.278896 0.0677651 3 6 0
357.024 0.278979 0.0677457 3 6 0
357.524 0.279059 0.0677241 3 6 0
358.024 0.279141 0.0677051 3 6 0
358.524 0.279223 0.0676862 3 6 0
359.024 0.279304 0.067669 3 6 0
359.524 0.279384 0.0676506 3 6 0
360.024 0.279464 0.0676322 3 6 0
360.524 0.279565 0.067612 3 6 0
361.024 0.279646 0.0675934 3 6 0
361.524 0.279726 0.0675749 3 6 0
362.024 0.279793 0.0675557 3 6 0
362.524 0.279873 0.0675375 3 6 0
363.024 0.279953 0.0675194 3 6 0
363.524 0.280025 0.0675106 3 6 0
364.024 0.280103 0.0674927 3 6 0
364.524 0.280182 0.0674748 3 6 0
365.024 0.280261 0.0674481 3 6 0
365.524 0.28034 0.0674304 3 6 0
366.024 0.280419 0.0674128 3 6 0
366.524 0.280475 0.0674012 3 6 0
367.024 0.280552 0.0673838 3 6 0
367.524 0.280629 0.0673666 3 6 0
368.024 0.280744 0.0673432 3 6 0
368.524 0.280821 0.0673261 3 6 0
369.024 0.280898 0.067309 3 6 0
369.524 0.280961 0.067294 3 6 0
370.024 0.281038 0.0672771 3 6 0
370.524 0.281114 0.0672603 3 6 0
371.024 0.281191 0.0672418 3 6 0
371.524 0.281267 0.0672252 3 6 0
372.024 0.281343 0.0672086 3 6 0
372.524 0.281395 0.0671939 3 6 0
373.024 0.281469 0.0671775 3 6 0
373.524 0.281544 0.0671611 3 6 0
374.024 0.281654 0.0671525 3 6 0
374.524 0.281728 0.0671363 3 6 0
375.024 0.281802 0.0671203 3 6 0
375.524 0.281854 0.0670957 3 6 0
376.024 0.281926 0.0670798 3 6 0
376.524 0.281998 0.0670641 3 6 0
377.024 0.282091 0.0670484 3 6 0
377.524 0.282165 0.0670328 3 6 0
378.024 0.282238 0.0670172 3 6 0
378.524 0.282291 0.0670009 3 6 0
379.024 0.282362 0.0669855 3 6 0
379.524 0.282433 0.0669701 3 6 0
380.024 0.282495 0.0669642 3 6 0
380.524 0.28256 0.0669501 3 6 0
381.024 0.28264 0.0669332 3 6 0
381.524 0.28271 0.0669097 3 6 0
382.024 0.282778 0.0668946 3 6 0
382.524 0.282846 0.0668795 3 6 0
383.024 0.28293 0.0668642 3 6 0
383.524 0.283002 0.0668494 3 6 0
384.024 0.283075 0.0668348 3 6 0
384.524 0.283213 0.0668173 3 6 0
385.024 0.283281 0.0668029 3 6 0
385.524 0.283349 0.0667887 3 6 0
386.024 0.283383 0.066776 3 6 0
386.524 0.283453 0.0667616 3 6 0
387.024 0.283522 0.0667473 3 6 0
387.524 0.283561 0.066735 3 6 0
388.024 0.283629 0.0667207 3 6 0
388.524 0.283698 0.0667064 3 6 0
389.024 0.283795 0.0667024 3 6 0
389.524 0.283864 0.0666884 3 6 0
390.024 0.283932 0.0666744 3 6 0
390.524 0.283991 0.0666491 3 6 0
391.024 0.28406 0.0666352 3 6 0
391.524 0.284128 0.0666214 3 6 0
392.024 0.284162 0.066611 3 6 0
392.524 0.284231 0.0665974 3 6 0
393.024 0.284299 0.066584 3 6 0
393.524 0.284372 0.066574 3 6 0
394.024 0.284437 0.0665604 3 6 0
394.524 0.284502 0.0665468 3 6 0
395.024 0.284575 0.0665307 3 6 0
395.524 0.28464 0.0665174 3 6 0
396.024 0.284705 0.066504 3 6 0
396.524 0.284777 0.066488 3 6 0
397.024 0.284842 0.0664749 3 6 0
397.524 0.284906 0.0664618 3 6 0
398.024 0.284961 0.0664467 3 6 0
398.524 0.285025 0.0664338 3 6 0
399.024 0.285089 0.066421 3 6 0
399.524 0.285146 0.0664198 3 6 0
400.024 0.285209 0.066407 3 6 0
400.524 0.285273 0.0663942 3 6 0
401.024 0.28535 0.0663777 3 6 0
401.524 0.285414 0.0663652 3 6 0
402.024 0.285479 0.0663528 3 6 0
402.524 0.28554 0.0663404 3 6 0
403.024 0.285605 0.0663279 3 6 0
403.524 0.285669 0.0663154 3 6 0
404.024 0.285727 0.0662991 3 6 0
404.524 0.285788 0.0662868 3 6 0
405.024 0.285849 0.0662745 3 6 0
405.524 0.285926 0.0662599 3 6 0
406.024 0.285987 0.0662477 3 6 0
406.524 0.286048 0.0662356 3 6 0
407.024 0.286116 0.0662225 3 6 0
407.524 0.286177 0.0662106 3 6 0
408.024 0.286237 0.0661987 3 6 0
408.524 0.286302 0.0661868 3 6 0
409.024 0.286363 0.066175 3 6 0
409.524 0.286423 0.0661633 3 6 0
410.024 0.286486 0.0661518 3 6 0
410.524 0.286546 0.0661402 3 6 0
411.024 0.286606 0.0661286 3 6 0
411.524 0.286662 0.0661176 3 6 0
412.024 0.286722 0.0661062 3 6 0
412.524 0.286782 0.0660947 3 6 0
413.024 0.286834 0.0660884 3 6 0
413.524 0.286893 0.066077 3 6 0
414.024 0.286952 0.0660657 3 6 0
414.524 0.287021 0.0660546 3 6 0
415.024 0.287079 0.0660433 3 6 0
415.524 0.287137 0.0660321 3 6 0
416.024 0.287208 0.066017 3 6 0
416.524 0.287266 0.0660059 3 6 0
417.024 0.287323 0.0659948 3 6 0
417.524 0.287397 0.0659822 3 6 0
418.024 0.287455 0.0659713 3 6 0
418.524 0.287512 0.0659605 3 6 0
419.024 0.287576 0.0659503 3 6 0
419.524 0.287634 0.0659397 3 6 0
420.024 0.287691 0.065929 3 6 0
420.524 0.287754 0.0659178 3 6 0
421.024 0.287811 0.0659073 3 6 0
421.524 0.287868 0.0658968 3 6 0
422.024 0.287928 0.0658868 3 6 0
422.524 0.287985 0.0658764 3 6 0
423.024 0.288042 0.0658661 3 6 0
423.524 0.288101 0.0658552 3 6 0
424.024 0.288158 0.0658449 3 6 0
424.524 0.288215 0.0658347 3 6 0
425.024 0.288271 0.065825 3 6 0
425.524 0.288328 0.0658149 3 6 0
426.024 0.288384 0.0658049 3 6 0
426.524 0.288439 0.0657944 3 6 0
427.024 0.288495 0.0657845 3 6 0
427.524 0.288552 0.0657746 3 6 0
428.024 0.288604 0.0657646 3 6 0
428.524 0.28866 0.0657548 3 6 0
429.024 0.288716 0.0657451 3 6 0
429.524 0.288764 0.0657354 3 6 0
430.024 0.28882 0.0657257 3 6 0
430.524 0.288877 0.0657161 3 6 0
431.024 0.28892 0.065705 3 6 0
431.524 0.288977 0.0656955 3 6 0
432.024 0.289033 0.065686 3 6 0
432.524 0.289072 0.0656777 3 6 0
433.024 0.289129 0.0656684 3 6 0
433.524 0.289185 0.0656591 3 6 0
434.024 0.289213 0.0656465 3 6 0
434.524 0.28927 0.0656372 3 6 0
435.024 0.289326 0.065628 3 6 0
435.524 0.289372 0.0656233 3 6 0
436.024 0.289422 0.0656144 3 6 0
436.524 0.289478 0.0656048 3 6 0
437.024 0.289562 0.0655892 3 6 0
437.524 0.289613 0.0655801 3 6 0
438.024 0.289664 0.065571 3 6 0
438.524 0.289744 0.0655653 3 6 0
439.024 0.289797 0.0655563 3 6 0
439.524 0.28985 0.0655473 3 6 0
440.024 0.289899 0.0655337 3 6 0
440.524 0.289957 0.0655256 3 6 0
441.024 0.290014 0.0655178 3 6 0
441.524 0.29001 0.0655132 3 6 0
442.024 0.290066 0.0655037 3 6 0
442.524 0.290121 0.0654942 3 6 0
443.024 0.29019 0.06549 3 6 0
443.524 0.290241 0.0654814 3 6 0
444.024 0.290291 0.0654728 3 6 0
444.524 0.290374 0.06546 3 6 0
445.024 0.290426 0.0654511 3 6 0
445.524 0.290478 0.0654422 3 6 0
446.024 0.290506 0.065431 3 6 0
446.524 0.290559 0.0654223 3 6 0
447.024 0.290612 0.0654136 3 6 0
447.524 0.290632 0.0654052 3 6 0
448.024 0.290679 0.0653971 3 6 0
448.524 0.290725 0.0653891 3 6 0
449.024 0.290829 0.0653787 3 6 0
449.524 0.290879 0.0653701 3 6 0
449.524 0.290879 0.0653701 4 6 0
449.544 0.29088 0.0653696 3 6 0
449.574 0.290882 0.0653689 3 6 0
449.619 0.290848 0.0653681 3 6 0
449.687 0.290858 0.0653669 3 6 0
449.788 0.290871 0.0653652 3 6 0
449.94 0.290919 0.0653661 3 6 0
450.167 0.290941 0.065362 3 6 0
450.509 0.290974 0.065356 3 6 0
451.009 0.291017 0.0653449 3 6 0
451.509 0.291069 0.0653367 3 6 0
452.009 0.29112 0.0653285 3 6 0
452.509 0.291183 0.0653229 3 6 0
453.009 0.291233 0.0653148 3 6 0
453.509 0.291282 0.0653068 3 6 0
454.009 0.29133 0.0652962 3 6 0
454.509 0.291379 0.0652881 3 6 0
455.009 0.291429 0.0652801 3 6 0
455.509 0.291482 0.0652697 3 6 0
456.009 0.291531 0.0652617 3 6 0
456.509 0.29158 0.0652537 3 6 0
457.009 0.291629 0.0652505 3 6 0
457.509 0.291677 0.0652425 3 6 0
458.009 0.291726 0.0652345 3 6 0
458.509 0.291758 0.0652228 3 6 0
459.009 0.291806 0.0652149 3 6 0
459.509 0.291852 0.065207 3 6 0
460.009 0.291894 0.0651973 3 6 0
460.509 0.291947 0.0651898 3 6 0
461.009 0.292 0.0651825 3 6 0
461.509 0.292025 0.0651788 3 6 0
462.009 0.292076 0.0651705 3 6 0
462.509 0.292127 0.0651624 3 6 0
463.009 0.292197 0.0651537 3 6 0
463.509 0.292245 0.0651463 3 6 0
464.009 0.292293 0.0651389 3 6 0
464.509 0.292336 0.0651294 3 6 0
465.009 0.292384 0.065122 3 6 0
465.509 0.292431 0.0651145 3 6 0
466.009 0.292465 0.0651112 3 6 0
466.509 0.292513 0.065104 3 6 0
467.009 0.29256 0.0650968 3 6 0
467.509 0.292629 0.0650844 3 6 0
468.009 0.292675 0.0650771 3 6 0
468.509 0.292722 0.0650697 3 6 0
469.009 0.292757 0.0650646 3 6 0
469.509 0.292802 0.0650572 3 6 0
470.009 0.292846 0.0650498 3 6 0
470.509 0.292876 0.065048 3 6 0
471.009 0.292924 0.0650411 3 6 0
471.509 0.292973 0.0650336 3 6 0
472.009 0.29301 0.0650248 3 6 0
472.509 0.293051 0.0650173 3 6 0
473.009 0.293092 0.0650098 3 6 0
473.509 0.293152 0.0650027 3 6 0
474.009 0.293196 0.0649952 3 6 0
474.509 0.293239 0.0649877 3 6 0
475.009 0.293318 0.0649833 3 6 0
475.509 0.293363 0.0649765 3 6 0
476.009 0.293409 0.0649696 3 6 0
476.509 0.293447 0.0649633 3 6 0
477.009 0.293491 0.064956 3 6 0
477.509 0.293535 0.0649487 3 6 0
478.009 0.293549 0.0649406 3 6 0
478.509 0.293596 0.0649341 3 6 0
479.009 0.293644 0.0649276 3 6 0
479.509 0.293672 0.0649198 3 6 0
480.009 0.293716 0.0649129 3 6 0
480.509 0.293763 0.064906 3 6 0
481.009 0.293821 0.0648974 3 6 0
481.509 0.293866 0.0648907 3 6 0
482.009 0.293911 0.0648841 3 6 0
482.509 0.293987 0.0648755 3 6 0
483.009 0.294029 0.064869 3 6 0
483.509 0.294072 0.0648625 3 6 0
484.009 0.294106 0.0648631 3 6 0
484.509 0.29415 0.0648563 3 6 0
485.009 0.294195 0.0648495 3 6 0
485.509 0.29418 0.06484 3 6 0
486.009 0.294213 0.0648341 3 6 0
486.509 0.294253 0.0648293 3 6 0
487.009 0.294395 0.0648201 3 6 0
487.509 0.294434 0.0648132 3 6 0
488.009 0.294474 0.0648064 3 6 0
488.509 0.294534 0.0647976 3 6 0
489.009 0.294575 0.0647915 3 6 0
489.509 0.294616 0.0647854 3 6 0
490.009 0.294626 0.0647851 3 6 0
490.509 0.294667 0.0647785 3 6 0
491.009 0.294708 0.064772 3 6 0
491.509 0.294748 0.0647653 3 6 0
492.009 0.294793 0.0647596 3 6 0
492.509 0.294837 0.0647539 3 6 0
493.009 0.294885 0.0647465 3 6 0
493.509 0.294929 0.0647408 3 6 0
494.009 0.294972 0.0647352 3 6 0
494.509 0.295 0.0647285 3 6 0
495.009 0.295041 0.0647226 3 6 0
495.509 0.295081 0.0647167 3 6 0
496.009 0.295134 0.0647087 3 6 0
496.509 0.295172 0.0647027 3 6 0
497.009 0.295209 0.0646967 3 6 0
497.509 0.295253 0.0646945 3 6 0
498.009 0.295291 0.0646882 3 6 0
498.509 0.295329 0.064682 3 6 0
499.009 0.295382 0.0646729 3 6 0
499.509 0.295422 0.0646671 3 6 0
500.009 0.295462 0.0646613 3 6 0
500.509 0.295499 0.0646622 3 6 0
501.009 0.295538 0.0646569 3 6 0
501.509 0.295577 0.0646516 3 6 0
502.009 0.295626 0.0646411 3 6 0
502.509 0.295666 0.0646356 3 6 0
503.009 0.295707 0.0646302 3 6 0
503.509 0.295742 0.0646317 3 6 0
504.009 0.29578 0.0646267 3 6 0
504.509 0.295818 0.0646217 3 6 0
505.009 0.295865 0.0646084 3 6 0
505.509 0.295906 0.064603 3 6 0
506.009 0.295947 0.0645977 3 6 0
506.509 0.295969 0.064605 3 6 0
507.009 0.296006 0.0646003 3 6 0
507.509 0.296042 0.0645955 3 6 0
508.009 0.296112 0.0645723 3 6 0
508.509 0.296152 0.0645676 3 6 0
509.009 0.296193 0.064563 3 6 0
509.509 0.29624 0.0645734 3 6 0
510.009 0.296279 0.0645678 3 6 0
510.509 0.296319 0.0645623 3 6 0
511.009 0.296333 0.0645575 3 6 0
511.509 0.29637 0.0645528 3 6 0
512.009 0.296406 0.064548 3 6 0
512.509 0.29644 0.064531 3 6 0
513.009 0.296483 0.0645253 3 6 0
513.509 0.296526 0.0645195 3 6 0
514.009 0.296563 0.0645131 3 6 0
514.509 0.296602 0.0645071 3 6 0
515.009 0.29664 0.0645012 3 6 0
515.509 0.296693 0.0645075 3 6 0
516.009 0.296732 0.0645023 3 6 0
516.509 0.296771 0.064497 3 6 0
517.009 0.2968 0.064481 3 6 0
517.509 0.296839 0.064476 3 6 0
518.009 0.296878 0.0644712 3 6 0
518.509 0.297007 0.0644632 3 6 0
519.009 0.297045 0.0644578 3 6 0
519.509 0.297082 0.0644524 3 6 0
520.009 0.29702 0.0644566 3 6 0
520.509 0.297062 0.0644525 3 6 0
521.009 0.297103 0.0644484 3 6 0
521.509 0.297124 0.0644478 3 6 0
522.009 0.297166 0.0644421 3 6 0
522.509 0.297208 0.0644365 3 6 0
523.009 0.297267 0.0644171 3 6 0
523.509 0.297306 0.0644124 3 6 0
524.009 0.297344 0.0644076 3 6 0
524.509 0.297426 0.0644073 3 6 0
525.009 0.297455 0.0644018 3 6 0
525.509 0.297483 0.0643965 3 6 0
526.009 0.297487 0.064401 3 6 0
526.509 0.297525 0.064397 3 6 0
527.009 0.297562 0.0643931 3 6 0
527.509 0.297518 0.0643749 3 6 0
528.009 0.297557 0.0643722 3 6 0
528.509 0.297592 0.0643699 3 6 0
529.009 0.297701 0.0643625 3 6 0
529.509 0.297733 0.0643576 3 6 0
530.009 0.297764 0.0643525 3 6 0
530.509 0.297816 0.0643475 3 6 0
531.009 0.297856 0.0643422 3 6 0
531.509 0.297895 0.064337 3 6 0
532.009 0.29794 0.0643327 3 6 0
532.509 0.297977 0.0643283 3 6 0
533.009 0.298013 0.0643239 3 6 0
533.509 0.298026 0.0643169 3 6 0
534.009 0.298067 0.0643127 3 6 0
534.509 0.298108 0.0643086 3 6 0
535.009 0.298082 0.064305 3 6 0
535.509 0.298122 0.0643004 3 6 0
536.009 0.298161 0.0642958 3 6 0
536.509 0.298204 0.0642966 3 6 0
537.009 0.298232 0.064291 3 6 0
537.509 0.298282 0.0642851 3 6 0
538.009 0.298417 0.0642762 3 6 0
538.509 0.298447 0.0642727 3 6 0
539.009 0.298473 0.0642688 3 6 0
539.509 0.298452 0.0642629 3 6 0
540.009 0.298487 0.0642585 3 6 0
540.509 0.298523 0.0642541 3 6 0
541.009 0.298493 0.0642536 3 6 0
541.509 0.298547 0.0642507 3 6 0
542.009 0.298598 0.0642472 3 6 0
542.509 0.298661 0.0642384 3 6 0
543.009 0.298681 0.064235 3 6 0
543.509 0.298711 0.0642318 3 6 0
544.009 0.298765 0.0642231 3 6 0
544.509 0.298803 0.0642188 3 6 0
545.009 0.298841 0.0642146 3 6 0
545.509 0.298872 0.0642138 3 6 0
546.009 0.298924 0.0642082 3 6 0
546.009 0.298924 0.0642082 4 6 0
546.029 0.298939 0.0642067 3 6 0
546.051 0.298951 0.0642053 3 6 0
546.084 0.298911 0.0642059 3 6 0
546.12 0.298917 0.0642055 3 6 0
546.175 0.298926 0.0642048 3 6 0
546.256 0.298943 0.0642051 3 6 0
546.379 0.298952 0.0642045 3 6 0
546.563 0.298964 0.0642034 3 6 0
546.838 0.298978 0.0642001 3 6 0
547.142 0.299002 0.0641974 3 6 0
547.475 0.299027 0.0641944 3 6 0
547.975 0.299069 0.0641959 3 6 0
548.475 0.299106 0.0641927 3 6 0
548.975 0.299142 0.0641895 3 6 0
549.475 0.299162 0.0641776 3 6 0
549.975 0.299198 0.0641739 3 6 0
550.475 0.299234 0.0641703 3 6 0
550.975 0.2992 0.0641637 3 6 0
551.475 0.299233 0.0641596 3 6 0
551.975 0.299268 0.0641555 3 6 0
552.475 0.299371 0.064153 3 6 0
552.975 0.299401 0.0641495 3 6 0
553.475 0.299431 0.0641459 3 6 0
553.975 0.299458 0.0641421 3 6 0
554.475 0.299492 0.0641381 3 6 0
554.975 0.299527 0.0641342 3 6 0
555.475 0.299578 0.0641281 3 6 0
555.975 0.299606 0.0641247 3 6 0
556.475 0.299634 0.0641212 3 6 0
556.975 0.299675 0.0641187 3 6 0
557.475 0.299704 0.0641157 3 6 0
557.975 0.299732 0.0641128 3 6 0
558.475 0.299778 0.0641133 3 6 0
558.975 0.299811 0.0641104 3 6 0
559.475 0.299843 0.0641076 3 6 0
559.975 0.299795 0.064089 3 6 0
560.475 0.299826 0.0640853 3 6 0
560.975 0.299859 0.0640816 3 6 0
561.475 0.299991 0.0640902 3 6 0
561.975 0.300026 0.0640884 3 6 0
562.475 0.300058 0.0640869 3 6 0
562.975 0.300072 0.0640785 3 6 0
563.475 0.300107 0.0640756 3 6 0
563.975 0.300142 0.0640728 3 6 0
564.475 0.300182 0.0640786 3 6 0
564.975 0.300216 0.0640759 3 6 0
565.475 0.30025 0.0640732 3 6 0
565.975 0.300275 0.0640582 3 6 0
566.475 0.300306 0.0640545 3 6 0
566.975 0.300337 0.0640508 3 6 0
567.475 0.300363 0.0640394 3 6 0
567.975 0.300392 0.0640359 3 6 0
568.475 0.300421 0.0640323 3 6 0
568.975 0.300457 0.0640277 3 6 0
569.475 0.300485 0.0640241 3 6 0
569.975 0.300513 0.0640206 3 6 0
570.475 0.30055 0.0640155 3 6 0
570.975 0.300578 0.064012 3 6 0
571.475 0.300606 0.0640086 3 6 0
571.975 0.300639 0.0640042 3 6 0
572.475 0.300666 0.0640008 3 6 0
572.975 0.300694 0.0639974 3 6 0
573.475 0.300728 0.0639934 3 6 0
573.975 0.300761 0.0639899 3 6 0
574.475 0.300794 0.0639865 3 6 0
574.975 0.300844 0.0639876 3 6 0
575.475 0.300875 0.0639841 3 6 0
575.975 0.300907 0.0639805 3 6 0
576.475 0.301057 0.0639651 3 6 0
576.975 0.301079 0.0639616 3 6 0
577.475 0.301099 0.0639583 3 6 0
577.975 0.301033 0.0639697 3 6 0
578.475 0.301064 0.0639664 3 6 0
578.975 0.301096 0.0639631 3 6 0
579.475 0.301262 0.0639462 3 6 0
579.975 0.301277 0.0639438 3 6 0
580.475 0.301288 0.0639416 3 6 0
580.975 0.301221 0.0639407 3 6 0
581.475 0.301254 0.0639376 3 6 0
581.975 0.301286 0.0639345 3 6 0
582.475 0.301318 0.0639432 3 6 0
582.975 0.301343 0.0639408 3 6 0
583.475 0.301365 0.0639385 3 6 0
583.975 0.301518 0.0639124 3 6 0
584.475 0.301512 0.0639085 3 6 0
584.975 0.301513 0.0639082 3 6 0
585.475 0.301465 0.0639194 3 6 0
585.975 0.301488 0.0639158 3 6 0
586.475 0.301509 0.0639122 3 6 0
586.975 0.301518 0.0639003 3 6 0
587.475 0.301554 0.063897 3 6 0
587.975 0.301589 0.0638938 3 6 0
588.475 0.301673 0.0638873 3 6 0
588.975 0.301704 0.0638841 3 6 0
589.475 0.301734 0.0638808 3 6 0
589.975 0.301553 0.0638834 4 6 0
590.475 0.301634 0.0638789 4 6 0
590.975 0.301738 0.0638745 4 6 0
591.475 0.301886 0.0638677 4 6 0
591.975 0.30191 0.0638646 4 6 0
592.475 0.301935 0.0638615 4 6 0
592.975 0.301959 0.0638666 3 6 0
593.475 0.301987 0.063863 3 6 0
593.975 0.302013 0.0638593 3 6 0
594.475 0.302022 0.0638679 3 6 0
594.975 0.302055 0.0638665 3 6 0
595.475 0.302087 0.0638615 3 6 0
595.975 0.302152 0.0638553 3 6 0
596.475 0.302181 0.063855 3 6 0
596.975 0.302206 0.063852 3 6 0
597.475 0.30214 0.0638459 3 6 0
597.975 0.302199 0.0638413 3 6 0
598.475 0.302252 0.0638372 3 6 0
598.975 0.302058 0.0638345 3 6 0
599.475 0.302061 0.0638315 3 6 0
599.975 0.302068 0.0638285 3 6 0
600.475 0.302376 0.0638302 3 6 0
600.975 0.302414 0.063829 3 6 0
601.475 0.302449 0.0638246 3 6 0
601.975 0.302481 0.0638109 3 6 0
602.475 0.302503 0.0638071 3 6 0
602.975 0.302525 0.0638035 3 6 0
603.475 0.302628 0.0638013 3 6 0
603.975 0.302637 0.0637981 3 6 0
604.475 0.302671 0.0637941 3 6 0
604.975 0.302679 0.0638007 3 6 0
605.475 0.302707 0.0637974 3 6 0
605.975 0.302735 0.0637941 3 6 0
606.475 0.30276 0.0637912 3 6 0
606.975 0.302778 0.0637868 3 6 0
607.475 0.302795 0.0637825 3 6 0
607.975 0.302831 0.0637772 3 6 0
608.475 0.302859 0.0637741 3 6 0
608.975 0.302888 0.0637712 3 6 0
609.475 0.302934 0.0637694 3 6 0
609.975 0.302957 0.063766 3 6 0
610.475 0.30298 0.0637626 3 6 0
610.975 0.303009 0.0637556 3 6 0
611.475 0.30303 0.0637525 3 6 0
611.975 0.303051 0.0637492 3 6 0
612.475 0.303154 0.0637436 3 6 0
612.975 0.303166 0.0637421 3 6 0
613.475 0.303171 0.06374 3 6 0
613.975 0.30332 0.0637308 3 6 0
614.475 0.303291 0.0637281 3 6 0
614.975 0.303291 0.0637272 3 6 0
615.475 0.303176 0.0637446 3 6 0
615.975 0.303187 0.0637438 3 6 0
616.475 0.303198 0.0637422 3 6 0
616.975 0.30336 0.0637275 3 6 0
617.475 0.303376 0.0637269 3 6 0
617.975 0.303387 0.0637265 3 6 0
618.475 0.303448 0.0637221 3 6 0
618.975 0.303471 0.0637197 3 6 0
619.475 0.303497 0.0637172 3 6 0
619.975 0.30354 0.0637113 3 6 0
620.475 0.303573 0.0637084 3 6 0
620.975 0.303606 0.0637055 3 6 0
621.475 0.303605 0.0637039 3 6 0
621.975 0.303636 0.063701 3 6 0
622.475 0.303666 0.0636982 3 6 0
622.975 0.303718 0.063697 3 6 0
623.475 0.303747 0.0636933 3 6 0
623.975 0.303772 0.0636895 3 6 0
624.475 0.303871 0.0636873 3 6 0
624.975 0.303858 0.0636867 3 6 0
625.475 0.303864 0.0636858 3 6 0
625.975 0.303826 0.0636755 3 6 0
626.475 0.303851 0.0636723 3 6 0
626.975 0.303875 0.0636691 3 6 0
627.475 0.303916 0.0636727 3 6 0
627.975 0.303938 0.0636696 3 6 0
628.475 0.303957 0.0636665 3 6 0
628.975 0.303888 0.0636674 4 6 0
629.475 0.30405 0.0636617 4 6 0
629.975 0.304167 0.063657 4 6 0
630.475 0.304075 0.063662 3 6 0
630.975 0.304108 0.0636594 3 6 0
631.475 0.304141 0.0636554 3 6 0
631.975 0.304196 0.0636562 3 6 0
632.475 0.304207 0.0636553 3 6 0
632.975 0.304223 0.0636509 3 6 0
633.475 0.303962 0.0636432 3 6 0
633.975 0.303957 0.0636402 3 6 0
634.475 0.30395 0.0636375 3 6 0
634.975 0.304373 0.063627 3 6 0
635.475 0.304397 0.0636255 3 6 0
635.975 0.30442 0.0636241 3 6 0
636.475 0.30443 0.0636181 3 6 0
636.975 0.304457 0.0636157 3 6 0
637.475 0.304483 0.0636132 3 6 0
637.975 0.304519 0.0636229 3 6 0
638.475 0.304547 0.0636207 3 6 0
638.975 0.304574 0.0636185 3 6 0
639.475 0.304554 0.0636088 3 6 0
639.975 0.304579 0.063608 3 6 0
640.475 0.304604 0.0636072 3 6 0
640.975 0.304641 0.0636081 3 6 0
641.475 0.304668 0.063606 3 6 0
