200 0.285714 0.285714 2 1 0
200.04 0.285714 0.285714 1 1 0
200.08 0.285714 0.285714 1 1 0
200.16 0.285714 0.285714 1 1 0
200.32 0.285714 0.285714 1 1 0
200.64 0.285714 0.285714 1 1 0
201.14 0.285714 0.285714 1 1 0
201.64 0.285714 0.285714 1 1 0
202.14 0.285714 0.285714 1 1 0
202.64 0.285714 0.285714 1 1 0
203.14 0.285714 0.285714 1 1 0
203.64 0.285714 0.285714 1 1 0
204.14 0.285714 0.285714 1 1 0
204.64 0.285714 0.285714 1 1 0
205.14 0.285714 0.285714 1 1 0
205.64 0.285714 0.285714 1 1 0
206.14 0.285714 0.285714 1 1 0
206.64 0.285714 0.285714 1 1 0
207.14 0.285714 0.285714 1 1 0
207.64 0.285714 0.285714 1 1 0
208.14 0.285714 0.285714 1 1 0
208.64 0.285714 0.285714 1 1 0
209.14 0.285714 0.285714 1 1 0
209.64 0.285714 0.285714 1 1 0
210.14 0.285714 0.285714 1 1 0
210.64 0.285714 0.285714 1 1 0
211.14 0.285714 0.285714 1 1 0
211.64 0.285714 0.285714 1 1 0
212.14 0.285714 0.285714 1 1 0
212.64 0.285714 0.285714 1 1 0
213.14 0.285714 0.285714 1 1 0
213.64 0.285714 0.285714 1 1 0
214.14 0.285714 0.285714 1 1 0
214.64 0.285714 0.285714 1 1 0
215.14 0.285714 0.285714 1 1 0
215.64 0.285714 0.285714 1 1 0
216.14 0.285714 0.285714 1 1 0
216.64 0.285714 0.285714 1 1 0
217.14 0.285714 0.285714 1 1 0
217.64 0.285714 0.285714 1 1 0
218.14 0.285714 0.285714 1 1 0
218.64 0.285714 0.285714 1 1 0
219.14 0.285714 0.285714 1 1 0
219.64 0.285714 0.285714 1 1 0
220.14 0.285714 0.285714 1 1 0
220.64 0.285714 0.285714 1 1 0
221.14 0.285714 0.285714 1 1 0
221.64 0.285714 0.285714 1 1 0
222.14 0.285714 0.285714 1 1 0
222.64 0.285714 0.285714 1 1 0
223.14 0.285714 0.285714 1 1 0
223.64 0.285714 0.285714 1 1 0
224.14 0.285714 0.285714 1 1 0
224.64 0.285714 0.285714 1 1 0
225.14 0.285714 0.285714 1 1 0
225.64 0.285714 0.285714 1 1 0
226.14 0.285714 0.285714 1 1 0
226.64 0.285714 0.285714 1 1 0
227.14 0.285714 0.285714 1 1 0
227.64 0.285714 0.285714 1 1 0
228.14 0.285714 0.285714 1 1 0
228.64 0.285714 0.285714 1 1 0
229.14 0.285714 0.285714 1 1 0
229.64 0.285714 0.285714 1 1 0
230.14 0.285714 0.285714 1 1 0
230.64 0.285714 0.285714 1 1 0
231.14 0.285714 0.285714 1 1 0
231.64 0.285714 0.285714 1 1 0
232.14 0.285714 0.285714 1 1 0
232.64 0.285714 0.285714 1 1 0
233.14 0.285714 0.285714 1 1 0
233.64 0.285714 0.285714 1 1 0
234.14 0.285714 0.285714 1 1 0
234.64 0.285714 0.285714 1 1 0
235.14 0.285714 0.285714 1 1 0
235.64 0.285714 0.285714 1 1 0
236.14 0.285714 0.285714 1 1 0
236.64 0.285714 0.285714 1 1 0
237.14 0.285714 0.285714 1 1 0
237.64 0.285714 0.285714 1 1 0
238.14 0.285714 0.285714 1 1 0
238.64 0.285714 0.285714 1 1 0
239.14 0.285714 0.285714 1 1 0
239.64 0.285714 0.285714 1 1 0
240.14 0.285714 0.285714 1 1 0
240.64 0.285714 0.285714 1 1 0
241.14 0.285714 0.285714 1 1 0
241.64 0.285714 0.285714 1 1 0
242.14 0.285714 0.285714 1 1 0
242.64 0.285714 0.285714 1 1 0
243.14 0.285714 0.285714 1 1 0
243.64 0.285714 0.285714 1 1 0
244.14 0.285714 0.285714 1 1 0
244.64 0.285714 0.285714 1 1 0
245.14 0.285714 0.285714 1 1 0
245.64 0.285714 0.285714 1 1 0
246.14 0.285714 0.285714 1 1 0
246.64 0.285714 0.285714 1 1 0
247.14 0.285714 0.285714 1 1 0
247.64 0.285714 0.285714 1 1 0
248.14 0.285714 0.285714 1 1 0
248.64 0.285714 0.285714 1 1 0
249.14 0.285714 0.285714 1 1 0
249.64 0.285714 0.285714 1 1 0
250.14 0.285714 0.285714 1 1 0
250.64 0.285714 0.285714 1 1 0
251.14 0.285714 0.285714 1 1 0
251.64 0.285714 0.285714 1 1 0
252.14 0.285714 0.285714 1 1 0
252.64 0.285714 0.285714 1 1 0
253.14 0.285714 0.285714 1 1 0
253.64 0.285714 0.285714 1 1 0
254.14 0.285714 0.285714 1 1 0
254.64 0.285714 0.285714 1 1 0
255.14 0.285714 0.285714 1 1 0
255.64 0.285714 0.285714 1 1 0
256.14 0.285714 0.285714 1 1 0
256.64 0.285714 0.285714 1 1 0
257.14 0.285714 0.285714 1 1 0
257.64 0.285714 0.285714 1 1 0
258.14 0.285714 0.285714 1 1 0
258.64 0.285714 0.285714 1 1 0
259.14 0.285714 0.285714 1 1 0
259.64 0.285714 0.285714 1 1 0
260.14 0.285714 0.285714 1 1 0
260.64 0.285714 0.285714 1 1 0
261.14 0.285714 0.285714 1 1 0
261.64 0.285714 0.285714 1 1 0
262.14 0.285714 0.285714 1 1 0
262.64 0.285714 0.285714 1 1 0
263.14 0.285714 0.285714 1 1 0
263.64 0.285714 0.285714 1 1 0
264.14 0.285714 0.285714 1 1 0
264.64 0.285714 0.285714 1 1 0
265.14 0.285714 0.285714 1 1 0
265.64 0.285714 0.285714 1 1 0
266.14 0.285714 0.285714 1 1 0
266.64 0.285714 0.285714 1 1 0
267.14 0.285714 0.285714 1 1 0
267.64 0.285714 0.285714 1 1 0
268.14 0.285714 0.285714 1 1 0
268.64 0.285714 0.285714 1 1 0
269.14 0.285714 0.285714 1 1 0
269.64 0.285714 0.285714 1 1 0
270.14 0.285714 0.285714 1 1 0
270.64 0.285714 0.285714 1 1 0
271.14 0.285714 0.285714 1 1 0
271.64 0.285714 0.285714 1 1 0
272.14 0.285714 0.285714 1 1 0
272.64 0.285714 0.285714 1 1 0
273.14 0.285714 0.285714 1 1 0
273.64 0.285714 0.285714 1 1 0
274.14 0.285714 0.285714 1 1 0
274.64 0.285714 0.285714 1 1 0
275.14 0.285714 0.285714 1 1 0
275.64 0.285714 0.285714 1 1 0
276.14 0.285714 0.285714 1 1 0
276.64 0.285714 0.285714 1 1 0
277.14 0.285714 0.285714 1 1 0
277.64 0.285714 0.285714 1 1 0
278.14 0.285714 0.285714 1 1 0
278.64 0.285714 0.285714 1 1 0
279.14 0.285714 0.285714 1 1 0
279.64 0.285714 0.285714 1 1 0
280.14 0.285714 0.285714 1 1 0
280.64 0.285714 0.285714 1 1 0
281.14 0.285714 0.285714 1 1 0
281.64 0.285714 0.285714 1 1 0
282.14 0.285714 0.285714 1 1 0
282.64 0.285714 0.285714 1 1 0
283.14 0.285714 0.285714 1 1 0
283.64 0.285714 0.285714 1 1 0
284.14 0.285714 0.285714 1 1 0
284.64 0.285714 0.285714 1 1 0
285.14 0.285714 0.285714 1 1 0
285.64 0.285714 0.285714 1 1 0
286.14 0.285714 0.285714 1 1 0
286.64 0.285714 0.285714 1 1 0
287.14 0.285714 0.285714 1 1 0
287.64 0.285714 0.285714 1 1 0
288.14 0.285714 0.285714 1 1 0
288.64 0.285714 0.285714 1 1 0
289.14 0.285714 0.285714 1 1 0
289.64 0.285714 0.285714 1 1 0
290.14 0.285714 0.285714 1 1 0
290.64 0.285714 0.285714 1 1 0
291.14 0.285714 0.285714 1 1 0
291.64 0.285714 0.285714 1 1 0
292.14 0.285714 0.285714 1 1 0
292.64 0.285714 0.285714 1 1 0
293.14 0.285714 0.285714 1 1 0
293.64 0.285714 0.285714 1 1 0
294.14 0.285714 0.285714 1 1 0
294.64 0.285714 0.285714 1 1 0
295.14 0.285714 0.285714 1 1 0
295.64 0.285714 0.285714 1 1 0
296.14 0.285714 0.285714 1 1 0
296.64 0.285714 0.285714 1 1 0
297.14 0.285714 0.285714 1 1 0
297.64 0.285714 0.285714 1 1 0
200 0.285714 0.285714 2 1 0
199.96 0.285714 0.285714 1 1 0
199.92 0.285714 0.285714 1 1 0
199.84 0.285714 0.285714 1 1 0
199.74 0.285714 0.285714 1 1 0
199.64 0.285714 0.285714 1 1 0
199.54 0.285714 0.285714 1 1 0
199.44 0.285714 0.285714 1 1 0
199.34 0.285714 0.285714 1 1 0
199.24 0.285714 0.285714 1 1 0
199.14 0.285714 0.285714 1 1 0
199.04 0.285714 0.285714 1 1 0
198.94 0.285714 0.285714 1 1 0
198.84 0.285714 0.285714 1 1 0
198.74 0.285714 0.285714 1 1 0
198.64 0.285714 0.285714 1 1 0
198.54 0.285714 0.285714 1 1 0
198.44 0.285714 0.285714 1 1 0
198.34 0.285714 0.285714 1 1 0
198.24 0.285714 0.285714 1 1 0
198.14 0.285714 0.285714 1 1 0
198.04 0.285714 0.285714 1 1 0
197.94 0.285714 0.285714 1 1 0
197.84 0.285714 0.285714 1 1 0
197.74 0.285714 0.285714 1 1 0
197.64 0.285714 0.285714 1 1 0
197.54 0.285714 0.285714 1 1 0
197.44 0.285714 0.285714 1 1 0
197.34 0.285714 0.285714 1 1 0
197.24 0.285714 0.285714 1 1 0
197.14 0.285714 0.285714 1 1 0
197.04 0.285714 0.285714 1 1 0
196.94 0.285714 0.285714 1 1 0
196.84 0.285714 0.285714 1 1 0
196.74 0.285714 0.285714 1 1 0
196.64 0.285714 0.285714 1 1 0
196.54 0.285714 0.285714 1 1 0
196.44 0.285714 0.285714 1 1 0
196.34 0.285714 0.285714 1 1 0
196.24 0.285714 0.285714 1 1 0
196.14 0.285714 0.285714 1 1 0
196.04 0.285714 0.285714 1 1 0
195.94 0.285714 0.285714 1 1 0
195.84 0.285714 0.285714 1 1 0
195.74 0.285714 0.285714 1 1 0
195.64 0.285714 0.285714 1 1 0
195.54 0.285714 0.285714 1 1 0
195.44 0.285714 0.285714 1 1 0
195.34 0.285714 0.285714 1 1 0
195.24 0.285714 0.285714 1 1 0
195.14 0.285714 0.285714 1 1 0
195.04 0.285714 0.285714 1 1 0
194.94 0.285714 0.285714 1 1 0
194.84 0.285714 0.285714 1 1 0
194.74 0.285714 0.285714 1 1 0
194.64 0.285714 0.285714 1 1 0
194.54 0.285714 0.285714 1 1 0
194.44 0.285714 0.285714 1 1 0
194.34 0.285714 0.285714 1 1 0
194.24 0.285714 0.285714 1 1 0
194.14 0.285714 0.285714 1 1 0
194.04 0.285714 0.285714 1 1 0
193.94 0.285714 0.285714 1 1 0
193.84 0.285714 0.285714 1 1 0
193.74 0.285714 0.285714 1 1 0
193.64 0.285714 0.285714 1 1 0
193.54 0.285714 0.285714 1 1 0
193.44 0.285714 0.285714 1 1 0
193.34 0.285714 0.285714 1 1 0
193.24 0.285714 0.285714 1 1 0
193.14 0.285714 0.285714 1 1 0
193.04 0.285714 0.285714 1 1 0
192.94 0.285714 0.285714 1 1 0
192.84 0.285714 0.285714 1 1 0
192.74 0.285714 0.285714 1 1 0
192.64 0.285714 0.285714 1 1 0
192.54 0.285714 0.285714 1 1 0
192.44 0.285714 0.285714 1 1 0
192.34 0.285714 0.285714 1 1 0
192.24 0.285714 0.285714 1 1 0
192.14 0.285714 0.285714 1 1 0
192.04 0.285714 0.285714 1 1 0
191.94 0.285714 0.285714 1 1 0
191.84 0.285714 0.285714 1 1 0
191.74 0.285714 0.285714 1 1 0
191.64 0.285714 0.285714 1 1 0
191.54 0.285714 0.285714 1 1 0
191.44 0.285714 0.285714 1 1 0
191.34 0.285714 0.285714 1 1 0
191.24 0.285714 0.285714 1 1 0
191.14 0.285714 0.285714 1 1 0
191.04 0.285714 0.285714 1 1 0
190.94 0.285714 0.285714 1 1 0
190.84 0.285714 0.285714 1 1 0
190.74 0.285714 0.285714 1 1 0
190.64 0.285714 0.285714 1 1 0
190.54 0.285714 0.285714 1 1 0
190.44 0.285714 0.285714 1 1 0
190.34 0.285714 0.285714 1 1 0
190.24 0.285714 0.285714 1 1 0
190.14 0.285714 0.285714 1 1 0
190.04 0.285714 0.285714 1 1 0
189.94 0.285714 0.285714 1 1 0
189.84 0.285714 0.285714 1 1 0
189.74 0.285714 0.285714 1 1 0
189.64 0.285714 0.285714 1 1 0
189.54 0.285714 0.285714 1 1 0
189.44 0.285714 0.285714 1 1 0
189.34 0.285714 0.285714 1 1 0
189.24 0.285714 0.285714 1 1 0
189.14 0.285714 0.285714 1 1 0
189.04 0.285714 0.285714 1 1 0
188.94 0.285714 0.285714 1 1 0
188.84 0.285714 0.285714 1 1 0
188.74 0.285714 0.285714 1 1 0
188.64 0.285714 0.285714 1 1 0
188.54 0.285714 0.285714 1 1 0
188.44 0.285714 0.285714 1 1 0
188.34 0.285714 0.285714 1 1 0
188.24 0.285714 0.285714 1 1 0
188.14 0.285714 0.285714 1 1 0
188.04 0.285714 0.285714 1 1 0
187.94 0.285714 0.285714 1 1 0
187.84 0.285714 0.285714 1 1 0
187.74 0.285714 0.285714 1 1 0
187.64 0.285714 0.285714 1 1 0
187.54 0.285714 0.285714 1 1 0
187.44 0.285714 0.285714 1 1 0
187.34 0.285714 0.285714 1 1 0
187.24 0.285714 0.285714 1 1 0
187.14 0.285714 0.285714 1 1 0
187.04 0.285714 0.285714 1 1 0
186.94 0.285714 0.285714 1 1 0
186.84 0.285714 0.285714 1 1 0
186.74 0.285714 0.285714 1 1 0
186.64 0.285714 0.285714 1 1 0
186.54 0.285714 0.285714 1 1 0
186.44 0.285714 0.285714 1 1 0
186.34 0.285714 0.285714 1 1 0
186.24 0.285714 0.285714 1 1 0
186.14 0.285714 0.285714 1 1 0
186.04 0.285714 0.285714 1 1 0
185.94 0.285714 0.285714 1 1 0
185.84 0.285714 0.285714 1 1 0
185.74 0.285714 0.285714 1 1 0
185.64 0.285714 0.285714 1 1 0
185.54 0.285714 0.285714 1 1 0
185.44 0.285714 0.285714 1 1 0
185.34 0.285714 0.285714 1 1 0
185.24 0.285714 0.285714 1 1 0
185.14 0.285714 0.285714 1 1 0
185.04 0.285714 0.285714 1 1 0
184.94 0.285714 0.285714 1 1 0
184.84 0.285714 0.285714 1 1 0
184.74 0.285714 0.285714 1 1 0
184.64 0.285714 0.285714 1 1 0
184.54 0.285714 0.285714 1 1 0
184.44 0.285714 0.285714 1 1 0
184.34 0.285714 0.285714 1 1 0
184.24 0.285714 0.285714 1 1 0
184.14 0.285714 0.285714 1 1 0
184.04 0.285714 0.285714 1 1 0
183.94 0.285714 0.285714 1 1 0
183.84 0.285714 0.285714 1 1 0
183.74 0.285714 0.285714 1 1 0
183.64 0.285714 0.285714 1 1 0
183.54 0.285714 0.285714 1 1 0
183.44 0.285714 0.285714 1 1 0
183.34 0.285714 0.285714 1 1 0
183.24 0.285714 0.285714 1 1 0
183.14 0.285714 0.285714 1 1 0
183.04 0.285714 0.285714 1 1 0
182.94 0.285714 0.285714 1 1 0
182.84 0.285714 0.285714 1 1 0
182.74 0.285714 0.285714 1 1 0
182.64 0.285714 0.285714 1 1 0
182.54 0.285714 0.285714 1 1 0
182.44 0.285714 0.285714 1 1 0
182.34 0.285714 0.285714 1 1 0
182.24 0.285714 0.285714 1 1 0
182.14 0.285714 0.285714 1 1 0
182.04 0.285714 0.285714 1 1 0
181.94 0.285714 0.285714 1 1 0
181.84 0.285714 0.285714 1 1 0
181.74 0.285714 0.285714 1 1 0
181.64 0.285714 0.285714 1 1 0
181.54 0.285714 0.285714 1 1 0
181.44 0.285714 0.285714 1 1 0
181.34 0.285714 0.285714 1 1 0
181.24 0.285714 0.285714 1 1 0
181.14 0.285714 0.285714 1 1 0
181.04 0.285714 0.285714 1 1 0
180.94 0.285714 0.285714 1 1 0
180.84 0.285714 0.285714 1 1 0
180.74 0.285714 0.285714 1 1 0
180.64 0.285714 0.285714 1 1 0
180.54 0.285714 0.285714 1 1 0
180.44 0.285714 0.285714 1 1 0
180.34 0.285714 0.285714 1 1 0
180.24 0.285714 0.285714 1 1 0
180.24 0.285714 0.285714 2 1 0
180.2 0.285714 0.285714 1 1 0
180.16 0.285714 0.285714 1 1 0
180.08 0.285714 0.285714 1 1 0
179.98 0.285714 0.285714 1 1 0
179.88 0.285714 0.285714 1 1 0
179.78 0.285714 0.285714 1 1 0
179.68 0.285714 0.285714 1 1 0
179.58 0.285714 0.285714 1 1 0
179.48 0.285714 0.285714 1 1 0
179.38 0.285714 0.285714 1 1 0
179.28 0.285714 0.285714 1 1 0
179.18 0.285714 0.285714 1 1 0
179.08 0.285714 0.285714 1 1 0
178.98 0.285714 0.285714 1 1 0
178.88 0.285714 0.285714 1 1 0
178.78 0.285714 0.285714 1 1 0
178.68 0.285714 0.285714 1 1 0
178.58 0.285714 0.285714 1 1 0
178.48 0.285714 0.285714 1 1 0
178.38 0.285714 0.285714 1 1 0
178.28 0.285714 0.285714 1 1 0
178.18 0.285714 0.285714 1 1 0
178.08 0.285714 0.285714 1 1 0
177.98 0.285714 0.285714 1 1 0
177.88 0.285714 0.285714 1 1 0
177.78 0.285714 0.285714 1 1 0
177.68 0.285714 0.285714 1 1 0
177.58 0.285714 0.285714 1 1 0
177.48 0.285714 0.285714 1 1 0
177.38 0.285714 0.285714 1 1 0
177.28 0.285714 0.285714 1 1 0
177.18 0.285714 0.285714 1 1 0
177.08 0.285714 0.285714 1 1 0
176.98 0.285714 0.285714 1 1 0
176.88 0.285714 0.285714 1 1 0
176.78 0.285714 0.285714 1 1 0
176.68 0.285714 0.285714 1 1 0
176.58 0.285714 0.285714 1 1 0
176.48 0.285714 0.285714 1 1 0
176.38 0.285714 0.285714 1 1 0
176.28 0.285714 0.285714 1 1 0
176.18 0.285714 0.285714 1 1 0
176.08 0.285714 0.285714 1 1 0
175.98 0.285714 0.285714 1 1 0
175.88 0.285714 0.285714 1 1 0
175.78 0.285714 0.285714 1 1 0
175.68 0.285714 0.285714 1 1 0
175.58 0.285714 0.285714 1 1 0
175.48 0.285714 0.285714 1 1 0
175.38 0.285714 0.285714 1 1 0
175.28 0.285714 0.285714 1 1 0
175.18 0.285714 0.285714 1 1 0
175.08 0.285714 0.285714 1 1 0
174.98 0.285714 0.285714 1 1 0
174.88 0.285714 0.285714 1 1 0
174.78 0.285714 0.285714 1 1 0
174.68 0.285714 0.285714 1 1 0
174.58 0.285714 0.285714 1 1 0
174.48 0.285714 0.285714 1 1 0
174.38 0.285714 0.285714 1 1 0
174.28 0.285714 0.285714 1 1 0
174.18 0.285714 0.285714 1 1 0
174.08 0.285714 0.285714 1 1 0
173.98 0.285714 0.285714 1 1 0
173.88 0.285714 0.285714 1 1 0
173.78 0.285714 0.285714 1 1 0
173.68 0.285714 0.285714 1 1 0
173.58 0.285714 0.285714 1 1 0
173.48 0.285714 0.285714 1 1 0
173.38 0.285714 0.285714 1 1 0
173.28 0.285714 0.285714 1 1 0
173.18 0.285714 0.285714 1 1 0
173.08 0.285714 0.285714 1 1 0
172.98 0.285714 0.285714 1 1 0
172.88 0.285714 0.285714 1 1 0
172.78 0.285714 0.285714 1 1 0
172.68 0.285714 0.285714 1 1 0
172.58 0.285714 0.285714 1 1 0
172.48 0.285714 0.285714 1 1 0
172.38 0.285714 0.285714 1 1 0
172.28 0.285714 0.285714 1 1 0
172.18 0.285714 0.285714 1 1 0
172.08 0.285714 0.285714 1 1 0
171.98 0.285714 0.285714 1 1 0
171.88 0.285714 0.285714 1 1 0
171.78 0.285714 0.285714 1 1 0
171.68 0.285714 0.285714 1 1 0
171.58 0.285714 0.285714 1 1 0
171.48 0.285714 0.285714 1 1 0
171.38 0.285714 0.285714 1 1 0
171.28 0.285714 0.285714 1 1 0
171.18 0.285714 0.285714 1 1 0
171.08 0.285714 0.285714 1 1 0
170.98 0.285714 0.285714 1 1 0
170.88 0.285714 0.285714 1 1 0
170.78 0.285714 0.285714 1 1 0
170.68 0.285714 0.285714 1 1 0
170.58 0.285714 0.285714 1 1 0
170.48 0.285714 0.285714 1 1 0
170.38 0.285714 0.285714 1 1 0
170.28 0.285714 0.285714 1 1 0
170.18 0.285714 0.285714 1 1 0
170.08 0.285714 0.285714 1 1 0
169.98 0.285714 0.285714 1 1 0
169.88 0.285714 0.285714 1 1 0
169.78 0.285714 0.285714 1 1 0
169.68 0.285714 0.285714 1 1 0
169.58 0.285714 0.285714 1 1 0
169.48 0.285714 0.285714 1 1 0
169.38 0.285714 0.285714 1 1 0
169.28 0.285714 0.285714 1 1 0
169.18 0.285714 0.285714 1 1 0
169.08 0.285714 0.285714 1 1 0
168.98 0.285714 0.285714 1 1 0
168.88 0.285714 0.285714 1 1 0
168.78 0.285714 0.285714 1 1 0
168.68 0.285714 0.285714 1 1 0
168.58 0.285714 0.285714 1 1 0
168.48 0.285714 0.285714 1 1 0
168.38 0.285714 0.285714 1 1 0
168.28 0.285714 0.285714 1 1 0
168.18 0.285714 0.285714 1 1 0
168.08 0.285714 0.285714 1 1 0
167.98 0.285714 0.285714 1 1 0
167.88 0.285714 0.285714 1 1 0
167.78 0.285714 0.285714 1 1 0
167.68 0.285714 0.285714 1 1 0
167.58 0.285714 0.285714 1 1 0
167.48 0.285714 0.285714 1 1 0
167.38 0.285714 0.285714 1 1 0
167.28 0.285714 0.285714 1 1 0
167.18 0.285714 0.285714 1 1 0
167.08 0.285714 0.285714 1 1 0
166.98 0.285714 0.285714 1 1 0
166.88 0.285714 0.285714 1 1 0
166.78 0.285714 0.285714 1 1 0
166.68 0.285714 0.285714 1 1 0
166.58 0.285714 0.285714 1 1 0
166.48 0.285714 0.285714 1 1 0
166.38 0.285714 0.285714 1 1 0
166.28 0.285714 0.285714 1 1 0
166.18 0.285714 0.285714 1 1 0
166.08 0.285714 0.285714 1 1 0
165.98 0.285714 0.285714 1 1 0
165.88 0.285714 0.285714 1 1 0
165.78 0.285714 0.285714 1 1 0
165.68 0.285714 0.285714 1 1 0
165.58 0.285714 0.285714 1 1 0
165.48 0.285714 0.285714 1 1 0
165.38 0.285714 0.285714 1 1 0
165.28 0.285714 0.285714 1 1 0
165.18 0.285714 0.285714 1 1 0
165.08 0.285714 0.285714 1 1 0
164.98 0.285714 0.285714 1 1 0
164.88 0.285714 0.285714 1 1 0
164.78 0.285714 0.285714 1 1 0
164.68 0.285714 0.285714 1 1 0
164.58 0.285714 0.285714 1 1 0
164.48 0.285714 0.285714 1 1 0
164.38 0.285714 0.285714 1 1 0
164.28 0.285714 0.285714 1 1 0
164.18 0.285714 0.285714 1 1 0
164.08 0.285714 0.285714 1 1 0
163.98 0.285714 0.285714 1 1 0
163.88 0.285714 0.285714 1 1 0
163.78 0.285714 0.285714 1 1 0
163.68 0.285714 0.285714 1 1 0
163.58 0.285714 0.285714 1 1 0
163.48 0.285714 0.285714 1 1 0
163.38 0.285714 0.285714 1 1 0
163.28 0.285714 0.285714 1 1 0
163.18 0.285714 0.285714 1 1 0
163.08 0.285714 0.285714 1 1 0
162.98 0.285714 0.285714 1 1 0
162.88 0.285714 0.285714 1 1 0
162.78 0.285714 0.285714 1 1 0
162.68 0.285714 0.285714 1 1 0
162.58 0.285714 0.285714 1 1 0
162.48 0.285714 0.285714 1 1 0
162.38 0.285714 0.285714 1 1 0
162.28 0.285714 0.285714 1 1 0
162.18 0.285714 0.285714 1 1 0
162.08 0.285714 0.285714 1 1 0
161.98 0.285714 0.285714 1 1 0
161.88 0.285714 0.285714 1 1 0
161.78 0.285714 0.285714 1 1 0
161.68 0.285714 0.285714 1 1 0
161.58 0.285714 0.285714 1 1 0
161.48 0.285714 0.285714 1 1 0
161.38 0.285714 0.285714 1 1 0
161.28 0.285714 0.285714 1 1 0
161.18 0.285714 0.285714 1 1 0
161.08 0.285714 0.285714 1 1 0
160.98 0.285714 0.285714 1 1 0
160.88 0.285714 0.285714 1 1 0
160.78 0.285714 0.285714 1 1 0
160.68 0.285714 0.285714 1 1 0
160.58 0.285714 0.285714 1 1 0
160.48 0.285714 0.285714 1 1 0
160.48 0.285714 0.285714 2 1 0
160.44 0.285714 0.285714 1 1 0
160.4 0.285714 0.285714 1 1 0
160.32 0.285714 0.285714 1 1 0
160.22 0.285714 0.285714 1 1 0
160.12 0.285714 0.285714 1 1 0
160.02 0.285714 0.285714 1 1 0
159.92 0.285714 0.285714 1 1 0
159.82 0.285714 0.285714 1 1 0
159.72 0.285714 0.285714 1 1 0
159.62 0.285714 0.285714 1 1 0
159.52 0.285714 0.285714 1 1 0
159.42 0.285714 0.285714 1 1 0
159.32 0.285714 0.285714 1 1 0
159.22 0.285714 0.285714 1 1 0
159.12 0.285714 0.285714 1 1 0
159.02 0.285714 0.285714 1 1 0
158.92 0.285714 0.285714 1 1 0
158.82 0.285714 0.285714 1 1 0
158.72 0.285714 0.285714 1 1 0
158.62 0.285714 0.285714 1 1 0
158.52 0.285714 0.285714 1 1 0
158.42 0.285714 0.285714 1 1 0
158.32 0.285714 0.285714 1 1 0
158.22 0.285714 0.285714 1 1 0
158.12 0.285714 0.285714 1 1 0
158.02 0.285714 0.285714 1 1 0
157.92 0.285714 0.285714 1 1 0
157.82 0.285714 0.285714 1 1 0
157.72 0.285714 0.285714 1 1 0
157.62 0.285714 0.285714 1 1 0
157.52 0.285714 0.285714 1 1 0
157.42 0.285714 0.285714 1 1 0
157.32 0.285714 0.285714 1 1 0
157.22 0.285714 0.285714 1 1 0
157.12 0.285714 0.285714 1 1 0
157.02 0.285714 0.285714 1 1 0
156.92 0.285714 0.285714 1 1 0
156.82 0.285714 0.285714 1 1 0
156.72 0.285714 0.285714 1 1 0
156.62 0.285714 0.285714 1 1 0
156.52 0.285714 0.285714 1 1 0
156.42 0.285714 0.285714 1 1 0
156.32 0.285714 0.285714 1 1 0
156.22 0.285714 0.285714 1 1 0
156.12 0.285714 0.285714 1 1 0
156.02 0.285714 0.285714 1 1 0
155.92 0.285714 0.285714 1 1 0
155.82 0.285714 0.285714 1 1 0
155.72 0.285714 0.285714 1 1 0
155.62 0.285714 0.285714 1 1 0
155.52 0.285714 0.285714 1 1 0
155.42 0.285714 0.285714 1 1 0
155.32 0.285714 0.285714 1 1 0
155.22 0.285714 0.285714 1 1 0
155.12 0.285714 0.285714 1 1 0
155.02 0.285714 0.285714 1 1 0
154.92 0.285714 0.285714 1 1 0
154.82 0.285714 0.285714 1 1 0
154.72 0.285714 0.285714 1 1 0
154.62 0.285714 0.285714 1 1 0
154.52 0.285714 0.285714 1 1 0
154.42 0.285714 0.285714 1 1 0
154.32 0.285714 0.285714 1 1 0
154.22 0.285714 0.285714 1 1 0
154.12 0.285714 0.285714 1 1 0
154.02 0.285714 0.285714 1 1 0
153.92 0.285714 0.285714 1 1 0
153.82 0.285714 0.285714 1 1 0
153.72 0.285714 0.285714 1 1 0
153.62 0.285714 0.285714 1 1 0
153.52 0.285714 0.285714 1 1 0
153.42 0.285714 0.285714 1 1 0
153.32 0.285714 0.285714 1 1 0
153.22 0.285714 0.285714 1 1 0
153.12 0.285714 0.285714 1 1 0
153.02 0.285714 0.285714 1 1 0
152.92 0.285714 0.285714 1 1 0
152.82 0.285714 0.285714 1 1 0
152.72 0.285714 0.285714 1 1 0
152.62 0.285714 0.285714 1 1 0
152.52 0.285714 0.285714 1 1 0
152.42 0.285714 0.285714 1 1 0
152.32 0.285714 0.285714 1 1 0
152.22 0.285714 0.285714 1 1 0
152.12 0.285714 0.285714 1 1 0
152.02 0.285714 0.285714 1 1 0
151.92 0.285714 0.285714 1 1 0
151.82 0.285714 0.285714 1 1 0
151.72 0.285714 0.285714 1 1 0
151.62 0.285714 0.285714 1 1 0
151.52 0.285714 0.285714 1 1 0
151.42 0.285714 0.285714 1 1 0
151.32 0.285714 0.285714 1 1 0
151.22 0.285714 0.285714 1 1 0
151.12 0.285714 0.285714 1 1 0
151.02 0.285714 0.285714 1 1 0
150.92 0.285714 0.285714 1 1 0
150.82 0.285714 0.285714 1 1 0
150.72 0.285714 0.285714 1 1 0
150.62 0.285714 0.285714 1 1 0
150.52 0.285714 0.285714 1 1 0
150.42 0.285714 0.285714 1 1 0
150.32 0.285714 0.285714 1 1 0
150.22 0.285714 0.285714 1 1 0
150.12 0.285714 0.285714 1 1 0
150.02 0.285714 0.285714 1 1 0
149.92 0.285714 0.285714 1 1 0
149.82 0.285714 0.285714 1 1 0
149.72 0.285714 0.285714 1 1 0
149.62 0.285714 0.285714 1 1 0
149.52 0.285714 0.285714 1 1 0
149.42 0.285714 0.285714 1 1 0
149.32 0.285714 0.285714 1 1 0
149.22 0.285714 0.285714 1 1 0
149.12 0.285714 0.285714 1 1 0
149.02 0.285714 0.285714 1 1 0
148.92 0.285714 0.285714 1 1 0
148.82 0.285714 0.285714 1 1 0
148.72 0.285714 0.285714 1 1 0
148.62 0.285714 0.285714 1 1 0
148.52 0.285714 0.285714 1 1 0
148.42 0.285714 0.285714 1 1 0
148.32 0.285714 0.285714 1 1 0
148.22 0.285714 0.285714 1 1 0
148.12 0.285714 0.285714 1 1 0
148.02 0.285714 0.285714 1 1 0
147.92 0.285714 0.285714 1 1 0
147.82 0.285714 0.285714 1 1 0
147.72 0.285714 0.285714 1 1 0
147.62 0.285714 0.285714 1 1 0
147.52 0.285714 0.285714 1 1 0
147.42 0.285714 0.285714 1 1 0
147.32 0.285714 0.285714 1 1 0
147.22 0.285714 0.285714 1 1 0
147.12 0.285714 0.285714 1 1 0
147.02 0.285714 0.285714 1 1 0
146.92 0.285714 0.285714 1 1 0
146.82 0.285714 0.285714 1 1 0
146.72 0.285714 0.285714 1 1 0
146.62 0.285714 0.285714 1 1 0
146.52 0.285714 0.285714 1 1 0
146.42 0.285714 0.285714 1 1 0
146.32 0.285714 0.285714 1 1 0
146.22 0.285714 0.285714 1 1 0
146.12 0.285714 0.285714 1 1 0
146.02 0.285714 0.285714 1 1 0
145.92 0.285714 0.285714 1 1 0
145.82 0.285714 0.285714 1 1 0
145.72 0.285714 0.285714 1 1 0
145.62 0.285714 0.285714 1 1 0
145.52 0.285714 0.285714 1 1 0
145.42 0.285714 0.285714 1 1 0
145.32 0.285714 0.285714 1 1 0
145.22 0.285714 0.285714 1 1 0
145.12 0.285714 0.285714 1 1 0
145.02 0.285714 0.285714 1 1 0
144.92 0.285714 0.285714 1 1 0
144.82 0.285714 0.285714 1 1 0
144.72 0.285714 0.285714 1 1 0
144.62 0.285714 0.285714 1 1 0
144.52 0.285714 0.285714 1 1 0
144.42 0.285714 0.285714 1 1 0
144.32 0.285714 0.285714 1 1 0
144.22 0.285714 0.285714 1 1 0
144.12 0.285714 0.285714 1 1 0
144.02 0.285714 0.285714 1 1 0
143.92 0.285714 0.285714 1 1 0
143.82 0.285714 0.285714 1 1 0
143.72 0.285714 0.285714 1 1 0
143.62 0.285714 0.285714 1 1 0
143.52 0.285714 0.285714 1 1 0
143.42 0.285714 0.285714 1 1 0
143.32 0.285714 0.285714 1 1 0
143.22 0.285714 0.285714 1 1 0
143.12 0.285714 0.285714 1 1 0
143.02 0.285714 0.285714 1 1 0
142.92 0.285714 0.285714 1 1 0
142.82 0.285714 0.285714 1 1 0
142.72 0.285714 0.285714 1 1 0
142.62 0.285714 0.285714 1 1 0
142.52 0.285714 0.285714 1 1 0
142.42 0.285714 0.285714 1 1 0
142.32 0.285714 0.285714 1 1 0
142.22 0.285714 0.285714 1 1 0
142.12 0.285714 0.285714 1 1 0
142.02 0.285714 0.285714 1 1 0
141.92 0.285714 0.285714 1 1 0
141.82 0.285714 0.285714 1 1 0
141.72 0.285714 0.285714 1 1 0
141.62 0.285714 0.285714 1 1 0
141.52 0.285714 0.285714 1 1 0
141.42 0.285714 0.285714 1 1 0
141.32 0.285714 0.285714 1 1 0
141.22 0.285714 0.285714 1 1 0
141.12 0.285714 0.285714 1 1 0
141.02 0.285714 0.285714 1 1 0
140.92 0.285714 0.285714 1 1 0
140.82 0.285714 0.285714 1 1 0
140.72 0.285714 0.285714 1 1 0
140.72 0.285714 0.285714 2 1 0
140.68 0.285714 0.285714 1 1 0
140.64 0.285714 0.285714 1 1 0
140.56 0.285714 0.285714 1 1 0
140.46 0.285714 0.285714 1 1 0
140.36 0.285714 0.285714 1 1 0
140.26 0.285714 0.285714 1 1 0
140.16 0.285714 0.285714 1 1 0
140.06 0.285714 0.285714 1 1 0
139.96 0.285714 0.285714 1 1 0
139.86 0.285714 0.285714 1 1 0
139.76 0.285714 0.285714 1 1 0
139.66 0.285714 0.285714 1 1 0
139.56 0.285714 0.285714 1 1 0
139.46 0.285714 0.285714 1 1 0
139.36 0.285714 0.285714 1 1 0
139.26 0.285714 0.285714 1 1 0
139.16 0.285714 0.285714 1 1 0
139.06 0.285714 0.285714 1 1 0
138.96 0.285714 0.285714 1 1 0
138.86 0.285714 0.285714 1 1 0
138.76 0.285714 0.285714 1 1 0
138.66 0.285714 0.285714 1 1 0
138.56 0.285714 0.285714 1 1 0
138.46 0.285714 0.285714 1 1 0
138.36 0.285714 0.285714 1 1 0
138.26 0.285714 0.285714 1 1 0
138.16 0.285714 0.285714 1 1 0
138.06 0.285714 0.285714 1 1 0
137.96 0.285714 0.285714 1 1 0
137.86 0.285714 0.285714 1 1 0
137.76 0.285714 0.285714 1 1 0
137.66 0.285714 0.285714 1 1 0
137.56 0.285714 0.285714 1 1 0
137.46 0.285714 0.285714 1 1 0
137.36 0.285714 0.285714 1 1 0
137.26 0.285714 0.285714 1 1 0
137.16 0.285714 0.285714 1 1 0
137.06 0.285714 0.285714 1 1 0
136.96 0.285714 0.285714 1 1 0
136.86 0.285714 0.285714 1 1 0
136.76 0.285714 0.285714 1 1 0
136.66 0.285714 0.285714 1 1 0
136.56 0.285714 0.285714 1 1 0
136.46 0.285714 0.285714 1 1 0
136.36 0.285714 0.285714 1 1 0
136.26 0.285714 0.285714 1 1 0
136.16 0.285714 0.285714 1 1 0
136.06 0.285714 0.285714 1 1 0
135.96 0.285714 0.285714 1 1 0
135.86 0.285714 0.285714 1 1 0
135.76 0.285714 0.285714 1 1 0
135.66 0.285714 0.285714 1 1 0
135.56 0.285714 0.285714 1 1 0
135.46 0.285714 0.285714 1 1 0
135.36 0.285714 0.285714 1 1 0
135.26 0.285714 0.285714 1 1 0
135.16 0.285714 0.285714 1 1 0
135.06 0.285714 0.285714 1 1 0
134.96 0.285714 0.285714 1 1 0
134.86 0.285714 0.285714 1 1 0
134.76 0.285714 0.285714 1 1 0
134.66 0.285714 0.285714 1 1 0
134.56 0.285714 0.285714 1 1 0
134.46 0.285714 0.285714 1 1 0
134.36 0.285714 0.285714 1 1 0
134.26 0.285714 0.285714 1 1 0
134.16 0.285714 0.285714 1 1 0
134.06 0.285714 0.285714 1 1 0
133.96 0.285714 0.285714 1 1 0
133.86 0.285714 0.285714 1 1 0
133.76 0.285714 0.285714 1 1 0
133.66 0.285714 0.285714 1 1 0
133.56 0.285714 0.285714 1 1 0
133.46 0.285714 0.285714 1 1 0
133.36 0.285714 0.285714 1 1 0
133.26 0.285714 0.285714 1 1 0
133.16 0.285714 0.285714 1 1 0
133.06 0.285714 0.285714 1 1 0
132.96 0.285714 0.285714 1 1 0
132.86 0.285714 0.285714 1 1 0
132.76 0.285714 0.285714 1 1 0
132.66 0.285714 0.285714 1 1 0
132.56 0.285714 0.285714 1 1 0
132.46 0.285714 0.285714 1 1 0
132.36 0.285714 0.285714 1 1 0
132.26 0.285714 0.285714 1 1 0
132.16 0.285714 0.285714 1 1 0
132.06 0.285714 0.285714 1 1 0
131.96 0.285714 0.285714 1 1 0
131.86 0.285714 0.285714 1 1 0
131.76 0.285714 0.285714 1 1 0
131.66 0.285714 0.285714 1 1 0
131.56 0.285714 0.285714 1 1 0
131.46 0.285714 0.285714 1 1 0
131.36 0.285714 0.285714 1 1 0
131.26 0.285714 0.285714 1 1 0
131.16 0.285714 0.285714 1 1 0
131.06 0.285714 0.285714 1 1 0
130.96 0.285714 0.285714 1 1 0
130.86 0.285714 0.285714 1 1 0
130.76 0.285714 0.285714 1 1 0
130.66 0.285714 0.285714 1 1 0
130.56 0.285714 0.285714 1 1 0
130.46 0.285714 0.285714 1 1 0
130.36 0.285714 0.285714 1 1 0
130.26 0.285714 0.285714 1 1 0
130.16 0.285714 0.285714 1 1 0
130.06 0.285714 0.285714 1 1 0
129.96 0.285714 0.285714 1 1 0
129.86 0.285714 0.285714 1 1 0
129.76 0.285714 0.285714 1 1 0
129.66 0.285714 0.285714 1 1 0
129.56 0.285714 0.285714 1 1 0
129.46 0.285714 0.285714 1 1 0
129.36 0.285714 0.285714 1 1 0
129.26 0.285714 0.285714 1 1 0
129.16 0.285714 0.285714 1 1 0
129.06 0.285714 0.285714 1 1 0
128.96 0.285714 0.285714 1 1 0
128.86 0.285714 0.285714 1 1 0
128.76 0.285714 0.285714 1 1 0
128.66 0.285714 0.285714 1 1 0
128.56 0.285714 0.285714 1 1 0
128.46 0.285714 0.285714 1 1 0
128.36 0.285714 0.285714 1 1 0
128.26 0.285714 0.285714 1 1 0
128.16 0.285714 0.285714 1 1 0
128.06 0.285714 0.285714 1 1 0
127.96 0.285714 0.285714 1 1 0
127.86 0.285714 0.285714 1 1 0
127.76 0.285714 0.285714 1 1 0
127.66 0.285714 0.285714 1 1 0
127.56 0.285714 0.285714 1 1 0
127.46 0.285714 0.285714 1 1 0
127.36 0.285714 0.285714 1 1 0
127.26 0.285714 0.285714 1 1 0
127.16 0.285714 0.285714 1 1 0
127.06 0.285714 0.285714 1 1 0
126.96 0.285714 0.285714 1 1 0
126.86 0.285714 0.285714 1 1 0
126.76 0.285714 0.285714 1 1 0
126.66 0.285714 0.285714 1 1 0
126.56 0.285714 0.285714 1 1 0
126.46 0.285714 0.285714 1 1 0
126.36 0.285714 0.285714 1 1 0
126.26 0.285714 0.285714 1 1 0
126.16 0.285714 0.285714 1 1 0
126.06 0.285714 0.285714 1 1 0
125.96 0.285714 0.285714 1 1 0
125.86 0.285714 0.285714 1 1 0
125.76 0.285714 0.285714 1 1 0
125.66 0.285714 0.285714 1 1 0
125.56 0.285714 0.285714 1 1 0
125.46 0.285714 0.285714 1 1 0
125.36 0.285714 0.285714 1 1 0
125.26 0.285714 0.285714 1 1 0
125.16 0.285714 0.285714 1 1 0
125.06 0.285714 0.285714 1 1 0
124.96 0.285714 0.285714 1 1 0
124.86 0.285714 0.285714 1 1 0
124.76 0.285714 0.285714 1 1 0
124.66 0.285714 0.285714 1 1 0
124.56 0.285714 0.285714 1 1 0
124.46 0.285714 0.285714 1 1 0
124.36 0.285714 0.285714 1 1 0
124.26 0.285714 0.285714 1 1 0
124.16 0.285714 0.285714 1 1 0
124.06 0.285714 0.285714 1 1 0
123.96 0.285714 0.285714 1 1 0
123.86 0.285714 0.285714 1 1 0
123.76 0.285714 0.285714 1 1 0
123.66 0.285714 0.285714 1 1 0
123.56 0.285714 0.285714 1 1 0
123.46 0.285714 0.285714 1 1 0
123.36 0.285714 0.285714 1 1 0
123.26 0.285714 0.285714 1 1 0
123.16 0.285714 0.285714 1 1 0
123.06 0.285714 0.285714 1 1 0
122.96 0.285714 0.285714 1 1 0
122.86 0.285714 0.285714 1 1 0
122.76 0.285714 0.285714 1 1 0
122.66 0.285714 0.285714 1 1 0
122.56 0.285714 0.285714 1 1 0
122.46 0.285714 0.285714 1 1 0
122.36 0.285714 0.285714 1 1 0
122.26 0.285714 0.285714 1 1 0
122.16 0.285714 0.285714 1 1 0
122.06 0.285714 0.285714 1 1 0
121.96 0.285714 0.285714 1 1 0
121.86 0.285714 0.285714 1 1 0
121.76 0.285714 0.285714 1 1 0
121.66 0.285714 0.285714 1 1 0
121.56 0.285714 0.285714 1 1 0
121.46 0.285714 0.285714 1 1 0
121.36 0.285714 0.285714 1 1 0
121.26 0.285714 0.285714 1 1 0
121.16 0.285714 0.285714 1 1 0
121.06 0.285714 0.285714 1 1 0
120.96 0.285714 0.285714 1 1 0
120.96 0.285714 0.285714 2 1 0
120.92 0.285714 0.285714 1 1 0
120.88 0.285714 0.285714 1 1 0
120.8 0.285714 0.285714 1 1 0
120.7 0.285714 0.285714 1 1 0
120.6 0.285714 0.285714 1 1 0
120.5 0.285714 0.285714 1 1 0
120.4 0.285714 0.285714 1 1 0
120.3 0.285714 0.285714 1 1 0
120.2 0.285714 0.285714 1 1 0
120.1 0.285714 0.285714 1 1 0
120 0.285714 0.285714 1 1 0
119.9 0.285714 0.285714 1 1 0
119.8 0.285714 0.285714 1 1 0
119.7 0.285714 0.285714 1 1 0
119.6 0.285714 0.285714 1 1 0
119.5 0.285714 0.285714 1 1 0
119.4 0.285714 0.285714 1 1 0
119.3 0.285714 0.285714 1 1 0
119.2 0.285714 0.285714 1 1 0
119.1 0.285714 0.285714 1 1 0
119 0.285714 0.285714 1 1 0
118.9 0.285714 0.285714 1 1 0
118.8 0.285714 0.285714 1 1 0
118.7 0.285714 0.285714 1 1 0
118.6 0.285714 0.285714 1 1 0
118.5 0.285714 0.285714 1 1 0
118.4 0.285714 0.285714 1 1 0
118.3 0.285714 0.285714 1 1 0
118.2 0.285714 0.285714 1 1 0
118.1 0.285714 0.285714 1 1 0
118 0.285714 0.285714 1 1 0
117.9 0.285714 0.285714 1 1 0
117.8 0.285714 0.285714 1 1 0
117.7 0.285714 0.285714 1 1 0
117.6 0.285714 0.285714 1 1 0
117.5 0.285714 0.285714 1 1 0
117.4 0.285714 0.285714 1 1 0
117.3 0.285714 0.285714 1 1 0
117.2 0.285714 0.285714 1 1 0
117.1 0.285714 0.285714 1 1 0
117 0.285714 0.285714 1 1 0
116.9 0.285714 0.285714 1 1 0
116.8 0.285714 0.285714 1 1 0
116.7 0.285714 0.285714 1 1 0
116.6 0.285714 0.285714 1 1 0
116.5 0.285714 0.285714 1 1 0
116.4 0.285714 0.285714 1 1 0
116.3 0.285714 0.285714 1 1 0
116.2 0.285714 0.285714 1 1 0
116.1 0.285714 0.285714 1 1 0
116 0.285714 0.285714 1 1 0
115.9 0.285714 0.285714 1 1 0
115.8 0.285714 0.285714 1 1 0
115.7 0.285714 0.285714 1 1 0
115.6 0.285714 0.285714 1 1 0
115.5 0.285714 0.285714 1 1 0
115.4 0.285714 0.285714 1 1 0
115.3 0.285714 0.285714 1 1 0
115.2 0.285714 0.285714 1 1 0
115.1 0.285714 0.285714 1 1 0
115 0.285714 0.285714 1 1 0
114.9 0.285714 0.285714 1 1 0
114.8 0.285714 0.285714 1 1 0
114.7 0.285714 0.285714 1 1 0
114.6 0.285714 0.285714 1 1 0
114.5 0.285714 0.285714 1 1 0
114.4 0.285714 0.285714 1 1 0
114.3 0.285714 0.285714 1 1 0
114.2 0.285714 0.285714 1 1 0
114.1 0.285714 0.285714 1 1 0
114 0.285714 0.285714 1 1 0
113.9 0.285714 0.285714 1 1 0
113.8 0.285714 0.285714 1 1 0
113.7 0.285714 0.285714 1 1 0
113.6 0.285714 0.285714 1 1 0
113.5 0.285714 0.285714 1 1 0
113.4 0.285714 0.285714 1 1 0
113.3 0.285714 0.285714 1 1 0
113.2 0.285714 0.285714 1 1 0
113.1 0.285714 0.285714 1 1 0
113 0.285714 0.285714 1 1 0
112.9 0.285714 0.285714 1 1 0
112.8 0.285714 0.285714 1 1 0
112.7 0.285714 0.285714 1 1 0
112.6 0.285714 0.285714 1 1 0
112.5 0.285714 0.285714 1 1 0
112.4 0.285714 0.285714 1 1 0
112.3 0.285714 0.285714 1 1 0
112.2 0.285714 0.285714 1 1 0
112.1 0.285714 0.285714 1 1 0
112 0.285714 0.285714 1 1 0
111.9 0.285714 0.285714 1 1 0
111.8 0.285714 0.285714 1 1 0
111.7 0.285714 0.285714 1 1 0
111.6 0.285714 0.285714 1 1 0
111.5 0.285714 0.285714 1 1 0
111.4 0.285714 0.285714 1 1 0
111.3 0.285714 0.285714 1 1 0
111.2 0.285714 0.285714 1 1 0
111.1 0.285714 0.285714 1 1 0
111 0.285714 0.285714 1 1 0
110.9 0.285714 0.285714 1 1 0
110.8 0.285714 0.285714 1 1 0
110.7 0.285714 0.285714 1 1 0
110.6 0.285714 0.285714 1 1 0
110.5 0.285714 0.285714 1 1 0
110.4 0.285714 0.285714 1 1 0
110.3 0.285714 0.285714 1 1 0
110.2 0.285714 0.285714 1 1 0
110.1 0.285714 0.285714 1 1 0
110 0.285714 0.285714 1 1 0
109.9 0.285714 0.285714 1 1 0
109.8 0.285714 0.285714 1 1 0
109.7 0.285714 0.285714 1 1 0
109.6 0.285714 0.285714 1 1 0
109.5 0.285714 0.285714 1 1 0
109.4 0.285714 0.285714 1 1 0
109.3 0.285714 0.285714 1 1 0
109.2 0.285714 0.285714 1 1 0
109.1 0.285714 0.285714 1 1 0
109 0.285714 0.285714 1 1 0
108.9 0.285714 0.285714 1 1 0
108.8 0.285714 0.285714 1 1 0
108.7 0.285714 0.285714 1 1 0
108.6 0.285714 0.285714 1 1 0
108.5 0.285714 0.285714 1 1 0
108.4 0.285714 0.285714 1 1 0
108.3 0.285714 0.285714 1 1 0
108.2 0.285714 0.285714 1 1 0
108.1 0.285714 0.285714 1 1 0
108 0.285714 0.285714 1 1 0
107.9 0.285714 0.285714 1 1 0
107.8 0.285714 0.285714 1 1 0
107.7 0.285714 0.285714 1 1 0
107.6 0.285714 0.285714 1 1 0
107.5 0.285714 0.285714 1 1 0
107.4 0.285714 0.285714 1 1 0
107.3 0.285714 0.285714 1 1 0
107.2 0.285714 0.285714 1 1 0
107.1 0.285714 0.285714 1 1 0
107 0.285714 0.285714 1 1 0
106.9 0.285714 0.285714 1 1 0
106.8 0.285714 0.285714 1 1 0
106.7 0.285714 0.285714 1 1 0
106.6 0.285714 0.285714 1 1 0
106.5 0.285714 0.285714 1 1 0
106.4 0.285714 0.285714 1 1 0
106.3 0.285714 0.285714 1 1 0
106.2 0.285714 0.285714 1 1 0
106.1 0.285714 0.285714 1 1 0
106 0.285714 0.285714 1 1 0
105.9 0.285714 0.285714 1 1 0
105.8 0.285714 0.285714 1 1 0
105.7 0.285714 0.285714 1 1 0
105.6 0.285714 0.285714 1 1 0
105.5 0.285714 0.285714 1 1 0
105.4 0.285714 0.285714 1 1 0
105.3 0.285714 0.285714 1 1 0
105.2 0.285714 0.285714 1 1 0
105.1 0.285714 0.285714 1 1 0
105 0.285714 0.285714 1 1 0
104.9 0.285714 0.285714 1 1 0
104.8 0.285714 0.285714 1 1 0
104.7 0.285714 0.285714 1 1 0
104.6 0.285714 0.285714 1 1 0
104.5 0.285714 0.285714 1 1 0
104.4 0.285714 0.285714 1 1 0
104.3 0.285714 0.285714 1 1 0
104.2 0.285714 0.285714 1 1 0
104.1 0.285714 0.285714 1 1 0
104 0.285714 0.285714 1 1 0
103.9 0.285714 0.285714 1 1 0
103.8 0.285714 0.285714 1 1 0
103.7 0.285714 0.285714 1 1 0
103.6 0.285714 0.285714 1 1 0
103.5 0.285714 0.285714 1 1 0
103.4 0.285714 0.285714 1 1 0
103.3 0.285714 0.285714 1 1 0
103.2 0.285714 0.285714 1 1 0
103.1 0.285714 0.285714 1 1 0
103 0.285714 0.285714 1 1 0
102.9 0.285714 0.285714 1 1 0
102.8 0.285714 0.285714 1 1 0
102.7 0.285714 0.285714 1 1 0
102.6 0.285714 0.285714 1 1 0
102.5 0.285714 0.285714 1 1 0
102.4 0.285714 0.285714 1 1 0
102.3 0.285714 0.285714 1 1 0
102.2 0.285714 0.285714 1 1 0
102.1 0.285714 0.285714 1 1 0
102 0.285714 0.285714 1 1 0
101.9 0.285714 0.285714 1 1 0
101.8 0.285714 0.285714 1 1 0
101.7 0.285714 0.285714 1 1 0
101.6 0.285714 0.285714 1 1 0
101.5 0.285714 0.285714 1 1 0
101.4 0.285714 0.285714 1 1 0
101.3 0.285714 0.285714 1 1 0
101.2 0.285714 0.285714 1 1 0
101.2 0.285714 0.285714 2 1 0
101.16 0.285714 0.285714 1 1 0
101.12 0.285714 0.285714 1 1 0
101.04 0.285714 0.285714 1 1 0
100.94 0.285714 0.285714 1 1 0
100.84 0.285714 0.285714 1 1 0
100.74 0.285714 0.285714 1 1 0
100.64 0.285714 0.285714 1 1 0
100.54 0.285714 0.285714 1 1 0
100.44 0.285714 0.285714 1 1 0
100.34 0.285714 0.285714 1 1 0
100.24 0.285714 0.285714 1 1 0
100.14 0.285714 0.285714 1 1 0
100.04 0.285714 0.285714 1 1 0
99.94 0.285714 0.285714 1 1 0
99.84 0.285714 0.285714 1 1 0
99.74 0.285714 0.285714 1 1 0
99.64 0.285714 0.285714 1 1 0
99.54 0.285714 0.285714 1 1 0
99.44 0.285714 0.285714 1 1 0
99.34 0.285714 0.285714 1 1 0
99.24 0.285714 0.285714 1 1 0
99.14 0.285714 0.285714 1 1 0
99.04 0.285714 0.285714 1 1 0
98.94 0.285714 0.285714 1 1 0
98.84 0.285714 0.285714 1 1 0
98.74 0.285714 0.285714 1 1 0
98.64 0.285714 0.285714 1 1 0
98.54 0.285714 0.285714 1 1 0
98.44 0.285714 0.285714 1 1 0
98.34 0.285714 0.285714 1 1 0
98.24 0.285714 0.285714 1 1 0
98.14 0.285714 0.285714 1 1 0
98.04 0.285714 0.285714 1 1 0
97.94 0.285714 0.285714 1 1 0
97.84 0.285714 0.285714 1 1 0
97.74 0.285714 0.285714 1 1 0
97.64 0.285714 0.285714 1 1 0
97.54 0.285714 0.285714 1 1 0
97.44 0.285714 0.285714 1 1 0
97.34 0.285714 0.285714 1 1 0
97.24 0.285714 0.285714 1 1 0
97.14 0.285714 0.285714 1 1 0
97.04 0.285714 0.285714 1 1 0
96.94 0.285714 0.285714 1 1 0
96.84 0.285714 0.285714 1 1 0
96.74 0.285714 0.285714 1 1 0
96.64 0.285714 0.285714 1 1 0
96.54 0.285714 0.285714 1 1 0
96.44 0.285714 0.285714 1 1 0
96.34 0.285714 0.285714 1 1 0
96.24 0.285714 0.285714 1 1 0
96.14 0.285714 0.285714 1 1 0
96.04 0.285714 0.285714 1 1 0
95.94 0.285714 0.285714 1 1 0
95.84 0.285714 0.285714 1 1 0
95.74 0.285714 0.285714 1 1 0
95.64 0.285714 0.285714 1 1 0
95.54 0.285714 0.285714 1 1 0
95.44 0.285714 0.285714 1 1 0
95.34 0.285714 0.285714 1 1 0
95.24 0.285714 0.285714 1 1 0
95.14 0.285714 0.285714 1 1 0
95.04 0.285714 0.285714 1 1 0
94.94 0.285714 0.285714 1 1 0
94.84 0.285714 0.285714 1 1 0
94.74 0.285714 0.285714 1 1 0
94.64 0.285714 0.285714 1 1 0
94.54 0.285714 0.285714 1 1 0
94.44 0.285714 0.285714 1 1 0
94.34 0.285714 0.285714 1 1 0
94.24 0.285714 0.285714 1 1 0
94.14 0.285714 0.285714 1 1 0
94.04 0.285714 0.285714 1 1 0
93.9756 0.285714 0.285714 2 1 0
93.8756 0.285714 0.285714 2 1 0
93.7756 0.285714 0.285714 2 1 0
93.6756 0.285714 0.285714 2 1 0
93.5756 0.285714 0.285714 2 1 0
93.4756 0.285714 0.285714 2 1 0
93.3756 0.285714 0.285714 2 1 0
93.2756 0.285714 0.285714 2 1 0
93.1756 0.285714 0.285714 2 1 0
93.0756 0.285714 0.285714 2 1 0
92.9756 0.285714 0.285714 2 1 0
92.8756 0.285714 0.285714 2 1 0
92.7756 0.285714 0.285714 2 1 0
92.6756 0.285714 0.285714 2 1 0
92.5756 0.285714 0.285714 2 1 0
92.4756 0.285714 0.285714 2 1 0
92.3756 0.285714 0.285714 2 1 0
92.2756 0.285714 0.285714 2 1 0
92.1756 0.285714 0.285714 2 1 0
92.0756 0.285714 0.285714 2 1 0
91.9756 0.285714 0.285714 2 1 0
91.8756 0.285714 0.285714 2 1 0
91.7756 0.285714 0.285714 2 1 0
91.6756 0.285714 0.285714 2 1 0
91.5756 0.285714 0.285714 2 1 0
91.4756 0.285714 0.285714 2 1 0
91.3756 0.285714 0.285714 2 1 0
91.2756 0.285714 0.285714 2 1 0
91.1756 0.285714 0.285714 2 1 0
91.0756 0.285714 0.285714 2 1 0
90.9756 0.285714 0.285714 2 1 0
90.8756 0.285714 0.285714 2 1 0
90.7756 0.285714 0.285714 2 1 0
90.6756 0.285714 0.285714 2 1 0
90.5756 0.285714 0.285714 2 1 0
90.4756 0.285714 0.285714 2 1 0
90.3756 0.285714 0.285714 2 1 0
90.2756 0.285714 0.285714 2 1 0
90.1756 0.285714 0.285714 2 1 0
90.0756 0.285714 0.285714 2 1 0
89.9756 0.285714 0.285714 2 1 0
89.8756 0.285714 0.285714 2 1 0
89.7756 0.285714 0.285714 2 1 0
89.6756 0.285714 0.285714 2 1 0
89.5756 0.285714 0.285714 2 1 0
89.4756 0.285714 0.285714 2 1 0
89.3756 0.285714 0.285714 2 1 0
89.2756 0.285714 0.285714 2 1 0
89.1756 0.285714 0.285714 2 1 0
89.0756 0.285714 0.285714 2 1 0
88.9756 0.285714 0.285714 2 1 0
88.8756 0.285714 0.285714 2 1 0
88.7756 0.285714 0.285714 2 1 0
88.6756 0.285714 0.285714 2 1 0
88.5756 0.285714 0.285714 2 1 0
88.4756 0.285714 0.285714 2 1 0
88.3756 0.285714 0.285714 2 1 0
88.2756 0.285714 0.285714 2 1 0
88.1756 0.285714 0.285714 2 1 0
88.0756 0.285714 0.285714 2 1 0
87.9756 0.285714 0.285714 2 1 0
87.8756 0.285714 0.285714 2 1 0
87.7756 0.285714 0.285714 2 1 0
87.6756 0.285714 0.285714 2 1 0
87.5756 0.285714 0.285714 2 1 0
87.4756 0.285714 0.285714 2 1 0
87.3756 0.285714 0.285714 2 1 0
87.2756 0.285714 0.285714 2 1 0
87.1756 0.285714 0.285714 2 1 0
87.0756 0.285714 0.285714 2 1 0
86.9756 0.285714 0.285714 2 1 0
86.8756 0.285714 0.285714 2 1 0
86.7756 0.285714 0.285714 2 1 0
86.6756 0.285714 0.285714 2 1 0
86.5756 0.285714 0.285714 2 1 0
86.4756 0.285714 0.285714 2 1 0
86.3756 0.285714 0.285714 2 1 0
86.2756 0.285714 0.285714 2 1 0
86.1756 0.285714 0.285714 2 1 0
86.0756 0.285714 0.285714 2 1 0
85.9756 0.285714 0.285714 2 1 0
85.8756 0.285714 0.285714 2 1 0
85.7756 0.285714 0.285714 2 1 0
85.6756 0.285714 0.285714 2 1 0
85.5756 0.285714 0.285714 2 1 0
85.4756 0.285714 0.285714 2 1 0
85.3756 0.285714 0.285714 2 1 0
85.2756 0.285714 0.285714 2 1 0
85.1756 0.285714 0.285714 2 1 0
85.0756 0.285714 0.285714 2 1 0
84.9756 0.285714 0.285714 2 1 0
84.8756 0.285714 0.285714 2 1 0
84.7756 0.285714 0.285714 2 1 0
84.6756 0.285714 0.285714 2 1 0
84.5756 0.285714 0.285714 2 1 0
84.4756 0.285714 0.285714 2 1 0
84.3756 0.285714 0.285714 2 1 0
84.2756 0.285714 0.285714 2 1 0
84.1756 0.285714 0.285714 2 1 0
84.0756 0.285714 0.285714 2 1 0
83.9756 0.285714 0.285714 2 1 0
83.8756 0.285714 0.285714 2 1 0
83.7756 0.285714 0.285714 2 1 0
83.6756 0.285714 0.285714 2 1 0
83.5756 0.285714 0.285714 2 1 0
83.4756 0.285714 0.285714 2 1 0
83.3756 0.285714 0.285714 2 1 0
83.2756 0.285714 0.285714 2 1 0
83.1756 0.285714 0.285714 2 1 0
83.0756 0.285714 0.285714 2 1 0
82.9756 0.285714 0.285714 2 1 0
82.8756 0.285714 0.285714 2 1 0
82.7756 0.285714 0.285714 2 1 0
82.6756 0.285714 0.285714 2 1 0
82.5756 0.285714 0.285714 2 1 0
82.4756 0.285714 0.285714 2 1 0
82.3756 0.285714 0.285714 2 1 0
82.2756 0.285714 0.285714 2 1 0
82.1756 0.285714 0.285714 2 1 0
82.0756 0.285714 0.285714 2 1 0
81.9756 0.285714 0.285714 2 1 0
81.8756 0.285714 0.285714 2 1 0
81.7756 0.285714 0.285714 2 1 0
81.6756 0.285714 0.285714 2 1 0
81.5756 0.285714 0.285714 2 1 0
81.4756 0.285714 0.285714 2 1 0
93.9756 0.285714 0.285714 2 2 0
89.4458 0.269013 0.269013 2 2 0
89.4359 0.268978 0.268978 1 2 0
89.4328 0.268967 0.268967 1 2 0
89.4277 0.268949 0.268949 1 2 0
89.4177 0.268913 0.268913 1 2 0
89.3977 0.268842 0.268842 1 2 0
89.3577 0.2687 0.2687 1 2 0
89.2777 0.268416 0.268416 1 2 0
89.1777 0.268061 0.268061 1 2 0
89.0777 0.267707 0.267707 1 2 0
88.9777 0.267353 0.267353 1 2 0
88.8777 0.267 0.267 1 2 0
88.7777 0.266648 0.266648 1 2 0
88.6777 0.266296 0.266296 1 2 0
88.5777 0.265944 0.265944 1 2 0
88.4777 0.265594 0.265594 1 2 0
88.3777 0.265243 0.265243 1 2 0
88.2777 0.264894 0.264894 1 2 0
88.1777 0.264545 0.264545 1 2 0
88.0777 0.264196 0.264196 1 2 0
87.9777 0.263848 0.263848 1 2 0
87.8777 0.263501 0.263501 1 2 0
87.7777 0.263154 0.263154 1 2 0
87.6777 0.262807 0.262807 1 2 0
87.5777 0.262462 0.262462 1 2 0
87.4777 0.262117 0.262117 1 2 0
87.3777 0.261772 0.261772 1 2 0
87.2777 0.261428 0.261428 1 2 0
87.1777 0.261085 0.261085 1 2 0
87.0777 0.260742 0.260742 1 2 0
86.9777 0.260399 0.260399 1 2 0
86.8777 0.260058 0.260058 1 2 0
86.7777 0.259717 0.259717 1 2 0
86.6777 0.259376 0.259376 1 2 0
86.5777 0.259036 0.259036 1 2 0
86.4777 0.258697 0.258697 1 2 0
86.3777 0.258358 0.258358 1 2 0
86.2777 0.258019 0.258019 1 2 0
86.1777 0.257682 0.257682 1 2 0
86.0777 0.257344 0.257344 1 2 0
85.9777 0.257008 0.257008 1 2 0
85.8777 0.256672 0.256672 1 2 0
85.7777 0.256336 0.256336 1 2 0
85.6777 0.256001 0.256001 1 2 0
85.5777 0.255667 0.255667 1 2 0
85.4777 0.255333 0.255333 1 2 0
85.3777 0.255 0.255 1 2 0
85.2777 0.254667 0.254667 1 2 0
85.1777 0.254335 0.254335 1 2 0
85.0777 0.254004 0.254004 1 2 0
84.9777 0.253673 0.253673 1 2 0
84.8777 0.253343 0.253343 1 2 0
84.7777 0.253013 0.253013 1 2 0
84.6777 0.252684 0.252684 1 2 0
84.5777 0.252355 0.252355 1 2 0
84.4777 0.252027 0.252027 1 2 0
84.3777 0.251699 0.251699 1 2 0
84.2777 0.251372 0.251372 1 2 0
84.1777 0.251046 0.251046 1 2 0
84.0777 0.25072 0.25072 1 2 0
83.9777 0.250395 0.250395 1 2 0
83.8777 0.25007 0.25007 1 2 0
83.7777 0.249746 0.249746 1 2 0
83.6777 0.249423 0.249423 1 2 0
83.5778 0.2491 0.2491 1 2 0
83.4778 0.248777 0.248777 1 2 0
83.3778 0.248456 0.248456 1 2 0
83.2778 0.248134 0.248134 1 2 0
83.1778 0.247814 0.247814 1 2 0
83.0778 0.247494 0.247494 1 2 0
82.9778 0.247174 0.247174 1 2 0
82.8778 0.246855 0.246855 1 2 0
82.7778 0.246537 0.246537 1 2 0
82.6778 0.246219 0.246219 1 2 0
82.5778 0.245902 0.245902 1 2 0
82.4778 0.245585 0.245585 1 2 0
82.3778 0.245269 0.245269 1 2 0
82.2778 0.244953 0.244953 1 2 0
82.1778 0.244638 0.244638 1 2 0
82.0778 0.244324 0.244324 1 2 0
81.9778 0.24401 0.24401 1 2 0
81.8778 0.243697 0.243697 1 2 0
81.7778 0.243384 0.243384 1 2 0
81.6778 0.243072 0.243072 1 2 0
81.5778 0.24276 0.24276 1 2 0
81.4778 0.242449 0.242449 1 2 0
81.3778 0.242139 0.242139 1 2 0
81.2778 0.241829 0.241829 1 2 0
81.1778 0.241519 0.241519 1 2 0
81.0778 0.241211 0.241211 1 2 0
80.9778 0.240902 0.240902 1 2 0
80.8778 0.240595 0.240595 1 2 0
80.7778 0.240288 0.240288 1 2 0
80.6778 0.239981 0.239981 1 2 0
80.5778 0.239675 0.239675 1 2 0
80.4778 0.23937 0.23937 1 2 0
80.3778 0.239065 0.239065 1 2 0
80.2778 0.238761 0.238761 1 2 0
80.1778 0.238457 0.238457 1 2 0
80.0778 0.238154 0.238154 1 2 0
79.9778 0.237851 0.237851 1 2 0
79.8778 0.237549 0.237549 1 2 0
79.7778 0.237248 0.237248 1 2 0
79.6778 0.236947 0.236947 1 2 0
79.5778 0.236647 0.236647 1 2 0
79.4778 0.236347 0.236347 1 2 0
79.3778 0.236048 0.236048 1 2 0
79.2778 0.235749 0.235749 1 2 0
79.1778 0.235451 0.235451 1 2 0
79.0778 0.235154 0.235154 1 2 0
78.9778 0.234857 0.234857 1 2 0
78.8778 0.23456 0.23456 1 2 0
78.7778 0.234265 0.234265 1 2 0
78.6778 0.233969 0.233969 1 2 0
78.5778 0.233675 0.233675 1 2 0
78.4778 0.23338 0.23338 1 2 0
78.3778 0.233087 0.233087 1 2 0
78.2778 0.232794 0.232794 1 2 0
78.1778 0.232501 0.232501 1 2 0
78.0778 0.23221 0.23221 1 2 0
77.9778 0.231918 0.231918 1 2 0
77.8778 0.231627 0.231627 1 2 0
77.7778 0.231337 0.231337 1 2 0
77.6778 0.231048 0.231048 1 2 0
77.5778 0.230758 0.230758 1 2 0
77.4778 0.23047 0.23047 1 2 0
77.3778 0.230182 0.230182 1 2 0
77.2778 0.229894 0.229894 1 2 0
77.1778 0.229608 0.229608 1 2 0
77.0778 0.229321 0.229321 1 2 0
76.9778 0.229035 0.229035 1 2 0
76.8778 0.22875 0.22875 1 2 0
76.7778 0.228466 0.228466 1 2 0
76.6778 0.228181 0.228181 1 2 0
76.5778 0.227898 0.227898 1 2 0
76.4778 0.227615 0.227615 1 2 0
76.3778 0.227332 0.227332 1 2 0
76.2778 0.22705 0.22705 1 2 0
76.1778 0.226769 0.226769 1 2 0
76.0778 0.226488 0.226488 1 2 0
75.9778 0.226208 0.226208 1 2 0
75.8778 0.225928 0.225928 1 2 0
75.7778 0.225649 0.225649 1 2 0
75.6778 0.225371 0.225371 1 2 0
75.5778 0.225093 0.225093 1 2 0
75.4778 0.224815 0.224815 1 2 0
75.3778 0.224538 0.224538 1 2 0
75.2778 0.224262 0.224262 1 2 0
75.1778 0.223986 0.223986 1 2 0
75.0778 0.223711 0.223711 1 2 0
74.9778 0.223436 0.223436 1 2 0
74.8778 0.223162 0.223162 1 2 0
74.7779 0.222888 0.222888 1 2 0
74.6779 0.222615 0.222615 1 2 0
74.5779 0.222342 0.222342 1 2 0
74.4779 0.22207 0.22207 1 2 0
74.3779 0.221799 0.221799 1 2 0
74.2779 0.221528 0.221528 1 2 0
74.1779 0.221257 0.221257 1 2 0
74.0779 0.220988 0.220988 1 2 0
73.9779 0.220718 0.220718 1 2 0
73.8779 0.220449 0.220449 1 2 0
73.7779 0.220181 0.220181 1 2 0
73.6779 0.219914 0.219914 1 2 0
73.5779 0.219646 0.219646 1 2 0
73.4779 0.21938 0.21938 1 2 0
73.3779 0.219114 0.219114 1 2 0
73.2779 0.218848 0.218848 1 2 0
73.1779 0.218583 0.218583 1 2 0
73.0779 0.218319 0.218319 1 2 0
72.9779 0.218055 0.218055 1 2 0
72.8779 0.217792 0.217792 1 2 0
72.7779 0.217529 0.217529 1 2 0
72.6779 0.217266 0.217266 1 2 0
72.5779 0.217005 0.217005 1 2 0
72.4779 0.216743 0.216743 1 2 0
72.3779 0.216483 0.216483 1 2 0
72.2779 0.216223 0.216223 1 2 0
72.1779 0.215963 0.215963 1 2 0
72.0779 0.215704 0.215704 1 2 0
71.9779 0.215445 0.215445 1 2 0
71.8779 0.215187 0.215187 1 2 0
71.7779 0.21493 0.21493 1 2 0
71.6779 0.214673 0.214673 1 2 0
71.5779 0.214416 0.214416 1 2 0
71.4779 0.21416 0.21416 1 2 0
71.3779 0.213905 0.213905 1 2 0
71.2779 0.21365 0.21365 1 2 0
71.1779 0.213396 0.213396 1 2 0
71.0779 0.213142 0.213142 1 2 0
70.9779 0.212889 0.212889 1 2 0
70.8779 0.212636 0.212636 1 2 0
70.7779 0.212384 0.212384 1 2 0
70.6779 0.212132 0.212132 1 2 0
70.5779 0.211881 0.211881 1 2 0
70.4779 0.21163 0.21163 1 2 0
70.3779 0.21138 0.21138 1 2 0
70.2779 0.211131 0.211131 1 2 0
70.1779 0.210882 0.210882 1 2 0
93.9756 0.285714 0.285714 2 2 0
98.3894 0.303072 0.303072 1 2 0
98.3992 0.303111 0.303111 2 2 0
98.4023 0.303123 0.303123 2 2 0
98.4074 0.303144 0.303144 2 2 0
98.4174 0.303184 0.303184 2 2 0
98.4374 0.303265 0.303265 2 2 0
98.4774 0.303427 0.303427 2 2 0
98.5574 0.303752 0.303752 2 2 0
98.6574 0.304158 0.304158 2 2 0
98.7574 0.304565 0.304565 2 2 0
98.8574 0.304972 0.304972 2 2 0
98.9574 0.30538 0.30538 2 2 0
99.0574 0.305788 0.305788 2 2 0
99.1574 0.306197 0.306197 2 2 0
99.2574 0.306606 0.306606 2 2 0
99.3574 0.307016 0.307016 2 2 0
99.4574 0.307426 0.307426 2 2 0
99.5574 0.307837 0.307837 2 2 0
99.6574 0.308248 0.308248 2 2 0
99.7574 0.30866 0.30866 2 2 0
99.8574 0.309073 0.309073 2 2 0
99.9574 0.309486 0.309486 2 2 0
100.057 0.309899 0.309899 2 2 0
100.157 0.310313 0.310313 2 2 0
100.257 0.310728 0.310728 2 2 0
100.357 0.311143 0.311143 2 2 0
100.457 0.311558 0.311558 2 2 0
100.557 0.311974 0.311974 2 2 0
100.657 0.312391 0.312391 2 2 0
100.757 0.312808 0.312808 2 2 0
100.857 0.313225 0.313225 2 2 0
100.957 0.313643 0.313643 2 2 0
101.057 0.314062 0.314062 2 2 0
101.157 0.314481 0.314481 2 2 0
101.257 0.3149 0.3149 2 2 0
101.357 0.31532 0.31532 2 2 0
101.457 0.315741 0.315741 2 2 0
101.557 0.316162 0.316162 2 2 0
101.657 0.316584 0.316584 2 2 0
101.757 0.317006 0.317006 2 2 0
101.857 0.317428 0.317428 2 2 0
101.957 0.317851 0.317851 2 2 0
102.057 0.318275 0.318275 2 2 0
102.157 0.318699 0.318699 2 2 0
102.257 0.319124 0.319124 2 2 0
102.357 0.319549 0.319549 2 2 0
102.457 0.319974 0.319974 2 2 0
102.557 0.3204 0.3204 2 2 0
102.657 0.320827 0.320827 2 2 0
102.757 0.321254 0.321254 2 2 0
102.857 0.321682 0.321682 2 2 0
102.957 0.32211 0.32211 2 2 0
103.057 0.322538 0.322538 2 2 0
103.157 0.322967 0.322967 2 2 0
103.257 0.323397 0.323397 2 2 0
103.357 0.323827 0.323827 2 2 0
103.457 0.324257 0.324257 2 2 0
103.557 0.324688 0.324688 2 2 0
103.657 0.32512 0.32512 2 2 0
103.757 0.325552 0.325552 2 2 0
103.857 0.325984 0.325984 2 2 0
103.957 0.326417 0.326417 2 2 0
104.057 0.32685 0.32685 2 2 0
104.157 0.327284 0.327284 2 2 0
104.257 0.327719 0.327719 2 2 0
104.357 0.328154 0.328154 2 2 0
104.457 0.328589 0.328589 2 2 0
104.557 0.329025 0.329025 2 2 0
104.657 0.329461 0.329461 2 2 0
104.757 0.329898 0.329898 2 2 0
104.857 0.330335 0.330335 2 2 0
104.957 0.330773 0.330773 2 2 0
105.057 0.331211 0.331211 2 2 0
105.157 0.33165 0.33165 2 2 0
105.257 0.332089 0.332089 2 2 0
105.357 0.332528 0.332528 2 2 0
105.457 0.332969 0.332969 2 2 0
105.557 0.333409 0.333409 2 2 0
105.657 0.33385 0.33385 2 2 0
105.757 0.334292 0.334292 2 2 0
105.857 0.334734 0.334734 2 2 0
105.957 0.335176 0.335176 2 2 0
106.057 0.335619 0.335619 2 2 0
106.157 0.336062 0.336062 2 2 0
106.257 0.336506 0.336506 2 2 0
106.357 0.33695 0.33695 2 2 0
106.457 0.337395 0.337395 2 2 0
106.557 0.33784 0.33784 2 2 0
106.657 0.338286 0.338286 2 2 0
106.757 0.338732 0.338732 2 2 0
106.857 0.339179 0.339179 2 2 0
106.957 0.339626 0.339626 2 2 0
107.057 0.340073 0.340073 2 2 0
107.157 0.340521 0.340521 2 2 0
107.257 0.340969 0.340969 2 2 0
107.357 0.341418 0.341418 2 2 0
107.457 0.341868 0.341868 2 2 0
107.557 0.342317 0.342317 2 2 0
107.657 0.342768 0.342768 2 2 0
107.757 0.343218 0.343218 2 2 0
107.857 0.343669 0.343669 2 2 0
107.957 0.344121 0.344121 2 2 0
108.057 0.344573 0.344573 2 2 0
108.157 0.345025 0.345025 2 2 0
108.257 0.345478 0.345478 2 2 0
108.357 0.345931 0.345931 2 2 0
108.457 0.346385 0.346385 2 2 0
108.557 0.346839 0.346839 2 2 0
108.657 0.347294 0.347294 2 2 0
108.757 0.347749 0.347749 2 2 0
108.857 0.348204 0.348204 2 2 0
108.957 0.34866 0.34866 2 2 0
109.057 0.349117 0.349117 2 2 0
109.157 0.349574 0.349574 2 2 0
109.257 0.350031 0.350031 2 2 0
109.357 0.350489 0.350489 2 2 0
109.457 0.350947 0.350947 2 2 0
109.557 0.351405 0.351405 2 2 0
109.657 0.351864 0.351864 2 2 0
109.757 0.352323 0.352323 2 2 0
109.857 0.352783 0.352783 2 2 0
109.957 0.353244 0.353244 2 2 0
110.057 0.353704 0.353704 2 2 0
110.157 0.354165 0.354165 2 2 0
110.257 0.354627 0.354627 2 2 0
110.357 0.355089 0.355089 2 2 0
110.457 0.355551 0.355551 2 2 0
110.557 0.356014 0.356014 2 2 0
110.657 0.356477 0.356477 2 2 0
110.757 0.356941 0.356941 2 2 0
110.857 0.357405 0.357405 2 2 0
110.957 0.357869 0.357869 2 2 0
111.057 0.358334 0.358334 2 2 0
111.157 0.358799 0.358799 2 2 0
111.257 0.359265 0.359265 2 2 0
111.357 0.359731 0.359731 2 2 0
111.457 0.360197 0.360197 2 2 0
111.557 0.360664 0.360664 2 2 0
111.657 0.361131 0.361131 2 2 0
111.757 0.361599 0.361599 2 2 0
111.857 0.362067 0.362067 2 2 0
111.957 0.362536 0.362536 2 2 0
112.057 0.363005 0.363005 2 2 0
112.157 0.363474 0.363474 2 2 0
112.257 0.363944 0.363944 2 2 0
112.357 0.364414 0.364414 2 2 0
112.457 0.364884 0.364884 2 2 0
112.557 0.365355 0.365355 2 2 0
112.657 0.365826 0.365826 2 2 0
112.757 0.366298 0.366298 2 2 0
112.857 0.36677 0.36677 2 2 0
112.957 0.367243 0.367243 2 2 0
113.057 0.367715 0.367715 2 2 0
113.157 0.368189 0.368189 2 2 0
113.257 0.368662 0.368662 2 2 0
113.357 0.369136 0.369136 2 2 0
113.457 0.369611 0.369611 2 2 0
113.557 0.370086 0.370086 2 2 0
113.657 0.370561 0.370561 2 2 0
113.757 0.371036 0.371036 2 2 0
113.857 0.371512 0.371512 2 2 0
113.957 0.371988 0.371988 2 2 0
114.057 0.372465 0.372465 2 2 0
114.157 0.372942 0.372942 2 2 0
114.257 0.37342 0.37342 2 2 0
114.357 0.373897 0.373897 2 2 0
114.457 0.374376 0.374376 2 2 0
114.557 0.374854 0.374854 2 2 0
114.657 0.375333 0.375333 2 2 0
114.757 0.375812 0.375812 2 2 0
114.857 0.376292 0.376292 2 2 0
114.957 0.376772 0.376772 2 2 0
115.057 0.377252 0.377252 2 2 0
115.157 0.377733 0.377733 2 2 0
115.257 0.378214 0.378214 2 2 0
115.357 0.378696 0.378696 2 2 0
115.457 0.379177 0.379177 2 2 0
115.557 0.37966 0.37966 2 2 0
115.657 0.380142 0.380142 2 2 0
115.757 0.380625 0.380625 2 2 0
115.857 0.381108 0.381108 2 2 0
115.957 0.381592 0.381592 2 2 0
116.057 0.382076 0.382076 2 2 0
116.157 0.38256 0.38256 2 2 0
116.257 0.383045 0.383045 2 2 0
116.357 0.38353 0.38353 2 2 0
116.457 0.384015 0.384015 2 2 0
116.557 0.384501 0.384501 2 2 0
116.657 0.384987 0.384987 2 2 0
116.757 0.385473 0.385473 2 2 0
116.857 0.38596 0.38596 2 2 0
116.957 0.386447 0.386447 2 2 0
117.057 0.386935 0.386935 2 2 0
117.157 0.387422 0.387422 2 2 0
117.257 0.387911 0.387911 2 2 0
117.357 0.388399 0.388399 2 2 0
117.457 0.388888 0.388888 2 2 0
117.557 0.389377 0.389377 2 2 0
117.657 0.389866 0.389866 2 2 0
117.657 0.389866 0.389866 2 2 0
117.617 0.38967 0.38967 2 2 0
117.577 0.389475 0.389475 2 2 0
117.497 0.389083 0.389083 2 2 0
117.397 0.388594 0.388594 2 2 0
117.297 0.388106 0.388106 2 2 0
117.197 0.387618 0.387618 2 2 0
117.097 0.38713 0.38713 2 2 0
116.997 0.386642 0.386642 2 2 0
116.897 0.386155 0.386155 2 2 0
116.797 0.385668 0.385668 2 2 0
116.697 0.385182 0.385182 2 2 0
116.597 0.384695 0.384695 2 2 0
116.497 0.38421 0.38421 2 2 0
116.397 0.383724 0.383724 2 2 0
116.297 0.383239 0.383239 2 2 0
116.197 0.382754 0.382754 2 2 0
116.097 0.38227 0.38227 2 2 0
115.997 0.381786 0.381786 2 2 0
115.897 0.381302 0.381302 2 2 0
115.797 0.380818 0.380818 2 2 0
115.697 0.380335 0.380335 2 2 0
115.597 0.379853 0.379853 2 2 0
115.497 0.37937 0.37937 2 2 0
115.397 0.378888 0.378888 2 2 0
115.297 0.378407 0.378407 2 2 0
115.197 0.377925 0.377925 2 2 0
115.097 0.377445 0.377445 2 2 0
114.997 0.376964 0.376964 2 2 0
114.897 0.376484 0.376484 2 2 0
114.797 0.376004 0.376004 2 2 0
114.697 0.375525 0.375525 2 2 0
114.597 0.375046 0.375046 2 2 0
114.497 0.374567 0.374567 2 2 0
114.397 0.374089 0.374089 2 2 0
114.297 0.373611 0.373611 2 2 0
114.197 0.373133 0.373133 2 2 0
114.097 0.372656 0.372656 2 2 0
113.997 0.372179 0.372179 2 2 0
113.897 0.371703 0.371703 2 2 0
113.797 0.371227 0.371227 2 2 0
113.697 0.370751 0.370751 2 2 0
113.597 0.370276 0.370276 2 2 0
113.497 0.369801 0.369801 2 2 0
113.397 0.369326 0.369326 2 2 0
113.297 0.368852 0.368852 2 2 0
113.197 0.368378 0.368378 2 2 0
113.097 0.367905 0.367905 2 2 0
112.997 0.367432 0.367432 2 2 0
112.897 0.366959 0.366959 2 2 0
112.797 0.366487 0.366487 2 2 0
112.697 0.366015 0.366015 2 2 0
112.597 0.365544 0.365544 2 2 0
112.497 0.365073 0.365073 2 2 0
112.397 0.364602 0.364602 2 2 0
112.297 0.364132 0.364132 2 2 0
112.197 0.363662 0.363662 2 2 0
112.097 0.363192 0.363192 2 2 0
111.997 0.362723 0.362723 2 2 0
111.897 0.362255 0.362255 2 2 0
111.797 0.361786 0.361786 2 2 0
111.697 0.361319 0.361319 2 2 0
111.597 0.360851 0.360851 2 2 0
111.497 0.360384 0.360384 2 2 0
111.397 0.359917 0.359917 2 2 0
111.297 0.359451 0.359451 2 2 0
111.197 0.358985 0.358985 2 2 0
111.097 0.35852 0.35852 2 2 0
110.997 0.358055 0.358055 2 2 0
110.897 0.35759 0.35759 2 2 0
110.797 0.357126 0.357126 2 2 0
110.697 0.356662 0.356662 2 2 0
110.597 0.356199 0.356199 2 2 0
110.497 0.355736 0.355736 2 2 0
110.397 0.355274 0.355274 2 2 0
110.297 0.354812 0.354812 2 2 0
110.197 0.35435 0.35435 2 2 0
110.097 0.353889 0.353889 2 2 0
109.997 0.353428 0.353428 2 2 0
109.897 0.352967 0.352967 2 2 0
109.797 0.352507 0.352507 2 2 0
109.697 0.352048 0.352048 2 2 0
109.597 0.351589 0.351589 2 2 0
109.497 0.35113 0.35113 2 2 0
109.397 0.350672 0.350672 2 2 0
109.297 0.350214 0.350214 2 2 0
109.197 0.349756 0.349756 2 2 0
109.097 0.349299 0.349299 2 2 0
108.997 0.348843 0.348843 2 2 0
108.897 0.348387 0.348387 2 2 0
108.797 0.347931 0.347931 2 2 0
108.697 0.347476 0.347476 2 2 0
108.597 0.347021 0.347021 2 2 0
108.497 0.346567 0.346567 2 2 0
108.397 0.346113 0.346113 2 2 0
108.297 0.345659 0.345659 2 2 0
108.197 0.345206 0.345206 2 2 0
108.097 0.344754 0.344754 2 2 0
107.997 0.344302 0.344302 2 2 0
107.897 0.34385 0.34385 2 2 0
107.797 0.343399 0.343399 2 2 0
107.697 0.342948 0.342948 2 2 0
107.597 0.342497 0.342497 2 2 0
107.497 0.342047 0.342047 2 2 0
107.397 0.341598 0.341598 2 2 0
107.297 0.341149 0.341149 2 2 0
107.197 0.3407 0.3407 2 2 0
107.097 0.340252 0.340252 2 2 0
106.997 0.339805 0.339805 2 2 0
106.897 0.339357 0.339357 2 2 0
106.797 0.338911 0.338911 2 2 0
106.697 0.338464 0.338464 2 2 0
106.597 0.338018 0.338018 2 2 0
106.497 0.337573 0.337573 2 2 0
106.397 0.337128 0.337128 2 2 0
106.297 0.336684 0.336684 2 2 0
106.197 0.33624 0.33624 2 2 0
106.097 0.335796 0.335796 2 2 0
105.997 0.335353 0.335353 2 2 0
105.897 0.33491 0.33491 2 2 0
105.797 0.334468 0.334468 2 2 0
105.697 0.334027 0.334027 2 2 0
105.597 0.333585 0.333585 2 2 0
105.497 0.333145 0.333145 2 2 0
105.397 0.332704 0.332704 2 2 0
105.297 0.332265 0.332265 2 2 0
105.197 0.331825 0.331825 2 2 0
105.097 0.331386 0.331386 2 2 0
104.997 0.330948 0.330948 2 2 0
104.897 0.33051 0.33051 2 2 0
104.797 0.330073 0.330073 2 2 0
104.697 0.329636 0.329636 2 2 0
104.597 0.329199 0.329199 2 2 0
104.497 0.328763 0.328763 2 2 0
104.397 0.328328 0.328328 2 2 0
104.297 0.327893 0.327893 2 2 0
104.197 0.327458 0.327458 2 2 0
104.097 0.327024 0.327024 2 2 0
103.997 0.32659 0.32659 2 2 0
103.897 0.326157 0.326157 2 2 0
103.797 0.325725 0.325725 2 2 0
103.697 0.325292 0.325292 2 2 0
103.597 0.324861 0.324861 2 2 0
103.497 0.32443 0.32443 2 2 0
103.397 0.323999 0.323999 2 2 0
103.297 0.323569 0.323569 2 2 0
103.197 0.323139 0.323139 2 2 0
103.097 0.32271 0.32271 2 2 0
102.997 0.322281 0.322281 2 2 0
102.897 0.321853 0.321853 2 2 0
102.797 0.321425 0.321425 2 2 0
102.697 0.320998 0.320998 2 2 0
102.597 0.320571 0.320571 2 2 0
102.497 0.320145 0.320145 2 2 0
102.397 0.319719 0.319719 2 2 0
102.297 0.319294 0.319294 2 2 0
102.197 0.318869 0.318869 2 2 0
102.097 0.318445 0.318445 2 2 0
101.997 0.318021 0.318021 2 2 0
101.897 0.317598 0.317598 2 2 0
101.797 0.317175 0.317175 2 2 0
101.697 0.316752 0.316752 2 2 0
101.597 0.316331 0.316331 2 2 0
101.497 0.315909 0.315909 2 2 0
101.397 0.315489 0.315489 2 2 0
101.297 0.315068 0.315068 2 2 0
101.197 0.314649 0.314649 2 2 0
101.097 0.314229 0.314229 2 2 0
100.997 0.313811 0.313811 2 2 0
100.897 0.313392 0.313392 2 2 0
100.797 0.312975 0.312975 2 2 0
100.697 0.312557 0.312557 2 2 0
100.597 0.312141 0.312141 2 2 0
100.497 0.311724 0.311724 2 2 0
100.397 0.311309 0.311309 2 2 0
100.297 0.310894 0.310894 2 2 0
100.197 0.310479 0.310479 2 2 0
100.097 0.310065 0.310065 2 2 0
99.9974 0.309651 0.309651 2 2 0
99.8974 0.309238 0.309238 2 2 0
99.7974 0.308825 0.308825 2 2 0
99.6974 0.308413 0.308413 2 2 0
99.5974 0.308002 0.308002 2 2 0
99.4974 0.307591 0.307591 2 2 0
99.3974 0.30718 0.30718 2 2 0
99.2974 0.30677 0.30677 2 2 0
99.1974 0.30636 0.30636 2 2 0
99.0974 0.305951 0.305951 2 2 0
98.9974 0.305543 0.305543 2 2 0
98.8974 0.305135 0.305135 2 2 0
98.7974 0.304728 0.304728 2 2 0
98.6974 0.304321 0.304321 2 2 0
98.5974 0.303914 0.303914 2 2 0
98.4974 0.303508 0.303508 2 2 0
98.3974 0.303103 0.303103 2 2 0
98.2974 0.302698 0.302698 2 2 0
98.1974 0.302294 0.302294 2 2 0
98.0974 0.30189 0.30189 2 2 0
97.9974 0.301487 0.301487 2 2 0
97.8974 0.301084 0.301084 2 2 0
117.657 0.389866 0.389866 2 2 0
117.697 0.390062 0.390062 2 2 0
117.737 0.390258 0.390258 2 2 0
117.817 0.39065 0.39065 2 2 0
117.917 0.39114 0.39114 2 2 0
118.017 0.391631 0.391631 2 2 0
118.117 0.392122 0.392122 2 2 0
118.217 0.392613 0.392613 2 2 0
118.317 0.393105 0.393105 2 2 0
118.417 0.393597 0.393597 2 2 0
118.517 0.394089 0.394089 2 2 0
118.617 0.394581 0.394581 2 2 0
118.717 0.395074 0.395074 2 2 0
118.817 0.395567 0.395567 2 2 0
118.917 0.396061 0.396061 2 2 0
119.017 0.396555 0.396555 2 2 0
119.117 0.397049 0.397049 2 2 0
119.217 0.397543 0.397543 2 2 0
119.317 0.398038 0.398038 2 2 0
119.417 0.398533 0.398533 2 2 0
119.517 0.399029 0.399029 2 2 0
119.617 0.399524 0.399524 2 2 0
119.717 0.40002 0.40002 2 2 0
119.817 0.400516 0.400516 2 2 0
119.917 0.401013 0.401013 2 2 0
120.017 0.40151 0.40151 2 2 0
120.117 0.402007 0.402007 2 2 0
120.217 0.402505 0.402505 2 2 0
120.317 0.403002 0.403002 2 2 0
120.417 0.4035 0.4035 2 2 0
120.517 0.403999 0.403999 2 2 0
120.617 0.404497 0.404497 2 2 0
120.717 0.404996 0.404996 2 2 0
120.817 0.405496 0.405496 2 2 0
120.917 0.405995 0.405995 2 2 0
121.017 0.406495 0.406495 2 2 0
121.117 0.406995 0.406995 2 2 0
121.217 0.407495 0.407495 2 2 0
121.317 0.407996 0.407996 2 2 0
121.417 0.408497 0.408497 2 2 0
121.517 0.408998 0.408998 2 2 0
121.617 0.4095 0.4095 2 2 0
121.717 0.410001 0.410001 2 2 0
121.817 0.410504 0.410504 2 2 0
121.917 0.411006 0.411006 2 2 0
122.017 0.411508 0.411508 2 2 0
122.117 0.412011 0.412011 2 2 0
122.217 0.412514 0.412514 2 2 0
122.317 0.413018 0.413018 2 2 0
122.417 0.413522 0.413522 2 2 0
122.517 0.414025 0.414025 2 2 0
122.617 0.41453 0.41453 2 2 0
122.717 0.415034 0.415034 2 2 0
122.817 0.415539 0.415539 2 2 0
122.917 0.416044 0.416044 2 2 0
123.017 0.416549 0.416549 2 2 0
123.117 0.417055 0.417055 2 2 0
123.217 0.41756 0.41756 2 2 0
123.317 0.418066 0.418066 2 2 0
123.417 0.418573 0.418573 2 2 0
123.517 0.419079 0.419079 2 2 0
123.617 0.419586 0.419586 2 2 0
123.717 0.420093 0.420093 2 2 0
123.817 0.4206 0.4206 2 2 0
123.917 0.421108 0.421108 2 2 0
124.017 0.421616 0.421616 2 2 0
124.117 0.422124 0.422124 2 2 0
124.217 0.422632 0.422632 2 2 0
124.317 0.42314 0.42314 2 2 0
124.417 0.423649 0.423649 2 2 0
124.517 0.424158 0.424158 2 2 0
124.617 0.424667 0.424667 2 2 0
124.717 0.425177 0.425177 2 2 0
124.817 0.425686 0.425686 2 2 0
124.917 0.426196 0.426196 2 2 0
125.017 0.426706 0.426706 2 2 0
125.117 0.427217 0.427217 2 2 0
125.217 0.427727 0.427727 2 2 0
125.317 0.428238 0.428238 2 2 0
125.417 0.428749 0.428749 2 2 0
125.517 0.429261 0.429261 2 2 0
125.617 0.429772 0.429772 2 2 0
125.717 0.430284 0.430284 2 2 0
125.817 0.430796 0.430796 2 2 0
125.917 0.431308 0.431308 2 2 0
126.017 0.43182 0.43182 2 2 0
126.117 0.432333 0.432333 2 2 0
126.217 0.432846 0.432846 2 2 0
126.317 0.433359 0.433359 2 2 0
126.417 0.433872 0.433872 2 2 0
126.517 0.434385 0.434385 2 2 0
126.617 0.434899 0.434899 2 2 0
126.717 0.435413 0.435413 2 2 0
126.817 0.435927 0.435927 2 2 0
126.917 0.436441 0.436441 2 2 0
127.017 0.436955 0.436955 2 2 0
127.117 0.43747 0.43747 2 2 0
127.217 0.437985 0.437985 2 2 0
127.317 0.4385 0.4385 2 2 0
127.417 0.439015 0.439015 2 2 0
127.517 0.439531 0.439531 2 2 0
127.617 0.440046 0.440046 2 2 0
127.717 0.440562 0.440562 2 2 0
127.817 0.441078 0.441078 2 2 0
127.917 0.441594 0.441594 2 2 0
128.017 0.442111 0.442111 2 2 0
128.117 0.442627 0.442627 2 2 0
128.217 0.443144 0.443144 2 2 0
128.317 0.443661 0.443661 2 2 0
128.417 0.444178 0.444178 2 2 0
128.517 0.444695 0.444695 2 2 0
128.617 0.445213 0.445213 2 2 0
128.717 0.445731 0.445731 2 2 0
128.817 0.446248 0.446248 2 2 0
128.917 0.446766 0.446766 2 2 0
129.017 0.447285 0.447285 2 2 0
129.117 0.447803 0.447803 2 2 0
129.217 0.448321 0.448321 2 2 0
129.317 0.44884 0.44884 2 2 0
129.417 0.449359 0.449359 2 2 0
129.517 0.449878 0.449878 2 2 0
129.617 0.450397 0.450397 2 2 0
129.717 0.450917 0.450917 2 2 0
129.817 0.451436 0.451436 2 2 0
129.917 0.451956 0.451956 2 2 0
130.017 0.452476 0.452476 2 2 0
130.117 0.452996 0.452996 2 2 0
130.217 0.453516 0.453516 2 2 0
130.317 0.454036 0.454036 2 2 0
130.417 0.454556 0.454556 2 2 0
130.517 0.455077 0.455077 2 2 0
130.617 0.455598 0.455598 2 2 0
130.717 0.456119 0.456119 2 2 0
130.817 0.45664 0.45664 2 2 0
130.917 0.457161 0.457161 2 2 0
131.017 0.457682 0.457682 2 2 0
131.117 0.458204 0.458204 2 2 0
131.217 0.458725 0.458725 2 2 0
131.317 0.459247 0.459247 2 2 0
131.417 0.459769 0.459769 2 2 0
131.517 0.460291 0.460291 2 2 0
131.617 0.460813 0.460813 2 2 0
131.717 0.461335 0.461335 2 2 0
131.817 0.461858 0.461858 2 2 0
131.917 0.46238 0.46238 2 2 0
132.017 0.462903 0.462903 2 2 0
132.117 0.463426 0.463426 2 2 0
132.217 0.463949 0.463949 2 2 0
132.317 0.464472 0.464472 2 2 0
132.417 0.464995 0.464995 2 2 0
132.517 0.465518 0.465518 2 2 0
132.617 0.466042 0.466042 2 2 0
132.717 0.466565 0.466565 2 2 0
132.817 0.467089 0.467089 2 2 0
132.917 0.467613 0.467613 2 2 0
133.017 0.468137 0.468137 2 2 0
133.117 0.468661 0.468661 2 2 0
133.217 0.469185 0.469185 2 2 0
133.317 0.469709 0.469709 2 2 0
133.417 0.470233 0.470233 2 2 0
133.517 0.470758 0.470758 2 2 0
133.617 0.471282 0.471282 2 2 0
133.717 0.471807 0.471807 2 2 0
133.817 0.472332 0.472332 2 2 0
133.917 0.472857 0.472857 2 2 0
134.017 0.473381 0.473381 2 2 0
134.117 0.473907 0.473907 2 2 0
134.217 0.474432 0.474432 2 2 0
134.317 0.474957 0.474957 2 2 0
134.417 0.475482 0.475482 2 2 0
134.517 0.476008 0.476008 2 2 0
134.617 0.476533 0.476533 2 2 0
134.717 0.477059 0.477059 2 2 0
134.817 0.477584 0.477584 2 2 0
134.917 0.47811 0.47811 2 2 0
135.017 0.478636 0.478636 2 2 0
135.117 0.479162 0.479162 2 2 0
135.217 0.479688 0.479688 2 2 0
135.317 0.480214 0.480214 2 2 0
135.417 0.48074 0.48074 2 2 0
135.517 0.481267 0.481267 2 2 0
135.617 0.481793 0.481793 2 2 0
135.717 0.482319 0.482319 2 2 0
135.817 0.482846 0.482846 2 2 0
135.917 0.483372 0.483372 2 2 0
136.017 0.483899 0.483899 2 2 0
136.117 0.484426 0.484426 2 2 0
136.217 0.484952 0.484952 2 2 0
136.317 0.485479 0.485479 2 2 0
136.417 0.486006 0.486006 2 2 0
136.517 0.486533 0.486533 2 2 0
136.617 0.48706 0.48706 2 2 0
136.717 0.487587 0.487587 2 2 0
136.817 0.488114 0.488114 2 2 0
136.917 0.488641 0.488641 2 2 0
137.017 0.489169 0.489169 2 2 0
137.117 0.489696 0.489696 2 2 0
137.217 0.490223 0.490223 2 2 0
137.317 0.490751 0.490751 2 2 0
137.417 0.491278 0.491278 2 2 0
137.417 0.491278 0.491278 2 2 0
137.457 0.491489 0.491489 2 2 0
137.497 0.4917 0.4917 2 2 0
137.577 0.492122 0.492122 2 2 0
137.677 0.49265 0.49265 2 2 0
137.777 0.493177 0.493177 2 2 0
137.877 0.493705 0.493705 2 2 0
137.977 0.494233 0.494233 2 2 0
138.077 0.49476 0.49476 2 2 0
138.177 0.495288 0.495288 2 2 0
138.277 0.495816 0.495816 2 2 0
138.377 0.496344 0.496344 2 2 0
138.477 0.496872 0.496872 2 2 0
138.577 0.4974 0.4974 2 2 0
138.677 0.497928 0.497928 2 2 0
138.777 0.498455 0.498455 2 2 0
138.877 0.498983 0.498983 2 2 0
138.977 0.499512 0.499512 2 2 0
139.077 0.50004 0.50004 2 2 0
139.177 0.500568 0.500568 2 2 0
139.277 0.501096 0.501096 2 2 0
139.377 0.501624 0.501624 2 2 0
139.477 0.502152 0.502152 2 2 0
139.577 0.50268 0.50268 2 2 0
139.677 0.503208 0.503208 2 2 0
139.777 0.503736 0.503736 2 2 0
139.877 0.504265 0.504265 2 2 0
139.977 0.504793 0.504793 2 2 0
140.077 0.505321 0.505321 2 2 0
140.177 0.505849 0.505849 2 2 0
140.277 0.506378 0.506378 2 2 0
140.377 0.506906 0.506906 2 2 0
140.477 0.507434 0.507434 2 2 0
140.577 0.507962 0.507962 2 2 0
140.677 0.508491 0.508491 2 2 0
140.777 0.509019 0.509019 2 2 0
140.877 0.509547 0.509547 2 2 0
140.977 0.510075 0.510075 2 2 0
141.077 0.510604 0.510604 2 2 0
141.177 0.511132 0.511132 2 2 0
141.277 0.51166 0.51166 2 2 0
141.377 0.512188 0.512188 2 2 0
141.477 0.512717 0.512717 2 2 0
141.577 0.513245 0.513245 2 2 0
141.677 0.513773 0.513773 2 2 0
141.777 0.514301 0.514301 2 2 0
141.877 0.514829 0.514829 2 2 0
141.977 0.515357 0.515357 2 2 0
142.077 0.515886 0.515886 2 2 0
142.177 0.516414 0.516414 2 2 0
142.277 0.516942 0.516942 2 2 0
142.377 0.51747 0.51747 2 2 0
142.477 0.517998 0.517998 2 2 0
142.577 0.518526 0.518526 2 2 0
142.677 0.519054 0.519054 2 2 0
142.777 0.519582 0.519582 2 2 0
142.877 0.52011 0.52011 2 2 0
142.977 0.520638 0.520638 2 2 0
143.077 0.521166 0.521166 2 2 0
143.177 0.521693 0.521693 2 2 0
143.277 0.522221 0.522221 2 2 0
143.377 0.522749 0.522749 2 2 0
143.477 0.523277 0.523277 2 2 0
143.577 0.523804 0.523804 2 2 0
143.677 0.524332 0.524332 2 2 0
143.777 0.52486 0.52486 2 2 0
143.877 0.525387 0.525387 2 2 0
143.977 0.525915 0.525915 2 2 0
144.077 0.526442 0.526442 2 2 0
144.177 0.52697 0.52697 2 2 0
144.277 0.527497 0.527497 2 2 0
144.377 0.528024 0.528024 2 2 0
144.477 0.528552 0.528552 2 2 0
144.577 0.529079 0.529079 2 2 0
144.677 0.529606 0.529606 2 2 0
144.777 0.530133 0.530133 2 2 0
144.877 0.53066 0.53066 2 2 0
144.977 0.531187 0.531187 2 2 0
145.077 0.531714 0.531714 2 2 0
145.177 0.532241 0.532241 2 2 0
145.277 0.532768 0.532768 2 2 0
145.377 0.533295 0.533295 2 2 0
145.477 0.533821 0.533821 2 2 0
145.577 0.534348 0.534348 2 2 0
145.677 0.534875 0.534875 2 2 0
145.777 0.535401 0.535401 2 2 0
145.877 0.535928 0.535928 2 2 0
145.977 0.536454 0.536454 2 2 0
146.077 0.53698 0.53698 2 2 0
146.177 0.537506 0.537506 2 2 0
146.277 0.538032 0.538032 2 2 0
146.377 0.538559 0.538559 2 2 0
146.477 0.539085 0.539085 2 2 0
146.577 0.53961 0.53961 2 2 0
146.677 0.540136 0.540136 2 2 0
146.777 0.540662 0.540662 2 2 0
146.877 0.541188 0.541188 2 2 0
146.977 0.541713 0.541713 2 2 0
147.077 0.542239 0.542239 2 2 0
147.177 0.542764 0.542764 2 2 0
147.277 0.543289 0.543289 2 2 0
147.377 0.543814 0.543814 2 2 0
147.477 0.54434 0.54434 2 2 0
147.577 0.544865 0.544865 2 2 0
147.677 0.545389 0.545389 2 2 0
147.777 0.545914 0.545914 2 2 0
147.877 0.546439 0.546439 2 2 0
147.977 0.546964 0.546964 2 2 0
148.077 0.547488 0.547488 2 2 0
148.177 0.548013 0.548013 2 2 0
148.277 0.548537 0.548537 2 2 0
148.377 0.549061 0.549061 2 2 0
148.477 0.549585 0.549585 2 2 0
148.577 0.550109 0.550109 2 2 0
148.677 0.550633 0.550633 2 2 0
148.777 0.551157 0.551157 2 2 0
148.877 0.551681 0.551681 2 2 0
148.977 0.552204 0.552204 2 2 0
149.077 0.552728 0.552728 2 2 0
149.177 0.553251 0.553251 2 2 0
149.277 0.553774 0.553774 2 2 0
149.377 0.554297 0.554297 2 2 0
149.477 0.55482 0.55482 2 2 0
149.577 0.555343 0.555343 2 2 0
149.677 0.555866 0.555866 2 2 0
149.777 0.556388 0.556388 2 2 0
149.877 0.556911 0.556911 2 2 0
149.977 0.557433 0.557433 2 2 0
150.077 0.557956 0.557956 2 2 0
150.177 0.558478 0.558478 2 2 0
150.277 0.559 0.559 2 2 0
150.377 0.559522 0.559522 2 2 0
150.477 0.560043 0.560043 2 2 0
150.577 0.560565 0.560565 2 2 0
150.677 0.561086 0.561086 2 2 0
150.777 0.561608 0.561608 2 2 0
150.877 0.562129 0.562129 2 2 0
150.977 0.56265 0.56265 2 2 0
151.077 0.563171 0.563171 2 2 0
151.177 0.563692 0.563692 2 2 0
151.277 0.564212 0.564212 2 2 0
151.377 0.564733 0.564733 2 2 0
151.477 0.565253 0.565253 2 2 0
151.577 0.565773 0.565773 2 2 0
151.677 0.566293 0.566293 2 2 0
151.777 0.566813 0.566813 2 2 0
151.877 0.567333 0.567333 2 2 0
151.977 0.567853 0.567853 2 2 0
152.077 0.568372 0.568372 2 2 0
152.177 0.568891 0.568891 2 2 0
152.277 0.56941 0.56941 2 2 0
152.377 0.569929 0.569929 2 2 0
152.477 0.570448 0.570448 2 2 0
152.577 0.570967 0.570967 2 2 0
152.677 0.571485 0.571485 2 2 0
152.777 0.572004 0.572004 2 2 0
152.877 0.572522 0.572522 2 2 0
152.977 0.57304 0.57304 2 2 0
153.077 0.573558 0.573558 2 2 0
153.177 0.574076 0.574076 2 2 0
153.277 0.574593 0.574593 2 2 0
153.377 0.575111 0.575111 2 2 0
153.477 0.575628 0.575628 2 2 0
153.577 0.576145 0.576145 2 2 0
153.677 0.576662 0.576662 2 2 0
153.777 0.577178 0.577178 2 2 0
153.877 0.577695 0.577695 2 2 0
153.977 0.578211 0.578211 2 2 0
154.077 0.578727 0.578727 2 2 0
154.177 0.579243 0.579243 2 2 0
154.277 0.579759 0.579759 2 2 0
154.377 0.580275 0.580275 2 2 0
154.477 0.58079 0.58079 2 2 0
154.577 0.581306 0.581306 2 2 0
154.677 0.581821 0.581821 2 2 0
154.777 0.582336 0.582336 2 2 0
154.877 0.58285 0.58285 2 2 0
154.977 0.583365 0.583365 2 2 0
155.077 0.583879 0.583879 2 2 0
155.177 0.584393 0.584393 2 2 0
155.277 0.584907 0.584907 2 2 0
155.377 0.585421 0.585421 2 2 0
155.477 0.585935 0.585935 2 2 0
155.577 0.586448 0.586448 2 2 0
155.677 0.586961 0.586961 2 2 0
155.777 0.587474 0.587474 2 2 0
155.877 0.587987 0.587987 2 2 0
155.977 0.5885 0.5885 2 2 0
156.077 0.589012 0.589012 2 2 0
156.177 0.589524 0.589524 2 2 0
156.277 0.590036 0.590036 2 2 0
156.377 0.590548 0.590548 2 2 0
156.477 0.59106 0.59106 2 2 0
156.577 0.591571 0.591571 2 2 0
156.677 0.592082 0.592082 2 2 0
156.777 0.592593 0.592593 2 2 0
156.877 0.593104 0.593104 2 2 0
156.977 0.593614 0.593614 2 2 0
157.077 0.594125 0.594125 2 2 0
157.177 0.594635 0.594635 2 2 0
157.177 0.594635 0.594635 2 2 0
157.217 0.594839 0.594839 2 2 0
157.257 0.595043 0.595043 2 2 0
157.337 0.595451 0.595451 2 2 0
157.437 0.59596 0.59596 2 2 0
157.537 0.59647 0.59647 2 2 0
157.637 0.596979 0.596979 2 2 0
157.737 0.597488 0.597488 2 2 0
157.837 0.597996 0.597996 2 2 0
157.937 0.598505 0.598505 2 2 0
158.037 0.599013 0.599013 2 2 0
158.137 0.599521 0.599521 2 2 0
158.237 0.600029 0.600029 2 2 0
158.337 0.600537 0.600537 2 2 0
158.437 0.601044 0.601044 2 2 0
158.537 0.601551 0.601551 2 2 0
158.637 0.602058 0.602058 2 2 0
158.737 0.602565 0.602565 2 2 0
158.837 0.603071 0.603071 2 2 0
158.937 0.603577 0.603577 2 2 0
159.037 0.604083 0.604083 2 2 0
159.137 0.604589 0.604589 2 2 0
159.237 0.605095 0.605095 2 2 0
159.337 0.6056 0.6056 2 2 0
159.437 0.606105 0.606105 2 2 0
159.537 0.60661 0.60661 2 2 0
159.637 0.607114 0.607114 2 2 0
159.737 0.607619 0.607619 2 2 0
159.837 0.608123 0.608123 2 2 0
159.937 0.608627 0.608627 2 2 0
160.037 0.60913 0.60913 2 2 0
160.137 0.609634 0.609634 2 2 0
160.237 0.610137 0.610137 2 2 0
160.337 0.61064 0.61064 2 2 0
160.437 0.611142 0.611142 2 2 0
160.537 0.611645 0.611645 2 2 0
160.637 0.612147 0.612147 2 2 0
160.737 0.612649 0.612649 2 2 0
160.837 0.61315 0.61315 2 2 0
160.937 0.613652 0.613652 2 2 0
161.037 0.614153 0.614153 2 2 0
161.136 0.614654 0.614654 2 2 0
161.236 0.615154 0.615154 2 2 0
161.336 0.615655 0.615655 2 2 0
161.436 0.616155 0.616155 2 2 0
161.536 0.616655 0.616655 2 2 0
161.636 0.617154 0.617154 2 2 0
161.736 0.617654 0.617654 2 2 0
161.836 0.618153 0.618153 2 2 0
161.936 0.618652 0.618652 2 2 0
162.036 0.61915 0.61915 2 2 0
162.136 0.619648 0.619648 2 2 0
162.236 0.620146 0.620146 2 2 0
162.336 0.620644 0.620644 2 2 0
162.436 0.621142 0.621142 2 2 0
162.536 0.621639 0.621639 2 2 0
162.636 0.622136 0.622136 2 2 0
162.736 0.622633 0.622633 2 2 0
162.836 0.623129 0.623129 2 2 0
162.936 0.623625 0.623625 2 2 0
163.036 0.624121 0.624121 2 2 0
163.136 0.624617 0.624617 2 2 0
163.236 0.625112 0.625112 2 2 0
163.336 0.625607 0.625607 2 2 0
163.436 0.626102 0.626102 2 2 0
163.536 0.626596 0.626596 2 2 0
163.636 0.62709 0.62709 2 2 0
163.736 0.627584 0.627584 2 2 0
163.836 0.628078 0.628078 2 2 0
163.936 0.628571 0.628571 2 2 0
164.036 0.629064 0.629064 2 2 0
164.136 0.629557 0.629557 2 2 0
164.236 0.63005 0.63005 2 2 0
164.336 0.630542 0.630542 2 2 0
164.436 0.631034 0.631034 2 2 0
164.536 0.631526 0.631526 2 2 0
164.636 0.632017 0.632017 2 2 0
164.736 0.632508 0.632508 2 2 0
164.836 0.632999 0.632999 2 2 0
164.936 0.633489 0.633489 2 2 0
165.036 0.63398 0.63398 2 2 0
165.136 0.634469 0.634469 2 2 0
165.236 0.634959 0.634959 2 2 0
165.336 0.635448 0.635448 2 2 0
165.436 0.635937 0.635937 2 2 0
165.536 0.636426 0.636426 2 2 0
165.636 0.636915 0.636915 2 2 0
165.736 0.637403 0.637403 2 2 0
165.836 0.637891 0.637891 2 2 0
165.936 0.638378 0.638378 2 2 0
166.036 0.638865 0.638865 2 2 0
166.136 0.639352 0.639352 2 2 0
166.236 0.639839 0.639839 2 2 0
166.336 0.640325 0.640325 2 2 0
166.436 0.640811 0.640811 2 2 0
166.536 0.641297 0.641297 2 2 0
166.636 0.641783 0.641783 2 2 0
166.736 0.642268 0.642268 2 2 0
166.836 0.642753 0.642753 2 2 0
166.936 0.643237 0.643237 2 2 0
167.036 0.643721 0.643721 2 2 0
167.136 0.644205 0.644205 2 2 0
167.236 0.644689 0.644689 2 2 0
167.336 0.645172 0.645172 2 2 0
167.436 0.645655 0.645655 2 2 0
167.536 0.646138 0.646138 2 2 0
167.636 0.64662 0.64662 2 2 0
167.736 0.647102 0.647102 2 2 0
167.836 0.647584 0.647584 2 2 0
167.936 0.648065 0.648065 2 2 0
168.036 0.648546 0.648546 2 2 0
168.136 0.649027 0.649027 2 2 0
168.236 0.649507 0.649507 2 2 0
168.336 0.649988 0.649988 2 2 0
168.436 0.650467 0.650467 2 2 0
168.536 0.650947 0.650947 2 2 0
168.636 0.651426 0.651426 2 2 0
168.736 0.651905 0.651905 2 2 0
168.836 0.652383 0.652383 2 2 0
168.936 0.652862 0.652862 2 2 0
169.036 0.653339 0.653339 2 2 0
169.136 0.653817 0.653817 2 2 0
169.236 0.654294 0.654294 2 2 0
169.336 0.654771 0.654771 2 2 0
169.436 0.655248 0.655248 2 2 0
169.536 0.655724 0.655724 2 2 0
169.636 0.6562 0.6562 2 2 0
169.736 0.656675 0.656675 2 2 0
169.836 0.657151 0.657151 2 2 0
169.936 0.657625 0.657625 2 2 0
170.036 0.6581 0.6581 2 2 0
170.136 0.658574 0.658574 2 2 0
170.236 0.659048 0.659048 2 2 0
170.336 0.659522 0.659522 2 2 0
170.436 0.659995 0.659995 2 2 0
170.536 0.660468 0.660468 2 2 0
170.636 0.66094 0.66094 2 2 0
170.736 0.661413 0.661413 2 2 0
170.836 0.661885 0.661885 2 2 0
170.936 0.662356 0.662356 2 2 0
171.036 0.662827 0.662827 2 2 0
171.136 0.663298 0.663298 2 2 0
171.236 0.663769 0.663769 2 2 0
171.336 0.664239 0.664239 2 2 0
171.436 0.664709 0.664709 2 2 0
171.536 0.665178 0.665178 2 2 0
171.636 0.665647 0.665647 2 2 0
171.736 0.666116 0.666116 2 2 0
171.836 0.666585 0.666585 2 2 0
171.936 0.667053 0.667053 2 2 0
172.036 0.667521 0.667521 2 2 0
172.136 0.667988 0.667988 2 2 0
172.236 0.668455 0.668455 2 2 0
172.336 0.668922 0.668922 2 2 0
172.436 0.669388 0.669388 2 2 0
172.536 0.669854 0.669854 2 2 0
172.636 0.67032 0.67032 2 2 0
172.736 0.670785 0.670785 2 2 0
172.836 0.67125 0.67125 2 2 0
172.936 0.671715 0.671715 2 2 0
173.036 0.672179 0.672179 2 2 0
173.136 0.672643 0.672643 2 2 0
173.236 0.673106 0.673106 2 2 0
173.336 0.67357 0.67357 2 2 0
173.436 0.674032 0.674032 2 2 0
173.536 0.674495 0.674495 2 2 0
173.636 0.674957 0.674957 2 2 0
173.736 0.675419 0.675419 2 2 0
173.836 0.67588 0.67588 2 2 0
173.936 0.676341 0.676341 2 2 0
174.036 0.676802 0.676802 2 2 0
174.136 0.677262 0.677262 2 2 0
174.236 0.677722 0.677722 2 2 0
174.336 0.678182 0.678182 2 2 0
174.436 0.678641 0.678641 2 2 0
174.536 0.6791 0.6791 2 2 0
174.636 0.679559 0.679559 2 2 0
174.736 0.680017 0.680017 2 2 0
174.836 0.680474 0.680474 2 2 0
174.936 0.680932 0.680932 2 2 0
175.036 0.681389 0.681389 2 2 0
175.136 0.681846 0.681846 2 2 0
175.236 0.682302 0.682302 2 2 0
175.336 0.682758 0.682758 2 2 0
175.436 0.683213 0.683213 2 2 0
175.536 0.683669 0.683669 2 2 0
175.636 0.684124 0.684124 2 2 0
175.736 0.684578 0.684578 2 2 0
175.836 0.685032 0.685032 2 2 0
175.936 0.685486 0.685486 2 2 0
176.036 0.685939 0.685939 2 2 0
176.136 0.686392 0.686392 2 2 0
176.236 0.686845 0.686845 2 2 0
176.336 0.687297 0.687297 2 2 0
176.436 0.687749 0.687749 2 2 0
176.536 0.6882 0.6882 2 2 0
176.636 0.688651 0.688651 2 2 0
176.736 0.689102 0.689102 2 2 0
176.836 0.689553 0.689553 2 2 0
176.936 0.690003 0.690003 2 2 0
176.936 0.690003 0.690003 2 2 0
176.976 0.690182 0.690182 2 2 0
177.016 0.690362 0.690362 2 2 0
177.096 0.690722 0.690722 2 2 0
177.196 0.691171 0.691171 2 2 0
177.296 0.691619 0.691619 2 2 0
177.396 0.692068 0.692068 2 2 0
177.496 0.692515 0.692515 2 2 0
177.596 0.692963 0.692963 2 2 0
177.696 0.69341 0.69341 2 2 0
177.796 0.693857 0.693857 2 2 0
177.896 0.694303 0.694303 2 2 0
177.996 0.694749 0.694749 2 2 0
178.096 0.695195 0.695195 2 2 0
178.196 0.69564 0.69564 2 2 0
178.296 0.696085 0.696085 2 2 0
178.396 0.696529 0.696529 2 2 0
178.496 0.696973 0.696973 2 2 0
178.596 0.697417 0.697417 2 2 0
178.696 0.69786 0.69786 2 2 0
178.796 0.698303 0.698303 2 2 0
178.896 0.698745 0.698745 2 2 0
178.996 0.699187 0.699187 2 2 0
179.096 0.699629 0.699629 2 2 0
179.196 0.70007 0.70007 2 2 0
179.296 0.700511 0.700511 2 2 0
179.396 0.700952 0.700952 2 2 0
179.496 0.701392 0.701392 2 2 0
179.596 0.701832 0.701832 2 2 0
179.696 0.702271 0.702271 2 2 0
179.796 0.70271 0.70271 2 2 0
179.896 0.703149 0.703149 2 2 0
179.996 0.703587 0.703587 2 2 0
180.096 0.704025 0.704025 2 2 0
180.196 0.704462 0.704462 2 2 0
180.296 0.704899 0.704899 2 2 0
180.396 0.705336 0.705336 2 2 0
180.496 0.705772 0.705772 2 2 0
180.596 0.706208 0.706208 2 2 0
180.696 0.706643 0.706643 2 2 0
180.796 0.707078 0.707078 2 2 0
180.896 0.707513 0.707513 2 2 0
180.996 0.707947 0.707947 2 2 0
181.096 0.708381 0.708381 2 2 0
181.196 0.708814 0.708814 2 2 0
181.296 0.709247 0.709247 2 2 0
181.396 0.70968 0.70968 2 2 0
181.496 0.710112 0.710112 2 2 0
181.596 0.710544 0.710544 2 2 0
181.696 0.710975 0.710975 2 2 0
181.796 0.711407 0.711407 2 2 0
181.896 0.711837 0.711837 2 2 0
181.996 0.712267 0.712267 2 2 0
182.096 0.712697 0.712697 2 2 0
182.196 0.713127 0.713127 2 2 0
182.296 0.713556 0.713556 2 2 0
182.396 0.713984 0.713984 2 2 0
182.496 0.714413 0.714413 2 2 0
182.596 0.71484 0.71484 2 2 0
182.696 0.715268 0.715268 2 2 0
182.796 0.715695 0.715695 2 2 0
182.896 0.716121 0.716121 2 2 0
182.996 0.716548 0.716548 2 2 0
183.096 0.716973 0.716973 2 2 0
183.196 0.717399 0.717399 2 2 0
183.296 0.717824 0.717824 2 2 0
183.396 0.718248 0.718248 2 2 0
183.496 0.718673 0.718673 2 2 0
183.596 0.719096 0.719096 2 2 0
183.696 0.71952 0.71952 2 2 0
183.796 0.719943 0.719943 2 2 0
183.896 0.720365 0.720365 2 2 0
183.996 0.720787 0.720787 2 2 0
184.096 0.721209 0.721209 2 2 0
184.196 0.72163 0.72163 2 2 0
184.296 0.722051 0.722051 2 2 0
184.396 0.722472 0.722472 2 2 0
184.496 0.722892 0.722892 2 2 0
184.596 0.723312 0.723312 2 2 0
184.696 0.723731 0.723731 2 2 0
184.796 0.72415 0.72415 2 2 0
184.896 0.724568 0.724568 2 2 0
184.996 0.724986 0.724986 2 2 0
185.096 0.725404 0.725404 2 2 0
185.196 0.725821 0.725821 2 2 0
185.296 0.726238 0.726238 2 2 0
185.396 0.726654 0.726654 2 2 0
185.496 0.72707 0.72707 2 2 0
185.596 0.727486 0.727486 2 2 0
185.696 0.727901 0.727901 2 2 0
185.796 0.728315 0.728315 2 2 0
185.896 0.72873 0.72873 2 2 0
185.996 0.729144 0.729144 2 2 0
186.096 0.729557 0.729557 2 2 0
186.196 0.72997 0.72997 2 2 0
186.296 0.730383 0.730383 2 2 0
186.396 0.730795 0.730795 2 2 0
186.496 0.731207 0.731207 2 2 0
186.596 0.731618 0.731618 2 2 0
186.696 0.732029 0.732029 2 2 0
186.796 0.73244 0.73244 2 2 0
186.896 0.73285 0.73285 2 2 0
186.996 0.73326 0.73326 2 2 0
187.096 0.733669 0.733669 2 2 0
187.196 0.734078 0.734078 2 2 0
187.296 0.734486 0.734486 2 2 0
187.396 0.734894 0.734894 2 2 0
187.496 0.735302 0.735302 2 2 0
187.596 0.735709 0.735709 2 2 0
187.696 0.736116 0.736116 2 2 0
187.796 0.736522 0.736522 2 2 0
187.896 0.736928 0.736928 2 2 0
187.996 0.737334 0.737334 2 2 0
188.096 0.737739 0.737739 2 2 0
188.196 0.738144 0.738144 2 2 0
188.296 0.738548 0.738548 2 2 0
188.396 0.738952 0.738952 2 2 0
188.496 0.739355 0.739355 2 2 0
188.596 0.739758 0.739758 2 2 0
188.696 0.740161 0.740161 2 2 0
188.796 0.740563 0.740563 2 2 0
188.896 0.740965 0.740965 2 2 0
188.996 0.741366 0.741366 2 2 0
189.096 0.741767 0.741767 2 2 0
189.196 0.742167 0.742167 2 2 0
189.296 0.742567 0.742567 2 2 0
189.396 0.742967 0.742967 2 2 0
189.496 0.743366 0.743366 2 2 0
189.596 0.743765 0.743765 2 2 0
189.696 0.744163 0.744163 2 2 0
189.796 0.744561 0.744561 2 2 0
189.896 0.744959 0.744959 2 2 0
189.996 0.745356 0.745356 2 2 0
190.096 0.745753 0.745753 2 2 0
190.196 0.746149 0.746149 2 2 0
190.296 0.746545 0.746545 2 2 0
190.396 0.74694 0.74694 2 2 0
190.496 0.747335 0.747335 2 2 0
190.596 0.747729 0.747729 2 2 0
190.696 0.748123 0.748123 2 2 0
190.796 0.748517 0.748517 2 2 0
190.896 0.74891 0.74891 2 2 0
190.996 0.749303 0.749303 2 2 0
191.096 0.749696 0.749696 2 2 0
191.196 0.750088 0.750088 2 2 0
191.296 0.750479 0.750479 2 2 0
191.396 0.75087 0.75087 2 2 0
191.496 0.751261 0.751261 2 2 0
191.596 0.751651 0.751651 2 2 0
191.696 0.752041 0.752041 2 2 0
191.796 0.75243 0.75243 2 2 0
191.896 0.752819 0.752819 2 2 0
191.996 0.753208 0.753208 2 2 0
192.096 0.753596 0.753596 2 2 0
192.196 0.753984 0.753984 2 2 0
192.296 0.754371 0.754371 2 2 0
192.396 0.754758 0.754758 2 2 0
192.496 0.755144 0.755144 2 2 0
192.596 0.75553 0.75553 2 2 0
192.696 0.755916 0.755916 2 2 0
192.796 0.756301 0.756301 2 2 0
192.896 0.756685 0.756685 2 2 0
192.996 0.75707 0.75707 2 2 0
193.096 0.757453 0.757453 2 2 0
193.196 0.757837 0.757837 2 2 0
193.296 0.75822 0.75822 2 2 0
193.396 0.758602 0.758602 2 2 0
193.496 0.758984 0.758984 2 2 0
193.596 0.759366 0.759366 2 2 0
193.696 0.759747 0.759747 2 2 0
193.796 0.760128 0.760128 2 2 0
193.896 0.760509 0.760509 2 2 0
193.996 0.760889 0.760889 2 2 0
194.096 0.761268 0.761268 2 2 0
194.196 0.761647 0.761647 2 2 0
194.296 0.762026 0.762026 2 2 0
194.396 0.762404 0.762404 2 2 0
194.496 0.762782 0.762782 2 2 0
194.596 0.763159 0.763159 2 2 0
194.696 0.763536 0.763536 2 2 0
194.796 0.763913 0.763913 2 2 0
194.896 0.764289 0.764289 2 2 0
194.996 0.764664 0.764664 2 2 0
195.096 0.76504 0.76504 2 2 0
195.196 0.765414 0.765414 2 2 0
195.296 0.765789 0.765789 2 2 0
195.396 0.766163 0.766163 2 2 0
195.496 0.766536 0.766536 2 2 0
195.596 0.766909 0.766909 2 2 0
195.696 0.767282 0.767282 2 2 0
195.796 0.767654 0.767654 2 2 0
195.896 0.768026 0.768026 2 2 0
195.996 0.768397 0.768397 2 2 0
196.096 0.768768 0.768768 2 2 0
196.196 0.769138 0.769138 2 2 0
196.296 0.769508 0.769508 2 2 0
196.396 0.769878 0.769878 2 2 0
196.496 0.770247 0.770247 2 2 0
196.596 0.770616 0.770616 2 2 0
196.696 0.770984 0.770984 2 2 0
196.696 0.770984 0.770984 2 2 0
196.736 0.771131 0.771131 2 2 0
196.776 0.771279 0.771279 2 2 0
196.856 0.771573 0.771573 2 2 0
196.956 0.77194 0.77194 2 2 0
197.056 0.772307 0.772307 2 2 0
197.156 0.772673 0.772673 2 2 0
197.256 0.773039 0.773039 2 2 0
197.356 0.773404 0.773404 2 2 0
197.456 0.773769 0.773769 2 2 0
197.556 0.774134 0.774134 2 2 0
197.656 0.774498 0.774498 2 2 0
197.756 0.774862 0.774862 2 2 0
197.856 0.775225 0.775225 2 2 0
197.956 0.775588 0.775588 2 2 0
198.056 0.77595 0.77595 2 2 0
198.156 0.776312 0.776312 2 2 0
198.256 0.776674 0.776674 2 2 0
198.356 0.777035 0.777035 2 2 0
198.456 0.777395 0.777395 2 2 0
198.556 0.777756 0.777756 2 2 0
198.656 0.778116 0.778116 2 2 0
198.756 0.778475 0.778475 2 2 0
198.856 0.778834 0.778834 2 2 0
198.956 0.779192 0.779192 2 2 0
199.056 0.779551 0.779551 2 2 0
199.156 0.779908 0.779908 2 2 0
199.256 0.780265 0.780265 2 2 0
199.356 0.780622 0.780622 2 2 0
199.456 0.780979 0.780979 2 2 0
199.556 0.781334 0.781334 2 2 0
199.656 0.78169 0.78169 2 2 0
199.756 0.782045 0.782045 2 2 0
199.856 0.7824 0.7824 2 2 0
199.956 0.782754 0.782754 2 2 0
200.056 0.783108 0.783108 2 2 0
200.156 0.783461 0.783461 2 2 0
200.256 0.783814 0.783814 2 2 0
200.356 0.784166 0.784166 2 2 0
200.456 0.784518 0.784518 2 2 0
200.556 0.78487 0.78487 2 2 0
200.656 0.785221 0.785221 2 2 0
200.756 0.785572 0.785572 2 2 0
200.856 0.785922 0.785922 2 2 0
200.956 0.786272 0.786272 2 2 0
201.056 0.786621 0.786621 2 2 0
201.156 0.78697 0.78697 2 2 0
201.256 0.787319 0.787319 2 2 0
201.356 0.787667 0.787667 2 2 0
201.456 0.788015 0.788015 2 2 0
201.556 0.788362 0.788362 2 2 0
201.656 0.788709 0.788709 2 2 0
201.756 0.789055 0.789055 2 2 0
201.856 0.789401 0.789401 2 2 0
201.956 0.789747 0.789747 2 2 0
202.056 0.790092 0.790092 2 2 0
202.156 0.790437 0.790437 2 2 0
202.256 0.790781 0.790781 2 2 0
202.356 0.791125 0.791125 2 2 0
202.456 0.791468 0.791468 2 2 0
202.556 0.791811 0.791811 2 2 0
202.656 0.792154 0.792154 2 2 0
202.756 0.792496 0.792496 2 2 0
202.856 0.792838 0.792838 2 2 0
202.956 0.793179 0.793179 2 2 0
203.056 0.79352 0.79352 2 2 0
203.156 0.79386 0.79386 2 2 0
203.256 0.7942 0.7942 2 2 0
203.356 0.794539 0.794539 2 2 0
203.456 0.794879 0.794879 2 2 0
203.556 0.795217 0.795217 2 2 0
203.656 0.795555 0.795555 2 2 0
203.756 0.795893 0.795893 2 2 0
203.856 0.796231 0.796231 2 2 0
203.956 0.796568 0.796568 2 2 0
204.056 0.796904 0.796904 2 2 0
204.156 0.79724 0.79724 2 2 0
204.256 0.797576 0.797576 2 2 0
204.356 0.797911 0.797911 2 2 0
204.456 0.798246 0.798246 2 2 0
204.556 0.79858 0.79858 2 2 0
204.656 0.798914 0.798914 2 2 0
204.756 0.799248 0.799248 2 2 0
204.856 0.799581 0.799581 2 2 0
204.956 0.799913 0.799913 2 2 0
205.056 0.800246 0.800246 2 2 0
205.156 0.800577 0.800577 2 2 0
205.256 0.800909 0.800909 2 2 0
205.356 0.80124 0.80124 2 2 0
205.456 0.80157 0.80157 2 2 0
205.556 0.8019 0.8019 2 2 0
205.656 0.80223 0.80223 2 2 0
205.756 0.802559 0.802559 2 2 0
205.856 0.802888 0.802888 2 2 0
205.956 0.803216 0.803216 2 2 0
206.056 0.803544 0.803544 2 2 0
206.156 0.803872 0.803872 2 2 0
206.256 0.804199 0.804199 2 2 0
206.356 0.804525 0.804525 2 2 0
206.456 0.804852 0.804852 2 2 0
206.556 0.805178 0.805178 2 2 0
206.656 0.805503 0.805503 2 2 0
206.756 0.805828 0.805828 2 2 0
206.856 0.806152 0.806152 2 2 0
206.956 0.806476 0.806476 2 2 0
207.056 0.8068 0.8068 2 2 0
207.156 0.807123 0.807123 2 2 0
207.256 0.807446 0.807446 2 2 0
207.356 0.807769 0.807769 2 2 0
207.456 0.808091 0.808091 2 2 0
207.556 0.808412 0.808412 2 2 0
207.656 0.808733 0.808733 2 2 0
207.756 0.809054 0.809054 2 2 0
207.856 0.809374 0.809374 2 2 0
207.956 0.809694 0.809694 2 2 0
208.056 0.810013 0.810013 2 2 0
208.156 0.810332 0.810332 2 2 0
208.256 0.810651 0.810651 2 2 0
208.356 0.810969 0.810969 2 2 0
208.456 0.811287 0.811287 2 2 0
208.556 0.811604 0.811604 2 2 0
208.656 0.811921 0.811921 2 2 0
208.756 0.812238 0.812238 2 2 0
208.856 0.812554 0.812554 2 2 0
208.956 0.812869 0.812869 2 2 0
209.056 0.813184 0.813184 2 2 0
209.156 0.813499 0.813499 2 2 0
209.256 0.813813 0.813813 2 2 0
209.356 0.814127 0.814127 2 2 0
209.456 0.814441 0.814441 2 2 0
209.556 0.814754 0.814754 2 2 0
209.656 0.815067 0.815067 2 2 0
209.756 0.815379 0.815379 2 2 0
209.856 0.815691 0.815691 2 2 0
209.956 0.816002 0.816002 2 2 0
210.056 0.816313 0.816313 2 2 0
210.156 0.816624 0.816624 2 2 0
210.256 0.816934 0.816934 2 2 0
210.356 0.817243 0.817243 2 2 0
210.456 0.817553 0.817553 2 2 0
210.556 0.817862 0.817862 2 2 0
210.656 0.81817 0.81817 2 2 0
210.756 0.818478 0.818478 2 2 0
210.856 0.818786 0.818786 2 2 0
210.956 0.819093 0.819093 2 2 0
211.056 0.8194 0.8194 2 2 0
211.156 0.819706 0.819706 2 2 0
211.256 0.820012 0.820012 2 2 0
211.356 0.820317 0.820317 2 2 0
211.456 0.820622 0.820622 2 2 0
211.556 0.820927 0.820927 2 2 0
211.656 0.821231 0.821231 2 2 0
211.756 0.821535 0.821535 2 2 0
211.856 0.821839 0.821839 2 2 0
211.956 0.822142 0.822142 2 2 0
212.056 0.822444 0.822444 2 2 0
212.156 0.822746 0.822746 2 2 0
212.256 0.823048 0.823048 2 2 0
212.356 0.82335 0.82335 2 2 0
212.456 0.82365 0.82365 2 2 0
212.556 0.823951 0.823951 2 2 0
212.656 0.824251 0.824251 2 2 0
212.756 0.824551 0.824551 2 2 0
212.856 0.82485 0.82485 2 2 0
212.956 0.825149 0.825149 2 2 0
213.056 0.825447 0.825447 2 2 0
213.156 0.825745 0.825745 2 2 0
213.256 0.826043 0.826043 2 2 0
213.356 0.82634 0.82634 2 2 0
213.456 0.826637 0.826637 2 2 0
213.556 0.826933 0.826933 2 2 0
213.656 0.827229 0.827229 2 2 0
213.756 0.827525 0.827525 2 2 0
213.856 0.82782 0.82782 2 2 0
213.956 0.828115 0.828115 2 2 0
214.056 0.828409 0.828409 2 2 0
214.156 0.828703 0.828703 2 2 0
214.256 0.828996 0.828996 2 2 0
214.356 0.829289 0.829289 2 2 0
214.456 0.829582 0.829582 2 2 0
214.556 0.829874 0.829874 2 2 0
214.656 0.830166 0.830166 2 2 0
214.756 0.830458 0.830458 2 2 0
214.856 0.830749 0.830749 2 2 0
214.956 0.831039 0.831039 2 2 0
215.056 0.831329 0.831329 2 2 0
215.156 0.831619 0.831619 2 2 0
215.256 0.831909 0.831909 2 2 0
215.356 0.832198 0.832198 2 2 0
215.456 0.832486 0.832486 2 2 0
215.556 0.832774 0.832774 2 2 0
215.656 0.833062 0.833062 2 2 0
215.756 0.833349 0.833349 2 2 0
215.856 0.833636 0.833636 2 2 0
215.956 0.833923 0.833923 2 2 0
216.056 0.834209 0.834209 2 2 0
216.156 0.834495 0.834495 2 2 0
216.256 0.83478 0.83478 2 2 0
216.356 0.835065 0.835065 2 2 0
216.456 0.835349 0.835349 2 2 0
216.456 0.835349 0.835349 2 2 0
216.496 0.835463 0.835463 2 2 0
216.536 0.835577 0.835577 2 2 0
216.616 0.835804 0.835804 2 2 0
216.716 0.836087 0.836087 2 2 0
216.816 0.83637 0.83637 2 2 0
216.916 0.836653 0.836653 2 2 0
217.016 0.836935 0.836935 2 2 0
217.116 0.837217 0.837217 2 2 0
217.216 0.837498 0.837498 2 2 0
217.316 0.837779 0.837779 2 2 0
217.416 0.83806 0.83806 2 2 0
217.516 0.83834 0.83834 2 2 0
217.616 0.83862 0.83862 2 2 0
217.716 0.838899 0.838899 2 2 0
217.816 0.839178 0.839178 2 2 0
217.916 0.839457 0.839457 2 2 0
218.016 0.839735 0.839735 2 2 0
218.116 0.840013 0.840013 2 2 0
218.216 0.84029 0.84029 2 2 0
218.316 0.840567 0.840567 2 2 0
218.416 0.840844 0.840844 2 2 0
218.516 0.84112 0.84112 2 2 0
218.616 0.841396 0.841396 2 2 0
218.716 0.841671 0.841671 2 2 0
218.816 0.841946 0.841946 2 2 0
218.916 0.842221 0.842221 2 2 0
219.016 0.842495 0.842495 2 2 0
219.116 0.842769 0.842769 2 2 0
219.216 0.843042 0.843042 2 2 0
219.316 0.843315 0.843315 2 2 0
219.416 0.843588 0.843588 2 2 0
219.516 0.84386 0.84386 2 2 0
219.616 0.844132 0.844132 2 2 0
219.716 0.844403 0.844403 2 2 0
219.816 0.844674 0.844674 2 2 0
219.916 0.844945 0.844945 2 2 0
220.016 0.845215 0.845215 2 2 0
220.116 0.845485 0.845485 2 2 0
220.216 0.845754 0.845754 2 2 0
220.316 0.846023 0.846023 2 2 0
220.416 0.846292 0.846292 2 2 0
220.516 0.84656 0.84656 2 2 0
220.616 0.846828 0.846828 2 2 0
220.716 0.847096 0.847096 2 2 0
220.816 0.847363 0.847363 2 2 0
220.916 0.847629 0.847629 2 2 0
221.016 0.847896 0.847896 2 2 0
221.116 0.848161 0.848161 2 2 0
221.216 0.848427 0.848427 2 2 0
221.316 0.848692 0.848692 2 2 0
221.416 0.848957 0.848957 2 2 0
221.516 0.849221 0.849221 2 2 0
221.616 0.849485 0.849485 2 2 0
221.716 0.849749 0.849749 2 2 0
221.816 0.850012 0.850012 2 2 0
221.916 0.850274 0.850274 2 2 0
222.016 0.850537 0.850537 2 2 0
222.116 0.850799 0.850799 2 2 0
222.216 0.85106 0.85106 2 2 0
222.316 0.851322 0.851322 2 2 0
222.416 0.851582 0.851582 2 2 0
222.516 0.851843 0.851843 2 2 0
222.616 0.852103 0.852103 2 2 0
222.716 0.852362 0.852362 2 2 0
222.816 0.852622 0.852622 2 2 0
222.916 0.852881 0.852881 2 2 0
223.016 0.853139 0.853139 2 2 0
223.116 0.853397 0.853397 2 2 0
223.216 0.853655 0.853655 2 2 0
223.316 0.853912 0.853912 2 2 0
223.416 0.854169 0.854169 2 2 0
223.516 0.854426 0.854426 2 2 0
223.616 0.854682 0.854682 2 2 0
223.716 0.854938 0.854938 2 2 0
223.816 0.855193 0.855193 2 2 0
223.916 0.855448 0.855448 2 2 0
224.016 0.855703 0.855703 2 2 0
224.116 0.855957 0.855957 2 2 0
224.216 0.856211 0.856211 2 2 0
224.316 0.856464 0.856464 2 2 0
224.416 0.856718 0.856718 2 2 0
224.516 0.85697 0.85697 2 2 0
224.616 0.857223 0.857223 2 2 0
224.716 0.857475 0.857475 2 2 0
224.816 0.857726 0.857726 2 2 0
224.916 0.857977 0.857977 2 2 0
225.016 0.858228 0.858228 2 2 0
225.116 0.858479 0.858479 2 2 0
225.216 0.858729 0.858729 2 2 0
225.316 0.858979 0.858979 2 2 0
225.416 0.859228 0.859228 2 2 0
225.516 0.859477 0.859477 2 2 0
225.616 0.859725 0.859725 2 2 0
225.716 0.859974 0.859974 2 2 0
225.816 0.860221 0.860221 2 2 0
225.916 0.860469 0.860469 2 2 0
226.016 0.860716 0.860716 2 2 0
226.116 0.860962 0.860962 2 2 0
226.216 0.861209 0.861209 2 2 0
226.316 0.861455 0.861455 2 2 0
226.416 0.8617 0.8617 2 2 0
226.516 0.861945 0.861945 2 2 0
226.616 0.86219 0.86219 2 2 0
226.716 0.862435 0.862435 2 2 0
226.816 0.862679 0.862679 2 2 0
226.916 0.862922 0.862922 2 2 0
227.016 0.863166 0.863166 2 2 0
227.116 0.863409 0.863409 2 2 0
227.216 0.863651 0.863651 2 2 0
227.316 0.863893 0.863893 2 2 0
227.416 0.864135 0.864135 2 2 0
227.516 0.864377 0.864377 2 2 0
227.616 0.864618 0.864618 2 2 0
227.716 0.864858 0.864858 2 2 0
227.816 0.865099 0.865099 2 2 0
227.916 0.865339 0.865339 2 2 0
228.016 0.865578 0.865578 2 2 0
228.116 0.865818 0.865818 2 2 0
228.216 0.866056 0.866056 2 2 0
228.316 0.866295 0.866295 2 2 0
228.416 0.866533 0.866533 2 2 0
228.516 0.866771 0.866771 2 2 0
228.616 0.867008 0.867008 2 2 0
228.716 0.867245 0.867245 2 2 0
228.816 0.867482 0.867482 2 2 0
228.916 0.867718 0.867718 2 2 0
229.016 0.867954 0.867954 2 2 0
229.116 0.86819 0.86819 2 2 0
229.216 0.868425 0.868425 2 2 0
229.316 0.86866 0.86866 2 2 0
229.416 0.868894 0.868894 2 2 0
229.516 0.869128 0.869128 2 2 0
229.616 0.869362 0.869362 2 2 0
229.716 0.869595 0.869595 2 2 0
229.816 0.869828 0.869828 2 2 0
229.916 0.870061 0.870061 2 2 0
230.016 0.870293 0.870293 2 2 0
230.116 0.870525 0.870525 2 2 0
230.216 0.870757 0.870757 2 2 0
230.316 0.870988 0.870988 2 2 0
230.416 0.871219 0.871219 2 2 0
230.516 0.871449 0.871449 2 2 0
230.616 0.871679 0.871679 2 2 0
230.716 0.871909 0.871909 2 2 0
230.816 0.872138 0.872138 2 2 0
230.916 0.872368 0.872368 2 2 0
231.016 0.872596 0.872596 2 2 0
231.116 0.872825 0.872825 2 2 0
231.216 0.873052 0.873052 2 2 0
231.316 0.87328 0.87328 2 2 0
231.416 0.873507 0.873507 2 2 0
231.516 0.873734 0.873734 2 2 0
231.616 0.873961 0.873961 2 2 0
231.716 0.874187 0.874187 2 2 0
231.816 0.874413 0.874413 2 2 0
231.916 0.874638 0.874638 2 2 0
232.016 0.874863 0.874863 2 2 0
232.116 0.875088 0.875088 2 2 0
232.216 0.875313 0.875313 2 2 0
232.316 0.875537 0.875537 2 2 0
232.416 0.87576 0.87576 2 2 0
232.516 0.875984 0.875984 2 2 0
232.616 0.876207 0.876207 2 2 0
232.716 0.876429 0.876429 2 2 0
232.816 0.876652 0.876652 2 2 0
232.916 0.876874 0.876874 2 2 0
233.016 0.877095 0.877095 2 2 0
233.116 0.877316 0.877316 2 2 0
233.216 0.877537 0.877537 2 2 0
233.316 0.877758 0.877758 2 2 0
233.416 0.877978 0.877978 2 2 0
233.516 0.878198 0.878198 2 2 0
233.616 0.878417 0.878417 2 2 0
233.716 0.878636 0.878636 2 2 0
233.816 0.878855 0.878855 2 2 0
233.916 0.879074 0.879074 2 2 0
234.016 0.879292 0.879292 2 2 0
234.116 0.879509 0.879509 2 2 0
234.216 0.879727 0.879727 2 2 0
234.316 0.879944 0.879944 2 2 0
234.416 0.880161 0.880161 2 2 0
234.516 0.880377 0.880377 2 2 0
234.616 0.880593 0.880593 2 2 0
234.716 0.880809 0.880809 2 2 0
234.816 0.881024 0.881024 2 2 0
234.916 0.881239 0.881239 2 2 0
235.016 0.881454 0.881454 2 2 0
235.116 0.881668 0.881668 2 2 0
235.216 0.881882 0.881882 2 2 0
235.316 0.882096 0.882096 2 2 0
235.416 0.882309 0.882309 2 2 0
235.516 0.882522 0.882522 2 2 0
235.616 0.882734 0.882734 2 2 0
235.716 0.882947 0.882947 2 2 0
235.816 0.883158 0.883158 2 2 0
235.916 0.88337 0.88337 2 2 0
236.016 0.883581 0.883581 2 2 0
236.116 0.883792 0.883792 2 2 0
236.216 0.884003 0.884003 2 2 0
236.216 0.884003 0.884003 2 2 0
236.256 0.884087 0.884087 2 2 0
236.296 0.884171 0.884171 2 2 0
236.376 0.884339 0.884339 2 2 0
236.476 0.884549 0.884549 2 2 0
236.576 0.884758 0.884758 2 2 0
236.676 0.884967 0.884967 2 2 0
236.776 0.885176 0.885176 2 2 0
236.876 0.885384 0.885384 2 2 0
236.976 0.885592 0.885592 2 2 0
237.076 0.885799 0.885799 2 2 0
237.176 0.886007 0.886007 2 2 0
237.276 0.886214 0.886214 2 2 0
237.376 0.88642 0.88642 2 2 0
237.476 0.886627 0.886627 2 2 0
237.576 0.886833 0.886833 2 2 0
237.676 0.887038 0.887038 2 2 0
237.776 0.887244 0.887244 2 2 0
237.876 0.887449 0.887449 2 2 0
237.976 0.887653 0.887653 2 2 0
238.076 0.887858 0.887858 2 2 0
238.176 0.888062 0.888062 2 2 0
238.276 0.888265 0.888265 2 2 0
238.376 0.888469 0.888469 2 2 0
238.476 0.888671 0.888671 2 2 0
238.576 0.888874 0.888874 2 2 0
238.676 0.889076 0.889076 2 2 0
238.776 0.889278 0.889278 2 2 0
238.876 0.88948 0.88948 2 2 0
238.976 0.889681 0.889681 2 2 0
239.076 0.889883 0.889883 2 2 0
239.176 0.890083 0.890083 2 2 0
239.276 0.890284 0.890284 2 2 0
239.376 0.890484 0.890484 2 2 0
239.476 0.890683 0.890683 2 2 0
239.576 0.890883 0.890883 2 2 0
239.676 0.891082 0.891082 2 2 0
239.776 0.89128 0.89128 2 2 0
239.876 0.891479 0.891479 2 2 0
239.976 0.891677 0.891677 2 2 0
240.076 0.891875 0.891875 2 2 0
240.176 0.892072 0.892072 2 2 0
240.276 0.892269 0.892269 2 2 0
240.376 0.892466 0.892466 2 2 0
240.476 0.892662 0.892662 2 2 0
240.576 0.892859 0.892859 2 2 0
240.676 0.893054 0.893054 2 2 0
240.776 0.89325 0.89325 2 2 0
240.876 0.893445 0.893445 2 2 0
240.976 0.89364 0.89364 2 2 0
241.076 0.893834 0.893834 2 2 0
241.176 0.894029 0.894029 2 2 0
241.276 0.894223 0.894223 2 2 0
241.376 0.894416 0.894416 2 2 0
241.476 0.894609 0.894609 2 2 0
241.576 0.894802 0.894802 2 2 0
241.676 0.894995 0.894995 2 2 0
241.776 0.895187 0.895187 2 2 0
241.876 0.895379 0.895379 2 2 0
241.976 0.895571 0.895571 2 2 0
242.076 0.895762 0.895762 2 2 0
242.176 0.895953 0.895953 2 2 0
242.276 0.896144 0.896144 2 2 0
242.376 0.896334 0.896334 2 2 0
242.476 0.896525 0.896525 2 2 0
242.576 0.896714 0.896714 2 2 0
242.676 0.896904 0.896904 2 2 0
242.776 0.897093 0.897093 2 2 0
242.876 0.897282 0.897282 2 2 0
242.976 0.89747 0.89747 2 2 0
243.076 0.897658 0.897658 2 2 0
243.176 0.897846 0.897846 2 2 0
243.276 0.898034 0.898034 2 2 0
243.376 0.898221 0.898221 2 2 0
243.476 0.898408 0.898408 2 2 0
243.576 0.898595 0.898595 2 2 0
243.676 0.898781 0.898781 2 2 0
243.776 0.898967 0.898967 2 2 0
243.876 0.899153 0.899153 2 2 0
243.976 0.899338 0.899338 2 2 0
244.076 0.899523 0.899523 2 2 0
244.176 0.899708 0.899708 2 2 0
244.276 0.899893 0.899893 2 2 0
244.376 0.900077 0.900077 2 2 0
244.476 0.900261 0.900261 2 2 0
244.576 0.900444 0.900444 2 2 0
244.676 0.900628 0.900628 2 2 0
244.776 0.900811 0.900811 2 2 0
244.876 0.900993 0.900993 2 2 0
244.976 0.901176 0.901176 2 2 0
245.076 0.901358 0.901358 2 2 0
245.176 0.901539 0.901539 2 2 0
245.276 0.901721 0.901721 2 2 0
245.376 0.901902 0.901902 2 2 0
245.476 0.902083 0.902083 2 2 0
245.576 0.902263 0.902263 2 2 0
245.676 0.902443 0.902443 2 2 0
245.776 0.902623 0.902623 2 2 0
245.876 0.902803 0.902803 2 2 0
245.976 0.902982 0.902982 2 2 0
246.076 0.903161 0.903161 2 2 0
246.176 0.90334 0.90334 2 2 0
246.276 0.903518 0.903518 2 2 0
246.376 0.903697 0.903697 2 2 0
246.476 0.903874 0.903874 2 2 0
246.576 0.904052 0.904052 2 2 0
246.676 0.904229 0.904229 2 2 0
246.776 0.904406 0.904406 2 2 0
246.876 0.904583 0.904583 2 2 0
246.976 0.904759 0.904759 2 2 0
247.076 0.904935 0.904935 2 2 0
247.176 0.905111 0.905111 2 2 0
247.276 0.905286 0.905286 2 2 0
247.376 0.905461 0.905461 2 2 0
247.476 0.905636 0.905636 2 2 0
247.576 0.905811 0.905811 2 2 0
247.676 0.905985 0.905985 2 2 0
247.776 0.906159 0.906159 2 2 0
247.876 0.906333 0.906333 2 2 0
247.976 0.906506 0.906506 2 2 0
248.076 0.906679 0.906679 2 2 0
248.176 0.906852 0.906852 2 2 0
248.276 0.907024 0.907024 2 2 0
248.376 0.907196 0.907196 2 2 0
248.476 0.907368 0.907368 2 2 0
248.576 0.90754 0.90754 2 2 0
248.676 0.907711 0.907711 2 2 0
248.776 0.907882 0.907882 2 2 0
248.876 0.908053 0.908053 2 2 0
248.976 0.908224 0.908224 2 2 0
249.076 0.908394 0.908394 2 2 0
249.176 0.908564 0.908564 2 2 0
249.276 0.908733 0.908733 2 2 0
249.376 0.908903 0.908903 2 2 0
249.476 0.909072 0.909072 2 2 0
249.576 0.90924 0.90924 2 2 0
249.676 0.909409 0.909409 2 2 0
249.776 0.909577 0.909577 2 2 0
249.876 0.909745 0.909745 2 2 0
249.976 0.909912 0.909912 2 2 0
250.076 0.91008 0.91008 2 2 0
250.176 0.910247 0.910247 2 2 0
250.276 0.910413 0.910413 2 2 0
250.376 0.91058 0.91058 2 2 0
250.476 0.910746 0.910746 2 2 0
250.576 0.910912 0.910912 2 2 0
250.676 0.911077 0.911077 2 2 0
250.776 0.911243 0.911243 2 2 0
250.876 0.911408 0.911408 2 2 0
250.976 0.911573 0.911573 2 2 0
251.076 0.911737 0.911737 2 2 0
251.176 0.911901 0.911901 2 2 0
251.276 0.912065 0.912065 2 2 0
251.376 0.912229 0.912229 2 2 0
251.476 0.912392 0.912392 2 2 0
251.576 0.912555 0.912555 2 2 0
251.676 0.912718 0.912718 2 2 0
251.776 0.91288 0.91288 2 2 0
251.876 0.913043 0.913043 2 2 0
251.976 0.913205 0.913205 2 2 0
252.076 0.913366 0.913366 2 2 0
252.176 0.913528 0.913528 2 2 0
252.276 0.913689 0.913689 2 2 0
252.376 0.91385 0.91385 2 2 0
252.476 0.91401 0.91401 2 2 0
252.576 0.91417 0.91417 2 2 0
252.676 0.91433 0.91433 2 2 0
252.776 0.91449 0.91449 2 2 0
252.876 0.91465 0.91465 2 2 0
252.976 0.914809 0.914809 2 2 0
253.076 0.914968 0.914968 2 2 0
253.176 0.915126 0.915126 2 2 0
253.276 0.915285 0.915285 2 2 0
253.376 0.915443 0.915443 2 2 0
253.476 0.915601 0.915601 2 2 0
253.576 0.915758 0.915758 2 2 0
253.676 0.915916 0.915916 2 2 0
253.776 0.916073 0.916073 2 2 0
253.876 0.916229 0.916229 2 2 0
253.976 0.916386 0.916386 2 2 0
254.076 0.916542 0.916542 2 2 0
254.176 0.916698 0.916698 2 2 0
254.276 0.916854 0.916854 2 2 0
254.376 0.917009 0.917009 2 2 0
254.476 0.917164 0.917164 2 2 0
254.576 0.917319 0.917319 2 2 0
254.676 0.917473 0.917473 2 2 0
254.776 0.917628 0.917628 2 2 0
254.876 0.917782 0.917782 2 2 0
254.976 0.917936 0.917936 2 2 0
255.076 0.918089 0.918089 2 2 0
255.176 0.918242 0.918242 2 2 0
255.276 0.918395 0.918395 2 2 0
255.376 0.918548 0.918548 2 2 0
255.476 0.918701 0.918701 2 2 0
255.576 0.918853 0.918853 2 2 0
255.676 0.919005 0.919005 2 2 0
255.776 0.919156 0.919156 2 2 0
255.876 0.919308 0.919308 2 2 0
255.976 0.919459 0.919459 2 2 0
255.976 0.919459 0.919459 2 2 0
256.016 0.919519 0.919519 2 2 0
256.056 0.91958 0.91958 2 2 0
256.136 0.9197 0.9197 2 2 0
256.236 0.919851 0.919851 2 2 0
256.336 0.920001 0.920001 2 2 0
256.436 0.920151 0.920151 2 2 0
256.536 0.9203 0.9203 2 2 0
256.636 0.92045 0.92045 2 2 0
256.736 0.920599 0.920599 2 2 0
256.836 0.920748 0.920748 2 2 0
256.936 0.920897 0.920897 2 2 0
257.036 0.921045 0.921045 2 2 0
257.136 0.921193 0.921193 2 2 0
257.236 0.921341 0.921341 2 2 0
257.336 0.921489 0.921489 2 2 0
257.436 0.921636 0.921636 2 2 0
257.536 0.921783 0.921783 2 2 0
257.636 0.92193 0.92193 2 2 0
257.736 0.922076 0.922076 2 2 0
257.836 0.922223 0.922223 2 2 0
257.936 0.922369 0.922369 2 2 0
258.036 0.922515 0.922515 2 2 0
258.136 0.92266 0.92266 2 2 0
258.236 0.922805 0.922805 2 2 0
258.336 0.92295 0.92295 2 2 0
258.436 0.923095 0.923095 2 2 0
258.536 0.92324 0.92324 2 2 0
258.636 0.923384 0.923384 2 2 0
258.736 0.923528 0.923528 2 2 0
258.836 0.923672 0.923672 2 2 0
258.936 0.923815 0.923815 2 2 0
259.036 0.923959 0.923959 2 2 0
259.136 0.924102 0.924102 2 2 0
259.236 0.924244 0.924244 2 2 0
259.336 0.924387 0.924387 2 2 0
259.436 0.924529 0.924529 2 2 0
259.536 0.924671 0.924671 2 2 0
259.636 0.924813 0.924813 2 2 0
259.736 0.924955 0.924955 2 2 0
259.836 0.925096 0.925096 2 2 0
259.936 0.925237 0.925237 2 2 0
260.036 0.925378 0.925378 2 2 0
260.136 0.925518 0.925518 2 2 0
260.236 0.925659 0.925659 2 2 0
260.336 0.925799 0.925799 2 2 0
260.436 0.925938 0.925938 2 2 0
260.536 0.926078 0.926078 2 2 0
260.636 0.926217 0.926217 2 2 0
260.736 0.926356 0.926356 2 2 0
260.836 0.926495 0.926495 2 2 0
260.936 0.926634 0.926634 2 2 0
261.036 0.926772 0.926772 2 2 0
261.136 0.92691 0.92691 2 2 0
261.236 0.927048 0.927048 2 2 0
261.336 0.927186 0.927186 2 2 0
261.436 0.927323 0.927323 2 2 0
261.536 0.92746 0.92746 2 2 0
261.636 0.927597 0.927597 2 2 0
261.736 0.927733 0.927733 2 2 0
261.836 0.92787 0.92787 2 2 0
261.936 0.928006 0.928006 2 2 0
262.036 0.928142 0.928142 2 2 0
262.136 0.928278 0.928278 2 2 0
262.236 0.928413 0.928413 2 2 0
262.336 0.928548 0.928548 2 2 0
262.436 0.928683 0.928683 2 2 0
262.536 0.928818 0.928818 2 2 0
262.636 0.928952 0.928952 2 2 0
262.736 0.929087 0.929087 2 2 0
262.836 0.92922 0.92922 2 2 0
262.936 0.929354 0.929354 2 2 0
263.036 0.929488 0.929488 2 2 0
263.136 0.929621 0.929621 2 2 0
263.236 0.929754 0.929754 2 2 0
263.336 0.929887 0.929887 2 2 0
263.436 0.930019 0.930019 2 2 0
263.536 0.930152 0.930152 2 2 0
263.636 0.930284 0.930284 2 2 0
263.736 0.930416 0.930416 2 2 0
263.836 0.930547 0.930547 2 2 0
263.936 0.930679 0.930679 2 2 0
264.036 0.93081 0.93081 2 2 0
264.136 0.930941 0.930941 2 2 0
264.236 0.931072 0.931072 2 2 0
264.336 0.931202 0.931202 2 2 0
264.436 0.931332 0.931332 2 2 0
264.536 0.931462 0.931462 2 2 0
264.636 0.931592 0.931592 2 2 0
264.736 0.931722 0.931722 2 2 0
264.836 0.931851 0.931851 2 2 0
264.936 0.93198 0.93198 2 2 0
265.036 0.932109 0.932109 2 2 0
265.136 0.932238 0.932238 2 2 0
265.236 0.932366 0.932366 2 2 0
265.336 0.932494 0.932494 2 2 0
265.436 0.932622 0.932622 2 2 0
265.536 0.93275 0.93275 2 2 0
265.636 0.932877 0.932877 2 2 0
265.736 0.933004 0.933004 2 2 0
265.836 0.933131 0.933131 2 2 0
265.936 0.933258 0.933258 2 2 0
266.036 0.933385 0.933385 2 2 0
266.136 0.933511 0.933511 2 2 0
266.236 0.933637 0.933637 2 2 0
266.336 0.933763 0.933763 2 2 0
266.436 0.933889 0.933889 2 2 0
266.536 0.934014 0.934014 2 2 0
266.636 0.93414 0.93414 2 2 0
266.736 0.934265 0.934265 2 2 0
266.836 0.934389 0.934389 2 2 0
266.936 0.934514 0.934514 2 2 0
267.036 0.934638 0.934638 2 2 0
267.136 0.934762 0.934762 2 2 0
267.236 0.934886 0.934886 2 2 0
267.336 0.93501 0.93501 2 2 0
267.436 0.935133 0.935133 2 2 0
267.536 0.935257 0.935257 2 2 0
267.636 0.93538 0.93538 2 2 0
267.736 0.935502 0.935502 2 2 0
267.836 0.935625 0.935625 2 2 0
267.936 0.935747 0.935747 2 2 0
268.036 0.935869 0.935869 2 2 0
268.136 0.935991 0.935991 2 2 0
268.236 0.936113 0.936113 2 2 0
268.336 0.936234 0.936234 2 2 0
268.436 0.936356 0.936356 2 2 0
268.536 0.936477 0.936477 2 2 0
268.636 0.936597 0.936597 2 2 0
268.736 0.936718 0.936718 2 2 0
268.836 0.936838 0.936838 2 2 0
268.936 0.936959 0.936959 2 2 0
269.036 0.937079 0.937079 2 2 0
269.136 0.937198 0.937198 2 2 0
269.236 0.937318 0.937318 2 2 0
269.336 0.937437 0.937437 2 2 0
269.436 0.937556 0.937556 2 2 0
269.536 0.937675 0.937675 2 2 0
269.636 0.937794 0.937794 2 2 0
269.736 0.937912 0.937912 2 2 0
269.836 0.93803 0.93803 2 2 0
269.936 0.938148 0.938148 2 2 0
270.036 0.938266 0.938266 2 2 0
270.136 0.938384 0.938384 2 2 0
270.236 0.938501 0.938501 2 2 0
270.336 0.938618 0.938618 2 2 0
270.436 0.938735 0.938735 2 2 0
270.536 0.938852 0.938852 2 2 0
270.636 0.938968 0.938968 2 2 0
270.736 0.939085 0.939085 2 2 0
270.836 0.939201 0.939201 2 2 0
270.936 0.939317 0.939317 2 2 0
271.036 0.939433 0.939433 2 2 0
271.136 0.939548 0.939548 2 2 0
271.236 0.939663 0.939663 2 2 0
271.336 0.939778 0.939778 2 2 0
271.436 0.939893 0.939893 2 2 0
271.536 0.940008 0.940008 2 2 0
271.636 0.940122 0.940122 2 2 0
271.736 0.940237 0.940237 2 2 0
271.836 0.940351 0.940351 2 2 0
271.936 0.940464 0.940464 2 2 0
272.036 0.940578 0.940578 2 2 0
272.136 0.940691 0.940691 2 2 0
272.236 0.940805 0.940805 2 2 0
272.336 0.940918 0.940918 2 2 0
272.436 0.94103 0.94103 2 2 0
272.536 0.941143 0.941143 2 2 0
272.636 0.941255 0.941255 2 2 0
272.736 0.941368 0.941368 2 2 0
272.836 0.94148 0.94148 2 2 0
272.936 0.941591 0.941591 2 2 0
273.036 0.941703 0.941703 2 2 0
273.136 0.941814 0.941814 2 2 0
273.236 0.941925 0.941925 2 2 0
273.336 0.942036 0.942036 2 2 0
273.436 0.942147 0.942147 2 2 0
273.536 0.942258 0.942258 2 2 0
273.636 0.942368 0.942368 2 2 0
273.736 0.942478 0.942478 2 2 0
273.836 0.942588 0.942588 2 2 0
273.936 0.942698 0.942698 2 2 0
274.036 0.942808 0.942808 2 2 0
274.136 0.942917 0.942917 2 2 0
274.236 0.943026 0.943026 2 2 0
274.336 0.943135 0.943135 2 2 0
274.436 0.943244 0.943244 2 2 0
274.536 0.943352 0.943352 2 2 0
274.636 0.943461 0.943461 2 2 0
274.736 0.943569 0.943569 2 2 0
274.836 0.943677 0.943677 2 2 0
274.936 0.943785 0.943785 2 2 0
275.036 0.943892 0.943892 2 2 0
275.136 0.944 0.944 2 2 0
275.236 0.944107 0.944107 2 2 0
275.336 0.944214 0.944214 2 2 0
275.436 0.944321 0.944321 2 2 0
275.536 0.944427 0.944427 2 2 0
275.636 0.944534 0.944534 2 2 0
275.736 0.94464 0.94464 2 2 0
275.736 0.94464 0.94464 2 2 0
275.776 0.944682 0.944682 2 2 0
275.816 0.944725 0.944725 2 2 0
275.896 0.94481 0.94481 2 2 0
275.996 0.944915 0.944915 2 2 0
276.096 0.945021 0.945021 2 2 0
276.196 0.945126 0.945126 2 2 0
276.296 0.945231 0.945231 2 2 0
276.396 0.945336 0.945336 2 2 0
276.496 0.945441 0.945441 2 2 0
276.596 0.945546 0.945546 2 2 0
276.696 0.94565 0.94565 2 2 0
276.796 0.945754 0.945754 2 2 0
276.896 0.945858 0.945858 2 2 0
276.996 0.945962 0.945962 2 2 0
277.096 0.946066 0.946066 2 2 0
277.196 0.946169 0.946169 2 2 0
277.296 0.946272 0.946272 2 2 0
277.396 0.946375 0.946375 2 2 0
277.496 0.946478 0.946478 2 2 0
277.596 0.946581 0.946581 2 2 0
277.696 0.946683 0.946683 2 2 0
277.796 0.946786 0.946786 2 2 0
277.896 0.946888 0.946888 2 2 0
277.996 0.94699 0.94699 2 2 0
278.096 0.947091 0.947091 2 2 0
278.196 0.947193 0.947193 2 2 0
278.296 0.947294 0.947294 2 2 0
278.396 0.947395 0.947395 2 2 0
278.496 0.947496 0.947496 2 2 0
278.596 0.947597 0.947597 2 2 0
278.696 0.947698 0.947698 2 2 0
278.796 0.947798 0.947798 2 2 0
278.896 0.947898 0.947898 2 2 0
278.996 0.947998 0.947998 2 2 0
279.096 0.948098 0.948098 2 2 0
279.196 0.948198 0.948198 2 2 0
279.296 0.948298 0.948298 2 2 0
279.396 0.948397 0.948397 2 2 0
279.496 0.948496 0.948496 2 2 0
279.596 0.948595 0.948595 2 2 0
279.696 0.948694 0.948694 2 2 0
279.796 0.948792 0.948792 2 2 0
279.896 0.948891 0.948891 2 2 0
279.996 0.948989 0.948989 2 2 0
280.096 0.949087 0.949087 2 2 0
280.196 0.949185 0.949185 2 2 0
280.296 0.949283 0.949283 2 2 0
280.396 0.94938 0.94938 2 2 0
280.496 0.949478 0.949478 2 2 0
280.596 0.949575 0.949575 2 2 0
280.696 0.949672 0.949672 2 2 0
280.796 0.949769 0.949769 2 2 0
280.896 0.949865 0.949865 2 2 0
280.996 0.949962 0.949962 2 2 0
281.096 0.950058 0.950058 2 2 0
281.196 0.950154 0.950154 2 2 0
281.296 0.95025 0.95025 2 2 0
281.396 0.950346 0.950346 2 2 0
281.496 0.950441 0.950441 2 2 0
281.596 0.950537 0.950537 2 2 0
281.696 0.950632 0.950632 2 2 0
281.796 0.950727 0.950727 2 2 0
281.896 0.950822 0.950822 2 2 0
281.996 0.950916 0.950916 2 2 0
282.096 0.951011 0.951011 2 2 0
282.196 0.951105 0.951105 2 2 0
282.296 0.951199 0.951199 2 2 0
282.396 0.951293 0.951293 2 2 0
282.496 0.951387 0.951387 2 2 0
282.596 0.951481 0.951481 2 2 0
282.696 0.951574 0.951574 2 2 0
282.796 0.951668 0.951668 2 2 0
282.896 0.951761 0.951761 2 2 0
282.996 0.951854 0.951854 2 2 0
283.096 0.951946 0.951946 2 2 0
283.196 0.952039 0.952039 2 2 0
283.296 0.952131 0.952131 2 2 0
283.396 0.952224 0.952224 2 2 0
283.496 0.952316 0.952316 2 2 0
283.596 0.952408 0.952408 2 2 0
283.696 0.952499 0.952499 2 2 0
283.796 0.952591 0.952591 2 2 0
283.896 0.952682 0.952682 2 2 0
283.996 0.952774 0.952774 2 2 0
284.096 0.952865 0.952865 2 2 0
284.196 0.952956 0.952956 2 2 0
284.296 0.953046 0.953046 2 2 0
284.396 0.953137 0.953137 2 2 0
284.496 0.953227 0.953227 2 2 0
284.596 0.953318 0.953318 2 2 0
284.696 0.953408 0.953408 2 2 0
284.796 0.953498 0.953498 2 2 0
284.896 0.953587 0.953587 2 2 0
284.996 0.953677 0.953677 2 2 0
285.096 0.953766 0.953766 2 2 0
285.196 0.953856 0.953856 2 2 0
285.296 0.953945 0.953945 2 2 0
285.396 0.954034 0.954034 2 2 0
285.496 0.954122 0.954122 2 2 0
285.596 0.954211 0.954211 2 2 0
285.696 0.954299 0.954299 2 2 0
285.796 0.954387 0.954387 2 2 0
285.896 0.954476 0.954476 2 2 0
285.996 0.954563 0.954563 2 2 0
286.096 0.954651 0.954651 2 2 0
286.196 0.954739 0.954739 2 2 0
286.296 0.954826 0.954826 2 2 0
286.396 0.954914 0.954914 2 2 0
286.496 0.955001 0.955001 2 2 0
286.596 0.955088 0.955088 2 2 0
286.696 0.955174 0.955174 2 2 0
286.796 0.955261 0.955261 2 2 0
286.896 0.955347 0.955347 2 2 0
286.996 0.955434 0.955434 2 2 0
287.096 0.95552 0.95552 2 2 0
287.196 0.955606 0.955606 2 2 0
287.296 0.955692 0.955692 2 2 0
287.396 0.955777 0.955777 2 2 0
287.496 0.955863 0.955863 2 2 0
287.596 0.955948 0.955948 2 2 0
287.696 0.956033 0.956033 2 2 0
287.796 0.956118 0.956118 2 2 0
287.896 0.956203 0.956203 2 2 0
287.996 0.956288 0.956288 2 2 0
288.096 0.956372 0.956372 2 2 0
288.196 0.956457 0.956457 2 2 0
288.296 0.956541 0.956541 2 2 0
288.396 0.956625 0.956625 2 2 0
288.496 0.956709 0.956709 2 2 0
288.596 0.956793 0.956793 2 2 0
288.696 0.956876 0.956876 2 2 0
288.796 0.95696 0.95696 2 2 0
288.896 0.957043 0.957043 2 2 0
288.996 0.957126 0.957126 2 2 0
289.096 0.957209 0.957209 2 2 0
289.196 0.957292 0.957292 2 2 0
289.296 0.957375 0.957375 2 2 0
289.396 0.957457 0.957457 2 2 0
289.496 0.95754 0.95754 2 2 0
289.596 0.957622 0.957622 2 2 0
289.696 0.957704 0.957704 2 2 0
289.796 0.957786 0.957786 2 2 0
289.896 0.957868 0.957868 2 2 0
289.996 0.957949 0.957949 2 2 0
290.096 0.958031 0.958031 2 2 0
290.196 0.958112 0.958112 2 2 0
290.296 0.958193 0.958193 2 2 0
290.396 0.958274 0.958274 2 2 0
290.496 0.958355 0.958355 2 2 0
290.596 0.958435 0.958435 2 2 0
290.696 0.958516 0.958516 2 2 0
290.796 0.958596 0.958596 2 2 0
290.896 0.958677 0.958677 2 2 0
290.996 0.958757 0.958757 2 2 0
291.096 0.958837 0.958837 2 2 0
291.196 0.958916 0.958916 2 2 0
291.296 0.958996 0.958996 2 2 0
291.396 0.959076 0.959076 2 2 0
291.496 0.959155 0.959155 2 2 0
291.596 0.959234 0.959234 2 2 0
291.696 0.959313 0.959313 2 2 0
291.796 0.959392 0.959392 2 2 0
291.896 0.959471 0.959471 2 2 0
291.996 0.959549 0.959549 2 2 0
292.096 0.959628 0.959628 2 2 0
292.196 0.959706 0.959706 2 2 0
292.296 0.959784 0.959784 2 2 0
292.396 0.959862 0.959862 2 2 0
292.496 0.95994 0.95994 2 2 0
292.596 0.960018 0.960018 2 2 0
292.696 0.960095 0.960095 2 2 0
292.796 0.960173 0.960173 2 2 0
292.896 0.96025 0.96025 2 2 0
292.996 0.960327 0.960327 2 2 0
293.096 0.960404 0.960404 2 2 0
293.196 0.960481 0.960481 2 2 0
293.296 0.960558 0.960558 2 2 0
293.396 0.960634 0.960634 2 2 0
293.496 0.960711 0.960711 2 2 0
293.596 0.960787 0.960787 2 2 0
293.696 0.960863 0.960863 2 2 0
293.796 0.960939 0.960939 2 2 0
293.896 0.961015 0.961015 2 2 0
293.996 0.961091 0.961091 2 2 0
294.096 0.961166 0.961166 2 2 0
294.196 0.961242 0.961242 2 2 0
294.296 0.961317 0.961317 2 2 0
294.396 0.961392 0.961392 2 2 0
294.496 0.961467 0.961467 2 2 0
294.596 0.961542 0.961542 2 2 0
294.696 0.961617 0.961617 2 2 0
294.796 0.961691 0.961691 2 2 0
294.896 0.961766 0.961766 2 2 0
294.996 0.96184 0.96184 2 2 0
295.096 0.961914 0.961914 2 2 0
295.196 0.961988 0.961988 2 2 0
295.296 0.962062 0.962062 2 2 0
295.396 0.962136 0.962136 2 2 0
295.496 0.962209 0.962209 2 2 0
295.496 0.962209 0.962209 2 2 0
295.536 0.962239 0.962239 2 2 0
295.576 0.962268 0.962268 2 2 0
295.656 0.962327 0.962327 2 2 0
295.756 0.9624 0.9624 2 2 0
295.856 0.962473 0.962473 2 2 0
295.956 0.962546 0.962546 2 2 0
296.056 0.962619 0.962619 2 2 0
296.156 0.962691 0.962691 2 2 0
296.256 0.962764 0.962764 2 2 0
296.356 0.962836 0.962836 2 2 0
296.456 0.962909 0.962909 2 2 0
296.556 0.962981 0.962981 2 2 0
296.656 0.963053 0.963053 2 2 0
296.756 0.963125 0.963125 2 2 0
296.856 0.963196 0.963196 2 2 0
296.956 0.963268 0.963268 2 2 0
297.056 0.963339 0.963339 2 2 0
297.156 0.963411 0.963411 2 2 0
297.256 0.963482 0.963482 2 2 0
297.356 0.963553 0.963553 2 2 0
297.456 0.963624 0.963624 2 2 0
297.556 0.963695 0.963695 2 2 0
297.656 0.963765 0.963765 2 2 0
297.756 0.963836 0.963836 2 2 0
297.856 0.963906 0.963906 2 2 0
297.956 0.963976 0.963976 2 2 0
298.056 0.964046 0.964046 2 2 0
298.156 0.964116 0.964116 2 2 0
298.256 0.964186 0.964186 2 2 0
298.356 0.964256 0.964256 2 2 0
298.456 0.964326 0.964326 2 2 0
298.556 0.964395 0.964395 2 2 0
298.656 0.964464 0.964464 2 2 0
298.756 0.964534 0.964534 2 2 0
298.856 0.964603 0.964603 2 2 0
298.956 0.964672 0.964672 2 2 0
299.056 0.96474 0.96474 2 2 0
299.156 0.964809 0.964809 2 2 0
299.256 0.964878 0.964878 2 2 0
299.356 0.964946 0.964946 2 2 0
299.456 0.965014 0.965014 2 2 0
299.556 0.965082 0.965082 2 2 0
299.656 0.96515 0.96515 2 2 0
299.756 0.965218 0.965218 2 2 0
299.856 0.965286 0.965286 2 2 0
299.956 0.965354 0.965354 2 2 0
300.056 0.965421 0.965421 2 2 0
300.156 0.965489 0.965489 2 2 0
300.256 0.965556 0.965556 2 2 0
300.356 0.965623 0.965623 2 2 0
300.456 0.96569 0.96569 2 2 0
300.556 0.965757 0.965757 2 2 0
300.656 0.965824 0.965824 2 2 0
300.756 0.96589 0.96589 2 2 0
300.856 0.965957 0.965957 2 2 0
300.956 0.966023 0.966023 2 2 0
301.056 0.966089 0.966089 2 2 0
301.156 0.966155 0.966155 2 2 0
301.256 0.966221 0.966221 2 2 0
301.356 0.966287 0.966287 2 2 0
301.456 0.966353 0.966353 2 2 0
301.556 0.966419 0.966419 2 2 0
301.656 0.966484 0.966484 2 2 0
301.756 0.966549 0.966549 2 2 0
301.856 0.966615 0.966615 2 2 0
301.956 0.96668 0.96668 2 2 0
302.056 0.966745 0.966745 2 2 0
302.156 0.96681 0.96681 2 2 0
302.256 0.966874 0.966874 2 2 0
302.356 0.966939 0.966939 2 2 0
302.456 0.967004 0.967004 2 2 0
302.556 0.967068 0.967068 2 2 0
302.656 0.967132 0.967132 2 2 0
302.756 0.967196 0.967196 2 2 0
302.856 0.96726 0.96726 2 2 0
302.956 0.967324 0.967324 2 2 0
303.056 0.967388 0.967388 2 2 0
303.156 0.967452 0.967452 2 2 0
303.256 0.967515 0.967515 2 2 0
303.356 0.967579 0.967579 2 2 0
303.456 0.967642 0.967642 2 2 0
303.556 0.967705 0.967705 2 2 0
303.656 0.967768 0.967768 2 2 0
303.756 0.967831 0.967831 2 2 0
303.856 0.967894 0.967894 2 2 0
303.956 0.967956 0.967956 2 2 0
304.056 0.968019 0.968019 2 2 0
304.156 0.968081 0.968081 2 2 0
304.256 0.968144 0.968144 2 2 0
304.356 0.968206 0.968206 2 2 0
304.456 0.968268 0.968268 2 2 0
304.556 0.96833 0.96833 2 2 0
304.656 0.968392 0.968392 2 2 0
304.756 0.968454 0.968454 2 2 0
304.856 0.968515 0.968515 2 2 0
304.956 0.968577 0.968577 2 2 0
305.056 0.968638 0.968638 2 2 0
305.156 0.968699 0.968699 2 2 0
305.256 0.968761 0.968761 2 2 0
305.356 0.968822 0.968822 2 2 0
305.456 0.968883 0.968883 2 2 0
305.556 0.968943 0.968943 2 2 0
305.656 0.969004 0.969004 2 2 0
305.756 0.969065 0.969065 2 2 0
305.856 0.969125 0.969125 2 2 0
305.956 0.969185 0.969185 2 2 0
306.056 0.969246 0.969246 2 2 0
306.156 0.969306 0.969306 2 2 0
306.256 0.969366 0.969366 2 2 0
306.356 0.969426 0.969426 2 2 0
306.456 0.969485 0.969485 2 2 0
306.556 0.969545 0.969545 2 2 0
306.656 0.969605 0.969605 2 2 0
306.756 0.969664 0.969664 2 2 0
306.856 0.969723 0.969723 2 2 0
306.956 0.969783 0.969783 2 2 0
307.056 0.969842 0.969842 2 2 0
307.156 0.969901 0.969901 2 2 0
307.256 0.969959 0.969959 2 2 0
307.356 0.970018 0.970018 2 2 0
307.456 0.970077 0.970077 2 2 0
307.556 0.970135 0.970135 2 2 0
307.656 0.970194 0.970194 2 2 0
307.756 0.970252 0.970252 2 2 0
307.856 0.97031 0.97031 2 2 0
307.956 0.970368 0.970368 2 2 0
308.056 0.970426 0.970426 2 2 0
308.156 0.970484 0.970484 2 2 0
308.256 0.970542 0.970542 2 2 0
308.356 0.9706 0.9706 2 2 0
308.456 0.970657 0.970657 2 2 0
308.556 0.970715 0.970715 2 2 0
308.656 0.970772 0.970772 2 2 0
308.756 0.970829 0.970829 2 2 0
308.856 0.970886 0.970886 2 2 0
308.956 0.970943 0.970943 2 2 0
309.056 0.971 0.971 2 2 0
309.156 0.971057 0.971057 2 2 0
309.256 0.971113 0.971113 2 2 0
309.356 0.97117 0.97117 2 2 0
309.456 0.971226 0.971226 2 2 0
309.556 0.971283 0.971283 2 2 0
309.656 0.971339 0.971339 2 2 0
309.756 0.971395 0.971395 2 2 0
309.856 0.971451 0.971451 2 2 0
309.956 0.971507 0.971507 2 2 0
310.056 0.971563 0.971563 2 2 0
310.156 0.971618 0.971618 2 2 0
310.256 0.971674 0.971674 2 2 0
310.356 0.971729 0.971729 2 2 0
310.456 0.971785 0.971785 2 2 0
310.556 0.97184 0.97184 2 2 0
310.656 0.971895 0.971895 2 2 0
310.756 0.97195 0.97195 2 2 0
310.856 0.972005 0.972005 2 2 0
310.956 0.97206 0.97206 2 2 0
311.056 0.972115 0.972115 2 2 0
311.156 0.972169 0.972169 2 2 0
311.256 0.972224 0.972224 2 2 0
311.356 0.972278 0.972278 2 2 0
311.456 0.972333 0.972333 2 2 0
311.556 0.972387 0.972387 2 2 0
311.656 0.972441 0.972441 2 2 0
311.756 0.972495 0.972495 2 2 0
311.856 0.972549 0.972549 2 2 0
311.956 0.972603 0.972603 2 2 0
312.056 0.972656 0.972656 2 2 0
312.156 0.97271 0.97271 2 2 0
312.256 0.972763 0.972763 2 2 0
312.356 0.972817 0.972817 2 2 0
312.456 0.97287 0.97287 2 2 0
312.556 0.972923 0.972923 2 2 0
312.656 0.972976 0.972976 2 2 0
312.756 0.973029 0.973029 2 2 0
312.856 0.973082 0.973082 2 2 0
312.956 0.973135 0.973135 2 2 0
313.056 0.973188 0.973188 2 2 0
313.156 0.97324 0.97324 2 2 0
313.256 0.973293 0.973293 2 2 0
313.356 0.973345 0.973345 2 2 0
313.456 0.973397 0.973397 2 2 0
313.556 0.973449 0.973449 2 2 0
313.656 0.973502 0.973502 2 2 0
313.756 0.973554 0.973554 2 2 0
313.856 0.973605 0.973605 2 2 0
313.956 0.973657 0.973657 2 2 0
314.056 0.973709 0.973709 2 2 0
314.156 0.97376 0.97376 2 2 0
314.256 0.973812 0.973812 2 2 0
314.356 0.973863 0.973863 2 2 0
314.456 0.973914 0.973914 2 2 0
314.556 0.973966 0.973966 2 2 0
314.656 0.974017 0.974017 2 2 0
314.756 0.974068 0.974068 2 2 0
314.856 0.974119 0.974119 2 2 0
314.956 0.974169 0.974169 2 2 0
315.056 0.97422 0.97422 2 2 0
315.156 0.974271 0.974271 2 2 0
315.256 0.974321 0.974321 2 2 0
315.256 0.974321 0.974321 2 2 0
315.296 0.974341 0.974341 2 2 0
315.336 0.974361 0.974361 2 2 0
315.416 0.974402 0.974402 2 2 0
315.516 0.974452 0.974452 2 2 0
315.616 0.974502 0.974502 2 2 0
315.716 0.974552 0.974552 2 2 0
315.816 0.974602 0.974602 2 2 0
315.916 0.974652 0.974652 2 2 0
316.016 0.974702 0.974702 2 2 0
316.116 0.974751 0.974751 2 2 0
316.216 0.974801 0.974801 2 2 0
316.316 0.97485 0.97485 2 2 0
316.416 0.9749 0.9749 2 2 0
316.516 0.974949 0.974949 2 2 0
316.616 0.974998 0.974998 2 2 0
316.716 0.975047 0.975047 2 2 0
316.816 0.975096 0.975096 2 2 0
316.916 0.975145 0.975145 2 2 0
317.016 0.975194 0.975194 2 2 0
317.116 0.975243 0.975243 2 2 0
317.216 0.975291 0.975291 2 2 0
317.316 0.97534 0.97534 2 2 0
317.416 0.975388 0.975388 2 2 0
317.516 0.975437 0.975437 2 2 0
317.616 0.975485 0.975485 2 2 0
317.716 0.975533 0.975533 2 2 0
317.816 0.975581 0.975581 2 2 0
317.916 0.975629 0.975629 2 2 0
318.016 0.975677 0.975677 2 2 0
318.116 0.975725 0.975725 2 2 0
318.216 0.975772 0.975772 2 2 0
318.316 0.97582 0.97582 2 2 0
318.416 0.975867 0.975867 2 2 0
318.516 0.975915 0.975915 2 2 0
318.616 0.975962 0.975962 2 2 0
318.716 0.976009 0.976009 2 2 0
318.816 0.976057 0.976057 2 2 0
318.916 0.976104 0.976104 2 2 0
319.016 0.976151 0.976151 2 2 0
319.116 0.976197 0.976197 2 2 0
319.216 0.976244 0.976244 2 2 0
319.316 0.976291 0.976291 2 2 0
319.416 0.976338 0.976338 2 2 0
319.516 0.976384 0.976384 2 2 0
319.616 0.97643 0.97643 2 2 0
319.716 0.976477 0.976477 2 2 0
319.816 0.976523 0.976523 2 2 0
319.916 0.976569 0.976569 2 2 0
320.016 0.976615 0.976615 2 2 0
320.116 0.976661 0.976661 2 2 0
320.216 0.976707 0.976707 2 2 0
320.316 0.976753 0.976753 2 2 0
320.416 0.976799 0.976799 2 2 0
320.516 0.976844 0.976844 2 2 0
320.616 0.97689 0.97689 2 2 0
320.716 0.976935 0.976935 2 2 0
320.816 0.976981 0.976981 2 2 0
320.916 0.977026 0.977026 2 2 0
321.016 0.977071 0.977071 2 2 0
321.116 0.977116 0.977116 2 2 0
321.216 0.977161 0.977161 2 2 0
321.316 0.977206 0.977206 2 2 0
321.416 0.977251 0.977251 2 2 0
321.516 0.977296 0.977296 2 2 0
321.616 0.97734 0.97734 2 2 0
321.716 0.977385 0.977385 2 2 0
321.816 0.977429 0.977429 2 2 0
321.916 0.977474 0.977474 2 2 0
322.016 0.977518 0.977518 2 2 0
322.116 0.977562 0.977562 2 2 0
322.216 0.977606 0.977606 2 2 0
322.316 0.97765 0.97765 2 2 0
322.416 0.977694 0.977694 2 2 0
322.516 0.977738 0.977738 2 2 0
322.616 0.977782 0.977782 2 2 0
322.716 0.977826 0.977826 2 2 0
322.816 0.977869 0.977869 2 2 0
322.916 0.977913 0.977913 2 2 0
323.016 0.977956 0.977956 2 2 0
323.116 0.978 0.978 2 2 0
323.216 0.978043 0.978043 2 2 0
323.316 0.978086 0.978086 2 2 0
323.416 0.978129 0.978129 2 2 0
323.516 0.978172 0.978172 2 2 0
323.616 0.978215 0.978215 2 2 0
323.716 0.978258 0.978258 2 2 0
323.816 0.978301 0.978301 2 2 0
323.916 0.978344 0.978344 2 2 0
324.016 0.978386 0.978386 2 2 0
324.116 0.978429 0.978429 2 2 0
324.216 0.978471 0.978471 2 2 0
324.316 0.978514 0.978514 2 2 0
324.416 0.978556 0.978556 2 2 0
324.516 0.978598 0.978598 2 2 0
324.616 0.978641 0.978641 2 2 0
324.716 0.978683 0.978683 2 2 0
324.816 0.978725 0.978725 2 2 0
324.916 0.978766 0.978766 2 2 0
325.016 0.978808 0.978808 2 2 0
325.116 0.97885 0.97885 2 2 0
325.216 0.978892 0.978892 2 2 0
325.316 0.978933 0.978933 2 2 0
325.416 0.978975 0.978975 2 2 0
325.516 0.979016 0.979016 2 2 0
325.616 0.979057 0.979057 2 2 0
325.716 0.979099 0.979099 2 2 0
325.816 0.97914 0.97914 2 2 0
325.916 0.979181 0.979181 2 2 0
326.016 0.979222 0.979222 2 2 0
326.116 0.979263 0.979263 2 2 0
326.216 0.979304 0.979304 2 2 0
326.316 0.979344 0.979344 2 2 0
326.416 0.979385 0.979385 2 2 0
326.516 0.979426 0.979426 2 2 0
326.616 0.979466 0.979466 2 2 0
326.716 0.979507 0.979507 2 2 0
326.816 0.979547 0.979547 2 2 0
326.916 0.979587 0.979587 2 2 0
327.016 0.979628 0.979628 2 2 0
327.116 0.979668 0.979668 2 2 0
327.216 0.979708 0.979708 2 2 0
327.316 0.979748 0.979748 2 2 0
327.416 0.979788 0.979788 2 2 0
327.516 0.979828 0.979828 2 2 0
327.616 0.979867 0.979867 2 2 0
327.716 0.979907 0.979907 2 2 0
327.816 0.979947 0.979947 2 2 0
327.916 0.979986 0.979986 2 2 0
328.016 0.980026 0.980026 2 2 0
328.116 0.980065 0.980065 2 2 0
328.216 0.980104 0.980104 2 2 0
328.316 0.980143 0.980143 2 2 0
328.416 0.980183 0.980183 2 2 0
328.516 0.980222 0.980222 2 2 0
328.616 0.980261 0.980261 2 2 0
328.716 0.9803 0.9803 2 2 0
328.816 0.980338 0.980338 2 2 0
328.916 0.980377 0.980377 2 2 0
329.016 0.980416 0.980416 2 2 0
329.116 0.980454 0.980454 2 2 0
329.216 0.980493 0.980493 2 2 0
329.316 0.980531 0.980531 2 2 0
329.416 0.98057 0.98057 2 2 0
329.516 0.980608 0.980608 2 2 0
329.616 0.980646 0.980646 2 2 0
329.716 0.980685 0.980685 2 2 0
329.816 0.980723 0.980723 2 2 0
329.916 0.980761 0.980761 2 2 0
330.016 0.980799 0.980799 2 2 0
330.116 0.980836 0.980836 2 2 0
330.216 0.980874 0.980874 2 2 0
330.316 0.980912 0.980912 2 2 0
330.416 0.98095 0.98095 2 2 0
330.516 0.980987 0.980987 2 2 0
330.616 0.981025 0.981025 2 2 0
330.716 0.981062 0.981062 2 2 0
330.816 0.9811 0.9811 2 2 0
330.916 0.981137 0.981137 2 2 0
331.016 0.981174 0.981174 2 2 0
331.116 0.981211 0.981211 2 2 0
331.216 0.981248 0.981248 2 2 0
331.316 0.981285 0.981285 2 2 0
331.416 0.981322 0.981322 2 2 0
331.516 0.981359 0.981359 2 2 0
331.616 0.981396 0.981396 2 2 0
331.716 0.981432 0.981432 2 2 0
331.816 0.981469 0.981469 2 2 0
331.916 0.981506 0.981506 2 2 0
332.016 0.981542 0.981542 2 2 0
332.116 0.981579 0.981579 2 2 0
332.216 0.981615 0.981615 2 2 0
332.316 0.981651 0.981651 2 2 0
332.416 0.981687 0.981687 2 2 0
332.516 0.981724 0.981724 2 2 0
332.616 0.98176 0.98176 2 2 0
332.716 0.981796 0.981796 2 2 0
332.816 0.981832 0.981832 2 2 0
332.916 0.981867 0.981867 2 2 0
333.016 0.981903 0.981903 2 2 0
333.116 0.981939 0.981939 2 2 0
333.216 0.981975 0.981975 2 2 0
333.316 0.98201 0.98201 2 2 0
333.416 0.982046 0.982046 2 2 0
333.516 0.982081 0.982081 2 2 0
333.616 0.982116 0.982116 2 2 0
333.716 0.982152 0.982152 2 2 0
333.816 0.982187 0.982187 2 2 0
333.916 0.982222 0.982222 2 2 0
334.016 0.982257 0.982257 2 2 0
334.116 0.982292 0.982292 2 2 0
334.216 0.982327 0.982327 2 2 0
334.316 0.982362 0.982362 2 2 0
334.416 0.982397 0.982397 2 2 0
334.516 0.982432 0.982432 2 2 0
334.616 0.982466 0.982466 2 2 0
334.716 0.982501 0.982501 2 2 0
334.816 0.982536 0.982536 2 2 0
334.916 0.98257 0.98257 2 2 0
335.016 0.982605 0.982605 2 2 0
335.016 0.982605 0.982605 2 2 0
335.056 0.982618 0.982618 2 2 0
335.096 0.982632 0.982632 2 2 0
335.176 0.982659 0.982659 2 2 0
335.276 0.982694 0.982694 2 2 0
335.376 0.982728 0.982728 2 2 0
335.476 0.982762 0.982762 2 2 0
335.576 0.982796 0.982796 2 2 0
335.676 0.98283 0.98283 2 2 0
335.776 0.982864 0.982864 2 2 0
335.876 0.982898 0.982898 2 2 0
335.976 0.982932 0.982932 2 2 0
336.076 0.982965 0.982965 2 2 0
336.176 0.982999 0.982999 2 2 0
336.276 0.983032 0.983032 2 2 0
336.376 0.983066 0.983066 2 2 0
336.476 0.983099 0.983099 2 2 0
336.576 0.983133 0.983133 2 2 0
336.676 0.983166 0.983166 2 2 0
336.776 0.983199 0.983199 2 2 0
336.876 0.983233 0.983233 2 2 0
336.976 0.983266 0.983266 2 2 0
337.076 0.983299 0.983299 2 2 0
337.176 0.983332 0.983332 2 2 0
337.276 0.983365 0.983365 2 2 0
337.376 0.983398 0.983398 2 2 0
337.476 0.98343 0.98343 2 2 0
337.576 0.983463 0.983463 2 2 0
337.676 0.983496 0.983496 2 2 0
337.776 0.983528 0.983528 2 2 0
337.876 0.983561 0.983561 2 2 0
337.976 0.983593 0.983593 2 2 0
338.076 0.983626 0.983626 2 2 0
338.176 0.983658 0.983658 2 2 0
338.276 0.983691 0.983691 2 2 0
338.376 0.983723 0.983723 2 2 0
338.476 0.983755 0.983755 2 2 0
338.576 0.983787 0.983787 2 2 0
338.676 0.983819 0.983819 2 2 0
338.776 0.983851 0.983851 2 2 0
338.876 0.983883 0.983883 2 2 0
338.976 0.983915 0.983915 2 2 0
339.076 0.983947 0.983947 2 2 0
339.176 0.983978 0.983978 2 2 0
339.276 0.98401 0.98401 2 2 0
339.376 0.984042 0.984042 2 2 0
339.476 0.984073 0.984073 2 2 0
339.576 0.984105 0.984105 2 2 0
339.676 0.984136 0.984136 2 2 0
339.776 0.984168 0.984168 2 2 0
339.876 0.984199 0.984199 2 2 0
339.976 0.98423 0.98423 2 2 0
340.076 0.984261 0.984261 2 2 0
340.176 0.984292 0.984292 2 2 0
340.276 0.984323 0.984323 2 2 0
340.376 0.984354 0.984354 2 2 0
340.476 0.984385 0.984385 2 2 0
340.576 0.984416 0.984416 2 2 0
340.676 0.984447 0.984447 2 2 0
340.776 0.984478 0.984478 2 2 0
340.876 0.984509 0.984509 2 2 0
340.976 0.984539 0.984539 2 2 0
341.076 0.98457 0.98457 2 2 0
341.176 0.9846 0.9846 2 2 0
341.276 0.984631 0.984631 2 2 0
341.376 0.984661 0.984661 2 2 0
341.476 0.984691 0.984691 2 2 0
341.576 0.984722 0.984722 2 2 0
341.676 0.984752 0.984752 2 2 0
341.776 0.984782 0.984782 2 2 0
341.876 0.984812 0.984812 2 2 0
341.976 0.984842 0.984842 2 2 0
342.076 0.984872 0.984872 2 2 0
342.176 0.984902 0.984902 2 2 0
342.276 0.984932 0.984932 2 2 0
342.376 0.984962 0.984962 2 2 0
342.476 0.984992 0.984992 2 2 0
342.576 0.985021 0.985021 2 2 0
342.676 0.985051 0.985051 2 2 0
342.776 0.98508 0.98508 2 2 0
342.876 0.98511 0.98511 2 2 0
342.976 0.985139 0.985139 2 2 0
343.076 0.985169 0.985169 2 2 0
343.176 0.985198 0.985198 2 2 0
343.276 0.985227 0.985227 2 2 0
343.376 0.985257 0.985257 2 2 0
343.476 0.985286 0.985286 2 2 0
343.576 0.985315 0.985315 2 2 0
343.676 0.985344 0.985344 2 2 0
343.776 0.985373 0.985373 2 2 0
343.876 0.985402 0.985402 2 2 0
343.976 0.985431 0.985431 2 2 0
344.076 0.98546 0.98546 2 2 0
344.176 0.985488 0.985488 2 2 0
344.276 0.985517 0.985517 2 2 0
344.376 0.985546 0.985546 2 2 0
344.476 0.985574 0.985574 2 2 0
344.576 0.985603 0.985603 2 2 0
344.676 0.985632 0.985632 2 2 0
344.776 0.98566 0.98566 2 2 0
344.876 0.985688 0.985688 2 2 0
344.976 0.985717 0.985717 2 2 0
345.076 0.985745 0.985745 2 2 0
345.176 0.985773 0.985773 2 2 0
345.276 0.985801 0.985801 2 2 0
345.376 0.985829 0.985829 2 2 0
345.476 0.985857 0.985857 2 2 0
345.576 0.985885 0.985885 2 2 0
345.676 0.985913 0.985913 2 2 0
345.776 0.985941 0.985941 2 2 0
345.876 0.985969 0.985969 2 2 0
345.976 0.985997 0.985997 2 2 0
346.076 0.986025 0.986025 2 2 0
346.176 0.986052 0.986052 2 2 0
346.276 0.98608 0.98608 2 2 0
346.376 0.986107 0.986107 2 2 0
346.476 0.986135 0.986135 2 2 0
346.576 0.986162 0.986162 2 2 0
346.676 0.98619 0.98619 2 2 0
346.776 0.986217 0.986217 2 2 0
346.876 0.986244 0.986244 2 2 0
346.976 0.986272 0.986272 2 2 0
347.076 0.986299 0.986299 2 2 0
347.176 0.986326 0.986326 2 2 0
347.276 0.986353 0.986353 2 2 0
347.376 0.98638 0.98638 2 2 0
347.476 0.986407 0.986407 2 2 0
347.576 0.986434 0.986434 2 2 0
347.676 0.986461 0.986461 2 2 0
347.776 0.986488 0.986488 2 2 0
347.876 0.986514 0.986514 2 2 0
347.976 0.986541 0.986541 2 2 0
348.076 0.986568 0.986568 2 2 0
348.176 0.986594 0.986594 2 2 0
348.276 0.986621 0.986621 2 2 0
348.376 0.986647 0.986647 2 2 0
348.476 0.986674 0.986674 2 2 0
348.576 0.9867 0.9867 2 2 0
348.676 0.986727 0.986727 2 2 0
348.776 0.986753 0.986753 2 2 0
348.876 0.986779 0.986779 2 2 0
348.976 0.986805 0.986805 2 2 0
349.076 0.986832 0.986832 2 2 0
349.176 0.986858 0.986858 2 2 0
349.276 0.986884 0.986884 2 2 0
349.376 0.98691 0.98691 2 2 0
349.476 0.986936 0.986936 2 2 0
349.576 0.986961 0.986961 2 2 0
349.676 0.986987 0.986987 2 2 0
349.776 0.987013 0.987013 2 2 0
349.876 0.987039 0.987039 2 2 0
349.976 0.987064 0.987064 2 2 0
350.076 0.98709 0.98709 2 2 0
350.176 0.987116 0.987116 2 2 0
350.276 0.987141 0.987141 2 2 0
350.376 0.987167 0.987167 2 2 0
350.476 0.987192 0.987192 2 2 0
350.576 0.987217 0.987217 2 2 0
350.676 0.987243 0.987243 2 2 0
350.776 0.987268 0.987268 2 2 0
350.876 0.987293 0.987293 2 2 0
350.976 0.987318 0.987318 2 2 0
351.076 0.987344 0.987344 2 2 0
351.176 0.987369 0.987369 2 2 0
351.276 0.987394 0.987394 2 2 0
351.376 0.987419 0.987419 2 2 0
351.476 0.987444 0.987444 2 2 0
351.576 0.987469 0.987469 2 2 0
351.676 0.987493 0.987493 2 2 0
351.776 0.987518 0.987518 2 2 0
351.876 0.987543 0.987543 2 2 0
351.976 0.987568 0.987568 2 2 0
352.076 0.987592 0.987592 2 2 0
352.176 0.987617 0.987617 2 2 0
352.276 0.987641 0.987641 2 2 0
352.376 0.987666 0.987666 2 2 0
352.476 0.98769 0.98769 2 2 0
352.576 0.987715 0.987715 2 2 0
352.676 0.987739 0.987739 2 2 0
352.776 0.987763 0.987763 2 2 0
352.876 0.987788 0.987788 2 2 0
352.976 0.987812 0.987812 2 2 0
353.076 0.987836 0.987836 2 2 0
353.176 0.98786 0.98786 2 2 0
353.276 0.987884 0.987884 2 2 0
353.376 0.987908 0.987908 2 2 0
353.476 0.987932 0.987932 2 2 0
353.576 0.987956 0.987956 2 2 0
353.676 0.98798 0.98798 2 2 0
353.776 0.988004 0.988004 2 2 0
353.876 0.988028 0.988028 2 2 0
353.976 0.988051 0.988051 2 2 0
354.076 0.988075 0.988075 2 2 0
354.176 0.988099 0.988099 2 2 0
354.276 0.988122 0.988122 2 2 0
354.376 0.988146 0.988146 2 2 0
354.476 0.988169 0.988169 2 2 0
354.576 0.988193 0.988193 2 2 0
354.676 0.988216 0.988216 2 2 0
354.776 0.98824 0.98824 2 2 0
354.776 0.98824 0.98824 2 2 0
354.816 0.988249 0.988249 2 2 0
354.856 0.988258 0.988258 2 2 0
354.936 0.988277 0.988277 2 2 0
355.036 0.9883 0.9883 2 2 0
355.136 0.988323 0.988323 2 2 0
355.236 0.988346 0.988346 2 2 0
355.336 0.98837 0.98837 2 2 0
355.436 0.988393 0.988393 2 2 0
355.536 0.988416 0.988416 2 2 0
355.636 0.988439 0.988439 2 2 0
355.736 0.988462 0.988462 2 2 0
355.836 0.988484 0.988484 2 2 0
355.936 0.988507 0.988507 2 2 0
356.036 0.98853 0.98853 2 2 0
356.136 0.988553 0.988553 2 2 0
356.236 0.988575 0.988575 2 2 0
356.336 0.988598 0.988598 2 2 0
356.436 0.988621 0.988621 2 2 0
356.536 0.988643 0.988643 2 2 0
356.636 0.988666 0.988666 2 2 0
356.736 0.988688 0.988688 2 2 0
356.836 0.988711 0.988711 2 2 0
356.936 0.988733 0.988733 2 2 0
357.036 0.988756 0.988756 2 2 0
357.136 0.988778 0.988778 2 2 0
357.236 0.9888 0.9888 2 2 0
357.336 0.988822 0.988822 2 2 0
357.436 0.988844 0.988844 2 2 0
357.536 0.988867 0.988867 2 2 0
357.636 0.988889 0.988889 2 2 0
357.736 0.988911 0.988911 2 2 0
357.836 0.988933 0.988933 2 2 0
357.936 0.988955 0.988955 2 2 0
358.036 0.988977 0.988977 2 2 0
358.136 0.988998 0.988998 2 2 0
358.236 0.98902 0.98902 2 2 0
358.336 0.989042 0.989042 2 2 0
358.436 0.989064 0.989064 2 2 0
358.536 0.989086 0.989086 2 2 0
358.636 0.989107 0.989107 2 2 0
358.736 0.989129 0.989129 2 2 0
358.836 0.98915 0.98915 2 2 0
358.936 0.989172 0.989172 2 2 0
359.036 0.989193 0.989193 2 2 0
359.136 0.989215 0.989215 2 2 0
359.236 0.989236 0.989236 2 2 0
359.336 0.989258 0.989258 2 2 0
359.436 0.989279 0.989279 2 2 0
359.536 0.9893 0.9893 2 2 0
359.636 0.989321 0.989321 2 2 0
359.736 0.989343 0.989343 2 2 0
359.836 0.989364 0.989364 2 2 0
359.936 0.989385 0.989385 2 2 0
360.036 0.989406 0.989406 2 2 0
360.136 0.989427 0.989427 2 2 0
360.236 0.989448 0.989448 2 2 0
360.336 0.989469 0.989469 2 2 0
360.436 0.98949 0.98949 2 2 0
360.536 0.989511 0.989511 2 2 0
360.636 0.989531 0.989531 2 2 0
360.736 0.989552 0.989552 2 2 0
360.836 0.989573 0.989573 2 2 0
360.936 0.989594 0.989594 2 2 0
361.036 0.989614 0.989614 2 2 0
361.136 0.989635 0.989635 2 2 0
361.236 0.989656 0.989656 2 2 0
361.336 0.989676 0.989676 2 2 0
361.436 0.989697 0.989697 2 2 0
361.536 0.989717 0.989717 2 2 0
361.636 0.989737 0.989737 2 2 0
361.736 0.989758 0.989758 2 2 0
361.836 0.989778 0.989778 2 2 0
361.936 0.989798 0.989798 2 2 0
362.036 0.989819 0.989819 2 2 0
362.136 0.989839 0.989839 2 2 0
362.236 0.989859 0.989859 2 2 0
362.336 0.989879 0.989879 2 2 0
362.436 0.989899 0.989899 2 2 0
362.536 0.989919 0.989919 2 2 0
362.636 0.989939 0.989939 2 2 0
362.736 0.989959 0.989959 2 2 0
362.836 0.989979 0.989979 2 2 0
362.936 0.989999 0.989999 2 2 0
363.036 0.990019 0.990019 2 2 0
363.136 0.990039 0.990039 2 2 0
363.236 0.990059 0.990059 2 2 0
363.336 0.990078 0.990078 2 2 0
363.436 0.990098 0.990098 2 2 0
363.536 0.990118 0.990118 2 2 0
363.636 0.990137 0.990137 2 2 0
363.736 0.990157 0.990157 2 2 0
363.836 0.990176 0.990176 2 2 0
363.936 0.990196 0.990196 2 2 0
364.036 0.990215 0.990215 2 2 0
364.136 0.990235 0.990235 2 2 0
364.236 0.990254 0.990254 2 2 0
364.336 0.990274 0.990274 2 2 0
364.436 0.990293 0.990293 2 2 0
364.536 0.990312 0.990312 2 2 0
364.636 0.990331 0.990331 2 2 0
364.736 0.990351 0.990351 2 2 0
364.836 0.99037 0.99037 2 2 0
364.936 0.990389 0.990389 2 2 0
365.036 0.990408 0.990408 2 2 0
365.136 0.990427 0.990427 2 2 0
365.236 0.990446 0.990446 2 2 0
365.336 0.990465 0.990465 2 2 0
365.436 0.990484 0.990484 2 2 0
365.536 0.990503 0.990503 2 2 0
365.636 0.990522 0.990522 2 2 0
365.736 0.990541 0.990541 2 2 0
365.836 0.990559 0.990559 2 2 0
365.936 0.990578 0.990578 2 2 0
366.036 0.990597 0.990597 2 2 0
366.136 0.990615 0.990615 2 2 0
366.236 0.990634 0.990634 2 2 0
366.336 0.990653 0.990653 2 2 0
366.436 0.990671 0.990671 2 2 0
366.536 0.99069 0.99069 2 2 0
366.636 0.990708 0.990708 2 2 0
366.736 0.990727 0.990727 2 2 0
366.836 0.990745 0.990745 2 2 0
366.936 0.990764 0.990764 2 2 0
367.036 0.990782 0.990782 2 2 0
367.136 0.9908 0.9908 2 2 0
367.236 0.990819 0.990819 2 2 0
367.336 0.990837 0.990837 2 2 0
367.436 0.990855 0.990855 2 2 0
367.536 0.990873 0.990873 2 2 0
367.636 0.990891 0.990891 2 2 0
367.736 0.990909 0.990909 2 2 0
367.836 0.990927 0.990927 2 2 0
367.936 0.990945 0.990945 2 2 0
368.036 0.990963 0.990963 2 2 0
368.136 0.990981 0.990981 2 2 0
368.236 0.990999 0.990999 2 2 0
368.336 0.991017 0.991017 2 2 0
368.436 0.991035 0.991035 2 2 0
368.536 0.991053 0.991053 2 2 0
368.636 0.991071 0.991071 2 2 0
368.736 0.991088 0.991088 2 2 0
368.836 0.991106 0.991106 2 2 0
368.936 0.991124 0.991124 2 2 0
369.036 0.991141 0.991141 2 2 0
369.136 0.991159 0.991159 2 2 0
369.236 0.991177 0.991177 2 2 0
369.336 0.991194 0.991194 2 2 0
369.436 0.991212 0.991212 2 2 0
369.536 0.991229 0.991229 2 2 0
369.636 0.991246 0.991246 2 2 0
369.736 0.991264 0.991264 2 2 0
369.836 0.991281 0.991281 2 2 0
369.936 0.991299 0.991299 2 2 0
370.036 0.991316 0.991316 2 2 0
370.136 0.991333 0.991333 2 2 0
370.236 0.99135 0.99135 2 2 0
370.336 0.991368 0.991368 2 2 0
370.436 0.991385 0.991385 2 2 0
370.536 0.991402 0.991402 2 2 0
370.636 0.991419 0.991419 2 2 0
370.736 0.991436 0.991436 2 2 0
370.836 0.991453 0.991453 2 2 0
370.936 0.99147 0.99147 2 2 0
371.036 0.991487 0.991487 2 2 0
371.136 0.991504 0.991504 2 2 0
371.236 0.991521 0.991521 2 2 0
371.336 0.991538 0.991538 2 2 0
371.436 0.991554 0.991554 2 2 0
371.536 0.991571 0.991571 2 2 0
371.636 0.991588 0.991588 2 2 0
371.736 0.991605 0.991605 2 2 0
371.836 0.991621 0.991621 2 2 0
371.936 0.991638 0.991638 2 2 0
372.036 0.991655 0.991655 2 2 0
372.136 0.991671 0.991671 2 2 0
372.236 0.991688 0.991688 2 2 0
372.336 0.991704 0.991704 2 2 0
372.436 0.991721 0.991721 2 2 0
372.536 0.991737 0.991737 2 2 0
372.636 0.991754 0.991754 2 2 0
372.736 0.99177 0.99177 2 2 0
372.836 0.991786 0.991786 2 2 0
372.936 0.991803 0.991803 2 2 0
373.036 0.991819 0.991819 2 2 0
373.136 0.991835 0.991835 2 2 0
373.236 0.991852 0.991852 2 2 0
373.336 0.991868 0.991868 2 2 0
373.436 0.991884 0.991884 2 2 0
373.536 0.9919 0.9919 2 2 0
373.636 0.991916 0.991916 2 2 0
373.736 0.991932 0.991932 2 2 0
373.836 0.991948 0.991948 2 2 0
373.936 0.991964 0.991964 2 2 0
374.036 0.99198 0.99198 2 2 0
374.136 0.991996 0.991996 2 2 0
374.236 0.992012 0.992012 2 2 0
374.336 0.992028 0.992028 2 2 0
374.436 0.992044 0.992044 2 2 0
374.536 0.99206 0.99206 2 2 0
374.536 0.99206 0.99206 2 2 0
374.576 0.992066 0.992066 2 2 0
374.616 0.992072 0.992072 2 2 0
374.696 0.992085 0.992085 2 2 0
374.796 0.992101 0.992101 2 2 0
374.896 0.992116 0.992116 2 2 0
374.996 0.992132 0.992132 2 2 0
375.096 0.992148 0.992148 2 2 0
375.196 0.992163 0.992163 2 2 0
375.296 0.992179 0.992179 2 2 0
375.396 0.992194 0.992194 2 2 0
375.496 0.99221 0.99221 2 2 0
375.596 0.992225 0.992225 2 2 0
375.696 0.992241 0.992241 2 2 0
375.796 0.992256 0.992256 2 2 0
375.896 0.992272 0.992272 2 2 0
375.996 0.992287 0.992287 2 2 0
376.096 0.992302 0.992302 2 2 0
376.196 0.992318 0.992318 2 2 0
376.296 0.992333 0.992333 2 2 0
376.396 0.992348 0.992348 2 2 0
376.496 0.992363 0.992363 2 2 0
376.596 0.992379 0.992379 2 2 0
376.696 0.992394 0.992394 2 2 0
376.796 0.992409 0.992409 2 2 0
376.896 0.992424 0.992424 2 2 0
376.996 0.992439 0.992439 2 2 0
377.096 0.992454 0.992454 2 2 0
377.196 0.992469 0.992469 2 2 0
377.296 0.992484 0.992484 2 2 0
377.396 0.992499 0.992499 2 2 0
377.496 0.992514 0.992514 2 2 0
377.596 0.992529 0.992529 2 2 0
377.696 0.992544 0.992544 2 2 0
377.796 0.992559 0.992559 2 2 0
377.896 0.992573 0.992573 2 2 0
377.996 0.992588 0.992588 2 2 0
378.096 0.992603 0.992603 2 2 0
378.196 0.992618 0.992618 2 2 0
378.296 0.992632 0.992632 2 2 0
378.396 0.992647 0.992647 2 2 0
378.496 0.992662 0.992662 2 2 0
378.596 0.992676 0.992676 2 2 0
378.696 0.992691 0.992691 2 2 0
378.796 0.992705 0.992705 2 2 0
378.896 0.99272 0.99272 2 2 0
378.996 0.992734 0.992734 2 2 0
379.096 0.992749 0.992749 2 2 0
379.196 0.992763 0.992763 2 2 0
379.296 0.992777 0.992777 2 2 0
379.396 0.992792 0.992792 2 2 0
379.496 0.992806 0.992806 2 2 0
379.596 0.992821 0.992821 2 2 0
379.696 0.992835 0.992835 2 2 0
379.796 0.992849 0.992849 2 2 0
379.896 0.992863 0.992863 2 2 0
379.996 0.992877 0.992877 2 2 0
380.096 0.992892 0.992892 2 2 0
380.196 0.992906 0.992906 2 2 0
380.296 0.99292 0.99292 2 2 0
380.396 0.992934 0.992934 2 2 0
380.496 0.992948 0.992948 2 2 0
380.596 0.992962 0.992962 2 2 0
380.696 0.992976 0.992976 2 2 0
380.796 0.99299 0.99299 2 2 0
380.896 0.993004 0.993004 2 2 0
380.996 0.993018 0.993018 2 2 0
381.096 0.993032 0.993032 2 2 0
381.196 0.993046 0.993046 2 2 0
381.296 0.99306 0.99306 2 2 0
381.396 0.993073 0.993073 2 2 0
381.496 0.993087 0.993087 2 2 0
381.596 0.993101 0.993101 2 2 0
381.696 0.993115 0.993115 2 2 0
381.796 0.993128 0.993128 2 2 0
381.896 0.993142 0.993142 2 2 0
381.996 0.993156 0.993156 2 2 0
382.096 0.993169 0.993169 2 2 0
382.196 0.993183 0.993183 2 2 0
382.296 0.993196 0.993196 2 2 0
382.396 0.99321 0.99321 2 2 0
382.496 0.993223 0.993223 2 2 0
382.596 0.993237 0.993237 2 2 0
382.696 0.99325 0.99325 2 2 0
382.796 0.993264 0.993264 2 2 0
382.896 0.993277 0.993277 2 2 0
382.996 0.993291 0.993291 2 2 0
383.096 0.993304 0.993304 2 2 0
383.196 0.993317 0.993317 2 2 0
383.296 0.993331 0.993331 2 2 0
383.396 0.993344 0.993344 2 2 0
383.496 0.993357 0.993357 2 2 0
383.596 0.99337 0.99337 2 2 0
383.696 0.993383 0.993383 2 2 0
383.796 0.993397 0.993397 2 2 0
383.896 0.99341 0.99341 2 2 0
383.996 0.993423 0.993423 2 2 0
384.096 0.993436 0.993436 2 2 0
384.196 0.993449 0.993449 2 2 0
384.296 0.993462 0.993462 2 2 0
384.396 0.993475 0.993475 2 2 0
384.496 0.993488 0.993488 2 2 0
384.596 0.993501 0.993501 2 2 0
384.696 0.993514 0.993514 2 2 0
384.796 0.993527 0.993527 2 2 0
384.896 0.99354 0.99354 2 2 0
384.996 0.993553 0.993553 2 2 0
385.096 0.993565 0.993565 2 2 0
385.196 0.993578 0.993578 2 2 0
385.296 0.993591 0.993591 2 2 0
385.396 0.993604 0.993604 2 2 0
385.496 0.993617 0.993617 2 2 0
385.596 0.993629 0.993629 2 2 0
385.696 0.993642 0.993642 2 2 0
385.796 0.993655 0.993655 2 2 0
385.896 0.993667 0.993667 2 2 0
385.996 0.99368 0.99368 2 2 0
386.096 0.993692 0.993692 2 2 0
386.196 0.993705 0.993705 2 2 0
386.296 0.993717 0.993717 2 2 0
386.396 0.99373 0.99373 2 2 0
386.496 0.993742 0.993742 2 2 0
386.596 0.993755 0.993755 2 2 0
386.696 0.993767 0.993767 2 2 0
386.796 0.99378 0.99378 2 2 0
386.896 0.993792 0.993792 2 2 0
386.996 0.993805 0.993805 2 2 0
387.096 0.993817 0.993817 2 2 0
387.196 0.993829 0.993829 2 2 0
387.296 0.993841 0.993841 2 2 0
387.396 0.993854 0.993854 2 2 0
387.496 0.993866 0.993866 2 2 0
387.596 0.993878 0.993878 2 2 0
387.696 0.99389 0.99389 2 2 0
387.796 0.993902 0.993902 2 2 0
387.896 0.993915 0.993915 2 2 0
387.996 0.993927 0.993927 2 2 0
388.096 0.993939 0.993939 2 2 0
388.196 0.993951 0.993951 2 2 0
388.296 0.993963 0.993963 2 2 0
388.396 0.993975 0.993975 2 2 0
388.496 0.993987 0.993987 2 2 0
388.596 0.993999 0.993999 2 2 0
388.696 0.994011 0.994011 2 2 0
388.796 0.994023 0.994023 2 2 0
388.896 0.994035 0.994035 2 2 0
388.996 0.994047 0.994047 2 2 0
389.096 0.994058 0.994058 2 2 0
389.196 0.99407 0.99407 2 2 0
389.296 0.994082 0.994082 2 2 0
389.396 0.994094 0.994094 2 2 0
389.496 0.994106 0.994106 2 2 0
389.596 0.994117 0.994117 2 2 0
389.696 0.994129 0.994129 2 2 0
389.796 0.994141 0.994141 2 2 0
389.896 0.994152 0.994152 2 2 0
389.996 0.994164 0.994164 2 2 0
390.096 0.994176 0.994176 2 2 0
390.196 0.994187 0.994187 2 2 0
390.296 0.994199 0.994199 2 2 0
390.396 0.99421 0.99421 2 2 0
390.496 0.994222 0.994222 2 2 0
390.596 0.994233 0.994233 2 2 0
390.696 0.994245 0.994245 2 2 0
390.796 0.994256 0.994256 2 2 0
390.896 0.994268 0.994268 2 2 0
390.996 0.994279 0.994279 2 2 0
391.096 0.994291 0.994291 2 2 0
391.196 0.994302 0.994302 2 2 0
391.296 0.994313 0.994313 2 2 0
391.396 0.994325 0.994325 2 2 0
391.496 0.994336 0.994336 2 2 0
391.596 0.994347 0.994347 2 2 0
391.696 0.994358 0.994358 2 2 0
391.796 0.99437 0.99437 2 2 0
391.896 0.994381 0.994381 2 2 0
391.996 0.994392 0.994392 2 2 0
392.096 0.994403 0.994403 2 2 0
392.196 0.994414 0.994414 2 2 0
392.296 0.994426 0.994426 2 2 0
392.396 0.994437 0.994437 2 2 0
392.496 0.994448 0.994448 2 2 0
392.596 0.994459 0.994459 2 2 0
392.696 0.99447 0.99447 2 2 0
392.796 0.994481 0.994481 2 2 0
392.896 0.994492 0.994492 2 2 0
392.996 0.994503 0.994503 2 2 0
393.096 0.994514 0.994514 2 2 0
393.196 0.994525 0.994525 2 2 0
393.296 0.994536 0.994536 2 2 0
393.396 0.994546 0.994546 2 2 0
393.496 0.994557 0.994557 2 2 0
393.596 0.994568 0.994568 2 2 0
393.696 0.994579 0.994579 2 2 0
393.796 0.99459 0.99459 2 2 0
393.896 0.994601 0.994601 2 2 0
393.996 0.994611 0.994611 2 2 0
394.096 0.994622 0.994622 2 2 0
394.196 0.994633 0.994633 2 2 0
394.296 0.994643 0.994643 2 2 0
394.296 0.994643 0.994643 2 2 0
394.336 0.994648 0.994648 2 2 0
394.376 0.994652 0.994652 2 2 0
394.456 0.994661 0.994661 2 2 0
394.556 0.994671 0.994671 2 2 0
394.656 0.994682 0.994682 2 2 0
394.756 0.994692 0.994692 2 2 0
394.856 0.994703 0.994703 2 2 0
394.956 0.994713 0.994713 2 2 0
395.056 0.994724 0.994724 2 2 0
395.156 0.994735 0.994735 2 2 0
395.256 0.994745 0.994745 2 2 0
395.356 0.994755 0.994755 2 2 0
395.456 0.994766 0.994766 2 2 0
395.556 0.994776 0.994776 2 2 0
395.656 0.994787 0.994787 2 2 0
395.756 0.994797 0.994797 2 2 0
395.856 0.994807 0.994807 2 2 0
395.956 0.994818 0.994818 2 2 0
396.056 0.994828 0.994828 2 2 0
396.156 0.994838 0.994838 2 2 0
396.256 0.994849 0.994849 2 2 0
396.356 0.994859 0.994859 2 2 0
396.456 0.994869 0.994869 2 2 0
396.556 0.994879 0.994879 2 2 0
396.656 0.99489 0.99489 2 2 0
396.756 0.9949 0.9949 2 2 0
396.856 0.99491 0.99491 2 2 0
396.956 0.99492 0.99492 2 2 0
397.056 0.99493 0.99493 2 2 0
397.156 0.99494 0.99494 2 2 0
397.256 0.99495 0.99495 2 2 0
397.356 0.99496 0.99496 2 2 0
397.456 0.994971 0.994971 2 2 0
397.556 0.994981 0.994981 2 2 0
397.656 0.994991 0.994991 2 2 0
397.756 0.995001 0.995001 2 2 0
397.856 0.99501 0.99501 2 2 0
397.956 0.99502 0.99502 2 2 0
398.056 0.99503 0.99503 2 2 0
398.156 0.99504 0.99504 2 2 0
398.256 0.99505 0.99505 2 2 0
398.356 0.99506 0.99506 2 2 0
398.456 0.99507 0.99507 2 2 0
398.556 0.99508 0.99508 2 2 0
398.656 0.995089 0.995089 2 2 0
398.756 0.995099 0.995099 2 2 0
398.856 0.995109 0.995109 2 2 0
398.956 0.995119 0.995119 2 2 0
399.056 0.995128 0.995128 2 2 0
399.156 0.995138 0.995138 2 2 0
399.256 0.995148 0.995148 2 2 0
399.356 0.995158 0.995158 2 2 0
399.456 0.995167 0.995167 2 2 0
399.556 0.995177 0.995177 2 2 0
399.656 0.995186 0.995186 2 2 0
399.756 0.995196 0.995196 2 2 0
399.856 0.995206 0.995206 2 2 0
399.956 0.995215 0.995215 2 2 0
400.056 0.995225 0.995225 2 2 0
400.156 0.995234 0.995234 2 2 0
400.256 0.995244 0.995244 2 2 0
400.356 0.995253 0.995253 2 2 0
400.456 0.995263 0.995263 2 2 0
400.556 0.995272 0.995272 2 2 0
400.656 0.995281 0.995281 2 2 0
400.756 0.995291 0.995291 2 2 0
400.856 0.9953 0.9953 2 2 0
400.956 0.99531 0.99531 2 2 0
401.056 0.995319 0.995319 2 2 0
401.156 0.995328 0.995328 2 2 0
401.256 0.995338 0.995338 2 2 0
401.356 0.995347 0.995347 2 2 0
401.456 0.995356 0.995356 2 2 0
401.556 0.995365 0.995365 2 2 0
401.656 0.995375 0.995375 2 2 0
401.756 0.995384 0.995384 2 2 0
401.856 0.995393 0.995393 2 2 0
401.956 0.995402 0.995402 2 2 0
402.056 0.995411 0.995411 2 2 0
402.156 0.995421 0.995421 2 2 0
402.256 0.99543 0.99543 2 2 0
402.356 0.995439 0.995439 2 2 0
402.456 0.995448 0.995448 2 2 0
402.556 0.995457 0.995457 2 2 0
402.656 0.995466 0.995466 2 2 0
402.756 0.995475 0.995475 2 2 0
402.856 0.995484 0.995484 2 2 0
402.956 0.995493 0.995493 2 2 0
403.056 0.995502 0.995502 2 2 0
403.156 0.995511 0.995511 2 2 0
403.256 0.99552 0.99552 2 2 0
403.356 0.995529 0.995529 2 2 0
403.456 0.995538 0.995538 2 2 0
403.556 0.995547 0.995547 2 2 0
403.656 0.995556 0.995556 2 2 0
403.756 0.995564 0.995564 2 2 0
403.856 0.995573 0.995573 2 2 0
403.956 0.995582 0.995582 2 2 0
404.056 0.995591 0.995591 2 2 0
404.156 0.9956 0.9956 2 2 0
404.256 0.995608 0.995608 2 2 0
404.356 0.995617 0.995617 2 2 0
404.456 0.995626 0.995626 2 2 0
404.556 0.995635 0.995635 2 2 0
404.656 0.995643 0.995643 2 2 0
404.756 0.995652 0.995652 2 2 0
404.856 0.995661 0.995661 2 2 0
404.956 0.995669 0.995669 2 2 0
405.056 0.995678 0.995678 2 2 0
405.156 0.995687 0.995687 2 2 0
405.256 0.995695 0.995695 2 2 0
405.356 0.995704 0.995704 2 2 0
405.456 0.995712 0.995712 2 2 0
405.556 0.995721 0.995721 2 2 0
405.656 0.995729 0.995729 2 2 0
405.756 0.995738 0.995738 2 2 0
405.856 0.995746 0.995746 2 2 0
405.956 0.995755 0.995755 2 2 0
406.056 0.995763 0.995763 2 2 0
406.156 0.995772 0.995772 2 2 0
406.256 0.99578 0.99578 2 2 0
406.356 0.995789 0.995789 2 2 0
406.456 0.995797 0.995797 2 2 0
406.556 0.995805 0.995805 2 2 0
406.656 0.995814 0.995814 2 2 0
406.756 0.995822 0.995822 2 2 0
406.856 0.99583 0.99583 2 2 0
406.956 0.995839 0.995839 2 2 0
407.056 0.995847 0.995847 2 2 0
407.156 0.995855 0.995855 2 2 0
407.256 0.995864 0.995864 2 2 0
407.356 0.995872 0.995872 2 2 0
407.456 0.99588 0.99588 2 2 0
407.556 0.995888 0.995888 2 2 0
407.656 0.995896 0.995896 2 2 0
407.756 0.995905 0.995905 2 2 0
407.856 0.995913 0.995913 2 2 0
407.956 0.995921 0.995921 2 2 0
408.056 0.995929 0.995929 2 2 0
408.156 0.995937 0.995937 2 2 0
408.256 0.995945 0.995945 2 2 0
408.356 0.995953 0.995953 2 2 0
408.456 0.995961 0.995961 2 2 0
408.556 0.99597 0.99597 2 2 0
408.656 0.995978 0.995978 2 2 0
408.756 0.995986 0.995986 2 2 0
408.856 0.995994 0.995994 2 2 0
408.956 0.996002 0.996002 2 2 0
409.056 0.99601 0.99601 2 2 0
409.156 0.996017 0.996017 2 2 0
409.256 0.996025 0.996025 2 2 0
409.356 0.996033 0.996033 2 2 0
409.456 0.996041 0.996041 2 2 0
409.556 0.996049 0.996049 2 2 0
409.656 0.996057 0.996057 2 2 0
409.756 0.996065 0.996065 2 2 0
409.856 0.996073 0.996073 2 2 0
409.956 0.996081 0.996081 2 2 0
410.056 0.996088 0.996088 2 2 0
410.156 0.996096 0.996096 2 2 0
410.256 0.996104 0.996104 2 2 0
410.356 0.996112 0.996112 2 2 0
410.456 0.996119 0.996119 2 2 0
410.556 0.996127 0.996127 2 2 0
410.656 0.996135 0.996135 2 2 0
410.756 0.996143 0.996143 2 2 0
410.856 0.99615 0.99615 2 2 0
410.956 0.996158 0.996158 2 2 0
411.056 0.996166 0.996166 2 2 0
411.156 0.996173 0.996173 2 2 0
411.256 0.996181 0.996181 2 2 0
411.356 0.996189 0.996189 2 2 0
411.456 0.996196 0.996196 2 2 0
411.556 0.996204 0.996204 2 2 0
411.656 0.996211 0.996211 2 2 0
411.756 0.996219 0.996219 2 2 0
411.856 0.996226 0.996226 2 2 0
411.956 0.996234 0.996234 2 2 0
412.056 0.996241 0.996241 2 2 0
412.156 0.996249 0.996249 2 2 0
412.256 0.996256 0.996256 2 2 0
412.356 0.996264 0.996264 2 2 0
412.456 0.996271 0.996271 2 2 0
412.556 0.996279 0.996279 2 2 0
412.656 0.996286 0.996286 2 2 0
412.756 0.996294 0.996294 2 2 0
412.856 0.996301 0.996301 2 2 0
412.956 0.996308 0.996308 2 2 0
413.056 0.996316 0.996316 2 2 0
413.156 0.996323 0.996323 2 2 0
413.256 0.99633 0.99633 2 2 0
413.356 0.996338 0.996338 2 2 0
413.456 0.996345 0.996345 2 2 0
413.556 0.996352 0.996352 2 2 0
413.656 0.99636 0.99636 2 2 0
413.756 0.996367 0.996367 2 2 0
413.856 0.996374 0.996374 2 2 0
413.956 0.996381 0.996381 2 2 0
414.056 0.996388 0.996388 2 2 0
414.056 0.996388 0.996388 2 2 0
414.096 0.996391 0.996391 2 2 0
414.136 0.996394 0.996394 2 2 0
414.216 0.9964 0.9964 2 2 0
414.316 0.996407 0.996407 2 2 0
414.416 0.996414 0.996414 2 2 0
414.516 0.996421 0.996421 2 2 0
414.616 0.996429 0.996429 2 2 0
414.716 0.996436 0.996436 2 2 0
414.816 0.996443 0.996443 2 2 0
414.916 0.99645 0.99645 2 2 0
415.016 0.996457 0.996457 2 2 0
415.116 0.996464 0.996464 2 2 0
415.216 0.996471 0.996471 2 2 0
415.316 0.996478 0.996478 2 2 0
415.416 0.996485 0.996485 2 2 0
415.516 0.996492 0.996492 2 2 0
415.616 0.996499 0.996499 2 2 0
415.716 0.996506 0.996506 2 2 0
415.816 0.996513 0.996513 2 2 0
415.916 0.99652 0.99652 2 2 0
416.016 0.996527 0.996527 2 2 0
416.116 0.996534 0.996534 2 2 0
416.216 0.996541 0.996541 2 2 0
416.316 0.996548 0.996548 2 2 0
416.416 0.996555 0.996555 2 2 0
416.516 0.996562 0.996562 2 2 0
416.616 0.996568 0.996568 2 2 0
416.716 0.996575 0.996575 2 2 0
416.816 0.996582 0.996582 2 2 0
416.916 0.996589 0.996589 2 2 0
417.016 0.996596 0.996596 2 2 0
417.116 0.996602 0.996602 2 2 0
417.216 0.996609 0.996609 2 2 0
417.316 0.996616 0.996616 2 2 0
417.416 0.996623 0.996623 2 2 0
417.516 0.99663 0.99663 2 2 0
417.616 0.996636 0.996636 2 2 0
417.716 0.996643 0.996643 2 2 0
417.816 0.99665 0.99665 2 2 0
417.916 0.996656 0.996656 2 2 0
418.016 0.996663 0.996663 2 2 0
418.116 0.99667 0.99667 2 2 0
418.216 0.996676 0.996676 2 2 0
418.316 0.996683 0.996683 2 2 0
418.416 0.99669 0.99669 2 2 0
418.516 0.996696 0.996696 2 2 0
418.616 0.996703 0.996703 2 2 0
418.716 0.996709 0.996709 2 2 0
418.816 0.996716 0.996716 2 2 0
418.916 0.996722 0.996722 2 2 0
419.016 0.996729 0.996729 2 2 0
419.116 0.996735 0.996735 2 2 0
419.216 0.996742 0.996742 2 2 0
419.316 0.996748 0.996748 2 2 0
419.416 0.996755 0.996755 2 2 0
419.516 0.996761 0.996761 2 2 0
419.616 0.996768 0.996768 2 2 0
419.716 0.996774 0.996774 2 2 0
419.816 0.996781 0.996781 2 2 0
419.916 0.996787 0.996787 2 2 0
420.016 0.996794 0.996794 2 2 0
420.116 0.9968 0.9968 2 2 0
420.216 0.996806 0.996806 2 2 0
420.316 0.996813 0.996813 2 2 0
420.416 0.996819 0.996819 2 2 0
420.516 0.996825 0.996825 2 2 0
420.616 0.996832 0.996832 2 2 0
420.716 0.996838 0.996838 2 2 0
420.816 0.996844 0.996844 2 2 0
420.916 0.996851 0.996851 2 2 0
421.016 0.996857 0.996857 2 2 0
421.116 0.996863 0.996863 2 2 0
421.216 0.996869 0.996869 2 2 0
421.316 0.996876 0.996876 2 2 0
421.416 0.996882 0.996882 2 2 0
421.516 0.996888 0.996888 2 2 0
421.616 0.996894 0.996894 2 2 0
421.716 0.996901 0.996901 2 2 0
421.816 0.996907 0.996907 2 2 0
421.916 0.996913 0.996913 2 2 0
422.016 0.996919 0.996919 2 2 0
422.116 0.996925 0.996925 2 2 0
422.216 0.996931 0.996931 2 2 0
422.316 0.996938 0.996938 2 2 0
422.416 0.996944 0.996944 2 2 0
422.516 0.99695 0.99695 2 2 0
422.616 0.996956 0.996956 2 2 0
422.716 0.996962 0.996962 2 2 0
422.816 0.996968 0.996968 2 2 0
422.916 0.996974 0.996974 2 2 0
423.016 0.99698 0.99698 2 2 0
423.116 0.996986 0.996986 2 2 0
423.216 0.996992 0.996992 2 2 0
423.316 0.996998 0.996998 2 2 0
423.416 0.997004 0.997004 2 2 0
423.516 0.99701 0.99701 2 2 0
423.616 0.997016 0.997016 2 2 0
423.716 0.997022 0.997022 2 2 0
423.816 0.997028 0.997028 2 2 0
423.916 0.997034 0.997034 2 2 0
424.016 0.99704 0.99704 2 2 0
424.116 0.997046 0.997046 2 2 0
424.216 0.997052 0.997052 2 2 0
424.316 0.997057 0.997057 2 2 0
424.416 0.997063 0.997063 2 2 0
424.516 0.997069 0.997069 2 2 0
424.616 0.997075 0.997075 2 2 0
424.716 0.997081 0.997081 2 2 0
424.816 0.997087 0.997087 2 2 0
424.916 0.997092 0.997092 2 2 0
425.016 0.997098 0.997098 2 2 0
425.116 0.997104 0.997104 2 2 0
425.216 0.99711 0.99711 2 2 0
425.316 0.997116 0.997116 2 2 0
425.416 0.997121 0.997121 2 2 0
425.516 0.997127 0.997127 2 2 0
425.616 0.997133 0.997133 2 2 0
425.716 0.997139 0.997139 2 2 0
425.816 0.997144 0.997144 2 2 0
425.916 0.99715 0.99715 2 2 0
426.016 0.997156 0.997156 2 2 0
426.116 0.997161 0.997161 2 2 0
426.216 0.997167 0.997167 2 2 0
426.316 0.997173 0.997173 2 2 0
426.416 0.997178 0.997178 2 2 0
426.516 0.997184 0.997184 2 2 0
426.616 0.997189 0.997189 2 2 0
426.716 0.997195 0.997195 2 2 0
426.816 0.997201 0.997201 2 2 0
426.916 0.997206 0.997206 2 2 0
427.016 0.997212 0.997212 2 2 0
427.116 0.997217 0.997217 2 2 0
427.216 0.997223 0.997223 2 2 0
427.316 0.997228 0.997228 2 2 0
427.416 0.997234 0.997234 2 2 0
427.516 0.99724 0.99724 2 2 0
427.616 0.997245 0.997245 2 2 0
427.716 0.997251 0.997251 2 2 0
427.816 0.997256 0.997256 2 2 0
427.916 0.997262 0.997262 2 2 0
428.016 0.997267 0.997267 2 2 0
428.116 0.997272 0.997272 2 2 0
428.216 0.997278 0.997278 2 2 0
428.316 0.997283 0.997283 2 2 0
428.416 0.997289 0.997289 2 2 0
428.516 0.997294 0.997294 2 2 0
428.616 0.9973 0.9973 2 2 0
428.716 0.997305 0.997305 2 2 0
428.816 0.99731 0.99731 2 2 0
428.916 0.997316 0.997316 2 2 0
429.016 0.997321 0.997321 2 2 0
429.116 0.997326 0.997326 2 2 0
429.216 0.997332 0.997332 2 2 0
429.316 0.997337 0.997337 2 2 0
429.416 0.997342 0.997342 2 2 0
429.516 0.997348 0.997348 2 2 0
429.616 0.997353 0.997353 2 2 0
429.716 0.997358 0.997358 2 2 0
429.816 0.997363 0.997363 2 2 0
429.916 0.997369 0.997369 2 2 0
430.016 0.997374 0.997374 2 2 0
430.116 0.997379 0.997379 2 2 0
430.216 0.997384 0.997384 2 2 0
430.316 0.99739 0.99739 2 2 0
430.416 0.997395 0.997395 2 2 0
430.516 0.9974 0.9974 2 2 0
430.616 0.997405 0.997405 2 2 0
430.716 0.99741 0.99741 2 2 0
430.816 0.997416 0.997416 2 2 0
430.916 0.997421 0.997421 2 2 0
431.016 0.997426 0.997426 2 2 0
431.116 0.997431 0.997431 2 2 0
431.216 0.997436 0.997436 2 2 0
431.316 0.997441 0.997441 2 2 0
431.416 0.997446 0.997446 2 2 0
431.516 0.997451 0.997451 2 2 0
431.616 0.997457 0.997457 2 2 0
431.716 0.997462 0.997462 2 2 0
431.816 0.997467 0.997467 2 2 0
431.916 0.997472 0.997472 2 2 0
432.016 0.997477 0.997477 2 2 0
432.116 0.997482 0.997482 2 2 0
432.216 0.997487 0.997487 2 2 0
432.316 0.997492 0.997492 2 2 0
432.416 0.997497 0.997497 2 2 0
432.516 0.997502 0.997502 2 2 0
432.616 0.997507 0.997507 2 2 0
432.716 0.997512 0.997512 2 2 0
432.816 0.997517 0.997517 2 2 0
432.916 0.997522 0.997522 2 2 0
433.016 0.997527 0.997527 2 2 0
433.116 0.997532 0.997532 2 2 0
433.216 0.997537 0.997537 2 2 0
433.316 0.997541 0.997541 2 2 0
433.416 0.997546 0.997546 2 2 0
433.516 0.997551 0.997551 2 2 0
433.616 0.997556 0.997556 2 2 0
433.716 0.997561 0.997561 2 2 0
433.816 0.997566 0.997566 2 2 0
433.816 0.997566 0.997566 2 2 0
433.856 0.997568 0.997568 2 2 0
433.896 0.99757 0.99757 2 2 0
433.976 0.997574 0.997574 2 2 0
434.076 0.997579 0.997579 2 2 0
434.176 0.997583 0.997583 2 2 0
434.276 0.997588 0.997588 2 2 0
434.376 0.997593 0.997593 2 2 0
434.476 0.997598 0.997598 2 2 0
434.576 0.997603 0.997603 2 2 0
434.676 0.997607 0.997607 2 2 0
434.776 0.997612 0.997612 2 2 0
434.876 0.997617 0.997617 2 2 0
434.976 0.997622 0.997622 2 2 0
435.076 0.997626 0.997626 2 2 0
435.176 0.997631 0.997631 2 2 0
435.276 0.997636 0.997636 2 2 0
435.376 0.997641 0.997641 2 2 0
435.476 0.997645 0.997645 2 2 0
435.576 0.99765 0.99765 2 2 0
435.676 0.997655 0.997655 2 2 0
435.776 0.997659 0.997659 2 2 0
435.876 0.997664 0.997664 2 2 0
435.976 0.997669 0.997669 2 2 0
436.076 0.997673 0.997673 2 2 0
436.176 0.997678 0.997678 2 2 0
436.276 0.997683 0.997683 2 2 0
436.376 0.997687 0.997687 2 2 0
436.476 0.997692 0.997692 2 2 0
436.576 0.997696 0.997696 2 2 0
436.676 0.997701 0.997701 2 2 0
436.776 0.997706 0.997706 2 2 0
436.876 0.99771 0.99771 2 2 0
436.976 0.997715 0.997715 2 2 0
437.076 0.997719 0.997719 2 2 0
437.176 0.997724 0.997724 2 2 0
437.276 0.997728 0.997728 2 2 0
437.376 0.997733 0.997733 2 2 0
437.476 0.997738 0.997738 2 2 0
437.576 0.997742 0.997742 2 2 0
437.676 0.997747 0.997747 2 2 0
437.776 0.997751 0.997751 2 2 0
437.876 0.997756 0.997756 2 2 0
437.976 0.99776 0.99776 2 2 0
438.076 0.997764 0.997764 2 2 0
438.176 0.997769 0.997769 2 2 0
438.276 0.997773 0.997773 2 2 0
438.376 0.997778 0.997778 2 2 0
438.476 0.997782 0.997782 2 2 0
438.576 0.997787 0.997787 2 2 0
438.676 0.997791 0.997791 2 2 0
438.776 0.997796 0.997796 2 2 0
438.876 0.9978 0.9978 2 2 0
438.976 0.997804 0.997804 2 2 0
439.076 0.997809 0.997809 2 2 0
439.176 0.997813 0.997813 2 2 0
439.276 0.997817 0.997817 2 2 0
439.376 0.997822 0.997822 2 2 0
439.476 0.997826 0.997826 2 2 0
439.576 0.99783 0.99783 2 2 0
439.676 0.997835 0.997835 2 2 0
439.776 0.997839 0.997839 2 2 0
439.876 0.997843 0.997843 2 2 0
439.976 0.997848 0.997848 2 2 0
440.076 0.997852 0.997852 2 2 0
440.176 0.997856 0.997856 2 2 0
440.276 0.997861 0.997861 2 2 0
440.376 0.997865 0.997865 2 2 0
440.476 0.997869 0.997869 2 2 0
440.576 0.997873 0.997873 2 2 0
440.676 0.997878 0.997878 2 2 0
440.776 0.997882 0.997882 2 2 0
440.876 0.997886 0.997886 2 2 0
440.976 0.99789 0.99789 2 2 0
441.076 0.997895 0.997895 2 2 0
441.176 0.997899 0.997899 2 2 0
441.276 0.997903 0.997903 2 2 0
441.376 0.997907 0.997907 2 2 0
441.476 0.997911 0.997911 2 2 0
441.576 0.997915 0.997915 2 2 0
441.676 0.99792 0.99792 2 2 0
441.776 0.997924 0.997924 2 2 0
441.876 0.997928 0.997928 2 2 0
441.976 0.997932 0.997932 2 2 0
442.076 0.997936 0.997936 2 2 0
442.176 0.99794 0.99794 2 2 0
442.276 0.997944 0.997944 2 2 0
442.376 0.997948 0.997948 2 2 0
442.476 0.997953 0.997953 2 2 0
442.576 0.997957 0.997957 2 2 0
442.676 0.997961 0.997961 2 2 0
442.776 0.997965 0.997965 2 2 0
442.876 0.997969 0.997969 2 2 0
442.976 0.997973 0.997973 2 2 0
443.076 0.997977 0.997977 2 2 0
443.176 0.997981 0.997981 2 2 0
443.276 0.997985 0.997985 2 2 0
443.376 0.997989 0.997989 2 2 0
443.476 0.997993 0.997993 2 2 0
443.576 0.997997 0.997997 2 2 0
443.676 0.998001 0.998001 2 2 0
443.776 0.998005 0.998005 2 2 0
443.876 0.998009 0.998009 2 2 0
443.976 0.998013 0.998013 2 2 0
444.076 0.998017 0.998017 2 2 0
444.176 0.998021 0.998021 2 2 0
444.276 0.998025 0.998025 2 2 0
444.376 0.998029 0.998029 2 2 0
444.476 0.998033 0.998033 2 2 0
444.576 0.998037 0.998037 2 2 0
444.676 0.998041 0.998041 2 2 0
444.776 0.998045 0.998045 2 2 0
444.876 0.998048 0.998048 2 2 0
444.976 0.998052 0.998052 2 2 0
445.076 0.998056 0.998056 2 2 0
445.176 0.99806 0.99806 2 2 0
445.276 0.998064 0.998064 2 2 0
445.376 0.998068 0.998068 2 2 0
445.476 0.998072 0.998072 2 2 0
445.576 0.998076 0.998076 2 2 0
445.676 0.998079 0.998079 2 2 0
445.776 0.998083 0.998083 2 2 0
445.876 0.998087 0.998087 2 2 0
445.976 0.998091 0.998091 2 2 0
446.076 0.998095 0.998095 2 2 0
446.176 0.998098 0.998098 2 2 0
446.276 0.998102 0.998102 2 2 0
446.376 0.998106 0.998106 2 2 0
446.476 0.99811 0.99811 2 2 0
446.576 0.998114 0.998114 2 2 0
446.676 0.998117 0.998117 2 2 0
446.776 0.998121 0.998121 2 2 0
446.876 0.998125 0.998125 2 2 0
446.976 0.998129 0.998129 2 2 0
447.076 0.998132 0.998132 2 2 0
447.176 0.998136 0.998136 2 2 0
447.276 0.99814 0.99814 2 2 0
447.376 0.998144 0.998144 2 2 0
447.476 0.998147 0.998147 2 2 0
447.576 0.998151 0.998151 2 2 0
447.676 0.998155 0.998155 2 2 0
447.776 0.998158 0.998158 2 2 0
447.876 0.998162 0.998162 2 2 0
447.976 0.998166 0.998166 2 2 0
448.076 0.998169 0.998169 2 2 0
448.176 0.998173 0.998173 2 2 0
448.276 0.998177 0.998177 2 2 0
448.376 0.99818 0.99818 2 2 0
448.476 0.998184 0.998184 2 2 0
448.576 0.998188 0.998188 2 2 0
448.676 0.998191 0.998191 2 2 0
448.776 0.998195 0.998195 2 2 0
448.876 0.998198 0.998198 2 2 0
448.976 0.998202 0.998202 2 2 0
449.076 0.998206 0.998206 2 2 0
449.176 0.998209 0.998209 2 2 0
449.276 0.998213 0.998213 2 2 0
449.376 0.998216 0.998216 2 2 0
449.476 0.99822 0.99822 2 2 0
449.576 0.998223 0.998223 2 2 0
449.676 0.998227 0.998227 2 2 0
449.776 0.99823 0.99823 2 2 0
449.876 0.998234 0.998234 2 2 0
449.976 0.998238 0.998238 2 2 0
450.076 0.998241 0.998241 2 2 0
450.176 0.998245 0.998245 2 2 0
450.276 0.998248 0.998248 2 2 0
450.376 0.998252 0.998252 2 2 0
450.476 0.998255 0.998255 2 2 0
450.576 0.998259 0.998259 2 2 0
450.676 0.998262 0.998262 2 2 0
450.776 0.998265 0.998265 2 2 0
450.876 0.998269 0.998269 2 2 0
450.976 0.998272 0.998272 2 2 0
451.076 0.998276 0.998276 2 2 0
451.176 0.998279 0.998279 2 2 0
451.276 0.998283 0.998283 2 2 0
451.376 0.998286 0.998286 2 2 0
451.476 0.99829 0.99829 2 2 0
451.576 0.998293 0.998293 2 2 0
451.676 0.998296 0.998296 2 2 0
451.776 0.9983 0.9983 2 2 0
451.876 0.998303 0.998303 2 2 0
451.976 0.998307 0.998307 2 2 0
452.076 0.99831 0.99831 2 2 0
452.176 0.998313 0.998313 2 2 0
452.276 0.998317 0.998317 2 2 0
452.376 0.99832 0.99832 2 2 0
452.476 0.998323 0.998323 2 2 0
452.576 0.998327 0.998327 2 2 0
452.676 0.99833 0.99833 2 2 0
452.776 0.998333 0.998333 2 2 0
452.876 0.998337 0.998337 2 2 0
452.976 0.99834 0.99834 2 2 0
453.076 0.998343 0.998343 2 2 0
453.176 0.998347 0.998347 2 2 0
453.276 0.99835 0.99835 2 2 0
453.376 0.998353 0.998353 2 2 0
453.476 0.998357 0.998357 2 2 0
453.576 0.99836 0.99836 2 2 0
453.576 0.99836 0.99836 2 2 0
453.616 0.998361 0.998361 2 2 0
453.656 0.998362 0.998362 2 2 0
453.736 0.998365 0.998365 2 2 0
453.836 0.998368 0.998368 2 2 0
453.936 0.998372 0.998372 2 2 0
454.036 0.998375 0.998375 2 2 0
454.136 0.998378 0.998378 2 2 0
454.236 0.998381 0.998381 2 2 0
454.336 0.998385 0.998385 2 2 0
454.436 0.998388 0.998388 2 2 0
454.536 0.998391 0.998391 2 2 0
454.636 0.998394 0.998394 2 2 0
454.736 0.998397 0.998397 2 2 0
454.836 0.998401 0.998401 2 2 0
454.936 0.998404 0.998404 2 2 0
455.036 0.998407 0.998407 2 2 0
455.136 0.99841 0.99841 2 2 0
455.236 0.998413 0.998413 2 2 0
455.336 0.998417 0.998417 2 2 0
455.436 0.99842 0.99842 2 2 0
455.536 0.998423 0.998423 2 2 0
455.636 0.998426 0.998426 2 2 0
455.736 0.998429 0.998429 2 2 0
455.836 0.998432 0.998432 2 2 0
455.936 0.998435 0.998435 2 2 0
456.036 0.998439 0.998439 2 2 0
456.136 0.998442 0.998442 2 2 0
456.236 0.998445 0.998445 2 2 0
456.336 0.998448 0.998448 2 2 0
456.436 0.998451 0.998451 2 2 0
456.536 0.998454 0.998454 2 2 0
456.636 0.998457 0.998457 2 2 0
456.736 0.99846 0.99846 2 2 0
456.836 0.998463 0.998463 2 2 0
456.936 0.998466 0.998466 2 2 0
457.036 0.998469 0.998469 2 2 0
457.136 0.998472 0.998472 2 2 0
457.236 0.998476 0.998476 2 2 0
457.336 0.998479 0.998479 2 2 0
457.436 0.998482 0.998482 2 2 0
457.536 0.998485 0.998485 2 2 0
457.636 0.998488 0.998488 2 2 0
457.736 0.998491 0.998491 2 2 0
457.836 0.998494 0.998494 2 2 0
457.936 0.998497 0.998497 2 2 0
458.036 0.9985 0.9985 2 2 0
458.136 0.998503 0.998503 2 2 0
458.236 0.998506 0.998506 2 2 0
458.336 0.998509 0.998509 2 2 0
458.436 0.998512 0.998512 2 2 0
458.536 0.998515 0.998515 2 2 0
458.636 0.998518 0.998518 2 2 0
458.736 0.998521 0.998521 2 2 0
458.836 0.998524 0.998524 2 2 0
458.936 0.998526 0.998526 2 2 0
459.036 0.998529 0.998529 2 2 0
459.136 0.998532 0.998532 2 2 0
459.236 0.998535 0.998535 2 2 0
459.336 0.998538 0.998538 2 2 0
459.436 0.998541 0.998541 2 2 0
459.536 0.998544 0.998544 2 2 0
459.636 0.998547 0.998547 2 2 0
459.736 0.99855 0.99855 2 2 0
459.836 0.998553 0.998553 2 2 0
459.936 0.998556 0.998556 2 2 0
460.036 0.998559 0.998559 2 2 0
460.136 0.998561 0.998561 2 2 0
460.236 0.998564 0.998564 2 2 0
460.336 0.998567 0.998567 2 2 0
460.436 0.99857 0.99857 2 2 0
460.536 0.998573 0.998573 2 2 0
460.636 0.998576 0.998576 2 2 0
460.736 0.998579 0.998579 2 2 0
460.836 0.998581 0.998581 2 2 0
460.936 0.998584 0.998584 2 2 0
461.036 0.998587 0.998587 2 2 0
461.136 0.99859 0.99859 2 2 0
461.236 0.998593 0.998593 2 2 0
461.336 0.998595 0.998595 2 2 0
461.436 0.998598 0.998598 2 2 0
461.536 0.998601 0.998601 2 2 0
461.636 0.998604 0.998604 2 2 0
461.736 0.998607 0.998607 2 2 0
461.836 0.998609 0.998609 2 2 0
461.936 0.998612 0.998612 2 2 0
462.036 0.998615 0.998615 2 2 0
462.136 0.998618 0.998618 2 2 0
462.236 0.998621 0.998621 2 2 0
462.336 0.998623 0.998623 2 2 0
462.436 0.998626 0.998626 2 2 0
462.536 0.998629 0.998629 2 2 0
462.636 0.998631 0.998631 2 2 0
462.736 0.998634 0.998634 2 2 0
462.836 0.998637 0.998637 2 2 0
462.936 0.99864 0.99864 2 2 0
463.036 0.998642 0.998642 2 2 0
463.136 0.998645 0.998645 2 2 0
463.236 0.998648 0.998648 2 2 0
463.336 0.998651 0.998651 2 2 0
463.436 0.998653 0.998653 2 2 0
463.536 0.998656 0.998656 2 2 0
463.636 0.998659 0.998659 2 2 0
463.736 0.998661 0.998661 2 2 0
463.836 0.998664 0.998664 2 2 0
463.936 0.998667 0.998667 2 2 0
464.036 0.998669 0.998669 2 2 0
464.136 0.998672 0.998672 2 2 0
464.236 0.998675 0.998675 2 2 0
464.336 0.998677 0.998677 2 2 0
464.436 0.99868 0.99868 2 2 0
464.536 0.998682 0.998682 2 2 0
464.636 0.998685 0.998685 2 2 0
464.736 0.998688 0.998688 2 2 0
464.836 0.99869 0.99869 2 2 0
464.936 0.998693 0.998693 2 2 0
465.036 0.998696 0.998696 2 2 0
465.136 0.998698 0.998698 2 2 0
465.236 0.998701 0.998701 2 2 0
465.336 0.998703 0.998703 2 2 0
465.436 0.998706 0.998706 2 2 0
465.536 0.998709 0.998709 2 2 0
465.636 0.998711 0.998711 2 2 0
465.736 0.998714 0.998714 2 2 0
465.836 0.998716 0.998716 2 2 0
465.936 0.998719 0.998719 2 2 0
466.036 0.998721 0.998721 2 2 0
466.136 0.998724 0.998724 2 2 0
466.236 0.998727 0.998727 2 2 0
466.336 0.998729 0.998729 2 2 0
466.436 0.998732 0.998732 2 2 0
466.536 0.998734 0.998734 2 2 0
466.636 0.998737 0.998737 2 2 0
466.736 0.998739 0.998739 2 2 0
466.836 0.998742 0.998742 2 2 0
466.936 0.998744 0.998744 2 2 0
467.036 0.998747 0.998747 2 2 0
467.136 0.998749 0.998749 2 2 0
467.236 0.998752 0.998752 2 2 0
467.336 0.998754 0.998754 2 2 0
467.436 0.998757 0.998757 2 2 0
467.536 0.998759 0.998759 2 2 0
467.636 0.998762 0.998762 2 2 0
467.736 0.998764 0.998764 2 2 0
467.836 0.998767 0.998767 2 2 0
467.936 0.998769 0.998769 2 2 0
468.036 0.998772 0.998772 2 2 0
468.136 0.998774 0.998774 2 2 0
468.236 0.998776 0.998776 2 2 0
468.336 0.998779 0.998779 2 2 0
468.436 0.998781 0.998781 2 2 0
468.536 0.998784 0.998784 2 2 0
468.636 0.998786 0.998786 2 2 0
468.736 0.998789 0.998789 2 2 0
468.836 0.998791 0.998791 2 2 0
468.936 0.998793 0.998793 2 2 0
469.036 0.998796 0.998796 2 2 0
469.136 0.998798 0.998798 2 2 0
469.236 0.998801 0.998801 2 2 0
469.336 0.998803 0.998803 2 2 0
469.436 0.998805 0.998805 2 2 0
469.536 0.998808 0.998808 2 2 0
469.636 0.99881 0.99881 2 2 0
469.736 0.998813 0.998813 2 2 0
469.836 0.998815 0.998815 2 2 0
469.936 0.998817 0.998817 2 2 0
470.036 0.99882 0.99882 2 2 0
470.136 0.998822 0.998822 2 2 0
470.236 0.998824 0.998824 2 2 0
470.336 0.998827 0.998827 2 2 0
470.436 0.998829 0.998829 2 2 0
470.536 0.998831 0.998831 2 2 0
470.636 0.998834 0.998834 2 2 0
470.736 0.998836 0.998836 2 2 0
470.836 0.998838 0.998838 2 2 0
470.936 0.998841 0.998841 2 2 0
471.036 0.998843 0.998843 2 2 0
471.136 0.998845 0.998845 2 2 0
471.236 0.998848 0.998848 2 2 0
471.336 0.99885 0.99885 2 2 0
471.436 0.998852 0.998852 2 2 0
471.536 0.998855 0.998855 2 2 0
471.636 0.998857 0.998857 2 2 0
471.736 0.998859 0.998859 2 2 0
471.836 0.998861 0.998861 2 2 0
471.936 0.998864 0.998864 2 2 0
472.036 0.998866 0.998866 2 2 0
472.136 0.998868 0.998868 2 2 0
472.236 0.99887 0.99887 2 2 0
472.336 0.998873 0.998873 2 2 0
472.436 0.998875 0.998875 2 2 0
472.536 0.998877 0.998877 2 2 0
472.636 0.998879 0.998879 2 2 0
472.736 0.998882 0.998882 2 2 0
472.836 0.998884 0.998884 2 2 0
472.936 0.998886 0.998886 2 2 0
473.036 0.998888 0.998888 2 2 0
473.136 0.998891 0.998891 2 2 0
473.236 0.998893 0.998893 2 2 0
473.336 0.998895 0.998895 2 2 0
473.336 0.998895 0.998895 2 2 0
473.376 0.998896 0.998896 2 2 0
473.416 0.998897 0.998897 2 2 0
473.496 0.998899 0.998899 2 2 0
473.596 0.998901 0.998901 2 2 0
473.696 0.998903 0.998903 2 2 0
473.796 0.998905 0.998905 2 2 0
473.896 0.998907 0.998907 2 2 0
473.996 0.998909 0.998909 2 2 0
474.096 0.998912 0.998912 2 2 0
474.196 0.998914 0.998914 2 2 0
474.296 0.998916 0.998916 2 2 0
474.396 0.998918 0.998918 2 2 0
474.496 0.99892 0.99892 2 2 0
474.596 0.998922 0.998922 2 2 0
474.696 0.998925 0.998925 2 2 0
474.796 0.998927 0.998927 2 2 0
474.896 0.998929 0.998929 2 2 0
474.996 0.998931 0.998931 2 2 0
475.096 0.998933 0.998933 2 2 0
475.196 0.998935 0.998935 2 2 0
475.296 0.998937 0.998937 2 2 0
475.396 0.99894 0.99894 2 2 0
475.496 0.998942 0.998942 2 2 0
475.596 0.998944 0.998944 2 2 0
475.696 0.998946 0.998946 2 2 0
475.796 0.998948 0.998948 2 2 0
475.896 0.99895 0.99895 2 2 0
475.996 0.998952 0.998952 2 2 0
476.096 0.998954 0.998954 2 2 0
476.196 0.998956 0.998956 2 2 0
476.296 0.998958 0.998958 2 2 0
476.396 0.998961 0.998961 2 2 0
476.496 0.998963 0.998963 2 2 0
476.596 0.998965 0.998965 2 2 0
476.696 0.998967 0.998967 2 2 0
476.796 0.998969 0.998969 2 2 0
476.896 0.998971 0.998971 2 2 0
476.996 0.998973 0.998973 2 2 0
477.096 0.998975 0.998975 2 2 0
477.196 0.998977 0.998977 2 2 0
477.296 0.998979 0.998979 2 2 0
477.396 0.998981 0.998981 2 2 0
477.496 0.998983 0.998983 2 2 0
477.596 0.998985 0.998985 2 2 0
477.696 0.998987 0.998987 2 2 0
477.796 0.998989 0.998989 2 2 0
477.896 0.998991 0.998991 2 2 0
477.996 0.998993 0.998993 2 2 0
478.096 0.998995 0.998995 2 2 0
478.196 0.998997 0.998997 2 2 0
478.296 0.998999 0.998999 2 2 0
478.396 0.999001 0.999001 2 2 0
478.496 0.999003 0.999003 2 2 0
478.596 0.999005 0.999005 2 2 0
478.696 0.999007 0.999007 2 2 0
478.796 0.999009 0.999009 2 2 0
478.896 0.999011 0.999011 2 2 0
478.996 0.999013 0.999013 2 2 0
479.096 0.999015 0.999015 2 2 0
479.196 0.999017 0.999017 2 2 0
479.296 0.999019 0.999019 2 2 0
479.396 0.999021 0.999021 2 2 0
479.496 0.999023 0.999023 2 2 0
479.596 0.999025 0.999025 2 2 0
479.696 0.999027 0.999027 2 2 0
479.796 0.999029 0.999029 2 2 0
479.896 0.999031 0.999031 2 2 0
479.996 0.999033 0.999033 2 2 0
480.096 0.999035 0.999035 2 2 0
480.196 0.999037 0.999037 2 2 0
480.296 0.999039 0.999039 2 2 0
480.396 0.99904 0.99904 2 2 0
480.496 0.999042 0.999042 2 2 0
480.596 0.999044 0.999044 2 2 0
480.696 0.999046 0.999046 2 2 0
480.796 0.999048 0.999048 2 2 0
480.896 0.99905 0.99905 2 2 0
480.996 0.999052 0.999052 2 2 0
481.096 0.999054 0.999054 2 2 0
481.196 0.999056 0.999056 2 2 0
481.296 0.999058 0.999058 2 2 0
481.396 0.999059 0.999059 2 2 0
481.496 0.999061 0.999061 2 2 0
481.596 0.999063 0.999063 2 2 0
481.696 0.999065 0.999065 2 2 0
481.796 0.999067 0.999067 2 2 0
481.896 0.999069 0.999069 2 2 0
481.996 0.999071 0.999071 2 2 0
482.096 0.999073 0.999073 2 2 0
482.196 0.999074 0.999074 2 2 0
482.296 0.999076 0.999076 2 2 0
482.396 0.999078 0.999078 2 2 0
482.496 0.99908 0.99908 2 2 0
482.596 0.999082 0.999082 2 2 0
482.696 0.999084 0.999084 2 2 0
482.796 0.999085 0.999085 2 2 0
482.896 0.999087 0.999087 2 2 0
482.996 0.999089 0.999089 2 2 0
483.096 0.999091 0.999091 2 2 0
483.196 0.999093 0.999093 2 2 0
483.296 0.999094 0.999094 2 2 0
483.396 0.999096 0.999096 2 2 0
483.496 0.999098 0.999098 2 2 0
483.596 0.9991 0.9991 2 2 0
483.696 0.999102 0.999102 2 2 0
483.796 0.999103 0.999103 2 2 0
483.896 0.999105 0.999105 2 2 0
483.996 0.999107 0.999107 2 2 0
484.096 0.999109 0.999109 2 2 0
484.196 0.999111 0.999111 2 2 0
484.296 0.999112 0.999112 2 2 0
484.396 0.999114 0.999114 2 2 0
484.496 0.999116 0.999116 2 2 0
484.596 0.999118 0.999118 2 2 0
484.696 0.999119 0.999119 2 2 0
484.796 0.999121 0.999121 2 2 0
484.896 0.999123 0.999123 2 2 0
484.996 0.999125 0.999125 2 2 0
485.096 0.999126 0.999126 2 2 0
485.196 0.999128 0.999128 2 2 0
485.296 0.99913 0.99913 2 2 0
485.396 0.999132 0.999132 2 2 0
485.496 0.999133 0.999133 2 2 0
485.596 0.999135 0.999135 2 2 0
485.696 0.999137 0.999137 2 2 0
485.796 0.999139 0.999139 2 2 0
485.896 0.99914 0.99914 2 2 0
485.996 0.999142 0.999142 2 2 0
486.096 0.999144 0.999144 2 2 0
486.196 0.999145 0.999145 2 2 0
486.296 0.999147 0.999147 2 2 0
486.396 0.999149 0.999149 2 2 0
486.496 0.999151 0.999151 2 2 0
486.596 0.999152 0.999152 2 2 0
486.696 0.999154 0.999154 2 2 0
486.796 0.999156 0.999156 2 2 0
486.896 0.999157 0.999157 2 2 0
486.996 0.999159 0.999159 2 2 0
487.096 0.999161 0.999161 2 2 0
487.196 0.999162 0.999162 2 2 0
487.296 0.999164 0.999164 2 2 0
487.396 0.999166 0.999166 2 2 0
487.496 0.999167 0.999167 2 2 0
487.596 0.999169 0.999169 2 2 0
487.696 0.999171 0.999171 2 2 0
487.796 0.999172 0.999172 2 2 0
487.896 0.999174 0.999174 2 2 0
487.996 0.999176 0.999176 2 2 0
488.096 0.999177 0.999177 2 2 0
488.196 0.999179 0.999179 2 2 0
488.296 0.999181 0.999181 2 2 0
488.396 0.999182 0.999182 2 2 0
488.496 0.999184 0.999184 2 2 0
488.596 0.999186 0.999186 2 2 0
488.696 0.999187 0.999187 2 2 0
488.796 0.999189 0.999189 2 2 0
488.896 0.99919 0.99919 2 2 0
488.996 0.999192 0.999192 2 2 0
489.096 0.999194 0.999194 2 2 0
489.196 0.999195 0.999195 2 2 0
489.296 0.999197 0.999197 2 2 0
489.396 0.999198 0.999198 2 2 0
489.496 0.9992 0.9992 2 2 0
489.596 0.999202 0.999202 2 2 0
489.696 0.999203 0.999203 2 2 0
489.796 0.999205 0.999205 2 2 0
489.896 0.999206 0.999206 2 2 0
489.996 0.999208 0.999208 2 2 0
490.096 0.99921 0.99921 2 2 0
490.196 0.999211 0.999211 2 2 0
490.296 0.999213 0.999213 2 2 0
490.396 0.999214 0.999214 2 2 0
490.496 0.999216 0.999216 2 2 0
490.596 0.999217 0.999217 2 2 0
490.696 0.999219 0.999219 2 2 0
490.796 0.999221 0.999221 2 2 0
490.896 0.999222 0.999222 2 2 0
490.996 0.999224 0.999224 2 2 0
491.096 0.999225 0.999225 2 2 0
491.196 0.999227 0.999227 2 2 0
491.296 0.999228 0.999228 2 2 0
491.396 0.99923 0.99923 2 2 0
491.496 0.999231 0.999231 2 2 0
491.596 0.999233 0.999233 2 2 0
491.696 0.999234 0.999234 2 2 0
491.796 0.999236 0.999236 2 2 0
491.896 0.999238 0.999238 2 2 0
491.996 0.999239 0.999239 2 2 0
492.096 0.999241 0.999241 2 2 0
492.196 0.999242 0.999242 2 2 0
492.296 0.999244 0.999244 2 2 0
492.396 0.999245 0.999245 2 2 0
492.496 0.999247 0.999247 2 2 0
492.596 0.999248 0.999248 2 2 0
492.696 0.99925 0.99925 2 2 0
492.796 0.999251 0.999251 2 2 0
492.896 0.999253 0.999253 2 2 0
492.996 0.999254 0.999254 2 2 0
493.096 0.999256 0.999256 2 2 0
493.096 0.999256 0.999256 2 2 0
493.136 0.999256 0.999256 2 2 0
493.176 0.999257 0.999257 2 2 0
493.256 0.999258 0.999258 2 2 0
493.356 0.999259 0.999259 2 2 0
493.456 0.999261 0.999261 2 2 0
493.556 0.999262 0.999262 2 2 0
493.656 0.999264 0.999264 2 2 0
493.756 0.999265 0.999265 2 2 0
493.856 0.999267 0.999267 2 2 0
493.956 0.999268 0.999268 2 2 0
494.056 0.99927 0.99927 2 2 0
494.156 0.999271 0.999271 2 2 0
494.256 0.999273 0.999273 2 2 0
494.356 0.999274 0.999274 2 2 0
494.456 0.999276 0.999276 2 2 0
494.556 0.999277 0.999277 2 2 0
494.656 0.999278 0.999278 2 2 0
494.756 0.99928 0.99928 2 2 0
494.856 0.999281 0.999281 2 2 0
494.956 0.999283 0.999283 2 2 0
495.056 0.999284 0.999284 2 2 0
495.156 0.999286 0.999286 2 2 0
495.256 0.999287 0.999287 2 2 0
495.356 0.999288 0.999288 2 2 0
495.456 0.99929 0.99929 2 2 0
495.556 0.999291 0.999291 2 2 0
495.656 0.999293 0.999293 2 2 0
495.756 0.999294 0.999294 2 2 0
495.856 0.999296 0.999296 2 2 0
495.956 0.999297 0.999297 2 2 0
496.056 0.999298 0.999298 2 2 0
496.156 0.9993 0.9993 2 2 0
496.256 0.999301 0.999301 2 2 0
496.356 0.999303 0.999303 2 2 0
496.456 0.999304 0.999304 2 2 0
496.556 0.999305 0.999305 2 2 0
496.656 0.999307 0.999307 2 2 0
496.756 0.999308 0.999308 2 2 0
496.856 0.99931 0.99931 2 2 0
496.956 0.999311 0.999311 2 2 0
497.056 0.999312 0.999312 2 2 0
497.156 0.999314 0.999314 2 2 0
497.256 0.999315 0.999315 2 2 0
497.356 0.999316 0.999316 2 2 0
497.456 0.999318 0.999318 2 2 0
497.556 0.999319 0.999319 2 2 0
497.656 0.99932 0.99932 2 2 0
497.756 0.999322 0.999322 2 2 0
497.856 0.999323 0.999323 2 2 0
497.956 0.999325 0.999325 2 2 0
498.056 0.999326 0.999326 2 2 0
498.156 0.999327 0.999327 2 2 0
498.256 0.999329 0.999329 2 2 0
498.356 0.99933 0.99933 2 2 0
498.456 0.999331 0.999331 2 2 0
498.556 0.999333 0.999333 2 2 0
498.656 0.999334 0.999334 2 2 0
498.756 0.999335 0.999335 2 2 0
498.856 0.999337 0.999337 2 2 0
498.956 0.999338 0.999338 2 2 0
499.056 0.999339 0.999339 2 2 0
499.156 0.999341 0.999341 2 2 0
499.256 0.999342 0.999342 2 2 0
499.356 0.999343 0.999343 2 2 0
499.456 0.999344 0.999344 2 2 0
499.556 0.999346 0.999346 2 2 0
499.656 0.999347 0.999347 2 2 0
499.756 0.999348 0.999348 2 2 0
499.856 0.99935 0.99935 2 2 0
499.956 0.999351 0.999351 2 2 0
500.056 0.999352 0.999352 2 2 0
500.156 0.999354 0.999354 2 2 0
500.256 0.999355 0.999355 2 2 0
500.356 0.999356 0.999356 2 2 0
500.456 0.999357 0.999357 2 2 0
500.556 0.999359 0.999359 2 2 0
500.656 0.99936 0.99936 2 2 0
500.756 0.999361 0.999361 2 2 0
500.856 0.999363 0.999363 2 2 0
500.956 0.999364 0.999364 2 2 0
501.056 0.999365 0.999365 2 2 0
501.156 0.999366 0.999366 2 2 0
501.256 0.999368 0.999368 2 2 0
501.356 0.999369 0.999369 2 2 0
501.456 0.99937 0.99937 2 2 0
501.556 0.999371 0.999371 2 2 0
501.656 0.999373 0.999373 2 2 0
501.756 0.999374 0.999374 2 2 0
501.856 0.999375 0.999375 2 2 0
501.956 0.999376 0.999376 2 2 0
502.056 0.999378 0.999378 2 2 0
502.156 0.999379 0.999379 2 2 0
502.256 0.99938 0.99938 2 2 0
502.356 0.999381 0.999381 2 2 0
502.456 0.999383 0.999383 2 2 0
502.556 0.999384 0.999384 2 2 0
502.656 0.999385 0.999385 2 2 0
502.756 0.999386 0.999386 2 2 0
502.856 0.999388 0.999388 2 2 0
502.956 0.999389 0.999389 2 2 0
503.056 0.99939 0.99939 2 2 0
503.156 0.999391 0.999391 2 2 0
503.256 0.999392 0.999392 2 2 0
503.356 0.999394 0.999394 2 2 0
503.456 0.999395 0.999395 2 2 0
503.556 0.999396 0.999396 2 2 0
503.656 0.999397 0.999397 2 2 0
503.756 0.999398 0.999398 2 2 0
503.856 0.9994 0.9994 2 2 0
503.956 0.999401 0.999401 2 2 0
504.056 0.999402 0.999402 2 2 0
504.156 0.999403 0.999403 2 2 0
504.256 0.999404 0.999404 2 2 0
504.356 0.999406 0.999406 2 2 0
504.456 0.999407 0.999407 2 2 0
504.556 0.999408 0.999408 2 2 0
504.656 0.999409 0.999409 2 2 0
504.756 0.99941 0.99941 2 2 0
504.856 0.999412 0.999412 2 2 0
504.956 0.999413 0.999413 2 2 0
505.056 0.999414 0.999414 2 2 0
505.156 0.999415 0.999415 2 2 0
505.256 0.999416 0.999416 2 2 0
505.356 0.999417 0.999417 2 2 0
505.456 0.999419 0.999419 2 2 0
505.556 0.99942 0.99942 2 2 0
505.656 0.999421 0.999421 2 2 0
505.756 0.999422 0.999422 2 2 0
505.856 0.999423 0.999423 2 2 0
505.956 0.999424 0.999424 2 2 0
506.056 0.999426 0.999426 2 2 0
506.156 0.999427 0.999427 2 2 0
506.256 0.999428 0.999428 2 2 0
506.356 0.999429 0.999429 2 2 0
506.456 0.99943 0.99943 2 2 0
506.556 0.999431 0.999431 2 2 0
506.656 0.999432 0.999432 2 2 0
506.756 0.999434 0.999434 2 2 0
506.856 0.999435 0.999435 2 2 0
506.956 0.999436 0.999436 2 2 0
507.056 0.999437 0.999437 2 2 0
507.156 0.999438 0.999438 2 2 0
507.256 0.999439 0.999439 2 2 0
507.356 0.99944 0.99944 2 2 0
507.456 0.999441 0.999441 2 2 0
507.556 0.999443 0.999443 2 2 0
507.656 0.999444 0.999444 2 2 0
507.756 0.999445 0.999445 2 2 0
507.856 0.999446 0.999446 2 2 0
507.956 0.999447 0.999447 2 2 0
508.056 0.999448 0.999448 2 2 0
508.156 0.999449 0.999449 2 2 0
508.256 0.99945 0.99945 2 2 0
508.356 0.999451 0.999451 2 2 0
508.456 0.999452 0.999452 2 2 0
508.556 0.999454 0.999454 2 2 0
508.656 0.999455 0.999455 2 2 0
508.756 0.999456 0.999456 2 2 0
508.856 0.999457 0.999457 2 2 0
508.956 0.999458 0.999458 2 2 0
509.056 0.999459 0.999459 2 2 0
509.156 0.99946 0.99946 2 2 0
509.256 0.999461 0.999461 2 2 0
509.356 0.999462 0.999462 2 2 0
509.456 0.999463 0.999463 2 2 0
509.556 0.999464 0.999464 2 2 0
509.656 0.999465 0.999465 2 2 0
509.756 0.999466 0.999466 2 2 0
509.856 0.999468 0.999468 2 2 0
509.956 0.999469 0.999469 2 2 0
510.056 0.99947 0.99947 2 2 0
510.156 0.999471 0.999471 2 2 0
510.256 0.999472 0.999472 2 2 0
510.356 0.999473 0.999473 2 2 0
510.456 0.999474 0.999474 2 2 0
510.556 0.999475 0.999475 2 2 0
510.656 0.999476 0.999476 2 2 0
510.756 0.999477 0.999477 2 2 0
510.856 0.999478 0.999478 2 2 0
510.956 0.999479 0.999479 2 2 0
511.056 0.99948 0.99948 2 2 0
511.156 0.999481 0.999481 2 2 0
511.256 0.999482 0.999482 2 2 0
511.356 0.999483 0.999483 2 2 0
511.456 0.999484 0.999484 2 2 0
511.556 0.999485 0.999485 2 2 0
511.656 0.999486 0.999486 2 2 0
511.756 0.999487 0.999487 2 2 0
511.856 0.999488 0.999488 2 2 0
511.956 0.999489 0.999489 2 2 0
512.056 0.99949 0.99949 2 2 0
512.156 0.999491 0.999491 2 2 0
512.256 0.999493 0.999493 2 2 0
512.356 0.999494 0.999494 2 2 0
512.456 0.999495 0.999495 2 2 0
512.556 0.999496 0.999496 2 2 0
512.656 0.999497 0.999497 2 2 0
512.756 0.999498 0.999498 2 2 0
512.856 0.999499 0.999499 2 2 0
512.856 0.999499 0.999499 2 2 0
512.896 0.999499 0.999499 2 2 0
512.936 0.999499 0.999499 2 2 0
513.016 0.9995 0.9995 2 2 0
513.116 0.999501 0.999501 2 2 0
513.216 0.999502 0.999502 2 2 0
513.316 0.999503 0.999503 2 2 0
513.416 0.999504 0.999504 2 2 0
513.516 0.999505 0.999505 2 2 0
513.616 0.999506 0.999506 2 2 0
513.716 0.999507 0.999507 2 2 0
513.816 0.999508 0.999508 2 2 0
513.916 0.999509 0.999509 2 2 0
514.016 0.99951 0.99951 2 2 0
514.116 0.999511 0.999511 2 2 0
514.216 0.999512 0.999512 2 2 0
514.316 0.999513 0.999513 2 2 0
514.416 0.999514 0.999514 2 2 0
514.516 0.999515 0.999515 2 2 0
514.616 0.999516 0.999516 2 2 0
514.716 0.999517 0.999517 2 2 0
514.816 0.999518 0.999518 2 2 0
514.916 0.999519 0.999519 2 2 0
515.016 0.99952 0.99952 2 2 0
515.116 0.999521 0.999521 2 2 0
515.216 0.999522 0.999522 2 2 0
515.316 0.999523 0.999523 2 2 0
515.416 0.999524 0.999524 2 2 0
515.516 0.999525 0.999525 2 2 0
515.616 0.999525 0.999525 2 2 0
515.716 0.999526 0.999526 2 2 0
515.816 0.999527 0.999527 2 2 0
515.916 0.999528 0.999528 2 2 0
516.016 0.999529 0.999529 2 2 0
516.116 0.99953 0.99953 2 2 0
516.216 0.999531 0.999531 2 2 0
516.316 0.999532 0.999532 2 2 0
516.416 0.999533 0.999533 2 2 0
516.516 0.999534 0.999534 2 2 0
516.616 0.999535 0.999535 2 2 0
516.716 0.999536 0.999536 2 2 0
516.816 0.999537 0.999537 2 2 0
516.916 0.999538 0.999538 2 2 0
517.016 0.999539 0.999539 2 2 0
517.116 0.99954 0.99954 2 2 0
517.216 0.99954 0.99954 2 2 0
517.316 0.999541 0.999541 2 2 0
517.416 0.999542 0.999542 2 2 0
517.516 0.999543 0.999543 2 2 0
517.616 0.999544 0.999544 2 2 0
517.716 0.999545 0.999545 2 2 0
517.816 0.999546 0.999546 2 2 0
517.916 0.999547 0.999547 2 2 0
518.016 0.999548 0.999548 2 2 0
518.116 0.999549 0.999549 2 2 0
518.216 0.99955 0.99955 2 2 0
518.316 0.99955 0.99955 2 2 0
518.416 0.999551 0.999551 2 2 0
518.516 0.999552 0.999552 2 2 0
518.616 0.999553 0.999553 2 2 0
518.716 0.999554 0.999554 2 2 0
518.816 0.999555 0.999555 2 2 0
518.916 0.999556 0.999556 2 2 0
519.016 0.999557 0.999557 2 2 0
519.116 0.999558 0.999558 2 2 0
519.216 0.999558 0.999558 2 2 0
519.316 0.999559 0.999559 2 2 0
519.416 0.99956 0.99956 2 2 0
519.516 0.999561 0.999561 2 2 0
519.616 0.999562 0.999562 2 2 0
519.716 0.999563 0.999563 2 2 0
519.816 0.999564 0.999564 2 2 0
519.916 0.999565 0.999565 2 2 0
520.016 0.999565 0.999565 2 2 0
520.116 0.999566 0.999566 2 2 0
520.216 0.999567 0.999567 2 2 0
520.316 0.999568 0.999568 2 2 0
520.416 0.999569 0.999569 2 2 0
520.516 0.99957 0.99957 2 2 0
520.616 0.999571 0.999571 2 2 0
520.716 0.999571 0.999571 2 2 0
520.816 0.999572 0.999572 2 2 0
520.916 0.999573 0.999573 2 2 0
521.016 0.999574 0.999574 2 2 0
521.116 0.999575 0.999575 2 2 0
521.216 0.999576 0.999576 2 2 0
521.316 0.999577 0.999577 2 2 0
521.416 0.999577 0.999577 2 2 0
521.516 0.999578 0.999578 2 2 0
521.616 0.999579 0.999579 2 2 0
521.716 0.99958 0.99958 2 2 0
521.816 0.999581 0.999581 2 2 0
521.916 0.999582 0.999582 2 2 0
522.016 0.999582 0.999582 2 2 0
522.116 0.999583 0.999583 2 2 0
522.216 0.999584 0.999584 2 2 0
522.316 0.999585 0.999585 2 2 0
522.416 0.999586 0.999586 2 2 0
522.516 0.999587 0.999587 2 2 0
522.616 0.999587 0.999587 2 2 0
522.716 0.999588 0.999588 2 2 0
522.816 0.999589 0.999589 2 2 0
522.916 0.99959 0.99959 2 2 0
523.016 0.999591 0.999591 2 2 0
523.116 0.999592 0.999592 2 2 0
523.216 0.999592 0.999592 2 2 0
523.316 0.999593 0.999593 2 2 0
523.416 0.999594 0.999594 2 2 0
523.516 0.999595 0.999595 2 2 0
523.616 0.999596 0.999596 2 2 0
523.716 0.999596 0.999596 2 2 0
523.816 0.999597 0.999597 2 2 0
523.916 0.999598 0.999598 2 2 0
524.016 0.999599 0.999599 2 2 0
524.116 0.9996 0.9996 2 2 0
524.216 0.9996 0.9996 2 2 0
524.316 0.999601 0.999601 2 2 0
524.416 0.999602 0.999602 2 2 0
524.516 0.999603 0.999603 2 2 0
524.616 0.999604 0.999604 2 2 0
524.716 0.999604 0.999604 2 2 0
524.816 0.999605 0.999605 2 2 0
524.916 0.999606 0.999606 2 2 0
525.016 0.999607 0.999607 2 2 0
525.116 0.999608 0.999608 2 2 0
525.216 0.999608 0.999608 2 2 0
525.316 0.999609 0.999609 2 2 0
525.416 0.99961 0.99961 2 2 0
525.516 0.999611 0.999611 2 2 0
525.616 0.999611 0.999611 2 2 0
525.716 0.999612 0.999612 2 2 0
525.816 0.999613 0.999613 2 2 0
525.916 0.999614 0.999614 2 2 0
526.016 0.999615 0.999615 2 2 0
526.116 0.999615 0.999615 2 2 0
526.216 0.999616 0.999616 2 2 0
526.316 0.999617 0.999617 2 2 0
526.416 0.999618 0.999618 2 2 0
526.516 0.999618 0.999618 2 2 0
526.616 0.999619 0.999619 2 2 0
526.716 0.99962 0.99962 2 2 0
526.816 0.999621 0.999621 2 2 0
526.916 0.999621 0.999621 2 2 0
527.016 0.999622 0.999622 2 2 0
527.116 0.999623 0.999623 2 2 0
527.216 0.999624 0.999624 2 2 0
527.316 0.999624 0.999624 2 2 0
527.416 0.999625 0.999625 2 2 0
527.516 0.999626 0.999626 2 2 0
527.616 0.999627 0.999627 2 2 0
527.716 0.999627 0.999627 2 2 0
527.816 0.999628 0.999628 2 2 0
527.916 0.999629 0.999629 2 2 0
528.016 0.99963 0.99963 2 2 0
528.116 0.99963 0.99963 2 2 0
528.216 0.999631 0.999631 2 2 0
528.316 0.999632 0.999632 2 2 0
528.416 0.999633 0.999633 2 2 0
528.516 0.999633 0.999633 2 2 0
528.616 0.999634 0.999634 2 2 0
528.716 0.999635 0.999635 2 2 0
528.816 0.999636 0.999636 2 2 0
528.916 0.999636 0.999636 2 2 0
529.016 0.999637 0.999637 2 2 0
529.116 0.999638 0.999638 2 2 0
529.216 0.999638 0.999638 2 2 0
529.316 0.999639 0.999639 2 2 0
529.416 0.99964 0.99964 2 2 0
529.516 0.999641 0.999641 2 2 0
529.616 0.999641 0.999641 2 2 0
529.716 0.999642 0.999642 2 2 0
529.816 0.999643 0.999643 2 2 0
529.916 0.999643 0.999643 2 2 0
530.016 0.999644 0.999644 2 2 0
530.116 0.999645 0.999645 2 2 0
530.216 0.999646 0.999646 2 2 0
530.316 0.999646 0.999646 2 2 0
530.416 0.999647 0.999647 2 2 0
530.516 0.999648 0.999648 2 2 0
530.616 0.999648 0.999648 2 2 0
530.716 0.999649 0.999649 2 2 0
530.816 0.99965 0.99965 2 2 0
530.916 0.999651 0.999651 2 2 0
531.016 0.999651 0.999651 2 2 0
531.116 0.999652 0.999652 2 2 0
531.216 0.999653 0.999653 2 2 0
531.316 0.999653 0.999653 2 2 0
531.416 0.999654 0.999654 2 2 0
531.516 0.999655 0.999655 2 2 0
531.616 0.999655 0.999655 2 2 0
531.716 0.999656 0.999656 2 2 0
531.816 0.999657 0.999657 2 2 0
531.916 0.999657 0.999657 2 2 0
532.016 0.999658 0.999658 2 2 0
532.116 0.999659 0.999659 2 2 0
532.216 0.99966 0.99966 2 2 0
532.316 0.99966 0.99966 2 2 0
532.416 0.999661 0.999661 2 2 0
532.516 0.999662 0.999662 2 2 0
532.616 0.999662 0.999662 2 2 0
532.616 0.999662 0.999662 2 2 0
532.656 0.999663 0.999663 2 2 0
532.696 0.999663 0.999663 2 2 0
532.776 0.999663 0.999663 2 2 0
532.876 0.999664 0.999664 2 2 0
532.976 0.999665 0.999665 2 2 0
533.076 0.999665 0.999665 2 2 0
533.176 0.999666 0.999666 2 2 0
533.276 0.999667 0.999667 2 2 0
533.376 0.999667 0.999667 2 2 0
533.476 0.999668 0.999668 2 2 0
533.576 0.999669 0.999669 2 2 0
533.676 0.999669 0.999669 2 2 0
533.776 0.99967 0.99967 2 2 0
533.876 0.999671 0.999671 2 2 0
533.976 0.999671 0.999671 2 2 0
534.076 0.999672 0.999672 2 2 0
534.176 0.999673 0.999673 2 2 0
534.276 0.999673 0.999673 2 2 0
534.376 0.999674 0.999674 2 2 0
534.476 0.999675 0.999675 2 2 0
534.576 0.999675 0.999675 2 2 0
534.676 0.999676 0.999676 2 2 0
534.776 0.999677 0.999677 2 2 0
534.876 0.999677 0.999677 2 2 0
534.976 0.999678 0.999678 2 2 0
535.076 0.999678 0.999678 2 2 0
535.176 0.999679 0.999679 2 2 0
535.276 0.99968 0.99968 2 2 0
535.376 0.99968 0.99968 2 2 0
535.476 0.999681 0.999681 2 2 0
535.576 0.999682 0.999682 2 2 0
535.676 0.999682 0.999682 2 2 0
535.776 0.999683 0.999683 2 2 0
535.876 0.999684 0.999684 2 2 0
535.976 0.999684 0.999684 2 2 0
536.076 0.999685 0.999685 2 2 0
536.176 0.999685 0.999685 2 2 0
536.276 0.999686 0.999686 2 2 0
536.376 0.999687 0.999687 2 2 0
536.476 0.999687 0.999687 2 2 0
536.576 0.999688 0.999688 2 2 0
536.676 0.999689 0.999689 2 2 0
536.776 0.999689 0.999689 2 2 0
536.876 0.99969 0.99969 2 2 0
536.976 0.99969 0.99969 2 2 0
537.076 0.999691 0.999691 2 2 0
537.176 0.999692 0.999692 2 2 0
537.276 0.999692 0.999692 2 2 0
537.376 0.999693 0.999693 2 2 0
537.476 0.999694 0.999694 2 2 0
537.576 0.999694 0.999694 2 2 0
537.676 0.999695 0.999695 2 2 0
537.776 0.999695 0.999695 2 2 0
537.876 0.999696 0.999696 2 2 0
537.976 0.999697 0.999697 2 2 0
538.076 0.999697 0.999697 2 2 0
538.176 0.999698 0.999698 2 2 0
538.276 0.999698 0.999698 2 2 0
538.376 0.999699 0.999699 2 2 0
538.476 0.9997 0.9997 2 2 0
538.576 0.9997 0.9997 2 2 0
538.676 0.999701 0.999701 2 2 0
538.776 0.999701 0.999701 2 2 0
538.876 0.999702 0.999702 2 2 0
538.976 0.999703 0.999703 2 2 0
539.076 0.999703 0.999703 2 2 0
539.176 0.999704 0.999704 2 2 0
539.276 0.999704 0.999704 2 2 0
539.376 0.999705 0.999705 2 2 0
539.476 0.999706 0.999706 2 2 0
539.576 0.999706 0.999706 2 2 0
539.676 0.999707 0.999707 2 2 0
539.776 0.999707 0.999707 2 2 0
539.876 0.999708 0.999708 2 2 0
539.976 0.999708 0.999708 2 2 0
540.076 0.999709 0.999709 2 2 0
540.176 0.99971 0.99971 2 2 0
540.276 0.99971 0.99971 2 2 0
540.376 0.999711 0.999711 2 2 0
540.476 0.999711 0.999711 2 2 0
540.576 0.999712 0.999712 2 2 0
540.676 0.999713 0.999713 2 2 0
540.776 0.999713 0.999713 2 2 0
540.876 0.999714 0.999714 2 2 0
540.976 0.999714 0.999714 2 2 0
541.076 0.999715 0.999715 2 2 0
541.176 0.999715 0.999715 2 2 0
541.276 0.999716 0.999716 2 2 0
541.376 0.999717 0.999717 2 2 0
541.476 0.999717 0.999717 2 2 0
541.576 0.999718 0.999718 2 2 0
541.676 0.999718 0.999718 2 2 0
541.776 0.999719 0.999719 2 2 0
541.876 0.999719 0.999719 2 2 0
541.976 0.99972 0.99972 2 2 0
542.076 0.99972 0.99972 2 2 0
542.176 0.999721 0.999721 2 2 0
542.276 0.999722 0.999722 2 2 0
542.376 0.999722 0.999722 2 2 0
542.476 0.999723 0.999723 2 2 0
542.576 0.999723 0.999723 2 2 0
542.676 0.999724 0.999724 2 2 0
542.776 0.999724 0.999724 2 2 0
542.876 0.999725 0.999725 2 2 0
542.976 0.999725 0.999725 2 2 0
543.076 0.999726 0.999726 2 2 0
543.176 0.999727 0.999727 2 2 0
543.276 0.999727 0.999727 2 2 0
543.376 0.999728 0.999728 2 2 0
543.476 0.999728 0.999728 2 2 0
543.576 0.999729 0.999729 2 2 0
543.676 0.999729 0.999729 2 2 0
543.776 0.99973 0.99973 2 2 0
543.876 0.99973 0.99973 2 2 0
543.976 0.999731 0.999731 2 2 0
544.076 0.999731 0.999731 2 2 0
544.176 0.999732 0.999732 2 2 0
544.276 0.999732 0.999732 2 2 0
544.376 0.999733 0.999733 2 2 0
544.476 0.999734 0.999734 2 2 0
544.576 0.999734 0.999734 2 2 0
544.676 0.999735 0.999735 2 2 0
544.776 0.999735 0.999735 2 2 0
544.876 0.999736 0.999736 2 2 0
544.976 0.999736 0.999736 2 2 0
545.076 0.999737 0.999737 2 2 0
545.176 0.999737 0.999737 2 2 0
545.276 0.999738 0.999738 2 2 0
545.376 0.999738 0.999738 2 2 0
545.476 0.999739 0.999739 2 2 0
545.576 0.999739 0.999739 2 2 0
545.676 0.99974 0.99974 2 2 0
545.776 0.99974 0.99974 2 2 0
545.876 0.999741 0.999741 2 2 0
545.976 0.999741 0.999741 2 2 0
546.076 0.999742 0.999742 2 2 0
546.176 0.999742 0.999742 2 2 0
546.276 0.999743 0.999743 2 2 0
546.376 0.999743 0.999743 2 2 0
546.476 0.999744 0.999744 2 2 0
546.576 0.999745 0.999745 2 2 0
546.676 0.999745 0.999745 2 2 0
546.776 0.999746 0.999746 2 2 0
546.876 0.999746 0.999746 2 2 0
546.976 0.999747 0.999747 2 2 0
547.076 0.999747 0.999747 2 2 0
547.176 0.999748 0.999748 2 2 0
547.276 0.999748 0.999748 2 2 0
547.376 0.999749 0.999749 2 2 0
547.476 0.999749 0.999749 2 2 0
547.576 0.99975 0.99975 2 2 0
547.676 0.99975 0.99975 2 2 0
547.776 0.999751 0.999751 2 2 0
547.876 0.999751 0.999751 2 2 0
547.976 0.999752 0.999752 2 2 0
548.076 0.999752 0.999752 2 2 0
548.176 0.999753 0.999753 2 2 0
548.276 0.999753 0.999753 2 2 0
548.376 0.999754 0.999754 2 2 0
548.476 0.999754 0.999754 2 2 0
548.576 0.999755 0.999755 2 2 0
548.676 0.999755 0.999755 2 2 0
548.776 0.999756 0.999756 2 2 0
548.876 0.999756 0.999756 2 2 0
548.976 0.999756 0.999756 2 2 0
549.076 0.999757 0.999757 2 2 0
549.176 0.999757 0.999757 2 2 0
549.276 0.999758 0.999758 2 2 0
549.376 0.999758 0.999758 2 2 0
549.476 0.999759 0.999759 2 2 0
549.576 0.999759 0.999759 2 2 0
549.676 0.99976 0.99976 2 2 0
549.776 0.99976 0.99976 2 2 0
549.876 0.999761 0.999761 2 2 0
549.976 0.999761 0.999761 2 2 0
550.076 0.999762 0.999762 2 2 0
550.176 0.999762 0.999762 2 2 0
550.276 0.999763 0.999763 2 2 0
550.376 0.999763 0.999763 2 2 0
550.476 0.999764 0.999764 2 2 0
550.576 0.999764 0.999764 2 2 0
550.676 0.999765 0.999765 2 2 0
550.776 0.999765 0.999765 2 2 0
550.876 0.999766 0.999766 2 2 0
550.976 0.999766 0.999766 2 2 0
551.076 0.999767 0.999767 2 2 0
551.176 0.999767 0.999767 2 2 0
551.276 0.999767 0.999767 2 2 0
551.376 0.999768 0.999768 2 2 0
551.476 0.999768 0.999768 2 2 0
551.576 0.999769 0.999769 2 2 0
551.676 0.999769 0.999769 2 2 0
551.776 0.99977 0.99977 2 2 0
551.876 0.99977 0.99977 2 2 0
551.976 0.999771 0.999771 2 2 0
552.076 0.999771 0.999771 2 2 0
552.176 0.999772 0.999772 2 2 0
552.276 0.999772 0.999772 2 2 0
552.376 0.999772 0.999772 2 2 0
552.376 0.999772 0.999772 2 2 0
552.416 0.999773 0.999773 2 2 0
552.456 0.999773 0.999773 2 2 0
552.536 0.999773 0.999773 2 2 0
552.636 0.999774 0.999774 2 2 0
552.736 0.999774 0.999774 2 2 0
552.836 0.999775 0.999775 2 2 0
552.936 0.999775 0.999775 2 2 0
553.036 0.999775 0.999775 2 2 0
553.136 0.999776 0.999776 2 2 0
553.236 0.999776 0.999776 2 2 0
553.336 0.999777 0.999777 2 2 0
553.436 0.999777 0.999777 2 2 0
553.536 0.999778 0.999778 2 2 0
553.636 0.999778 0.999778 2 2 0
553.736 0.999779 0.999779 2 2 0
553.836 0.999779 0.999779 2 2 0
553.936 0.999779 0.999779 2 2 0
554.036 0.99978 0.99978 2 2 0
554.136 0.99978 0.99978 2 2 0
554.236 0.999781 0.999781 2 2 0
554.336 0.999781 0.999781 2 2 0
554.436 0.999782 0.999782 2 2 0
554.536 0.999782 0.999782 2 2 0
554.636 0.999783 0.999783 2 2 0
554.736 0.999783 0.999783 2 2 0
554.836 0.999783 0.999783 2 2 0
554.936 0.999784 0.999784 2 2 0
555.036 0.999784 0.999784 2 2 0
555.136 0.999785 0.999785 2 2 0
555.236 0.999785 0.999785 2 2 0
555.336 0.999786 0.999786 2 2 0
555.436 0.999786 0.999786 2 2 0
555.536 0.999786 0.999786 2 2 0
555.636 0.999787 0.999787 2 2 0
555.736 0.999787 0.999787 2 2 0
555.836 0.999788 0.999788 2 2 0
555.936 0.999788 0.999788 2 2 0
556.036 0.999789 0.999789 2 2 0
556.136 0.999789 0.999789 2 2 0
556.236 0.999789 0.999789 2 2 0
556.336 0.99979 0.99979 2 2 0
556.436 0.99979 0.99979 2 2 0
556.536 0.999791 0.999791 2 2 0
556.636 0.999791 0.999791 2 2 0
556.736 0.999791 0.999791 2 2 0
556.836 0.999792 0.999792 2 2 0
556.936 0.999792 0.999792 2 2 0
557.036 0.999793 0.999793 2 2 0
557.136 0.999793 0.999793 2 2 0
557.236 0.999794 0.999794 2 2 0
557.336 0.999794 0.999794 2 2 0
557.436 0.999794 0.999794 2 2 0
557.536 0.999795 0.999795 2 2 0
557.636 0.999795 0.999795 2 2 0
557.736 0.999796 0.999796 2 2 0
557.836 0.999796 0.999796 2 2 0
557.936 0.999796 0.999796 2 2 0
558.036 0.999797 0.999797 2 2 0
558.136 0.999797 0.999797 2 2 0
558.236 0.999798 0.999798 2 2 0
558.336 0.999798 0.999798 2 2 0
558.436 0.999798 0.999798 2 2 0
558.536 0.999799 0.999799 2 2 0
558.636 0.999799 0.999799 2 2 0
558.736 0.9998 0.9998 2 2 0
558.836 0.9998 0.9998 2 2 0
558.936 0.9998 0.9998 2 2 0
559.036 0.999801 0.999801 2 2 0
559.136 0.999801 0.999801 2 2 0
559.236 0.999802 0.999802 2 2 0
559.336 0.999802 0.999802 2 2 0
559.436 0.999802 0.999802 2 2 0
559.536 0.999803 0.999803 2 2 0
559.636 0.999803 0.999803 2 2 0
559.736 0.999804 0.999804 2 2 0
559.836 0.999804 0.999804 2 2 0
559.936 0.999804 0.999804 2 2 0
560.036 0.999805 0.999805 2 2 0
560.136 0.999805 0.999805 2 2 0
560.236 0.999806 0.999806 2 2 0
560.336 0.999806 0.999806 2 2 0
560.436 0.999806 0.999806 2 2 0
560.536 0.999807 0.999807 2 2 0
560.636 0.999807 0.999807 2 2 0
560.736 0.999808 0.999808 2 2 0
560.836 0.999808 0.999808 2 2 0
560.936 0.999808 0.999808 2 2 0
561.036 0.999809 0.999809 2 2 0
561.136 0.999809 0.999809 2 2 0
561.236 0.999809 0.999809 2 2 0
561.336 0.99981 0.99981 2 2 0
561.436 0.99981 0.99981 2 2 0
561.536 0.999811 0.999811 2 2 0
561.636 0.999811 0.999811 2 2 0
561.736 0.999811 0.999811 2 2 0
561.836 0.999812 0.999812 2 2 0
561.936 0.999812 0.999812 2 2 0
562.036 0.999812 0.999812 2 2 0
562.136 0.999813 0.999813 2 2 0
562.236 0.999813 0.999813 2 2 0
562.336 0.999814 0.999814 2 2 0
562.436 0.999814 0.999814 2 2 0
562.536 0.999814 0.999814 2 2 0
562.636 0.999815 0.999815 2 2 0
562.736 0.999815 0.999815 2 2 0
562.836 0.999815 0.999815 2 2 0
562.936 0.999816 0.999816 2 2 0
563.036 0.999816 0.999816 2 2 0
563.136 0.999817 0.999817 2 2 0
563.236 0.999817 0.999817 2 2 0
563.336 0.999817 0.999817 2 2 0
563.436 0.999818 0.999818 2 2 0
563.536 0.999818 0.999818 2 2 0
563.636 0.999818 0.999818 2 2 0
563.736 0.999819 0.999819 2 2 0
563.836 0.999819 0.999819 2 2 0
563.936 0.999819 0.999819 2 2 0
564.036 0.99982 0.99982 2 2 0
564.136 0.99982 0.99982 2 2 0
564.236 0.999821 0.999821 2 2 0
564.336 0.999821 0.999821 2 2 0
564.436 0.999821 0.999821 2 2 0
564.536 0.999822 0.999822 2 2 0
564.636 0.999822 0.999822 2 2 0
564.736 0.999822 0.999822 2 2 0
564.836 0.999823 0.999823 2 2 0
564.936 0.999823 0.999823 2 2 0
565.036 0.999823 0.999823 2 2 0
565.136 0.999824 0.999824 2 2 0
565.236 0.999824 0.999824 2 2 0
565.336 0.999824 0.999824 2 2 0
565.436 0.999825 0.999825 2 2 0
565.536 0.999825 0.999825 2 2 0
565.636 0.999825 0.999825 2 2 0
565.736 0.999826 0.999826 2 2 0
565.836 0.999826 0.999826 2 2 0
565.936 0.999827 0.999827 2 2 0
566.036 0.999827 0.999827 2 2 0
566.136 0.999827 0.999827 2 2 0
566.236 0.999828 0.999828 2 2 0
566.336 0.999828 0.999828 2 2 0
566.436 0.999828 0.999828 2 2 0
566.536 0.999829 0.999829 2 2 0
566.636 0.999829 0.999829 2 2 0
566.736 0.999829 0.999829 2 2 0
566.836 0.99983 0.99983 2 2 0
566.936 0.99983 0.99983 2 2 0
567.036 0.99983 0.99983 2 2 0
567.136 0.999831 0.999831 2 2 0
567.236 0.999831 0.999831 2 2 0
567.336 0.999831 0.999831 2 2 0
567.436 0.999832 0.999832 2 2 0
567.536 0.999832 0.999832 2 2 0
567.636 0.999832 0.999832 2 2 0
567.736 0.999833 0.999833 2 2 0
567.836 0.999833 0.999833 2 2 0
567.936 0.999833 0.999833 2 2 0
568.036 0.999834 0.999834 2 2 0
568.136 0.999834 0.999834 2 2 0
568.236 0.999834 0.999834 2 2 0
568.336 0.999835 0.999835 2 2 0
568.436 0.999835 0.999835 2 2 0
568.536 0.999835 0.999835 2 2 0
568.636 0.999836 0.999836 2 2 0
568.736 0.999836 0.999836 2 2 0
568.836 0.999836 0.999836 2 2 0
568.936 0.999837 0.999837 2 2 0
569.036 0.999837 0.999837 2 2 0
569.136 0.999837 0.999837 2 2 0
569.236 0.999838 0.999838 2 2 0
569.336 0.999838 0.999838 2 2 0
569.436 0.999838 0.999838 2 2 0
569.536 0.999839 0.999839 2 2 0
569.636 0.999839 0.999839 2 2 0
569.736 0.999839 0.999839 2 2 0
569.836 0.99984 0.99984 2 2 0
569.936 0.99984 0.99984 2 2 0
570.036 0.99984 0.99984 2 2 0
570.136 0.999841 0.999841 2 2 0
570.236 0.999841 0.999841 2 2 0
570.336 0.999841 0.999841 2 2 0
570.436 0.999841 0.999841 2 2 0
570.536 0.999842 0.999842 2 2 0
570.636 0.999842 0.999842 2 2 0
570.736 0.999842 0.999842 2 2 0
570.836 0.999843 0.999843 2 2 0
570.936 0.999843 0.999843 2 2 0
571.036 0.999843 0.999843 2 2 0
571.136 0.999844 0.999844 2 2 0
571.236 0.999844 0.999844 2 2 0
571.336 0.999844 0.999844 2 2 0
571.436 0.999845 0.999845 2 2 0
571.536 0.999845 0.999845 2 2 0
571.636 0.999845 0.999845 2 2 0
571.736 0.999846 0.999846 2 2 0
571.836 0.999846 0.999846 2 2 0
571.936 0.999846 0.999846 2 2 0
572.036 0.999846 0.999846 2 2 0
572.136 0.999847 0.999847 2 2 0
572.136 0.999847 0.999847 2 2 0
572.176 0.999847 0.999847 2 2 0
572.216 0.999847 0.999847 2 2 0
572.296 0.999847 0.999847 2 2 0
572.396 0.999848 0.999848 2 2 0
572.496 0.999848 0.999848 2 2 0
572.596 0.999848 0.999848 2 2 0
572.696 0.999848 0.999848 2 2 0
572.796 0.999849 0.999849 2 2 0
572.896 0.999849 0.999849 2 2 0
572.996 0.999849 0.999849 2 2 0
573.096 0.99985 0.99985 2 2 0
573.196 0.99985 0.99985 2 2 0
573.296 0.99985 0.99985 2 2 0
573.396 0.999851 0.999851 2 2 0
573.496 0.999851 0.999851 2 2 0
573.596 0.999851 0.999851 2 2 0
573.696 0.999851 0.999851 2 2 0
573.796 0.999852 0.999852 2 2 0
573.896 0.999852 0.999852 2 2 0
573.996 0.999852 0.999852 2 2 0
574.096 0.999853 0.999853 2 2 0
574.196 0.999853 0.999853 2 2 0
574.296 0.999853 0.999853 2 2 0
574.396 0.999854 0.999854 2 2 0
574.496 0.999854 0.999854 2 2 0
574.596 0.999854 0.999854 2 2 0
574.696 0.999854 0.999854 2 2 0
574.796 0.999855 0.999855 2 2 0
574.896 0.999855 0.999855 2 2 0
574.996 0.999855 0.999855 2 2 0
575.096 0.999856 0.999856 2 2 0
575.196 0.999856 0.999856 2 2 0
575.296 0.999856 0.999856 2 2 0
575.396 0.999856 0.999856 2 2 0
575.496 0.999857 0.999857 2 2 0
575.596 0.999857 0.999857 2 2 0
575.696 0.999857 0.999857 2 2 0
575.796 0.999858 0.999858 2 2 0
575.896 0.999858 0.999858 2 2 0
575.996 0.999858 0.999858 2 2 0
576.096 0.999858 0.999858 2 2 0
576.196 0.999859 0.999859 2 2 0
576.296 0.999859 0.999859 2 2 0
576.396 0.999859 0.999859 2 2 0
576.496 0.99986 0.99986 2 2 0
576.596 0.99986 0.99986 2 2 0
576.696 0.99986 0.99986 2 2 0
576.796 0.99986 0.99986 2 2 0
576.896 0.999861 0.999861 2 2 0
576.996 0.999861 0.999861 2 2 0
577.096 0.999861 0.999861 2 2 0
577.196 0.999862 0.999862 2 2 0
577.296 0.999862 0.999862 2 2 0
577.396 0.999862 0.999862 2 2 0
577.496 0.999862 0.999862 2 2 0
577.596 0.999863 0.999863 2 2 0
577.696 0.999863 0.999863 2 2 0
577.796 0.999863 0.999863 2 2 0
577.896 0.999863 0.999863 2 2 0
577.996 0.999864 0.999864 2 2 0
578.096 0.999864 0.999864 2 2 0
578.196 0.999864 0.999864 2 2 0
578.296 0.999865 0.999865 2 2 0
578.396 0.999865 0.999865 2 2 0
578.496 0.999865 0.999865 2 2 0
578.596 0.999865 0.999865 2 2 0
578.696 0.999866 0.999866 2 2 0
578.796 0.999866 0.999866 2 2 0
578.896 0.999866 0.999866 2 2 0
578.996 0.999866 0.999866 2 2 0
579.096 0.999867 0.999867 2 2 0
579.196 0.999867 0.999867 2 2 0
579.296 0.999867 0.999867 2 2 0
579.396 0.999867 0.999867 2 2 0
579.496 0.999868 0.999868 2 2 0
579.596 0.999868 0.999868 2 2 0
579.696 0.999868 0.999868 2 2 0
579.796 0.999869 0.999869 2 2 0
579.896 0.999869 0.999869 2 2 0
579.996 0.999869 0.999869 2 2 0
580.096 0.999869 0.999869 2 2 0
580.196 0.99987 0.99987 2 2 0
580.296 0.99987 0.99987 2 2 0
580.396 0.99987 0.99987 2 2 0
580.496 0.99987 0.99987 2 2 0
580.596 0.999871 0.999871 2 2 0
580.696 0.999871 0.999871 2 2 0
580.796 0.999871 0.999871 2 2 0
580.896 0.999871 0.999871 2 2 0
580.996 0.999872 0.999872 2 2 0
581.096 0.999872 0.999872 2 2 0
581.196 0.999872 0.999872 2 2 0
581.296 0.999872 0.999872 2 2 0
581.396 0.999873 0.999873 2 2 0
581.496 0.999873 0.999873 2 2 0
581.596 0.999873 0.999873 2 2 0
581.696 0.999873 0.999873 2 2 0
581.796 0.999874 0.999874 2 2 0
581.896 0.999874 0.999874 2 2 0
581.996 0.999874 0.999874 2 2 0
582.096 0.999874 0.999874 2 2 0
582.196 0.999875 0.999875 2 2 0
582.296 0.999875 0.999875 2 2 0
582.396 0.999875 0.999875 2 2 0
582.496 0.999875 0.999875 2 2 0
582.596 0.999876 0.999876 2 2 0
582.696 0.999876 0.999876 2 2 0
582.796 0.999876 0.999876 2 2 0
582.896 0.999876 0.999876 2 2 0
582.996 0.999877 0.999877 2 2 0
583.096 0.999877 0.999877 2 2 0
583.196 0.999877 0.999877 2 2 0
583.296 0.999877 0.999877 2 2 0
583.396 0.999878 0.999878 2 2 0
583.496 0.999878 0.999878 2 2 0
583.596 0.999878 0.999878 2 2 0
583.696 0.999878 0.999878 2 2 0
583.796 0.999879 0.999879 2 2 0
583.896 0.999879 0.999879 2 2 0
583.996 0.999879 0.999879 2 2 0
584.096 0.999879 0.999879 2 2 0
584.196 0.99988 0.99988 2 2 0
584.296 0.99988 0.99988 2 2 0
584.396 0.99988 0.99988 2 2 0
584.496 0.99988 0.99988 2 2 0
584.596 0.999881 0.999881 2 2 0
584.696 0.999881 0.999881 2 2 0
584.796 0.999881 0.999881 2 2 0
584.896 0.999881 0.999881 2 2 0
584.996 0.999882 0.999882 2 2 0
585.096 0.999882 0.999882 2 2 0
585.196 0.999882 0.999882 2 2 0
585.296 0.999882 0.999882 2 2 0
585.396 0.999882 0.999882 2 2 0
585.496 0.999883 0.999883 2 2 0
585.596 0.999883 0.999883 2 2 0
585.696 0.999883 0.999883 2 2 0
585.796 0.999883 0.999883 2 2 0
585.896 0.999884 0.999884 2 2 0
585.996 0.999884 0.999884 2 2 0
586.096 0.999884 0.999884 2 2 0
586.196 0.999884 0.999884 2 2 0
586.296 0.999885 0.999885 2 2 0
586.396 0.999885 0.999885 2 2 0
586.496 0.999885 0.999885 2 2 0
586.596 0.999885 0.999885 2 2 0
586.696 0.999885 0.999885 2 2 0
586.796 0.999886 0.999886 2 2 0
586.896 0.999886 0.999886 2 2 0
586.996 0.999886 0.999886 2 2 0
587.096 0.999886 0.999886 2 2 0
587.196 0.999887 0.999887 2 2 0
587.296 0.999887 0.999887 2 2 0
587.396 0.999887 0.999887 2 2 0
587.496 0.999887 0.999887 2 2 0
587.596 0.999888 0.999888 2 2 0
587.696 0.999888 0.999888 2 2 0
587.796 0.999888 0.999888 2 2 0
587.896 0.999888 0.999888 2 2 0
587.996 0.999888 0.999888 2 2 0
588.096 0.999889 0.999889 2 2 0
588.196 0.999889 0.999889 2 2 0
588.296 0.999889 0.999889 2 2 0
588.396 0.999889 0.999889 2 2 0
588.496 0.99989 0.99989 2 2 0
588.596 0.99989 0.99989 2 2 0
588.696 0.99989 0.99989 2 2 0
588.796 0.99989 0.99989 2 2 0
588.896 0.99989 0.99989 2 2 0
588.996 0.999891 0.999891 2 2 0
589.096 0.999891 0.999891 2 2 0
589.196 0.999891 0.999891 2 2 0
589.296 0.999891 0.999891 2 2 0
589.396 0.999891 0.999891 2 2 0
589.496 0.999892 0.999892 2 2 0
589.596 0.999892 0.999892 2 2 0
589.696 0.999892 0.999892 2 2 0
589.796 0.999892 0.999892 2 2 0
589.896 0.999893 0.999893 2 2 0
589.996 0.999893 0.999893 2 2 0
590.096 0.999893 0.999893 2 2 0
590.196 0.999893 0.999893 2 2 0
590.296 0.999893 0.999893 2 2 0
590.396 0.999894 0.999894 2 2 0
590.496 0.999894 0.999894 2 2 0
590.596 0.999894 0.999894 2 2 0
590.696 0.999894 0.999894 2 2 0
590.796 0.999894 0.999894 2 2 0
590.896 0.999895 0.999895 2 2 0
590.996 0.999895 0.999895 2 2 0
591.096 0.999895 0.999895 2 2 0
591.196 0.999895 0.999895 2 2 0
591.296 0.999896 0.999896 2 2 0
591.396 0.999896 0.999896 2 2 0
591.496 0.999896 0.999896 2 2 0
591.596 0.999896 0.999896 2 2 0
591.696 0.999896 0.999896 2 2 0
591.796 0.999897 0.999897 2 2 0
591.896 0.999897 0.999897 2 2 0
591.896 0.999897 0.999897 2 2 0
591.936 0.999897 0.999897 2 2 0
591.976 0.999897 0.999897 2 2 0
592.056 0.999897 0.999897 2 2 0
592.156 0.999897 0.999897 2 2 0
592.256 0.999898 0.999898 2 2 0
592.356 0.999898 0.999898 2 2 0
592.456 0.999898 0.999898 2 2 0
592.556 0.999898 0.999898 2 2 0
592.656 0.999898 0.999898 2 2 0
592.756 0.999899 0.999899 2 2 0
592.856 0.999899 0.999899 2 2 0
592.956 0.999899 0.999899 2 2 0
593.056 0.999899 0.999899 2 2 0
593.156 0.999899 0.999899 2 2 0
593.256 0.9999 0.9999 2 2 0
593.356 0.9999 0.9999 2 2 0
593.456 0.9999 0.9999 2 2 0
593.556 0.9999 0.9999 2 2 0
593.656 0.9999 0.9999 2 2 0
593.756 0.999901 0.999901 2 2 0
593.856 0.999901 0.999901 2 2 0
593.956 0.999901 0.999901 2 2 0
594.056 0.999901 0.999901 2 2 0
594.156 0.999901 0.999901 2 2 0
594.256 0.999902 0.999902 2 2 0
594.356 0.999902 0.999902 2 2 0
594.456 0.999902 0.999902 2 2 0
594.556 0.999902 0.999902 2 2 0
594.656 0.999902 0.999902 2 2 0
594.756 0.999903 0.999903 2 2 0
594.856 0.999903 0.999903 2 2 0
594.956 0.999903 0.999903 2 2 0
595.056 0.999903 0.999903 2 2 0
595.156 0.999903 0.999903 2 2 0
595.256 0.999903 0.999903 2 2 0
595.356 0.999904 0.999904 2 2 0
595.456 0.999904 0.999904 2 2 0
595.556 0.999904 0.999904 2 2 0
595.656 0.999904 0.999904 2 2 0
595.756 0.999904 0.999904 2 2 0
595.856 0.999905 0.999905 2 2 0
595.956 0.999905 0.999905 2 2 0
596.056 0.999905 0.999905 2 2 0
596.156 0.999905 0.999905 2 2 0
596.256 0.999905 0.999905 2 2 0
596.356 0.999906 0.999906 2 2 0
596.456 0.999906 0.999906 2 2 0
596.556 0.999906 0.999906 2 2 0
596.656 0.999906 0.999906 2 2 0
596.756 0.999906 0.999906 2 2 0
596.856 0.999907 0.999907 2 2 0
596.956 0.999907 0.999907 2 2 0
597.056 0.999907 0.999907 2 2 0
597.156 0.999907 0.999907 2 2 0
597.256 0.999907 0.999907 2 2 0
597.356 0.999907 0.999907 2 2 0
597.456 0.999908 0.999908 2 2 0
597.556 0.999908 0.999908 2 2 0
597.656 0.999908 0.999908 2 2 0
597.756 0.999908 0.999908 2 2 0
597.856 0.999908 0.999908 2 2 0
597.956 0.999909 0.999909 2 2 0
598.056 0.999909 0.999909 2 2 0
598.156 0.999909 0.999909 2 2 0
598.256 0.999909 0.999909 2 2 0
598.356 0.999909 0.999909 2 2 0
598.456 0.999909 0.999909 2 2 0
598.556 0.99991 0.99991 2 2 0
598.656 0.99991 0.99991 2 2 0
598.756 0.99991 0.99991 2 2 0
598.856 0.99991 0.99991 2 2 0
598.956 0.99991 0.99991 2 2 0
599.056 0.999911 0.999911 2 2 0
599.156 0.999911 0.999911 2 2 0
599.256 0.999911 0.999911 2 2 0
599.356 0.999911 0.999911 2 2 0
599.456 0.999911 0.999911 2 2 0
599.556 0.999911 0.999911 2 2 0
599.656 0.999912 0.999912 2 2 0
599.756 0.999912 0.999912 2 2 0
599.856 0.999912 0.999912 2 2 0
599.956 0.999912 0.999912 2 2 0
600.056 0.999912 0.999912 2 2 0
600.156 0.999913 0.999913 2 2 0
600.256 0.999913 0.999913 2 2 0
600.356 0.999913 0.999913 2 2 0
600.456 0.999913 0.999913 2 2 0
600.556 0.999913 0.999913 2 2 0
600.656 0.999913 0.999913 2 2 0
600.756 0.999914 0.999914 2 2 0
600.856 0.999914 0.999914 2 2 0
600.956 0.999914 0.999914 2 2 0
601.056 0.999914 0.999914 2 2 0
601.156 0.999914 0.999914 2 2 0
601.256 0.999914 0.999914 2 2 0
601.356 0.999915 0.999915 2 2 0
601.456 0.999915 0.999915 2 2 0
601.556 0.999915 0.999915 2 2 0
601.656 0.999915 0.999915 2 2 0
601.756 0.999915 0.999915 2 2 0
601.856 0.999915 0.999915 2 2 0
601.956 0.999916 0.999916 2 2 0
602.056 0.999916 0.999916 2 2 0
602.156 0.999916 0.999916 2 2 0
602.256 0.999916 0.999916 2 2 0
602.356 0.999916 0.999916 2 2 0
602.456 0.999916 0.999916 2 2 0
602.556 0.999917 0.999917 2 2 0
602.656 0.999917 0.999917 2 2 0
602.756 0.999917 0.999917 2 2 0
602.856 0.999917 0.999917 2 2 0
602.956 0.999917 0.999917 2 2 0
603.056 0.999917 0.999917 2 2 0
603.156 0.999918 0.999918 2 2 0
603.256 0.999918 0.999918 2 2 0
603.356 0.999918 0.999918 2 2 0
603.456 0.999918 0.999918 2 2 0
603.556 0.999918 0.999918 2 2 0
603.656 0.999918 0.999918 2 2 0
603.756 0.999919 0.999919 2 2 0
603.856 0.999919 0.999919 2 2 0
603.956 0.999919 0.999919 2 2 0
604.056 0.999919 0.999919 2 2 0
604.156 0.999919 0.999919 2 2 0
604.256 0.999919 0.999919 2 2 0
604.356 0.99992 0.99992 2 2 0
604.456 0.99992 0.99992 2 2 0
604.556 0.99992 0.99992 2 2 0
604.656 0.99992 0.99992 2 2 0
604.756 0.99992 0.99992 2 2 0
604.856 0.99992 0.99992 2 2 0
604.956 0.999921 0.999921 2 2 0
605.056 0.999921 0.999921 2 2 0
605.156 0.999921 0.999921 2 2 0
605.256 0.999921 0.999921 2 2 0
605.356 0.999921 0.999921 2 2 0
605.456 0.999921 0.999921 2 2 0
605.556 0.999921 0.999921 2 2 0
605.656 0.999922 0.999922 2 2 0
605.756 0.999922 0.999922 2 2 0
605.856 0.999922 0.999922 2 2 0
605.956 0.999922 0.999922 2 2 0
606.056 0.999922 0.999922 2 2 0
606.156 0.999922 0.999922 2 2 0
606.256 0.999923 0.999923 2 2 0
606.356 0.999923 0.999923 2 2 0
606.456 0.999923 0.999923 2 2 0
606.556 0.999923 0.999923 2 2 0
606.656 0.999923 0.999923 2 2 0
606.756 0.999923 0.999923 2 2 0
606.856 0.999923 0.999923 2 2 0
606.956 0.999924 0.999924 2 2 0
607.056 0.999924 0.999924 2 2 0
607.156 0.999924 0.999924 2 2 0
607.256 0.999924 0.999924 2 2 0
607.356 0.999924 0.999924 2 2 0
607.456 0.999924 0.999924 2 2 0
607.556 0.999925 0.999925 2 2 0
607.656 0.999925 0.999925 2 2 0
607.756 0.999925 0.999925 2 2 0
607.856 0.999925 0.999925 2 2 0
607.956 0.999925 0.999925 2 2 0
608.056 0.999925 0.999925 2 2 0
608.156 0.999925 0.999925 2 2 0
608.256 0.999926 0.999926 2 2 0
608.356 0.999926 0.999926 2 2 0
608.456 0.999926 0.999926 2 2 0
608.556 0.999926 0.999926 2 2 0
608.656 0.999926 0.999926 2 2 0
608.756 0.999926 0.999926 2 2 0
608.856 0.999926 0.999926 2 2 0
608.956 0.999927 0.999927 2 2 0
609.056 0.999927 0.999927 2 2 0
609.156 0.999927 0.999927 2 2 0
609.256 0.999927 0.999927 2 2 0
609.356 0.999927 0.999927 2 2 0
609.456 0.999927 0.999927 2 2 0
609.556 0.999927 0.999927 2 2 0
609.656 0.999928 0.999928 2 2 0
609.756 0.999928 0.999928 2 2 0
609.856 0.999928 0.999928 2 2 0
609.956 0.999928 0.999928 2 2 0
610.056 0.999928 0.999928 2 2 0
610.156 0.999928 0.999928 2 2 0
610.256 0.999929 0.999929 2 2 0
610.356 0.999929 0.999929 2 2 0
610.456 0.999929 0.999929 2 2 0
610.556 0.999929 0.999929 2 2 0
610.656 0.999929 0.999929 2 2 0
610.756 0.999929 0.999929 2 2 0
610.856 0.999929 0.999929 2 2 0
610.956 0.999929 0.999929 2 2 0
611.056 0.99993 0.99993 2 2 0
611.156 0.99993 0.99993 2 2 0
611.256 0.99993 0.99993 2 2 0
611.356 0.99993 0.99993 2 2 0
611.456 0.99993 0.99993 2 2 0
611.556 0.99993 0.99993 2 2 0
611.656 0.99993 0.99993 2 2 0
