400 0.0671635 0.0671635 2 1 0
400.04 0.0671625 0.0671625 1 1 0
400.08 0.0671614 0.0671614 1 1 0
400.16 0.0671592 0.0671592 1 1 0
400.32 0.0671549 0.0671549 1 1 0
400.64 0.0671462 0.0671462 1 1 0
401.14 0.0671329 0.0671329 1 1 0
401.64 0.0671197 0.0671197 1 1 0
402.14 0.0671067 0.0671067 1 1 0
402.64 0.0670938 0.0670938 1 1 0
403.14 0.067081 0.067081 1 1 0
403.64 0.0670684 0.0670684 1 1 0
404.14 0.0670559 0.0670559 1 1 0
404.64 0.0670436 0.0670436 1 1 0
405.14 0.0670314 0.0670314 1 1 0
405.64 0.0670193 0.0670193 1 1 0
406.14 0.0670074 0.0670074 1 1 0
406.64 0.0669955 0.0669955 1 1 0
407.14 0.0669838 0.0669838 1 1 0
407.64 0.0669723 0.0669723 1 1 0
408.14 0.0669608 0.0669608 1 1 0
408.64 0.0669495 0.0669495 1 1 0
409.14 0.0669382 0.0669382 1 1 0
409.64 0.0669271 0.0669271 1 1 0
410.14 0.0669161 0.0669161 1 1 0
410.64 0.0669052 0.0669052 1 1 0
411.14 0.0668945 0.0668945 1 1 0
411.64 0.0668838 0.0668838 1 1 0
412.14 0.0668732 0.0668732 1 1 0
412.64 0.0668628 0.0668628 1 1 0
413.14 0.0668524 0.0668524 1 1 0
413.64 0.0668422 0.0668422 1 1 0
414.14 0.066832 0.066832 1 1 0
414.64 0.0668219 0.0668219 1 1 0
415.14 0.066812 0.066812 1 1 0
415.64 0.0668021 0.0668021 1 1 0
416.14 0.0667923 0.0667923 1 1 0
416.64 0.0667827 0.0667827 1 1 0
417.14 0.0667731 0.0667731 1 1 0
417.64 0.0667636 0.0667636 1 1 0
418.14 0.0667542 0.0667542 1 1 0
418.64 0.0667448 0.0667448 1 1 0
419.14 0.0667356 0.0667356 1 1 0
419.64 0.0667264 0.0667264 1 1 0
420.14 0.0667174 0.0667174 1 1 0
420.64 0.0667084 0.0667084 1 1 0
421.14 0.0666995 0.0666995 1 1 0
421.64 0.0666907 0.0666907 1 1 0
422.14 0.0666819 0.0666819 1 1 0
422.64 0.0666733 0.0666733 1 1 0
423.14 0.0666647 0.0666647 1 1 0
423.64 0.0666562 0.0666562 1 1 0
424.14 0.0666477 0.0666477 1 1 0
424.64 0.0666394 0.0666394 1 1 0
425.14 0.0666311 0.0666311 1 1 0
425.64 0.0666229 0.0666229 1 1 0
426.14 0.0666147 0.0666147 1 1 0
426.64 0.0666067 0.0666067 1 1 0
427.14 0.0665987 0.0665987 1 1 0
427.64 0.0665907 0.0665907 1 1 0
428.14 0.0665829 0.0665829 1 1 0
428.64 0.0665751 0.0665751 1 1 0
429.14 0.0665674 0.0665674 1 1 0
429.64 0.0665597 0.0665597 1 1 0
430.14 0.0665521 0.0665521 1 1 0
430.64 0.0665446 0.0665446 1 1 0
431.14 0.0665371 0.0665371 1 1 0
431.64 0.0665297 0.0665297 1 1 0
432.14 0.0665223 0.0665223 1 1 0
432.64 0.0665151 0.0665151 1 1 0
433.14 0.0665078 0.0665078 1 1 0
433.64 0.0665007 0.0665007 1 1 0
434.14 0.0664936 0.0664936 1 1 0
434.64 0.0664865 0.0664865 1 1 0
435.14 0.0664796 0.0664796 1 1 0
435.64 0.0664726 0.0664726 1 1 0
436.14 0.0664658 0.0664658 1 1 0
436.64 0.0664589 0.0664589 1 1 0
437.14 0.0664522 0.0664522 1 1 0
437.64 0.0664455 0.0664455 1 1 0
438.14 0.0664388 0.0664388 1 1 0
438.64 0.0664322 0.0664322 1 1 0
439.14 0.0664257 0.0664257 1 1 0
439.64 0.0664192 0.0664192 1 1 0
440.14 0.0664127 0.0664127 1 1 0
440.64 0.0664063 0.0664063 1 1 0
441.14 0.0664 0.0664 1 1 0
441.64 0.0663937 0.0663937 1 1 0
442.14 0.0663875 0.0663875 1 1 0
442.64 0.0663813 0.0663813 1 1 0
443.14 0.0663751 0.0663751 1 1 0
443.64 0.0663691 0.0663691 1 1 0
444.14 0.066363 0.066363 1 1 0
444.64 0.066357 0.066357 1 1 0
445.14 0.0663511 0.0663511 1 1 0
445.64 0.0663452 0.0663452 1 1 0
446.14 0.0663393 0.0663393 1 1 0
446.64 0.0663335 0.0663335 1 1 0
447.14 0.0663277 0.0663277 1 1 0
447.64 0.066322 0.066322 1 1 0
448.14 0.0663163 0.0663163 1 1 0
448.64 0.0663107 0.0663107 1 1 0
449.14 0.0663051 0.0663051 1 1 0
449.64 0.0662995 0.0662995 1 1 0
450.14 0.066294 0.066294 1 1 0
450.64 0.0662885 0.0662885 1 1 0
451.14 0.0662831 0.0662831 1 1 0
451.64 0.0662777 0.0662777 1 1 0
452.14 0.0662724 0.0662724 1 1 0
452.64 0.066267 0.066267 1 1 0
453.14 0.0662618 0.0662618 1 1 0
453.64 0.0662566 0.0662566 1 1 0
454.14 0.0662514 0.0662514 1 1 0
454.64 0.0662462 0.0662462 1 1 0
455.14 0.0662411 0.0662411 1 1 0
455.64 0.066236 0.066236 1 1 0
456.14 0.066231 0.066231 1 1 0
456.64 0.066226 0.066226 1 1 0
457.14 0.066221 0.066221 1 1 0
457.64 0.0662161 0.0662161 1 1 0
458.14 0.0662112 0.0662112 1 1 0
458.64 0.0662063 0.0662063 1 1 0
459.14 0.0662015 0.0662015 1 1 0
459.64 0.0661967 0.0661967 1 1 0
460.14 0.066192 0.066192 1 1 0
460.64 0.0661873 0.0661873 1 1 0
461.14 0.0661826 0.0661826 1 1 0
461.64 0.0661779 0.0661779 1 1 0
462.14 0.0661733 0.0661733 1 1 0
462.64 0.0661687 0.0661687 1 1 0
463.14 0.0661642 0.0661642 1 1 0
463.64 0.0661597 0.0661597 1 1 0
464.14 0.0661552 0.0661552 1 1 0
464.64 0.0661507 0.0661507 1 1 0
465.14 0.0661463 0.0661463 1 1 0
465.64 0.0661419 0.0661419 1 1 0
466.14 0.0661375 0.0661375 1 1 0
466.64 0.0661332 0.0661332 1 1 0
467.14 0.0661289 0.0661289 1 1 0
467.64 0.0661246 0.0661246 1 1 0
468.14 0.0661204 0.0661204 1 1 0
468.64 0.0661162 0.0661162 1 1 0
469.14 0.066112 0.066112 1 1 0
469.64 0.0661079 0.0661079 1 1 0
470.14 0.0661037 0.0661037 1 1 0
470.64 0.0660997 0.0660997 1 1 0
471.14 0.0660956 0.0660956 1 1 0
471.64 0.0660916 0.0660916 1 1 0
472.14 0.0660875 0.0660875 1 1 0
472.64 0.0660836 0.0660836 1 1 0
473.14 0.0660796 0.0660796 1 1 0
473.64 0.0660757 0.0660757 1 1 0
474.14 0.0660718 0.0660718 1 1 0
474.64 0.0660679 0.0660679 1 1 0
475.14 0.0660641 0.0660641 1 1 0
475.64 0.0660602 0.0660602 1 1 0
476.14 0.0660565 0.0660565 1 1 0
476.64 0.0660527 0.0660527 1 1 0
477.14 0.0660489 0.0660489 1 1 0
477.64 0.0660452 0.0660452 1 1 0
478.14 0.0660415 0.0660415 1 1 0
478.64 0.0660379 0.0660379 1 1 0
479.14 0.0660342 0.0660342 1 1 0
479.64 0.0660306 0.0660306 1 1 0
480.14 0.066027 0.066027 1 1 0
480.64 0.0660235 0.0660235 1 1 0
481.14 0.0660199 0.0660199 1 1 0
481.64 0.0660164 0.0660164 1 1 0
482.14 0.0660129 0.0660129 1 1 0
482.64 0.0660094 0.0660094 1 1 0
483.14 0.066006 0.066006 1 1 0
483.64 0.0660025 0.0660025 1 1 0
484.14 0.0659991 0.0659991 1 1 0
484.64 0.0659958 0.0659958 1 1 0
485.14 0.0659924 0.0659924 1 1 0
485.64 0.0659891 0.0659891 1 1 0
486.14 0.0659857 0.0659857 1 1 0
486.64 0.0659824 0.0659824 1 1 0
487.14 0.0659792 0.0659792 1 1 0
487.64 0.0659759 0.0659759 1 1 0
488.14 0.0659727 0.0659727 1 1 0
488.64 0.0659695 0.0659695 1 1 0
489.14 0.0659663 0.0659663 1 1 0
489.64 0.0659631 0.0659631 1 1 0
490.14 0.06596 0.06596 1 1 0
490.64 0.0659569 0.0659569 1 1 0
491.14 0.0659538 0.0659538 1 1 0
491.64 0.0659507 0.0659507 1 1 0
492.14 0.0659476 0.0659476 1 1 0
492.64 0.0659446 0.0659446 1 1 0
493.14 0.0659416 0.0659416 1 1 0
493.64 0.0659385 0.0659385 1 1 0
494.14 0.0659356 0.0659356 1 1 0
494.64 0.0659326 0.0659326 1 1 0
495.14 0.0659297 0.0659297 1 1 0
495.64 0.0659267 0.0659267 1 1 0
496.14 0.0659238 0.0659238 1 1 0
496.64 0.0659209 0.0659209 1 1 0
497.14 0.0659181 0.0659181 1 1 0
497.64 0.0659152 0.0659152 1 1 0
497.64 0.0659152 0.0659152 2 1 0
497.68 0.065915 0.065915 1 1 0
497.72 0.0659147 0.0659147 1 1 0
497.8 0.0659143 0.0659143 1 1 0
497.96 0.0659134 0.0659134 1 1 0
498.28 0.0659116 0.0659116 1 1 0
498.78 0.0659088 0.0659088 1 1 0
499.28 0.065906 0.065906 1 1 0
499.78 0.0659032 0.0659032 1 1 0
500.28 0.0659004 0.0659004 1 1 0
500.78 0.0658977 0.0658977 1 1 0
501.28 0.065895 0.065895 1 1 0
501.78 0.0658923 0.0658923 1 1 0
502.28 0.0658896 0.0658896 1 1 0
502.78 0.0658869 0.0658869 1 1 0
503.28 0.0658843 0.0658843 1 1 0
503.78 0.0658816 0.0658816 1 1 0
504.28 0.065879 0.065879 1 1 0
504.78 0.0658764 0.0658764 1 1 0
505.28 0.0658738 0.0658738 1 1 0
505.78 0.0658712 0.0658712 1 1 0
506.28 0.0658687 0.0658687 1 1 0
506.78 0.0658661 0.0658661 1 1 0
507.28 0.0658636 0.0658636 1 1 0
507.78 0.0658611 0.0658611 1 1 0
508.28 0.0658586 0.0658586 1 1 0
508.78 0.0658561 0.0658561 1 1 0
509.28 0.0658537 0.0658537 1 1 0
509.78 0.0658512 0.0658512 1 1 0
510.28 0.0658488 0.0658488 1 1 0
510.78 0.0658464 0.0658464 1 1 0
511.28 0.065844 0.065844 1 1 0
511.78 0.0658416 0.0658416 1 1 0
512.28 0.0658392 0.0658392 1 1 0
512.78 0.0658369 0.0658369 1 1 0
513.28 0.0658345 0.0658345 1 1 0
513.78 0.0658322 0.0658322 1 1 0
514.28 0.0658299 0.0658299 1 1 0
514.78 0.0658276 0.0658276 1 1 0
515.28 0.0658253 0.0658253 1 1 0
515.78 0.0658231 0.0658231 1 1 0
516.28 0.0658208 0.0658208 1 1 0
516.78 0.0658186 0.0658186 1 1 0
517.28 0.0658163 0.0658163 1 1 0
517.78 0.0658141 0.0658141 1 1 0
518.28 0.0658119 0.0658119 1 1 0
518.78 0.0658097 0.0658097 1 1 0
519.28 0.0658076 0.0658076 1 1 0
519.78 0.0658054 0.0658054 1 1 0
520.28 0.0658033 0.0658033 1 1 0
520.78 0.0658011 0.0658011 1 1 0
521.28 0.065799 0.065799 1 1 0
521.78 0.0657969 0.0657969 1 1 0
522.28 0.0657948 0.0657948 1 1 0
522.78 0.0657927 0.0657927 1 1 0
523.28 0.0657906 0.0657906 1 1 0
523.78 0.0657886 0.0657886 1 1 0
524.28 0.0657865 0.0657865 1 1 0
524.78 0.0657845 0.0657845 1 1 0
525.28 0.0657825 0.0657825 1 1 0
525.78 0.0657805 0.0657805 1 1 0
526.28 0.0657785 0.0657785 1 1 0
526.78 0.0657765 0.0657765 1 1 0
527.28 0.0657745 0.0657745 1 1 0
527.78 0.0657726 0.0657726 1 1 0
528.28 0.0657706 0.0657706 1 1 0
528.78 0.0657687 0.0657687 1 1 0
529.28 0.0657668 0.0657668 1 1 0
529.78 0.0657648 0.0657648 1 1 0
530.28 0.0657629 0.0657629 1 1 0
530.78 0.0657611 0.0657611 1 1 0
531.28 0.0657592 0.0657592 1 1 0
531.78 0.0657573 0.0657573 1 1 0
532.28 0.0657555 0.0657555 1 1 0
532.78 0.0657536 0.0657536 1 1 0
533.28 0.0657518 0.0657518 1 1 0
533.78 0.0657499 0.0657499 1 1 0
534.28 0.0657481 0.0657481 1 1 0
534.78 0.0657463 0.0657463 1 1 0
535.28 0.0657445 0.0657445 1 1 0
535.78 0.0657428 0.0657428 1 1 0
536.28 0.065741 0.065741 1 1 0
536.78 0.0657392 0.0657392 1 1 0
537.28 0.0657375 0.0657375 1 1 0
537.78 0.0657357 0.0657357 1 1 0
538.28 0.065734 0.065734 1 1 0
538.78 0.0657323 0.0657323 1 1 0
539.28 0.0657306 0.0657306 1 1 0
539.78 0.0657289 0.0657289 1 1 0
540.28 0.0657272 0.0657272 1 1 0
540.78 0.0657255 0.0657255 1 1 0
541.28 0.0657239 0.0657239 1 1 0
541.78 0.0657222 0.0657222 1 1 0
542.28 0.0657206 0.0657206 1 1 0
542.78 0.0657189 0.0657189 1 1 0
543.28 0.0657173 0.0657173 1 1 0
543.78 0.0657157 0.0657157 1 1 0
544.28 0.0657141 0.0657141 1 1 0
544.78 0.0657125 0.0657125 1 1 0
545.28 0.0657109 0.0657109 1 1 0
545.78 0.0657093 0.0657093 1 1 0
546.28 0.0657077 0.0657077 1 1 0
546.78 0.0657061 0.0657061 1 1 0
547.28 0.0657046 0.0657046 1 1 0
547.78 0.065703 0.065703 1 1 0
548.28 0.0657015 0.0657015 1 1 0
548.78 0.0657 0.0657 1 1 0
549.28 0.0656985 0.0656985 1 1 0
549.78 0.065697 0.065697 1 1 0
550.28 0.0656955 0.0656955 1 1 0
550.78 0.065694 0.065694 1 1 0
551.28 0.0656925 0.0656925 1 1 0
551.78 0.065691 0.065691 1 1 0
552.28 0.0656895 0.0656895 1 1 0
552.78 0.0656881 0.0656881 1 1 0
553.28 0.0656866 0.0656866 1 1 0
553.78 0.0656852 0.0656852 1 1 0
554.28 0.0656838 0.0656838 1 1 0
554.78 0.0656823 0.0656823 1 1 0
555.28 0.0656809 0.0656809 1 1 0
555.78 0.0656795 0.0656795 1 1 0
556.28 0.0656781 0.0656781 1 1 0
556.78 0.0656767 0.0656767 1 1 0
557.28 0.0656753 0.0656753 1 1 0
557.78 0.065674 0.065674 1 1 0
558.28 0.0656726 0.0656726 1 1 0
558.78 0.0656712 0.0656712 1 1 0
559.28 0.0656699 0.0656699 1 1 0
559.78 0.0656685 0.0656685 1 1 0
560.28 0.0656672 0.0656672 1 1 0
560.78 0.0656659 0.0656659 1 1 0
561.28 0.0656646 0.0656646 1 1 0
561.78 0.0656632 0.0656632 1 1 0
562.28 0.0656619 0.0656619 1 1 0
562.78 0.0656606 0.0656606 1 1 0
563.28 0.0656593 0.0656593 1 1 0
563.78 0.0656581 0.0656581 1 1 0
564.28 0.0656568 0.0656568 1 1 0
564.78 0.0656555 0.0656555 1 1 0
565.28 0.0656543 0.0656543 1 1 0
565.78 0.065653 0.065653 1 1 0
566.28 0.0656517 0.0656517 1 1 0
566.78 0.0656505 0.0656505 1 1 0
567.28 0.0656493 0.0656493 1 1 0
567.78 0.065648 0.065648 1 1 0
568.28 0.0656468 0.0656468 1 1 0
568.78 0.0656456 0.0656456 1 1 0
569.28 0.0656444 0.0656444 1 1 0
569.78 0.0656432 0.0656432 1 1 0
570.28 0.065642 0.065642 1 1 0
570.78 0.0656408 0.0656408 1 1 0
571.28 0.0656397 0.0656397 1 1 0
571.78 0.0656385 0.0656385 1 1 0
572.28 0.0656373 0.0656373 1 1 0
572.78 0.0656362 0.0656362 1 1 0
573.28 0.065635 0.065635 1 1 0
573.78 0.0656339 0.0656339 1 1 0
574.28 0.0656327 0.0656327 1 1 0
574.78 0.0656316 0.0656316 1 1 0
575.28 0.0656305 0.0656305 1 1 0
575.78 0.0656293 0.0656293 1 1 0
576.28 0.0656282 0.0656282 1 1 0
576.78 0.0656271 0.0656271 1 1 0
577.28 0.065626 0.065626 1 1 0
577.78 0.0656249 0.0656249 1 1 0
578.28 0.0656238 0.0656238 1 1 0
578.78 0.0656228 0.0656228 1 1 0
579.28 0.0656217 0.0656217 1 1 0
579.78 0.0656206 0.0656206 1 1 0
580.28 0.0656195 0.0656195 1 1 0
580.78 0.0656185 0.0656185 1 1 0
581.28 0.0656174 0.0656174 1 1 0
581.78 0.0656164 0.0656164 1 1 0
582.28 0.0656153 0.0656153 1 1 0
582.78 0.0656143 0.0656143 1 1 0
583.28 0.0656133 0.0656133 1 1 0
583.78 0.0656123 0.0656123 1 1 0
584.28 0.0656112 0.0656112 1 1 0
584.78 0.0656102 0.0656102 1 1 0
585.28 0.0656092 0.0656092 1 1 0
585.78 0.0656082 0.0656082 1 1 0
586.28 0.0656072 0.0656072 1 1 0
586.78 0.0656062 0.0656062 1 1 0
587.28 0.0656053 0.0656053 1 1 0
587.78 0.0656043 0.0656043 1 1 0
588.28 0.0656033 0.0656033 1 1 0
588.78 0.0656023 0.0656023 1 1 0
589.28 0.0656014 0.0656014 1 1 0
589.78 0.0656004 0.0656004 1 1 0
590.28 0.0655995 0.0655995 1 1 0
590.78 0.0655985 0.0655985 1 1 0
591.28 0.0655976 0.0655976 1 1 0
591.78 0.0655966 0.0655966 1 1 0
592.28 0.0655957 0.0655957 1 1 0
592.78 0.0655948 0.0655948 1 1 0
593.28 0.0655939 0.0655939 1 1 0
593.78 0.0655929 0.0655929 1 1 0
594.28 0.065592 0.065592 1 1 0
594.78 0.0655911 0.0655911 1 1 0
595.28 0.0655902 0.0655902 1 1 0
595.28 0.0655902 0.0655902 2 1 0
595.32 0.0655902 0.0655902 1 1 0
595.36 0.0655901 0.0655901 1 1 0
595.44 0.0655899 0.0655899 1 1 0
595.6 0.0655897 0.0655897 1 1 0
595.92 0.0655891 0.0655891 1 1 0
596.42 0.0655882 0.0655882 1 1 0
596.92 0.0655873 0.0655873 1 1 0
597.42 0.0655864 0.0655864 1 1 0
597.92 0.0655856 0.0655856 1 1 0
598.42 0.0655847 0.0655847 1 1 0
598.92 0.0655838 0.0655838 1 1 0
599.42 0.065583 0.065583 1 1 0
599.92 0.0655821 0.0655821 1 1 0
600.42 0.0655813 0.0655813 1 1 0
600.92 0.0655804 0.0655804 1 1 0
601.42 0.0655796 0.0655796 1 1 0
601.92 0.0655787 0.0655787 1 1 0
602.42 0.0655779 0.0655779 1 1 0
602.92 0.0655771 0.0655771 1 1 0
603.42 0.0655763 0.0655763 1 1 0
603.92 0.0655754 0.0655754 1 1 0
604.42 0.0655746 0.0655746 1 1 0
604.92 0.0655738 0.0655738 1 1 0
605.42 0.065573 0.065573 1 1 0
605.92 0.0655722 0.0655722 1 1 0
606.42 0.0655714 0.0655714 1 1 0
606.92 0.0655706 0.0655706 1 1 0
607.42 0.0655698 0.0655698 1 1 0
607.92 0.065569 0.065569 1 1 0
608.42 0.0655683 0.0655683 1 1 0
608.92 0.0655675 0.0655675 1 1 0
609.42 0.0655667 0.0655667 1 1 0
609.92 0.065566 0.065566 1 1 0
610.42 0.0655652 0.0655652 1 1 0
610.92 0.0655644 0.0655644 1 1 0
611.42 0.0655637 0.0655637 1 1 0
611.92 0.0655629 0.0655629 1 1 0
612.42 0.0655622 0.0655622 1 1 0
612.92 0.0655614 0.0655614 1 1 0
613.42 0.0655607 0.0655607 1 1 0
613.92 0.06556 0.06556 1 1 0
614.42 0.0655592 0.0655592 1 1 0
614.92 0.0655585 0.0655585 1 1 0
615.42 0.0655578 0.0655578 1 1 0
615.92 0.0655571 0.0655571 1 1 0
616.42 0.0655564 0.0655564 1 1 0
616.92 0.0655557 0.0655557 1 1 0
617.42 0.065555 0.065555 1 1 0
617.92 0.0655543 0.0655543 1 1 0
618.42 0.0655536 0.0655536 1 1 0
618.92 0.0655529 0.0655529 1 1 0
619.42 0.0655522 0.0655522 1 1 0
619.92 0.0655515 0.0655515 1 1 0
620.42 0.0655508 0.0655508 1 1 0
620.92 0.0655501 0.0655501 1 1 0
621.42 0.0655494 0.0655494 1 1 0
621.92 0.0655488 0.0655488 1 1 0
622.42 0.0655481 0.0655481 1 1 0
622.92 0.0655474 0.0655474 1 1 0
623.42 0.0655468 0.0655468 1 1 0
623.92 0.0655461 0.0655461 1 1 0
624.42 0.0655455 0.0655455 1 1 0
624.92 0.0655448 0.0655448 1 1 0
625.42 0.0655442 0.0655442 1 1 0
625.92 0.0655435 0.0655435 1 1 0
626.42 0.0655429 0.0655429 1 1 0
626.92 0.0655422 0.0655422 1 1 0
627.42 0.0655416 0.0655416 1 1 0
627.92 0.065541 0.065541 1 1 0
628.42 0.0655404 0.0655404 1 1 0
628.92 0.0655397 0.0655397 1 1 0
629.42 0.0655391 0.0655391 1 1 0
629.92 0.0655385 0.0655385 1 1 0
630.42 0.0655379 0.0655379 1 1 0
630.92 0.0655373 0.0655373 1 1 0
631.42 0.0655367 0.0655367 1 1 0
631.92 0.0655361 0.0655361 1 1 0
632.42 0.0655355 0.0655355 1 1 0
632.92 0.0655349 0.0655349 1 1 0
633.42 0.0655343 0.0655343 1 1 0
633.92 0.0655337 0.0655337 1 1 0
634.42 0.0655331 0.0655331 1 1 0
634.92 0.0655325 0.0655325 1 1 0
635.42 0.0655319 0.0655319 1 1 0
635.92 0.0655313 0.0655313 1 1 0
636.42 0.0655308 0.0655308 1 1 0
636.92 0.0655302 0.0655302 1 1 0
637.42 0.0655296 0.0655296 1 1 0
637.92 0.0655291 0.0655291 1 1 0
638.42 0.0655285 0.0655285 1 1 0
638.92 0.0655279 0.0655279 1 1 0
639.42 0.0655274 0.0655274 1 1 0
639.92 0.0655268 0.0655268 1 1 0
640.42 0.0655263 0.0655263 1 1 0
640.92 0.0655257 0.0655257 1 1 0
641.42 0.0655252 0.0655252 1 1 0
641.92 0.0655247 0.0655247 1 1 0
642.42 0.0655241 0.0655241 1 1 0
642.92 0.0655236 0.0655236 1 1 0
643.42 0.065523 0.065523 1 1 0
643.92 0.0655225 0.0655225 1 1 0
644.42 0.065522 0.065522 1 1 0
644.92 0.0655215 0.0655215 1 1 0
645.42 0.0655209 0.0655209 1 1 0
645.92 0.0655204 0.0655204 1 1 0
646.42 0.0655199 0.0655199 1 1 0
646.92 0.0655194 0.0655194 1 1 0
647.42 0.0655189 0.0655189 1 1 0
647.92 0.0655184 0.0655184 1 1 0
648.42 0.0655179 0.0655179 1 1 0
648.92 0.0655174 0.0655174 1 1 0
649.42 0.0655169 0.0655169 1 1 0
649.92 0.0655164 0.0655164 1 1 0
650.42 0.0655159 0.0655159 1 1 0
650.92 0.0655154 0.0655154 1 1 0
651.42 0.0655149 0.0655149 1 1 0
651.92 0.0655144 0.0655144 1 1 0
652.42 0.0655139 0.0655139 1 1 0
652.92 0.0655134 0.0655134 1 1 0
653.42 0.065513 0.065513 1 1 0
653.92 0.0655125 0.0655125 1 1 0
654.42 0.065512 0.065512 1 1 0
654.92 0.0655115 0.0655115 1 1 0
655.42 0.0655111 0.0655111 1 1 0
655.92 0.0655106 0.0655106 1 1 0
656.42 0.0655101 0.0655101 1 1 0
656.92 0.0655097 0.0655097 1 1 0
657.42 0.0655092 0.0655092 1 1 0
657.92 0.0655088 0.0655088 1 1 0
658.42 0.0655083 0.0655083 1 1 0
658.92 0.0655078 0.0655078 1 1 0
659.42 0.0655074 0.0655074 1 1 0
659.92 0.065507 0.065507 1 1 0
660.42 0.0655065 0.0655065 1 1 0
660.92 0.0655061 0.0655061 1 1 0
661.42 0.0655056 0.0655056 1 1 0
661.92 0.0655052 0.0655052 1 1 0
662.42 0.0655048 0.0655048 1 1 0
662.92 0.0655043 0.0655043 1 1 0
663.42 0.0655039 0.0655039 1 1 0
663.92 0.0655035 0.0655035 1 1 0
664.42 0.065503 0.065503 1 1 0
664.92 0.0655026 0.0655026 1 1 0
665.42 0.0655022 0.0655022 1 1 0
665.92 0.0655018 0.0655018 1 1 0
666.42 0.0655013 0.0655013 1 1 0
666.92 0.0655009 0.0655009 1 1 0
667.42 0.0655005 0.0655005 1 1 0
667.92 0.0655001 0.0655001 1 1 0
668.42 0.0654997 0.0654997 1 1 0
668.92 0.0654993 0.0654993 1 1 0
669.42 0.0654989 0.0654989 1 1 0
669.92 0.0654985 0.0654985 1 1 0
670.42 0.0654981 0.0654981 1 1 0
670.92 0.0654977 0.0654977 1 1 0
671.42 0.0654973 0.0654973 1 1 0
671.92 0.0654969 0.0654969 1 1 0
672.42 0.0654965 0.0654965 1 1 0
672.92 0.0654961 0.0654961 1 1 0
673.42 0.0654957 0.0654957 1 1 0
673.92 0.0654953 0.0654953 1 1 0
674.42 0.065495 0.065495 1 1 0
674.92 0.0654946 0.0654946 1 1 0
675.42 0.0654942 0.0654942 1 1 0
675.92 0.0654938 0.0654938 1 1 0
676.42 0.0654934 0.0654934 1 1 0
676.92 0.0654931 0.0654931 1 1 0
677.42 0.0654927 0.0654927 1 1 0
677.92 0.0654923 0.0654923 1 1 0
678.42 0.065492 0.065492 1 1 0
678.92 0.0654916 0.0654916 1 1 0
679.42 0.0654912 0.0654912 1 1 0
679.92 0.0654909 0.0654909 1 1 0
680.42 0.0654905 0.0654905 1 1 0
680.92 0.0654902 0.0654902 1 1 0
681.42 0.0654898 0.0654898 1 1 0
681.92 0.0654894 0.0654894 1 1 0
682.42 0.0654891 0.0654891 1 1 0
682.92 0.0654887 0.0654887 1 1 0
683.42 0.0654884 0.0654884 1 1 0
683.92 0.065488 0.065488 1 1 0
684.42 0.0654877 0.0654877 1 1 0
684.92 0.0654874 0.0654874 1 1 0
685.42 0.065487 0.065487 1 1 0
685.92 0.0654867 0.0654867 1 1 0
686.42 0.0654863 0.0654863 1 1 0
686.92 0.065486 0.065486 1 1 0
687.42 0.0654857 0.0654857 1 1 0
687.92 0.0654853 0.0654853 1 1 0
688.42 0.065485 0.065485 1 1 0
688.92 0.0654847 0.0654847 1 1 0
689.42 0.0654843 0.0654843 1 1 0
689.92 0.065484 0.065484 1 1 0
690.42 0.0654837 0.0654837 1 1 0
690.92 0.0654834 0.0654834 1 1 0
691.42 0.065483 0.065483 1 1 0
691.92 0.0654827 0.0654827 1 1 0
692.42 0.0654824 0.0654824 1 1 0
692.92 0.0654821 0.0654821 1 1 0
400 0.0671635 0.0671635 2 1 0
399.96 0.0671646 0.0671646 1 1 0
399.92 0.0671657 0.0671657 1 1 0
399.84 0.0671679 0.0671679 1 1 0
399.68 0.0671723 0.0671723 1 1 0
399.36 0.0671811 0.0671811 1 1 0
398.86 0.067195 0.067195 1 1 0
398.36 0.0672091 0.0672091 1 1 0
397.86 0.0672233 0.0672233 1 1 0
397.36 0.0672377 0.0672377 1 1 0
396.86 0.0672522 0.0672522 1 1 0
396.36 0.067267 0.067267 1 1 0
395.86 0.0672819 0.0672819 1 1 0
395.36 0.067297 0.067297 1 1 0
394.86 0.0673123 0.0673123 1 1 0
394.36 0.0673278 0.0673278 1 1 0
393.86 0.0673435 0.0673435 1 1 0
393.36 0.0673594 0.0673594 1 1 0
392.86 0.0673755 0.0673755 1 1 0
392.36 0.0673918 0.0673918 1 1 0
391.86 0.0674083 0.0674083 1 1 0
391.36 0.0674251 0.0674251 1 1 0
390.86 0.0674421 0.0674421 1 1 0
390.36 0.0674593 0.0674593 1 1 0
389.86 0.0674767 0.0674767 1 1 0
389.36 0.0674944 0.0674944 1 1 0
388.86 0.0675123 0.0675123 1 1 0
388.36 0.0675305 0.0675305 1 1 0
387.86 0.0675489 0.0675489 1 1 0
387.36 0.0675676 0.0675676 1 1 0
386.86 0.0675866 0.0675866 1 1 0
386.36 0.0676059 0.0676059 1 1 0
385.86 0.0676254 0.0676254 1 1 0
385.36 0.0676453 0.0676453 1 1 0
384.86 0.0676654 0.0676654 1 1 0
384.36 0.0676859 0.0676859 1 1 0
383.86 0.0677067 0.0677067 1 1 0
383.36 0.0677278 0.0677278 1 1 0
382.86 0.0677493 0.0677493 1 1 0
382.36 0.0677712 0.0677712 1 1 0
381.86 0.0677934 0.0677934 1 1 0
381.36 0.0678159 0.0678159 1 1 0
380.86 0.0678389 0.0678389 1 1 0
380.36 0.0678623 0.0678623 1 1 0
379.86 0.0678861 0.0678861 1 1 0
379.36 0.0679103 0.0679103 1 1 0
378.86 0.067935 0.067935 1 1 0
378.36 0.0679601 0.0679601 1 1 0
377.86 0.0679858 0.0679858 1 1 0
377.36 0.0680119 0.0680119 1 1 0
376.86 0.0680386 0.0680386 1 1 0
376.36 0.0680658 0.0680658 1 1 0
375.86 0.0680935 0.0680935 1 1 0
375.36 0.0681219 0.0681219 1 1 0
374.86 0.0681509 0.0681509 1 1 0
374.36 0.0681805 0.0681805 1 1 0
373.86 0.0682109 0.0682109 1 1 0
373.36 0.0682419 0.0682419 1 1 0
372.86 0.0682737 0.0682737 1 1 0
372.36 0.0683063 0.0683063 1 1 0
371.86 0.0683397 0.0683397 1 1 0
371.36 0.068374 0.068374 1 1 0
370.86 0.0684092 0.0684092 1 1 0
370.36 0.0684455 0.0684455 1 1 0
369.86 0.0684828 0.0684828 1 1 0
369.36 0.0685212 0.0685212 1 1 0
368.86 0.0685608 0.0685608 1 1 0
368.36 0.0686018 0.0686018 1 1 0
367.86 0.0686441 0.0686441 1 1 0
367.36 0.068688 0.068688 1 1 0
366.86 0.0687336 0.0687336 1 1 0
366.36 0.0687809 0.0687809 1 1 0
365.86 0.0688303 0.0688303 1 1 0
365.36 0.0688819 0.0688819 1 1 0
364.86 0.0689359 0.0689359 1 1 0
364.36 0.0689928 0.0689928 1 1 0
363.86 0.0690528 0.0690528 1 1 0
363.36 0.0691165 0.0691165 1 1 0
362.86 0.0691845 0.0691845 1 1 0
362.36 0.0692576 0.0692576 1 1 0
361.86 0.069337 0.069337 1 1 0
361.36 0.0694243 0.0694243 1 1 0
360.86 0.0695221 0.0695221 1 1 0
360.36 0.0696348 0.0696348 1 1 0
359.86 0.0697709 0.0697709 1 1 0
359.36 0.0699534 0.0699534 1 1 0
359.11 0.0700883 0.0700883 1 1 0
358.923 0.0702794 0.0702794 1 1 0
358.91 0.0703114 0.0703114 1 1 0
358.9 0.0703585 0.0703585 1 1 0
358.9 0.0703585 0.0703585 1 1 0
358.9 0.0703585 0.0703585 2 1 0
358.9 0.0703585 0.0703585 2 1 0
377.36 0.0680119 0.0680119 2 1 0
377.32 0.068014 0.068014 1 1 0
377.28 0.0680161 0.0680161 1 1 0
377.2 0.0680204 0.0680204 1 1 0
377.1 0.0680257 0.0680257 1 1 0
377 0.068031 0.068031 1 1 0
376.9 0.0680364 0.0680364 1 1 0
376.8 0.0680418 0.0680418 1 1 0
376.7 0.0680472 0.0680472 1 1 0
376.6 0.0680526 0.0680526 1 1 0
376.5 0.0680581 0.0680581 1 1 0
376.4 0.0680636 0.0680636 1 1 0
376.3 0.0680691 0.0680691 1 1 0
376.2 0.0680746 0.0680746 1 1 0
376.1 0.0680801 0.0680801 1 1 0
376 0.0680857 0.0680857 1 1 0
375.9 0.0680913 0.0680913 1 1 0
375.8 0.0680969 0.0680969 1 1 0
375.7 0.0681026 0.0681026 1 1 0
375.6 0.0681082 0.0681082 1 1 0
375.5 0.0681139 0.0681139 1 1 0
375.4 0.0681196 0.0681196 1 1 0
375.3 0.0681254 0.0681254 1 1 0
375.2 0.0681311 0.0681311 1 1 0
375.1 0.0681369 0.0681369 1 1 0
375 0.0681427 0.0681427 1 1 0
374.9 0.0681486 0.0681486 1 1 0
374.8 0.0681544 0.0681544 1 1 0
374.7 0.0681603 0.0681603 1 1 0
374.6 0.0681662 0.0681662 1 1 0
374.5 0.0681722 0.0681722 1 1 0
374.4 0.0681781 0.0681781 1 1 0
374.3 0.0681841 0.0681841 1 1 0
374.2 0.0681902 0.0681902 1 1 0
374.1 0.0681962 0.0681962 1 1 0
374 0.0682023 0.0682023 1 1 0
373.9 0.0682084 0.0682084 1 1 0
373.8 0.0682145 0.0682145 1 1 0
373.7 0.0682207 0.0682207 1 1 0
373.6 0.0682269 0.0682269 1 1 0
373.5 0.0682331 0.0682331 1 1 0
373.4 0.0682394 0.0682394 1 1 0
373.3 0.0682457 0.0682457 1 1 0
373.2 0.068252 0.068252 1 1 0
373.1 0.0682583 0.0682583 1 1 0
373 0.0682647 0.0682647 1 1 0
372.9 0.0682711 0.0682711 1 1 0
372.8 0.0682776 0.0682776 1 1 0
372.7 0.068284 0.068284 1 1 0
372.6 0.0682905 0.0682905 1 1 0
372.5 0.0682971 0.0682971 1 1 0
372.4 0.0683036 0.0683036 1 1 0
372.3 0.0683102 0.0683102 1 1 0
372.2 0.0683169 0.0683169 1 1 0
372.1 0.0683235 0.0683235 1 1 0
372 0.0683302 0.0683302 1 1 0
371.9 0.068337 0.068337 1 1 0
371.8 0.0683438 0.0683438 1 1 0
371.7 0.0683506 0.0683506 1 1 0
371.6 0.0683574 0.0683574 1 1 0
371.5 0.0683643 0.0683643 1 1 0
371.4 0.0683712 0.0683712 1 1 0
371.3 0.0683782 0.0683782 1 1 0
371.2 0.0683852 0.0683852 1 1 0
371.1 0.0683922 0.0683922 1 1 0
371 0.0683993 0.0683993 1 1 0
370.9 0.0684064 0.0684064 1 1 0
370.8 0.0684135 0.0684135 1 1 0
370.7 0.0684207 0.0684207 1 1 0
370.6 0.0684279 0.0684279 1 1 0
370.5 0.0684352 0.0684352 1 1 0
370.4 0.0684425 0.0684425 1 1 0
370.3 0.0684499 0.0684499 1 1 0
370.2 0.0684573 0.0684573 1 1 0
370.1 0.0684647 0.0684647 1 1 0
370 0.0684722 0.0684722 1 1 0
369.9 0.0684797 0.0684797 1 1 0
369.8 0.0684873 0.0684873 1 1 0
369.7 0.0684949 0.0684949 1 1 0
369.6 0.0685026 0.0685026 1 1 0
369.5 0.0685103 0.0685103 1 1 0
369.4 0.0685181 0.0685181 1 1 0
369.3 0.0685259 0.0685259 1 1 0
369.2 0.0685337 0.0685337 1 1 0
369.1 0.0685416 0.0685416 1 1 0
369 0.0685496 0.0685496 1 1 0
368.9 0.0685576 0.0685576 1 1 0
368.8 0.0685657 0.0685657 1 1 0
368.7 0.0685738 0.0685738 1 1 0
368.6 0.068582 0.068582 1 1 0
368.5 0.0685902 0.0685902 1 1 0
368.4 0.0685985 0.0685985 1 1 0
368.3 0.0686068 0.0686068 1 1 0
368.2 0.0686152 0.0686152 1 1 0
368.1 0.0686236 0.0686236 1 1 0
368 0.0686321 0.0686321 1 1 0
367.9 0.0686407 0.0686407 1 1 0
367.8 0.0686493 0.0686493 1 1 0
367.7 0.068658 0.068658 1 1 0
367.6 0.0686668 0.0686668 1 1 0
367.5 0.0686756 0.0686756 1 1 0
367.4 0.0686844 0.0686844 1 1 0
367.3 0.0686934 0.0686934 1 1 0
367.2 0.0687024 0.0687024 1 1 0
367.1 0.0687115 0.0687115 1 1 0
367 0.0687206 0.0687206 1 1 0
366.9 0.0687298 0.0687298 1 1 0
366.8 0.0687391 0.0687391 1 1 0
366.7 0.0687485 0.0687485 1 1 0
366.6 0.0687579 0.0687579 1 1 0
366.5 0.0687675 0.0687675 1 1 0
366.4 0.0687771 0.0687771 1 1 0
366.3 0.0687867 0.0687867 1 1 0
366.2 0.0687965 0.0687965 1 1 0
366.1 0.0688063 0.0688063 1 1 0
366 0.0688162 0.0688162 1 1 0
365.9 0.0688263 0.0688263 1 1 0
365.8 0.0688363 0.0688363 1 1 0
365.7 0.0688465 0.0688465 1 1 0
365.6 0.0688568 0.0688568 1 1 0
365.5 0.0688672 0.0688672 1 1 0
365.4 0.0688776 0.0688776 1 1 0
365.3 0.0688882 0.0688882 1 1 0
365.2 0.0688989 0.0688989 1 1 0
365.1 0.0689096 0.0689096 1 1 0
365 0.0689205 0.0689205 1 1 0
364.9 0.0689315 0.0689315 1 1 0
364.8 0.0689426 0.0689426 1 1 0
364.7 0.0689538 0.0689538 1 1 0
364.6 0.0689651 0.0689651 1 1 0
364.5 0.0689765 0.0689765 1 1 0
364.4 0.0689881 0.0689881 1 1 0
364.3 0.0689998 0.0689998 1 1 0
364.2 0.0690116 0.0690116 1 1 0
364.1 0.0690235 0.0690235 1 1 0
364 0.0690356 0.0690356 1 1 0
363.9 0.0690479 0.0690479 1 1 0
363.8 0.0690602 0.0690602 1 1 0
363.7 0.0690727 0.0690727 1 1 0
363.6 0.0690854 0.0690854 1 1 0
363.5 0.0690982 0.0690982 1 1 0
363.4 0.0691112 0.0691112 1 1 0
363.3 0.0691244 0.0691244 1 1 0
363.2 0.0691377 0.0691377 1 1 0
363.1 0.0691513 0.0691513 1 1 0
363 0.069165 0.069165 1 1 0
362.9 0.0691789 0.0691789 1 1 0
362.8 0.069193 0.069193 1 1 0
362.7 0.0692073 0.0692073 1 1 0
362.6 0.0692218 0.0692218 1 1 0
362.5 0.0692365 0.0692365 1 1 0
362.4 0.0692515 0.0692515 1 1 0
362.3 0.0692668 0.0692668 1 1 0
362.2 0.0692822 0.0692822 1 1 0
362.1 0.069298 0.069298 1 1 0
362 0.069314 0.069314 1 1 0
361.9 0.0693304 0.0693304 1 1 0
361.8 0.069347 0.069347 1 1 0
361.7 0.069364 0.069364 1 1 0
361.6 0.0693813 0.0693813 1 1 0
361.5 0.0693989 0.0693989 1 1 0
361.4 0.069417 0.069417 1 1 0
361.3 0.0694354 0.0694354 1 1 0
361.2 0.0694543 0.0694543 1 1 0
361.1 0.0694737 0.0694737 1 1 0
361 0.0694935 0.0694935 1 1 0
360.9 0.0695139 0.0695139 1 1 0
360.8 0.0695348 0.0695348 1 1 0
360.7 0.0695563 0.0695563 1 1 0
360.6 0.0695785 0.0695785 1 1 0
360.5 0.0696014 0.0696014 1 1 0
360.4 0.0696251 0.0696251 1 1 0
360.3 0.0696497 0.0696497 1 1 0
360.2 0.0696752 0.0696752 1 1 0
360.1 0.0697018 0.0697018 1 1 0
360 0.0697296 0.0697296 1 1 0
359.9 0.0697588 0.0697588 1 1 0
359.8 0.0697896 0.0697896 1 1 0
359.7 0.0698223 0.0698223 1 1 0
359.6 0.0698571 0.0698571 1 1 0
359.5 0.0698947 0.0698947 1 1 0
359.4 0.0699358 0.0699358 1 1 0
359.3 0.0699813 0.0699813 1 1 0
359.2 0.0700332 0.0700332 1 1 0
359.1 0.070095 0.070095 1 1 0
359 0.0701763 0.0701763 1 1 0
358.9 0.0703551 0.0703551 1 1 0
358.899 0.0703672 0.0703672 1 1 0
358.899 0.0703832 0.0703832 2 1 0
358.899 0.0703697 0.0703697 1 1 0
358.9 0.0703627 0.0703627 1 1 0
358.9 0.0703596 0.0703596 1 1 0
358.9 0.0703562 0.0703562 1 1 0
358.901 0.0703521 0.0703521 1 1 0
358.902 0.0703462 0.0703462 1 1 0
358.903 0.0703369 0.0703369 1 1 0
358.906 0.0703231 0.0703231 1 1 0
358.912 0.0703029 0.0703029 1 1 0
358.925 0.070274 0.070274 1 1 0
358.95 0.0702339 0.0702339 1 1 0
358.899 0.0703832 0.0703832 2 2 0
358.981 0.0705574 0.0705574 1 2 0
359.002 0.0705794 0.0705794 2 2 0
359.024 0.0706003 0.0706003 2 2 0
359.068 0.0706373 0.0706373 2 2 0
359.156 0.0706994 0.0706994 2 2 0
359.256 0.070758 0.070758 2 2 0
359.356 0.0708088 0.0708088 2 2 0
359.456 0.0708546 0.0708546 2 2 0
359.556 0.0708965 0.0708965 2 2 0
359.656 0.0709354 0.0709354 2 2 0
359.756 0.0709719 0.0709719 2 2 0
359.856 0.0710064 0.0710064 2 2 0
359.956 0.0710392 0.0710392 2 2 0
360.056 0.0710705 0.0710705 2 2 0
360.156 0.0711006 0.0711006 2 2 0
360.256 0.0711295 0.0711295 2 2 0
360.356 0.0711573 0.0711573 2 2 0
360.456 0.0711843 0.0711843 2 2 0
360.556 0.0712105 0.0712105 2 2 0
360.656 0.0712359 0.0712359 2 2 0
360.756 0.0712606 0.0712606 2 2 0
360.856 0.0712847 0.0712847 2 2 0
360.956 0.0713082 0.0713082 2 2 0
361.056 0.0713312 0.0713312 2 2 0
361.156 0.0713536 0.0713536 2 2 0
361.256 0.0713756 0.0713756 2 2 0
361.356 0.0713972 0.0713972 2 2 0
361.456 0.0714183 0.0714183 2 2 0
361.556 0.071439 0.071439 2 2 0
361.656 0.0714594 0.0714594 2 2 0
361.756 0.0714794 0.0714794 2 2 0
361.856 0.071499 0.071499 2 2 0
361.956 0.0715184 0.0715184 2 2 0
362.056 0.0715375 0.0715375 2 2 0
362.156 0.0715562 0.0715562 2 2 0
362.256 0.0715747 0.0715747 2 2 0
362.356 0.0715929 0.0715929 2 2 0
362.456 0.0716109 0.0716109 2 2 0
362.556 0.0716287 0.0716287 2 2 0
362.656 0.0716462 0.0716462 2 2 0
362.756 0.0716634 0.0716634 2 2 0
362.856 0.0716805 0.0716805 2 2 0
362.956 0.0716974 0.0716974 2 2 0
363.056 0.071714 0.071714 2 2 0
363.156 0.0717305 0.0717305 2 2 0
363.256 0.0717468 0.0717468 2 2 0
363.356 0.0717629 0.0717629 2 2 0
363.456 0.0717788 0.0717788 2 2 0
363.556 0.0717946 0.0717946 2 2 0
363.656 0.0718102 0.0718102 2 2 0
363.756 0.0718257 0.0718257 2 2 0
363.856 0.071841 0.071841 2 2 0
363.956 0.0718561 0.0718561 2 2 0
364.056 0.0718711 0.0718711 2 2 0
364.156 0.071886 0.071886 2 2 0
364.256 0.0719007 0.0719007 2 2 0
364.356 0.0719153 0.0719153 2 2 0
364.456 0.0719298 0.0719298 2 2 0
364.556 0.0719441 0.0719441 2 2 0
364.656 0.0719583 0.0719583 2 2 0
364.756 0.0719724 0.0719724 2 2 0
364.856 0.0719864 0.0719864 2 2 0
364.956 0.0720003 0.0720003 2 2 0
365.056 0.0720141 0.0720141 2 2 0
365.156 0.0720277 0.0720277 2 2 0
365.256 0.0720413 0.0720413 2 2 0
365.356 0.0720547 0.0720547 2 2 0
365.456 0.0720681 0.0720681 2 2 0
365.556 0.0720813 0.0720813 2 2 0
365.656 0.0720945 0.0720945 2 2 0
365.756 0.0721075 0.0721075 2 2 0
365.856 0.0721205 0.0721205 2 2 0
365.956 0.0721334 0.0721334 2 2 0
366.056 0.0721462 0.0721462 2 2 0
366.156 0.0721589 0.0721589 2 2 0
366.256 0.0721715 0.0721715 2 2 0
366.356 0.072184 0.072184 2 2 0
366.456 0.0721965 0.0721965 2 2 0
366.556 0.0722089 0.0722089 2 2 0
366.656 0.0722212 0.0722212 2 2 0
366.756 0.0722334 0.0722334 2 2 0
366.856 0.0722455 0.0722455 2 2 0
366.956 0.0722576 0.0722576 2 2 0
367.056 0.0722696 0.0722696 2 2 0
367.156 0.0722815 0.0722815 2 2 0
367.256 0.0722934 0.0722934 2 2 0
367.356 0.0723051 0.0723051 2 2 0
367.456 0.0723169 0.0723169 2 2 0
367.556 0.0723285 0.0723285 2 2 0
367.656 0.0723401 0.0723401 2 2 0
367.756 0.0723516 0.0723516 2 2 0
367.856 0.0723631 0.0723631 2 2 0
367.956 0.0723745 0.0723745 2 2 0
368.056 0.0723858 0.0723858 2 2 0
368.156 0.0723971 0.0723971 2 2 0
368.256 0.0724083 0.0724083 2 2 0
368.356 0.0724195 0.0724195 2 2 0
368.456 0.0724305 0.0724305 2 2 0
368.556 0.0724416 0.0724416 2 2 0
368.656 0.0724526 0.0724526 2 2 0
368.756 0.0724635 0.0724635 2 2 0
368.856 0.0724744 0.0724744 2 2 0
368.956 0.0724852 0.0724852 2 2 0
369.056 0.072496 0.072496 2 2 0
369.156 0.0725067 0.0725067 2 2 0
369.256 0.0725173 0.0725173 2 2 0
369.356 0.072528 0.072528 2 2 0
369.456 0.0725385 0.0725385 2 2 0
369.556 0.072549 0.072549 2 2 0
369.656 0.0725595 0.0725595 2 2 0
369.756 0.0725699 0.0725699 2 2 0
369.856 0.0725803 0.0725803 2 2 0
369.956 0.0725906 0.0725906 2 2 0
370.056 0.0726009 0.0726009 2 2 0
370.156 0.0726111 0.0726111 2 2 0
370.256 0.0726213 0.0726213 2 2 0
370.356 0.0726315 0.0726315 2 2 0
370.456 0.0726416 0.0726416 2 2 0
370.556 0.0726516 0.0726516 2 2 0
370.656 0.0726616 0.0726616 2 2 0
370.756 0.0726716 0.0726716 2 2 0
370.856 0.0726815 0.0726815 2 2 0
370.956 0.0726914 0.0726914 2 2 0
371.056 0.0727013 0.0727013 2 2 0
371.156 0.0727111 0.0727111 2 2 0
371.256 0.0727208 0.0727208 2 2 0
371.356 0.0727306 0.0727306 2 2 0
371.456 0.0727403 0.0727403 2 2 0
371.556 0.0727499 0.0727499 2 2 0
371.656 0.0727595 0.0727595 2 2 0
371.756 0.0727691 0.0727691 2 2 0
371.856 0.0727786 0.0727786 2 2 0
371.956 0.0727881 0.0727881 2 2 0
372.056 0.0727976 0.0727976 2 2 0
372.156 0.072807 0.072807 2 2 0
372.256 0.0728164 0.0728164 2 2 0
372.356 0.0728258 0.0728258 2 2 0
372.456 0.0728351 0.0728351 2 2 0
372.556 0.0728444 0.0728444 2 2 0
372.656 0.0728537 0.0728537 2 2 0
372.756 0.0728629 0.0728629 2 2 0
372.856 0.0728721 0.0728721 2 2 0
372.956 0.0728812 0.0728812 2 2 0
373.056 0.0728903 0.0728903 2 2 0
373.156 0.0728994 0.0728994 2 2 0
373.256 0.0729085 0.0729085 2 2 0
373.356 0.0729175 0.0729175 2 2 0
373.456 0.0729265 0.0729265 2 2 0
373.556 0.0729355 0.0729355 2 2 0
373.656 0.0729444 0.0729444 2 2 0
373.756 0.0729533 0.0729533 2 2 0
373.856 0.0729622 0.0729622 2 2 0
373.956 0.072971 0.072971 2 2 0
374.056 0.0729798 0.0729798 2 2 0
374.156 0.0729886 0.0729886 2 2 0
374.256 0.0729974 0.0729974 2 2 0
374.356 0.0730061 0.0730061 2 2 0
374.456 0.0730148 0.0730148 2 2 0
374.556 0.0730235 0.0730235 2 2 0
374.656 0.0730321 0.0730321 2 2 0
374.756 0.0730407 0.0730407 2 2 0
374.856 0.0730493 0.0730493 2 2 0
374.956 0.0730578 0.0730578 2 2 0
375.056 0.0730664 0.0730664 2 2 0
375.156 0.0730749 0.0730749 2 2 0
375.256 0.0730833 0.0730833 2 2 0
375.356 0.0730918 0.0730918 2 2 0
375.456 0.0731002 0.0731002 2 2 0
375.556 0.0731086 0.0731086 2 2 0
375.656 0.073117 0.073117 2 2 0
375.756 0.0731253 0.0731253 2 2 0
375.856 0.0731337 0.0731337 2 2 0
375.956 0.073142 0.073142 2 2 0
376.056 0.0731502 0.0731502 2 2 0
376.156 0.0731585 0.0731585 2 2 0
376.256 0.0731667 0.0731667 2 2 0
376.356 0.0731749 0.0731749 2 2 0
376.456 0.0731831 0.0731831 2 2 0
376.556 0.0731912 0.0731912 2 2 0
376.656 0.0731993 0.0731993 2 2 0
376.756 0.0732074 0.0732074 2 2 0
376.856 0.0732155 0.0732155 2 2 0
376.956 0.0732236 0.0732236 2 2 0
377.056 0.0732316 0.0732316 2 2 0
377.156 0.0732396 0.0732396 2 2 0
377.256 0.0732476 0.0732476 2 2 0
377.356 0.0732556 0.0732556 2 2 0
377.456 0.0732635 0.0732635 2 2 0
377.556 0.0732714 0.0732714 2 2 0
377.656 0.0732793 0.0732793 2 2 0
377.756 0.0732872 0.0732872 2 2 0
377.856 0.073295 0.073295 2 2 0
377.956 0.0733029 0.0733029 2 2 0
378.056 0.0733107 0.0733107 2 2 0
378.156 0.0733185 0.0733185 2 2 0
378.256 0.0733263 0.0733263 2 2 0
378.356 0.073334 0.073334 2 2 0
378.456 0.0733417 0.0733417 2 2 0
378.556 0.0733494 0.0733494 2 2 0
358.899 0.0703832 0.0703832 2 2 0
354.301 0.999654 0.999654 2 2 0
354.278 0.999654 0.999654 2 2 0
354.271 0.999654 0.999654 2 2 0
354.26 0.999654 0.999654 2 2 0
354.24 0.999654 0.999654 2 2 0
354.2 0.999653 0.999653 2 2 0
354.12 0.999652 0.999652 2 2 0
354.02 0.999651 0.999651 2 2 0
353.92 0.99965 0.99965 2 2 0
353.82 0.999649 0.999649 2 2 0
353.72 0.999648 0.999648 2 2 0
353.62 0.999647 0.999647 2 2 0
353.52 0.999646 0.999646 2 2 0
353.42 0.999645 0.999645 2 2 0
353.32 0.999644 0.999644 2 2 0
353.22 0.999643 0.999643 2 2 0
353.12 0.999642 0.999642 2 2 0
353.02 0.999641 0.999641 2 2 0
352.92 0.99964 0.99964 2 2 0
352.82 0.999639 0.999639 2 2 0
352.72 0.999637 0.999637 2 2 0
352.62 0.999636 0.999636 2 2 0
352.52 0.999635 0.999635 2 2 0
352.42 0.999634 0.999634 2 2 0
352.32 0.999633 0.999633 2 2 0
352.22 0.999632 0.999632 2 2 0
352.12 0.999631 0.999631 2 2 0
352.02 0.99963 0.99963 2 2 0
351.92 0.999629 0.999629 2 2 0
351.82 0.999628 0.999628 2 2 0
351.72 0.999626 0.999626 2 2 0
351.62 0.999625 0.999625 2 2 0
351.52 0.999624 0.999624 2 2 0
351.42 0.999623 0.999623 2 2 0
351.32 0.999622 0.999622 2 2 0
351.22 0.999621 0.999621 2 2 0
351.12 0.99962 0.99962 2 2 0
351.02 0.999618 0.999618 2 2 0
350.92 0.999617 0.999617 2 2 0
350.82 0.999616 0.999616 2 2 0
350.72 0.999615 0.999615 2 2 0
350.62 0.999614 0.999614 2 2 0
350.52 0.999613 0.999613 2 2 0
350.42 0.999612 0.999612 2 2 0
350.32 0.99961 0.99961 2 2 0
350.22 0.999609 0.999609 2 2 0
350.12 0.999608 0.999608 2 2 0
350.02 0.999607 0.999607 2 2 0
349.92 0.999606 0.999606 2 2 0
349.82 0.999605 0.999605 2 2 0
349.72 0.999603 0.999603 2 2 0
349.62 0.999602 0.999602 2 2 0
349.52 0.999601 0.999601 2 2 0
349.42 0.9996 0.9996 2 2 0
349.32 0.999599 0.999599 2 2 0
349.22 0.999597 0.999597 2 2 0
349.12 0.999596 0.999596 2 2 0
349.02 0.999595 0.999595 2 2 0
348.92 0.999594 0.999594 2 2 0
348.82 0.999592 0.999592 2 2 0
348.72 0.999591 0.999591 2 2 0
348.62 0.99959 0.99959 2 2 0
348.52 0.999589 0.999589 2 2 0
348.42 0.999588 0.999588 2 2 0
348.32 0.999586 0.999586 2 2 0
348.22 0.999585 0.999585 2 2 0
348.12 0.999584 0.999584 2 2 0
348.02 0.999583 0.999583 2 2 0
347.92 0.999581 0.999581 2 2 0
347.82 0.99958 0.99958 2 2 0
347.72 0.999579 0.999579 2 2 0
347.62 0.999578 0.999578 2 2 0
347.52 0.999576 0.999576 2 2 0
347.42 0.999575 0.999575 2 2 0
347.32 0.999574 0.999574 2 2 0
347.22 0.999572 0.999572 2 2 0
347.12 0.999571 0.999571 2 2 0
347.02 0.99957 0.99957 2 2 0
346.92 0.999569 0.999569 2 2 0
346.82 0.999567 0.999567 2 2 0
346.72 0.999566 0.999566 2 2 0
346.62 0.999565 0.999565 2 2 0
346.52 0.999563 0.999563 2 2 0
346.42 0.999562 0.999562 2 2 0
346.32 0.999561 0.999561 2 2 0
346.22 0.999559 0.999559 2 2 0
346.12 0.999558 0.999558 2 2 0
346.02 0.999557 0.999557 2 2 0
345.92 0.999555 0.999555 2 2 0
345.82 0.999554 0.999554 2 2 0
345.72 0.999553 0.999553 2 2 0
345.62 0.999551 0.999551 2 2 0
345.52 0.99955 0.99955 2 2 0
345.42 0.999549 0.999549 2 2 0
345.32 0.999547 0.999547 2 2 0
345.22 0.999546 0.999546 2 2 0
345.12 0.999545 0.999545 2 2 0
345.02 0.999543 0.999543 2 2 0
344.92 0.999542 0.999542 2 2 0
344.82 0.999541 0.999541 2 2 0
344.72 0.999539 0.999539 2 2 0
344.62 0.999538 0.999538 2 2 0
344.52 0.999536 0.999536 2 2 0
344.42 0.999535 0.999535 2 2 0
344.32 0.999534 0.999534 2 2 0
344.22 0.999532 0.999532 2 2 0
344.12 0.999531 0.999531 2 2 0
344.02 0.999529 0.999529 2 2 0
343.92 0.999528 0.999528 2 2 0
343.82 0.999527 0.999527 2 2 0
343.72 0.999525 0.999525 2 2 0
343.62 0.999524 0.999524 2 2 0
343.52 0.999522 0.999522 2 2 0
343.42 0.999521 0.999521 2 2 0
343.32 0.999519 0.999519 2 2 0
343.22 0.999518 0.999518 2 2 0
343.12 0.999516 0.999516 2 2 0
343.02 0.999515 0.999515 2 2 0
342.92 0.999514 0.999514 2 2 0
342.82 0.999512 0.999512 2 2 0
342.72 0.999511 0.999511 2 2 0
342.62 0.999509 0.999509 2 2 0
342.52 0.999508 0.999508 2 2 0
342.42 0.999506 0.999506 2 2 0
342.32 0.999505 0.999505 2 2 0
342.22 0.999503 0.999503 2 2 0
342.12 0.999502 0.999502 2 2 0
342.02 0.9995 0.9995 2 2 0
341.92 0.999499 0.999499 2 2 0
341.82 0.999497 0.999497 2 2 0
341.72 0.999496 0.999496 2 2 0
341.62 0.999494 0.999494 2 2 0
341.52 0.999493 0.999493 2 2 0
341.42 0.999491 0.999491 2 2 0
341.32 0.99949 0.99949 2 2 0
341.22 0.999488 0.999488 2 2 0
341.12 0.999487 0.999487 2 2 0
341.02 0.999485 0.999485 2 2 0
340.92 0.999483 0.999483 2 2 0
340.82 0.999482 0.999482 2 2 0
340.72 0.99948 0.99948 2 2 0
340.62 0.999479 0.999479 2 2 0
340.52 0.999477 0.999477 2 2 0
340.42 0.999476 0.999476 2 2 0
340.32 0.999474 0.999474 2 2 0
340.22 0.999473 0.999473 2 2 0
340.12 0.999471 0.999471 2 2 0
340.02 0.999469 0.999469 2 2 0
339.92 0.999468 0.999468 2 2 0
339.82 0.999466 0.999466 2 2 0
339.72 0.999465 0.999465 2 2 0
339.62 0.999463 0.999463 2 2 0
339.52 0.999461 0.999461 2 2 0
339.42 0.99946 0.99946 2 2 0
339.32 0.999458 0.999458 2 2 0
339.22 0.999456 0.999456 2 2 0
339.12 0.999455 0.999455 2 2 0
339.02 0.999453 0.999453 2 2 0
338.92 0.999452 0.999452 2 2 0
338.82 0.99945 0.99945 2 2 0
338.72 0.999448 0.999448 2 2 0
338.62 0.999447 0.999447 2 2 0
338.52 0.999445 0.999445 2 2 0
338.42 0.999443 0.999443 2 2 0
338.32 0.999442 0.999442 2 2 0
338.22 0.99944 0.99944 2 2 0
338.12 0.999438 0.999438 2 2 0
338.02 0.999437 0.999437 2 2 0
337.92 0.999435 0.999435 2 2 0
337.82 0.999433 0.999433 2 2 0
337.72 0.999431 0.999431 2 2 0
337.62 0.99943 0.99943 2 2 0
337.52 0.999428 0.999428 2 2 0
337.42 0.999426 0.999426 2 2 0
337.32 0.999425 0.999425 2 2 0
337.22 0.999423 0.999423 2 2 0
337.12 0.999421 0.999421 2 2 0
337.02 0.999419 0.999419 2 2 0
336.92 0.999418 0.999418 2 2 0
336.82 0.999416 0.999416 2 2 0
336.72 0.999414 0.999414 2 2 0
336.62 0.999412 0.999412 2 2 0
336.52 0.999411 0.999411 2 2 0
336.42 0.999409 0.999409 2 2 0
336.32 0.999407 0.999407 2 2 0
336.22 0.999405 0.999405 2 2 0
336.12 0.999403 0.999403 2 2 0
336.02 0.999402 0.999402 2 2 0
335.92 0.9994 0.9994 2 2 0
335.82 0.999398 0.999398 2 2 0
335.72 0.999396 0.999396 2 2 0
335.62 0.999394 0.999394 2 2 0
335.52 0.999393 0.999393 2 2 0
335.42 0.999391 0.999391 2 2 0
335.32 0.999389 0.999389 2 2 0
335.22 0.999387 0.999387 2 2 0
335.12 0.999385 0.999385 2 2 0
335.02 0.999383 0.999383 2 2 0
334.92 0.999382 0.999382 2 2 0
358.95 0.0702339 0.0702339 2 1 0
358.91 0.0703093 0.0703093 1 1 0
358.9 0.0703585 0.0703585 1 1 0
358.899 0.0703752 0.0703752 1 1 0
358.899 0.0703803 0.0703803 2 1 0
358.899 0.070378 0.070378 2 1 0
358.899 0.070375 0.070375 1 1 0
358.899 0.0703706 0.0703706 1 1 0
358.9 0.0703661 0.0703661 1 1 0
358.9 0.0703618 0.0703618 1 1 0
358.9 0.0703564 0.0703564 1 1 0
358.901 0.0703484 0.0703484 1 1 0
358.903 0.0703368 0.0703368 1 1 0
358.907 0.0703205 0.0703205 1 1 0
358.914 0.0702977 0.0702977 1 1 0
358.929 0.0702656 0.0702656 1 1 0
358.959 0.0702215 0.0702215 1 1 0
359.004 0.0701721 0.0701721 1 1 0
359.072 0.0701154 0.0701154 1 1 0
359.172 0.0700495 0.0700495 1 1 0
359.272 0.0699951 0.0699951 1 1 0
359.372 0.0699481 0.0699481 1 1 0
359.472 0.0699059 0.0699059 1 1 0
359.572 0.0698674 0.0698674 1 1 0
359.672 0.0698319 0.0698319 1 1 0
359.772 0.0697986 0.0697986 1 1 0
359.872 0.0697673 0.0697673 1 1 0
359.972 0.0697377 0.0697377 1 1 0
360.072 0.0697095 0.0697095 1 1 0
360.172 0.0696826 0.0696826 1 1 0
360.272 0.0696568 0.0696568 1 1 0
360.372 0.069632 0.069632 1 1 0
360.472 0.069608 0.069608 1 1 0
360.572 0.0695849 0.0695849 1 1 0
360.672 0.0695625 0.0695625 1 1 0
360.772 0.0695408 0.0695408 1 1 0
360.872 0.0695197 0.0695197 1 1 0
360.972 0.0694992 0.0694992 1 1 0
361.072 0.0694792 0.0694792 1 1 0
361.172 0.0694597 0.0694597 1 1 0
361.272 0.0694407 0.0694407 1 1 0
361.372 0.0694222 0.0694222 1 1 0
361.472 0.069404 0.069404 1 1 0
361.572 0.0693862 0.0693862 1 1 0
361.672 0.0693688 0.0693688 1 1 0
361.772 0.0693518 0.0693518 1 1 0
361.872 0.069335 0.069335 1 1 0
361.972 0.0693186 0.0693186 1 1 0
362.072 0.0693025 0.0693025 1 1 0
362.172 0.0692867 0.0692867 1 1 0
362.272 0.0692711 0.0692711 1 1 0
362.372 0.0692558 0.0692558 1 1 0
362.472 0.0692407 0.0692407 1 1 0
362.572 0.0692259 0.0692259 1 1 0
362.672 0.0692113 0.0692113 1 1 0
362.772 0.069197 0.069197 1 1 0
362.872 0.0691828 0.0691828 1 1 0
362.972 0.0691689 0.0691689 1 1 0
363.072 0.0691551 0.0691551 1 1 0
363.172 0.0691415 0.0691415 1 1 0
363.272 0.0691281 0.0691281 1 1 0
363.372 0.0691149 0.0691149 1 1 0
363.472 0.0691019 0.0691019 1 1 0
363.572 0.069089 0.069089 1 1 0
363.672 0.0690763 0.0690763 1 1 0
363.772 0.0690637 0.0690637 1 1 0
363.872 0.0690513 0.0690513 1 1 0
363.972 0.0690391 0.0690391 1 1 0
364.072 0.0690269 0.0690269 1 1 0
364.172 0.069015 0.069015 1 1 0
364.272 0.0690031 0.0690031 1 1 0
364.372 0.0689914 0.0689914 1 1 0
364.472 0.0689798 0.0689798 1 1 0
364.572 0.0689683 0.0689683 1 1 0
364.672 0.068957 0.068957 1 1 0
364.772 0.0689457 0.0689457 1 1 0
364.872 0.0689346 0.0689346 1 1 0
364.972 0.0689236 0.0689236 1 1 0
365.072 0.0689127 0.0689127 1 1 0
365.172 0.0689019 0.0689019 1 1 0
365.272 0.0688912 0.0688912 1 1 0
365.372 0.0688806 0.0688806 1 1 0
365.472 0.0688701 0.0688701 1 1 0
365.572 0.0688597 0.0688597 1 1 0
365.672 0.0688494 0.0688494 1 1 0
365.772 0.0688392 0.0688392 1 1 0
365.872 0.0688291 0.0688291 1 1 0
365.972 0.0688191 0.0688191 1 1 0
366.072 0.0688091 0.0688091 1 1 0
366.172 0.0687993 0.0687993 1 1 0
366.272 0.0687895 0.0687895 1 1 0
366.372 0.0687798 0.0687798 1 1 0
366.472 0.0687702 0.0687702 1 1 0
366.572 0.0687606 0.0687606 1 1 0
366.672 0.0687512 0.0687512 1 1 0
366.772 0.0687418 0.0687418 1 1 0
366.872 0.0687325 0.0687325 1 1 0
366.972 0.0687232 0.0687232 1 1 0
367.072 0.0687141 0.0687141 1 1 0
367.172 0.068705 0.068705 1 1 0
367.272 0.0686959 0.0686959 1 1 0
367.372 0.068687 0.068687 1 1 0
367.472 0.0686781 0.0686781 1 1 0
367.572 0.0686692 0.0686692 1 1 0
367.672 0.0686605 0.0686605 1 1 0
367.772 0.0686518 0.0686518 1 1 0
367.872 0.0686431 0.0686431 1 1 0
367.972 0.0686345 0.0686345 1 1 0
368.072 0.068626 0.068626 1 1 0
368.172 0.0686176 0.0686176 1 1 0
368.272 0.0686091 0.0686091 1 1 0
368.372 0.0686008 0.0686008 1 1 0
368.472 0.0685925 0.0685925 1 1 0
368.572 0.0685843 0.0685843 1 1 0
368.672 0.0685761 0.0685761 1 1 0
368.772 0.068568 0.068568 1 1 0
368.872 0.0685599 0.0685599 1 1 0
368.972 0.0685519 0.0685519 1 1 0
369.072 0.0685439 0.0685439 1 1 0
369.172 0.068536 0.068536 1 1 0
369.272 0.0685281 0.0685281 1 1 0
369.372 0.0685203 0.0685203 1 1 0
369.472 0.0685125 0.0685125 1 1 0
369.572 0.0685048 0.0685048 1 1 0
369.672 0.0684971 0.0684971 1 1 0
369.772 0.0684895 0.0684895 1 1 0
369.872 0.0684819 0.0684819 1 1 0
369.972 0.0684743 0.0684743 1 1 0
370.072 0.0684668 0.0684668 1 1 0
370.172 0.0684594 0.0684594 1 1 0
370.272 0.068452 0.068452 1 1 0
370.372 0.0684446 0.0684446 1 1 0
370.472 0.0684373 0.0684373 1 1 0
370.572 0.06843 0.06843 1 1 0
370.672 0.0684227 0.0684227 1 1 0
370.772 0.0684155 0.0684155 1 1 0
370.872 0.0684084 0.0684084 1 1 0
370.972 0.0684013 0.0684013 1 1 0
371.072 0.0683942 0.0683942 1 1 0
371.172 0.0683871 0.0683871 1 1 0
371.272 0.0683801 0.0683801 1 1 0
371.372 0.0683732 0.0683732 1 1 0
371.472 0.0683662 0.0683662 1 1 0
371.572 0.0683593 0.0683593 1 1 0
371.672 0.0683525 0.0683525 1 1 0
371.772 0.0683457 0.0683457 1 1 0
371.872 0.0683389 0.0683389 1 1 0
371.972 0.0683321 0.0683321 1 1 0
372.072 0.0683254 0.0683254 1 1 0
372.172 0.0683187 0.0683187 1 1 0
372.272 0.0683121 0.0683121 1 1 0
372.372 0.0683055 0.0683055 1 1 0
372.472 0.0682989 0.0682989 1 1 0
372.572 0.0682924 0.0682924 1 1 0
372.672 0.0682859 0.0682859 1 1 0
372.772 0.0682794 0.0682794 1 1 0
372.872 0.0682729 0.0682729 1 1 0
372.972 0.0682665 0.0682665 1 1 0
373.072 0.0682601 0.0682601 1 1 0
373.172 0.0682538 0.0682538 1 1 0
373.272 0.0682474 0.0682474 1 1 0
373.372 0.0682412 0.0682412 1 1 0
373.472 0.0682349 0.0682349 1 1 0
373.572 0.0682287 0.0682287 1 1 0
373.672 0.0682225 0.0682225 1 1 0
373.772 0.0682163 0.0682163 1 1 0
373.872 0.0682101 0.0682101 1 1 0
373.972 0.068204 0.068204 1 1 0
374.072 0.0681979 0.0681979 1 1 0
374.172 0.0681919 0.0681919 1 1 0
374.272 0.0681858 0.0681858 1 1 0
374.372 0.0681798 0.0681798 1 1 0
374.472 0.0681739 0.0681739 1 1 0
374.572 0.0681679 0.0681679 1 1 0
374.672 0.068162 0.068162 1 1 0
374.772 0.0681561 0.0681561 1 1 0
374.872 0.0681502 0.0681502 1 1 0
374.972 0.0681444 0.0681444 1 1 0
375.072 0.0681385 0.0681385 1 1 0
375.172 0.0681327 0.0681327 1 1 0
375.272 0.068127 0.068127 1 1 0
375.372 0.0681212 0.0681212 1 1 0
375.472 0.0681155 0.0681155 1 1 0
375.572 0.0681098 0.0681098 1 1 0
375.672 0.0681041 0.0681041 1 1 0
375.772 0.0680985 0.0680985 1 1 0
375.872 0.0680929 0.0680929 1 1 0
375.972 0.0680873 0.0680873 1 1 0
376.072 0.0680817 0.0680817 1 1 0
376.172 0.0680762 0.0680762 1 1 0
376.272 0.0680706 0.0680706 1 1 0
376.372 0.0680651 0.0680651 1 1 0
376.472 0.0680596 0.0680596 1 1 0
376.572 0.0680542 0.0680542 1 1 0
376.672 0.0680487 0.0680487 1 1 0
376.772 0.0680433 0.0680433 1 1 0
376.872 0.0680379 0.0680379 1 1 0
376.972 0.0680326 0.0680326 1 1 0
377.072 0.0680272 0.0680272 1 1 0
377.172 0.0680219 0.0680219 1 1 0
358.899 0.0703803 0.0703803 2 2 0
358.97 0.0705452 0.0705452 1 2 0
358.991 0.0705681 0.0705681 2 2 0
359.013 0.07059 0.07059 2 2 0
359.057 0.0706286 0.0706286 2 2 0
359.145 0.0706923 0.0706923 2 2 0
359.245 0.070752 0.070752 2 2 0
359.345 0.0708035 0.0708035 2 2 0
359.445 0.0708498 0.0708498 2 2 0
359.545 0.0708921 0.0708921 2 2 0
359.645 0.0709313 0.0709313 2 2 0
359.745 0.070968 0.070968 2 2 0
359.845 0.0710027 0.0710027 2 2 0
359.945 0.0710357 0.0710357 2 2 0
360.045 0.0710671 0.0710671 2 2 0
360.145 0.0710973 0.0710973 2 2 0
360.245 0.0711263 0.0711263 2 2 0
360.345 0.0711543 0.0711543 2 2 0
360.445 0.0711814 0.0711814 2 2 0
360.545 0.0712077 0.0712077 2 2 0
360.645 0.0712331 0.0712331 2 2 0
360.745 0.0712579 0.0712579 2 2 0
360.845 0.0712821 0.0712821 2 2 0
360.945 0.0713057 0.0713057 2 2 0
361.045 0.0713287 0.0713287 2 2 0
361.145 0.0713512 0.0713512 2 2 0
361.245 0.0713732 0.0713732 2 2 0
361.345 0.0713948 0.0713948 2 2 0
361.445 0.071416 0.071416 2 2 0
361.545 0.0714368 0.0714368 2 2 0
361.645 0.0714571 0.0714571 2 2 0
361.745 0.0714772 0.0714772 2 2 0
361.845 0.0714969 0.0714969 2 2 0
361.945 0.0715163 0.0715163 2 2 0
362.045 0.0715354 0.0715354 2 2 0
362.145 0.0715542 0.0715542 2 2 0
362.245 0.0715727 0.0715727 2 2 0
362.345 0.0715909 0.0715909 2 2 0
362.445 0.071609 0.071609 2 2 0
362.545 0.0716267 0.0716267 2 2 0
362.645 0.0716442 0.0716442 2 2 0
362.745 0.0716616 0.0716616 2 2 0
362.845 0.0716786 0.0716786 2 2 0
362.945 0.0716955 0.0716955 2 2 0
363.045 0.0717122 0.0717122 2 2 0
363.145 0.0717287 0.0717287 2 2 0
363.245 0.071745 0.071745 2 2 0
363.345 0.0717611 0.0717611 2 2 0
363.445 0.0717771 0.0717771 2 2 0
363.545 0.0717929 0.0717929 2 2 0
363.645 0.0718085 0.0718085 2 2 0
363.745 0.071824 0.071824 2 2 0
363.845 0.0718393 0.0718393 2 2 0
363.945 0.0718544 0.0718544 2 2 0
364.045 0.0718695 0.0718695 2 2 0
364.145 0.0718843 0.0718843 2 2 0
364.245 0.0718991 0.0718991 2 2 0
364.345 0.0719137 0.0719137 2 2 0
364.445 0.0719282 0.0719282 2 2 0
364.545 0.0719425 0.0719425 2 2 0
364.645 0.0719568 0.0719568 2 2 0
364.745 0.0719709 0.0719709 2 2 0
364.845 0.0719849 0.0719849 2 2 0
364.945 0.0719988 0.0719988 2 2 0
365.045 0.0720126 0.0720126 2 2 0
365.145 0.0720262 0.0720262 2 2 0
365.245 0.0720398 0.0720398 2 2 0
365.345 0.0720532 0.0720532 2 2 0
365.445 0.0720666 0.0720666 2 2 0
365.545 0.0720799 0.0720799 2 2 0
365.645 0.072093 0.072093 2 2 0
365.745 0.0721061 0.0721061 2 2 0
365.845 0.0721191 0.0721191 2 2 0
365.945 0.072132 0.072132 2 2 0
366.045 0.0721448 0.0721448 2 2 0
366.145 0.0721575 0.0721575 2 2 0
366.245 0.0721701 0.0721701 2 2 0
366.345 0.0721827 0.0721827 2 2 0
366.445 0.0721951 0.0721951 2 2 0
366.545 0.0722075 0.0722075 2 2 0
366.645 0.0722198 0.0722198 2 2 0
366.745 0.072232 0.072232 2 2 0
366.845 0.0722442 0.0722442 2 2 0
366.945 0.0722563 0.0722563 2 2 0
367.045 0.0722683 0.0722683 2 2 0
367.145 0.0722802 0.0722802 2 2 0
367.245 0.0722921 0.0722921 2 2 0
367.345 0.0723039 0.0723039 2 2 0
367.445 0.0723156 0.0723156 2 2 0
367.545 0.0723272 0.0723272 2 2 0
367.645 0.0723388 0.0723388 2 2 0
367.745 0.0723504 0.0723504 2 2 0
367.845 0.0723618 0.0723618 2 2 0
367.945 0.0723732 0.0723732 2 2 0
368.045 0.0723846 0.0723846 2 2 0
368.145 0.0723958 0.0723958 2 2 0
368.245 0.0724071 0.0724071 2 2 0
368.345 0.0724182 0.0724182 2 2 0
368.445 0.0724293 0.0724293 2 2 0
368.545 0.0724404 0.0724404 2 2 0
368.645 0.0724514 0.0724514 2 2 0
368.745 0.0724623 0.0724623 2 2 0
368.845 0.0724732 0.0724732 2 2 0
368.945 0.072484 0.072484 2 2 0
369.045 0.0724948 0.0724948 2 2 0
369.145 0.0725055 0.0725055 2 2 0
369.245 0.0725162 0.0725162 2 2 0
369.345 0.0725268 0.0725268 2 2 0
369.445 0.0725374 0.0725374 2 2 0
369.545 0.0725479 0.0725479 2 2 0
369.645 0.0725584 0.0725584 2 2 0
369.745 0.0725688 0.0725688 2 2 0
369.845 0.0725792 0.0725792 2 2 0
369.945 0.0725895 0.0725895 2 2 0
370.045 0.0725998 0.0725998 2 2 0
370.145 0.07261 0.07261 2 2 0
370.245 0.0726202 0.0726202 2 2 0
370.345 0.0726304 0.0726304 2 2 0
370.445 0.0726405 0.0726405 2 2 0
370.545 0.0726505 0.0726505 2 2 0
370.645 0.0726605 0.0726605 2 2 0
370.745 0.0726705 0.0726705 2 2 0
370.845 0.0726804 0.0726804 2 2 0
370.945 0.0726903 0.0726903 2 2 0
371.045 0.0727002 0.0727002 2 2 0
371.145 0.07271 0.07271 2 2 0
371.245 0.0727198 0.0727198 2 2 0
371.345 0.0727295 0.0727295 2 2 0
371.445 0.0727392 0.0727392 2 2 0
371.545 0.0727489 0.0727489 2 2 0
371.645 0.0727585 0.0727585 2 2 0
371.745 0.0727681 0.0727681 2 2 0
371.845 0.0727776 0.0727776 2 2 0
371.945 0.0727871 0.0727871 2 2 0
372.045 0.0727966 0.0727966 2 2 0
372.145 0.072806 0.072806 2 2 0
372.245 0.0728154 0.0728154 2 2 0
372.345 0.0728248 0.0728248 2 2 0
372.445 0.0728341 0.0728341 2 2 0
372.545 0.0728434 0.0728434 2 2 0
372.645 0.0728526 0.0728526 2 2 0
372.745 0.0728619 0.0728619 2 2 0
372.845 0.0728711 0.0728711 2 2 0
372.945 0.0728802 0.0728802 2 2 0
373.045 0.0728893 0.0728893 2 2 0
373.145 0.0728984 0.0728984 2 2 0
373.245 0.0729075 0.0729075 2 2 0
373.345 0.0729165 0.0729165 2 2 0
373.445 0.0729255 0.0729255 2 2 0
373.545 0.0729345 0.0729345 2 2 0
373.645 0.0729434 0.0729434 2 2 0
373.745 0.0729523 0.0729523 2 2 0
373.845 0.0729612 0.0729612 2 2 0
373.945 0.07297 0.07297 2 2 0
374.045 0.0729789 0.0729789 2 2 0
374.145 0.0729876 0.0729876 2 2 0
374.245 0.0729964 0.0729964 2 2 0
374.345 0.0730051 0.0730051 2 2 0
374.445 0.0730138 0.0730138 2 2 0
374.545 0.0730225 0.0730225 2 2 0
374.645 0.0730311 0.0730311 2 2 0
374.745 0.0730398 0.0730398 2 2 0
374.845 0.0730483 0.0730483 2 2 0
374.945 0.0730569 0.0730569 2 2 0
375.045 0.0730654 0.0730654 2 2 0
375.145 0.0730739 0.0730739 2 2 0
375.245 0.0730824 0.0730824 2 2 0
375.345 0.0730909 0.0730909 2 2 0
375.445 0.0730993 0.0730993 2 2 0
375.545 0.0731077 0.0731077 2 2 0
375.645 0.0731161 0.0731161 2 2 0
375.745 0.0731244 0.0731244 2 2 0
375.845 0.0731327 0.0731327 2 2 0
375.945 0.073141 0.073141 2 2 0
376.045 0.0731493 0.0731493 2 2 0
376.145 0.0731576 0.0731576 2 2 0
376.245 0.0731658 0.0731658 2 2 0
376.345 0.073174 0.073174 2 2 0
376.445 0.0731822 0.0731822 2 2 0
376.545 0.0731903 0.0731903 2 2 0
376.645 0.0731984 0.0731984 2 2 0
376.745 0.0732065 0.0732065 2 2 0
376.845 0.0732146 0.0732146 2 2 0
376.945 0.0732227 0.0732227 2 2 0
377.045 0.0732307 0.0732307 2 2 0
377.145 0.0732387 0.0732387 2 2 0
377.245 0.0732467 0.0732467 2 2 0
377.345 0.0732547 0.0732547 2 2 0
377.445 0.0732626 0.0732626 2 2 0
377.545 0.0732706 0.0732706 2 2 0
377.645 0.0732785 0.0732785 2 2 0
377.745 0.0732863 0.0732863 2 2 0
377.845 0.0732942 0.0732942 2 2 0
377.945 0.073302 0.073302 2 2 0
378.045 0.0733098 0.0733098 2 2 0
378.145 0.0733176 0.0733176 2 2 0
378.245 0.0733254 0.0733254 2 2 0
378.345 0.0733331 0.0733331 2 2 0
378.445 0.0733409 0.0733409 2 2 0
378.545 0.0733486 0.0733486 2 2 0
358.899 0.0703803 0.0703803 2 2 0
354.963 0.999661 0.999661 2 2 0
354.941 0.999661 0.999661 2 2 0
354.935 0.999661 0.999661 2 2 0
354.924 0.999661 0.999661 2 2 0
354.904 0.99966 0.99966 2 2 0
354.864 0.99966 0.99966 2 2 0
354.784 0.999659 0.999659 2 2 0
354.684 0.999658 0.999658 2 2 0
354.584 0.999657 0.999657 2 2 0
354.484 0.999656 0.999656 2 2 0
354.384 0.999655 0.999655 2 2 0
354.284 0.999654 0.999654 2 2 0
354.184 0.999653 0.999653 2 2 0
354.084 0.999652 0.999652 2 2 0
353.984 0.999651 0.999651 2 2 0
353.884 0.99965 0.99965 2 2 0
353.784 0.999649 0.999649 2 2 0
353.684 0.999648 0.999648 2 2 0
353.584 0.999647 0.999647 2 2 0
353.484 0.999646 0.999646 2 2 0
353.384 0.999645 0.999645 2 2 0
353.284 0.999644 0.999644 2 2 0
353.184 0.999642 0.999642 2 2 0
353.084 0.999641 0.999641 2 2 0
352.984 0.99964 0.99964 2 2 0
352.884 0.999639 0.999639 2 2 0
352.784 0.999638 0.999638 2 2 0
352.684 0.999637 0.999637 2 2 0
352.584 0.999636 0.999636 2 2 0
352.484 0.999635 0.999635 2 2 0
352.384 0.999634 0.999634 2 2 0
352.284 0.999633 0.999633 2 2 0
352.184 0.999632 0.999632 2 2 0
352.084 0.99963 0.99963 2 2 0
351.984 0.999629 0.999629 2 2 0
351.884 0.999628 0.999628 2 2 0
351.784 0.999627 0.999627 2 2 0
351.684 0.999626 0.999626 2 2 0
351.584 0.999625 0.999625 2 2 0
351.484 0.999624 0.999624 2 2 0
351.384 0.999623 0.999623 2 2 0
351.284 0.999622 0.999622 2 2 0
351.184 0.99962 0.99962 2 2 0
351.084 0.999619 0.999619 2 2 0
350.984 0.999618 0.999618 2 2 0
350.884 0.999617 0.999617 2 2 0
350.784 0.999616 0.999616 2 2 0
350.684 0.999615 0.999615 2 2 0
350.584 0.999613 0.999613 2 2 0
350.484 0.999612 0.999612 2 2 0
350.384 0.999611 0.999611 2 2 0
350.284 0.99961 0.99961 2 2 0
350.184 0.999609 0.999609 2 2 0
350.084 0.999608 0.999608 2 2 0
349.984 0.999606 0.999606 2 2 0
349.884 0.999605 0.999605 2 2 0
349.784 0.999604 0.999604 2 2 0
349.684 0.999603 0.999603 2 2 0
349.584 0.999602 0.999602 2 2 0
349.484 0.999601 0.999601 2 2 0
349.384 0.999599 0.999599 2 2 0
349.284 0.999598 0.999598 2 2 0
349.184 0.999597 0.999597 2 2 0
349.084 0.999596 0.999596 2 2 0
348.984 0.999594 0.999594 2 2 0
348.884 0.999593 0.999593 2 2 0
348.784 0.999592 0.999592 2 2 0
348.684 0.999591 0.999591 2 2 0
348.584 0.99959 0.99959 2 2 0
348.484 0.999588 0.999588 2 2 0
348.384 0.999587 0.999587 2 2 0
348.284 0.999586 0.999586 2 2 0
348.184 0.999585 0.999585 2 2 0
348.084 0.999583 0.999583 2 2 0
347.984 0.999582 0.999582 2 2 0
347.884 0.999581 0.999581 2 2 0
347.784 0.99958 0.99958 2 2 0
347.684 0.999578 0.999578 2 2 0
347.584 0.999577 0.999577 2 2 0
347.484 0.999576 0.999576 2 2 0
347.384 0.999575 0.999575 2 2 0
347.284 0.999573 0.999573 2 2 0
347.184 0.999572 0.999572 2 2 0
347.084 0.999571 0.999571 2 2 0
346.984 0.999569 0.999569 2 2 0
346.884 0.999568 0.999568 2 2 0
346.784 0.999567 0.999567 2 2 0
346.684 0.999565 0.999565 2 2 0
346.584 0.999564 0.999564 2 2 0
346.484 0.999563 0.999563 2 2 0
346.384 0.999562 0.999562 2 2 0
346.284 0.99956 0.99956 2 2 0
346.184 0.999559 0.999559 2 2 0
346.084 0.999558 0.999558 2 2 0
345.984 0.999556 0.999556 2 2 0
345.884 0.999555 0.999555 2 2 0
345.784 0.999554 0.999554 2 2 0
345.684 0.999552 0.999552 2 2 0
345.584 0.999551 0.999551 2 2 0
345.484 0.99955 0.99955 2 2 0
345.384 0.999548 0.999548 2 2 0
345.284 0.999547 0.999547 2 2 0
345.184 0.999546 0.999546 2 2 0
345.084 0.999544 0.999544 2 2 0
344.984 0.999543 0.999543 2 2 0
344.884 0.999541 0.999541 2 2 0
344.784 0.99954 0.99954 2 2 0
344.684 0.999539 0.999539 2 2 0
344.584 0.999537 0.999537 2 2 0
344.484 0.999536 0.999536 2 2 0
344.384 0.999534 0.999534 2 2 0
344.284 0.999533 0.999533 2 2 0
344.184 0.999532 0.999532 2 2 0
344.084 0.99953 0.99953 2 2 0
343.984 0.999529 0.999529 2 2 0
343.884 0.999527 0.999527 2 2 0
343.784 0.999526 0.999526 2 2 0
343.684 0.999525 0.999525 2 2 0
343.584 0.999523 0.999523 2 2 0
343.484 0.999522 0.999522 2 2 0
343.384 0.99952 0.99952 2 2 0
343.284 0.999519 0.999519 2 2 0
343.184 0.999517 0.999517 2 2 0
343.084 0.999516 0.999516 2 2 0
342.984 0.999514 0.999514 2 2 0
342.884 0.999513 0.999513 2 2 0
342.784 0.999512 0.999512 2 2 0
342.684 0.99951 0.99951 2 2 0
342.584 0.999509 0.999509 2 2 0
342.484 0.999507 0.999507 2 2 0
342.384 0.999506 0.999506 2 2 0
342.284 0.999504 0.999504 2 2 0
342.184 0.999503 0.999503 2 2 0
342.084 0.999501 0.999501 2 2 0
341.984 0.9995 0.9995 2 2 0
341.884 0.999498 0.999498 2 2 0
341.784 0.999497 0.999497 2 2 0
341.684 0.999495 0.999495 2 2 0
341.584 0.999494 0.999494 2 2 0
341.484 0.999492 0.999492 2 2 0
341.384 0.999491 0.999491 2 2 0
341.284 0.999489 0.999489 2 2 0
341.184 0.999488 0.999488 2 2 0
341.084 0.999486 0.999486 2 2 0
340.984 0.999484 0.999484 2 2 0
340.884 0.999483 0.999483 2 2 0
340.784 0.999481 0.999481 2 2 0
340.684 0.99948 0.99948 2 2 0
340.584 0.999478 0.999478 2 2 0
340.484 0.999477 0.999477 2 2 0
340.384 0.999475 0.999475 2 2 0
340.284 0.999474 0.999474 2 2 0
340.184 0.999472 0.999472 2 2 0
340.084 0.99947 0.99947 2 2 0
339.984 0.999469 0.999469 2 2 0
339.884 0.999467 0.999467 2 2 0
339.784 0.999466 0.999466 2 2 0
339.684 0.999464 0.999464 2 2 0
339.584 0.999462 0.999462 2 2 0
339.484 0.999461 0.999461 2 2 0
339.384 0.999459 0.999459 2 2 0
339.284 0.999458 0.999458 2 2 0
339.184 0.999456 0.999456 2 2 0
339.084 0.999454 0.999454 2 2 0
338.984 0.999453 0.999453 2 2 0
338.884 0.999451 0.999451 2 2 0
338.784 0.999449 0.999449 2 2 0
338.684 0.999448 0.999448 2 2 0
338.584 0.999446 0.999446 2 2 0
338.484 0.999444 0.999444 2 2 0
338.384 0.999443 0.999443 2 2 0
338.284 0.999441 0.999441 2 2 0
338.184 0.999439 0.999439 2 2 0
338.084 0.999438 0.999438 2 2 0
337.984 0.999436 0.999436 2 2 0
337.884 0.999434 0.999434 2 2 0
337.784 0.999433 0.999433 2 2 0
337.684 0.999431 0.999431 2 2 0
337.584 0.999429 0.999429 2 2 0
337.484 0.999427 0.999427 2 2 0
337.384 0.999426 0.999426 2 2 0
337.284 0.999424 0.999424 2 2 0
337.184 0.999422 0.999422 2 2 0
337.084 0.99942 0.99942 2 2 0
336.984 0.999419 0.999419 2 2 0
336.884 0.999417 0.999417 2 2 0
336.784 0.999415 0.999415 2 2 0
336.684 0.999414 0.999414 2 2 0
336.584 0.999412 0.999412 2 2 0
336.484 0.99941 0.99941 2 2 0
336.384 0.999408 0.999408 2 2 0
336.284 0.999406 0.999406 2 2 0
336.184 0.999405 0.999405 2 2 0
336.084 0.999403 0.999403 2 2 0
335.984 0.999401 0.999401 2 2 0
335.884 0.999399 0.999399 2 2 0
335.784 0.999397 0.999397 2 2 0
335.684 0.999396 0.999396 2 2 0
335.584 0.999394 0.999394 2 2 0
358.899 0.070375 0.070375 2 3 0
358.961 0.0705334 0.0705334 2 3 0
358.981 0.0705574 0.0705574 2 3 0
359.003 0.0705805 0.0705805 2 3 0
359.047 0.0706205 0.0706205 2 3 0
359.135 0.0706856 0.0706856 2 3 0
359.235 0.0707465 0.0707465 2 3 0
359.335 0.0707987 0.0707987 2 3 0
359.435 0.0708454 0.0708454 2 3 0
359.535 0.0708881 0.0708881 2 3 0
359.635 0.0709275 0.0709275 2 3 0
359.735 0.0709645 0.0709645 2 3 0
359.835 0.0709994 0.0709994 2 3 0
359.935 0.0710325 0.0710325 2 3 0
360.035 0.0710641 0.0710641 2 3 0
360.135 0.0710944 0.0710944 2 3 0
360.235 0.0711235 0.0711235 2 3 0
360.335 0.0711516 0.0711516 2 3 0
360.435 0.0711788 0.0711788 2 3 0
360.535 0.0712051 0.0712051 2 3 0
360.635 0.0712307 0.0712307 2 3 0
360.735 0.0712555 0.0712555 2 3 0
360.835 0.0712798 0.0712798 2 3 0
360.935 0.0713034 0.0713034 2 3 0
361.035 0.0713265 0.0713265 2 3 0
361.135 0.071349 0.071349 2 3 0
361.235 0.0713711 0.0713711 2 3 0
361.335 0.0713927 0.0713927 2 3 0
361.435 0.0714139 0.0714139 2 3 0
361.535 0.0714347 0.0714347 2 3 0
361.635 0.0714552 0.0714552 2 3 0
361.735 0.0714752 0.0714752 2 3 0
361.835 0.071495 0.071495 2 3 0
361.935 0.0715144 0.0715144 2 3 0
362.035 0.0715335 0.0715335 2 3 0
362.135 0.0715523 0.0715523 2 3 0
362.235 0.0715709 0.0715709 2 3 0
362.335 0.0715892 0.0715892 2 3 0
362.435 0.0716072 0.0716072 2 3 0
362.535 0.071625 0.071625 2 3 0
362.635 0.0716425 0.0716425 2 3 0
362.735 0.0716599 0.0716599 2 3 0
362.835 0.071677 0.071677 2 3 0
362.935 0.0716939 0.0716939 2 3 0
363.035 0.0717106 0.0717106 2 3 0
363.135 0.0717271 0.0717271 2 3 0
363.235 0.0717434 0.0717434 2 3 0
363.335 0.0717596 0.0717596 2 3 0
363.435 0.0717755 0.0717755 2 3 0
363.535 0.0717913 0.0717913 2 3 0
363.635 0.071807 0.071807 2 3 0
363.735 0.0718225 0.0718225 2 3 0
363.835 0.0718378 0.0718378 2 3 0
363.935 0.071853 0.071853 2 3 0
364.035 0.071868 0.071868 2 3 0
364.135 0.0718829 0.0718829 2 3 0
364.235 0.0718977 0.0718977 2 3 0
364.335 0.0719123 0.0719123 2 3 0
364.435 0.0719268 0.0719268 2 3 0
364.535 0.0719411 0.0719411 2 3 0
364.635 0.0719554 0.0719554 2 3 0
364.735 0.0719695 0.0719695 2 3 0
364.835 0.0719835 0.0719835 2 3 0
364.935 0.0719974 0.0719974 2 3 0
365.035 0.0720112 0.0720112 2 3 0
365.135 0.0720249 0.0720249 2 3 0
365.235 0.0720385 0.0720385 2 3 0
365.335 0.0720519 0.0720519 2 3 0
365.435 0.0720653 0.0720653 2 3 0
365.535 0.0720786 0.0720786 2 3 0
365.635 0.0720917 0.0720917 2 3 0
365.735 0.0721048 0.0721048 2 3 0
365.835 0.0721178 0.0721178 2 3 0
365.935 0.0721307 0.0721307 2 3 0
366.035 0.0721435 0.0721435 2 3 0
366.135 0.0721562 0.0721562 2 3 0
366.235 0.0721689 0.0721689 2 3 0
366.335 0.0721814 0.0721814 2 3 0
366.435 0.0721939 0.0721939 2 3 0
366.535 0.0722063 0.0722063 2 3 0
366.635 0.0722186 0.0722186 2 3 0
366.735 0.0722308 0.0722308 2 3 0
366.835 0.072243 0.072243 2 3 0
366.935 0.0722551 0.0722551 2 3 0
367.035 0.0722671 0.0722671 2 3 0
367.135 0.072279 0.072279 2 3 0
367.235 0.0722909 0.0722909 2 3 0
367.335 0.0723027 0.0723027 2 3 0
367.435 0.0723144 0.0723144 2 3 0
367.535 0.0723261 0.0723261 2 3 0
367.635 0.0723377 0.0723377 2 3 0
367.735 0.0723492 0.0723492 2 3 0
367.835 0.0723607 0.0723607 2 3 0
367.935 0.0723721 0.0723721 2 3 0
368.035 0.0723835 0.0723835 2 3 0
368.135 0.0723947 0.0723947 2 3 0
368.235 0.072406 0.072406 2 3 0
368.335 0.0724171 0.0724171 2 3 0
368.435 0.0724282 0.0724282 2 3 0
368.535 0.0724393 0.0724393 2 3 0
368.635 0.0724503 0.0724503 2 3 0
368.735 0.0724612 0.0724612 2 3 0
368.835 0.0724721 0.0724721 2 3 0
368.935 0.072483 0.072483 2 3 0
369.035 0.0724937 0.0724937 2 3 0
369.135 0.0725045 0.0725045 2 3 0
369.235 0.0725151 0.0725151 2 3 0
369.335 0.0725258 0.0725258 2 3 0
369.435 0.0725363 0.0725363 2 3 0
369.535 0.0725469 0.0725469 2 3 0
369.635 0.0725573 0.0725573 2 3 0
369.735 0.0725678 0.0725678 2 3 0
369.835 0.0725781 0.0725781 2 3 0
369.935 0.0725885 0.0725885 2 3 0
370.035 0.0725988 0.0725988 2 3 0
370.135 0.072609 0.072609 2 3 0
370.235 0.0726192 0.0726192 2 3 0
370.335 0.0726294 0.0726294 2 3 0
370.435 0.0726395 0.0726395 2 3 0
370.535 0.0726495 0.0726495 2 3 0
370.635 0.0726596 0.0726596 2 3 0
370.735 0.0726695 0.0726695 2 3 0
370.835 0.0726795 0.0726795 2 3 0
370.935 0.0726894 0.0726894 2 3 0
371.035 0.0726992 0.0726992 2 3 0
371.135 0.072709 0.072709 2 3 0
371.235 0.0727188 0.0727188 2 3 0
371.335 0.0727286 0.0727286 2 3 0
371.435 0.0727383 0.0727383 2 3 0
371.535 0.0727479 0.0727479 2 3 0
371.635 0.0727575 0.0727575 2 3 0
371.735 0.0727671 0.0727671 2 3 0
371.835 0.0727767 0.0727767 2 3 0
371.935 0.0727862 0.0727862 2 3 0
372.035 0.0727956 0.0727956 2 3 0
372.135 0.0728051 0.0728051 2 3 0
372.235 0.0728145 0.0728145 2 3 0
372.335 0.0728238 0.0728238 2 3 0
372.435 0.0728332 0.0728332 2 3 0
372.535 0.0728425 0.0728425 2 3 0
372.635 0.0728517 0.0728517 2 3 0
372.735 0.072861 0.072861 2 3 0
372.835 0.0728702 0.0728702 2 3 0
372.935 0.0728793 0.0728793 2 3 0
373.035 0.0728884 0.0728884 2 3 0
373.135 0.0728975 0.0728975 2 3 0
373.235 0.0729066 0.0729066 2 3 0
373.335 0.0729156 0.0729156 2 3 0
373.435 0.0729246 0.0729246 2 3 0
373.535 0.0729336 0.0729336 2 3 0
373.635 0.0729425 0.0729425 2 3 0
373.735 0.0729515 0.0729515 2 3 0
373.835 0.0729603 0.0729603 2 3 0
373.935 0.0729692 0.0729692 2 3 0
374.035 0.072978 0.072978 2 3 0
374.135 0.0729868 0.0729868 2 3 0
374.235 0.0729955 0.0729955 2 3 0
374.335 0.0730043 0.0730043 2 3 0
374.435 0.073013 0.073013 2 3 0
374.535 0.0730217 0.0730217 2 3 0
374.635 0.0730303 0.0730303 2 3 0
374.735 0.0730389 0.0730389 2 3 0
374.835 0.0730475 0.0730475 2 3 0
374.935 0.0730561 0.0730561 2 3 0
375.035 0.0730646 0.0730646 2 3 0
375.135 0.0730731 0.0730731 2 3 0
375.235 0.0730816 0.0730816 2 3 0
375.335 0.07309 0.07309 2 3 0
375.435 0.0730985 0.0730985 2 3 0
375.535 0.0731069 0.0731069 2 3 0
375.635 0.0731153 0.0731153 2 3 0
375.735 0.0731236 0.0731236 2 3 0
375.835 0.0731319 0.0731319 2 3 0
375.935 0.0731402 0.0731402 2 3 0
376.035 0.0731485 0.0731485 2 3 0
376.135 0.0731568 0.0731568 2 3 0
376.235 0.073165 0.073165 2 3 0
376.335 0.0731732 0.0731732 2 3 0
376.435 0.0731814 0.0731814 2 3 0
376.535 0.0731895 0.0731895 2 3 0
376.635 0.0731976 0.0731976 2 3 0
376.735 0.0732058 0.0732058 2 3 0
376.835 0.0732138 0.0732138 2 3 0
376.935 0.0732219 0.0732219 2 3 0
377.035 0.0732299 0.0732299 2 3 0
377.135 0.0732379 0.0732379 2 3 0
377.235 0.0732459 0.0732459 2 3 0
377.335 0.0732539 0.0732539 2 3 0
377.435 0.0732619 0.0732619 2 3 0
377.535 0.0732698 0.0732698 2 3 0
377.635 0.0732777 0.0732777 2 3 0
377.735 0.0732856 0.0732856 2 3 0
377.835 0.0732934 0.0732934 2 3 0
377.935 0.0733013 0.0733013 2 3 0
378.035 0.0733091 0.0733091 2 3 0
378.135 0.0733169 0.0733169 2 3 0
378.235 0.0733246 0.0733246 2 3 0
378.335 0.0733324 0.0733324 2 3 0
378.435 0.0733401 0.0733401 2 3 0
378.535 0.0733478 0.0733478 2 3 0
358.899 0.070375 0.070375 2 3 0
355.563 0.999667 0.999667 2 3 0
355.524 0.999667 0.999667 2 3 0
355.512 0.999667 0.999667 2 3 0
355.491 0.999666 0.999666 2 3 0
355.451 0.999666 0.999666 2 3 0
355.371 0.999665 0.999665 2 3 0
355.271 0.999664 0.999664 2 3 0
355.171 0.999663 0.999663 2 3 0
355.071 0.999662 0.999662 2 3 0
354.971 0.999661 0.999661 2 3 0
354.871 0.99966 0.99966 2 3 0
354.771 0.999659 0.999659 2 3 0
354.671 0.999658 0.999658 2 3 0
354.571 0.999657 0.999657 2 3 0
354.471 0.999656 0.999656 2 3 0
354.371 0.999655 0.999655 2 3 0
354.271 0.999654 0.999654 2 3 0
354.171 0.999653 0.999653 2 3 0
354.071 0.999652 0.999652 2 3 0
353.971 0.999651 0.999651 2 3 0
353.871 0.99965 0.99965 2 3 0
353.771 0.999649 0.999649 2 3 0
353.671 0.999648 0.999648 2 3 0
353.571 0.999647 0.999647 2 3 0
353.471 0.999646 0.999646 2 3 0
353.371 0.999644 0.999644 2 3 0
353.271 0.999643 0.999643 2 3 0
353.171 0.999642 0.999642 2 3 0
353.071 0.999641 0.999641 2 3 0
352.971 0.99964 0.99964 2 3 0
352.871 0.999639 0.999639 2 3 0
352.771 0.999638 0.999638 2 3 0
352.671 0.999637 0.999637 2 3 0
352.571 0.999636 0.999636 2 3 0
352.471 0.999635 0.999635 2 3 0
352.371 0.999634 0.999634 2 3 0
352.271 0.999633 0.999633 2 3 0
352.171 0.999631 0.999631 2 3 0
352.071 0.99963 0.99963 2 3 0
351.971 0.999629 0.999629 2 3 0
351.871 0.999628 0.999628 2 3 0
351.771 0.999627 0.999627 2 3 0
351.671 0.999626 0.999626 2 3 0
351.571 0.999625 0.999625 2 3 0
351.471 0.999624 0.999624 2 3 0
351.371 0.999622 0.999622 2 3 0
351.271 0.999621 0.999621 2 3 0
351.171 0.99962 0.99962 2 3 0
351.071 0.999619 0.999619 2 3 0
350.971 0.999618 0.999618 2 3 0
350.871 0.999617 0.999617 2 3 0
350.771 0.999616 0.999616 2 3 0
350.671 0.999614 0.999614 2 3 0
350.571 0.999613 0.999613 2 3 0
350.471 0.999612 0.999612 2 3 0
350.371 0.999611 0.999611 2 3 0
350.271 0.99961 0.99961 2 3 0
350.171 0.999609 0.999609 2 3 0
350.071 0.999607 0.999607 2 3 0
349.971 0.999606 0.999606 2 3 0
349.871 0.999605 0.999605 2 3 0
349.771 0.999604 0.999604 2 3 0
349.671 0.999603 0.999603 2 3 0
349.571 0.999602 0.999602 2 3 0
349.471 0.9996 0.9996 2 3 0
349.371 0.999599 0.999599 2 3 0
349.271 0.999598 0.999598 2 3 0
349.171 0.999597 0.999597 2 3 0
349.071 0.999596 0.999596 2 3 0
348.971 0.999594 0.999594 2 3 0
348.871 0.999593 0.999593 2 3 0
348.771 0.999592 0.999592 2 3 0
348.671 0.999591 0.999591 2 3 0
348.571 0.999589 0.999589 2 3 0
348.471 0.999588 0.999588 2 3 0
348.371 0.999587 0.999587 2 3 0
348.271 0.999586 0.999586 2 3 0
348.171 0.999584 0.999584 2 3 0
348.071 0.999583 0.999583 2 3 0
347.971 0.999582 0.999582 2 3 0
347.871 0.999581 0.999581 2 3 0
347.771 0.999579 0.999579 2 3 0
347.671 0.999578 0.999578 2 3 0
347.571 0.999577 0.999577 2 3 0
347.471 0.999576 0.999576 2 3 0
347.371 0.999574 0.999574 2 3 0
347.271 0.999573 0.999573 2 3 0
347.171 0.999572 0.999572 2 3 0
347.071 0.999571 0.999571 2 3 0
346.971 0.999569 0.999569 2 3 0
346.871 0.999568 0.999568 2 3 0
346.771 0.999567 0.999567 2 3 0
346.671 0.999565 0.999565 2 3 0
346.571 0.999564 0.999564 2 3 0
346.471 0.999563 0.999563 2 3 0
346.371 0.999561 0.999561 2 3 0
346.271 0.99956 0.99956 2 3 0
346.171 0.999559 0.999559 2 3 0
346.071 0.999557 0.999557 2 3 0
345.971 0.999556 0.999556 2 3 0
345.871 0.999555 0.999555 2 3 0
345.771 0.999553 0.999553 2 3 0
345.671 0.999552 0.999552 2 3 0
345.571 0.999551 0.999551 2 3 0
345.471 0.999549 0.999549 2 3 0
345.371 0.999548 0.999548 2 3 0
345.271 0.999547 0.999547 2 3 0
345.171 0.999545 0.999545 2 3 0
345.071 0.999544 0.999544 2 3 0
344.971 0.999543 0.999543 2 3 0
344.871 0.999541 0.999541 2 3 0
344.771 0.99954 0.99954 2 3 0
344.671 0.999538 0.999538 2 3 0
344.571 0.999537 0.999537 2 3 0
344.471 0.999536 0.999536 2 3 0
344.371 0.999534 0.999534 2 3 0
344.271 0.999533 0.999533 2 3 0
344.171 0.999531 0.999531 2 3 0
344.071 0.99953 0.99953 2 3 0
343.971 0.999529 0.999529 2 3 0
343.871 0.999527 0.999527 2 3 0
343.771 0.999526 0.999526 2 3 0
343.671 0.999524 0.999524 2 3 0
343.571 0.999523 0.999523 2 3 0
343.471 0.999522 0.999522 2 3 0
343.371 0.99952 0.99952 2 3 0
343.271 0.999519 0.999519 2 3 0
343.171 0.999517 0.999517 2 3 0
343.071 0.999516 0.999516 2 3 0
342.971 0.999514 0.999514 2 3 0
342.871 0.999513 0.999513 2 3 0
342.771 0.999511 0.999511 2 3 0
342.671 0.99951 0.99951 2 3 0
342.571 0.999508 0.999508 2 3 0
342.471 0.999507 0.999507 2 3 0
342.371 0.999505 0.999505 2 3 0
342.271 0.999504 0.999504 2 3 0
342.171 0.999503 0.999503 2 3 0
342.071 0.999501 0.999501 2 3 0
341.971 0.9995 0.9995 2 3 0
341.871 0.999498 0.999498 2 3 0
341.771 0.999497 0.999497 2 3 0
341.671 0.999495 0.999495 2 3 0
341.571 0.999493 0.999493 2 3 0
341.471 0.999492 0.999492 2 3 0
341.371 0.99949 0.99949 2 3 0
341.271 0.999489 0.999489 2 3 0
341.171 0.999487 0.999487 2 3 0
341.071 0.999486 0.999486 2 3 0
340.971 0.999484 0.999484 2 3 0
340.871 0.999483 0.999483 2 3 0
340.771 0.999481 0.999481 2 3 0
340.671 0.99948 0.99948 2 3 0
340.571 0.999478 0.999478 2 3 0
340.471 0.999476 0.999476 2 3 0
340.371 0.999475 0.999475 2 3 0
340.271 0.999473 0.999473 2 3 0
340.171 0.999472 0.999472 2 3 0
340.071 0.99947 0.99947 2 3 0
339.971 0.999469 0.999469 2 3 0
339.871 0.999467 0.999467 2 3 0
339.771 0.999465 0.999465 2 3 0
339.671 0.999464 0.999464 2 3 0
339.571 0.999462 0.999462 2 3 0
339.471 0.999461 0.999461 2 3 0
339.371 0.999459 0.999459 2 3 0
339.271 0.999457 0.999457 2 3 0
339.171 0.999456 0.999456 2 3 0
339.071 0.999454 0.999454 2 3 0
338.971 0.999452 0.999452 2 3 0
338.871 0.999451 0.999451 2 3 0
338.771 0.999449 0.999449 2 3 0
338.671 0.999447 0.999447 2 3 0
338.571 0.999446 0.999446 2 3 0
338.471 0.999444 0.999444 2 3 0
338.371 0.999442 0.999442 2 3 0
338.271 0.999441 0.999441 2 3 0
338.171 0.999439 0.999439 2 3 0
338.071 0.999437 0.999437 2 3 0
337.971 0.999436 0.999436 2 3 0
337.871 0.999434 0.999434 2 3 0
337.771 0.999432 0.999432 2 3 0
337.671 0.999431 0.999431 2 3 0
337.571 0.999429 0.999429 2 3 0
337.471 0.999427 0.999427 2 3 0
337.371 0.999425 0.999425 2 3 0
337.271 0.999424 0.999424 2 3 0
337.171 0.999422 0.999422 2 3 0
337.071 0.99942 0.99942 2 3 0
336.971 0.999419 0.999419 2 3 0
336.871 0.999417 0.999417 2 3 0
336.771 0.999415 0.999415 2 3 0
336.671 0.999413 0.999413 2 3 0
336.571 0.999412 0.999412 2 3 0
336.471 0.99941 0.99941 2 3 0
336.371 0.999408 0.999408 2 3 0
336.271 0.999406 0.999406 2 3 0
336.171 0.999404 0.999404 2 3 0
336.071 0.999403 0.999403 2 3 0
362.6 0.0692218 0.0692218 2 1 0
362.56 0.0692277 0.0692277 1 1 0
362.52 0.0692336 0.0692336 1 1 0
362.44 0.0692455 0.0692455 1 1 0
362.34 0.0692606 0.0692606 1 1 0
362.24 0.069276 0.069276 1 1 0
362.14 0.0692917 0.0692917 1 1 0
362.04 0.0693076 0.0693076 1 1 0
361.94 0.0693238 0.0693238 1 1 0
361.84 0.0693403 0.0693403 1 1 0
361.74 0.0693571 0.0693571 1 1 0
361.64 0.0693743 0.0693743 1 1 0
361.54 0.0693918 0.0693918 1 1 0
361.44 0.0694097 0.0694097 1 1 0
361.34 0.069428 0.069428 1 1 0
361.24 0.0694467 0.0694467 1 1 0
361.14 0.0694659 0.0694659 1 1 0
361.04 0.0694855 0.0694855 1 1 0
360.94 0.0695057 0.0695057 1 1 0
360.84 0.0695263 0.0695263 1 1 0
360.74 0.0695476 0.0695476 1 1 0
360.64 0.0695695 0.0695695 1 1 0
360.54 0.0695922 0.0695922 1 1 0
360.44 0.0696155 0.0696155 1 1 0
360.34 0.0696397 0.0696397 1 1 0
360.24 0.0696649 0.0696649 1 1 0
360.14 0.069691 0.069691 1 1 0
360.04 0.0697183 0.0697183 1 1 0
359.94 0.069747 0.069747 1 1 0
359.84 0.0697771 0.0697771 1 1 0
359.74 0.069809 0.069809 1 1 0
359.64 0.0698429 0.0698429 1 1 0
359.54 0.0698793 0.0698793 1 1 0
359.44 0.0699189 0.0699189 1 1 0
359.34 0.0699625 0.0699625 1 1 0
359.24 0.0700115 0.0700115 1 1 0
359.14 0.0700688 0.0700688 1 1 0
359.04 0.0701403 0.0701403 1 1 0
358.94 0.0702484 0.0702484 1 1 0
358.915 0.0702964 0.0702964 1 1 0
358.906 0.0703243 0.0703243 1 1 0
358.901 0.0703481 0.0703481 1 1 0
358.9 0.0703606 0.0703606 1 1 0
358.899 0.070374 0.070374 1 1 0
358.899 0.0703805 0.0703805 2 1 0
358.899 0.0703805 0.0703805 2 1 0
358.899 0.0703805 0.0703805 2 2 0
358.955 0.0705261 0.0705261 2 2 0
358.976 0.070551 0.070551 2 2 0
358.998 0.0705748 0.0705748 2 2 0
359.042 0.0706158 0.0706158 2 2 0
359.13 0.0706818 0.0706818 2 2 0
359.23 0.0707434 0.0707434 2 2 0
359.33 0.070796 0.070796 2 2 0
359.43 0.0708429 0.0708429 2 2 0
359.53 0.0708857 0.0708857 2 2 0
359.63 0.0709254 0.0709254 2 2 0
359.73 0.0709625 0.0709625 2 2 0
359.83 0.0709975 0.0709975 2 2 0
359.93 0.0710307 0.0710307 2 2 0
360.03 0.0710624 0.0710624 2 2 0
360.13 0.0710927 0.0710927 2 2 0
360.23 0.0711219 0.0711219 2 2 0
360.33 0.0711501 0.0711501 2 2 0
360.43 0.0711773 0.0711773 2 2 0
360.53 0.0712036 0.0712036 2 2 0
360.63 0.0712293 0.0712293 2 2 0
360.73 0.0712542 0.0712542 2 2 0
360.83 0.0712784 0.0712784 2 2 0
360.93 0.0713021 0.0713021 2 2 0
361.03 0.0713252 0.0713252 2 2 0
361.13 0.0713477 0.0713477 2 2 0
361.23 0.0713699 0.0713699 2 2 0
361.33 0.0713915 0.0713915 2 2 0
361.43 0.0714127 0.0714127 2 2 0
361.53 0.0714336 0.0714336 2 2 0
361.63 0.071454 0.071454 2 2 0
361.73 0.0714741 0.0714741 2 2 0
361.83 0.0714939 0.0714939 2 2 0
361.93 0.0715133 0.0715133 2 2 0
362.03 0.0715324 0.0715324 2 2 0
362.13 0.0715513 0.0715513 2 2 0
362.23 0.0715698 0.0715698 2 2 0
362.33 0.0715881 0.0715881 2 2 0
362.43 0.0716062 0.0716062 2 2 0
362.53 0.071624 0.071624 2 2 0
362.63 0.0716416 0.0716416 2 2 0
362.73 0.0716589 0.0716589 2 2 0
362.83 0.071676 0.071676 2 2 0
362.93 0.0716929 0.0716929 2 2 0
363.03 0.0717096 0.0717096 2 2 0
363.13 0.0717262 0.0717262 2 2 0
363.23 0.0717425 0.0717425 2 2 0
363.33 0.0717587 0.0717587 2 2 0
363.43 0.0717746 0.0717746 2 2 0
363.53 0.0717905 0.0717905 2 2 0
363.63 0.0718061 0.0718061 2 2 0
363.73 0.0718216 0.0718216 2 2 0
363.83 0.0718369 0.0718369 2 2 0
363.93 0.0718521 0.0718521 2 2 0
364.03 0.0718672 0.0718672 2 2 0
364.13 0.0718821 0.0718821 2 2 0
364.23 0.0718968 0.0718968 2 2 0
364.33 0.0719115 0.0719115 2 2 0
364.43 0.071926 0.071926 2 2 0
364.53 0.0719403 0.0719403 2 2 0
364.63 0.0719546 0.0719546 2 2 0
364.73 0.0719687 0.0719687 2 2 0
364.83 0.0719827 0.0719827 2 2 0
364.93 0.0719966 0.0719966 2 2 0
365.03 0.0720104 0.0720104 2 2 0
365.13 0.0720241 0.0720241 2 2 0
365.23 0.0720377 0.0720377 2 2 0
365.33 0.0720512 0.0720512 2 2 0
365.43 0.0720646 0.0720646 2 2 0
365.53 0.0720778 0.0720778 2 2 0
365.63 0.072091 0.072091 2 2 0
365.73 0.0721041 0.0721041 2 2 0
365.83 0.0721171 0.0721171 2 2 0
365.93 0.07213 0.07213 2 2 0
366.03 0.0721428 0.0721428 2 2 0
366.13 0.0721555 0.0721555 2 2 0
366.23 0.0721682 0.0721682 2 2 0
366.33 0.0721807 0.0721807 2 2 0
366.43 0.0721932 0.0721932 2 2 0
366.53 0.0722056 0.0722056 2 2 0
366.63 0.0722179 0.0722179 2 2 0
366.73 0.0722301 0.0722301 2 2 0
366.83 0.0722423 0.0722423 2 2 0
366.93 0.0722544 0.0722544 2 2 0
367.03 0.0722664 0.0722664 2 2 0
367.13 0.0722784 0.0722784 2 2 0
367.23 0.0722902 0.0722902 2 2 0
367.33 0.072302 0.072302 2 2 0
367.43 0.0723138 0.0723138 2 2 0
367.53 0.0723254 0.0723254 2 2 0
367.63 0.072337 0.072337 2 2 0
367.73 0.0723486 0.0723486 2 2 0
367.83 0.0723601 0.0723601 2 2 0
367.93 0.0723715 0.0723715 2 2 0
368.03 0.0723828 0.0723828 2 2 0
368.13 0.0723941 0.0723941 2 2 0
368.23 0.0724053 0.0724053 2 2 0
368.33 0.0724165 0.0724165 2 2 0
368.43 0.0724276 0.0724276 2 2 0
368.53 0.0724387 0.0724387 2 2 0
368.63 0.0724497 0.0724497 2 2 0
368.73 0.0724606 0.0724606 2 2 0
368.83 0.0724715 0.0724715 2 2 0
368.93 0.0724823 0.0724823 2 2 0
369.03 0.0724931 0.0724931 2 2 0
369.13 0.0725039 0.0725039 2 2 0
369.23 0.0725145 0.0725145 2 2 0
369.33 0.0725252 0.0725252 2 2 0
369.43 0.0725357 0.0725357 2 2 0
369.53 0.0725463 0.0725463 2 2 0
369.63 0.0725567 0.0725567 2 2 0
369.73 0.0725672 0.0725672 2 2 0
369.83 0.0725776 0.0725776 2 2 0
369.93 0.0725879 0.0725879 2 2 0
370.03 0.0725982 0.0725982 2 2 0
370.13 0.0726084 0.0726084 2 2 0
370.23 0.0726186 0.0726186 2 2 0
370.33 0.0726288 0.0726288 2 2 0
370.43 0.0726389 0.0726389 2 2 0
370.53 0.072649 0.072649 2 2 0
370.63 0.072659 0.072659 2 2 0
370.73 0.072669 0.072669 2 2 0
370.83 0.0726789 0.0726789 2 2 0
370.93 0.0726888 0.0726888 2 2 0
371.03 0.0726987 0.0726987 2 2 0
371.13 0.0727085 0.0727085 2 2 0
371.23 0.0727183 0.0727183 2 2 0
371.33 0.072728 0.072728 2 2 0
371.43 0.0727377 0.0727377 2 2 0
371.53 0.0727474 0.0727474 2 2 0
371.63 0.072757 0.072757 2 2 0
371.73 0.0727666 0.0727666 2 2 0
371.83 0.0727761 0.0727761 2 2 0
371.93 0.0727856 0.0727856 2 2 0
372.03 0.0727951 0.0727951 2 2 0
372.13 0.0728045 0.0728045 2 2 0
372.23 0.072814 0.072814 2 2 0
372.33 0.0728233 0.0728233 2 2 0
372.43 0.0728327 0.0728327 2 2 0
372.53 0.0728419 0.0728419 2 2 0
372.63 0.0728512 0.0728512 2 2 0
372.73 0.0728604 0.0728604 2 2 0
372.83 0.0728696 0.0728696 2 2 0
372.93 0.0728788 0.0728788 2 2 0
373.03 0.0728879 0.0728879 2 2 0
373.13 0.072897 0.072897 2 2 0
373.23 0.0729061 0.0729061 2 2 0
373.33 0.0729151 0.0729151 2 2 0
373.43 0.0729241 0.0729241 2 2 0
373.53 0.0729331 0.0729331 2 2 0
373.63 0.072942 0.072942 2 2 0
373.73 0.072951 0.072951 2 2 0
373.83 0.0729598 0.0729598 2 2 0
373.93 0.0729687 0.0729687 2 2 0
374.03 0.0729775 0.0729775 2 2 0
374.13 0.0729863 0.0729863 2 2 0
374.23 0.0729951 0.0729951 2 2 0
374.33 0.0730038 0.0730038 2 2 0
374.43 0.0730125 0.0730125 2 2 0
374.53 0.0730212 0.0730212 2 2 0
374.63 0.0730298 0.0730298 2 2 0
374.73 0.0730384 0.0730384 2 2 0
374.83 0.073047 0.073047 2 2 0
374.93 0.0730556 0.0730556 2 2 0
375.03 0.0730641 0.0730641 2 2 0
375.13 0.0730726 0.0730726 2 2 0
375.23 0.0730811 0.0730811 2 2 0
375.33 0.0730896 0.0730896 2 2 0
375.43 0.073098 0.073098 2 2 0
375.53 0.0731064 0.0731064 2 2 0
375.63 0.0731148 0.0731148 2 2 0
375.73 0.0731231 0.0731231 2 2 0
375.83 0.0731315 0.0731315 2 2 0
375.93 0.0731398 0.0731398 2 2 0
376.03 0.073148 0.073148 2 2 0
376.13 0.0731563 0.0731563 2 2 0
376.23 0.0731645 0.0731645 2 2 0
376.33 0.0731727 0.0731727 2 2 0
376.43 0.0731809 0.0731809 2 2 0
376.53 0.0731891 0.0731891 2 2 0
376.63 0.0731972 0.0731972 2 2 0
376.73 0.0732053 0.0732053 2 2 0
376.83 0.0732134 0.0732134 2 2 0
376.93 0.0732214 0.0732214 2 2 0
377.03 0.0732295 0.0732295 2 2 0
377.13 0.0732375 0.0732375 2 2 0
377.23 0.0732455 0.0732455 2 2 0
377.33 0.0732535 0.0732535 2 2 0
377.43 0.0732614 0.0732614 2 2 0
377.53 0.0732693 0.0732693 2 2 0
377.63 0.0732772 0.0732772 2 2 0
377.73 0.0732851 0.0732851 2 2 0
377.83 0.073293 0.073293 2 2 0
377.93 0.0733008 0.0733008 2 2 0
378.03 0.0733086 0.0733086 2 2 0
378.13 0.0733164 0.0733164 2 2 0
378.23 0.0733242 0.0733242 2 2 0
378.33 0.073332 0.073332 2 2 0
378.43 0.0733397 0.0733397 2 2 0
378.53 0.0733474 0.0733474 2 2 0
358.899 0.0703805 0.0703805 2 2 0
355.909 0.999671 0.999671 2 2 0
355.871 0.99967 0.99967 2 2 0
355.859 0.99967 0.99967 2 2 0
355.839 0.99967 0.99967 2 2 0
355.799 0.999669 0.999669 2 2 0
355.719 0.999669 0.999669 2 2 0
355.619 0.999668 0.999668 2 2 0
355.519 0.999667 0.999667 2 2 0
355.419 0.999666 0.999666 2 2 0
355.319 0.999665 0.999665 2 2 0
355.219 0.999664 0.999664 2 2 0
355.119 0.999663 0.999663 2 2 0
355.019 0.999662 0.999662 2 2 0
354.919 0.999661 0.999661 2 2 0
354.819 0.99966 0.99966 2 2 0
354.719 0.999659 0.999659 2 2 0
354.619 0.999658 0.999658 2 2 0
354.519 0.999657 0.999657 2 2 0
354.419 0.999655 0.999655 2 2 0
354.319 0.999654 0.999654 2 2 0
354.219 0.999653 0.999653 2 2 0
354.119 0.999652 0.999652 2 2 0
354.019 0.999651 0.999651 2 2 0
353.919 0.99965 0.99965 2 2 0
353.819 0.999649 0.999649 2 2 0
353.719 0.999648 0.999648 2 2 0
353.619 0.999647 0.999647 2 2 0
353.519 0.999646 0.999646 2 2 0
353.419 0.999645 0.999645 2 2 0
353.319 0.999644 0.999644 2 2 0
353.219 0.999643 0.999643 2 2 0
353.119 0.999642 0.999642 2 2 0
353.019 0.999641 0.999641 2 2 0
352.919 0.99964 0.99964 2 2 0
352.819 0.999639 0.999639 2 2 0
352.719 0.999637 0.999637 2 2 0
352.619 0.999636 0.999636 2 2 0
352.519 0.999635 0.999635 2 2 0
352.419 0.999634 0.999634 2 2 0
352.319 0.999633 0.999633 2 2 0
352.219 0.999632 0.999632 2 2 0
352.119 0.999631 0.999631 2 2 0
352.019 0.99963 0.99963 2 2 0
351.919 0.999629 0.999629 2 2 0
351.819 0.999628 0.999628 2 2 0
351.719 0.999626 0.999626 2 2 0
351.619 0.999625 0.999625 2 2 0
351.519 0.999624 0.999624 2 2 0
351.419 0.999623 0.999623 2 2 0
351.319 0.999622 0.999622 2 2 0
351.219 0.999621 0.999621 2 2 0
351.119 0.99962 0.99962 2 2 0
351.019 0.999618 0.999618 2 2 0
350.919 0.999617 0.999617 2 2 0
350.819 0.999616 0.999616 2 2 0
350.719 0.999615 0.999615 2 2 0
350.619 0.999614 0.999614 2 2 0
350.519 0.999613 0.999613 2 2 0
350.419 0.999612 0.999612 2 2 0
350.319 0.99961 0.99961 2 2 0
350.219 0.999609 0.999609 2 2 0
350.119 0.999608 0.999608 2 2 0
350.019 0.999607 0.999607 2 2 0
349.919 0.999606 0.999606 2 2 0
349.819 0.999604 0.999604 2 2 0
349.719 0.999603 0.999603 2 2 0
349.619 0.999602 0.999602 2 2 0
349.519 0.999601 0.999601 2 2 0
349.419 0.9996 0.9996 2 2 0
349.319 0.999599 0.999599 2 2 0
349.219 0.999597 0.999597 2 2 0
349.119 0.999596 0.999596 2 2 0
349.019 0.999595 0.999595 2 2 0
348.919 0.999594 0.999594 2 2 0
348.819 0.999592 0.999592 2 2 0
348.719 0.999591 0.999591 2 2 0
348.619 0.99959 0.99959 2 2 0
348.519 0.999589 0.999589 2 2 0
348.419 0.999588 0.999588 2 2 0
348.319 0.999586 0.999586 2 2 0
348.219 0.999585 0.999585 2 2 0
348.119 0.999584 0.999584 2 2 0
348.019 0.999583 0.999583 2 2 0
347.919 0.999581 0.999581 2 2 0
347.819 0.99958 0.99958 2 2 0
347.719 0.999579 0.999579 2 2 0
347.619 0.999578 0.999578 2 2 0
347.519 0.999576 0.999576 2 2 0
347.419 0.999575 0.999575 2 2 0
347.319 0.999574 0.999574 2 2 0
347.219 0.999572 0.999572 2 2 0
347.119 0.999571 0.999571 2 2 0
347.019 0.99957 0.99957 2 2 0
346.919 0.999569 0.999569 2 2 0
346.819 0.999567 0.999567 2 2 0
346.719 0.999566 0.999566 2 2 0
346.619 0.999565 0.999565 2 2 0
346.519 0.999563 0.999563 2 2 0
346.419 0.999562 0.999562 2 2 0
346.319 0.999561 0.999561 2 2 0
346.219 0.999559 0.999559 2 2 0
346.119 0.999558 0.999558 2 2 0
346.019 0.999557 0.999557 2 2 0
345.919 0.999555 0.999555 2 2 0
345.819 0.999554 0.999554 2 2 0
345.719 0.999553 0.999553 2 2 0
345.619 0.999551 0.999551 2 2 0
345.519 0.99955 0.99955 2 2 0
345.419 0.999549 0.999549 2 2 0
345.319 0.999547 0.999547 2 2 0
345.219 0.999546 0.999546 2 2 0
345.119 0.999545 0.999545 2 2 0
345.019 0.999543 0.999543 2 2 0
344.919 0.999542 0.999542 2 2 0
344.819 0.99954 0.99954 2 2 0
344.719 0.999539 0.999539 2 2 0
344.619 0.999538 0.999538 2 2 0
344.519 0.999536 0.999536 2 2 0
344.419 0.999535 0.999535 2 2 0
344.319 0.999534 0.999534 2 2 0
344.219 0.999532 0.999532 2 2 0
344.119 0.999531 0.999531 2 2 0
344.019 0.999529 0.999529 2 2 0
343.919 0.999528 0.999528 2 2 0
343.819 0.999526 0.999526 2 2 0
343.719 0.999525 0.999525 2 2 0
343.619 0.999524 0.999524 2 2 0
343.519 0.999522 0.999522 2 2 0
343.419 0.999521 0.999521 2 2 0
343.319 0.999519 0.999519 2 2 0
343.219 0.999518 0.999518 2 2 0
343.119 0.999516 0.999516 2 2 0
343.019 0.999515 0.999515 2 2 0
342.919 0.999514 0.999514 2 2 0
342.819 0.999512 0.999512 2 2 0
342.719 0.999511 0.999511 2 2 0
342.619 0.999509 0.999509 2 2 0
342.519 0.999508 0.999508 2 2 0
342.419 0.999506 0.999506 2 2 0
342.319 0.999505 0.999505 2 2 0
342.219 0.999503 0.999503 2 2 0
342.119 0.999502 0.999502 2 2 0
342.019 0.9995 0.9995 2 2 0
341.919 0.999499 0.999499 2 2 0
341.819 0.999497 0.999497 2 2 0
341.719 0.999496 0.999496 2 2 0
341.619 0.999494 0.999494 2 2 0
341.519 0.999493 0.999493 2 2 0
341.419 0.999491 0.999491 2 2 0
341.319 0.99949 0.99949 2 2 0
341.219 0.999488 0.999488 2 2 0
341.119 0.999487 0.999487 2 2 0
341.019 0.999485 0.999485 2 2 0
340.919 0.999483 0.999483 2 2 0
340.819 0.999482 0.999482 2 2 0
340.719 0.99948 0.99948 2 2 0
340.619 0.999479 0.999479 2 2 0
340.519 0.999477 0.999477 2 2 0
340.419 0.999476 0.999476 2 2 0
340.319 0.999474 0.999474 2 2 0
340.219 0.999472 0.999472 2 2 0
340.119 0.999471 0.999471 2 2 0
340.019 0.999469 0.999469 2 2 0
339.919 0.999468 0.999468 2 2 0
339.819 0.999466 0.999466 2 2 0
339.719 0.999465 0.999465 2 2 0
339.619 0.999463 0.999463 2 2 0
339.519 0.999461 0.999461 2 2 0
339.419 0.99946 0.99946 2 2 0
339.319 0.999458 0.999458 2 2 0
339.219 0.999456 0.999456 2 2 0
339.119 0.999455 0.999455 2 2 0
339.019 0.999453 0.999453 2 2 0
338.919 0.999452 0.999452 2 2 0
338.819 0.99945 0.99945 2 2 0
338.719 0.999448 0.999448 2 2 0
338.619 0.999447 0.999447 2 2 0
338.519 0.999445 0.999445 2 2 0
338.419 0.999443 0.999443 2 2 0
338.319 0.999442 0.999442 2 2 0
338.219 0.99944 0.99944 2 2 0
338.119 0.999438 0.999438 2 2 0
338.019 0.999437 0.999437 2 2 0
337.919 0.999435 0.999435 2 2 0
337.819 0.999433 0.999433 2 2 0
337.719 0.999431 0.999431 2 2 0
337.619 0.99943 0.99943 2 2 0
337.519 0.999428 0.999428 2 2 0
337.419 0.999426 0.999426 2 2 0
337.319 0.999425 0.999425 2 2 0
337.219 0.999423 0.999423 2 2 0
337.119 0.999421 0.999421 2 2 0
337.019 0.999419 0.999419 2 2 0
336.919 0.999418 0.999418 2 2 0
336.819 0.999416 0.999416 2 2 0
336.719 0.999414 0.999414 2 2 0
336.619 0.999412 0.999412 2 2 0
336.519 0.999411 0.999411 2 2 0
336.419 0.999409 0.999409 2 2 0
378.556 0.0733494 0.0733494 2 2 0
378.516 0.0733464 0.0733464 2 2 0
378.476 0.0733433 0.0733433 2 2 0
378.396 0.0733371 0.0733371 2 2 0
378.296 0.0733294 0.0733294 2 2 0
378.196 0.0733216 0.0733216 2 2 0
378.096 0.0733138 0.0733138 2 2 0
377.996 0.073306 0.073306 2 2 0
377.896 0.0732982 0.0732982 2 2 0
377.796 0.0732903 0.0732903 2 2 0
377.696 0.0732825 0.0732825 2 2 0
377.596 0.0732746 0.0732746 2 2 0
377.496 0.0732667 0.0732667 2 2 0
377.396 0.0732587 0.0732587 2 2 0
377.296 0.0732508 0.0732508 2 2 0
377.196 0.0732428 0.0732428 2 2 0
377.096 0.0732348 0.0732348 2 2 0
376.996 0.0732268 0.0732268 2 2 0
376.896 0.0732187 0.0732187 2 2 0
376.796 0.0732107 0.0732107 2 2 0
376.696 0.0732026 0.0732026 2 2 0
376.596 0.0731945 0.0731945 2 2 0
376.496 0.0731863 0.0731863 2 2 0
376.396 0.0731782 0.0731782 2 2 0
376.296 0.07317 0.07317 2 2 0
376.196 0.0731618 0.0731618 2 2 0
376.096 0.0731535 0.0731535 2 2 0
375.996 0.0731453 0.0731453 2 2 0
375.896 0.073137 0.073137 2 2 0
375.796 0.0731287 0.0731287 2 2 0
375.696 0.0731203 0.0731203 2 2 0
375.596 0.073112 0.073112 2 2 0
375.496 0.0731036 0.0731036 2 2 0
375.396 0.0730952 0.0730952 2 2 0
375.296 0.0730867 0.0730867 2 2 0
375.196 0.0730783 0.0730783 2 2 0
375.096 0.0730698 0.0730698 2 2 0
374.996 0.0730613 0.0730613 2 2 0
374.896 0.0730527 0.0730527 2 2 0
374.796 0.0730441 0.0730441 2 2 0
374.696 0.0730355 0.0730355 2 2 0
374.596 0.0730269 0.0730269 2 2 0
374.496 0.0730183 0.0730183 2 2 0
374.396 0.0730096 0.0730096 2 2 0
374.296 0.0730009 0.0730009 2 2 0
374.196 0.0729921 0.0729921 2 2 0
374.096 0.0729833 0.0729833 2 2 0
373.996 0.0729745 0.0729745 2 2 0
373.896 0.0729657 0.0729657 2 2 0
373.796 0.0729569 0.0729569 2 2 0
373.696 0.072948 0.072948 2 2 0
373.596 0.072939 0.072939 2 2 0
373.496 0.0729301 0.0729301 2 2 0
373.396 0.0729211 0.0729211 2 2 0
373.296 0.0729121 0.0729121 2 2 0
373.196 0.0729031 0.0729031 2 2 0
373.096 0.072894 0.072894 2 2 0
372.996 0.0728849 0.0728849 2 2 0
372.896 0.0728757 0.0728757 2 2 0
372.796 0.0728666 0.0728666 2 2 0
372.696 0.0728573 0.0728573 2 2 0
372.596 0.0728481 0.0728481 2 2 0
372.496 0.0728388 0.0728388 2 2 0
372.396 0.0728295 0.0728295 2 2 0
372.296 0.0728202 0.0728202 2 2 0
372.196 0.0728108 0.0728108 2 2 0
372.096 0.0728014 0.0728014 2 2 0
371.996 0.0727919 0.0727919 2 2 0
371.896 0.0727824 0.0727824 2 2 0
371.796 0.0727729 0.0727729 2 2 0
371.696 0.0727634 0.0727634 2 2 0
371.596 0.0727538 0.0727538 2 2 0
371.496 0.0727441 0.0727441 2 2 0
371.396 0.0727345 0.0727345 2 2 0
371.296 0.0727247 0.0727247 2 2 0
371.196 0.072715 0.072715 2 2 0
371.096 0.0727052 0.0727052 2 2 0
370.996 0.0726954 0.0726954 2 2 0
370.896 0.0726855 0.0726855 2 2 0
370.796 0.0726756 0.0726756 2 2 0
370.696 0.0726656 0.0726656 2 2 0
370.596 0.0726556 0.0726556 2 2 0
370.496 0.0726456 0.0726456 2 2 0
370.396 0.0726355 0.0726355 2 2 0
370.296 0.0726254 0.0726254 2 2 0
370.196 0.0726152 0.0726152 2 2 0
370.096 0.072605 0.072605 2 2 0
369.996 0.0725947 0.0725947 2 2 0
369.896 0.0725844 0.0725844 2 2 0
369.796 0.0725741 0.0725741 2 2 0
369.696 0.0725637 0.0725637 2 2 0
369.596 0.0725532 0.0725532 2 2 0
369.496 0.0725427 0.0725427 2 2 0
369.396 0.0725322 0.0725322 2 2 0
369.296 0.0725216 0.0725216 2 2 0
369.196 0.072511 0.072511 2 2 0
369.096 0.0725003 0.0725003 2 2 0
368.996 0.0724895 0.0724895 2 2 0
368.896 0.0724787 0.0724787 2 2 0
368.796 0.0724679 0.0724679 2 2 0
368.696 0.072457 0.072457 2 2 0
368.596 0.072446 0.072446 2 2 0
368.496 0.072435 0.072435 2 2 0
368.396 0.0724239 0.0724239 2 2 0
368.296 0.0724128 0.0724128 2 2 0
368.196 0.0724016 0.0724016 2 2 0
368.096 0.0723903 0.0723903 2 2 0
367.996 0.072379 0.072379 2 2 0
367.896 0.0723676 0.0723676 2 2 0
367.796 0.0723562 0.0723562 2 2 0
367.696 0.0723447 0.0723447 2 2 0
367.596 0.0723332 0.0723332 2 2 0
367.496 0.0723215 0.0723215 2 2 0
367.396 0.0723098 0.0723098 2 2 0
367.296 0.0722981 0.0722981 2 2 0
367.196 0.0722863 0.0722863 2 2 0
367.096 0.0722744 0.0722744 2 2 0
366.996 0.0722624 0.0722624 2 2 0
366.896 0.0722504 0.0722504 2 2 0
366.796 0.0722382 0.0722382 2 2 0
366.696 0.072226 0.072226 2 2 0
366.596 0.0722138 0.0722138 2 2 0
366.496 0.0722014 0.0722014 2 2 0
366.396 0.072189 0.072189 2 2 0
366.296 0.0721765 0.0721765 2 2 0
366.196 0.0721639 0.0721639 2 2 0
366.096 0.0721513 0.0721513 2 2 0
365.996 0.0721385 0.0721385 2 2 0
365.896 0.0721257 0.0721257 2 2 0
365.796 0.0721127 0.0721127 2 2 0
365.696 0.0720997 0.0720997 2 2 0
365.596 0.0720866 0.0720866 2 2 0
365.496 0.0720734 0.0720734 2 2 0
365.396 0.0720601 0.0720601 2 2 0
365.296 0.0720467 0.0720467 2 2 0
365.196 0.0720332 0.0720332 2 2 0
365.096 0.0720195 0.0720195 2 2 0
364.996 0.0720058 0.0720058 2 2 0
364.896 0.071992 0.071992 2 2 0
364.796 0.071978 0.071978 2 2 0
364.696 0.071964 0.071964 2 2 0
364.596 0.0719498 0.0719498 2 2 0
364.496 0.0719355 0.0719355 2 2 0
364.396 0.0719211 0.0719211 2 2 0
364.296 0.0719066 0.0719066 2 2 0
364.196 0.0718919 0.0718919 2 2 0
364.096 0.0718771 0.0718771 2 2 0
363.996 0.0718621 0.0718621 2 2 0
363.896 0.071847 0.071847 2 2 0
363.796 0.0718318 0.0718318 2 2 0
363.696 0.0718164 0.0718164 2 2 0
363.596 0.0718009 0.0718009 2 2 0
363.496 0.0717852 0.0717852 2 2 0
363.396 0.0717693 0.0717693 2 2 0
363.296 0.0717533 0.0717533 2 2 0
363.196 0.071737 0.071737 2 2 0
363.096 0.0717206 0.0717206 2 2 0
362.996 0.0717041 0.0717041 2 2 0
362.896 0.0716873 0.0716873 2 2 0
362.796 0.0716703 0.0716703 2 2 0
362.696 0.0716531 0.0716531 2 2 0
362.596 0.0716357 0.0716357 2 2 0
362.496 0.071618 0.071618 2 2 0
362.396 0.0716002 0.0716002 2 2 0
362.296 0.071582 0.071582 2 2 0
362.196 0.0715636 0.0715636 2 2 0
362.096 0.071545 0.071545 2 2 0
361.996 0.0715261 0.0715261 2 2 0
361.896 0.0715068 0.0715068 2 2 0
361.796 0.0714873 0.0714873 2 2 0
361.696 0.0714674 0.0714674 2 2 0
361.596 0.0714472 0.0714472 2 2 0
361.496 0.0714266 0.0714266 2 2 0
361.396 0.0714057 0.0714057 2 2 0
361.296 0.0713843 0.0713843 2 2 0
361.196 0.0713625 0.0713625 2 2 0
361.096 0.0713402 0.0713402 2 2 0
360.996 0.0713175 0.0713175 2 2 0
360.896 0.0712942 0.0712942 2 2 0
360.796 0.0712703 0.0712703 2 2 0
360.696 0.0712459 0.0712459 2 2 0
360.596 0.0712207 0.0712207 2 2 0
360.496 0.0711949 0.0711949 2 2 0
360.396 0.0711682 0.0711682 2 2 0
360.296 0.0711407 0.0711407 2 2 0
360.196 0.0711122 0.0711122 2 2 0
360.096 0.0710827 0.0710827 2 2 0
359.996 0.0710519 0.0710519 2 2 0
359.896 0.0710197 0.0710197 2 2 0
359.796 0.0709859 0.0709859 2 2 0
359.696 0.0709503 0.0709503 2 2 0
359.596 0.0709124 0.0709124 2 2 0
359.496 0.0708717 0.0708717 2 2 0
359.396 0.0708276 0.0708276 2 2 0
359.296 0.0707789 0.0707789 2 2 0
359.196 0.0707238 0.0707238 2 2 0
359.096 0.0706586 0.0706586 2 2 0
358.996 0.0705732 0.0705732 2 2 0
358.946 0.0705125 0.0705125 2 2 0
358.909 0.0704362 0.0704362 2 2 0
378.556 0.0733494 0.0733494 2 2 0
378.596 0.0733525 0.0733525 2 2 0
378.636 0.0733556 0.0733556 2 2 0
378.716 0.0733617 0.0733617 2 2 0
378.816 0.0733694 0.0733694 2 2 0
378.916 0.073377 0.073377 2 2 0
379.016 0.0733846 0.0733846 2 2 0
379.116 0.0733922 0.0733922 2 2 0
379.216 0.0733998 0.0733998 2 2 0
379.316 0.0734074 0.0734074 2 2 0
379.416 0.0734149 0.0734149 2 2 0
379.516 0.0734224 0.0734224 2 2 0
379.616 0.0734299 0.0734299 2 2 0
379.716 0.0734374 0.0734374 2 2 0
379.816 0.0734448 0.0734448 2 2 0
379.916 0.0734523 0.0734523 2 2 0
380.016 0.0734597 0.0734597 2 2 0
380.116 0.0734671 0.0734671 2 2 0
380.216 0.0734745 0.0734745 2 2 0
380.316 0.0734819 0.0734819 2 2 0
380.416 0.0734892 0.0734892 2 2 0
380.516 0.0734965 0.0734965 2 2 0
380.616 0.0735039 0.0735039 2 2 0
380.716 0.0735112 0.0735112 2 2 0
380.816 0.0735184 0.0735184 2 2 0
380.916 0.0735257 0.0735257 2 2 0
381.016 0.0735329 0.0735329 2 2 0
381.116 0.0735402 0.0735402 2 2 0
381.216 0.0735474 0.0735474 2 2 0
381.316 0.0735546 0.0735546 2 2 0
381.416 0.0735617 0.0735617 2 2 0
381.516 0.0735689 0.0735689 2 2 0
381.616 0.073576 0.073576 2 2 0
381.716 0.0735832 0.0735832 2 2 0
381.816 0.0735903 0.0735903 2 2 0
381.916 0.0735974 0.0735974 2 2 0
382.016 0.0736044 0.0736044 2 2 0
382.116 0.0736115 0.0736115 2 2 0
382.216 0.0736185 0.0736185 2 2 0
382.316 0.0736256 0.0736256 2 2 0
382.416 0.0736326 0.0736326 2 2 0
382.516 0.0736396 0.0736396 2 2 0
382.616 0.0736465 0.0736465 2 2 0
382.716 0.0736535 0.0736535 2 2 0
382.816 0.0736605 0.0736605 2 2 0
382.916 0.0736674 0.0736674 2 2 0
383.016 0.0736743 0.0736743 2 2 0
383.116 0.0736812 0.0736812 2 2 0
383.216 0.0736881 0.0736881 2 2 0
383.316 0.073695 0.073695 2 2 0
383.416 0.0737018 0.0737018 2 2 0
383.516 0.0737087 0.0737087 2 2 0
383.616 0.0737155 0.0737155 2 2 0
383.716 0.0737223 0.0737223 2 2 0
383.816 0.0737291 0.0737291 2 2 0
383.916 0.0737359 0.0737359 2 2 0
384.016 0.0737426 0.0737426 2 2 0
384.116 0.0737494 0.0737494 2 2 0
384.216 0.0737561 0.0737561 2 2 0
384.316 0.0737628 0.0737628 2 2 0
384.416 0.0737696 0.0737696 2 2 0
384.516 0.0737763 0.0737763 2 2 0
384.616 0.0737829 0.0737829 2 2 0
384.716 0.0737896 0.0737896 2 2 0
384.816 0.0737963 0.0737963 2 2 0
384.916 0.0738029 0.0738029 2 2 0
385.016 0.0738095 0.0738095 2 2 0
385.116 0.0738161 0.0738161 2 2 0
385.216 0.0738227 0.0738227 2 2 0
385.316 0.0738293 0.0738293 2 2 0
385.416 0.0738359 0.0738359 2 2 0
385.516 0.0738424 0.0738424 2 2 0
385.616 0.073849 0.073849 2 2 0
385.716 0.0738555 0.0738555 2 2 0
385.816 0.073862 0.073862 2 2 0
385.916 0.0738685 0.0738685 2 2 0
386.016 0.073875 0.073875 2 2 0
386.116 0.0738815 0.0738815 2 2 0
386.216 0.073888 0.073888 2 2 0
386.316 0.0738944 0.0738944 2 2 0
386.416 0.0739008 0.0739008 2 2 0
386.516 0.0739073 0.0739073 2 2 0
386.616 0.0739137 0.0739137 2 2 0
386.716 0.0739201 0.0739201 2 2 0
386.816 0.0739265 0.0739265 2 2 0
386.916 0.0739328 0.0739328 2 2 0
387.016 0.0739392 0.0739392 2 2 0
387.116 0.0739456 0.0739456 2 2 0
387.216 0.0739519 0.0739519 2 2 0
387.316 0.0739582 0.0739582 2 2 0
387.416 0.0739645 0.0739645 2 2 0
387.516 0.0739708 0.0739708 2 2 0
387.616 0.0739771 0.0739771 2 2 0
387.716 0.0739834 0.0739834 2 2 0
387.816 0.0739897 0.0739897 2 2 0
387.916 0.0739959 0.0739959 2 2 0
388.016 0.0740022 0.0740022 2 2 0
388.116 0.0740084 0.0740084 2 2 0
388.216 0.0740146 0.0740146 2 2 0
388.316 0.0740208 0.0740208 2 2 0
388.416 0.074027 0.074027 2 2 0
388.516 0.0740332 0.0740332 2 2 0
388.616 0.0740394 0.0740394 2 2 0
388.716 0.0740455 0.0740455 2 2 0
388.816 0.0740517 0.0740517 2 2 0
388.916 0.0740578 0.0740578 2 2 0
389.016 0.0740639 0.0740639 2 2 0
389.116 0.07407 0.07407 2 2 0
389.216 0.0740761 0.0740761 2 2 0
389.316 0.0740822 0.0740822 2 2 0
389.416 0.0740883 0.0740883 2 2 0
389.516 0.0740944 0.0740944 2 2 0
389.616 0.0741004 0.0741004 2 2 0
389.716 0.0741065 0.0741065 2 2 0
389.816 0.0741125 0.0741125 2 2 0
389.916 0.0741186 0.0741186 2 2 0
390.016 0.0741246 0.0741246 2 2 0
390.116 0.0741306 0.0741306 2 2 0
390.216 0.0741366 0.0741366 2 2 0
390.316 0.0741425 0.0741425 2 2 0
390.416 0.0741485 0.0741485 2 2 0
390.516 0.0741545 0.0741545 2 2 0
390.616 0.0741604 0.0741604 2 2 0
390.716 0.0741664 0.0741664 2 2 0
390.816 0.0741723 0.0741723 2 2 0
390.916 0.0741782 0.0741782 2 2 0
391.016 0.0741841 0.0741841 2 2 0
391.116 0.07419 0.07419 2 2 0
391.216 0.0741959 0.0741959 2 2 0
391.316 0.0742018 0.0742018 2 2 0
391.416 0.0742076 0.0742076 2 2 0
391.516 0.0742135 0.0742135 2 2 0
391.616 0.0742194 0.0742194 2 2 0
391.716 0.0742252 0.0742252 2 2 0
391.816 0.074231 0.074231 2 2 0
391.916 0.0742368 0.0742368 2 2 0
392.016 0.0742426 0.0742426 2 2 0
392.116 0.0742484 0.0742484 2 2 0
392.216 0.0742542 0.0742542 2 2 0
392.316 0.07426 0.07426 2 2 0
392.416 0.0742658 0.0742658 2 2 0
392.516 0.0742715 0.0742715 2 2 0
392.616 0.0742773 0.0742773 2 2 0
392.716 0.074283 0.074283 2 2 0
392.816 0.0742887 0.0742887 2 2 0
392.916 0.0742945 0.0742945 2 2 0
393.016 0.0743002 0.0743002 2 2 0
393.116 0.0743059 0.0743059 2 2 0
393.216 0.0743116 0.0743116 2 2 0
393.316 0.0743172 0.0743172 2 2 0
393.416 0.0743229 0.0743229 2 2 0
393.516 0.0743286 0.0743286 2 2 0
393.616 0.0743342 0.0743342 2 2 0
393.716 0.0743399 0.0743399 2 2 0
393.816 0.0743455 0.0743455 2 2 0
393.916 0.0743511 0.0743511 2 2 0
394.016 0.0743567 0.0743567 2 2 0
394.116 0.0743623 0.0743623 2 2 0
394.216 0.0743679 0.0743679 2 2 0
394.316 0.0743735 0.0743735 2 2 0
394.416 0.0743791 0.0743791 2 2 0
394.516 0.0743847 0.0743847 2 2 0
394.616 0.0743902 0.0743902 2 2 0
394.716 0.0743958 0.0743958 2 2 0
394.816 0.0744013 0.0744013 2 2 0
394.916 0.0744069 0.0744069 2 2 0
395.016 0.0744124 0.0744124 2 2 0
395.116 0.0744179 0.0744179 2 2 0
395.216 0.0744234 0.0744234 2 2 0
395.316 0.0744289 0.0744289 2 2 0
395.416 0.0744344 0.0744344 2 2 0
395.516 0.0744399 0.0744399 2 2 0
395.616 0.0744454 0.0744454 2 2 0
395.716 0.0744508 0.0744508 2 2 0
395.816 0.0744563 0.0744563 2 2 0
395.916 0.0744617 0.0744617 2 2 0
396.016 0.0744672 0.0744672 2 2 0
396.116 0.0744726 0.0744726 2 2 0
396.216 0.074478 0.074478 2 2 0
396.316 0.0744834 0.0744834 2 2 0
396.416 0.0744888 0.0744888 2 2 0
396.516 0.0744942 0.0744942 2 2 0
396.616 0.0744996 0.0744996 2 2 0
396.716 0.074505 0.074505 2 2 0
396.816 0.0745104 0.0745104 2 2 0
396.916 0.0745157 0.0745157 2 2 0
397.016 0.0745211 0.0745211 2 2 0
397.116 0.0745264 0.0745264 2 2 0
397.216 0.0745318 0.0745318 2 2 0
397.316 0.0745371 0.0745371 2 2 0
397.416 0.0745424 0.0745424 2 2 0
397.516 0.0745477 0.0745477 2 2 0
397.616 0.074553 0.074553 2 2 0
397.716 0.0745583 0.0745583 2 2 0
397.816 0.0745636 0.0745636 2 2 0
397.916 0.0745689 0.0745689 2 2 0
398.016 0.0745742 0.0745742 2 2 0
398.116 0.0745794 0.0745794 2 2 0
398.216 0.0745847 0.0745847 2 2 0
398.316 0.07459 0.07459 2 2 0
398.316 0.07459 0.07459 2 2 0
398.356 0.0745921 0.0745921 2 2 0
398.396 0.0745941 0.0745941 2 2 0
398.476 0.0745983 0.0745983 2 2 0
398.576 0.0746036 0.0746036 2 2 0
398.676 0.0746088 0.0746088 2 2 0
398.776 0.074614 0.074614 2 2 0
398.876 0.0746192 0.0746192 2 2 0
398.976 0.0746244 0.0746244 2 2 0
399.076 0.0746296 0.0746296 2 2 0
399.176 0.0746348 0.0746348 2 2 0
399.276 0.07464 0.07464 2 2 0
399.376 0.0746451 0.0746451 2 2 0
399.476 0.0746503 0.0746503 2 2 0
399.576 0.0746554 0.0746554 2 2 0
399.676 0.0746606 0.0746606 2 2 0
399.776 0.0746657 0.0746657 2 2 0
399.876 0.0746709 0.0746709 2 2 0
399.976 0.074676 0.074676 2 2 0
400.076 0.0746811 0.0746811 2 2 0
400.176 0.0746862 0.0746862 2 2 0
400.276 0.0746913 0.0746913 2 2 0
400.376 0.0746964 0.0746964 2 2 0
400.476 0.0747015 0.0747015 2 2 0
400.576 0.0747066 0.0747066 2 2 0
400.676 0.0747116 0.0747116 2 2 0
400.776 0.0747167 0.0747167 2 2 0
400.876 0.0747218 0.0747218 2 2 0
400.976 0.0747268 0.0747268 2 2 0
401.076 0.0747319 0.0747319 2 2 0
401.176 0.0747369 0.0747369 2 2 0
401.276 0.0747419 0.0747419 2 2 0
401.376 0.074747 0.074747 2 2 0
401.476 0.074752 0.074752 2 2 0
401.576 0.074757 0.074757 2 2 0
401.676 0.074762 0.074762 2 2 0
401.776 0.074767 0.074767 2 2 0
401.876 0.074772 0.074772 2 2 0
401.976 0.0747769 0.0747769 2 2 0
402.076 0.0747819 0.0747819 2 2 0
402.176 0.0747869 0.0747869 2 2 0
402.276 0.0747918 0.0747918 2 2 0
402.376 0.0747968 0.0747968 2 2 0
402.476 0.0748017 0.0748017 2 2 0
402.576 0.0748067 0.0748067 2 2 0
402.676 0.0748116 0.0748116 2 2 0
402.776 0.0748165 0.0748165 2 2 0
402.876 0.0748214 0.0748214 2 2 0
402.976 0.0748264 0.0748264 2 2 0
403.076 0.0748313 0.0748313 2 2 0
403.176 0.0748362 0.0748362 2 2 0
403.276 0.0748411 0.0748411 2 2 0
403.376 0.0748459 0.0748459 2 2 0
403.476 0.0748508 0.0748508 2 2 0
403.576 0.0748557 0.0748557 2 2 0
403.676 0.0748606 0.0748606 2 2 0
403.776 0.0748654 0.0748654 2 2 0
403.876 0.0748703 0.0748703 2 2 0
403.976 0.0748751 0.0748751 2 2 0
404.076 0.0748799 0.0748799 2 2 0
404.176 0.0748848 0.0748848 2 2 0
404.276 0.0748896 0.0748896 2 2 0
404.376 0.0748944 0.0748944 2 2 0
404.476 0.0748992 0.0748992 2 2 0
404.576 0.074904 0.074904 2 2 0
404.676 0.0749088 0.0749088 2 2 0
404.776 0.0749136 0.0749136 2 2 0
404.876 0.0749184 0.0749184 2 2 0
404.976 0.0749232 0.0749232 2 2 0
405.076 0.074928 0.074928 2 2 0
405.176 0.0749327 0.0749327 2 2 0
405.276 0.0749375 0.0749375 2 2 0
405.376 0.0749423 0.0749423 2 2 0
405.476 0.074947 0.074947 2 2 0
405.576 0.0749518 0.0749518 2 2 0
405.676 0.0749565 0.0749565 2 2 0
405.776 0.0749612 0.0749612 2 2 0
405.876 0.074966 0.074966 2 2 0
405.976 0.0749707 0.0749707 2 2 0
406.076 0.0749754 0.0749754 2 2 0
406.176 0.0749801 0.0749801 2 2 0
406.276 0.0749848 0.0749848 2 2 0
406.376 0.0749895 0.0749895 2 2 0
406.476 0.0749942 0.0749942 2 2 0
406.576 0.0749989 0.0749989 2 2 0
406.676 0.0750035 0.0750035 2 2 0
406.776 0.0750082 0.0750082 2 2 0
406.876 0.0750129 0.0750129 2 2 0
406.976 0.0750175 0.0750175 2 2 0
407.076 0.0750222 0.0750222 2 2 0
407.176 0.0750268 0.0750268 2 2 0
407.276 0.0750315 0.0750315 2 2 0
407.376 0.0750361 0.0750361 2 2 0
407.476 0.0750407 0.0750407 2 2 0
407.576 0.0750453 0.0750453 2 2 0
407.676 0.07505 0.07505 2 2 0
407.776 0.0750546 0.0750546 2 2 0
407.876 0.0750592 0.0750592 2 2 0
407.976 0.0750638 0.0750638 2 2 0
408.076 0.0750684 0.0750684 2 2 0
408.176 0.0750729 0.0750729 2 2 0
408.276 0.0750775 0.0750775 2 2 0
408.376 0.0750821 0.0750821 2 2 0
408.476 0.0750867 0.0750867 2 2 0
408.576 0.0750912 0.0750912 2 2 0
408.676 0.0750958 0.0750958 2 2 0
408.776 0.0751003 0.0751003 2 2 0
408.876 0.0751049 0.0751049 2 2 0
408.976 0.0751094 0.0751094 2 2 0
409.076 0.075114 0.075114 2 2 0
409.176 0.0751185 0.0751185 2 2 0
409.276 0.075123 0.075123 2 2 0
409.376 0.0751275 0.0751275 2 2 0
409.476 0.0751321 0.0751321 2 2 0
409.576 0.0751366 0.0751366 2 2 0
409.676 0.0751411 0.0751411 2 2 0
409.776 0.0751456 0.0751456 2 2 0
409.876 0.0751501 0.0751501 2 2 0
409.976 0.0751545 0.0751545 2 2 0
410.076 0.075159 0.075159 2 2 0
410.176 0.0751635 0.0751635 2 2 0
410.276 0.075168 0.075168 2 2 0
410.376 0.0751724 0.0751724 2 2 0
410.476 0.0751769 0.0751769 2 2 0
410.576 0.0751813 0.0751813 2 2 0
410.676 0.0751858 0.0751858 2 2 0
410.776 0.0751902 0.0751902 2 2 0
410.876 0.0751947 0.0751947 2 2 0
410.976 0.0751991 0.0751991 2 2 0
411.076 0.0752035 0.0752035 2 2 0
411.176 0.0752079 0.0752079 2 2 0
411.276 0.0752123 0.0752123 2 2 0
411.376 0.0752168 0.0752168 2 2 0
411.476 0.0752212 0.0752212 2 2 0
411.576 0.0752256 0.0752256 2 2 0
411.676 0.07523 0.07523 2 2 0
411.776 0.0752343 0.0752343 2 2 0
411.876 0.0752387 0.0752387 2 2 0
411.976 0.0752431 0.0752431 2 2 0
412.076 0.0752475 0.0752475 2 2 0
412.176 0.0752518 0.0752518 2 2 0
412.276 0.0752562 0.0752562 2 2 0
412.376 0.0752606 0.0752606 2 2 0
412.476 0.0752649 0.0752649 2 2 0
412.576 0.0752693 0.0752693 2 2 0
412.676 0.0752736 0.0752736 2 2 0
412.776 0.0752779 0.0752779 2 2 0
412.876 0.0752823 0.0752823 2 2 0
412.976 0.0752866 0.0752866 2 2 0
413.076 0.0752909 0.0752909 2 2 0
413.176 0.0752952 0.0752952 2 2 0
413.276 0.0752995 0.0752995 2 2 0
413.376 0.0753038 0.0753038 2 2 0
413.476 0.0753081 0.0753081 2 2 0
413.576 0.0753124 0.0753124 2 2 0
413.676 0.0753167 0.0753167 2 2 0
413.776 0.075321 0.075321 2 2 0
413.876 0.0753253 0.0753253 2 2 0
413.976 0.0753296 0.0753296 2 2 0
414.076 0.0753338 0.0753338 2 2 0
414.176 0.0753381 0.0753381 2 2 0
414.276 0.0753424 0.0753424 2 2 0
414.376 0.0753466 0.0753466 2 2 0
414.476 0.0753509 0.0753509 2 2 0
414.576 0.0753551 0.0753551 2 2 0
414.676 0.0753594 0.0753594 2 2 0
414.776 0.0753636 0.0753636 2 2 0
414.876 0.0753678 0.0753678 2 2 0
414.976 0.0753721 0.0753721 2 2 0
415.076 0.0753763 0.0753763 2 2 0
415.176 0.0753805 0.0753805 2 2 0
415.276 0.0753847 0.0753847 2 2 0
415.376 0.0753889 0.0753889 2 2 0
415.476 0.0753931 0.0753931 2 2 0
415.576 0.0753973 0.0753973 2 2 0
415.676 0.0754015 0.0754015 2 2 0
415.776 0.0754057 0.0754057 2 2 0
415.876 0.0754099 0.0754099 2 2 0
415.976 0.0754141 0.0754141 2 2 0
416.076 0.0754182 0.0754182 2 2 0
416.176 0.0754224 0.0754224 2 2 0
416.276 0.0754266 0.0754266 2 2 0
416.376 0.0754307 0.0754307 2 2 0
416.476 0.0754349 0.0754349 2 2 0
416.576 0.075439 0.075439 2 2 0
416.676 0.0754432 0.0754432 2 2 0
416.776 0.0754473 0.0754473 2 2 0
416.876 0.0754514 0.0754514 2 2 0
416.976 0.0754556 0.0754556 2 2 0
417.076 0.0754597 0.0754597 2 2 0
417.176 0.0754638 0.0754638 2 2 0
417.276 0.0754679 0.0754679 2 2 0
417.376 0.0754721 0.0754721 2 2 0
417.476 0.0754762 0.0754762 2 2 0
417.576 0.0754803 0.0754803 2 2 0
417.676 0.0754844 0.0754844 2 2 0
417.776 0.0754885 0.0754885 2 2 0
417.876 0.0754926 0.0754926 2 2 0
417.976 0.0754966 0.0754966 2 2 0
418.076 0.0755007 0.0755007 2 2 0
418.076 0.0755007 0.0755007 2 2 0
418.116 0.0755024 0.0755024 2 2 0
418.156 0.075504 0.075504 2 2 0
418.236 0.0755072 0.0755072 2 2 0
418.336 0.0755113 0.0755113 2 2 0
418.436 0.0755154 0.0755154 2 2 0
418.536 0.0755194 0.0755194 2 2 0
418.636 0.0755235 0.0755235 2 2 0
418.736 0.0755275 0.0755275 2 2 0
418.836 0.0755316 0.0755316 2 2 0
418.936 0.0755356 0.0755356 2 2 0
419.036 0.0755397 0.0755397 2 2 0
419.136 0.0755437 0.0755437 2 2 0
419.236 0.0755477 0.0755477 2 2 0
419.336 0.0755518 0.0755518 2 2 0
419.436 0.0755558 0.0755558 2 2 0
419.536 0.0755598 0.0755598 2 2 0
419.636 0.0755638 0.0755638 2 2 0
419.736 0.0755678 0.0755678 2 2 0
419.836 0.0755718 0.0755718 2 2 0
419.936 0.0755758 0.0755758 2 2 0
420.036 0.0755798 0.0755798 2 2 0
420.136 0.0755838 0.0755838 2 2 0
420.236 0.0755878 0.0755878 2 2 0
420.336 0.0755918 0.0755918 2 2 0
420.436 0.0755957 0.0755957 2 2 0
420.536 0.0755997 0.0755997 2 2 0
420.636 0.0756037 0.0756037 2 2 0
420.736 0.0756077 0.0756077 2 2 0
420.836 0.0756116 0.0756116 2 2 0
420.936 0.0756156 0.0756156 2 2 0
421.036 0.0756195 0.0756195 2 2 0
421.136 0.0756235 0.0756235 2 2 0
421.236 0.0756274 0.0756274 2 2 0
421.336 0.0756314 0.0756314 2 2 0
421.436 0.0756353 0.0756353 2 2 0
421.536 0.0756392 0.0756392 2 2 0
421.636 0.0756431 0.0756431 2 2 0
421.736 0.0756471 0.0756471 2 2 0
421.836 0.075651 0.075651 2 2 0
421.936 0.0756549 0.0756549 2 2 0
422.036 0.0756588 0.0756588 2 2 0
422.136 0.0756627 0.0756627 2 2 0
422.236 0.0756666 0.0756666 2 2 0
422.336 0.0756705 0.0756705 2 2 0
422.436 0.0756744 0.0756744 2 2 0
422.536 0.0756783 0.0756783 2 2 0
422.636 0.0756822 0.0756822 2 2 0
422.736 0.0756861 0.0756861 2 2 0
422.836 0.0756899 0.0756899 2 2 0
422.936 0.0756938 0.0756938 2 2 0
423.036 0.0756977 0.0756977 2 2 0
423.136 0.0757016 0.0757016 2 2 0
423.236 0.0757054 0.0757054 2 2 0
423.336 0.0757093 0.0757093 2 2 0
423.436 0.0757131 0.0757131 2 2 0
423.536 0.075717 0.075717 2 2 0
423.636 0.0757208 0.0757208 2 2 0
423.736 0.0757247 0.0757247 2 2 0
423.836 0.0757285 0.0757285 2 2 0
423.936 0.0757323 0.0757323 2 2 0
424.036 0.0757362 0.0757362 2 2 0
424.136 0.07574 0.07574 2 2 0
424.236 0.0757438 0.0757438 2 2 0
424.336 0.0757476 0.0757476 2 2 0
424.436 0.0757514 0.0757514 2 2 0
424.536 0.0757552 0.0757552 2 2 0
424.636 0.0757591 0.0757591 2 2 0
424.736 0.0757629 0.0757629 2 2 0
424.836 0.0757666 0.0757666 2 2 0
424.936 0.0757704 0.0757704 2 2 0
425.036 0.0757742 0.0757742 2 2 0
425.136 0.075778 0.075778 2 2 0
425.236 0.0757818 0.0757818 2 2 0
425.336 0.0757856 0.0757856 2 2 0
425.436 0.0757894 0.0757894 2 2 0
425.536 0.0757931 0.0757931 2 2 0
425.636 0.0757969 0.0757969 2 2 0
425.736 0.0758007 0.0758007 2 2 0
425.836 0.0758044 0.0758044 2 2 0
425.936 0.0758082 0.0758082 2 2 0
426.036 0.0758119 0.0758119 2 2 0
426.136 0.0758157 0.0758157 2 2 0
426.236 0.0758194 0.0758194 2 2 0
426.336 0.0758232 0.0758232 2 2 0
426.436 0.0758269 0.0758269 2 2 0
426.536 0.0758306 0.0758306 2 2 0
426.636 0.0758344 0.0758344 2 2 0
426.736 0.0758381 0.0758381 2 2 0
426.836 0.0758418 0.0758418 2 2 0
426.936 0.0758455 0.0758455 2 2 0
427.036 0.0758492 0.0758492 2 2 0
427.136 0.0758529 0.0758529 2 2 0
427.236 0.0758566 0.0758566 2 2 0
427.336 0.0758603 0.0758603 2 2 0
427.436 0.075864 0.075864 2 2 0
427.536 0.0758677 0.0758677 2 2 0
427.636 0.0758714 0.0758714 2 2 0
427.736 0.0758751 0.0758751 2 2 0
427.836 0.0758788 0.0758788 2 2 0
427.936 0.0758825 0.0758825 2 2 0
428.036 0.0758862 0.0758862 2 2 0
428.136 0.0758898 0.0758898 2 2 0
428.236 0.0758935 0.0758935 2 2 0
428.336 0.0758972 0.0758972 2 2 0
428.436 0.0759008 0.0759008 2 2 0
428.536 0.0759045 0.0759045 2 2 0
428.636 0.0759082 0.0759082 2 2 0
428.736 0.0759118 0.0759118 2 2 0
428.836 0.0759155 0.0759155 2 2 0
428.936 0.0759191 0.0759191 2 2 0
429.036 0.0759227 0.0759227 2 2 0
429.136 0.0759264 0.0759264 2 2 0
429.236 0.07593 0.07593 2 2 0
429.336 0.0759336 0.0759336 2 2 0
429.436 0.0759373 0.0759373 2 2 0
429.536 0.0759409 0.0759409 2 2 0
429.636 0.0759445 0.0759445 2 2 0
429.736 0.0759481 0.0759481 2 2 0
429.836 0.0759517 0.0759517 2 2 0
429.936 0.0759553 0.0759553 2 2 0
430.036 0.0759589 0.0759589 2 2 0
430.136 0.0759626 0.0759626 2 2 0
430.236 0.0759661 0.0759661 2 2 0
430.336 0.0759697 0.0759697 2 2 0
430.436 0.0759733 0.0759733 2 2 0
430.536 0.0759769 0.0759769 2 2 0
430.636 0.0759805 0.0759805 2 2 0
430.736 0.0759841 0.0759841 2 2 0
430.836 0.0759877 0.0759877 2 2 0
430.936 0.0759912 0.0759912 2 2 0
431.036 0.0759948 0.0759948 2 2 0
431.136 0.0759984 0.0759984 2 2 0
431.236 0.0760019 0.0760019 2 2 0
431.336 0.0760055 0.0760055 2 2 0
431.436 0.0760091 0.0760091 2 2 0
431.536 0.0760126 0.0760126 2 2 0
431.636 0.0760162 0.0760162 2 2 0
431.736 0.0760197 0.0760197 2 2 0
431.836 0.0760233 0.0760233 2 2 0
431.936 0.0760268 0.0760268 2 2 0
432.036 0.0760303 0.0760303 2 2 0
432.136 0.0760339 0.0760339 2 2 0
432.236 0.0760374 0.0760374 2 2 0
432.336 0.0760409 0.0760409 2 2 0
432.436 0.0760444 0.0760444 2 2 0
432.536 0.076048 0.076048 2 2 0
432.636 0.0760515 0.0760515 2 2 0
432.736 0.076055 0.076055 2 2 0
432.836 0.0760585 0.0760585 2 2 0
432.936 0.076062 0.076062 2 2 0
433.036 0.0760655 0.0760655 2 2 0
433.136 0.076069 0.076069 2 2 0
433.236 0.0760725 0.0760725 2 2 0
433.336 0.076076 0.076076 2 2 0
433.436 0.0760795 0.0760795 2 2 0
433.536 0.076083 0.076083 2 2 0
433.636 0.0760865 0.0760865 2 2 0
433.736 0.0760899 0.0760899 2 2 0
433.836 0.0760934 0.0760934 2 2 0
433.936 0.0760969 0.0760969 2 2 0
434.036 0.0761004 0.0761004 2 2 0
434.136 0.0761038 0.0761038 2 2 0
434.236 0.0761073 0.0761073 2 2 0
434.336 0.0761108 0.0761108 2 2 0
434.436 0.0761142 0.0761142 2 2 0
434.536 0.0761177 0.0761177 2 2 0
434.636 0.0761211 0.0761211 2 2 0
434.736 0.0761246 0.0761246 2 2 0
434.836 0.076128 0.076128 2 2 0
434.936 0.0761314 0.0761314 2 2 0
435.036 0.0761349 0.0761349 2 2 0
435.136 0.0761383 0.0761383 2 2 0
435.236 0.0761418 0.0761418 2 2 0
435.336 0.0761452 0.0761452 2 2 0
435.436 0.0761486 0.0761486 2 2 0
435.536 0.076152 0.076152 2 2 0
435.636 0.0761554 0.0761554 2 2 0
435.736 0.0761589 0.0761589 2 2 0
435.836 0.0761623 0.0761623 2 2 0
435.936 0.0761657 0.0761657 2 2 0
436.036 0.0761691 0.0761691 2 2 0
436.136 0.0761725 0.0761725 2 2 0
436.236 0.0761759 0.0761759 2 2 0
436.336 0.0761793 0.0761793 2 2 0
436.436 0.0761827 0.0761827 2 2 0
436.536 0.0761861 0.0761861 2 2 0
436.636 0.0761895 0.0761895 2 2 0
436.736 0.0761928 0.0761928 2 2 0
436.836 0.0761962 0.0761962 2 2 0
436.936 0.0761996 0.0761996 2 2 0
437.036 0.076203 0.076203 2 2 0
437.136 0.0762064 0.0762064 2 2 0
437.236 0.0762097 0.0762097 2 2 0
437.336 0.0762131 0.0762131 2 2 0
437.436 0.0762165 0.0762165 2 2 0
437.536 0.0762198 0.0762198 2 2 0
437.636 0.0762232 0.0762232 2 2 0
437.736 0.0762265 0.0762265 2 2 0
437.836 0.0762299 0.0762299 2 2 0
437.836 0.0762299 0.0762299 2 2 0
437.876 0.0762312 0.0762312 2 2 0
437.916 0.0762326 0.0762326 2 2 0
437.996 0.0762352 0.0762352 2 2 0
438.156 0.0762406 0.0762406 2 2 0
438.476 0.0762512 0.0762512 2 2 0
438.976 0.0762679 0.0762679 2 2 0
439.476 0.0762844 0.0762844 2 2 0
439.976 0.0763009 0.0763009 2 2 0
440.476 0.0763172 0.0763172 2 2 0
440.976 0.0763336 0.0763336 2 2 0
441.476 0.0763498 0.0763498 2 2 0
441.976 0.076366 0.076366 2 2 0
442.476 0.0763821 0.0763821 2 2 0
442.976 0.0763981 0.0763981 2 2 0
443.476 0.0764141 0.0764141 2 2 0
443.976 0.07643 0.07643 2 2 0
444.476 0.0764458 0.0764458 2 2 0
444.976 0.0764616 0.0764616 2 2 0
445.476 0.0764773 0.0764773 2 2 0
445.976 0.0764929 0.0764929 2 2 0
446.476 0.0765084 0.0765084 2 2 0
446.976 0.0765239 0.0765239 2 2 0
447.476 0.0765394 0.0765394 2 2 0
447.976 0.0765547 0.0765547 2 2 0
448.476 0.07657 0.07657 2 2 0
448.976 0.0765852 0.0765852 2 2 0
449.476 0.0766004 0.0766004 2 2 0
449.976 0.0766155 0.0766155 2 2 0
450.476 0.0766306 0.0766306 2 2 0
450.976 0.0766456 0.0766456 2 2 0
451.476 0.0766605 0.0766605 2 2 0
451.976 0.0766753 0.0766753 2 2 0
452.476 0.0766901 0.0766901 2 2 0
452.976 0.0767049 0.0767049 2 2 0
453.476 0.0767196 0.0767196 2 2 0
453.976 0.0767342 0.0767342 2 2 0
454.476 0.0767488 0.0767488 2 2 0
454.976 0.0767633 0.0767633 2 2 0
455.476 0.0767777 0.0767777 2 2 0
455.976 0.0767921 0.0767921 2 2 0
456.476 0.0768064 0.0768064 2 2 0
456.976 0.0768207 0.0768207 2 2 0
457.476 0.0768349 0.0768349 2 2 0
457.976 0.0768491 0.0768491 2 2 0
458.476 0.0768632 0.0768632 2 2 0
458.976 0.0768773 0.0768773 2 2 0
459.476 0.0768913 0.0768913 2 2 0
459.976 0.0769052 0.0769052 2 2 0
460.476 0.0769191 0.0769191 2 2 0
460.976 0.076933 0.076933 2 2 0
461.476 0.0769467 0.0769467 2 2 0
461.976 0.0769605 0.0769605 2 2 0
462.476 0.0769742 0.0769742 2 2 0
462.976 0.0769878 0.0769878 2 2 0
463.476 0.0770014 0.0770014 2 2 0
463.976 0.0770149 0.0770149 2 2 0
464.476 0.0770284 0.0770284 2 2 0
464.976 0.0770418 0.0770418 2 2 0
465.476 0.0770552 0.0770552 2 2 0
465.976 0.0770685 0.0770685 2 2 0
466.476 0.0770818 0.0770818 2 2 0
466.976 0.077095 0.077095 2 2 0
467.476 0.0771082 0.0771082 2 2 0
467.976 0.0771213 0.0771213 2 2 0
468.476 0.0771344 0.0771344 2 2 0
468.976 0.0771474 0.0771474 2 2 0
469.476 0.0771604 0.0771604 2 2 0
469.976 0.0771734 0.0771734 2 2 0
470.476 0.0771863 0.0771863 2 2 0
470.976 0.0771991 0.0771991 2 2 0
471.476 0.0772119 0.0772119 2 2 0
471.976 0.0772247 0.0772247 2 2 0
472.476 0.0772374 0.0772374 2 2 0
472.976 0.07725 0.07725 2 2 0
473.476 0.0772627 0.0772627 2 2 0
473.976 0.0772752 0.0772752 2 2 0
474.476 0.0772878 0.0772878 2 2 0
474.976 0.0773002 0.0773002 2 2 0
475.476 0.0773127 0.0773127 2 2 0
475.976 0.0773251 0.0773251 2 2 0
476.476 0.0773374 0.0773374 2 2 0
476.976 0.0773497 0.0773497 2 2 0
477.476 0.077362 0.077362 2 2 0
477.976 0.0773742 0.0773742 2 2 0
478.476 0.0773864 0.0773864 2 2 0
478.976 0.0773986 0.0773986 2 2 0
479.476 0.0774107 0.0774107 2 2 0
479.976 0.0774227 0.0774227 2 2 0
480.476 0.0774347 0.0774347 2 2 0
480.976 0.0774467 0.0774467 2 2 0
481.476 0.0774586 0.0774586 2 2 0
481.976 0.0774705 0.0774705 2 2 0
482.476 0.0774824 0.0774824 2 2 0
482.976 0.0774942 0.0774942 2 2 0
483.476 0.077506 0.077506 2 2 0
483.976 0.0775177 0.0775177 2 2 0
484.476 0.0775294 0.0775294 2 2 0
484.976 0.077541 0.077541 2 2 0
485.476 0.0775527 0.0775527 2 2 0
485.976 0.0775642 0.0775642 2 2 0
486.476 0.0775758 0.0775758 2 2 0
486.976 0.0775873 0.0775873 2 2 0
487.476 0.0775987 0.0775987 2 2 0
487.976 0.0776101 0.0776101 2 2 0
488.476 0.0776215 0.0776215 2 2 0
488.976 0.0776329 0.0776329 2 2 0
489.476 0.0776442 0.0776442 2 2 0
489.976 0.0776555 0.0776555 2 2 0
490.476 0.0776667 0.0776667 2 2 0
490.976 0.0776779 0.0776779 2 2 0
491.476 0.0776891 0.0776891 2 2 0
491.976 0.0777002 0.0777002 2 2 0
492.476 0.0777113 0.0777113 2 2 0
492.976 0.0777223 0.0777223 2 2 0
493.476 0.0777333 0.0777333 2 2 0
493.976 0.0777443 0.0777443 2 2 0
494.476 0.0777553 0.0777553 2 2 0
494.976 0.0777662 0.0777662 2 2 0
495.476 0.0777771 0.0777771 2 2 0
495.976 0.0777879 0.0777879 2 2 0
496.476 0.0777987 0.0777987 2 2 0
496.976 0.0778095 0.0778095 2 2 0
497.476 0.0778202 0.0778202 2 2 0
497.976 0.0778309 0.0778309 2 2 0
498.476 0.0778416 0.0778416 2 2 0
498.976 0.0778523 0.0778523 2 2 0
499.476 0.0778629 0.0778629 2 2 0
499.976 0.0778734 0.0778734 2 2 0
500.476 0.077884 0.077884 2 2 0
500.976 0.0778945 0.0778945 2 2 0
501.476 0.077905 0.077905 2 2 0
501.976 0.0779154 0.0779154 2 2 0
502.476 0.0779258 0.0779258 2 2 0
502.976 0.0779362 0.0779362 2 2 0
503.476 0.0779465 0.0779465 2 2 0
503.976 0.0779569 0.0779569 2 2 0
504.476 0.0779671 0.0779671 2 2 0
504.976 0.0779774 0.0779774 2 2 0
505.476 0.0779876 0.0779876 2 2 0
505.976 0.0779978 0.0779978 2 2 0
506.476 0.078008 0.078008 2 2 0
506.976 0.0780181 0.0780181 2 2 0
507.476 0.0780282 0.0780282 2 2 0
507.976 0.0780383 0.0780383 2 2 0
508.476 0.0780483 0.0780483 2 2 0
508.976 0.0780583 0.0780583 2 2 0
509.476 0.0780683 0.0780683 2 2 0
509.976 0.0780782 0.0780782 2 2 0
510.476 0.0780881 0.0780881 2 2 0
510.976 0.078098 0.078098 2 2 0
511.476 0.0781079 0.0781079 2 2 0
511.976 0.0781177 0.0781177 2 2 0
512.476 0.0781275 0.0781275 2 2 0
512.976 0.0781373 0.0781373 2 2 0
513.476 0.078147 0.078147 2 2 0
513.976 0.0781567 0.0781567 2 2 0
514.476 0.0781664 0.0781664 2 2 0
514.976 0.0781761 0.0781761 2 2 0
515.476 0.0781857 0.0781857 2 2 0
515.976 0.0781953 0.0781953 2 2 0
516.476 0.0782048 0.0782048 2 2 0
516.976 0.0782144 0.0782144 2 2 0
517.476 0.0782239 0.0782239 2 2 0
517.976 0.0782334 0.0782334 2 2 0
518.476 0.0782429 0.0782429 2 2 0
518.976 0.0782523 0.0782523 2 2 0
519.476 0.0782617 0.0782617 2 2 0
519.976 0.0782711 0.0782711 2 2 0
520.476 0.0782804 0.0782804 2 2 0
520.976 0.0782897 0.0782897 2 2 0
521.476 0.078299 0.078299 2 2 0
521.976 0.0783083 0.0783083 2 2 0
522.476 0.0783176 0.0783176 2 2 0
522.976 0.0783268 0.0783268 2 2 0
523.476 0.078336 0.078336 2 2 0
523.976 0.0783451 0.0783451 2 2 0
524.476 0.0783543 0.0783543 2 2 0
524.976 0.0783634 0.0783634 2 2 0
525.476 0.0783725 0.0783725 2 2 0
525.976 0.0783815 0.0783815 2 2 0
526.476 0.0783906 0.0783906 2 2 0
526.976 0.0783996 0.0783996 2 2 0
527.476 0.0784086 0.0784086 2 2 0
527.976 0.0784175 0.0784175 2 2 0
528.476 0.0784265 0.0784265 2 2 0
528.976 0.0784354 0.0784354 2 2 0
529.476 0.0784443 0.0784443 2 2 0
529.976 0.0784531 0.0784531 2 2 0
530.476 0.078462 0.078462 2 2 0
530.976 0.0784708 0.0784708 2 2 0
531.476 0.0784796 0.0784796 2 2 0
531.976 0.0784883 0.0784883 2 2 0
532.476 0.0784971 0.0784971 2 2 0
532.976 0.0785058 0.0785058 2 2 0
533.476 0.0785145 0.0785145 2 2 0
533.976 0.0785232 0.0785232 2 2 0
534.476 0.0785318 0.0785318 2 2 0
534.976 0.0785404 0.0785404 2 2 0
535.476 0.078549 0.078549 2 2 0
535.476 0.078549 0.078549 2 2 0
535.516 0.0785497 0.0785497 2 2 0
535.556 0.0785504 0.0785504 2 2 0
535.636 0.0785518 0.0785518 2 2 0
535.796 0.0785545 0.0785545 2 2 0
536.116 0.07856 0.07856 2 2 0
536.616 0.0785685 0.0785685 2 2 0
537.116 0.0785771 0.0785771 2 2 0
537.616 0.0785856 0.0785856 2 2 0
538.116 0.078594 0.078594 2 2 0
538.616 0.0786025 0.0786025 2 2 0
539.116 0.0786109 0.0786109 2 2 0
539.616 0.0786193 0.0786193 2 2 0
540.116 0.0786277 0.0786277 2 2 0
540.616 0.0786361 0.0786361 2 2 0
541.116 0.0786444 0.0786444 2 2 0
541.616 0.0786527 0.0786527 2 2 0
542.116 0.078661 0.078661 2 2 0
542.616 0.0786693 0.0786693 2 2 0
543.116 0.0786776 0.0786776 2 2 0
543.616 0.0786858 0.0786858 2 2 0
544.116 0.078694 0.078694 2 2 0
544.616 0.0787022 0.0787022 2 2 0
545.116 0.0787104 0.0787104 2 2 0
545.616 0.0787185 0.0787185 2 2 0
546.116 0.0787266 0.0787266 2 2 0
546.616 0.0787347 0.0787347 2 2 0
547.116 0.0787428 0.0787428 2 2 0
547.616 0.0787509 0.0787509 2 2 0
548.116 0.0787589 0.0787589 2 2 0
548.616 0.0787669 0.0787669 2 2 0
549.116 0.0787749 0.0787749 2 2 0
549.616 0.0787829 0.0787829 2 2 0
550.116 0.0787909 0.0787909 2 2 0
550.616 0.0787988 0.0787988 2 2 0
551.116 0.0788067 0.0788067 2 2 0
551.616 0.0788146 0.0788146 2 2 0
552.116 0.0788225 0.0788225 2 2 0
552.616 0.0788303 0.0788303 2 2 0
553.116 0.0788382 0.0788382 2 2 0
553.616 0.078846 0.078846 2 2 0
554.116 0.0788538 0.0788538 2 2 0
554.616 0.0788615 0.0788615 2 2 0
555.116 0.0788693 0.0788693 2 2 0
555.616 0.078877 0.078877 2 2 0
556.116 0.0788847 0.0788847 2 2 0
556.616 0.0788924 0.0788924 2 2 0
557.116 0.0789001 0.0789001 2 2 0
557.616 0.0789078 0.0789078 2 2 0
558.116 0.0789154 0.0789154 2 2 0
558.616 0.078923 0.078923 2 2 0
559.116 0.0789306 0.0789306 2 2 0
559.616 0.0789382 0.0789382 2 2 0
560.116 0.0789458 0.0789458 2 2 0
560.616 0.0789533 0.0789533 2 2 0
561.116 0.0789608 0.0789608 2 2 0
561.616 0.0789683 0.0789683 2 2 0
562.116 0.0789758 0.0789758 2 2 0
562.616 0.0789833 0.0789833 2 2 0
563.116 0.0789907 0.0789907 2 2 0
563.616 0.0789982 0.0789982 2 2 0
564.116 0.0790056 0.0790056 2 2 0
564.616 0.079013 0.079013 2 2 0
565.116 0.0790204 0.0790204 2 2 0
565.616 0.0790277 0.0790277 2 2 0
566.116 0.079035 0.079035 2 2 0
566.616 0.0790424 0.0790424 2 2 0
567.116 0.0790497 0.0790497 2 2 0
567.616 0.079057 0.079057 2 2 0
568.116 0.0790642 0.0790642 2 2 0
568.616 0.0790715 0.0790715 2 2 0
569.116 0.0790787 0.0790787 2 2 0
569.616 0.0790859 0.0790859 2 2 0
570.116 0.0790931 0.0790931 2 2 0
570.616 0.0791003 0.0791003 2 2 0
571.116 0.0791075 0.0791075 2 2 0
571.616 0.0791146 0.0791146 2 2 0
572.116 0.0791217 0.0791217 2 2 0
572.616 0.0791288 0.0791288 2 2 0
573.116 0.0791359 0.0791359 2 2 0
573.616 0.079143 0.079143 2 2 0
574.116 0.0791501 0.0791501 2 2 0
574.616 0.0791571 0.0791571 2 2 0
575.116 0.0791641 0.0791641 2 2 0
575.616 0.0791711 0.0791711 2 2 0
576.116 0.0791781 0.0791781 2 2 0
576.616 0.0791851 0.0791851 2 2 0
577.116 0.0791921 0.0791921 2 2 0
577.616 0.079199 0.079199 2 2 0
578.116 0.0792059 0.0792059 2 2 0
578.616 0.0792128 0.0792128 2 2 0
579.116 0.0792197 0.0792197 2 2 0
579.616 0.0792266 0.0792266 2 2 0
580.116 0.0792335 0.0792335 2 2 0
580.616 0.0792403 0.0792403 2 2 0
581.116 0.0792471 0.0792471 2 2 0
581.616 0.0792539 0.0792539 2 2 0
582.116 0.0792607 0.0792607 2 2 0
582.616 0.0792675 0.0792675 2 2 0
583.116 0.0792743 0.0792743 2 2 0
583.616 0.079281 0.079281 2 2 0
584.116 0.0792878 0.0792878 2 2 0
584.616 0.0792945 0.0792945 2 2 0
585.116 0.0793012 0.0793012 2 2 0
585.616 0.0793079 0.0793079 2 2 0
586.116 0.0793145 0.0793145 2 2 0
586.616 0.0793212 0.0793212 2 2 0
587.116 0.0793278 0.0793278 2 2 0
587.616 0.0793345 0.0793345 2 2 0
588.116 0.0793411 0.0793411 2 2 0
588.616 0.0793477 0.0793477 2 2 0
589.116 0.0793542 0.0793542 2 2 0
589.616 0.0793608 0.0793608 2 2 0
590.116 0.0793673 0.0793673 2 2 0
590.616 0.0793739 0.0793739 2 2 0
591.116 0.0793804 0.0793804 2 2 0
591.616 0.0793869 0.0793869 2 2 0
592.116 0.0793934 0.0793934 2 2 0
592.616 0.0793999 0.0793999 2 2 0
593.116 0.0794063 0.0794063 2 2 0
593.616 0.0794128 0.0794128 2 2 0
594.116 0.0794192 0.0794192 2 2 0
594.616 0.0794256 0.0794256 2 2 0
595.116 0.079432 0.079432 2 2 0
595.616 0.0794384 0.0794384 2 2 0
596.116 0.0794448 0.0794448 2 2 0
596.616 0.0794511 0.0794511 2 2 0
597.116 0.0794575 0.0794575 2 2 0
597.616 0.0794638 0.0794638 2 2 0
598.116 0.0794701 0.0794701 2 2 0
598.616 0.0794764 0.0794764 2 2 0
599.116 0.0794827 0.0794827 2 2 0
599.616 0.079489 0.079489 2 2 0
600.116 0.0794952 0.0794952 2 2 0
600.616 0.0795015 0.0795015 2 2 0
601.116 0.0795077 0.0795077 2 2 0
601.616 0.0795139 0.0795139 2 2 0
602.116 0.0795201 0.0795201 2 2 0
602.616 0.0795263 0.0795263 2 2 0
603.116 0.0795325 0.0795325 2 2 0
603.616 0.0795386 0.0795386 2 2 0
604.116 0.0795448 0.0795448 2 2 0
604.616 0.0795509 0.0795509 2 2 0
605.116 0.079557 0.079557 2 2 0
605.616 0.0795631 0.0795631 2 2 0
606.116 0.0795692 0.0795692 2 2 0
606.616 0.0795753 0.0795753 2 2 0
607.116 0.0795814 0.0795814 2 2 0
607.616 0.0795874 0.0795874 2 2 0
608.116 0.0795935 0.0795935 2 2 0
608.616 0.0795995 0.0795995 2 2 0
609.116 0.0796055 0.0796055 2 2 0
609.616 0.0796115 0.0796115 2 2 0
610.116 0.0796175 0.0796175 2 2 0
610.616 0.0796235 0.0796235 2 2 0
611.116 0.0796294 0.0796294 2 2 0
611.616 0.0796354 0.0796354 2 2 0
612.116 0.0796413 0.0796413 2 2 0
612.616 0.0796472 0.0796472 2 2 0
613.116 0.0796532 0.0796532 2 2 0
613.616 0.0796591 0.0796591 2 2 0
614.116 0.0796649 0.0796649 2 2 0
614.616 0.0796708 0.0796708 2 2 0
615.116 0.0796767 0.0796767 2 2 0
615.616 0.0796825 0.0796825 2 2 0
616.116 0.0796884 0.0796884 2 2 0
616.616 0.0796942 0.0796942 2 2 0
617.116 0.0797 0.0797 2 2 0
617.616 0.0797058 0.0797058 2 2 0
618.116 0.0797116 0.0797116 2 2 0
618.616 0.0797173 0.0797173 2 2 0
619.116 0.0797231 0.0797231 2 2 0
619.616 0.0797288 0.0797288 2 2 0
620.116 0.0797346 0.0797346 2 2 0
620.616 0.0797403 0.0797403 2 2 0
621.116 0.079746 0.079746 2 2 0
621.616 0.0797517 0.0797517 2 2 0
622.116 0.0797574 0.0797574 2 2 0
622.616 0.0797631 0.0797631 2 2 0
623.116 0.0797687 0.0797687 2 2 0
623.616 0.0797744 0.0797744 2 2 0
624.116 0.07978 0.07978 2 2 0
624.616 0.0797857 0.0797857 2 2 0
625.116 0.0797913 0.0797913 2 2 0
625.616 0.0797969 0.0797969 2 2 0
626.116 0.0798025 0.0798025 2 2 0
626.616 0.079808 0.079808 2 2 0
627.116 0.0798136 0.0798136 2 2 0
627.616 0.0798192 0.0798192 2 2 0
628.116 0.0798247 0.0798247 2 2 0
628.616 0.0798303 0.0798303 2 2 0
629.116 0.0798358 0.0798358 2 2 0
629.616 0.0798413 0.0798413 2 2 0
630.116 0.0798468 0.0798468 2 2 0
630.616 0.0798523 0.0798523 2 2 0
631.116 0.0798578 0.0798578 2 2 0
631.616 0.0798632 0.0798632 2 2 0
632.116 0.0798687 0.0798687 2 2 0
632.616 0.0798741 0.0798741 2 2 0
633.116 0.0798795 0.0798795 2 2 0
633.116 0.0798795 0.0798795 2 2 0
633.156 0.07988 0.07988 2 2 0
633.196 0.0798804 0.0798804 2 2 0
633.276 0.0798813 0.0798813 2 2 0
633.436 0.079883 0.079883 2 2 0
633.756 0.0798865 0.0798865 2 2 0
634.256 0.0798919 0.0798919 2 2 0
634.756 0.0798973 0.0798973 2 2 0
635.256 0.0799027 0.0799027 2 2 0
635.756 0.079908 0.079908 2 2 0
636.256 0.0799134 0.0799134 2 2 0
636.756 0.0799188 0.0799188 2 2 0
637.256 0.0799241 0.0799241 2 2 0
637.756 0.0799294 0.0799294 2 2 0
638.256 0.0799347 0.0799347 2 2 0
638.756 0.0799401 0.0799401 2 2 0
639.256 0.0799454 0.0799454 2 2 0
639.756 0.0799506 0.0799506 2 2 0
640.256 0.0799559 0.0799559 2 2 0
640.756 0.0799612 0.0799612 2 2 0
641.256 0.0799664 0.0799664 2 2 0
641.756 0.0799717 0.0799717 2 2 0
642.256 0.0799769 0.0799769 2 2 0
642.756 0.0799821 0.0799821 2 2 0
643.256 0.0799873 0.0799873 2 2 0
643.756 0.0799925 0.0799925 2 2 0
644.256 0.0799977 0.0799977 2 2 0
644.756 0.0800029 0.0800029 2 2 0
645.256 0.0800081 0.0800081 2 2 0
645.756 0.0800133 0.0800133 2 2 0
646.256 0.0800184 0.0800184 2 2 0
646.756 0.0800235 0.0800235 2 2 0
647.256 0.0800287 0.0800287 2 2 0
647.756 0.0800338 0.0800338 2 2 0
648.256 0.0800389 0.0800389 2 2 0
648.756 0.080044 0.080044 2 2 0
649.256 0.0800491 0.0800491 2 2 0
649.756 0.0800542 0.0800542 2 2 0
650.256 0.0800592 0.0800592 2 2 0
650.756 0.0800643 0.0800643 2 2 0
651.256 0.0800693 0.0800693 2 2 0
651.756 0.0800744 0.0800744 2 2 0
652.256 0.0800794 0.0800794 2 2 0
652.756 0.0800844 0.0800844 2 2 0
653.256 0.0800894 0.0800894 2 2 0
653.756 0.0800944 0.0800944 2 2 0
654.256 0.0800994 0.0800994 2 2 0
654.756 0.0801044 0.0801044 2 2 0
655.256 0.0801094 0.0801094 2 2 0
655.756 0.0801143 0.0801143 2 2 0
656.256 0.0801193 0.0801193 2 2 0
656.756 0.0801242 0.0801242 2 2 0
657.256 0.0801292 0.0801292 2 2 0
657.756 0.0801341 0.0801341 2 2 0
658.256 0.080139 0.080139 2 2 0
658.756 0.0801439 0.0801439 2 2 0
659.256 0.0801488 0.0801488 2 2 0
659.756 0.0801537 0.0801537 2 2 0
660.256 0.0801586 0.0801586 2 2 0
660.756 0.0801634 0.0801634 2 2 0
661.256 0.0801683 0.0801683 2 2 0
661.756 0.0801731 0.0801731 2 2 0
662.256 0.080178 0.080178 2 2 0
662.756 0.0801828 0.0801828 2 2 0
663.256 0.0801876 0.0801876 2 2 0
663.756 0.0801924 0.0801924 2 2 0
664.256 0.0801972 0.0801972 2 2 0
664.756 0.080202 0.080202 2 2 0
665.256 0.0802068 0.0802068 2 2 0
665.756 0.0802116 0.0802116 2 2 0
666.256 0.0802163 0.0802163 2 2 0
666.756 0.0802211 0.0802211 2 2 0
667.256 0.0802258 0.0802258 2 2 0
667.756 0.0802306 0.0802306 2 2 0
668.256 0.0802353 0.0802353 2 2 0
668.756 0.08024 0.08024 2 2 0
669.256 0.0802447 0.0802447 2 2 0
669.756 0.0802494 0.0802494 2 2 0
670.256 0.0802541 0.0802541 2 2 0
670.756 0.0802588 0.0802588 2 2 0
671.256 0.0802635 0.0802635 2 2 0
671.756 0.0802681 0.0802681 2 2 0
672.256 0.0802728 0.0802728 2 2 0
672.756 0.0802774 0.0802774 2 2 0
673.256 0.0802821 0.0802821 2 2 0
673.756 0.0802867 0.0802867 2 2 0
674.256 0.0802913 0.0802913 2 2 0
674.756 0.0802959 0.0802959 2 2 0
675.256 0.0803005 0.0803005 2 2 0
675.756 0.0803051 0.0803051 2 2 0
676.256 0.0803097 0.0803097 2 2 0
676.756 0.0803143 0.0803143 2 2 0
677.256 0.0803189 0.0803189 2 2 0
677.756 0.0803234 0.0803234 2 2 0
678.256 0.080328 0.080328 2 2 0
678.756 0.0803325 0.0803325 2 2 0
679.256 0.080337 0.080337 2 2 0
679.756 0.0803416 0.0803416 2 2 0
680.256 0.0803461 0.0803461 2 2 0
680.756 0.0803506 0.0803506 2 2 0
681.256 0.0803551 0.0803551 2 2 0
681.756 0.0803596 0.0803596 2 2 0
682.256 0.0803641 0.0803641 2 2 0
682.756 0.0803686 0.0803686 2 2 0
683.256 0.080373 0.080373 2 2 0
683.756 0.0803775 0.0803775 2 2 0
684.256 0.0803819 0.0803819 2 2 0
684.756 0.0803864 0.0803864 2 2 0
685.256 0.0803908 0.0803908 2 2 0
685.756 0.0803953 0.0803953 2 2 0
686.256 0.0803997 0.0803997 2 2 0
686.756 0.0804041 0.0804041 2 2 0
687.256 0.0804085 0.0804085 2 2 0
687.756 0.0804129 0.0804129 2 2 0
688.256 0.0804173 0.0804173 2 2 0
688.756 0.0804216 0.0804216 2 2 0
689.256 0.080426 0.080426 2 2 0
689.756 0.0804304 0.0804304 2 2 0
690.256 0.0804347 0.0804347 2 2 0
690.756 0.0804391 0.0804391 2 2 0
691.256 0.0804434 0.0804434 2 2 0
691.756 0.0804478 0.0804478 2 2 0
692.256 0.0804521 0.0804521 2 2 0
692.756 0.0804564 0.0804564 2 2 0
693.256 0.0804607 0.0804607 2 2 0
693.756 0.080465 0.080465 2 2 0
694.256 0.0804693 0.0804693 2 2 0
694.756 0.0804736 0.0804736 2 2 0
695.256 0.0804779 0.0804779 2 2 0
695.756 0.0804821 0.0804821 2 2 0
696.256 0.0804864 0.0804864 2 2 0
696.756 0.0804907 0.0804907 2 2 0
697.256 0.0804949 0.0804949 2 2 0
697.756 0.0804991 0.0804991 2 2 0
698.256 0.0805034 0.0805034 2 2 0
698.756 0.0805076 0.0805076 2 2 0
699.256 0.0805118 0.0805118 2 2 0
699.756 0.080516 0.080516 2 2 0
700.256 0.0805202 0.0805202 2 2 0
700.756 0.0805244 0.0805244 2 2 0
701.256 0.0805286 0.0805286 2 2 0
701.756 0.0805328 0.0805328 2 2 0
702.256 0.080537 0.080537 2 2 0
702.756 0.0805411 0.0805411 2 2 0
703.256 0.0805453 0.0805453 2 2 0
703.756 0.0805494 0.0805494 2 2 0
704.256 0.0805536 0.0805536 2 2 0
704.756 0.0805577 0.0805577 2 2 0
705.256 0.0805618 0.0805618 2 2 0
705.756 0.0805659 0.0805659 2 2 0
706.256 0.0805701 0.0805701 2 2 0
706.756 0.0805742 0.0805742 2 2 0
707.256 0.0805783 0.0805783 2 2 0
707.756 0.0805824 0.0805824 2 2 0
708.256 0.0805864 0.0805864 2 2 0
708.756 0.0805905 0.0805905 2 2 0
709.256 0.0805946 0.0805946 2 2 0
709.756 0.0805987 0.0805987 2 2 0
710.256 0.0806027 0.0806027 2 2 0
710.756 0.0806068 0.0806068 2 2 0
711.256 0.0806108 0.0806108 2 2 0
711.756 0.0806148 0.0806148 2 2 0
712.256 0.0806189 0.0806189 2 2 0
712.756 0.0806229 0.0806229 2 2 0
713.256 0.0806269 0.0806269 2 2 0
713.756 0.0806309 0.0806309 2 2 0
714.256 0.0806349 0.0806349 2 2 0
714.756 0.0806389 0.0806389 2 2 0
715.256 0.0806429 0.0806429 2 2 0
715.756 0.0806469 0.0806469 2 2 0
716.256 0.0806508 0.0806508 2 2 0
716.756 0.0806548 0.0806548 2 2 0
717.256 0.0806588 0.0806588 2 2 0
717.756 0.0806627 0.0806627 2 2 0
718.256 0.0806667 0.0806667 2 2 0
718.756 0.0806706 0.0806706 2 2 0
719.256 0.0806745 0.0806745 2 2 0
719.756 0.0806784 0.0806784 2 2 0
720.256 0.0806824 0.0806824 2 2 0
720.756 0.0806863 0.0806863 2 2 0
721.256 0.0806902 0.0806902 2 2 0
721.756 0.0806941 0.0806941 2 2 0
722.256 0.080698 0.080698 2 2 0
722.756 0.0807019 0.0807019 2 2 0
723.256 0.0807057 0.0807057 2 2 0
723.756 0.0807096 0.0807096 2 2 0
724.256 0.0807135 0.0807135 2 2 0
724.756 0.0807173 0.0807173 2 2 0
725.256 0.0807212 0.0807212 2 2 0
725.756 0.080725 0.080725 2 2 0
726.256 0.0807289 0.0807289 2 2 0
726.756 0.0807327 0.0807327 2 2 0
727.256 0.0807365 0.0807365 2 2 0
727.756 0.0807403 0.0807403 2 2 0
728.256 0.0807442 0.0807442 2 2 0
728.756 0.080748 0.080748 2 2 0
729.256 0.0807518 0.0807518 2 2 0
729.756 0.0807556 0.0807556 2 2 0
730.256 0.0807593 0.0807593 2 2 0
730.756 0.0807631 0.0807631 2 2 0
