9.389730000000000132e+01 1.152740000000000015e-01 3.942970000000000086e-01
9.389770000000000039e+01 1.154659999999999992e-01 3.941930000000000156e-01
9.389950000000000330e+01 1.157559999999999978e-01 3.940020000000000189e-01
9.390619999999999834e+01 1.163200000000000067e-01 3.936350000000000127e-01
9.391859999999999786e+01 1.169359999999999983e-01 3.932430000000000092e-01
9.401839999999999975e+01 1.194960000000000050e-01 3.915989999999999749e-01
9.411830000000000496e+01 1.211320000000000036e-01 3.905680000000000263e-01
9.421819999999999595e+01 1.224390000000000062e-01 3.897280000000000189e-01
9.431820000000000448e+01 1.236239999999999978e-01 3.889980000000000104e-01
9.441819999999999879e+01 1.247019999999999934e-01 3.883360000000000145e-01
9.451810000000000400e+01 1.256940000000000002e-01 3.877309999999999923e-01
9.461809999999999832e+01 1.266359999999999986e-01 3.871569999999999734e-01
9.471810000000000684e+01 1.275310000000000055e-01 3.866129999999999844e-01
9.481810000000000116e+01 1.283809999999999951e-01 3.861040000000000028e-01
9.491809999999999548e+01 1.292040000000000133e-01 3.856049999999999756e-01
9.501810000000000400e+01 1.299990000000000034e-01 3.851240000000000219e-01
9.511799999999999500e+01 1.308169999999999888e-01 3.846479999999999899e-01
9.521800000000000352e+01 1.315620000000000123e-01 3.841939999999999800e-01
9.531799999999999784e+01 1.322869999999999879e-01 3.837530000000000108e-01
9.541800000000000637e+01 1.330179999999999974e-01 3.833440000000000181e-01
9.551800000000000068e+01 1.337170000000000025e-01 3.829230000000000134e-01
9.561799999999999500e+01 1.344019999999999937e-01 3.825120000000000187e-01
9.571800000000000352e+01 1.350649999999999906e-01 3.821160000000000112e-01
9.581799999999999784e+01 1.357240000000000113e-01 3.817200000000000037e-01
9.591800000000000637e+01 1.363709999999999922e-01 3.813320000000000043e-01
9.601800000000000068e+01 1.369670000000000054e-01 3.809819999999999873e-01
9.611799999999999500e+01 1.375919999999999921e-01 3.806069999999999731e-01
9.621790000000000020e+01 1.382069999999999965e-01 3.802369999999999917e-01
9.631789999999999452e+01 1.387839999999999907e-01 3.798779999999999935e-01
9.641790000000000305e+01 1.393759999999999999e-01 3.795189999999999952e-01
9.651789999999999736e+01 1.399610000000000021e-01 3.791649999999999743e-01
9.661790000000000589e+01 1.405669999999999975e-01 3.788150000000000128e-01
9.671790000000000020e+01 1.411409999999999887e-01 3.784839999999999871e-01
9.681789999999999452e+01 1.417069999999999996e-01 3.781570000000000209e-01
9.691790000000000305e+01 1.423490000000000033e-01 3.778110000000000079e-01
9.701789999999999736e+01 1.428939999999999932e-01 3.774790000000000090e-01
9.711790000000000589e+01 1.434330000000000049e-01 3.771499999999999853e-01
9.721790000000000020e+01 1.439219999999999944e-01 3.768920000000000048e-01
9.731789999999999452e+01 1.444499999999999951e-01 3.765709999999999891e-01
9.741790000000000305e+01 1.449719999999999898e-01 3.762539999999999774e-01
9.751789999999999736e+01 1.454969999999999875e-01 3.759810000000000096e-01
9.761790000000000589e+01 1.460150000000000059e-01 3.756709999999999772e-01
9.771790000000000020e+01 1.465239999999999876e-01 3.753639999999999755e-01
9.781789999999999452e+01 1.469560000000000033e-01 3.750569999999999737e-01
9.791790000000000305e+01 1.474560000000000037e-01 3.747550000000000048e-01
9.801789999999999736e+01 1.479509999999999992e-01 3.744569999999999843e-01
9.811790000000000589e+01 1.484370000000000134e-01 3.741809999999999858e-01
9.821790000000000020e+01 1.489219999999999988e-01 3.738879999999999981e-01
9.831789999999999452e+01 1.494030000000000080e-01 3.735979999999999857e-01
9.841790000000000305e+01 1.498790000000000122e-01 3.733360000000000012e-01
9.851779999999999404e+01 1.503510000000000124e-01 3.730510000000000215e-01
9.861780000000000257e+01 1.508180000000000076e-01 3.727679999999999882e-01
9.871779999999999688e+01 1.512870000000000048e-01 3.725189999999999890e-01
9.881780000000000541e+01 1.517469999999999930e-01 3.722420000000000173e-01
9.891779999999999973e+01 1.522040000000000060e-01 3.719660000000000188e-01
9.901779999999999404e+01 1.526520000000000099e-01 3.717130000000000156e-01
9.911780000000000257e+01 1.531009999999999871e-01 3.714419999999999944e-01
9.921779999999999688e+01 1.535459999999999881e-01 3.711740000000000039e-01
9.931780000000000541e+01 1.539830000000000088e-01 3.709250000000000047e-01
9.941779999999999973e+01 1.544200000000000017e-01 3.706610000000000182e-01
9.951779999999999404e+01 1.548539999999999917e-01 3.703989999999999783e-01
9.961780000000000257e+01 1.552910000000000124e-01 3.701619999999999910e-01
9.971779999999999688e+01 1.557189999999999963e-01 3.699040000000000106e-01
9.981780000000000541e+01 1.561430000000000040e-01 3.696479999999999766e-01
9.991779999999999973e+01 1.565779999999999950e-01 3.694120000000000181e-01
1.000180000000000007e+02 1.569969999999999977e-01 3.691599999999999882e-01
1.001179999999999950e+02 1.574119999999999964e-01 3.689100000000000157e-01
1.002180000000000035e+02 1.578299999999999981e-01 3.686740000000000017e-01
1.003179999999999978e+02 1.582399999999999918e-01 3.684279999999999777e-01
1.004180000000000064e+02 1.586460000000000092e-01 3.681829999999999825e-01
1.005180000000000007e+02 1.590640000000000109e-01 3.679499999999999993e-01
1.006179999999999950e+02 1.594649999999999956e-01 3.677090000000000081e-01
1.007180000000000035e+02 1.598630000000000051e-01 3.674700000000000188e-01
1.008179999999999978e+02 1.602520000000000056e-01 3.672369999999999801e-01
1.009180000000000064e+02 1.606440000000000090e-01 3.670019999999999949e-01
1.010180000000000007e+02 1.610340000000000105e-01 3.667679999999999829e-01
1.011179999999999950e+02 1.613600000000000034e-01 3.665349999999999997e-01
1.012180000000000035e+02 1.617419999999999969e-01 3.663040000000000185e-01
1.013179999999999978e+02 1.621219999999999883e-01 3.660749999999999837e-01
1.014180000000000064e+02 1.625530000000000030e-01 3.658460000000000045e-01
1.015180000000000007e+02 1.629289999999999905e-01 3.656200000000000006e-01
1.016179999999999950e+02 1.633030000000000037e-01 3.653959999999999986e-01
1.017180000000000035e+02 1.636460000000000137e-01 3.651710000000000234e-01
1.018179999999999978e+02 1.640139999999999931e-01 3.649490000000000234e-01
1.019180000000000064e+02 1.643799999999999983e-01 3.647290000000000254e-01
1.020180000000000007e+02 1.647619999999999918e-01 3.644979999999999887e-01
1.021179999999999950e+02 1.651229999999999920e-01 3.642810000000000215e-01
1.021979999999999933e+02 1.654100000000000015e-01 3.641079999999999872e-01
1.022379999999999995e+02 1.655149999999999955e-01 3.640140000000000042e-01
1.022579999999999956e+02 1.655850000000000100e-01 3.639709999999999890e-01
1.022780000000000058e+02 1.656559999999999977e-01 3.639279999999999737e-01
1.022980000000000018e+02 1.657270000000000132e-01 3.638850000000000140e-01
1.023379999999999939e+02 1.659019999999999939e-01 3.638040000000000163e-01
1.024180000000000064e+02 1.661849999999999994e-01 3.636340000000000128e-01
1.025180000000000007e+02 1.665369999999999906e-01 3.634229999999999960e-01
1.026179999999999950e+02 1.668489999999999973e-01 3.631900000000000128e-01
1.027180000000000035e+02 1.671930000000000083e-01 3.629809999999999981e-01
1.028179999999999978e+02 1.675349999999999895e-01 3.627739999999999854e-01
1.029180000000000064e+02 1.678820000000000034e-01 3.625320000000000209e-01
1.030180000000000007e+02 1.682190000000000074e-01 3.623279999999999834e-01
1.031179999999999950e+02 1.685540000000000094e-01 3.621240000000000014e-01
1.032180000000000035e+02 1.688790000000000013e-01 3.619009999999999727e-01
1.033179999999999978e+02 1.692099999999999993e-01 3.617000000000000215e-01
1.034180000000000064e+02 1.695399999999999963e-01 3.614999999999999880e-01
1.035180000000000007e+02 1.698629999999999862e-01 3.612299999999999955e-01
1.036179999999999950e+02 1.701880000000000059e-01 3.610340000000000216e-01
1.037180000000000035e+02 1.705119999999999969e-01 3.608379999999999921e-01
1.038179999999999978e+02 1.708340000000000136e-01 3.606230000000000269e-01
1.039180000000000064e+02 1.711540000000000006e-01 3.604299999999999726e-01
1.040180000000000007e+02 1.714720000000000133e-01 3.602380000000000027e-01
1.041179999999999950e+02 1.717849999999999933e-01 3.599109999999999809e-01
1.042180000000000035e+02 1.721000000000000030e-01 3.597219999999999862e-01
1.043179999999999978e+02 1.724120000000000097e-01 3.595340000000000202e-01
1.044180000000000064e+02 1.727229999999999877e-01 3.593660000000000188e-01
1.045180000000000007e+02 1.730319999999999914e-01 3.591799999999999993e-01
1.046179999999999950e+02 1.733389999999999931e-01 3.589950000000000085e-01
1.047180000000000035e+02 1.736610000000000098e-01 3.588770000000000016e-01
1.048179999999999978e+02 1.739650000000000085e-01 3.586909999999999821e-01
1.049180000000000064e+02 1.742680000000000062e-01 3.585050000000000181e-01
1.050180000000000007e+02 1.745700000000000029e-01 3.584140000000000104e-01
1.051179999999999950e+02 1.748669999999999947e-01 3.582339999999999969e-01
1.052180000000000035e+02 1.751620000000000121e-01 3.580539999999999834e-01
1.053179999999999978e+02 1.754479999999999928e-01 3.578500000000000014e-01
1.054180000000000064e+02 1.757400000000000073e-01 3.576719999999999899e-01
1.055180000000000007e+02 1.760309999999999930e-01 3.574959999999999805e-01
1.056179999999999950e+02 1.763129999999999975e-01 3.573910000000000142e-01
1.057180000000000035e+02 1.766010000000000080e-01 3.572159999999999780e-01
1.058179999999999978e+02 1.768879999999999897e-01 3.570409999999999973e-01
1.059180000000000064e+02 1.771739999999999982e-01 3.569189999999999863e-01
1.060180000000000007e+02 1.774570000000000036e-01 3.567460000000000075e-01
1.061179999999999950e+02 1.777380000000000071e-01 3.565740000000000021e-01
1.062180000000000035e+02 1.780210000000000126e-01 3.563999999999999946e-01
1.063179999999999978e+02 1.782980000000000120e-01 3.562290000000000179e-01
1.064180000000000064e+02 1.785750000000000115e-01 3.560590000000000144e-01
1.065180000000000007e+02 1.788470000000000060e-01 3.558780000000000276e-01
1.066179999999999950e+02 1.791200000000000014e-01 3.557100000000000262e-01
1.067180000000000035e+02 1.793919999999999959e-01 3.555429999999999979e-01
1.068179999999999978e+02 1.796639999999999904e-01 3.553629999999999844e-01
1.069180000000000064e+02 1.799320000000000086e-01 3.551969999999999850e-01
1.070180000000000007e+02 1.801999999999999991e-01 3.550329999999999875e-01
1.071179999999999950e+02 1.804669999999999885e-01 3.548569999999999780e-01
1.072180000000000035e+02 1.807310000000000028e-01 3.546940000000000093e-01
1.073179999999999978e+02 1.809939999999999882e-01 3.545320000000000138e-01
1.074180000000000064e+02 1.812570000000000014e-01 3.543600000000000083e-01
1.075180000000000007e+02 1.815160000000000107e-01 3.542000000000000148e-01
1.076179999999999950e+02 1.817749999999999921e-01 3.540400000000000214e-01
1.077180000000000035e+02 1.820390000000000064e-01 3.538689999999999891e-01
1.078179999999999978e+02 1.822940000000000116e-01 3.537109999999999976e-01
1.079180000000000064e+02 1.825479999999999881e-01 3.535539999999999794e-01
1.080180000000000007e+02 1.827950000000000130e-01 3.533950000000000147e-01
1.081179999999999950e+02 1.830469999999999875e-01 3.532390000000000252e-01
1.082180000000000035e+02 1.832969999999999877e-01 3.530840000000000090e-01
1.083179999999999978e+02 1.835469999999999879e-01 3.529220000000000135e-01
1.084180000000000064e+02 1.837940000000000129e-01 3.527689999999999992e-01
1.085180000000000007e+02 1.840400000000000091e-01 3.526170000000000138e-01
1.086179999999999950e+02 1.842880000000000074e-01 3.524559999999999915e-01
1.087180000000000035e+02 1.845310000000000006e-01 3.523049999999999793e-01
1.088179999999999978e+02 1.847729999999999928e-01 3.521549999999999958e-01
1.089180000000000064e+02 1.850130000000000108e-01 3.520019999999999816e-01
1.090180000000000007e+02 1.852530000000000010e-01 3.518540000000000001e-01
1.091179999999999950e+02 1.854909999999999892e-01 3.517060000000000186e-01
1.092180000000000035e+02 1.857280000000000042e-01 3.515550000000000064e-01
1.093179999999999978e+02 1.859649999999999914e-01 3.514079999999999981e-01
1.094180000000000064e+02 1.862000000000000044e-01 3.512629999999999919e-01
1.095180000000000007e+02 1.864339999999999886e-01 3.511130000000000084e-01
1.096179999999999950e+02 1.866659999999999986e-01 3.509689999999999754e-01
1.097180000000000035e+02 1.868980000000000086e-01 3.508260000000000267e-01
1.098179999999999978e+02 1.871289999999999898e-01 3.506779999999999897e-01
1.099180000000000064e+02 1.873579999999999968e-01 3.505360000000000142e-01
1.100180000000000007e+02 1.875860000000000027e-01 3.503950000000000120e-01
1.101179999999999950e+02 1.878130000000000077e-01 3.502500000000000058e-01
1.102180000000000035e+02 1.880390000000000117e-01 3.501099999999999768e-01
1.103179999999999978e+02 1.882630000000000137e-01 3.499709999999999765e-01
1.104180000000000064e+02 1.884869999999999879e-01 3.498290000000000011e-01
1.105180000000000007e+02 1.887099999999999889e-01 3.496909999999999741e-01
1.106179999999999950e+02 1.889309999999999878e-01 3.495530000000000026e-01
1.107180000000000035e+02 1.891510000000000136e-01 3.494129999999999736e-01
1.108179999999999978e+02 1.893700000000000105e-01 3.492770000000000041e-01
1.109180000000000064e+02 1.895880000000000065e-01 3.491420000000000079e-01
1.110180000000000007e+02 1.898060000000000025e-01 3.490039999999999809e-01
1.111179999999999950e+02 1.900209999999999955e-01 3.488700000000000134e-01
1.112180000000000035e+02 1.902359999999999884e-01 3.487370000000000192e-01
1.113179999999999978e+02 1.904500000000000082e-01 3.486009999999999942e-01
1.114180000000000064e+02 1.906629999999999991e-01 3.484689999999999732e-01
1.115180000000000007e+02 1.908749999999999891e-01 3.483379999999999810e-01
1.116179999999999950e+02 1.910850000000000048e-01 3.482040000000000135e-01
1.117180000000000035e+02 1.912949999999999928e-01 3.480739999999999945e-01
1.118179999999999978e+02 1.915030000000000066e-01 3.479450000000000043e-01
1.119180000000000064e+02 1.917109999999999925e-01 3.478129999999999833e-01
1.120180000000000007e+02 1.919180000000000053e-01 3.476850000000000218e-01
1.121179999999999950e+02 1.921229999999999882e-01 3.475570000000000048e-01
1.122180000000000035e+02 1.923279999999999990e-01 3.474269999999999858e-01
1.123179999999999978e+02 1.925320000000000087e-01 3.473010000000000264e-01
1.124180000000000064e+02 1.927339999999999887e-01 3.471750000000000114e-01
1.125180000000000007e+02 1.929359999999999964e-01 3.470469999999999944e-01
1.126179999999999950e+02 1.931370000000000031e-01 3.469229999999999814e-01
1.127180000000000035e+02 1.933360000000000078e-01 3.467990000000000239e-01
1.128179999999999978e+02 1.935350000000000126e-01 3.466730000000000089e-01
1.129180000000000064e+02 1.937329999999999885e-01 3.465500000000000247e-01
1.130180000000000007e+02 1.939299999999999913e-01 3.464280000000000137e-01
1.131179999999999950e+02 1.941259999999999930e-01 3.463040000000000007e-01
1.132180000000000035e+02 1.943209999999999937e-01 3.461819999999999897e-01
1.133179999999999978e+02 1.945149999999999935e-01 3.460619999999999807e-01
1.134180000000000064e+02 1.947079999999999922e-01 3.459400000000000253e-01
1.135180000000000007e+02 1.948999999999999899e-01 3.458200000000000163e-01
1.136179999999999950e+02 1.950909999999999866e-01 3.457009999999999805e-01
1.137180000000000035e+02 1.952820000000000111e-01 3.455810000000000271e-01
1.138179999999999978e+02 1.954710000000000059e-01 3.454630000000000201e-01
1.139180000000000064e+02 1.956600000000000006e-01 3.453459999999999863e-01
1.140180000000000007e+02 1.958479999999999943e-01 3.452270000000000061e-01
1.141179999999999950e+02 1.960349999999999870e-01 3.451110000000000011e-01
1.142180000000000035e+02 1.962200000000000055e-01 3.449949999999999961e-01
1.143179999999999978e+02 1.964059999999999973e-01 3.448829999999999951e-01
1.144180000000000064e+02 1.965899999999999870e-01 3.447689999999999921e-01
1.145180000000000007e+02 1.967730000000000035e-01 3.446560000000000179e-01
1.146179999999999950e+02 1.969559999999999922e-01 3.445460000000000189e-01
1.147180000000000035e+02 1.971370000000000067e-01 3.444329999999999892e-01
1.148179999999999978e+02 1.973179999999999934e-01 3.443220000000000169e-01
1.149180000000000064e+02 1.974980000000000069e-01 3.442120000000000180e-01
1.150180000000000007e+02 1.976769999999999916e-01 3.441020000000000190e-01
1.151179999999999950e+02 1.978560000000000041e-01 3.439909999999999912e-01
1.152180000000000035e+02 1.980329999999999868e-01 3.438840000000000230e-01
1.153179999999999978e+02 1.982099999999999973e-01 3.437740000000000240e-01
1.154180000000000064e+02 1.983860000000000068e-01 3.436649999999999983e-01
1.155180000000000007e+02 1.985609999999999875e-01 3.435590000000000033e-01
1.156179999999999950e+02 1.987349999999999950e-01 3.434510000000000063e-01
1.157180000000000035e+02 1.989080000000000015e-01 3.433439999999999825e-01
1.158179999999999978e+02 1.990820000000000090e-01 3.432379999999999876e-01
1.159180000000000064e+02 1.992530000000000134e-01 3.431319999999999926e-01
1.160180000000000007e+02 1.994239999999999902e-01 3.430259999999999976e-01
1.161179999999999950e+02 1.995949999999999946e-01 3.429220000000000046e-01
1.162180000000000035e+02 1.997639999999999971e-01 3.428169999999999829e-01
1.163179999999999978e+02 1.999329999999999996e-01 3.427120000000000166e-01
1.164180000000000064e+02 2.001010000000000011e-01 3.426100000000000256e-01
1.165180000000000007e+02 2.002680000000000016e-01 3.425059999999999771e-01
1.166179999999999950e+02 2.004350000000000021e-01 3.424030000000000129e-01
1.167180000000000035e+02 2.006010000000000015e-01 3.423010000000000219e-01
1.168179999999999978e+02 2.007660000000000000e-01 3.421989999999999754e-01
1.169180000000000064e+02 2.009299999999999975e-01 3.420969999999999844e-01
1.170180000000000007e+02 2.010939999999999950e-01 3.419969999999999954e-01
1.171179999999999950e+02 2.012559999999999905e-01 3.418959999999999777e-01
1.172180000000000035e+02 2.014180000000000137e-01 3.417950000000000155e-01
1.173179999999999978e+02 2.015780000000000072e-01 3.416959999999999997e-01
1.174180000000000064e+02 2.017369999999999997e-01 3.415960000000000107e-01
1.175180000000000007e+02 2.018949999999999911e-01 3.414969999999999950e-01
1.176179999999999950e+02 2.020510000000000084e-01 3.413990000000000080e-01
1.177180000000000035e+02 2.022079999999999989e-01 3.413010000000000210e-01
1.178179999999999978e+02 2.023629999999999873e-01 3.412029999999999785e-01
1.179180000000000064e+02 2.025180000000000036e-01 3.411060000000000203e-01
1.180180000000000007e+02 2.026719999999999910e-01 3.410090000000000066e-01
1.181179999999999950e+02 2.028260000000000063e-01 3.409119999999999928e-01
1.182180000000000035e+02 2.029789999999999928e-01 3.408169999999999811e-01
1.183179999999999978e+02 2.031310000000000060e-01 3.407209999999999961e-01
1.184180000000000064e+02 2.032819999999999905e-01 3.406250000000000111e-01
1.185180000000000007e+02 2.034330000000000027e-01 3.405309999999999726e-01
1.186179999999999950e+02 2.035829999999999862e-01 3.404360000000000164e-01
1.187180000000000035e+02 2.037329999999999974e-01 3.403419999999999779e-01
1.188179999999999978e+02 2.038820000000000077e-01 3.402490000000000236e-01
1.189180000000000064e+02 2.040299999999999891e-01 3.401549999999999851e-01
1.190180000000000007e+02 2.041779999999999984e-01 3.400619999999999754e-01
1.191179999999999950e+02 2.043240000000000056e-01 3.399699999999999944e-01
1.192180000000000035e+02 2.044710000000000139e-01 3.398769999999999847e-01
1.193179999999999978e+02 2.046159999999999923e-01 3.397850000000000037e-01
1.194180000000000064e+02 2.047609999999999986e-01 3.396950000000000247e-01
1.195180000000000007e+02 2.049060000000000048e-01 3.396029999999999882e-01
1.196179999999999950e+02 2.050490000000000090e-01 3.395119999999999805e-01
1.197180000000000035e+02 2.051920000000000133e-01 3.394229999999999747e-01
1.198179999999999978e+02 2.053349999999999898e-01 3.393320000000000225e-01
1.199180000000000064e+02 2.054769999999999930e-01 3.392430000000000168e-01
1.200180000000000007e+02 2.056179999999999952e-01 3.391540000000000110e-01
1.201179999999999950e+02 2.057589999999999975e-01 3.390650000000000053e-01
1.202180000000000035e+02 2.058989999999999987e-01 3.389759999999999995e-01
1.203179999999999978e+02 2.060379999999999989e-01 3.388889999999999958e-01
1.204180000000000064e+02 2.061769999999999992e-01 3.388010000000000188e-01
1.205180000000000007e+02 2.063149999999999984e-01 3.387129999999999863e-01
1.206179999999999950e+02 2.064529999999999976e-01 3.386270000000000113e-01
1.207180000000000035e+02 2.065899999999999959e-01 3.385400000000000076e-01
1.208179999999999978e+02 2.067269999999999941e-01 3.384530000000000038e-01
1.209180000000000064e+02 2.068619999999999903e-01 3.383680000000000021e-01
1.210180000000000007e+02 2.069979999999999876e-01 3.382820000000000271e-01
1.211179999999999950e+02 2.071330000000000116e-01 3.381970000000000254e-01
1.212180000000000035e+02 2.072670000000000068e-01 3.381120000000000236e-01
1.213179999999999978e+02 2.074000000000000010e-01 3.380279999999999951e-01
1.214180000000000064e+02 2.075339999999999963e-01 3.379429999999999934e-01
1.215180000000000007e+02 2.076659999999999895e-01 3.378599999999999937e-01
1.216179999999999950e+02 2.077980000000000105e-01 3.377760000000000207e-01
1.217180000000000035e+02 2.079290000000000027e-01 3.376930000000000209e-01
1.218179999999999978e+02 2.080599999999999949e-01 3.376100000000000212e-01
1.219180000000000064e+02 2.081899999999999862e-01 3.375279999999999947e-01
1.219180000000000064e+02 2.081899999999999862e-01 3.375279999999999947e-01
1.219279999999999973e+02 2.082029999999999992e-01 3.375190000000000135e-01
1.219479999999999933e+02 2.082289999999999974e-01 3.375029999999999974e-01
1.219879999999999995e+02 2.082809999999999939e-01 3.374699999999999922e-01
1.220679999999999978e+02 2.083849999999999869e-01 3.374050000000000105e-01
1.221680000000000064e+02 2.085140000000000049e-01 3.373229999999999840e-01
1.222680000000000007e+02 2.086419999999999941e-01 3.372419999999999862e-01
1.223679999999999950e+02 2.087700000000000111e-01 3.371609999999999885e-01
1.224680000000000035e+02 2.088969999999999994e-01 3.370799999999999907e-01
1.225679999999999978e+02 2.090229999999999866e-01 3.370000000000000218e-01
1.226680000000000064e+02 2.091500000000000026e-01 3.369190000000000240e-01
1.227680000000000007e+02 2.092759999999999898e-01 3.368389999999999995e-01
1.228679999999999950e+02 2.094000000000000028e-01 3.367609999999999770e-01
1.229680000000000035e+02 2.095249999999999890e-01 3.366810000000000080e-01
1.230679999999999978e+02 2.096490000000000020e-01 3.366020000000000123e-01
1.231680000000000064e+02 2.097729999999999873e-01 3.365239999999999898e-01
1.232680000000000007e+02 2.098959999999999992e-01 3.364460000000000228e-01
1.233679999999999950e+02 2.100190000000000112e-01 3.363680000000000003e-01
1.234680000000000035e+02 2.101399999999999935e-01 3.362910000000000066e-01
1.235679999999999978e+02 2.102620000000000045e-01 3.362140000000000128e-01
1.236680000000000064e+02 2.103829999999999867e-01 3.361370000000000191e-01
1.237680000000000007e+02 2.105039999999999967e-01 3.360600000000000254e-01
1.238679999999999950e+02 2.106240000000000057e-01 3.359840000000000049e-01
1.239680000000000035e+02 2.107430000000000136e-01 3.359079999999999844e-01
1.240679999999999978e+02 2.108619999999999939e-01 3.358329999999999926e-01
1.241680000000000064e+02 2.109810000000000019e-01 3.357570000000000277e-01
1.242680000000000007e+02 2.110990000000000089e-01 3.356819999999999804e-01
1.243679999999999950e+02 2.112169999999999881e-01 3.356080000000000174e-01
1.244680000000000035e+02 2.113339999999999941e-01 3.355330000000000257e-01
1.245679999999999978e+02 2.114510000000000001e-01 3.354590000000000072e-01
1.246680000000000064e+02 2.115660000000000041e-01 3.353860000000000174e-01
1.247680000000000007e+02 2.116820000000000090e-01 3.353119999999999989e-01
1.248679999999999950e+02 2.117979999999999863e-01 3.352379999999999804e-01
1.249680000000000035e+02 2.119119999999999893e-01 3.351660000000000195e-01
1.250679999999999978e+02 2.120259999999999923e-01 3.350929999999999742e-01
1.251680000000000064e+02 2.121399999999999952e-01 3.350199999999999845e-01
1.252680000000000007e+02 2.122539999999999982e-01 3.349500000000000255e-01
1.253679999999999950e+02 2.123670000000000002e-01 3.348769999999999802e-01
1.254680000000000035e+02 2.124790000000000012e-01 3.348059999999999925e-01
1.255679999999999978e+02 2.125910000000000022e-01 3.347359999999999780e-01
1.256680000000000064e+02 2.127020000000000022e-01 3.346649999999999903e-01
1.257680000000000007e+02 2.128140000000000032e-01 3.345940000000000025e-01
1.258679999999999950e+02 2.129240000000000022e-01 3.345259999999999900e-01
1.259680000000000035e+02 2.130340000000000011e-01 3.344550000000000023e-01
1.260679999999999978e+02 2.131440000000000001e-01 3.343849999999999878e-01
1.261680000000000064e+02 2.132529999999999981e-01 3.343189999999999773e-01
1.262680000000000007e+02 2.133619999999999961e-01 3.342490000000000183e-01
1.263679999999999950e+02 2.134709999999999941e-01 3.341799999999999771e-01
1.264680000000000035e+02 2.135779999999999901e-01 3.341120000000000201e-01
1.265679999999999978e+02 2.136859999999999871e-01 3.340440000000000076e-01
1.266680000000000064e+02 2.137930000000000108e-01 3.339750000000000218e-01
1.267680000000000007e+02 2.139010000000000078e-01 3.339010000000000034e-01
1.268679999999999950e+02 2.140070000000000028e-01 3.338329999999999909e-01
1.269680000000000035e+02 2.141129999999999978e-01 3.337649999999999784e-01
1.270679999999999978e+02 2.142189999999999928e-01 3.336970000000000214e-01
1.271680000000000064e+02 2.143239999999999867e-01 3.336299999999999821e-01
1.272680000000000007e+02 2.144290000000000085e-01 3.335629999999999984e-01
1.273679999999999950e+02 2.145340000000000025e-01 3.334949999999999859e-01
1.274680000000000035e+02 2.146379999999999955e-01 3.334280000000000022e-01
1.275679999999999978e+02 2.147409999999999874e-01 3.333619999999999917e-01
1.276680000000000064e+02 2.148430000000000062e-01 3.332910000000000039e-01
1.277680000000000007e+02 2.149459999999999982e-01 3.332249999999999934e-01
1.278679999999999950e+02 2.150479999999999892e-01 3.331600000000000117e-01
1.279680000000000035e+02 2.151500000000000079e-01 3.330929999999999724e-01
1.280680000000000121e+02 2.152509999999999979e-01 3.330279999999999907e-01
1.281680000000000064e+02 2.153519999999999879e-01 3.329630000000000090e-01
1.282680000000000007e+02 2.154530000000000056e-01 3.328980000000000272e-01
1.283679999999999950e+02 2.155529999999999946e-01 3.328340000000000187e-01
1.284679999999999893e+02 2.156520000000000103e-01 3.327700000000000102e-01
1.285680000000000121e+02 2.157519999999999993e-01 3.327049999999999730e-01
1.286680000000000064e+02 2.158499999999999863e-01 3.326410000000000200e-01
1.287680000000000007e+02 2.159490000000000021e-01 3.325779999999999847e-01
1.288679999999999950e+02 2.160469999999999891e-01 3.325139999999999763e-01
1.289679999999999893e+02 2.161450000000000038e-01 3.324509999999999965e-01
1.290680000000000121e+02 2.162419999999999898e-01 3.323889999999999900e-01
1.291680000000000064e+02 2.163390000000000035e-01 3.323260000000000103e-01
1.292680000000000007e+02 2.164359999999999895e-01 3.322640000000000038e-01
1.293679999999999950e+02 2.165320000000000022e-01 3.322019999999999973e-01
1.294679999999999893e+02 2.166279999999999872e-01 3.321399999999999908e-01
1.295680000000000121e+02 2.167229999999999990e-01 3.320779999999999843e-01
1.296680000000000064e+02 2.168180000000000107e-01 3.320170000000000066e-01
1.297680000000000007e+02 2.169129999999999947e-01 3.319559999999999733e-01
1.298679999999999950e+02 2.170070000000000054e-01 3.318949999999999956e-01
1.299679999999999893e+02 2.171009999999999884e-01 3.318340000000000178e-01
1.300680000000000121e+02 2.171939999999999982e-01 3.317729999999999846e-01
1.301680000000000064e+02 2.172870000000000079e-01 3.317129999999999801e-01
1.302680000000000007e+02 2.173799999999999899e-01 3.316540000000000044e-01
1.303679999999999950e+02 2.174729999999999996e-01 3.315939999999999999e-01
1.304679999999999893e+02 2.175650000000000084e-01 3.315339999999999954e-01
1.305680000000000121e+02 2.176559999999999884e-01 3.314750000000000196e-01
1.306680000000000064e+02 2.177479999999999971e-01 3.314159999999999884e-01
1.307680000000000007e+02 2.178390000000000049e-01 3.313570000000000126e-01
1.308679999999999950e+02 2.179290000000000116e-01 3.312979999999999814e-01
1.309679999999999893e+02 2.180199999999999916e-01 3.312399999999999789e-01
1.310680000000000121e+02 2.181099999999999983e-01 3.311819999999999764e-01
1.311680000000000064e+02 2.181990000000000041e-01 3.311239999999999739e-01
1.312680000000000007e+02 2.182880000000000098e-01 3.310649999999999982e-01
1.313679999999999950e+02 2.183769999999999878e-01 3.310080000000000244e-01
1.314679999999999893e+02 2.184659999999999935e-01 3.309500000000000219e-01
1.315680000000000121e+02 2.185539999999999983e-01 3.308929999999999927e-01
1.316680000000000064e+02 2.186420000000000030e-01 3.308360000000000190e-01
1.317680000000000007e+02 2.187290000000000068e-01 3.307789999999999897e-01
1.318679999999999950e+02 2.188160000000000105e-01 3.307209999999999872e-01
1.319679999999999893e+02 2.189029999999999865e-01 3.306640000000000135e-01
1.320680000000000121e+02 2.189889999999999892e-01 3.306080000000000130e-01
1.321680000000000064e+02 2.190759999999999930e-01 3.305509999999999837e-01
1.322680000000000007e+02 2.191609999999999947e-01 3.304949999999999832e-01
1.323679999999999950e+02 2.192469999999999974e-01 3.304400000000000115e-01
1.324679999999999893e+02 2.193319999999999992e-01 3.303829999999999822e-01
1.325680000000000121e+02 2.194170000000000009e-01 3.303280000000000105e-01
1.326680000000000064e+02 2.195010000000000017e-01 3.302740000000000120e-01
1.327680000000000007e+02 2.195860000000000034e-01 3.302180000000000115e-01
1.328679999999999950e+02 2.196690000000000031e-01 3.301640000000000130e-01
1.329679999999999893e+02 2.197530000000000039e-01 3.301100000000000145e-01
1.330680000000000121e+02 2.198360000000000036e-01 3.300549999999999873e-01
1.331680000000000064e+02 2.199190000000000034e-01 3.300009999999999888e-01
1.332680000000000007e+02 2.200020000000000031e-01 3.299469999999999903e-01
1.333679999999999950e+02 2.200840000000000019e-01 3.298929999999999918e-01
1.334679999999999893e+02 2.201660000000000006e-01 3.298400000000000221e-01
1.335680000000000121e+02 2.202479999999999993e-01 3.297869999999999968e-01
1.336680000000000064e+02 2.203289999999999971e-01 3.297329999999999983e-01
1.337680000000000007e+02 2.204099999999999948e-01 3.296810000000000018e-01
1.338679999999999950e+02 2.204909999999999926e-01 3.296279999999999766e-01
1.339679999999999893e+02 2.205709999999999893e-01 3.295750000000000068e-01
1.340680000000000121e+02 2.206510000000000138e-01 3.295230000000000103e-01
1.341680000000000064e+02 2.207310000000000105e-01 3.294710000000000139e-01
1.342680000000000007e+02 2.208110000000000073e-01 3.294190000000000174e-01
1.343679999999999950e+02 2.208900000000000030e-01 3.293670000000000209e-01
1.344679999999999893e+02 2.209689999999999988e-01 3.293159999999999976e-01
1.345680000000000121e+02 2.210469999999999935e-01 3.292640000000000011e-01
1.346680000000000064e+02 2.211259999999999892e-01 3.292129999999999779e-01
1.347680000000000007e+02 2.212040000000000117e-01 3.291620000000000101e-01
1.348679999999999950e+02 2.212810000000000055e-01 3.291109999999999869e-01
1.349679999999999893e+02 2.213590000000000002e-01 3.290600000000000191e-01
1.350680000000000121e+02 2.214359999999999939e-01 3.290100000000000247e-01
1.351680000000000064e+02 2.215129999999999877e-01 3.289590000000000014e-01
1.352680000000000007e+02 2.215890000000000082e-01 3.289090000000000069e-01
1.353679999999999950e+02 2.216660000000000019e-01 3.288599999999999857e-01
1.354679999999999893e+02 2.217419999999999947e-01 3.288090000000000179e-01
1.355680000000000121e+02 2.218169999999999864e-01 3.287599999999999967e-01
1.356680000000000064e+02 2.218930000000000069e-01 3.287109999999999754e-01
1.357680000000000007e+02 2.219679999999999986e-01 3.286609999999999809e-01
1.358679999999999950e+02 2.220429999999999904e-01 3.286120000000000152e-01
1.359679999999999893e+02 2.221170000000000089e-01 3.285640000000000227e-01
1.360680000000000121e+02 2.221920000000000006e-01 3.285150000000000015e-01
1.361680000000000064e+02 2.222649999999999904e-01 3.284659999999999802e-01
1.362680000000000007e+02 2.223390000000000088e-01 3.284179999999999877e-01
1.363679999999999950e+02 2.224129999999999996e-01 3.283690000000000220e-01
1.364679999999999893e+02 2.224859999999999893e-01 3.283220000000000027e-01
1.365680000000000121e+02 2.225590000000000068e-01 3.282740000000000102e-01
1.366680000000000064e+02 2.226309999999999956e-01 3.282260000000000177e-01
1.367680000000000007e+02 2.227040000000000131e-01 3.281789999999999985e-01
1.368679999999999950e+02 2.227760000000000018e-01 3.281310000000000060e-01
1.369679999999999893e+02 2.228479999999999905e-01 3.280839999999999868e-01
1.370680000000000121e+02 2.229190000000000060e-01 3.280370000000000230e-01
1.371680000000000064e+02 2.229899999999999938e-01 3.279900000000000038e-01
1.372680000000000007e+02 2.230610000000000093e-01 3.279429999999999845e-01
1.373679999999999950e+02 2.231319999999999970e-01 3.278969999999999940e-01
1.374679999999999893e+02 2.232030000000000125e-01 3.278510000000000035e-01
1.375680000000000121e+02 2.232729999999999992e-01 3.278039999999999843e-01
1.376680000000000064e+02 2.233430000000000137e-01 3.277579999999999938e-01
1.377680000000000007e+02 2.234119999999999995e-01 3.277120000000000033e-01
1.378679999999999950e+02 2.234819999999999862e-01 3.276660000000000128e-01
1.379679999999999893e+02 2.235509999999999997e-01 3.276209999999999956e-01
1.380680000000000121e+02 2.236200000000000132e-01 3.275759999999999783e-01
1.381680000000000064e+02 2.236889999999999989e-01 3.275299999999999878e-01
1.382680000000000007e+02 2.237570000000000114e-01 3.274850000000000261e-01
1.383679999999999950e+02 2.238249999999999962e-01 3.274400000000000088e-01
1.384679999999999893e+02 2.238930000000000087e-01 3.273949999999999916e-01
1.385680000000000121e+02 2.239609999999999934e-01 3.273510000000000031e-01
1.386680000000000064e+02 2.240280000000000049e-01 3.273059999999999858e-01
1.387680000000000007e+02 2.240959999999999896e-01 3.272619999999999973e-01
1.388679999999999950e+02 2.241620000000000001e-01 3.272180000000000089e-01
1.389679999999999893e+02 2.242290000000000116e-01 3.271740000000000204e-01
1.390680000000000121e+02 2.242959999999999954e-01 3.271299999999999764e-01
1.391680000000000064e+02 2.243620000000000059e-01 3.270859999999999879e-01
1.392680000000000007e+02 2.244269999999999876e-01 3.270429999999999726e-01
1.393679999999999950e+02 2.244929999999999981e-01 3.269989999999999841e-01
1.394679999999999893e+02 2.245590000000000086e-01 3.269560000000000244e-01
1.395680000000000121e+02 2.246239999999999903e-01 3.269130000000000091e-01
1.396680000000000064e+02 2.246889999999999998e-01 3.268690000000000206e-01
1.397680000000000007e+02 2.247540000000000093e-01 3.268269999999999786e-01
1.398679999999999950e+02 2.248179999999999901e-01 3.267840000000000189e-01
1.399679999999999893e+02 2.248819999999999986e-01 3.267410000000000037e-01
1.400680000000000121e+02 2.249460000000000071e-01 3.266990000000000172e-01
1.401680000000000064e+02 2.250099999999999878e-01 3.266569999999999752e-01
1.402680000000000007e+02 2.250739999999999963e-01 3.266149999999999887e-01
1.403679999999999950e+02 2.251370000000000038e-01 3.265730000000000022e-01
1.404679999999999893e+02 2.252000000000000113e-01 3.265310000000000157e-01
1.405680000000000121e+02 2.252629999999999910e-01 3.264889999999999737e-01
1.406680000000000064e+02 2.253249999999999975e-01 3.264480000000000159e-01
1.407680000000000007e+02 2.253880000000000050e-01 3.264070000000000027e-01
1.408679999999999950e+02 2.254500000000000115e-01 3.263650000000000162e-01
1.409679999999999893e+02 2.255119999999999902e-01 3.263240000000000030e-01
1.410680000000000121e+02 2.255739999999999967e-01 3.262840000000000185e-01
1.411680000000000064e+02 2.256350000000000022e-01 3.262419999999999765e-01
1.412680000000000007e+02 2.256960000000000077e-01 3.262019999999999920e-01
1.413679999999999950e+02 2.257570000000000132e-01 3.261609999999999787e-01
1.414679999999999893e+02 2.258179999999999910e-01 3.261209999999999942e-01
1.415680000000000121e+02 2.258789999999999965e-01 3.260810000000000097e-01
1.415680000000000121e+02 2.258789999999999965e-01 3.260810000000000097e-01
1.415780000000000030e+02 2.258850000000000025e-01 3.260770000000000057e-01
1.415980000000000132e+02 2.258969999999999867e-01 3.260689999999999977e-01
1.416380000000000052e+02 2.259210000000000107e-01 3.260520000000000085e-01
1.417179999999999893e+02 2.259690000000000032e-01 3.260199999999999765e-01
1.418180000000000121e+02 2.260290000000000077e-01 3.259810000000000207e-01
1.419180000000000064e+02 2.260890000000000122e-01 3.259400000000000075e-01
1.420180000000000007e+02 2.261489999999999889e-01 3.259009999999999962e-01
1.421179999999999950e+02 2.262079999999999924e-01 3.258619999999999850e-01
1.422179999999999893e+02 2.262669999999999959e-01 3.258220000000000005e-01
1.423180000000000121e+02 2.263259999999999994e-01 3.257829999999999893e-01
1.424180000000000064e+02 2.263850000000000029e-01 3.257439999999999780e-01
1.425180000000000007e+02 2.264440000000000064e-01 3.257039999999999935e-01
1.426179999999999950e+02 2.265020000000000089e-01 3.256660000000000110e-01
1.427179999999999893e+02 2.265600000000000114e-01 3.256269999999999998e-01
1.428180000000000121e+02 2.266180000000000139e-01 3.255879999999999885e-01
1.429180000000000064e+02 2.266759999999999886e-01 3.255500000000000060e-01
1.430180000000000007e+02 2.267329999999999901e-01 3.255120000000000235e-01
1.431179999999999950e+02 2.267899999999999916e-01 3.254730000000000123e-01
1.432179999999999893e+02 2.268469999999999931e-01 3.254349999999999743e-01
1.433180000000000121e+02 2.269039999999999946e-01 3.253980000000000206e-01
1.434180000000000064e+02 2.269609999999999961e-01 3.253590000000000093e-01
1.435180000000000007e+02 2.270169999999999966e-01 3.253220000000000001e-01
1.436179999999999950e+02 2.270729999999999971e-01 3.252840000000000176e-01
1.437179999999999893e+02 2.271299999999999986e-01 3.252459999999999796e-01
1.438180000000000121e+02 2.271849999999999981e-01 3.252090000000000258e-01
1.439180000000000064e+02 2.272409999999999985e-01 3.251720000000000166e-01
1.440180000000000007e+02 2.272969999999999990e-01 3.251350000000000073e-01
1.441179999999999950e+02 2.273519999999999985e-01 3.250979999999999981e-01
1.442179999999999893e+02 2.274069999999999980e-01 3.250620000000000176e-01
1.443180000000000121e+02 2.274619999999999975e-01 3.250239999999999796e-01
1.444180000000000064e+02 2.275159999999999960e-01 3.249879999999999991e-01
1.445180000000000007e+02 2.275699999999999945e-01 3.249520000000000186e-01
1.446179999999999950e+02 2.276249999999999940e-01 3.249150000000000094e-01
1.447179999999999893e+02 2.276789999999999925e-01 3.248789999999999734e-01
1.448180000000000121e+02 2.277329999999999910e-01 3.248429999999999929e-01
1.449180000000000064e+02 2.277869999999999895e-01 3.248070000000000124e-01
1.450180000000000007e+02 2.278399999999999870e-01 3.247709999999999764e-01
1.451179999999999950e+02 2.278930000000000122e-01 3.247360000000000246e-01
1.452179999999999893e+02 2.279460000000000097e-01 3.246990000000000154e-01
1.453180000000000121e+02 2.279990000000000072e-01 3.246640000000000081e-01
1.454180000000000064e+02 2.280520000000000047e-01 3.246290000000000009e-01
1.455180000000000007e+02 2.281050000000000022e-01 3.245930000000000204e-01
1.456179999999999950e+02 2.281569999999999987e-01 3.245580000000000132e-01
1.457179999999999893e+02 2.282089999999999952e-01 3.245239999999999791e-01
1.458180000000000121e+02 2.282609999999999917e-01 3.244879999999999987e-01
1.459180000000000064e+02 2.283119999999999872e-01 3.244529999999999914e-01
1.460180000000000007e+02 2.283640000000000114e-01 3.244190000000000129e-01
1.461179999999999950e+02 2.284160000000000079e-01 3.243840000000000057e-01
1.462179999999999893e+02 2.284670000000000034e-01 3.243500000000000272e-01
1.463180000000000121e+02 2.285169999999999979e-01 3.243159999999999932e-01
1.464180000000000064e+02 2.285689999999999944e-01 3.242809999999999859e-01
1.465180000000000007e+02 2.286189999999999889e-01 3.242470000000000074e-01
1.466179999999999950e+02 2.286690000000000111e-01 3.242129999999999734e-01
1.467179999999999893e+02 2.287200000000000066e-01 3.241789999999999949e-01
1.468180000000000121e+02 2.287700000000000011e-01 3.241450000000000164e-01
1.469180000000000064e+02 2.288199999999999956e-01 3.241120000000000112e-01
1.470180000000000007e+02 2.288699999999999901e-01 3.240779999999999772e-01
1.471179999999999950e+02 2.289190000000000114e-01 3.240450000000000275e-01
1.472179999999999893e+02 2.289680000000000049e-01 3.240109999999999935e-01
1.473180000000000121e+02 2.290179999999999993e-01 3.239779999999999882e-01
1.474180000000000064e+02 2.290669999999999928e-01 3.239449999999999830e-01
1.475180000000000007e+02 2.291159999999999863e-01 3.239119999999999777e-01
1.476179999999999950e+02 2.291650000000000076e-01 3.238789999999999725e-01
1.477179999999999893e+02 2.292130000000000001e-01 3.238460000000000227e-01
1.478180000000000121e+02 2.292609999999999926e-01 3.238139999999999907e-01
1.479180000000000064e+02 2.293100000000000138e-01 3.237800000000000122e-01
1.480180000000000007e+02 2.293580000000000063e-01 3.237479999999999802e-01
1.481179999999999950e+02 2.294049999999999978e-01 3.237160000000000037e-01
1.482179999999999893e+02 2.294529999999999903e-01 3.236829999999999985e-01
1.483180000000000121e+02 2.295010000000000105e-01 3.236510000000000220e-01
1.484180000000000064e+02 2.295480000000000020e-01 3.236200000000000188e-01
1.485180000000000007e+02 2.295949999999999935e-01 3.235870000000000135e-01
1.486179999999999950e+02 2.296420000000000128e-01 3.235560000000000103e-01
1.487179999999999893e+02 2.296890000000000043e-01 3.235239999999999783e-01
1.488180000000000121e+02 2.297359999999999958e-01 3.234920000000000018e-01
1.489180000000000064e+02 2.297819999999999863e-01 3.234609999999999985e-01
1.490180000000000007e+02 2.298280000000000045e-01 3.234290000000000220e-01
1.491179999999999950e+02 2.298749999999999960e-01 3.233980000000000188e-01
1.492179999999999893e+02 2.299209999999999865e-01 3.233670000000000155e-01
1.493180000000000121e+02 2.299660000000000037e-01 3.233360000000000123e-01
1.494180000000000064e+02 2.300119999999999942e-01 3.233039999999999803e-01
1.495180000000000007e+02 2.300580000000000125e-01 3.232729999999999770e-01
1.496179999999999950e+02 2.301030000000000020e-01 3.232430000000000025e-01
1.497179999999999893e+02 2.301469999999999905e-01 3.232119999999999993e-01
1.498180000000000121e+02 2.301910000000000067e-01 3.231809999999999961e-01
1.499180000000000064e+02 2.302359999999999962e-01 3.231510000000000216e-01
1.500180000000000007e+02 2.302790000000000115e-01 3.231200000000000183e-01
1.501179999999999950e+02 2.303230000000000000e-01 3.230899999999999883e-01
1.502179999999999893e+02 2.303669999999999884e-01 3.230600000000000138e-01
1.503180000000000121e+02 2.304100000000000037e-01 3.230290000000000106e-01
1.504180000000000064e+02 2.304539999999999922e-01 3.229989999999999806e-01
1.505180000000000007e+02 2.304970000000000074e-01 3.229699999999999793e-01
1.506179999999999950e+02 2.305399999999999949e-01 3.229389999999999761e-01
1.507179999999999893e+02 2.305830000000000102e-01 3.229099999999999748e-01
1.508180000000000121e+02 2.306259999999999977e-01 3.228800000000000003e-01
1.509180000000000064e+02 2.306680000000000119e-01 3.228500000000000258e-01
1.510180000000000007e+02 2.307099999999999984e-01 3.228210000000000246e-01
1.511179999999999950e+02 2.307530000000000137e-01 3.227920000000000234e-01
1.512179999999999893e+02 2.307939999999999992e-01 3.227619999999999933e-01
1.513180000000000121e+02 2.308369999999999866e-01 3.227329999999999921e-01
1.514180000000000064e+02 2.308790000000000009e-01 3.227050000000000196e-01
1.515180000000000007e+02 2.309199999999999864e-01 3.226749999999999896e-01
1.516179999999999950e+02 2.309620000000000006e-01 3.226459999999999884e-01
1.517179999999999893e+02 2.310029999999999861e-01 3.226180000000000159e-01
1.518180000000000121e+02 2.310439999999999994e-01 3.225879999999999859e-01
1.519180000000000064e+02 2.310850000000000126e-01 3.225600000000000134e-01
1.520180000000000007e+02 2.311269999999999991e-01 3.225319999999999854e-01
1.521179999999999950e+02 2.311670000000000114e-01 3.225029999999999841e-01
1.522179999999999893e+02 2.312079999999999969e-01 3.224750000000000116e-01
1.523180000000000121e+02 2.312480000000000091e-01 3.224469999999999836e-01
1.524180000000000064e+02 2.312879999999999936e-01 3.224179999999999824e-01
1.525180000000000007e+02 2.313290000000000068e-01 3.223900000000000099e-01
1.526179999999999950e+02 2.313689999999999913e-01 3.223630000000000106e-01
1.527179999999999893e+02 2.314090000000000036e-01 3.223340000000000094e-01
1.528180000000000121e+02 2.314489999999999881e-01 3.223070000000000102e-01
1.529180000000000064e+02 2.314879999999999993e-01 3.222789999999999822e-01
1.530180000000000007e+02 2.315270000000000106e-01 3.222510000000000097e-01
1.531179999999999950e+02 2.315669999999999951e-01 3.222240000000000104e-01
1.532179999999999893e+02 2.316070000000000073e-01 3.221959999999999824e-01
1.533180000000000121e+02 2.316449999999999898e-01 3.221680000000000099e-01
1.534180000000000064e+02 2.316840000000000011e-01 3.221410000000000107e-01
1.535180000000000007e+02 2.317230000000000123e-01 3.221149999999999847e-01
1.536179999999999950e+02 2.317619999999999958e-01 3.220870000000000122e-01
1.537179999999999893e+02 2.318000000000000060e-01 3.220600000000000129e-01
1.538180000000000121e+02 2.318389999999999895e-01 3.220339999999999869e-01
1.539180000000000064e+02 2.318769999999999998e-01 3.220060000000000144e-01
1.540180000000000007e+02 2.319150000000000100e-01 3.219799999999999884e-01
1.541179999999999950e+02 2.319529999999999925e-01 3.219529999999999892e-01
1.542179999999999893e+02 2.319910000000000028e-01 3.219259999999999899e-01
1.543180000000000121e+02 2.320290000000000130e-01 3.219000000000000195e-01
1.544180000000000064e+02 2.320659999999999945e-01 3.218739999999999934e-01
1.545180000000000007e+02 2.321030000000000038e-01 3.218469999999999942e-01
1.546179999999999950e+02 2.321409999999999862e-01 3.218210000000000237e-01
1.547179999999999893e+02 2.321779999999999955e-01 3.217949999999999977e-01
1.548180000000000121e+02 2.322150000000000047e-01 3.217679999999999985e-01
1.549180000000000064e+02 2.322519999999999862e-01 3.217419999999999725e-01
1.550180000000000007e+02 2.322889999999999955e-01 3.217169999999999752e-01
1.551179999999999950e+02 2.323250000000000037e-01 3.216899999999999760e-01
1.552179999999999893e+02 2.323620000000000130e-01 3.216649999999999787e-01
1.553180000000000121e+02 2.323989999999999945e-01 3.216399999999999815e-01
1.554180000000000064e+02 2.324350000000000027e-01 3.216129999999999822e-01
1.555180000000000007e+02 2.324710000000000110e-01 3.215879999999999850e-01
1.556179999999999950e+02 2.325069999999999915e-01 3.215629999999999877e-01
1.557179999999999893e+02 2.325429999999999997e-01 3.215370000000000172e-01
1.558180000000000121e+02 2.325790000000000080e-01 3.215120000000000200e-01
1.559180000000000064e+02 2.326139999999999874e-01 3.214870000000000227e-01
1.560180000000000007e+02 2.326489999999999947e-01 3.214620000000000255e-01
1.561179999999999950e+02 2.326850000000000029e-01 3.214369999999999727e-01
1.562179999999999893e+02 2.327210000000000112e-01 3.214119999999999755e-01
1.563180000000000121e+02 2.327549999999999897e-01 3.213880000000000070e-01
1.564180000000000064e+02 2.327899999999999969e-01 3.213630000000000098e-01
1.565180000000000007e+02 2.328260000000000052e-01 3.213389999999999858e-01
1.566179999999999950e+02 2.328600000000000114e-01 3.213150000000000173e-01
1.567179999999999893e+02 2.328949999999999909e-01 3.212900000000000200e-01
1.568180000000000121e+02 2.329289999999999972e-01 3.212659999999999960e-01
1.569180000000000064e+02 2.329630000000000034e-01 3.212430000000000008e-01
1.570180000000000007e+02 2.329980000000000107e-01 3.212180000000000035e-01
1.571179999999999950e+02 2.330319999999999891e-01 3.211939999999999795e-01
1.572179999999999893e+02 2.330659999999999954e-01 3.211709999999999843e-01
1.573180000000000121e+02 2.331000000000000016e-01 3.211470000000000158e-01
1.574180000000000064e+02 2.331340000000000079e-01 3.211229999999999918e-01
1.575180000000000007e+02 2.331670000000000131e-01 3.210999999999999965e-01
1.576179999999999950e+02 2.332009999999999916e-01 3.210759999999999725e-01
1.577179999999999893e+02 2.332339999999999969e-01 3.210529999999999773e-01
1.578180000000000121e+02 2.332670000000000021e-01 3.210299999999999820e-01
1.579180000000000064e+02 2.333010000000000084e-01 3.210060000000000136e-01
1.580180000000000007e+02 2.333340000000000136e-01 3.209830000000000183e-01
1.581179999999999950e+02 2.333669999999999911e-01 3.209600000000000231e-01
1.582179999999999893e+02 2.333999999999999964e-01 3.209369999999999723e-01
1.583180000000000121e+02 2.334330000000000016e-01 3.209139999999999771e-01
1.584180000000000064e+02 2.334650000000000059e-01 3.208909999999999818e-01
1.585180000000000007e+02 2.334970000000000101e-01 3.208679999999999866e-01
1.586179999999999950e+02 2.335299999999999876e-01 3.208449999999999913e-01
1.587179999999999893e+02 2.335619999999999918e-01 3.208230000000000248e-01
1.588180000000000121e+02 2.335939999999999961e-01 3.207999999999999741e-01
1.589180000000000064e+02 2.336260000000000003e-01 3.207769999999999788e-01
1.590180000000000007e+02 2.336580000000000046e-01 3.207550000000000123e-01
1.591179999999999950e+02 2.336900000000000088e-01 3.207329999999999903e-01
1.592179999999999893e+02 2.337220000000000131e-01 3.207099999999999951e-01
1.593180000000000121e+02 2.337529999999999886e-01 3.206879999999999731e-01
1.594180000000000064e+02 2.337849999999999928e-01 3.206660000000000066e-01
1.595180000000000007e+02 2.338159999999999961e-01 3.206430000000000113e-01
1.596179999999999950e+02 2.338469999999999993e-01 3.206220000000000181e-01
1.597179999999999893e+02 2.338780000000000026e-01 3.205999999999999961e-01
1.598180000000000121e+02 2.339090000000000058e-01 3.205770000000000008e-01
1.599180000000000064e+02 2.339400000000000091e-01 3.205560000000000076e-01
1.600180000000000007e+02 2.339710000000000123e-01 3.205339999999999856e-01
1.601179999999999950e+02 2.340019999999999878e-01 3.205120000000000191e-01
1.602179999999999893e+02 2.340319999999999900e-01 3.204910000000000259e-01
1.603180000000000121e+02 2.340629999999999933e-01 3.204690000000000039e-01
1.604180000000000064e+02 2.340929999999999955e-01 3.204469999999999819e-01
1.605180000000000007e+02 2.341229999999999978e-01 3.204270000000000174e-01
1.606179999999999950e+02 2.341530000000000000e-01 3.204049999999999954e-01
1.607179999999999893e+02 2.341830000000000023e-01 3.203829999999999734e-01
1.608180000000000121e+02 2.342130000000000045e-01 3.203630000000000089e-01
1.609180000000000064e+02 2.342430000000000068e-01 3.203409999999999869e-01
1.610180000000000007e+02 2.342730000000000090e-01 3.203199999999999936e-01
1.611179999999999950e+02 2.343020000000000103e-01 3.202990000000000004e-01
1.612179999999999893e+02 2.343320000000000125e-01 3.202780000000000071e-01
1.612179999999999893e+02 2.343320000000000125e-01 3.202780000000000071e-01
1.612280000000000086e+02 2.343349999999999878e-01 3.202760000000000051e-01
1.612479999999999905e+02 2.343409999999999938e-01 3.202720000000000011e-01
1.612880000000000109e+02 2.343520000000000048e-01 3.202639999999999931e-01
1.613679999999999950e+02 2.343760000000000010e-01 3.202470000000000039e-01
1.614679999999999893e+02 2.344050000000000022e-01 3.202260000000000106e-01
1.615680000000000121e+02 2.344340000000000035e-01 3.202050000000000174e-01
1.616680000000000064e+02 2.344630000000000047e-01 3.201849999999999974e-01
1.617680000000000007e+02 2.344920000000000060e-01 3.201640000000000041e-01
1.618679999999999950e+02 2.345210000000000072e-01 3.201439999999999841e-01
1.619679999999999893e+02 2.345500000000000085e-01 3.201229999999999909e-01
1.620680000000000121e+02 2.345780000000000087e-01 3.201030000000000264e-01
1.621680000000000064e+02 2.346070000000000100e-01 3.200830000000000064e-01
1.622680000000000007e+02 2.346350000000000102e-01 3.200620000000000132e-01
1.623679999999999950e+02 2.346640000000000115e-01 3.200419999999999932e-01
1.624679999999999893e+02 2.346910000000000107e-01 3.200219999999999732e-01
1.625680000000000121e+02 2.347200000000000120e-01 3.200020000000000087e-01
1.626680000000000064e+02 2.347480000000000122e-01 3.199810000000000154e-01
1.627680000000000007e+02 2.347750000000000115e-01 3.199620000000000242e-01
1.628679999999999950e+02 2.348030000000000117e-01 3.199420000000000042e-01
1.629679999999999893e+02 2.348310000000000120e-01 3.199219999999999842e-01
1.630680000000000121e+02 2.348590000000000122e-01 3.199029999999999929e-01
1.631680000000000064e+02 2.348860000000000114e-01 3.198829999999999729e-01
1.632680000000000007e+02 2.349140000000000117e-01 3.198630000000000084e-01
1.633679999999999950e+02 2.349410000000000109e-01 3.198440000000000172e-01
1.634679999999999893e+02 2.349680000000000102e-01 3.198239999999999972e-01
1.635680000000000121e+02 2.349950000000000094e-01 3.198039999999999772e-01
1.636680000000000064e+02 2.350220000000000087e-01 3.197849999999999859e-01
1.637680000000000007e+02 2.350490000000000079e-01 3.197659999999999947e-01
1.638679999999999950e+02 2.350760000000000072e-01 3.197459999999999747e-01
1.639679999999999893e+02 2.351020000000000054e-01 3.197269999999999834e-01
1.640680000000000121e+02 2.351290000000000047e-01 3.197079999999999922e-01
1.641680000000000064e+02 2.351560000000000039e-01 3.196890000000000009e-01
1.642680000000000007e+02 2.351820000000000022e-01 3.196700000000000097e-01
1.643679999999999950e+02 2.352080000000000004e-01 3.196510000000000185e-01
1.644679999999999893e+02 2.352349999999999997e-01 3.196320000000000272e-01
1.645680000000000121e+02 2.352609999999999979e-01 3.196140000000000092e-01
1.646680000000000064e+02 2.352869999999999961e-01 3.195950000000000180e-01
1.647680000000000007e+02 2.353129999999999944e-01 3.195760000000000267e-01
1.648679999999999950e+02 2.353379999999999916e-01 3.195569999999999800e-01
1.649679999999999893e+02 2.353639999999999899e-01 3.195390000000000175e-01
1.650680000000000121e+02 2.353899999999999881e-01 3.195200000000000262e-01
1.651680000000000064e+02 2.354150000000000131e-01 3.195020000000000082e-01
1.652680000000000007e+02 2.354410000000000114e-01 3.194830000000000170e-01
1.653679999999999950e+02 2.354660000000000086e-01 3.194640000000000257e-01
1.654679999999999893e+02 2.354920000000000069e-01 3.194469999999999810e-01
1.655680000000000121e+02 2.355170000000000041e-01 3.194279999999999897e-01
1.656680000000000064e+02 2.355420000000000014e-01 3.194100000000000272e-01
1.657680000000000007e+02 2.355669999999999986e-01 3.193920000000000092e-01
1.658679999999999950e+02 2.355919999999999959e-01 3.193739999999999912e-01
1.659679999999999893e+02 2.356169999999999931e-01 3.193550000000000000e-01
1.660680000000000121e+02 2.356409999999999894e-01 3.193380000000000107e-01
1.661680000000000064e+02 2.356659999999999866e-01 3.193199999999999927e-01
1.662680000000000007e+02 2.356910000000000116e-01 3.193019999999999747e-01
1.663679999999999950e+02 2.357150000000000079e-01 3.192840000000000122e-01
1.664679999999999893e+02 2.357400000000000051e-01 3.192659999999999942e-01
1.665680000000000121e+02 2.357640000000000013e-01 3.192479999999999762e-01
1.666680000000000064e+02 2.357879999999999976e-01 3.192309999999999870e-01
1.667680000000000007e+02 2.358119999999999938e-01 3.192139999999999977e-01
1.668679999999999950e+02 2.358359999999999901e-01 3.191959999999999797e-01
1.669679999999999893e+02 2.358599999999999863e-01 3.191789999999999905e-01
1.670680000000000121e+02 2.358840000000000103e-01 3.191609999999999725e-01
1.671680000000000064e+02 2.359080000000000066e-01 3.191439999999999833e-01
1.672680000000000007e+02 2.359310000000000018e-01 3.191269999999999940e-01
1.673679999999999950e+02 2.359549999999999981e-01 3.191089999999999760e-01
1.674679999999999893e+02 2.359789999999999943e-01 3.190919999999999868e-01
1.675680000000000121e+02 2.360019999999999896e-01 3.190749999999999975e-01
1.676680000000000064e+02 2.360250000000000126e-01 3.190580000000000083e-01
1.677680000000000007e+02 2.360490000000000088e-01 3.190410000000000190e-01
1.678679999999999950e+02 2.360720000000000041e-01 3.190239999999999743e-01
1.679679999999999893e+02 2.360949999999999993e-01 3.190069999999999850e-01
1.680680000000000121e+02 2.361179999999999946e-01 3.189899999999999958e-01
1.681680000000000064e+02 2.361409999999999898e-01 3.189730000000000065e-01
1.682680000000000007e+02 2.361630000000000118e-01 3.189560000000000173e-01
1.683679999999999950e+02 2.361860000000000070e-01 3.189400000000000013e-01
1.684679999999999893e+02 2.362090000000000023e-01 3.189230000000000120e-01
1.685680000000000121e+02 2.362309999999999965e-01 3.189069999999999960e-01
1.686680000000000064e+02 2.362539999999999918e-01 3.188900000000000068e-01
1.687680000000000007e+02 2.362760000000000138e-01 3.188739999999999908e-01
1.688679999999999950e+02 2.362990000000000090e-01 3.188570000000000015e-01
1.689679999999999893e+02 2.363210000000000033e-01 3.188400000000000123e-01
1.690680000000000121e+02 2.363429999999999975e-01 3.188250000000000250e-01
1.691680000000000064e+02 2.363649999999999918e-01 3.188079999999999803e-01
1.692680000000000007e+02 2.363870000000000138e-01 3.187920000000000198e-01
1.693679999999999950e+02 2.364090000000000080e-01 3.187760000000000038e-01
1.694679999999999893e+02 2.364310000000000023e-01 3.187590000000000146e-01
1.695680000000000121e+02 2.364529999999999965e-01 3.187429999999999986e-01
1.696680000000000064e+02 2.364739999999999898e-01 3.187280000000000113e-01
1.697680000000000007e+02 2.364960000000000118e-01 3.187110000000000221e-01
1.698679999999999950e+02 2.365170000000000050e-01 3.186950000000000061e-01
1.699679999999999893e+02 2.365389999999999993e-01 3.186800000000000188e-01
1.700680000000000121e+02 2.365599999999999925e-01 3.186640000000000028e-01
1.701680000000000064e+02 2.365810000000000135e-01 3.186479999999999868e-01
1.702680000000000007e+02 2.366020000000000068e-01 3.186320000000000263e-01
1.703679999999999950e+02 2.366240000000000010e-01 3.186169999999999836e-01
1.704679999999999893e+02 2.366449999999999942e-01 3.186010000000000231e-01
1.705680000000000121e+02 2.366659999999999875e-01 3.185859999999999803e-01
1.706680000000000064e+02 2.366860000000000075e-01 3.185700000000000198e-01
1.707680000000000007e+02 2.367070000000000007e-01 3.185540000000000038e-01
1.708679999999999950e+02 2.367279999999999940e-01 3.185390000000000166e-01
1.709679999999999893e+02 2.367489999999999872e-01 3.185230000000000006e-01
1.710680000000000121e+02 2.367690000000000072e-01 3.185080000000000133e-01
1.711680000000000064e+02 2.367900000000000005e-01 3.184930000000000261e-01
1.712680000000000007e+02 2.368099999999999927e-01 3.184779999999999833e-01
1.713679999999999950e+02 2.368300000000000127e-01 3.184620000000000228e-01
1.714679999999999893e+02 2.368510000000000060e-01 3.184480000000000088e-01
1.715680000000000121e+02 2.368709999999999982e-01 3.184319999999999928e-01
1.716680000000000064e+02 2.368909999999999905e-01 3.184170000000000056e-01
1.717680000000000007e+02 2.369110000000000105e-01 3.184020000000000183e-01
1.718679999999999950e+02 2.369310000000000027e-01 3.183869999999999756e-01
1.719679999999999893e+02 2.369509999999999950e-01 3.183719999999999883e-01
1.720680000000000121e+02 2.369699999999999862e-01 3.183579999999999743e-01
1.721680000000000064e+02 2.369900000000000062e-01 3.183429999999999871e-01
1.722680000000000007e+02 2.370099999999999985e-01 3.183279999999999998e-01
1.723679999999999950e+02 2.370289999999999897e-01 3.183130000000000126e-01
1.724679999999999893e+02 2.370490000000000097e-01 3.182980000000000254e-01
1.725680000000000121e+02 2.370680000000000009e-01 3.182840000000000114e-01
1.726680000000000064e+02 2.370879999999999932e-01 3.182699999999999974e-01
1.727680000000000007e+02 2.371070000000000122e-01 3.182550000000000101e-01
1.728679999999999950e+02 2.371260000000000034e-01 3.182400000000000229e-01
1.729679999999999893e+02 2.371449999999999947e-01 3.182260000000000089e-01
1.730680000000000121e+02 2.371640000000000137e-01 3.182110000000000216e-01
1.731680000000000064e+02 2.371830000000000049e-01 3.181970000000000076e-01
1.732680000000000007e+02 2.372019999999999962e-01 3.181829999999999936e-01
1.733679999999999950e+02 2.372209999999999874e-01 3.181689999999999796e-01
1.734679999999999893e+02 2.372400000000000064e-01 3.181539999999999924e-01
1.735680000000000121e+02 2.372589999999999977e-01 3.181399999999999784e-01
1.736680000000000064e+02 2.372769999999999879e-01 3.181260000000000199e-01
1.737680000000000007e+02 2.372960000000000069e-01 3.181120000000000059e-01
1.738679999999999950e+02 2.373139999999999972e-01 3.180979999999999919e-01
1.739679999999999893e+02 2.373329999999999884e-01 3.180839999999999779e-01
1.740680000000000121e+02 2.373510000000000064e-01 3.180700000000000194e-01
1.741680000000000064e+02 2.373689999999999967e-01 3.180560000000000054e-01
1.742680000000000007e+02 2.373869999999999869e-01 3.180419999999999914e-01
1.743679999999999950e+02 2.374060000000000059e-01 3.180279999999999774e-01
1.744679999999999893e+02 2.374239999999999962e-01 3.180149999999999921e-01
1.745680000000000121e+02 2.374419999999999864e-01 3.180009999999999781e-01
1.746680000000000064e+02 2.374600000000000044e-01 3.179870000000000196e-01
1.747680000000000007e+02 2.374769999999999937e-01 3.179739999999999789e-01
1.748679999999999950e+02 2.374950000000000117e-01 3.179600000000000204e-01
1.749679999999999893e+02 2.375130000000000019e-01 3.179460000000000064e-01
1.750680000000000121e+02 2.375299999999999911e-01 3.179330000000000211e-01
1.751680000000000064e+02 2.375480000000000091e-01 3.179199999999999804e-01
1.752680000000000007e+02 2.375659999999999994e-01 3.179060000000000219e-01
1.753679999999999950e+02 2.375829999999999886e-01 3.178929999999999811e-01
1.754679999999999893e+02 2.376000000000000056e-01 3.178799999999999959e-01
1.755680000000000121e+02 2.376179999999999959e-01 3.178659999999999819e-01
1.756680000000000064e+02 2.376350000000000129e-01 3.178529999999999966e-01
1.757680000000000007e+02 2.376520000000000021e-01 3.178400000000000114e-01
1.758679999999999950e+02 2.376689999999999914e-01 3.178259999999999974e-01
1.759679999999999893e+02 2.376860000000000084e-01 3.178139999999999854e-01
1.760680000000000121e+02 2.377029999999999976e-01 3.178000000000000269e-01
1.761680000000000064e+02 2.377199999999999869e-01 3.177869999999999862e-01
1.762680000000000007e+02 2.377370000000000039e-01 3.177749999999999742e-01
1.763679999999999950e+02 2.377539999999999931e-01 3.177610000000000157e-01
1.764679999999999893e+02 2.377700000000000091e-01 3.177479999999999749e-01
1.765680000000000121e+02 2.377869999999999984e-01 3.177360000000000184e-01
1.766680000000000064e+02 2.378029999999999866e-01 3.177229999999999777e-01
1.767680000000000007e+02 2.378200000000000036e-01 3.177099999999999924e-01
1.768679999999999950e+02 2.378359999999999919e-01 3.176979999999999804e-01
1.769679999999999893e+02 2.378530000000000089e-01 3.176849999999999952e-01
1.770680000000000121e+02 2.378689999999999971e-01 3.176720000000000099e-01
1.771680000000000064e+02 2.378850000000000131e-01 3.176599999999999979e-01
1.772680000000000007e+02 2.379020000000000024e-01 3.176470000000000127e-01
1.773679999999999950e+02 2.379179999999999906e-01 3.176340000000000274e-01
1.774679999999999893e+02 2.379340000000000066e-01 3.176220000000000154e-01
1.775680000000000121e+02 2.379499999999999948e-01 3.176089999999999747e-01
1.776680000000000064e+02 2.379660000000000108e-01 3.175970000000000182e-01
1.777680000000000007e+02 2.379809999999999981e-01 3.175850000000000062e-01
1.778679999999999950e+02 2.379969999999999863e-01 3.175720000000000209e-01
1.779679999999999893e+02 2.380130000000000023e-01 3.175600000000000089e-01
1.780680000000000121e+02 2.380289999999999906e-01 3.175479999999999969e-01
1.781680000000000064e+02 2.380440000000000056e-01 3.175350000000000117e-01
1.782680000000000007e+02 2.380599999999999938e-01 3.175229999999999997e-01
1.783679999999999950e+02 2.380750000000000088e-01 3.175120000000000164e-01
1.784679999999999893e+02 2.380909999999999971e-01 3.175000000000000044e-01
1.785680000000000121e+02 2.381060000000000121e-01 3.174879999999999924e-01
1.786680000000000064e+02 2.381209999999999993e-01 3.174759999999999804e-01
1.787680000000000007e+02 2.381369999999999876e-01 3.174629999999999952e-01
1.788679999999999950e+02 2.381520000000000026e-01 3.174509999999999832e-01
1.789679999999999893e+02 2.381669999999999898e-01 3.174399999999999999e-01
1.790680000000000121e+02 2.381820000000000048e-01 3.174279999999999879e-01
1.791680000000000064e+02 2.381969999999999921e-01 3.174159999999999759e-01
1.792680000000000007e+02 2.382120000000000071e-01 3.174029999999999907e-01
1.793679999999999950e+02 2.382269999999999943e-01 3.173909999999999787e-01
1.794679999999999893e+02 2.382420000000000093e-01 3.173790000000000222e-01
1.795680000000000121e+02 2.382559999999999956e-01 3.173679999999999835e-01
1.796680000000000064e+02 2.382710000000000106e-01 3.173560000000000270e-01
1.797680000000000007e+02 2.382849999999999968e-01 3.173449999999999882e-01
1.798679999999999950e+02 2.383000000000000118e-01 3.173349999999999782e-01
1.799679999999999893e+02 2.383149999999999991e-01 3.173230000000000217e-01
1.800680000000000121e+02 2.383290000000000131e-01 3.173110000000000097e-01
1.801680000000000064e+02 2.383440000000000003e-01 3.173000000000000265e-01
1.802680000000000007e+02 2.383579999999999866e-01 3.172880000000000145e-01
1.803679999999999950e+02 2.383720000000000006e-01 3.172769999999999757e-01
1.804679999999999893e+02 2.383869999999999878e-01 3.172650000000000192e-01
1.805680000000000121e+02 2.384010000000000018e-01 3.172530000000000072e-01
1.806680000000000064e+02 2.384149999999999880e-01 3.172420000000000240e-01
1.807680000000000007e+02 2.384290000000000020e-01 3.172309999999999852e-01
1.808679999999999950e+02 2.384429999999999883e-01 3.172200000000000020e-01
1.808679999999999950e+02 2.384429999999999883e-01 3.172200000000000020e-01
1.808779999999999859e+02 2.384439999999999893e-01 3.172189999999999732e-01
1.808979999999999961e+02 2.384469999999999923e-01 3.172159999999999980e-01
1.809379999999999882e+02 2.384519999999999973e-01 3.172130000000000227e-01
1.810180000000000007e+02 2.384630000000000083e-01 3.172039999999999860e-01
1.811179999999999950e+02 2.384769999999999945e-01 3.171930000000000027e-01
1.812179999999999893e+02 2.384910000000000085e-01 3.171820000000000195e-01
1.813180000000000121e+02 2.385049999999999948e-01 3.171709999999999807e-01
1.814180000000000064e+02 2.385190000000000088e-01 3.171590000000000242e-01
1.815180000000000007e+02 2.385319999999999940e-01 3.171479999999999855e-01
1.816179999999999950e+02 2.385460000000000080e-01 3.171370000000000022e-01
1.817179999999999893e+02 2.385589999999999933e-01 3.171260000000000190e-01
1.818180000000000121e+02 2.385730000000000073e-01 3.171149999999999802e-01
1.819180000000000064e+02 2.385859999999999925e-01 3.171039999999999970e-01
1.820180000000000007e+02 2.385990000000000055e-01 3.170930000000000137e-01
1.821179999999999950e+02 2.386119999999999908e-01 3.170839999999999770e-01
1.822179999999999893e+02 2.386260000000000048e-01 3.170729999999999937e-01
1.823180000000000121e+02 2.386389999999999900e-01 3.170620000000000105e-01
1.824180000000000064e+02 2.386520000000000030e-01 3.170520000000000005e-01
1.825180000000000007e+02 2.386649999999999883e-01 3.170410000000000172e-01
1.826179999999999950e+02 2.386780000000000013e-01 3.170299999999999785e-01
1.827179999999999893e+02 2.386909999999999865e-01 3.170200000000000240e-01
1.828180000000000121e+02 2.387039999999999995e-01 3.170089999999999852e-01
1.829180000000000064e+02 2.387170000000000125e-01 3.169980000000000020e-01
1.830180000000000007e+02 2.387289999999999968e-01 3.169879999999999920e-01
1.831179999999999950e+02 2.387420000000000098e-01 3.169770000000000088e-01
1.832179999999999893e+02 2.387549999999999950e-01 3.169669999999999987e-01
1.833180000000000121e+02 2.387670000000000070e-01 3.169569999999999887e-01
1.834180000000000064e+02 2.387799999999999923e-01 3.169469999999999787e-01
1.835180000000000007e+02 2.387920000000000043e-01 3.169359999999999955e-01
1.836179999999999950e+02 2.388049999999999895e-01 3.169270000000000143e-01
1.837179999999999893e+02 2.388170000000000015e-01 3.169170000000000043e-01
1.838180000000000121e+02 2.388299999999999867e-01 3.169060000000000210e-01
1.839180000000000064e+02 2.388419999999999987e-01 3.168960000000000110e-01
1.840180000000000007e+02 2.388540000000000108e-01 3.168860000000000010e-01
1.841179999999999950e+02 2.388669999999999960e-01 3.168750000000000178e-01
1.842179999999999893e+02 2.388780000000000070e-01 3.168650000000000078e-01
1.843180000000000121e+02 2.388899999999999912e-01 3.168549999999999978e-01
1.844180000000000064e+02 2.389020000000000032e-01 3.168449999999999878e-01
1.845180000000000007e+02 2.389139999999999875e-01 3.168360000000000065e-01
1.846179999999999950e+02 2.389259999999999995e-01 3.168259999999999965e-01
1.847179999999999893e+02 2.389380000000000115e-01 3.168159999999999865e-01
1.848180000000000121e+02 2.389499999999999957e-01 3.168070000000000053e-01
1.849180000000000064e+02 2.389620000000000077e-01 3.167969999999999953e-01
1.850180000000000007e+02 2.389729999999999910e-01 3.167869999999999853e-01
1.851179999999999950e+02 2.389860000000000040e-01 3.167769999999999753e-01
1.852179999999999893e+02 2.389969999999999872e-01 3.167670000000000208e-01
1.853180000000000121e+02 2.390089999999999992e-01 3.167570000000000108e-01
1.854180000000000064e+02 2.390200000000000102e-01 3.167470000000000008e-01
1.855180000000000007e+02 2.390309999999999935e-01 3.167380000000000195e-01
1.856179999999999950e+02 2.390420000000000045e-01 3.167280000000000095e-01
1.857179999999999893e+02 2.390529999999999877e-01 3.167200000000000015e-01
1.858180000000000121e+02 2.390639999999999987e-01 3.167099999999999915e-01
1.859180000000000064e+02 2.390760000000000107e-01 3.166999999999999815e-01
1.860180000000000007e+02 2.390879999999999950e-01 3.166919999999999735e-01
1.861179999999999950e+02 2.390990000000000060e-01 3.166829999999999923e-01
1.862179999999999893e+02 2.391099999999999892e-01 3.166729999999999823e-01
1.863180000000000121e+02 2.391220000000000012e-01 3.166629999999999723e-01
1.864180000000000064e+02 2.391330000000000122e-01 3.166530000000000178e-01
1.865180000000000007e+02 2.391439999999999955e-01 3.166439999999999810e-01
1.866179999999999950e+02 2.391540000000000055e-01 3.166340000000000265e-01
1.867179999999999893e+02 2.391639999999999877e-01 3.166240000000000165e-01
1.868180000000000121e+02 2.391749999999999987e-01 3.166149999999999798e-01
1.869180000000000064e+02 2.391840000000000077e-01 3.166080000000000005e-01
1.870180000000000007e+02 2.391949999999999910e-01 3.165990000000000193e-01
1.871179999999999950e+02 2.392060000000000020e-01 3.165890000000000093e-01
1.872179999999999893e+02 2.392189999999999872e-01 3.165830000000000033e-01
1.873180000000000121e+02 2.392289999999999972e-01 3.165740000000000220e-01
1.874180000000000064e+02 2.392390000000000072e-01 3.165649999999999853e-01
1.875180000000000007e+02 2.392539999999999945e-01 3.165529999999999733e-01
1.876179999999999950e+02 2.392640000000000045e-01 3.165439999999999920e-01
1.877179999999999893e+02 2.392739999999999867e-01 3.165350000000000108e-01
1.878180000000000121e+02 2.392789999999999917e-01 3.165220000000000256e-01
1.879180000000000064e+02 2.392890000000000017e-01 3.165129999999999888e-01
1.880180000000000007e+02 2.392990000000000117e-01 3.165040000000000076e-01
1.881179999999999950e+02 2.393079999999999929e-01 3.165020000000000056e-01
1.882179999999999893e+02 2.393180000000000029e-01 3.164930000000000243e-01
1.883180000000000121e+02 2.393280000000000129e-01 3.164839999999999876e-01
1.884180000000000064e+02 2.393440000000000012e-01 3.164810000000000123e-01
1.885180000000000007e+02 2.393540000000000112e-01 3.164719999999999756e-01
1.886179999999999950e+02 2.393629999999999924e-01 3.164629999999999943e-01
1.887179999999999893e+02 2.393790000000000084e-01 3.164489999999999803e-01
1.888180000000000121e+02 2.393879999999999897e-01 3.164399999999999991e-01
1.889180000000000064e+02 2.393979999999999997e-01 3.164310000000000178e-01
1.890180000000000007e+02 2.393969999999999987e-01 3.164159999999999751e-01
1.891179999999999950e+02 2.394070000000000087e-01 3.164069999999999938e-01
1.892179999999999893e+02 2.394169999999999909e-01 3.163980000000000126e-01
1.893180000000000121e+02 2.394259999999999999e-01 3.163989999999999858e-01
1.894180000000000064e+02 2.394350000000000089e-01 3.163909999999999778e-01
1.895180000000000007e+02 2.394449999999999912e-01 3.163819999999999966e-01
1.896179999999999950e+02 2.394620000000000082e-01 3.163810000000000233e-01
1.897179999999999893e+02 2.394709999999999894e-01 3.163719999999999866e-01
1.898180000000000121e+02 2.394809999999999994e-01 3.163639999999999786e-01
1.899180000000000064e+02 2.394910000000000094e-01 3.163500000000000201e-01
1.900180000000000007e+02 2.394999999999999907e-01 3.163420000000000121e-01
1.901179999999999950e+02 2.395089999999999997e-01 3.163329999999999753e-01
1.902179999999999893e+02 2.395100000000000007e-01 3.163190000000000168e-01
1.903180000000000121e+02 2.395190000000000097e-01 3.163110000000000088e-01
1.904180000000000064e+02 2.395279999999999909e-01 3.163020000000000276e-01
1.905180000000000007e+02 2.395369999999999999e-01 3.163000000000000256e-01
1.906179999999999950e+02 2.395460000000000089e-01 3.162920000000000176e-01
1.907179999999999893e+02 2.395549999999999902e-01 3.162840000000000096e-01
1.908180000000000121e+02 2.395730000000000082e-01 3.162800000000000056e-01
1.909180000000000064e+02 2.395809999999999884e-01 3.162719999999999976e-01
1.910180000000000007e+02 2.395899999999999974e-01 3.162639999999999896e-01
1.911179999999999950e+02 2.395970000000000044e-01 3.162510000000000043e-01
1.912179999999999893e+02 2.396060000000000134e-01 3.162429999999999963e-01
1.913180000000000121e+02 2.396139999999999937e-01 3.162349999999999883e-01
1.914180000000000064e+02 2.396220000000000017e-01 3.162200000000000011e-01
1.915180000000000007e+02 2.396300000000000097e-01 3.162119999999999931e-01
1.916179999999999950e+02 2.396389999999999909e-01 3.162039999999999851e-01
1.917179999999999893e+02 2.396419999999999939e-01 3.162019999999999831e-01
1.918180000000000121e+02 2.396500000000000019e-01 3.161939999999999751e-01
1.919180000000000064e+02 2.396590000000000109e-01 3.161860000000000226e-01
1.920180000000000007e+02 2.396719999999999962e-01 3.161900000000000266e-01
1.921179999999999950e+02 2.396810000000000052e-01 3.161820000000000186e-01
1.922179999999999893e+02 2.396890000000000132e-01 3.161740000000000106e-01
1.923180000000000121e+02 2.397110000000000074e-01 3.161619999999999986e-01
1.924180000000000064e+02 2.397189999999999876e-01 3.161539999999999906e-01
1.925180000000000007e+02 2.397269999999999956e-01 3.161459999999999826e-01
1.926179999999999950e+02 2.397189999999999876e-01 3.161280000000000201e-01
1.927179999999999893e+02 2.397269999999999956e-01 3.161200000000000121e-01
1.928180000000000121e+02 2.397350000000000037e-01 3.161120000000000041e-01
1.929180000000000064e+02 2.397390000000000077e-01 3.161169999999999813e-01
1.930180000000000007e+02 2.397469999999999879e-01 3.161100000000000021e-01
1.931179999999999950e+02 2.397549999999999959e-01 3.161019999999999941e-01
1.932179999999999893e+02 2.397829999999999961e-01 3.161010000000000209e-01
1.933180000000000121e+02 2.397910000000000041e-01 3.160930000000000129e-01
1.934180000000000064e+02 2.397980000000000111e-01 3.160859999999999781e-01
1.935180000000000007e+02 2.397890000000000021e-01 3.160709999999999908e-01
1.936179999999999950e+02 2.397960000000000091e-01 3.160629999999999828e-01
1.937179999999999893e+02 2.398039999999999894e-01 3.160560000000000036e-01
1.938180000000000121e+02 2.398240000000000094e-01 3.160399999999999876e-01
1.939180000000000064e+02 2.398319999999999896e-01 3.160330000000000084e-01
1.940180000000000007e+02 2.398389999999999966e-01 3.160259999999999736e-01
1.941179999999999950e+02 2.398329999999999906e-01 3.160180000000000211e-01
1.942179999999999893e+02 2.398409999999999986e-01 3.160109999999999864e-01
1.943180000000000121e+02 2.398480000000000056e-01 3.160040000000000071e-01
1.944180000000000064e+02 2.398560000000000136e-01 3.160129999999999884e-01
1.945180000000000007e+02 2.398629999999999929e-01 3.160049999999999804e-01
1.946179999999999950e+02 2.398699999999999999e-01 3.159980000000000011e-01
1.947179999999999893e+02 2.399070000000000091e-01 3.159899999999999931e-01
1.948180000000000121e+02 2.399139999999999884e-01 3.159830000000000139e-01
1.949180000000000064e+02 2.399209999999999954e-01 3.159759999999999791e-01
1.950180000000000007e+02 2.399000000000000021e-01 3.159560000000000146e-01
1.951179999999999950e+02 2.399070000000000091e-01 3.159489999999999799e-01
1.952179999999999893e+02 2.399149999999999894e-01 3.159420000000000006e-01
1.953180000000000121e+02 2.399179999999999924e-01 3.159449999999999759e-01
1.954180000000000064e+02 2.399239999999999984e-01 3.159379999999999966e-01
1.955180000000000007e+02 2.399310000000000054e-01 3.159310000000000174e-01
1.956179999999999950e+02 2.399640000000000106e-01 3.159339999999999926e-01
1.957179999999999893e+02 2.399699999999999889e-01 3.159270000000000134e-01
1.958180000000000121e+02 2.399769999999999959e-01 3.159199999999999786e-01
1.959180000000000064e+02 2.399620000000000086e-01 3.159040000000000181e-01
1.960180000000000007e+02 2.399679999999999869e-01 3.158969999999999834e-01
1.961179999999999950e+02 2.399749999999999939e-01 3.158900000000000041e-01
1.962179999999999893e+02 2.399850000000000039e-01 3.158770000000000189e-01
1.963180000000000121e+02 2.399910000000000099e-01 3.158699999999999841e-01
1.964180000000000064e+02 2.399979999999999891e-01 3.158639999999999781e-01
1.965180000000000007e+02 2.399999999999999911e-01 3.158630000000000049e-01
1.966179999999999950e+02 2.400069999999999981e-01 3.158560000000000256e-01
1.967179999999999893e+02 2.400130000000000041e-01 3.158489999999999909e-01
1.968180000000000121e+02 2.400299999999999934e-01 3.158480000000000176e-01
1.969180000000000064e+02 2.400359999999999994e-01 3.158420000000000116e-01
1.970180000000000007e+02 2.400420000000000054e-01 3.158349999999999769e-01
1.971179999999999950e+02 2.400480000000000114e-01 3.158239999999999936e-01
1.972179999999999893e+02 2.400539999999999896e-01 3.158179999999999876e-01
1.973180000000000121e+02 2.400599999999999956e-01 3.158110000000000084e-01
1.974180000000000064e+02 2.400569999999999926e-01 3.157980000000000231e-01
1.975180000000000007e+02 2.400629999999999986e-01 3.157909999999999884e-01
1.976179999999999950e+02 2.400690000000000046e-01 3.157849999999999824e-01
1.977179999999999893e+02 2.400740000000000096e-01 3.157880000000000131e-01
1.978180000000000121e+02 2.400799999999999879e-01 3.157820000000000071e-01
1.979180000000000064e+02 2.400849999999999929e-01 3.157749999999999724e-01
1.980180000000000007e+02 2.401129999999999931e-01 3.157769999999999744e-01
1.981179999999999950e+02 2.401189999999999991e-01 3.157710000000000239e-01
1.982179999999999893e+02 2.401240000000000041e-01 3.157650000000000179e-01
1.983180000000000121e+02 2.401139999999999941e-01 3.157510000000000039e-01
1.984180000000000064e+02 2.401200000000000001e-01 3.157440000000000246e-01
1.985180000000000007e+02 2.401250000000000051e-01 3.157380000000000186e-01
1.986179999999999950e+02 2.401300000000000101e-01 3.157249999999999779e-01
1.987179999999999893e+02 2.401359999999999884e-01 3.157190000000000274e-01
1.988180000000000121e+02 2.401409999999999934e-01 3.157119999999999926e-01
1.989180000000000064e+02 2.401459999999999984e-01 3.157159999999999966e-01
1.990180000000000007e+02 2.401520000000000044e-01 3.157090000000000174e-01
1.991179999999999950e+02 2.401570000000000094e-01 3.157030000000000114e-01
1.992179999999999893e+02 2.401820000000000066e-01 3.157010000000000094e-01
1.993180000000000121e+02 2.401870000000000116e-01 3.156950000000000034e-01
1.994180000000000064e+02 2.401919999999999888e-01 3.156889999999999974e-01
1.995180000000000007e+02 2.401760000000000006e-01 3.156749999999999834e-01
1.996179999999999950e+02 2.401820000000000066e-01 3.156689999999999774e-01
1.997179999999999893e+02 2.401870000000000116e-01 3.156630000000000269e-01
1.998180000000000121e+02 2.401929999999999898e-01 3.156579999999999941e-01
1.999180000000000064e+02 2.401979999999999948e-01 3.156519999999999881e-01
2.000180000000000007e+02 2.402029999999999998e-01 3.156459999999999821e-01
2.001179999999999950e+02 2.402310000000000001e-01 3.156519999999999881e-01
2.002179999999999893e+02 2.402360000000000051e-01 3.156459999999999821e-01
2.003180000000000121e+02 2.402410000000000101e-01 3.156399999999999761e-01
2.004180000000000064e+02 2.402279999999999971e-01 3.156269999999999909e-01
2.005180000000000007e+02 2.402330000000000021e-01 3.156209999999999849e-01
2.005180000000000007e+02 2.402330000000000021e-01 3.156209999999999849e-01
2.005279999999999916e+02 2.402330000000000021e-01 3.156209999999999849e-01
2.005480000000000018e+02 2.402340000000000031e-01 3.156200000000000117e-01
2.005879999999999939e+02 2.402340000000000031e-01 3.156079999999999997e-01
2.006680000000000064e+02 2.402380000000000071e-01 3.156039999999999957e-01
2.007680000000000007e+02 2.402430000000000121e-01 3.155979999999999897e-01
2.008679999999999950e+02 2.402499999999999913e-01 3.156070000000000264e-01
2.009679999999999893e+02 2.402549999999999963e-01 3.156010000000000204e-01
2.010680000000000121e+02 2.402600000000000013e-01 3.155950000000000144e-01
2.011680000000000064e+02 2.402960000000000096e-01 3.155899999999999817e-01
2.012680000000000007e+02 2.403000000000000136e-01 3.155850000000000044e-01
2.013679999999999950e+02 2.403049999999999908e-01 3.155789999999999984e-01
2.014679999999999893e+02 2.402729999999999866e-01 3.155660000000000132e-01
2.015680000000000121e+02 2.402779999999999916e-01 3.155600000000000072e-01
2.016680000000000064e+02 2.402819999999999956e-01 3.155549999999999744e-01
2.017680000000000007e+02 2.402960000000000096e-01 3.155540000000000012e-01
2.018679999999999950e+02 2.403009999999999868e-01 3.155490000000000239e-01
2.019679999999999893e+02 2.403049999999999908e-01 3.155439999999999912e-01
2.020680000000000121e+02 2.403430000000000011e-01 3.155379999999999852e-01
2.021680000000000064e+02 2.403480000000000061e-01 3.155330000000000079e-01
2.022680000000000007e+02 2.403520000000000101e-01 3.155270000000000019e-01
2.023679999999999950e+02 2.403139999999999998e-01 3.155180000000000207e-01
2.024679999999999893e+02 2.403180000000000038e-01 3.155129999999999879e-01
2.025680000000000121e+02 2.403230000000000088e-01 3.155080000000000107e-01
2.026680000000000064e+02 2.403520000000000101e-01 3.155129999999999879e-01
2.027680000000000007e+02 2.403559999999999863e-01 3.155069999999999819e-01
2.028679999999999950e+02 2.403599999999999903e-01 3.155020000000000047e-01
2.029679999999999893e+02 2.403460000000000041e-01 3.154899999999999927e-01
2.030680000000000121e+02 2.403500000000000081e-01 3.154850000000000154e-01
2.031680000000000064e+02 2.403540000000000121e-01 3.154799999999999827e-01
2.032680000000000007e+02 2.403510000000000091e-01 3.154609999999999914e-01
2.033679999999999950e+02 2.403550000000000131e-01 3.154560000000000142e-01
2.034679999999999893e+02 2.403589999999999893e-01 3.154509999999999814e-01
2.035680000000000121e+02 2.403800000000000103e-01 3.154739999999999767e-01
2.036680000000000064e+02 2.403839999999999866e-01 3.154689999999999994e-01
2.037680000000000007e+02 2.403879999999999906e-01 3.154640000000000222e-01
2.038679999999999950e+02 2.404060000000000086e-01 3.154529999999999834e-01
2.039679999999999893e+02 2.404100000000000126e-01 3.154480000000000062e-01
2.040680000000000121e+02 2.404139999999999888e-01 3.154429999999999734e-01
2.041680000000000064e+02 2.403889999999999916e-01 3.154279999999999862e-01
2.042680000000000007e+02 2.403919999999999946e-01 3.154230000000000089e-01
2.043679999999999950e+02 2.403959999999999986e-01 3.154179999999999762e-01
2.044679999999999893e+02 2.404169999999999918e-01 3.154230000000000089e-01
2.045680000000000121e+02 2.404209999999999958e-01 3.154179999999999762e-01
2.046680000000000064e+02 2.404249999999999998e-01 3.154129999999999989e-01
2.047680000000000007e+02 2.404159999999999908e-01 3.154040000000000177e-01
2.048679999999999950e+02 2.404189999999999938e-01 3.153989999999999849e-01
2.049679999999999893e+02 2.404229999999999978e-01 3.153940000000000077e-01
2.050680000000000121e+02 2.404409999999999881e-01 3.153960000000000097e-01
2.051680000000000064e+02 2.404439999999999911e-01 3.153920000000000057e-01
2.052680000000000007e+02 2.404479999999999951e-01 3.153869999999999729e-01
2.053679999999999950e+02 2.404439999999999911e-01 3.153750000000000164e-01
2.054679999999999893e+02 2.404469999999999941e-01 3.153699999999999837e-01
2.055680000000000121e+02 2.404509999999999981e-01 3.153659999999999797e-01
2.056680000000000064e+02 2.404689999999999883e-01 3.153630000000000044e-01
2.057680000000000007e+02 2.404719999999999913e-01 3.153580000000000272e-01
2.058679999999999950e+02 2.404749999999999943e-01 3.153529999999999944e-01
2.059679999999999893e+02 2.404499999999999971e-01 3.153380000000000072e-01
2.060680000000000121e+02 2.404530000000000001e-01 3.153329999999999744e-01
2.061680000000000064e+02 2.404560000000000031e-01 3.153279999999999972e-01
2.062680000000000007e+02 2.404779999999999973e-01 3.153440000000000132e-01
2.063679999999999950e+02 2.404810000000000003e-01 3.153389999999999804e-01
2.064679999999999893e+02 2.404840000000000033e-01 3.153349999999999764e-01
2.065680000000000121e+02 2.404930000000000123e-01 3.153219999999999912e-01
2.066680000000000064e+02 2.404959999999999876e-01 3.153179999999999872e-01
2.067680000000000007e+02 2.404989999999999906e-01 3.153130000000000099e-01
2.068679999999999950e+02 2.404810000000000003e-01 3.152960000000000207e-01
2.069679999999999893e+02 2.404840000000000033e-01 3.152920000000000167e-01
2.070680000000000121e+02 2.404870000000000063e-01 3.152869999999999839e-01
2.071680000000000064e+02 2.404930000000000123e-01 3.152809999999999779e-01
2.072680000000000007e+02 2.404949999999999866e-01 3.152760000000000007e-01
2.073679999999999950e+02 2.404979999999999896e-01 3.152719999999999967e-01
2.074679999999999893e+02 2.405249999999999888e-01 3.152739999999999987e-01
2.075680000000000121e+02 2.405279999999999918e-01 3.152699999999999947e-01
2.076680000000000064e+02 2.405299999999999938e-01 3.152659999999999907e-01
2.077680000000000007e+02 2.405140000000000056e-01 3.152699999999999947e-01
2.078679999999999950e+02 2.405170000000000086e-01 3.152659999999999907e-01
2.079679999999999893e+02 2.405190000000000106e-01 3.152610000000000134e-01
2.080680000000000121e+02 2.405110000000000026e-01 3.152619999999999867e-01
2.081680000000000064e+02 2.405130000000000046e-01 3.152570000000000094e-01
2.082680000000000007e+02 2.405160000000000076e-01 3.152530000000000054e-01
2.083679999999999950e+02 2.405200000000000116e-01 3.152420000000000222e-01
2.084679999999999893e+02 2.405220000000000136e-01 3.152380000000000182e-01
2.085680000000000121e+02 2.405249999999999888e-01 3.152329999999999854e-01
2.086680000000000064e+02 2.405259999999999898e-01 3.152249999999999774e-01
2.087680000000000007e+02 2.405279999999999918e-01 3.152200000000000002e-01
2.088679999999999950e+02 2.405299999999999938e-01 3.152159999999999962e-01
2.089679999999999893e+02 2.405410000000000048e-01 3.152260000000000062e-01
2.090680000000000121e+02 2.405430000000000068e-01 3.152209999999999734e-01
2.091680000000000064e+02 2.405460000000000098e-01 3.152170000000000250e-01
2.092680000000000007e+02 2.405519999999999881e-01 3.152070000000000149e-01
2.093679999999999950e+02 2.405539999999999901e-01 3.152030000000000109e-01
2.094679999999999893e+02 2.405559999999999921e-01 3.151990000000000069e-01
2.095680000000000121e+02 2.405480000000000118e-01 3.151959999999999762e-01
2.096680000000000064e+02 2.405500000000000138e-01 3.151920000000000277e-01
2.097680000000000007e+02 2.405519999999999881e-01 3.151880000000000237e-01
2.098679999999999950e+02 2.405509999999999871e-01 3.151990000000000069e-01
2.099679999999999893e+02 2.405529999999999891e-01 3.151950000000000029e-01
2.100680000000000121e+02 2.405549999999999911e-01 3.151920000000000277e-01
2.101680000000000064e+02 2.405579999999999941e-01 3.151840000000000197e-01
2.102680000000000007e+02 2.405599999999999961e-01 3.151809999999999889e-01
2.103679999999999950e+02 2.405619999999999981e-01 3.151769999999999849e-01
2.104679999999999893e+02 2.405650000000000011e-01 3.151740000000000097e-01
2.105680000000000121e+02 2.405670000000000031e-01 3.151700000000000057e-01
2.106680000000000064e+02 2.405690000000000051e-01 3.151660000000000017e-01
2.107680000000000007e+02 2.405760000000000121e-01 3.151619999999999977e-01
2.108679999999999950e+02 2.405779999999999863e-01 3.151590000000000225e-01
2.109679999999999893e+02 2.405799999999999883e-01 3.151550000000000185e-01
2.110680000000000121e+02 2.405899999999999983e-01 3.151530000000000165e-01
2.111680000000000064e+02 2.405909999999999993e-01 3.151490000000000125e-01
2.112680000000000007e+02 2.405930000000000013e-01 3.151450000000000085e-01
2.113679999999999950e+02 2.406000000000000083e-01 3.151390000000000025e-01
2.114679999999999893e+02 2.406020000000000103e-01 3.151349999999999985e-01
2.115680000000000121e+02 2.406030000000000113e-01 3.151320000000000232e-01
2.116680000000000064e+02 2.405920000000000003e-01 3.151260000000000172e-01
2.117680000000000007e+02 2.405930000000000013e-01 3.151229999999999865e-01
2.118679999999999950e+02 2.405940000000000023e-01 3.151189999999999825e-01
2.119679999999999893e+02 2.405960000000000043e-01 3.151109999999999745e-01
2.120680000000000121e+02 2.405970000000000053e-01 3.151079999999999992e-01
2.121680000000000064e+02 2.405980000000000063e-01 3.151039999999999952e-01
2.122680000000000007e+02 2.406119999999999925e-01 3.151149999999999785e-01
2.123679999999999950e+02 2.406129999999999936e-01 3.151120000000000032e-01
2.124679999999999893e+02 2.406139999999999946e-01 3.151089999999999725e-01
2.125680000000000121e+02 2.406240000000000046e-01 3.151039999999999952e-01
2.126680000000000064e+02 2.406260000000000066e-01 3.151010000000000200e-01
2.127680000000000007e+02 2.406270000000000076e-01 3.150979999999999892e-01
2.128679999999999950e+02 2.406059999999999865e-01 3.150899999999999812e-01
2.129679999999999893e+02 2.406069999999999875e-01 3.150870000000000060e-01
2.130680000000000121e+02 2.406079999999999885e-01 3.150839999999999752e-01
2.131680000000000064e+02 2.406379999999999908e-01 3.150819999999999732e-01
2.132680000000000007e+02 2.406389999999999918e-01 3.150789999999999980e-01
2.133679999999999950e+02 2.406399999999999928e-01 3.150749999999999940e-01
2.134679999999999893e+02 2.406159999999999966e-01 3.150709999999999900e-01
2.135680000000000121e+02 2.406169999999999976e-01 3.150680000000000147e-01
2.136680000000000064e+02 2.406179999999999986e-01 3.150640000000000107e-01
2.137680000000000007e+02 2.406149999999999956e-01 3.150589999999999780e-01
2.138679999999999950e+02 2.406159999999999966e-01 3.150560000000000027e-01
2.139679999999999893e+02 2.406169999999999976e-01 3.150530000000000275e-01
2.140680000000000121e+02 2.406469999999999998e-01 3.150649999999999840e-01
2.141680000000000064e+02 2.406480000000000008e-01 3.150609999999999800e-01
2.142680000000000007e+02 2.406490000000000018e-01 3.150580000000000047e-01
2.143679999999999950e+02 2.406379999999999908e-01 3.150499999999999967e-01
2.144679999999999893e+02 2.406389999999999918e-01 3.150470000000000215e-01
2.145680000000000121e+02 2.406399999999999928e-01 3.150430000000000175e-01
2.146680000000000064e+02 2.406189999999999996e-01 3.150319999999999787e-01
2.147680000000000007e+02 2.406189999999999996e-01 3.150290000000000035e-01
2.148679999999999950e+02 2.406200000000000006e-01 3.150259999999999727e-01
2.149679999999999893e+02 2.406260000000000066e-01 3.150330000000000075e-01
2.150680000000000121e+02 2.406260000000000066e-01 3.150299999999999767e-01
2.151680000000000064e+02 2.406270000000000076e-01 3.150270000000000015e-01
2.152680000000000007e+02 2.406429999999999958e-01 3.150319999999999787e-01
2.153679999999999950e+02 2.406439999999999968e-01 3.150290000000000035e-01
2.154679999999999893e+02 2.406449999999999978e-01 3.150259999999999727e-01
2.155680000000000121e+02 2.406250000000000056e-01 3.150109999999999855e-01
2.156680000000000064e+02 2.406260000000000066e-01 3.150080000000000102e-01
2.157680000000000007e+02 2.406260000000000066e-01 3.150060000000000082e-01
2.158679999999999950e+02 2.406320000000000126e-01 3.150060000000000082e-01
2.159679999999999893e+02 2.406320000000000126e-01 3.150029999999999775e-01
2.160680000000000121e+02 2.406330000000000136e-01 3.150009999999999755e-01
2.161680000000000064e+02 2.406449999999999978e-01 3.150089999999999835e-01
2.162680000000000007e+02 2.406459999999999988e-01 3.150060000000000082e-01
2.163679999999999950e+02 2.406459999999999988e-01 3.150029999999999775e-01
2.164679999999999893e+02 2.406369999999999898e-01 3.149790000000000090e-01
2.165680000000000121e+02 2.406379999999999908e-01 3.149759999999999782e-01
2.166680000000000064e+02 2.406379999999999908e-01 3.149739999999999762e-01
2.167680000000000007e+02 2.406540000000000068e-01 3.149989999999999735e-01
2.168679999999999950e+02 2.406550000000000078e-01 3.149959999999999982e-01
2.169679999999999893e+02 2.406550000000000078e-01 3.149939999999999962e-01
2.170680000000000121e+02 2.406500000000000028e-01 3.149790000000000090e-01
2.171680000000000064e+02 2.406500000000000028e-01 3.149770000000000070e-01
2.172680000000000007e+02 2.406500000000000028e-01 3.149739999999999762e-01
2.173679999999999950e+02 2.406339999999999868e-01 3.149569999999999870e-01
2.174679999999999893e+02 2.406339999999999868e-01 3.149549999999999850e-01
2.175680000000000121e+02 2.406339999999999868e-01 3.149520000000000097e-01
2.176680000000000064e+02 2.406619999999999870e-01 3.149759999999999782e-01
2.177680000000000007e+02 2.406619999999999870e-01 3.149730000000000030e-01
2.178679999999999950e+02 2.406619999999999870e-01 3.149710000000000010e-01
2.179679999999999893e+02 2.406610000000000138e-01 3.149600000000000177e-01
2.180680000000000121e+02 2.406610000000000138e-01 3.149580000000000157e-01
2.181680000000000064e+02 2.406610000000000138e-01 3.149549999999999850e-01
2.182680000000000007e+02 2.406449999999999978e-01 3.149339999999999917e-01
2.183679999999999950e+02 2.406449999999999978e-01 3.149319999999999897e-01
2.184679999999999893e+02 2.406449999999999978e-01 3.149290000000000145e-01
2.185680000000000121e+02 2.406399999999999928e-01 3.149509999999999810e-01
2.186680000000000064e+02 2.406389999999999918e-01 3.149489999999999790e-01
2.187680000000000007e+02 2.406389999999999918e-01 3.149460000000000037e-01
2.188679999999999950e+02 2.406500000000000028e-01 3.149419999999999997e-01
2.189679999999999893e+02 2.406500000000000028e-01 3.149390000000000245e-01
2.190680000000000121e+02 2.406500000000000028e-01 3.149370000000000225e-01
2.191680000000000064e+02 2.406300000000000106e-01 3.149210000000000065e-01
2.192680000000000007e+02 2.406290000000000096e-01 3.149190000000000045e-01
2.193679999999999950e+02 2.406290000000000096e-01 3.149159999999999737e-01
2.194679999999999893e+02 2.406369999999999898e-01 3.149290000000000145e-01
2.195680000000000121e+02 2.406359999999999888e-01 3.149270000000000125e-01
2.196680000000000064e+02 2.406359999999999888e-01 3.149250000000000105e-01
2.197680000000000007e+02 2.406439999999999968e-01 3.149230000000000085e-01
2.198679999999999950e+02 2.406429999999999958e-01 3.149210000000000065e-01
2.199679999999999893e+02 2.406429999999999958e-01 3.149190000000000045e-01
2.200680000000000121e+02 2.406240000000000046e-01 3.149040000000000172e-01
2.201680000000000064e+02 2.406230000000000036e-01 3.149020000000000152e-01
2.201680000000000064e+02 2.406230000000000036e-01 3.149020000000000152e-01
2.201779999999999973e+02 2.406230000000000036e-01 3.149020000000000152e-01
2.201980000000000075e+02 2.406230000000000036e-01 3.149009999999999865e-01
2.202379999999999995e+02 2.406379999999999908e-01 3.149140000000000272e-01
2.203180000000000121e+02 2.406379999999999908e-01 3.149129999999999985e-01
2.204180000000000064e+02 2.406369999999999898e-01 3.149109999999999965e-01
2.205180000000000007e+02 2.406300000000000106e-01 3.149069999999999925e-01
2.206179999999999950e+02 2.406290000000000096e-01 3.149049999999999905e-01
2.207179999999999893e+02 2.406290000000000096e-01 3.149029999999999885e-01
2.208180000000000121e+02 2.406469999999999998e-01 3.149009999999999865e-01
2.209180000000000064e+02 2.406459999999999988e-01 3.148989999999999845e-01
2.210180000000000007e+02 2.406449999999999978e-01 3.148969999999999825e-01
2.211179999999999950e+02 2.406270000000000076e-01 3.148900000000000032e-01
2.212179999999999893e+02 2.406260000000000066e-01 3.148880000000000012e-01
2.213180000000000121e+02 2.406250000000000056e-01 3.148859999999999992e-01
2.214180000000000064e+02 2.406379999999999908e-01 3.148869999999999725e-01
2.215180000000000007e+02 2.406369999999999898e-01 3.148850000000000260e-01
2.216179999999999950e+02 2.406359999999999888e-01 3.148830000000000240e-01
2.217179999999999893e+02 2.406399999999999928e-01 3.148790000000000200e-01
2.218180000000000121e+02 2.406389999999999918e-01 3.148770000000000180e-01
2.219180000000000064e+02 2.406379999999999908e-01 3.148759999999999892e-01
2.220180000000000007e+02 2.406230000000000036e-01 3.148739999999999872e-01
2.221179999999999950e+02 2.406220000000000026e-01 3.148719999999999852e-01
2.222179999999999893e+02 2.406210000000000016e-01 3.148699999999999832e-01
2.223180000000000121e+02 2.406280000000000086e-01 3.148730000000000140e-01
2.224180000000000064e+02 2.406270000000000076e-01 3.148710000000000120e-01
2.225180000000000007e+02 2.406260000000000066e-01 3.148690000000000100e-01
2.226179999999999950e+02 2.406379999999999908e-01 3.148650000000000060e-01
2.227179999999999893e+02 2.406359999999999888e-01 3.148630000000000040e-01
2.228180000000000121e+02 2.406349999999999878e-01 3.148619999999999752e-01
2.229180000000000064e+02 2.406179999999999986e-01 3.148569999999999980e-01
2.230180000000000007e+02 2.406169999999999976e-01 3.148549999999999960e-01
2.231179999999999950e+02 2.406149999999999956e-01 3.148540000000000227e-01
2.232179999999999893e+02 2.405960000000000043e-01 3.148540000000000227e-01
2.233180000000000121e+02 2.405950000000000033e-01 3.148520000000000207e-01
2.234180000000000064e+02 2.405930000000000013e-01 3.148509999999999920e-01
2.235180000000000007e+02 2.406149999999999956e-01 3.148560000000000247e-01
2.236179999999999950e+02 2.406129999999999936e-01 3.148540000000000227e-01
2.237179999999999893e+02 2.406119999999999925e-01 3.148529999999999940e-01
2.238180000000000121e+02 2.406069999999999875e-01 3.148480000000000167e-01
2.239180000000000064e+02 2.406059999999999865e-01 3.148460000000000147e-01
2.240180000000000007e+02 2.406050000000000133e-01 3.148440000000000127e-01
2.241179999999999950e+02 2.406089999999999895e-01 3.148469999999999880e-01
2.242179999999999893e+02 2.406069999999999875e-01 3.148460000000000147e-01
2.243180000000000121e+02 2.406059999999999865e-01 3.148440000000000127e-01
2.244180000000000064e+02 2.405960000000000043e-01 3.148389999999999800e-01
2.245180000000000007e+02 2.405940000000000023e-01 3.148380000000000067e-01
2.246179999999999950e+02 2.405930000000000013e-01 3.148360000000000047e-01
2.247179999999999893e+02 2.405879999999999963e-01 3.148310000000000275e-01
2.248180000000000121e+02 2.405859999999999943e-01 3.148290000000000255e-01
2.249180000000000064e+02 2.405849999999999933e-01 3.148279999999999967e-01
2.250180000000000007e+02 2.405700000000000061e-01 3.148290000000000255e-01
2.251179999999999950e+02 2.405690000000000051e-01 3.148279999999999967e-01
2.252179999999999893e+02 2.405670000000000031e-01 3.148259999999999947e-01
2.253180000000000121e+02 2.405970000000000053e-01 3.148320000000000007e-01
2.254180000000000064e+02 2.405950000000000033e-01 3.148299999999999987e-01
2.255180000000000007e+02 2.405930000000000013e-01 3.148290000000000255e-01
2.256179999999999950e+02 2.405930000000000013e-01 3.148239999999999927e-01
2.257179999999999893e+02 2.405909999999999993e-01 3.148219999999999907e-01
2.258180000000000121e+02 2.405889999999999973e-01 3.148210000000000175e-01
2.259180000000000064e+02 2.405839999999999923e-01 3.148199999999999887e-01
2.260180000000000007e+02 2.405819999999999903e-01 3.148190000000000155e-01
2.261179999999999950e+02 2.405799999999999883e-01 3.148179999999999867e-01
2.262179999999999893e+02 2.405750000000000111e-01 3.148190000000000155e-01
2.263180000000000121e+02 2.405730000000000091e-01 3.148170000000000135e-01
2.264180000000000064e+02 2.405710000000000071e-01 3.148159999999999847e-01
2.265180000000000007e+02 2.405690000000000051e-01 3.148159999999999847e-01
2.266179999999999950e+02 2.405670000000000031e-01 3.148139999999999827e-01
2.267179999999999893e+02 2.405660000000000021e-01 3.148130000000000095e-01
2.268180000000000121e+02 2.405629999999999991e-01 3.148119999999999807e-01
2.269180000000000064e+02 2.405619999999999981e-01 3.148110000000000075e-01
2.270180000000000007e+02 2.405599999999999961e-01 3.148099999999999787e-01
2.271179999999999950e+02 2.405569999999999931e-01 3.148090000000000055e-01
2.272179999999999893e+02 2.405549999999999911e-01 3.148079999999999767e-01
2.273180000000000121e+02 2.405539999999999901e-01 3.148070000000000035e-01
2.274180000000000064e+02 2.405500000000000138e-01 3.148059999999999747e-01
2.275180000000000007e+02 2.405480000000000118e-01 3.148050000000000015e-01
2.276179999999999950e+02 2.405460000000000098e-01 3.148039999999999727e-01
2.277179999999999893e+02 2.405430000000000068e-01 3.148029999999999995e-01
2.278180000000000121e+02 2.405410000000000048e-01 3.148020000000000262e-01
2.279180000000000064e+02 2.405390000000000028e-01 3.148009999999999975e-01
2.280180000000000007e+02 2.405339999999999978e-01 3.148000000000000242e-01
2.281179999999999950e+02 2.405319999999999958e-01 3.147989999999999955e-01
2.282179999999999893e+02 2.405299999999999938e-01 3.147980000000000222e-01
2.283180000000000121e+02 2.405259999999999898e-01 3.147980000000000222e-01
2.284180000000000064e+02 2.405239999999999878e-01 3.147969999999999935e-01
2.285180000000000007e+02 2.405220000000000136e-01 3.147960000000000202e-01
2.286179999999999950e+02 2.405170000000000086e-01 3.147949999999999915e-01
2.287179999999999893e+02 2.405150000000000066e-01 3.147940000000000182e-01
2.288180000000000121e+02 2.405130000000000046e-01 3.147929999999999895e-01
2.289180000000000064e+02 2.405079999999999996e-01 3.147929999999999895e-01
2.290180000000000007e+02 2.405059999999999976e-01 3.147920000000000162e-01
2.291179999999999950e+02 2.405039999999999956e-01 3.147909999999999875e-01
2.292179999999999893e+02 2.404989999999999906e-01 3.147909999999999875e-01
2.293180000000000121e+02 2.404969999999999886e-01 3.147900000000000142e-01
2.294180000000000064e+02 2.404940000000000133e-01 3.147889999999999855e-01
2.295180000000000007e+02 2.404890000000000083e-01 3.147889999999999855e-01
2.296179999999999950e+02 2.404870000000000063e-01 3.147880000000000122e-01
2.297179999999999893e+02 2.404850000000000043e-01 3.147869999999999835e-01
2.298180000000000121e+02 2.404799999999999993e-01 3.147869999999999835e-01
2.299180000000000064e+02 2.404769999999999963e-01 3.147860000000000102e-01
2.300180000000000007e+02 2.404749999999999943e-01 3.147849999999999815e-01
2.301179999999999950e+02 2.404699999999999893e-01 3.147849999999999815e-01
2.302179999999999893e+02 2.404679999999999873e-01 3.147840000000000082e-01
2.303180000000000121e+02 2.404650000000000121e-01 3.147829999999999795e-01
2.304180000000000064e+02 2.404600000000000071e-01 3.147829999999999795e-01
2.305180000000000007e+02 2.404580000000000051e-01 3.147820000000000062e-01
2.306179999999999950e+02 2.404550000000000021e-01 3.147809999999999775e-01
2.307179999999999893e+02 2.404499999999999971e-01 3.147809999999999775e-01
2.308180000000000121e+02 2.404479999999999951e-01 3.147800000000000042e-01
2.309180000000000064e+02 2.404449999999999921e-01 3.147789999999999755e-01
2.310180000000000007e+02 2.404409999999999881e-01 3.147789999999999755e-01
2.311179999999999950e+02 2.404380000000000128e-01 3.147780000000000022e-01
2.312179999999999893e+02 2.404350000000000098e-01 3.147780000000000022e-01
2.313180000000000121e+02 2.404310000000000058e-01 3.147769999999999735e-01
2.314180000000000064e+02 2.404280000000000028e-01 3.147769999999999735e-01
2.315180000000000007e+02 2.404249999999999998e-01 3.147760000000000002e-01
2.316179999999999950e+02 2.404209999999999958e-01 3.147760000000000002e-01
2.317179999999999893e+02 2.404179999999999928e-01 3.147750000000000270e-01
2.318180000000000121e+02 2.404149999999999898e-01 3.147750000000000270e-01
2.319180000000000064e+02 2.404110000000000136e-01 3.147739999999999982e-01
2.320180000000000007e+02 2.404080000000000106e-01 3.147739999999999982e-01
2.321179999999999950e+02 2.404060000000000086e-01 3.147730000000000250e-01
2.322179999999999893e+02 2.404020000000000046e-01 3.147730000000000250e-01
2.323180000000000121e+02 2.403990000000000016e-01 3.147719999999999962e-01
2.324180000000000064e+02 2.403959999999999986e-01 3.147719999999999962e-01
2.325180000000000007e+02 2.403919999999999946e-01 3.147719999999999962e-01
2.326179999999999950e+02 2.403889999999999916e-01 3.147710000000000230e-01
2.327179999999999893e+02 2.403859999999999886e-01 3.147710000000000230e-01
2.328180000000000121e+02 2.403830000000000133e-01 3.147699999999999942e-01
2.329180000000000064e+02 2.403800000000000103e-01 3.147699999999999942e-01
2.330180000000000007e+02 2.403770000000000073e-01 3.147690000000000210e-01
2.331179999999999950e+02 2.403740000000000043e-01 3.147690000000000210e-01
2.332179999999999893e+02 2.403700000000000003e-01 3.147690000000000210e-01
2.333180000000000121e+02 2.403669999999999973e-01 3.147679999999999922e-01
2.334180000000000064e+02 2.403639999999999943e-01 3.147679999999999922e-01
2.335180000000000007e+02 2.403609999999999913e-01 3.147679999999999922e-01
2.336179999999999950e+02 2.403579999999999883e-01 3.147670000000000190e-01
2.337179999999999893e+02 2.403550000000000131e-01 3.147670000000000190e-01
2.338180000000000121e+02 2.403520000000000101e-01 3.147670000000000190e-01
2.339180000000000064e+02 2.403490000000000071e-01 3.147659999999999902e-01
2.340180000000000007e+02 2.403470000000000051e-01 3.147659999999999902e-01
2.341179999999999950e+02 2.403430000000000011e-01 3.147659999999999902e-01
2.342179999999999893e+02 2.403399999999999981e-01 3.147659999999999902e-01
2.343180000000000121e+02 2.403379999999999961e-01 3.147650000000000170e-01
2.344180000000000064e+02 2.403339999999999921e-01 3.147650000000000170e-01
2.345180000000000007e+02 2.403309999999999891e-01 3.147650000000000170e-01
2.346179999999999950e+02 2.403289999999999871e-01 3.147639999999999882e-01
2.347179999999999893e+02 2.403260000000000118e-01 3.147639999999999882e-01
2.348180000000000121e+02 2.403220000000000078e-01 3.147639999999999882e-01
2.349180000000000064e+02 2.403210000000000068e-01 3.147639999999999882e-01
2.350180000000000007e+02 2.403170000000000028e-01 3.147639999999999882e-01
2.351179999999999950e+02 2.403139999999999998e-01 3.147630000000000150e-01
2.352179999999999893e+02 2.403129999999999988e-01 3.147630000000000150e-01
2.353180000000000121e+02 2.403089999999999948e-01 3.147630000000000150e-01
2.354180000000000064e+02 2.403049999999999908e-01 3.147630000000000150e-01
2.355180000000000007e+02 2.403049999999999908e-01 3.147630000000000150e-01
2.356179999999999950e+02 2.403009999999999868e-01 3.147630000000000150e-01
2.357179999999999893e+02 2.402970000000000106e-01 3.147630000000000150e-01
2.358180000000000121e+02 2.402970000000000106e-01 3.147619999999999862e-01
2.359180000000000064e+02 2.402930000000000066e-01 3.147619999999999862e-01
2.360180000000000007e+02 2.402890000000000026e-01 3.147619999999999862e-01
2.361179999999999950e+02 2.402890000000000026e-01 3.147619999999999862e-01
2.362179999999999893e+02 2.402859999999999996e-01 3.147619999999999862e-01
2.363180000000000121e+02 2.402819999999999956e-01 3.147619999999999862e-01
2.364180000000000064e+02 2.402819999999999956e-01 3.147619999999999862e-01
2.365180000000000007e+02 2.402779999999999916e-01 3.147619999999999862e-01
2.366179999999999950e+02 2.402739999999999876e-01 3.147619999999999862e-01
2.367179999999999893e+02 2.402700000000000113e-01 3.147619999999999862e-01
2.368180000000000121e+02 2.402660000000000073e-01 3.147619999999999862e-01
2.369180000000000064e+02 2.402620000000000033e-01 3.147619999999999862e-01
2.370180000000000007e+02 2.402539999999999953e-01 3.147610000000000130e-01
2.371179999999999950e+02 2.402499999999999913e-01 3.147619999999999862e-01
2.372179999999999893e+02 2.402469999999999883e-01 3.147619999999999862e-01
2.373180000000000121e+02 2.402390000000000081e-01 3.147610000000000130e-01
2.374180000000000064e+02 2.402350000000000041e-01 3.147619999999999862e-01
2.375180000000000007e+02 2.402310000000000001e-01 3.147619999999999862e-01
2.376179999999999950e+02 2.402239999999999931e-01 3.147619999999999862e-01
2.377179999999999893e+02 2.402199999999999891e-01 3.147619999999999862e-01
2.378180000000000121e+02 2.402160000000000128e-01 3.147619999999999862e-01
2.379180000000000064e+02 2.402090000000000058e-01 3.147619999999999862e-01
2.380180000000000007e+02 2.402050000000000018e-01 3.147619999999999862e-01
2.381179999999999950e+02 2.402009999999999978e-01 3.147619999999999862e-01
2.382179999999999893e+02 2.401949999999999918e-01 3.147619999999999862e-01
2.383180000000000121e+02 2.401909999999999878e-01 3.147619999999999862e-01
2.384180000000000064e+02 2.401870000000000116e-01 3.147630000000000150e-01
2.385180000000000007e+02 2.401810000000000056e-01 3.147619999999999862e-01
2.386179999999999950e+02 2.401770000000000016e-01 3.147630000000000150e-01
2.387179999999999893e+02 2.401729999999999976e-01 3.147630000000000150e-01
2.388180000000000121e+02 2.401669999999999916e-01 3.147630000000000150e-01
2.389180000000000064e+02 2.401629999999999876e-01 3.147630000000000150e-01
2.390180000000000007e+02 2.401590000000000114e-01 3.147639999999999882e-01
2.391179999999999950e+02 2.401540000000000064e-01 3.147630000000000150e-01
2.392179999999999893e+02 2.401500000000000024e-01 3.147639999999999882e-01
2.393180000000000121e+02 2.401449999999999974e-01 3.147639999999999882e-01
2.394180000000000064e+02 2.401409999999999934e-01 3.147639999999999882e-01
2.395180000000000007e+02 2.401359999999999884e-01 3.147639999999999882e-01
2.396179999999999950e+02 2.401320000000000121e-01 3.147650000000000170e-01
2.397179999999999893e+02 2.401280000000000081e-01 3.147639999999999882e-01
2.398180000000000121e+02 2.401230000000000031e-01 3.147650000000000170e-01
2.398180000000000121e+02 2.401230000000000031e-01 3.147650000000000170e-01
2.398280000000000030e+02 2.401230000000000031e-01 3.147650000000000170e-01
2.398480000000000132e+02 2.401220000000000021e-01 3.147650000000000170e-01
2.398880000000000052e+02 2.401200000000000001e-01 3.147650000000000170e-01
2.399679999999999893e+02 2.401169999999999971e-01 3.147650000000000170e-01
2.400680000000000121e+02 2.401119999999999921e-01 3.147650000000000170e-01
2.401680000000000064e+02 2.401089999999999891e-01 3.147659999999999902e-01
2.402680000000000007e+02 2.401040000000000119e-01 3.147659999999999902e-01
2.403679999999999950e+02 2.401000000000000079e-01 3.147670000000000190e-01
2.404679999999999893e+02 2.400960000000000039e-01 3.147670000000000190e-01
2.405680000000000121e+02 2.400919999999999999e-01 3.147670000000000190e-01
2.406680000000000064e+02 2.400869999999999949e-01 3.147679999999999922e-01
2.407680000000000007e+02 2.400819999999999899e-01 3.147659999999999902e-01
2.408679999999999950e+02 2.400780000000000136e-01 3.147670000000000190e-01
2.409679999999999893e+02 2.400730000000000086e-01 3.147670000000000190e-01
2.410680000000000121e+02 2.400740000000000096e-01 3.147630000000000150e-01
2.411680000000000064e+02 2.400700000000000056e-01 3.147639999999999882e-01
2.412680000000000007e+02 2.400660000000000016e-01 3.147639999999999882e-01
2.413679999999999950e+02 2.400549999999999906e-01 3.147650000000000170e-01
2.414679999999999893e+02 2.400509999999999866e-01 3.147650000000000170e-01
2.415680000000000121e+02 2.400460000000000094e-01 3.147659999999999902e-01
2.416680000000000064e+02 2.400410000000000044e-01 3.147650000000000170e-01
2.417680000000000007e+02 2.400370000000000004e-01 3.147659999999999902e-01
2.418679999999999950e+02 2.400319999999999954e-01 3.147670000000000190e-01
2.419679999999999893e+02 2.400279999999999914e-01 3.147650000000000170e-01
2.420680000000000121e+02 2.400229999999999864e-01 3.147659999999999902e-01
2.421680000000000064e+02 2.400190000000000101e-01 3.147659999999999902e-01
2.422680000000000007e+02 2.400140000000000051e-01 3.147639999999999882e-01
2.423679999999999950e+02 2.400090000000000001e-01 3.147639999999999882e-01
2.424679999999999893e+02 2.400049999999999961e-01 3.147650000000000170e-01
2.425680000000000121e+02 2.399999999999999911e-01 3.147630000000000150e-01
2.426680000000000064e+02 2.399950000000000139e-01 3.147639999999999882e-01
2.427680000000000007e+02 2.399910000000000099e-01 3.147650000000000170e-01
2.428679999999999950e+02 2.399860000000000049e-01 3.147599999999999842e-01
2.429679999999999893e+02 2.399809999999999999e-01 3.147610000000000130e-01
2.430680000000000121e+02 2.399769999999999959e-01 3.147619999999999862e-01
2.431680000000000064e+02 2.399719999999999909e-01 3.147579999999999822e-01
2.432680000000000007e+02 2.399670000000000136e-01 3.147590000000000110e-01
2.433679999999999950e+02 2.399620000000000086e-01 3.147599999999999842e-01
2.434679999999999893e+02 2.399570000000000036e-01 3.147530000000000050e-01
2.435680000000000121e+02 2.399529999999999996e-01 3.147539999999999782e-01
2.436680000000000064e+02 2.399479999999999946e-01 3.147539999999999782e-01
2.437680000000000007e+02 2.399419999999999886e-01 3.147429999999999950e-01
2.438679999999999950e+02 2.399370000000000114e-01 3.147440000000000238e-01
2.439679999999999893e+02 2.399320000000000064e-01 3.147449999999999970e-01
2.440680000000000121e+02 2.399290000000000034e-01 3.147289999999999810e-01
2.441680000000000064e+02 2.399239999999999984e-01 3.147300000000000098e-01
2.442680000000000007e+02 2.399189999999999934e-01 3.147309999999999830e-01
2.443679999999999950e+02 2.399139999999999884e-01 3.147059999999999858e-01
2.444679999999999893e+02 2.399090000000000111e-01 3.147070000000000145e-01
2.445680000000000121e+02 2.399040000000000061e-01 3.147079999999999878e-01
2.446680000000000064e+02 2.398990000000000011e-01 3.146570000000000200e-01
2.447680000000000007e+02 2.398939999999999961e-01 3.146590000000000220e-01
2.448679999999999950e+02 2.398889999999999911e-01 3.146599999999999953e-01
2.449679999999999893e+02 2.398839999999999861e-01 3.146079999999999988e-01
2.450680000000000121e+02 2.398790000000000089e-01 3.146100000000000008e-01
2.451680000000000064e+02 2.398740000000000039e-01 3.146109999999999740e-01
2.452680000000000007e+02 2.398750000000000049e-01 3.146579999999999933e-01
2.453679999999999950e+02 2.398699999999999999e-01 3.146599999999999953e-01
2.454679999999999893e+02 2.398649999999999949e-01 3.146610000000000240e-01
2.455680000000000121e+02 2.398569999999999869e-01 3.146610000000000240e-01
2.456680000000000064e+02 2.398520000000000096e-01 3.146630000000000260e-01
2.457680000000000007e+02 2.398470000000000046e-01 3.146639999999999993e-01
2.458679999999999950e+02 2.398430000000000006e-01 3.146860000000000213e-01
2.459679999999999893e+02 2.398379999999999956e-01 3.146869999999999945e-01
2.460680000000000121e+02 2.398329999999999906e-01 3.146880000000000233e-01
2.461680000000000064e+02 2.398260000000000114e-01 3.146999999999999797e-01
2.462680000000000007e+02 2.398210000000000064e-01 3.147010000000000085e-01
2.463679999999999950e+02 2.398160000000000014e-01 3.147019999999999817e-01
2.464679999999999893e+02 2.398109999999999964e-01 3.147159999999999958e-01
2.465680000000000121e+02 2.398049999999999904e-01 3.147170000000000245e-01
2.466680000000000064e+02 2.398000000000000131e-01 3.147179999999999978e-01
2.467680000000000007e+02 2.397940000000000071e-01 3.147300000000000098e-01
2.468679999999999950e+02 2.397890000000000021e-01 3.147309999999999830e-01
2.469679999999999893e+02 2.397839999999999971e-01 3.147320000000000118e-01
2.470680000000000121e+02 2.397779999999999911e-01 3.147429999999999950e-01
2.471680000000000064e+02 2.397720000000000129e-01 3.147440000000000238e-01
2.472680000000000007e+02 2.397670000000000079e-01 3.147460000000000258e-01
2.473679999999999950e+02 2.397610000000000019e-01 3.147550000000000070e-01
2.474679999999999893e+02 2.397559999999999969e-01 3.147559999999999802e-01
2.475680000000000121e+02 2.397499999999999909e-01 3.147579999999999822e-01
2.476680000000000064e+02 2.397440000000000127e-01 3.147670000000000190e-01
2.477680000000000007e+02 2.397390000000000077e-01 3.147679999999999922e-01
2.478679999999999950e+02 2.397330000000000017e-01 3.147690000000000210e-01
2.479679999999999893e+02 2.397269999999999956e-01 3.147769999999999735e-01
2.480680000000000121e+02 2.397219999999999906e-01 3.147789999999999755e-01
2.481680000000000064e+02 2.397160000000000124e-01 3.147800000000000042e-01
2.482680000000000007e+02 2.397100000000000064e-01 3.147869999999999835e-01
2.483679999999999950e+02 2.397050000000000014e-01 3.147889999999999855e-01
2.484679999999999893e+02 2.396989999999999954e-01 3.147900000000000142e-01
2.485680000000000121e+02 2.396929999999999894e-01 3.147969999999999935e-01
2.486680000000000064e+02 2.396880000000000122e-01 3.147980000000000222e-01
2.487680000000000007e+02 2.396820000000000062e-01 3.148000000000000242e-01
2.488679999999999950e+02 2.396760000000000002e-01 3.148059999999999747e-01
2.489679999999999893e+02 2.396709999999999952e-01 3.148070000000000035e-01
2.490680000000000121e+02 2.396649999999999892e-01 3.148090000000000055e-01
2.491680000000000064e+02 2.396590000000000109e-01 3.148139999999999827e-01
2.492680000000000007e+02 2.396530000000000049e-01 3.148159999999999847e-01
2.493679999999999950e+02 2.396479999999999999e-01 3.148170000000000135e-01
2.494679999999999893e+02 2.396419999999999939e-01 3.148230000000000195e-01
2.495680000000000121e+02 2.396359999999999879e-01 3.148239999999999927e-01
2.496680000000000064e+02 2.396310000000000107e-01 3.148250000000000215e-01
2.497680000000000007e+02 2.396250000000000047e-01 3.148299999999999987e-01
2.498679999999999950e+02 2.396189999999999987e-01 3.148320000000000007e-01
2.499679999999999893e+02 2.396129999999999927e-01 3.148329999999999740e-01
2.500680000000000121e+02 2.396079999999999877e-01 3.148380000000000067e-01
2.501680000000000064e+02 2.396020000000000094e-01 3.148389999999999800e-01
2.502680000000000007e+02 2.395960000000000034e-01 3.148409999999999820e-01
2.503679999999999950e+02 2.395899999999999974e-01 3.148449999999999860e-01
2.504679999999999893e+02 2.395849999999999924e-01 3.148469999999999880e-01
2.505680000000000121e+02 2.395789999999999864e-01 3.148480000000000167e-01
2.506680000000000064e+02 2.395740000000000092e-01 3.148529999999999940e-01
2.507680000000000007e+02 2.395680000000000032e-01 3.148540000000000227e-01
2.508679999999999950e+02 2.395619999999999972e-01 3.148560000000000247e-01
2.509679999999999893e+02 2.395579999999999932e-01 3.148599999999999732e-01
2.510680000000000121e+02 2.395519999999999872e-01 3.148619999999999752e-01
2.511680000000000064e+02 2.395460000000000089e-01 3.148630000000000040e-01
2.512680000000000007e+02 2.395500000000000129e-01 3.148690000000000100e-01
2.513679999999999950e+02 2.395440000000000069e-01 3.148699999999999832e-01
2.514679999999999893e+02 2.395380000000000009e-01 3.148719999999999852e-01
2.515680000000000121e+02 2.395329999999999959e-01 3.148759999999999892e-01
2.516680000000000064e+02 2.395269999999999899e-01 3.148770000000000180e-01
2.517680000000000007e+02 2.395220000000000127e-01 3.148790000000000200e-01
2.518679999999999950e+02 2.395200000000000107e-01 3.148799999999999932e-01
2.519679999999999893e+02 2.395140000000000047e-01 3.148810000000000220e-01
2.520680000000000121e+02 2.395069999999999977e-01 3.148830000000000240e-01
2.521680000000000064e+02 2.394870000000000054e-01 3.148759999999999892e-01
2.522680000000000007e+02 2.394809999999999994e-01 3.148770000000000180e-01
2.523679999999999950e+02 2.394749999999999934e-01 3.148790000000000200e-01
2.524679999999999893e+02 2.394759999999999944e-01 3.148779999999999912e-01
2.525680000000000121e+02 2.394699999999999884e-01 3.148799999999999932e-01
2.526680000000000064e+02 2.394640000000000102e-01 3.148810000000000220e-01
2.527680000000000007e+02 2.394660000000000122e-01 3.148850000000000260e-01
2.528679999999999950e+02 2.394590000000000052e-01 3.148869999999999725e-01
2.529679999999999893e+02 2.394529999999999992e-01 3.148889999999999745e-01
2.530680000000000121e+02 2.394489999999999952e-01 3.148920000000000052e-01
2.531680000000000064e+02 2.394429999999999892e-01 3.148929999999999785e-01
2.532680000000000007e+02 2.394370000000000109e-01 3.148949999999999805e-01
2.533679999999999950e+02 2.394229999999999969e-01 3.148980000000000112e-01
2.534679999999999893e+02 2.394169999999999909e-01 3.149000000000000132e-01
2.535680000000000121e+02 2.394110000000000127e-01 3.149020000000000152e-01
2.536680000000000064e+02 2.394020000000000037e-01 3.149040000000000172e-01
2.537680000000000007e+02 2.393959999999999977e-01 3.149060000000000192e-01
2.538679999999999950e+02 2.393899999999999917e-01 3.149069999999999925e-01
2.539679999999999893e+02 2.393830000000000124e-01 3.149100000000000232e-01
2.540680000000000121e+02 2.393770000000000064e-01 3.149109999999999965e-01
2.541680000000000064e+02 2.393710000000000004e-01 3.149129999999999985e-01
2.542680000000000007e+02 2.393679999999999974e-01 3.149150000000000005e-01
2.543679999999999950e+02 2.393619999999999914e-01 3.149170000000000025e-01
2.544679999999999893e+02 2.393560000000000132e-01 3.149179999999999757e-01
2.545680000000000121e+02 2.393530000000000102e-01 3.149199999999999777e-01
2.546680000000000064e+02 2.393470000000000042e-01 3.149219999999999797e-01
2.547680000000000007e+02 2.393409999999999982e-01 3.149239999999999817e-01
2.548679999999999950e+02 2.393359999999999932e-01 3.149259999999999837e-01
2.549679999999999893e+02 2.393299999999999872e-01 3.149279999999999857e-01
2.550680000000000121e+02 2.393240000000000089e-01 3.149290000000000145e-01
2.551680000000000064e+02 2.393190000000000039e-01 3.149310000000000165e-01
2.552680000000000007e+02 2.393129999999999979e-01 3.149330000000000185e-01
2.553679999999999950e+02 2.393069999999999919e-01 3.149350000000000205e-01
2.554679999999999893e+02 2.393029999999999879e-01 3.149370000000000225e-01
2.555680000000000121e+02 2.392970000000000097e-01 3.149390000000000245e-01
2.556680000000000064e+02 2.392910000000000037e-01 3.149410000000000265e-01
2.557680000000000007e+02 2.392819999999999947e-01 3.149429999999999730e-01
2.558679999999999950e+02 2.392749999999999877e-01 3.149449999999999750e-01
2.559679999999999893e+02 2.392680000000000085e-01 3.149469999999999770e-01
2.560679999999999836e+02 2.392600000000000005e-01 3.149489999999999790e-01
2.561680000000000064e+02 2.392529999999999935e-01 3.149500000000000077e-01
2.562679999999999723e+02 2.392459999999999865e-01 3.149520000000000097e-01
2.563679999999999950e+02 2.392380000000000062e-01 3.149540000000000117e-01
2.564680000000000177e+02 2.392309999999999992e-01 3.149560000000000137e-01
2.565679999999999836e+02 2.392249999999999932e-01 3.149580000000000157e-01
2.566680000000000064e+02 2.392160000000000120e-01 3.149600000000000177e-01
2.567679999999999723e+02 2.392090000000000050e-01 3.149620000000000197e-01
2.568679999999999950e+02 2.392029999999999990e-01 3.149640000000000217e-01
2.569680000000000177e+02 2.391939999999999900e-01 3.149660000000000237e-01
2.570679999999999836e+02 2.391880000000000117e-01 3.149680000000000257e-01
2.571680000000000064e+02 2.391810000000000047e-01 3.149700000000000277e-01
2.572679999999999723e+02 2.391729999999999967e-01 3.149719999999999742e-01
2.573679999999999950e+02 2.391659999999999897e-01 3.149739999999999762e-01
2.574680000000000177e+02 2.391590000000000105e-01 3.149759999999999782e-01
2.575679999999999836e+02 2.391510000000000025e-01 3.149779999999999802e-01
2.576680000000000064e+02 2.391449999999999965e-01 3.149799999999999822e-01
2.577679999999999723e+02 2.391379999999999895e-01 3.149819999999999842e-01
2.578679999999999950e+02 2.391300000000000092e-01 3.149839999999999862e-01
2.579680000000000177e+02 2.391230000000000022e-01 3.149859999999999882e-01
2.580679999999999836e+02 2.391159999999999952e-01 3.149879999999999902e-01
2.581680000000000064e+02 2.391089999999999882e-01 3.149899999999999922e-01
2.582679999999999723e+02 2.391020000000000090e-01 3.149919999999999942e-01
2.583679999999999950e+02 2.390950000000000020e-01 3.149939999999999962e-01
2.584680000000000177e+02 2.390869999999999940e-01 3.149959999999999982e-01
2.585679999999999836e+02 2.390799999999999870e-01 3.149980000000000002e-01
2.586680000000000064e+02 2.390730000000000077e-01 3.150000000000000022e-01
2.587679999999999723e+02 2.390660000000000007e-01 3.150020000000000042e-01
2.588679999999999950e+02 2.390589999999999937e-01 3.150040000000000062e-01
2.589680000000000177e+02 2.390519999999999867e-01 3.150060000000000082e-01
2.590679999999999836e+02 2.390450000000000075e-01 3.150080000000000102e-01
2.591680000000000064e+02 2.390380000000000005e-01 3.150100000000000122e-01
2.592679999999999723e+02 2.390309999999999935e-01 3.150120000000000142e-01
2.593679999999999950e+02 2.390230000000000132e-01 3.150140000000000162e-01
2.594680000000000177e+02 2.390160000000000062e-01 3.150160000000000182e-01
2.594680000000000177e+02 2.390160000000000062e-01 3.150160000000000182e-01
2.594780000000000086e+02 2.390160000000000062e-01 3.150169999999999915e-01
2.594979999999999905e+02 2.390140000000000042e-01 3.150169999999999915e-01
2.595380000000000109e+02 2.390110000000000012e-01 3.150180000000000202e-01
2.596179999999999950e+02 2.390049999999999952e-01 3.150189999999999935e-01
2.597180000000000177e+02 2.389989999999999892e-01 3.150220000000000242e-01
2.598179999999999836e+02 2.389910000000000090e-01 3.150240000000000262e-01
2.599180000000000064e+02 2.389840000000000020e-01 3.150259999999999727e-01
2.600179999999999723e+02 2.389769999999999950e-01 3.150279999999999747e-01
2.601179999999999950e+02 2.389699999999999880e-01 3.150299999999999767e-01
2.602180000000000177e+02 2.389630000000000087e-01 3.150319999999999787e-01
2.603179999999999836e+02 2.389560000000000017e-01 3.150339999999999807e-01
2.604180000000000064e+02 2.389489999999999947e-01 3.150359999999999827e-01
2.605179999999999723e+02 2.389419999999999877e-01 3.150379999999999847e-01
2.606179999999999950e+02 2.389350000000000085e-01 3.150399999999999867e-01
2.607180000000000177e+02 2.389280000000000015e-01 3.150419999999999887e-01
2.608179999999999836e+02 2.389209999999999945e-01 3.150439999999999907e-01
2.609180000000000064e+02 2.389139999999999875e-01 3.150459999999999927e-01
2.610179999999999723e+02 2.389070000000000082e-01 3.150479999999999947e-01
2.611179999999999950e+02 2.388990000000000002e-01 3.150499999999999967e-01
2.612180000000000177e+02 2.388919999999999932e-01 3.150530000000000275e-01
2.613179999999999836e+02 2.388849999999999862e-01 3.150540000000000007e-01
2.614180000000000064e+02 2.388780000000000070e-01 3.150569999999999760e-01
2.615179999999999723e+02 2.388710000000000000e-01 3.150589999999999780e-01
2.616179999999999950e+02 2.388639999999999930e-01 3.150609999999999800e-01
2.617180000000000177e+02 2.388570000000000138e-01 3.150629999999999820e-01
2.618179999999999836e+02 2.388500000000000068e-01 3.150649999999999840e-01
2.619180000000000064e+02 2.388429999999999997e-01 3.150669999999999860e-01
2.620179999999999723e+02 2.388359999999999927e-01 3.150689999999999880e-01
2.621179999999999950e+02 2.388290000000000135e-01 3.150709999999999900e-01
2.622180000000000177e+02 2.388220000000000065e-01 3.150729999999999920e-01
2.623179999999999836e+02 2.388149999999999995e-01 3.150749999999999940e-01
2.624180000000000064e+02 2.388079999999999925e-01 3.150769999999999960e-01
2.625179999999999723e+02 2.388010000000000133e-01 3.150789999999999980e-01
2.626179999999999950e+02 2.387940000000000063e-01 3.150810000000000000e-01
2.627180000000000177e+02 2.387869999999999993e-01 3.150830000000000020e-01
2.628179999999999836e+02 2.387809999999999933e-01 3.150850000000000040e-01
2.629180000000000064e+02 2.387739999999999863e-01 3.150870000000000060e-01
2.630179999999999723e+02 2.387660000000000060e-01 3.150899999999999812e-01
2.631179999999999950e+02 2.387600000000000000e-01 3.150910000000000100e-01
2.632180000000000177e+02 2.387529999999999930e-01 3.150930000000000120e-01
2.633179999999999836e+02 2.387460000000000138e-01 3.150950000000000140e-01
2.634180000000000064e+02 2.387400000000000078e-01 3.150970000000000160e-01
2.635179999999999723e+02 2.387319999999999998e-01 3.150990000000000180e-01
2.636179999999999950e+02 2.387249999999999928e-01 3.151010000000000200e-01
2.637180000000000177e+02 2.387189999999999868e-01 3.151019999999999932e-01
2.638179999999999836e+02 2.387120000000000075e-01 3.151050000000000240e-01
2.639180000000000064e+02 2.387050000000000005e-01 3.151070000000000260e-01
2.640179999999999723e+02 2.386989999999999945e-01 3.151079999999999992e-01
2.641179999999999950e+02 2.386919999999999875e-01 3.151100000000000012e-01
2.642180000000000177e+02 2.386840000000000073e-01 3.151129999999999765e-01
2.643179999999999836e+02 2.386780000000000013e-01 3.151129999999999765e-01
2.644180000000000064e+02 2.386699999999999933e-01 3.151149999999999785e-01
2.645179999999999723e+02 2.386629999999999863e-01 3.151180000000000092e-01
2.646179999999999950e+02 2.386550000000000060e-01 3.151169999999999805e-01
2.647180000000000177e+02 2.386469999999999980e-01 3.151189999999999825e-01
2.648179999999999836e+02 2.386399999999999910e-01 3.151220000000000132e-01
2.649180000000000064e+02 2.386379999999999890e-01 3.151249999999999885e-01
2.650179999999999723e+02 2.386310000000000098e-01 3.151269999999999905e-01
2.651179999999999950e+02 2.386230000000000018e-01 3.151300000000000212e-01
2.652180000000000177e+02 2.386320000000000108e-01 3.151289999999999925e-01
2.653179999999999836e+02 2.386250000000000038e-01 3.151320000000000232e-01
2.654180000000000064e+02 2.386179999999999968e-01 3.151340000000000252e-01
2.655179999999999723e+02 2.385950000000000015e-01 3.151329999999999965e-01
2.656179999999999950e+02 2.385869999999999935e-01 3.151349999999999985e-01
2.657180000000000177e+02 2.385790000000000133e-01 3.151379999999999737e-01
2.658179999999999836e+02 2.385700000000000043e-01 3.151499999999999857e-01
2.659180000000000064e+02 2.385629999999999973e-01 3.151519999999999877e-01
2.660179999999999723e+02 2.385549999999999893e-01 3.151550000000000185e-01
2.661179999999999950e+02 2.385649999999999993e-01 3.151439999999999797e-01
2.662180000000000177e+02 2.385569999999999913e-01 3.151459999999999817e-01
2.663179999999999836e+02 2.385500000000000120e-01 3.151490000000000125e-01
2.664180000000000064e+02 2.385190000000000088e-01 3.151519999999999877e-01
2.665179999999999723e+02 2.385110000000000008e-01 3.151539999999999897e-01
2.666179999999999950e+02 2.385029999999999928e-01 3.151559999999999917e-01
2.667180000000000177e+02 2.384920000000000095e-01 3.151749999999999829e-01
2.668179999999999836e+02 2.384850000000000025e-01 3.151780000000000137e-01
2.669180000000000064e+02 2.384769999999999945e-01 3.151800000000000157e-01
2.670179999999999723e+02 2.384729999999999905e-01 3.151780000000000137e-01
2.671179999999999950e+02 2.384650000000000103e-01 3.151800000000000157e-01
2.672180000000000177e+02 2.384580000000000033e-01 3.151829999999999909e-01
2.673179999999999836e+02 2.384550000000000003e-01 3.151800000000000157e-01
2.674180000000000064e+02 2.384469999999999923e-01 3.151829999999999909e-01
2.675179999999999723e+02 2.384390000000000120e-01 3.151849999999999929e-01
2.676179999999999950e+02 2.384479999999999933e-01 3.151820000000000177e-01
2.677180000000000177e+02 2.384400000000000130e-01 3.151849999999999929e-01
2.678179999999999836e+02 2.384330000000000060e-01 3.151869999999999949e-01
2.679180000000000064e+02 2.384120000000000128e-01 3.151860000000000217e-01
2.680179999999999723e+02 2.384040000000000048e-01 3.151889999999999969e-01
2.681179999999999950e+02 2.383959999999999968e-01 3.151909999999999989e-01
2.682180000000000177e+02 2.383820000000000106e-01 3.152070000000000149e-01
2.683179999999999836e+02 2.383740000000000026e-01 3.152099999999999902e-01
2.684180000000000064e+02 2.383669999999999956e-01 3.152119999999999922e-01
2.685179999999999723e+02 2.383659999999999946e-01 3.152050000000000129e-01
2.686179999999999950e+02 2.383579999999999866e-01 3.152070000000000149e-01
2.687180000000000177e+02 2.383510000000000073e-01 3.152099999999999902e-01
2.688179999999999836e+02 2.383470000000000033e-01 3.152070000000000149e-01
2.689180000000000064e+02 2.383399999999999963e-01 3.152099999999999902e-01
2.690179999999999723e+02 2.383319999999999883e-01 3.152119999999999922e-01
2.691179999999999950e+02 2.383049999999999891e-01 3.152340000000000142e-01
2.692180000000000177e+02 2.382970000000000088e-01 3.152360000000000162e-01
2.693179999999999836e+02 2.382890000000000008e-01 3.152389999999999914e-01
2.694180000000000064e+02 2.382839999999999958e-01 3.152369999999999894e-01
2.695179999999999723e+02 2.382759999999999878e-01 3.152400000000000202e-01
2.696179999999999950e+02 2.382680000000000076e-01 3.152429999999999954e-01
2.697180000000000177e+02 2.382650000000000046e-01 3.152400000000000202e-01
2.698179999999999836e+02 2.382569999999999966e-01 3.152420000000000222e-01
2.699180000000000064e+02 2.382499999999999896e-01 3.152449999999999974e-01
2.700179999999999723e+02 2.382440000000000113e-01 3.152369999999999894e-01
2.701179999999999950e+02 2.382360000000000033e-01 3.152400000000000202e-01
2.702180000000000177e+02 2.382279999999999953e-01 3.152420000000000222e-01
2.703179999999999836e+02 2.382410000000000083e-01 3.152449999999999974e-01
2.704180000000000064e+02 2.382330000000000003e-01 3.152479999999999727e-01
2.705179999999999723e+02 2.382249999999999923e-01 3.152499999999999747e-01
2.706179999999999950e+02 2.381870000000000098e-01 3.152690000000000214e-01
2.707180000000000177e+02 2.381790000000000018e-01 3.152710000000000234e-01
2.708179999999999836e+02 2.381709999999999938e-01 3.152739999999999987e-01
2.709180000000000064e+02 2.381669999999999898e-01 3.152719999999999967e-01
2.710179999999999723e+02 2.381590000000000096e-01 3.152750000000000274e-01
2.711179999999999950e+02 2.381510000000000016e-01 3.152769999999999739e-01
2.712180000000000177e+02 2.381479999999999986e-01 3.152730000000000254e-01
2.713179999999999836e+02 2.381399999999999906e-01 3.152750000000000274e-01
2.714180000000000064e+02 2.381320000000000103e-01 3.152780000000000027e-01
2.715179999999999723e+02 2.381359999999999866e-01 3.152760000000000007e-01
2.716179999999999950e+02 2.381280000000000063e-01 3.152789999999999759e-01
2.717180000000000177e+02 2.381199999999999983e-01 3.152820000000000067e-01
2.718179999999999836e+02 2.380960000000000021e-01 3.152719999999999967e-01
2.719180000000000064e+02 2.380879999999999941e-01 3.152750000000000274e-01
2.720179999999999723e+02 2.380800000000000138e-01 3.152780000000000027e-01
2.721179999999999950e+02 2.380909999999999971e-01 3.152880000000000127e-01
2.722180000000000177e+02 2.380819999999999881e-01 3.152909999999999879e-01
2.723179999999999836e+02 2.380740000000000078e-01 3.152929999999999899e-01
2.724180000000000064e+02 2.380430000000000046e-01 3.153130000000000099e-01
2.725179999999999723e+02 2.380349999999999966e-01 3.153159999999999852e-01
2.726179999999999950e+02 2.380259999999999876e-01 3.153190000000000159e-01
2.727180000000000177e+02 2.380220000000000113e-01 3.153159999999999852e-01
2.728179999999999836e+02 2.380140000000000033e-01 3.153190000000000159e-01
2.729180000000000064e+02 2.380059999999999953e-01 3.153210000000000179e-01
2.730179999999999723e+02 2.380019999999999913e-01 3.153130000000000099e-01
2.731179999999999950e+02 2.379940000000000111e-01 3.153159999999999852e-01
2.732180000000000177e+02 2.379860000000000031e-01 3.153190000000000159e-01
2.733179999999999836e+02 2.379930000000000101e-01 3.153199999999999892e-01
2.734180000000000064e+02 2.379850000000000021e-01 3.153230000000000199e-01
2.735179999999999723e+02 2.379769999999999941e-01 3.153259999999999952e-01
2.736179999999999950e+02 2.379580000000000028e-01 3.153329999999999744e-01
2.737180000000000177e+02 2.379499999999999948e-01 3.153349999999999764e-01
2.738179999999999836e+02 2.379410000000000136e-01 3.153380000000000072e-01
2.739180000000000064e+02 2.379509999999999958e-01 3.153309999999999724e-01
2.740179999999999723e+02 2.379419999999999868e-01 3.153340000000000032e-01
2.741179999999999950e+02 2.379340000000000066e-01 3.153360000000000052e-01
2.742180000000000177e+02 2.379060000000000064e-01 3.153320000000000012e-01
2.743179999999999836e+02 2.378969999999999974e-01 3.153349999999999764e-01
2.744180000000000064e+02 2.378889999999999894e-01 3.153369999999999784e-01
2.745179999999999723e+02 2.378740000000000021e-01 3.153599999999999737e-01
2.746179999999999950e+02 2.378659999999999941e-01 3.153630000000000044e-01
2.747180000000000177e+02 2.378580000000000139e-01 3.153659999999999797e-01
2.748179999999999836e+02 2.378570000000000129e-01 3.153569999999999984e-01
2.749180000000000064e+02 2.378490000000000049e-01 3.153599999999999737e-01
2.750179999999999723e+02 2.378409999999999969e-01 3.153630000000000044e-01
2.751179999999999950e+02 2.378450000000000009e-01 3.153610000000000024e-01
2.752180000000000177e+02 2.378369999999999929e-01 3.153639999999999777e-01
2.753179999999999836e+02 2.378290000000000126e-01 3.153670000000000084e-01
2.754180000000000064e+02 2.377960000000000074e-01 3.153839999999999977e-01
2.755179999999999723e+02 2.377879999999999994e-01 3.153869999999999729e-01
2.756179999999999950e+02 2.377789999999999904e-01 3.153900000000000037e-01
2.757180000000000177e+02 2.377749999999999864e-01 3.153880000000000017e-01
2.758179999999999836e+02 2.377670000000000061e-01 3.153909999999999769e-01
2.759180000000000064e+02 2.377589999999999981e-01 3.153940000000000077e-01
2.760179999999999723e+02 2.377559999999999951e-01 3.153869999999999729e-01
2.761179999999999950e+02 2.377479999999999871e-01 3.153900000000000037e-01
2.762180000000000177e+02 2.377400000000000069e-01 3.153929999999999789e-01
2.763179999999999836e+02 2.377470000000000139e-01 3.153889999999999749e-01
2.764180000000000064e+02 2.377390000000000059e-01 3.153920000000000057e-01
2.765179999999999723e+02 2.377299999999999969e-01 3.153949999999999809e-01
2.766179999999999950e+02 2.377110000000000056e-01 3.153980000000000117e-01
2.767180000000000177e+02 2.377029999999999976e-01 3.154009999999999869e-01
2.768179999999999836e+02 2.376949999999999896e-01 3.154040000000000177e-01
2.769180000000000064e+02 2.376749999999999974e-01 3.153900000000000037e-01
2.770179999999999723e+02 2.376669999999999894e-01 3.153929999999999789e-01
2.771179999999999950e+02 2.376580000000000081e-01 3.153960000000000097e-01
2.772180000000000177e+02 2.376639999999999864e-01 3.154190000000000049e-01
2.773179999999999836e+02 2.376550000000000051e-01 3.154219999999999802e-01
2.774180000000000064e+02 2.376459999999999961e-01 3.154250000000000109e-01
2.775179999999999723e+02 2.376169999999999949e-01 3.154480000000000062e-01
2.776179999999999950e+02 2.376080000000000136e-01 3.154509999999999814e-01
2.777180000000000177e+02 2.376000000000000056e-01 3.154540000000000122e-01
2.778179999999999836e+02 2.375939999999999996e-01 3.154480000000000062e-01
2.779180000000000064e+02 2.375849999999999906e-01 3.154509999999999814e-01
2.780179999999999723e+02 2.375770000000000104e-01 3.154540000000000122e-01
2.781179999999999950e+02 2.375690000000000024e-01 3.154399999999999982e-01
2.782180000000000177e+02 2.375599999999999934e-01 3.154429999999999734e-01
2.783179999999999836e+02 2.375520000000000131e-01 3.154460000000000042e-01
2.784180000000000064e+02 2.375490000000000101e-01 3.154449999999999754e-01
2.785179999999999723e+02 2.375400000000000011e-01 3.154480000000000062e-01
2.786179999999999950e+02 2.375319999999999931e-01 3.154509999999999814e-01
2.787180000000000177e+02 2.375440000000000051e-01 3.154500000000000082e-01
2.788179999999999836e+02 2.375359999999999971e-01 3.154529999999999834e-01
2.789180000000000064e+02 2.375279999999999891e-01 3.154560000000000142e-01
2.790179999999999723e+02 2.374890000000000057e-01 3.154529999999999834e-01
2.791179999999999950e+02 2.374799999999999967e-01 3.154560000000000142e-01
2.791179999999999950e+02 2.374799999999999967e-01 3.154560000000000142e-01
2.791279999999999859e+02 2.374789999999999957e-01 3.154569999999999874e-01
2.791480000000000246e+02 2.374769999999999937e-01 3.154569999999999874e-01
2.791879999999999882e+02 2.375049999999999939e-01 3.154879999999999907e-01
2.792679999999999723e+02 2.374979999999999869e-01 3.154899999999999927e-01
2.793679999999999950e+02 2.374890000000000057e-01 3.154930000000000234e-01
2.794680000000000177e+02 2.374469999999999914e-01 3.155140000000000167e-01
2.795679999999999836e+02 2.374380000000000102e-01 3.155169999999999919e-01
2.796680000000000064e+02 2.374300000000000022e-01 3.155200000000000227e-01
2.797679999999999723e+02 2.374209999999999932e-01 3.155029999999999779e-01
2.798679999999999950e+02 2.374120000000000119e-01 3.155060000000000087e-01
2.799680000000000177e+02 2.374040000000000039e-01 3.155089999999999839e-01
2.800679999999999836e+02 2.373969999999999969e-01 3.155000000000000027e-01
2.801680000000000064e+02 2.373879999999999879e-01 3.155029999999999779e-01
2.802679999999999723e+02 2.373790000000000067e-01 3.155060000000000087e-01
2.803679999999999950e+02 2.373719999999999997e-01 3.155029999999999779e-01
2.804680000000000177e+02 2.373629999999999907e-01 3.155060000000000087e-01
2.805679999999999836e+02 2.373550000000000104e-01 3.155089999999999839e-01
2.806680000000000064e+02 2.373530000000000084e-01 3.155109999999999859e-01
2.807679999999999723e+02 2.373450000000000004e-01 3.155149999999999899e-01
2.808679999999999950e+02 2.373359999999999914e-01 3.155180000000000207e-01
2.809680000000000177e+02 2.373480000000000034e-01 3.155310000000000059e-01
2.810679999999999836e+02 2.373399999999999954e-01 3.155339999999999812e-01
2.811680000000000064e+02 2.373309999999999864e-01 3.155370000000000119e-01
2.812679999999999723e+02 2.373139999999999972e-01 3.155410000000000159e-01
2.813679999999999950e+02 2.373049999999999882e-01 3.155439999999999912e-01
2.814680000000000177e+02 2.372960000000000069e-01 3.155479999999999952e-01
2.815679999999999836e+02 2.372779999999999889e-01 3.155660000000000132e-01
2.816680000000000064e+02 2.372690000000000077e-01 3.155689999999999884e-01
2.817679999999999723e+02 2.372599999999999987e-01 3.155729999999999924e-01
2.818679999999999950e+02 2.372489999999999877e-01 3.155689999999999884e-01
2.819680000000000177e+02 2.372400000000000064e-01 3.155720000000000192e-01
2.820679999999999836e+02 2.372319999999999984e-01 3.155749999999999944e-01
2.821680000000000064e+02 2.372199999999999864e-01 3.155560000000000032e-01
2.822679999999999723e+02 2.372110000000000052e-01 3.155589999999999784e-01
2.823679999999999950e+02 2.372009999999999952e-01 3.155620000000000092e-01
2.824680000000000177e+02 2.371959999999999902e-01 3.155780000000000252e-01
2.825679999999999836e+02 2.371870000000000089e-01 3.155810000000000004e-01
2.826680000000000064e+02 2.371779999999999999e-01 3.155850000000000044e-01
2.827679999999999723e+02 2.371570000000000067e-01 3.156220000000000137e-01
2.828679999999999950e+02 2.371489999999999987e-01 3.156249999999999889e-01
2.829680000000000177e+02 2.371399999999999897e-01 3.156280000000000197e-01
2.830679999999999836e+02 2.371439999999999937e-01 3.155979999999999897e-01
2.831680000000000064e+02 2.371360000000000134e-01 3.156010000000000204e-01
2.832679999999999723e+02 2.371270000000000044e-01 3.156050000000000244e-01
2.833679999999999950e+02 2.371129999999999904e-01 3.155990000000000184e-01
2.834680000000000177e+02 2.371040000000000092e-01 3.156019999999999937e-01
2.835679999999999836e+02 2.370950000000000002e-01 3.156059999999999977e-01
2.836680000000000064e+02 2.370879999999999932e-01 3.156399999999999761e-01
2.837679999999999723e+02 2.370790000000000119e-01 3.156430000000000069e-01
2.838679999999999950e+02 2.370700000000000029e-01 3.156459999999999821e-01
2.839680000000000177e+02 2.370559999999999889e-01 3.156410000000000049e-01
2.840679999999999836e+02 2.370470000000000077e-01 3.156439999999999801e-01
2.841680000000000064e+02 2.370379999999999987e-01 3.156479999999999841e-01
2.842679999999999723e+02 2.370440000000000047e-01 3.156280000000000197e-01
2.843679999999999950e+02 2.370339999999999947e-01 3.156309999999999949e-01
2.844680000000000177e+02 2.370250000000000135e-01 3.156340000000000257e-01
2.845679999999999836e+02 2.370190000000000075e-01 3.156499999999999861e-01
2.846680000000000064e+02 2.370089999999999975e-01 3.156530000000000169e-01
2.847679999999999723e+02 2.369999999999999885e-01 3.156559999999999921e-01
2.848679999999999950e+02 2.369729999999999892e-01 3.156809999999999894e-01
2.849680000000000177e+02 2.369640000000000080e-01 3.156849999999999934e-01
2.850679999999999836e+02 2.369549999999999990e-01 3.156880000000000241e-01
2.851680000000000064e+02 2.369680000000000120e-01 3.156649999999999734e-01
2.852679999999999723e+02 2.369590000000000030e-01 3.156689999999999774e-01
2.853679999999999950e+02 2.369499999999999940e-01 3.156720000000000081e-01
2.854680000000000177e+02 2.369120000000000115e-01 3.156630000000000269e-01
2.855679999999999836e+02 2.369020000000000015e-01 3.156669999999999754e-01
2.856680000000000064e+02 2.368929999999999925e-01 3.156720000000000081e-01
2.857679999999999723e+02 2.369120000000000115e-01 3.157039999999999846e-01
2.858679999999999950e+02 2.369030000000000025e-01 3.157070000000000154e-01
2.859680000000000177e+02 2.368939999999999935e-01 3.157099999999999906e-01
2.860679999999999836e+02 2.368609999999999882e-01 3.157220000000000026e-01
2.861680000000000064e+02 2.368520000000000070e-01 3.157249999999999779e-01
2.862679999999999723e+02 2.368429999999999980e-01 3.157280000000000086e-01
2.863679999999999950e+02 2.368540000000000090e-01 3.156930000000000014e-01
2.864680000000000177e+02 2.368450000000000000e-01 3.156970000000000054e-01
2.865679999999999836e+02 2.368349999999999900e-01 3.156999999999999806e-01
2.866680000000000064e+02 2.368059999999999887e-01 3.157059999999999866e-01
2.867679999999999723e+02 2.367970000000000075e-01 3.157099999999999906e-01
2.868679999999999950e+02 2.367879999999999985e-01 3.157130000000000214e-01
2.869680000000000177e+02 2.367869999999999975e-01 3.157499999999999751e-01
2.870679999999999836e+02 2.367779999999999885e-01 3.157530000000000059e-01
2.871680000000000064e+02 2.367690000000000072e-01 3.157570000000000099e-01
2.872679999999999723e+02 2.367549999999999932e-01 3.157499999999999751e-01
2.873679999999999950e+02 2.367460000000000120e-01 3.157539999999999791e-01
2.874680000000000177e+02 2.367370000000000030e-01 3.157570000000000099e-01
2.875679999999999836e+02 2.367209999999999870e-01 3.157730000000000259e-01
2.876680000000000064e+02 2.367120000000000057e-01 3.157769999999999744e-01
2.877679999999999723e+02 2.367029999999999967e-01 3.157820000000000071e-01
2.878679999999999950e+02 2.367029999999999967e-01 3.157530000000000059e-01
2.879680000000000177e+02 2.366939999999999877e-01 3.157570000000000099e-01
2.880679999999999836e+02 2.366840000000000055e-01 3.157599999999999851e-01
2.881680000000000064e+02 2.366689999999999905e-01 3.157969999999999944e-01
2.882679999999999723e+02 2.366600000000000092e-01 3.158000000000000251e-01
2.883679999999999950e+02 2.366510000000000002e-01 3.158039999999999736e-01
2.884680000000000177e+02 2.366530000000000022e-01 3.157829999999999804e-01
2.885679999999999836e+02 2.366429999999999922e-01 3.157860000000000111e-01
2.886680000000000064e+02 2.366340000000000110e-01 3.157900000000000151e-01
2.887679999999999723e+02 2.366080000000000128e-01 3.158039999999999736e-01
2.888679999999999950e+02 2.365980000000000028e-01 3.158079999999999776e-01
2.889680000000000177e+02 2.365889999999999938e-01 3.158119999999999816e-01
2.890679999999999836e+02 2.366139999999999910e-01 3.158070000000000044e-01
2.891680000000000064e+02 2.366040000000000088e-01 3.158099999999999796e-01
2.892679999999999723e+02 2.365949999999999998e-01 3.158139999999999836e-01
2.893679999999999950e+02 2.365559999999999885e-01 3.158329999999999749e-01
2.894680000000000177e+02 2.365470000000000073e-01 3.158360000000000056e-01
2.895679999999999836e+02 2.365379999999999983e-01 3.158400000000000096e-01
2.896680000000000064e+02 2.365589999999999915e-01 3.158219999999999916e-01
2.897679999999999723e+02 2.365500000000000103e-01 3.158270000000000244e-01
2.898679999999999950e+02 2.365400000000000003e-01 3.158309999999999729e-01
2.899680000000000177e+02 2.364940000000000098e-01 3.158569999999999989e-01
2.900679999999999836e+02 2.364850000000000008e-01 3.158619999999999761e-01
2.901680000000000064e+02 2.364749999999999908e-01 3.158659999999999801e-01
2.902679999999999723e+02 2.364749999999999908e-01 3.158670000000000089e-01
2.903679999999999950e+02 2.364650000000000085e-01 3.158710000000000129e-01
2.904680000000000177e+02 2.364559999999999995e-01 3.158739999999999881e-01
2.905679999999999836e+02 2.364499999999999935e-01 3.158599999999999741e-01
2.906680000000000064e+02 2.364400000000000113e-01 3.158630000000000049e-01
2.907679999999999723e+02 2.364310000000000023e-01 3.158670000000000089e-01
2.908679999999999950e+02 2.364149999999999863e-01 3.158929999999999794e-01
2.909680000000000177e+02 2.364050000000000040e-01 3.158969999999999834e-01
2.910679999999999836e+02 2.363959999999999950e-01 3.159020000000000161e-01
2.911680000000000064e+02 2.364040000000000030e-01 3.158839999999999981e-01
2.912679999999999723e+02 2.363939999999999930e-01 3.158889999999999754e-01
2.913679999999999950e+02 2.363840000000000108e-01 3.158929999999999794e-01
2.914680000000000177e+02 2.363590000000000135e-01 3.159060000000000201e-01
2.915679999999999836e+02 2.363490000000000035e-01 3.159089999999999954e-01
2.916680000000000064e+02 2.363399999999999945e-01 3.159129999999999994e-01
2.917679999999999723e+02 2.363500000000000045e-01 3.159100000000000241e-01
2.918679999999999950e+02 2.363409999999999955e-01 3.159150000000000014e-01
2.919680000000000177e+02 2.363310000000000133e-01 3.159190000000000054e-01
2.920679999999999836e+02 2.363049999999999873e-01 3.159390000000000254e-01
2.921680000000000064e+02 2.362960000000000060e-01 3.159440000000000026e-01
2.922679999999999723e+02 2.362859999999999960e-01 3.159480000000000066e-01
2.923679999999999950e+02 2.362859999999999960e-01 3.159270000000000134e-01
2.924680000000000177e+02 2.362769999999999870e-01 3.159310000000000174e-01
2.925679999999999836e+02 2.362670000000000048e-01 3.159339999999999926e-01
2.926680000000000064e+02 2.362509999999999888e-01 3.159370000000000234e-01
2.927679999999999723e+02 2.362410000000000065e-01 3.159420000000000006e-01
2.928679999999999950e+02 2.362319999999999975e-01 3.159460000000000046e-01
2.929680000000000177e+02 2.362390000000000045e-01 3.159719999999999751e-01
2.930679999999999836e+02 2.362289999999999945e-01 3.159770000000000079e-01
2.931680000000000064e+02 2.362190000000000123e-01 3.159810000000000119e-01
2.932679999999999723e+02 2.362140000000000073e-01 3.159799999999999831e-01
2.933679999999999950e+02 2.362039999999999973e-01 3.159850000000000159e-01
2.934680000000000177e+02 2.361939999999999873e-01 3.159890000000000199e-01
2.935679999999999836e+02 2.361659999999999870e-01 3.159779999999999811e-01
2.936680000000000064e+02 2.361570000000000058e-01 3.159830000000000139e-01
2.937679999999999723e+02 2.361469999999999958e-01 3.159870000000000179e-01
2.938679999999999950e+02 2.361459999999999948e-01 3.160040000000000071e-01
2.939680000000000177e+02 2.361360000000000126e-01 3.160089999999999844e-01
2.940679999999999836e+02 2.361270000000000036e-01 3.160140000000000171e-01
2.941680000000000064e+02 2.361250000000000016e-01 3.160259999999999736e-01
2.942679999999999723e+02 2.361149999999999916e-01 3.160310000000000064e-01
2.943679999999999950e+02 2.361050000000000093e-01 3.160350000000000104e-01
2.944680000000000177e+02 2.360889999999999933e-01 3.160290000000000044e-01
2.945679999999999836e+02 2.360790000000000111e-01 3.160339999999999816e-01
2.946680000000000064e+02 2.360700000000000021e-01 3.160379999999999856e-01
2.947679999999999723e+02 2.360540000000000138e-01 3.160419999999999896e-01
2.948679999999999950e+02 2.360450000000000048e-01 3.160470000000000224e-01
2.949680000000000177e+02 2.360349999999999948e-01 3.160519999999999996e-01
2.950679999999999836e+02 2.360359999999999958e-01 3.160649999999999848e-01
2.951680000000000064e+02 2.360269999999999868e-01 3.160700000000000176e-01
2.952679999999999723e+02 2.360170000000000046e-01 3.160740000000000216e-01
2.953679999999999950e+02 2.360069999999999946e-01 3.160780000000000256e-01
2.954680000000000177e+02 2.359980000000000133e-01 3.160830000000000028e-01
2.955679999999999836e+02 2.359880000000000033e-01 3.160870000000000068e-01
2.956680000000000064e+02 2.359690000000000121e-01 3.160870000000000068e-01
2.957679999999999723e+02 2.359600000000000031e-01 3.160910000000000108e-01
2.958679999999999950e+02 2.359499999999999931e-01 3.160959999999999881e-01
2.959680000000000177e+02 2.359430000000000138e-01 3.161050000000000249e-01
2.960679999999999836e+02 2.359330000000000038e-01 3.161100000000000021e-01
2.961680000000000064e+02 2.359239999999999948e-01 3.161140000000000061e-01
2.962679999999999723e+02 2.359189999999999898e-01 3.161220000000000141e-01
2.963679999999999950e+02 2.359090000000000076e-01 3.161269999999999913e-01
2.964680000000000177e+02 2.358999999999999986e-01 3.161309999999999953e-01
2.965679999999999836e+02 2.358850000000000113e-01 3.161329999999999973e-01
2.966680000000000064e+02 2.358760000000000023e-01 3.161379999999999746e-01
2.967679999999999723e+02 2.358659999999999923e-01 3.161430000000000073e-01
2.968679999999999950e+02 2.358540000000000081e-01 3.161470000000000113e-01
2.969680000000000177e+02 2.358439999999999981e-01 3.161519999999999886e-01
2.970679999999999836e+02 2.358349999999999891e-01 3.161570000000000213e-01
2.971680000000000064e+02 2.358280000000000098e-01 3.161640000000000006e-01
2.972679999999999723e+02 2.358179999999999998e-01 3.161689999999999778e-01
2.973679999999999950e+02 2.358079999999999898e-01 3.161740000000000106e-01
2.974680000000000177e+02 2.357990000000000086e-01 3.161789999999999878e-01
2.975679999999999836e+02 2.357889999999999986e-01 3.161840000000000206e-01
2.976680000000000064e+02 2.357789999999999886e-01 3.161880000000000246e-01
2.977679999999999723e+02 2.357670000000000043e-01 3.161919999999999731e-01
2.978679999999999950e+02 2.357569999999999943e-01 3.161970000000000058e-01
2.979680000000000177e+02 2.357470000000000121e-01 3.162010000000000098e-01
2.980679999999999836e+02 2.357380000000000031e-01 3.162070000000000158e-01
2.981680000000000064e+02 2.357279999999999931e-01 3.162119999999999931e-01
2.982679999999999723e+02 2.357180000000000109e-01 3.162170000000000258e-01
2.983679999999999950e+02 2.357090000000000019e-01 3.162229999999999763e-01
2.984680000000000177e+02 2.356999999999999929e-01 3.162280000000000091e-01
2.985679999999999836e+02 2.356900000000000106e-01 3.162320000000000131e-01
2.986680000000000064e+02 2.356789999999999996e-01 3.162369999999999903e-01
2.987679999999999723e+02 2.356689999999999896e-01 3.162420000000000231e-01
2.987679999999999723e+02 2.356689999999999896e-01 3.162420000000000231e-01
2.987780000000000200e+02 2.356679999999999886e-01 3.162420000000000231e-01
2.987980000000000018e+02 2.356659999999999866e-01 3.162429999999999963e-01
2.988380000000000223e+02 2.356610000000000094e-01 3.162449999999999983e-01
2.989180000000000064e+02 2.356530000000000014e-01 3.162490000000000023e-01
2.990179999999999723e+02 2.356439999999999924e-01 3.162539999999999796e-01
2.991179999999999950e+02 2.356340000000000101e-01 3.162599999999999856e-01
2.992180000000000177e+02 2.356250000000000011e-01 3.162639999999999896e-01
2.993179999999999836e+02 2.356149999999999911e-01 3.162690000000000223e-01
2.994180000000000064e+02 2.356050000000000089e-01 3.162749999999999728e-01
2.995179999999999723e+02 2.355949999999999989e-01 3.162789999999999768e-01
2.996179999999999950e+02 2.355849999999999889e-01 3.162840000000000096e-01
2.997180000000000177e+02 2.355740000000000056e-01 3.162889999999999868e-01
2.998179999999999836e+02 2.355649999999999966e-01 3.162940000000000196e-01
2.999180000000000064e+02 2.355549999999999866e-01 3.162980000000000236e-01
3.000179999999999723e+02 2.355440000000000034e-01 3.163039999999999741e-01
3.001179999999999950e+02 2.355349999999999944e-01 3.163090000000000068e-01
3.002180000000000177e+02 2.355250000000000121e-01 3.163130000000000108e-01
3.003179999999999836e+02 2.355150000000000021e-01 3.163190000000000168e-01
3.004180000000000064e+02 2.355049999999999921e-01 3.163239999999999941e-01
3.005179999999999723e+02 2.354950000000000099e-01 3.163290000000000268e-01
3.006179999999999950e+02 2.354849999999999999e-01 3.163340000000000041e-01
3.007180000000000177e+02 2.354749999999999899e-01 3.163389999999999813e-01
3.008179999999999836e+02 2.354650000000000076e-01 3.163440000000000141e-01
3.009180000000000064e+02 2.354549999999999976e-01 3.163489999999999913e-01
3.010179999999999723e+02 2.354449999999999876e-01 3.163540000000000241e-01
3.011179999999999950e+02 2.354350000000000054e-01 3.163579999999999726e-01
3.012180000000000177e+02 2.354249999999999954e-01 3.163639999999999786e-01
3.013179999999999836e+02 2.354150000000000131e-01 3.163690000000000113e-01
3.014180000000000064e+02 2.354050000000000031e-01 3.163739999999999886e-01
3.015179999999999723e+02 2.353949999999999931e-01 3.163790000000000213e-01
3.016179999999999950e+02 2.353850000000000109e-01 3.163839999999999986e-01
3.017180000000000177e+02 2.353750000000000009e-01 3.163889999999999758e-01
3.018179999999999836e+02 2.353639999999999899e-01 3.163940000000000086e-01
3.019180000000000064e+02 2.353550000000000086e-01 3.163989999999999858e-01
3.020179999999999723e+02 2.353449999999999986e-01 3.164040000000000186e-01
3.021179999999999950e+02 2.353339999999999876e-01 3.164089999999999958e-01
3.022180000000000177e+02 2.353240000000000054e-01 3.164139999999999731e-01
3.023179999999999836e+02 2.353139999999999954e-01 3.164190000000000058e-01
3.024180000000000064e+02 2.353040000000000131e-01 3.164239999999999831e-01
3.025179999999999723e+02 2.352940000000000031e-01 3.164290000000000158e-01
3.026179999999999950e+02 2.352839999999999931e-01 3.164339999999999931e-01
3.027180000000000177e+02 2.352740000000000109e-01 3.164390000000000258e-01
3.028179999999999836e+02 2.352640000000000009e-01 3.164440000000000031e-01
3.029180000000000064e+02 2.352539999999999909e-01 3.164489999999999803e-01
3.030179999999999723e+02 2.352430000000000077e-01 3.164540000000000131e-01
3.031179999999999950e+02 2.352329999999999977e-01 3.164589999999999903e-01
3.032180000000000177e+02 2.352239999999999887e-01 3.164640000000000231e-01
3.033179999999999836e+02 2.352130000000000054e-01 3.164699999999999736e-01
3.034180000000000064e+02 2.352029999999999954e-01 3.164750000000000063e-01
3.035179999999999723e+02 2.351930000000000132e-01 3.164790000000000103e-01
3.036179999999999950e+02 2.351830000000000032e-01 3.164850000000000163e-01
3.037180000000000177e+02 2.351729999999999932e-01 3.164899999999999936e-01
3.038179999999999836e+02 2.351630000000000109e-01 3.164950000000000263e-01
3.039180000000000064e+02 2.351519999999999999e-01 3.165000000000000036e-01
3.040179999999999723e+02 2.351419999999999899e-01 3.165049999999999808e-01
3.041179999999999950e+02 2.351320000000000077e-01 3.165100000000000136e-01
3.042180000000000177e+02 2.351219999999999977e-01 3.165149999999999908e-01
3.043179999999999836e+02 2.351119999999999877e-01 3.165200000000000236e-01
3.044180000000000064e+02 2.351020000000000054e-01 3.165250000000000008e-01
3.045179999999999723e+02 2.350909999999999944e-01 3.165310000000000068e-01
3.046179999999999950e+02 2.350810000000000122e-01 3.165359999999999840e-01
3.047180000000000177e+02 2.350710000000000022e-01 3.165410000000000168e-01
3.048179999999999836e+02 2.350609999999999922e-01 3.165459999999999940e-01
3.049180000000000064e+02 2.350510000000000099e-01 3.165510000000000268e-01
3.050179999999999723e+02 2.350409999999999999e-01 3.165560000000000040e-01
3.051179999999999950e+02 2.350299999999999889e-01 3.165609999999999813e-01
3.052180000000000177e+02 2.350200000000000067e-01 3.165660000000000140e-01
3.053179999999999836e+02 2.350099999999999967e-01 3.165709999999999913e-01
3.054180000000000064e+02 2.349990000000000134e-01 3.165769999999999973e-01
3.055179999999999723e+02 2.349890000000000034e-01 3.165819999999999745e-01
3.056179999999999950e+02 2.349789999999999934e-01 3.165870000000000073e-01
3.057180000000000177e+02 2.349690000000000112e-01 3.165919999999999845e-01
3.058179999999999836e+02 2.349590000000000012e-01 3.165970000000000173e-01
3.059180000000000064e+02 2.349489999999999912e-01 3.166019999999999945e-01
3.060179999999999723e+02 2.349380000000000079e-01 3.166070000000000273e-01
3.061179999999999950e+02 2.349279999999999979e-01 3.166120000000000045e-01
3.062180000000000177e+02 2.349179999999999879e-01 3.166169999999999818e-01
3.063179999999999836e+02 2.349070000000000047e-01 3.166229999999999878e-01
3.064180000000000064e+02 2.348969999999999947e-01 3.166280000000000205e-01
3.065179999999999723e+02 2.348870000000000124e-01 3.166329999999999978e-01
3.066179999999999950e+02 2.348760000000000014e-01 3.166379999999999750e-01
3.067180000000000177e+02 2.348659999999999914e-01 3.166430000000000078e-01
3.068179999999999836e+02 2.348560000000000092e-01 3.166479999999999850e-01
3.069180000000000064e+02 2.348459999999999992e-01 3.166539999999999910e-01
3.070179999999999723e+02 2.348349999999999882e-01 3.166590000000000238e-01
3.071179999999999950e+02 2.348250000000000060e-01 3.166640000000000010e-01
3.072180000000000177e+02 2.348149999999999959e-01 3.166689999999999783e-01
3.073179999999999836e+02 2.348050000000000137e-01 3.166740000000000110e-01
3.074180000000000064e+02 2.347940000000000027e-01 3.166789999999999883e-01
3.075179999999999723e+02 2.347839999999999927e-01 3.166849999999999943e-01
3.076179999999999950e+02 2.347740000000000105e-01 3.166900000000000270e-01
3.077180000000000177e+02 2.347640000000000005e-01 3.166950000000000043e-01
3.078179999999999836e+02 2.347529999999999895e-01 3.166999999999999815e-01
3.079180000000000064e+02 2.347430000000000072e-01 3.167050000000000143e-01
3.080179999999999723e+02 2.347329999999999972e-01 3.167099999999999915e-01
3.081179999999999950e+02 2.347219999999999862e-01 3.167159999999999975e-01
3.082180000000000177e+02 2.347120000000000040e-01 3.167209999999999748e-01
3.083179999999999836e+02 2.347019999999999940e-01 3.167260000000000075e-01
3.084180000000000064e+02 2.346910000000000107e-01 3.167309999999999848e-01
3.085179999999999723e+02 2.346810000000000007e-01 3.167360000000000175e-01
3.086179999999999950e+02 2.346699999999999897e-01 3.167420000000000235e-01
3.087180000000000177e+02 2.346600000000000075e-01 3.167470000000000008e-01
3.088179999999999836e+02 2.346499999999999975e-01 3.167519999999999780e-01
3.089180000000000064e+02 2.346389999999999865e-01 3.167570000000000108e-01
3.090179999999999723e+02 2.346290000000000042e-01 3.167630000000000168e-01
3.091179999999999950e+02 2.346179999999999932e-01 3.167679999999999940e-01
3.092180000000000177e+02 2.346080000000000110e-01 3.167730000000000268e-01
3.093179999999999836e+02 2.345980000000000010e-01 3.167780000000000040e-01
3.094180000000000064e+02 2.345869999999999900e-01 3.167829999999999813e-01
3.095179999999999723e+02 2.345770000000000077e-01 3.167880000000000140e-01
3.096179999999999950e+02 2.345659999999999967e-01 3.167940000000000200e-01
3.097180000000000177e+02 2.345559999999999867e-01 3.167989999999999973e-01
3.098179999999999836e+02 2.345460000000000045e-01 3.168039999999999745e-01
3.099180000000000064e+02 2.345349999999999935e-01 3.168099999999999805e-01
3.100179999999999723e+02 2.345250000000000112e-01 3.168150000000000133e-01
3.101179999999999950e+02 2.345150000000000012e-01 3.168199999999999905e-01
3.102180000000000177e+02 2.345039999999999902e-01 3.168250000000000233e-01
3.103179999999999836e+02 2.344940000000000080e-01 3.168300000000000005e-01
3.104180000000000064e+02 2.344829999999999970e-01 3.168349999999999778e-01
3.105179999999999723e+02 2.344729999999999870e-01 3.168409999999999838e-01
3.106179999999999950e+02 2.344620000000000037e-01 3.168460000000000165e-01
3.107180000000000177e+02 2.344519999999999937e-01 3.168509999999999938e-01
3.108179999999999836e+02 2.344410000000000105e-01 3.168569999999999998e-01
3.109180000000000064e+02 2.344310000000000005e-01 3.168619999999999770e-01
3.110179999999999723e+02 2.344209999999999905e-01 3.168670000000000098e-01
3.111179999999999950e+02 2.344100000000000072e-01 3.168719999999999870e-01
3.112180000000000177e+02 2.343999999999999972e-01 3.168779999999999930e-01
3.113179999999999836e+02 2.343889999999999862e-01 3.168830000000000258e-01
3.114180000000000064e+02 2.343790000000000040e-01 3.168880000000000030e-01
3.115179999999999723e+02 2.343679999999999930e-01 3.168929999999999803e-01
3.116179999999999950e+02 2.343580000000000108e-01 3.168980000000000130e-01
3.117180000000000177e+02 2.343469999999999998e-01 3.169040000000000190e-01
3.118179999999999836e+02 2.343369999999999898e-01 3.169089999999999963e-01
3.119180000000000064e+02 2.343260000000000065e-01 3.169139999999999735e-01
3.120179999999999723e+02 2.343159999999999965e-01 3.169199999999999795e-01
3.121179999999999950e+02 2.343050000000000133e-01 3.169250000000000123e-01
3.122180000000000177e+02 2.342950000000000033e-01 3.169299999999999895e-01
3.123179999999999836e+02 2.342839999999999923e-01 3.169359999999999955e-01
3.124180000000000064e+02 2.342740000000000100e-01 3.169409999999999727e-01
3.125179999999999723e+02 2.342629999999999990e-01 3.169460000000000055e-01
3.126179999999999950e+02 2.342529999999999890e-01 3.169509999999999827e-01
3.127180000000000177e+02 2.342420000000000058e-01 3.169560000000000155e-01
3.128179999999999836e+02 2.342319999999999958e-01 3.169620000000000215e-01
3.129180000000000064e+02 2.342210000000000125e-01 3.169669999999999987e-01
3.130179999999999723e+02 2.342110000000000025e-01 3.169719999999999760e-01
3.131179999999999950e+02 2.341999999999999915e-01 3.169779999999999820e-01
3.132180000000000177e+02 2.341890000000000083e-01 3.169830000000000148e-01
3.133179999999999836e+02 2.341789999999999983e-01 3.169879999999999920e-01
3.134180000000000064e+02 2.341689999999999883e-01 3.169930000000000248e-01
3.135179999999999723e+02 2.341580000000000050e-01 3.169989999999999752e-01
3.136179999999999950e+02 2.341469999999999940e-01 3.170040000000000080e-01
3.137180000000000177e+02 2.341370000000000118e-01 3.170089999999999852e-01
3.138179999999999836e+02 2.341260000000000008e-01 3.170149999999999912e-01
3.139180000000000064e+02 2.341159999999999908e-01 3.170200000000000240e-01
3.140179999999999723e+02 2.341050000000000075e-01 3.170250000000000012e-01
3.141179999999999950e+02 2.340949999999999975e-01 3.170310000000000072e-01
3.142180000000000177e+02 2.340839999999999865e-01 3.170359999999999845e-01
3.143179999999999836e+02 2.340740000000000043e-01 3.170410000000000172e-01
3.144180000000000064e+02 2.340629999999999933e-01 3.170470000000000232e-01
3.145179999999999723e+02 2.340520000000000100e-01 3.170520000000000005e-01
3.146179999999999950e+02 2.340420000000000000e-01 3.170569999999999777e-01
3.147180000000000177e+02 2.340309999999999890e-01 3.170629999999999837e-01
3.148179999999999836e+02 2.340210000000000068e-01 3.170680000000000165e-01
3.149180000000000064e+02 2.340099999999999958e-01 3.170729999999999937e-01
3.150179999999999723e+02 2.339990000000000125e-01 3.170780000000000265e-01
3.151179999999999950e+02 2.339890000000000025e-01 3.170839999999999770e-01
3.152180000000000177e+02 2.339779999999999915e-01 3.170890000000000097e-01
3.153179999999999836e+02 2.339670000000000083e-01 3.170939999999999870e-01
3.154180000000000064e+02 2.339569999999999983e-01 3.170999999999999930e-01
3.155179999999999723e+02 2.339469999999999883e-01 3.171050000000000257e-01
3.156179999999999950e+02 2.339360000000000051e-01 3.171100000000000030e-01
3.157180000000000177e+02 2.339249999999999940e-01 3.171160000000000090e-01
3.158179999999999836e+02 2.339150000000000118e-01 3.171209999999999862e-01
3.159180000000000064e+02 2.339040000000000008e-01 3.171260000000000190e-01
3.160179999999999723e+02 2.338929999999999898e-01 3.171320000000000250e-01
3.161179999999999950e+02 2.338830000000000076e-01 3.171370000000000022e-01
3.162180000000000177e+02 2.338719999999999966e-01 3.171419999999999795e-01
3.163179999999999836e+02 2.338610000000000133e-01 3.171479999999999855e-01
3.164180000000000064e+02 2.338510000000000033e-01 3.171530000000000182e-01
3.165179999999999723e+02 2.338399999999999923e-01 3.171579999999999955e-01
3.166179999999999950e+02 2.338290000000000091e-01 3.171640000000000015e-01
3.167180000000000177e+02 2.338189999999999991e-01 3.171689999999999787e-01
3.168179999999999836e+02 2.338079999999999881e-01 3.171740000000000115e-01
3.169180000000000064e+02 2.337970000000000048e-01 3.171800000000000175e-01
3.170179999999999723e+02 2.337869999999999948e-01 3.171849999999999947e-01
3.171179999999999950e+02 2.337760000000000116e-01 3.171910000000000007e-01
3.172180000000000177e+02 2.337650000000000006e-01 3.171959999999999780e-01
3.173179999999999836e+02 2.337549999999999906e-01 3.172010000000000107e-01
3.174180000000000064e+02 2.337440000000000073e-01 3.172070000000000167e-01
3.175179999999999723e+02 2.337329999999999963e-01 3.172119999999999940e-01
3.176179999999999950e+02 2.337229999999999863e-01 3.172170000000000267e-01
3.177180000000000177e+02 2.337120000000000031e-01 3.172229999999999772e-01
3.178179999999999836e+02 2.337009999999999921e-01 3.172280000000000100e-01
3.179180000000000064e+02 2.336910000000000098e-01 3.172329999999999872e-01
3.180179999999999723e+02 2.336799999999999988e-01 3.172389999999999932e-01
3.181179999999999950e+02 2.336689999999999878e-01 3.172440000000000260e-01
3.182180000000000177e+02 2.336590000000000056e-01 3.172490000000000032e-01
3.183179999999999836e+02 2.336479999999999946e-01 3.172550000000000092e-01
3.184180000000000064e+02 2.336370000000000113e-01 3.172599999999999865e-01
3.184180000000000064e+02 2.336370000000000113e-01 3.172599999999999865e-01
3.184279999999999973e+02 2.336360000000000103e-01 3.172610000000000152e-01
3.184479999999999791e+02 2.336340000000000083e-01 3.172619999999999885e-01
3.184879999999999995e+02 2.336290000000000033e-01 3.172639999999999905e-01
3.185679999999999836e+02 2.336209999999999953e-01 3.172679999999999945e-01
3.186680000000000064e+02 2.336100000000000121e-01 3.172730000000000272e-01
3.187679999999999723e+02 2.335990000000000011e-01 3.172789999999999777e-01
3.188679999999999950e+02 2.335889999999999911e-01 3.172840000000000105e-01
3.189680000000000177e+02 2.335780000000000078e-01 3.172900000000000165e-01
3.190679999999999836e+02 2.335669999999999968e-01 3.172949999999999937e-01
3.191680000000000064e+02 2.335569999999999868e-01 3.173000000000000265e-01
3.192679999999999723e+02 2.335460000000000036e-01 3.173059999999999770e-01
3.193679999999999950e+02 2.335349999999999926e-01 3.173110000000000097e-01
3.194680000000000177e+02 2.335240000000000093e-01 3.173170000000000157e-01
3.195679999999999836e+02 2.335139999999999993e-01 3.173219999999999930e-01
3.196680000000000064e+02 2.335029999999999883e-01 3.173270000000000257e-01
3.197679999999999723e+02 2.334920000000000051e-01 3.173329999999999762e-01
3.198679999999999950e+02 2.334809999999999941e-01 3.173380000000000090e-01
3.199680000000000177e+02 2.334700000000000109e-01 3.173440000000000150e-01
3.200679999999999836e+02 2.334600000000000009e-01 3.173489999999999922e-01
3.201680000000000064e+02 2.334489999999999899e-01 3.173540000000000250e-01
3.202679999999999723e+02 2.334380000000000066e-01 3.173599999999999755e-01
3.203679999999999950e+02 2.334269999999999956e-01 3.173650000000000082e-01
3.204680000000000177e+02 2.334170000000000134e-01 3.173699999999999855e-01
3.205679999999999836e+02 2.334060000000000024e-01 3.173759999999999915e-01
3.206680000000000064e+02 2.333949999999999914e-01 3.173810000000000242e-01
3.207679999999999723e+02 2.333840000000000081e-01 3.173869999999999747e-01
3.208679999999999950e+02 2.333729999999999971e-01 3.173920000000000075e-01
3.209680000000000177e+02 2.333629999999999871e-01 3.173969999999999847e-01
3.210679999999999836e+02 2.333520000000000039e-01 3.174029999999999907e-01
3.211680000000000064e+02 2.333409999999999929e-01 3.174080000000000235e-01
3.212679999999999723e+02 2.333300000000000096e-01 3.174139999999999739e-01
3.213679999999999950e+02 2.333199999999999996e-01 3.174190000000000067e-01
3.214680000000000177e+02 2.333089999999999886e-01 3.174239999999999839e-01
3.215679999999999836e+02 2.332980000000000054e-01 3.174299999999999899e-01
3.216680000000000064e+02 2.332869999999999944e-01 3.174350000000000227e-01
3.217679999999999723e+02 2.332760000000000111e-01 3.174409999999999732e-01
3.218679999999999950e+02 2.332650000000000001e-01 3.174460000000000059e-01
3.219680000000000177e+02 2.332549999999999901e-01 3.174509999999999832e-01
3.220679999999999836e+02 2.332440000000000069e-01 3.174569999999999892e-01
3.221680000000000064e+02 2.332329999999999959e-01 3.174620000000000219e-01
3.222679999999999723e+02 2.332220000000000126e-01 3.174679999999999724e-01
3.223679999999999950e+02 2.332110000000000016e-01 3.174730000000000052e-01
3.224680000000000177e+02 2.331999999999999906e-01 3.174779999999999824e-01
3.225679999999999836e+02 2.331900000000000084e-01 3.174839999999999884e-01
3.226680000000000064e+02 2.331789999999999974e-01 3.174890000000000212e-01
3.227679999999999723e+02 2.331679999999999864e-01 3.174950000000000272e-01
3.228679999999999950e+02 2.331570000000000031e-01 3.175000000000000044e-01
3.229680000000000177e+02 2.331459999999999921e-01 3.175060000000000104e-01
3.230679999999999836e+02 2.331350000000000089e-01 3.175109999999999877e-01
3.231680000000000064e+02 2.331249999999999989e-01 3.175160000000000204e-01
3.232679999999999723e+02 2.331129999999999869e-01 3.175220000000000264e-01
3.233679999999999950e+02 2.331030000000000046e-01 3.175270000000000037e-01
3.234680000000000177e+02 2.330919999999999936e-01 3.175330000000000097e-01
3.235679999999999836e+02 2.330810000000000104e-01 3.175379999999999869e-01
3.236680000000000064e+02 2.330699999999999994e-01 3.175439999999999929e-01
3.237679999999999723e+02 2.330589999999999884e-01 3.175490000000000257e-01
3.238679999999999950e+02 2.330480000000000051e-01 3.175540000000000029e-01
3.239680000000000177e+02 2.330379999999999951e-01 3.175600000000000089e-01
3.240679999999999836e+02 2.330270000000000119e-01 3.175649999999999862e-01
3.241680000000000064e+02 2.330160000000000009e-01 3.175709999999999922e-01
3.242679999999999723e+02 2.330049999999999899e-01 3.175760000000000249e-01
3.243679999999999950e+02 2.329940000000000067e-01 3.175810000000000022e-01
3.244680000000000177e+02 2.329829999999999957e-01 3.175870000000000082e-01
3.245679999999999836e+02 2.329720000000000124e-01 3.175919999999999854e-01
3.246680000000000064e+02 2.329610000000000014e-01 3.175979999999999914e-01
3.247679999999999723e+02 2.329499999999999904e-01 3.176030000000000242e-01
3.248679999999999950e+02 2.329400000000000082e-01 3.176089999999999747e-01
3.249680000000000177e+02 2.329289999999999972e-01 3.176140000000000074e-01
3.250679999999999836e+02 2.329179999999999862e-01 3.176200000000000134e-01
3.251680000000000064e+02 2.329070000000000029e-01 3.176249999999999907e-01
3.252679999999999723e+02 2.328959999999999919e-01 3.176300000000000234e-01
3.253679999999999950e+02 2.328850000000000087e-01 3.176359999999999739e-01
3.254680000000000177e+02 2.328739999999999977e-01 3.176410000000000067e-01
3.255679999999999836e+02 2.328629999999999867e-01 3.176470000000000127e-01
3.256680000000000064e+02 2.328520000000000034e-01 3.176519999999999899e-01
3.257679999999999723e+02 2.328409999999999924e-01 3.176579999999999959e-01
3.258679999999999950e+02 2.328300000000000092e-01 3.176629999999999732e-01
3.259680000000000177e+02 2.328189999999999982e-01 3.176689999999999792e-01
3.260679999999999836e+02 2.328079999999999872e-01 3.176740000000000119e-01
3.261680000000000064e+02 2.327980000000000049e-01 3.176789999999999892e-01
3.262679999999999723e+02 2.327859999999999929e-01 3.176849999999999952e-01
3.263679999999999950e+02 2.327760000000000107e-01 3.176899999999999724e-01
3.264680000000000177e+02 2.327649999999999997e-01 3.176959999999999784e-01
3.265679999999999836e+02 2.327539999999999887e-01 3.177010000000000112e-01
3.266680000000000064e+02 2.327430000000000054e-01 3.177070000000000172e-01
3.267679999999999723e+02 2.327319999999999944e-01 3.177119999999999944e-01
3.268679999999999950e+02 2.327210000000000112e-01 3.177180000000000004e-01
3.269680000000000177e+02 2.327100000000000002e-01 3.177229999999999777e-01
3.270679999999999836e+02 2.326989999999999892e-01 3.177280000000000104e-01
3.271680000000000064e+02 2.326880000000000059e-01 3.177340000000000164e-01
3.272679999999999723e+02 2.326769999999999949e-01 3.177389999999999937e-01
3.273679999999999950e+02 2.326660000000000117e-01 3.177449999999999997e-01
3.274680000000000177e+02 2.326550000000000007e-01 3.177499999999999769e-01
3.275679999999999836e+02 2.326439999999999897e-01 3.177559999999999829e-01
3.276680000000000064e+02 2.326330000000000064e-01 3.177610000000000157e-01
3.277679999999999723e+02 2.326219999999999954e-01 3.177670000000000217e-01
3.278679999999999950e+02 2.326110000000000122e-01 3.177719999999999989e-01
3.279680000000000177e+02 2.326000000000000012e-01 3.177780000000000049e-01
3.280679999999999836e+02 2.325889999999999902e-01 3.177829999999999822e-01
3.281680000000000064e+02 2.325780000000000070e-01 3.177880000000000149e-01
3.282679999999999723e+02 2.325669999999999960e-01 3.177940000000000209e-01
3.283679999999999950e+02 2.325560000000000127e-01 3.177989999999999982e-01
3.284680000000000177e+02 2.325450000000000017e-01 3.178050000000000042e-01
3.285679999999999836e+02 2.325339999999999907e-01 3.178099999999999814e-01
3.286680000000000064e+02 2.325230000000000075e-01 3.178159999999999874e-01
3.287679999999999723e+02 2.325119999999999965e-01 3.178210000000000202e-01
3.288679999999999950e+02 2.325010000000000132e-01 3.178270000000000262e-01
3.289680000000000177e+02 2.324900000000000022e-01 3.178320000000000034e-01
3.290679999999999836e+02 2.324789999999999912e-01 3.178380000000000094e-01
3.291680000000000064e+02 2.324680000000000080e-01 3.178429999999999866e-01
3.292679999999999723e+02 2.324569999999999970e-01 3.178489999999999926e-01
3.293679999999999950e+02 2.324460000000000137e-01 3.178540000000000254e-01
3.294680000000000177e+02 2.324350000000000027e-01 3.178590000000000027e-01
3.295679999999999836e+02 2.324239999999999917e-01 3.178650000000000087e-01
3.296680000000000064e+02 2.324130000000000085e-01 3.178699999999999859e-01
3.297679999999999723e+02 2.324019999999999975e-01 3.178759999999999919e-01
3.298679999999999950e+02 2.323909999999999865e-01 3.178810000000000247e-01
3.299680000000000177e+02 2.323800000000000032e-01 3.178869999999999751e-01
3.300679999999999836e+02 2.323689999999999922e-01 3.178920000000000079e-01
3.301680000000000064e+02 2.323580000000000090e-01 3.178980000000000139e-01
3.302679999999999723e+02 2.323469999999999980e-01 3.179029999999999911e-01
3.303679999999999950e+02 2.323359999999999870e-01 3.179089999999999971e-01
3.304680000000000177e+02 2.323250000000000037e-01 3.179139999999999744e-01
3.305679999999999836e+02 2.323139999999999927e-01 3.179199999999999804e-01
3.306680000000000064e+02 2.323030000000000095e-01 3.179250000000000131e-01
3.307679999999999723e+02 2.322909999999999975e-01 3.179310000000000191e-01
3.308679999999999950e+02 2.322809999999999875e-01 3.179359999999999964e-01
3.309680000000000177e+02 2.322700000000000042e-01 3.179420000000000024e-01
3.310679999999999836e+02 2.322579999999999922e-01 3.179469999999999796e-01
3.311680000000000064e+02 2.322470000000000090e-01 3.179520000000000124e-01
3.312679999999999723e+02 2.322369999999999990e-01 3.179580000000000184e-01
3.313679999999999950e+02 2.322249999999999870e-01 3.179629999999999956e-01
3.314680000000000177e+02 2.322140000000000037e-01 3.179690000000000016e-01
3.315679999999999836e+02 2.322029999999999927e-01 3.179739999999999789e-01
3.316680000000000064e+02 2.321920000000000095e-01 3.179799999999999849e-01
3.317679999999999723e+02 2.321809999999999985e-01 3.179850000000000176e-01
3.318679999999999950e+02 2.321699999999999875e-01 3.179910000000000236e-01
3.319680000000000177e+02 2.321590000000000042e-01 3.179960000000000009e-01
3.320679999999999836e+02 2.321479999999999932e-01 3.180020000000000069e-01
3.321680000000000064e+02 2.321370000000000100e-01 3.180069999999999841e-01
3.322679999999999723e+02 2.321249999999999980e-01 3.180129999999999901e-01
3.323679999999999950e+02 2.321149999999999880e-01 3.180180000000000229e-01
3.324680000000000177e+02 2.321040000000000048e-01 3.180239999999999734e-01
3.325679999999999836e+02 2.320919999999999928e-01 3.180290000000000061e-01
3.326680000000000064e+02 2.320810000000000095e-01 3.180350000000000121e-01
3.327679999999999723e+02 2.320699999999999985e-01 3.180399999999999894e-01
3.328679999999999950e+02 2.320589999999999875e-01 3.180450000000000221e-01
3.329680000000000177e+02 2.320480000000000043e-01 3.180509999999999726e-01
3.330679999999999836e+02 2.320369999999999933e-01 3.180569999999999786e-01
3.331680000000000064e+02 2.320260000000000100e-01 3.180620000000000114e-01
3.332679999999999723e+02 2.320149999999999990e-01 3.180669999999999886e-01
3.333679999999999950e+02 2.320029999999999870e-01 3.180729999999999946e-01
3.334680000000000177e+02 2.319920000000000038e-01 3.180780000000000274e-01
3.335679999999999836e+02 2.319809999999999928e-01 3.180839999999999779e-01
3.336680000000000064e+02 2.319700000000000095e-01 3.180890000000000106e-01
3.337679999999999723e+02 2.319589999999999985e-01 3.180950000000000166e-01
3.338679999999999950e+02 2.319479999999999875e-01 3.180999999999999939e-01
3.339680000000000177e+02 2.319360000000000033e-01 3.181059999999999999e-01
3.340679999999999836e+02 2.319249999999999923e-01 3.181109999999999771e-01
3.341680000000000064e+02 2.319140000000000090e-01 3.181169999999999831e-01
3.342679999999999723e+02 2.319029999999999980e-01 3.181220000000000159e-01
3.343679999999999950e+02 2.318919999999999870e-01 3.181280000000000219e-01
3.344680000000000177e+02 2.318810000000000038e-01 3.181329999999999991e-01
3.345679999999999836e+02 2.318689999999999918e-01 3.181390000000000051e-01
3.346680000000000064e+02 2.318580000000000085e-01 3.181439999999999824e-01
3.347679999999999723e+02 2.318469999999999975e-01 3.181499999999999884e-01
3.348679999999999950e+02 2.318359999999999865e-01 3.181550000000000211e-01
3.349680000000000177e+02 2.318250000000000033e-01 3.181610000000000271e-01
3.350679999999999836e+02 2.318129999999999913e-01 3.181660000000000044e-01
3.351680000000000064e+02 2.318020000000000080e-01 3.181720000000000104e-01
3.352679999999999723e+02 2.317909999999999970e-01 3.181769999999999876e-01
3.353679999999999950e+02 2.317800000000000138e-01 3.181829999999999936e-01
3.354680000000000177e+02 2.317680000000000018e-01 3.181880000000000264e-01
3.355679999999999836e+02 2.317579999999999918e-01 3.181930000000000036e-01
3.356680000000000064e+02 2.317460000000000075e-01 3.181990000000000096e-01
3.357679999999999723e+02 2.317349999999999965e-01 3.182050000000000156e-01
3.358679999999999950e+02 2.317240000000000133e-01 3.182099999999999929e-01
3.359680000000000177e+02 2.317120000000000013e-01 3.182150000000000256e-01
3.360679999999999836e+02 2.317009999999999903e-01 3.182209999999999761e-01
3.361680000000000064e+02 2.316900000000000071e-01 3.182260000000000089e-01
3.362679999999999723e+02 2.316789999999999961e-01 3.182320000000000149e-01
3.363679999999999950e+02 2.316670000000000118e-01 3.182369999999999921e-01
3.364680000000000177e+02 2.316570000000000018e-01 3.182429999999999981e-01
3.365679999999999836e+02 2.316449999999999898e-01 3.182479999999999754e-01
3.366680000000000064e+02 2.316340000000000066e-01 3.182539999999999814e-01
3.367679999999999723e+02 2.316229999999999956e-01 3.182590000000000141e-01
3.368679999999999950e+02 2.316110000000000113e-01 3.182650000000000201e-01
3.369680000000000177e+02 2.316000000000000003e-01 3.182699999999999974e-01
3.370679999999999836e+02 2.315889999999999893e-01 3.182760000000000034e-01
3.371680000000000064e+02 2.315780000000000061e-01 3.182809999999999806e-01
3.372679999999999723e+02 2.315659999999999941e-01 3.182869999999999866e-01
3.373679999999999950e+02 2.315550000000000108e-01 3.182920000000000194e-01
3.374680000000000177e+02 2.315439999999999998e-01 3.182980000000000254e-01
3.375679999999999836e+02 2.315329999999999888e-01 3.183030000000000026e-01
3.376680000000000064e+02 2.315220000000000056e-01 3.183090000000000086e-01
3.377679999999999723e+02 2.315099999999999936e-01 3.183139999999999858e-01
3.378679999999999950e+02 2.314990000000000103e-01 3.183199999999999918e-01
3.379680000000000177e+02 2.314879999999999993e-01 3.183250000000000246e-01
3.380679999999999836e+02 2.314759999999999873e-01 3.183309999999999751e-01
3.380679999999999836e+02 2.314759999999999873e-01 3.183309999999999751e-01
3.380779999999999745e+02 2.314749999999999863e-01 3.183309999999999751e-01
3.380980000000000132e+02 2.314730000000000121e-01 3.183320000000000038e-01
3.381379999999999768e+02 2.314690000000000081e-01 3.183340000000000058e-01
3.382180000000000177e+02 2.314599999999999991e-01 3.183389999999999831e-01
3.383179999999999836e+02 2.314479999999999871e-01 3.183440000000000158e-01
3.384180000000000064e+02 2.314370000000000038e-01 3.183500000000000218e-01
3.385179999999999723e+02 2.314259999999999928e-01 3.183549999999999991e-01
3.386179999999999950e+02 2.314140000000000086e-01 3.183610000000000051e-01
3.387180000000000177e+02 2.314029999999999976e-01 3.183659999999999823e-01
3.388179999999999836e+02 2.313919999999999866e-01 3.183719999999999883e-01
3.389180000000000064e+02 2.313800000000000023e-01 3.183770000000000211e-01
3.390179999999999723e+02 2.313699999999999923e-01 3.183830000000000271e-01
3.391179999999999950e+02 2.313580000000000081e-01 3.183880000000000043e-01
3.392180000000000177e+02 2.313469999999999971e-01 3.183940000000000103e-01
3.393179999999999836e+02 2.313360000000000138e-01 3.183989999999999876e-01
3.394180000000000064e+02 2.313240000000000018e-01 3.184049999999999936e-01
3.395179999999999723e+02 2.313129999999999908e-01 3.184100000000000263e-01
3.396179999999999950e+02 2.313020000000000076e-01 3.184150000000000036e-01
3.397180000000000177e+02 2.312909999999999966e-01 3.184210000000000096e-01
3.398179999999999836e+02 2.312790000000000123e-01 3.184270000000000156e-01
3.399180000000000064e+02 2.312680000000000013e-01 3.184319999999999928e-01
3.400179999999999723e+02 2.312569999999999903e-01 3.184370000000000256e-01
3.401179999999999950e+02 2.312450000000000061e-01 3.184429999999999761e-01
3.402180000000000177e+02 2.312339999999999951e-01 3.184480000000000088e-01
3.403179999999999836e+02 2.312230000000000119e-01 3.184540000000000148e-01
3.404180000000000064e+02 2.312109999999999999e-01 3.184589999999999921e-01
3.405179999999999723e+02 2.311999999999999889e-01 3.184649999999999981e-01
3.406179999999999950e+02 2.311890000000000056e-01 3.184699999999999753e-01
3.407180000000000177e+02 2.311769999999999936e-01 3.184759999999999813e-01
3.408179999999999836e+02 2.311670000000000114e-01 3.184810000000000141e-01
3.409180000000000064e+02 2.311549999999999994e-01 3.184870000000000201e-01
3.410179999999999723e+02 2.311439999999999884e-01 3.184919999999999973e-01
3.411179999999999950e+02 2.311330000000000051e-01 3.184969999999999746e-01
3.412180000000000177e+02 2.311209999999999931e-01 3.185029999999999806e-01
3.413179999999999836e+02 2.311100000000000099e-01 3.185089999999999866e-01
3.414180000000000064e+02 2.310989999999999989e-01 3.185140000000000193e-01
3.415179999999999723e+02 2.310869999999999869e-01 3.185200000000000253e-01
3.416179999999999950e+02 2.310760000000000036e-01 3.185250000000000026e-01
3.417180000000000177e+02 2.310649999999999926e-01 3.185299999999999798e-01
3.418179999999999836e+02 2.310530000000000084e-01 3.185359999999999858e-01
3.419180000000000064e+02 2.310419999999999974e-01 3.185419999999999918e-01
3.420179999999999723e+02 2.310309999999999864e-01 3.185470000000000246e-01
3.421179999999999950e+02 2.310190000000000021e-01 3.185520000000000018e-01
3.422180000000000177e+02 2.310079999999999911e-01 3.185580000000000078e-01
3.423179999999999836e+02 2.309970000000000079e-01 3.185629999999999851e-01
3.424180000000000064e+02 2.309849999999999959e-01 3.185689999999999911e-01
3.425179999999999723e+02 2.309740000000000126e-01 3.185740000000000238e-01
3.426179999999999950e+02 2.309630000000000016e-01 3.185799999999999743e-01
3.427180000000000177e+02 2.309509999999999896e-01 3.185850000000000071e-01
3.428179999999999836e+02 2.309400000000000064e-01 3.185910000000000131e-01
3.429180000000000064e+02 2.309289999999999954e-01 3.185959999999999903e-01
3.430179999999999723e+02 2.309170000000000111e-01 3.186019999999999963e-01
3.431179999999999950e+02 2.309060000000000001e-01 3.186069999999999736e-01
3.432180000000000177e+02 2.308949999999999891e-01 3.186120000000000063e-01
3.433179999999999836e+02 2.308830000000000049e-01 3.186180000000000123e-01
3.434180000000000064e+02 2.308719999999999939e-01 3.186240000000000183e-01
3.435179999999999723e+02 2.308610000000000106e-01 3.186289999999999956e-01
3.436179999999999950e+02 2.308489999999999986e-01 3.186339999999999728e-01
3.437180000000000177e+02 2.308379999999999876e-01 3.186399999999999788e-01
3.438179999999999836e+02 2.308270000000000044e-01 3.186450000000000116e-01
3.439180000000000064e+02 2.308149999999999924e-01 3.186510000000000176e-01
3.440179999999999723e+02 2.308040000000000092e-01 3.186559999999999948e-01
3.441179999999999950e+02 2.307929999999999982e-01 3.186620000000000008e-01
3.442180000000000177e+02 2.307809999999999861e-01 3.186669999999999781e-01
3.443179999999999836e+02 2.307700000000000029e-01 3.186729999999999841e-01
3.444180000000000064e+02 2.307589999999999919e-01 3.186780000000000168e-01
3.445179999999999723e+02 2.307470000000000077e-01 3.186840000000000228e-01
3.446179999999999950e+02 2.307359999999999967e-01 3.186890000000000001e-01
3.447180000000000177e+02 2.307250000000000134e-01 3.186939999999999773e-01
3.448179999999999836e+02 2.307130000000000014e-01 3.186999999999999833e-01
3.449180000000000064e+02 2.307019999999999904e-01 3.187059999999999893e-01
3.450179999999999723e+02 2.306910000000000072e-01 3.187110000000000221e-01
3.451179999999999950e+02 2.306789999999999952e-01 3.187159999999999993e-01
3.452180000000000177e+02 2.306680000000000119e-01 3.187220000000000053e-01
3.453179999999999836e+02 2.306570000000000009e-01 3.187269999999999825e-01
3.454180000000000064e+02 2.306449999999999889e-01 3.187329999999999885e-01
3.455179999999999723e+02 2.306340000000000057e-01 3.187380000000000213e-01
3.456179999999999950e+02 2.306229999999999947e-01 3.187429999999999986e-01
3.457180000000000177e+02 2.306110000000000104e-01 3.187490000000000046e-01
3.458179999999999836e+02 2.305999999999999994e-01 3.187550000000000106e-01
3.459180000000000064e+02 2.305879999999999874e-01 3.187599999999999878e-01
3.460179999999999723e+02 2.305770000000000042e-01 3.187650000000000206e-01
3.461179999999999950e+02 2.305649999999999922e-01 3.187710000000000266e-01
3.462180000000000177e+02 2.305540000000000089e-01 3.187760000000000038e-01
3.463179999999999836e+02 2.305429999999999979e-01 3.187820000000000098e-01
3.464180000000000064e+02 2.305310000000000137e-01 3.187869999999999870e-01
3.465179999999999723e+02 2.305200000000000027e-01 3.187920000000000198e-01
3.466179999999999950e+02 2.305089999999999917e-01 3.187980000000000258e-01
3.467180000000000177e+02 2.304970000000000074e-01 3.188039999999999763e-01
3.468179999999999836e+02 2.304859999999999964e-01 3.188090000000000090e-01
3.469180000000000064e+02 2.304750000000000132e-01 3.188139999999999863e-01
3.470179999999999723e+02 2.304630000000000012e-01 3.188199999999999923e-01
3.471179999999999950e+02 2.304519999999999902e-01 3.188250000000000250e-01
3.472180000000000177e+02 2.304400000000000059e-01 3.188309999999999755e-01
3.473179999999999836e+02 2.304289999999999949e-01 3.188360000000000083e-01
3.474180000000000064e+02 2.304180000000000117e-01 3.188409999999999855e-01
3.475179999999999723e+02 2.304059999999999997e-01 3.188469999999999915e-01
3.476179999999999950e+02 2.303949999999999887e-01 3.188529999999999975e-01
3.477180000000000177e+02 2.303840000000000054e-01 3.188579999999999748e-01
3.478179999999999836e+02 2.303719999999999934e-01 3.188630000000000075e-01
3.479180000000000064e+02 2.303610000000000102e-01 3.188690000000000135e-01
3.480179999999999723e+02 2.303499999999999992e-01 3.188739999999999908e-01
3.481179999999999950e+02 2.303379999999999872e-01 3.188799999999999968e-01
3.482180000000000177e+02 2.303260000000000030e-01 3.188849999999999740e-01
3.483179999999999836e+02 2.303149999999999920e-01 3.188900000000000068e-01
3.484180000000000064e+02 2.303040000000000087e-01 3.188960000000000128e-01
3.485179999999999723e+02 2.302919999999999967e-01 3.189020000000000188e-01
3.486179999999999950e+02 2.302810000000000135e-01 3.189069999999999960e-01
3.487180000000000177e+02 2.302700000000000025e-01 3.189119999999999733e-01
3.488179999999999836e+02 2.302579999999999905e-01 3.189179999999999793e-01
3.489180000000000064e+02 2.302470000000000072e-01 3.189230000000000120e-01
3.490179999999999723e+02 2.302349999999999952e-01 3.189290000000000180e-01
3.491179999999999950e+02 2.302240000000000120e-01 3.189339999999999953e-01
3.492180000000000177e+02 2.302130000000000010e-01 3.189389999999999725e-01
3.493179999999999836e+02 2.302009999999999890e-01 3.189449999999999785e-01
3.494180000000000064e+02 2.301900000000000057e-01 3.189509999999999845e-01
3.495179999999999723e+02 2.301789999999999947e-01 3.189560000000000173e-01
3.496179999999999950e+02 2.301670000000000105e-01 3.189609999999999945e-01
3.497180000000000177e+02 2.301549999999999985e-01 3.189670000000000005e-01
3.498179999999999836e+02 2.301439999999999875e-01 3.189719999999999778e-01
3.499180000000000064e+02 2.301330000000000042e-01 3.189779999999999838e-01
3.500179999999999723e+02 2.301209999999999922e-01 3.189830000000000165e-01
3.501179999999999950e+02 2.301100000000000090e-01 3.189879999999999938e-01
3.502180000000000177e+02 2.300989999999999980e-01 3.189939999999999998e-01
3.503179999999999836e+02 2.300870000000000137e-01 3.189989999999999770e-01
3.504180000000000064e+02 2.300760000000000027e-01 3.190040000000000098e-01
3.505179999999999723e+02 2.300639999999999907e-01 3.190100000000000158e-01
3.506179999999999950e+02 2.300530000000000075e-01 3.190160000000000218e-01
3.507180000000000177e+02 2.300419999999999965e-01 3.190209999999999990e-01
3.508179999999999836e+02 2.300300000000000122e-01 3.190259999999999763e-01
3.509180000000000064e+02 2.300190000000000012e-01 3.190319999999999823e-01
3.510179999999999723e+02 2.300069999999999892e-01 3.190370000000000150e-01
3.511179999999999950e+02 2.299960000000000060e-01 3.190430000000000210e-01
3.512180000000000177e+02 2.299839999999999940e-01 3.190479999999999983e-01
3.513179999999999836e+02 2.299730000000000107e-01 3.190529999999999755e-01
3.514180000000000064e+02 2.299619999999999997e-01 3.190589999999999815e-01
3.515179999999999723e+02 2.299499999999999877e-01 3.190640000000000143e-01
3.516179999999999950e+02 2.299390000000000045e-01 3.190689999999999915e-01
3.517180000000000177e+02 2.299269999999999925e-01 3.190749999999999975e-01
3.518179999999999836e+02 2.299160000000000093e-01 3.190810000000000035e-01
3.519180000000000064e+02 2.299049999999999983e-01 3.190859999999999808e-01
3.520179999999999723e+02 2.298929999999999862e-01 3.190910000000000135e-01
3.521179999999999950e+02 2.298810000000000020e-01 3.190970000000000195e-01
3.522180000000000177e+02 2.298699999999999910e-01 3.191019999999999968e-01
3.523179999999999836e+02 2.298590000000000078e-01 3.191069999999999740e-01
3.524180000000000064e+02 2.298469999999999958e-01 3.191129999999999800e-01
3.525179999999999723e+02 2.298360000000000125e-01 3.191180000000000128e-01
3.526179999999999950e+02 2.298240000000000005e-01 3.191240000000000188e-01
3.527180000000000177e+02 2.298129999999999895e-01 3.191289999999999960e-01
3.528179999999999836e+02 2.298020000000000063e-01 3.191339999999999733e-01
3.529180000000000064e+02 2.297899999999999943e-01 3.191399999999999793e-01
3.530179999999999723e+02 2.297790000000000110e-01 3.191450000000000120e-01
3.531179999999999950e+02 2.297669999999999990e-01 3.191499999999999893e-01
3.532180000000000177e+02 2.297559999999999880e-01 3.191559999999999953e-01
3.533179999999999836e+02 2.297440000000000038e-01 3.191620000000000013e-01
3.534180000000000064e+02 2.297329999999999928e-01 3.191669999999999785e-01
3.535179999999999723e+02 2.297220000000000095e-01 3.191720000000000113e-01
3.536179999999999950e+02 2.297099999999999975e-01 3.191780000000000173e-01
3.537180000000000177e+02 2.296989999999999865e-01 3.191829999999999945e-01
3.538179999999999836e+02 2.296870000000000023e-01 3.191880000000000273e-01
3.539180000000000064e+02 2.296759999999999913e-01 3.191939999999999777e-01
3.540179999999999723e+02 2.296650000000000080e-01 3.191990000000000105e-01
3.541179999999999950e+02 2.296529999999999960e-01 3.192039999999999877e-01
3.542180000000000177e+02 2.296410000000000118e-01 3.192099999999999937e-01
3.543179999999999836e+02 2.296300000000000008e-01 3.192150000000000265e-01
3.544180000000000064e+02 2.296189999999999898e-01 3.192209999999999770e-01
3.545179999999999723e+02 2.296070000000000055e-01 3.192260000000000097e-01
3.546179999999999950e+02 2.295959999999999945e-01 3.192309999999999870e-01
3.547180000000000177e+02 2.295840000000000103e-01 3.192369999999999930e-01
3.548179999999999836e+02 2.295729999999999993e-01 3.192420000000000258e-01
3.549180000000000064e+02 2.295619999999999883e-01 3.192470000000000030e-01
3.550179999999999723e+02 2.295500000000000040e-01 3.192530000000000090e-01
3.551179999999999950e+02 2.295379999999999920e-01 3.192590000000000150e-01
3.552180000000000177e+02 2.295270000000000088e-01 3.192630000000000190e-01
3.553179999999999836e+02 2.295159999999999978e-01 3.192690000000000250e-01
3.554180000000000064e+02 2.295040000000000135e-01 3.192749999999999755e-01
3.555179999999999723e+02 2.294930000000000025e-01 3.192789999999999795e-01
3.556179999999999950e+02 2.294809999999999905e-01 3.192849999999999855e-01
3.557180000000000177e+02 2.294700000000000073e-01 3.192909999999999915e-01
3.558179999999999836e+02 2.294589999999999963e-01 3.192960000000000242e-01
3.559180000000000064e+02 2.294470000000000121e-01 3.193010000000000015e-01
3.560179999999999723e+02 2.294350000000000001e-01 3.193070000000000075e-01
3.561179999999999950e+02 2.294239999999999891e-01 3.193119999999999847e-01
3.562180000000000177e+02 2.294130000000000058e-01 3.193170000000000175e-01
3.563179999999999836e+02 2.294009999999999938e-01 3.193230000000000235e-01
3.564180000000000064e+02 2.293900000000000106e-01 3.193280000000000007e-01
3.565179999999999723e+02 2.293779999999999986e-01 3.193329999999999780e-01
3.566179999999999950e+02 2.293669999999999876e-01 3.193389999999999840e-01
3.567180000000000177e+02 2.293550000000000033e-01 3.193440000000000167e-01
3.568179999999999836e+02 2.293439999999999923e-01 3.193489999999999940e-01
3.569180000000000064e+02 2.293320000000000081e-01 3.193550000000000000e-01
3.570179999999999723e+02 2.293209999999999971e-01 3.193599999999999772e-01
3.571179999999999950e+02 2.293090000000000128e-01 3.193650000000000100e-01
3.572180000000000177e+02 2.292980000000000018e-01 3.193710000000000160e-01
3.573179999999999836e+02 2.292869999999999908e-01 3.193759999999999932e-01
3.574180000000000064e+02 2.292750000000000066e-01 3.193810000000000260e-01
3.575179999999999723e+02 2.292629999999999946e-01 3.193869999999999765e-01
3.576179999999999950e+02 2.292520000000000113e-01 3.193920000000000092e-01
3.577180000000000177e+02 2.292410000000000003e-01 3.193969999999999865e-01
3.577180000000000177e+02 2.292410000000000003e-01 3.193969999999999865e-01
3.577280000000000086e+02 2.292399999999999993e-01 3.193980000000000152e-01
3.577479999999999905e+02 2.292369999999999963e-01 3.193989999999999885e-01
3.577880000000000109e+02 2.292329999999999923e-01 3.194009999999999905e-01
3.578679999999999950e+02 2.292240000000000111e-01 3.194049999999999945e-01
3.579680000000000177e+02 2.292119999999999991e-01 3.194110000000000005e-01
3.580679999999999836e+02 2.292009999999999881e-01 3.194159999999999777e-01
3.581680000000000064e+02 2.291890000000000038e-01 3.194210000000000105e-01
3.582679999999999723e+02 2.291769999999999918e-01 3.194270000000000165e-01
3.583679999999999950e+02 2.291660000000000086e-01 3.194319999999999937e-01
3.584680000000000177e+02 2.291549999999999976e-01 3.194370000000000265e-01
3.585679999999999836e+02 2.291430000000000133e-01 3.194429999999999770e-01
3.586680000000000064e+02 2.291320000000000023e-01 3.194480000000000097e-01
3.587679999999999723e+02 2.291199999999999903e-01 3.194529999999999870e-01
3.588679999999999950e+02 2.291090000000000071e-01 3.194589999999999930e-01
3.589680000000000177e+02 2.290979999999999961e-01 3.194640000000000257e-01
3.590679999999999836e+02 2.290860000000000118e-01 3.194690000000000030e-01
3.591680000000000064e+02 2.290739999999999998e-01 3.194750000000000090e-01
3.592679999999999723e+02 2.290629999999999888e-01 3.194799999999999862e-01
3.593679999999999950e+02 2.290520000000000056e-01 3.194850000000000190e-01
3.594680000000000177e+02 2.290399999999999936e-01 3.194910000000000250e-01
3.595679999999999836e+02 2.290290000000000104e-01 3.194949999999999735e-01
3.596680000000000064e+02 2.290169999999999983e-01 3.195009999999999795e-01
3.597679999999999723e+02 2.290049999999999863e-01 3.195069999999999855e-01
3.598679999999999950e+02 2.289940000000000031e-01 3.195109999999999895e-01
3.599680000000000177e+02 2.289829999999999921e-01 3.195169999999999955e-01
3.600679999999999836e+02 2.289710000000000079e-01 3.195230000000000015e-01
3.601680000000000064e+02 2.289599999999999969e-01 3.195270000000000055e-01
3.602679999999999723e+02 2.289480000000000126e-01 3.195330000000000115e-01
3.603679999999999950e+02 2.289370000000000016e-01 3.195390000000000175e-01
3.604680000000000177e+02 2.289259999999999906e-01 3.195430000000000215e-01
3.605679999999999836e+02 2.289140000000000064e-01 3.195490000000000275e-01
3.606680000000000064e+02 2.289019999999999944e-01 3.195549999999999780e-01
3.607679999999999723e+02 2.288910000000000111e-01 3.195589999999999820e-01
3.608679999999999950e+02 2.288789999999999991e-01 3.195649999999999880e-01
3.609680000000000177e+02 2.288679999999999881e-01 3.195700000000000207e-01
3.610679999999999836e+02 2.288570000000000049e-01 3.195749999999999980e-01
3.611680000000000064e+02 2.288449999999999929e-01 3.195810000000000040e-01
3.612679999999999723e+02 2.288330000000000086e-01 3.195859999999999812e-01
3.613679999999999950e+02 2.288219999999999976e-01 3.195910000000000140e-01
3.614680000000000177e+02 2.288100000000000134e-01 3.195959999999999912e-01
3.615679999999999836e+02 2.287990000000000024e-01 3.196019999999999972e-01
3.616680000000000064e+02 2.287879999999999914e-01 3.196069999999999744e-01
3.617679999999999723e+02 2.287760000000000071e-01 3.196120000000000072e-01
3.618679999999999950e+02 2.287649999999999961e-01 3.196180000000000132e-01
3.619680000000000177e+02 2.287530000000000119e-01 3.196220000000000172e-01
3.620679999999999836e+02 2.287409999999999999e-01 3.196280000000000232e-01
3.621680000000000064e+02 2.287299999999999889e-01 3.196339999999999737e-01
3.622679999999999723e+02 2.287190000000000056e-01 3.196379999999999777e-01
3.623679999999999950e+02 2.287079999999999946e-01 3.196439999999999837e-01
3.624680000000000177e+02 2.286960000000000104e-01 3.196499999999999897e-01
3.625679999999999836e+02 2.286829999999999974e-01 3.196530000000000205e-01
3.626680000000000064e+02 2.286719999999999864e-01 3.196590000000000265e-01
3.627679999999999723e+02 2.286600000000000021e-01 3.196649999999999769e-01
3.628679999999999950e+02 2.286509999999999931e-01 3.196700000000000097e-01
3.629680000000000177e+02 2.286400000000000099e-01 3.196760000000000157e-01
3.630679999999999836e+02 2.286279999999999979e-01 3.196820000000000217e-01
3.631680000000000064e+02 2.286110000000000086e-01 3.196840000000000237e-01
3.632679999999999723e+02 2.285999999999999976e-01 3.196899999999999742e-01
3.633679999999999950e+02 2.285880000000000134e-01 3.196950000000000069e-01
3.634680000000000177e+02 2.285860000000000114e-01 3.197039999999999882e-01
3.635679999999999836e+02 2.285739999999999994e-01 3.197099999999999942e-01
3.636680000000000064e+02 2.285619999999999874e-01 3.197160000000000002e-01
3.637679999999999723e+02 2.285300000000000109e-01 3.197220000000000062e-01
3.638679999999999950e+02 2.285179999999999989e-01 3.197289999999999854e-01
3.639680000000000177e+02 2.285069999999999879e-01 3.197349999999999914e-01
3.640679999999999836e+02 2.285139999999999949e-01 3.197429999999999994e-01
3.641680000000000064e+02 2.285020000000000107e-01 3.197479999999999767e-01
3.642679999999999723e+02 2.284909999999999997e-01 3.197539999999999827e-01
3.643679999999999950e+02 2.284700000000000064e-01 3.197530000000000094e-01
3.644680000000000177e+02 2.284579999999999944e-01 3.197590000000000154e-01
3.645679999999999836e+02 2.284460000000000102e-01 3.197659999999999947e-01
3.646680000000000064e+02 2.284430000000000072e-01 3.197740000000000027e-01
3.647679999999999723e+02 2.284319999999999962e-01 3.197809999999999819e-01
3.648679999999999950e+02 2.284200000000000119e-01 3.197880000000000167e-01
3.649680000000000177e+02 2.283920000000000117e-01 3.198079999999999812e-01
3.650679999999999836e+02 2.283799999999999997e-01 3.198150000000000159e-01
3.651680000000000064e+02 2.283689999999999887e-01 3.198210000000000219e-01
3.652679999999999723e+02 2.283719999999999917e-01 3.198079999999999812e-01
3.653679999999999950e+02 2.283610000000000084e-01 3.198139999999999872e-01
3.654680000000000177e+02 2.283489999999999964e-01 3.198199999999999932e-01
3.655679999999999836e+02 2.283310000000000062e-01 3.198349999999999804e-01
3.656680000000000064e+02 2.283189999999999942e-01 3.198420000000000152e-01
3.657679999999999723e+02 2.283070000000000099e-01 3.198480000000000212e-01
3.658679999999999950e+02 2.283080000000000109e-01 3.198550000000000004e-01
3.659680000000000177e+02 2.282969999999999999e-01 3.198619999999999797e-01
3.660679999999999836e+02 2.282849999999999879e-01 3.198679999999999857e-01
3.661680000000000064e+02 2.282730000000000037e-01 3.198770000000000224e-01
3.662679999999999723e+02 2.282619999999999927e-01 3.198840000000000017e-01
3.663679999999999950e+02 2.282500000000000084e-01 3.198909999999999809e-01
3.664680000000000177e+02 2.282379999999999964e-01 3.198989999999999889e-01
3.665679999999999836e+02 2.282260000000000122e-01 3.199060000000000237e-01
3.666680000000000064e+02 2.282150000000000012e-01 3.199119999999999742e-01
3.667679999999999723e+02 2.282019999999999882e-01 3.199210000000000109e-01
3.668679999999999950e+02 2.281900000000000039e-01 3.199279999999999902e-01
3.669680000000000177e+02 2.281789999999999929e-01 3.199350000000000249e-01
3.670679999999999836e+02 2.281579999999999997e-01 3.199480000000000102e-01
3.671680000000000064e+02 2.281469999999999887e-01 3.199549999999999894e-01
3.672679999999999723e+02 2.281350000000000044e-01 3.199620000000000242e-01
3.673679999999999950e+02 2.281370000000000064e-01 3.199509999999999854e-01
3.674680000000000177e+02 2.281259999999999954e-01 3.199580000000000202e-01
3.675679999999999836e+02 2.281150000000000122e-01 3.199640000000000262e-01
3.676680000000000064e+02 2.280969999999999942e-01 3.199790000000000134e-01
3.677679999999999723e+02 2.280850000000000100e-01 3.199859999999999927e-01
3.678679999999999950e+02 2.280739999999999990e-01 3.199919999999999987e-01
3.679680000000000177e+02 2.280699999999999950e-01 3.199989999999999779e-01
3.680679999999999836e+02 2.280580000000000107e-01 3.200049999999999839e-01
3.681680000000000064e+02 2.280459999999999987e-01 3.200120000000000187e-01
3.682679999999999723e+02 2.280349999999999877e-01 3.200189999999999979e-01
3.683679999999999950e+02 2.280240000000000045e-01 3.200259999999999772e-01
3.684680000000000177e+02 2.280119999999999925e-01 3.200330000000000119e-01
3.685679999999999836e+02 2.280010000000000092e-01 3.200399999999999912e-01
3.686680000000000064e+02 2.279899999999999982e-01 3.200470000000000259e-01
3.687679999999999723e+02 2.279779999999999862e-01 3.200529999999999764e-01
3.688679999999999950e+02 2.279670000000000030e-01 3.200600000000000112e-01
3.689680000000000177e+02 2.279559999999999920e-01 3.200669999999999904e-01
3.690679999999999836e+02 2.279440000000000077e-01 3.200740000000000252e-01
3.691680000000000064e+02 2.279329999999999967e-01 3.200810000000000044e-01
3.692679999999999723e+02 2.279220000000000135e-01 3.200870000000000104e-01
3.693679999999999950e+02 2.279100000000000015e-01 3.200939999999999896e-01
3.694680000000000177e+02 2.278989999999999905e-01 3.201010000000000244e-01
3.695679999999999836e+02 2.278870000000000062e-01 3.201080000000000036e-01
3.696680000000000064e+02 2.278759999999999952e-01 3.201140000000000096e-01
3.697679999999999723e+02 2.278650000000000120e-01 3.201209999999999889e-01
3.698679999999999950e+02 2.278530000000000000e-01 3.201280000000000237e-01
3.699680000000000177e+02 2.278419999999999890e-01 3.201350000000000029e-01
3.700679999999999836e+02 2.278310000000000057e-01 3.201419999999999821e-01
3.701680000000000064e+02 2.278189999999999937e-01 3.201479999999999881e-01
3.702679999999999723e+02 2.278080000000000105e-01 3.201550000000000229e-01
3.703679999999999950e+02 2.277969999999999995e-01 3.201620000000000021e-01
3.704680000000000177e+02 2.277849999999999875e-01 3.201689999999999814e-01
3.705679999999999836e+02 2.277730000000000032e-01 3.201749999999999874e-01
3.706680000000000064e+02 2.277629999999999932e-01 3.201820000000000221e-01
3.707679999999999723e+02 2.277510000000000090e-01 3.201890000000000014e-01
3.708679999999999950e+02 2.277389999999999970e-01 3.201959999999999806e-01
3.709680000000000177e+02 2.277280000000000137e-01 3.202030000000000154e-01
3.710679999999999836e+02 2.277170000000000027e-01 3.202090000000000214e-01
3.711680000000000064e+02 2.277049999999999907e-01 3.202160000000000006e-01
3.712679999999999723e+02 2.276940000000000075e-01 3.202229999999999799e-01
3.713679999999999950e+02 2.276829999999999965e-01 3.202300000000000146e-01
3.714680000000000177e+02 2.276710000000000123e-01 3.202369999999999939e-01
3.715679999999999836e+02 2.276600000000000013e-01 3.202429999999999999e-01
3.716680000000000064e+02 2.276479999999999893e-01 3.202499999999999791e-01
3.717679999999999723e+02 2.276370000000000060e-01 3.202570000000000139e-01
3.718679999999999950e+02 2.276249999999999940e-01 3.202639999999999931e-01
3.719680000000000177e+02 2.276140000000000108e-01 3.202699999999999991e-01
3.720679999999999836e+02 2.276019999999999988e-01 3.202769999999999784e-01
3.721680000000000064e+02 2.275899999999999868e-01 3.202840000000000131e-01
3.722679999999999723e+02 2.275790000000000035e-01 3.202909999999999924e-01
3.723679999999999950e+02 2.275679999999999925e-01 3.202969999999999984e-01
3.724680000000000177e+02 2.275550000000000073e-01 3.203039999999999776e-01
3.725679999999999836e+02 2.275439999999999963e-01 3.203110000000000124e-01
3.726680000000000064e+02 2.275330000000000130e-01 3.203179999999999916e-01
3.727679999999999723e+02 2.275210000000000010e-01 3.203239999999999976e-01
3.728679999999999950e+02 2.275089999999999890e-01 3.203309999999999769e-01
3.729680000000000177e+02 2.274980000000000058e-01 3.203380000000000116e-01
3.730679999999999836e+02 2.274859999999999938e-01 3.203440000000000176e-01
3.731680000000000064e+02 2.274750000000000105e-01 3.203509999999999969e-01
3.732679999999999723e+02 2.274629999999999985e-01 3.203579999999999761e-01
3.733679999999999950e+02 2.274509999999999865e-01 3.203650000000000109e-01
3.734680000000000177e+02 2.274400000000000033e-01 3.203710000000000169e-01
3.735679999999999836e+02 2.274289999999999923e-01 3.203779999999999961e-01
3.736680000000000064e+02 2.274170000000000080e-01 3.203849999999999754e-01
3.737679999999999723e+02 2.274049999999999960e-01 3.203909999999999814e-01
3.738679999999999950e+02 2.273940000000000128e-01 3.203980000000000161e-01
3.739680000000000177e+02 2.273820000000000008e-01 3.204049999999999954e-01
3.740679999999999836e+02 2.273709999999999898e-01 3.204110000000000014e-01
3.741680000000000064e+02 2.273590000000000055e-01 3.204179999999999806e-01
3.742679999999999723e+02 2.273469999999999935e-01 3.204250000000000154e-01
3.743679999999999950e+02 2.273360000000000103e-01 3.204310000000000214e-01
3.744680000000000177e+02 2.273249999999999993e-01 3.204380000000000006e-01
3.745679999999999836e+02 2.273119999999999863e-01 3.204449999999999799e-01
3.746680000000000064e+02 2.273010000000000030e-01 3.204509999999999859e-01
3.747679999999999723e+02 2.272899999999999920e-01 3.204580000000000206e-01
3.748679999999999950e+02 2.272780000000000078e-01 3.204640000000000266e-01
3.749680000000000177e+02 2.272659999999999958e-01 3.204710000000000059e-01
3.750679999999999836e+02 2.272550000000000125e-01 3.204779999999999851e-01
3.751680000000000064e+02 2.272430000000000005e-01 3.204839999999999911e-01
3.752679999999999723e+02 2.272319999999999895e-01 3.204910000000000259e-01
3.753679999999999950e+02 2.272200000000000053e-01 3.204980000000000051e-01
3.754680000000000177e+02 2.272079999999999933e-01 3.205040000000000111e-01
3.755679999999999836e+02 2.271970000000000101e-01 3.205109999999999904e-01
3.756680000000000064e+02 2.271849999999999981e-01 3.205180000000000251e-01
3.757679999999999723e+02 2.271730000000000138e-01 3.205239999999999756e-01
3.758679999999999950e+02 2.271620000000000028e-01 3.205299999999999816e-01
3.759680000000000177e+02 2.271509999999999918e-01 3.205370000000000164e-01
3.760679999999999836e+02 2.271380000000000066e-01 3.205430000000000224e-01
3.761680000000000064e+02 2.271269999999999956e-01 3.205500000000000016e-01
3.762679999999999723e+02 2.271160000000000123e-01 3.205569999999999808e-01
3.763679999999999950e+02 2.271040000000000003e-01 3.205629999999999868e-01
3.764680000000000177e+02 2.270919999999999883e-01 3.205700000000000216e-01
3.765679999999999836e+02 2.270810000000000051e-01 3.205760000000000276e-01
3.766680000000000064e+02 2.270689999999999931e-01 3.205819999999999781e-01
3.767679999999999723e+02 2.270570000000000088e-01 3.205890000000000128e-01
3.768679999999999950e+02 2.270459999999999978e-01 3.205959999999999921e-01
3.769680000000000177e+02 2.270340000000000136e-01 3.206019999999999981e-01
3.770679999999999836e+02 2.270220000000000016e-01 3.206080000000000041e-01
3.771680000000000064e+02 2.270109999999999906e-01 3.206149999999999833e-01
3.772679999999999723e+02 2.269990000000000063e-01 3.206209999999999893e-01
3.773679999999999950e+02 2.269879999999999953e-01 3.206269999999999953e-01
3.773679999999999950e+02 2.269879999999999953e-01 3.206269999999999953e-01
3.773779999999999859e+02 2.269859999999999933e-01 3.206280000000000241e-01
3.773980000000000246e+02 2.269839999999999913e-01 3.206300000000000261e-01
3.774379999999999882e+02 2.269789999999999863e-01 3.206319999999999726e-01
3.775179999999999723e+02 2.269700000000000051e-01 3.206370000000000053e-01
3.776179999999999950e+02 2.269589999999999941e-01 3.206439999999999846e-01
3.777180000000000177e+02 2.269460000000000088e-01 3.206490000000000173e-01
3.778179999999999836e+02 2.269349999999999978e-01 3.206559999999999966e-01
3.779180000000000064e+02 2.269230000000000136e-01 3.206620000000000026e-01
3.780179999999999723e+02 2.269120000000000026e-01 3.206689999999999818e-01
3.781179999999999950e+02 2.269009999999999916e-01 3.206760000000000166e-01
3.782180000000000177e+02 2.268900000000000083e-01 3.206829999999999958e-01
3.783179999999999836e+02 2.268719999999999903e-01 3.206809999999999938e-01
3.784180000000000064e+02 2.268610000000000071e-01 3.206879999999999731e-01
3.785179999999999723e+02 2.268499999999999961e-01 3.206950000000000078e-01
3.786179999999999950e+02 2.268419999999999881e-01 3.207180000000000031e-01
3.787180000000000177e+02 2.268300000000000038e-01 3.207249999999999823e-01
3.788179999999999836e+02 2.268189999999999928e-01 3.207309999999999883e-01
3.789180000000000064e+02 2.268149999999999888e-01 3.207430000000000003e-01
3.790179999999999723e+02 2.268040000000000056e-01 3.207499999999999796e-01
3.791179999999999950e+02 2.267929999999999946e-01 3.207570000000000143e-01
3.792180000000000177e+02 2.267840000000000134e-01 3.207709999999999728e-01
3.793179999999999836e+02 2.267720000000000014e-01 3.207780000000000076e-01
3.794180000000000064e+02 2.267609999999999904e-01 3.207849999999999868e-01
3.795179999999999723e+02 2.267490000000000061e-01 3.207980000000000276e-01
3.796179999999999950e+02 2.267369999999999941e-01 3.208050000000000068e-01
3.797180000000000177e+02 2.267260000000000109e-01 3.208119999999999861e-01
3.798179999999999836e+02 2.267149999999999999e-01 3.208230000000000248e-01
3.799180000000000064e+02 2.267029999999999879e-01 3.208300000000000041e-01
3.800179999999999723e+02 2.266920000000000046e-01 3.208369999999999833e-01
3.801179999999999950e+02 2.266799999999999926e-01 3.208469999999999933e-01
3.802180000000000177e+02 2.266690000000000094e-01 3.208529999999999993e-01
3.803179999999999836e+02 2.266569999999999974e-01 3.208599999999999786e-01
3.804180000000000064e+02 2.266459999999999864e-01 3.208699999999999886e-01
3.805179999999999723e+02 2.266340000000000021e-01 3.208759999999999946e-01
3.806179999999999950e+02 2.266229999999999911e-01 3.208829999999999738e-01
3.807180000000000177e+02 2.266120000000000079e-01 3.208920000000000106e-01
3.808179999999999836e+02 2.265999999999999959e-01 3.208989999999999898e-01
3.809180000000000064e+02 2.265890000000000126e-01 3.209049999999999958e-01
3.810179999999999723e+02 2.265770000000000006e-01 3.209139999999999771e-01
3.811179999999999950e+02 2.265659999999999896e-01 3.209199999999999831e-01
3.812180000000000177e+02 2.265540000000000054e-01 3.209270000000000178e-01
3.813179999999999836e+02 2.265429999999999944e-01 3.209350000000000258e-01
3.814180000000000064e+02 2.265310000000000101e-01 3.209420000000000051e-01
3.815179999999999723e+02 2.265199999999999991e-01 3.209489999999999843e-01
3.816179999999999950e+02 2.265089999999999881e-01 3.209569999999999923e-01
3.817180000000000177e+02 2.264970000000000039e-01 3.209640000000000271e-01
3.818179999999999836e+02 2.264849999999999919e-01 3.209699999999999775e-01
3.819180000000000064e+02 2.264740000000000086e-01 3.209779999999999855e-01
3.820179999999999723e+02 2.264629999999999976e-01 3.209850000000000203e-01
3.821179999999999950e+02 2.264510000000000134e-01 3.209919999999999995e-01
3.822180000000000177e+02 2.264400000000000024e-01 3.210000000000000075e-01
3.823179999999999836e+02 2.264279999999999904e-01 3.210069999999999868e-01
3.824180000000000064e+02 2.264170000000000071e-01 3.210129999999999928e-01
3.825179999999999723e+02 2.264059999999999961e-01 3.210210000000000008e-01
3.826179999999999950e+02 2.263940000000000119e-01 3.210279999999999800e-01
3.827180000000000177e+02 2.263830000000000009e-01 3.210339999999999860e-01
3.828179999999999836e+02 2.263719999999999899e-01 3.210419999999999940e-01
3.829180000000000064e+02 2.263600000000000056e-01 3.210489999999999733e-01
3.830179999999999723e+02 2.263479999999999936e-01 3.210560000000000080e-01
3.831179999999999950e+02 2.263370000000000104e-01 3.210640000000000160e-01
3.832180000000000177e+02 2.263259999999999994e-01 3.210700000000000220e-01
3.833179999999999836e+02 2.263139999999999874e-01 3.210770000000000013e-01
3.834180000000000064e+02 2.263030000000000042e-01 3.210850000000000093e-01
3.835179999999999723e+02 2.262909999999999922e-01 3.210910000000000153e-01
3.836179999999999950e+02 2.262800000000000089e-01 3.210979999999999945e-01
3.837180000000000177e+02 2.262689999999999979e-01 3.211060000000000025e-01
3.838179999999999836e+02 2.262570000000000137e-01 3.211120000000000085e-01
3.839180000000000064e+02 2.262460000000000027e-01 3.211189999999999878e-01
3.840179999999999723e+02 2.262349999999999917e-01 3.211269999999999958e-01
3.841179999999999950e+02 2.262230000000000074e-01 3.211330000000000018e-01
3.842180000000000177e+02 2.262109999999999954e-01 3.211399999999999810e-01
3.843179999999999836e+02 2.262000000000000122e-01 3.211479999999999890e-01
3.844180000000000064e+02 2.261890000000000012e-01 3.211539999999999950e-01
3.845179999999999723e+02 2.261769999999999892e-01 3.211609999999999743e-01
3.846179999999999950e+02 2.261660000000000059e-01 3.211689999999999823e-01
3.847180000000000177e+02 2.261549999999999949e-01 3.211749999999999883e-01
3.848179999999999836e+02 2.261430000000000107e-01 3.211820000000000230e-01
3.849180000000000064e+02 2.261319999999999997e-01 3.211899999999999755e-01
3.850179999999999723e+02 2.261199999999999877e-01 3.211959999999999815e-01
3.851179999999999950e+02 2.261090000000000044e-01 3.212030000000000163e-01
3.852180000000000177e+02 2.260979999999999934e-01 3.212099999999999955e-01
3.853179999999999836e+02 2.260860000000000092e-01 3.212169999999999748e-01
3.854180000000000064e+02 2.260749999999999982e-01 3.212240000000000095e-01
3.855179999999999723e+02 2.260639999999999872e-01 3.212309999999999888e-01
3.856179999999999950e+02 2.260520000000000029e-01 3.212380000000000235e-01
3.857180000000000177e+02 2.260399999999999909e-01 3.212439999999999740e-01
3.858179999999999836e+02 2.260290000000000077e-01 3.212519999999999820e-01
3.859180000000000064e+02 2.260179999999999967e-01 3.212590000000000168e-01
3.860179999999999723e+02 2.260060000000000124e-01 3.212650000000000228e-01
3.861179999999999950e+02 2.259950000000000014e-01 3.212729999999999753e-01
3.862180000000000177e+02 2.259839999999999904e-01 3.212789999999999813e-01
3.863179999999999836e+02 2.259720000000000062e-01 3.212860000000000160e-01
3.864180000000000064e+02 2.259609999999999952e-01 3.212929999999999953e-01
3.865179999999999723e+02 2.259500000000000119e-01 3.212999999999999745e-01
3.866179999999999950e+02 2.259379999999999999e-01 3.213070000000000093e-01
3.867180000000000177e+02 2.259269999999999889e-01 3.213139999999999885e-01
3.868179999999999836e+02 2.259160000000000057e-01 3.213210000000000233e-01
3.869180000000000064e+02 2.259039999999999937e-01 3.213269999999999738e-01
3.870179999999999723e+02 2.258930000000000105e-01 3.213349999999999818e-01
3.871179999999999950e+02 2.258809999999999985e-01 3.213409999999999878e-01
3.872180000000000177e+02 2.258699999999999875e-01 3.213480000000000225e-01
3.873179999999999836e+02 2.258590000000000042e-01 3.213550000000000018e-01
3.874180000000000064e+02 2.258469999999999922e-01 3.213619999999999810e-01
3.875179999999999723e+02 2.258360000000000090e-01 3.213690000000000158e-01
3.876179999999999950e+02 2.258249999999999980e-01 3.213759999999999950e-01
3.877180000000000177e+02 2.258130000000000137e-01 3.213820000000000010e-01
3.878179999999999836e+02 2.258020000000000027e-01 3.213889999999999803e-01
3.879180000000000064e+02 2.257909999999999917e-01 3.213960000000000150e-01
3.880179999999999723e+02 2.257790000000000075e-01 3.214029999999999943e-01
3.881179999999999950e+02 2.257679999999999965e-01 3.214099999999999735e-01
3.882180000000000177e+02 2.257570000000000132e-01 3.214170000000000083e-01
3.883179999999999836e+02 2.257450000000000012e-01 3.214230000000000143e-01
3.884180000000000064e+02 2.257339999999999902e-01 3.214299999999999935e-01
3.885179999999999723e+02 2.257230000000000070e-01 3.214369999999999727e-01
3.886179999999999950e+02 2.257109999999999950e-01 3.214440000000000075e-01
3.887180000000000177e+02 2.257000000000000117e-01 3.214509999999999867e-01
3.888179999999999836e+02 2.256890000000000007e-01 3.214580000000000215e-01
3.889180000000000064e+02 2.256769999999999887e-01 3.214640000000000275e-01
3.890179999999999723e+02 2.256650000000000045e-01 3.214710000000000067e-01
3.891179999999999950e+02 2.256549999999999945e-01 3.214779999999999860e-01
3.892180000000000177e+02 2.256430000000000102e-01 3.214850000000000207e-01
3.893179999999999836e+02 2.256309999999999982e-01 3.214910000000000267e-01
3.894180000000000064e+02 2.256199999999999872e-01 3.214980000000000060e-01
3.895179999999999723e+02 2.256090000000000040e-01 3.215049999999999852e-01
3.896179999999999950e+02 2.255969999999999920e-01 3.215120000000000200e-01
3.897180000000000177e+02 2.255860000000000087e-01 3.215189999999999992e-01
3.898179999999999836e+02 2.255749999999999977e-01 3.215250000000000052e-01
3.899180000000000064e+02 2.255630000000000135e-01 3.215319999999999845e-01
3.900179999999999723e+02 2.255520000000000025e-01 3.215390000000000192e-01
3.901179999999999950e+02 2.255409999999999915e-01 3.215459999999999985e-01
3.902180000000000177e+02 2.255290000000000072e-01 3.215520000000000045e-01
3.903179999999999836e+02 2.255179999999999962e-01 3.215589999999999837e-01
3.904180000000000064e+02 2.255070000000000130e-01 3.215660000000000185e-01
3.905179999999999723e+02 2.254950000000000010e-01 3.215729999999999977e-01
3.906179999999999950e+02 2.254849999999999910e-01 3.215799999999999770e-01
3.907180000000000177e+02 2.254730000000000067e-01 3.215859999999999830e-01
3.908179999999999836e+02 2.254609999999999947e-01 3.215930000000000177e-01
3.909180000000000064e+02 2.254510000000000125e-01 3.215999999999999970e-01
3.910179999999999723e+02 2.254390000000000005e-01 3.216060000000000030e-01
3.911179999999999950e+02 2.254279999999999895e-01 3.216129999999999822e-01
3.912180000000000177e+02 2.254170000000000063e-01 3.216200000000000170e-01
3.913179999999999836e+02 2.254049999999999943e-01 3.216269999999999962e-01
3.914180000000000064e+02 2.253940000000000110e-01 3.216330000000000022e-01
3.915179999999999723e+02 2.253830000000000000e-01 3.216399999999999815e-01
3.916179999999999950e+02 2.253709999999999880e-01 3.216470000000000162e-01
3.917180000000000177e+02 2.253600000000000048e-01 3.216530000000000222e-01
3.918179999999999836e+02 2.253489999999999938e-01 3.216600000000000015e-01
3.919180000000000064e+02 2.253370000000000095e-01 3.216669999999999807e-01
3.920179999999999723e+02 2.253259999999999985e-01 3.216729999999999867e-01
3.921179999999999950e+02 2.253149999999999875e-01 3.216800000000000215e-01
3.922180000000000177e+02 2.253030000000000033e-01 3.216870000000000007e-01
3.923179999999999836e+02 2.252919999999999923e-01 3.216939999999999800e-01
3.924180000000000064e+02 2.252810000000000090e-01 3.216999999999999860e-01
3.925179999999999723e+02 2.252689999999999970e-01 3.217070000000000207e-01
3.926179999999999950e+02 2.252580000000000138e-01 3.217140000000000000e-01
3.927180000000000177e+02 2.252470000000000028e-01 3.217200000000000060e-01
3.928179999999999836e+02 2.252359999999999918e-01 3.217269999999999852e-01
3.929180000000000064e+02 2.252240000000000075e-01 3.217340000000000200e-01
3.930179999999999723e+02 2.252129999999999965e-01 3.217400000000000260e-01
3.931179999999999950e+02 2.252020000000000133e-01 3.217470000000000052e-01
3.932180000000000177e+02 2.251900000000000013e-01 3.217539999999999845e-01
3.933179999999999836e+02 2.251789999999999903e-01 3.217599999999999905e-01
3.934180000000000064e+02 2.251680000000000070e-01 3.217670000000000252e-01
3.935179999999999723e+02 2.251559999999999950e-01 3.217740000000000045e-01
3.936179999999999950e+02 2.251450000000000118e-01 3.217800000000000105e-01
3.937180000000000177e+02 2.251340000000000008e-01 3.217869999999999897e-01
3.938179999999999836e+02 2.251219999999999888e-01 3.217940000000000245e-01
3.939180000000000064e+02 2.251120000000000065e-01 3.217999999999999750e-01
3.940179999999999723e+02 2.250999999999999945e-01 3.218070000000000097e-01
3.941179999999999950e+02 2.250890000000000113e-01 3.218130000000000157e-01
3.942180000000000177e+02 2.250780000000000003e-01 3.218199999999999950e-01
3.943179999999999836e+02 2.250659999999999883e-01 3.218269999999999742e-01
3.944180000000000064e+02 2.250550000000000050e-01 3.218329999999999802e-01
3.945179999999999723e+02 2.250439999999999940e-01 3.218400000000000150e-01
3.946179999999999950e+02 2.250320000000000098e-01 3.218469999999999942e-01
3.947180000000000177e+02 2.250209999999999988e-01 3.218530000000000002e-01
3.948179999999999836e+02 2.250099999999999878e-01 3.218599999999999794e-01
3.949180000000000064e+02 2.249990000000000046e-01 3.218659999999999854e-01
3.950179999999999723e+02 2.249869999999999925e-01 3.218730000000000202e-01
3.951179999999999950e+02 2.249760000000000093e-01 3.218799999999999994e-01
3.952180000000000177e+02 2.249649999999999983e-01 3.218860000000000054e-01
3.953179999999999836e+02 2.249529999999999863e-01 3.218929999999999847e-01
3.954180000000000064e+02 2.249420000000000031e-01 3.219000000000000195e-01
3.955179999999999723e+02 2.249309999999999921e-01 3.219060000000000255e-01
3.956179999999999950e+02 2.249200000000000088e-01 3.219130000000000047e-01
3.957180000000000177e+02 2.249089999999999978e-01 3.219190000000000107e-01
3.958179999999999836e+02 2.248970000000000136e-01 3.219259999999999899e-01
3.959180000000000064e+02 2.248860000000000026e-01 3.219319999999999959e-01
3.960179999999999723e+02 2.248749999999999916e-01 3.219389999999999752e-01
3.961179999999999950e+02 2.248630000000000073e-01 3.219460000000000099e-01
3.962180000000000177e+02 2.248519999999999963e-01 3.219520000000000159e-01
3.963179999999999836e+02 2.248410000000000131e-01 3.219589999999999952e-01
3.964180000000000064e+02 2.248300000000000021e-01 3.219650000000000012e-01
3.965179999999999723e+02 2.248179999999999901e-01 3.219719999999999804e-01
3.966179999999999950e+02 2.248070000000000068e-01 3.219779999999999864e-01
3.967180000000000177e+02 2.247959999999999958e-01 3.219850000000000212e-01
3.968179999999999836e+02 2.247850000000000126e-01 3.219910000000000272e-01
3.969180000000000064e+02 2.247740000000000016e-01 3.219980000000000064e-01
3.970179999999999723e+02 2.247619999999999896e-01 3.220040000000000124e-01
3.970179999999999723e+02 2.247619999999999896e-01 3.220040000000000124e-01
3.970280000000000200e+02 2.247609999999999886e-01 3.220049999999999857e-01
3.970480000000000018e+02 2.247589999999999866e-01 3.220060000000000144e-01
3.970880000000000223e+02 2.247550000000000103e-01 3.220089999999999897e-01
3.971680000000000064e+02 2.247460000000000013e-01 3.220140000000000224e-01
3.972679999999999723e+02 2.247339999999999893e-01 3.220210000000000017e-01
3.973679999999999950e+02 2.247230000000000061e-01 3.220270000000000077e-01
3.974680000000000177e+02 2.247119999999999951e-01 3.220339999999999869e-01
3.975679999999999836e+02 2.247000000000000108e-01 3.220399999999999929e-01
3.976680000000000064e+02 2.246889999999999998e-01 3.220470000000000277e-01
3.977679999999999723e+02 2.246779999999999888e-01 3.220529999999999782e-01
3.978679999999999950e+02 2.246670000000000056e-01 3.220600000000000129e-01
3.979680000000000177e+02 2.246559999999999946e-01 3.220660000000000189e-01
3.980679999999999836e+02 2.246440000000000103e-01 3.220729999999999982e-01
3.981680000000000064e+02 2.246329999999999993e-01 3.220790000000000042e-01
3.982679999999999723e+02 2.246219999999999883e-01 3.220859999999999834e-01
3.983679999999999950e+02 2.246110000000000051e-01 3.220919999999999894e-01
3.984680000000000177e+02 2.245989999999999931e-01 3.220990000000000242e-01
3.985679999999999836e+02 2.245880000000000098e-01 3.221049999999999747e-01
3.986680000000000064e+02 2.245769999999999988e-01 3.221120000000000094e-01
3.987679999999999723e+02 2.245659999999999878e-01 3.221180000000000154e-01
3.988679999999999950e+02 2.245550000000000046e-01 3.221249999999999947e-01
3.989680000000000177e+02 2.245429999999999926e-01 3.221310000000000007e-01
3.990679999999999836e+02 2.245320000000000094e-01 3.221379999999999799e-01
3.991680000000000064e+02 2.245209999999999984e-01 3.221439999999999859e-01
3.992679999999999723e+02 2.245099999999999874e-01 3.221510000000000207e-01
3.993679999999999950e+02 2.244980000000000031e-01 3.221570000000000267e-01
3.994680000000000177e+02 2.244869999999999921e-01 3.221640000000000059e-01
3.995679999999999836e+02 2.244760000000000089e-01 3.221700000000000119e-01
3.996680000000000064e+02 2.244649999999999979e-01 3.221769999999999912e-01
3.997679999999999723e+02 2.244530000000000136e-01 3.221829999999999972e-01
3.998679999999999950e+02 2.244420000000000026e-01 3.221890000000000032e-01
3.999680000000000177e+02 2.244309999999999916e-01 3.221959999999999824e-01
4.000679999999999836e+02 2.244190000000000074e-01 3.222019999999999884e-01
4.001680000000000064e+02 2.244079999999999964e-01 3.222090000000000232e-01
4.002679999999999723e+02 2.243970000000000131e-01 3.222149999999999737e-01
4.003679999999999950e+02 2.243850000000000011e-01 3.222220000000000084e-01
4.004680000000000177e+02 2.243739999999999901e-01 3.222280000000000144e-01
4.005679999999999836e+02 2.243630000000000069e-01 3.222349999999999937e-01
4.006680000000000064e+02 2.243509999999999949e-01 3.222409999999999997e-01
4.007679999999999723e+02 2.243400000000000116e-01 3.222470000000000057e-01
4.008679999999999950e+02 2.243290000000000006e-01 3.222539999999999849e-01
4.009680000000000177e+02 2.243169999999999886e-01 3.222599999999999909e-01
4.010679999999999836e+02 2.243060000000000054e-01 3.222670000000000257e-01
4.011680000000000064e+02 2.242949999999999944e-01 3.222729999999999762e-01
4.012679999999999723e+02 2.242830000000000101e-01 3.222789999999999822e-01
4.013679999999999950e+02 2.242719999999999991e-01 3.222860000000000169e-01
4.014680000000000177e+02 2.242609999999999881e-01 3.222920000000000229e-01
4.015679999999999836e+02 2.242490000000000039e-01 3.222979999999999734e-01
4.016680000000000064e+02 2.242379999999999929e-01 3.223050000000000082e-01
4.017679999999999723e+02 2.242270000000000096e-01 3.223110000000000142e-01
4.018679999999999950e+02 2.242149999999999976e-01 3.223179999999999934e-01
4.019680000000000177e+02 2.242039999999999866e-01 3.223239999999999994e-01
4.020679999999999836e+02 2.241930000000000034e-01 3.223309999999999786e-01
4.021680000000000064e+02 2.241809999999999914e-01 3.223369999999999846e-01
4.022679999999999723e+02 2.241700000000000081e-01 3.223429999999999906e-01
4.023679999999999950e+02 2.241589999999999971e-01 3.223500000000000254e-01
4.024680000000000177e+02 2.241470000000000129e-01 3.223559999999999759e-01
4.025679999999999836e+02 2.241360000000000019e-01 3.223619999999999819e-01
4.026680000000000064e+02 2.241249999999999909e-01 3.223690000000000166e-01
4.027679999999999723e+02 2.241130000000000067e-01 3.223750000000000226e-01
4.028679999999999950e+02 2.241019999999999956e-01 3.223809999999999731e-01
4.029680000000000177e+02 2.240910000000000124e-01 3.223880000000000079e-01
4.030679999999999836e+02 2.240800000000000014e-01 3.223940000000000139e-01
4.031680000000000064e+02 2.240679999999999894e-01 3.224000000000000199e-01
4.032679999999999723e+02 2.240570000000000062e-01 3.224069999999999991e-01
4.033679999999999950e+02 2.240459999999999952e-01 3.224130000000000051e-01
4.034680000000000177e+02 2.240350000000000119e-01 3.224190000000000111e-01
4.035679999999999836e+02 2.240240000000000009e-01 3.224259999999999904e-01
4.036680000000000064e+02 2.240119999999999889e-01 3.224319999999999964e-01
4.037679999999999723e+02 2.240010000000000057e-01 3.224380000000000024e-01
4.038679999999999950e+02 2.239899999999999947e-01 3.224449999999999816e-01
4.039680000000000177e+02 2.239780000000000104e-01 3.224509999999999876e-01
4.040679999999999836e+02 2.239669999999999994e-01 3.224569999999999936e-01
4.041680000000000064e+02 2.239559999999999884e-01 3.224639999999999729e-01
4.042679999999999723e+02 2.239440000000000042e-01 3.224699999999999789e-01
4.043679999999999950e+02 2.239329999999999932e-01 3.224759999999999849e-01
4.044680000000000177e+02 2.239220000000000099e-01 3.224830000000000196e-01
4.045679999999999836e+02 2.239099999999999979e-01 3.224879999999999969e-01
4.046680000000000064e+02 2.238989999999999869e-01 3.224949999999999761e-01
4.047679999999999723e+02 2.238880000000000037e-01 3.225009999999999821e-01
4.048679999999999950e+02 2.238759999999999917e-01 3.225069999999999881e-01
4.049680000000000177e+02 2.238650000000000084e-01 3.225140000000000229e-01
4.050679999999999836e+02 2.238539999999999974e-01 3.225199999999999734e-01
4.051680000000000064e+02 2.238420000000000132e-01 3.225259999999999794e-01
4.052679999999999723e+02 2.238310000000000022e-01 3.225330000000000141e-01
4.053679999999999950e+02 2.238199999999999912e-01 3.225390000000000201e-01
4.054680000000000177e+02 2.238080000000000069e-01 3.225450000000000261e-01
4.055679999999999836e+02 2.237969999999999959e-01 3.225509999999999766e-01
4.056680000000000064e+02 2.237860000000000127e-01 3.225580000000000114e-01
4.057679999999999723e+02 2.237740000000000007e-01 3.225640000000000174e-01
4.058679999999999950e+02 2.237629999999999897e-01 3.225700000000000234e-01
4.059680000000000177e+02 2.237520000000000064e-01 3.225759999999999739e-01
4.060679999999999836e+02 2.237409999999999954e-01 3.225819999999999799e-01
4.061680000000000064e+02 2.237300000000000122e-01 3.225890000000000146e-01
4.062679999999999723e+02 2.237190000000000012e-01 3.225950000000000206e-01
4.063679999999999950e+02 2.237069999999999892e-01 3.226010000000000266e-01
4.064680000000000177e+02 2.236960000000000059e-01 3.226069999999999771e-01
4.065679999999999836e+02 2.236849999999999949e-01 3.226140000000000119e-01
4.066680000000000064e+02 2.236730000000000107e-01 3.226200000000000179e-01
4.067679999999999723e+02 2.236619999999999997e-01 3.226260000000000239e-01
4.068679999999999950e+02 2.236509999999999887e-01 3.226319999999999744e-01
4.069680000000000177e+02 2.236390000000000045e-01 3.226379999999999804e-01
4.070679999999999836e+02 2.236279999999999935e-01 3.226450000000000151e-01
4.071680000000000064e+02 2.236170000000000102e-01 3.226510000000000211e-01
4.072679999999999723e+02 2.236049999999999982e-01 3.226570000000000271e-01
4.073679999999999950e+02 2.235939999999999872e-01 3.226629999999999776e-01
4.074680000000000177e+02 2.235830000000000040e-01 3.226689999999999836e-01
4.075679999999999836e+02 2.235709999999999920e-01 3.226749999999999896e-01
4.076680000000000064e+02 2.235600000000000087e-01 3.226820000000000244e-01
4.077679999999999723e+02 2.235489999999999977e-01 3.226879999999999749e-01
4.078679999999999950e+02 2.235370000000000135e-01 3.226939999999999809e-01
4.079680000000000177e+02 2.235260000000000025e-01 3.226999999999999869e-01
4.080679999999999836e+02 2.235149999999999915e-01 3.227059999999999929e-01
4.081680000000000064e+02 2.235030000000000072e-01 3.227119999999999989e-01
4.082679999999999723e+02 2.234919999999999962e-01 3.227180000000000049e-01
4.083679999999999950e+02 2.234810000000000130e-01 3.227249999999999841e-01
4.084680000000000177e+02 2.234690000000000010e-01 3.227300000000000169e-01
4.085679999999999836e+02 2.234579999999999900e-01 3.227369999999999961e-01
4.086680000000000064e+02 2.234470000000000067e-01 3.227430000000000021e-01
4.087679999999999723e+02 2.234359999999999957e-01 3.227490000000000081e-01
4.088679999999999950e+02 2.234250000000000125e-01 3.227550000000000141e-01
4.089680000000000177e+02 2.234140000000000015e-01 3.227619999999999933e-01
4.090679999999999836e+02 2.234019999999999895e-01 3.227670000000000261e-01
4.091680000000000064e+02 2.233910000000000062e-01 3.227740000000000054e-01
4.092679999999999723e+02 2.233799999999999952e-01 3.227800000000000114e-01
4.093679999999999950e+02 2.233680000000000110e-01 3.227849999999999886e-01
4.094680000000000177e+02 2.233570000000000000e-01 3.227920000000000234e-01
4.095679999999999836e+02 2.233459999999999890e-01 3.227979999999999738e-01
4.096680000000000064e+02 2.233340000000000047e-01 3.228039999999999798e-01
4.097679999999999723e+02 2.233229999999999937e-01 3.228099999999999858e-01
4.098679999999999950e+02 2.233120000000000105e-01 3.228159999999999918e-01
4.099680000000000177e+02 2.232999999999999985e-01 3.228219999999999978e-01
4.100679999999999836e+02 2.232889999999999875e-01 3.228280000000000038e-01
4.101680000000000064e+02 2.232780000000000042e-01 3.228349999999999831e-01
4.102679999999999723e+02 2.232659999999999922e-01 3.228400000000000158e-01
4.103679999999999950e+02 2.232550000000000090e-01 3.228460000000000218e-01
4.104680000000000177e+02 2.232439999999999980e-01 3.228530000000000011e-01
4.105679999999999836e+02 2.232320000000000138e-01 3.228579999999999783e-01
4.106680000000000064e+02 2.232210000000000027e-01 3.228639999999999843e-01
4.107679999999999723e+02 2.232099999999999917e-01 3.228710000000000191e-01
4.108679999999999950e+02 2.231980000000000075e-01 3.228759999999999963e-01
4.109680000000000177e+02 2.231869999999999965e-01 3.228820000000000023e-01
4.110679999999999836e+02 2.231760000000000133e-01 3.228889999999999816e-01
4.111680000000000064e+02 2.231640000000000013e-01 3.228940000000000143e-01
4.112679999999999723e+02 2.231529999999999903e-01 3.229000000000000203e-01
4.113679999999999950e+02 2.231420000000000070e-01 3.229069999999999996e-01
4.114680000000000177e+02 2.231299999999999950e-01 3.229119999999999768e-01
4.115679999999999836e+02 2.231190000000000118e-01 3.229179999999999828e-01
4.116680000000000064e+02 2.231080000000000008e-01 3.229250000000000176e-01
4.117679999999999723e+02 2.230959999999999888e-01 3.229299999999999948e-01
4.118679999999999950e+02 2.230850000000000055e-01 3.229360000000000008e-01
4.119680000000000177e+02 2.230739999999999945e-01 3.229420000000000068e-01
4.120679999999999836e+02 2.230620000000000103e-01 3.229469999999999841e-01
4.121680000000000064e+02 2.230509999999999993e-01 3.229540000000000188e-01
4.122679999999999723e+02 2.230399999999999883e-01 3.229600000000000248e-01
4.123679999999999950e+02 2.230280000000000040e-01 3.229650000000000021e-01
4.124680000000000177e+02 2.230169999999999930e-01 3.229710000000000081e-01
4.125679999999999836e+02 2.230060000000000098e-01 3.229779999999999873e-01
4.126680000000000064e+02 2.229939999999999978e-01 3.229819999999999913e-01
4.127679999999999723e+02 2.229829999999999868e-01 3.229890000000000261e-01
4.128679999999999950e+02 2.229720000000000035e-01 3.229949999999999766e-01
4.129680000000000177e+02 2.229589999999999905e-01 3.230000000000000093e-01
4.130679999999999836e+02 2.229480000000000073e-01 3.230060000000000153e-01
4.131680000000000064e+02 2.229369999999999963e-01 3.230120000000000213e-01
4.132679999999999723e+02 2.229250000000000120e-01 3.230169999999999986e-01
4.133679999999999950e+02 2.229140000000000010e-01 3.230230000000000046e-01
4.134680000000000177e+02 2.229029999999999900e-01 3.230299999999999838e-01
4.135679999999999836e+02 2.228910000000000058e-01 3.230339999999999878e-01
4.136680000000000064e+02 2.228799999999999948e-01 3.230399999999999938e-01
4.137679999999999723e+02 2.228690000000000115e-01 3.230469999999999731e-01
4.138679999999999950e+02 2.228559999999999985e-01 3.230509999999999771e-01
4.139680000000000177e+02 2.228449999999999875e-01 3.230569999999999831e-01
4.140679999999999836e+02 2.228340000000000043e-01 3.230629999999999891e-01
4.141680000000000064e+02 2.228209999999999913e-01 3.230669999999999931e-01
4.142679999999999723e+02 2.228100000000000080e-01 3.230729999999999991e-01
4.143679999999999950e+02 2.227989999999999970e-01 3.230799999999999783e-01
4.144680000000000177e+02 2.227860000000000118e-01 3.230830000000000091e-01
4.145679999999999836e+02 2.227750000000000008e-01 3.230890000000000151e-01
4.146680000000000064e+02 2.227639999999999898e-01 3.230950000000000211e-01
4.147679999999999723e+02 2.227490000000000026e-01 3.230970000000000231e-01
4.148679999999999950e+02 2.227379999999999916e-01 3.231029999999999736e-01
4.149680000000000177e+02 2.227280000000000093e-01 3.231100000000000083e-01
4.150679999999999836e+02 2.227079999999999893e-01 3.231049999999999756e-01
4.151680000000000064e+02 2.226970000000000061e-01 3.231120000000000103e-01
4.152679999999999723e+02 2.226859999999999951e-01 3.231180000000000163e-01
4.153679999999999950e+02 2.227020000000000111e-01 3.231209999999999916e-01
4.154680000000000177e+02 2.226920000000000011e-01 3.231280000000000263e-01
4.155679999999999836e+02 2.226809999999999901e-01 3.231339999999999768e-01
4.156680000000000064e+02 2.226629999999999998e-01 3.231620000000000048e-01
4.157679999999999723e+02 2.226519999999999888e-01 3.231680000000000108e-01
4.158679999999999950e+02 2.226410000000000056e-01 3.231749999999999901e-01
4.159680000000000177e+02 2.226130000000000053e-01 3.231809999999999961e-01
4.160679999999999836e+02 2.226019999999999943e-01 3.231870000000000021e-01
4.161680000000000064e+02 2.225910000000000111e-01 3.231930000000000081e-01
4.162679999999999723e+02 2.225840000000000041e-01 3.231820000000000248e-01
4.163679999999999950e+02 2.225729999999999931e-01 3.231879999999999753e-01
4.164680000000000177e+02 2.225620000000000098e-01 3.231939999999999813e-01
4.165679999999999836e+02 2.225689999999999891e-01 3.232050000000000201e-01
4.166680000000000064e+02 2.225570000000000048e-01 3.232110000000000261e-01
4.166680000000000064e+02 2.225570000000000048e-01 3.232110000000000261e-01
4.166779999999999973e+02 2.225560000000000038e-01 3.232119999999999993e-01
4.166979999999999791e+02 2.225540000000000018e-01 3.232129999999999725e-01
4.167379999999999995e+02 2.225439999999999918e-01 3.232340000000000213e-01
4.168179999999999836e+02 2.225350000000000106e-01 3.232389999999999985e-01
4.169180000000000064e+02 2.225239999999999996e-01 3.232450000000000045e-01
4.170179999999999723e+02 2.225060000000000093e-01 3.232459999999999778e-01
4.171179999999999950e+02 2.224949999999999983e-01 3.232519999999999838e-01
4.172180000000000177e+02 2.224839999999999873e-01 3.232590000000000185e-01
4.173179999999999836e+02 2.224929999999999963e-01 3.232579999999999898e-01
4.174180000000000064e+02 2.224820000000000131e-01 3.232639999999999958e-01
4.175179999999999723e+02 2.224710000000000021e-01 3.232700000000000018e-01
4.176179999999999950e+02 2.224480000000000068e-01 3.232820000000000138e-01
4.177180000000000177e+02 2.224379999999999968e-01 3.232880000000000198e-01
4.178179999999999836e+02 2.224270000000000136e-01 3.232940000000000258e-01
4.179180000000000064e+02 2.224160000000000026e-01 3.232999999999999763e-01
4.180179999999999723e+02 2.224049999999999916e-01 3.233059999999999823e-01
4.181179999999999950e+02 2.223940000000000083e-01 3.233130000000000170e-01
4.182180000000000177e+02 2.223870000000000013e-01 3.233170000000000210e-01
4.183179999999999836e+02 2.223759999999999903e-01 3.233230000000000270e-01
4.184180000000000064e+02 2.223650000000000071e-01 3.233300000000000063e-01
4.185179999999999723e+02 2.223539999999999961e-01 3.233360000000000123e-01
4.186179999999999950e+02 2.223430000000000129e-01 3.233429999999999915e-01
4.187180000000000177e+02 2.223320000000000018e-01 3.233489999999999975e-01
4.188179999999999836e+02 2.223219999999999918e-01 3.233550000000000035e-01
4.189180000000000064e+02 2.223110000000000086e-01 3.233610000000000095e-01
4.190179999999999723e+02 2.222999999999999976e-01 3.233679999999999888e-01
4.191179999999999950e+02 2.222909999999999886e-01 3.233730000000000215e-01
4.192180000000000177e+02 2.222800000000000054e-01 3.233790000000000275e-01
4.193179999999999836e+02 2.222689999999999944e-01 3.233860000000000068e-01
4.194180000000000064e+02 2.222590000000000121e-01 3.233909999999999840e-01
4.195179999999999723e+02 2.222480000000000011e-01 3.233969999999999900e-01
4.196179999999999950e+02 2.222369999999999901e-01 3.234029999999999960e-01
4.197180000000000177e+02 2.222270000000000079e-01 3.234090000000000020e-01
4.198179999999999836e+02 2.222159999999999969e-01 3.234150000000000080e-01
4.199180000000000064e+02 2.222050000000000136e-01 3.234210000000000140e-01
4.200179999999999723e+02 2.221950000000000036e-01 3.234259999999999913e-01
4.201179999999999950e+02 2.221839999999999926e-01 3.234330000000000260e-01
4.202180000000000177e+02 2.221730000000000094e-01 3.234389999999999765e-01
4.203179999999999836e+02 2.221629999999999994e-01 3.234440000000000093e-01
4.204180000000000064e+02 2.221519999999999884e-01 3.234500000000000153e-01
4.205179999999999723e+02 2.221410000000000051e-01 3.234560000000000213e-01
4.206179999999999950e+02 2.221299999999999941e-01 3.234609999999999985e-01
4.207180000000000177e+02 2.221190000000000109e-01 3.234670000000000045e-01
4.208179999999999836e+02 2.221090000000000009e-01 3.234730000000000105e-01
4.209180000000000064e+02 2.220969999999999889e-01 3.234770000000000145e-01
4.210179999999999723e+02 2.220860000000000056e-01 3.234830000000000205e-01
4.211179999999999950e+02 2.220749999999999946e-01 3.234899999999999998e-01
4.212180000000000177e+02 2.220610000000000084e-01 3.234920000000000018e-01
4.213179999999999836e+02 2.220509999999999984e-01 3.234980000000000078e-01
4.214180000000000064e+02 2.220399999999999874e-01 3.235049999999999870e-01
4.215179999999999723e+02 2.220350000000000101e-01 3.235120000000000218e-01
4.216179999999999950e+02 2.220239999999999991e-01 3.235179999999999723e-01
4.217180000000000177e+02 2.220129999999999881e-01 3.235239999999999783e-01
4.218179999999999836e+02 2.220060000000000089e-01 3.235350000000000170e-01
4.219180000000000064e+02 2.219949999999999979e-01 3.235410000000000230e-01
4.220179999999999723e+02 2.219839999999999869e-01 3.235469999999999735e-01
4.221179999999999950e+02 2.219720000000000026e-01 3.235500000000000043e-01
4.222180000000000177e+02 2.219609999999999916e-01 3.235560000000000103e-01
4.223179999999999836e+02 2.219500000000000084e-01 3.235620000000000163e-01
4.224180000000000064e+02 2.219420000000000004e-01 3.235640000000000183e-01
4.225179999999999723e+02 2.219309999999999894e-01 3.235709999999999975e-01
4.226179999999999950e+02 2.219200000000000061e-01 3.235770000000000035e-01
4.227180000000000177e+02 2.219129999999999991e-01 3.235830000000000095e-01
4.228179999999999836e+02 2.219029999999999891e-01 3.235899999999999888e-01
4.229180000000000064e+02 2.218920000000000059e-01 3.235959999999999948e-01
4.230179999999999723e+02 2.218829999999999969e-01 3.235990000000000255e-01
4.231179999999999950e+02 2.218720000000000137e-01 3.236060000000000048e-01
4.232180000000000177e+02 2.218610000000000027e-01 3.236120000000000108e-01
4.233179999999999836e+02 2.218499999999999917e-01 3.236140000000000128e-01
4.234180000000000064e+02 2.218390000000000084e-01 3.236200000000000188e-01
4.235179999999999723e+02 2.218279999999999974e-01 3.236269999999999980e-01
4.236179999999999950e+02 2.218179999999999874e-01 3.236299999999999732e-01
4.237180000000000177e+02 2.218070000000000042e-01 3.236359999999999792e-01
4.238179999999999836e+02 2.217959999999999932e-01 3.236419999999999852e-01
4.239180000000000064e+02 2.217889999999999862e-01 3.236550000000000260e-01
4.240179999999999723e+02 2.217790000000000039e-01 3.236620000000000053e-01
4.241179999999999950e+02 2.217679999999999929e-01 3.236689999999999845e-01
4.242180000000000177e+02 2.217580000000000107e-01 3.236870000000000025e-01
4.243179999999999836e+02 2.217469999999999997e-01 3.236939999999999817e-01
4.244180000000000064e+02 2.217359999999999887e-01 3.237010000000000165e-01
4.245179999999999723e+02 2.217459999999999987e-01 3.237309999999999910e-01
4.246179999999999950e+02 2.217349999999999877e-01 3.237380000000000257e-01
4.247180000000000177e+02 2.217240000000000044e-01 3.237450000000000050e-01
4.248179999999999836e+02 2.216450000000000087e-01 3.237700000000000022e-01
4.249180000000000064e+02 2.216339999999999977e-01 3.237769999999999815e-01
4.250179999999999723e+02 2.216229999999999867e-01 3.237840000000000162e-01
4.251179999999999950e+02 2.215989999999999904e-01 3.237300000000000177e-01
4.252180000000000177e+02 2.215880000000000072e-01 3.237369999999999970e-01
4.253179999999999836e+02 2.215769999999999962e-01 3.237439999999999762e-01
4.254180000000000064e+02 2.216120000000000034e-01 3.237780000000000102e-01
4.255179999999999723e+02 2.216009999999999924e-01 3.237849999999999895e-01
4.256179999999999950e+02 2.215900000000000092e-01 3.237909999999999955e-01
4.257180000000000177e+02 2.215799999999999992e-01 3.237729999999999775e-01
4.258179999999999836e+02 2.215689999999999882e-01 3.237800000000000122e-01
4.259180000000000064e+02 2.215590000000000059e-01 3.237860000000000182e-01
4.260179999999999723e+02 2.215260000000000007e-01 3.238030000000000075e-01
4.261179999999999950e+02 2.215149999999999897e-01 3.238099999999999867e-01
4.262180000000000177e+02 2.215040000000000064e-01 3.238170000000000215e-01
4.263179999999999836e+02 2.215229999999999977e-01 3.238590000000000080e-01
4.264180000000000064e+02 2.215119999999999867e-01 3.238650000000000140e-01
4.265179999999999723e+02 2.215010000000000034e-01 3.238719999999999932e-01
4.266179999999999950e+02 2.214349999999999929e-01 3.239210000000000145e-01
4.267180000000000177e+02 2.214250000000000107e-01 3.239279999999999937e-01
4.268179999999999836e+02 2.214139999999999997e-01 3.239349999999999730e-01
4.269180000000000064e+02 2.213980000000000115e-01 3.238739999999999952e-01
4.270179999999999723e+02 2.213870000000000005e-01 3.238809999999999745e-01
4.271179999999999950e+02 2.213769999999999905e-01 3.238889999999999825e-01
4.272180000000000177e+02 2.214019999999999877e-01 3.238699999999999912e-01
4.273179999999999836e+02 2.213910000000000045e-01 3.238759999999999972e-01
4.274180000000000064e+02 2.213799999999999935e-01 3.238829999999999765e-01
4.275179999999999723e+02 2.213579999999999992e-01 3.239040000000000252e-01
4.276179999999999950e+02 2.213469999999999882e-01 3.239110000000000045e-01
4.277180000000000177e+02 2.213360000000000050e-01 3.239179999999999837e-01
4.278179999999999836e+02 2.213710000000000122e-01 3.239369999999999750e-01
4.279180000000000064e+02 2.213600000000000012e-01 3.239440000000000097e-01
4.280179999999999723e+02 2.213489999999999902e-01 3.239509999999999890e-01
4.281179999999999950e+02 2.213360000000000050e-01 3.239790000000000170e-01
4.282180000000000177e+02 2.213249999999999940e-01 3.239859999999999962e-01
4.283179999999999836e+02 2.213150000000000117e-01 3.239929999999999755e-01
4.284180000000000064e+02 2.212500000000000022e-01 3.240040000000000142e-01
4.285179999999999723e+02 2.212389999999999912e-01 3.240109999999999935e-01
4.286179999999999950e+02 2.212280000000000080e-01 3.240179999999999727e-01
4.287180000000000177e+02 2.212270000000000070e-01 3.239759999999999862e-01
4.288179999999999836e+02 2.212159999999999960e-01 3.239830000000000210e-01
4.289180000000000064e+02 2.212050000000000127e-01 3.239900000000000002e-01
4.290179999999999723e+02 2.212280000000000080e-01 3.240020000000000122e-01
4.291179999999999950e+02 2.212169999999999970e-01 3.240089999999999915e-01
4.292180000000000177e+02 2.212060000000000137e-01 3.240149999999999975e-01
4.293179999999999836e+02 2.211599999999999955e-01 3.240520000000000067e-01
4.294180000000000064e+02 2.211490000000000122e-01 3.240589999999999860e-01
4.295179999999999723e+02 2.211380000000000012e-01 3.240660000000000207e-01
4.296179999999999950e+02 2.211390000000000022e-01 3.240520000000000067e-01
4.297180000000000177e+02 2.211279999999999912e-01 3.240589999999999860e-01
4.298179999999999836e+02 2.211170000000000080e-01 3.240660000000000207e-01
4.299180000000000064e+02 2.211400000000000032e-01 3.240750000000000020e-01
4.300179999999999723e+02 2.211289999999999922e-01 3.240819999999999812e-01
4.301179999999999950e+02 2.211190000000000100e-01 3.240890000000000160e-01
4.302180000000000177e+02 2.210910000000000097e-01 3.241240000000000232e-01
4.303179999999999836e+02 2.210799999999999987e-01 3.241310000000000024e-01
4.304180000000000064e+02 2.210699999999999887e-01 3.241379999999999817e-01
4.305179999999999723e+02 2.210270000000000012e-01 3.241390000000000104e-01
4.306179999999999950e+02 2.210159999999999902e-01 3.241459999999999897e-01
4.307180000000000177e+02 2.210050000000000070e-01 3.241530000000000244e-01
4.308179999999999836e+02 2.210100000000000120e-01 3.241220000000000212e-01
4.309180000000000064e+02 2.209990000000000010e-01 3.241290000000000004e-01
4.310179999999999723e+02 2.209879999999999900e-01 3.241359999999999797e-01
4.311179999999999950e+02 2.210060000000000080e-01 3.241680000000000117e-01
4.312180000000000177e+02 2.209949999999999970e-01 3.241749999999999909e-01
4.313179999999999836e+02 2.209840000000000138e-01 3.241820000000000257e-01
4.314180000000000064e+02 2.209210000000000063e-01 3.242249999999999854e-01
4.315179999999999723e+02 2.209099999999999953e-01 3.242320000000000202e-01
4.316179999999999950e+02 2.208990000000000120e-01 3.242389999999999994e-01
4.317180000000000177e+02 2.208829999999999960e-01 3.241950000000000109e-01
4.318179999999999836e+02 2.208720000000000128e-01 3.242019999999999902e-01
4.319180000000000064e+02 2.208610000000000018e-01 3.242090000000000249e-01
4.320179999999999723e+02 2.208859999999999990e-01 3.241820000000000257e-01
4.321179999999999950e+02 2.208749999999999880e-01 3.241890000000000049e-01
4.322180000000000177e+02 2.208640000000000048e-01 3.241950000000000109e-01
4.323179999999999836e+02 2.208730000000000138e-01 3.242410000000000014e-01
4.324180000000000064e+02 2.208620000000000028e-01 3.242479999999999807e-01
4.325179999999999723e+02 2.208509999999999918e-01 3.242550000000000154e-01
4.326179999999999950e+02 2.207949999999999913e-01 3.242949999999999999e-01
4.327180000000000177e+02 2.207840000000000080e-01 3.243019999999999792e-01
4.328179999999999836e+02 2.207729999999999970e-01 3.243090000000000139e-01
4.329180000000000064e+02 2.207649999999999890e-01 3.242780000000000107e-01
4.330179999999999723e+02 2.207540000000000058e-01 3.242849999999999899e-01
4.331179999999999950e+02 2.207429999999999948e-01 3.242920000000000247e-01
4.332180000000000177e+02 2.207709999999999950e-01 3.242809999999999859e-01
4.333179999999999836e+02 2.207600000000000118e-01 3.242880000000000207e-01
4.334180000000000064e+02 2.207490000000000008e-01 3.242949999999999999e-01
4.335179999999999723e+02 2.207580000000000098e-01 3.243389999999999884e-01
4.336179999999999950e+02 2.207469999999999988e-01 3.243460000000000232e-01
4.337180000000000177e+02 2.207359999999999878e-01 3.243519999999999737e-01
4.338179999999999836e+02 2.207439999999999958e-01 3.244009999999999949e-01
4.339180000000000064e+02 2.207340000000000135e-01 3.244079999999999742e-01
4.340179999999999723e+02 2.207240000000000035e-01 3.244139999999999802e-01
4.341179999999999950e+02 2.206279999999999908e-01 3.244179999999999842e-01
4.342180000000000177e+02 2.206180000000000085e-01 3.244250000000000189e-01
4.343179999999999836e+02 2.206069999999999975e-01 3.244319999999999982e-01
4.344180000000000064e+02 2.205890000000000073e-01 3.243460000000000232e-01
4.345179999999999723e+02 2.205779999999999963e-01 3.243530000000000024e-01
4.346179999999999950e+02 2.205670000000000130e-01 3.243599999999999817e-01
4.347180000000000177e+02 2.206079999999999985e-01 3.243759999999999977e-01
4.348179999999999836e+02 2.205969999999999875e-01 3.243829999999999769e-01
4.349180000000000064e+02 2.205860000000000043e-01 3.243900000000000117e-01
4.350179999999999723e+02 2.205930000000000113e-01 3.244349999999999734e-01
4.351179999999999950e+02 2.205830000000000013e-01 3.244420000000000082e-01
4.352180000000000177e+02 2.205719999999999903e-01 3.244489999999999874e-01
4.353179999999999836e+02 2.205670000000000130e-01 3.244799999999999907e-01
4.354180000000000064e+02 2.205560000000000020e-01 3.244870000000000254e-01
4.355179999999999723e+02 2.205459999999999920e-01 3.244940000000000047e-01
4.356179999999999950e+02 2.204669999999999963e-01 3.245080000000000187e-01
4.357180000000000177e+02 2.204560000000000131e-01 3.245149999999999979e-01
4.358179999999999836e+02 2.204460000000000031e-01 3.245219999999999771e-01
4.359180000000000064e+02 2.204419999999999991e-01 3.244850000000000234e-01
4.360179999999999723e+02 2.204309999999999881e-01 3.244920000000000027e-01
4.361179999999999950e+02 2.204200000000000048e-01 3.244980000000000087e-01
4.362180000000000177e+02 2.204500000000000071e-01 3.244989999999999819e-01
4.363179999999999836e+02 2.204389999999999961e-01 3.245060000000000167e-01
4.363179999999999836e+02 2.204389999999999961e-01 3.245060000000000167e-01
4.363279999999999745e+02 2.204379999999999951e-01 3.245060000000000167e-01
4.363480000000000132e+02 2.204359999999999931e-01 3.245080000000000187e-01
4.363879999999999768e+02 2.204540000000000111e-01 3.245460000000000012e-01
4.364680000000000177e+02 2.204460000000000031e-01 3.245520000000000072e-01
4.365679999999999836e+02 2.204349999999999921e-01 3.245589999999999864e-01
4.366680000000000064e+02 2.203930000000000056e-01 3.245950000000000224e-01
4.367679999999999723e+02 2.203829999999999956e-01 3.246020000000000016e-01
4.368679999999999950e+02 2.203720000000000123e-01 3.246080000000000076e-01
4.369680000000000177e+02 2.203130000000000088e-01 3.245939999999999936e-01
4.370679999999999836e+02 2.203029999999999988e-01 3.246009999999999729e-01
4.371680000000000064e+02 2.202919999999999878e-01 3.246080000000000076e-01
4.372679999999999723e+02 2.202919999999999878e-01 3.245549999999999824e-01
4.373679999999999950e+02 2.202810000000000046e-01 3.245620000000000172e-01
4.374680000000000177e+02 2.202699999999999936e-01 3.245689999999999964e-01
4.375679999999999836e+02 2.203060000000000018e-01 3.245919999999999916e-01
4.376680000000000064e+02 2.202949999999999908e-01 3.245990000000000264e-01
4.377679999999999723e+02 2.202840000000000076e-01 3.246060000000000056e-01
4.378679999999999950e+02 2.202989999999999948e-01 3.246499999999999941e-01
4.379680000000000177e+02 2.202890000000000126e-01 3.246569999999999734e-01
4.380679999999999836e+02 2.202780000000000016e-01 3.246640000000000081e-01
4.381680000000000064e+02 2.202210000000000001e-01 3.246899999999999786e-01
4.382679999999999723e+02 2.202109999999999901e-01 3.246970000000000134e-01
4.383679999999999950e+02 2.202000000000000068e-01 3.247039999999999926e-01
4.384680000000000177e+02 2.201559999999999906e-01 3.246879999999999766e-01
4.385679999999999836e+02 2.201460000000000083e-01 3.246950000000000114e-01
4.386680000000000064e+02 2.201349999999999973e-01 3.247019999999999906e-01
4.387679999999999723e+02 2.201430000000000053e-01 3.246669999999999834e-01
4.388679999999999950e+02 2.201329999999999953e-01 3.246740000000000181e-01
4.389680000000000177e+02 2.201220000000000121e-01 3.246809999999999974e-01
4.390679999999999836e+02 2.201609999999999956e-01 3.247110000000000274e-01
4.391680000000000064e+02 2.201500000000000123e-01 3.247180000000000066e-01
4.392679999999999723e+02 2.201400000000000023e-01 3.247249999999999859e-01
4.393679999999999950e+02 2.201480000000000103e-01 3.247709999999999764e-01
4.394680000000000177e+02 2.201369999999999993e-01 3.247769999999999824e-01
4.395679999999999836e+02 2.201269999999999893e-01 3.247840000000000171e-01
4.396680000000000064e+02 2.200259999999999994e-01 3.247940000000000271e-01
4.397679999999999723e+02 2.200159999999999894e-01 3.248010000000000064e-01
4.398679999999999950e+02 2.200050000000000061e-01 3.248079999999999856e-01
4.399680000000000177e+02 2.199979999999999991e-01 3.247619999999999951e-01
4.400679999999999836e+02 2.199879999999999891e-01 3.247689999999999744e-01
4.401680000000000064e+02 2.199770000000000059e-01 3.247760000000000091e-01
4.402679999999999723e+02 2.199969999999999981e-01 3.247729999999999784e-01
4.403679999999999950e+02 2.199859999999999871e-01 3.247800000000000131e-01
4.404680000000000177e+02 2.199750000000000039e-01 3.247869999999999924e-01
4.405679999999999836e+02 2.200020000000000031e-01 3.248380000000000156e-01
4.406680000000000064e+02 2.199909999999999921e-01 3.248440000000000216e-01
4.407679999999999723e+02 2.199800000000000089e-01 3.248510000000000009e-01
4.408679999999999950e+02 2.199180000000000024e-01 3.248900000000000121e-01
4.409680000000000177e+02 2.199069999999999914e-01 3.248969999999999914e-01
4.410679999999999836e+02 2.198970000000000091e-01 3.249029999999999974e-01
4.411680000000000064e+02 2.198680000000000079e-01 3.248889999999999834e-01
4.412679999999999723e+02 2.198579999999999979e-01 3.248960000000000181e-01
4.413679999999999950e+02 2.198469999999999869e-01 3.249029999999999974e-01
4.414680000000000177e+02 2.198559999999999959e-01 3.248619999999999841e-01
4.415679999999999836e+02 2.198460000000000136e-01 3.248690000000000189e-01
4.416680000000000064e+02 2.198350000000000026e-01 3.248759999999999981e-01
4.417679999999999723e+02 2.198740000000000139e-01 3.249040000000000261e-01
4.418679999999999950e+02 2.198630000000000029e-01 3.249110000000000054e-01
4.419680000000000177e+02 2.198529999999999929e-01 3.249179999999999846e-01
4.420679999999999836e+02 2.198740000000000139e-01 3.249659999999999771e-01
4.421680000000000064e+02 2.198630000000000029e-01 3.249719999999999831e-01
4.422679999999999723e+02 2.198519999999999919e-01 3.249790000000000179e-01
4.423679999999999950e+02 2.197620000000000129e-01 3.249929999999999763e-01
4.424680000000000177e+02 2.197510000000000019e-01 3.250000000000000111e-01
4.425679999999999836e+02 2.197399999999999909e-01 3.250060000000000171e-01
4.426680000000000064e+02 2.197089999999999876e-01 3.249489999999999879e-01
4.427679999999999723e+02 2.196990000000000054e-01 3.249560000000000226e-01
4.428679999999999950e+02 2.196879999999999944e-01 3.249630000000000019e-01
4.429680000000000177e+02 2.197089999999999876e-01 3.249670000000000059e-01
4.430679999999999836e+02 2.196980000000000044e-01 3.249739999999999851e-01
4.431680000000000064e+02 2.196869999999999934e-01 3.249810000000000199e-01
4.432679999999999723e+02 2.197189999999999976e-01 3.250279999999999836e-01
4.433679999999999950e+02 2.197079999999999866e-01 3.250339999999999896e-01
4.434680000000000177e+02 2.196980000000000044e-01 3.250410000000000244e-01
4.435679999999999836e+02 2.196210000000000107e-01 3.250689999999999968e-01
4.436680000000000064e+02 2.196099999999999997e-01 3.250759999999999761e-01
4.437679999999999723e+02 2.195989999999999887e-01 3.250830000000000108e-01
4.438679999999999950e+02 2.195840000000000014e-01 3.250609999999999888e-01
4.439680000000000177e+02 2.195739999999999914e-01 3.250680000000000236e-01
4.440679999999999836e+02 2.195630000000000082e-01 3.250739999999999741e-01
4.441680000000000064e+02 2.195709999999999884e-01 3.250500000000000056e-01
4.442679999999999723e+02 2.195610000000000062e-01 3.250569999999999848e-01
4.443679999999999950e+02 2.195499999999999952e-01 3.250629999999999908e-01
4.444680000000000177e+02 2.195759999999999934e-01 3.250899999999999901e-01
4.445679999999999836e+02 2.195660000000000112e-01 3.250970000000000248e-01
4.446680000000000064e+02 2.195550000000000002e-01 3.251029999999999753e-01
4.447679999999999723e+02 2.195620000000000072e-01 3.251359999999999806e-01
4.448679999999999950e+02 2.195519999999999972e-01 3.251430000000000153e-01
4.449680000000000177e+02 2.195409999999999862e-01 3.251499999999999946e-01
4.450679999999999836e+02 2.194579999999999864e-01 3.251580000000000026e-01
4.451680000000000064e+02 2.194470000000000032e-01 3.251649999999999818e-01
4.452679999999999723e+02 2.194369999999999932e-01 3.251709999999999878e-01
4.453679999999999950e+02 2.194329999999999892e-01 3.251450000000000173e-01
4.454680000000000177e+02 2.194230000000000069e-01 3.251519999999999966e-01
4.455679999999999836e+02 2.194119999999999959e-01 3.251589999999999758e-01
4.456680000000000064e+02 2.194260000000000099e-01 3.251609999999999778e-01
4.457679999999999723e+02 2.194159999999999999e-01 3.251680000000000126e-01
4.458679999999999950e+02 2.194049999999999889e-01 3.251749999999999918e-01
4.459680000000000177e+02 2.194270000000000109e-01 3.252030000000000198e-01
4.460679999999999836e+02 2.194159999999999999e-01 3.252099999999999991e-01
4.461680000000000064e+02 2.194059999999999899e-01 3.252169999999999783e-01
4.462679999999999723e+02 2.193630000000000024e-01 3.252380000000000271e-01
4.463679999999999950e+02 2.193529999999999924e-01 3.252439999999999776e-01
4.464680000000000177e+02 2.193420000000000092e-01 3.252510000000000123e-01
4.465679999999999836e+02 2.193090000000000039e-01 3.252459999999999796e-01
4.466680000000000064e+02 2.192979999999999929e-01 3.252530000000000143e-01
4.467679999999999723e+02 2.192880000000000107e-01 3.252590000000000203e-01
4.468679999999999950e+02 2.192910000000000137e-01 3.252490000000000103e-01
4.469680000000000177e+02 2.192800000000000027e-01 3.252559999999999896e-01
4.470679999999999836e+02 2.192699999999999927e-01 3.252630000000000243e-01
4.471680000000000064e+02 2.192820000000000047e-01 3.252780000000000116e-01
4.472679999999999723e+02 2.192719999999999947e-01 3.252849999999999908e-01
4.473679999999999950e+02 2.192610000000000114e-01 3.252920000000000256e-01
4.474680000000000177e+02 2.192600000000000104e-01 3.253139999999999921e-01
4.475679999999999836e+02 2.192489999999999994e-01 3.253199999999999981e-01
4.476680000000000064e+02 2.192389999999999894e-01 3.253269999999999773e-01
4.477679999999999723e+02 2.191919999999999980e-01 3.253349999999999853e-01
4.478679999999999950e+02 2.191809999999999869e-01 3.253420000000000201e-01
4.479680000000000177e+02 2.191710000000000047e-01 3.253489999999999993e-01
4.480679999999999836e+02 2.191629999999999967e-01 3.253420000000000201e-01
4.481680000000000064e+02 2.191529999999999867e-01 3.253489999999999993e-01
4.482679999999999723e+02 2.191420000000000035e-01 3.253559999999999786e-01
4.483679999999999950e+02 2.191480000000000095e-01 3.253599999999999826e-01
4.484680000000000177e+02 2.191369999999999985e-01 3.253659999999999886e-01
4.485679999999999836e+02 2.191269999999999885e-01 3.253730000000000233e-01
4.486680000000000064e+02 2.191299999999999915e-01 3.253900000000000126e-01
4.487679999999999723e+02 2.191190000000000082e-01 3.253969999999999918e-01
4.488679999999999950e+02 2.191089999999999982e-01 3.254040000000000266e-01
4.489680000000000177e+02 2.190789999999999960e-01 3.254170000000000118e-01
4.490679999999999836e+02 2.190690000000000137e-01 3.254230000000000178e-01
4.491680000000000064e+02 2.190580000000000027e-01 3.254299999999999971e-01
4.492679999999999723e+02 2.190400000000000125e-01 3.254299999999999971e-01
4.493679999999999950e+02 2.190300000000000025e-01 3.254369999999999763e-01
4.494680000000000177e+02 2.190189999999999915e-01 3.254440000000000111e-01
4.495679999999999836e+02 2.190179999999999905e-01 3.254449999999999843e-01
4.496680000000000064e+02 2.190080000000000082e-01 3.254520000000000191e-01
4.497679999999999723e+02 2.189969999999999972e-01 3.254589999999999983e-01
4.498679999999999950e+02 2.189979999999999982e-01 3.254710000000000103e-01
4.499680000000000177e+02 2.189869999999999872e-01 3.254770000000000163e-01
4.500679999999999836e+02 2.189770000000000050e-01 3.254839999999999955e-01
4.501680000000000064e+02 2.189639999999999920e-01 3.254960000000000075e-01
4.502679999999999723e+02 2.189530000000000087e-01 3.255029999999999868e-01
4.503679999999999950e+02 2.189429999999999987e-01 3.255100000000000215e-01
4.504680000000000177e+02 2.189190000000000025e-01 3.255149999999999988e-01
4.505679999999999836e+02 2.189089999999999925e-01 3.255219999999999780e-01
4.506680000000000064e+02 2.188980000000000092e-01 3.255290000000000128e-01
4.507679999999999723e+02 2.188910000000000022e-01 3.255310000000000148e-01
4.508679999999999950e+02 2.188809999999999922e-01 3.255379999999999940e-01
4.509680000000000177e+02 2.188700000000000090e-01 3.255449999999999733e-01
4.510679999999999836e+02 2.188670000000000060e-01 3.255520000000000080e-01
4.511680000000000064e+02 2.188569999999999960e-01 3.255589999999999873e-01
4.512679999999999723e+02 2.188460000000000127e-01 3.255660000000000220e-01
4.513679999999999950e+02 2.188390000000000057e-01 3.255759999999999765e-01
4.514680000000000177e+02 2.188289999999999957e-01 3.255830000000000113e-01
4.515679999999999836e+02 2.188190000000000135e-01 3.255899999999999905e-01
4.516680000000000064e+02 2.187989999999999935e-01 3.255979999999999985e-01
4.517679999999999723e+02 2.187890000000000112e-01 3.256040000000000045e-01
4.518679999999999950e+02 2.187780000000000002e-01 3.256109999999999838e-01
4.519680000000000177e+02 2.187679999999999902e-01 3.256149999999999878e-01
4.520679999999999836e+02 2.187570000000000070e-01 3.256220000000000225e-01
4.521680000000000064e+02 2.187469999999999970e-01 3.256290000000000018e-01
4.522679999999999723e+02 2.187399999999999900e-01 3.256350000000000078e-01
4.523679999999999950e+02 2.187300000000000078e-01 3.256419999999999870e-01
4.524680000000000177e+02 2.187199999999999978e-01 3.256479999999999930e-01
4.525679999999999836e+02 2.187119999999999898e-01 3.256569999999999743e-01
4.526680000000000064e+02 2.187020000000000075e-01 3.256640000000000090e-01
4.527679999999999723e+02 2.186909999999999965e-01 3.256700000000000150e-01
4.528679999999999950e+02 2.186770000000000103e-01 3.256780000000000230e-01
4.529680000000000177e+02 2.186670000000000003e-01 3.256850000000000023e-01
4.530679999999999836e+02 2.186559999999999893e-01 3.256919999999999815e-01
4.531680000000000064e+02 2.186440000000000050e-01 3.256979999999999875e-01
4.532679999999999723e+02 2.186339999999999950e-01 3.257039999999999935e-01
4.533679999999999950e+02 2.186230000000000118e-01 3.257109999999999728e-01
4.534680000000000177e+02 2.186150000000000038e-01 3.257169999999999788e-01
4.535679999999999836e+02 2.186039999999999928e-01 3.257240000000000135e-01
4.536680000000000064e+02 2.185940000000000105e-01 3.257309999999999928e-01
4.537679999999999723e+02 2.185850000000000015e-01 3.257380000000000275e-01
4.538679999999999950e+02 2.185749999999999915e-01 3.257450000000000068e-01
4.539680000000000177e+02 2.185640000000000083e-01 3.257519999999999860e-01
4.540679999999999836e+02 2.185539999999999983e-01 3.257590000000000208e-01
4.541680000000000064e+02 2.185439999999999883e-01 3.257660000000000000e-01
4.542679999999999723e+02 2.185330000000000050e-01 3.257729999999999793e-01
4.543679999999999950e+02 2.185209999999999930e-01 3.257789999999999853e-01
4.544680000000000177e+02 2.185100000000000098e-01 3.257860000000000200e-01
4.545679999999999836e+02 2.184999999999999998e-01 3.257929999999999993e-01
4.546680000000000064e+02 2.184899999999999898e-01 3.257990000000000053e-01
4.547679999999999723e+02 2.184790000000000065e-01 3.258059999999999845e-01
4.548679999999999950e+02 2.184689999999999965e-01 3.258130000000000193e-01
4.549680000000000177e+02 2.184599999999999875e-01 3.258190000000000253e-01
4.550679999999999836e+02 2.184490000000000043e-01 3.258260000000000045e-01
4.551680000000000064e+02 2.184389999999999943e-01 3.258329999999999838e-01
4.552679999999999723e+02 2.184290000000000120e-01 3.258400000000000185e-01
4.553679999999999950e+02 2.184180000000000010e-01 3.258469999999999978e-01
4.554680000000000177e+02 2.184079999999999910e-01 3.258530000000000038e-01
4.555679999999999836e+02 2.183970000000000078e-01 3.258599999999999830e-01
4.556680000000000064e+02 2.183859999999999968e-01 3.258670000000000178e-01
4.558949999999999818e+02 2.183630000000000015e-01 3.258820000000000050e-01
4.559950000000000045e+02 2.183519999999999905e-01 3.258889999999999842e-01
4.560950000000000273e+02 2.183420000000000083e-01 3.258949999999999902e-01
4.560950000000000273e+02 2.183420000000000083e-01 3.258949999999999902e-01
4.561050000000000182e+02 2.183410000000000073e-01 3.258960000000000190e-01
4.561250000000000000e+02 2.183390000000000053e-01 3.258969999999999922e-01
4.561650000000000205e+02 2.183350000000000013e-01 3.259000000000000230e-01
4.562450000000000045e+02 2.183269999999999933e-01 3.259050000000000002e-01
4.563450000000000273e+02 2.183160000000000101e-01 3.259119999999999795e-01
4.564449999999999932e+02 2.183060000000000000e-01 3.259190000000000142e-01
4.565450000000000159e+02 2.182959999999999900e-01 3.259259999999999935e-01
4.566449999999999818e+02 2.182860000000000078e-01 3.259319999999999995e-01
4.567450000000000045e+02 2.182739999999999958e-01 3.259389999999999787e-01
4.568450000000000273e+02 2.182640000000000136e-01 3.259460000000000135e-01
4.569449999999999932e+02 2.182540000000000036e-01 3.259529999999999927e-01
4.570450000000000159e+02 2.182429999999999926e-01 3.259589999999999987e-01
4.571449999999999818e+02 2.182330000000000103e-01 3.259659999999999780e-01
4.572450000000000045e+02 2.182219999999999993e-01 3.259730000000000127e-01
4.573450000000000273e+02 2.182119999999999893e-01 3.259790000000000187e-01
4.574449999999999932e+02 2.182020000000000071e-01 3.259859999999999980e-01
4.575450000000000159e+02 2.181919999999999971e-01 3.259929999999999772e-01
4.576449999999999818e+02 2.181819999999999871e-01 3.259989999999999832e-01
4.577450000000000045e+02 2.181710000000000038e-01 3.260060000000000180e-01
4.578450000000000273e+02 2.181609999999999938e-01 3.260129999999999972e-01
4.579449999999999932e+02 2.181500000000000106e-01 3.260199999999999765e-01
4.580450000000000159e+02 2.181400000000000006e-01 3.260259999999999825e-01
4.581449999999999818e+02 2.181299999999999906e-01 3.260330000000000172e-01
4.582450000000000045e+02 2.181190000000000073e-01 3.260399999999999965e-01
4.583450000000000273e+02 2.181089999999999973e-01 3.260460000000000025e-01
4.584449999999999932e+02 2.180989999999999873e-01 3.260529999999999817e-01
4.585450000000000159e+02 2.180880000000000041e-01 3.260600000000000165e-01
4.586449999999999818e+02 2.180779999999999941e-01 3.260660000000000225e-01
4.587450000000000045e+02 2.180680000000000118e-01 3.260730000000000017e-01
4.588450000000000273e+02 2.180570000000000008e-01 3.260799999999999810e-01
4.589449999999999932e+02 2.180469999999999908e-01 3.260859999999999870e-01
4.590450000000000159e+02 2.180370000000000086e-01 3.260930000000000217e-01
4.591449999999999818e+02 2.180259999999999976e-01 3.261000000000000010e-01
4.592450000000000045e+02 2.180159999999999876e-01 3.261069999999999802e-01
4.593450000000000273e+02 2.180060000000000053e-01 3.261129999999999862e-01
4.594449999999999932e+02 2.179949999999999943e-01 3.261200000000000210e-01
4.595450000000000159e+02 2.179850000000000121e-01 3.261270000000000002e-01
4.596449999999999818e+02 2.179750000000000021e-01 3.261330000000000062e-01
4.597450000000000045e+02 2.179639999999999911e-01 3.261399999999999855e-01
4.598450000000000273e+02 2.179540000000000088e-01 3.261470000000000202e-01
4.599449999999999932e+02 2.179439999999999988e-01 3.261530000000000262e-01
4.600450000000000159e+02 2.179329999999999878e-01 3.261600000000000055e-01
4.601449999999999818e+02 2.179230000000000056e-01 3.261669999999999847e-01
4.602450000000000045e+02 2.179129999999999956e-01 3.261729999999999907e-01
4.603450000000000273e+02 2.179020000000000123e-01 3.261800000000000255e-01
4.604449999999999932e+02 2.178920000000000023e-01 3.261870000000000047e-01
4.605450000000000159e+02 2.178819999999999923e-01 3.261930000000000107e-01
4.606449999999999818e+02 2.178710000000000091e-01 3.261999999999999900e-01
4.607450000000000045e+02 2.178609999999999991e-01 3.262070000000000247e-01
4.608450000000000273e+02 2.178509999999999891e-01 3.262129999999999752e-01
4.609449999999999932e+02 2.178400000000000059e-01 3.262200000000000100e-01
4.610450000000000159e+02 2.178299999999999959e-01 3.262269999999999892e-01
4.611449999999999818e+02 2.178200000000000136e-01 3.262329999999999952e-01
4.612450000000000045e+02 2.178100000000000036e-01 3.262399999999999745e-01
4.613450000000000273e+02 2.177989999999999926e-01 3.262470000000000092e-01
4.614449999999999932e+02 2.177890000000000104e-01 3.262530000000000152e-01
4.615450000000000159e+02 2.177790000000000004e-01 3.262599999999999945e-01
4.616449999999999818e+02 2.177679999999999894e-01 3.262660000000000005e-01
4.617450000000000045e+02 2.177580000000000071e-01 3.262729999999999797e-01
4.618450000000000273e+02 2.177479999999999971e-01 3.262800000000000145e-01
4.619449999999999932e+02 2.177379999999999871e-01 3.262860000000000205e-01
4.620450000000000159e+02 2.177270000000000039e-01 3.262929999999999997e-01
4.621449999999999818e+02 2.177169999999999939e-01 3.262999999999999790e-01
4.622450000000000045e+02 2.177070000000000116e-01 3.263059999999999850e-01
4.623450000000000273e+02 2.176970000000000016e-01 3.263130000000000197e-01
4.624449999999999932e+02 2.176859999999999906e-01 3.263199999999999990e-01
4.625450000000000159e+02 2.176760000000000084e-01 3.263260000000000050e-01
4.626449999999999818e+02 2.176659999999999984e-01 3.263329999999999842e-01
4.627450000000000045e+02 2.176549999999999874e-01 3.263400000000000190e-01
4.628450000000000273e+02 2.176450000000000051e-01 3.263460000000000250e-01
4.629449999999999932e+02 2.176349999999999951e-01 3.263530000000000042e-01
4.630450000000000159e+02 2.176250000000000129e-01 3.263590000000000102e-01
4.631449999999999818e+02 2.176140000000000019e-01 3.263659999999999894e-01
4.632450000000000045e+02 2.176039999999999919e-01 3.263730000000000242e-01
4.633450000000000273e+02 2.175940000000000096e-01 3.263789999999999747e-01
4.634449999999999932e+02 2.175839999999999996e-01 3.263860000000000094e-01
4.635450000000000159e+02 2.175729999999999886e-01 3.263920000000000154e-01
4.636449999999999818e+02 2.175630000000000064e-01 3.263989999999999947e-01
4.637450000000000045e+02 2.175529999999999964e-01 3.264059999999999739e-01
4.638450000000000273e+02 2.175429999999999864e-01 3.264119999999999799e-01
4.639449999999999932e+02 2.175320000000000031e-01 3.264190000000000147e-01
4.640450000000000159e+02 2.175219999999999931e-01 3.264259999999999939e-01
4.641449999999999818e+02 2.175120000000000109e-01 3.264319999999999999e-01
4.642450000000000045e+02 2.175020000000000009e-01 3.264389999999999792e-01
4.643450000000000273e+02 2.174909999999999899e-01 3.264449999999999852e-01
4.644449999999999932e+02 2.174810000000000076e-01 3.264520000000000199e-01
4.645450000000000159e+02 2.174709999999999976e-01 3.264589999999999992e-01
4.646449999999999818e+02 2.174609999999999876e-01 3.264650000000000052e-01
4.647450000000000045e+02 2.174510000000000054e-01 3.264719999999999844e-01
4.648450000000000273e+02 2.174399999999999944e-01 3.264779999999999904e-01
4.649449999999999932e+02 2.174300000000000122e-01 3.264850000000000252e-01
4.650450000000000159e+02 2.174200000000000021e-01 3.264920000000000044e-01
4.651449999999999818e+02 2.174099999999999921e-01 3.264980000000000104e-01
4.652450000000000045e+02 2.173990000000000089e-01 3.265049999999999897e-01
4.653450000000000273e+02 2.173889999999999989e-01 3.265109999999999957e-01
4.654449999999999932e+02 2.173789999999999889e-01 3.265179999999999749e-01
4.655450000000000159e+02 2.173690000000000067e-01 3.265250000000000097e-01
4.656449999999999818e+02 2.173589999999999967e-01 3.265310000000000157e-01
4.657450000000000045e+02 2.173480000000000134e-01 3.265379999999999949e-01
4.658450000000000273e+02 2.173380000000000034e-01 3.265440000000000009e-01
4.659449999999999932e+02 2.173279999999999934e-01 3.265509999999999802e-01
4.660450000000000159e+02 2.173180000000000112e-01 3.265580000000000149e-01
4.661449999999999818e+02 2.173070000000000002e-01 3.265640000000000209e-01
4.662450000000000045e+02 2.172969999999999902e-01 3.265710000000000002e-01
4.663450000000000273e+02 2.172870000000000079e-01 3.265770000000000062e-01
4.664449999999999932e+02 2.172769999999999979e-01 3.265839999999999854e-01
4.665450000000000159e+02 2.172669999999999879e-01 3.265899999999999914e-01
4.666449999999999818e+02 2.172560000000000047e-01 3.265970000000000262e-01
4.667450000000000045e+02 2.172459999999999947e-01 3.266040000000000054e-01
4.668450000000000273e+02 2.172360000000000124e-01 3.266100000000000114e-01
4.669449999999999932e+02 2.172260000000000024e-01 3.266169999999999907e-01
4.670450000000000159e+02 2.172159999999999924e-01 3.266229999999999967e-01
4.671449999999999818e+02 2.172050000000000092e-01 3.266299999999999759e-01
4.672450000000000045e+02 2.171949999999999992e-01 3.266359999999999819e-01
4.673450000000000273e+02 2.171849999999999892e-01 3.266430000000000167e-01
4.674449999999999932e+02 2.171750000000000069e-01 3.266499999999999959e-01
4.675450000000000159e+02 2.171649999999999969e-01 3.266560000000000019e-01
4.676449999999999818e+02 2.171540000000000137e-01 3.266629999999999812e-01
4.677450000000000045e+02 2.171440000000000037e-01 3.266689999999999872e-01
4.678450000000000273e+02 2.171339999999999937e-01 3.266760000000000219e-01
4.679449999999999932e+02 2.171240000000000114e-01 3.266819999999999724e-01
4.680450000000000159e+02 2.171140000000000014e-01 3.266890000000000072e-01
4.681449999999999818e+02 2.171029999999999904e-01 3.266959999999999864e-01
4.682450000000000045e+02 2.170930000000000082e-01 3.267019999999999924e-01
4.683450000000000273e+02 2.170829999999999982e-01 3.267090000000000272e-01
4.684449999999999932e+02 2.170729999999999882e-01 3.267149999999999777e-01
4.685450000000000159e+02 2.170630000000000059e-01 3.267220000000000124e-01
4.686449999999999818e+02 2.170529999999999959e-01 3.267280000000000184e-01
4.687450000000000045e+02 2.170420000000000127e-01 3.267349999999999977e-01
4.688450000000000273e+02 2.170320000000000027e-01 3.267410000000000037e-01
4.689449999999999932e+02 2.170219999999999927e-01 3.267479999999999829e-01
4.690450000000000159e+02 2.170120000000000104e-01 3.267539999999999889e-01
4.691449999999999818e+02 2.170009999999999994e-01 3.267610000000000237e-01
4.692450000000000045e+02 2.169909999999999894e-01 3.267669999999999741e-01
4.693450000000000273e+02 2.169810000000000072e-01 3.267740000000000089e-01
4.694449999999999932e+02 2.169709999999999972e-01 3.267809999999999881e-01
4.695450000000000159e+02 2.169609999999999872e-01 3.267869999999999941e-01
4.696449999999999818e+02 2.169500000000000040e-01 3.267939999999999734e-01
4.697450000000000045e+02 2.169399999999999940e-01 3.267999999999999794e-01
4.698450000000000273e+02 2.169300000000000117e-01 3.268070000000000142e-01
4.699449999999999932e+02 2.169190000000000007e-01 3.268130000000000202e-01
4.700450000000000159e+02 2.169089999999999907e-01 3.268199999999999994e-01
4.701449999999999818e+02 2.168990000000000085e-01 3.268260000000000054e-01
4.702450000000000045e+02 2.168879999999999975e-01 3.268329999999999846e-01
4.703450000000000273e+02 2.168779999999999875e-01 3.268389999999999906e-01
4.704449999999999932e+02 2.168680000000000052e-01 3.268460000000000254e-01
4.705450000000000159e+02 2.168569999999999942e-01 3.268519999999999759e-01
4.706449999999999818e+02 2.168470000000000120e-01 3.268590000000000106e-01
4.707450000000000045e+02 2.168370000000000020e-01 3.268650000000000166e-01
4.708450000000000273e+02 2.168249999999999900e-01 3.268719999999999959e-01
4.709449999999999932e+02 2.168150000000000077e-01 3.268780000000000019e-01
4.710450000000000159e+02 2.168049999999999977e-01 3.268849999999999811e-01
4.711449999999999818e+02 2.167949999999999877e-01 3.268909999999999871e-01
4.712450000000000045e+02 2.167850000000000055e-01 3.268980000000000219e-01
4.713450000000000273e+02 2.167749999999999955e-01 3.269039999999999724e-01
4.714449999999999932e+02 2.167669999999999875e-01 3.269110000000000071e-01
4.715450000000000159e+02 2.167570000000000052e-01 3.269170000000000131e-01
4.716449999999999818e+02 2.167469999999999952e-01 3.269239999999999924e-01
4.717450000000000045e+02 2.167370000000000130e-01 3.269299999999999984e-01
4.718450000000000273e+02 2.167270000000000030e-01 3.269369999999999776e-01
4.719449999999999932e+02 2.167169999999999930e-01 3.269429999999999836e-01
4.720450000000000159e+02 2.167060000000000097e-01 3.269500000000000184e-01
4.721449999999999818e+02 2.166959999999999997e-01 3.269560000000000244e-01
4.722450000000000045e+02 2.166859999999999897e-01 3.269630000000000036e-01
4.723450000000000273e+02 2.166760000000000075e-01 3.269690000000000096e-01
4.724449999999999932e+02 2.166659999999999975e-01 3.269759999999999889e-01
4.725450000000000159e+02 2.166569999999999885e-01 3.269819999999999949e-01
4.726449999999999818e+02 2.166470000000000062e-01 3.269880000000000009e-01
4.727450000000000045e+02 2.166369999999999962e-01 3.269949999999999801e-01
4.728450000000000273e+02 2.166269999999999862e-01 3.270009999999999861e-01
4.729449999999999932e+02 2.166180000000000050e-01 3.270080000000000209e-01
4.730450000000000159e+02 2.166079999999999950e-01 3.270140000000000269e-01
4.731449999999999818e+02 2.165980000000000127e-01 3.270210000000000061e-01
4.732450000000000045e+02 2.165880000000000027e-01 3.270270000000000121e-01
4.733450000000000273e+02 2.165779999999999927e-01 3.270339999999999914e-01
4.734449999999999932e+02 2.165680000000000105e-01 3.270399999999999974e-01
4.735450000000000159e+02 2.165580000000000005e-01 3.270469999999999766e-01
4.736449999999999818e+02 2.165479999999999905e-01 3.270529999999999826e-01
4.737450000000000045e+02 2.165380000000000082e-01 3.270589999999999886e-01
4.738450000000000273e+02 2.165279999999999982e-01 3.270660000000000234e-01
4.739449999999999932e+02 2.165179999999999882e-01 3.270719999999999739e-01
4.740450000000000159e+02 2.165080000000000060e-01 3.270790000000000086e-01
4.741449999999999818e+02 2.164989999999999970e-01 3.270850000000000146e-01
4.742450000000000045e+02 2.164889999999999870e-01 3.270919999999999939e-01
4.743450000000000273e+02 2.164790000000000048e-01 3.270979999999999999e-01
4.744449999999999932e+02 2.164699999999999958e-01 3.271049999999999791e-01
4.745450000000000159e+02 2.164600000000000135e-01 3.271109999999999851e-01
4.746449999999999818e+02 2.164500000000000035e-01 3.271180000000000199e-01
4.747450000000000045e+02 2.164389999999999925e-01 3.271240000000000259e-01
4.748450000000000273e+02 2.164300000000000113e-01 3.271299999999999764e-01
4.749449999999999932e+02 2.164200000000000013e-01 3.271370000000000111e-01
4.750450000000000159e+02 2.164099999999999913e-01 3.271430000000000171e-01
4.751449999999999818e+02 2.164000000000000090e-01 3.271499999999999964e-01
4.752450000000000045e+02 2.163899999999999990e-01 3.271560000000000024e-01
4.753450000000000273e+02 2.163809999999999900e-01 3.271629999999999816e-01
4.754449999999999932e+02 2.163710000000000078e-01 3.271689999999999876e-01
4.755450000000000159e+02 2.163609999999999978e-01 3.271760000000000224e-01
4.756449999999999818e+02 2.163519999999999888e-01 3.271819999999999729e-01
4.757450000000000045e+02 2.163420000000000065e-01 3.271879999999999789e-01
4.757450000000000045e+02 2.163420000000000065e-01 3.271879999999999789e-01
4.757549999999999955e+02 2.163410000000000055e-01 3.271890000000000076e-01
4.757749999999999773e+02 2.163390000000000035e-01 3.271899999999999809e-01
4.758149999999999977e+02 2.163349999999999995e-01 3.271930000000000116e-01
4.758949999999999818e+02 2.163269999999999915e-01 3.271979999999999889e-01
4.759950000000000045e+02 2.163170000000000093e-01 3.272039999999999949e-01
4.760950000000000273e+02 2.163069999999999993e-01 3.272109999999999741e-01
4.761949999999999932e+02 2.162969999999999893e-01 3.272169999999999801e-01
4.762950000000000159e+02 2.162870000000000070e-01 3.272229999999999861e-01
4.763949999999999818e+02 2.162779999999999980e-01 3.272300000000000209e-01
4.764950000000000045e+02 2.162679999999999880e-01 3.272360000000000269e-01
4.765950000000000273e+02 2.162580000000000058e-01 3.272430000000000061e-01
4.766949999999999932e+02 2.162479999999999958e-01 3.272490000000000121e-01
4.767950000000000159e+02 2.162380000000000135e-01 3.272559999999999913e-01
4.768949999999999818e+02 2.162290000000000045e-01 3.272619999999999973e-01
4.769950000000000045e+02 2.162189999999999945e-01 3.272680000000000033e-01
4.770950000000000273e+02 2.162090000000000123e-01 3.272749999999999826e-01
4.771949999999999932e+02 2.161990000000000023e-01 3.272809999999999886e-01
4.772950000000000159e+02 2.161899999999999933e-01 3.272869999999999946e-01
4.773949999999999818e+02 2.161800000000000110e-01 3.272939999999999738e-01
4.774950000000000045e+02 2.161700000000000010e-01 3.272999999999999798e-01
4.775950000000000273e+02 2.161599999999999910e-01 3.273070000000000146e-01
4.776949999999999932e+02 2.161500000000000088e-01 3.273130000000000206e-01
4.777950000000000159e+02 2.161399999999999988e-01 3.273190000000000266e-01
4.778949999999999818e+02 2.161309999999999898e-01 3.273260000000000058e-01
4.779950000000000045e+02 2.161210000000000075e-01 3.273320000000000118e-01
4.780950000000000273e+02 2.161109999999999975e-01 3.273389999999999911e-01
4.781949999999999932e+02 2.161009999999999875e-01 3.273449999999999971e-01
4.782950000000000159e+02 2.160920000000000063e-01 3.273510000000000031e-01
4.783949999999999818e+02 2.160819999999999963e-01 3.273579999999999823e-01
4.784950000000000045e+02 2.160719999999999863e-01 3.273639999999999883e-01
4.785950000000000273e+02 2.160620000000000041e-01 3.273699999999999943e-01
4.786949999999999932e+02 2.160519999999999941e-01 3.273769999999999736e-01
4.787950000000000159e+02 2.160430000000000128e-01 3.273829999999999796e-01
4.788949999999999818e+02 2.160330000000000028e-01 3.273900000000000143e-01
4.789950000000000045e+02 2.160229999999999928e-01 3.273960000000000203e-01
4.790950000000000273e+02 2.160140000000000116e-01 3.274020000000000263e-01
4.791949999999999932e+02 2.160040000000000016e-01 3.274090000000000056e-01
4.792950000000000159e+02 2.159939999999999916e-01 3.274150000000000116e-01
4.793949999999999818e+02 2.159840000000000093e-01 3.274210000000000176e-01
4.794950000000000045e+02 2.159739999999999993e-01 3.274279999999999968e-01
4.795950000000000273e+02 2.159649999999999903e-01 3.274340000000000028e-01
4.796949999999999932e+02 2.159550000000000081e-01 3.274400000000000088e-01
4.797950000000000159e+02 2.159449999999999981e-01 3.274469999999999881e-01
4.798949999999999818e+02 2.159349999999999881e-01 3.274529999999999941e-01
4.799950000000000045e+02 2.159260000000000068e-01 3.274590000000000001e-01
4.800950000000000273e+02 2.159159999999999968e-01 3.274659999999999793e-01
4.801949999999999932e+02 2.159059999999999868e-01 3.274719999999999853e-01
4.802950000000000159e+02 2.158970000000000056e-01 3.274779999999999913e-01
4.803949999999999818e+02 2.158869999999999956e-01 3.274850000000000261e-01
4.804950000000000045e+02 2.158770000000000133e-01 3.274909999999999766e-01
4.805950000000000273e+02 2.158670000000000033e-01 3.274969999999999826e-01
4.806949999999999932e+02 2.158579999999999943e-01 3.275040000000000173e-01
4.807950000000000159e+02 2.158480000000000121e-01 3.275100000000000233e-01
4.808949999999999818e+02 2.158380000000000021e-01 3.275159999999999738e-01
4.809950000000000045e+02 2.158279999999999921e-01 3.275230000000000086e-01
4.810950000000000273e+02 2.158190000000000108e-01 3.275290000000000146e-01
4.811949999999999932e+02 2.158090000000000008e-01 3.275350000000000206e-01
4.812950000000000159e+02 2.157989999999999908e-01 3.275419999999999998e-01
4.813949999999999818e+02 2.157890000000000086e-01 3.275480000000000058e-01
4.814950000000000045e+02 2.157799999999999996e-01 3.275540000000000118e-01
4.815950000000000273e+02 2.157699999999999896e-01 3.275609999999999911e-01
4.816949999999999932e+02 2.157600000000000073e-01 3.275669999999999971e-01
4.817950000000000159e+02 2.157509999999999983e-01 3.275730000000000031e-01
4.818949999999999818e+02 2.157409999999999883e-01 3.275799999999999823e-01
4.819950000000000045e+02 2.157310000000000061e-01 3.275859999999999883e-01
4.820950000000000273e+02 2.157219999999999971e-01 3.275919999999999943e-01
4.821949999999999932e+02 2.157119999999999871e-01 3.275989999999999736e-01
4.822950000000000159e+02 2.157020000000000048e-01 3.276049999999999796e-01
4.823949999999999818e+02 2.156919999999999948e-01 3.276109999999999856e-01
4.824950000000000045e+02 2.156830000000000136e-01 3.276180000000000203e-01
4.825950000000000273e+02 2.156730000000000036e-01 3.276240000000000263e-01
4.826949999999999932e+02 2.156629999999999936e-01 3.276299999999999768e-01
4.827950000000000159e+02 2.156540000000000123e-01 3.276359999999999828e-01
4.828949999999999818e+02 2.156440000000000023e-01 3.276430000000000176e-01
4.829950000000000045e+02 2.156339999999999923e-01 3.276490000000000236e-01
4.830950000000000273e+02 2.156250000000000111e-01 3.276549999999999740e-01
4.831949999999999932e+02 2.156150000000000011e-01 3.276620000000000088e-01
4.832950000000000159e+02 2.156049999999999911e-01 3.276680000000000148e-01
4.833949999999999818e+02 2.155960000000000099e-01 3.276740000000000208e-01
4.834950000000000045e+02 2.155859999999999999e-01 3.276810000000000000e-01
4.835950000000000273e+02 2.155759999999999899e-01 3.276870000000000061e-01
4.836949999999999932e+02 2.155670000000000086e-01 3.276930000000000121e-01
4.837950000000000159e+02 2.155569999999999986e-01 3.276990000000000181e-01
4.838949999999999818e+02 2.155469999999999886e-01 3.277059999999999973e-01
4.839950000000000045e+02 2.155380000000000074e-01 3.277120000000000033e-01
4.840950000000000273e+02 2.155279999999999974e-01 3.277180000000000093e-01
4.841949999999999932e+02 2.155179999999999874e-01 3.277240000000000153e-01
4.842950000000000159e+02 2.155090000000000061e-01 3.277309999999999945e-01
4.843949999999999818e+02 2.154989999999999961e-01 3.277370000000000005e-01
4.844950000000000045e+02 2.154890000000000139e-01 3.277430000000000065e-01
4.845950000000000273e+02 2.154800000000000049e-01 3.277499999999999858e-01
4.846949999999999932e+02 2.154699999999999949e-01 3.277559999999999918e-01
4.847950000000000159e+02 2.154600000000000126e-01 3.277619999999999978e-01
4.848949999999999818e+02 2.154510000000000036e-01 3.277680000000000038e-01
4.849950000000000045e+02 2.154409999999999936e-01 3.277749999999999830e-01
4.850950000000000273e+02 2.154310000000000114e-01 3.277809999999999890e-01
4.851949999999999932e+02 2.154220000000000024e-01 3.277869999999999950e-01
4.852950000000000159e+02 2.154119999999999924e-01 3.277930000000000010e-01
4.853949999999999818e+02 2.154020000000000101e-01 3.277999999999999803e-01
4.854950000000000045e+02 2.153930000000000011e-01 3.278059999999999863e-01
4.855950000000000273e+02 2.153829999999999911e-01 3.278119999999999923e-01
4.856949999999999932e+02 2.153740000000000099e-01 3.278179999999999983e-01
4.857950000000000159e+02 2.153639999999999999e-01 3.278249999999999775e-01
4.858949999999999818e+02 2.153539999999999899e-01 3.278309999999999835e-01
4.859950000000000045e+02 2.153450000000000086e-01 3.278369999999999895e-01
4.860950000000000273e+02 2.153349999999999986e-01 3.278429999999999955e-01
4.861949999999999932e+02 2.153249999999999886e-01 3.278490000000000015e-01
4.862950000000000159e+02 2.153160000000000074e-01 3.278559999999999808e-01
4.863949999999999818e+02 2.153059999999999974e-01 3.278619999999999868e-01
4.864950000000000045e+02 2.152969999999999884e-01 3.278679999999999928e-01
4.865950000000000273e+02 2.152870000000000061e-01 3.278739999999999988e-01
4.866949999999999932e+02 2.152769999999999961e-01 3.278809999999999780e-01
4.867950000000000159e+02 2.152679999999999871e-01 3.278869999999999840e-01
4.868949999999999818e+02 2.152580000000000049e-01 3.278929999999999900e-01
4.869950000000000045e+02 2.152489999999999959e-01 3.278989999999999960e-01
4.870950000000000273e+02 2.152390000000000136e-01 3.279050000000000020e-01
4.871949999999999932e+02 2.152290000000000036e-01 3.279110000000000080e-01
4.872950000000000159e+02 2.152199999999999946e-01 3.279179999999999873e-01
4.873949999999999818e+02 2.152100000000000124e-01 3.279239999999999933e-01
4.874950000000000045e+02 2.152010000000000034e-01 3.279299999999999993e-01
4.875950000000000273e+02 2.151909999999999934e-01 3.279360000000000053e-01
4.876949999999999932e+02 2.151810000000000112e-01 3.279420000000000113e-01
4.877950000000000159e+02 2.151720000000000022e-01 3.279480000000000173e-01
4.878949999999999818e+02 2.151619999999999922e-01 3.279549999999999965e-01
4.879950000000000045e+02 2.151530000000000109e-01 3.279610000000000025e-01
4.880950000000000273e+02 2.151430000000000009e-01 3.279659999999999798e-01
4.881949999999999932e+02 2.151329999999999909e-01 3.279730000000000145e-01
4.882950000000000159e+02 2.151240000000000097e-01 3.279790000000000205e-01
4.883949999999999818e+02 2.151150000000000007e-01 3.279830000000000245e-01
4.884950000000000045e+02 2.151059999999999917e-01 3.279889999999999750e-01
4.885950000000000273e+02 2.150960000000000094e-01 3.279949999999999810e-01
4.886949999999999932e+02 2.150859999999999994e-01 3.280089999999999950e-01
4.887950000000000159e+02 2.150759999999999894e-01 3.280150000000000010e-01
4.888949999999999818e+02 2.150670000000000082e-01 3.280210000000000070e-01
4.889950000000000045e+02 2.150569999999999982e-01 3.280230000000000090e-01
4.890950000000000273e+02 2.150479999999999892e-01 3.280299999999999883e-01
4.891949999999999932e+02 2.150380000000000069e-01 3.280359999999999943e-01
4.892950000000000159e+02 2.150289999999999979e-01 3.280420000000000003e-01
4.893949999999999818e+02 2.150189999999999879e-01 3.280480000000000063e-01
4.894950000000000045e+02 2.150100000000000067e-01 3.280540000000000123e-01
4.895950000000000273e+02 2.149999999999999967e-01 3.280640000000000223e-01
4.896949999999999932e+02 2.149909999999999877e-01 3.280699999999999728e-01
4.897950000000000159e+02 2.149810000000000054e-01 3.280759999999999788e-01
4.898949999999999818e+02 2.149729999999999974e-01 3.280770000000000075e-01
4.899950000000000045e+02 2.149629999999999874e-01 3.280830000000000135e-01
4.900950000000000273e+02 2.149540000000000062e-01 3.280890000000000195e-01
4.901949999999999932e+02 2.149429999999999952e-01 3.281020000000000048e-01
4.902950000000000159e+02 2.149339999999999862e-01 3.281080000000000108e-01
4.903949999999999818e+02 2.149240000000000039e-01 3.281140000000000168e-01
4.904950000000000045e+02 2.149169999999999969e-01 3.281129999999999880e-01
4.905950000000000273e+02 2.149079999999999879e-01 3.281189999999999940e-01
4.906949999999999932e+02 2.148990000000000067e-01 3.281259999999999732e-01
4.907950000000000159e+02 2.148859999999999937e-01 3.281410000000000160e-01
4.908949999999999818e+02 2.148770000000000124e-01 3.281479999999999952e-01
4.909950000000000045e+02 2.148670000000000024e-01 3.281540000000000012e-01
4.910950000000000273e+02 2.148619999999999974e-01 3.281499999999999972e-01
4.911949999999999932e+02 2.148529999999999884e-01 3.281560000000000032e-01
4.912950000000000159e+02 2.148430000000000062e-01 3.281620000000000092e-01
4.913949999999999818e+02 2.148299999999999932e-01 3.281800000000000272e-01
4.914950000000000045e+02 2.148200000000000109e-01 3.281859999999999777e-01
4.915950000000000273e+02 2.148110000000000019e-01 3.281919999999999837e-01
4.916949999999999932e+02 2.148039999999999949e-01 3.281890000000000085e-01
4.917950000000000159e+02 2.147940000000000127e-01 3.281959999999999877e-01
4.918949999999999818e+02 2.147850000000000037e-01 3.282019999999999937e-01
4.919950000000000045e+02 2.147729999999999917e-01 3.282149999999999790e-01
4.920950000000000273e+02 2.147630000000000094e-01 3.282220000000000137e-01
4.921949999999999932e+02 2.147540000000000004e-01 3.282280000000000197e-01
4.922950000000000159e+02 2.147449999999999914e-01 3.282280000000000197e-01
4.923949999999999818e+02 2.147360000000000102e-01 3.282340000000000257e-01
4.924950000000000045e+02 2.147260000000000002e-01 3.282399999999999762e-01
4.925950000000000273e+02 2.147159999999999902e-01 3.282490000000000130e-01
4.926949999999999932e+02 2.147070000000000090e-01 3.282559999999999922e-01
4.927950000000000159e+02 2.146969999999999990e-01 3.282619999999999982e-01
4.928949999999999818e+02 2.146879999999999900e-01 3.282640000000000002e-01
4.929950000000000045e+02 2.146790000000000087e-01 3.282709999999999795e-01
4.930950000000000273e+02 2.146689999999999987e-01 3.282769999999999855e-01
4.931949999999999932e+02 2.146589999999999887e-01 3.282840000000000202e-01
4.932950000000000159e+02 2.146500000000000075e-01 3.282900000000000262e-01
4.933949999999999818e+02 2.146409999999999985e-01 3.282959999999999767e-01
4.934950000000000045e+02 2.146309999999999885e-01 3.283010000000000095e-01
4.935950000000000273e+02 2.146220000000000072e-01 3.283070000000000155e-01
4.936949999999999932e+02 2.146119999999999972e-01 3.283130000000000215e-01
4.937950000000000159e+02 2.146029999999999882e-01 3.283190000000000275e-01
4.938949999999999818e+02 2.145940000000000070e-01 3.283249999999999780e-01
4.939950000000000045e+02 2.145839999999999970e-01 3.283309999999999840e-01
4.940950000000000273e+02 2.145749999999999880e-01 3.283369999999999900e-01
4.941949999999999932e+02 2.145650000000000057e-01 3.283429999999999960e-01
4.942950000000000159e+02 2.145559999999999967e-01 3.283490000000000020e-01
4.943949999999999818e+02 2.145469999999999877e-01 3.283539999999999792e-01
4.944950000000000045e+02 2.145370000000000055e-01 3.283599999999999852e-01
4.945950000000000273e+02 2.145279999999999965e-01 3.283659999999999912e-01
4.946949999999999932e+02 2.145179999999999865e-01 3.283739999999999992e-01
4.947950000000000159e+02 2.145090000000000052e-01 3.283800000000000052e-01
4.948949999999999818e+02 2.144999999999999962e-01 3.283860000000000112e-01
4.949950000000000045e+02 2.144899999999999862e-01 3.283909999999999885e-01
4.950950000000000273e+02 2.144810000000000050e-01 3.283969999999999945e-01
4.951949999999999932e+02 2.144719999999999960e-01 3.284030000000000005e-01
4.952950000000000159e+02 2.144620000000000137e-01 3.284099999999999797e-01
4.953949999999999818e+02 2.144530000000000047e-01 3.284170000000000145e-01
4.953949999999999818e+02 2.144530000000000047e-01 3.284170000000000145e-01
4.954049999999999727e+02 2.144520000000000037e-01 3.284170000000000145e-01
4.954250000000000114e+02 2.144500000000000017e-01 3.284179999999999877e-01
4.954649999999999750e+02 2.144459999999999977e-01 3.284199999999999897e-01
4.955450000000000159e+02 2.144389999999999907e-01 3.284250000000000225e-01
4.956449999999999818e+02 2.144290000000000085e-01 3.284309999999999730e-01
4.957450000000000045e+02 2.144199999999999995e-01 3.284369999999999790e-01
4.958450000000000273e+02 2.144109999999999905e-01 3.284429999999999850e-01
4.959449999999999932e+02 2.144010000000000082e-01 3.284489999999999910e-01
4.960450000000000159e+02 2.143919999999999992e-01 3.284549999999999970e-01
4.961449999999999818e+02 2.143829999999999902e-01 3.284610000000000030e-01
4.962450000000000045e+02 2.143730000000000080e-01 3.284670000000000090e-01
4.963450000000000273e+02 2.143639999999999990e-01 3.284730000000000150e-01
4.964449999999999932e+02 2.143549999999999900e-01 3.284790000000000210e-01
4.965450000000000159e+02 2.143450000000000077e-01 3.284850000000000270e-01
4.966449999999999818e+02 2.143359999999999987e-01 3.284909999999999775e-01
4.967450000000000045e+02 2.143269999999999897e-01 3.284969999999999835e-01
4.968450000000000273e+02 2.143170000000000075e-01 3.285040000000000182e-01
4.969449999999999932e+02 2.143079999999999985e-01 3.285089999999999955e-01
4.970450000000000159e+02 2.142989999999999895e-01 3.285150000000000015e-01
4.971449999999999818e+02 2.142890000000000073e-01 3.285210000000000075e-01
4.972450000000000045e+02 2.142799999999999983e-01 3.285279999999999867e-01
4.973450000000000273e+02 2.142709999999999892e-01 3.285339999999999927e-01
4.974449999999999932e+02 2.142610000000000070e-01 3.285399999999999987e-01
4.975450000000000159e+02 2.142519999999999980e-01 3.285460000000000047e-01
4.976449999999999818e+02 2.142429999999999890e-01 3.285520000000000107e-01
4.977450000000000045e+02 2.142330000000000068e-01 3.285580000000000167e-01
4.978450000000000273e+02 2.142239999999999978e-01 3.285640000000000227e-01
4.979449999999999932e+02 2.142149999999999888e-01 3.285699999999999732e-01
4.980450000000000159e+02 2.142060000000000075e-01 3.285759999999999792e-01
4.981449999999999818e+02 2.141959999999999975e-01 3.285819999999999852e-01
4.982450000000000045e+02 2.141869999999999885e-01 3.285879999999999912e-01
4.983450000000000273e+02 2.141780000000000073e-01 3.285939999999999972e-01
4.984449999999999932e+02 2.141679999999999973e-01 3.286000000000000032e-01
4.985450000000000159e+02 2.141589999999999883e-01 3.286060000000000092e-01
4.986449999999999818e+02 2.141500000000000070e-01 3.286120000000000152e-01
4.987450000000000045e+02 2.141399999999999970e-01 3.286180000000000212e-01
4.988450000000000273e+02 2.141309999999999880e-01 3.286240000000000272e-01
4.989449999999999932e+02 2.141220000000000068e-01 3.286299999999999777e-01
4.990450000000000159e+02 2.141129999999999978e-01 3.286359999999999837e-01
4.991449999999999818e+02 2.141029999999999878e-01 3.286419999999999897e-01
4.992450000000000045e+02 2.140940000000000065e-01 3.286479999999999957e-01
4.993450000000000273e+02 2.140849999999999975e-01 3.286540000000000017e-01
4.994449999999999932e+02 2.140759999999999885e-01 3.286600000000000077e-01
4.995450000000000159e+02 2.140660000000000063e-01 3.286660000000000137e-01
4.996449999999999818e+02 2.140569999999999973e-01 3.286720000000000197e-01
4.997450000000000045e+02 2.140479999999999883e-01 3.286780000000000257e-01
4.998450000000000273e+02 2.140390000000000070e-01 3.286839999999999762e-01
4.999449999999999932e+02 2.140289999999999970e-01 3.286899999999999822e-01
5.000450000000000159e+02 2.140199999999999880e-01 3.286959999999999882e-01
5.001449999999999818e+02 2.140110000000000068e-01 3.287019999999999942e-01
5.002450000000000045e+02 2.140019999999999978e-01 3.287080000000000002e-01
5.003450000000000273e+02 2.139919999999999878e-01 3.287140000000000062e-01
5.004449999999999932e+02 2.139830000000000065e-01 3.287200000000000122e-01
5.005450000000000159e+02 2.139739999999999975e-01 3.287260000000000182e-01
5.006449999999999818e+02 2.139649999999999885e-01 3.287320000000000242e-01
5.007450000000000045e+02 2.139550000000000063e-01 3.287379999999999747e-01
5.008450000000000273e+02 2.139459999999999973e-01 3.287439999999999807e-01
5.009449999999999932e+02 2.139369999999999883e-01 3.287499999999999867e-01
5.010450000000000159e+02 2.139280000000000070e-01 3.287559999999999927e-01
5.011449999999999818e+02 2.139189999999999980e-01 3.287619999999999987e-01
5.012450000000000045e+02 2.139089999999999880e-01 3.287680000000000047e-01
5.013450000000000273e+02 2.139000000000000068e-01 3.287740000000000107e-01
5.014449999999999932e+02 2.138909999999999978e-01 3.287800000000000167e-01
5.015450000000000159e+02 2.138819999999999888e-01 3.287860000000000227e-01
5.016449999999999818e+02 2.138720000000000065e-01 3.287919999999999732e-01
5.017450000000000045e+02 2.138629999999999975e-01 3.287979999999999792e-01
5.018450000000000273e+02 2.138539999999999885e-01 3.288039999999999852e-01
5.019449999999999932e+02 2.138450000000000073e-01 3.288099999999999912e-01
5.020450000000000159e+02 2.138359999999999983e-01 3.288159999999999972e-01
5.021449999999999818e+02 2.138259999999999883e-01 3.288220000000000032e-01
5.022450000000000045e+02 2.138170000000000071e-01 3.288280000000000092e-01
5.023450000000000273e+02 2.138079999999999981e-01 3.288340000000000152e-01
5.024449999999999932e+02 2.137989999999999891e-01 3.288400000000000212e-01
5.025450000000000159e+02 2.137900000000000078e-01 3.288460000000000272e-01
5.026449999999999818e+02 2.137809999999999988e-01 3.288519999999999777e-01
5.027450000000000045e+02 2.137709999999999888e-01 3.288579999999999837e-01
5.028450000000000273e+02 2.137620000000000076e-01 3.288639999999999897e-01
5.029449999999999932e+02 2.137529999999999986e-01 3.288699999999999957e-01
5.030450000000000159e+02 2.137439999999999896e-01 3.288760000000000017e-01
5.031449999999999818e+02 2.137350000000000083e-01 3.288820000000000077e-01
5.032450000000000045e+02 2.137259999999999993e-01 3.288880000000000137e-01
5.033450000000000273e+02 2.137159999999999893e-01 3.288940000000000197e-01
5.034449999999999932e+02 2.137070000000000081e-01 3.289000000000000257e-01
5.035450000000000159e+02 2.136979999999999991e-01 3.289059999999999762e-01
5.036449999999999818e+02 2.136889999999999901e-01 3.289119999999999822e-01
5.037450000000000045e+02 2.136800000000000088e-01 3.289179999999999882e-01
5.038450000000000273e+02 2.136709999999999998e-01 3.289230000000000209e-01
5.039449999999999932e+02 2.136609999999999898e-01 3.289290000000000269e-01
5.040450000000000159e+02 2.136520000000000086e-01 3.289349999999999774e-01
5.041449999999999818e+02 2.136429999999999996e-01 3.289409999999999834e-01
5.042450000000000045e+02 2.136339999999999906e-01 3.289469999999999894e-01
5.043450000000000273e+02 2.136250000000000093e-01 3.289529999999999954e-01
5.044449999999999932e+02 2.136160000000000003e-01 3.289590000000000014e-01
5.045450000000000159e+02 2.136069999999999913e-01 3.289650000000000074e-01
5.046449999999999818e+02 2.135980000000000101e-01 3.289710000000000134e-01
5.047450000000000045e+02 2.135880000000000001e-01 3.289770000000000194e-01
5.048450000000000273e+02 2.135789999999999911e-01 3.289830000000000254e-01
5.049449999999999932e+02 2.135700000000000098e-01 3.289889999999999759e-01
5.050450000000000159e+02 2.135610000000000008e-01 3.289949999999999819e-01
5.051449999999999818e+02 2.135519999999999918e-01 3.290009999999999879e-01
5.052450000000000045e+02 2.135430000000000106e-01 3.290069999999999939e-01
5.053450000000000273e+02 2.135340000000000016e-01 3.290120000000000267e-01
5.054449999999999932e+02 2.135249999999999926e-01 3.290179999999999771e-01
5.055450000000000159e+02 2.135150000000000103e-01 3.290239999999999831e-01
5.056449999999999818e+02 2.135060000000000013e-01 3.290299999999999891e-01
5.057450000000000045e+02 2.134969999999999923e-01 3.290359999999999951e-01
5.058450000000000273e+02 2.134880000000000111e-01 3.290420000000000011e-01
5.059449999999999932e+02 2.134790000000000021e-01 3.290480000000000071e-01
5.060450000000000159e+02 2.134699999999999931e-01 3.290540000000000131e-01
5.061449999999999818e+02 2.134610000000000118e-01 3.290600000000000191e-01
5.062450000000000045e+02 2.134520000000000028e-01 3.290649999999999964e-01
5.063450000000000273e+02 2.134429999999999938e-01 3.290710000000000024e-01
5.064449999999999932e+02 2.134340000000000126e-01 3.290770000000000084e-01
5.065450000000000159e+02 2.134250000000000036e-01 3.290830000000000144e-01
5.066449999999999818e+02 2.134159999999999946e-01 3.290890000000000204e-01
5.067450000000000045e+02 2.134060000000000124e-01 3.290950000000000264e-01
5.068450000000000273e+02 2.133970000000000034e-01 3.291009999999999769e-01
5.069449999999999932e+02 2.133879999999999943e-01 3.291069999999999829e-01
5.070450000000000159e+02 2.133790000000000131e-01 3.291129999999999889e-01
5.071449999999999818e+02 2.133700000000000041e-01 3.291180000000000216e-01
5.072450000000000045e+02 2.133609999999999951e-01 3.291240000000000276e-01
5.073450000000000273e+02 2.133520000000000139e-01 3.291299999999999781e-01
5.074449999999999932e+02 2.133430000000000049e-01 3.291359999999999841e-01
5.075450000000000159e+02 2.133339999999999959e-01 3.291419999999999901e-01
5.076449999999999818e+02 2.133249999999999869e-01 3.291479999999999961e-01
5.077450000000000045e+02 2.133160000000000056e-01 3.291540000000000021e-01
5.078450000000000273e+02 2.133069999999999966e-01 3.291600000000000081e-01
5.079449999999999932e+02 2.132979999999999876e-01 3.291660000000000141e-01
5.080450000000000159e+02 2.132890000000000064e-01 3.291709999999999914e-01
5.081449999999999818e+02 2.132799999999999974e-01 3.291769999999999974e-01
5.082450000000000045e+02 2.132709999999999884e-01 3.291830000000000034e-01
5.083450000000000273e+02 2.132620000000000071e-01 3.291890000000000094e-01
5.084449999999999932e+02 2.132529999999999981e-01 3.291950000000000154e-01
5.085450000000000159e+02 2.132439999999999891e-01 3.292010000000000214e-01
5.086449999999999818e+02 2.132350000000000079e-01 3.292059999999999986e-01
5.087450000000000045e+02 2.132259999999999989e-01 3.292120000000000046e-01
5.088450000000000273e+02 2.132169999999999899e-01 3.292180000000000106e-01
5.089449999999999932e+02 2.132080000000000086e-01 3.292240000000000166e-01
5.090450000000000159e+02 2.131989999999999996e-01 3.292300000000000226e-01
5.091449999999999818e+02 2.131899999999999906e-01 3.292359999999999731e-01
5.092450000000000045e+02 2.131810000000000094e-01 3.292419999999999791e-01
5.093450000000000273e+02 2.131720000000000004e-01 3.292470000000000119e-01
5.094449999999999932e+02 2.131629999999999914e-01 3.292530000000000179e-01
5.095450000000000159e+02 2.131540000000000101e-01 3.292590000000000239e-01
5.096449999999999818e+02 2.131450000000000011e-01 3.292649999999999744e-01
5.097450000000000045e+02 2.131359999999999921e-01 3.292709999999999804e-01
5.098450000000000273e+02 2.131270000000000109e-01 3.292769999999999864e-01
5.099449999999999932e+02 2.131180000000000019e-01 3.292820000000000191e-01
5.100450000000000159e+02 2.131089999999999929e-01 3.292880000000000251e-01
5.101449999999999818e+02 2.131000000000000116e-01 3.292939999999999756e-01
5.102450000000000045e+02 2.130910000000000026e-01 3.292999999999999816e-01
5.103450000000000273e+02 2.130819999999999936e-01 3.293059999999999876e-01
5.104449999999999932e+02 2.130730000000000124e-01 3.293119999999999936e-01
5.105450000000000159e+02 2.130640000000000034e-01 3.293170000000000264e-01
5.106449999999999818e+02 2.130549999999999944e-01 3.293229999999999769e-01
5.107450000000000045e+02 2.130460000000000131e-01 3.293289999999999829e-01
5.108450000000000273e+02 2.130370000000000041e-01 3.293349999999999889e-01
5.109449999999999932e+02 2.130279999999999951e-01 3.293409999999999949e-01
5.110450000000000159e+02 2.130189999999999861e-01 3.293460000000000276e-01
5.111449999999999818e+02 2.130100000000000049e-01 3.293519999999999781e-01
5.112450000000000045e+02 2.130009999999999959e-01 3.293579999999999841e-01
5.113450000000000273e+02 2.129919999999999869e-01 3.293639999999999901e-01
5.114449999999999932e+02 2.129830000000000056e-01 3.293699999999999961e-01
5.115450000000000159e+02 2.129739999999999966e-01 3.293760000000000021e-01
5.116449999999999818e+02 2.129649999999999876e-01 3.293809999999999794e-01
5.117450000000000045e+02 2.129560000000000064e-01 3.293869999999999854e-01
5.118450000000000273e+02 2.129469999999999974e-01 3.293929999999999914e-01
5.119449999999999932e+02 2.129379999999999884e-01 3.293989999999999974e-01
5.120449999999999591e+02 2.129300000000000082e-01 3.294039999999999746e-01
5.121449999999999818e+02 2.129209999999999992e-01 3.294099999999999806e-01
5.122450000000000045e+02 2.129119999999999902e-01 3.294159999999999866e-01
5.123450000000000273e+02 2.129030000000000089e-01 3.294219999999999926e-01
5.124450000000000500e+02 2.128939999999999999e-01 3.294279999999999986e-01
5.125449999999999591e+02 2.128849999999999909e-01 3.294329999999999758e-01
5.126449999999999818e+02 2.128760000000000097e-01 3.294389999999999818e-01
5.127450000000000045e+02 2.128670000000000007e-01 3.294449999999999878e-01
5.128450000000000273e+02 2.128579999999999917e-01 3.294509999999999939e-01
5.129450000000000500e+02 2.128490000000000104e-01 3.294560000000000266e-01
5.130449999999999591e+02 2.128410000000000024e-01 3.294619999999999771e-01
5.131449999999999818e+02 2.128319999999999934e-01 3.294679999999999831e-01
5.132450000000000045e+02 2.128230000000000122e-01 3.294739999999999891e-01
5.133450000000000273e+02 2.128140000000000032e-01 3.294799999999999951e-01
5.134450000000000500e+02 2.128049999999999942e-01 3.294849999999999723e-01
5.135449999999999591e+02 2.127960000000000129e-01 3.294909999999999783e-01
5.136449999999999818e+02 2.127870000000000039e-01 3.294969999999999843e-01
5.137450000000000045e+02 2.127779999999999949e-01 3.295029999999999903e-01
5.138450000000000273e+02 2.127690000000000137e-01 3.295080000000000231e-01
5.139450000000000500e+02 2.127610000000000057e-01 3.295139999999999736e-01
5.140449999999999591e+02 2.127519999999999967e-01 3.295199999999999796e-01
5.141449999999999818e+02 2.127429999999999877e-01 3.295259999999999856e-01
5.142450000000000045e+02 2.127340000000000064e-01 3.295310000000000183e-01
5.143450000000000273e+02 2.127249999999999974e-01 3.295370000000000243e-01
5.144450000000000500e+02 2.127159999999999884e-01 3.295429999999999748e-01
5.145449999999999591e+02 2.127070000000000072e-01 3.295489999999999808e-01
5.146449999999999818e+02 2.126989999999999992e-01 3.295540000000000136e-01
5.147450000000000045e+02 2.126899999999999902e-01 3.295600000000000196e-01
5.148450000000000273e+02 2.126810000000000089e-01 3.295660000000000256e-01
5.149450000000000500e+02 2.126719999999999999e-01 3.295710000000000028e-01
5.150449999999999591e+02 2.126629999999999909e-01 3.295770000000000088e-01
5.150449999999999591e+02 2.126629999999999909e-01 3.295770000000000088e-01
5.150549999999999500e+02 2.126619999999999899e-01 3.295779999999999821e-01
5.150750000000000455e+02 2.126609999999999889e-01 3.295790000000000108e-01
5.151150000000000091e+02 2.126570000000000127e-01 3.295810000000000128e-01
5.151950000000000500e+02 2.126500000000000057e-01 3.295859999999999901e-01
5.152949999999999591e+02 2.126409999999999967e-01 3.295919999999999961e-01
5.153949999999999818e+02 2.126319999999999877e-01 3.295969999999999733e-01
5.154950000000000045e+02 2.126230000000000064e-01 3.296029999999999793e-01
5.155950000000000273e+02 2.126149999999999984e-01 3.296089999999999853e-01
5.156950000000000500e+02 2.126059999999999894e-01 3.296140000000000181e-01
5.157949999999999591e+02 2.125970000000000082e-01 3.296200000000000241e-01
5.158949999999999818e+02 2.125879999999999992e-01 3.296259999999999746e-01
5.159950000000000045e+02 2.125789999999999902e-01 3.296310000000000073e-01
5.160950000000000273e+02 2.125710000000000099e-01 3.296370000000000133e-01
5.161950000000000500e+02 2.125620000000000009e-01 3.296430000000000193e-01
5.162949999999999591e+02 2.125529999999999919e-01 3.296490000000000253e-01
5.163949999999999818e+02 2.125440000000000107e-01 3.296540000000000026e-01
5.164950000000000045e+02 2.125350000000000017e-01 3.296600000000000086e-01
5.165950000000000273e+02 2.125269999999999937e-01 3.296660000000000146e-01
5.166950000000000500e+02 2.125180000000000125e-01 3.296709999999999918e-01
5.167949999999999591e+02 2.125090000000000034e-01 3.296769999999999978e-01
5.168949999999999818e+02 2.124999999999999944e-01 3.296830000000000038e-01
5.169950000000000045e+02 2.124910000000000132e-01 3.296890000000000098e-01
5.170950000000000273e+02 2.124830000000000052e-01 3.296939999999999871e-01
5.171950000000000500e+02 2.124739999999999962e-01 3.296999999999999931e-01
5.172949999999999591e+02 2.124649999999999872e-01 3.297059999999999991e-01
5.173949999999999818e+02 2.124560000000000060e-01 3.297109999999999763e-01
5.174950000000000045e+02 2.124479999999999980e-01 3.297169999999999823e-01
5.175950000000000273e+02 2.124389999999999890e-01 3.297229999999999883e-01
5.176950000000000500e+02 2.124300000000000077e-01 3.297280000000000211e-01
5.177949999999999591e+02 2.124209999999999987e-01 3.297340000000000271e-01
5.178949999999999818e+02 2.124119999999999897e-01 3.297399999999999776e-01
5.179950000000000045e+02 2.124040000000000095e-01 3.297450000000000103e-01
5.180950000000000273e+02 2.123950000000000005e-01 3.297510000000000163e-01
5.181950000000000500e+02 2.123859999999999915e-01 3.297570000000000223e-01
5.182949999999999591e+02 2.123780000000000112e-01 3.297619999999999996e-01
5.183949999999999818e+02 2.123690000000000022e-01 3.297680000000000056e-01
5.184950000000000045e+02 2.123599999999999932e-01 3.297740000000000116e-01
5.185950000000000273e+02 2.123510000000000120e-01 3.297789999999999888e-01
5.186950000000000500e+02 2.123430000000000040e-01 3.297849999999999948e-01
5.187949999999999591e+02 2.123339999999999950e-01 3.297910000000000008e-01
5.188949999999999818e+02 2.123250000000000137e-01 3.297959999999999781e-01
5.189950000000000045e+02 2.123160000000000047e-01 3.298019999999999841e-01
5.190950000000000273e+02 2.123079999999999967e-01 3.298079999999999901e-01
5.191950000000000500e+02 2.122989999999999877e-01 3.298130000000000228e-01
5.192949999999999591e+02 2.122900000000000065e-01 3.298189999999999733e-01
5.193949999999999818e+02 2.122819999999999985e-01 3.298249999999999793e-01
5.194950000000000045e+02 2.122729999999999895e-01 3.298300000000000121e-01
5.195950000000000273e+02 2.122640000000000082e-01 3.298360000000000181e-01
5.196950000000000500e+02 2.122549999999999992e-01 3.298420000000000241e-01
5.197949999999999591e+02 2.122469999999999912e-01 3.298470000000000013e-01
5.198949999999999818e+02 2.122380000000000100e-01 3.298530000000000073e-01
5.199950000000000045e+02 2.122290000000000010e-01 3.298579999999999846e-01
5.200950000000000273e+02 2.122209999999999930e-01 3.298639999999999906e-01
5.201950000000000500e+02 2.122120000000000117e-01 3.298699999999999966e-01
5.202949999999999591e+02 2.122030000000000027e-01 3.298749999999999738e-01
5.203949999999999818e+02 2.121949999999999947e-01 3.298809999999999798e-01
5.204950000000000045e+02 2.121860000000000135e-01 3.298860000000000126e-01
5.205950000000000273e+02 2.121770000000000045e-01 3.298920000000000186e-01
5.206950000000000500e+02 2.121689999999999965e-01 3.298980000000000246e-01
5.207949999999999591e+02 2.121599999999999875e-01 3.299030000000000018e-01
5.208949999999999818e+02 2.121510000000000062e-01 3.299090000000000078e-01
5.209950000000000045e+02 2.121429999999999982e-01 3.299150000000000138e-01
5.210950000000000273e+02 2.121339999999999892e-01 3.299199999999999910e-01
5.211950000000000500e+02 2.121250000000000080e-01 3.299259999999999970e-01
5.212949999999999591e+02 2.121170000000000000e-01 3.299320000000000030e-01
5.213949999999999818e+02 2.121079999999999910e-01 3.299369999999999803e-01
5.214950000000000045e+02 2.120990000000000097e-01 3.299429999999999863e-01
5.215950000000000273e+02 2.120910000000000017e-01 3.299480000000000190e-01
5.216950000000000500e+02 2.120819999999999927e-01 3.299540000000000251e-01
5.217949999999999591e+02 2.120730000000000115e-01 3.299590000000000023e-01
5.218949999999999818e+02 2.120650000000000035e-01 3.299650000000000083e-01
5.219950000000000045e+02 2.120559999999999945e-01 3.299710000000000143e-01
5.220950000000000273e+02 2.120479999999999865e-01 3.299759999999999915e-01
5.221950000000000500e+02 2.120390000000000053e-01 3.299819999999999975e-01
5.222949999999999591e+02 2.120299999999999963e-01 3.299869999999999748e-01
5.223949999999999818e+02 2.120219999999999883e-01 3.299929999999999808e-01
5.224950000000000045e+02 2.120130000000000070e-01 3.299989999999999868e-01
5.225950000000000273e+02 2.120039999999999980e-01 3.300040000000000195e-01
5.226950000000000500e+02 2.119959999999999900e-01 3.300100000000000255e-01
5.227949999999999591e+02 2.119870000000000088e-01 3.300150000000000028e-01
5.228949999999999818e+02 2.119790000000000008e-01 3.300210000000000088e-01
5.229950000000000045e+02 2.119699999999999918e-01 3.300259999999999860e-01
5.230950000000000273e+02 2.119610000000000105e-01 3.300319999999999920e-01
5.231950000000000500e+02 2.119530000000000025e-01 3.300370000000000248e-01
5.232949999999999591e+02 2.119439999999999935e-01 3.300429999999999753e-01
5.233949999999999818e+02 2.119360000000000133e-01 3.300489999999999813e-01
5.234950000000000045e+02 2.119270000000000043e-01 3.300540000000000140e-01
5.235950000000000273e+02 2.119179999999999953e-01 3.300600000000000200e-01
5.236950000000000500e+02 2.119089999999999863e-01 3.300660000000000260e-01
5.237949999999999591e+02 2.119010000000000060e-01 3.300710000000000033e-01
5.238949999999999818e+02 2.118919999999999970e-01 3.300759999999999805e-01
5.239950000000000045e+02 2.118829999999999880e-01 3.300819999999999865e-01
5.240950000000000273e+02 2.118740000000000068e-01 3.300870000000000193e-01
5.241950000000000500e+02 2.118649999999999978e-01 3.300930000000000253e-01
5.242949999999999591e+02 2.118559999999999888e-01 3.300989999999999758e-01
5.243949999999999818e+02 2.118470000000000075e-01 3.301040000000000085e-01
5.244950000000000045e+02 2.118389999999999995e-01 3.301100000000000145e-01
5.245950000000000273e+02 2.118299999999999905e-01 3.301160000000000205e-01
5.246950000000000500e+02 2.118210000000000093e-01 3.301229999999999998e-01
5.247949999999999591e+02 2.118120000000000003e-01 3.301290000000000058e-01
5.248949999999999818e+02 2.118029999999999913e-01 3.301350000000000118e-01
5.249950000000000045e+02 2.117940000000000100e-01 3.301419999999999910e-01
5.250950000000000273e+02 2.117860000000000020e-01 3.301490000000000258e-01
5.251950000000000500e+02 2.117769999999999930e-01 3.301549999999999763e-01
5.252949999999999591e+02 2.117680000000000118e-01 3.301620000000000110e-01
5.253949999999999818e+02 2.117590000000000028e-01 3.301689999999999903e-01
5.254950000000000045e+02 2.117499999999999938e-01 3.301749999999999963e-01
5.255950000000000273e+02 2.117410000000000125e-01 3.301819999999999755e-01
5.256950000000000500e+02 2.117330000000000045e-01 3.301879999999999815e-01
5.257949999999999591e+02 2.117239999999999955e-01 3.301950000000000163e-01
5.258949999999999818e+02 2.117149999999999865e-01 3.302019999999999955e-01
5.259950000000000045e+02 2.117060000000000053e-01 3.302080000000000015e-01
5.260950000000000273e+02 2.116969999999999963e-01 3.302149999999999808e-01
5.261950000000000500e+02 2.116889999999999883e-01 3.302220000000000155e-01
5.262949999999999591e+02 2.116800000000000070e-01 3.302280000000000215e-01
5.263949999999999818e+02 2.116709999999999980e-01 3.302340000000000275e-01
5.264950000000000045e+02 2.116619999999999890e-01 3.302410000000000068e-01
5.265950000000000273e+02 2.116530000000000078e-01 3.302479999999999860e-01
5.266950000000000500e+02 2.116449999999999998e-01 3.302539999999999920e-01
5.267949999999999591e+02 2.116359999999999908e-01 3.302610000000000268e-01
5.268949999999999818e+02 2.116270000000000095e-01 3.302669999999999773e-01
5.269950000000000045e+02 2.116180000000000005e-01 3.302740000000000120e-01
5.270950000000000273e+02 2.116089999999999915e-01 3.302809999999999913e-01
5.271950000000000500e+02 2.116010000000000113e-01 3.302869999999999973e-01
5.272949999999999591e+02 2.115920000000000023e-01 3.302930000000000033e-01
5.273949999999999818e+02 2.115829999999999933e-01 3.302999999999999825e-01
5.274950000000000045e+02 2.115740000000000121e-01 3.303070000000000173e-01
5.275950000000000273e+02 2.115660000000000041e-01 3.303130000000000233e-01
5.276950000000000500e+02 2.115569999999999951e-01 3.303200000000000025e-01
5.277949999999999591e+02 2.115480000000000138e-01 3.303260000000000085e-01
5.278949999999999818e+02 2.115390000000000048e-01 3.303329999999999878e-01
5.279950000000000045e+02 2.115309999999999968e-01 3.303400000000000225e-01
5.280950000000000273e+02 2.115219999999999878e-01 3.303459999999999730e-01
5.281950000000000500e+02 2.115130000000000066e-01 3.303519999999999790e-01
5.282949999999999591e+02 2.115039999999999976e-01 3.303590000000000138e-01
5.283949999999999818e+02 2.114959999999999896e-01 3.303659999999999930e-01
5.284950000000000045e+02 2.114870000000000083e-01 3.303719999999999990e-01
5.285950000000000273e+02 2.114779999999999993e-01 3.303789999999999782e-01
5.286950000000000500e+02 2.114689999999999903e-01 3.303849999999999842e-01
5.287949999999999591e+02 2.114610000000000101e-01 3.303920000000000190e-01
5.288949999999999818e+02 2.114520000000000011e-01 3.303989999999999982e-01
5.289950000000000045e+02 2.114429999999999921e-01 3.304050000000000042e-01
5.290950000000000273e+02 2.114340000000000108e-01 3.304110000000000102e-01
5.291950000000000500e+02 2.114260000000000028e-01 3.304179999999999895e-01
5.292949999999999591e+02 2.114169999999999938e-01 3.304250000000000242e-01
5.293949999999999818e+02 2.114080000000000126e-01 3.304309999999999747e-01
5.294950000000000045e+02 2.114000000000000046e-01 3.304380000000000095e-01
5.295950000000000273e+02 2.113909999999999956e-01 3.304440000000000155e-01
5.296950000000000500e+02 2.113819999999999866e-01 3.304509999999999947e-01
5.297949999999999591e+02 2.113730000000000053e-01 3.304570000000000007e-01
5.298949999999999818e+02 2.113649999999999973e-01 3.304639999999999800e-01
5.299950000000000045e+02 2.113559999999999883e-01 3.304699999999999860e-01
5.300950000000000273e+02 2.113470000000000071e-01 3.304770000000000207e-01
5.301950000000000500e+02 2.113389999999999991e-01 3.304830000000000267e-01
5.302949999999999591e+02 2.113299999999999901e-01 3.304900000000000060e-01
5.303949999999999818e+02 2.113210000000000088e-01 3.304969999999999852e-01
5.304950000000000045e+02 2.113130000000000008e-01 3.305029999999999912e-01
5.305950000000000273e+02 2.113039999999999918e-01 3.305089999999999972e-01
5.306950000000000500e+02 2.112950000000000106e-01 3.305159999999999765e-01
5.307949999999999591e+02 2.112870000000000026e-01 3.305219999999999825e-01
5.308949999999999818e+02 2.112779999999999936e-01 3.305290000000000172e-01
5.309950000000000045e+02 2.112690000000000123e-01 3.305359999999999965e-01
5.310950000000000273e+02 2.112600000000000033e-01 3.305420000000000025e-01
5.311950000000000500e+02 2.112519999999999953e-01 3.305480000000000085e-01
5.312949999999999591e+02 2.112429999999999863e-01 3.305549999999999877e-01
5.313949999999999818e+02 2.112350000000000061e-01 3.305609999999999937e-01
5.314950000000000045e+02 2.112259999999999971e-01 3.305679999999999730e-01
5.315950000000000273e+02 2.112169999999999881e-01 3.305750000000000077e-01
5.316950000000000500e+02 2.112090000000000078e-01 3.305810000000000137e-01
5.317949999999999591e+02 2.111999999999999988e-01 3.305870000000000197e-01
5.318949999999999818e+02 2.111909999999999898e-01 3.305939999999999990e-01
5.319950000000000045e+02 2.111830000000000096e-01 3.306000000000000050e-01
5.320950000000000273e+02 2.111740000000000006e-01 3.306069999999999842e-01
5.321950000000000500e+02 2.111649999999999916e-01 3.306140000000000190e-01
5.322949999999999591e+02 2.111570000000000114e-01 3.306200000000000250e-01
5.323949999999999818e+02 2.111480000000000024e-01 3.306259999999999755e-01
5.324950000000000045e+02 2.111389999999999934e-01 3.306330000000000102e-01
5.325950000000000273e+02 2.111310000000000131e-01 3.306390000000000162e-01
5.326950000000000500e+02 2.111220000000000041e-01 3.306459999999999955e-01
5.327949999999999591e+02 2.111129999999999951e-01 3.306520000000000015e-01
5.328949999999999818e+02 2.111049999999999871e-01 3.306589999999999807e-01
5.329950000000000045e+02 2.110960000000000059e-01 3.306649999999999867e-01
5.330950000000000273e+02 2.110879999999999979e-01 3.306720000000000215e-01
5.331950000000000500e+02 2.110789999999999889e-01 3.306780000000000275e-01
5.332949999999999591e+02 2.110700000000000076e-01 3.306839999999999780e-01
5.333949999999999818e+02 2.110619999999999996e-01 3.306910000000000127e-01
5.334950000000000045e+02 2.110529999999999906e-01 3.306979999999999920e-01
5.335950000000000273e+02 2.110450000000000104e-01 3.307039999999999980e-01
5.336950000000000500e+02 2.110360000000000014e-01 3.307109999999999772e-01
5.337949999999999591e+02 2.110269999999999924e-01 3.307169999999999832e-01
5.338949999999999818e+02 2.110190000000000121e-01 3.307229999999999892e-01
5.339950000000000045e+02 2.110100000000000031e-01 3.307300000000000240e-01
5.340950000000000273e+02 2.110019999999999951e-01 3.307359999999999745e-01
5.341950000000000500e+02 2.109930000000000139e-01 3.307430000000000092e-01
5.342949999999999591e+02 2.109840000000000049e-01 3.307490000000000152e-01
5.343949999999999818e+02 2.109759999999999969e-01 3.307559999999999945e-01
5.344950000000000045e+02 2.109669999999999879e-01 3.307620000000000005e-01
5.345950000000000273e+02 2.109590000000000076e-01 3.307689999999999797e-01
5.346950000000000500e+02 2.109499999999999986e-01 3.307749999999999857e-01
5.346950000000000500e+02 2.109499999999999986e-01 3.307749999999999857e-01
5.347050000000000409e+02 2.109489999999999976e-01 3.307760000000000145e-01
5.347250000000000227e+02 2.109479999999999966e-01 3.307769999999999877e-01
5.347649999999999864e+02 2.109439999999999926e-01 3.307800000000000185e-01
5.348450000000000273e+02 2.109370000000000134e-01 3.307849999999999957e-01
5.349450000000000500e+02 2.109290000000000054e-01 3.307910000000000017e-01
5.350449999999999591e+02 2.109199999999999964e-01 3.307979999999999809e-01
5.351449999999999818e+02 2.109119999999999884e-01 3.308039999999999869e-01
5.352450000000000045e+02 2.109030000000000071e-01 3.308099999999999929e-01
5.353450000000000273e+02 2.108949999999999991e-01 3.308170000000000277e-01
5.354450000000000500e+02 2.108859999999999901e-01 3.308229999999999782e-01
5.355449999999999591e+02 2.108770000000000089e-01 3.308300000000000129e-01
5.356449999999999818e+02 2.108690000000000009e-01 3.308360000000000190e-01
5.357450000000000045e+02 2.108599999999999919e-01 3.308429999999999982e-01
5.358450000000000273e+02 2.108520000000000116e-01 3.308490000000000042e-01
5.359450000000000500e+02 2.108430000000000026e-01 3.308559999999999834e-01
5.360449999999999591e+02 2.108349999999999946e-01 3.308619999999999894e-01
5.361449999999999818e+02 2.108260000000000134e-01 3.308679999999999954e-01
5.362450000000000045e+02 2.108180000000000054e-01 3.308749999999999747e-01
5.363450000000000273e+02 2.108089999999999964e-01 3.308809999999999807e-01
5.364450000000000500e+02 2.108009999999999884e-01 3.308869999999999867e-01
5.365449999999999591e+02 2.107920000000000071e-01 3.308940000000000214e-01
5.366449999999999818e+02 2.107839999999999991e-01 3.309010000000000007e-01
5.367450000000000045e+02 2.107749999999999901e-01 3.309070000000000067e-01
5.368450000000000273e+02 2.107670000000000099e-01 3.309139999999999859e-01
5.369450000000000500e+02 2.107580000000000009e-01 3.309199999999999919e-01
5.370449999999999591e+02 2.107499999999999929e-01 3.309259999999999979e-01
5.371449999999999818e+02 2.107410000000000116e-01 3.309329999999999772e-01
5.372450000000000045e+02 2.107330000000000036e-01 3.309389999999999832e-01
5.373450000000000273e+02 2.107239999999999946e-01 3.309449999999999892e-01
5.374450000000000500e+02 2.107159999999999866e-01 3.309520000000000239e-01
5.375449999999999591e+02 2.107070000000000054e-01 3.309579999999999744e-01
5.376449999999999818e+02 2.106989999999999974e-01 3.309639999999999804e-01
5.377450000000000045e+02 2.106899999999999884e-01 3.309710000000000152e-01
5.378450000000000273e+02 2.106820000000000082e-01 3.309770000000000212e-01
5.379450000000000500e+02 2.106729999999999992e-01 3.309840000000000004e-01
5.380449999999999591e+02 2.106649999999999912e-01 3.309900000000000064e-01
5.381449999999999818e+02 2.106560000000000099e-01 3.309969999999999857e-01
5.382450000000000045e+02 2.106480000000000019e-01 3.310029999999999917e-01
5.383450000000000273e+02 2.106389999999999929e-01 3.310100000000000264e-01
5.384450000000000500e+02 2.106310000000000127e-01 3.310159999999999769e-01
5.385449999999999591e+02 2.106230000000000047e-01 3.310219999999999829e-01
5.386449999999999818e+02 2.106139999999999957e-01 3.310290000000000177e-01
5.387450000000000045e+02 2.106059999999999877e-01 3.310350000000000237e-01
5.388450000000000273e+02 2.105970000000000064e-01 3.310409999999999742e-01
5.389450000000000500e+02 2.105889999999999984e-01 3.310480000000000089e-01
5.390449999999999591e+02 2.105799999999999894e-01 3.310540000000000149e-01
5.391449999999999818e+02 2.105720000000000092e-01 3.310600000000000209e-01
5.392450000000000045e+02 2.105630000000000002e-01 3.310670000000000002e-01
5.393450000000000273e+02 2.105549999999999922e-01 3.310730000000000062e-01
5.394450000000000500e+02 2.105470000000000119e-01 3.310790000000000122e-01
5.395449999999999591e+02 2.105380000000000029e-01 3.310859999999999914e-01
5.396449999999999818e+02 2.105299999999999949e-01 3.310919999999999974e-01
5.397450000000000045e+02 2.105210000000000137e-01 3.310980000000000034e-01
5.398450000000000273e+02 2.105130000000000057e-01 3.311049999999999827e-01
5.399450000000000500e+02 2.105039999999999967e-01 3.311109999999999887e-01
5.400449999999999591e+02 2.104959999999999887e-01 3.311169999999999947e-01
5.401449999999999818e+02 2.104880000000000084e-01 3.311239999999999739e-01
5.402450000000000045e+02 2.104789999999999994e-01 3.311299999999999799e-01
5.403450000000000273e+02 2.104709999999999914e-01 3.311370000000000147e-01
5.404450000000000500e+02 2.104620000000000102e-01 3.311430000000000207e-01
5.405449999999999591e+02 2.104540000000000022e-01 3.311499999999999999e-01
5.406449999999999818e+02 2.104459999999999942e-01 3.311560000000000059e-01
5.407450000000000045e+02 2.104370000000000129e-01 3.311620000000000119e-01
5.408450000000000273e+02 2.104290000000000049e-01 3.311689999999999912e-01
5.409450000000000500e+02 2.104209999999999969e-01 3.311749999999999972e-01
5.410449999999999591e+02 2.104119999999999879e-01 3.311819999999999764e-01
5.411449999999999818e+02 2.104040000000000077e-01 3.311879999999999824e-01
5.412450000000000045e+02 2.103959999999999997e-01 3.311939999999999884e-01
5.413450000000000273e+02 2.103869999999999907e-01 3.312010000000000232e-01
5.414450000000000500e+02 2.103790000000000104e-01 3.312069999999999736e-01
5.415449999999999591e+02 2.103700000000000014e-01 3.312129999999999797e-01
5.416449999999999818e+02 2.103619999999999934e-01 3.312200000000000144e-01
5.417450000000000045e+02 2.103540000000000132e-01 3.312260000000000204e-01
5.418450000000000273e+02 2.103450000000000042e-01 3.312320000000000264e-01
5.419450000000000500e+02 2.103369999999999962e-01 3.312390000000000057e-01
5.420449999999999591e+02 2.103289999999999882e-01 3.312450000000000117e-01
5.421449999999999818e+02 2.103200000000000069e-01 3.312510000000000177e-01
5.422450000000000045e+02 2.103119999999999989e-01 3.312579999999999969e-01
5.423450000000000273e+02 2.103039999999999909e-01 3.312640000000000029e-01
5.424450000000000500e+02 2.102950000000000097e-01 3.312700000000000089e-01
5.425449999999999591e+02 2.102870000000000017e-01 3.312769999999999881e-01
5.426449999999999818e+02 2.102789999999999937e-01 3.312829999999999941e-01
5.427450000000000045e+02 2.102700000000000125e-01 3.312890000000000001e-01
5.428450000000000273e+02 2.102620000000000045e-01 3.312959999999999794e-01
5.429450000000000500e+02 2.102539999999999965e-01 3.313019999999999854e-01
5.430449999999999591e+02 2.102459999999999885e-01 3.313079999999999914e-01
5.431449999999999818e+02 2.102370000000000072e-01 3.313150000000000261e-01
5.432450000000000045e+02 2.102289999999999992e-01 3.313209999999999766e-01
5.433450000000000273e+02 2.102209999999999912e-01 3.313269999999999826e-01
5.434450000000000500e+02 2.102120000000000100e-01 3.313340000000000174e-01
5.435449999999999591e+02 2.102040000000000020e-01 3.313400000000000234e-01
5.436449999999999818e+02 2.101959999999999940e-01 3.313459999999999739e-01
5.437450000000000045e+02 2.101880000000000137e-01 3.313530000000000086e-01
5.438450000000000273e+02 2.101790000000000047e-01 3.313590000000000146e-01
5.439450000000000500e+02 2.101709999999999967e-01 3.313650000000000206e-01
5.440449999999999591e+02 2.101629999999999887e-01 3.313719999999999999e-01
5.441449999999999818e+02 2.101550000000000085e-01 3.313780000000000059e-01
5.442450000000000045e+02 2.101459999999999995e-01 3.313840000000000119e-01
5.443450000000000273e+02 2.101379999999999915e-01 3.313909999999999911e-01
5.444450000000000500e+02 2.101300000000000112e-01 3.313969999999999971e-01
5.445449999999999591e+02 2.101220000000000032e-01 3.314030000000000031e-01
5.446449999999999818e+02 2.101139999999999952e-01 3.314099999999999824e-01
5.447450000000000045e+02 2.101049999999999862e-01 3.314159999999999884e-01
5.448450000000000273e+02 2.100970000000000060e-01 3.314219999999999944e-01
5.449450000000000500e+02 2.100889999999999980e-01 3.314289999999999736e-01
5.450449999999999591e+02 2.100809999999999900e-01 3.314349999999999796e-01
5.451449999999999818e+02 2.100730000000000097e-01 3.314409999999999856e-01
5.452450000000000045e+02 2.100650000000000017e-01 3.314480000000000204e-01
5.453450000000000273e+02 2.100559999999999927e-01 3.314540000000000264e-01
5.454450000000000500e+02 2.100480000000000125e-01 3.314599999999999769e-01
5.455449999999999591e+02 2.100400000000000045e-01 3.314670000000000116e-01
5.456449999999999818e+02 2.100319999999999965e-01 3.314730000000000176e-01
5.457450000000000045e+02 2.100239999999999885e-01 3.314790000000000236e-01
5.458450000000000273e+02 2.100160000000000082e-01 3.314869999999999761e-01
5.459450000000000500e+02 2.100080000000000002e-01 3.314929999999999821e-01
5.460449999999999591e+02 2.099989999999999912e-01 3.314989999999999881e-01
5.461449999999999818e+02 2.099920000000000120e-01 3.315060000000000229e-01
5.462450000000000045e+02 2.099840000000000040e-01 3.315119999999999734e-01
5.463450000000000273e+02 2.099749999999999950e-01 3.315179999999999794e-01
5.464450000000000500e+02 2.099679999999999880e-01 3.315250000000000141e-01
5.465449999999999591e+02 2.099600000000000077e-01 3.315310000000000201e-01
5.466449999999999818e+02 2.099519999999999997e-01 3.315379999999999994e-01
5.467450000000000045e+02 2.099449999999999927e-01 3.315460000000000074e-01
5.468450000000000273e+02 2.099360000000000115e-01 3.315520000000000134e-01
5.469450000000000500e+02 2.099280000000000035e-01 3.315580000000000194e-01
5.470449999999999591e+02 2.099229999999999985e-01 3.315670000000000006e-01
5.471449999999999818e+02 2.099149999999999905e-01 3.315730000000000066e-01
5.472450000000000045e+02 2.099070000000000102e-01 3.315790000000000126e-01
5.473450000000000273e+02 2.099000000000000032e-01 3.315870000000000206e-01
5.474450000000000500e+02 2.098919999999999952e-01 3.315930000000000266e-01
5.475449999999999591e+02 2.098829999999999862e-01 3.315989999999999771e-01
5.476449999999999818e+02 2.098760000000000070e-01 3.316049999999999831e-01
5.477450000000000045e+02 2.098669999999999980e-01 3.316109999999999891e-01
5.478450000000000273e+02 2.098589999999999900e-01 3.316169999999999951e-01
5.479450000000000500e+02 2.098510000000000097e-01 3.316230000000000011e-01
5.480449999999999591e+02 2.098430000000000017e-01 3.316290000000000071e-01
5.481449999999999818e+02 2.098349999999999937e-01 3.316350000000000131e-01
5.482450000000000045e+02 2.098260000000000125e-01 3.316410000000000191e-01
5.483450000000000273e+02 2.098180000000000045e-01 3.316470000000000251e-01
5.484450000000000500e+02 2.098099999999999965e-01 3.316529999999999756e-01
5.485449999999999591e+02 2.098019999999999885e-01 3.316589999999999816e-01
5.486449999999999818e+02 2.097940000000000083e-01 3.316649999999999876e-01
5.487450000000000045e+02 2.097860000000000003e-01 3.316709999999999936e-01
5.488450000000000273e+02 2.097769999999999913e-01 3.316769999999999996e-01
5.489450000000000500e+02 2.097690000000000110e-01 3.316830000000000056e-01
5.490449999999999591e+02 2.097610000000000030e-01 3.316879999999999828e-01
5.491449999999999818e+02 2.097529999999999950e-01 3.316950000000000176e-01
5.492450000000000045e+02 2.097449999999999870e-01 3.317010000000000236e-01
5.493450000000000273e+02 2.097370000000000068e-01 3.317069999999999741e-01
5.494450000000000500e+02 2.097279999999999978e-01 3.317129999999999801e-01
5.495449999999999591e+02 2.097199999999999898e-01 3.317189999999999861e-01
5.496449999999999818e+02 2.097120000000000095e-01 3.317249999999999921e-01
5.497450000000000045e+02 2.097040000000000015e-01 3.317309999999999981e-01
5.498450000000000273e+02 2.096959999999999935e-01 3.317370000000000041e-01
5.499450000000000500e+02 2.096880000000000133e-01 3.317430000000000101e-01
5.500449999999999591e+02 2.096810000000000063e-01 3.317490000000000161e-01
5.501449999999999818e+02 2.096719999999999973e-01 3.317550000000000221e-01
5.502450000000000045e+02 2.096639999999999893e-01 3.317609999999999726e-01
5.503450000000000273e+02 2.096550000000000080e-01 3.317660000000000053e-01
5.504450000000000500e+02 2.096470000000000000e-01 3.317720000000000113e-01
5.505449999999999591e+02 2.096389999999999920e-01 3.317780000000000173e-01
5.506449999999999818e+02 2.096310000000000118e-01 3.317849999999999966e-01
5.507450000000000045e+02 2.096230000000000038e-01 3.317910000000000026e-01
5.508450000000000273e+02 2.096149999999999958e-01 3.317970000000000086e-01
5.509450000000000500e+02 2.096069999999999878e-01 3.318030000000000146e-01
5.510449999999999591e+02 2.095990000000000075e-01 3.318090000000000206e-01
5.511449999999999818e+02 2.095909999999999995e-01 3.318150000000000266e-01
5.512450000000000045e+02 2.095819999999999905e-01 3.318200000000000038e-01
5.513450000000000273e+02 2.095740000000000103e-01 3.318260000000000098e-01
5.514450000000000500e+02 2.095660000000000023e-01 3.318320000000000158e-01
5.515449999999999591e+02 2.095589999999999953e-01 3.318389999999999951e-01
5.516449999999999818e+02 2.095509999999999873e-01 3.318450000000000011e-01
5.517450000000000045e+02 2.095430000000000070e-01 3.318510000000000071e-01
5.518450000000000273e+02 2.095339999999999980e-01 3.318559999999999843e-01
5.519450000000000500e+02 2.095259999999999900e-01 3.318619999999999903e-01
5.520449999999999591e+02 2.095170000000000088e-01 3.318679999999999963e-01
5.521449999999999818e+02 2.095100000000000018e-01 3.318740000000000023e-01
5.522450000000000045e+02 2.095019999999999938e-01 3.318800000000000083e-01
5.523450000000000273e+02 2.094940000000000135e-01 3.318860000000000143e-01
5.524450000000000500e+02 2.094860000000000055e-01 3.318920000000000203e-01
5.525449999999999591e+02 2.094779999999999975e-01 3.318980000000000263e-01
5.526449999999999818e+02 2.094689999999999885e-01 3.319039999999999768e-01
5.527450000000000045e+02 2.094610000000000083e-01 3.319099999999999828e-01
5.528450000000000273e+02 2.094530000000000003e-01 3.319159999999999888e-01
5.529450000000000500e+02 2.094449999999999923e-01 3.319219999999999948e-01
5.530449999999999591e+02 2.094380000000000130e-01 3.319280000000000008e-01
5.531449999999999818e+02 2.094300000000000050e-01 3.319340000000000068e-01
5.532450000000000045e+02 2.094219999999999970e-01 3.319400000000000128e-01
5.533450000000000273e+02 2.094129999999999880e-01 3.319460000000000188e-01
5.534450000000000500e+02 2.094050000000000078e-01 3.319520000000000248e-01
5.535449999999999591e+02 2.093969999999999998e-01 3.319579999999999753e-01
5.536449999999999818e+02 2.093889999999999918e-01 3.319639999999999813e-01
5.537450000000000045e+02 2.093810000000000116e-01 3.319699999999999873e-01
5.538450000000000273e+02 2.093730000000000036e-01 3.319750000000000201e-01
5.539450000000000500e+02 2.093649999999999956e-01 3.319819999999999993e-01
5.540449999999999591e+02 2.093569999999999875e-01 3.319880000000000053e-01
5.541449999999999818e+02 2.093490000000000073e-01 3.319929999999999826e-01
5.542450000000000045e+02 2.093409999999999993e-01 3.319989999999999886e-01
5.543450000000000273e+02 2.093319999999999903e-01 3.320049999999999946e-01
5.543450000000000273e+02 2.093319999999999903e-01 3.320049999999999946e-01
5.543550000000000182e+02 2.093319999999999903e-01 3.320060000000000233e-01
5.543750000000000000e+02 2.093299999999999883e-01 3.320069999999999966e-01
5.544149999999999636e+02 2.093270000000000131e-01 3.320100000000000273e-01
5.544950000000000045e+02 2.093210000000000071e-01 3.320139999999999758e-01
5.545950000000000273e+02 2.093129999999999991e-01 3.320199999999999818e-01
5.546950000000000500e+02 2.093039999999999901e-01 3.320259999999999878e-01
5.547949999999999591e+02 2.092960000000000098e-01 3.320319999999999938e-01
5.548949999999999818e+02 2.092880000000000018e-01 3.320379999999999998e-01
5.549950000000000045e+02 2.092809999999999948e-01 3.320440000000000058e-01
5.550950000000000273e+02 2.092729999999999868e-01 3.320500000000000118e-01
5.551950000000000500e+02 2.092650000000000066e-01 3.320560000000000178e-01
5.552949999999999591e+02 2.092569999999999986e-01 3.320620000000000238e-01
5.553949999999999818e+02 2.092489999999999906e-01 3.320679999999999743e-01
5.554950000000000045e+02 2.092410000000000103e-01 3.320730000000000071e-01
5.555950000000000273e+02 2.092330000000000023e-01 3.320790000000000131e-01
5.556950000000000500e+02 2.092249999999999943e-01 3.320850000000000191e-01
5.557949999999999591e+02 2.092160000000000131e-01 3.320910000000000251e-01
5.558949999999999818e+02 2.092090000000000061e-01 3.320969999999999756e-01
5.559950000000000045e+02 2.092009999999999981e-01 3.321029999999999816e-01
5.560950000000000273e+02 2.091929999999999901e-01 3.321089999999999876e-01
5.561950000000000500e+02 2.091850000000000098e-01 3.321149999999999936e-01
5.562949999999999591e+02 2.091770000000000018e-01 3.321209999999999996e-01
5.563949999999999818e+02 2.091689999999999938e-01 3.321270000000000056e-01
5.564950000000000045e+02 2.091610000000000136e-01 3.321330000000000116e-01
5.565950000000000273e+02 2.091530000000000056e-01 3.321379999999999888e-01
5.566950000000000500e+02 2.091449999999999976e-01 3.321439999999999948e-01
5.567949999999999591e+02 2.091369999999999896e-01 3.321500000000000008e-01
5.568949999999999818e+02 2.091290000000000093e-01 3.321560000000000068e-01
5.569950000000000045e+02 2.091210000000000013e-01 3.321620000000000128e-01
5.570950000000000273e+02 2.091129999999999933e-01 3.321680000000000188e-01
5.571950000000000500e+02 2.091050000000000131e-01 3.321740000000000248e-01
5.572949999999999591e+02 2.090970000000000051e-01 3.321799999999999753e-01
5.573949999999999818e+02 2.090889999999999971e-01 3.321859999999999813e-01
5.574950000000000045e+02 2.090809999999999891e-01 3.321910000000000140e-01
5.575950000000000273e+02 2.090730000000000088e-01 3.321970000000000200e-01
5.576950000000000500e+02 2.090650000000000008e-01 3.322030000000000260e-01
5.577949999999999591e+02 2.090569999999999928e-01 3.322089999999999765e-01
5.578949999999999818e+02 2.090490000000000126e-01 3.322149999999999825e-01
5.579950000000000045e+02 2.090420000000000056e-01 3.322209999999999885e-01
5.580950000000000273e+02 2.090339999999999976e-01 3.322269999999999945e-01
5.581950000000000500e+02 2.090259999999999896e-01 3.322330000000000005e-01
5.582949999999999591e+02 2.090180000000000093e-01 3.322390000000000065e-01
5.583949999999999818e+02 2.090100000000000013e-01 3.322439999999999838e-01
5.584950000000000045e+02 2.090019999999999933e-01 3.322499999999999898e-01
5.585950000000000273e+02 2.089940000000000131e-01 3.322559999999999958e-01
5.586950000000000500e+02 2.089860000000000051e-01 3.322620000000000018e-01
5.587949999999999591e+02 2.089779999999999971e-01 3.322680000000000078e-01
5.588949999999999818e+02 2.089699999999999891e-01 3.322740000000000138e-01
5.589950000000000045e+02 2.089620000000000088e-01 3.322800000000000198e-01
5.590950000000000273e+02 2.089540000000000008e-01 3.322849999999999970e-01
5.591950000000000500e+02 2.089469999999999938e-01 3.322910000000000030e-01
5.592949999999999591e+02 2.089390000000000136e-01 3.322970000000000090e-01
5.593949999999999818e+02 2.089310000000000056e-01 3.323030000000000150e-01
5.594950000000000045e+02 2.089229999999999976e-01 3.323090000000000210e-01
5.595950000000000273e+02 2.089149999999999896e-01 3.323150000000000270e-01
5.596950000000000500e+02 2.089070000000000094e-01 3.323209999999999775e-01
5.597949999999999591e+02 2.088990000000000014e-01 3.323269999999999835e-01
5.598949999999999818e+02 2.088909999999999934e-01 3.323320000000000163e-01
5.599950000000000045e+02 2.088830000000000131e-01 3.323380000000000223e-01
5.600950000000000273e+02 2.088760000000000061e-01 3.323439999999999728e-01
5.601950000000000500e+02 2.088679999999999981e-01 3.323499999999999788e-01
5.602949999999999591e+02 2.088599999999999901e-01 3.323559999999999848e-01
5.603949999999999818e+02 2.088520000000000099e-01 3.323619999999999908e-01
5.604950000000000045e+02 2.088440000000000019e-01 3.323670000000000235e-01
5.605950000000000273e+02 2.088359999999999939e-01 3.323729999999999740e-01
5.606950000000000500e+02 2.088280000000000136e-01 3.323789999999999800e-01
5.607949999999999591e+02 2.088200000000000056e-01 3.323849999999999860e-01
5.608949999999999818e+02 2.088119999999999976e-01 3.323909999999999920e-01
5.609950000000000045e+02 2.088049999999999906e-01 3.323969999999999980e-01
5.610950000000000273e+02 2.087970000000000104e-01 3.324030000000000040e-01
5.611950000000000500e+02 2.087890000000000024e-01 3.324079999999999813e-01
5.612949999999999591e+02 2.087809999999999944e-01 3.324139999999999873e-01
5.613949999999999818e+02 2.087729999999999864e-01 3.324199999999999933e-01
5.614950000000000045e+02 2.087650000000000061e-01 3.324259999999999993e-01
5.615950000000000273e+02 2.087579999999999991e-01 3.324320000000000053e-01
5.616950000000000500e+02 2.087499999999999911e-01 3.324369999999999825e-01
5.617949999999999591e+02 2.087420000000000109e-01 3.324429999999999885e-01
5.618949999999999818e+02 2.087340000000000029e-01 3.324489999999999945e-01
5.619950000000000045e+02 2.087259999999999949e-01 3.324550000000000005e-01
5.620950000000000273e+02 2.087179999999999869e-01 3.324610000000000065e-01
5.621950000000000500e+02 2.087110000000000076e-01 3.324670000000000125e-01
5.622949999999999591e+02 2.087029999999999996e-01 3.324719999999999898e-01
5.623949999999999818e+02 2.086949999999999916e-01 3.324779999999999958e-01
5.624950000000000045e+02 2.086870000000000114e-01 3.324840000000000018e-01
5.625950000000000273e+02 2.086790000000000034e-01 3.324900000000000078e-01
5.626950000000000500e+02 2.086709999999999954e-01 3.324960000000000138e-01
5.627949999999999591e+02 2.086639999999999884e-01 3.325020000000000198e-01
5.628949999999999818e+02 2.086560000000000081e-01 3.325069999999999970e-01
5.629950000000000045e+02 2.086480000000000001e-01 3.325130000000000030e-01
5.630950000000000273e+02 2.086399999999999921e-01 3.325190000000000090e-01
5.631950000000000500e+02 2.086320000000000119e-01 3.325250000000000150e-01
5.632949999999999591e+02 2.086240000000000039e-01 3.325299999999999923e-01
5.633949999999999818e+02 2.086169999999999969e-01 3.325359999999999983e-01
5.634950000000000045e+02 2.086089999999999889e-01 3.325420000000000043e-01
5.635950000000000273e+02 2.086010000000000086e-01 3.325480000000000103e-01
5.636950000000000500e+02 2.085930000000000006e-01 3.325540000000000163e-01
5.637949999999999591e+02 2.085859999999999936e-01 3.325589999999999935e-01
5.638949999999999818e+02 2.085780000000000134e-01 3.325649999999999995e-01
5.639950000000000045e+02 2.085700000000000054e-01 3.325710000000000055e-01
5.640950000000000273e+02 2.085619999999999974e-01 3.325770000000000115e-01
5.641950000000000500e+02 2.085539999999999894e-01 3.325830000000000175e-01
5.642949999999999591e+02 2.085470000000000101e-01 3.325879999999999947e-01
5.643949999999999818e+02 2.085390000000000021e-01 3.325940000000000007e-01
5.644950000000000045e+02 2.085309999999999941e-01 3.326000000000000068e-01
5.645950000000000273e+02 2.085229999999999861e-01 3.326060000000000128e-01
5.646950000000000500e+02 2.085160000000000069e-01 3.326120000000000188e-01
5.647949999999999591e+02 2.085079999999999989e-01 3.326169999999999960e-01
5.648949999999999818e+02 2.084999999999999909e-01 3.326230000000000020e-01
5.649950000000000045e+02 2.084920000000000107e-01 3.326290000000000080e-01
5.650950000000000273e+02 2.084840000000000027e-01 3.326350000000000140e-01
5.651950000000000500e+02 2.084769999999999956e-01 3.326399999999999912e-01
5.652949999999999591e+02 2.084689999999999876e-01 3.326459999999999972e-01
5.653949999999999818e+02 2.084610000000000074e-01 3.326520000000000032e-01
5.654950000000000045e+02 2.084540000000000004e-01 3.326580000000000092e-01
5.655950000000000273e+02 2.084459999999999924e-01 3.326640000000000152e-01
5.656950000000000500e+02 2.084380000000000122e-01 3.326689999999999925e-01
5.657949999999999591e+02 2.084300000000000042e-01 3.326749999999999985e-01
5.658949999999999818e+02 2.084229999999999972e-01 3.326810000000000045e-01
5.659950000000000045e+02 2.084149999999999892e-01 3.326870000000000105e-01
5.660950000000000273e+02 2.084070000000000089e-01 3.326919999999999877e-01
5.661950000000000500e+02 2.083990000000000009e-01 3.326979999999999937e-01
5.662949999999999591e+02 2.083909999999999929e-01 3.327039999999999997e-01
5.663949999999999818e+02 2.083840000000000137e-01 3.327100000000000057e-01
5.664950000000000045e+02 2.083760000000000057e-01 3.327149999999999830e-01
5.665950000000000273e+02 2.083679999999999977e-01 3.327209999999999890e-01
5.666950000000000500e+02 2.083609999999999907e-01 3.327269999999999950e-01
5.667949999999999591e+02 2.083530000000000104e-01 3.327330000000000010e-01
5.668949999999999818e+02 2.083450000000000024e-01 3.327379999999999782e-01
5.669950000000000045e+02 2.083379999999999954e-01 3.327439999999999842e-01
5.670950000000000273e+02 2.083299999999999874e-01 3.327499999999999902e-01
5.671950000000000500e+02 2.083220000000000072e-01 3.327559999999999962e-01
5.672949999999999591e+02 2.083139999999999992e-01 3.327609999999999735e-01
5.673949999999999818e+02 2.083069999999999922e-01 3.327669999999999795e-01
5.674950000000000045e+02 2.082990000000000119e-01 3.327729999999999855e-01
5.675950000000000273e+02 2.082910000000000039e-01 3.327789999999999915e-01
5.676950000000000500e+02 2.082839999999999969e-01 3.327840000000000242e-01
5.677949999999999591e+02 2.082759999999999889e-01 3.327899999999999747e-01
5.678949999999999818e+02 2.082680000000000087e-01 3.327959999999999807e-01
5.679950000000000045e+02 2.082600000000000007e-01 3.328010000000000135e-01
5.680950000000000273e+02 2.082529999999999937e-01 3.328070000000000195e-01
5.681950000000000500e+02 2.082450000000000134e-01 3.328130000000000255e-01
5.682949999999999591e+02 2.082380000000000064e-01 3.328189999999999760e-01
5.683949999999999818e+02 2.082299999999999984e-01 3.328240000000000087e-01
5.684950000000000045e+02 2.082219999999999904e-01 3.328300000000000147e-01
5.685950000000000273e+02 2.082140000000000102e-01 3.328360000000000207e-01
5.686950000000000500e+02 2.082070000000000032e-01 3.328409999999999980e-01
5.687949999999999591e+02 2.081989999999999952e-01 3.328470000000000040e-01
5.688949999999999818e+02 2.081909999999999872e-01 3.328530000000000100e-01
5.689950000000000045e+02 2.081840000000000079e-01 3.328590000000000160e-01
5.690950000000000273e+02 2.081759999999999999e-01 3.328639999999999932e-01
5.691950000000000500e+02 2.081679999999999919e-01 3.328699999999999992e-01
5.692949999999999591e+02 2.081610000000000127e-01 3.328760000000000052e-01
5.693949999999999818e+02 2.081530000000000047e-01 3.328809999999999825e-01
5.694950000000000045e+02 2.081459999999999977e-01 3.328869999999999885e-01
5.695950000000000273e+02 2.081379999999999897e-01 3.328929999999999945e-01
5.696950000000000500e+02 2.081300000000000094e-01 3.328990000000000005e-01
5.697949999999999591e+02 2.081220000000000014e-01 3.329039999999999777e-01
5.698949999999999818e+02 2.081149999999999944e-01 3.329099999999999837e-01
5.699950000000000045e+02 2.081069999999999864e-01 3.329159999999999897e-01
5.700950000000000273e+02 2.081000000000000072e-01 3.329210000000000225e-01
5.701950000000000500e+02 2.080919999999999992e-01 3.329269999999999730e-01
5.702949999999999591e+02 2.080839999999999912e-01 3.329329999999999790e-01
5.703949999999999818e+02 2.080770000000000119e-01 3.329380000000000117e-01
5.704950000000000045e+02 2.080690000000000039e-01 3.329440000000000177e-01
5.705950000000000273e+02 2.080619999999999969e-01 3.329500000000000237e-01
5.706950000000000500e+02 2.080539999999999889e-01 3.329550000000000010e-01
5.707949999999999591e+02 2.080460000000000087e-01 3.329610000000000070e-01
5.708949999999999818e+02 2.080390000000000017e-01 3.329670000000000130e-01
5.709950000000000045e+02 2.080309999999999937e-01 3.329719999999999902e-01
5.710950000000000273e+02 2.080230000000000135e-01 3.329779999999999962e-01
5.711950000000000500e+02 2.080160000000000065e-01 3.329840000000000022e-01
5.712949999999999591e+02 2.080079999999999985e-01 3.329900000000000082e-01
5.713949999999999818e+02 2.079999999999999905e-01 3.329949999999999855e-01
5.714950000000000045e+02 2.079930000000000112e-01 3.330009999999999915e-01
5.715950000000000273e+02 2.079850000000000032e-01 3.330069999999999975e-01
5.716950000000000500e+02 2.079769999999999952e-01 3.330119999999999747e-01
5.717949999999999591e+02 2.079699999999999882e-01 3.330179999999999807e-01
5.718949999999999818e+02 2.079630000000000090e-01 3.330239999999999867e-01
5.719950000000000045e+02 2.079550000000000010e-01 3.330290000000000195e-01
5.720950000000000273e+02 2.079469999999999930e-01 3.330350000000000255e-01
5.721950000000000500e+02 2.079400000000000137e-01 3.330409999999999759e-01
5.722949999999999591e+02 2.079320000000000057e-01 3.330460000000000087e-01
5.723949999999999818e+02 2.079249999999999987e-01 3.330520000000000147e-01
5.724950000000000045e+02 2.079169999999999907e-01 3.330569999999999919e-01
5.725950000000000273e+02 2.079090000000000105e-01 3.330629999999999979e-01
5.726950000000000500e+02 2.079020000000000035e-01 3.330690000000000039e-01
5.727949999999999591e+02 2.078939999999999955e-01 3.330739999999999812e-01
5.728949999999999818e+02 2.078859999999999875e-01 3.330799999999999872e-01
5.729950000000000045e+02 2.078790000000000082e-01 3.330859999999999932e-01
5.730950000000000273e+02 2.078720000000000012e-01 3.330910000000000259e-01
5.731950000000000500e+02 2.078639999999999932e-01 3.330969999999999764e-01
5.732949999999999591e+02 2.078560000000000130e-01 3.331029999999999824e-01
5.733949999999999818e+02 2.078490000000000060e-01 3.331080000000000152e-01
5.734950000000000045e+02 2.078409999999999980e-01 3.331140000000000212e-01
5.735950000000000273e+02 2.078339999999999910e-01 3.331200000000000272e-01
5.736950000000000500e+02 2.078260000000000107e-01 3.331250000000000044e-01
5.737949999999999591e+02 2.078190000000000037e-01 3.331310000000000104e-01
5.738949999999999818e+02 2.078109999999999957e-01 3.331359999999999877e-01
5.739950000000000045e+02 2.078029999999999877e-01 3.331419999999999937e-01
5.739950000000000045e+02 2.078029999999999877e-01 3.331419999999999937e-01
5.740049999999999955e+02 2.078029999999999877e-01 3.331430000000000224e-01
5.740249999999999773e+02 2.078010000000000135e-01 3.331439999999999957e-01
5.740650000000000546e+02 2.077990000000000115e-01 3.331459999999999977e-01
5.741449999999999818e+02 2.077920000000000045e-01 3.331509999999999749e-01
5.742450000000000045e+02 2.077849999999999975e-01 3.331560000000000077e-01
5.743450000000000273e+02 2.077769999999999895e-01 3.331620000000000137e-01
5.744450000000000500e+02 2.077690000000000092e-01 3.331669999999999909e-01
5.745449999999999591e+02 2.077620000000000022e-01 3.331729999999999969e-01
5.746449999999999818e+02 2.077549999999999952e-01 3.331790000000000029e-01
5.747450000000000045e+02 2.077469999999999872e-01 3.331839999999999802e-01
5.748450000000000273e+02 2.077390000000000070e-01 3.331899999999999862e-01
5.749450000000000500e+02 2.077320000000000000e-01 3.331959999999999922e-01
5.750449999999999591e+02 2.077239999999999920e-01 3.332010000000000249e-01
5.751449999999999818e+02 2.077170000000000127e-01 3.332069999999999754e-01
5.752450000000000045e+02 2.077100000000000057e-01 3.332120000000000082e-01
5.753450000000000273e+02 2.077019999999999977e-01 3.332180000000000142e-01
5.754450000000000500e+02 2.076939999999999897e-01 3.332240000000000202e-01
5.755449999999999591e+02 2.076870000000000105e-01 3.332289999999999974e-01
5.756449999999999818e+02 2.076790000000000025e-01 3.332350000000000034e-01
5.757450000000000045e+02 2.076709999999999945e-01 3.332399999999999807e-01
5.758450000000000273e+02 2.076649999999999885e-01 3.332459999999999867e-01
5.759450000000000500e+02 2.076570000000000082e-01 3.332519999999999927e-01
5.760449999999999591e+02 2.076490000000000002e-01 3.332570000000000254e-01
5.761449999999999818e+02 2.076419999999999932e-01 3.332629999999999759e-01
5.762450000000000045e+02 2.076340000000000130e-01 3.332680000000000087e-01
5.763450000000000273e+02 2.076260000000000050e-01 3.332740000000000147e-01
5.764450000000000500e+02 2.076199999999999990e-01 3.332800000000000207e-01
5.765449999999999591e+02 2.076119999999999910e-01 3.332849999999999979e-01
5.766449999999999818e+02 2.076040000000000108e-01 3.332910000000000039e-01
5.767450000000000045e+02 2.075970000000000037e-01 3.332959999999999812e-01
5.768450000000000273e+02 2.075889999999999957e-01 3.333019999999999872e-01
5.769450000000000500e+02 2.075819999999999887e-01 3.333070000000000199e-01
5.770449999999999591e+02 2.075750000000000095e-01 3.333130000000000259e-01
5.771449999999999818e+02 2.075670000000000015e-01 3.333189999999999764e-01
5.772450000000000045e+02 2.075589999999999935e-01 3.333240000000000092e-01
5.773450000000000273e+02 2.075519999999999865e-01 3.333300000000000152e-01
5.774450000000000500e+02 2.075440000000000063e-01 3.333349999999999924e-01
5.775449999999999591e+02 2.075369999999999993e-01 3.333409999999999984e-01
5.776449999999999818e+02 2.075289999999999913e-01 3.333459999999999757e-01
5.777450000000000045e+02 2.075210000000000110e-01 3.333519999999999817e-01
5.778450000000000273e+02 2.075140000000000040e-01 3.333579999999999877e-01
5.779450000000000500e+02 2.075059999999999960e-01 3.333630000000000204e-01
5.780449999999999591e+02 2.074989999999999890e-01 3.333690000000000264e-01
5.781449999999999818e+02 2.074910000000000088e-01 3.333740000000000037e-01
5.782450000000000045e+02 2.074830000000000008e-01 3.333800000000000097e-01
5.783450000000000273e+02 2.074759999999999938e-01 3.333849999999999869e-01
5.784450000000000500e+02 2.074680000000000135e-01 3.333909999999999929e-01
5.785449999999999591e+02 2.074600000000000055e-01 3.333969999999999989e-01
5.786449999999999818e+02 2.074529999999999985e-01 3.334019999999999762e-01
5.787450000000000045e+02 2.074459999999999915e-01 3.334079999999999822e-01
5.788450000000000273e+02 2.074370000000000103e-01 3.334130000000000149e-01
5.789450000000000500e+02 2.074300000000000033e-01 3.334190000000000209e-01
5.790449999999999591e+02 2.074219999999999953e-01 3.334239999999999982e-01
5.791449999999999818e+02 2.074149999999999883e-01 3.334300000000000042e-01
5.792450000000000045e+02 2.074070000000000080e-01 3.334349999999999814e-01
5.793450000000000273e+02 2.074000000000000010e-01 3.334409999999999874e-01
5.794450000000000500e+02 2.073919999999999930e-01 3.334460000000000202e-01
5.795449999999999591e+02 2.073840000000000128e-01 3.334520000000000262e-01
5.796449999999999818e+02 2.073770000000000058e-01 3.334579999999999766e-01
5.797450000000000045e+02 2.073689999999999978e-01 3.334630000000000094e-01
5.798450000000000273e+02 2.073619999999999908e-01 3.334690000000000154e-01
5.799450000000000500e+02 2.073540000000000105e-01 3.334739999999999926e-01
5.800449999999999591e+02 2.073460000000000025e-01 3.334799999999999986e-01
5.801449999999999818e+02 2.073389999999999955e-01 3.334849999999999759e-01
5.802450000000000045e+02 2.073309999999999875e-01 3.334909999999999819e-01
5.803450000000000273e+02 2.073230000000000073e-01 3.334960000000000147e-01
5.804450000000000500e+02 2.073160000000000003e-01 3.335020000000000207e-01
5.805449999999999591e+02 2.073089999999999933e-01 3.335069999999999979e-01
5.806449999999999818e+02 2.073000000000000120e-01 3.335130000000000039e-01
5.807450000000000045e+02 2.072930000000000050e-01 3.335179999999999811e-01
5.808450000000000273e+02 2.072859999999999980e-01 3.335239999999999871e-01
5.809450000000000500e+02 2.072779999999999900e-01 3.335290000000000199e-01
5.810449999999999591e+02 2.072710000000000108e-01 3.335350000000000259e-01
5.811449999999999818e+02 2.072630000000000028e-01 3.335400000000000031e-01
5.812450000000000045e+02 2.072549999999999948e-01 3.335460000000000091e-01
5.813450000000000273e+02 2.072479999999999878e-01 3.335509999999999864e-01
5.814450000000000500e+02 2.072400000000000075e-01 3.335569999999999924e-01
5.815449999999999591e+02 2.072330000000000005e-01 3.335620000000000251e-01
5.816449999999999818e+02 2.072249999999999925e-01 3.335679999999999756e-01
5.817450000000000045e+02 2.072180000000000133e-01 3.335730000000000084e-01
5.818450000000000273e+02 2.072100000000000053e-01 3.335790000000000144e-01
5.819450000000000500e+02 2.072019999999999973e-01 3.335839999999999916e-01
5.820449999999999591e+02 2.071949999999999903e-01 3.335899999999999976e-01
5.821449999999999818e+02 2.071870000000000100e-01 3.335949999999999749e-01
5.822450000000000045e+02 2.071800000000000030e-01 3.336009999999999809e-01
5.823450000000000273e+02 2.071719999999999950e-01 3.336060000000000136e-01
5.824450000000000500e+02 2.071639999999999870e-01 3.336120000000000196e-01
5.825449999999999591e+02 2.071570000000000078e-01 3.336169999999999969e-01
5.826449999999999818e+02 2.071489999999999998e-01 3.336230000000000029e-01
5.827450000000000045e+02 2.071419999999999928e-01 3.336279999999999801e-01
5.828450000000000273e+02 2.071350000000000136e-01 3.336339999999999861e-01
5.829450000000000500e+02 2.071270000000000056e-01 3.336390000000000189e-01
5.830449999999999591e+02 2.071189999999999976e-01 3.336450000000000249e-01
5.831449999999999818e+02 2.071119999999999906e-01 3.336500000000000021e-01
5.832450000000000045e+02 2.071040000000000103e-01 3.336560000000000081e-01
5.833450000000000273e+02 2.070970000000000033e-01 3.336609999999999854e-01
5.834450000000000500e+02 2.070889999999999953e-01 3.336669999999999914e-01
5.835449999999999591e+02 2.070819999999999883e-01 3.336720000000000241e-01
5.836449999999999818e+02 2.070740000000000081e-01 3.336779999999999746e-01
5.837450000000000045e+02 2.070660000000000001e-01 3.336830000000000074e-01
5.838450000000000273e+02 2.070589999999999931e-01 3.336890000000000134e-01
5.839450000000000500e+02 2.070520000000000138e-01 3.336939999999999906e-01
5.840449999999999591e+02 2.070440000000000058e-01 3.336999999999999966e-01
5.841449999999999818e+02 2.070369999999999988e-01 3.337049999999999739e-01
5.842450000000000045e+02 2.070289999999999908e-01 3.337100000000000066e-01
5.843450000000000273e+02 2.070210000000000106e-01 3.337160000000000126e-01
5.844450000000000500e+02 2.070140000000000036e-01 3.337209999999999899e-01
5.845449999999999591e+02 2.070059999999999956e-01 3.337269999999999959e-01
5.846449999999999818e+02 2.069989999999999886e-01 3.337319999999999731e-01
5.847450000000000045e+02 2.069920000000000093e-01 3.337379999999999791e-01
5.848450000000000273e+02 2.069840000000000013e-01 3.337430000000000119e-01
5.849450000000000500e+02 2.069759999999999933e-01 3.337490000000000179e-01
5.850449999999999591e+02 2.069689999999999863e-01 3.337539999999999951e-01
5.851449999999999818e+02 2.069610000000000061e-01 3.337600000000000011e-01
5.852450000000000045e+02 2.069539999999999991e-01 3.337649999999999784e-01
5.853450000000000273e+02 2.069469999999999921e-01 3.337700000000000111e-01
5.854450000000000500e+02 2.069390000000000118e-01 3.337760000000000171e-01
5.855449999999999591e+02 2.069310000000000038e-01 3.337809999999999944e-01
5.856449999999999818e+02 2.069239999999999968e-01 3.337870000000000004e-01
5.857450000000000045e+02 2.069169999999999898e-01 3.337919999999999776e-01
5.858450000000000273e+02 2.069090000000000096e-01 3.337979999999999836e-01
5.859450000000000500e+02 2.069020000000000026e-01 3.338030000000000164e-01
5.860449999999999591e+02 2.068939999999999946e-01 3.338079999999999936e-01
5.861449999999999818e+02 2.068869999999999876e-01 3.338139999999999996e-01
5.862450000000000045e+02 2.068790000000000073e-01 3.338189999999999769e-01
5.863450000000000273e+02 2.068720000000000003e-01 3.338249999999999829e-01
5.864450000000000500e+02 2.068639999999999923e-01 3.338300000000000156e-01
5.865449999999999591e+02 2.068570000000000131e-01 3.338360000000000216e-01
5.866449999999999818e+02 2.068490000000000051e-01 3.338409999999999989e-01
5.867450000000000045e+02 2.068419999999999981e-01 3.338459999999999761e-01
5.868450000000000273e+02 2.068339999999999901e-01 3.338519999999999821e-01
5.869450000000000500e+02 2.068270000000000108e-01 3.338570000000000149e-01
5.870449999999999591e+02 2.068200000000000038e-01 3.338630000000000209e-01
5.871449999999999818e+02 2.068119999999999958e-01 3.338679999999999981e-01
5.872450000000000045e+02 2.068039999999999878e-01 3.338729999999999754e-01
5.873450000000000273e+02 2.067970000000000086e-01 3.338789999999999814e-01
5.874450000000000500e+02 2.067900000000000016e-01 3.338840000000000141e-01
5.875449999999999591e+02 2.067819999999999936e-01 3.338900000000000201e-01
5.876449999999999818e+02 2.067749999999999866e-01 3.338949999999999974e-01
5.877450000000000045e+02 2.067680000000000073e-01 3.339010000000000034e-01
5.878450000000000273e+02 2.067599999999999993e-01 3.339059999999999806e-01
5.879450000000000500e+02 2.067519999999999913e-01 3.339110000000000134e-01
5.880449999999999591e+02 2.067450000000000121e-01 3.339170000000000194e-01
5.881449999999999818e+02 2.067380000000000051e-01 3.339219999999999966e-01
5.882450000000000045e+02 2.067299999999999971e-01 3.339280000000000026e-01
5.883450000000000273e+02 2.067229999999999901e-01 3.339329999999999798e-01
5.884450000000000500e+02 2.067150000000000098e-01 3.339380000000000126e-01
5.885449999999999591e+02 2.067080000000000028e-01 3.339440000000000186e-01
5.886449999999999818e+02 2.067009999999999958e-01 3.339489999999999958e-01
5.887450000000000045e+02 2.066929999999999878e-01 3.339539999999999731e-01
5.888450000000000273e+02 2.066860000000000086e-01 3.339599999999999791e-01
5.889450000000000500e+02 2.066790000000000016e-01 3.339650000000000118e-01
5.890449999999999591e+02 2.066709999999999936e-01 3.339710000000000178e-01
5.891449999999999818e+02 2.066630000000000134e-01 3.339759999999999951e-01
5.892450000000000045e+02 2.066560000000000064e-01 3.339809999999999723e-01
5.893450000000000273e+02 2.066489999999999994e-01 3.339869999999999783e-01
5.894450000000000500e+02 2.066409999999999914e-01 3.339920000000000111e-01
5.895449999999999591e+02 2.066340000000000121e-01 3.339980000000000171e-01
5.896449999999999818e+02 2.066260000000000041e-01 3.340029999999999943e-01
5.897450000000000045e+02 2.066189999999999971e-01 3.340080000000000271e-01
5.898450000000000273e+02 2.066119999999999901e-01 3.340139999999999776e-01
5.899450000000000500e+02 2.066040000000000099e-01 3.340190000000000103e-01
5.900449999999999591e+02 2.065970000000000029e-01 3.340239999999999876e-01
5.901449999999999818e+02 2.065899999999999959e-01 3.340299999999999936e-01
5.902450000000000045e+02 2.065819999999999879e-01 3.340350000000000263e-01
5.903450000000000273e+02 2.065750000000000086e-01 3.340400000000000036e-01
5.904450000000000500e+02 2.065670000000000006e-01 3.340460000000000096e-01
5.905449999999999591e+02 2.065599999999999936e-01 3.340509999999999868e-01
5.906449999999999818e+02 2.065529999999999866e-01 3.340569999999999928e-01
5.907450000000000045e+02 2.065460000000000074e-01 3.340620000000000256e-01
5.908450000000000273e+02 2.065369999999999984e-01 3.340670000000000028e-01
5.909450000000000500e+02 2.065299999999999914e-01 3.340730000000000088e-01
5.910449999999999591e+02 2.065230000000000121e-01 3.340779999999999861e-01
5.911449999999999818e+02 2.065160000000000051e-01 3.340830000000000188e-01
5.912450000000000045e+02 2.065089999999999981e-01 3.340890000000000248e-01
5.913450000000000273e+02 2.065009999999999901e-01 3.340940000000000021e-01
5.914450000000000500e+02 2.064930000000000099e-01 3.340989999999999793e-01
5.915449999999999591e+02 2.064860000000000029e-01 3.341049999999999853e-01
5.916449999999999818e+02 2.064789999999999959e-01 3.341100000000000181e-01
5.917450000000000045e+02 2.064719999999999889e-01 3.341149999999999953e-01
5.918450000000000273e+02 2.064640000000000086e-01 3.341210000000000013e-01
5.919450000000000500e+02 2.064570000000000016e-01 3.341259999999999786e-01
5.920449999999999591e+02 2.064489999999999936e-01 3.341310000000000113e-01
5.921449999999999818e+02 2.064419999999999866e-01 3.341370000000000173e-01
5.922450000000000045e+02 2.064350000000000074e-01 3.341419999999999946e-01
5.923450000000000273e+02 2.064269999999999994e-01 3.341470000000000273e-01
5.924450000000000500e+02 2.064199999999999924e-01 3.341529999999999778e-01
5.925449999999999591e+02 2.064130000000000131e-01 3.341580000000000106e-01
5.926449999999999818e+02 2.064050000000000051e-01 3.341629999999999878e-01
5.927450000000000045e+02 2.063979999999999981e-01 3.341689999999999938e-01
5.928450000000000273e+02 2.063909999999999911e-01 3.341740000000000266e-01
5.929450000000000500e+02 2.063830000000000109e-01 3.341790000000000038e-01
5.930449999999999591e+02 2.063760000000000039e-01 3.341850000000000098e-01
5.931449999999999818e+02 2.063689999999999969e-01 3.341899999999999871e-01
5.932450000000000045e+02 2.063609999999999889e-01 3.341950000000000198e-01
5.933450000000000273e+02 2.063540000000000096e-01 3.342010000000000258e-01
5.934450000000000500e+02 2.063470000000000026e-01 3.342060000000000031e-01
5.935449999999999591e+02 2.063399999999999956e-01 3.342109999999999803e-01
5.936449999999999818e+02 2.063319999999999876e-01 3.342160000000000131e-01
5.936449999999999818e+02 2.063319999999999876e-01 3.342160000000000131e-01
5.936549999999999727e+02 2.063319999999999876e-01 3.342169999999999863e-01
5.936749999999999545e+02 2.063309999999999866e-01 3.342180000000000151e-01
5.937150000000000318e+02 2.063260000000000094e-01 3.342200000000000171e-01
5.937949999999999591e+02 2.063210000000000044e-01 3.342240000000000211e-01
5.938949999999999818e+02 2.063139999999999974e-01 3.342300000000000271e-01
5.939950000000000045e+02 2.063069999999999904e-01 3.342350000000000043e-01
5.940950000000000273e+02 2.063000000000000111e-01 3.342399999999999816e-01
5.941950000000000500e+02 2.062930000000000041e-01 3.342459999999999876e-01
5.942949999999999591e+02 2.062839999999999951e-01 3.342510000000000203e-01
5.943949999999999818e+02 2.062769999999999881e-01 3.342559999999999976e-01
5.944950000000000045e+02 2.062700000000000089e-01 3.342620000000000036e-01
5.945950000000000273e+02 2.062630000000000019e-01 3.342669999999999808e-01
5.946950000000000500e+02 2.062559999999999949e-01 3.342720000000000136e-01
5.947949999999999591e+02 2.062489999999999879e-01 3.342769999999999908e-01
5.948949999999999818e+02 2.062410000000000077e-01 3.342829999999999968e-01
5.949950000000000045e+02 2.062329999999999997e-01 3.342879999999999741e-01
5.950950000000000273e+02 2.062259999999999927e-01 3.342930000000000068e-01
5.951950000000000500e+02 2.062190000000000134e-01 3.342979999999999841e-01
5.952949999999999591e+02 2.062120000000000064e-01 3.343039999999999901e-01
5.953949999999999818e+02 2.062049999999999994e-01 3.343090000000000228e-01
5.954950000000000045e+02 2.061969999999999914e-01 3.343140000000000001e-01
5.955950000000000273e+02 2.061900000000000122e-01 3.343200000000000061e-01
5.956950000000000500e+02 2.061830000000000052e-01 3.343249999999999833e-01
5.957949999999999591e+02 2.061749999999999972e-01 3.343300000000000161e-01
5.958949999999999818e+02 2.061679999999999902e-01 3.343349999999999933e-01
5.959950000000000045e+02 2.061610000000000109e-01 3.343409999999999993e-01
5.960950000000000273e+02 2.061530000000000029e-01 3.343459999999999765e-01
5.961950000000000500e+02 2.061459999999999959e-01 3.343510000000000093e-01
5.962949999999999591e+02 2.061389999999999889e-01 3.343570000000000153e-01
5.963949999999999818e+02 2.061320000000000097e-01 3.343619999999999925e-01
5.964950000000000045e+02 2.061250000000000027e-01 3.343670000000000253e-01
5.965950000000000273e+02 2.061179999999999957e-01 3.343720000000000026e-01
5.966950000000000500e+02 2.061099999999999877e-01 3.343769999999999798e-01
5.967949999999999591e+02 2.061030000000000084e-01 3.343829999999999858e-01
5.968949999999999818e+02 2.060960000000000014e-01 3.343880000000000186e-01
5.969950000000000045e+02 2.060879999999999934e-01 3.343929999999999958e-01
5.970950000000000273e+02 2.060809999999999864e-01 3.343990000000000018e-01
5.971950000000000500e+02 2.060740000000000072e-01 3.344039999999999790e-01
5.972949999999999591e+02 2.060659999999999992e-01 3.344090000000000118e-01
5.973949999999999818e+02 2.060589999999999922e-01 3.344139999999999890e-01
5.974950000000000045e+02 2.060520000000000129e-01 3.344199999999999950e-01
5.975950000000000273e+02 2.060450000000000059e-01 3.344249999999999723e-01
5.976950000000000500e+02 2.060379999999999989e-01 3.344300000000000050e-01
5.977949999999999591e+02 2.060309999999999919e-01 3.344349999999999823e-01
5.978949999999999818e+02 2.060230000000000117e-01 3.344400000000000150e-01
5.979950000000000045e+02 2.060160000000000047e-01 3.344460000000000210e-01
5.980950000000000273e+02 2.060089999999999977e-01 3.344509999999999983e-01
5.981950000000000500e+02 2.060019999999999907e-01 3.344559999999999755e-01
5.982949999999999591e+02 2.059950000000000114e-01 3.344610000000000083e-01
5.983949999999999818e+02 2.059870000000000034e-01 3.344670000000000143e-01
5.984950000000000045e+02 2.059799999999999964e-01 3.344719999999999915e-01
5.985950000000000273e+02 2.059719999999999884e-01 3.344770000000000243e-01
5.986950000000000500e+02 2.059650000000000092e-01 3.344820000000000015e-01
5.987949999999999591e+02 2.059580000000000022e-01 3.344880000000000075e-01
5.988949999999999818e+02 2.059509999999999952e-01 3.344929999999999848e-01
5.989950000000000045e+02 2.059439999999999882e-01 3.344980000000000175e-01
5.990950000000000273e+02 2.059360000000000079e-01 3.345029999999999948e-01
5.991950000000000500e+02 2.059290000000000009e-01 3.345080000000000275e-01
5.992949999999999591e+02 2.059219999999999939e-01 3.345139999999999780e-01
5.993949999999999818e+02 2.059149999999999869e-01 3.345190000000000108e-01
5.994950000000000045e+02 2.059080000000000077e-01 3.345239999999999880e-01
5.995950000000000273e+02 2.059010000000000007e-01 3.345290000000000208e-01
5.996950000000000500e+02 2.058929999999999927e-01 3.345339999999999980e-01
5.997949999999999591e+02 2.058860000000000134e-01 3.345400000000000040e-01
5.998949999999999818e+02 2.058790000000000064e-01 3.345449999999999813e-01
5.999950000000000045e+02 2.058719999999999994e-01 3.345500000000000140e-01
6.000950000000000273e+02 2.058649999999999924e-01 3.345549999999999913e-01
6.001950000000000500e+02 2.058580000000000132e-01 3.345609999999999973e-01
6.002949999999999591e+02 2.058500000000000052e-01 3.345659999999999745e-01
6.003949999999999818e+02 2.058429999999999982e-01 3.345710000000000073e-01
6.004950000000000045e+02 2.058359999999999912e-01 3.345759999999999845e-01
6.005950000000000273e+02 2.058290000000000119e-01 3.345810000000000173e-01
6.006950000000000500e+02 2.058220000000000049e-01 3.345870000000000233e-01
6.007949999999999591e+02 2.058149999999999979e-01 3.345920000000000005e-01
6.008949999999999818e+02 2.058069999999999899e-01 3.345969999999999778e-01
6.009950000000000045e+02 2.058000000000000107e-01 3.346020000000000105e-01
6.010950000000000273e+02 2.057930000000000037e-01 3.346069999999999878e-01
6.011950000000000500e+02 2.057859999999999967e-01 3.346120000000000205e-01
6.012949999999999591e+02 2.057789999999999897e-01 3.346180000000000265e-01
6.013949999999999818e+02 2.057720000000000105e-01 3.346230000000000038e-01
6.014950000000000045e+02 2.057640000000000025e-01 3.346279999999999810e-01
6.015950000000000273e+02 2.057569999999999955e-01 3.346330000000000138e-01
6.016950000000000500e+02 2.057499999999999885e-01 3.346379999999999910e-01
6.017949999999999591e+02 2.057430000000000092e-01 3.346430000000000238e-01
6.018949999999999818e+02 2.057360000000000022e-01 3.346489999999999743e-01
6.019950000000000045e+02 2.057289999999999952e-01 3.346540000000000070e-01
6.020950000000000273e+02 2.057209999999999872e-01 3.346589999999999843e-01
6.021950000000000500e+02 2.057140000000000080e-01 3.346640000000000170e-01
6.022949999999999591e+02 2.057070000000000010e-01 3.346700000000000230e-01
6.023949999999999818e+02 2.056999999999999940e-01 3.346740000000000270e-01
6.024950000000000045e+02 2.056929999999999870e-01 3.346799999999999775e-01
6.025950000000000273e+02 2.056860000000000077e-01 3.346850000000000103e-01
6.026950000000000500e+02 2.056779999999999997e-01 3.346899999999999875e-01
6.027949999999999591e+02 2.056709999999999927e-01 3.346950000000000203e-01
6.028949999999999818e+02 2.056640000000000135e-01 3.346999999999999975e-01
6.029950000000000045e+02 2.056570000000000065e-01 3.347049999999999748e-01
6.030950000000000273e+02 2.056499999999999995e-01 3.347109999999999808e-01
6.031950000000000500e+02 2.056429999999999925e-01 3.347160000000000135e-01
6.032949999999999591e+02 2.056360000000000132e-01 3.347209999999999908e-01
6.033949999999999818e+02 2.056290000000000062e-01 3.347260000000000235e-01
6.034950000000000045e+02 2.056219999999999992e-01 3.347310000000000008e-01
6.035950000000000273e+02 2.056149999999999922e-01 3.347359999999999780e-01
6.036950000000000500e+02 2.056080000000000130e-01 3.347419999999999840e-01
6.037949999999999591e+02 2.056010000000000060e-01 3.347470000000000168e-01
6.038949999999999818e+02 2.055929999999999980e-01 3.347519999999999940e-01
6.039950000000000045e+02 2.055859999999999910e-01 3.347570000000000268e-01
6.040950000000000273e+02 2.055790000000000117e-01 3.347620000000000040e-01
6.041950000000000500e+02 2.055720000000000047e-01 3.347669999999999813e-01
6.042949999999999591e+02 2.055649999999999977e-01 3.347720000000000140e-01
6.043949999999999818e+02 2.055579999999999907e-01 3.347780000000000200e-01
6.044950000000000045e+02 2.055500000000000105e-01 3.347829999999999973e-01
6.045950000000000273e+02 2.055430000000000035e-01 3.347879999999999745e-01
6.046950000000000500e+02 2.055359999999999965e-01 3.347930000000000073e-01
6.047949999999999591e+02 2.055289999999999895e-01 3.347979999999999845e-01
6.048949999999999818e+02 2.055230000000000112e-01 3.348030000000000173e-01
6.049950000000000045e+02 2.055160000000000042e-01 3.348079999999999945e-01
6.050950000000000273e+02 2.055079999999999962e-01 3.348130000000000273e-01
6.051950000000000500e+02 2.055009999999999892e-01 3.348189999999999777e-01
6.052949999999999591e+02 2.054940000000000100e-01 3.348240000000000105e-01
6.053949999999999818e+02 2.054870000000000030e-01 3.348289999999999877e-01
6.054950000000000045e+02 2.054799999999999960e-01 3.348340000000000205e-01
6.055950000000000273e+02 2.054729999999999890e-01 3.348389999999999977e-01
6.056950000000000500e+02 2.054650000000000087e-01 3.348439999999999750e-01
6.057949999999999591e+02 2.054580000000000017e-01 3.348490000000000077e-01
6.058949999999999818e+02 2.054519999999999957e-01 3.348539999999999850e-01
6.059950000000000045e+02 2.054449999999999887e-01 3.348590000000000177e-01
6.060950000000000273e+02 2.054380000000000095e-01 3.348650000000000237e-01
6.061950000000000500e+02 2.054310000000000025e-01 3.348700000000000010e-01
6.062949999999999591e+02 2.054229999999999945e-01 3.348749999999999782e-01
6.063949999999999818e+02 2.054159999999999875e-01 3.348800000000000110e-01
6.064950000000000045e+02 2.054090000000000082e-01 3.348849999999999882e-01
6.065950000000000273e+02 2.054020000000000012e-01 3.348900000000000210e-01
6.066950000000000500e+02 2.053949999999999942e-01 3.348949999999999982e-01
6.067949999999999591e+02 2.053879999999999872e-01 3.348999999999999755e-01
6.068949999999999818e+02 2.053810000000000080e-01 3.349050000000000082e-01
6.069950000000000045e+02 2.053740000000000010e-01 3.349099999999999855e-01
6.070950000000000273e+02 2.053669999999999940e-01 3.349159999999999915e-01
6.071950000000000500e+02 2.053599999999999870e-01 3.349199999999999955e-01
6.072949999999999591e+02 2.053530000000000078e-01 3.349260000000000015e-01
6.073949999999999818e+02 2.053460000000000008e-01 3.349309999999999787e-01
6.074950000000000045e+02 2.053379999999999928e-01 3.349360000000000115e-01
6.075950000000000273e+02 2.053319999999999868e-01 3.349409999999999887e-01
6.076950000000000500e+02 2.053250000000000075e-01 3.349460000000000215e-01
6.077949999999999591e+02 2.053180000000000005e-01 3.349509999999999987e-01
6.078949999999999818e+02 2.053109999999999935e-01 3.349559999999999760e-01
6.079950000000000045e+02 2.053039999999999865e-01 3.349610000000000087e-01
6.080950000000000273e+02 2.052960000000000063e-01 3.349659999999999860e-01
6.081950000000000500e+02 2.052889999999999993e-01 3.349710000000000187e-01
6.082949999999999591e+02 2.052829999999999933e-01 3.349770000000000247e-01
6.083949999999999818e+02 2.052759999999999863e-01 3.349809999999999732e-01
6.084950000000000045e+02 2.052690000000000070e-01 3.349869999999999792e-01
6.085950000000000273e+02 2.052620000000000000e-01 3.349920000000000120e-01
6.086950000000000500e+02 2.052539999999999920e-01 3.349969999999999892e-01
6.087949999999999591e+02 2.052470000000000128e-01 3.350020000000000220e-01
6.088949999999999818e+02 2.052410000000000068e-01 3.350069999999999992e-01
6.089950000000000045e+02 2.052339999999999998e-01 3.350119999999999765e-01
6.090950000000000273e+02 2.052269999999999928e-01 3.350170000000000092e-01
6.091950000000000500e+02 2.052200000000000135e-01 3.350219999999999865e-01
6.092949999999999591e+02 2.052120000000000055e-01 3.350270000000000192e-01
6.093949999999999818e+02 2.052049999999999985e-01 3.350319999999999965e-01
6.094950000000000045e+02 2.051989999999999925e-01 3.350369999999999737e-01
6.095950000000000273e+02 2.051920000000000133e-01 3.350420000000000065e-01
6.096950000000000500e+02 2.051850000000000063e-01 3.350469999999999837e-01
6.097949999999999591e+02 2.051779999999999993e-01 3.350520000000000165e-01
6.098949999999999818e+02 2.051699999999999913e-01 3.350569999999999937e-01
6.099950000000000045e+02 2.051640000000000130e-01 3.350620000000000265e-01
6.100950000000000273e+02 2.051570000000000060e-01 3.350679999999999770e-01
6.101950000000000500e+02 2.051499999999999990e-01 3.350719999999999810e-01
6.102949999999999591e+02 2.051429999999999920e-01 3.350770000000000137e-01
6.103949999999999818e+02 2.051360000000000128e-01 3.350830000000000197e-01
6.104950000000000045e+02 2.051280000000000048e-01 3.350870000000000237e-01
6.105950000000000273e+02 2.051219999999999988e-01 3.350929999999999742e-01
6.106950000000000500e+02 2.051149999999999918e-01 3.350980000000000070e-01
6.107949999999999591e+02 2.051080000000000125e-01 3.351020000000000110e-01
6.108949999999999818e+02 2.051010000000000055e-01 3.351080000000000170e-01
6.109950000000000045e+02 2.050939999999999985e-01 3.351129999999999942e-01
6.110950000000000273e+02 2.050869999999999915e-01 3.351169999999999982e-01
6.111950000000000500e+02 2.050800000000000123e-01 3.351230000000000042e-01
6.112949999999999591e+02 2.050730000000000053e-01 3.351279999999999815e-01
6.113949999999999818e+02 2.050659999999999983e-01 3.351330000000000142e-01
6.114950000000000045e+02 2.050589999999999913e-01 3.351379999999999915e-01
6.115950000000000273e+02 2.050530000000000130e-01 3.351430000000000242e-01
6.116950000000000500e+02 2.050450000000000050e-01 3.351480000000000015e-01
6.117949999999999591e+02 2.050379999999999980e-01 3.351529999999999787e-01
6.118949999999999818e+02 2.050309999999999910e-01 3.351580000000000115e-01
6.119950000000000045e+02 2.050250000000000128e-01 3.351629999999999887e-01
6.120950000000000273e+02 2.050180000000000058e-01 3.351680000000000215e-01
6.121950000000000500e+02 2.050109999999999988e-01 3.351729999999999987e-01
6.122949999999999591e+02 2.050029999999999908e-01 3.351779999999999760e-01
6.123949999999999818e+02 2.049970000000000125e-01 3.351830000000000087e-01
6.124950000000000045e+02 2.049900000000000055e-01 3.351879999999999860e-01
6.125950000000000273e+02 2.049829999999999985e-01 3.351930000000000187e-01
6.126950000000000500e+02 2.049759999999999915e-01 3.351979999999999960e-01
6.127949999999999591e+02 2.049690000000000123e-01 3.352029999999999732e-01
6.128949999999999818e+02 2.049620000000000053e-01 3.352080000000000060e-01
6.129950000000000045e+02 2.049549999999999983e-01 3.352129999999999832e-01
6.130950000000000273e+02 2.049479999999999913e-01 3.352180000000000160e-01
6.131950000000000500e+02 2.049410000000000120e-01 3.352220000000000200e-01
6.132949999999999591e+02 2.049350000000000060e-01 3.352280000000000260e-01
6.132949999999999591e+02 2.049350000000000060e-01 3.352280000000000260e-01
6.133049999999999500e+02 2.049340000000000050e-01 3.352280000000000260e-01
6.133200000000000500e+02 2.049330000000000040e-01 3.352289999999999992e-01
6.133500000000000227e+02 2.049300000000000010e-01 3.352299999999999724e-01
6.133949999999999818e+02 2.049269999999999980e-01 3.352319999999999744e-01
6.134619999999999891e+02 2.049229999999999940e-01 3.352359999999999784e-01
6.135620000000000118e+02 2.049159999999999870e-01 3.352410000000000112e-01
6.136620000000000346e+02 2.049090000000000078e-01 3.352459999999999885e-01
6.137619999999999436e+02 2.049030000000000018e-01 3.352510000000000212e-01
6.138619999999999663e+02 2.048949999999999938e-01 3.352559999999999985e-01
6.139619999999999891e+02 2.048879999999999868e-01 3.352609999999999757e-01
6.140620000000000118e+02 2.048810000000000076e-01 3.352660000000000085e-01
6.141620000000000346e+02 2.048750000000000016e-01 3.352709999999999857e-01
6.142619999999999436e+02 2.048679999999999946e-01 3.352760000000000185e-01
6.143619999999999663e+02 2.048609999999999876e-01 3.352809999999999957e-01
6.144619999999999891e+02 2.048530000000000073e-01 3.352859999999999729e-01
6.145620000000000118e+02 2.048470000000000013e-01 3.352910000000000057e-01
6.146620000000000346e+02 2.048399999999999943e-01 3.352959999999999829e-01
6.147619999999999436e+02 2.048329999999999873e-01 3.353010000000000157e-01
6.148619999999999663e+02 2.048270000000000091e-01 3.353059999999999929e-01
6.149619999999999891e+02 2.048200000000000021e-01 3.353110000000000257e-01
6.150620000000000118e+02 2.048119999999999941e-01 3.353160000000000029e-01
6.151620000000000346e+02 2.048049999999999871e-01 3.353209999999999802e-01
6.152619999999999436e+02 2.047990000000000088e-01 3.353260000000000129e-01
6.153619999999999663e+02 2.047920000000000018e-01 3.353300000000000169e-01
6.154619999999999891e+02 2.047849999999999948e-01 3.353360000000000229e-01
6.155620000000000118e+02 2.047789999999999888e-01 3.353410000000000002e-01
6.156620000000000346e+02 2.047710000000000086e-01 3.353450000000000042e-01
6.157619999999999436e+02 2.047640000000000016e-01 3.353499999999999814e-01
6.158619999999999663e+02 2.047579999999999956e-01 3.353559999999999874e-01
6.159619999999999891e+02 2.047509999999999886e-01 3.353599999999999914e-01
6.160620000000000118e+02 2.047440000000000093e-01 3.353650000000000242e-01
6.161620000000000346e+02 2.047370000000000023e-01 3.353700000000000014e-01
6.162619999999999436e+02 2.047299999999999953e-01 3.353749999999999787e-01
6.163619999999999663e+02 2.047229999999999883e-01 3.353800000000000114e-01
6.164619999999999891e+02 2.047160000000000091e-01 3.353849999999999887e-01
6.165620000000000118e+02 2.047100000000000031e-01 3.353889999999999927e-01
6.166620000000000346e+02 2.047029999999999961e-01 3.353949999999999987e-01
6.167619999999999436e+02 2.046959999999999891e-01 3.353999999999999759e-01
6.168619999999999663e+02 2.046890000000000098e-01 3.354039999999999799e-01
6.169619999999999891e+02 2.046820000000000028e-01 3.354090000000000127e-01
6.170620000000000118e+02 2.046749999999999958e-01 3.354150000000000187e-01
6.171620000000000346e+02 2.046689999999999898e-01 3.354190000000000227e-01
6.172619999999999436e+02 2.046620000000000106e-01 3.354239999999999999e-01
6.173619999999999663e+02 2.046550000000000036e-01 3.354289999999999772e-01
6.174619999999999891e+02 2.046479999999999966e-01 3.354340000000000099e-01
6.175620000000000118e+02 2.046409999999999896e-01 3.354389999999999872e-01
6.176620000000000346e+02 2.046340000000000103e-01 3.354440000000000199e-01
6.177619999999999436e+02 2.046280000000000043e-01 3.354480000000000239e-01
6.178619999999999663e+02 2.046209999999999973e-01 3.354530000000000012e-01
6.179619999999999891e+02 2.046139999999999903e-01 3.354590000000000072e-01
6.180620000000000118e+02 2.046070000000000111e-01 3.354630000000000112e-01
6.181620000000000346e+02 2.046000000000000041e-01 3.354679999999999884e-01
6.182619999999999436e+02 2.045929999999999971e-01 3.354730000000000212e-01
6.183619999999999663e+02 2.045869999999999911e-01 3.354770000000000252e-01
6.184619999999999891e+02 2.045800000000000118e-01 3.354829999999999757e-01
6.185620000000000118e+02 2.045730000000000048e-01 3.354880000000000084e-01
6.186620000000000346e+02 2.045659999999999978e-01 3.354920000000000124e-01
6.187619999999999436e+02 2.045589999999999908e-01 3.354969999999999897e-01
6.188619999999999663e+02 2.045530000000000126e-01 3.355020000000000224e-01
6.189619999999999891e+02 2.045460000000000056e-01 3.355060000000000264e-01
6.190620000000000118e+02 2.045389999999999986e-01 3.355110000000000037e-01
6.191620000000000346e+02 2.045329999999999926e-01 3.355170000000000097e-01
6.192619999999999436e+02 2.045250000000000123e-01 3.355210000000000137e-01
6.193619999999999663e+02 2.045180000000000053e-01 3.355259999999999909e-01
6.194619999999999891e+02 2.045119999999999993e-01 3.355310000000000237e-01
6.195620000000000118e+02 2.045049999999999923e-01 3.355350000000000277e-01
6.196620000000000346e+02 2.044989999999999863e-01 3.355400000000000049e-01
6.197619999999999436e+02 2.044920000000000071e-01 3.355449999999999822e-01
6.198619999999999663e+02 2.044839999999999991e-01 3.355489999999999862e-01
6.199619999999999891e+02 2.044779999999999931e-01 3.355549999999999922e-01
6.200620000000000118e+02 2.044710000000000139e-01 3.355600000000000249e-01
6.201620000000000346e+02 2.044640000000000069e-01 3.355630000000000002e-01
6.202619999999999436e+02 2.044580000000000009e-01 3.355679999999999774e-01
6.203619999999999663e+02 2.044509999999999939e-01 3.355730000000000102e-01
6.204619999999999891e+02 2.044439999999999868e-01 3.355770000000000142e-01
6.205620000000000118e+02 2.044370000000000076e-01 3.355819999999999914e-01
6.206620000000000346e+02 2.044300000000000006e-01 3.355870000000000242e-01
6.207619999999999436e+02 2.044239999999999946e-01 3.355899999999999994e-01
6.208619999999999663e+02 2.044169999999999876e-01 3.355949999999999767e-01
6.209619999999999891e+02 2.044100000000000084e-01 3.356000000000000094e-01
6.210620000000000118e+02 2.044040000000000024e-01 3.356029999999999847e-01
6.211620000000000346e+02 2.043969999999999954e-01 3.356080000000000174e-01
6.212619999999999436e+02 2.043899999999999884e-01 3.356140000000000234e-01
6.213619999999999663e+02 2.043830000000000091e-01 3.356109999999999927e-01
6.214619999999999891e+02 2.043760000000000021e-01 3.356160000000000254e-01
6.215620000000000118e+02 2.043699999999999961e-01 3.356210000000000027e-01
6.216620000000000346e+02 2.043659999999999921e-01 3.356199999999999739e-01
6.217619999999999436e+02 2.043590000000000129e-01 3.356250000000000067e-01
6.218619999999999663e+02 2.043520000000000059e-01 3.356299999999999839e-01
6.219619999999999891e+02 2.043429999999999969e-01 3.356560000000000099e-01
6.220620000000000118e+02 2.043359999999999899e-01 3.356609999999999872e-01
6.221620000000000346e+02 2.043300000000000116e-01 3.356660000000000199e-01
6.222619999999999436e+02 2.043230000000000046e-01 3.356709999999999972e-01
6.223619999999999663e+02 2.043169999999999986e-01 3.356759999999999744e-01
6.224619999999999891e+02 2.043099999999999916e-01 3.356819999999999804e-01
6.225620000000000118e+02 2.043030000000000124e-01 3.356839999999999824e-01
6.226620000000000346e+02 2.042960000000000054e-01 3.356890000000000152e-01
6.227619999999999436e+02 2.042889999999999984e-01 3.356939999999999924e-01
6.228619999999999663e+02 2.042819999999999914e-01 3.356939999999999924e-01
6.229619999999999891e+02 2.042760000000000131e-01 3.356990000000000252e-01
6.230620000000000118e+02 2.042690000000000061e-01 3.357040000000000024e-01
6.231620000000000346e+02 2.042630000000000001e-01 3.357049999999999756e-01
6.232619999999999436e+02 2.042559999999999931e-01 3.357100000000000084e-01
6.233619999999999663e+02 2.042499999999999871e-01 3.357160000000000144e-01
6.234619999999999891e+02 2.042420000000000069e-01 3.357260000000000244e-01
6.235620000000000118e+02 2.042360000000000009e-01 3.357310000000000016e-01
6.236620000000000346e+02 2.042289999999999939e-01 3.357359999999999789e-01
6.237619999999999436e+02 2.042219999999999869e-01 3.357399999999999829e-01
6.238619999999999663e+02 2.042160000000000086e-01 3.357450000000000156e-01
6.239619999999999891e+02 2.042090000000000016e-01 3.357499999999999929e-01
6.240620000000000118e+02 2.042019999999999946e-01 3.357490000000000197e-01
6.241620000000000346e+02 2.041949999999999876e-01 3.357539999999999969e-01
6.242619999999999436e+02 2.041890000000000094e-01 3.357589999999999741e-01
6.243619999999999663e+02 2.041830000000000034e-01 3.357600000000000029e-01
6.244619999999999891e+02 2.041759999999999964e-01 3.357649999999999801e-01
6.245620000000000118e+02 2.041699999999999904e-01 3.357700000000000129e-01
6.246620000000000346e+02 2.041620000000000101e-01 3.357829999999999981e-01
6.247619999999999436e+02 2.041550000000000031e-01 3.357879999999999754e-01
6.248619999999999663e+02 2.041489999999999971e-01 3.357930000000000081e-01
6.249619999999999891e+02 2.041419999999999901e-01 3.357970000000000121e-01
6.250620000000000118e+02 2.041350000000000109e-01 3.358030000000000181e-01
6.251620000000000346e+02 2.041290000000000049e-01 3.358079999999999954e-01
6.252619999999999436e+02 2.041219999999999979e-01 3.358079999999999954e-01
6.253619999999999663e+02 2.041149999999999909e-01 3.358129999999999726e-01
6.254619999999999891e+02 2.041090000000000126e-01 3.358180000000000054e-01
6.255620000000000118e+02 2.041030000000000066e-01 3.358189999999999786e-01
6.256620000000000346e+02 2.040959999999999996e-01 3.358240000000000114e-01
6.257619999999999436e+02 2.040889999999999926e-01 3.358289999999999886e-01
6.258619999999999663e+02 2.040820000000000134e-01 3.358320000000000194e-01
6.259619999999999891e+02 2.040750000000000064e-01 3.358380000000000254e-01
6.260620000000000118e+02 2.040690000000000004e-01 3.358430000000000026e-01
6.261620000000000346e+02 2.040639999999999954e-01 3.358450000000000046e-01
6.262619999999999436e+02 2.040569999999999884e-01 3.358499999999999819e-01
6.263619999999999663e+02 2.040500000000000091e-01 3.358550000000000146e-01
6.264619999999999891e+02 2.040420000000000011e-01 3.358689999999999731e-01
6.265620000000000118e+02 2.040359999999999951e-01 3.358740000000000059e-01
6.266620000000000346e+02 2.040289999999999881e-01 3.358800000000000119e-01
6.267619999999999436e+02 2.040220000000000089e-01 3.358829999999999871e-01
6.268619999999999663e+02 2.040160000000000029e-01 3.358880000000000199e-01
6.269619999999999891e+02 2.040089999999999959e-01 3.358929999999999971e-01
6.270620000000000118e+02 2.040029999999999899e-01 3.358929999999999971e-01
6.271620000000000346e+02 2.039960000000000107e-01 3.358979999999999744e-01
6.272619999999999436e+02 2.039890000000000037e-01 3.359030000000000071e-01
6.273619999999999663e+02 2.039829999999999977e-01 3.358990000000000031e-01
6.274619999999999891e+02 2.039769999999999917e-01 3.359039999999999804e-01
6.275620000000000118e+02 2.039700000000000124e-01 3.359090000000000131e-01
6.276620000000000346e+02 2.039670000000000094e-01 3.359039999999999804e-01
6.277619999999999436e+02 2.039600000000000024e-01 3.359090000000000131e-01
6.278619999999999663e+02 2.039539999999999964e-01 3.359150000000000191e-01
6.279619999999999891e+02 2.039430000000000132e-01 3.359389999999999876e-01
6.280620000000000118e+02 2.039370000000000072e-01 3.359440000000000204e-01
6.281620000000000346e+02 2.039300000000000002e-01 3.359489999999999976e-01
6.282619999999999436e+02 2.039229999999999932e-01 3.359429999999999916e-01
6.283619999999999663e+02 2.039169999999999872e-01 3.359480000000000244e-01
6.284619999999999891e+02 2.039100000000000079e-01 3.359539999999999749e-01
6.285620000000000118e+02 2.039439999999999864e-01 3.359210000000000251e-01
6.286620000000000346e+02 2.039370000000000072e-01 3.359260000000000024e-01
6.287619999999999436e+02 2.039289999999999992e-01 3.359320000000000084e-01
6.288619999999999663e+02 2.038850000000000107e-01 3.359809999999999741e-01
6.289619999999999891e+02 2.038780000000000037e-01 3.359860000000000069e-01
6.290620000000000118e+02 2.038719999999999977e-01 3.359909999999999841e-01
6.291620000000000346e+02 2.038649999999999907e-01 3.360199999999999854e-01
6.292619999999999436e+02 2.038580000000000114e-01 3.360250000000000181e-01
6.293619999999999663e+02 2.038520000000000054e-01 3.360299999999999954e-01
6.294619999999999891e+02 2.038459999999999994e-01 3.360230000000000161e-01
6.295620000000000118e+02 2.038389999999999924e-01 3.360290000000000221e-01
6.296620000000000346e+02 2.038320000000000132e-01 3.360339999999999994e-01
6.297619999999999436e+02 2.038250000000000062e-01 3.360460000000000114e-01
6.298619999999999663e+02 2.038179999999999992e-01 3.360509999999999886e-01
6.299619999999999891e+02 2.038109999999999922e-01 3.360560000000000214e-01
6.300620000000000118e+02 2.038049999999999862e-01 3.360580000000000234e-01
6.301620000000000346e+02 2.037980000000000069e-01 3.360630000000000006e-01
6.302619999999999436e+02 2.037920000000000009e-01 3.360679999999999779e-01
6.303619999999999663e+02 2.037849999999999939e-01 3.360670000000000046e-01
6.304619999999999891e+02 2.037779999999999869e-01 3.360719999999999819e-01
6.305620000000000118e+02 2.037720000000000087e-01 3.360770000000000146e-01
6.306620000000000346e+02 2.037650000000000017e-01 3.360739999999999839e-01
6.307619999999999436e+02 2.037579999999999947e-01 3.360790000000000166e-01
6.308619999999999663e+02 2.037519999999999887e-01 3.360839999999999939e-01
6.309619999999999891e+02 2.037490000000000134e-01 3.360810000000000186e-01
6.310620000000000118e+02 2.037420000000000064e-01 3.360859999999999959e-01
6.311620000000000346e+02 2.037349999999999994e-01 3.360909999999999731e-01
6.312619999999999436e+02 2.037259999999999904e-01 3.361109999999999931e-01
6.313619999999999663e+02 2.037190000000000112e-01 3.361169999999999991e-01
6.314619999999999891e+02 2.037130000000000052e-01 3.361219999999999763e-01
6.315620000000000118e+02 2.037059999999999982e-01 3.361219999999999763e-01
6.316620000000000346e+02 2.036989999999999912e-01 3.361270000000000091e-01
6.317619999999999436e+02 2.036930000000000129e-01 3.361319999999999864e-01
6.318619999999999663e+02 2.036890000000000089e-01 3.361279999999999824e-01
6.319619999999999891e+02 2.036820000000000019e-01 3.361330000000000151e-01
6.320620000000000118e+02 2.036749999999999949e-01 3.361379999999999924e-01
6.321620000000000346e+02 2.036669999999999869e-01 3.361529999999999796e-01
6.322619999999999436e+02 2.036600000000000077e-01 3.361580000000000124e-01
6.323619999999999663e+02 2.036540000000000017e-01 3.361629999999999896e-01
6.324619999999999891e+02 2.036469999999999947e-01 3.361620000000000164e-01
6.325620000000000118e+02 2.036409999999999887e-01 3.361669999999999936e-01
6.326620000000000346e+02 2.036340000000000094e-01 3.361720000000000264e-01
6.327619999999999436e+02 2.036300000000000054e-01 3.361660000000000204e-01
6.328619999999999663e+02 2.036229999999999984e-01 3.361709999999999976e-01
6.328619999999999663e+02 2.036229999999999984e-01 3.361709999999999976e-01
6.328719999999999573e+02 2.036229999999999984e-01 3.361720000000000264e-01
6.328869999999999436e+02 2.036209999999999964e-01 3.361729999999999996e-01
6.329170000000000300e+02 2.036179999999999934e-01 3.361810000000000076e-01
6.329619999999999891e+02 2.036149999999999904e-01 3.361830000000000096e-01
6.330299999999999727e+02 2.036100000000000132e-01 3.361870000000000136e-01
6.331299999999999955e+02 2.036040000000000072e-01 3.361850000000000116e-01
6.332300000000000182e+02 2.035970000000000002e-01 3.361899999999999888e-01
6.333300000000000409e+02 2.035909999999999942e-01 3.361950000000000216e-01
6.334299999999999500e+02 2.035929999999999962e-01 3.361830000000000096e-01
6.335299999999999727e+02 2.035859999999999892e-01 3.361890000000000156e-01
6.336299999999999955e+02 2.035790000000000100e-01 3.361939999999999928e-01
6.337300000000000182e+02 2.035649999999999959e-01 3.362280000000000268e-01
6.338300000000000409e+02 2.035579999999999889e-01 3.362330000000000041e-01
6.339299999999999500e+02 2.035520000000000107e-01 3.362379999999999813e-01
6.340299999999999727e+02 2.035450000000000037e-01 3.362410000000000121e-01
6.341299999999999955e+02 2.035379999999999967e-01 3.362459999999999893e-01
6.342300000000000182e+02 2.035319999999999907e-01 3.362510000000000221e-01
6.343300000000000409e+02 2.035309999999999897e-01 3.362450000000000161e-01
6.344299999999999500e+02 2.035250000000000115e-01 3.362499999999999933e-01
6.345299999999999727e+02 2.035180000000000045e-01 3.362550000000000261e-01
6.346299999999999955e+02 2.035059999999999925e-01 3.362809999999999966e-01
6.347300000000000182e+02 2.034990000000000132e-01 3.362859999999999738e-01
6.348300000000000409e+02 2.034930000000000072e-01 3.362910000000000066e-01
6.349299999999999500e+02 2.034860000000000002e-01 3.362890000000000046e-01
6.350299999999999727e+02 2.034799999999999942e-01 3.362939999999999818e-01
6.351299999999999955e+02 2.034729999999999872e-01 3.362990000000000146e-01
6.352300000000000182e+02 2.034729999999999872e-01 3.362899999999999778e-01
6.353300000000000409e+02 2.034660000000000080e-01 3.362950000000000106e-01
6.354299999999999500e+02 2.034590000000000010e-01 3.362999999999999878e-01
6.355299999999999727e+02 2.034479999999999900e-01 3.363249999999999851e-01
6.356299999999999955e+02 2.034410000000000107e-01 3.363300000000000178e-01
6.357300000000000182e+02 2.034350000000000047e-01 3.363349999999999951e-01
6.358300000000000409e+02 2.034279999999999977e-01 3.363320000000000198e-01
6.359299999999999500e+02 2.034209999999999907e-01 3.363369999999999971e-01
6.360299999999999727e+02 2.034150000000000125e-01 3.363419999999999743e-01
6.361299999999999955e+02 2.034140000000000115e-01 3.363320000000000198e-01
6.362300000000000182e+02 2.034080000000000055e-01 3.363369999999999971e-01
6.363300000000000409e+02 2.034009999999999985e-01 3.363419999999999743e-01
6.364299999999999500e+02 2.033889999999999865e-01 3.363670000000000271e-01
6.365299999999999727e+02 2.033830000000000082e-01 3.363720000000000043e-01
6.366299999999999955e+02 2.033760000000000012e-01 3.363769999999999816e-01
6.367300000000000182e+02 2.033699999999999952e-01 3.363700000000000023e-01
6.368300000000000409e+02 2.033629999999999882e-01 3.363760000000000083e-01
6.369299999999999500e+02 2.033570000000000100e-01 3.363809999999999856e-01
6.370299999999999727e+02 2.033619999999999872e-01 3.363639999999999963e-01
6.371299999999999955e+02 2.033550000000000080e-01 3.363689999999999736e-01
6.372300000000000182e+02 2.033480000000000010e-01 3.363740000000000063e-01
6.373300000000000409e+02 2.033310000000000117e-01 3.364110000000000156e-01
6.374299999999999500e+02 2.033250000000000057e-01 3.364159999999999928e-01
6.375299999999999727e+02 2.033179999999999987e-01 3.364210000000000256e-01
6.376299999999999955e+02 2.033119999999999927e-01 3.364190000000000236e-01
6.377300000000000182e+02 2.033050000000000135e-01 3.364240000000000008e-01
6.378300000000000409e+02 2.032990000000000075e-01 3.364289999999999781e-01
6.379299999999999500e+02 2.033020000000000105e-01 3.364170000000000216e-01
6.380299999999999727e+02 2.032950000000000035e-01 3.364219999999999988e-01
6.381299999999999955e+02 2.032879999999999965e-01 3.364269999999999761e-01
6.382300000000000182e+02 2.032730000000000092e-01 3.364570000000000061e-01
6.383300000000000409e+02 2.032670000000000032e-01 3.364619999999999833e-01
6.384299999999999500e+02 2.032599999999999962e-01 3.364670000000000161e-01
6.385299999999999727e+02 2.032549999999999912e-01 3.364480000000000248e-01
6.386299999999999955e+02 2.032480000000000120e-01 3.364530000000000021e-01
6.387300000000000182e+02 2.032410000000000050e-01 3.364579999999999793e-01
6.388300000000000409e+02 2.032609999999999972e-01 3.364329999999999821e-01
6.389299999999999500e+02 2.032529999999999892e-01 3.364380000000000148e-01
6.390299999999999727e+02 2.032460000000000100e-01 3.364429999999999921e-01
6.391299999999999955e+02 2.032150000000000067e-01 3.365049999999999986e-01
6.392300000000000182e+02 2.032090000000000007e-01 3.365099999999999758e-01
6.393300000000000409e+02 2.032029999999999947e-01 3.365150000000000086e-01
6.394299999999999500e+02 2.031959999999999877e-01 3.365119999999999778e-01
6.395299999999999727e+02 2.031890000000000085e-01 3.365170000000000106e-01
6.396299999999999955e+02 2.031830000000000025e-01 3.365219999999999878e-01
6.397300000000000182e+02 2.031850000000000045e-01 3.365070000000000006e-01
6.398300000000000409e+02 2.031779999999999975e-01 3.365119999999999778e-01
6.399299999999999500e+02 2.031719999999999915e-01 3.365170000000000106e-01
6.400299999999999727e+02 2.031580000000000052e-01 3.365440000000000098e-01
6.401299999999999955e+02 2.031509999999999982e-01 3.365489999999999871e-01
6.402300000000000182e+02 2.031449999999999922e-01 3.365540000000000198e-01
6.403300000000000409e+02 2.031380000000000130e-01 3.365500000000000158e-01
6.404299999999999500e+02 2.031320000000000070e-01 3.365549999999999931e-01
6.405299999999999727e+02 2.031250000000000000e-01 3.365600000000000258e-01
6.406299999999999955e+02 2.031340000000000090e-01 3.365409999999999791e-01
6.407300000000000182e+02 2.031270000000000020e-01 3.365460000000000118e-01
6.408300000000000409e+02 2.031199999999999950e-01 3.365509999999999891e-01
6.409299999999999500e+02 2.031000000000000028e-01 3.365870000000000251e-01
6.410299999999999727e+02 2.030939999999999968e-01 3.365920000000000023e-01
6.411299999999999955e+02 2.030869999999999898e-01 3.365969999999999795e-01
6.412300000000000182e+02 2.030810000000000115e-01 3.365969999999999795e-01
6.413300000000000409e+02 2.030740000000000045e-01 3.366020000000000123e-01
6.414299999999999500e+02 2.030679999999999985e-01 3.366069999999999895e-01
6.415299999999999727e+02 2.030700000000000005e-01 3.365940000000000043e-01
6.416299999999999955e+02 2.030639999999999945e-01 3.365989999999999815e-01
6.417300000000000182e+02 2.030569999999999875e-01 3.366040000000000143e-01
6.418300000000000409e+02 2.030430000000000013e-01 3.366310000000000136e-01
6.419299999999999500e+02 2.030359999999999943e-01 3.366359999999999908e-01
6.420299999999999727e+02 2.030299999999999883e-01 3.366410000000000236e-01
6.421299999999999955e+02 2.030230000000000090e-01 3.366339999999999888e-01
6.422300000000000182e+02 2.030170000000000030e-01 3.366390000000000216e-01
6.423300000000000409e+02 2.030109999999999970e-01 3.366439999999999988e-01
6.424299999999999500e+02 2.030210000000000070e-01 3.366230000000000055e-01
6.425299999999999727e+02 2.030140000000000000e-01 3.366279999999999828e-01
6.426299999999999955e+02 2.030069999999999930e-01 3.366330000000000156e-01
6.427300000000000182e+02 2.029859999999999998e-01 3.366709999999999980e-01
6.428300000000000409e+02 2.029789999999999928e-01 3.366759999999999753e-01
6.429299999999999500e+02 2.029729999999999868e-01 3.366810000000000080e-01
6.430299999999999727e+02 2.029660000000000075e-01 3.366850000000000120e-01
6.431299999999999955e+02 2.029600000000000015e-01 3.366899999999999893e-01
6.432300000000000182e+02 2.029529999999999945e-01 3.366950000000000220e-01
6.433300000000000409e+02 2.029529999999999945e-01 3.366850000000000120e-01
6.434299999999999500e+02 2.029459999999999875e-01 3.366899999999999893e-01
6.435299999999999727e+02 2.029390000000000083e-01 3.366950000000000220e-01
6.436299999999999955e+02 2.029279999999999973e-01 3.367140000000000133e-01
6.437300000000000182e+02 2.029219999999999913e-01 3.367189999999999905e-01
6.438300000000000409e+02 2.029150000000000120e-01 3.367240000000000233e-01
6.439299999999999500e+02 2.029090000000000060e-01 3.367220000000000213e-01
6.440299999999999727e+02 2.029030000000000000e-01 3.367269999999999985e-01
6.441299999999999955e+02 2.028959999999999930e-01 3.367319999999999758e-01
6.442300000000000182e+02 2.028999999999999970e-01 3.367140000000000133e-01
6.443300000000000409e+02 2.028929999999999900e-01 3.367200000000000193e-01
6.444299999999999500e+02 2.028870000000000118e-01 3.367249999999999965e-01
6.445299999999999727e+02 2.028719999999999968e-01 3.367510000000000225e-01
6.446299999999999955e+02 2.028649999999999898e-01 3.367559999999999998e-01
6.447300000000000182e+02 2.028590000000000115e-01 3.367609999999999770e-01
6.448300000000000409e+02 2.028520000000000045e-01 3.367669999999999830e-01
6.449299999999999500e+02 2.028459999999999985e-01 3.367720000000000158e-01
6.450299999999999727e+02 2.028389999999999915e-01 3.367769999999999930e-01
6.451299999999999955e+02 2.028379999999999905e-01 3.367640000000000078e-01
6.452300000000000182e+02 2.028310000000000113e-01 3.367700000000000138e-01
6.453300000000000409e+02 2.028250000000000053e-01 3.367749999999999910e-01
6.454299999999999500e+02 2.028159999999999963e-01 3.367829999999999990e-01
6.455299999999999727e+02 2.028099999999999903e-01 3.367879999999999763e-01
6.456299999999999955e+02 2.028030000000000110e-01 3.367930000000000090e-01
6.457300000000000182e+02 2.027950000000000030e-01 3.368129999999999735e-01
6.458300000000000409e+02 2.027889999999999970e-01 3.368180000000000063e-01
6.459299999999999500e+02 2.027829999999999910e-01 3.368229999999999835e-01
6.460299999999999727e+02 2.027780000000000138e-01 3.368129999999999735e-01
6.461299999999999955e+02 2.027720000000000078e-01 3.368180000000000063e-01
6.462300000000000182e+02 2.027650000000000008e-01 3.368229999999999835e-01
6.463300000000000409e+02 2.027660000000000018e-01 3.368129999999999735e-01
6.464299999999999500e+02 2.027589999999999948e-01 3.368180000000000063e-01
6.465299999999999727e+02 2.027519999999999878e-01 3.368229999999999835e-01
6.466299999999999955e+02 2.027390000000000025e-01 3.368590000000000195e-01
6.467300000000000182e+02 2.027329999999999965e-01 3.368639999999999968e-01
6.468300000000000409e+02 2.027259999999999895e-01 3.368689999999999740e-01
6.469299999999999500e+02 2.027200000000000113e-01 3.368729999999999780e-01
6.470299999999999727e+02 2.027130000000000043e-01 3.368780000000000108e-01
6.471299999999999955e+02 2.027069999999999983e-01 3.368829999999999880e-01
6.472300000000000182e+02 2.027059999999999973e-01 3.368680000000000008e-01
6.473300000000000409e+02 2.026989999999999903e-01 3.368729999999999780e-01
6.474299999999999500e+02 2.026930000000000121e-01 3.368780000000000108e-01
6.475299999999999727e+02 2.026830000000000020e-01 3.368869999999999920e-01
6.476299999999999955e+02 2.026769999999999960e-01 3.368920000000000248e-01
6.477300000000000182e+02 2.026709999999999900e-01 3.368970000000000020e-01
6.478300000000000409e+02 2.026630000000000098e-01 3.369119999999999893e-01
6.479299999999999500e+02 2.026570000000000038e-01 3.369170000000000220e-01
6.480299999999999727e+02 2.026509999999999978e-01 3.369219999999999993e-01
6.481299999999999955e+02 2.026469999999999938e-01 3.369110000000000160e-01
6.482300000000000182e+02 2.026409999999999878e-01 3.369159999999999933e-01
6.483300000000000409e+02 2.026340000000000086e-01 3.369210000000000260e-01
6.484299999999999500e+02 2.026310000000000056e-01 3.369199999999999973e-01
6.485299999999999727e+02 2.026239999999999986e-01 3.369249999999999745e-01
6.486299999999999955e+02 2.026179999999999926e-01 3.369300000000000073e-01
6.487300000000000182e+02 2.026070000000000093e-01 3.369610000000000105e-01
6.488300000000000409e+02 2.026010000000000033e-01 3.369659999999999878e-01
6.489299999999999500e+02 2.025939999999999963e-01 3.369710000000000205e-01
6.490299999999999727e+02 2.025879999999999903e-01 3.369710000000000205e-01
6.491299999999999955e+02 2.025820000000000121e-01 3.369759999999999978e-01
6.492300000000000182e+02 2.025750000000000051e-01 3.369809999999999750e-01
6.493300000000000409e+02 2.025770000000000071e-01 3.369559999999999778e-01
6.494299999999999500e+02 2.025700000000000001e-01 3.369610000000000105e-01
6.495299999999999727e+02 2.025629999999999931e-01 3.369659999999999878e-01
6.496299999999999955e+02 2.025589999999999891e-01 3.369690000000000185e-01
6.497300000000000182e+02 2.025520000000000098e-01 3.369739999999999958e-01
6.498300000000000409e+02 2.025460000000000038e-01 3.369789999999999730e-01
6.499299999999999500e+02 2.025319999999999898e-01 3.370230000000000170e-01
6.500299999999999727e+02 2.025260000000000116e-01 3.370279999999999943e-01
6.501299999999999955e+02 2.025190000000000046e-01 3.370330000000000270e-01
6.502300000000000182e+02 2.025129999999999986e-01 3.370279999999999943e-01
6.503300000000000409e+02 2.025069999999999926e-01 3.370330000000000270e-01
6.504299999999999500e+02 2.025009999999999866e-01 3.370380000000000043e-01
6.505299999999999727e+02 2.025049999999999906e-01 3.370119999999999783e-01
6.506299999999999955e+02 2.024980000000000113e-01 3.370170000000000110e-01
6.507300000000000182e+02 2.024910000000000043e-01 3.370219999999999883e-01
6.508300000000000409e+02 2.024789999999999923e-01 3.370389999999999775e-01
6.509299999999999500e+02 2.024729999999999863e-01 3.370440000000000103e-01
6.510299999999999727e+02 2.024660000000000071e-01 3.370489999999999875e-01
6.511299999999999955e+02 2.024569999999999981e-01 3.370759999999999867e-01
6.512300000000000182e+02 2.024509999999999921e-01 3.370810000000000195e-01
6.513300000000000409e+02 2.024450000000000138e-01 3.370859999999999967e-01
6.514299999999999500e+02 2.024400000000000088e-01 3.370770000000000155e-01
6.515299999999999727e+02 2.024330000000000018e-01 3.370819999999999927e-01
6.516299999999999955e+02 2.024269999999999958e-01 3.370870000000000255e-01
6.517300000000000182e+02 2.024259999999999948e-01 3.370790000000000175e-01
6.518300000000000409e+02 2.024199999999999888e-01 3.370839999999999947e-01
6.519299999999999500e+02 2.024130000000000096e-01 3.370890000000000275e-01
6.520299999999999727e+02 2.024019999999999986e-01 3.371190000000000020e-01
6.521299999999999955e+02 2.023949999999999916e-01 3.371230000000000060e-01
6.522300000000000182e+02 2.023890000000000133e-01 3.371279999999999832e-01
6.523300000000000409e+02 2.023820000000000063e-01 3.371319999999999872e-01
6.524299999999999500e+02 2.023760000000000003e-01 3.371370000000000200e-01
6.524299999999999500e+02 2.023760000000000003e-01 3.371370000000000200e-01
6.524400000000000546e+02 2.023760000000000003e-01 3.371379999999999932e-01
6.524550000000000409e+02 2.023749999999999993e-01 3.371390000000000220e-01
6.524769999999999754e+02 2.023810000000000053e-01 3.371089999999999920e-01
6.525220000000000482e+02 2.023770000000000013e-01 3.371109999999999940e-01
6.525900000000000318e+02 2.023729999999999973e-01 3.371149999999999980e-01
6.526900000000000546e+02 2.023719999999999963e-01 3.371100000000000207e-01
6.527899999999999636e+02 2.023649999999999893e-01 3.371149999999999980e-01
6.528899999999999864e+02 2.023590000000000111e-01 3.371199999999999752e-01
6.529900000000000091e+02 2.023419999999999941e-01 3.371700000000000252e-01
6.530900000000000318e+02 2.023359999999999881e-01 3.371750000000000025e-01
6.531900000000000546e+02 2.023290000000000088e-01 3.371799999999999797e-01
6.532899999999999636e+02 2.023230000000000028e-01 3.371799999999999797e-01
6.533899999999999864e+02 2.023169999999999968e-01 3.371850000000000125e-01
6.534900000000000091e+02 2.023109999999999908e-01 3.371899999999999897e-01
6.535900000000000318e+02 2.023129999999999928e-01 3.371649999999999925e-01
6.536900000000000546e+02 2.023069999999999868e-01 3.371700000000000252e-01
6.537899999999999636e+02 2.023000000000000076e-01 3.371750000000000025e-01
6.538899999999999864e+02 2.022899999999999976e-01 3.371819999999999817e-01
6.539900000000000091e+02 2.022839999999999916e-01 3.371870000000000145e-01
6.540900000000000318e+02 2.022770000000000123e-01 3.371919999999999917e-01
6.541900000000000546e+02 2.022670000000000023e-01 3.372249999999999970e-01
6.542899999999999636e+02 2.022609999999999963e-01 3.372299999999999742e-01
6.543899999999999864e+02 2.022549999999999903e-01 3.372350000000000070e-01
6.544900000000000091e+02 2.022500000000000131e-01 3.372260000000000257e-01
6.545900000000000318e+02 2.022440000000000071e-01 3.372310000000000030e-01
6.546900000000000546e+02 2.022380000000000011e-01 3.372359999999999802e-01
6.547899999999999636e+02 2.022370000000000001e-01 3.372260000000000257e-01
6.548899999999999864e+02 2.022309999999999941e-01 3.372310000000000030e-01
6.549900000000000091e+02 2.022239999999999871e-01 3.372359999999999802e-01
6.550900000000000318e+02 2.022130000000000039e-01 3.372660000000000102e-01
6.551900000000000546e+02 2.022059999999999969e-01 3.372709999999999875e-01
6.552899999999999636e+02 2.021999999999999909e-01 3.372760000000000202e-01
6.553899999999999864e+02 2.021930000000000116e-01 3.372800000000000242e-01
6.554900000000000091e+02 2.021870000000000056e-01 3.372850000000000015e-01
6.555900000000000318e+02 2.021809999999999996e-01 3.372899999999999787e-01
6.556900000000000546e+02 2.021799999999999986e-01 3.372729999999999895e-01
6.557899999999999636e+02 2.021729999999999916e-01 3.372780000000000222e-01
6.558899999999999864e+02 2.021670000000000134e-01 3.372829999999999995e-01
6.559900000000000091e+02 2.021610000000000074e-01 3.372839999999999727e-01
6.560900000000000318e+02 2.021550000000000014e-01 3.372890000000000055e-01
6.561900000000000546e+02 2.021479999999999944e-01 3.372939999999999827e-01
6.562899999999999636e+02 2.021380000000000121e-01 3.373249999999999860e-01
6.563899999999999864e+02 2.021320000000000061e-01 3.373300000000000187e-01
6.564900000000000091e+02 2.021260000000000001e-01 3.373349999999999960e-01
6.565900000000000318e+02 2.021199999999999941e-01 3.373309999999999920e-01
6.566900000000000546e+02 2.021139999999999881e-01 3.373360000000000247e-01
6.567899999999999636e+02 2.021080000000000099e-01 3.373410000000000020e-01
6.568899999999999864e+02 2.021070000000000089e-01 3.373300000000000187e-01
6.569900000000000091e+02 2.021010000000000029e-01 3.373349999999999960e-01
6.570900000000000318e+02 2.020939999999999959e-01 3.373399999999999732e-01
6.571900000000000546e+02 2.020840000000000136e-01 3.373599999999999932e-01
6.572899999999999636e+02 2.020780000000000076e-01 3.373650000000000260e-01
6.573899999999999864e+02 2.020720000000000016e-01 3.373700000000000032e-01
6.574900000000000091e+02 2.020649999999999946e-01 3.373780000000000112e-01
6.575900000000000318e+02 2.020589999999999886e-01 3.373829999999999885e-01
6.576900000000000546e+02 2.020520000000000094e-01 3.373880000000000212e-01
6.577899999999999636e+02 2.020500000000000074e-01 3.373780000000000112e-01
6.578899999999999864e+02 2.020430000000000004e-01 3.373829999999999885e-01
6.579900000000000091e+02 2.020369999999999944e-01 3.373880000000000212e-01
6.580900000000000318e+02 2.020299999999999874e-01 3.373929999999999985e-01
6.581900000000000546e+02 2.020240000000000091e-01 3.373979999999999757e-01
6.582899999999999636e+02 2.020170000000000021e-01 3.374030000000000085e-01
6.583899999999999864e+02 2.020099999999999951e-01 3.374190000000000245e-01
6.584900000000000091e+02 2.020039999999999891e-01 3.374240000000000017e-01
6.585900000000000318e+02 2.019980000000000109e-01 3.374289999999999790e-01
6.586900000000000546e+02 2.019930000000000059e-01 3.374269999999999770e-01
6.587899999999999636e+02 2.019859999999999989e-01 3.374320000000000097e-01
6.588899999999999864e+02 2.019799999999999929e-01 3.374369999999999870e-01
6.589900000000000091e+02 2.019759999999999889e-01 3.374360000000000137e-01
6.590900000000000318e+02 2.019690000000000096e-01 3.374409999999999910e-01
6.591900000000000546e+02 2.019630000000000036e-01 3.374460000000000237e-01
6.592899999999999636e+02 2.019549999999999956e-01 3.374619999999999842e-01
6.593899999999999864e+02 2.019489999999999896e-01 3.374659999999999882e-01
6.594900000000000091e+02 2.019430000000000114e-01 3.374710000000000210e-01
6.595900000000000318e+02 2.019370000000000054e-01 3.374739999999999962e-01
6.596900000000000546e+02 2.019309999999999994e-01 3.374789999999999734e-01
6.597899999999999636e+02 2.019249999999999934e-01 3.374840000000000062e-01
6.598899999999999864e+02 2.019219999999999904e-01 3.374789999999999734e-01
6.599900000000000091e+02 2.019150000000000111e-01 3.374840000000000062e-01
6.600900000000000318e+02 2.019090000000000051e-01 3.374889999999999834e-01
6.601900000000000546e+02 2.019009999999999971e-01 3.374989999999999934e-01
6.602899999999999636e+02 2.018949999999999911e-01 3.375040000000000262e-01
6.603899999999999864e+02 2.018890000000000129e-01 3.375090000000000034e-01
6.604900000000000091e+02 2.018820000000000059e-01 3.375159999999999827e-01
6.605900000000000318e+02 2.018759999999999999e-01 3.375210000000000155e-01
6.606900000000000546e+02 2.018699999999999939e-01 3.375259999999999927e-01
6.607899999999999636e+02 2.018659999999999899e-01 3.375230000000000175e-01
6.608899999999999864e+02 2.018600000000000116e-01 3.375279999999999947e-01
6.609900000000000091e+02 2.018540000000000056e-01 3.375330000000000275e-01
6.610900000000000318e+02 2.018469999999999986e-01 3.375400000000000067e-01
6.611900000000000546e+02 2.018399999999999916e-01 3.375449999999999839e-01
6.612899999999999636e+02 2.018340000000000134e-01 3.375500000000000167e-01
6.613899999999999864e+02 2.018280000000000074e-01 3.375580000000000247e-01
6.614900000000000091e+02 2.018220000000000014e-01 3.375619999999999732e-01
6.615900000000000318e+02 2.018159999999999954e-01 3.375670000000000059e-01
6.616900000000000546e+02 2.018109999999999904e-01 3.375659999999999772e-01
6.617899999999999636e+02 2.018050000000000122e-01 3.375710000000000099e-01
6.618899999999999864e+02 2.017990000000000061e-01 3.375759999999999872e-01
6.619900000000000091e+02 2.017919999999999991e-01 3.375839999999999952e-01
6.620900000000000318e+02 2.017859999999999931e-01 3.375879999999999992e-01
6.621900000000000546e+02 2.017799999999999871e-01 3.375929999999999764e-01
6.622899999999999636e+02 2.017730000000000079e-01 3.376000000000000112e-01
6.623899999999999864e+02 2.017670000000000019e-01 3.376049999999999884e-01
6.624900000000000091e+02 2.017609999999999959e-01 3.376089999999999924e-01
6.625900000000000318e+02 2.017569999999999919e-01 3.376089999999999924e-01
6.626900000000000546e+02 2.017510000000000137e-01 3.376140000000000252e-01
6.627899999999999636e+02 2.017450000000000077e-01 3.376190000000000024e-01
6.628899999999999864e+02 2.017380000000000007e-01 3.376259999999999817e-01
6.629900000000000091e+02 2.017309999999999937e-01 3.376310000000000144e-01
6.630900000000000318e+02 2.017249999999999877e-01 3.376359999999999917e-01
6.631900000000000546e+02 2.017190000000000094e-01 3.376419999999999977e-01
6.632899999999999636e+02 2.017130000000000034e-01 3.376469999999999749e-01
6.633899999999999864e+02 2.017069999999999974e-01 3.376520000000000077e-01
6.634900000000000091e+02 2.017029999999999934e-01 3.376509999999999789e-01
6.635900000000000318e+02 2.016969999999999874e-01 3.376560000000000117e-01
6.636900000000000546e+02 2.016900000000000082e-01 3.376609999999999889e-01
6.637899999999999636e+02 2.016830000000000012e-01 3.376689999999999969e-01
6.638899999999999864e+02 2.016769999999999952e-01 3.376739999999999742e-01
6.639900000000000091e+02 2.016709999999999892e-01 3.376790000000000069e-01
6.640900000000000318e+02 2.016650000000000109e-01 3.376839999999999842e-01
6.641900000000000546e+02 2.016590000000000049e-01 3.376890000000000169e-01
6.642899999999999636e+02 2.016529999999999989e-01 3.376939999999999942e-01
6.643899999999999864e+02 2.016489999999999949e-01 3.376939999999999942e-01
6.644900000000000091e+02 2.016419999999999879e-01 3.376979999999999982e-01
6.645900000000000318e+02 2.016360000000000097e-01 3.377029999999999754e-01
6.646900000000000546e+02 2.016290000000000027e-01 3.377120000000000122e-01
6.647899999999999636e+02 2.016229999999999967e-01 3.377169999999999894e-01
6.648899999999999864e+02 2.016169999999999907e-01 3.377220000000000222e-01
6.649900000000000091e+02 2.016110000000000124e-01 3.377260000000000262e-01
6.650900000000000318e+02 2.016050000000000064e-01 3.377310000000000034e-01
6.651900000000000546e+02 2.015990000000000004e-01 3.377359999999999807e-01
6.652899999999999636e+02 2.015949999999999964e-01 3.377359999999999807e-01
6.653899999999999864e+02 2.015879999999999894e-01 3.377410000000000134e-01
6.654900000000000091e+02 2.015820000000000112e-01 3.377459999999999907e-01
6.655900000000000318e+02 2.015750000000000042e-01 3.377539999999999987e-01
6.656900000000000546e+02 2.015689999999999982e-01 3.377589999999999759e-01
6.657899999999999636e+02 2.015629999999999922e-01 3.377640000000000087e-01
6.658899999999999864e+02 2.015569999999999862e-01 3.377689999999999859e-01
6.659900000000000091e+02 2.015510000000000079e-01 3.377740000000000187e-01
6.660900000000000318e+02 2.015450000000000019e-01 3.377780000000000227e-01
6.661900000000000546e+02 2.015409999999999979e-01 3.377780000000000227e-01
6.662899999999999636e+02 2.015349999999999919e-01 3.377829999999999999e-01
6.663899999999999864e+02 2.015280000000000127e-01 3.377879999999999772e-01
6.664900000000000091e+02 2.015210000000000057e-01 3.377970000000000139e-01
6.665900000000000318e+02 2.015149999999999997e-01 3.378019999999999912e-01
6.666900000000000546e+02 2.015089999999999937e-01 3.378070000000000239e-01
6.667899999999999636e+02 2.015029999999999877e-01 3.378109999999999724e-01
6.668899999999999864e+02 2.014970000000000094e-01 3.378160000000000052e-01
6.669900000000000091e+02 2.014910000000000034e-01 3.378200000000000092e-01
6.670900000000000318e+02 2.014869999999999994e-01 3.378200000000000092e-01
6.671900000000000546e+02 2.014809999999999934e-01 3.378249999999999864e-01
6.672899999999999636e+02 2.014749999999999874e-01 3.378300000000000192e-01
6.673899999999999864e+02 2.014680000000000082e-01 3.378390000000000004e-01
6.674900000000000091e+02 2.014620000000000022e-01 3.378439999999999777e-01
6.675900000000000318e+02 2.014549999999999952e-01 3.378490000000000104e-01
6.676900000000000546e+02 2.014499999999999902e-01 3.378530000000000144e-01
6.677899999999999636e+02 2.014440000000000119e-01 3.378579999999999917e-01
6.678899999999999864e+02 2.014380000000000059e-01 3.378630000000000244e-01
6.679900000000000091e+02 2.014330000000000009e-01 3.378630000000000244e-01
6.680900000000000318e+02 2.014269999999999949e-01 3.378669999999999729e-01
6.681900000000000546e+02 2.014209999999999889e-01 3.378720000000000057e-01
6.682899999999999636e+02 2.014140000000000097e-01 3.378820000000000157e-01
6.683899999999999864e+02 2.014080000000000037e-01 3.378860000000000197e-01
6.684900000000000091e+02 2.014019999999999977e-01 3.378909999999999969e-01
6.685900000000000318e+02 2.013959999999999917e-01 3.378950000000000009e-01
6.686900000000000546e+02 2.013900000000000134e-01 3.378999999999999782e-01
6.687899999999999636e+02 2.013840000000000074e-01 3.379050000000000109e-01
6.688899999999999864e+02 2.013800000000000034e-01 3.379050000000000109e-01
6.689900000000000091e+02 2.013739999999999974e-01 3.379090000000000149e-01
6.690900000000000318e+02 2.013679999999999914e-01 3.379139999999999922e-01
6.691900000000000546e+02 2.013610000000000122e-01 3.379240000000000022e-01
6.692899999999999636e+02 2.013540000000000052e-01 3.379289999999999794e-01
6.693899999999999864e+02 2.013479999999999992e-01 3.379329999999999834e-01
6.694900000000000091e+02 2.013429999999999942e-01 3.379369999999999874e-01
6.695900000000000318e+02 2.013369999999999882e-01 3.379420000000000202e-01
6.696900000000000546e+02 2.013310000000000100e-01 3.379460000000000242e-01
6.697899999999999636e+02 2.013260000000000050e-01 3.379469999999999974e-01
6.698899999999999864e+02 2.013199999999999990e-01 3.379519999999999746e-01
6.699900000000000091e+02 2.013139999999999930e-01 3.379559999999999786e-01
6.700900000000000318e+02 2.013070000000000137e-01 3.379659999999999886e-01
6.701900000000000546e+02 2.013010000000000077e-01 3.379710000000000214e-01
6.702899999999999636e+02 2.012950000000000017e-01 3.379750000000000254e-01
6.703899999999999864e+02 2.012899999999999967e-01 3.379789999999999739e-01
6.704900000000000091e+02 2.012829999999999897e-01 3.379829999999999779e-01
6.705900000000000318e+02 2.012770000000000115e-01 3.379880000000000106e-01
6.706900000000000546e+02 2.012730000000000075e-01 3.379889999999999839e-01
6.707899999999999636e+02 2.012670000000000015e-01 3.379940000000000166e-01
6.708899999999999864e+02 2.012609999999999955e-01 3.379980000000000206e-01
6.709900000000000091e+02 2.012539999999999885e-01 3.380079999999999751e-01
6.710900000000000318e+02 2.012480000000000102e-01 3.380130000000000079e-01
6.711900000000000546e+02 2.012420000000000042e-01 3.380179999999999851e-01
6.712899999999999636e+02 2.012359999999999982e-01 3.380199999999999871e-01
6.713899999999999864e+02 2.012299999999999922e-01 3.380250000000000199e-01
6.714900000000000091e+02 2.012239999999999862e-01 3.380299999999999971e-01
6.715900000000000318e+02 2.012200000000000100e-01 3.380310000000000259e-01
6.716900000000000546e+02 2.012140000000000040e-01 3.380360000000000031e-01
6.717899999999999636e+02 2.012079999999999980e-01 3.380400000000000071e-01
6.718899999999999864e+02 2.012009999999999910e-01 3.380500000000000171e-01
6.719900000000000091e+02 2.011950000000000127e-01 3.380549999999999944e-01
